# File generated by ImageToStl.com - Free Image and 3D model conversion tools

mtllib object_0 (4).mtl

o obj1
v 0.19027647 -0.21569592 -0.09531102
v 0.19030562 -0.25334936 -0.09349845
v 0.19020548 -0.29969949 -0.0952841
v 0.19008577 -0.32648191 -0.09550108
v 0.19008097 -0.3499943 -0.09135529
v 0.19010593 -0.37679324 -0.0950344
v 0.19004825 -0.37842095 -0.09321921
v 0.19001308 -0.45701268 -0.09495508
v 0.18961725 -0.45528093 -0.09654579
v 0.18993513 -0.4547129 -0.093195
v 0.18991287 -0.47878426 -0.09170858
v 0.18990459 -0.48440549 -0.09513449
v 0.18976919 -0.49890608 -0.08895695
v 0.1895386 -0.49890968 -0.0941226
v 0.18976279 0.49782783 -0.09198856
v 0.18925206 0.49834281 -0.09609135
v 0.18960409 0.49910074 -0.08598732
v 0.19019583 -0.26238626 -0.08562274
v 0.19013578 -0.30921632 -0.08626696
v 0.18991344 -0.49560946 -0.08177644
v 0.19007467 0.49826753 -0.08260027
v 0.19004217 -0.18743911 -0.09503388
v 0.19001634 -0.18560137 -0.08253652
v 0.18998191 -0.44594395 -0.08577397
v 0.19001895 -0.47973442 -0.08245227
v 0.19002268 -0.20150614 -0.06810021
v 0.19011211 -0.23852316 -0.07086261
v 0.1900245 -0.28941268 -0.067036
v 0.19001755 -0.35214052 -0.06997799
v 0.1899575 -0.39927503 -0.06763811
v 0.18998164 0.49960187 -0.06832893
v 0.19051993 0.49867374 -0.07011054
v 0.19017252 0.48641086 -0.07447633
v 0.19062822 0.48719054 -0.06968638
v 0.19043922 0.47485346 -0.06983147
v 0.18967466 -0.49814975 -0.05530874
v 0.18958907 0.07564207 -0.06729621
v 0.18938285 0.07780489 -0.07341242
v 0.18938802 0.07515386 -0.06059718
v 0.18987453 -0.31714886 -0.04126329
v 0.18978539 -0.49084499 -0.02895026
v 0.18953729 0.07039587 -0.06073337
v 0.18964903 0.06254654 -0.0625467
v 0.1906738 0.47004285 -0.05062519
v 0.19039834 0.45522204 -0.06892666
v 0.19050531 0.4321126 -0.05188443
v 0.19038682 0.40682951 -0.0573531
v 0.19025479 0.43730491 -0.06910878
v 0.19086578 0.49863192 -0.04104458
v 0.18992567 -0.44076106 -0.06409808
v 0.18986036 -0.48022443 -0.0297902
v 0.1906167 0.45640758 -0.03374329
v 0.19051293 0.39970234 -0.03668151
v 0.19038624 0.38045198 -0.05759405
v 0.19047874 0.36022353 -0.04547383
v 0.19034255 0.35158113 -0.06036353
v 0.1903691 0.32595491 -0.04631276
v 0.19015497 0.29725748 -0.05216368
v 0.19005227 0.30294317 -0.0646068
v 0.19077197 0.47817338 -0.03767919
v 0.19013694 0.25342774 -0.03860304
v 0.19012025 0.23339877 -0.01945655
v 0.19003342 0.2203085 -0.04931256
v 0.19054511 0.43728179 -0.02492865
v 0.19052084 0.37832108 -0.0177508
v 0.19049305 0.34859994 -0.00969778
v 0.19039738 0.32377821 -0.01576298
v 0.1902269 0.29627967 -0.00376141
v 0.19017163 0.28173417 -0.03323925
v 0.19093037 0.49866211 -0.02134491
v 0.19008379 0.49966848 -0.00122323
v 0.19077103 0.47667372 -0.00567989
v 0.19017494 0.26714331 -0.00360021
v 0.19055459 0.41042733 -0.00549661
v 0.1906448 0.46078309 0.01549657
v 0.19057664 0.44493791 -0.00132056
v 0.18972717 -0.49440849 0.03442434
v 0.18957509 -0.49831569 0.0344005
v 0.19043654 0.33008149 0.02129208
v 0.18987897 -0.4627319 -0.0281253
v 0.18990418 -0.45518866 -0.00443585
v 0.18985432 -0.48615646 0.0406621
v 0.19084343 0.48442173 0.01826981
v 0.1906383 0.49856231 0.06600821
v 0.19059211 0.42928392 0.02110921
v 0.19056539 0.39149183 0.01944478
v 0.18985848 -0.46293747 0.01796348
v 0.19080627 0.48725346 0.04771468
v 0.19051524 0.3653903 0.03153939
v 0.19023378 0.27964512 0.04386299
v 0.19015124 0.24242923 0.01784508
v 0.19012618 0.21631502 0.03444762
v 0.18995996 0.19587205 0.00665599
v 0.18973482 -0.17783916 0.02535321
v 0.18975195 -0.21496668 0.02673602
v 0.18979818 -0.22873005 0.01468553
v 0.19077294 0.4958958 0.05053074
v 0.19056812 0.42151514 0.03983537
v 0.19030139 0.30356422 0.04065967
v 0.18974067 -0.46331406 0.04868677
v 0.19021505 0.25331026 0.04343739
v 0.19053805 0.33201957 0.04865035
v 0.18994893 0.49950927 0.07625117
v 0.19068283 0.46677357 0.04858299
v 0.19056545 0.38162279 0.05023177
v 0.19015579 0.21224616 0.06707012
v 0.18977252 0.17447403 0.03972316
v 0.19065836 0.43797022 0.05456683
v 0.19043538 0.31303984 0.05635715
v 0.19019261 0.23656443 0.0585303
v 0.18963552 -0.49024454 0.07718105
v 0.19082695 0.48655292 0.07420509
v 0.19078511 0.46973416 0.06152706
v 0.19072954 0.41265535 0.06881875
v 0.19066483 0.3356986 0.05963211
v 0.19038561 0.28364187 0.0874041
v 0.18945086 -0.4978936 0.07645611
v 0.190292 0.26047403 0.07344016
v 0.19062535 0.49816591 0.08557828
v 0.19087638 0.44584623 0.08822695
v 0.19075178 0.37251371 0.07134859
v 0.19060591 0.31163555 0.08860186
v 0.19091734 0.48717418 0.0893007
v 0.19090831 0.33726045 0.0884396
v 0.19042483 0.23594768 0.0893793
v 0.19095843 0.46211976 0.08864681
v 0.19090757 0.41735786 0.08946085
v 0.19092672 0.37329474 0.08893418
v 0.19036162 0.21226588 0.08943678
v 0.18965864 0.49891531 0.09116274
v 0.1899762 0.19535746 0.06940956
v 0.18989965 0.18869823 0.09249215
v 0.19031978 0.28681588 0.09274424
v 0.19013582 0.49714342 0.09344913
v 0.19075756 0.48823887 0.0925478
v 0.19055974 0.45405626 0.09283084
v 0.19069113 0.41887334 0.09258972
v 0.1905961 0.3273412 0.09287117
v 0.19030717 0.21483074 0.09209231
v 0.18988767 0.19286387 0.09387829
v 0.18868555 0.49688303 0.09646274
v 0.19026615 0.48965129 0.09405063
v 0.18931553 0.47318774 0.09587346
v 0.19021709 0.43153709 0.09452385
v 0.19023289 0.39460266 0.0944059
v 0.19021295 0.36391133 0.09477946
v 0.19016722 0.33145437 0.09473582
v 0.19013259 0.29514971 0.09424821
v 0.19006521 0.25527626 0.09416559
v 0.19004945 0.22846897 0.09362765
v 0.18719947 0.4978728 -0.10111511
v 0.18853733 0.49774846 -0.09910064
v 0.18711616 0.49548844 -0.1019864
v 0.18597777 0.49923289 -0.10088639
v 0.18935734 0.48524135 -0.09936873
v 0.1874419 0.48797873 -0.10198273
v 0.18962708 0.44779196 -0.09974011
v 0.18833686 0.45360735 -0.10159253
v 0.18831402 0.40696314 -0.10163568
v 0.18956739 0.33726317 -0.09969966
v 0.18828861 0.33453855 -0.1016928
v 0.18800028 0.29121563 -0.10148492
v 0.1892271 0.28922451 -0.09959827
v 0.18922789 0.21966062 -0.09974103
v 0.18807271 0.21628651 -0.1015692
v 0.18794519 0.19172829 -0.10162899
v 0.18908362 0.1864513 -0.09978738
v 0.18919562 0.12124813 -0.09971063
v 0.1879368 0.15580031 -0.1017948
v 0.1881623 0.12094967 -0.10130362
v 0.1890855 0.0749026 -0.09963586
v 0.18784976 0.09771369 -0.10150784
v 0.18782125 0.06315891 -0.10193548
v 0.18854719 0.0448037 -0.09990373
v 0.18749686 0.01095127 -0.10227569
v 0.18855131 0.00731037 -0.09991862
v 0.1886939 -0.03536856 -0.09973101
v 0.18745726 -0.04105923 -0.10239073
v 0.1878707 -0.10515379 -0.1024865
v 0.18914799 -0.10567967 -0.09995589
v 0.18909323 -0.17658818 -0.0997052
v 0.18782474 -0.17517379 -0.10247302
v 0.18790407 -0.22319414 -0.10288379
v 0.18929578 -0.22991093 -0.09985273
v 0.18914433 -0.27054995 -0.09959336
v 0.18777987 -0.28405574 -0.10245966
v 0.18900964 -0.31488398 -0.0997965
v 0.18760589 -0.34529683 -0.10303155
v 0.1886864 -0.39394134 -0.0998714
v 0.18737738 -0.39111745 -0.10296401
v 0.18754475 -0.46082282 -0.10276666
v 0.18870401 -0.44914472 -0.09993286
v 0.1888278 -0.48534977 -0.09903486
v 0.18732926 -0.48982605 -0.10207642
v 0.18860564 -0.49299756 -0.09856599
v 0.18713483 -0.49897659 -0.10016163
v 0.18966971 0.49474877 -0.09644392
v 0.18597777 0.49923289 -0.10088639
v 0.18695991 0.49956489 -0.09628356
v 0.18925206 0.49834281 -0.09609135
v 0.18853733 0.49774846 -0.09910064
v 0.18993826 0.43155545 -0.09734459
v 0.18989103 0.36861277 -0.09728462
v 0.18986303 0.32980919 -0.09725582
v 0.18966106 0.29220143 -0.09705528
v 0.18964072 0.22803131 -0.09717194
v 0.18940677 0.17661647 -0.09724478
v 0.18955937 0.11982932 -0.09720078
v 0.18954892 0.09146936 -0.09691564
v 0.18937469 0.06071029 -0.09679377
v 0.1891665 0.02798245 -0.09675256
v 0.18933924 -0.01122559 -0.09664591
v 0.18935774 -0.041404 -0.09671343
v 0.18972203 -0.12653448 -0.09696151
v 0.18978389 -0.18314077 -0.09676249
v 0.19001636 -0.24437682 -0.09703814
v 0.18991882 -0.30132252 -0.09699877
v 0.1898028 -0.37745136 -0.09640952
v 0.18965052 -0.40003228 -0.09643514
v 0.18978012 0.47402343 -0.08927142
v 0.18955667 0.08168354 -0.08799733
v 0.1894491 0.04838065 -0.09271947
v 0.18939498 0.03296504 -0.09308738
v 0.18945444 -0.00773835 -0.09333293
v 0.18941312 -0.03864151 -0.0934297
v 0.18965906 -0.07155089 -0.09325007
v 0.18978725 -0.08834635 -0.09228796
v 0.18986295 -0.16261815 -0.09329948
v 0.18997927 -0.40168685 -0.09281037
v 0.18732761 0.49966624 -0.08791872
v 0.18960409 0.49910074 -0.08598732
v 0.18994737 0.44015887 -0.08486524
v 0.18980986 0.3286044 -0.08501741
v 0.18971631 0.27822289 -0.08535203
v 0.18969461 0.21023777 -0.08711248
v 0.18951362 0.17602152 -0.0883741
v 0.18949832 0.14483999 -0.08658414
v 0.18964794 0.11625611 -0.07954848
v 0.18953094 0.10227884 -0.08164079
v 0.18968198 0.22848655 -0.07946139
v 0.18950862 0.18902956 -0.08013593
v 0.18940121 0.15627095 -0.08029597
v 0.18946597 0.12250423 -0.07578102
v 0.18929809 0.05964015 -0.07442399
v 0.18903908 0.03186576 -0.07671532
v 0.18924507 -0.03165669 -0.0781354
v 0.189859 -0.15342845 -0.07202888
v 0.18775983 0.49971241 -0.07388728
v 0.18982986 0.46839213 -0.07582442
v 0.18986036 0.44792292 -0.07608321
v 0.18975192 0.4316898 -0.0757055
v 0.18967538 0.35965326 -0.07617585
v 0.18963146 0.31872353 -0.07588436
v 0.18965328 0.28987867 -0.07522933
v 0.189584 0.25418165 -0.07383937
v 0.18978646 -0.10747185 -0.06538206
v 0.18998164 0.49960187 -0.06832893
v 0.18941447 0.21006705 -0.07607947
v 0.18901864 0.15516306 -0.07257412
v 0.18910551 0.14441416 -0.07211959
v 0.18944043 0.10594772 -0.07551777
v 0.19012976 0.41249296 -0.06933265
v 0.19011752 0.36405563 -0.06983786
v 0.18989076 0.3013683 -0.07049277
v 0.18933772 0.20718966 -0.07313775
v 0.18896912 0.13598177 -0.07131695
v 0.18912174 0.12635693 -0.07063814
v 0.1891025 0.11508287 -0.07106105
v 0.18944238 0.10566676 -0.0650354
v 0.18948464 0.08439248 -0.07096052
v 0.1890908 0.04125853 -0.06752264
v 0.18918465 -0.0158996 -0.06868629
v 0.18915017 -0.01954264 -0.06421097
v 0.18916251 -0.03181292 -0.060419
v 0.1897527 0.23905569 -0.07000344
v 0.18954684 0.19812983 -0.07025763
v 0.1893497 0.14365377 -0.06671229
v 0.18911393 0.01205176 -0.06315758
v 0.18938887 -0.05406649 -0.05327465
v 0.18957151 -0.07041925 -0.04096361
v 0.18979776 -0.14106478 -0.04849903
v 0.18987687 0.21714143 -0.06584076
v 0.18952456 0.17560408 -0.06619508
v 0.18932086 0.07980245 -0.06576949
v 0.18924204 0.04778659 -0.06156159
v 0.189307 -0.01375107 -0.06251867
v 0.19005355 0.26794368 -0.05788361
v 0.18946075 0.13552153 -0.05984583
v 0.18896988 0.04429685 -0.05918494
v 0.18895032 0.01097932 -0.06011114
v 0.18916225 -0.01129692 -0.060165
v 0.18869607 -0.01735555 -0.05829722
v 0.18893114 -0.02038991 -0.0560177
v 0.1897094 -0.09294249 -0.04531869
v 0.18990597 -0.21531437 -0.04300525
v 0.18757111 0.49993247 -0.03726947
v 0.18981424 0.18828544 -0.05113408
v 0.1893981 0.06585927 -0.05720915
v 0.18920785 0.05234687 -0.05564953
v 0.18859942 -0.0041293 -0.05731003
v 0.18955857 0.10812685 -0.04799393
v 0.18934794 0.05283328 -0.04728056
v 0.18874501 0.04596154 -0.05397758
v 0.18850575 0.02893863 -0.05432566
v 0.18835676 0.00423273 -0.05313272
v 0.1884345 -0.00504629 -0.05375624
v 0.188833 -0.01161014 -0.05289911
v 0.18852779 -0.01686908 -0.05385081
v 0.18991013 -0.25916076 -0.03906254
v 0.1897603 0.17741464 -0.03427044
v 0.18964666 0.14922737 -0.02809219
v 0.18893282 0.05049034 -0.04579519
v 0.18854745 -0.01682132 -0.04902796
v 0.18978876 -0.18082659 -0.02918364
v 0.18986416 -0.28372404 -0.03516536
v 0.18988515 -0.34911007 -0.03829139
v 0.18988976 -0.38128334 -0.03735588
v 0.18984459 -0.4060519 -0.03078129
v 0.18986306 -0.43008345 -0.02981508
v 0.19001549 0.20376413 -0.03573329
v 0.18849707 0.04884317 -0.04232283
v 0.18873213 0.04621763 -0.04004557
v 0.18877113 0.02695758 -0.04004452
v 0.1885529 -0.00159376 -0.04431605
v 0.18885924 -0.01120545 -0.04008647
v 0.18857431 -0.01670918 -0.04261013
v 0.18907985 -0.02018292 -0.03557624
v 0.18919729 -0.03809127 -0.03604395
v 0.18962424 -0.08165018 -0.01124946
v 0.1897302 -0.1328969 -0.02565116
v 0.18960616 0.1038157 -0.02598642
v 0.18929937 0.05368334 -0.03751951
v 0.18859661 -0.00229123 -0.04033248
v 0.18877454 -0.01743245 -0.04022211
v 0.18964495 0.13343109 -0.0180101
v 0.18953845 0.0812744 -0.02436038
v 0.18922433 0.04788934 -0.03685251
v 0.18918587 0.03085019 -0.03611338
v 0.18907431 -0.00681992 -0.03562277
v 0.19008395 0.21723029 -0.00890532
v 0.18976212 0.1741588 -0.00783478
v 0.18942448 0.06498977 -0.00433247
v 0.18915248 0.04696013 -0.03098788
v 0.18917133 0.01884782 -0.03039658
v 0.18914956 -0.01679163 -0.02668433
v 0.18978608 -0.21029659 -0.01315899
v 0.19008379 0.49966848 -0.00122323
v 0.18922225 0.0456789 -0.0215719
v 0.18929476 -0.04596464 -0.0033038
v 0.18919674 -0.00100906 -0.01403542
v 0.18979686 -0.30757818 -0.01684104
v 0.18981491 -0.24875212 -0.004071
v 0.18980384 -0.34366846 -0.01117872
v 0.18981944 -0.37085587 -0.00201772
v 0.18983883 -0.42042434 -0.00724724
v 0.18918079 0.02223612 -0.00324902
v 0.18969736 -0.12495342 -0.00714387
v 0.18968737 0.13321275 0.01177422
v 0.18959767 0.08973688 0.00808167
v 0.18942773 -0.05799407 0.00267814
v 0.18973976 -0.17669369 0.00543131
v 0.1898057 -0.3032198 0.00424252
v 0.18921387 0.04143766 0.00515269
v 0.189853 -0.4142406 0.00722377
v 0.18921202 -0.00132151 0.01050919
v 0.18968476 -0.08512917 0.00791723
v 0.18972135 -0.12682152 0.01008823
v 0.18947163 0.06556215 0.03809141
v 0.18956105 -0.06995308 0.0316077
v 0.18970454 -0.09183521 0.03335134
v 0.18980803 -0.38330498 0.01481849
v 0.18931104 0.05212429 0.03031796
v 0.18918255 0.04054283 0.03058058
v 0.18921378 -0.0411069 0.031013
v 0.18976234 -0.26850227 0.02629491
v 0.18973616 -0.42573032 0.02875317
v 0.18958288 0.10389875 0.03149322
v 0.18974957 -0.32620823 0.0261144
v 0.18970248 -0.13109557 0.02707354
v 0.18731856 0.4998405 0.05841788
v 0.18968275 0.14894798 0.03483805
v 0.18971962 -0.36992711 0.03290726
v 0.18977833 -0.45081711 0.02946739
v 0.18923084 0.05593177 0.03614132
v 0.18905404 0.04520764 0.03397669
v 0.18897633 -0.0094187 0.03804717
v 0.18895739 -0.0427417 0.03681283
v 0.18964967 -0.14617425 0.03653835
v 0.18965688 -0.19710879 0.03678402
v 0.18957931 -0.24552511 0.04415521
v 0.18970445 -0.28445375 0.0352
v 0.18957755 -0.44278306 0.0373255
v 0.18885039 0.04674271 0.03669586
v 0.1895501 -0.08965747 0.04790415
v 0.18958619 -0.33287698 0.04844195
v 0.18962827 -0.39175719 0.04381866
v 0.18955752 -0.43325359 0.04456168
v 0.18994893 0.49950927 0.07625117
v 0.18951771 0.16861957 0.07021648
v 0.18957444 0.13317955 0.05052605
v 0.189367 0.1063329 0.06435192
v 0.18928905 -0.06197784 0.0479536
v 0.18899566 0.04593559 0.04626925
v 0.18902324 -0.03655898 0.0471801
v 0.18948708 -0.11492647 0.06688085
v 0.1895408 -0.14776963 0.05145786
v 0.18951383 -0.19069615 0.05097039
v 0.18945199 0.11361578 0.06558662
v 0.18905604 -0.00233798 0.05150338
v 0.18938904 -0.26644117 0.06592382
v 0.18949991 -0.29723838 0.05284024
v 0.18950248 -0.41595629 0.05998284
v 0.1891617 0.0572868 0.06817544
v 0.18929939 -0.0637589 0.06478845
v 0.18934694 -0.23942429 0.07467133
v 0.18901916 0.04696387 0.07154649
v 0.18903336 0.01988048 0.06564718
v 0.18955955 -0.43936825 0.06411502
v 0.18903428 -0.01488334 0.06540783
v 0.18934192 0.06739646 0.06468124
v 0.18937314 -0.0780637 0.07341188
v 0.18942378 -0.15115821 0.07595234
v 0.18940058 -0.19568166 0.06759996
v 0.18935743 -0.29471424 0.07332742
v 0.18946949 -0.37082979 0.0711543
v 0.18966001 -0.45777792 0.08079647
v 0.18766934 0.49983642 0.07845426
v 0.18907143 -0.03653185 0.07342017
v 0.18943232 0.08954765 0.09297711
v 0.1890983 0.05060841 0.07929847
v 0.18906783 -0.00745087 0.07943006
v 0.18933019 -0.18955743 0.08140785
v 0.18939486 -0.31620246 0.07935633
v 0.18950224 -0.43030667 0.0820446
v 0.18941092 0.10759374 0.09275196
v 0.18934765 0.06962533 0.0929557
v 0.18936828 -0.09219357 0.08280793
v 0.18948831 0.11304888 0.09336245
v 0.18945003 -0.38212848 0.08264074
v 0.1869708 0.49947315 0.09228331
v 0.18965864 0.49891531 0.09116274
v 0.18951964 0.16130574 0.09289058
v 0.18910292 0.04077382 0.09306306
v 0.18910001 -0.00599775 0.09288348
v 0.18909883 -0.04391468 0.09294122
v 0.18934022 -0.34315494 0.09221757
v 0.18912888 -0.49515191 0.09181535
v 0.18880844 -0.49894008 0.09179316
v 0.18925577 -0.49891895 0.07683779
v 0.18937342 -0.09793982 0.09276106
v 0.18929219 -0.17781992 0.09253994
v 0.18919268 -0.20336765 0.09227938
v 0.18924725 -0.3012363 0.09254754
v 0.18935525 -0.41858914 0.09232131
v 0.18957461 -0.45691323 0.09276271
v 0.1894006 -0.48474315 0.09276791
v 0.18589985 0.49839044 0.09727848
v 0.18868555 0.49688303 0.09646274
v 0.18932191 0.18673186 0.09548508
v 0.18902236 0.15458864 0.0962202
v 0.18906404 0.10867444 0.09631489
v 0.18905239 0.06319009 0.09662496
v 0.18900333 0.00603242 0.0967014
v 0.1889652 -0.03968639 0.09660326
v 0.18919834 -0.08893392 0.09600453
v 0.18909413 -0.17443953 0.09621441
v 0.1889801 -0.19829501 0.09617662
v 0.18901056 -0.25654182 0.09600662
v 0.18900031 -0.3147147 0.09597746
v 0.18898761 -0.37937605 0.09586636
v 0.18898542 -0.44075069 0.09599932
v 0.18901615 -0.46208981 0.09622385
v 0.18885344 -0.48704872 0.09601761
v 0.18814258 -0.49883026 0.09496987
v 0.18521602 0.49664667 0.10071149
v 0.18521602 0.49664667 0.10071149
v 0.18662834 0.49485955 0.10020725
v 0.18683374 0.48718736 0.10024258
v 0.18685202 0.46506888 0.10078944
v 0.18692555 0.42004535 0.10142919
v 0.18695046 0.38003409 0.10131093
v 0.18707828 0.33095041 0.10102937
v 0.18676688 0.30511916 0.10126493
v 0.18676303 0.24077335 0.10129596
v 0.18675135 0.21861438 0.10115094
v 0.1867048 0.19543123 0.10130575
v 0.18771867 0.17223965 0.0997174
v 0.18811716 0.11706093 0.09922145
v 0.18787865 0.10185282 0.09957735
v 0.18817692 0.05188082 0.09971544
v 0.18827266 0.0024575 0.09969033
v 0.18819952 -0.05956676 0.09981673
v 0.18825351 -0.09905405 0.09914321
v 0.1882076 -0.19160032 0.09961088
v 0.18818322 -0.25773117 0.09936051
v 0.18815283 -0.29458842 0.09956747
v 0.1879966 -0.32813361 0.09951192
v 0.18793531 -0.40685999 0.09926002
v 0.18795161 -0.44466642 0.09888883
v 0.18709259 -0.46093658 0.10105342
v 0.18761888 -0.48855698 0.09927436
v 0.18578114 -0.49849138 0.10032863
v 0.18692555 0.42004535 0.10142919
v 0.18685202 0.46506888 0.10078944
v 0.18429723 0.41364208 0.10355928
v 0.18695046 0.38003409 0.10131093
v 0.18564276 0.35693893 0.10224798
v 0.18695046 0.38003409 0.10131093
v 0.18564276 0.35693893 0.10224798
v 0.18707828 0.33095041 0.10102937
v 0.18707828 0.33095041 0.10102937
v 0.18515018 0.32117105 0.10264741
v 0.18676688 0.30511916 0.10126493
v 0.18525228 0.30093399 0.10292514
v 0.18525228 0.30093399 0.10292514
v 0.18495686 0.2552743 0.10334208
v 0.18692371 0.1654862 0.10160275
v 0.18389462 0.17034976 0.104826
v 0.18405163 0.13750866 0.10497658
v 0.18692116 0.11182458 0.10183229
v 0.18698339 0.08173849 0.1018234
v 0.18523367 0.088445 0.10370221
v 0.1852078 0.05430966 0.10366451
v 0.18701839 0.02934187 0.10175689
v 0.1852078 0.05430966 0.10366451
v 0.18401809 0.03636462 0.10470254
v 0.18701839 0.02934187 0.10175689
v 0.18404524 0.00954084 0.10465681
v 0.18709509 -0.00710223 0.10179875
v 0.18709509 -0.00710223 0.10179875
v 0.1849252 -0.02799056 0.10356662
v 0.18701842 -0.06038366 0.1019529
v 0.18701842 -0.06038366 0.1019529
v 0.18480815 -0.0659412 0.10375856
v 0.18690175 -0.0965778 0.10165897
v 0.18701842 -0.06038366 0.1019529
v 0.18480815 -0.0659412 0.10375856
v 0.18690175 -0.0965778 0.10165897
v 0.18465386 -0.10223576 0.10366862
v 0.18690175 -0.0965778 0.10165897
v 0.18490797 -0.17407458 0.10383347
v 0.18703048 -0.20099403 0.10201064
v 0.18703048 -0.20099403 0.10201064
v 0.18698558 -0.25293586 0.10182037
v 0.18470986 -0.23902446 0.10359463
v 0.18698558 -0.25293586 0.10182037
v 0.18698502 -0.30531144 0.10191302
v 0.18479955 -0.30337137 0.10355101
v 0.18698502 -0.30531144 0.10191302
v 0.18705907 -0.37724963 0.10136158
v 0.18705907 -0.37724963 0.10136158
v 0.1849795 -0.34855226 0.10305112
v 0.18509576 -0.39839777 0.10267756
v 0.18703683 -0.4288289 0.10134008
v 0.18703683 -0.4288289 0.10134008
v 0.1851176 -0.42838627 0.10271414
v 0.1851176 -0.42838627 0.10271414
v 0.18494287 -0.45693448 0.1025563
v 0.18703683 -0.4288289 0.10134008
v 0.18709259 -0.46093658 0.10105342
v 0.18709259 -0.46093658 0.10105342
v 0.18494287 -0.45693448 0.1025563
v 0.18692066 -0.4883711 0.10084011
v 0.18692066 -0.4883711 0.10084011
v 0.18497658 -0.4870376 0.10224906
v 0.18203758 -0.49494642 0.10375745
v 0.18578114 -0.49849138 0.10032863
v 0.18263821 0.49779719 -0.10624143
v 0.18230568 0.49467471 -0.1073897
v 0.18332481 0.47912729 -0.10649488
v 0.18578833 0.45187312 -0.10448261
v 0.18649313 0.39550111 -0.10379857
v 0.18297347 0.41146827 -0.10746723
v 0.18447152 0.3371475 -0.10602427
v 0.18663371 0.33506486 -0.10372028
v 0.18525201 0.28297785 -0.10483312
v 0.18637159 0.21590227 -0.10365912
v 0.18433605 0.21683949 -0.10588779
v 0.18520841 0.18889637 -0.10484862
v 0.1845589 0.13721348 -0.10547195
v 0.18316498 0.11256874 -0.10659383
v 0.18411592 0.07845673 -0.10585474
v 0.18612662 0.05313865 -0.10417215
v 0.18419793 0.04891628 -0.10640899
v 0.18418629 0.0085321 -0.1064447
v 0.18607841 0.00606325 -0.10421058
v 0.18409826 -0.03279872 -0.10633422
v 0.18429373 -0.06342498 -0.10633365
v 0.18623047 -0.07425869 -0.10438319
v 0.18622619 -0.15271682 -0.10461737
v 0.18441442 -0.15934452 -0.10650773
v 0.18646923 -0.1972717 -0.10473595
v 0.18483384 -0.20726062 -0.10646972
v 0.18655649 -0.23752737 -0.10482436
v 0.18483384 -0.20726062 -0.10646972
v 0.18655649 -0.23752737 -0.10482436
v 0.18459365 -0.26892719 -0.10656709
v 0.18638013 -0.28129351 -0.10463852
v 0.18459365 -0.26892719 -0.10656709
v 0.18638013 -0.28129351 -0.10463852
v 0.18457639 -0.3133527 -0.10657779
v 0.18649141 -0.33366469 -0.10487945
v 0.18462877 -0.38070896 -0.10653098
v 0.18633495 -0.38507646 -0.10484701
v 0.18639025 -0.42867982 -0.10480206
v 0.18468104 -0.43356839 -0.10645649
v 0.18473229 -0.46720511 -0.10614644
v 0.18639903 -0.47106424 -0.10446975
v 0.18430977 -0.48598042 -0.10613737
v 0.18430977 -0.48598042 -0.10613737
v 0.18639903 -0.47106424 -0.10446975
v 0.18604237 -0.4901841 -0.10412109
v 0.18179417 0.49957782 -0.10261874
v 0.18247369 0.49970311 -0.07161916
v 0.18328062 0.499917 -0.03702515
v 0.181714 0.49967268 0.09333415
v 0.18109004 0.49909461 0.09889365
v 0.18067895 0.49692523 0.10380042
v 0.18521602 0.49664667 0.10071149
v 0.18067895 0.49692523 0.10380042
v 0.18096074 0.49533352 0.10431293
v 0.18662834 0.49485955 0.10020725
v 0.18083943 0.49232021 0.10462936
v 0.18683374 0.48718736 0.10024258
v 0.18043688 0.47994554 0.10476483
v 0.18069607 0.45666304 0.10504363
v 0.18115155 0.36899585 0.10537989
v 0.18115155 0.36899585 0.10537989
v 0.1809444 0.34863296 0.10515419
v 0.18564276 0.35693893 0.10224798
v 0.1809444 0.34863296 0.10515419
v 0.18105951 0.3295154 0.10525209
v 0.18297304 0.31785628 0.10433944
v 0.18313105 0.29769903 0.10486379
v 0.18495686 0.2552743 0.10334208
v 0.18330719 0.25588265 0.1049616
v 0.18301062 0.194984 0.10508543
v 0.18301062 0.194984 0.10508543
v 0.18523367 0.088445 0.10370221
v 0.1836614 0.07039413 0.10498433
v 0.18292889 -0.03449491 0.10480247
v 0.18324886 -0.20295903 0.10464611
v 0.18293153 -0.29903516 0.10459872
v 0.18223332 -0.32982433 0.10454579
v 0.18185602 -0.39744768 0.10442314
v 0.1820685 -0.43452516 0.10439625
v 0.18080181 -0.45593792 0.10494524
v 0.18047643 -0.49907941 0.10398326
v 0.18405163 0.13750866 0.10497658
v 0.18269332 0.15033667 0.10554779
v 0.18210714 0.12317172 0.10627795
v 0.18372825 0.1035345 0.10523356
v 0.18372825 0.1035345 0.10523356
v 0.18236572 0.10875157 0.10589555
v 0.18208687 0.08530234 0.10597808
v 0.18234502 0.05920179 0.10551871
v 0.18256117 0.03716634 0.10519814
v 0.18197735 -0.00213505 0.10527992
v 0.18480815 -0.0659412 0.10375856
v 0.18292889 -0.03449491 0.10480247
v 0.18310267 -0.08963168 0.10485984
v 0.18157773 -0.05570656 0.10530633
v 0.18310267 -0.08963168 0.10485984
v 0.18157773 -0.05570656 0.10530633
v 0.18168996 -0.12161012 0.10540642
v 0.18346345 -0.16503589 0.10485456
v 0.18188125 -0.1698363 0.10544103
v 0.18163608 -0.20104975 0.10521343
v 0.18152437 -0.23627059 0.10511139
v 0.17868754 0.49747145 -0.10987065
v 0.18263821 0.49779719 -0.10624143
v 0.18230568 0.49467471 -0.1073897
v 0.1781684 0.49917951 -0.10845361
v 0.17963694 0.48992231 -0.10967754
v 0.18332481 0.47912729 -0.10649488
v 0.18202868 0.44930434 -0.1080828
v 0.18013221 0.41565913 -0.10995661
v 0.18297347 0.41146827 -0.10746723
v 0.18201838 0.38557458 -0.10826623
v 0.1800815 0.38490421 -0.10992443
v 0.18018626 0.34060168 -0.11002552
v 0.18202651 0.33647239 -0.10841201
v 0.18016823 0.29486516 -0.10981084
v 0.18215416 0.21073152 -0.10799601
v 0.18020567 0.20605485 -0.10966136
v 0.18042724 0.15118964 -0.10969727
v 0.18170074 0.14877866 -0.1085054
v 0.17970683 0.11268884 -0.10979114
v 0.18316498 0.11256874 -0.10659383
v 0.1800635 0.08453797 -0.10968179
v 0.1822532 0.051675 -0.10823089
v 0.18063076 0.05750366 -0.109488
v 0.18218884 0.00525372 -0.1083303
v 0.18053178 -0.0282533 -0.10952066
v 0.18205476 -0.0335225 -0.10826975
v 0.18212381 -0.06885841 -0.10818207
v 0.18027286 -0.08700858 -0.10934254
v 0.18212809 -0.12579259 -0.10830515
v 0.1822712 -0.19320908 -0.10837965
v 0.18051594 -0.17595325 -0.10935251
v 0.18071969 -0.226827 -0.10919008
v 0.18226783 -0.26291949 -0.10832813
v 0.18040976 -0.28899702 -0.10918704
v 0.18213236 -0.30428982 -0.1083615
v 0.18051462 -0.34146205 -0.10886931
v 0.18216485 -0.33467123 -0.108212
v 0.18224572 -0.40196669 -0.108151
v 0.18041013 -0.44600672 -0.10893793
v 0.18207729 -0.44500229 -0.10815703
v 0.18217036 -0.48437545 -0.10796617
v 0.18033218 -0.48911098 -0.10868263
v 0.18173659 -0.49504131 -0.10740431
v 0.18012951 -0.49901083 -0.10758393
v 0.1781684 0.49917951 -0.10845361
v 0.18263821 0.49779719 -0.10624143
v 0.17329629 0.49979064 -0.09903075
v 0.17305063 0.49986303 -0.07301135
v 0.17398959 0.49994701 0.03986465
v 0.17218708 0.50002003 0.08816767
v 0.17365634 0.49985272 0.10021684
v 0.17548294 0.45080924 0.10744143
v 0.1809938 0.43151015 0.10533266
v 0.18119796 0.41441268 0.10547116
v 0.18171005 0.30090201 0.10568017
v 0.17808415 0.30762103 0.10686544
v 0.17898063 0.2699832 0.1066994
v 0.18209948 0.2559886 0.105749
v 0.17889428 0.24527597 0.1070884
v 0.17867664 0.21199881 0.10730089
v 0.18180047 0.19242498 0.10598327
v 0.18389462 0.17034976 0.104826
v 0.17867664 0.21199881 0.10730089
v 0.17891984 0.1497141 0.10681532
v 0.18269332 0.15033667 0.10554779
v 0.18389462 0.17034976 0.104826
v 0.18269332 0.15033667 0.10554779
v 0.18405163 0.13750866 0.10497658
v 0.17891984 0.1497141 0.10681532
v 0.17895176 0.12522654 0.10730612
v 0.17869392 0.10588754 0.10705341
v 0.17878039 0.08592398 0.10706368
v 0.1836614 0.07039413 0.10498433
v 0.18208687 0.08530234 0.10597808
v 0.18234502 0.05920179 0.10551871
v 0.17878039 0.08592398 0.10706368
v 0.17889573 0.05698257 0.10642231
v 0.17889573 0.05698257 0.10642231
v 0.17885892 0.03729286 0.10602813
v 0.17866877 0.00563415 0.1059701
v 0.1785133 -0.01911902 0.10611259
v 0.1785133 -0.01911902 0.10611259
v 0.17833312 -0.05685573 0.10598469
v 0.18157773 -0.05570656 0.10530633
v 0.18168996 -0.12161012 0.10540642
v 0.17873032 -0.13314936 0.10594172
v 0.17838979 -0.16366574 0.1059927
v 0.17838979 -0.16366574 0.1059927
v 0.17838979 -0.16366574 0.1059927
v 0.17856668 -0.19416754 0.10579498
v 0.18188125 -0.1698363 0.10544103
v 0.18163608 -0.20104975 0.10521343
v 0.17856668 -0.19416754 0.10579498
v 0.17847003 -0.23219489 0.10572474
v 0.17854711 -0.27926481 0.10558958
v 0.18078905 -0.32299608 0.10512472
v 0.17864387 -0.34897 0.10536843
v 0.18223332 -0.32982433 0.10454579
v 0.18078905 -0.32299608 0.10512472
v 0.18185602 -0.39744768 0.10442314
v 0.18010642 -0.39383829 0.10506408
v 0.17864387 -0.34897 0.10536843
v 0.18010642 -0.39383829 0.10506408
v 0.17880544 -0.46268734 0.10526454
v 0.18039417 -0.48137793 0.10470541
v 0.17833917 -0.49522147 0.10478184
v 0.17331015 0.49848509 -0.11100645
v 0.16208109 0.49993855 -0.05037344
v 0.17035097 0.49997121 -0.0141833
v 0.17303908 0.49934483 0.10382253
v 0.17312045 0.49779278 0.10635675
v 0.18067895 0.49692523 0.10380042
v 0.17312045 0.49779278 0.10635675
v 0.17159685 0.49540272 0.10850349
v 0.18096074 0.49533352 0.10431293
v 0.17267606 0.49368745 0.1084332
v 0.18083943 0.49232021 0.10462936
v 0.17267606 0.49368745 0.1084332
v 0.17258836 0.48039877 0.10865279
v 0.17530628 0.46942893 0.10746364
v 0.1749724 0.42093849 0.1077152
v 0.17526586 0.39139301 0.10751707
v 0.17525822 0.36809596 0.10766478
v 0.17434688 0.34133524 0.10772972
v 0.17525822 0.36809596 0.10766478
v 0.17436141 0.31383982 0.10793903
v 0.17461045 0.2697545 0.10782325
v 0.17452592 0.24903227 0.10802792
v 0.17467791 0.20887931 0.10815491
v 0.17467791 0.20887931 0.10815491
v 0.1744073 0.15080638 0.10773561
v 0.1744073 0.15080638 0.10773561
v 0.17517601 0.12141908 0.10795445
v 0.17445673 0.10461485 0.10781708
v 0.17483462 0.08528323 0.10778537
v 0.17483462 0.08528323 0.10778537
v 0.17469266 0.03999041 0.10675377
v 0.17456712 0.00625415 0.10662059
v 0.17514442 -0.01284438 0.1065008
v 0.17514442 -0.01284438 0.1065008
v 0.17443575 -0.05341429 0.10637642
v 0.17443575 -0.05341429 0.10637642
v 0.17339675 -0.07649159 0.10624199
v 0.17833312 -0.05685573 0.10598469
v 0.17873032 -0.13314936 0.10594172
v 0.17339891 -0.11743794 0.10621445
v 0.17237094 -0.14156243 0.1061217
v 0.17377247 -0.19488411 0.10596605
v 0.17470984 -0.26082784 0.10578354
v 0.17354119 -0.29192603 0.10579707
v 0.17457372 -0.33588207 0.10556573
v 0.17428499 -0.38002938 0.10548276
v 0.17594719 -0.46092784 0.10538936
v 0.17430519 -0.49574673 0.10508334
v 0.17153834 -0.49916163 0.10503779
v 0.17331015 0.49848509 -0.11100645
v 0.16920866 0.49958506 -0.10917499
v 0.17134121 0.46500319 0.10891555
v 0.17106023 0.42943868 0.10898616
v 0.17163552 0.39313522 0.10862096
v 0.17100894 0.3631748 0.10894728
v 0.17047851 0.34423348 0.10895818
v 0.17064989 0.31720293 0.10882618
v 0.17013413 0.28974947 0.10865442
v 0.16982573 0.25890598 0.10871147
v 0.17461045 0.2697545 0.10782325
v 0.16982573 0.25890598 0.10871147
v 0.17452592 0.24903227 0.10802792
v 0.16986494 0.20763001 0.10886768
v 0.17467791 0.20887931 0.10815491
v 0.17006071 0.17192009 0.10853565
v 0.17006071 0.17192009 0.10853565
v 0.16941823 0.13643195 0.1085515
v 0.16982962 0.11072243 0.10835094
v 0.17445673 0.10461485 0.10781708
v 0.16982962 0.11072243 0.10835094
v 0.16998923 0.07865065 0.10824142
v 0.17483462 0.08528323 0.10778537
v 0.16998923 0.07865065 0.10824142
v 0.16990474 0.04297837 0.10741083
v 0.16931126 0.02049479 0.10739265
v 0.17110875 -0.00639952 0.1067776
v 0.17109697 -0.02424615 0.10648659
v 0.17106797 -0.05319563 0.10644691
v 0.17443575 -0.05341429 0.10637642
v 0.17106797 -0.05319563 0.10644691
v 0.17339675 -0.07649159 0.10624199
v 0.16952448 -0.16567908 0.10611939
v 0.16827886 -0.38806251 0.10549659
v 0.1696496 -0.43180537 0.10547013
v 0.17159685 0.49540272 0.10850349
v 0.17027204 0.49099615 0.10926918
v 0.15093103 0.49981579 -0.10392544
v 0.15243551 0.4998734 -0.0841791
v 0.15560819 0.50007296 0.10093476
v 0.1652153 0.49883297 0.10658406
v 0.16643429 0.31186384 0.10924805
v 0.16490534 0.28881082 0.10924617
v 0.16507734 0.20505196 0.1092768
v 0.16986494 0.20763001 0.10886768
v 0.16507734 0.20505196 0.1092768
v 0.16393556 0.16954345 0.10901055
v 0.16393556 0.16954345 0.10901055
v 0.16535322 0.14366493 0.1088575
v 0.16568592 0.11022224 0.10844415
v 0.16583525 0.07891126 0.10833033
v 0.16583525 0.07891126 0.10833033
v 0.16647471 0.04153275 0.10739031
v 0.16418728 0.00224207 0.10679433
v 0.16259865 -0.09354232 0.1062254
v 0.15662172 -0.14516912 0.1060379
v 0.16337046 -0.19755542 0.10595438
v 0.16156287 -0.25522158 0.10576976
v 0.157704 -0.33026946 0.10551185
v 0.16259032 -0.35538745 0.10549402
v 0.16333087 -0.47522345 0.1053534
v 0.1582374 -0.48817241 0.10520604
v 0.17312045 0.49779278 0.10635675
v 0.16901806 0.49734724 0.10818244
v 0.16901806 0.49734724 0.10818244
v 0.16739048 0.49197605 0.10970919
v 0.17267606 0.49368745 0.1084332
v 0.17027204 0.49099615 0.10926918
v 0.17258836 0.48039877 0.10865279
v 0.16743056 0.47041336 0.10946989
v 0.17134121 0.46500319 0.10891555
v 0.16744092 0.43164268 0.10947469
v 0.16945478 0.41111496 0.10909592
v 0.16958238 0.3812851 0.10904303
v 0.16958238 0.3812851 0.10904303
v 0.16638736 0.33974642 0.10956874
v 0.17100894 0.3631748 0.10894728
v 0.16638736 0.33974642 0.10956874
v 0.16145176 0.49868482 -0.11139353
v 0.15675063 0.49978495 -0.10923252
v 0.14385116 0.49997631 -0.0042995
v 0.14321399 0.49998355 0.04070797
v 0.12064444 0.49998346 0.05961304
v 0.12923491 0.50005543 0.08635293
v 0.15852284 0.49983788 0.1042153
v 0.16220953 0.13554049 0.10874574
v 0.1595411 0.10966577 0.10817961
v 0.16069384 0.08707155 0.10821114
v 0.16583525 0.07891126 0.10833033
v 0.16069384 0.08707155 0.10821114
v 0.16151449 0.07012561 0.1079295
v 0.16151449 0.07012561 0.1079295
v 0.16280524 0.05216276 0.10739396
v 0.16583525 0.07891126 0.10833033
v 0.16280524 0.05216276 0.10739396
v 0.16647471 0.04153275 0.10739031
v 0.16332042 0.0307717 0.10713598
v 0.16332042 0.0307717 0.10713598
v 0.16259865 -0.09354232 0.1062254
v 0.15881635 0.49569306 0.10992846
v 0.15897675 0.49211299 0.11044157
v 0.15946592 0.48445463 0.11029474
v 0.15739077 0.47142082 0.11023596
v 0.16189885 0.43925729 0.10990687
v 0.16196273 0.40332505 0.10956148
v 0.16229491 0.35751909 0.10970456
v 0.16229491 0.35751909 0.10970456
v 0.16225694 0.34308743 0.10988913
v 0.16147853 0.30595016 0.10936365
v 0.16256259 0.25407258 0.10931478
v 0.16250949 0.20343553 0.10934832
v 0.15405509 0.4992362 -0.11134732
v 0.15860403 0.30887002 0.10898457
v 0.15888105 0.26782465 0.10893762
v 0.15913455 0.23801011 0.10875774
v 0.16256259 0.25407258 0.10931478
v 0.15913455 0.23801011 0.10875774
v 0.15960135 0.20078178 0.10882355
v 0.15960135 0.20078178 0.10882355
v 0.15967683 0.17768888 0.10866933
v 0.15907452 0.13477343 0.10846338
v 0.1420449 -0.00434194 0.10664059
v 0.15503708 -0.06734459 0.10622188
v 0.15012702 -0.12141471 0.10608517
v 0.15087934 -0.23464513 0.10576691
v 0.15038785 -0.30585051 0.10557379
v 0.15609777 -0.44796455 0.10534628
v 0.15566368 0.49792662 0.10859697
v 0.15566368 0.49792662 0.10859697
v 0.1568052 0.44716731 0.11013166
v 0.15689698 0.42536932 0.10991166
v 0.15691794 0.38793427 0.10972473
v 0.15689883 0.36163267 0.10985699
v 0.15630752 0.35105029 0.10970977
v 0.16229491 0.35751909 0.10970456
v 0.15630752 0.35105029 0.10970977
v 0.16225694 0.34308743 0.10988913
v 0.15846431 0.34537628 0.10974083
v 0.15846431 0.34537628 0.10974083
v 0.15980092 0.33524102 0.10960422
v 0.15154347 -0.40096563 0.10536838
v 0.14944859 0.49900371 0.10672832
v 0.15483937 0.34997335 0.10903332
v 0.1553003 0.3414492 0.10844087
v 0.15790747 0.3382999 0.10890453
v 0.15527469 0.3225311 0.10871698
v 0.15564971 0.28234094 0.10873465
v 0.15592311 0.23961399 0.10866499
v 0.15595777 0.19556729 0.10869075
v 0.15592311 0.23961399 0.10866499
v 0.15110473 0.11154523 0.10832611
v 0.15366137 0.08610158 0.10826775
v 0.15366137 0.08610158 0.10826775
v 0.14998637 0.07184713 0.10803907
v 0.14998637 0.07184713 0.10803907
v 0.15231581 0.04066279 0.10716512
v 0.15231581 0.04066279 0.10716512
v 0.15339027 0.01262187 0.1069301
v 0.16332042 0.0307717 0.10713598
v 0.15339027 0.01262187 0.1069301
v 0.14678475 -0.04656238 0.10631204
v 0.15326834 0.4817073 0.11022504
v 0.15487142 0.47795972 0.11004392
v 0.1541397 0.45332 0.10984796
v 0.15422712 0.43109566 0.10976408
v 0.15426601 0.38811353 0.10954843
v 0.15441594 0.36217397 0.10967156
v 0.16145176 0.49868482 -0.11139353
v 0.13693517 0.49832961 -0.11162359
v 0.15405509 0.4992362 -0.11134732
v 0.15403306 0.47624609 0.10642006
v 0.15113892 0.47621235 0.10596968
v 0.15189685 0.47448486 0.10520364
v 0.15351249 0.47110215 0.10675637
v 0.15172908 0.4669961 0.10723932
v 0.15312676 0.46388409 0.10697903
v 0.16952448 -0.16567908 0.10611939
v 0.13874689 -0.1885633 0.10589458
v 0.16337046 -0.19755542 0.10595438
v 0.14600317 -0.35812342 0.10538957
v 0.13548675 -0.4485631 0.10531257
v 0.15243807 0.44498649 0.10709295
v 0.15142925 0.44399247 0.1074006
v 0.15316774 0.44275615 0.10835493
v 0.15136567 0.43631044 0.10761929
v 0.15316774 0.44275615 0.10835493
v 0.15136567 0.43631044 0.10761929
v 0.15127854 0.42217529 0.10754766
v 0.15304385 0.4150334 0.10841665
v 0.15151666 0.39296567 0.10819574
v 0.15331617 0.39157036 0.10874342
v 0.15298656 0.36931497 0.10898933
v 0.15138878 0.36400199 0.10869251
v 0.15191117 0.34867606 0.10862768
v 0.14876828 0.34397954 0.10868028
v 0.14846839 0.32887623 0.1088177
v 0.15062597 0.28518978 0.10876223
v 0.15157531 0.25105226 0.10881017
v 0.15174188 0.20858645 0.1087559
v 0.15159923 0.13174953 0.10847097
v 0.15503708 -0.06734459 0.10622188
v 0.13756554 -0.09555165 0.10607399
v 0.15087934 -0.23464513 0.10576691
v 0.15183182 0.47833702 0.1100483
v 0.1226436 0.49994087 -0.05429584
v 0.14728855 0.47415817 0.10510032
v 0.1475144 0.46957943 0.1073918
v 0.12759352 -0.15976812 0.10597893
v 0.12759352 -0.15976812 0.10597893
v 0.13874689 -0.1885633 0.10589458
v 0.12885241 -0.22961015 0.1057588
v 0.13092509 -0.26463896 0.10566359
v 0.14741816 0.46403533 0.10788073
v 0.15142925 0.44399247 0.1074006
v 0.14782493 0.45275891 0.10785747
v 0.15243807 0.44498649 0.10709295
v 0.14841272 0.43759251 0.10811914
v 0.14841272 0.43759251 0.10811914
v 0.14698246 0.42456073 0.10808618
v 0.14734034 0.4153648 0.1081467
v 0.14782089 0.40214971 0.1081453
v 0.14638937 0.38354412 0.10873345
v 0.14802347 0.35609877 0.1090616
v 0.15110473 0.11154523 0.10832611
v 0.13515662 0.08651527 0.10822888
v 0.15366137 0.08610158 0.10826775
v 0.14011058 0.0518278 0.10733934
v 0.12100092 -0.1197672 0.10600916
v 0.126913 -0.49913421 0.10496987
v 0.14508927 0.49199599 0.11045444
v 0.14532934 0.47042626 0.10714554
v 0.10602891 -0.33482882 0.10543758
v 0.12863225 -0.39697748 0.10537155
v 0.14241816 0.46829718 0.10770459
v 0.14257695 0.45732626 0.10790435
v 0.14782493 0.45275891 0.10785747
v 0.14357892 0.44596842 0.1082155
v 0.14841272 0.43759251 0.10811914
v 0.14357892 0.44596842 0.1082155
v 0.14420617 0.43212843 0.10824842
v 0.13955157 0.34949756 0.10896713
v 0.13134623 0.19131599 0.10862505
v 0.12882075 0.17206104 0.10849567
v 0.12796137 0.15214831 0.10841809
v 0.15159923 0.13174953 0.10847097
v 0.12562896 0.12274209 0.10833123
v 0.12899232 -0.07156452 0.10609871
v 0.12224958 -0.47595382 0.10523547
v 0.12634262 0.49970308 0.1045934
v 0.15113892 0.47621235 0.10596968
v 0.13378 0.47575048 0.1057992
v 0.13436212 0.47384775 0.10508022
v 0.14728855 0.47415817 0.10510032
v 0.13436212 0.47384775 0.10508022
v 0.15038785 -0.30585051 0.10557379
v 0.13092509 -0.26463896 0.10566359
v 0.11782114 -0.28486907 0.10564828
v 0.11213725 -0.31260869 0.10554733
v 0.10315992 -0.36282623 0.10540319
v 0.13752081 0.40212938 0.10832646
v 0.1331929 0.39221042 0.10865266
v 0.13518792 0.36049068 0.10900125
v 0.13240649 0.34175381 0.10874947
v 0.12292029 0.32264173 0.10873973
v 0.12680422 0.3007071 0.10871021
v 0.12287267 0.27490148 0.10870373
v 0.12797418 0.23744944 0.10871028
v 0.13515662 0.08651527 0.10822888
v 0.11801142 0.06565635 0.10770073
v 0.11924434 0.02280928 0.1068824
v 0.11924434 0.02280928 0.1068824
v 0.12863082 -0.01971542 0.1064487
v 0.15503708 -0.06734459 0.10622188
v 0.12899232 -0.07156452 0.10609871
v 0.13756554 -0.09555165 0.10607399
v 0.11213725 -0.31260869 0.10554733
v 0.13494235 0.4976677 0.10871609
v 0.13494235 0.4976677 0.10871609
v 0.13294426 0.49557137 0.11009657
v 0.13102776 0.48625401 0.11060499
v 0.1310811 0.4781515 0.11057764
v 0.09902927 -0.4177289 0.105375
v 0.11700058 0.49864858 0.10696319
v 0.12300356 0.46398067 0.1083459
v 0.11887076 0.44729948 0.10882644
v 0.12658261 0.42044476 0.10871362
v 0.12562896 0.12274209 0.10833123
v 0.11274226 0.10844719 0.1082234
v 0.12011135 -0.04655366 0.1062607
v 0.10568742 -0.15037079 0.10597189
v 0.13010174 0.49188942 0.1106402
v 0.10916051 0.49976668 -0.10932093
v 0.1011471 0.49989852 -0.09185855
v 0.1058678 0.49998948 0.10129496
v 0.11576068 -0.08904144 0.10601293
v 0.11887076 0.44729948 0.10882644
v 0.11638536 0.2110939 0.10866848
v 0.10035677 0.49997795 0.00744254
v 0.10711843 -0.19844446 0.10583967
v 0.11232544 0.40206513 0.10887455
v 0.12328254 0.37480408 0.10900891
v 0.09062684 -0.05156869 0.10621442
v 0.11576068 -0.08904144 0.10601293
v 0.08035382 -0.2368829 0.10575372
v 0.11132812 0.46845168 0.10835243
v 0.11329819 0.457715 0.10858062
v 0.11329819 0.457715 0.10858062
v 0.11979411 0.34982482 0.10909116
v 0.11274226 0.10844719 0.1082234
v 0.10550073 0.0892067 0.10807146
v 0.11372012 0.03992343 0.10702625
v 0.11372012 0.03992343 0.10702625
v 0.09747112 0.00956106 0.10672939
v 0.10072663 -0.00620257 0.10652177
v 0.11133774 0.49727315 0.10861515
v 0.11133774 0.49727315 0.10861515
v 0.11614087 0.47817221 0.11069222
v 0.10919188 0.47105879 0.10768403
v 0.10711843 -0.19844446 0.10583967
v 0.12328254 0.37480408 0.10900891
v 0.10670032 0.38543385 0.10901612
v 0.13518792 0.36049068 0.10900125
v 0.10272098 0.31424847 0.10870899
v 0.0988996 0.05381639 0.10727964
v 0.10392579 0.49530998 0.1099381
v 0.13378 0.47575048 0.1057992
v 0.09852542 0.47615051 0.1060544
v 0.09062684 -0.05156869 0.10621442
v 0.09852915 -0.07022211 0.10607275
v 0.11356129 0.42644349 0.10895747
v 0.10670032 0.38543385 0.10901612
v 0.1331929 0.39221042 0.10865266
v 0.09849939 0.3322385 0.10872567
v 0.09570552 0.23000383 0.10868207
v 0.08125675 0.17213297 0.10840906
v 0.09113377 0.15614839 0.1083701
v 0.09633464 -0.02767692 0.10636097
v 0.07990209 -0.48803014 0.10518204
v 0.08468052 0.36955079 0.10949628
v 0.09240292 0.50003183 0.07618985
v 0.09978828 0.47414014 0.10547836
v 0.09502331 -0.26447093 0.1056903
v 0.11782114 -0.28486907 0.10564828
v 0.09528262 0.34110668 0.10884234
v 0.1012397 0.19205013 0.10856885
v 0.13010174 0.49188942 0.1106402
v 0.07283507 0.48496637 0.11068718
v 0.13102776 0.48625401 0.11060499
v 0.07283507 0.48496637 0.11068718
v 0.1025237 0.41129506 0.10920429
v 0.09902489 0.36921939 0.1093224
v 0.05279515 0.4984467 -0.11174706
v 0.08648514 -0.16759893 0.105952
v 0.10442188 0.44651514 0.1090413
v 0.09662978 0.27819243 0.1086707
v 0.07774261 0.21402308 0.10869054
v 0.08247866 0.13529702 0.10829287
v 0.08960529 0.07862982 0.10789781
v 0.08326888 -0.4992159 0.10500973
v 0.08468052 0.36955079 0.10949628
v 0.08991901 0.49995166 -0.06043885
v 0.06129614 0.49998969 0.039244
v 0.08753663 -0.12020479 0.10596561
v 0.08648514 -0.16759893 0.105952
v 0.08680683 0.4627592 0.10901719
v 0.08396477 0.02960065 0.10691414
v 0.09805994 0.43146902 0.10919645
v 0.09163848 0.40225461 0.10926609
v 0.05166956 -0.28593147 0.10568532
v 0.09143173 0.45464551 0.10888313
v 0.07684793 0.24037191 0.10869472
v 0.0988996 0.05381639 0.10727964
v 0.05971575 0.04766858 0.10708486
v 0.08719034 -0.45911372 0.10531548
v 0.06525273 0.50006378 0.08612847
v 0.07634276 0.3163206 0.10878044
v 0.07118432 0.10478835 0.10810619
v 0.0731951 0.06843974 0.10765232
v 0.08396477 0.02960065 0.10691414
v 0.0611064 0.48097461 0.11074236
v 0.08753382 0.47841534 0.11061829
v 0.08010804 0.45178121 0.10927035
v 0.0718099 0.4457278 0.10957123
v 0.08751587 0.39006671 0.10933021
v 0.09902489 0.36921939 0.1093224
v 0.0679206 0.49964145 0.10484025
v 0.09852915 -0.07022211 0.10607275
v 0.08020422 -0.0885254 0.1059717
v 0.08291026 0.46842733 0.10892604
v 0.07497995 0.42017326 0.10957447
v 0.08468052 0.36955079 0.10949628
v 0.05740231 0.34917724 0.10942127
v 0.11979411 0.34982482 0.10909116
v 0.04112758 0.49934298 -0.11145995
v 0.04112758 0.49934298 -0.11145995
v 0.04156073 0.49976277 -0.10933079
v 0.06237407 -0.38367867 0.10545479
v 0.071339 0.47149938 0.10807168
v 0.05787744 0.29613885 0.10879061
v 0.06808041 0.19484362 0.10858579
v 0.05358018 0.49713743 0.10888854
v 0.05358018 0.49713743 0.10888854
v 0.05988192 0.49184692 0.11075415
v 0.05988192 0.49184692 0.11075415
v 0.05134188 0.49999064 -0.00993566
v 0.07326275 0.47421372 0.1060192
v 0.07855341 -0.19983819 0.10582895
v 0.06494508 0.34401563 0.10905295
v 0.09528262 0.34110668 0.10884234
v 0.07402291 0.27704993 0.10872354
v 0.07460267 0.43129215 0.10944799
v 0.03903493 0.50016218 0.09747918
v 0.0592852 -0.00024641 0.10657118
v 0.0661999 -0.02480788 0.10637495
v 0.06565283 -0.06595058 0.10609862
v 0.06956044 -0.31368789 0.10556924
v 0.06237407 -0.38367867 0.10545479
v 0.05224867 -0.41777062 0.10546895
v 0.09902927 -0.4177289 0.105375
v 0.05872206 0.49855223 0.10724948
v 0.08133731 0.46682772 0.10923532
v 0.05437447 0.01390077 0.10675086
v 0.08719034 -0.45911372 0.10531548
v 0.05542015 -0.4753615 0.10533907
v 0.07990209 -0.48803014 0.10518204
v 0.06998887 0.40240842 0.10948427
v 0.06454252 0.36539572 0.10958785
v 0.05740231 0.34917724 0.10942127
v 0.0454971 0.4999668 -0.05884759
v 0.06029392 0.47273123 0.10713243
v 0.05928436 -0.11334909 0.10599317
v 0.05699843 -0.15644544 0.10597872
v 0.04511817 -0.32828838 0.10555774
v 0.06108677 -0.3563962 0.10546488
v 0.05977176 -0.44922397 0.10542817
v 0.09528262 0.34110668 0.10884234
v 0.04983285 0.33125484 0.1088408
v 0.09849939 0.3322385 0.10872567
v 0.04271239 -0.48903686 0.10530034
v 0.03310142 0.50002873 0.0677569
v 0.04193082 0.50005335 0.10132955
v 0.05829967 0.47590956 0.10640193
v 0.04716044 -0.22182086 0.10581914
v 0.05977176 -0.44922397 0.10542817
v 0.05632034 0.46957168 0.10945198
v 0.06494508 0.34401563 0.10905295
v 0.04983285 0.33125484 0.1088408
v 0.03669 0.1834137 0.10847898
v 0.04433237 0.14382938 0.10826504
v 0.05977176 -0.44922397 0.10542817
v 0.04433907 -0.08153003 0.10607184
v 0.05888144 -0.18895799 0.10589753
v 0.03427733 -0.25886306 0.10574658
v 0.07634276 0.3163206 0.10878044
v 0.04630122 0.08515005 0.10795188
v 0.04115103 0.07546207 0.10780743
v 0.0731951 0.06843974 0.10765232
v 0.04141609 0.06156514 0.10743283
v 0.0988996 0.05381639 0.10727964
v 0.04141609 0.06156514 0.10743283
v 0.05971575 0.04766858 0.10708486
v 0.03705043 -0.04989507 0.10627683
v 0.05275553 0.47810581 0.11060481
v 0.05476078 0.46794024 0.10972184
v 0.05445157 0.45785901 0.10945223
v 0.06204825 0.38474539 0.10950308
v 0.01828432 0.20346165 0.10862716
v 0.04387114 0.03714421 0.10692145
v 0.03207253 0.02261279 0.10682423
v 0.05159619 0.4952766 0.1101841
v 0.04066329 0.45182696 0.10940634
v 0.07497995 0.42017326 0.10957447
v 0.04834509 0.42178401 0.10954727
v 0.06998887 0.40240842 0.10948427
v 0.02713389 0.49993217 -0.08939132
v 0.05239204 0.27010965 0.10875076
v 0.04479157 0.23284601 0.10870628
v 0.04864459 0.44420093 0.10961338
v 0.04961514 0.42953807 0.10938732
v 0.03407528 0.47439149 0.10614233
v 0.04921504 0.31421474 0.10886051
v 0.03431369 0.11168382 0.10812873
v 0.04115103 0.07546207 0.10780743
v 0.04638135 -0.03381468 0.10632789
v 0.07460267 0.43129215 0.10944799
v 0.04528874 0.38286719 0.1094688
v 0.04287221 -0.49914914 0.10520465
v 0.04834509 0.42178401 0.10954727
v 0.04911258 0.4035252 0.10937577
v 0.04030829 0.36115178 0.10948572
v 0.02355051 0.49999958 0.02811641
v 0.01083332 0.50008756 0.08805331
v 0.01229942 0.49963209 0.10477237
v 0.01682828 -0.20932847 0.10587348
v 0.0306814 -0.37627035 0.10549814
v 0.03892564 0.3474558 0.10914321
v 0.04921504 0.31421474 0.10886051
v 0.01161669 0.16434321 0.10837211
v 0.03479234 -0.02384608 0.10640743
v 0.05542015 -0.4753615 0.10533907
v 0.03980758 0.39841527 0.10951204
v 0.03980758 0.39841527 0.10951204
v 0.02893505 0.47588322 0.10646219
v 0.05787744 0.29613885 0.10879061
v 0.03576915 0.27355069 0.10875119
v 0.05239204 0.27010965 0.10875076
v 0.03576915 0.27355069 0.10875119
v 0.02310665 0.48644105 0.11074027
v 0.0611064 0.48097461 0.11074236
v 0.03784831 0.46807218 0.10972155
v 0.03407528 0.47439149 0.10614233
v 0.03407509 0.47210324 0.10808703
v 0.06029392 0.47273123 0.10713243
v 0.02728422 -0.11834268 0.10604355
v 0.02800147 -0.14940232 0.10601462
v 0.01981642 -0.17136821 0.10598505
v 0.05224867 -0.41777062 0.10546895
v 0.02491278 -0.40876755 0.1054787
v 0.02703156 -0.45348191 0.10548373
v 0.071339 0.47149938 0.10807168
v 0.01925927 0.30013916 0.10881922
v 0.02690711 0.42899224 0.10949413
v 0.03389995 0.37682307 0.10952333
v 0.04030829 0.36115178 0.10948572
v 0.01141508 0.34963328 0.10930263
v 0.05740231 0.34917724 0.10942127
v 0.01931528 0.00167907 0.10662451
v 0.02394989 0.46995649 0.10969195
v 0.02394989 0.46995649 0.10969195
v -0.00126629 0.33609068 0.10893009
v 0.04921504 0.31421474 0.10886051
v 0.00475168 -0.46991825 0.1054279
v -0.01217396 -0.48144668 0.10535491
v 0.01352725 0.42271942 0.10965252
v 0.01234863 0.39846915 0.10959075
v -0.00799976 0.49999058 -0.00796517
v 0.00373773 -0.30385008 0.10564554
v 0.00171496 -0.35139316 0.10550618
v 0.00284431 -0.38591549 0.10549304
v 0.0107674 -0.43512234 0.10548326
v 0.01564445 0.24063586 0.1087212
v 0.00126584 0.05855515 0.10734999
v 0.00700785 0.04707599 0.10707162
v 0.02268197 0.49193001 0.11084222
v 0.02268197 0.49193001 0.11084222
v 0.02217663 0.46819231 0.10987311
v 0.04911258 0.4035252 0.10937577
v 0.01497581 -0.07443297 0.10616171
v 0.00579329 0.49848089 0.10730868
v 0.02132937 0.31749719 0.1088939
v 0.01925927 0.30013916 0.10881922
v 0.00967112 0.07786445 0.10785046
v 0.04864459 0.44420093 0.10961338
v 0.00956009 0.44239426 0.10967577
v 0.02690711 0.42899224 0.10949413
v 0.01935049 0.41013947 0.10955724
v -0.00410566 0.40277645 0.10957285
v 0.01060016 0.37135753 0.10952011
v -0.00759784 0.4999581 -0.07477965
v 0.00108052 -0.02692211 0.10646691
v 0.05542015 -0.4753615 0.10533907
v 0.00475168 -0.46991825 0.1054279
v -0.01217396 -0.48144668 0.10535491
v -0.00626258 0.48064837 0.11085726
v -0.00626258 0.48064837 0.11085726
v 0.01965267 0.45155391 0.10941286
v 0.00956009 0.44239426 0.10967577
v 0.04066329 0.45182696 0.10940634
v 0.01965267 0.45155391 0.10941286
v 0.04864459 0.44420093 0.10961338
v 0.01087683 0.47428665 0.1060483
v 0.00706497 0.47301397 0.10698263
v 0.03407509 0.47210324 0.10808703
v 0.00067379 -0.12071025 0.10606777
v -0.00625779 -0.26543394 0.10573959
v -0.0085158 0.32148123 0.10888793
v 0.00710057 0.27352673 0.10876278
v 0.00013645 0.13758081 0.10827863
v 0.00898916 -0.04137456 0.10639577
v 0.00977952 0.4971 0.10894486
v 0.00977952 0.4971 0.10894486
v 0.02217663 0.46819231 0.10987311
v 0.01152562 0.38048613 0.10951255
v -0.03831177 0.49998489 0.03980256
v 0.00255364 0.47586712 0.1063889
v 0.00447232 0.47187477 0.10817686
v 0.01141508 0.34963328 0.10930263
v -0.00851509 -0.49915662 0.10515456
v -0.00335002 0.49529704 0.11039352
v 0.00738801 0.42862859 0.10947827
v -0.04526662 0.4998056 -0.10925576
v -0.0299614 0.49996144 -0.05335774
v -0.0133216 -0.32839176 0.10555435
v -0.0185186 0.2272687 0.10866724
v -0.00995484 0.02183239 0.10683638
v 0.00738801 0.42862859 0.10947827
v -0.02394762 0.49843264 -0.11175004
v -0.01123942 -0.09681672 0.10609434
v -0.01333166 -0.14871988 0.10601673
v -0.00439666 -0.19310135 0.10591519
v -0.01219174 -0.45828781 0.10548587
v 0.0046786 0.46990916 0.10971934
v 0.00221961 0.11168236 0.10812737
v -0.03041667 0.06713496 0.10756268
v -0.02121535 0.03749795 0.10693178
v -0.01177859 0.49198857 0.11110288
v -0.01177859 0.49198857 0.11110288
v -0.01346345 0.48560581 0.11090434
v -0.00473621 0.46101695 0.10975257
v -0.00529172 0.45200098 0.10962629
v -0.01120106 0.3614378 0.10941872
v -0.01120106 0.3614378 0.10941872
v -0.02302843 -0.40974873 0.10547097
v -0.01787878 0.34934717 0.10922401
v -0.02317904 0.27533627 0.10876447
v -0.0180788 0.47779444 0.11066788
v -0.01875579 0.4682076 0.11005618
v -0.01757843 0.38058901 0.10957696
v -0.02406456 0.09318027 0.10795704
v -0.01952367 0.00409355 0.10667159
v -0.05316542 -0.48814037 0.10533074
v -0.01673974 0.4438456 0.10987383
v -0.01683548 0.42160237 0.10977645
v -0.02932111 0.4999198 -0.09462553
v -0.03896986 0.50002617 0.07266559
v -0.03991788 0.50000572 0.10150121
v -0.01430477 -0.05071075 0.10635199
v -0.02604201 -0.07293786 0.10618152
v -0.02277418 -0.25158843 0.10576168
v -0.04127276 -0.43929213 0.1054793
v -0.03427021 0.18996508 0.10850656
v -0.02102049 -0.01099305 0.10657419
v -0.03329626 0.50010312 0.09772171
v -0.0396184 -0.23042244 0.10577162
v -0.02374291 0.47031292 0.1099112
v -0.03569966 0.305251 0.10884109
v -0.02637433 0.4276002 0.10965733
v -0.0332252 -0.19042724 0.10589442
v -0.03408108 -0.37338716 0.10548474
v -0.04422292 0.49968556 0.10474884
v -0.02794642 0.47292629 0.10690643
v -0.02796694 -0.02931798 0.1064648
v -0.04736441 -0.11804184 0.10603865
v -0.0391939 -0.15623942 0.10598958
v -0.03989581 0.33699477 0.10912657
v -0.03720522 0.12007964 0.10817383
v -0.04150086 0.07778624 0.10778187
v -0.05061078 0.05143461 0.1071303
v 0.00738801 0.42862859 0.10947827
v -0.01673974 0.4438456 0.10987383
v -0.02637433 0.4276002 0.10965733
v -0.05546236 0.39805719 0.10975572
v -0.04942448 0.47569788 0.1064109
v -0.03738144 0.47417819 0.10600623
v 0.01087683 0.47428665 0.1060483
v 0.00255364 0.47586712 0.1063889
v -0.03738144 0.47417819 0.10600623
v -0.05139207 -0.46448252 0.10544795
v -0.03302397 0.14827907 0.10834399
v -0.04083842 0.02072925 0.10681491
v -0.04164651 -0.09883352 0.10606146
v -0.05139207 -0.46448252 0.10544795
v -0.04798554 0.45214868 0.10965228
v -0.05491224 0.40306681 0.10958767
v -0.0758762 0.49995822 -0.00859276
v -0.06857935 0.500027 0.08402444
v -0.04642973 -0.05129169 0.10634421
v -0.06025053 -0.32907388 0.1055152
v -0.06684284 0.49861926 0.10714163
v -0.05104483 0.49195892 0.11110266
v -0.01346345 0.48560581 0.11090434
v -0.05361484 -0.30097437 0.10561879
v -0.07584247 -0.49922851 0.10510211
v -0.04519766 0.49722794 0.10876571
v -0.04519766 0.49722794 0.10876571
v -0.04760003 0.4953995 0.11028948
v -0.04562566 0.47041166 0.10999486
v -0.0624481 0.42139894 0.10977993
v -0.03821502 0.38266003 0.10962451
v -0.05709562 -0.02067481 0.1065172
v -0.04967367 -0.17683864 0.10592418
v -0.05977974 -0.26911724 0.10567775
v -0.04973412 0.47178593 0.10852951
v -0.05064103 0.26612377 0.10874468
v -0.06359458 0.2105397 0.10861969
v -0.05104483 0.49195892 0.11110266
v -0.05170863 0.48641676 0.11093568
v -0.01346345 0.48560581 0.11090434
v -0.05170863 0.48641676 0.11093568
v -0.04983356 0.48068669 0.11088741
v -0.06840954 0.34827045 0.10939153
v -0.03791058 0.34549984 0.10930685
v -0.07907216 0.49991989 -0.08587564
v -0.05027614 0.47310108 0.10691865
v -0.07204301 -0.38269126 0.10545398
v -0.04750389 0.23372032 0.10865857
v -0.05567429 0.15766209 0.10833102
v -0.0538524 0.47773993 0.11067064
v -0.07752214 0.44497237 0.1097618
v -0.05916343 0.37578475 0.10963584
v -0.06463829 0.49985865 -0.10051297
v -0.06671162 0.32786828 0.10896639
v -0.07676346 0.08556912 0.1078496
v -0.0603834 0.4682627 0.1099777
v -0.10349759 0.49932727 -0.11145654
v -0.10349759 0.49932727 -0.11145654
v -0.0667773 -0.03846249 0.10644828
v -0.06048907 0.29284668 0.10882356
v -0.07576862 0.17566767 0.10833198
v -0.05111748 0.42728853 0.10959893
v -0.07171768 0.00132472 0.10665651
v -0.04642973 -0.05129169 0.10634421
v -0.07897773 -0.07071126 0.10615622
v -0.02604201 -0.07293786 0.10618152
v -0.06979932 -0.08634686 0.10605659
v -0.07786597 -0.21299833 0.10573567
v -0.07180882 -0.35219061 0.10546607
v -0.07601473 -0.4079724 0.105434
v -0.07481585 0.03889011 0.10692908
v -0.05111748 0.42728853 0.10959893
v -0.07391256 0.35919023 0.10956076
v -0.07897773 -0.07071126 0.10615622
v -0.08435351 -0.2322198 0.10569893
v -0.08980428 -0.43210855 0.10544208
v -0.05567429 0.15766209 0.10833102
v -0.06895208 0.14061731 0.10821798
v -0.03302397 0.14827907 0.10834399
v -0.03720522 0.12007964 0.10817383
v -0.06224408 0.11814182 0.1080934
v -0.07067499 0.10009567 0.10798924
v -0.08558199 -0.4807744 0.10537329
v -0.08558199 -0.4807744 0.10537329
v -0.06888121 0.49732986 0.1089789
v -0.06888121 0.49732986 0.1089789
v -0.06698237 0.42929965 0.10963459
v -0.10443721 0.49846774 -0.11172822
v -0.04942448 0.47569788 0.1064109
v -0.07053041 0.47516432 0.10662194
v -0.07055087 0.47375602 0.10619254
v -0.08269805 -0.04784007 0.10635923
v -0.08566586 -0.19717091 0.10578784
v -0.07186112 0.2552591 0.10871874
v -0.07676346 0.08556912 0.1078496
v -0.08177905 0.07050192 0.10757339
v -0.07474134 0.49544498 0.11061098
v -0.07407665 0.49198985 0.11125156
v -0.07407665 0.49198985 0.11125156
v -0.06853905 0.45117629 0.10955841
v -0.07308204 0.40413308 0.10969676
v -0.11253618 0.49993867 -0.04773622
v -0.10928449 0.49994421 0.05158154
v -0.07277647 -0.14101616 0.10599034
v -0.08039713 0.47006434 0.10956418
v -0.08005175 0.22284438 0.10864589
v -0.0667773 -0.03846249 0.10644828
v -0.10221668 0.33520535 0.10929429
v -0.10804307 0.49967238 0.1045369
v -0.07287024 0.47255269 0.10682745
v -0.07426646 -0.16652253 0.10594309
v -0.08846441 -0.25672403 0.10566507
v -0.07856514 0.47154 0.10815901
v -0.08190151 0.30519122 0.10882646
v -0.10930193 0.20169666 0.10854582
v -0.07768302 0.02192117 0.10680589
v -0.10256916 -0.46825671 0.10543664
v -0.07821897 0.48061755 0.11106157
v -0.07541844 0.47715768 0.11079187
v -0.08109096 0.37624288 0.10969502
v -0.08724765 -0.11901048 0.10599919
v -0.10425719 -0.18153845 0.10584229
v -0.11867703 -0.30524826 0.10554216
v -0.08833247 -0.01422617 0.1065653
v -0.12870608 -0.49921826 0.10511708
v -0.10344283 0.50003082 0.10073128
v -0.05361484 -0.30097437 0.10561879
v -0.09302993 -0.28602374 0.10561615
v -0.11867703 -0.30524826 0.10554216
v -0.09187318 0.27196923 0.10869046
v -0.06359458 0.2105397 0.10861969
v -0.10930193 0.20169666 0.10854582
v -0.03427021 0.18996508 0.10850656
v -0.07576862 0.17566767 0.10833198
v -0.06224408 0.11814182 0.1080934
v -0.09138185 0.11252357 0.10800186
v -0.07067499 0.10009567 0.10798924
v -0.10223757 0.48605692 0.11110197
v -0.0603834 0.4682627 0.1099777
v -0.08796214 0.45092452 0.10955805
v -0.06853905 0.45117629 0.10955841
v -0.08969726 0.42321098 0.10972861
v -0.09575326 0.39778343 0.10977037
v -0.0974983 0.37989068 0.10970807
v -0.11661438 0.4997648 -0.10924247
v -0.08269805 -0.04784007 0.10635923
v -0.12428398 -0.45713794 0.10544096
v -0.08005175 0.22284438 0.10864589
v -0.10543777 0.21468458 0.10858704
v -0.09480835 0.1495641 0.10817768
v -0.06895208 0.14061731 0.10821798
v -0.08675335 0.12506032 0.1080588
v -0.08039713 0.47006434 0.10956418
v -0.08594426 0.4681755 0.10980231
v -0.0912506 0.43101001 0.1095422
v -0.09580299 0.40370941 0.10964471
v -0.10287288 0.01294885 0.10674488
v -0.11184685 -0.15698853 0.1059285
v -0.12352636 -0.33127004 0.10545567
v -0.08200392 0.33099034 0.10908408
v -0.10814761 0.0557119 0.10722128
v -0.11907135 0.47540858 0.10657004
v -0.10670736 0.47376454 0.10612427
v -0.12190857 -0.08547525 0.10606328
v -0.09302993 -0.28602374 0.10561615
v -0.0952895 0.31895307 0.10886916
v -0.08796214 0.45092452 0.10955805
v -0.12862948 0.49994648 0.02329782
v -0.11070219 -0.06347631 0.10623449
v -0.11565678 -0.35942256 0.10543169
v -0.13259824 -0.39590493 0.10539354
v -0.10571456 0.25432956 0.10864745
v -0.10543777 0.21468458 0.10858704
v -0.09480835 0.1495641 0.10817768
v -0.10256916 -0.46825671 0.10543664
v -0.11271725 0.49718216 0.1090294
v -0.11271725 0.49718216 0.1090294
v -0.07474134 0.49544498 0.11061098
v -0.12242802 0.49179667 0.11127731
v -0.07407665 0.49198985 0.11125156
v -0.12242802 0.49179667 0.11127731
v -0.12066197 0.48078546 0.11101509
v -0.11534031 0.35968539 0.10958977
v -0.1221639 -0.10577714 0.1060118
v -0.08200392 0.33099034 0.10908408
v -0.10221668 0.33520535 0.10929429
v -0.0952895 0.31895307 0.10886916
v -0.125471 0.19113281 0.10847826
v -0.11800578 0.16683553 0.1082582
v -0.12022986 0.08539429 0.1078696
v -0.11966366 0.46828875 0.10996372
v -0.08594426 0.4681755 0.10980231
v -0.12015099 0.45863515 0.10976347
v -0.13065889 0.49996424 0.07234146
v -0.1254192 0.47233531 0.10687713
v -0.12233222 -0.23650634 0.10565588
v -0.10823662 0.29999927 0.10871704
v -0.12776026 0.07379491 0.10770907
v -0.10814761 0.0557119 0.10722128
v -0.12143664 0.03732926 0.10692917
v -0.07481585 0.03889011 0.10692908
v -0.10287288 0.01294885 0.10674488
v -0.11620063 -0.04755891 0.10638507
v -0.12225883 0.45140791 0.10968439
v -0.11392079 0.44431454 0.10979753
v -0.11633593 0.43161285 0.10961057
v -0.11124356 0.4141016 0.10968913
v -0.11687252 0.49850249 0.10699728
v -0.11350435 0.14058021 0.10814779
v -0.11070219 -0.06347631 0.10623449
v -0.13875508 -0.13462321 0.10596876
v -0.11832039 0.38490605 0.10971367
v -0.12100333 0.34708241 0.10945028
v -0.13021348 0.4999094 -0.08513196
v -0.14334217 -0.20837656 0.10569467
v -0.13547024 0.33471313 0.10928101
v -0.1323328 0.29437917 0.1087046
v -0.12093435 0.10728476 0.10798274
v -0.11868659 -0.0233057 0.10655367
v -0.11271725 0.49718216 0.1090294
v -0.11518688 0.49528632 0.11066362
v -0.13511281 0.47784218 0.11074911
v -0.12747659 -0.43043667 0.10541496
v -0.14299333 -0.26491082 0.10560521
v -0.1353858 -0.28469911 0.10557579
v -0.13904348 0.323475 0.10899569
v -0.13904348 0.323475 0.10899569
v -0.12729207 0.31606448 0.10886167
v -0.13930432 0.24858972 0.10866614
v -0.13213599 0.22740516 0.10861513
v -0.14214417 0.11878574 0.10808384
v -0.14120506 0.40372595 0.10957969
v -0.14854674 0.49994278 -0.019123
v -0.13436523 0.4999676 0.09594961
v -0.13714793 0.49985796 0.10120624
v -0.13227105 0.47113124 0.10880564
v -0.13593824 0.47023389 0.10989011
v -0.13994142 0.27742106 0.10867718
v -0.13396116 0.14842647 0.10817431
v -0.16752382 0.04153107 0.10702129
v -0.12143664 0.03732926 0.10692917
v -0.13579881 0.01969958 0.10680729
v -0.12933311 0.00099253 0.1066781
v -0.14068986 0.44705409 0.1097727
v -0.13350295 0.39649722 0.10971686
v -0.13539946 0.49943811 0.10455572
v -0.13750701 0.47386068 0.10599671
v -0.16111328 -0.4885568 0.10537703
v -0.13996562 0.49678969 0.10904863
v -0.13996562 0.49678969 0.10904863
v -0.13593851 0.49503237 0.11059093
v -0.11518688 0.49528632 0.11066362
v -0.14604726 0.42456043 0.10969626
v -0.14035942 0.49838647 -0.11171314
v -0.13213599 0.22740516 0.10861513
v -0.13547024 0.33471313 0.10928101
v -0.15125105 0.49928811 -0.11138323
v -0.15125105 0.49928811 -0.11138323
v -0.13457692 0.47562718 0.10643189
v -0.13908288 -0.17935789 0.10583766
v -0.15028702 -0.23321673 0.10564372
v -0.15936816 0.30223334 0.1087647
v -0.14999416 0.09559596 0.10800344
v -0.14893943 -0.023164 0.10658284
v -0.15681571 0.34498933 0.10957825
v -0.15371539 0.49976206 -0.10924489
v -0.17020267 0.49998441 0.09456725
v -0.13750701 0.47386068 0.10599671
v -0.14469334 0.4725737 0.1069013
v -0.1254192 0.47233531 0.10687713
v -0.14691556 -0.05442638 0.10634471
v -0.16096865 -0.44895133 0.10543042
v -0.14723821 0.49835074 0.10698171
v -0.13227105 0.47113124 0.10880564
v -0.1526024 0.16753742 0.10824148
v -0.15283357 0.065392 0.10757019
v -0.16080639 0.36334938 0.10973418
v -0.1604078 0.34867927 0.10957804
v -0.13336019 0.08411518 -0.11174668
v -0.1461333 0.09947253 -0.1118781
v -0.12292739 0.09729445 -0.1116854
v -0.11070219 -0.06347631 0.10623449
v -0.14691556 -0.05442638 0.10634471
v -0.12190857 -0.08547525 0.10606328
v -0.15733105 0.48633149 0.11105095
v -0.1559862 0.4803516 0.11096128
v -0.15848397 0.45183226 0.10960634
v -0.15939984 0.49984452 -0.09781451
v -0.15637638 0.47531343 0.10654294
v -0.14705192 -0.36042839 0.10538509
v -0.14469334 0.4725737 0.1069013
v -0.15329956 0.47148496 0.10837248
v -0.14853248 0.47012866 0.10969077
v -0.1665137 0.05161165 0.10722235
v -0.1665137 0.05161165 0.10722235
v -0.16752382 0.04153107 0.10702129
v -0.16249982 0.49217972 0.11129022
v -0.1574194 0.46816698 0.10982933
v -0.14068986 0.44705409 0.1097727
v -0.16004932 0.43015084 0.10939135
v -0.11633593 0.43161285 0.10961057
v -0.16338453 0.37693891 0.109706
v -0.16072913 -0.16155902 0.1059306
v -0.11867703 -0.30524826 0.10554216
v -0.1578811 -0.30907136 0.10548905
v -0.12352636 -0.33127004 0.10545567
v -0.16147694 -0.41277528 0.10537922
v -0.16129136 0.19702017 0.10862457
v -0.16153938 0.01016493 0.10678294
v -0.16253529 0.460684 0.10964417
v -0.14604726 0.42456043 0.10969626
v -0.15998235 0.3962667 0.10957701
v -0.15910092 0.49794042 -0.11144129
v -0.16553095 0.49992201 0.04454523
v -0.17267965 0.49956203 0.10472669
v -0.15315214 -0.09173994 0.10606226
v -0.1221639 -0.10577714 0.1060118
v -0.13875508 -0.13462321 0.10596876
v -0.14705192 -0.36042839 0.10538509
v -0.16107981 0.32169655 0.10904597
v -0.13904348 0.323475 0.10899569
v -0.16107981 0.32169655 0.10904597
v -0.15936816 0.30223334 0.1087647
v -0.13930432 0.24858972 0.10866614
v -0.16129136 0.19702017 0.10862457
v -0.13213599 0.22740516 0.10861513
v -0.16332597 0.476971 0.11074529
v -0.15881373 0.44638073 0.10970479
v -0.1585186 0.40451604 0.10936809
v -0.15315214 -0.09173994 0.10606226
v -0.16661489 -0.13061327 0.1060247
v -0.1578811 -0.30907136 0.10548905
v -0.16125125 -0.37482783 0.10538854
v -0.16275325 0.47010383 0.10985973
v -0.16084428 0.33437574 0.10947426
v -0.15980271 0.25755957 0.10871263
v -0.15980271 0.25755957 0.10871263
v -0.16124494 0.13714509 0.10820529
v -0.17874674 -0.06664828 0.10634603
v -0.16335538 -0.19456388 0.1057827
v -0.16247952 0.49526498 0.11070135
v -0.15881373 0.44638073 0.10970479
v -0.16004932 0.43015084 0.10939135
v -0.16033113 0.42471856 0.10952996
v -0.16255777 0.49871212 -0.11062279
v -0.15920261 0.31215289 -0.11167234
v -0.15426953 0.28623486 -0.11173506
v -0.16028585 0.28441751 -0.11186663
v -0.16034967 0.25046119 -0.11187775
v -0.15199198 0.23468572 -0.11174975
v -0.16033214 0.20215844 -0.111826
v -0.15981252 0.18467224 -0.11183079
v -0.16255777 0.49871212 -0.11062279
v -0.1632794 0.49964663 -0.10870431
v -0.16464713 0.49993682 -0.01402744
v -0.16676073 0.49986717 0.10145366
v -0.16666107 0.47404107 0.10633914
v -0.16696404 0.47291213 0.10689655
v -0.13259824 -0.39590493 0.10539354
v -0.17891195 0.08957483 0.1080393
v -0.17636436 0.07434773 0.10781038
v -0.18228063 -0.49602148 0.10519766
v -0.17865509 -0.49918285 0.10520682
v -0.14604726 0.42456043 0.10969626
v -0.16033113 0.42471856 0.10952996
v -0.1585186 0.40451604 0.10936809
v -0.16038974 0.30783248 -0.11172385
v -0.1619985 0.31008586 -0.1112479
v -0.16424476 -0.21968192 0.1056874
v -0.16839254 -0.27080572 0.10561837
v -0.16766095 -0.36300749 0.10543858
v -0.16125125 -0.37482783 0.10538854
v -0.16147694 -0.41277528 0.10537922
v -0.17899999 0.49867317 0.10724954
v -0.17104951 0.47188321 0.10848602
v -0.16513009 0.16426545 0.10843673
v -0.17774148 -0.04382209 0.10652078
v -0.17874674 -0.06664828 0.10634603
v -0.18311441 -0.07873947 0.10627827
v -0.17104964 0.45422521 0.10990228
v -0.16762905 0.44696164 0.10987856
v -0.16762905 0.44696164 0.10987856
v -0.1676401 0.40544924 0.10940545
v -0.17110193 0.39817876 0.10980007
v -0.17110193 0.39817876 0.10980007
v -0.17195348 0.34577587 0.10991195
v -0.16624443 0.49901721 -0.10898762
v -0.17512113 0.49957606 -0.09726997
v -0.17595145 0.49973547 -0.08503756
v -0.16955501 0.49989083 -0.03404522
v -0.17895313 0.49992833 0.08177613
v -0.15637638 0.47531343 0.10654294
v -0.17068647 0.47527525 0.10710012
v -0.16666107 0.47404107 0.10633914
v -0.16802591 -0.31959736 0.10552944
v -0.17122844 0.46932161 0.11022775
v -0.16962202 0.42914951 0.10947304
v -0.1676401 0.40544924 0.10940545
v -0.17138144 0.33305869 0.10978393
v -0.17097151 0.32130447 0.10930474
v -0.17080934 0.29426056 0.10893443
v -0.17080934 0.29426056 0.10893443
v -0.17098141 0.2648268 0.10890718
v -0.17116199 0.23856539 0.10892458
v -0.17116199 0.23856539 0.10892458
v -0.17152517 0.1967112 0.10889825
v -0.17152517 0.1967112 0.10889825
v -0.16513009 0.16426545 0.10843673
v -0.17068376 0.14433978 0.10836612
v -0.16124494 0.13714509 0.10820529
v -0.17790698 0.00377331 0.10669173
v -0.16766095 -0.36300749 0.10543858
v -0.17954917 0.49741441 0.10918562
v -0.13996562 0.49678969 0.10904863
v -0.17954917 0.49741441 0.10918562
v -0.16792583 0.49531144 0.1107461
v -0.16247952 0.49526498 0.11070135
v -0.16720816 0.49246955 0.1113269
v -0.17112792 0.4770613 0.11087178
v -0.16813278 0.47673681 0.11077121
v -0.16396242 0.47551483 0.10923612
v -0.16332597 0.476971 0.11074529
v -0.16629143 0.47520468 0.11075561
v -0.16629143 0.47520468 0.11075561
v -0.17131701 0.37104869 0.10997661
v -0.17140058 0.35030836 0.10972386
v -0.16510734 0.49410298 0.11154656
v -0.16792583 0.49531144 0.1107461
v -0.17217796 0.49825943 -0.10510048
v -0.17360631 0.49937981 -0.10202517
v -0.17068647 0.47527525 0.10710012
v -0.17279886 0.47366759 0.10702614
v -0.17104964 0.45422521 0.10990228
v -0.17326188 0.44227433 0.11002528
v -0.16762905 0.44696164 0.10987856
v -0.17326188 0.44227433 0.11002528
v -0.17250901 0.40487686 0.1097165
v -0.17089061 0.15892994 0.10869928
v -0.17089061 0.15892994 0.10869928
v -0.17068376 0.14433978 0.10836612
v -0.18343754 -0.12261435 0.10614373
v -0.18315211 -0.17961144 0.10601114
v -0.18325269 -0.26970103 0.10576326
v -0.18350844 -0.34487224 0.10571567
v -0.18316557 -0.41601095 0.10554013
v -0.18316557 -0.41601095 0.10554013
v -0.18341267 -0.45267713 0.10568234
v -0.18345615 -0.4840638 0.10554551
v -0.17792983 0.49211565 0.11125994
v -0.16720816 0.49246955 0.1113269
v -0.18655989 0.49151409 0.11119063
v -0.18655989 0.49151409 0.11119063
v -0.17964874 0.49972615 -0.06058486
v -0.17986046 0.49970466 -0.04567446
v -0.18284725 0.49962088 -0.03700539
v -0.17854068 0.49981022 -0.0015897
v -0.18042514 0.49981681 0.04215347
v -0.17952351 0.49979132 0.09971922
v -0.16962291 0.47547179 0.10875629
v -0.17380194 0.47499138 0.11065072
v -0.17279886 0.47366759 0.10702614
v -0.17321254 0.47237933 0.10912787
v -0.17104951 0.47188321 0.10848602
v -0.17321254 0.47237933 0.10912787
v -0.17372864 0.47012901 0.11061297
v -0.17122844 0.46932161 0.11022775
v -0.17306897 0.32987726 0.109726
v -0.17097151 0.32130447 0.10930474
v -0.17306897 0.32987726 0.109726
v -0.17309849 0.29837587 0.10942027
v -0.17080934 0.29426056 0.10893443
v -0.17309849 0.29837587 0.10942027
v -0.1734395 0.25557801 0.10948653
v -0.17379335 0.19816433 0.10934231
v -0.17379335 0.19816433 0.10934231
v -0.17379335 0.19816433 0.10934231
v -0.17453063 0.15991065 0.10907651
v -0.17697617 0.14372958 0.10862797
v -0.17715548 0.04356455 0.10698085
v -0.17715548 0.04356455 0.10698085
v -0.17112792 0.4770613 0.11087178
v -0.17642744 0.47643667 0.11090652
v -0.17380194 0.47499138 0.11065072
v -0.17372864 0.47012901 0.11061297
v -0.17372864 0.47012901 0.11061297
v -0.17586085 0.45400429 0.11088427
v -0.17586085 0.45400429 0.11088427
v -0.17389499 0.4415707 0.11042091
v -0.17348826 0.40046766 0.11027811
v -0.17110193 0.39817876 0.10980007
v -0.17348826 0.40046766 0.11027811
v -0.17131701 0.37104869 0.10997661
v -0.17364113 0.33156648 0.11014077
v -0.17217796 0.49825943 -0.10510048
v -0.17613003 0.49824914 -0.09940797
v -0.17360631 0.49937981 -0.10202517
v -0.17613003 0.49824914 -0.09940797
v -0.17809953 0.49834815 -0.09510874
v -0.17787941 0.49919885 -0.09240873
v -0.17863338 0.49962696 -0.08177454
v -0.18680634 0.11987312 0.10852476
v -0.18100834 0.49486932 0.11110418
v -0.18637457 0.47862849 0.11104787
v -0.17380194 0.47499138 0.11065072
v -0.17372864 0.47012901 0.11061297
v -0.17321254 0.47237933 0.10912787
v -0.17279886 0.47366759 0.10702614
v -0.17636612 0.44047081 0.11077534
v -0.17622305 0.40303051 0.11070967
v -0.17596361 0.36457235 0.11073727
v -0.17596361 0.36457235 0.11073727
v -0.17195348 0.34577587 0.10991195
v -0.17616758 0.33528596 0.11055059
v -0.17364113 0.33156648 0.11014077
v -0.17616758 0.33528596 0.11055059
v -0.17614563 0.3068797 0.11041795
v -0.17364113 0.33156648 0.11014077
v -0.17407387 0.27902558 0.11022292
v -0.17364113 0.33156648 0.11014077
v -0.17614563 0.3068797 0.11041795
v -0.17407387 0.27902558 0.11022292
v -0.17619516 0.25403062 0.11052044
v -0.17416982 0.21881036 0.11011118
v -0.17416982 0.21881036 0.11011118
v -0.17621808 0.22216937 0.11041842
v -0.17621808 0.22216937 0.11041842
v -0.17692013 0.1813352 0.10991179
v -0.17484076 0.18192533 0.10963113
v -0.17484076 0.18192533 0.10963113
v -0.17692013 0.1813352 0.10991179
v -0.17809953 0.49834815 -0.09510874
v -0.17928442 0.49865508 -0.0857433
v -0.17787941 0.49919885 -0.09240873
v -0.17928442 0.49865508 -0.0857433
v -0.18077944 0.49880952 -0.07299586
v -0.18176425 0.49871472 -0.0613474
v -0.18194319 0.49929309 -0.05562093
v -0.18357097 0.49975532 -0.02015997
v -0.18734291 0.49968094 0.00894667
v -0.18765284 0.4996528 0.01789038
v -0.18943529 0.49884352 0.10416479
v -0.17697617 0.14372958 0.10862797
v -0.18655016 0.08480175 0.108111
v -0.18685447 0.05862832 0.10763808
v -0.18292759 0.0484593 0.10735444
v -0.18272156 -0.00613573 0.10687923
v -0.18291818 -0.04388915 0.10673486
v -0.17792983 0.49211565 0.11125994
v -0.18077703 0.49396399 0.11136537
v -0.1814232 0.4087193 0.11071833
v -0.18596753 0.38240716 0.11086462
v -0.18070315 0.34996551 0.11063302
v -0.18627997 0.32684475 0.11061879
v -0.18649365 0.26637861 0.11080755
v -0.17619516 0.25403062 0.11052044
v -0.18070138 0.19837926 0.11026075
v -0.18204583 0.17463219 0.11014364
v -0.17453063 0.15991065 0.10907651
v -0.18606986 0.15443537 0.10973032
v -0.18100834 0.49486932 0.11110418
v -0.18194319 0.49929309 -0.05562093
v -0.18176425 0.49871472 -0.0613474
v -0.18377386 0.49864963 -0.04321547
v -0.18377386 0.49864963 -0.04321547
v -0.18587206 0.49880549 -0.02213
v -0.18635824 0.49962708 -0.01087056
v -0.19124831 0.49955839 0.04657625
v -0.19116396 0.49954981 0.08340111
v -0.19102579 0.49908975 0.09997791
v -0.1899707 0.49802279 0.10643741
v -0.1869373 0.14260176 0.10898312
v -0.18669772 -0.00713343 0.10696771
v -0.18272156 -0.00613573 0.10687923
v -0.18669772 -0.00713343 0.10696771
v -0.18673365 -0.04710234 0.1067174
v -0.18291818 -0.04388915 0.10673486
v -0.18673365 -0.04710234 0.1067174
v -0.18703265 -0.07652371 0.10622162
v -0.18703282 -0.12714197 0.10603331
v -0.1870182 -0.21207818 0.10576591
v -0.18708654 -0.28174818 0.1055258
v -0.18699305 -0.35807267 0.10548289
v -0.18697812 -0.41329941 0.1052942
v -0.18693759 -0.44732326 0.10541556
v -0.1865095 -0.48293591 0.1053446
v -0.18532524 -0.49858677 0.10481718
v -0.18701775 0.49696746 0.10912594
v -0.18701775 0.49696746 0.10912594
v -0.18690491 0.49509776 0.11070972
v -0.17954917 0.49741441 0.10918562
v -0.18611246 0.41640687 0.11082876
v -0.18605603 0.35408053 0.11071864
v -0.18623193 0.22805449 0.11055055
v -0.18623193 0.22805449 0.11055055
v -0.18611687 0.19635952 0.1103073
v -0.1867189 0.17040119 0.1102582
v -0.18532534 -0.49898136 -0.02234109
v -0.18580601 -0.49870098 -0.01854402
v -0.18618512 -0.49538496 -0.01362944
v -0.18587206 0.49880549 -0.02213
v -0.18658237 0.49817824 -0.01997777
v -0.18635824 0.49962708 -0.01087056
v -0.18865776 0.49870905 -0.00031043
v -0.18711093 -0.39097691 -0.01191067
v -0.18847932 -0.3586123 0.00026425
v -0.18665683 -0.33885404 -0.01662276
v -0.18865776 0.49870905 -0.00031043
v -0.1894047 0.49869356 0.0093568
v -0.18961929 0.49915627 0.01464197
v -0.19024605 0.49943089 0.02563249
v -0.19098201 0.14149775 0.10876291
v -0.19094902 0.1300073 0.10870963
v -0.19094902 0.1300073 0.10870963
v -0.19088601 0.09461614 0.10808168
v -0.18655016 0.08480175 0.108111
v -0.19067197 0.06167636 0.10745116
v -0.18685447 0.05862832 0.10763808
v -0.19067197 0.06167636 0.10745116
v -0.1906528 0.03058741 0.10694493
v -0.18685447 0.05862832 0.10763808
v -0.1906528 0.03058741 0.10694493
v -0.19052289 -0.01853961 0.10632323
v -0.19052289 -0.01853961 0.10632323
v -0.1905656 -0.07828448 0.10563048
v -0.19043882 -0.13572419 0.10535298
v -0.19037436 -0.21714543 0.10498257
v -0.19006403 -0.31529006 0.10481121
v -0.1897572 -0.40772474 0.10464714
v -0.18693759 -0.44732326 0.10541556
v -0.1897572 -0.40772474 0.10464714
v -0.18888551 -0.47623634 0.1048279
v -0.1865095 -0.48293591 0.1053446
v -0.1902665 -0.4938072 0.10377954
v -0.1902665 -0.4938072 0.10377954
v -0.19251156 0.49627382 0.10830667
v -0.19251156 0.49627382 0.10830667
v -0.19058315 0.49490607 0.10998899
v -0.19038716 0.49174672 0.11059681
v -0.19040835 0.47533673 0.11078514
v -0.19062717 0.41605338 0.1106003
v -0.1904991 0.38129318 0.11062678
v -0.19067675 0.32160223 0.11037051
v -0.19061694 0.27112445 0.11050444
v -0.18649365 0.26637861 0.11080755
v -0.19061694 0.27112445 0.11050444
v -0.19077662 0.20062643 0.10996115
v -0.18623193 0.22805449 0.11055055
v -0.19077662 0.20062643 0.10996115
v -0.19041939 0.16976206 0.11000089
v -0.1894047 0.49869356 0.0093568
v -0.18960215 0.4978925 0.00999474
v -0.18961929 0.49915627 0.01464197
v -0.19111218 0.49853161 0.02474777
v -0.19111218 0.49853161 0.02474777
v -0.19299175 0.49863741 0.04180868
v -0.19344698 0.49905068 0.0527807
v -0.19411376 0.49929389 0.07202148
v -0.19432457 0.49900576 0.09292008
v -0.19412138 0.49788788 0.10278992
v -0.19164352 -0.26684996 0.10427967
v -0.19198729 -0.21408713 0.10438339
v -0.19443794 -0.26263443 0.10170852
v -0.19331014 -0.30998275 0.10282595
v -0.19163269 -0.31083295 0.10423107
v -0.19319963 -0.38394493 0.10262429
v -0.19136384 -0.38938725 0.10408294
v -0.19319449 -0.43081605 0.10261531
v -0.19129057 -0.43381491 0.10409173
v -0.19064826 -0.48548731 0.10398879
v -0.19295937 -0.47532842 0.10237205
v -0.19426601 -0.48220253 0.10097688
v -0.18947655 -0.49890754 0.10324322
v -0.19338706 -0.49834695 0.09981056
v -0.19264717 0.14100915 0.10845903
v -0.19351615 0.1330734 0.10781976
v -0.19350483 0.09551931 0.10684539
v -0.19088601 0.09461614 0.10808168
v -0.19340385 0.07871398 0.10669695
v -0.19305584 0.05083406 0.10592873
v -0.19298342 0.00895248 0.10555395
v -0.19254598 -0.05242968 0.10513574
v -0.19247396 -0.1200234 0.10467766
v -0.19225886 -0.17928302 0.10451324
v -0.19466084 0.49424085 0.10774022
v -0.19347127 0.49015415 0.10928515
v -0.19344279 0.47173652 0.10948674
v -0.19374524 0.43131894 0.10931443
v -0.19374524 0.43131894 0.10931443
v -0.1935416 0.38944373 0.10923664
v -0.19062717 0.41605338 0.1106003
v -0.1935416 0.38944373 0.10923664
v -0.19371103 0.35005274 0.10919038
v -0.19373366 0.31479356 0.10893139
v -0.19352612 0.24304302 0.10903948
v -0.19303206 0.17585367 0.10897646
v -0.19253427 0.15051757 0.1085403
v -0.19299175 0.49863741 0.04180868
v -0.19346452 0.49793923 0.04719114
v -0.19344698 0.49905068 0.0527807
v -0.19436972 0.498391 0.05969329
v -0.19411376 0.49929389 0.07202148
v -0.19552715 0.49840409 0.08229572
v -0.19552715 0.49840409 0.08229572
v -0.19570111 0.49781644 0.09635197
v -0.19451642 -0.38299057 0.10135718
v -0.19505578 -0.38633439 0.10002802
v -0.19473623 -0.42774197 0.10109043
v -0.19525447 0.49657777 0.10419714
v -0.1941915 0.07916173 0.10568679
v -0.19483657 0.0961929 0.10434739
v -0.19504941 0.06087824 0.10320667
v -0.19420694 0.05390968 0.10456587
v -0.1942001 0.01717598 0.10425958
v -0.19507746 -0.01493496 0.10265182
v -0.19373493 -0.05671266 0.10386023
v -0.19483644 -0.07416452 0.10224614
v -0.19363445 -0.10883366 0.10362784
v -0.19483362 -0.12102108 0.10210457
v -0.19363445 -0.10883366 0.10362784
v -0.19483362 -0.12102108 0.10210457
v -0.19476052 -0.17015386 0.10213538
v -0.19461708 -0.2077667 0.1016574
v -0.19461131 -0.30619064 0.10155206
v -0.19451642 -0.38299057 0.10135718
v -0.19404608 -0.49157327 0.10031921
v -0.19251156 0.49627382 0.10830667
v -0.19525447 0.49657777 0.10419714
v -0.19466084 0.49424085 0.10774022
v -0.19479254 0.29545543 0.10784131
v -0.19535841 0.31381792 0.10726001
v -0.19517431 0.268518 0.10724994
v -0.19473787 0.24730214 0.10791421
v -0.19496782 0.19912024 0.10744368
v -0.19454196 0.15475835 0.10684696
v -0.19451348 0.13429052 0.10675196
v -0.19351615 0.1330734 0.10781976
v -0.19451348 0.13429052 0.10675196
v -0.19436009 0.11256909 0.10607284
v -0.19350483 0.09551931 0.10684539
v -0.19506055 0.48583964 0.10806675
v -0.19509797 0.44063133 0.10804734
v -0.19509797 0.44063133 0.10804734
v -0.19502956 0.38462204 0.10787421
v -0.19502956 0.38462204 0.10787421
v -0.19556004 0.34577233 0.10749193
v -0.19479254 0.29545543 0.10784131
v 0.18935175 -0.4995704 -0.09268159
v 0.18947871 -0.49981222 -0.07847729
v 0.18933611 -0.49941093 -0.04578201
v 0.18935545 -0.49931365 0.03890519
v 0.18649141 -0.33366469 -0.10487945
v 0.18633495 -0.38507646 -0.10484701
v 0.18639025 -0.42867982 -0.10480206
v 0.18482018 -0.49871522 -0.1037481
v 0.18599029 -0.50006282 -0.10045175
v 0.18599029 -0.50006282 -0.10045175
v 0.1895386 -0.49890968 -0.0941226
v 0.18728134 -0.49997619 -0.09589539
v 0.18935175 -0.4995704 -0.09268159
v 0.18947871 -0.49981222 -0.07847729
v 0.18748246 -0.49999729 -0.0671242
v 0.18933611 -0.49941093 -0.04578201
v 0.18728951 -0.50003654 -0.00847592
v 0.18733753 -0.49997059 0.04956791
v 0.18935545 -0.49931365 0.03890519
v 0.18925577 -0.49891895 0.07683779
v 0.1871925 -0.49990472 0.07440767
v 0.18880844 -0.49894008 0.09179316
v 0.18684362 -0.4998253 0.09528076
v 0.18814258 -0.49883026 0.09496987
v 0.18533486 -0.49979693 0.09963551
v 0.18533486 -0.49979693 0.09963551
v 0.18578833 0.45187312 -0.10448261
v 0.18447152 0.3371475 -0.10602427
v 0.18525201 0.28297785 -0.10483312
v 0.18433605 0.21683949 -0.10588779
v 0.18215416 0.21073152 -0.10799601
v 0.18170074 0.14877866 -0.1085054
v 0.18411592 0.07845673 -0.10585474
v 0.18419793 0.04891628 -0.10640899
v 0.18418629 0.0085321 -0.1064447
v 0.18409826 -0.03279872 -0.10633422
v 0.18429373 -0.06342498 -0.10633365
v 0.18441442 -0.15934452 -0.10650773
v 0.18604237 -0.4901841 -0.10412109
v 0.18482018 -0.49871522 -0.1037481
v 0.17963357 -0.49992815 -0.10719465
v 0.17963357 -0.49992815 -0.10719465
v 0.18482018 -0.49871522 -0.1037481
v 0.17944992 -0.50004345 -0.08688725
v 0.18533486 -0.49979693 0.09963551
v 0.17780915 0.49427494 -0.11068805
v 0.17811042 0.44740492 -0.11094395
v 0.17823234 0.38120446 -0.11093513
v 0.17830163 0.33762911 -0.11100558
v 0.17829995 0.28820643 -0.11077645
v 0.17829782 0.20710391 -0.11065542
v 0.17851587 0.15439053 -0.11061165
v 0.17805718 0.10970617 -0.11065186
v 0.17827833 0.0813024 -0.1106116
v 0.17858493 0.04295745 -0.11013901
v 0.17835714 -0.06327111 -0.11005095
v 0.17815016 -0.12435345 -0.10995203
v 0.17807347 -0.19394553 -0.10989534
v 0.17794956 -0.26587015 -0.10975266
v 0.17815098 -0.29982987 -0.10974214
v 0.17797226 -0.34678653 -0.10947312
v 0.17851776 -0.43818608 -0.10943544
v 0.17783864 -0.48810202 -0.10955464
v 0.17450477 -0.49904969 -0.10967051
v 0.17138155 -0.50009185 -0.10894298
v 0.17940864 -0.50007105 0.02160639
v 0.17833014 -0.50006193 0.08701635
v 0.17640616 -0.5000779 0.10127867
v 0.18047643 -0.49907941 0.10398326
v 0.17805585 -0.50003189 0.10386602
v 0.17463209 0.49550763 -0.11120369
v 0.17524296 0.48193675 -0.11108696
v 0.17536551 0.46172628 -0.11122082
v 0.17562675 0.41853499 -0.11104897
v 0.17577937 0.35648745 -0.11117433
v 0.17557085 0.28907454 -0.11097987
v 0.17531821 0.21595636 -0.11091147
v 0.17550597 0.17172275 -0.11086322
v 0.17551921 0.13166413 -0.11090899
v 0.17515895 0.10728592 -0.11093971
v 0.17525005 0.07628499 -0.11081494
v 0.17516981 0.03942465 -0.11042403
v 0.17484297 0.00893675 -0.11045778
v 0.17482249 -0.07786722 -0.11033954
v 0.17420676 -0.13334377 -0.11032006
v 0.1741575 -0.22455755 -0.11025731
v 0.1742886 -0.31383774 -0.11018901
v 0.17422415 -0.37800288 -0.11012064
v 0.1742364 -0.42153189 -0.11010482
v 0.17449483 -0.46508747 -0.11031498
v 0.17393994 -0.49043566 -0.1101841
v 0.17450477 -0.49904969 -0.10967051
v 0.16974373 -0.4999688 -0.09284571
v 0.16804747 -0.49999905 -0.05531337
v 0.17249724 -0.5000428 0.03291126
v 0.17805585 -0.50003189 0.10386602
v 0.16889805 0.48030239 -0.11105721
v 0.17039999 0.45830804 -0.11112478
v 0.16904823 0.41461244 -0.11110686
v 0.17087461 0.35883898 -0.11115097
v 0.17007352 0.25447372 -0.11100781
v 0.1703278 0.14553764 -0.11089806
v 0.16963655 0.04133102 -0.11057196
v 0.16544759 -0.01791105 -0.11057547
v 0.17110968 -0.19833696 -0.11036567
v 0.17077492 -0.2860797 -0.11030582
v 0.17096853 -0.32067117 -0.11037076
v 0.17125642 -0.37701485 -0.1103516
v 0.17095877 -0.41457307 -0.11036335
v 0.17140654 -0.45612586 -0.11052147
v 0.17097658 -0.48259053 -0.11041357
v 0.1703274 -0.491474 -0.11048248
v 0.1685001 -0.49912602 -0.11056904
v 0.1685001 -0.49912602 -0.11056904
v 0.15774131 0.49666336 -0.11144884
v 0.16364476 0.33110356 -0.11119281
v 0.16530989 0.20493981 -0.11106293
v 0.1571802 0.12905453 -0.11113242
v 0.15615734 0.10100707 -0.11120348
v 0.16357666 -0.0673926 -0.11052927
v 0.16364008 -0.15883324 -0.1104037
v 0.1571814 -0.2198216 -0.11037496
v 0.15793473 -0.45853144 -0.11052806
v 0.13704537 -0.50002933 -0.10250846
v 0.14227715 -0.5000304 0.0714196
v 0.16072112 -0.50016159 0.10421585
v 0.17153834 -0.49916163 0.10503779
v 0.16028967 0.42800909 -0.11122739
v 0.15782502 0.37368232 -0.11129096
v 0.15555723 0.30110592 -0.11120984
v 0.16050537 0.25877959 -0.1111258
v 0.15031703 0.07576905 -0.11106061
v 0.15289298 -0.10005933 -0.11049408
v 0.14953789 -0.25810668 -0.11039416
v 0.16088717 -0.35151201 -0.11036871
v 0.1276277 -0.49998862 -0.05972058
v 0.15571636 -0.4999986 0.02296332
v 0.15547262 0.46191648 -0.11132926
v 0.15548983 0.00079793 -0.11065958
v 0.14480418 -0.14883389 -0.11047326
v 0.13421795 -0.28045523 -0.11045824
v 0.14837541 -0.34085506 -0.11044583
v 0.1505325 -0.38701573 -0.11042997
v 0.14080194 -0.42389268 -0.11050777
v 0.16250949 0.20343553 0.10934832
v 0.16393556 0.16954345 0.10901055
v 0.15385064 0.33592266 -0.11132984
v 0.15575822 0.21591194 -0.1112026
v 0.1460671 0.04552892 -0.11079416
v 0.13772959 -0.0389424 -0.11073531
v 0.14454839 0.44793487 -0.11141826
v 0.14986739 0.39088398 -0.11134864
v 0.14290977 0.31527996 -0.11134295
v 0.14442474 0.26641107 -0.11128561
v 0.14637364 0.21513946 -0.11125267
v 0.14111963 0.17409463 -0.1112666
v 0.13827758 -0.00865726 -0.11075386
v 0.13021553 -0.05959483 -0.11069302
v 0.1356343 -0.46668983 -0.11056754
v 0.15403306 0.47624609 0.10642006
v 0.1541726 0.47665605 0.10816446
v 0.15155281 0.47742569 0.10862567
v 0.15113892 0.47621235 0.10596968
v 0.1541726 0.47665605 0.10816446
v 0.15403306 0.47624609 0.10642006
v 0.15351249 0.47110215 0.10675637
v 0.15312676 0.46388409 0.10697903
v 0.15487142 0.47795972 0.11004392
v 0.15183182 0.47833702 0.1100483
v 0.15487142 0.47795972 0.11004392
v 0.1541397 0.45332 0.10984796
v 0.15243807 0.44498649 0.10709295
v 0.15316774 0.44275615 0.10835493
v 0.15422712 0.43109566 0.10976408
v 0.15304385 0.4150334 0.10841665
v 0.15426601 0.38811353 0.10954843
v 0.15331617 0.39157036 0.10874342
v 0.13964678 0.49075323 -0.11150409
v 0.13683614 0.35741812 -0.11143333
v 0.11876495 0.02073572 -0.1108271
v 0.12193364 -0.07973076 -0.11061924
v 0.12854476 -0.11645394 -0.11056021
v 0.13431245 -0.2055271 -0.11045803
v 0.11722984 -0.48956701 -0.11057821
v 0.12493855 -0.50001144 0.02150962
v 0.139496 0.39782569 -0.11141514
v 0.12672079 0.29505944 -0.11136542
v 0.13469481 0.13744561 -0.11129792
v 0.13910004 0.47697031 0.10871863
v 0.1272115 0.23864432 -0.11135749
v 0.11139327 0.08558843 -0.11125405
v 0.12083323 0.06974999 -0.11111479
v 0.1233311 -0.32907087 -0.11051805
v 0.09580383 -0.50012356 -0.10904581
v 0.0861859 -0.50000751 0.10145435
v 0.13378 0.47575048 0.1057992
v 0.16072112 -0.50016159 0.10421585
v 0.1310811 0.4781515 0.11057764
v 0.12439263 0.41109955 -0.11150308
v 0.11024212 0.04395005 -0.11090939
v 0.11413883 -0.3869811 -0.11053865
v 0.12316683 -0.49912369 -0.11073811
v 0.10592653 0.44518471 -0.11155747
v 0.11670373 0.36241668 -0.11149319
v 0.12200236 0.33264893 -0.11146663
v 0.10800603 0.19883028 -0.11140263
v 0.11530799 0.1704464 -0.11136806
v 0.12032175 -0.43123397 -0.11054292
v 0.12316683 -0.49912369 -0.11073811
v 0.08016336 -0.49999711 -0.08594473
v 0.11918319 0.12859577 -0.11133462
v 0.11004251 0.10739517 -0.11129573
v 0.07040865 -0.5001213 0.10430273
v 0.11937385 0.47706738 0.10900546
v 0.07040865 -0.5001213 0.10430273
v 0.11614087 0.47817221 0.11069222
v 0.09792069 0.48290667 -0.11157082
v 0.09891608 0.31670058 -0.11146569
v 0.11069863 0.25730962 -0.11139002
v 0.10867324 -0.02854707 -0.11083377
v 0.10178898 -0.18773165 -0.11053784
v 0.11353657 -0.23639727 -0.11050176
v 0.06966666 -0.50003439 -0.10268174
v 0.10209455 -0.50004506 0.07781374
v 0.11235272 0.4696275 -0.11155312
v 0.1065768 -0.10837945 -0.11063388
v 0.10631399 -0.14123574 -0.1105823
v 0.1032936 -0.47343647 -0.11058519
v 0.09010418 0.4120096 -0.11155054
v 0.09402695 0.14713284 -0.11140373
v 0.10284597 -0.36630419 -0.11055817
v 0.08760897 -0.49911785 -0.11076876
v 0.06067672 -0.50001395 -0.03791403
v 0.09852542 0.47615051 0.1060544
v 0.09507357 0.36593908 -0.1115304
v 0.09622103 -0.28228348 -0.11052488
v 0.09434017 -0.4917843 -0.11059185
v 0.08439574 -0.50002873 -0.00909505
v 0.05952159 -0.50006902 0.09752803
v 0.08518131 0.24338669 -0.11144568
v 0.09043813 -0.06039847 -0.11078082
v 0.08436418 -0.33794481 -0.11059029
v 0.0898734 -0.44399357 -0.11058232
v 0.09012084 0.47734138 0.10886107
v 0.04347431 0.49035153 -0.111616
v 0.08935662 0.17858785 -0.11141287
v 0.07734655 0.08730115 -0.11133662
v 0.08792712 0.00089719 -0.11091436
v 0.08062302 -0.24086675 -0.11056703
v 0.07218522 -0.40424263 -0.11062255
v 0.08760897 -0.49911785 -0.11076876
v 0.08016314 -0.50003296 0.02747062
v 0.08753382 0.47841534 0.11061829
v 0.09046112 0.28509337 -0.11141759
v 0.0779658 0.12316906 -0.1114051
v 0.06563953 -0.09729902 -0.11075125
v 0.08552194 0.33208573 -0.11152741
v 0.07676322 0.06138842 -0.11115196
v 0.08095779 0.04007165 -0.11096928
v 0.06971508 -0.371701 -0.11064001
v 0.0763922 0.10468765 -0.11137395
v 0.06965832 -0.02261384 -0.11096013
v 0.07140016 0.4492144 -0.11157905
v 0.06482494 -0.29301912 -0.1106077
v 0.05128203 -0.46087646 -0.11067287
v 0.05803856 -0.15263695 -0.11068843
v 0.07981638 -0.18578638 -0.1105947
v 0.06312208 -0.21292543 -0.1106139
v 0.05973624 -0.50004959 0.07339853
v 0.06626928 0.37925601 -0.11157471
v 0.07184997 0.3492181 -0.11154171
v 0.06809011 0.21360001 -0.11149736
v 0.07066376 0.15610586 -0.11150233
v 0.05697614 0.04885331 -0.11112797
v 0.06622458 -0.07191493 -0.11079329
v 0.06657799 -0.1212111 -0.11071986
v 0.06628891 -0.49157193 -0.11067296
v 0.05623999 0.41464627 -0.11161071
v 0.05790987 0.31259388 -0.11155649
v 0.06283553 0.2751931 -0.1115104
v 0.04744001 0.23834586 -0.11155543
v 0.05789662 0.18937245 -0.11155695
v 0.05829967 0.47590956 0.10640193
v 0.05703985 0.46724305 -0.11159909
v 0.05608398 0.02278713 -0.11105598
v 0.04475095 -0.00309623 -0.11104266
v 0.04996422 -0.04838074 -0.11094107
v 0.02053191 -0.49609211 -0.11081117
v 0.05275553 0.47810581 0.11060481
v 0.04308125 0.47819167 -0.11160898
v 0.05525119 0.43972725 -0.11163054
v 0.04626622 0.37957978 -0.11160625
v 0.0548533 0.3406626 -0.11159503
v 0.05025388 -0.33580166 -0.11068614
v 0.0404993 -0.42516801 -0.11067936
v 0.0442483 0.28698736 -0.11156429
v 0.0499131 0.1381675 -0.11161545
v 0.0471265 0.11519664 -0.11153858
v 0.04414692 -0.25406405 -0.11066622
v 0.05421053 0.47689426 0.10887129
v 0.05029562 0.16410397 -0.11163884
v 0.03684011 0.09548984 -0.11151645
v 0.05171541 0.07134148 -0.11136235
v 0.03849839 -0.38233674 -0.11070756
v 0.02128753 -0.50004876 -0.10906661
v 0.03955068 0.20823701 -0.11158647
v 0.02296039 -0.50002998 0.02027068
v 0.0339506 0.3508876 -0.11159269
v 0.02815909 0.05309885 -0.11121267
v 0.0393278 -0.17942578 -0.11069572
v 0.02147529 0.43959612 -0.11163078
v 0.02603229 0.24419232 -0.11156139
v 0.03026811 -0.09485896 -0.11080866
v 0.03149514 -0.12835243 -0.11076444
v 0.0270323 -0.21622655 -0.11067767
v 0.02917811 -0.29825407 -0.11066219
v 0.00585798 -0.50005567 0.07148151
v 0.02893505 0.47588322 0.10646219
v 0.03094573 0.31111604 -0.11157019
v 0.01750476 0.16290298 -0.1116738
v 0.02966313 0.14048587 -0.11165938
v 0.01561706 0.08116407 -0.11148144
v 0.02265549 0.02447232 -0.11109935
v -0.00642876 -0.46962106 -0.11075427
v 0.02223049 0.40830883 -0.11160706
v 0.02241866 -0.027513 -0.11100462
v 0.02728209 -0.06596299 -0.11087967
v 0.02481657 -0.25816339 -0.11066701
v 0.01922437 -0.33646888 -0.1107239
v -0.01115793 -0.48611912 -0.11073862
v -0.00095983 -0.50000954 -0.07620193
v 0.00971712 0.47688448 0.10898446
v 0.00749256 0.28102195 -0.11157674
v -0.00492494 -0.06080941 -0.11093177
v 0.00553779 -0.18819778 -0.11071776
v 0.01537576 -0.45034766 -0.11071283
v 0.00045573 -0.5000512 -0.10342441
v -0.00723144 -0.50002468 -0.01651399
v 0.02003179 0.46287125 -0.11158902
v 0.01161787 0.34028429 -0.11159839
v 0.00415533 0.30821911 -0.11159231
v 0.01589462 0.20016545 -0.11159231
v -0.04203701 -0.49910679 -0.11091965
v -0.04203701 -0.49910679 -0.11091965
v -9.838E-05 0.47591138 -0.1116116
v 0.00379712 0.37670434 -0.1116154
v -0.00940573 0.25401419 -0.11161412
v 0.01046559 0.10679054 -0.11157129
v -0.00178122 -0.08521558 -0.11084041
v -0.00289448 -0.36278111 -0.11077519
v -0.00868111 -0.40742713 -0.11076756
v -0.01350006 0.03393862 -0.11116307
v 0.00526735 -0.13787976 -0.11077042
v -0.06135585 -0.50004381 0.10153769
v 0.00255364 0.47586712 0.1063889
v -0.01500898 0.45562983 -0.11163615
v -0.02040587 0.42132801 -0.11165397
v 0.00027519 0.05839232 -0.11129606
v -0.02280321 -0.03308183 -0.11103622
v -0.01829936 -0.10780841 -0.11083992
v -0.00586693 -0.25689709 -0.1107192
v -0.0009832 -0.29812068 -0.11071444
v -0.01510314 0.39702955 -0.11164926
v -0.00369948 0.2259361 -0.11160101
v -0.00665518 -0.00474683 -0.11108657
v -0.0407479 -0.50004244 0.04944667
v -0.00706674 0.18629876 -0.11168203
v -0.0180788 0.47779444 0.11066788
v -0.02145293 0.34481651 -0.11164406
v -0.0157246 0.13166699 -0.11170071
v -0.05189093 -0.50002563 -0.09625688
v -0.0444959 -0.50009334 0.09752799
v -0.02307328 0.3200236 -0.11163594
v -0.01752944 0.16288012 -0.11174129
v -0.02984714 0.10143651 -0.11160962
v -0.02890952 0.4886646 -0.11162652
v -0.02382585 0.23301876 -0.11164622
v -0.07253042 -0.50016493 0.10429847
v -0.07253042 -0.50016493 0.10429847
v -0.02676611 0.36768889 -0.11165445
v -0.03597738 0.08289259 -0.11153185
v -0.03080291 0.01286559 -0.11114862
v -0.04104237 -0.14493072 -0.11082024
v -0.0397835 -0.23605219 -0.11076118
v -0.02637717 -0.3275376 -0.11080091
v -0.03264887 -0.42654407 -0.11080864
v -0.05025567 -0.50000453 -0.06009746
v -0.02459958 0.47654393 0.10890884
v -0.04207242 0.46343166 -0.11164574
v -0.02846884 0.28593856 -0.11161311
v -0.04460779 0.05865027 -0.11132806
v -0.03159729 -0.19359538 -0.11076596
v -0.05545626 -0.49087006 -0.11078887
v -0.06738804 -0.50009006 -0.10911132
v -0.04324237 0.43644762 -0.11166576
v -0.04150581 0.25656879 -0.11165209
v -0.04274778 0.20422235 -0.11169276
v -0.04942448 0.47569788 0.1064109
v -0.03456764 0.14982581 -0.1117592
v -0.04596774 -0.07457936 -0.11090606
v -0.04069347 -0.37115842 -0.11084354
v -0.05643001 0.4786306 -0.11163082
v -0.03820181 0.17812571 -0.11174339
v -0.06431808 0.1286191 -0.11170743
v -0.05894152 -0.45649362 -0.11080676
v -0.05320335 0.36191878 -0.11163468
v -0.05087581 -0.29027447 -0.11078843
v -0.05472975 0.3949216 -0.1116459
v -0.05413996 0.33922848 -0.11163615
v -0.05988072 0.29840943 -0.11161234
v -0.05740852 -0.10810948 -0.11086245
v -0.06802687 -0.26697725 -0.11081666
v -0.06752662 0.3185252 -0.11161758
v -0.0614344 0.23101291 -0.11165535
v -0.05061683 0.00960324 -0.11114944
v -0.06109497 -0.50003296 0.00444092
v -0.0538524 0.47773993 0.11067064
v -0.06990041 0.27671319 -0.11162579
v -0.0644567 0.15726389 -0.11178736
v -0.06697342 0.03661042 -0.11119403
v -0.0572151 -0.03616366 -0.11102742
v -0.05844718 -0.17347218 -0.11079518
v -0.06145121 -0.32991695 -0.11081623
v -0.06551492 -0.41011629 -0.11082076
v -0.05195297 0.47649616 0.10885329
v -0.08008347 -0.50007772 0.08201698
v -0.07802309 0.09186818 -0.1115851
v -0.06804387 0.17516285 -0.11176295
v -0.06515744 -0.36606187 -0.11082809
v -0.09789872 -0.5000155 -0.03583516
v -0.08557539 0.39967495 -0.11160943
v -0.07008493 -0.00340583 -0.11109228
v -0.07852279 -0.23073013 -0.11081111
v -0.08921577 -0.30506271 -0.11083995
v -0.0746825 -0.49147293 -0.11076952
v -0.07348245 -0.49911174 -0.11087448
v -0.07053041 0.47516432 0.10662194
v -0.08705682 0.45175159 -0.11158669
v -0.0919953 0.36768121 -0.11159236
v -0.09315144 0.2542662 -0.11162214
v -0.07519756 -0.07942984 -0.11089456
v -0.10403308 0.485789 -0.11159014
v -0.09018908 0.43484342 -0.1115998
v -0.08680427 0.3444984 -0.11158551
v -0.08344413 0.19418643 -0.11172237
v -0.08617987 0.06689014 -0.11144239
v -0.08088829 -0.1409578 -0.11084072
v -0.07348245 -0.49911174 -0.11087448
v -0.07282805 0.47563949 0.10887188
v -0.07541844 0.47715768 0.11079187
v -0.09966253 0.17411676 -0.11178906
v -0.08528761 0.05116415 -0.11129875
v -0.0828334 0.00861502 -0.11116676
v -0.08055598 -0.18333983 -0.11081144
v -0.08754196 -0.43804204 -0.11083472
v -0.13005976 -0.50009477 -0.10443151
v -0.09115787 0.47203463 -0.11157394
v -0.09483483 -0.04908149 -0.11106132
v -0.09103664 -0.10295261 -0.11092183
v -0.09202211 -0.35267541 -0.11085969
v -0.09832664 -0.47097874 -0.11086552
v -0.10235837 -0.49998203 -0.08887498
v -0.05977974 -0.26911724 0.10567775
v -0.09499883 0.03077814 -0.11127616
v -0.10373198 -0.50003284 0.03825195
v -0.10876009 0.28832877 -0.11160421
v -0.09114841 0.14651978 -0.11180083
v -0.09879322 -0.16500741 -0.11089197
v -0.1004825 -0.3961525 -0.11089791
v -0.10192291 0.11069334 -0.11167563
v -0.10622887 0.07944269 -0.1115976
v -0.11801589 -0.50002509 0.00268632
v -0.11485117 0.47602987 0.1088068
v -0.11907135 0.47540858 0.10657004
v -0.11617146 0.31900811 -0.11156139
v -0.11378881 0.23277071 -0.11164995
v -0.10717124 -0.12110688 -0.11100941
v -0.10706159 -0.22088674 -0.11089273
v -0.11809995 -0.49046436 -0.11088473
v -0.11576571 -0.07767107 -0.11114611
v -0.10550845 -0.28174007 -0.11090464
v -0.11974523 -0.4991414 -0.11101811
v -0.12705402 -0.50001121 -0.09319351
v -0.11701661 -0.49999189 -0.06828702
v -0.12158439 0.1950186 -0.11173046
v -0.12526862 0.164428 -0.11185659
v -0.11420479 0.14337751 -0.11180948
v -0.10774292 -0.00838896 -0.11123749
v -0.10634103 -0.4453944 -0.11088517
v -0.11974523 -0.4991414 -0.11101811
v -0.11898929 0.40743798 -0.11158127
v -0.11998565 0.05778392 -0.11149573
v -0.11847283 -0.18332508 -0.11099501
v -0.11806951 -0.26577106 -0.11099131
v -0.11281173 -0.34515044 -0.11094764
v -0.12813094 -0.50007582 0.08328451
v -0.13511281 0.47784218 0.11074911
v -0.11992984 0.46721518 -0.11152448
v -0.12474293 0.36645412 -0.1115644
v -0.13800177 0.11526378 -0.11190174
v -0.12232856 0.03532919 -0.11141799
v -0.11791344 -0.38947397 -0.11103648
v -0.12093994 -0.42536438 -0.11102225
v -0.12435885 0.43431586 -0.11155269
v -0.13144615 -0.00036498 -0.11141974
v -0.12983437 -0.03627471 -0.11135404
v -0.12332453 -0.14284885 -0.11112238
v -0.12185037 -0.31833372 -0.11100863
v -0.12105784 -0.45822793 -0.1110118
v -0.18596713 -0.50011659 0.0959745
v -0.13720429 0.48526427 -0.11155166
v -0.12264182 -0.21411726 -0.11098222
v -0.17813697 -0.50006157 0.1016182
v -0.13835686 0.27123225 -0.11169751
v -0.1297937 -0.26577452 -0.11112538
v -0.14271975 -0.33976141 -0.1112726
v -0.12821177 -0.35066482 -0.11109126
v -0.13682206 -0.49172056 -0.11093283
v -0.14222711 -0.38598996 -0.11127719
v -0.14280038 -0.43375701 -0.11118864
v -0.14390117 -0.45860714 -0.11121047
v -0.16422856 -0.50010747 -0.10020408
v -0.13468303 0.47660992 0.10894392
v -0.14345905 0.32809019 -0.11155955
v -0.13706419 0.30415088 -0.11162901
v -0.13821261 0.22074164 -0.11170302
v -0.14623682 0.04509806 -0.11157402
v -0.13869315 -0.06660353 -0.11144602
v -0.13399822 -0.13043612 -0.11128672
v -0.13670819 -0.17205921 -0.11127809
v -0.14177823 -0.20299166 -0.11126661
v -0.13459602 -0.23561883 -0.11116235
v -0.14891261 -0.50013161 -0.10906317
v -0.13457692 0.47562718 0.10643189
v -0.13747995 0.44068748 -0.11154369
v -0.13959271 0.37167466 -0.1115656
v -0.14276926 0.18220162 -0.11181374
v -0.1427545 -0.34878328 -0.11120138
v -0.14734492 -0.50000739 -0.07497311
v -0.14460176 0.41590577 -0.11152756
v -0.13969259 -0.08805623 -0.11149055
v -0.14075594 -0.26277688 -0.11135253
v -0.14094821 -0.32318595 -0.11127017
v -0.15120755 -0.50002992 -0.02499875
v -0.14915532 -0.50003254 0.06125886
v -0.17498142 -0.50016791 0.10436667
v -0.17498142 -0.50016791 0.10436667
v -0.15909381 0.13838644 -0.11189853
v -0.15906537 0.10705333 -0.11196753
v -0.15368664 0.08741137 -0.1119238
v -0.14715371 -0.01328051 -0.11150044
v -0.14612217 -0.13767384 -0.11142433
v -0.14583258 -0.48735979 -0.11087893
v -0.1487201 -0.49912956 -0.11071508
v -0.1487201 -0.49912956 -0.11071508
v -0.15505199 0.49078047 -0.11148109
v -0.15929055 0.46284521 -0.11139185
v -0.15930529 0.44032183 -0.11145208
v -0.15940142 0.39858413 -0.1115175
v -0.15940161 0.36363137 -0.11162559
v -0.15468395 -0.05521 -0.11153395
v -0.15935385 -0.25210696 -0.11123779
v -0.14846352 -0.286847 -0.1112719
v -0.15478413 -0.49013156 -0.11059786
v -0.15896788 0.16724999 -0.11188075
v -0.15928154 -0.0588953 -0.11149479
v -0.15959828 -0.10321552 -0.11154328
v -0.15943165 -0.20180346 -0.11123329
v -0.15908816 -0.32635167 -0.11102171
v -0.15539452 -0.3361614 -0.11112726
v -0.15385066 -0.37740058 -0.11100907
v -0.15923166 -0.4103733 -0.11072934
v -0.15160055 -0.45876631 -0.11090215
v -0.16183721 -0.49995044 -0.10782501
v -0.16758603 -0.50005913 0.05146868
v -0.16471484 -0.50010109 0.08620544
v -0.15719585 0.47589988 0.10893238
v -0.15903528 0.03961667 -0.11158609
v -0.15920052 -0.00671919 -0.11153932
v -0.15940708 -0.1728829 -0.11141413
v -0.1592841 -0.28645152 -0.111208
v -0.15939714 -0.35152614 -0.11093642
v -0.15897231 -0.45778891 -0.11069356
v -0.15616876 -0.49903294 -0.11017831
v -0.15616876 -0.49903294 -0.11017831
v -0.16698442 -0.50005198 -0.09005254
v -0.16838978 -0.50006485 0.00087694
v -0.16077323 0.08532564 -0.11196014
v -0.15944707 0.07179353 -0.11179838
v -0.15849672 -0.48788404 -0.1104075
v -0.16248667 0.4950968 -0.11092262
v -0.16194424 0.4707534 -0.11093169
v -0.16236025 0.41857743 -0.11105216
v -0.16228828 0.39912847 -0.11103838
v -0.16207679 0.3610023 -0.11123464
v -0.16205393 0.18375002 -0.11139736
v -0.16266474 0.14035375 -0.11143806
v -0.16266432 0.10295705 -0.11152372
v -0.16265729 0.07474073 -0.11140749
v -0.16286549 0.04097687 -0.11113132
v -0.16272162 -0.00166013 -0.11113238
v -0.16295584 -0.0448672 -0.11105236
v -0.16250011 -0.10172227 -0.11122784
v -0.16271654 -0.14842141 -0.11109299
v -0.16273302 -0.1926384 -0.11088159
v -0.1624421 -0.25154138 -0.11077987
v -0.16265824 -0.31848928 -0.11052848
v -0.16240452 -0.373362 -0.11034355
v -0.16193315 -0.45946997 -0.11000673
v -0.16423842 -0.49888492 -0.10763728
v -0.16183721 -0.49995044 -0.10782501
v -0.16624443 0.49901721 -0.10898762
v -0.16918716 0.4893893 -0.10809739
v -0.16972439 0.4780907 -0.10797596
v -0.16554223 0.47267359 -0.10962193
v -0.16771366 0.41821179 -0.10925413
v -0.16761528 0.34754747 -0.10938186
v -0.16716896 0.31596765 -0.1095002
v -0.16595542 0.2668812 -0.10985533
v -0.17090046 0.25246578 -0.10797565
v -0.17065716 0.20958526 -0.10796458
v -0.16564204 0.19260566 -0.11004926
v -0.1667446 0.1690935 -0.1100782
v -0.16643859 0.11366579 -0.11042222
v -0.16614756 0.07373246 -0.11034931
v -0.16639042 -0.00681392 -0.1100843
v -0.16593857 -0.07331942 -0.11014606
v -0.16613759 -0.12635323 -0.10996919
v -0.16632088 -0.1757322 -0.10981137
v -0.16578567 -0.20806012 -0.10983379
v -0.16548988 -0.25904199 -0.1097128
v -0.16548713 -0.327243 -0.10960127
v -0.16484846 -0.37866953 -0.10948803
v -0.16435851 -0.45065984 -0.10920243
v -0.16552728 -0.48057061 -0.10820158
v -0.16517749 -0.49082556 -0.10796717
v -0.16876028 -0.49998948 -0.10378937
v -0.1723455 -0.50010192 -0.03617394
v -0.17016843 0.44038737 -0.10816008
v -0.17069285 0.41041249 -0.10805126
v -0.17085975 0.32247433 -0.10810038
v -0.17074829 0.19170664 -0.10811581
v -0.16945355 0.16764939 -0.10906164
v -0.16902739 0.1075504 -0.10943751
v -0.16924584 0.06815502 -0.10920997
v -0.16884936 -0.00791999 -0.10915896
v -0.1696706 -0.04014546 -0.10877294
v -0.16805595 -0.08580273 -0.10919998
v -0.16841075 -0.15240027 -0.10903692
v -0.16886209 -0.19312717 -0.10859014
v -0.16765992 -0.21841595 -0.10887
v -0.17220582 -0.21417524 -0.10626236
v -0.16802037 -0.26207584 -0.10855176
v -0.17041251 -0.25874507 -0.1073114
v -0.16733488 -0.31722471 -0.10879273
v -0.1720169 -0.30261591 -0.10632545
v -0.17155029 -0.3364636 -0.10599758
v -0.17128891 -0.36281115 -0.10599457
v -0.16664693 -0.38387817 -0.10856733
v -0.1692231 -0.39103189 -0.10694742
v -0.16661458 -0.44112945 -0.10820799
v -0.16921292 -0.44036469 -0.10673943
v -0.16872767 -0.48396665 -0.10636052
v -0.16972747 -0.498301 -0.10428992
v -0.16876028 -0.49998948 -0.10378937
v -0.17449701 -0.49998081 -0.09654688
v -0.17552288 -0.50004512 -0.08482555
v -0.16813278 0.47673681 0.11077121
v -0.17217796 0.49825943 -0.10510048
v -0.16996719 0.49455771 -0.10732237
v -0.17225945 0.49029997 -0.10592192
v -0.17235686 0.47668955 -0.10654228
v -0.17263532 0.43043685 -0.10685559
v -0.17298107 0.37487575 -0.10679242
v -0.17070897 0.36651161 -0.10812072
v -0.17287979 0.32005611 -0.10687611
v -0.17313826 0.25288874 -0.10671748
v -0.17278211 0.19151455 -0.10684156
v -0.17092152 0.16674535 -0.10836095
v -0.17253551 0.10862812 -0.10707305
v -0.17073217 0.10498 -0.10850412
v -0.17249189 0.07340734 -0.10703153
v -0.17066856 0.06324277 -0.10840579
v -0.1723891 0.02928329 -0.10681538
v -0.1704579 0.00158574 -0.10826781
v -0.17241161 -0.00519605 -0.1068614
v -0.172378 -0.04799853 -0.10690302
v -0.16998 -0.08545678 -0.10808073
v -0.17240308 -0.07864805 -0.1064517
v -0.17255405 -0.11010741 -0.10626353
v -0.16997787 -0.12718579 -0.10813154
v -0.17273419 -0.13457097 -0.10639988
v -0.17262121 -0.16997549 -0.10642906
v -0.17008331 -0.17045246 -0.10808051
v -0.1720832 -0.24632712 -0.10630723
v -0.17326438 -0.32117227 -0.10396666
v -0.1720169 -0.30261591 -0.10632545
v -0.17155029 -0.3364636 -0.10599758
v -0.17295343 -0.35590473 -0.10387457
v -0.17128891 -0.36281115 -0.10599457
v -0.1710752 -0.3949337 -0.10564234
v -0.1725266 -0.39715692 -0.10375748
v -0.1710752 -0.3949337 -0.10564234
v -0.17101914 -0.44099844 -0.1054814
v -0.17101914 -0.44099844 -0.1054814
v -0.17264567 -0.44603467 -0.10349561
v -0.17051737 -0.48705661 -0.10498933
v -0.17051737 -0.48705661 -0.10498933
v -0.17241171 -0.47585452 -0.1029946
v -0.17438965 -0.49015248 -0.0999629
v -0.16972747 -0.498301 -0.10428992
v -0.16876028 -0.49998948 -0.10378937
v -0.17343166 -0.49903202 -0.09987246
v -0.17343166 -0.49903202 -0.09987246
v -0.17943642 -0.50015831 -0.05275203
v -0.17433001 0.49406549 -0.10285326
v -0.17225945 0.49029997 -0.10592192
v -0.17235686 0.47668955 -0.10654228
v -0.17433059 0.48275438 -0.10308307
v -0.17398815 0.43721035 -0.10446569
v -0.17263532 0.43043685 -0.10685559
v -0.17424077 0.40936038 -0.10426596
v -0.17298107 0.37487575 -0.10679242
v -0.17425217 0.37508783 -0.10455635
v -0.17429395 0.33312505 -0.10434178
v -0.17287979 0.32005611 -0.10687611
v -0.17443106 0.2984086 -0.10442954
v -0.17313826 0.25288874 -0.10671748
v -0.17449504 0.24925587 -0.10440188
v -0.17278211 0.19151455 -0.10684156
v -0.17405036 0.16935648 -0.10447675
v -0.17253551 0.10862812 -0.10707305
v -0.17396319 0.10646451 -0.10445086
v -0.17249189 0.07340734 -0.10703153
v -0.17373267 0.05886279 -0.10456238
v -0.1723891 0.02928329 -0.10681538
v -0.17374009 0.00801393 -0.10440484
v -0.17241161 -0.00519605 -0.1068614
v -0.172378 -0.04799853 -0.10690302
v -0.17362562 -0.04422514 -0.10464377
v -0.17417201 -0.07011358 -0.10383862
v -0.17240308 -0.07864805 -0.1064517
v -0.17255405 -0.11010741 -0.10626353
v -0.17413408 -0.10165204 -0.1039494
v -0.17527062 -0.08398675 -0.10203017
v -0.17534471 -0.12266691 -0.1023672
v -0.17418247 -0.13822523 -0.10439826
v -0.17273419 -0.13457097 -0.10639988
v -0.17527452 -0.16492173 -0.10242053
v -0.17262121 -0.16997549 -0.10642906
v -0.17417072 -0.17063472 -0.1042031
v -0.17526135 -0.19631949 -0.10158317
v -0.17364226 -0.2045693 -0.104214
v -0.17220582 -0.21417524 -0.10626236
v -0.1720832 -0.24632712 -0.10630723
v -0.17367478 -0.24277258 -0.10387532
v -0.1748253 -0.27509493 -0.10195162
v -0.17609556 0.48524633 -0.09970263
v -0.17606202 0.44149172 -0.10012778
v -0.17623875 0.41432199 -0.10016029
v -0.17616558 0.37764072 -0.10033693
v -0.17623757 0.3338373 -0.10020146
v -0.1761691 0.26231754 -0.10038871
v -0.1754438 0.19951203 -0.10114358
v -0.17532153 0.15489742 -0.10125604
v -0.17523386 0.09850191 -0.10121959
v -0.17470074 0.01411307 -0.10189868
v -0.17529772 0.04457505 -0.10014797
v -0.17592734 -0.01095572 -0.09706804
v -0.1746296 -0.04250867 -0.10181506
v -0.17576282 -0.03957674 -0.09733859
v -0.17499271 -0.06760249 -0.10201592
v -0.17522885 -0.23449942 -0.10122116
v -0.17599685 -0.27539712 -0.09915467
v -0.17506844 -0.31624523 -0.10087628
v -0.1747341 -0.35215256 -0.10113991
v -0.17444596 -0.40208182 -0.10071298
v -0.17457643 -0.44083491 -0.10057139
v -0.17455997 -0.47060269 -0.09991585
v -0.17649055 -0.45014653 -0.09687556
v -0.17514226 -0.49884066 -0.09713256
v -0.17449701 -0.49998081 -0.09654688
v -0.1767081 -0.49902833 -0.09225146
v -0.17781021 -0.49904177 -0.08480413
v -0.1767081 -0.49902833 -0.09225146
v -0.17765519 -0.50004715 -0.08045605
v -0.17875326 -0.50021309 -0.06563915
v -0.18342605 -0.50013262 -0.01806508
v -0.18292032 -0.50012332 0.01313956
v -0.17598864 -0.12222315 -0.10027403
v -0.17756827 0.48503989 -0.09638114
v -0.17768006 0.41561729 -0.09667997
v -0.17756729 0.32453027 -0.09676646
v -0.17755382 0.2853609 -0.09675927
v -0.17735024 0.25264224 -0.09687543
v -0.17695679 0.18350019 -0.09648377
v -0.17656192 0.13126419 -0.09677305
v -0.17670126 0.09288026 -0.09651146
v -0.17617889 0.04475248 -0.09681559
v -0.17639953 -0.06038552 -0.09621387
v -0.17697839 -0.09698769 -0.09610938
v -0.1767498 -0.1591741 -0.09627017
v -0.17701542 -0.19592172 -0.09589203
v -0.17724578 -0.27066359 -0.09571555
v -0.17700741 -0.3158254 -0.09578212
v -0.17689292 -0.33757257 -0.09618212
v -0.17671078 -0.36678958 -0.09666675
v -0.17643242 -0.39780724 -0.09669942
v -0.17625645 -0.48999771 -0.09654846
v -0.17824447 0.48371363 -0.09257881
v -0.17836387 0.46421406 -0.09303731
v -0.17841558 0.41671214 -0.09316771
v -0.1782487 0.35131302 -0.09312113
v -0.17834534 0.31429705 -0.0930618
v -0.17830022 0.27944624 -0.0930683
v -0.17802489 0.23117778 -0.09300806
v -0.17764166 0.17475022 -0.09283108
v -0.17734547 0.13668202 -0.09277675
v -0.1774376 0.08971697 -0.09277996
v -0.17701082 0.03546597 -0.09178948
v -0.17677717 -0.01661471 -0.09219699
v -0.17664669 -0.04117906 -0.09235154
v -0.17708786 -0.06076556 -0.09211358
v -0.17742297 -0.08496019 -0.09210526
v -0.17751293 -0.11183239 -0.09241883
v -0.17742021 -0.15706262 -0.09146901
v -0.17764702 -0.20729513 -0.09232248
v -0.17789812 -0.28274751 -0.09204736
v -0.17762479 -0.32350871 -0.09234676
v -0.17756575 -0.34420091 -0.09328521
v -0.17732321 -0.38708085 -0.09337088
v -0.17731915 -0.42725673 -0.09343799
v -0.1773216 -0.46646869 -0.09341611
v -0.17706916 -0.48748782 -0.09327832
v -0.17694791 -0.49583891 -0.09241806
v -0.17877586 0.46513361 -0.08952664
v -0.17887402 0.41330454 -0.08948461
v -0.1787239 0.37003598 -0.08951419
v -0.1787675 0.32241628 -0.08967816
v -0.17869706 0.24696152 -0.08866664
v -0.17900932 0.21762304 -0.08589529
v -0.17869534 0.19008172 -0.08629683
v -0.178232 0.09555136 -0.08684871
v -0.17815576 0.12690587 -0.08692522
v -0.17797795 0.05399145 -0.08623837
v -0.17789045 -0.0197243 -0.08442954
v -0.17744577 -0.03748872 -0.08629244
v -0.17777173 -0.06886704 -0.08685925
v -0.17833818 -0.09252439 -0.08477005
v -0.1784948 -0.1224046 -0.08320762
v -0.17800711 -0.19830848 -0.08782245
v -0.17808826 -0.25199854 -0.08859514
v -0.17817713 -0.29117036 -0.08834825
v -0.17791112 -0.32653877 -0.08861758
v -0.17804709 -0.33776742 -0.08774883
v -0.17798604 -0.37663865 -0.0869474
v -0.1778349 -0.4013688 -0.08756404
v -0.17764431 -0.46575156 -0.08952823
v -0.17926055 0.17162585 -0.08224197
v -0.17925292 0.15310162 -0.08119486
v -0.17902462 0.12576972 -0.08157465
v -0.17881474 0.10147392 -0.08321445
v -0.17880067 0.05625067 -0.08166075
v -0.17897081 -0.0524467 -0.07663871
v -0.17868099 -0.06186802 -0.07978208
v -0.17877157 -0.16441433 -0.08022623
v -0.17870355 -0.22572334 -0.08171667
v -0.17884777 -0.32804698 -0.07978063
v -0.17899697 -0.29532105 -0.0803466
v -0.1799427 -0.42814419 -0.0696119
v -0.17807379 -0.48986703 -0.0828069
v -0.17781021 -0.49904177 -0.08480413
v -0.17945869 -0.02066692 -0.07456414
v -0.17995977 -0.04204004 -0.0694572
v -0.18044002 -0.0785143 -0.06581772
v -0.17944895 -0.26036683 -0.07559694
v -0.17938301 -0.33439994 -0.07610518
v -0.17977434 -0.34150949 -0.07240691
v -0.17959447 -0.47122839 -0.07140568
v -0.18005773 -0.38780117 -0.06827907
v -0.17765519 -0.50004715 -0.08045605
v -0.17926328 -0.49924374 -0.07055084
v -0.17926328 -0.49924374 -0.07055084
v -0.18148768 -0.4989925 -0.0530528
v -0.1815588 -0.50008106 -0.04752646
v -0.18256213 -0.50024563 -0.03409111
v -0.18541229 -0.50004041 -0.015352
v -0.19221278 -0.49997309 0.09924884
v -0.1859102 -0.49998692 0.10380636
v -0.17865509 -0.49918285 0.10520682
v -0.17984223 0.47860968 -0.08177777
v -0.1799933 0.44599012 -0.08164186
v -0.18004662 0.41293412 -0.08159407
v -0.17998552 0.37404248 -0.08125203
v -0.18025245 0.32819918 -0.07981329
v -0.17992395 0.30686447 -0.08249473
v -0.17991009 0.28039768 -0.08273674
v -0.17975394 0.24685597 -0.08201694
v -0.18033068 0.49600199 -0.07820854
v -0.1797604 0.22117017 -0.08117297
v -0.18077944 0.49880952 -0.07299586
v -0.1828136 0.12762509 -0.05333875
v -0.17911983 0.05822819 -0.07981095
v -0.17995751 -0.21661612 -0.06985982
v -0.18109132 0.46987122 -0.06953486
v -0.18164751 0.40323275 -0.06636813
v -0.18186381 0.34551156 -0.06562822
v -0.18246877 0.37314034 -0.05954731
v -0.18191016 0.27469012 -0.06474113
v -0.18195045 0.19269925 -0.06175451
v -0.18045723 -0.10906499 -0.06582893
v -0.18080214 -0.16304469 -0.06228645
v -0.18125768 -0.18480742 -0.05824817
v -0.17992361 -0.32709634 -0.07074212
v -0.18190937 0.49535993 -0.0618648
v -0.18231884 0.44531739 -0.05935468
v -0.18245056 0.42822909 -0.058825
v -0.18310617 0.29955518 -0.05482063
v -0.18281788 0.15101518 -0.05429249
v -0.18234359 0.04288682 -0.05725388
v -0.18204324 -0.0231936 -0.05660174
v -0.18291767 -0.14536059 -0.04317997
v -0.18095967 -0.29551619 -0.06240147
v -0.179943 -0.48777744 -0.0673933
v -0.18215299 0.09046923 -0.05790412
v -0.18109447 -0.06388035 -0.06049085
v -0.181624 -0.24799055 -0.05531949
v -0.18331049 -0.28507948 -0.04122383
v -0.18217242 -0.33370164 -0.05478522
v -0.18310302 0.46538347 -0.05172356
v -0.18276624 0.10981575 -0.05381905
v -0.18321231 0.06781233 -0.05005801
v -0.18209638 0.00959199 -0.05694455
v -0.18118225 -0.20915413 -0.05854844
v -0.18202661 -0.32609847 -0.05452948
v -0.18261433 -0.39914897 -0.04887678
v -0.18407531 -0.41537052 -0.0376671
v -0.18345439 -0.43908268 -0.04136414
v -0.18155104 -0.45796198 -0.05566032
v -0.18148768 -0.4989925 -0.0530528
v -0.1832877 0.25954962 -0.05223995
v -0.18299975 0.22041576 -0.05387896
v -0.18408756 -0.05030834 -0.03918609
v -0.18320316 -0.10361691 -0.04153175
v -0.18365663 0.41223374 -0.04775997
v -0.18388416 0.36913854 -0.04674084
v -0.18398438 0.32700068 -0.04663546
v -0.18333134 0.04639165 -0.04950817
v -0.18322672 -0.0687935 -0.04291945
v -0.18456677 0.44470525 -0.03862141
v -0.18412662 0.20217815 -0.04330954
v -0.18435231 0.15764648 -0.04080918
v -0.1838696 0.01780487 -0.04320586
v -0.18358222 -0.0288283 -0.04436734
v -0.18408391 -0.00498189 -0.0402949
v -0.18299678 -0.21503064 -0.04274549
v -0.18365312 -0.32557324 -0.04125493
v -0.18438177 -0.46288338 -0.03270584
v -0.1837474 -0.48727226 -0.03714545
v -0.18475059 0.12485528 -0.03640822
v -0.18494175 0.09275959 -0.03439884
v -0.18342543 -0.16920288 -0.03984915
v -0.18445073 -0.33864775 -0.03665796
v -0.1815588 -0.50008106 -0.04752646
v -0.18279816 -0.49928981 -0.03948875
v -0.18502095 -0.3756454 -0.02987112
v -0.18448938 -0.10468532 -0.03232441
v -0.1843697 -0.14843373 -0.03327937
v -0.1840229 -0.21346065 -0.03540701
v -0.18430261 -0.26760414 -0.0339133
v -0.18256213 -0.50024563 -0.03409111
v -0.18532534 -0.49898136 -0.02234109
v -0.18652782 -0.50017732 0.00129604
v -0.1873797 -0.50012237 0.01528538
v -0.19124378 -0.50003791 0.05342161
v -0.19019082 -0.50009054 0.03359555
v -0.1859102 -0.49998692 0.10380636
v -0.18628471 0.48957583 -0.0221124
v -0.18517619 0.33021164 -0.03503297
v -0.18564503 0.28752536 -0.03125882
v -0.18622364 0.49584404 -0.02285459
v -0.18542697 0.38978148 -0.03095661
v -0.18505037 0.24492669 -0.0355027
v -0.18450075 0.0488462 -0.03926169
v -0.18422475 -0.49423248 -0.03175858
v -0.18470946 -0.04641072 -0.03402412
v -0.18445265 -0.06688291 -0.03449034
v -0.18540365 0.19099933 -0.031629
v -0.18531756 0.04847 -0.03085267
v -0.18467067 -0.30337703 -0.03186619
v -0.18719906 0.47222981 -0.01282697
v -0.18638885 0.43214977 -0.02107833
v -0.18642876 0.33105266 -0.02231642
v -0.1875432 0.15081227 -0.01119669
v -0.18554552 0.022315 -0.02752322
v -0.18542412 -0.01726652 -0.02753367
v -0.18513428 -0.1775997 -0.02688684
v -0.18591344 -0.44289178 -0.0209709
v -0.18674082 0.26271597 -0.01920496
v -0.18646035 0.19085509 -0.02152667
v -0.18627995 0.12200461 -0.02221536
v -0.18690407 0.05883372 -0.0162632
v -0.18625574 0.01397795 -0.02088006
v -0.1866754 -0.05793167 -0.01682489
v -0.18555853 -0.10709304 -0.02376526
v -0.18528241 -0.23391107 -0.02503634
v -0.18531799 -0.26941884 -0.02511916
v -0.18606901 -0.14812312 -0.01991943
v -0.18623763 -0.20278685 -0.0184333
v -0.18773989 -0.48734203 -0.00303727
v -0.18730295 0.49193171 -0.01280527
v -0.18744545 0.19545674 -0.01171558
v -0.1867373 -0.01133763 -0.01632244
v -0.18723708 -0.11161462 -0.0116932
v -0.18541229 -0.50004041 -0.015352
v -0.18736239 0.40524399 -0.01169568
v -0.18740593 0.30446777 -0.01241152
v -0.18760929 0.25467992 -0.00984858
v -0.18774019 0.07744905 -0.00841579
v -0.18754283 -0.02683604 -0.009707
v -0.18725142 -0.16390529 -0.01141437
v -0.18748869 -0.28136411 -0.00887993
v -0.18696168 -0.46193308 -0.01143988
v -0.18734215 -0.22321588 -0.01012127
v -0.18658872 -0.49909738 -0.00666716
v -0.18652782 -0.50017732 0.00129604
v -0.18850851 -0.49907404 0.00799206
v -0.18850851 -0.49907404 0.00799206
v -0.18927068 -0.49889576 0.01470936
v -0.18932511 -0.49978486 0.01948665
v -0.19372243 -0.49994123 0.09496577
v -0.18947655 -0.49890754 0.10324322
v -0.18797171 0.42840669 -0.0043623
v -0.18817456 0.33318907 -0.00226212
v -0.18804149 0.10848996 -0.00513064
v -0.18822902 0.0177932 -0.00374235
v -0.18845981 -0.11277864 -0.00150193
v -0.18836871 0.37896019 0.00024472
v -0.1883111 0.28667593 -0.00078896
v -0.18853503 0.23549142 0.00206425
v -0.18817517 -0.15913624 -0.00386817
v -0.18853706 -0.19344535 -0.00023844
v -0.1886296 -0.30780336 0.00099338
v -0.18831354 -0.41400474 -0.00049212
v -0.18894495 -0.46600842 0.00711244
v -0.18922293 0.49129874 0.00746372
v -0.18913811 0.47513679 0.00861804
v -0.18868865 0.18632068 0.00319132
v -0.18977228 0.16480218 0.01547567
v -0.18895616 0.1279029 0.00548357
v -0.18995319 0.09172333 0.01660773
v -0.18910521 -0.0633563 0.00428419
v -0.18873093 -0.24252418 0.00202166
v -0.18957137 0.45601624 0.01334114
v -0.18935636 0.40808487 0.01186658
v -0.1896449 0.30723119 0.01667074
v -0.18916969 0.04522239 0.00582496
v -0.18988258 0.00320917 0.01201311
v -0.18970425 -0.14690369 0.00950426
v -0.18951818 -0.27158046 0.00927543
v -0.19015601 -0.32595745 0.01544192
v -0.1900087 -0.40121886 0.01528777
v -0.18941376 -0.4436295 0.0107047
v -0.18927068 -0.49889576 0.01470936
v -0.18951818 0.35730678 0.01492531
v -0.18951784 0.23004681 0.01429673
v -0.19094947 -0.01647096 0.02110773
v -0.19050327 -0.05742068 0.01669435
v -0.19079588 -0.09522714 0.01840616
v -0.19020183 -0.21712992 0.01499449
v -0.19101281 -0.19369227 0.02149306
v -0.19128987 -0.2743026 0.02465575
v -0.19019768 -0.37401712 0.01673388
v -0.19012809 -0.48830289 0.01981689
v -0.19055551 0.47872326 0.02251272
v -0.19016096 0.19482546 0.02058415
v -0.19032177 0.12565438 0.02040828
v -0.19107011 0.29521167 0.03269814
v -0.18932511 -0.49978486 0.01948665
v -0.19013125 -0.49883172 0.02500947
v -0.19019082 -0.50009054 0.03359555
v -0.19194496 -0.49909928 0.04079832
v -0.19194496 -0.49909928 0.04079832
v -0.19336084 -0.49897769 0.0541176
v -0.19322959 -0.49991086 0.05847934
v -0.19388928 -0.50006837 0.07690322
v -0.19338706 -0.49834695 0.09981056
v -0.18888551 -0.47623634 0.1048279
v -0.19080496 0.04056112 0.02124524
v -0.19169758 -0.11710183 0.02565094
v -0.19156349 -0.16744375 0.02554544
v -0.19062157 0.49379355 0.02118282
v -0.19121628 0.43089467 0.0322202
v -0.19085367 -0.44036064 0.02394086
v -0.19106483 0.36125082 0.03265532
v -0.19051944 0.25286686 0.02605529
v -0.19174251 0.01998821 0.0290756
v -0.19182211 -0.03462308 0.02869356
v -0.19217041 -0.14296472 0.02965697
v -0.19248505 -0.25712955 0.03484179
v -0.19090286 0.394734 0.02992764
v -0.19068906 0.322478 0.02901473
v -0.19135323 0.2341505 0.0343577
v -0.1919242 0.14788039 0.03704905
v -0.19191447 0.10954148 0.03555729
v -0.19224206 0.08776493 0.03887153
v -0.19255121 -0.05552045 0.03433058
v -0.19441329 -0.09049326 0.04794297
v -0.19414778 -0.21744375 0.0486907
v -0.19180644 -0.30879363 0.02959207
v -0.19479413 -0.36388776 0.05650693
v -0.19215111 -0.39431247 0.03430852
v -0.19291803 -0.41900885 0.04152599
v -0.1923757 0.33526808 0.04777862
v -0.19175285 0.17533961 0.03606294
v -0.19287115 0.08558975 0.0442985
v -0.19422102 -0.02522603 0.04985095
v -0.19316798 -0.34283277 0.04205886
v -0.19261147 -0.4656896 0.04044153
v -0.19280498 -0.49480522 0.04594043
v -0.19268791 -0.48962536 0.04310286
v -0.19276014 0.496075 0.03862809
v -0.19273047 0.48988786 0.04170449
v -0.19418116 -0.00360441 0.04957241
v -0.19423977 -0.03754582 0.05025613
v -0.19467713 -0.07166831 0.05185156
v -0.19455293 -0.11771965 0.0485124
v -0.1943803 -0.15224567 0.04792569
v -0.193012 -0.20057938 0.03848225
v -0.19323239 -0.29077297 0.04153457
v -0.19488166 -0.31366539 0.05604143
v -0.19240735 0.28131133 0.04645032
v -0.19361287 0.05408806 0.04793504
v -0.1942846 -0.44839031 0.0542652
v -0.19237222 0.4629913 0.04363068
v -0.19248958 0.21258092 0.0451595
v -0.19288696 0.16353473 0.04572617
v -0.19289647 0.14598845 0.04562046
v -0.1939366 0.0373656 0.04866791
v -0.19423606 -0.17251168 0.04794099
v -0.19256133 0.41080755 0.04775858
v -0.1925129 0.23997341 0.04610812
v -0.19307749 0.11216436 0.04617745
v -0.19421497 0.49010059 0.05976669
v -0.19366282 0.44476914 0.06039212
v -0.19318043 0.08625203 0.04830462
v -0.19464092 -0.26656497 0.05272826
v -0.1947062 -0.21503378 0.05281484
v -0.1945921 -0.29739967 0.05296938
v -0.1946072 -0.41729876 0.05645456
v -0.19336084 -0.49897769 0.0541176
v -0.19407338 0.46542901 0.06401369
v -0.19328541 0.33362168 0.05892847
v -0.19339077 0.25322917 0.05884256
v -0.194667 0.00924996 0.05719912
v -0.19374155 -0.48610985 0.05341776
v -0.19346613 0.40796834 0.05865892
v -0.193611 0.20721973 0.06114221
v -0.19389309 0.15065533 0.06151472
v -0.19392046 0.08496055 0.05989442
v -0.19462535 0.03584166 0.05768001
v -0.19444385 -0.48668498 0.05990216
v -0.19396847 0.29642111 0.06876761
v -0.19467868 0.45390281 0.07468943
v -0.19433421 0.41477013 0.07074985
v -0.19427437 0.37519807 0.07121328
v -0.19437252 0.32998431 0.07451463
v -0.19398841 0.25997144 0.06865135
v -0.19431759 0.20521876 0.07323176
v -0.19482718 0.13978085 0.07778032
v -0.19440871 0.11447328 0.06881366
v -0.19472653 0.08590984 0.07431483
v -0.19505844 0.06390933 0.07355855
v -0.19441912 0.22711317 0.07442574
v -0.19322959 -0.49991086 0.05847934
v -0.19492829 -0.49910036 0.0801527
v -0.19388928 -0.50006837 0.07690322
v -0.1953555 0.3248803 0.09172903
v -0.194765 0.27870411 0.08400485
v -0.19492829 -0.49910036 0.0801527
v -0.19372243 -0.49994123 0.09496577
v -0.19483227 -0.49891901 0.09383817
v -0.19221278 -0.49997309 0.09924884
v -0.19338706 -0.49834695 0.09981056
v -0.19473623 -0.42774197 0.10109043
v -0.1945757 -0.44829077 0.10097297
v -0.19340385 0.07871398 0.10669695
v -0.19305584 0.05083406 0.10592873
v -0.1942001 0.01717598 0.10425958
v -0.19373493 -0.05671266 0.10386023
v -0.19473787 0.24730214 0.10791421
v -0.19496782 0.19912024 0.10744368
v -0.19470818 -0.01250801 0.05655382
v -0.19505829 -0.09081788 0.05367853
v -0.19511941 -0.12557913 0.05334
v -0.19499201 -0.16905057 0.05379127
v -0.19475947 -0.03702263 0.05823947
v -0.19525088 -0.08847059 0.05875399
v -0.19497342 -0.21331245 0.0560087
v -0.19496055 -0.25751656 0.05626312
v -0.19547027 -0.15621626 0.06430994
v -0.19507158 -0.3214277 0.05963998
v -0.19506705 -0.37000945 0.05997727
v -0.19494635 -0.44997564 0.06056955
v -0.19421746 -0.49623632 0.06243239
v -0.19532931 -0.014534 0.06907421
v -0.19588855 -0.08937585 0.07130509
v -0.19564331 -0.18536034 0.06976184
v -0.19558758 -0.23452139 0.06946763
v -0.19552934 -0.2724551 0.06894938
v -0.19554135 -0.38336426 0.06998315
v -0.19550909 0.49595833 0.07761408
v -0.19562986 0.03612443 0.07544101
v -0.19586588 -0.04386523 0.07946994
v -0.19617495 -0.12209249 0.07869393
v -0.19603218 -0.41493964 0.08043097
v -0.19555095 -0.43839085 0.07092647
v -0.1953456 0.49046308 0.07763296
v -0.19590074 -0.28807783 0.07689315
v -0.19613452 -0.36068675 0.08043547
v -0.19601379 -0.47007284 0.07924419
v -0.1958046 -0.48774189 0.08070636
v -0.19531727 -0.49556276 0.07967643
v -0.19494717 0.39640093 0.08113949
v -0.19544294 0.34083486 0.09072743
v -0.1958963 0.0078806 0.08067924
v -0.19625629 -0.09132401 0.08060479
v -0.19620553 -0.15182447 0.08283937
v -0.19608885 -0.22296208 0.08080418
v -0.19624184 -0.45481527 0.08211569
v -0.19542405 0.42034227 0.09002678
v -0.19484766 0.21188122 0.08638246
v -0.19522893 0.1810215 0.0937954
v -0.19621181 -0.33128294 0.08285601
v -0.19563739 0.457187 0.0931273
v -0.19492504 0.24402244 0.08742152
v -0.19561312 0.08480067 0.09670274
v -0.19570822 0.06720985 0.09160485
v -0.1963277 0.03680705 0.09102694
v -0.19612007 -0.01219368 0.08687296
v -0.19629797 -0.05311364 0.09311448
v -0.19657864 -0.23021097 0.09344059
v -0.1965625 -0.30092436 0.09356605
v -0.19667204 -0.46575341 0.09324007
v -0.19633216 -0.48754093 0.09261668
v -0.19570561 -0.49527439 0.0912924
v -0.19601324 0.49556631 0.09446589
v -0.19545528 0.38670343 0.09044623
v -0.19547129 0.15742481 0.09673277
v -0.19566867 0.12738499 0.09716745
v -0.19651833 -0.09705406 0.09337432
v -0.19651307 -0.17812864 0.0932872
v -0.19651881 -0.35349977 0.09340013
v -0.19634572 -0.41230702 0.09320262
v -0.1964974 -0.43786493 0.09339974
v -0.19570111 0.49781644 0.09635197
v -0.1960161 0.48358044 0.09620479
v -0.19567829 0.44056523 0.09659194
v -0.1953579 0.29017887 0.09872092
v -0.19519387 0.2091537 0.09878299
v -0.19642845 0.00640541 0.09316301
v -0.19608714 0.38438872 0.10459659
v -0.19535033 0.26294205 0.09876543
v -0.19654095 0.039837 0.09686719
v -0.19647411 0.00332303 0.09685843
v -0.19623141 -0.05386516 0.09690795
v -0.1963795 -0.11009385 0.09692152
v -0.19633925 -0.19354008 0.09675501
v -0.19624512 -0.25491604 0.09670028
v -0.19625548 -0.30380845 0.09697316
v -0.19616689 -0.34607738 0.09692608
v -0.19597459 -0.40190572 0.09696595
v -0.19609432 -0.43727604 0.09693408
v -0.19612694 -0.46526548 0.09657598
v -0.19582516 -0.48790926 0.09586966
v -0.19596596 0.49473548 0.10303166
v -0.19609402 0.42185679 0.10483862
v -0.19603567 0.34132737 0.10485227
v -0.19542962 0.25092691 0.10488982
v -0.19531906 0.18260843 0.10034522
v -0.19544737 0.15435484 0.10027301
v -0.19563189 0.12712397 0.10074648
v -0.19559914 0.09945662 0.10065902
v -0.19559172 0.07554425 0.10079351
v -0.19627146 0.03796668 0.10017361
v -0.19598392 -0.0115856 0.10024198
v -0.19571148 -0.06405313 0.10014574
v -0.19568034 -0.12719835 0.10009902
v -0.19564375 -0.17458859 0.1001111
v -0.19538449 -0.21280989 0.09993695
v -0.19517185 -0.26340035 0.09999605
v -0.19527635 -0.31391475 0.10004594
v -0.1945757 -0.44829077 0.10097297
v -0.19426601 -0.48220253 0.10097688
v -0.19404608 -0.49157327 0.10031921
v -0.19610769 0.48360023 0.10428756
v -0.1958908 0.46209043 0.10461119
v -0.19576629 0.31537181 0.10492353
v -0.19545804 0.28630856 0.10494993
v -0.19524997 0.1808874 0.10472134
v -0.19503362 0.14980641 0.1046364
v -0.19508474 0.12955879 0.10457869
v -0.19476052 -0.17015386 0.10213538
v -0.19461708 -0.2077667 0.1016574
v -0.19443794 -0.26263443 0.10170852
v -0.19461131 -0.30619064 0.10155206
v -0.19570516 0.48888257 0.10668875
v -0.19555408 0.45991415 0.10702293
v -0.19580548 0.4240227 0.1070237
v -0.19565453 0.38265485 0.10697006
v -0.19556004 0.34577233 0.10749193
v -0.19454196 0.15475835 0.10684696
v -0.19506055 0.48583964 0.10806675
v -0.19509797 0.44063133 0.10804734
v -0.19502956 0.38462204 0.10787421
vt 0.64813 0.23766
vt 0.6498 0.20857
vt 0.6485 0.17275
vt 0.64842 0.15205
vt 0.65198 0.13389
vt 0.64902 0.11317
vt 0.65054 0.11192
vt 0.64944 0.05117
vt 0.64807 0.0525
vt 0.65089 0.05295
vt 0.65223 0.03437
vt 0.6494 0.03002
vt 0.65459 0.01884
vt 0.65026 0.01882
vt 0.64863 0.78965
vt 0.64515 0.79007
vt 0.65364 0.79071
vt 0.65641 0.20162
vt 0.65606 0.16543
vt 0.66057 0.02141
vt 0.6565 0.79002
vt 0.64822 0.25951
vt 0.65866 0.26098
vt 0.65704 0.05976
vt 0.65995 0.03367
vt 0.67078 0.24874
vt 0.66863 0.22012
vt 0.67204 0.1808
vt 0.66983 0.13231
vt 0.67198 0.09589
vt 0.66844 0.79121
vt 0.66696 0.79035
vt 0.66331 0.78085
vt 0.66733 0.78146
vt 0.66723 0.77192
vt 0.68268 0.01954
vt 0.67039 0.46308
vt 0.66527 0.46474
vt 0.67599 0.46273
vt 0.69366 0.15946
vt 0.70465 0.02528
vt 0.67589 0.45905
vt 0.6744 0.45297
vt 0.68328 0.76823
vt 0.66803 0.75673
vt 0.68231 0.7389
vt 0.6778 0.71933
vt 0.66791 0.74288
vt 0.69123 0.79034
vt 0.67511 0.06385
vt 0.7039 0.03349
vt 0.69741 0.75772
vt 0.69509 0.71387
vt 0.67766 0.69893
vt 0.68784 0.68331
vt 0.67542 0.6766
vt 0.68722 0.6568
vt 0.6824 0.63459
vt 0.67198 0.63896
vt 0.69408 0.77454
vt 0.69385 0.60071
vt 0.7099 0.58527
vt 0.68499 0.57506
vt 0.70482 0.74295
vt 0.71095 0.69737
vt 0.71776 0.6744
vt 0.71275 0.65519
vt 0.72285 0.63395
vt 0.69825 0.62263
vt 0.70767 0.7904
vt 0.72447 0.79146
vt 0.7208 0.77344
vt 0.72306 0.61141
vt 0.72111 0.72223
vt 0.73852 0.76121
vt 0.72452 0.74892
vt 0.75756 0.02277
vt 0.75756 0.01974
vt 0.74369 0.66016
vt 0.70522 0.04701
vt 0.72497 0.05293
vt 0.76274 0.02917
vt 0.74078 0.77949
vt 0.78061 0.79055
vt 0.74329 0.73687
vt 0.74199 0.70764
vt 0.7437 0.04702
vt 0.76536 0.78175
vt 0.75216 0.68749
vt 0.76269 0.6212
vt 0.74105 0.59235
vt 0.755 0.57219
vt 0.73183 0.55631
vt 0.74872 0.26738
vt 0.75002 0.23869
vt 0.74002 0.22801
vt 0.76769 0.78844
vt 0.75895 0.73091
vt 0.75995 0.63969
vt 0.76934 0.04685
vt 0.7624 0.60083
vt 0.76655 0.66172
vt 0.78916 0.79145
vt 0.76614 0.76592
vt 0.76774 0.70009
vt 0.78226 0.56913
vt 0.75952 0.53984
vt 0.77121 0.74367
vt 0.77304 0.64706
vt 0.77506 0.58792
vt 0.79323 0.02614
vt 0.78748 0.78126
vt 0.77694 0.76824
vt 0.78318 0.72413
vt 0.77571 0.66459
vt 0.79906 0.6244
vt 0.79266 0.02023
vt 0.78745 0.60645
vt 0.79695 0.79024
vt 0.7993 0.74984
vt 0.7854 0.69309
vt 0.79998 0.64606
vt 0.80006 0.78177
vt 0.79977 0.66588
vt 0.80083 0.58752
vt 0.7996 0.76242
vt 0.80041 0.72782
vt 0.80009 0.69374
vt 0.80095 0.56921
vt 0.8017 0.79102
vt 0.78427 0.55608
vt 0.80357 0.55099
vt 0.80351 0.62687
vt 0.80351 0.78946
vt 0.80275 0.78261
vt 0.80313 0.7562
vt 0.80303 0.729
vt 0.80351 0.65821
vt 0.80316 0.5712
vt 0.80471 0.55422
vt 0.80633 0.78937
vt 0.80404 0.78372
vt 0.80585 0.771
vt 0.80466 0.7388
vt 0.80466 0.71023
vt 0.80504 0.6865
vt 0.80509 0.6614
vt 0.80476 0.63332
vt 0.8048 0.60248
vt 0.80443 0.58175
vt 0.64046 0.7897
vt 0.64251 0.7896
vt 0.6398 0.78784
vt 0.63999 0.79108
vt 0.64252 0.77988
vt 0.63985 0.78203
vt 0.64227 0.75092
vt 0.64039 0.75542
vt 0.64044 0.71934
vt 0.64255 0.66543
vt 0.64058 0.66332
vt 0.64083 0.62979
vt 0.64272 0.62826
vt 0.64281 0.57443
vt 0.64101 0.57181
vt 0.64101 0.5528
vt 0.64284 0.54873
vt 0.64314 0.49827
vt 0.641 0.525
vt 0.64155 0.49804
vt 0.64335 0.46242
vt 0.64136 0.48006
vt 0.64124 0.45332
vt 0.64314 0.43913
vt 0.64111 0.41291
vt 0.64328 0.4101
vt 0.64361 0.37708
vt 0.64117 0.37267
vt 0.64142 0.32311
vt 0.64378 0.32271
vt 0.64419 0.26788
vt 0.64163 0.26897
vt 0.64151 0.23184
vt 0.64432 0.22666
vt 0.64465 0.19525
vt 0.64206 0.1848
vt 0.64466 0.16099
vt 0.64188 0.13747
vt 0.64491 0.09989
vt 0.64209 0.10206
vt 0.64262 0.04819
vt 0.64512 0.05723
vt 0.64604 0.02927
vt 0.64326 0.02578
vt 0.64643 0.02337
vt 0.64482 0.01868
vt 0.64493 0.78724
vt 0.95725 0.98309
vt 0.95803 0.9795
vt 0.96019 0.97941
vt 0.95982 0.98185
vt 0.64432 0.73837
vt 0.64451 0.68969
vt 0.64462 0.65967
vt 0.64487 0.63057
vt 0.64495 0.58091
vt 0.64502 0.54112
vt 0.64526 0.49718
vt 0.64559 0.47525
vt 0.64577 0.45145
vt 0.6459 0.42612
vt 0.64616 0.39577
vt 0.64622 0.37242
vt 0.64639 0.30659
vt 0.64674 0.26283
vt 0.64679 0.21549
vt 0.64705 0.17149
vt 0.64786 0.11265
vt 0.64792 0.0952
vt 0.65097 0.77123
vt 0.65307 0.4677
vt 0.64922 0.44192
vt 0.64896 0.42998
vt 0.64891 0.39848
vt 0.64895 0.37457
vt 0.64925 0.34912
vt 0.65013 0.33614
vt 0.64957 0.27871
vt 0.65097 0.09393
vt 0.95833 0.97301
vt 0.96029 0.97152
vt 0.65473 0.74505
vt 0.65485 0.65877
vt 0.65469 0.61978
vt 0.65341 0.56717
vt 0.65244 0.54069
vt 0.65404 0.51657
vt 0.66002 0.49447
vt 0.65832 0.48365
vt 0.65975 0.58131
vt 0.6593 0.55078
vt 0.65926 0.52543
vt 0.66315 0.49932
vt 0.66448 0.45068
vt 0.66265 0.42919
vt 0.66171 0.38003
vt 0.6673 0.28589
vt 0.95869 0.96211
vt 0.66222 0.7669
vt 0.66205 0.75107
vt 0.6624 0.73852
vt 0.66217 0.6828
vt 0.66251 0.65114
vt 0.66313 0.62883
vt 0.66439 0.60121
vt 0.67267 0.32145
vt 0.96054 0.9578
vt 0.66263 0.56706
vt 0.66573 0.52459
vt 0.66614 0.51628
vt 0.66343 0.48651
vt 0.66778 0.72369
vt 0.66747 0.68622
vt 0.66706 0.63773
vt 0.6651 0.56485
vt 0.66684 0.50976
vt 0.66744 0.50232
vt 0.66712 0.49359
vt 0.67219 0.48632
vt 0.6673 0.46985
vt 0.6703 0.43648
vt 0.66954 0.39226
vt 0.6733 0.38946
vt 0.67652 0.37998
vt 0.66764 0.58951
vt 0.66754 0.55784
vt 0.67067 0.51571
vt 0.67405 0.4139
vt 0.68257 0.36279
vt 0.69292 0.35019
vt 0.68691 0.29554
vt 0.67118 0.57257
vt 0.67101 0.54043
vt 0.67166 0.46631
vt 0.67527 0.44155
vt 0.67468 0.39395
vt 0.6777 0.6119
vt 0.67644 0.50944
vt 0.67727 0.43885
vt 0.67661 0.41308
vt 0.67664 0.39586
vt 0.67825 0.39117
vt 0.68015 0.38883
vt 0.68937 0.33276
vt 0.69179 0.23816
vt 0.95851 0.93368
vt 0.68356 0.55028
vt 0.67885 0.45555
vt 0.6802 0.44509
vt 0.67902 0.40142
vt 0.68642 0.48828
vt 0.68719 0.44551
vt 0.68163 0.44014
vt 0.6814 0.42699
vt 0.68248 0.40789
vt 0.68199 0.40072
vt 0.68272 0.39564
vt 0.68195 0.39157
vt 0.69527 0.20429
vt 0.69768 0.54192
vt 0.70293 0.52013
vt 0.68844 0.44368
vt 0.68598 0.39162
vt 0.7032 0.26487
vt 0.69862 0.18532
vt 0.69628 0.13477
vt 0.69719 0.10991
vt 0.70278 0.0908
vt 0.70368 0.07223
vt 0.69639 0.5623
vt 0.69134 0.44239
vt 0.69325 0.44038
vt 0.69333 0.4255
vt 0.68986 0.40342
vt 0.69343 0.396
vt 0.69133 0.39173
vt 0.69723 0.38906
vt 0.69691 0.37521
vt 0.71778 0.34161
vt 0.70595 0.30194
vt 0.70483 0.485
vt 0.69535 0.44618
vt 0.69319 0.40289
vt 0.69333 0.39118
vt 0.7114 0.50794
vt 0.70626 0.46757
vt 0.69594 0.4417
vt 0.69661 0.42853
vt 0.69715 0.3994
vt 0.71877 0.57279
vt 0.71979 0.53947
vt 0.72304 0.45503
vt 0.70084 0.441
vt 0.70143 0.41926
vt 0.70465 0.39171
vt 0.71669 0.24215
vt 0.96058 0.90569
vt 0.70871 0.44004
vt 0.72429 0.36923
vt 0.71516 0.40396
vt 0.71402 0.16695
vt 0.72444 0.21246
vt 0.71889 0.13908
vt 0.72665 0.11811
vt 0.72248 0.07978
vt 0.72409 0.42197
vt 0.72138 0.30814
vt 0.73629 0.50785
vt 0.73334 0.47421
vt 0.72933 0.35995
vt 0.73208 0.2682
vt 0.7316 0.1704
vt 0.73105 0.43684
vt 0.73454 0.08461
vt 0.73567 0.4038
vt 0.73381 0.33899
vt 0.73578 0.30676
vt 0.75849 0.4556
vt 0.75353 0.3508
vt 0.75507 0.33389
vt 0.74075 0.10855
vt 0.75203 0.44519
vt 0.75229 0.43623
vt 0.75293 0.3731
vt 0.74987 0.19731
vt 0.75255 0.07581
vt 0.75286 0.48523
vt 0.74995 0.15271
vt 0.74998 0.30352
vt 0.95825 0.85938
vt 0.75552 0.52008
vt 0.7558 0.11895
vt 0.75325 0.05643
vt 0.75689 0.44814
vt 0.75511 0.43985
vt 0.7587 0.39762
vt 0.75779 0.37186
vt 0.75794 0.2919
vt 0.75834 0.25253
vt 0.76469 0.21514
vt 0.75737 0.18502
vt 0.75978 0.06267
vt 0.75739 0.44104
vt 0.76722 0.33562
vt 0.76862 0.14764
vt 0.765 0.10212
vt 0.76578 0.07006
vt 0.96044 0.84553
vt 0.78502 0.53539
vt 0.76867 0.50793
vt 0.7803 0.4872
vt 0.76716 0.35702
vt 0.76538 0.44044
vt 0.76642 0.37667
vt 0.78315 0.31616
vt 0.7704 0.29072
vt 0.77016 0.25754
vt 0.78131 0.49284
vt 0.76992 0.40314
vt 0.78295 0.19905
vt 0.77215 0.1752
vt 0.77859 0.08348
vt 0.78364 0.44929
vt 0.78122 0.3557
vt 0.79014 0.21997
vt 0.78649 0.44132
vt 0.78165 0.42036
vt 0.78213 0.0654
vt 0.78157 0.39348
vt 0.78069 0.4571
vt 0.78847 0.34467
vt 0.79086 0.28819
vt 0.78406 0.25375
vt 0.78924 0.17723
vt 0.78773 0.1184
vt 0.79612 0.05124
vt 0.95852 0.84383
vt 0.78834 0.37677
vt 0.80426 0.4743
vt 0.79295 0.44416
vt 0.79326 0.39927
vt 0.79557 0.25853
vt 0.79436 0.16065
vt 0.79706 0.07247
vt 0.80402 0.48826
vt 0.8043 0.4589
vt 0.79637 0.33378
vt 0.80451 0.49247
vt 0.79737 0.10971
vt 0.95792 0.83308
vt 0.96023 0.83391
vt 0.80399 0.5298
vt 0.80448 0.4366
vt 0.80448 0.40044
vt 0.80466 0.37113
vt 0.80521 0.13986
vt 0.80548 0.02241
vt 0.80549 0.01947
vt 0.79299 0.01942
vt 0.8047 0.32937
vt 0.80481 0.26764
vt 0.8047 0.2479
vt 0.80532 0.17226
vt 0.8056 0.08156
vt 0.8061 0.05195
vt 0.80621 0.03046
vt 0.95712 0.8291
vt 0.95983 0.8294
vt 0.80612 0.54947
vt 0.80682 0.52461
vt 0.80701 0.4891
vt 0.80739 0.45393
vt 0.80763 0.40975
vt 0.80771 0.37441
vt 0.80737 0.33634
vt 0.80787 0.27027
vt 0.80794 0.25183
vt 0.80803 0.20681
vt 0.80824 0.16186
vt 0.80842 0.11188
vt 0.80878 0.06445
vt 0.80904 0.04796
vt 0.80896 0.02868
vt 0.80822 0.01955
vt 0.95688 0.82606
vt 0.81093 0.78939
vt 0.80993 0.78784
vt 0.80994 0.78188
vt 0.81048 0.76475
vt 0.81108 0.72993
vt 0.81109 0.69899
vt 0.81095 0.66102
vt 0.81126 0.64104
vt 0.81138 0.59127
vt 0.81131 0.57414
vt 0.81146 0.5562
vt 0.80991 0.53827
vt 0.80954 0.49559
vt 0.80993 0.48383
vt 0.8101 0.4452
vt 0.81021 0.407
vt 0.81054 0.35905
vt 0.81015 0.32853
vt 0.81086 0.25702
vt 0.81092 0.20591
vt 0.81124 0.17743
vt 0.81136 0.1515
vt 0.81149 0.09066
vt 0.81136 0.06143
vt 0.81338 0.04887
vt 0.81186 0.0275
vt 0.81313 0.01972
vt 0.00156 0.06525
vt 0.00096 0.03044
vt 0.00442 0.07017
vt 0.00177 0.09617
vt 0.00346 0.11384
vt 0.0027 0.30302
vt 0.00054 0.32098
vt 0.0027 0.34121
vt 0.00193 0.13374
vt 0.00395 0.14132
vt 0.00208 0.15372
vt 0.00392 0.15697
vt 0.81314 0.6378
vt 0.81364 0.60249
vt 0.81163 0.53305
vt 0.81531 0.53682
vt 0.81542 0.51142
vt 0.81195 0.49155
vt 0.81202 0.46829
vt 0.81414 0.47348
vt 0.81425 0.44709
vt 0.81214 0.42779
vt 0.00456 0.34765
vt 0.00592 0.36151
vt 0.00245 0.36695
vt 0.00596 0.38225
vt 0.81226 0.39961
vt 0.00253 0.39512
vt 0.00492 0.41126
vt 0.81258 0.35843
vt 0.00282 0.4363
vt 0.00523 0.44058
vt 0.81252 0.33045
vt 0.41523 0.99648
vt 0.41986 0.99347
vt 0.44546 0.99648
vt 0.00517 0.46863
vt 0.00263 0.46426
vt 0.0052 0.52416
vt 0.81312 0.24977
vt 0.00291 0.54497
vt 0.81318 0.20962
vt 0.0053 0.57436
vt 0.00292 0.58512
vt 0.81346 0.16915
vt 0.0053 0.6241
vt 0.00303 0.6256
vt 0.81328 0.11355
vt 0.00279 0.6812
vt 0.00498 0.65902
vt 0.00478 0.69755
vt 0.81347 0.07369
vt 0.00285 0.72107
vt 0.0048 0.72083
vt 0.63681 0.84774
vt 0.63661 0.87064
vt 0.63877 0.84811
vt 0.63877 0.87387
vt 0.0028 0.74591
vt 0.00496 0.74281
vt 0.00294 0.76712
vt 0.8133 0.02763
vt 0.00493 0.76608
vt 0.00771 0.77218
vt 0.00353 0.77499
vt 0.63467 0.78978
vt 0.63371 0.78732
vt 0.63467 0.77522
vt 0.63716 0.75409
vt 0.63811 0.71047
vt 0.63382 0.72281
vt 0.63574 0.66531
vt 0.63839 0.66371
vt 0.63724 0.6234
vt 0.63876 0.57151
vt 0.63624 0.57222
vt 0.63748 0.5506
vt 0.63689 0.5106
vt 0.63551 0.49152
vt 0.63666 0.46514
vt 0.63894 0.44556
vt 0.63649 0.44227
vt 0.63667 0.41102
vt 0.63913 0.40912
vt 0.63682 0.37905
vt 0.63696 0.35537
vt 0.63927 0.34699
vt 0.63932 0.28632
vt 0.63715 0.28119
vt 0.63949 0.25187
vt 0.63753 0.24415
vt 0.6396 0.22075
vt 0.62926 0.28433
vt 0.63121 0.26093
vt 0.62899 0.23666
vt 0.63988 0.18692
vt 0.63761 0.19647
vt 0.63116 0.2271
vt 0.62892 0.20232
vt 0.63103 0.18661
vt 0.62892 0.15025
vt 0.63092 0.14687
vt 0.63096 0.11316
vt 0.62897 0.10939
vt 0.62911 0.08339
vt 0.63107 0.0804
vt 0.62879 0.06886
vt 0.63897 0.02868
vt 0.64098 0.04026
vt 0.64124 0.02546
vt 0.95375 0.98443
vt 0.9543 0.96036
vt 0.95494 0.93349
vt 0.95356 0.83227
vt 0.95306 0.82792
vt 0.95301 0.82372
vt 0.00178 0.00598
vt 0.00634 0.00568
vt 0.00642 0.00699
vt 0.0006 0.00741
vt 0.00668 0.00932
vt 0.00054 0.01335
vt 0.00711 0.01889
vt 0.00725 0.03689
vt 0.00783 0.10465
vt 0.35729 0.04389
vt 0.36339 0.02864
vt 0.35583 0.03353
vt 0.00811 0.12011
vt 0.00802 0.13489
vt 0.00623 0.1439
vt 0.00629 0.15948
vt 0.00421 0.19227
vt 0.00621 0.19181
vt 0.00652 0.23888
vt 0.81587 0.55587
vt 0.00438 0.32127
vt 0.00616 0.33521
vt 0.00694 0.41628
vt 0.00676 0.54648
vt 0.00706 0.62074
vt 0.00761 0.64453
vt 0.0079 0.69681
vt 0.00775 0.72547
vt 0.00894 0.74202
vt 0.00908 0.77544
vt 0.00558 0.28334
vt 0.00689 0.27343
vt 0.00759 0.29441
vt 0.81587 0.48516
vt 0.00609 0.30959
vt 0.00733 0.30556
vt 0.00763 0.32368
vt 0.00738 0.34386
vt 0.0072 0.36089
vt 0.00779 0.39127
vt 0.63229 0.13457
vt 0.63301 0.1593
vt 0.63553 0.11608
vt 0.63553 0.14273
vt 0.00686 0.45888
vt 0.00816 0.43266
vt 0.00821 0.4836
vt 0.00666 0.51717
vt 0.00806 0.52088
vt 0.00818 0.545
vt 0.00827 0.57223
vt 0.62352 0.82891
vt 0.62793 0.82946
vt 0.62725 0.8269
vt 0.62366 0.83065
vt 0.62441 0.82317
vt 0.62851 0.81485
vt 0.62689 0.79181
vt 0.62476 0.76583
vt 0.6279 0.76259
vt 0.62688 0.74258
vt 0.62475 0.74207
vt 0.62481 0.70783
vt 0.62684 0.70464
vt 0.62485 0.67248
vt 0.62699 0.60744
vt 0.62486 0.60383
vt 0.62501 0.56142
vt 0.62646 0.55956
vt 0.62443 0.53167
vt 0.62835 0.53157
vt 0.62472 0.50991
vt 0.62685 0.4845
vt 0.62514 0.48901
vt 0.62672 0.44862
vt 0.625 0.42272
vt 0.62663 0.41864
vt 0.62665 0.39132
vt 0.62481 0.37729
vt 0.62657 0.34731
vt 0.62661 0.29519
vt 0.62495 0.30853
vt 0.62513 0.26921
vt 0.62657 0.24131
vt 0.62485 0.22115
vt 0.62642 0.20933
vt 0.62498 0.18059
vt 0.62647 0.18584
vt 0.62652 0.13382
vt 0.62484 0.09977
vt 0.62638 0.10055
vt 0.62647 0.07013
vt 0.6248 0.06649
vt 0.62621 0.06189
vt 0.62492 0.05881
vt 0.95075 0.98898
vt 0.95478 0.98757
vt 0.94668 0.98164
vt 0.94647 0.96144
vt 0.94718 0.8738
vt 0.94565 0.8363
vt 0.94685 0.82695
vt 0.01209 0.04136
vt 0.00738 0.05633
vt 0.00745 0.06955
vt 0.00766 0.15701
vt 0.01082 0.15181
vt 0.01011 0.18091
vt 0.00741 0.19173
vt 0.01031 0.20001
vt 0.01058 0.22573
vt 0.00777 0.24086
vt 0.00581 0.25793
vt 0.50486 0.96231
vt 0.5567 0.959
vt 0.55641 0.96231
vt 0.9703 0.90302
vt 0.96814 0.91894
vt 0.9703 0.92915
vt 0.01024 0.27388
vt 0.01033 0.29281
vt 0.01054 0.30776
vt 0.01052 0.32319
vt 0.01894 0.79483
vt 0.03195 0.79447
vt 0.00954 0.79736
vt 0.03294 0.7972
vt 0.0081 0.8005
vt 0.01033 0.34556
vt 0.01036 0.36078
vt 0.01058 0.38525
vt 0.01078 0.40438
vt 0.3953 0.95335
vt 0.39667 0.92421
vt 0.39363 0.925
vt 0.3957 0.8741
vt 0.3988 0.86527
vt 0.40011 0.84171
vt 0.01093 0.51611
vt 0.20356 0.75628
vt 0.17803 0.75628
vt 0.19838 0.75327
vt 0.17225 0.75363
vt 0.01077 0.53968
vt 0.01086 0.56908
vt 0.0108 0.60546
vt 0.00891 0.63926
vt 0.01073 0.65934
vt 0.00702 0.80383
vt 0.00559 0.79849
vt 0.00702 0.85678
vt 0.00533 0.85396
vt 0.00378 0.81884
vt 0.00951 0.69402
vt 0.01062 0.74724
vt 0.00924 0.76168
vt 0.01092 0.77239
vt 0.61898 0.82982
vt 0.93734 0.94387
vt 0.94419 0.91577
vt 0.94635 0.82414
vt 0.94656 0.82183
vt 0.97447 0.87424
vt 0.9677 0.87387
vt 0.96598 0.87612
vt 0.97462 0.87555
vt 0.96695 0.87741
vt 0.97462 0.87789
vt 0.01416 0.00817
vt 0.0144 0.01846
vt 0.01204 0.02696
vt 0.01288 0.06444
vt 0.0129 0.08728
vt 0.01319 0.10523
vt 0.01397 0.12575
vt 0.36339 0.04472
vt 0.01404 0.147
vt 0.01386 0.18108
vt 0.01402 0.19709
vt 0.01389 0.22814
vt 0.50722 0.95877
vt 0.55552 0.95528
vt 0.01407 0.27303
vt 0.01351 0.29575
vt 0.01412 0.30873
vt 0.0138 0.32367
vt 0.0329 0.8005
vt 0.01387 0.35869
vt 0.01403 0.38476
vt 0.01358 0.39953
vt 0.39817 0.95829
vt 0.40011 0.92697
vt 0.01418 0.43088
vt 0.01504 0.44872
vt 0.01092 0.43355
vt 0.01062 0.49252
vt 0.01505 0.48037
vt 0.01591 0.49902
vt 0.01476 0.54024
vt 0.01399 0.59121
vt 0.01497 0.61524
vt 0.01412 0.64922
vt 0.01437 0.68334
vt 0.013 0.74587
vt 0.01435 0.77279
vt 0.01668 0.77533
vt 0.94674 0.99111
vt 0.9433 0.98952
vt 0.01561 0.03035
vt 0.01621 0.05783
vt 0.01605 0.08589
vt 0.0169 0.10892
vt 0.01735 0.1235
vt 0.01721 0.1444
vt 0.01764 0.16562
vt 0.01791 0.18946
vt 0.80184 0.81021
vt 0.79244 0.81357
vt 0.78457 0.80872
vt 0.74975 0.80963
vt 0.75115 0.80553
vt 0.72004 0.80668
vt 0.01771 0.2567
vt 0.0183 0.28413
vt 0.01799 0.30401
vt 0.04415 0.82435
vt 0.04914 0.82864
vt 0.04529 0.80372
vt 0.04158 0.80935
vt 0.01782 0.32879
vt 0.01788 0.35637
vt 0.01842 0.37375
vt 0.01694 0.39454
vt 0.01695 0.40834
vt 0.01698 0.43071
vt 0.40664 0.05578
vt 0.40659 0.05307
vt 0.42627 0.05578
vt 0.01829 0.51766
vt 0.01936 0.68955
vt 0.01823 0.72336
vt 0.01511 0.00677
vt 0.0163 0.01022
vt 0.92811 0.98546
vt 0.92935 0.97012
vt 0.93188 0.82641
vt 0.93988 0.82191
vt 0.02074 0.14852
vt 0.02201 0.16634
vt 0.02189 0.23108
vt 0.01789 0.22909
vt 0.74725 0.81357
vt 0.7176 0.81179
vt 0.02284 0.25853
vt 0.02168 0.27854
vt 0.02144 0.30439
vt 0.02129 0.32859
vt 0.04914 0.80352
vt 0.02074 0.35748
vt 0.02269 0.38786
vt 0.02403 0.4619
vt 0.02902 0.5018
vt 0.02341 0.5423
vt 0.02493 0.58687
vt 0.02815 0.64488
vt 0.02409 0.6643
vt 0.0235 0.75692
vt 0.02774 0.76693
vt 0.01335 0.0044
vt 0.01723 0.00503
vt 0.94312 0.8203
vt 0.01872 0.00945
vt 0.63553 0.89296
vt 0.63339 0.89598
vt 0.6245 0.89378
vt 0.01887 0.02612
vt 0.61177 0.89598
vt 0.01922 0.05609
vt 0.01773 0.07198
vt 0.01792 0.09503
vt 0.01894 0.91407
vt 0.02322 0.94623
vt 0.02322 0.92766
vt 0.02079 0.12697
vt 0.93687 0.99143
vt 0.93295 0.98958
vt 0.92218 0.90811
vt 0.92162 0.87316
vt 0.90287 0.8585
vt 0.90999 0.83774
vt 0.9343 0.82386
vt 0.02431 0.28481
vt 0.02655 0.30481
vt 0.02561 0.32228
vt 0.5027 0.04039
vt 0.50884 0.04573
vt 0.50444 0.03264
vt 0.0249 0.33538
vt 0.02383 0.34927
vt 0.40983 0.86181
vt 0.40659 0.88245
vt 0.40983 0.89072
vt 0.40674 0.89899
vt 0.02341 0.3658
vt 0.44114 0.04772
vt 0.0258 0.00648
vt 0.02574 0.00927
vt 0.0254 0.0152
vt 0.02724 0.02526
vt 0.02378 0.05015
vt 0.02405 0.07793
vt 0.02418 0.11333
vt 0.01674 0.9333
vt 0.02421 0.12439
vt 0.02486 0.15309
vt 0.02397 0.19319
vt 0.02403 0.23233
vt 0.93071 0.99127
vt 0.02728 0.15084
vt 0.02705 0.18256
vt 0.02686 0.20561
vt 0.54806 0.8407
vt 0.56155 0.83746
vt 0.59294 0.83737
vt 0.02647 0.23438
vt 0.02642 0.25223
vt 0.02692 0.28541
vt 0.04112 0.39295
vt 0.41921 0.0407
vt 0.03441 0.48344
vt 0.03381 0.57096
vt 0.03423 0.626
vt 0.02951 0.73585
vt 0.93194 0.82013
vt 0.02837 0.0044
vt 0.02794 0.044
vt 0.02807 0.06085
vt 0.0284 0.08978
vt 0.02864 0.11011
vt 0.02923 0.11828
vt 0.91523 0.04171
vt 0.92105 0.03668
vt 0.92819 0.04171
vt 0.92614 0.03851
vt 0.02734 0.12264
vt 0.02622 0.13045
vt 0.03329 0.69952
vt 0.92677 0.82179
vt 0.0306 0.1191
vt 0.03003 0.12565
vt 0.02787 0.12809
vt 0.03005 0.14028
vt 0.02974 0.17134
vt 0.02953 0.20437
vt 0.02951 0.23841
vt 0.56016 0.83467
vt 0.03357 0.30336
vt 0.03145 0.32302
vt 0.51458 0.04355
vt 0.51458 0.03166
vt 0.0345 0.33404
vt 0.03256 0.35816
vt 0.47256 0.9664
vt 0.46612 0.98744
vt 0.46166 0.97185
vt 0.03167 0.37983
vt 0.03718 0.42558
vt 0.03062 0.01725
vt 0.02928 0.02018
vt 0.03012 0.03922
vt 0.03024 0.0564
vt 0.03061 0.08962
vt 0.03071 0.10967
vt 0.60905 0.82996
vt 0.58865 0.82969
vt 0.60289 0.8304
vt 0.03061 0.02166
vt 0.033 0.02121
vt 0.03282 0.02277
vt 0.03136 0.0256
vt 0.03291 0.02877
vt 0.03173 0.03118
vt 0.42063 0.90704
vt 0.44422 0.88685
vt 0.44769 0.90704
vt 0.03789 0.66641
vt 0.04666 0.73631
vt 0.9865 0.0029
vt 0.98775 0.00322
vt 0.98811 0.00109
vt 0.99406 0.0005
vt 0.03144 0.04737
vt 0.03311 0.05234
vt 0.03332 0.06326
vt 0.03174 0.0688
vt 0.03316 0.08584
vt 0.0316 0.08693
vt 0.03195 0.10414
vt 0.03334 0.10838
vt 0.03285 0.12007
vt 0.03547 0.1237
vt 0.03572 0.13537
vt 0.03393 0.16914
vt 0.03314 0.19553
vt 0.03301 0.22835
vt 0.03314 0.28774
vt 0.03032 0.44165
vt 0.04486 0.46345
vt 0.48002 0.90295
vt 0.03183 0.01988
vt 0.90459 0.94693
vt 0.03655 0.02264
vt 0.03644 0.02678
vt 0.05317 0.51308
vt 0.42241 0.87405
vt 0.0439 0.53534
vt 0.05214 0.56707
vt 0.05042 0.59414
vt 0.03654 0.03105
vt 0.03323 0.04655
vt 0.03623 0.03977
vt 0.03235 0.04578
vt 0.03573 0.05137
vt 0.99406 0.00352
vt 0.03692 0.06142
vt 0.03663 0.06853
vt 0.03622 0.07874
vt 0.03744 0.09312
vt 0.03609 0.11433
vt 0.57061 0.98634
vt 0.59127 0.97301
vt 0.59233 0.98744
vt 0.04272 0.34952
vt 0.05865 0.48216
vt 0.05382 0.77534
vt 0.0373 0.00911
vt 0.03825 0.02605
vt 0.07115 0.64839
vt 0.05235 0.69644
vt 0.04069 0.02774
vt 0.04059 0.03622
vt 0.53834 0.92301
vt 0.53197 0.92049
vt 0.52538 0.92513
vt 0.03975 0.04487
vt 0.03923 0.05557
vt 0.04314 0.11943
vt 0.04999 0.2417
vt 0.05209 0.25658
vt 0.05281 0.27197
vt 0.55346 0.98744
vt 0.56011 0.96685
vt 0.05199 0.44491
vt 0.05768 0.75748
vt 0.90758 0.82355
vt 0.99622 0.89698
vt 0.9811 0.89698
vt 0.98156 0.89504
vt 0.99281 0.89497
vt 0.04733 0.02281
vt 0.56857 0.95327
vt 0.57858 0.9191
vt 0.59228 0.93281
vt 0.60097 0.95327
vt 0.07354 0.67003
vt 0.0448 0.07876
vt 0.04841 0.08642
vt 0.04677 0.11093
vt 0.04908 0.12542
vt 0.05698 0.14019
vt 0.05375 0.15714
vt 0.05702 0.17709
vt 0.05278 0.20604
vt 0.04683 0.3227
vt 0.0611 0.33883
vt 0.49587 0.98605
vt 0.06008 0.37196
vt 0.05228 0.40483
vt 0.93898 0.03467
vt 0.91881 0.02648
vt 0.93046 0.00955
vt 0.06606 0.63122
vt 0.91471 0.81996
vt 0.04561 0.00421
vt 0.04733 0.00611
vt 0.05174 0.01145
vt 0.05201 0.01919
vt 0.07699 0.71247
vt 0.89982 0.82154
vt 0.05686 0.03103
vt 0.06031 0.04384
vt 0.0539 0.0646
vt 0.05475 0.2947
vt 0.57177 0.95628
vt 0.05937 0.42557
vt 0.07139 0.50582
vt 0.04977 0.00892
vt 0.89342 0.98967
vt 0.88675 0.97611
vt 0.89057 0.82614
vt 0.91159 0.01045
vt 0.53007 0.90139
vt 0.06243 0.22641
vt 0.88605 0.89901
vt 0.07021 0.54298
vt 0.06577 0.0788
vt 0.05666 0.09987
vt 0.08391 0.42944
vt 0.063 0.45841
vt 0.09249 0.57268
vt 0.06656 0.02754
vt 0.06495 0.03582
vt 0.53834 0.89598
vt 0.05957 0.11917
vt 0.06548 0.30575
vt 0.07151 0.32062
vt 0.06468 0.35872
vt 0.50375 0.97411
vt 0.0782 0.38219
vt 0.07549 0.39438
vt 0.89511 0.81988
vt 0.06525 0.00395
vt 0.06916 0.01422
vt 0.06832 0.02545
vt 0.45731 0.86408
vt 0.42946 0.98181
vt 0.41956 0.96932
vt 0.44222 0.99045
vt 0.07378 0.14667
vt 0.077 0.34798
vt 0.07147 0.00563
vt 0.04781 0.02124
vt 0.07715 0.0208
vt 0.88391 0.03467
vt 0.89397 0.02174
vt 0.06474 0.05996
vt 0.07046 0.09166
vt 0.41523 0.99045
vt 0.07729 0.13277
vt 0.07963 0.21179
vt 0.09166 0.25652
vt 0.08345 0.26888
vt 0.07915 0.41098
vt 0.09292 0.7668
vt 0.08878 0.10393
vt 0.8794 0.84564
vt 0.0761 0.02242
vt 0.08029 0.59401
vt 0.06132 0.60978
vt 0.07997 0.12591
vt 0.07503 0.24113
vt 0.52136 0.92111
vt 0.47343 0.91555
vt 0.52214 0.91661
vt 0.10531 0.00978
vt 0.07393 0.07166
vt 0.4329 0.9625
vt 0.51868 0.82979
vt 0.43532 0.84372
vt 0.07234 0.04444
vt 0.07886 0.17454
vt 0.09458 0.22414
vt 0.09065 0.28499
vt 0.08473 0.32879
vt 0.09011 0.77543
vt 0.43186 0.95126
vt 0.87741 0.95172
vt 0.85359 0.87434
vt 0.08649 0.4825
vt 0.08737 0.51913
vt 0.08698 0.03188
vt 0.52586 0.98744
vt 0.07763 0.05607
vt 0.08298 0.07865
vt 0.11636 0.61059
vt 0.08314 0.03815
vt 0.09532 0.20377
vt 0.51854 0.96633
vt 0.54914 0.97825
vt 0.08684 0.74446
vt 0.85685 0.83794
vt 0.09573 0.14507
vt 0.10005 0.30857
vt 0.09839 0.33667
vt 0.08943 0.3667
vt 0.11498 0.01308
vt 0.09295 0.01457
vt 0.09257 0.04036
vt 0.09947 0.04504
vt 0.08642 0.08807
vt 0.07685 0.10419
vt 0.85906 0.82339
vt 0.07733 0.44386
vt 0.09258 0.45801
vt 0.09021 0.02749
vt 0.09684 0.0648
vt 0.38877 0.97739
vt 0.40983 0.99591
vt 0.35799 0.99057
vt 0.50898 0.83053
vt 0.83691 0.99139
vt 0.83727 0.9897
vt 0.10748 0.68614
vt 0.09981 0.02494
vt 0.11109 0.16066
vt 0.10262 0.23896
vt 0.84714 0.81966
vt 0.11329 0.00301
vt 0.10818 0.0075
vt 0.46258 0.92103
vt 0.84534 0.91253
vt 0.09817 0.02232
vt 0.09398 0.54405
vt 0.40314 0.9995
vt 0.37768 0.9995
vt 0.09766 0.17542
vt 0.09715 0.0562
vt 0.83507 0.82914
vt 0.10997 0.38977
vt 0.10422 0.40875
vt 0.10469 0.44056
vt 0.10148 0.63205
vt 0.34827 0.94523
vt 0.36156 0.92014
vt 0.39039 0.94523
vt 0.85141 0.82134
vt 0.09153 0.02873
vt 0.11406 0.37883
vt 0.38607 0.94954
vt 0.36309 0.96833
vt 0.38607 0.97337
vt 0.101 0.07853
vt 0.10554 0.10713
vt 0.11148 0.11966
vt 0.84052 0.95051
vt 0.10898 0.02362
vt 0.10999 0.47719
vt 0.1119 0.5105
vt 0.12182 0.64333
vt 0.10854 0.66506
vt 0.10966 0.73681
vt 0.56533 0.95128
vt 0.56533 0.91532
vt 0.55734 0.95226
vt 0.12385 0.76756
vt 0.83016 0.85222
vt 0.83747 0.82614
vt 0.11062 0.02094
vt 0.1201 0.56103
vt 0.38422 0.90603
vt 0.11234 0.02655
vt 0.10521 0.12366
vt 0.11778 0.13352
vt 0.12874 0.24779
vt 0.12239 0.27839
vt 0.36123 0.94724
vt 0.12242 0.45259
vt 0.11034 0.53563
vt 0.13083 0.58966
vt 0.54806 0.93291
vt 0.12076 0.32375
vt 0.12505 0.33124
vt 0.35799 0.86508
vt 0.34611 0.8422
vt 0.35027 0.88693
vt 0.12483 0.34198
vt 0.10961 0.35273
vt 0.12848 0.42814
vt 0.12187 0.01546
vt 0.11365 0.02786
vt 0.11391 0.03565
vt 0.10761 0.09218
vt 0.14405 0.23229
vt 0.12279 0.36086
vt 0.13261 0.37209
vt 0.11499 0.00472
vt 0.12538 0.04031
vt 0.57164 0.86552
vt 0.59351 0.8615
vt 0.57772 0.87889
vt 0.82528 0.97423
vt 0.11566 0.18078
vt 0.12199 0.20958
vt 0.11875 0.04622
vt 0.11794 0.05755
vt 0.13081 0.02189
vt 0.1183 0.14669
vt 0.13073 0.30324
vt 0.35799 0.8397
vt 0.12071 0.41571
vt 0.57073 0.85678
vt 0.12155 0.09363
vt 0.12372 0.77538
vt 0.119 0.06355
vt 0.59487 0.87586
vt 0.1257 0.11041
vt 0.82224 0.883
vt 0.81165 0.83647
vt 0.81286 0.82347
vt 0.14534 0.55137
vt 0.13384 0.68041
vt 0.12685 0.12099
vt 0.55121 0.91206
vt 0.1496 0.26253
vt 0.13035 0.40801
vt 0.11328 0.757
vt 0.60313 0.87889
vt 0.12611 0.08161
vt 0.13507 0.02067
vt 0.9703 0.02029
vt 0.94511 0.02869
vt 0.95656 0.03668
vt 0.12949 0.17812
vt 0.4318 0.9167
vt 0.46361 0.91236
vt 0.12772 0.02775
vt 0.61717 0.0396
vt 0.62028 0.03971
vt 0.62043 0.01914
vt 0.13662 0.48105
vt 0.13603 0.50505
vt 0.14284 0.52203
vt 0.11591 0.71249
vt 0.13865 0.70553
vt 0.13689 0.74009
vt 0.62257 0.01055
vt 0.94222 0.00452
vt 0.13684 0.05797
vt 0.13103 0.0983
vt 0.45548 0.04573
vt 0.47945 0.05578
vt 0.44114 0.05578
vt 0.14323 0.38827
vt 0.62257 0.04774
vt 0.13923 0.02622
vt 0.1603 0.12977
vt 0.9703 0.00472
vt 0.15543 0.75279
vt 0.16952 0.76169
vt 0.14797 0.06282
vt 0.14896 0.08156
vt 0.79606 0.91103
vt 0.15625 0.62443
vt 0.15794 0.66118
vt 0.157 0.68786
vt 0.15042 0.7259
vt 0.14624 0.20356
vt 0.15823 0.3443
vt 0.15346 0.35318
vt 0.13911 0.00682
vt 0.43144 0.92108
vt 0.14076 0.02764
vt 0.11837 0.07766
vt 0.14685 0.4471
vt 0.80746 0.8213
vt 0.1415 0.14415
vt 0.14322 0.15757
vt 0.15124 0.32937
vt 0.2554 0.81357
vt 0.22215 0.81357
vt 0.23635 0.80251
vt 0.14313 0.07254
vt 0.16264 0.07823
vt 0.15042 0.10252
vt 0.79642 0.9629
vt 0.1584 0.41038
vt 0.16793 0.79523
vt 0.2102 0.79131
vt 0.22422 0.8005
vt 0.40722 0.91206
vt 0.171 0.01458
vt 0.14287 0.04053
vt 0.15126 0.0476
vt 0.99298 0.98678
vt 0.98002 0.97467
vt 0.99272 0.99548
vt 0.15014 0.02183
vt 0.15332 0.02304
vt 0.13085 0.02424
vt 0.15876 0.48287
vt 0.16455 0.59473
vt 0.16633 0.14107
vt 0.15334 0.17813
vt 0.15916 0.28321
vt 0.15183 0.42155
vt 0.81077 0.81964
vt 0.14973 0.00219
vt 0.99272 0.96734
vt 0.14964 0.09546
vt 0.77086 0.87395
vt 0.15707 0.02053
vt 0.15548 0.02431
vt 0.14974 0.1193
vt 0.16648 0.77538
vt 0.1607 0.00371
vt 0.21976 0.80293
vt 0.76516 0.98968
vt 0.77784 0.94628
vt 0.17044 0.6434
vt 0.17467 0.21389
vt 0.16758 0.37269
vt 0.15307 0.05825
vt 0.45484 0.82978
vt 0.16867 0.4644
vt 0.17042 0.50452
vt 0.16299 0.53883
vt 0.16953 0.7438
vt 0.15532 0.02628
vt 0.15743 0.30323
vt 0.18459 0.33766
vt 0.17694 0.36058
vt 0.16778 0.00616
vt 0.40259 0.92111
vt 0.40119 0.91601
vt 0.16315 0.03321
vt 0.16362 0.04018
vt 0.16856 0.11018
vt 0.49838 0.04592
vt 0.17854 0.70628
vt 0.17411 0.11952
vt 0.17854 0.17673
vt 0.18077 0.01701
vt 0.17482 0.02764
vt 0.17386 0.09538
vt 0.1793 0.31753
vt 0.17554 0.3864
vt 0.20362 0.76686
vt 0.17315 0.04648
vt 0.17323 0.06367
vt 0.77839 0.97832
vt 0.7703 0.84844
vt 0.76949 0.82605
vt 0.17121 0.42876
vt 0.18098 0.44594
vt 0.17829 0.58403
vt 0.19372 0.72911
vt 0.18778 0.24272
vt 0.17679 0.39806
vt 0.77499 0.82898
vt 0.1923 0.56767
vt 0.17897 0.02601
vt 0.18895 0.15361
vt 0.18117 0.05903
vt 0.18698 0.53675
vt 0.18772 0.67817
vt 0.76592 0.82352
vt 0.18245 0.02292
vt 0.18257 0.41222
vt 0.19873 0.4808
vt 0.19194 0.51033
vt 0.19243 0.12907
vt 0.19023 0.29674
vt 0.19381 0.32943
vt 0.2014 0.3498
vt 0.64287 0.95025
vt 0.62905 0.96862
vt 0.64309 0.97635
vt 0.20537 0.08187
vt 0.63018 0.57035
vt 0.63229 0.56092
vt 0.63229 0.52312
vt 0.63013 0.52963
vt 0.19029 0.02177
vt 0.20214 0.74858
vt 0.18675 0.27494
vt 0.19327 0.37354
vt 0.19397 0.46595
vt 0.25705 0.78744
vt 0.19914 0.04005
vt 0.20492 0.07799
vt 0.73968 0.91154
vt 0.7457 0.83963
vt 0.19794 0.42921
vt 0.20949 0.64392
vt 0.74713 0.8215
vt 0.20044 0.00538
vt 0.17321 0.01098
vt 0.20396 0.6222
vt 0.22249 0.77543
vt 0.7651 0.81983
vt 0.19545 0.00093
vt 0.1975 0.00272
vt 0.19717 0.02593
vt 0.21118 0.06382
vt 0.19103 0.09377
vt 0.2068 0.40554
vt 0.20066 0.52625
vt 0.20909 0.59757
vt 0.20058 0.02437
vt 0.20139 0.18385
vt 0.21217 0.22681
vt 0.53637 0.04874
vt 0.53683 0.05377
vt 0.50486 0.05377
vt 0.20892 0.01099
vt 0.20724 0.01538
vt 0.21616 0.12035
vt 0.19078 0.12249
vt 0.73707 0.97155
vt 0.20103 0.02276
vt 0.21931 0.68536
vt 0.19878 0.20889
vt 0.20559 0.26768
vt 0.21053 0.01774
vt 0.22372 0.04559
vt 0.20846 0.09908
vt 0.74906 0.98291
vt 0.21475 0.13612
vt 0.22315 0.32341
vt 0.20945 0.02759
vt 0.3887 0.8305
vt 0.71679 0.99146
vt 0.21486 0.41929
vt 0.20958 0.16319
vt 0.2223 0.25376
vt 0.64287 0.99548
vt 0.21897 0.38853
vt 0.97948 0.84324
vt 0.9973 0.86799
vt 0.9973 0.82663
vt 0.21739 0.4563
vt 0.22412 0.55419
vt 0.21911 0.66178
vt 0.22262 0.7049
vt 0.22154 0.35949
vt 0.20175 0.05927
vt 0.22073 0.1119
vt 0.22502 0.44421
vt 0.22952 0.56905
vt 0.2341 0.72355
vt 0.62748 0.87085
vt 0.60948 0.87139
vt 0.63229 0.85212
vt 0.61125 0.84171
vt 0.59764 0.85672
vt 0.58135 0.85371
vt 0.28542 0.8005
vt 0.23059 0.76116
vt 0.74543 0.81976
vt 0.21515 0.0005
vt 0.21495 0.05771
vt 0.38792 0.8298
vt 0.20029 0.02059
vt 0.21785 0.02072
vt 0.21789 0.02186
vt 0.97783 0.87164
vt 0.23061 0.54196
vt 0.21904 0.19224
vt 0.56857 0.85085
vt 0.22732 0.33505
vt 0.22007 0.00225
vt 0.22495 0.00639
vt 0.55562 0.04915
vt 0.21624 0.0408
vt 0.22003 0.07716
vt 0.70925 0.94195
vt 0.71191 0.86484
vt 0.21987 0.49855
vt 0.2261 0.02601
vt 0.22586 0.2173
vt 0.96922 0.85953
vt 0.24429 0.13044
vt 0.71291 0.82372
vt 0.21983 0.02289
vt 0.22112 0.51827
vt 0.23295 0.58799
vt 0.22457 0.02416
vt 0.22739 0.15365
vt 0.25019 0.23364
vt 0.22393 0.37261
vt 0.29968 0.79078
vt 0.23085 0.01597
vt 0.22845 0.0186
vt 0.2267 0.09872
vt 0.23191 0.48154
vt 0.24607 0.52987
vt 0.2581 0.62549
vt 0.23279 0.40055
vt 0.26647 0.77542
vt 0.71673 0.82668
vt 0.3094 0.82563
vt 0.27947 0.80846
vt 0.2554 0.81931
vt 0.23569 0.17932
vt 0.50139 0.87544
vt 0.53785 0.88794
vt 0.47462 0.88794
vt 0.62974 0.89196
vt 0.21106 0.29823
vt 0.23531 0.30257
vt 0.21808 0.31218
vt 0.25094 0.01221
vt 0.4757 0.87789
vt 0.45842 0.85779
vt 0.46018 0.87279
vt 0.23385 0.06241
vt 0.2389 0.08207
vt 0.24035 0.0959
vt 0.7059 0.98971
vt 0.22811 0.42653
vt 0.26279 0.74289
vt 0.51651 0.86784
vt 0.53634 0.87732
vt 0.60281 0.89196
vt 0.21664 0.28086
vt 0.23145 0.29288
vt 0.4757 0.86229
vt 0.4736 0.85814
vt 0.23514 0.05638
vt 0.23894 0.07749
vt 0.24488 0.37954
vt 0.25238 0.51089
vt 0.26213 0.6456
vt 0.22747 0.1337
vt 0.24927 0.34648
vt 0.25823 0.02004
vt 0.24797 0.02148
vt 0.26074 0.45561
vt 0.23675 0.61064
vt 0.23853 0.14301
vt 0.2324 0.04099
vt 0.69585 0.88681
vt 0.99224 0.89296
vt 0.25559 0.66736
vt 0.26969 0.69556
vt 0.24721 0.19296
vt 0.24699 0.2236
vt 0.23815 0.27394
vt 0.24472 0.75149
vt 0.70902 0.81973
vt 0.25567 0.00133
vt 0.98226 0.90051
vt 0.98542 0.93819
vt 0.98542 0.9
vt 0.26785 0.00816
vt 0.26616 0.01663
vt 0.2552 0.11151
vt 0.26096 0.47131
vt 0.48974 0.93482
vt 0.50718 0.93317
vt 0.49991 0.94523
vt 0.26365 0.2418
vt 0.25744 0.26058
vt 0.25931 0.32353
vt 0.25877 0.02756
vt 0.23072 0.02765
vt 0.25918 0.03502
vt 0.69414 0.84873
vt 0.26355 0.02272
vt 0.26112 0.57235
vt 0.2493 0.15766
vt 0.26558 0.3325
vt 0.50482 0.83166
vt 0.50926 0.84879
vt 0.47354 0.83387
vt 0.48703 0.8608
vt 0.25598 0.42631
vt 0.26094 0.04061
vt 0.254 0.04609
vt 0.25601 0.05591
vt 0.25178 0.06945
vt 0.70557 0.82162
vt 0.2537 0.28088
vt 0.25141 0.43861
vt 0.27477 0.4936
vt 0.25767 0.09202
vt 0.25991 0.12125
vt 0.69459 0.971
vt 0.2786 0.55061
vt 0.53522 0.93622
vt 0.26935 0.162
vt 0.25989 0.30661
vt 0.25805 0.40756
vt 0.98002 0.9305
vt 0.98226 0.93246
vt 0.27812 0.01919
vt 0.26544 0.72225
vt 0.27832 0.59431
vt 0.27199 0.6096
vt 0.53726 0.94523
vt 0.27492 0.1395
vt 0.26515 0.14523
vt 0.27516 0.19739
vt 0.26919 0.21376
vt 0.27754 0.29772
vt 0.27671 0.07747
vt 0.67933 0.91975
vt 0.69105 0.8304
vt 0.68873 0.82631
vt 0.26998 0.0255
vt 0.27231 0.02605
vt 0.27568 0.1751
vt 0.27072 0.27481
vt 0.5464 0.85941
vt 0.26033 0.36069
vt 0.27228 0.37432
vt 0.2669 0.38878
vt 0.27627 0.04397
vt 0.2703 0.08306
vt 0.69018 0.82368
vt 0.27361 0.02148
vt 0.29344 0.76717
vt 0.68638 0.8196
vt 0.28256 0.00413
vt 0.27915 0.00585
vt 0.2619 0.00528
vt 0.28178 0.0612
vt 0.35805 0.82974
vt 0.55994 0.87064
vt 0.27195 0.13081
vt 0.349 0.83047
vt 0.67712 0.99143
vt 0.2712 0.02002
vt 0.27505 0.52818
vt 0.28438 0.56981
vt 0.29184 0.15592
vt 0.28407 0.31564
vt 0.28322 0.40745
vt 0.28971 0.12286
vt 0.67508 0.98973
vt 0.66129 0.83151
vt 0.32559 0.43106
vt 0.32298 0.42563
vt 0.32559 0.4407
vt 0.28154 0.43161
vt 0.29331 0.73656
vt 0.68034 0.82162
vt 0.32235 0.4356
vt 0.28623 0.26003
vt 0.28644 0.33899
vt 0.29303 0.10867
vt 0.2927 0.12001
vt 0.36383 0.50961
vt 0.35322 0.52148
vt 0.37251 0.51979
vt 0.11007 0.77739
vt 0.13193 0.79826
vt 0.09898 0.7937
vt 0.29677 0.01304
vt 0.29553 0.01763
vt 0.29107 0.04027
vt 0.67036 0.98085
vt 0.28934 0.02073
vt 0.28171 0.66814
vt 0.27957 0.02329
vt 0.28675 0.02463
vt 0.28279 0.02612
vt 0.29783 0.34964
vt 0.54885 0.85187
vt 0.29867 0.35744
vt 0.30119 0.00861
vt 0.29019 0.02765
vt 0.67984 0.81558
vt 0.66347 0.80203
vt 0.70032 0.80309
vt 0.29517 0.09817
vt 0.29305 0.51442
vt 0.59745 0.99246
vt 0.62905 0.98254
vt 0.59638 0.97188
vt 0.29372 0.70859
vt 0.29345 0.23724
vt 0.2937 0.38168
vt 0.29444 0.03343
vt 0.67526 0.79749
vt 0.29233 0.08323
vt 0.34248 0.82938
vt 0.66519 0.87033
vt 0.65921 0.82363
vt 0.1077 0.8173
vt 0.08447 0.80195
vt 0.07073 0.82462
vt 0.6101 0.94557
vt 0.29325 0.14088
vt 0.34503 0.01859
vt 0.33207 0.0317
vt 0.34503 0.04192
vt 0.57937 0.03011
vt 0.53321 0.02407
vt 0.56732 0.01658
vt 0.30157 0.02039
vt 0.66456 0.81508
vt 0.29112 0.07685
vt 0.28674 0.46045
vt 0.29794 0.4905
vt 0.29072 0.62844
vt 0.619 0.93212
vt 0.29462 0.02615
vt 0.29306 0.13107
vt 0.29221 0.19045
vt 0.57703 0.04774
vt 0.29343 0.28352
vt 0.13661 0.82462
vt 0.29525 0.53993
vt 0.30124 0.00614
vt 0.29135 0.04449
vt 0.29775 0.0565
vt 0.29787 0.0607
vt 0.33954 0.83003
vt 0.34236 0.68583
vt 0.34647 0.66581
vt 0.34147 0.6644
vt 0.3414 0.63817
vt 0.34835 0.62597
vt 0.3414 0.60083
vt 0.34184 0.58732
vt 0.66769 0.99098
vt 0.66714 0.98931
vt 0.66595 0.9158
vt 0.66413 0.82616
vt 0.29787 0.02196
vt 0.29809 0.02294
vt 0.59125 0.92128
vt 0.30813 0.32029
vt 0.30602 0.33206
vt 0.31105 0.77294
vt 0.30803 0.77538
vt 0.36663 0.88593
vt 0.35583 0.89178
vt 0.36663 0.90457
vt 0.34138 0.68249
vt 0.34 0.68424
vt 0.29599 0.55934
vt 0.29945 0.59886
vt 0.29886 0.67013
vt 0.29353 0.67926
vt 0.61179 0.90332
vt 0.65395 0.82159
vt 0.30151 0.02436
vt 0.29665 0.26256
vt 0.30719 0.42341
vt 0.30803 0.44105
vt 0.31166 0.4504
vt 0.30154 0.03842
vt 0.30155 0.04384
vt 0.65713 0.81558
vt 0.35935 0.90775
vt 0.36015 0.91407
vt 0.30349 0.0816
vt 0.30231 0.12226
vt 0.66463 0.98961
vt 0.6573 0.98044
vt 0.6566 0.97094
vt 0.66189 0.93135
vt 0.65403 0.84143
vt 0.59205 0.01453
vt 0.60345 0.01442
vt 0.60024 0.01558
vt 0.29916 0.63657
vt 0.30168 0.02674
vt 0.30569 0.05745
vt 0.30356 0.07573
vt 0.30183 0.13209
vt 0.30148 0.14118
vt 0.30136 0.16208
vt 0.3426 0.05276
vt 0.30151 0.18483
vt 0.30167 0.20513
vt 0.55863 0.04774
vt 0.52862 0.03092
vt 0.30197 0.23747
vt 0.76928 0.01357
vt 0.78506 0.00671
vt 0.79212 0.01357
vt 0.30731 0.38662
vt 0.6266 0.93992
vt 0.65345 0.8198
vt 0.80292 0.01062
vt 0.83662 0.00854
vt 0.82684 0.01118
vt 0.8222 0.01143
vt 0.30511 0.00847
vt 0.30806 0.02046
vt 0.30556 0.02066
vt 0.59818 0.01246
vt 0.59756 0.01079
vt 0.60012 0.01136
vt 0.304 0.02181
vt 0.30182 0.10272
vt 0.30184 0.11875
vt 0.3034 0.00716
vt 0.30585 0.00627
vt 0.65953 0.98676
vt 0.65854 0.98414
vt 0.30133 0.02121
vt 0.30297 0.02258
vt 0.03249 0.52368
vt 0.02322 0.52814
vt 0.02597 0.52211
vt 0.30902 0.04738
vt 0.3076 0.07626
vt 0.30145 0.26668
vt 0.773 0.00824
vt 0.30128 0.27796
vt 0.31194 0.48431
vt 0.31171 0.52837
vt 0.31182 0.598
vt 0.31205 0.6561
vt 0.62905 0.89698
vt 0.31177 0.71109
vt 0.31198 0.73943
vt 0.31203 0.76369
vt 0.83549 0.01343
vt 0.82634 0.01357
vt 0.84287 0.01357
vt 0.32119 0.00958
vt 0.65352 0.95196
vt 0.65333 0.94038
vt 0.65085 0.93365
vt 0.65441 0.90615
vt 0.65282 0.87219
vt 0.65356 0.82753
vt 0.60279 0.01297
vt 0.60637 0.01231
vt 0.60531 0.01519
vt 0.30343 0.02447
vt 0.47678 0.03437
vt 0.4754 0.03568
vt 0.47354 0.03437
vt 0.47488 0.03266
vt 0.30323 0.13455
vt 0.01134 0.91104
vt 0.01376 0.91776
vt 0.01458 0.8932
vt 0.01179 0.88995
vt 0.30332 0.1589
vt 0.30361 0.19198
vt 0.30389 0.23635
vt 0.52867 0.03309
vt 0.74028 0.01049
vt 0.77175 0.00538
vt 0.78482 0.00151
vt 0.30668 0.35586
vt 0.55454 0.8608
vt 0.60416 0.01095
vt 0.31245 0.02104
vt 0.31024 0.02212
vt 0.30798 0.02595
vt 0.0459 0.52286
vt 0.03323 0.52814
vt 0.31152 0.03836
vt 0.30963 0.04794
vt 0.30845 0.07969
vt 0.45715 0.92686
vt 0.45483 0.92513
vt 0.45734 0.94784
vt 0.30467 0.13316
vt 0.81897 0.04534
vt 0.82474 0.04535
vt 0.82175 0.04436
vt 0.65612 0.98224
vt 0.65455 0.97886
vt 0.65496 0.97668
vt 0.65438 0.96841
vt 0.3147 0.29687
vt 0.83801 0.01107
vt 0.32077 0.01953
vt 0.59341 0.96131
vt 0.59341 0.95729
vt 0.59203 0.95913
vt 0.59017 0.96018
vt 0.31168 0.04883
vt 0.31081 0.07776
vt 0.30982 0.10747
vt 0.45302 0.95291
vt 0.45715 0.96739
vt 0.45331 0.97555
vt 0.45577 0.97839
vt 0.3094 0.13011
vt 0.30881 0.15206
vt 0.01458 0.9191
vt 0.30439 0.17386
vt 0.46058 0.95327
vt 0.48116 0.95127
vt 0.50436 0.9531
vt 0.5252 0.95142
vt 0.30449 0.2204
vt 0.55454 0.95327
vt 0.55174 0.95154
vt 0.30625 0.21772
vt 0.30653 0.24932
vt 0.30476 0.2489
vt 0.75354 0.00763
vt 0.75377 0.00586
vt 0.82867 0.04525
vt 0.83653 0.045
vt 0.83087 0.04445
vt 0.65355 0.97153
vt 0.65242 0.96161
vt 0.65157 0.95257
vt 0.65158 0.94811
vt 0.65024 0.92057
vt 0.64709 0.89798
vt 0.64683 0.89103
vt 0.64532 0.82408
vt 0.30652 0.27843
vt 0.31449 0.32398
vt 0.31464 0.34421
vt 0.31149 0.35207
vt 0.31133 0.39428
vt 0.31149 0.42346
vt 0.31382 0.00869
vt 0.31636 0.00741
vt 0.31525 0.07346
vt 0.3185 0.09388
vt 0.31347 0.11885
vt 0.31764 0.13682
vt 0.31659 0.18355
vt 0.30777 0.19289
vt 0.30982 0.23612
vt 0.3108 0.2545
vt 0.30448 0.26592
vt 0.31411 0.27013
vt 0.31661 0.00668
vt 0.86169 0.04431
vt 0.85693 0.04489
vt 0.87211 0.0449
vt 0.64984 0.93849
vt 0.64818 0.92212
vt 0.64792 0.91336
vt 0.64383 0.86876
vt 0.64389 0.84017
vt 0.64401 0.82732
vt 0.6448 0.82223
vt 0.31481 0.27929
vt 0.31464 0.39505
vt 0.01782 0.83846
vt 0.02164 0.83769
vt 0.02174 0.80653
vt 0.01807 0.80903
vt 0.31464 0.42594
vt 0.31492 0.44868
vt 0.31493 0.48781
vt 0.31494 0.55346
vt 0.31501 0.60731
vt 0.31495 0.66631
vt 0.31495 0.70899
vt 0.31492 0.73529
vt 0.31458 0.76282
vt 0.31359 0.77493
vt 0.64715 0.81987
vt 0.32193 0.00481
vt 0.32166 0.00674
vt 0.3156 0.00407
vt 0.3193 0.06761
vt 0.318 0.11577
vt 0.31506 0.21298
vt 0.54688 0.94322
vt 0.31432 0.23772
vt 0.3147 0.25778
vt 0.89191 0.81625
vt 0.89508 0.81601
vt 0.89918 0.81347
vt 0.88975 0.0447
vt 0.8916 0.04524
vt 0.89909 0.04372
vt 0.90803 0.04478
vt 0.90042 0.73274
vt 0.91052 0.7077
vt 0.89635 0.69247
vt 0.64581 0.90518
vt 0.64519 0.89767
vt 0.64515 0.89356
vt 0.64466 0.88502
vt 0.31818 0.28016
vt 0.31791 0.28903
vt 0.28132 0.82857
vt 0.25187 0.82864
vt 0.2437 0.82462
vt 0.22447 0.82857
vt 0.22192 0.82501
vt 0.31746 0.34186
vt 0.3176 0.36589
vt 0.02164 0.88894
vt 0.02538 0.86709
vt 0.02538 0.8288
vt 0.31773 0.40386
vt 0.3179 0.45005
vt 0.31782 0.49444
vt 0.31782 0.55738
vt 0.31751 0.63324
vt 0.31734 0.70464
vt 0.38899 0.89418
vt 0.39255 0.92513
vt 0.39095 0.87155
vt 0.38823 0.86633
vt 0.39255 0.85779
vt 0.31788 0.77138
vt 0.64244 0.82047
vt 0.32685 0.00555
vt 0.32485 0.00699
vt 0.32441 0.00948
vt 0.32406 0.02216
vt 0.3231 0.06796
vt 0.32225 0.09483
vt 0.3212 0.14096
vt 0.32004 0.17995
vt 0.97064 0.99378
vt 0.97462 0.99749
vt 0.97462 0.94221
vt 0.9703 0.96373
vt 0.31849 0.23444
vt 0.31778 0.25829
vt 0.9161 0.04476
vt 0.91665 0.04538
vt 0.92049 0.04432
vt 0.92898 0.04485
vt 0.64365 0.88574
vt 0.64222 0.87247
vt 0.64194 0.86395
vt 0.64142 0.84901
vt 0.64126 0.83278
vt 0.64133 0.82506
vt 0.31897 0.5958
vt 0.31926 0.55502
vt 0.32214 0.59255
vt 0.32069 0.62915
vt 0.31887 0.6298
vt 0.32054 0.68631
vt 0.31857 0.69052
vt 0.32042 0.72254
vt 0.31841 0.72486
vt 0.31791 0.7648
vt 0.32028 0.75695
vt 0.32184 0.76227
vt 0.31722 0.77565
vt 0.32201 0.77526
vt 0.31953 0.28056
vt 0.32022 0.28667
vt 0.31981 0.31569
vt 0.3174 0.31639
vt 0.31979 0.32868
vt 0.31979 0.35024
vt 0.31983 0.38262
vt 0.31962 0.43006
vt 0.31962 0.48231
vt 0.31943 0.52811
vt 0.32883 0.00763
vt 0.32717 0.01077
vt 0.32674 0.025
vt 0.32632 0.05624
vt 0.03101 0.86149
vt 0.03086 0.82843
vt 0.02754 0.84944
vt 0.32524 0.0886
vt 0.32451 0.11904
vt 0.32386 0.14628
vt 0.32202 0.20172
vt 0.32021 0.25363
vt 0.31958 0.27321
vt 0.94326 0.04472
vt 0.94776 0.04525
vt 0.9524 0.0443
vt 0.95819 0.0449
vt 0.96841 0.04387
vt 0.977 0.04482
vt 0.64007 0.84102
vt 0.63985 0.83005
vt 0.9952 0.72631
vt 0.99401 0.7289
vt 0.99504 0.7609
vt 0.64007 0.82376
vt 0.99761 0.36908
vt 0.99634 0.35591
vt 0.9955 0.38323
vt 0.99685 0.38861
vt 0.99672 0.41698
vt 0.99526 0.44179
vt 0.99676 0.47408
vt 0.99515 0.48757
vt 0.99675 0.51438
vt 0.99516 0.5238
vt 0.32096 0.47367
vt 0.32252 0.48309
vt 0.32233 0.52107
vt 0.32243 0.55014
vt 0.32221 0.62622
vt 0.32207 0.68558
vt 0.32216 0.76959
vt 0.99946 0.04583
vt 0.9953 0.04614
vt 0.99835 0.04795
vt 0.99889 0.20175
vt 0.99823 0.18754
vt 0.9983 0.22259
vt 0.99899 0.239
vt 0.99862 0.27628
vt 0.32186 0.26998
vt 0.32151 0.28579
vt 0.99946 0.32738
vt 0.99826 0.32643
vt 0.99781 0.34324
vt 0.99873 0.35643
vt 0.32876 0.01413
vt 0.32805 0.04907
vt 0.03294 0.86884
vt 0.03294 0.82462
vt 0.32682 0.09236
vt 0.3265 0.1224
vt 0.32468 0.16126
vt 0.65147 0.01826
vt 0.66334 0.01815
vt 0.69063 0.01857
vt 0.76132 0.01897
vt 0.64001 0.14645
vt 0.64026 0.10672
vt 0.64052 0.07302
vt 0.64124 0.01873
vt 0.6442 0.01759
vt 0.34075 0.84014
vt 0.34395 0.84497
vt 0.34183 0.84366
vt 0.34358 0.84615
vt 0.34365 0.85715
vt 0.34198 0.86594
vt 0.34359 0.88247
vt 0.34179 0.91135
vt 0.34181 0.95629
vt 0.34359 0.94803
vt 0.34358 0.97741
vt 0.34168 0.97552
vt 0.34319 0.98899
vt 0.34138 0.99168
vt 0.34275 0.99149
vt 0.81273 0.01858
vt 0.34013 0.99505
vt 0.63121 0.79381
vt 0.62968 0.70516
vt 0.63077 0.66328
vt 0.62953 0.61216
vt 0.63373 0.56748
vt 0.63337 0.51954
vt 0.62936 0.50521
vt 0.62906 0.48237
vt 0.62901 0.45115
vt 0.62897 0.4192
vt 0.62903 0.39552
vt 0.62898 0.32137
vt 0.63085 0.06549
vt 0.63 0.05883
vt 0.6247 0.05797
vt 0.33546 0.8349
vt 0.34008 0.8373
vt 0.3353 0.85064
vt 0.00349 0.77622
vt 0.62264 0.82648
vt 0.62286 0.79034
vt 0.623 0.73921
vt 0.62305 0.70554
vt 0.62309 0.66733
vt 0.62307 0.60464
vt 0.62325 0.5639
vt 0.62288 0.52936
vt 0.62305 0.50741
vt 0.62333 0.47777
vt 0.62313 0.39564
vt 0.62295 0.34842
vt 0.62286 0.29462
vt 0.62276 0.23903
vt 0.62292 0.21278
vt 0.6228 0.17648
vt 0.62322 0.10582
vt 0.62262 0.06727
vt 0.61991 0.0588
vt 0.32859 0.83356
vt 0.33522 0.93464
vt 0.33429 0.98528
vt 0.33269 0.99632
vt 0.33621 0.99859
vt 0.33406 0.99832
vt 0.62001 0.82747
vt 0.62048 0.81699
vt 0.62057 0.80139
vt 0.62081 0.76804
vt 0.62095 0.72011
vt 0.62081 0.668
vt 0.62059 0.61148
vt 0.62074 0.57729
vt 0.62075 0.54633
vt 0.62045 0.52749
vt 0.62053 0.50353
vt 0.62048 0.47504
vt 0.6202 0.45147
vt 0.62017 0.38436
vt 0.61965 0.34147
vt 0.61959 0.27096
vt 0.61968 0.20195
vt 0.61963 0.15234
vt 0.61962 0.11869
vt 0.61979 0.08504
vt 0.61935 0.06547
vt 0.33125 0.83273
vt 0.32722 0.84602
vt 0.32579 0.87508
vt 0.32946 0.94339
vt 0.01112 0.77621
vt 0.61521 0.81573
vt 0.61645 0.79875
vt 0.61534 0.76501
vt 0.61687 0.72192
vt 0.61623 0.64126
vt 0.61643 0.55706
vt 0.61587 0.47651
vt 0.61238 0.43071
vt 0.61706 0.29123
vt 0.61676 0.22341
vt 0.61692 0.19667
vt 0.61715 0.15311
vt 0.61688 0.12407
vt 0.61723 0.09196
vt 0.61687 0.07152
vt 0.61634 0.06465
vt 0.61483 0.05873
vt 0.32621 0.83208
vt 0.60596 0.82839
vt 0.61087 0.70049
vt 0.61226 0.60297
vt 0.6055 0.54432
vt 0.60465 0.52264
vt 0.61082 0.39246
vt 0.61085 0.32177
vt 0.60547 0.27463
vt 0.60603 0.09011
vt 0.3 0.83853
vt 0.30428 0.97319
vt 0.31963 0.99859
vt 0.32865 0.9995
vt 0.60805 0.77536
vt 0.60601 0.73339
vt 0.60415 0.6773
vt 0.60827 0.64458
vt 0.59979 0.50313
vt 0.60192 0.36721
vt 0.5991 0.24503
vt 0.60852 0.17283
vt 0.29214 0.87165
vt 0.31549 0.93568
vt 0.60405 0.80154
vt 0.6041 0.44518
vt 0.59519 0.3295
vt 0.58635 0.22776
vt 0.59812 0.18107
vt 0.5999 0.14538
vt 0.59179 0.11688
vt 0.59074 0.83998
vt 0.61933 0.8407
vt 0.60272 0.70421
vt 0.60432 0.61145
vt 0.59626 0.47976
vt 0.58932 0.41446
vt 0.59497 0.79075
vt 0.59939 0.74668
vt 0.59363 0.68825
vt 0.59489 0.65048
vt 0.59651 0.61085
vt 0.59214 0.57913
vt 0.58978 0.43787
vt 0.58306 0.39849
vt 0.58748 0.08381
vt 0.33279 0.01493
vt 0.33261 0.01339
vt 0.33488 0.01275
vt 0.33524 0.01528
vt 0.9584 0.99482
vt 0.95805 0.99347
vt 0.95371 0.99356
vt 0.94764 0.99363
vt 0.33207 0.01141
vt 0.33466 0.01128
vt 0.9595 0.99648
vt 0.93877 0.99622
vt 0.93173 0.99358
vt 0.92986 0.99481
vt 0.92007 0.99634
vt 0.90654 0.995
vt 0.88391 0.99648
vt 0.88681 0.9955
vt 0.5909 0.82383
vt 0.58856 0.72082
vt 0.57354 0.46059
vt 0.57617 0.38293
vt 0.58166 0.35454
vt 0.58644 0.28568
vt 0.57217 0.06613
vt 0.28987 0.93454
vt 0.59077 0.75204
vt 0.58016 0.67262
vt 0.58679 0.5508
vt 0.34545 0.01284
vt 0.58057 0.62902
vt 0.56741 0.51072
vt 0.57526 0.49848
vt 0.57728 0.19018
vt 0.26567 0.83345
vt 0.25757 0.99642
vt 0.34997 0.01558
vt 0.0257 0.77626
vt 0.35224 0.01091
vt 0.57821 0.76229
vt 0.56645 0.47854
vt 0.56962 0.14542
vt 0.28846 0.83194
vt 0.56286 0.78863
vt 0.57182 0.72468
vt 0.57623 0.70167
vt 0.5646 0.59825
vt 0.57067 0.57631
vt 0.57475 0.11121
vt 0.57711 0.05873
vt 0.25263 0.85133
vt 0.57389 0.54396
vt 0.56629 0.52758
vt 0.24443 0.99862
vt 0.36216 0.01255
vt 0.10081 0.77638
vt 0.3649 0.0108
vt 0.5562 0.81778
vt 0.55703 0.68935
vt 0.56684 0.64345
vt 0.56514 0.4225
vt 0.55939 0.29944
vt 0.56916 0.26182
vt 0.2439 0.83836
vt 0.27082 0.97812
vt 0.5682 0.80751
vt 0.56339 0.36078
vt 0.56317 0.33538
vt 0.56058 0.0786
vt 0.5497 0.76299
vt 0.55297 0.55829
vt 0.56023 0.16141
vt 0.54752 0.05875
vt 0.23639 0.88851
vt 0.37983 0.01516
vt 0.55383 0.7274
vt 0.55474 0.22636
vt 0.55313 0.06442
vt 0.25612 0.91083
vt 0.23537 0.99337
vt 0.54561 0.63268
vt 0.54997 0.39788
vt 0.54487 0.18333
vt 0.54942 0.10136
vt 0.38694 0.01251
vt 0.51092 0.82354
vt 0.54908 0.5826
vt 0.53909 0.51205
vt 0.54789 0.44526
vt 0.54177 0.25837
vt 0.53472 0.13209
vt 0.25884 0.83191
vt 0.25258 0.93914
vt 0.38913 0.01072
vt 0.55 0.66492
vt 0.53961 0.53977
vt 0.52934 0.36935
vt 0.54589 0.70123
vt 0.53861 0.49202
vt 0.54209 0.47554
vt 0.53267 0.15724
vt 0.5383 0.52549
vt 0.53269 0.42709
vt 0.53415 0.79174
vt 0.52862 0.21806
vt 0.51732 0.08832
vt 0.523 0.32658
vt 0.54111 0.30095
vt 0.52722 0.27998
vt 0.23556 0.97469
vt 0.52988 0.73769
vt 0.53452 0.71447
vt 0.5314 0.60966
vt 0.53354 0.56523
vt 0.52214 0.48233
vt 0.52983 0.38898
vt 0.53011 0.35087
vt 0.52979 0.06459
vt 0.52154 0.76503
vt 0.52293 0.68617
vt 0.52703 0.65727
vt 0.51422 0.62879
vt 0.52292 0.59094
vt 0.41387 0.01489
vt 0.5222 0.80568
vt 0.5214 0.46218
vt 0.51197 0.44218
vt 0.5163 0.40717
vt 0.49173 0.0611
vt 0.41854 0.01077
vt 0.5106 0.81414
vt 0.52072 0.78441
vt 0.51324 0.73794
vt 0.52039 0.70786
vt 0.51649 0.185
vt 0.50835 0.11592
vt 0.51157 0.66638
vt 0.51627 0.55136
vt 0.51396 0.53361
vt 0.51143 0.24818
vt 0.41732 0.01259
vt 0.51659 0.57141
vt 0.5054 0.51838
vt 0.51777 0.49971
vt 0.5067 0.14903
vt 0.20362 0.83339
vt 0.50766 0.60552
vt 0.20496 0.93354
vt 0.503 0.71576
vt 0.49817 0.48561
vt 0.50743 0.30587
vt 0.49263 0.78431
vt 0.49642 0.63331
vt 0.49991 0.37125
vt 0.50093 0.34536
vt 0.4972 0.27743
vt 0.49897 0.21402
vt 0.1907 0.97318
vt 0.43861 0.01479
vt 0.5005 0.68503
vt 0.48932 0.57048
vt 0.49943 0.55316
vt 0.48774 0.50731
vt 0.49359 0.46349
vt 0.46931 0.08157
vt 0.49325 0.76014
vt 0.49339 0.4233
vt 0.49743 0.39358
vt 0.49535 0.24501
vt 0.49068 0.18449
vt 0.46537 0.06882
vt 0.18508 0.85884
vt 0.45479 0.01242
vt 0.481 0.66177
vt 0.47064 0.39757
vt 0.47932 0.2991
vt 0.48745 0.09646
vt 0.18627 0.83776
vt 0.17984 0.90505
vt 0.49143 0.8023
vt 0.48443 0.70757
vt 0.47822 0.68279
vt 0.48798 0.59928
vt 0.43968 0.05879
vt 0.15089 0.83176
vt 0.47468 0.81238
vt 0.47792 0.73571
vt 0.46694 0.6409
vt 0.48346 0.52712
vt 0.47325 0.3787
vt 0.47227 0.16415
vt 0.46745 0.12965
vt 0.46352 0.47081
vt 0.47911 0.33799
vt 0.13472 0.99643
vt 0.46083 0.01481
vt 0.46228 0.7967
vt 0.4578 0.7702
vt 0.47498 0.48971
vt 0.45577 0.41901
vt 0.45951 0.36124
vt 0.46982 0.246
vt 0.47388 0.21413
vt 0.46221 0.75142
vt 0.47169 0.6192
vt 0.46921 0.44091
vt 0.1519 0.9561
vt 0.46888 0.58857
vt 0.47819 0.01071
vt 0.45692 0.71107
vt 0.46168 0.54634
vt 0.14268 0.84329
vt 0.14876 0.99333
vt 0.45558 0.69191
vt 0.46018 0.57047
vt 0.44993 0.52298
vt 0.45072 0.82223
vt 0.45495 0.62467
vt 0.12542 0.99856
vt 0.21974 0.77638
vt 0.45251 0.72875
vt 0.44483 0.50865
vt 0.44912 0.45452
vt 0.44058 0.33255
vt 0.44161 0.26212
vt 0.45275 0.1914
vt 0.44751 0.11487
vt 0.14403 0.87129
vt 0.48368 0.01256
vt 0.43978 0.80273
vt 0.45109 0.66557
vt 0.43765 0.48991
vt 0.44843 0.29493
vt 0.42851 0.06516
vt 0.12978 0.83334
vt 0.4388 0.78188
vt 0.44024 0.64287
vt 0.43921 0.60242
vt 0.50457 0.01481
vt 0.44601 0.56038
vt 0.4365 0.38693
vt 0.44083 0.15769
vt 0.42784 0.81447
vt 0.44299 0.58225
vt 0.42126 0.54399
vt 0.42563 0.09173
vt 0.43052 0.72429
vt 0.43237 0.22021
vt 0.42925 0.74979
vt 0.42974 0.70675
vt 0.42496 0.67521
vt 0.42697 0.36102
vt 0.41811 0.23822
vt 0.41861 0.69075
vt 0.42367 0.62313
vt 0.43264 0.452
vt 0.13498 0.92125
vt 0.50826 0.01073
vt 0.41663 0.65844
vt 0.42115 0.56613
vt 0.41904 0.47288
vt 0.42714 0.41663
vt 0.4261 0.31049
vt 0.42357 0.18957
vt 0.42017 0.12758
vt 0.50668 0.01262
vt 0.11914 0.98131
vt 0.40986 0.51559
vt 0.41817 0.57996
vt 0.42048 0.16163
vt 0.10435 0.89005
vt 0.4036 0.75346
vt 0.41644 0.44195
vt 0.40939 0.26624
vt 0.40048 0.20878
vt 0.41252 0.0647
vt 0.41352 0.05879
vt 0.52213 0.01483
vt 0.40237 0.7937
vt 0.39826 0.72874
vt 0.39729 0.6411
vt 0.41218 0.38319
vt 0.38825 0.82
vt 0.39976 0.78064
vt 0.40258 0.71083
vt 0.40536 0.59467
vt 0.40307 0.49629
vt 0.40744 0.33563
vt 0.12471 0.83177
vt 0.52403 0.01289
vt 0.52616 0.01082
vt 0.39187 0.57916
vt 0.40381 0.48413
vt 0.40584 0.45124
vt 0.40771 0.30287
vt 0.40184 0.106
vt 0.0776 0.83693
vt 0.39896 0.80938
vt 0.39585 0.40665
vt 0.399 0.36501
vt 0.39813 0.17198
vt 0.39286 0.08055
vt 0.10066 0.84899
vt 0.3094 0.8005
vt 0.39572 0.46838
vt 0.09946 0.94741
vt 0.38431 0.66742
vt 0.39895 0.55783
vt 0.39254 0.31704
vt 0.39109 0.13838
vt 0.38998 0.53014
vt 0.3864 0.50599
vt 0.08759 0.91987
vt 0.55848 0.01275
vt 0.56195 0.01467
vt 0.37815 0.69113
vt 0.38013 0.62449
vt 0.38558 0.35098
vt 0.38565 0.27385
vt 0.3764 0.06549
vt 0.37843 0.38455
vt 0.38693 0.22681
vt 0.37503 0.05879
vt 0.0801 0.84564
vt 0.08845 0.86492
vt 0.37364 0.59531
vt 0.37057 0.57167
vt 0.37977 0.5554
vt 0.38512 0.4381
vt 0.3862 0.10032
vt 0.0862 0.83166
vt 0.37581 0.75946
vt 0.37495 0.48926
vt 0.37616 0.30289
vt 0.37648 0.23916
vt 0.38084 0.1778
vt 0.07913 0.98227
vt 0.57508 0.01055
vt 0.37504 0.80565
vt 0.37103 0.7278
vt 0.35998 0.53368
vt 0.37299 0.4719
vt 0.37659 0.14355
vt 0.37407 0.11581
vt 0.37135 0.78023
vt 0.3654 0.44431
vt 0.36673 0.41655
vt 0.37214 0.33417
vt 0.37333 0.19853
vt 0.37396 0.09041
vt 0.03097 0.99207
vt 0.36068 0.8196
vt 0.37269 0.27909
vt 0.03749 0.99644
vt 0.3597 0.65421
vt 0.36673 0.23916
vt 0.35596 0.18197
vt 0.36803 0.17354
vt 0.36082 0.06454
vt 0.35637 0.14624
vt 0.35588 0.10933
vt 0.35496 0.09013
vt 0.04916 0.84019
vt 0.57473 0.01236
vt 0.35546 0.69815
vt 0.36078 0.67965
vt 0.35981 0.61519
vt 0.3531 0.47946
vt 0.35936 0.39311
vt 0.36326 0.34377
vt 0.361 0.3116
vt 0.35677 0.28769
vt 0.36274 0.26247
vt 0.06191 0.83334
vt 0.57466 0.01459
vt 0.36044 0.78516
vt 0.35868 0.73183
vt 0.35602 0.58541
vt 0.35593 0.175
vt 0.0632 0.85973
vt 0.35451 0.76601
vt 0.35853 0.37653
vt 0.35761 0.24148
vt 0.35744 0.19478
vt 0.05996 0.89842
vt 0.06164 0.96521
vt 0.04012 0.99858
vt 0.30498 0.77638
vt 0.34244 0.55155
vt 0.34246 0.52734
vt 0.34693 0.51217
vt 0.35233 0.43433
vt 0.35317 0.33818
vt 0.35334 0.06792
vt 0.35091 0.05882
vt 0.06206 0.83184
vt 0.34584 0.82386
vt 0.3423 0.80228
vt 0.34229 0.78488
vt 0.3422 0.75263
vt 0.3422 0.72562
vt 0.34606 0.40192
vt 0.34214 0.24973
vt 0.3512 0.22287
vt 0.34589 0.06579
vt 0.34255 0.57385
vt 0.34223 0.39907
vt 0.34197 0.36481
vt 0.34208 0.28861
vt 0.34235 0.19234
vt 0.34542 0.18476
vt 0.3467 0.15288
vt 0.34221 0.1274
vt 0.34856 0.09001
vt 0.05115 0.83429
vt 0.04629 0.95762
vt 0.04867 0.98452
vt 0.59272 0.01254
vt 0.34245 0.47523
vt 0.34231 0.4394
vt 0.34212 0.31097
vt 0.3422 0.22318
vt 0.34209 0.17288
vt 0.34243 0.09076
vt 0.34467 0.05891
vt 0.05584 0.83227
vt 0.04686 0.84805
vt 0.04564 0.91845
vt 0.34105 0.51056
vt 0.34213 0.50011
vt 0.34282 0.06754
vt 0.33964 0.82721
vt 0.34006 0.8084
vt 0.33973 0.76808
vt 0.33977 0.75305
vt 0.33996 0.72359
vt 0.33995 0.5866
vt 0.33945 0.55307
vt 0.33945 0.52418
vt 0.33943 0.50238
vt 0.33923 0.47628
vt 0.33936 0.44331
vt 0.33915 0.40991
vt 0.33954 0.36597
vt 0.33935 0.32987
vt 0.33932 0.2957
vt 0.33954 0.25016
vt 0.33935 0.19842
vt 0.33954 0.156
vt 0.33991 0.08946
vt 0.33764 0.05902
vt 0.33955 0.05802
vt 0.33614 0.83027
vt 0.33359 0.82281
vt 0.33314 0.81407
vt 0.33688 0.80988
vt 0.33503 0.7678
vt 0.33509 0.71319
vt 0.33546 0.68879
vt 0.33646 0.65086
vt 0.33205 0.63972
vt 0.33223 0.60657
vt 0.33675 0.59344
vt 0.3359 0.57528
vt 0.33618 0.53245
vt 0.3364 0.5016
vt 0.33619 0.43933
vt 0.33655 0.38792
vt 0.33635 0.34693
vt 0.33619 0.30876
vt 0.33664 0.28378
vt 0.33686 0.24436
vt 0.33688 0.19165
vt 0.33739 0.1519
vt 0.33777 0.09626
vt 0.33667 0.07315
vt 0.33695 0.06524
vt 0.04539 0.83741
vt 0.04236 0.88976
vt 0.33282 0.78494
vt 0.33236 0.76177
vt 0.33218 0.69382
vt 0.33221 0.59275
vt 0.3335 0.57416
vt 0.33388 0.52773
vt 0.33366 0.49729
vt 0.334 0.43847
vt 0.33325 0.41356
vt 0.33462 0.37827
vt 0.33432 0.32679
vt 0.33387 0.29532
vt 0.33489 0.27577
vt 0.33053 0.27904
vt 0.33455 0.24202
vt 0.3323 0.24459
vt 0.33519 0.19939
vt 0.33078 0.21068
vt 0.33103 0.18451
vt 0.33126 0.16414
vt 0.33572 0.14787
vt 0.3332 0.14233
vt 0.33569 0.10362
vt 0.33321 0.1042
vt 0.33363 0.07049
vt 0.33228 0.05931
vt 0.3328 0.05779
vt 0.04061 0.84301
vt 0.03974 0.85209
vt 0.60187 0.0109
vt 0.3302 0.82975
vt 0.33274 0.82682
vt 0.33046 0.82354
vt 0.33064 0.81299
vt 0.33048 0.77725
vt 0.33015 0.73431
vt 0.33233 0.72785
vt 0.33021 0.69195
vt 0.32991 0.64005
vt 0.33021 0.5926
vt 0.33215 0.57346
vt 0.33034 0.52857
vt 0.33226 0.52575
vt 0.33039 0.50134
vt 0.3323 0.49349
vt 0.33041 0.46723
vt 0.33246 0.44582
vt 0.33046 0.44058
vt 0.33052 0.40749
vt 0.33277 0.37854
vt 0.33033 0.3838
vt 0.33015 0.35948
vt 0.33281 0.34628
vt 0.3301 0.34057
vt 0.33022 0.3132
vt 0.33274 0.31284
vt 0.33067 0.25419
vt 0.82247 0.67902
vt 0.82018 0.66468
vt 0.82033 0.69085
vt 0.82253 0.70587
vt 0.82033 0.71122
vt 0.82063 0.73605
vt 0.82262 0.73776
vt 0.33132 0.13931
vt 0.33138 0.1037
vt 0.82083 0.77165
vt 0.82299 0.77553
vt 0.33179 0.06807
vt 0.82119 0.80727
vt 0.82339 0.79858
vt 0.82651 0.80958
vt 0.82144 0.81604
vt 0.82125 0.81759
vt 0.82627 0.8165
vt 0.04128 0.84029
vt 0.03647 0.87692
vt 0.82153 0.0486
vt 0.81845 0.05151
vt 0.81809 0.06203
vt 0.82139 0.05734
vt 0.82031 0.09257
vt 0.81803 0.09781
vt 0.82061 0.11411
vt 0.81833 0.14079
vt 0.82047 0.14062
vt 0.82075 0.17307
vt 0.81836 0.18319
vt 0.82083 0.19992
vt 0.81876 0.23514
vt 0.82101 0.23794
vt 0.81877 0.28261
vt 0.82108 0.29975
vt 0.81877 0.34674
vt 0.82126 0.3484
vt 0.81891 0.37398
vt 0.82126 0.38522
vt 0.81919 0.4081
vt 0.82156 0.42454
vt 0.81927 0.43476
vt 0.81934 0.46786
vt 0.82149 0.46494
vt 0.82227 0.48495
vt 0.81965 0.49155
vt 0.81985 0.51587
vt 0.82217 0.50933
vt 0.82402 0.49568
vt 0.82385 0.52557
vt 0.82194 0.5376
vt 0.81988 0.53478
vt 0.8239 0.55822
vt 0.81992 0.56214
vt 0.82218 0.56264
vt 0.82462 0.58249
vt 0.82208 0.58888
vt 0.82003 0.59631
vt 0.82004 0.62117
vt 0.82245 0.61841
vt 0.8244 0.64339
vt 0.82456 0.0554
vt 0.8243 0.08925
vt 0.82439 0.11026
vt 0.82432 0.13863
vt 0.82455 0.17251
vt 0.82458 0.22782
vt 0.82399 0.27641
vt 0.82401 0.31092
vt 0.82418 0.35455
vt 0.82377 0.41981
vt 0.82522 0.39625
vt 0.82799 0.43919
vt 0.82398 0.46361
vt 0.82782 0.46133
vt 0.82394 0.48301
vt 0.82498 0.61201
vt 0.82692 0.64361
vt 0.82543 0.67519
vt 0.82523 0.70296
vt 0.82563 0.74155
vt 0.82588 0.7715
vt 0.82648 0.79449
vt 0.82937 0.77868
vt 0.82897 0.81628
vt 0.82921 0.81738
vt 0.83326 0.81644
vt 0.03766 0.85206
vt 0.03856 0.8463
vt 0.03797 0.85548
vt 0.03705 0.86694
vt 0.03313 0.90378
vt 0.03354 0.92794
vt 0.82567 0.52522
vt 0.82758 0.05555
vt 0.82752 0.10925
vt 0.82764 0.1797
vt 0.82775 0.20999
vt 0.8277 0.23529
vt 0.82812 0.28878
vt 0.82795 0.32919
vt 0.82829 0.35888
vt 0.82809 0.3961
vt 0.82889 0.47742
vt 0.82916 0.50571
vt 0.82915 0.55377
vt 0.82957 0.58217
vt 0.82995 0.63995
vt 0.82996 0.67486
vt 0.82968 0.69167
vt 0.82934 0.71426
vt 0.82934 0.73823
vt 0.82972 0.80943
vt 0.8308 0.05657
vt 0.83049 0.07166
vt 0.8305 0.1084
vt 0.83067 0.15898
vt 0.83082 0.18761
vt 0.83089 0.21456
vt 0.83101 0.25189
vt 0.83123 0.29554
vt 0.83133 0.32499
vt 0.83146 0.36132
vt 0.83235 0.40327
vt 0.83212 0.44356
vt 0.83204 0.46256
vt 0.83235 0.47771
vt 0.83247 0.49641
vt 0.83229 0.51717
vt 0.83318 0.55212
vt 0.83261 0.59096
vt 0.83307 0.64928
vt 0.83289 0.68079
vt 0.83217 0.69679
vt 0.83218 0.72993
vt 0.83224 0.76099
vt 0.83237 0.79127
vt 0.8325 0.8075
vt 0.83318 0.81395
vt 0.83343 0.07094
vt 0.8336 0.11102
vt 0.83365 0.14449
vt 0.83364 0.18132
vt 0.83463 0.23967
vt 0.83702 0.26236
vt 0.83671 0.28366
vt 0.83643 0.35679
vt 0.83627 0.33254
vt 0.83699 0.38893
vt 0.83865 0.44594
vt 0.83712 0.45969
vt 0.83678 0.48395
vt 0.83864 0.50223
vt 0.84002 0.52532
vt 0.83635 0.584
vt 0.83586 0.6255
vt 0.83617 0.65578
vt 0.83601 0.68312
vt 0.83677 0.6918
vt 0.83753 0.72184
vt 0.83707 0.74096
vt 0.83561 0.79071
vt 0.84015 0.29793
vt 0.84106 0.31226
vt 0.84078 0.33341
vt 0.83947 0.35221
vt 0.84086 0.38718
vt 0.84529 0.47123
vt 0.8427 0.47852
vt 0.84261 0.55778
vt 0.84153 0.60518
vt 0.8434 0.68426
vt 0.84287 0.65897
vt 0.85217 0.76161
vt 0.84124 0.80933
vt 0.83956 0.81644
vt 0.84697 0.44664
vt 0.85129 0.46316
vt 0.85445 0.49135
vt 0.84675 0.63194
vt 0.84651 0.68917
vt 0.84962 0.69465
vt 0.85077 0.79491
vt 0.85318 0.73043
vt 0.84315 0.81734
vt 0.85149 0.81657
vt 0.03629 0.86312
vt 0.03451 0.87665
vt 0.03471 0.88097
vt 0.03386 0.89137
vt 0.03149 0.90589
vt 0.02577 0.99461
vt 0.03102 0.99814
vt 0.03703 0.9995
vt 0.83991 0.0605
vt 0.84011 0.08573
vt 0.84024 0.11129
vt 0.8406 0.14137
vt 0.84192 0.17683
vt 0.83973 0.19333
vt 0.83959 0.2138
vt 0.84024 0.23974
vt 0.84286 0.04703
vt 0.84099 0.2596
vt 0.84721 0.04485
vt 0.86449 0.33191
vt 0.84241 0.38564
vt 0.85142 0.59811
vt 0.85017 0.06723
vt 0.853 0.11876
vt 0.85376 0.16341
vt 0.85878 0.14202
vt 0.85466 0.21818
vt 0.85731 0.28159
vt 0.85452 0.51497
vt 0.85762 0.55668
vt 0.86105 0.57349
vt 0.85097 0.68351
vt 0.85653 0.04749
vt 0.85876 0.0862
vt 0.85925 0.09941
vt 0.86292 0.19893
vt 0.86365 0.31382
vt 0.86141 0.39746
vt 0.86207 0.44855
vt 0.87356 0.54297
vt 0.85788 0.65908
vt 0.85415 0.8077
vt 0.86074 0.36066
vt 0.85887 0.48003
vt 0.86367 0.62232
vt 0.87557 0.65096
vt 0.86439 0.68858
vt 0.86509 0.07066
vt 0.86413 0.34569
vt 0.86738 0.37817
vt 0.86171 0.4232
vt 0.86086 0.59231
vt 0.86456 0.6827
vt 0.86948 0.73915
vt 0.87892 0.75166
vt 0.87587 0.77
vt 0.86392 0.78462
vt 0.86617 0.81634
vt 0.86516 0.22986
vt 0.86386 0.26013
vt 0.87673 0.46948
vt 0.87484 0.5107
vt 0.86855 0.11176
vt 0.86951 0.14509
vt 0.8697 0.17768
vt 0.86789 0.39473
vt 0.87361 0.48378
vt 0.87611 0.08663
vt 0.87274 0.27422
vt 0.87493 0.30866
vt 0.87322 0.41682
vt 0.87234 0.45288
vt 0.8757 0.43443
vt 0.8741 0.59682
vt 0.87568 0.68226
vt 0.88317 0.78837
vt 0.8795 0.80724
vt 0.87867 0.33402
vt 0.88043 0.35884
vt 0.87642 0.56139
vt 0.87959 0.69236
vt 0.87074 0.81725
vt 0.8775 0.81657
vt 0.88535 0.72094
vt 0.88257 0.5115
vt 0.88189 0.54532
vt 0.88026 0.59559
vt 0.88166 0.63743
vt 0.88193 0.81759
vt 0.03131 0.90045
vt 0.03055 0.91877
vt 0.02982 0.9296
vt 0.02659 0.95913
vt 0.02748 0.94377
vt 0.31415 0.77624
vt 0.88982 0.05188
vt 0.8794 0.17517
vt 0.88266 0.20818
vt 0.88919 0.04703
vt 0.88266 0.12909
vt 0.87919 0.24114
vt 0.87646 0.39281
vt 0.88401 0.81261
vt 0.88104 0.46645
vt 0.88068 0.48228
vt 0.88254 0.28284
vt 0.88349 0.39308
vt 0.88348 0.66508
vt 0.89762 0.06528
vt 0.89082 0.0963
vt 0.89003 0.17449
vt 0.89972 0.31389
vt 0.88633 0.4133
vt 0.8864 0.4439
vt 0.88731 0.56785
vt 0.89296 0.77289
vt 0.89279 0.22734
vt 0.891 0.28294
vt 0.89056 0.33619
vt 0.89568 0.38504
vt 0.8919 0.41973
vt 0.89547 0.47532
vt 0.88975 0.51334
vt 0.889 0.61137
vt 0.88903 0.63882
vt 0.89308 0.54505
vt 0.89447 0.5873
vt 0.90806 0.80721
vt 0.8976 0.05005
vt 0.89919 0.27936
vt 0.89577 0.43929
vt 0.8999 0.51681
vt 0.8977 0.81715
vt 0.89873 0.11709
vt 0.89837 0.19504
vt 0.90062 0.23354
vt 0.9022 0.37063
vt 0.90135 0.45126
vt 0.90026 0.55722
vt 0.90268 0.64801
vt 0.90098 0.78759
vt 0.90149 0.60307
vt 0.90498 0.81636
vt 0.91156 0.81748
vt 0.91728 0.81626
vt 0.02862 0.92393
vt 0.02796 0.92912
vt 0.02818 0.93285
vt 0.02452 0.99129
vt 0.02789 0.9979
vt 0.9048 0.09916
vt 0.90678 0.1728
vt 0.90488 0.34661
vt 0.90624 0.41675
vt 0.90844 0.51768
vt 0.90876 0.13739
vt 0.90811 0.20877
vt 0.91061 0.24836
vt 0.90657 0.55352
vt 0.90969 0.58003
vt 0.91101 0.66842
vt 0.91003 0.75052
vt 0.9165 0.79069
vt 0.91454 0.05049
vt 0.91553 0.06299
vt 0.91166 0.28639
vt 0.92197 0.30301
vt 0.9137 0.33158
vt 0.92307 0.35954
vt 0.91315 0.47946
vt 0.91171 0.61796
vt 0.91952 0.07776
vt 0.9184 0.11484
vt 0.92264 0.19284
vt 0.91418 0.39552
vt 0.91945 0.42799
vt 0.91773 0.54403
vt 0.91785 0.6404
vt 0.92314 0.68242
vt 0.92319 0.74059
vt 0.91946 0.77339
vt 0.9229 0.8161
vt 0.92106 0.15411
vt 0.92083 0.25255
vt 0.92711 0.44318
vt 0.92352 0.47485
vt 0.92506 0.50407
vt 0.9225 0.5983
vt 0.92788 0.58017
vt 0.93073 0.64247
vt 0.92433 0.71957
vt 0.92717 0.8079
vt 0.92714 0.06018
vt 0.92617 0.27978
vt 0.92618 0.33329
vt 0.93606 0.2021
vt 0.92686 0.81681
vt 0.9315 0.81604
vt 0.9386 0.81723
vt 0.94472 0.81619
vt 0.02574 0.94933
vt 0.02461 0.95963
vt 0.02494 0.96304
vt 0.02438 0.9773
vt 0.02435 0.99553
vt 0.3163 0.75765
vt 0.92708 0.39909
vt 0.93119 0.52096
vt 0.93122 0.55987
vt 0.926 0.04853
vt 0.93535 0.09715
vt 0.93052 0.77083
vt 0.93586 0.15102
vt 0.9306 0.23487
vt 0.93369 0.41498
vt 0.93351 0.45719
vt 0.93461 0.54094
vt 0.93921 0.62917
vt 0.93351 0.12512
vt 0.93291 0.18102
vt 0.93759 0.24933
vt 0.94004 0.31606
vt 0.93888 0.34572
vt 0.9417 0.36256
vt 0.93829 0.47334
vt 0.94979 0.50034
vt 0.95071 0.59846
vt 0.93494 0.66912
vt 0.9576 0.71164
vt 0.93909 0.73521
vt 0.94518 0.75428
vt 0.94856 0.17108
vt 0.93915 0.29482
vt 0.94625 0.36423
vt 0.95119 0.44988
vt 0.94545 0.6954
vt 0.94438 0.79036
vt 0.94904 0.81285
vt 0.94666 0.80885
vt 0.94062 0.04671
vt 0.94318 0.0515
vt 0.9509 0.43317
vt 0.95156 0.4594
vt 0.953 0.48578
vt 0.95034 0.52138
vt 0.94993 0.54807
vt 0.94213 0.58545
vt 0.9449 0.65516
vt 0.95709 0.67282
vt 0.94759 0.21282
vt 0.94938 0.38858
vt 0.95591 0.77696
vt 0.94481 0.0723
vt 0.94667 0.266
vt 0.94727 0.30394
vt 0.94722 0.31751
vt 0.95004 0.40151
vt 0.94998 0.56373
vt 0.94837 0.11265
vt 0.9474 0.2448
vt 0.94777 0.34367
vt 0.95825 0.0513
vt 0.95884 0.08636
vt 0.94959 0.36371
vt 0.95422 0.63643
vt 0.95417 0.59659
vt 0.95449 0.66026
vt 0.95767 0.75292
vt 0.95586 0.81606
vt 0.96183 0.07037
vt 0.95787 0.17233
vt 0.958 0.23452
vt 0.95722 0.42322
vt 0.95527 0.80611
vt 0.95748 0.11482
vt 0.96002 0.27011
vt 0.96047 0.31387
vt 0.95926 0.36469
vt 0.95755 0.40267
vt 0.9607 0.80653
vt 0.96617 0.20109
vt 0.97075 0.07926
vt 0.96755 0.10954
vt 0.96802 0.14014
vt 0.97088 0.17511
vt 0.96616 0.22929
vt 0.9701 0.27164
vt 0.97405 0.32225
vt 0.96663 0.34184
vt 0.97128 0.36393
vt 0.9707 0.38094
vt 0.97105 0.25469
vt 0.95949 0.81684
vt 0.97758 0.8161
vt 0.97483 0.8171
vt 0.98524 0.17902
vt 0.97891 0.21476
vt 0.02322 0.97983
vt 0.99003 0.817
vt 0.98898 0.81591
vt 0.99389 0.81725
vt 0.99412 0.81562
vt 0.32221 0.72022
vt 0.32214 0.73606
vt 0.99868 0.36943
vt 0.99833 0.39099
vt 0.32134 0.37627
vt 0.32105 0.43338
vt 0.32349 0.19846
vt 0.32279 0.2357
vt 0.95675 0.44003
vt 0.95459 0.50058
vt 0.9544 0.52744
vt 0.95488 0.56104
vt 0.95821 0.45898
vt 0.95881 0.49875
vt 0.95683 0.59525
vt 0.95715 0.62942
vt 0.9636 0.5511
vt 0.96011 0.67882
vt 0.96051 0.71637
vt 0.96118 0.77817
vt 0.96281 0.81391
vt 0.96717 0.44157
vt 0.96926 0.49942
vt 0.96821 0.57361
vt 0.96808 0.61162
vt 0.96774 0.64094
vt 0.96887 0.72667
vt 0.97312 0.04673
vt 0.97234 0.40241
vt 0.97592 0.46421
vt 0.97549 0.52469
vt 0.97764 0.75105
vt 0.96978 0.76919
vt 0.97314 0.05098
vt 0.97439 0.653
vt 0.97752 0.70911
vt 0.97677 0.79365
vt 0.97802 0.80728
vt 0.97718 0.81334
vt 0.97625 0.12372
vt 0.98437 0.16667
vt 0.97677 0.42422
vt 0.977 0.5009
vt 0.97901 0.54766
vt 0.97749 0.60266
vt 0.97913 0.78186
vt 0.98359 0.10519
vt 0.98104 0.26645
vt 0.98728 0.29031
vt 0.97946 0.68638
vt 0.98611 0.07668
vt 0.98184 0.24159
vt 0.98994 0.36475
vt 0.98571 0.37836
vt 0.98529 0.40186
vt 0.98198 0.43972
vt 0.9873 0.47132
vt 0.98803 0.60823
vt 0.9883 0.66289
vt 0.98839 0.79029
vt 0.98791 0.80708
vt 0.98683 0.81305
vt 0.98715 0.047
vt 0.98403 0.1312
vt 0.98979 0.30856
vt 0.99022 0.3318
vt 0.98764 0.5053
vt 0.98777 0.56797
vt 0.98828 0.70353
vt 0.98826 0.74899
vt 0.98848 0.76875
vt 0.98872 0.04523
vt 0.98861 0.05626
vt 0.98902 0.08954
vt 0.99115 0.20585
vt 0.99137 0.26854
vt 0.98715 0.42533
vt 0.99582 0.13295
vt 0.99124 0.22692
vt 0.99013 0.39951
vt 0.99023 0.4277
vt 0.99047 0.47189
vt 0.99062 0.51537
vt 0.9907 0.57988
vt 0.99081 0.62732
vt 0.99115 0.66511
vt 0.99121 0.69779
vt 0.99139 0.74094
vt 0.99144 0.76828
vt 0.99119 0.78991
vt 0.99063 0.80738
vt 0.99427 0.04764
vt 0.99592 0.10399
vt 0.99614 0.16626
vt 0.99636 0.23621
vt 0.99273 0.28907
vt 0.99274 0.31093
vt 0.9932 0.33199
vt 0.99319 0.3534
vt 0.99337 0.3719
vt 0.99288 0.40094
vt 0.99311 0.43921
vt 0.99323 0.47976
vt 0.99337 0.52859
vt 0.9935 0.56522
vt 0.9935 0.59477
vt 0.99371 0.63387
vt 0.99385 0.67292
vt 0.99506 0.77679
vt 0.99512 0.80301
vt 0.99454 0.81031
vt 0.99533 0.05623
vt 0.99567 0.07287
vt 0.99626 0.18634
vt 0.99634 0.20883
vt 0.99638 0.29039
vt 0.9964 0.31444
vt 0.99641 0.3301
vt 0.99533 0.56179
vt 0.99506 0.59086
vt 0.99526 0.63328
vt 0.9952 0.66695
vt 0.99733 0.05215
vt 0.99771 0.07455
vt 0.99773 0.10231
vt 0.99783 0.13429
vt 0.99836 0.16282
vt 0.99827 0.3106
vt 0.99862 0.05448
vt 0.99871 0.08946
vt 0.99875 0.13277
usemtl mat0
f 1/1 2/2 3/3
f 4/4 5/5 6/6
f 5/5 7/7 6/6
f 8/8 9/9 10/10
f 10/10 11/11 12/12
f 8/8 10/10 12/12
f 12/12 13/13 14/14
f 15/15 16/16 17/17
f 1/1 18/18 2/2
f 2/2 18/18 3/3
f 3/3 19/19 4/4
f 19/19 5/5 4/4
f 12/12 20/20 13/13
f 15/15 17/17 21/21
f 22/22 23/23 1/1
f 18/18 19/19 3/3
f 11/11 24/24 25/25
f 11/11 25/25 20/20
f 11/11 20/20 12/12
f 1/1 23/23 26/26
f 26/26 27/27 1/1
f 1/1 27/27 18/18
f 19/19 18/18 28/28
f 28/28 29/29 19/19
f 19/19 29/29 5/5
f 5/5 29/29 7/7
f 7/7 29/29 30/30
f 21/21 17/17 31/31
f 21/21 31/31 32/32
f 21/21 32/32 33/33
f 32/32 34/34 33/33
f 34/34 35/35 33/33
f 18/18 27/27 28/28
f 25/25 36/36 20/20
f 20/20 36/36 13/13
f 37/37 38/38 39/39
f 28/28 40/40 29/29
f 25/25 41/41 36/36
f 37/37 42/42 43/43
f 37/37 39/39 42/42
f 34/34 44/44 35/35
f 44/44 45/45 35/35
f 46/46 47/47 48/48
f 32/32 49/49 34/34
f 45/45 44/44 46/46
f 25/25 50/50 51/51
f 34/34 49/49 44/44
f 44/44 52/52 46/46
f 46/46 53/53 47/47
f 47/47 53/53 54/54
f 53/53 55/55 54/54
f 54/54 55/55 56/56
f 57/57 58/58 59/59
f 25/25 51/51 41/41
f 32/32 31/31 49/49
f 55/55 57/57 56/56
f 49/49 60/60 44/44
f 60/60 52/52 44/44
f 61/61 62/62 63/63
f 52/52 64/64 46/46
f 46/46 64/64 53/53
f 53/53 65/65 55/55
f 55/55 65/65 66/66
f 55/55 66/66 57/57
f 57/57 66/66 67/67
f 57/57 67/67 58/58
f 67/67 68/68 69/69
f 58/58 67/67 69/69
f 49/49 70/70 60/60
f 31/31 71/71 70/70
f 49/49 31/31 70/70
f 70/70 72/72 60/60
f 61/61 73/73 62/62
f 60/60 72/72 52/52
f 64/64 74/74 53/53
f 65/65 53/53 74/74
f 72/72 75/75 52/52
f 52/52 76/76 64/64
f 41/41 77/77 36/36
f 36/36 77/77 78/78
f 75/75 76/76 52/52
f 64/64 76/76 74/74
f 66/66 79/79 67/67
f 80/80 81/81 82/82
f 80/80 82/82 51/51
f 70/70 83/83 72/72
f 51/51 82/82 41/41
f 70/70 71/71 84/84
f 76/76 85/85 74/74
f 85/85 86/86 74/74
f 74/74 86/86 65/65
f 81/81 87/87 82/82
f 70/70 88/88 83/83
f 75/75 85/85 76/76
f 65/65 89/89 66/66
f 67/67 79/79 68/68
f 65/65 86/86 89/89
f 41/41 82/82 77/77
f 90/90 91/91 73/73
f 91/91 92/92 93/93
f 94/94 95/95 96/96
f 84/84 97/97 70/70
f 70/70 97/97 88/88
f 83/83 88/88 72/72
f 88/88 75/75 72/72
f 85/85 98/98 86/86
f 66/66 89/89 79/79
f 79/79 99/99 68/68
f 87/87 100/100 82/82
f 68/68 99/99 90/90
f 90/90 101/101 91/91
f 91/91 101/101 92/92
f 75/75 98/98 85/85
f 86/86 98/98 89/89
f 102/102 99/99 79/79
f 84/84 71/71 103/103
f 88/88 104/104 75/75
f 75/75 104/104 98/98
f 89/89 105/105 102/102
f 89/89 102/102 79/79
f 92/92 106/106 93/93
f 93/93 106/106 107/107
f 98/98 104/104 108/108
f 98/98 105/105 89/89
f 102/102 109/109 99/99
f 101/101 110/110 92/92
f 82/82 111/111 77/77
f 108/108 105/105 98/98
f 110/110 106/106 92/92
f 97/97 112/112 88/88
f 104/104 113/113 108/108
f 114/114 115/115 105/105
f 115/115 102/102 105/105
f 99/99 109/109 116/116
f 99/99 116/116 90/90
f 111/111 117/117 77/77
f 77/77 117/117 78/78
f 112/112 113/113 88/88
f 88/88 113/113 104/104
f 108/108 114/114 105/105
f 90/90 118/118 110/110
f 90/90 110/110 101/101
f 84/84 119/119 97/97
f 97/97 119/119 112/112
f 108/108 113/113 120/120
f 115/115 114/114 121/121
f 102/102 115/115 109/109
f 120/120 114/114 108/108
f 109/109 122/122 116/116
f 119/119 123/123 112/112
f 121/121 124/124 115/115
f 109/109 115/115 122/122
f 116/116 118/118 90/90
f 118/118 125/125 110/110
f 110/110 125/125 106/106
f 112/112 126/126 113/113
f 113/113 126/126 120/120
f 114/114 127/127 121/121
f 121/121 128/128 124/124
f 125/125 129/129 106/106
f 84/84 103/103 119/119
f 103/103 130/130 119/119
f 112/112 123/123 126/126
f 120/120 127/127 114/114
f 127/127 128/128 121/121
f 115/115 124/124 122/122
f 118/118 116/116 125/125
f 106/106 129/129 131/131
f 129/129 132/132 131/131
f 122/122 133/133 116/116
f 119/119 130/130 134/134
f 119/119 134/134 135/135
f 119/119 135/135 123/123
f 135/135 136/136 123/123
f 123/123 136/136 126/126
f 126/126 136/136 120/120
f 120/120 136/136 137/137
f 120/120 137/137 127/127
f 127/127 137/137 128/128
f 128/128 137/137 138/138
f 128/128 138/138 124/124
f 124/124 138/138 122/122
f 122/122 138/138 133/133
f 133/133 139/139 116/116
f 116/116 139/139 125/125
f 125/125 139/139 129/129
f 129/129 139/139 132/132
f 132/132 139/139 140/140
f 130/130 141/141 134/134
f 134/134 142/142 135/135
f 134/134 141/141 142/142
f 141/141 143/143 142/142
f 135/135 142/142 136/136
f 142/142 144/144 136/136
f 142/142 143/143 144/144
f 136/136 144/144 137/137
f 144/144 145/145 137/137
f 145/145 146/146 137/137
f 137/137 146/146 138/138
f 138/138 146/146 147/147
f 147/147 148/148 138/138
f 138/138 148/148 133/133
f 133/133 148/148 139/139
f 148/148 149/149 139/139
f 139/139 149/149 150/150
f 150/150 140/140 139/139
f 151/151 152/152 153/153
f 151/151 154/154 152/152
f 152/152 155/155 153/153
f 153/153 155/155 156/156
f 155/155 157/157 156/156
f 156/156 157/157 158/158
f 158/158 157/157 159/159
f 157/157 160/160 159/159
f 159/159 160/160 161/161
f 161/161 160/160 162/162
f 160/160 163/163 162/162
f 163/163 164/164 162/162
f 162/162 164/164 165/165
f 165/165 164/164 166/166
f 166/166 164/164 167/167
f 167/167 168/168 169/169
f 166/166 167/167 169/169
f 169/169 168/168 170/170
f 168/168 171/171 172/172
f 170/170 168/168 172/172
f 172/172 171/171 173/173
f 171/171 174/174 173/173
f 173/173 174/174 175/175
f 175/175 174/174 176/176
f 175/175 176/176 177/177
f 175/175 177/177 178/178
f 178/178 177/177 179/179
f 179/179 177/177 180/180
f 179/179 180/180 181/181
f 179/179 181/181 182/182
f 182/182 181/181 183/183
f 183/183 181/181 184/184
f 184/184 185/185 186/186
f 183/183 184/184 186/186
f 186/186 185/185 187/187
f 186/186 187/187 188/188
f 187/187 189/189 188/188
f 188/188 189/189 190/190
f 190/190 189/189 191/191
f 191/191 189/189 192/192
f 191/191 192/192 193/193
f 191/191 193/193 194/194
f 194/194 193/193 195/195
f 194/194 195/195 196/196
f 152/152 16/16 197/197
f 198/198 199/199 200/200
f 201/201 198/198 200/200
f 152/152 197/197 155/155
f 155/155 197/197 157/157
f 157/157 197/197 202/202
f 202/202 203/203 160/160
f 157/157 202/202 160/160
f 203/203 204/204 160/160
f 204/204 205/205 160/160
f 160/160 205/205 163/163
f 163/163 205/205 164/164
f 164/164 205/205 206/206
f 164/164 206/206 207/207
f 164/164 207/207 167/167
f 167/167 207/207 168/168
f 207/207 208/208 168/168
f 168/168 208/208 209/209
f 168/168 209/209 171/171
f 209/209 210/210 171/171
f 171/171 210/210 174/174
f 174/174 210/210 211/211
f 174/174 211/211 176/176
f 176/176 211/211 212/212
f 176/176 212/212 177/177
f 212/212 213/213 177/177
f 177/177 213/213 180/180
f 180/180 213/213 214/214
f 180/180 214/214 181/181
f 214/214 215/215 181/181
f 181/181 215/215 184/184
f 215/215 216/216 184/184
f 184/184 216/216 185/185
f 216/216 217/217 187/187
f 185/185 216/216 187/187
f 217/217 4/4 187/187
f 187/187 4/4 218/218
f 187/187 218/218 189/189
f 189/189 218/218 219/219
f 219/219 9/9 192/192
f 189/189 219/219 192/192
f 192/192 9/9 193/193
f 193/193 9/9 12/12
f 193/193 12/12 195/195
f 195/195 14/14 196/196
f 16/16 15/15 197/197
f 197/197 15/15 220/220
f 197/197 220/220 202/202
f 209/209 221/221 210/210
f 210/210 221/221 222/222
f 210/210 222/222 223/223
f 210/210 223/223 211/211
f 211/211 223/223 224/224
f 211/211 224/224 212/212
f 224/224 225/225 213/213
f 212/212 224/224 213/213
f 213/213 225/225 226/226
f 213/213 226/226 227/227
f 213/213 227/227 214/214
f 227/227 228/228 214/214
f 214/214 228/228 215/215
f 228/228 22/22 215/215
f 218/218 7/7 219/219
f 7/7 229/229 219/219
f 219/219 229/229 10/10
f 219/219 10/10 9/9
f 199/199 230/230 231/231
f 200/200 199/199 231/231
f 15/15 21/21 220/220
f 202/202 220/220 232/232
f 204/204 233/233 205/205
f 205/205 234/234 206/206
f 206/206 234/234 235/235
f 206/206 235/235 207/207
f 235/235 236/236 207/207
f 236/236 237/237 207/207
f 207/207 237/237 208/208
f 208/208 237/237 238/238
f 208/208 238/238 209/209
f 209/209 238/238 239/239
f 239/239 221/221 209/209
f 10/10 24/24 11/11
f 202/202 232/232 203/203
f 232/232 233/233 203/203
f 203/203 233/233 204/204
f 205/205 233/233 234/234
f 234/234 240/240 235/235
f 235/235 241/241 236/236
f 241/241 237/237 236/236
f 242/242 243/243 237/237
f 237/237 243/243 238/238
f 221/221 38/38 222/222
f 38/38 244/244 222/222
f 223/223 245/245 224/224
f 224/224 246/246 225/225
f 246/246 226/226 225/225
f 228/228 227/227 247/247
f 228/228 23/23 22/22
f 10/10 229/229 24/24
f 230/230 248/248 231/231
f 21/21 33/33 220/220
f 33/33 249/249 220/220
f 220/220 249/249 250/250
f 220/220 250/250 232/232
f 250/250 251/251 232/232
f 232/232 251/251 233/233
f 233/233 251/251 252/252
f 252/252 253/253 233/233
f 233/233 253/253 234/234
f 234/234 253/253 254/254
f 254/254 255/255 234/234
f 234/234 255/255 240/240
f 235/235 240/240 241/241
f 241/241 242/242 237/237
f 239/239 38/38 221/221
f 222/222 244/244 245/245
f 222/222 245/245 223/223
f 245/245 246/246 224/224
f 227/227 256/256 247/247
f 30/30 229/229 7/7
f 229/229 30/30 24/24
f 24/24 30/30 50/50
f 231/231 248/248 257/257
f 255/255 258/258 240/240
f 240/240 258/258 241/241
f 241/241 258/258 242/242
f 258/258 259/259 242/242
f 259/259 260/260 242/242
f 242/242 260/260 243/243
f 243/243 261/261 238/238
f 238/238 261/261 239/239
f 239/239 261/261 38/38
f 50/50 25/25 24/24
f 249/249 33/33 35/35
f 249/249 35/35 45/45
f 249/249 45/45 250/250
f 262/262 263/263 251/251
f 251/251 263/263 252/252
f 253/253 264/264 254/254
f 255/255 265/265 258/258
f 258/258 265/265 259/259
f 266/266 267/267 243/243
f 260/260 266/266 243/243
f 243/243 267/267 268/268
f 243/243 268/268 261/261
f 268/268 269/269 261/261
f 261/261 270/270 38/38
f 244/244 271/271 245/245
f 245/245 272/272 246/246
f 272/272 273/273 246/246
f 273/273 274/274 246/246
f 246/246 274/274 226/226
f 228/228 247/247 23/23
f 23/23 247/247 26/26
f 45/45 48/48 251/251
f 250/250 45/45 251/251
f 251/251 48/48 262/262
f 252/252 263/263 253/253
f 253/253 263/263 264/264
f 264/264 275/275 255/255
f 254/254 264/264 255/255
f 255/255 275/275 265/265
f 275/275 276/276 265/265
f 265/265 276/276 259/259
f 276/276 277/277 259/259
f 259/259 277/277 260/260
f 38/38 43/43 244/244
f 271/271 278/278 245/245
f 245/245 278/278 272/272
f 226/226 279/279 280/280
f 226/226 280/280 227/227
f 256/256 281/281 247/247
f 263/263 262/262 54/54
f 263/263 56/56 264/264
f 264/264 59/59 282/282
f 264/264 282/282 275/275
f 275/275 282/282 276/276
f 282/282 283/283 276/276
f 276/276 283/283 277/277
f 260/260 277/277 266/266
f 266/266 277/277 267/267
f 269/269 284/284 270/270
f 261/261 269/269 270/270
f 270/270 284/284 38/38
f 38/38 284/284 39/39
f 43/43 285/285 244/244
f 244/244 285/285 271/271
f 271/271 285/285 278/278
f 272/272 278/278 286/286
f 286/286 273/273 272/272
f 47/47 54/54 262/262
f 264/264 56/56 59/59
f 58/58 287/287 59/59
f 59/59 287/287 282/282
f 277/277 288/288 267/267
f 267/267 288/288 268/268
f 268/268 288/288 269/269
f 285/285 289/289 278/278
f 278/278 289/289 290/290
f 278/278 290/290 291/291
f 278/278 291/291 286/286
f 286/286 292/292 273/273
f 292/292 293/293 273/273
f 273/273 293/293 274/274
f 280/280 294/294 227/227
f 227/227 294/294 256/256
f 26/26 295/295 27/27
f 257/257 248/248 296/296
f 56/56 57/57 59/59
f 282/282 297/297 283/283
f 39/39 298/298 42/42
f 42/42 298/298 43/43
f 298/298 299/299 285/285
f 43/43 298/298 285/285
f 299/299 289/289 285/285
f 289/289 300/300 290/290
f 290/290 300/300 291/291
f 291/291 292/292 286/286
f 274/274 279/279 226/226
f 287/287 63/63 282/282
f 282/282 63/63 297/297
f 277/277 283/283 288/288
f 269/269 301/301 284/284
f 298/298 302/302 299/299
f 299/299 303/303 289/289
f 303/303 304/304 289/289
f 304/304 305/305 300/300
f 289/289 304/304 300/300
f 300/300 305/305 306/306
f 300/300 306/306 307/307
f 300/300 307/307 291/291
f 307/307 308/308 292/292
f 291/291 307/307 292/292
f 292/292 308/308 293/293
f 247/247 295/295 26/26
f 27/27 309/309 28/28
f 58/58 69/69 287/287
f 287/287 61/61 63/63
f 297/297 310/310 283/283
f 283/283 311/311 288/288
f 288/288 311/311 301/301
f 288/288 301/301 269/269
f 284/284 301/301 39/39
f 299/299 302/302 312/312
f 299/299 312/312 303/303
f 307/307 313/313 308/308
f 308/308 313/313 293/293
f 293/293 279/279 274/274
f 247/247 281/281 314/314
f 247/247 314/314 295/295
f 295/295 309/309 27/27
f 309/309 315/315 28/28
f 28/28 315/315 40/40
f 40/40 316/316 29/29
f 29/29 316/316 317/317
f 29/29 317/317 30/30
f 30/30 318/318 319/319
f 30/30 319/319 50/50
f 69/69 61/61 287/287
f 63/63 320/320 297/297
f 301/301 298/298 39/39
f 312/312 321/321 303/303
f 303/303 321/321 322/322
f 303/303 322/322 323/323
f 303/303 323/323 304/304
f 304/304 323/323 305/305
f 305/305 323/323 324/324
f 305/305 324/324 306/306
f 306/306 324/324 325/325
f 306/306 325/325 307/307
f 307/307 325/325 326/326
f 307/307 326/326 313/313
f 326/326 327/327 293/293
f 313/313 326/326 293/293
f 293/293 327/327 328/328
f 293/293 328/328 279/279
f 280/280 329/329 294/294
f 256/256 294/294 330/330
f 256/256 330/330 281/281
f 50/50 80/80 51/51
f 310/310 311/311 283/283
f 301/301 331/331 298/298
f 302/302 332/332 321/321
f 302/302 321/321 312/312
f 323/323 333/333 324/324
f 324/324 333/333 325/325
f 326/326 334/334 327/327
f 317/317 318/318 30/30
f 50/50 319/319 80/80
f 63/63 62/62 320/320
f 297/297 320/320 310/310
f 311/311 335/335 301/301
f 301/301 335/335 331/331
f 298/298 331/331 336/336
f 321/321 332/332 337/337
f 321/321 337/337 322/322
f 337/337 338/338 322/322
f 322/322 338/338 323/323
f 323/323 338/338 333/333
f 333/333 339/339 325/325
f 325/325 334/334 326/326
f 328/328 280/280 279/279
f 61/61 69/69 73/73
f 62/62 340/340 320/320
f 341/341 311/311 310/310
f 298/298 336/336 302/302
f 333/333 338/338 339/339
f 325/325 339/339 334/334
f 334/334 339/339 327/327
f 281/281 330/330 314/314
f 336/336 342/342 302/302
f 302/302 342/342 332/332
f 332/332 343/343 337/337
f 337/337 343/343 338/338
f 338/338 343/343 344/344
f 338/338 344/344 339/339
f 339/339 345/345 327/327
f 295/295 346/346 309/309
f 257/257 296/296 347/347
f 332/332 348/348 343/343
f 343/343 348/348 344/344
f 344/344 345/345 339/339
f 345/345 328/328 327/327
f 328/328 349/349 280/280
f 340/340 93/93 320/320
f 320/320 93/93 310/310
f 332/332 342/342 348/348
f 348/348 350/350 344/344
f 344/344 350/350 345/345
f 315/315 351/351 40/40
f 294/294 329/329 330/330
f 314/314 346/346 295/295
f 346/346 352/352 309/309
f 309/309 352/352 315/315
f 315/315 352/352 351/351
f 40/40 351/351 353/353
f 40/40 353/353 316/316
f 316/316 353/353 317/317
f 319/319 81/81 80/80
f 93/93 341/341 310/310
f 345/345 350/350 328/328
f 317/317 353/353 354/354
f 318/318 355/355 319/319
f 68/68 73/73 69/69
f 348/348 356/356 350/350
f 349/349 329/329 280/280
f 329/329 357/357 330/330
f 330/330 357/357 314/314
f 314/314 357/357 346/346
f 317/317 354/354 318/318
f 354/354 355/355 318/318
f 319/319 355/355 81/81
f 358/358 335/335 311/311
f 335/335 358/358 331/331
f 331/331 359/359 336/336
f 349/349 360/360 329/329
f 357/357 361/361 346/346
f 352/352 362/362 351/351
f 351/351 362/362 353/353
f 336/336 359/359 342/342
f 348/348 342/342 363/363
f 348/348 363/363 356/356
f 346/346 361/361 352/352
f 354/354 364/364 355/355
f 331/331 358/358 359/359
f 356/356 365/365 350/350
f 350/350 365/365 328/328
f 62/62 91/91 340/340
f 341/341 358/358 311/311
f 328/328 365/365 349/349
f 360/360 366/366 329/329
f 366/366 367/367 357/357
f 329/329 366/366 357/357
f 357/357 367/367 361/361
f 362/362 354/354 353/353
f 355/355 364/364 81/81
f 81/81 364/364 87/87
f 73/73 91/91 62/62
f 91/91 93/93 340/340
f 341/341 107/107 358/358
f 359/359 368/368 342/342
f 363/363 365/365 356/356
f 360/360 369/369 366/366
f 366/366 370/370 367/367
f 361/361 94/94 96/96
f 361/361 96/96 352/352
f 352/352 96/96 362/362
f 362/362 371/371 354/354
f 354/354 371/371 364/364
f 342/342 372/372 363/363
f 363/363 373/373 365/365
f 365/365 374/374 349/349
f 349/349 374/374 360/360
f 360/360 374/374 369/369
f 96/96 375/375 362/362
f 364/364 376/376 87/87
f 341/341 93/93 107/107
f 358/358 377/377 359/359
f 362/362 378/378 371/371
f 359/359 377/377 368/368
f 368/368 372/372 342/342
f 372/372 373/373 363/363
f 366/366 369/369 370/370
f 370/370 379/379 367/367
f 367/367 379/379 361/361
f 361/361 379/379 94/94
f 95/95 375/375 96/96
f 362/362 375/375 378/378
f 371/371 378/378 376/376
f 371/371 376/376 364/364
f 347/347 296/296 380/380
f 107/107 381/381 358/358
f 378/378 382/382 376/376
f 376/376 383/383 87/87
f 358/358 381/381 377/377
f 365/365 373/373 374/374
f 372/372 384/384 385/385
f 372/372 385/385 373/373
f 373/373 385/385 386/386
f 373/373 386/386 374/374
f 387/387 369/369 374/374
f 379/379 370/370 388/388
f 379/379 388/388 94/94
f 388/388 389/389 94/94
f 94/94 389/389 95/95
f 389/389 390/390 375/375
f 95/95 389/389 375/375
f 375/375 391/391 378/378
f 383/383 376/376 392/392
f 383/383 100/100 87/87
f 368/368 384/384 372/372
f 384/384 393/393 385/385
f 393/393 386/386 385/385
f 374/374 386/386 387/387
f 369/369 394/394 370/370
f 390/390 391/391 375/375
f 391/391 395/395 378/378
f 395/395 382/382 378/378
f 382/382 396/396 376/376
f 376/376 397/397 392/392
f 347/347 380/380 398/398
f 107/107 399/399 381/381
f 381/381 400/400 377/377
f 377/377 401/401 368/368
f 387/387 402/402 369/369
f 369/369 402/402 394/394
f 391/391 390/390 395/395
f 395/395 396/396 382/382
f 384/384 403/403 393/393
f 393/393 403/403 386/386
f 386/386 404/404 387/387
f 404/404 402/402 387/387
f 370/370 394/394 405/405
f 370/370 405/405 388/388
f 388/388 405/405 406/406
f 388/388 406/406 407/407
f 388/388 407/407 389/389
f 407/407 390/390 389/389
f 396/396 397/397 376/376
f 383/383 392/392 100/100
f 106/106 131/131 107/107
f 400/400 408/408 377/377
f 377/377 408/408 401/401
f 403/403 409/409 386/386
f 386/386 409/409 404/404
f 390/390 410/410 411/411
f 390/390 411/411 395/395
f 396/396 412/412 397/397
f 384/384 413/413 403/403
f 414/414 394/394 402/402
f 390/390 407/407 415/415
f 413/413 416/416 403/403
f 403/403 416/416 417/417
f 403/403 417/417 409/409
f 412/412 418/418 397/397
f 397/397 418/418 392/392
f 131/131 399/399 107/107
f 381/381 399/399 400/400
f 368/368 413/413 384/384
f 417/417 419/419 409/409
f 409/409 419/419 404/404
f 402/402 404/404 414/414
f 390/390 415/415 410/410
f 418/418 100/100 392/392
f 368/368 401/401 420/420
f 368/368 420/420 413/413
f 414/414 421/421 394/394
f 394/394 421/421 405/405
f 422/422 423/423 406/406
f 406/406 423/423 407/407
f 407/407 423/423 415/415
f 410/410 424/424 411/411
f 411/411 424/424 395/395
f 424/424 425/425 395/395
f 395/395 425/425 396/396
f 396/396 425/425 412/412
f 100/100 426/426 82/82
f 398/398 380/380 427/427
f 400/400 399/399 408/408
f 419/419 428/428 404/404
f 404/404 428/428 414/414
f 405/405 422/422 406/406
f 418/418 426/426 100/100
f 401/401 429/429 420/420
f 420/420 430/430 413/413
f 413/413 430/430 416/416
f 419/419 431/431 428/428
f 423/423 422/422 432/432
f 424/424 433/433 425/425
f 412/412 434/434 418/418
f 131/131 132/132 399/399
f 408/408 435/435 401/401
f 401/401 435/435 429/429
f 429/429 436/436 420/420
f 417/417 431/431 419/419
f 421/421 437/437 405/405
f 423/423 432/432 415/415
f 418/418 434/434 426/426
f 426/426 111/111 82/82
f 408/408 438/438 435/435
f 420/420 436/436 430/430
f 416/416 431/431 417/417
f 428/428 421/421 414/414
f 405/405 437/437 422/422
f 415/415 424/424 410/410
f 425/425 433/433 439/439
f 425/425 439/439 434/434
f 425/425 434/434 412/412
f 427/427 440/440 441/441
f 398/398 427/427 441/441
f 132/132 442/442 399/399
f 442/442 438/438 399/399
f 399/399 438/438 408/408
f 416/416 443/443 431/431
f 431/431 444/444 445/445
f 431/431 445/445 428/428
f 428/428 445/445 421/421
f 433/433 446/446 439/439
f 111/111 447/447 117/117
f 117/117 448/448 449/449
f 436/436 443/443 430/430
f 430/430 443/443 416/416
f 431/431 443/443 444/444
f 445/445 437/437 421/421
f 437/437 450/450 422/422
f 450/450 451/451 422/422
f 422/422 451/451 432/432
f 432/432 452/452 415/415
f 424/424 415/415 453/453
f 424/424 453/453 433/433
f 433/433 453/453 446/446
f 446/446 454/454 439/439
f 439/439 454/454 434/434
f 434/434 455/455 426/426
f 426/426 456/456 111/111
f 111/111 456/456 447/447
f 117/117 447/447 448/448
f 437/437 445/445 450/450
f 451/451 452/452 432/432
f 452/452 453/453 415/415
f 454/454 455/455 434/434
f 426/426 455/455 456/456
f 441/441 440/440 457/457
f 441/441 457/457 458/458
f 140/140 459/459 132/132
f 132/132 459/459 442/442
f 459/459 460/460 442/442
f 442/442 460/460 438/438
f 460/460 461/461 438/438
f 438/438 461/461 435/435
f 435/435 461/461 429/429
f 429/429 461/461 462/462
f 429/429 462/462 436/436
f 436/436 462/462 443/443
f 443/443 462/462 463/463
f 443/443 463/463 444/444
f 444/444 463/463 464/464
f 444/444 464/464 445/445
f 464/464 465/465 445/445
f 445/445 465/465 450/450
f 450/450 465/465 466/466
f 450/450 466/466 451/451
f 451/451 466/466 467/467
f 451/451 467/467 452/452
f 452/452 467/467 453/453
f 467/467 468/468 453/453
f 468/468 469/469 453/453
f 453/453 469/469 446/446
f 469/469 470/470 446/446
f 446/446 470/470 454/454
f 454/454 470/470 471/471
f 454/454 471/471 455/455
f 471/471 472/472 455/455
f 455/455 472/472 473/473
f 455/455 473/473 456/456
f 456/456 473/473 447/447
f 447/447 473/473 474/474
f 447/447 474/474 448/448
f 457/457 475/475 458/458
f 141/141 476/476 477/477
f 141/141 477/477 478/478
f 141/141 478/478 143/143
f 143/143 478/478 479/479
f 143/143 479/479 144/144
f 144/144 479/479 480/480
f 144/144 480/480 481/481
f 144/144 481/481 145/145
f 145/145 481/481 146/146
f 481/481 482/482 146/146
f 146/146 482/482 147/147
f 482/482 483/483 147/147
f 147/147 483/483 148/148
f 148/148 483/483 149/149
f 149/149 483/483 484/484
f 149/149 484/484 150/150
f 150/150 484/484 485/485
f 150/150 485/485 140/140
f 485/485 486/486 140/140
f 140/140 486/486 459/459
f 459/459 486/486 487/487
f 459/459 487/487 460/460
f 487/487 488/488 460/460
f 460/460 488/488 461/461
f 488/488 489/489 461/461
f 461/461 489/489 462/462
f 462/462 489/489 490/490
f 490/490 491/491 463/463
f 462/462 490/490 463/463
f 463/463 491/491 492/492
f 463/463 492/492 464/464
f 464/464 492/492 465/465
f 492/492 493/493 465/465
f 465/465 493/493 466/466
f 493/493 494/494 466/466
f 466/466 494/494 467/467
f 467/467 494/494 495/495
f 467/467 495/495 468/468
f 495/495 496/496 468/468
f 468/468 496/496 469/469
f 469/469 496/496 497/497
f 469/469 497/497 470/470
f 497/497 498/498 470/470
f 470/470 498/498 471/471
f 471/471 498/498 499/499
f 471/471 499/499 500/500
f 471/471 500/500 472/472
f 500/500 501/501 473/473
f 472/472 500/500 473/473
f 501/501 502/502 474/474
f 473/473 501/501 474/474
f 503/503 504/504 505/505
f 503/503 505/505 506/506
f 506/506 505/505 507/507
f 508/508 509/509 510/510
f 511/511 507/507 512/512
f 511/511 512/512 513/513
f 513/513 512/512 514/514
f 483/483 515/515 516/516
f 483/483 516/516 484/484
f 484/484 516/516 485/485
f 485/485 516/516 486/486
f 486/486 517/517 487/487
f 486/486 518/518 517/517
f 517/517 518/518 519/519
f 487/487 517/517 488/488
f 517/517 520/520 488/488
f 517/517 519/519 520/520
f 488/488 520/520 489/489
f 489/489 520/520 521/521
f 520/520 522/522 521/521
f 489/489 521/521 490/490
f 521/521 522/522 523/523
f 521/521 524/524 490/490
f 521/521 523/523 524/524
f 525/525 526/526 527/527
f 490/490 524/524 491/491
f 527/527 526/526 528/528
f 491/491 524/524 529/529
f 527/527 528/528 530/530
f 528/528 531/531 530/530
f 491/491 529/529 492/492
f 529/529 532/532 492/492
f 530/530 531/531 533/533
f 533/533 531/531 534/534
f 532/532 535/535 492/492
f 536/536 537/537 538/538
f 492/492 535/535 493/493
f 534/534 539/539 540/540
f 539/539 541/541 540/540
f 535/535 542/542 493/493
f 540/540 541/541 543/543
f 493/493 542/542 494/494
f 494/494 542/542 495/495
f 542/542 544/544 495/495
f 541/541 545/545 546/546
f 543/543 541/541 546/546
f 495/495 544/544 496/496
f 544/544 547/547 496/496
f 546/546 545/545 548/548
f 546/546 548/548 549/549
f 496/496 547/547 497/497
f 497/497 547/547 550/550
f 549/549 548/548 551/551
f 548/548 552/552 551/551
f 497/497 550/550 498/498
f 552/552 553/553 551/551
f 498/498 550/550 554/554
f 551/551 553/553 555/555
f 555/555 553/553 556/556
f 498/498 554/554 499/499
f 557/557 558/558 559/559
f 554/554 500/500 499/499
f 559/559 558/558 560/560
f 561/561 562/562 563/563
f 500/500 564/564 501/501
f 563/563 562/562 565/565
f 563/563 565/565 566/566
f 501/501 564/564 502/502
f 563/563 566/566 567/567
f 568/568 151/151 153/153
f 568/568 153/153 569/569
f 568/568 154/154 151/151
f 153/153 156/156 569/569
f 569/569 156/156 570/570
f 570/570 156/156 571/571
f 571/571 572/572 573/573
f 573/573 572/572 574/574
f 574/574 572/572 575/575
f 574/574 575/575 576/576
f 576/576 577/577 578/578
f 578/578 577/577 579/579
f 579/579 169/169 580/580
f 580/580 172/172 581/581
f 581/581 172/172 582/582
f 582/582 172/172 583/583
f 582/582 583/583 584/584
f 584/584 583/583 585/585
f 585/585 583/583 586/586
f 585/585 586/586 587/587
f 587/587 586/586 178/178
f 587/587 178/178 588/588
f 588/588 178/178 589/589
f 589/589 590/590 588/588
f 588/588 590/590 591/591
f 591/591 590/590 592/592
f 591/591 592/592 593/593
f 592/592 594/594 593/593
f 595/595 596/596 597/597
f 594/594 598/598 599/599
f 597/597 600/600 601/601
f 600/600 602/602 601/601
f 601/601 602/602 603/603
f 602/602 604/604 603/603
f 603/603 604/604 605/605
f 603/603 605/605 606/606
f 606/606 605/605 607/607
f 607/607 605/605 608/608
f 607/607 608/608 609/609
f 610/610 611/611 612/612
f 198/198 613/613 199/199
f 230/230 614/614 248/248
f 248/248 614/614 296/296
f 296/296 614/614 615/615
f 615/615 380/380 296/296
f 440/440 427/427 616/616
f 440/440 616/616 617/617
f 440/440 617/617 457/457
f 457/457 618/618 475/475
f 619/619 620/620 621/621
f 619/619 621/621 622/622
f 622/622 621/621 623/623
f 622/622 623/623 624/624
f 624/624 625/625 504/504
f 504/504 626/626 505/505
f 505/505 627/627 507/507
f 628/628 629/629 630/630
f 507/507 631/631 512/512
f 512/512 631/631 632/632
f 512/512 632/632 633/633
f 512/512 633/633 634/634
f 512/512 634/634 514/514
f 514/514 634/634 635/635
f 635/635 634/634 636/636
f 635/635 636/636 637/637
f 516/516 638/638 486/486
f 486/486 638/638 518/518
f 639/639 640/640 525/525
f 528/528 641/641 531/531
f 531/531 641/641 534/534
f 545/545 642/642 643/643
f 545/545 643/643 548/548
f 548/548 643/643 644/644
f 548/548 644/644 552/552
f 644/644 645/645 552/552
f 552/552 645/645 553/553
f 553/553 645/645 556/556
f 556/556 645/645 646/646
f 556/556 646/646 562/562
f 646/646 647/647 562/562
f 647/647 566/566 565/565
f 562/562 647/647 565/565
f 566/566 648/648 567/567
f 649/649 650/650 651/651
f 519/519 652/652 520/520
f 649/649 651/651 653/653
f 653/653 651/651 654/654
f 520/520 652/652 522/522
f 653/653 654/654 655/655
f 640/640 656/656 526/526
f 525/525 640/640 526/526
f 656/656 657/657 526/526
f 526/526 657/657 528/528
f 657/657 658/658 528/528
f 659/659 660/660 661/661
f 660/660 662/662 661/661
f 663/663 664/664 665/665
f 534/534 663/663 539/539
f 663/663 666/666 539/539
f 663/663 665/665 666/666
f 539/539 666/666 541/541
f 666/666 665/665 667/667
f 541/541 666/666 642/642
f 666/666 667/667 642/642
f 667/667 668/668 642/642
f 541/541 642/642 545/545
f 668/668 669/669 642/642
f 670/670 671/671 672/672
f 670/670 673/673 671/671
f 670/670 672/672 674/674
f 672/672 675/675 674/674
f 674/674 675/675 676/676
f 674/674 676/676 677/677
f 676/676 678/678 677/677
f 677/677 678/678 679/679
f 677/677 679/679 680/680
f 680/680 679/679 681/681
f 681/681 679/679 682/682
f 681/681 682/682 683/683
f 683/683 682/682 684/684
f 683/683 684/684 685/685
f 685/685 684/684 686/686
f 686/686 684/684 687/687
f 686/686 687/687 688/688
f 687/687 689/689 688/688
f 688/688 689/689 690/690
f 690/690 691/691 692/692
f 692/692 691/691 693/693
f 692/692 693/693 694/694
f 693/693 695/695 694/694
f 694/694 695/695 696/696
f 694/694 696/696 697/697
f 696/696 698/698 697/697
f 698/698 699/699 700/700
f 697/697 698/698 700/700
f 700/700 699/699 701/701
f 701/701 699/699 702/702
f 701/701 702/702 703/703
f 702/702 704/704 703/703
f 703/703 704/704 705/705
f 705/705 704/704 706/706
f 705/705 706/706 707/707
f 705/705 707/707 708/708
f 707/707 709/709 708/708
f 708/708 709/709 710/710
f 708/708 710/710 711/711
f 710/710 712/712 711/711
f 711/711 712/712 713/713
f 714/714 613/613 198/198
f 715/715 714/714 198/198
f 613/613 716/716 199/199
f 199/199 716/716 230/230
f 717/717 615/615 614/614
f 615/615 718/718 380/380
f 380/380 718/718 427/427
f 427/427 719/719 616/616
f 616/616 720/720 617/617
f 457/457 617/617 618/618
f 623/623 625/625 624/624
f 625/625 626/626 504/504
f 626/626 721/721 722/722
f 626/626 722/722 505/505
f 722/722 723/723 505/505
f 505/505 723/723 627/627
f 632/632 724/724 633/633
f 632/632 725/725 724/724
f 633/633 724/724 634/634
f 725/725 726/726 724/724
f 724/724 727/727 634/634
f 724/724 726/726 727/727
f 634/634 727/727 636/636
f 727/727 726/726 728/728
f 727/727 728/728 729/729
f 636/636 727/727 637/637
f 637/637 727/727 730/730
f 727/727 729/729 730/730
f 637/637 730/730 731/731
f 730/730 650/650 731/731
f 730/730 729/729 650/650
f 732/732 733/733 734/734
f 735/735 736/736 737/737
f 650/650 738/738 739/739
f 650/650 739/739 651/651
f 739/739 740/740 651/651
f 651/651 740/740 654/654
f 740/740 741/741 655/655
f 654/654 740/740 655/655
f 742/742 743/743 744/744
f 743/743 745/745 746/746
f 743/743 746/746 744/744
f 747/747 748/748 657/657
f 656/656 747/747 657/657
f 657/657 748/748 749/749
f 657/657 749/749 658/658
f 658/658 749/749 750/750
f 528/528 658/658 641/641
f 641/641 658/658 664/664
f 658/658 750/750 664/664
f 751/751 752/752 753/753
f 753/753 752/752 754/754
f 752/752 755/755 754/754
f 754/754 755/755 756/756
f 665/665 757/757 667/667
f 758/758 759/759 760/760
f 760/760 759/759 761/761
f 762/762 763/763 669/669
f 668/668 762/762 669/669
f 642/642 669/669 643/643
f 763/763 764/764 669/669
f 643/643 669/669 765/765
f 669/669 764/764 765/765
f 643/643 765/765 644/644
f 764/764 766/766 765/765
f 767/767 768/768 769/769
f 768/768 770/770 769/769
f 768/768 771/771 770/770
f 645/645 772/772 646/646
f 772/772 647/647 646/646
f 647/647 772/772 773/773
f 647/647 773/773 774/774
f 647/647 774/774 566/566
f 774/774 773/773 775/775
f 774/774 775/775 566/566
f 566/566 775/775 648/648
f 670/670 776/776 673/673
f 716/716 717/717 230/230
f 230/230 717/717 614/614
f 717/717 777/777 615/615
f 615/615 777/777 778/778
f 615/615 778/778 718/718
f 718/718 719/719 427/427
f 616/616 719/719 720/720
f 617/617 720/720 779/779
f 617/617 779/779 618/618
f 779/779 780/780 618/618
f 781/781 782/782 783/783
f 781/781 783/783 784/784
f 783/783 785/785 786/786
f 784/784 783/783 786/786
f 623/623 787/787 625/625
f 787/787 788/788 625/625
f 788/788 789/789 625/625
f 625/625 789/789 626/626
f 626/626 789/789 721/721
f 721/721 790/790 722/722
f 722/722 790/790 723/723
f 790/790 791/791 723/723
f 723/723 791/791 627/627
f 791/791 792/792 627/627
f 792/792 793/793 631/631
f 628/628 794/794 629/629
f 631/631 793/793 632/632
f 632/632 793/793 725/725
f 725/725 793/793 795/795
f 795/795 796/796 725/725
f 725/725 796/796 726/726
f 726/726 796/796 797/797
f 726/726 797/797 728/728
f 728/728 797/797 729/729
f 797/797 798/798 729/729
f 799/799 800/800 732/732
f 732/732 800/800 733/733
f 738/738 801/801 739/739
f 739/739 801/801 802/802
f 739/739 802/802 740/740
f 802/802 803/803 740/740
f 803/803 804/804 741/741
f 740/740 803/803 741/741
f 745/745 805/805 746/746
f 747/747 804/804 806/806
f 747/747 806/806 748/748
f 748/748 806/806 807/807
f 748/748 807/807 749/749
f 807/807 808/808 749/749
f 749/749 808/808 750/750
f 751/751 809/809 752/752
f 752/752 809/809 810/810
f 811/811 812/812 813/813
f 813/813 812/812 814/814
f 814/814 812/812 815/815
f 814/814 815/815 816/816
f 814/814 816/816 757/757
f 757/757 817/817 762/762
f 817/817 818/818 762/762
f 762/762 818/818 763/763
f 763/763 818/818 764/764
f 818/818 819/819 764/764
f 764/764 819/819 766/766
f 766/766 819/819 820/820
f 766/766 820/820 821/821
f 766/766 821/821 772/772
f 772/772 821/821 822/822
f 772/772 822/822 773/773
f 773/773 822/822 823/823
f 773/773 823/823 775/775
f 823/823 824/824 648/648
f 775/775 823/823 648/648
f 825/825 826/826 714/714
f 826/826 716/716 613/613
f 714/714 826/826 613/613
f 789/789 788/788 827/827
f 789/789 827/827 721/721
f 827/827 828/828 721/721
f 721/721 828/828 790/790
f 790/790 828/828 829/829
f 790/790 829/829 791/791
f 829/829 830/830 792/792
f 791/791 829/829 792/792
f 792/792 830/830 793/793
f 793/793 830/830 831/831
f 831/831 832/832 793/793
f 793/793 832/832 795/795
f 832/832 833/833 795/795
f 795/795 833/833 796/796
f 796/796 833/833 834/834
f 835/835 836/836 837/837
f 837/837 836/836 838/838
f 837/837 838/838 839/839
f 839/839 838/838 840/840
f 798/798 841/841 801/801
f 841/841 842/842 801/801
f 801/801 842/842 802/802
f 802/802 842/842 843/843
f 802/802 843/843 803/803
f 844/844 845/845 846/846
f 844/844 846/846 847/847
f 804/804 848/848 806/806
f 848/848 849/849 806/806
f 806/806 849/849 850/850
f 806/806 850/850 807/807
f 807/807 850/850 851/851
f 807/807 851/851 808/808
f 851/851 852/852 808/808
f 808/808 852/852 811/811
f 811/811 852/852 853/853
f 854/854 855/855 856/856
f 816/816 857/857 757/757
f 757/757 857/857 817/817
f 821/821 858/858 859/859
f 821/821 859/859 822/822
f 787/787 860/860 861/861
f 826/826 862/862 716/716
f 716/716 863/863 717/717
f 719/719 864/864 720/720
f 779/779 865/865 780/780
f 832/832 866/866 833/833
f 866/866 867/867 833/833
f 833/833 867/867 834/834
f 834/834 868/868 869/869
f 838/838 870/870 840/840
f 840/840 870/870 871/871
f 872/872 873/873 841/841
f 841/841 873/873 842/842
f 873/873 874/874 842/842
f 842/842 874/874 843/843
f 843/843 874/874 875/875
f 845/845 876/876 846/846
f 848/848 875/875 849/849
f 849/849 875/875 877/877
f 849/849 877/877 850/850
f 850/850 878/878 851/851
f 812/812 879/879 815/815
f 816/816 880/880 857/857
f 857/857 881/881 817/817
f 817/817 881/881 882/882
f 817/817 882/882 818/818
f 882/882 819/819 818/818
f 820/820 819/819 883/883
f 883/883 884/884 820/820
f 820/820 884/884 821/821
f 859/859 885/885 822/822
f 822/822 885/885 823/823
f 885/885 886/886 823/823
f 887/887 888/888 860/860
f 780/780 865/865 889/889
f 860/860 890/890 861/861
f 891/891 892/892 893/893
f 890/890 894/894 861/861
f 892/892 895/895 893/893
f 861/861 894/894 827/827
f 827/827 894/894 896/896
f 827/827 896/896 828/828
f 828/828 896/896 897/897
f 828/828 897/897 829/829
f 897/897 898/898 829/829
f 829/829 898/898 830/830
f 899/899 900/900 901/901
f 830/830 902/902 831/831
f 831/831 902/902 832/832
f 902/902 866/866 832/832
f 903/903 904/904 826/826
f 825/825 903/903 826/826
f 826/826 904/904 862/862
f 863/863 777/777 717/717
f 778/778 777/777 905/905
f 778/778 905/905 906/906
f 778/778 906/906 718/718
f 718/718 907/907 719/719
f 719/719 907/907 908/908
f 720/720 864/864 909/909
f 720/720 909/909 779/779
f 779/779 909/909 865/865
f 873/873 872/872 910/910
f 873/873 910/910 874/874
f 874/874 910/910 911/911
f 874/874 911/911 912/912
f 874/874 912/912 875/875
f 913/913 914/914 915/915
f 916/916 917/917 875/875
f 918/918 919/919 920/920
f 920/920 919/919 921/921
f 877/877 922/922 850/850
f 850/850 922/922 878/878
f 851/851 878/878 852/852
f 855/855 923/923 856/856
f 879/879 816/816 815/815
f 821/821 884/884 858/858
f 858/858 885/885 859/859
f 888/888 924/924 860/860
f 924/924 925/925 890/890
f 860/860 924/924 890/890
f 925/925 926/926 890/890
f 890/890 926/926 894/894
f 926/926 927/927 894/894
f 894/894 927/927 928/928
f 894/894 928/928 896/896
f 928/928 929/929 896/896
f 896/896 929/929 897/897
f 897/897 929/929 898/898
f 898/898 929/929 930/930
f 899/899 931/931 900/900
f 930/930 932/932 902/902
f 902/902 932/932 866/866
f 866/866 932/932 933/933
f 933/933 934/934 867/867
f 866/866 933/933 867/867
f 834/834 867/867 868/868
f 867/867 934/934 868/868
f 868/868 934/934 935/935
f 868/868 935/935 872/872
f 903/903 936/936 904/904
f 718/718 906/906 907/907
f 937/937 938/938 933/933
f 934/934 938/938 939/939
f 940/940 941/941 942/942
f 943/943 944/944 872/872
f 872/872 944/944 910/910
f 944/944 945/945 910/910
f 945/945 911/911 910/910
f 878/878 946/946 852/852
f 855/855 947/947 923/923
f 879/879 948/948 816/816
f 881/881 949/949 882/882
f 819/819 882/882 950/950
f 950/950 883/883 819/819
f 858/858 951/951 885/885
f 865/865 952/952 889/889
f 888/888 953/953 924/924
f 927/927 954/954 928/928
f 928/928 954/954 955/955
f 928/928 955/955 929/929
f 955/955 956/956 929/929
f 956/956 957/957 930/930
f 929/929 956/956 930/930
f 930/930 957/957 958/958
f 959/959 960/960 961/961
f 960/960 962/962 961/961
f 932/932 963/963 964/964
f 932/932 964/964 933/933
f 719/719 908/908 864/864
f 884/884 965/965 858/858
f 909/909 966/966 865/865
f 963/963 967/967 968/968
f 963/963 968/968 969/969
f 968/968 970/970 969/969
f 969/969 970/970 937/937
f 970/970 971/971 937/937
f 937/937 971/971 938/938
f 938/938 971/971 972/972
f 938/938 972/972 939/939
f 972/972 973/973 943/943
f 941/941 974/974 942/942
f 943/943 973/973 944/944
f 944/944 973/973 945/945
f 975/975 976/976 912/912
f 911/911 975/975 912/912
f 914/914 977/977 978/978
f 914/914 978/978 915/915
f 916/916 979/979 917/917
f 917/917 980/980 922/922
f 981/981 982/982 983/983
f 922/922 984/984 878/878
f 984/984 946/946 878/878
f 852/852 985/985 853/853
f 816/816 948/948 880/880
f 858/858 965/965 951/951
f 885/885 951/951 886/886
f 865/865 966/966 952/952
f 926/926 986/986 987/987
f 926/926 987/987 927/927
f 987/987 988/988 954/954
f 927/927 987/987 954/954
f 954/954 988/988 989/989
f 954/954 989/989 955/955
f 989/989 990/990 955/955
f 955/955 990/990 956/956
f 956/956 990/990 957/957
f 990/990 991/991 957/957
f 957/957 991/991 958/958
f 992/992 993/993 994/994
f 995/995 996/996 997/997
f 995/995 997/997 998/998
f 998/998 997/997 999/999
f 998/998 999/999 1000/1000
f 1001/1001 1002/1002 1003/1003
f 949/949 950/950 882/882
f 884/884 883/883 1004/1004
f 884/884 1004/1004 965/965
f 965/965 1005/1005 951/951
f 1006/1006 1007/1007 1008/1008
f 1007/1007 1009/1009 1008/1008
f 1010/1010 1011/1011 1012/1012
f 1010/1010 1012/1012 1013/1013
f 1012/1012 1014/1014 1013/1013
f 1013/1013 1014/1014 1015/1015
f 1015/1015 1014/1014 1016/1016
f 1014/1014 1017/1017 1016/1016
f 1017/1017 1018/1018 967/967
f 1016/1016 1017/1017 967/967
f 967/967 1018/1018 968/968
f 1018/1018 1019/1019 968/968
f 1019/1019 970/970 968/968
f 970/970 1020/1020 971/971
f 971/971 1020/1020 1021/1021
f 971/971 1021/1021 1022/1022
f 971/971 1022/1022 972/972
f 1022/1022 1023/1023 972/972
f 972/972 1023/1023 973/973
f 945/945 1024/1024 975/975
f 945/945 975/975 911/911
f 853/853 985/985 1025/1025
f 1025/1025 1026/1026 879/879
f 1003/1003 1002/1002 1027/1027
f 925/925 986/986 926/926
f 986/986 1028/1028 987/987
f 716/716 862/862 863/863
f 777/777 1029/1029 905/905
f 996/996 1030/1030 997/997
f 997/997 1030/1030 1031/1031
f 997/997 1031/1031 999/999
f 880/880 1032/1032 857/857
f 1001/1001 1033/1033 1002/1002
f 949/949 1034/1034 1035/1035
f 949/949 1036/1036 950/950
f 950/950 1004/1004 883/883
f 1031/1031 1037/1037 999/999
f 1000/1000 999/999 1038/1038
f 999/999 1037/1037 1038/1038
f 1038/1038 1037/1037 1039/1039
f 1000/1000 1038/1038 1040/1040
f 1039/1039 1041/1041 1038/1038
f 1007/1007 1042/1042 1009/1009
f 1041/1041 1043/1043 1012/1012
f 1011/1011 1041/1041 1012/1012
f 1012/1012 1043/1043 1044/1044
f 1012/1012 1044/1044 1045/1045
f 1012/1012 1045/1045 1014/1014
f 1014/1014 1045/1045 1046/1046
f 1014/1014 1046/1046 1017/1017
f 1046/1046 1047/1047 1017/1017
f 1017/1017 1047/1047 1018/1018
f 1047/1047 1019/1019 1018/1018
f 1019/1019 1020/1020 970/970
f 1048/1048 1049/1049 1050/1050
f 917/917 1051/1051 980/980
f 946/946 985/985 852/852
f 880/880 948/948 1052/1052
f 951/951 1005/1005 886/886
f 886/886 1053/1053 823/823
f 823/823 1053/1053 824/824
f 924/924 1054/1054 925/925
f 925/925 1054/1054 986/986
f 1030/1030 1055/1055 1031/1031
f 880/880 1052/1052 1032/1032
f 950/950 1056/1056 1004/1004
f 1004/1004 1057/1057 965/965
f 965/965 1057/1057 1005/1005
f 1055/1055 1058/1058 1031/1031
f 1031/1031 1058/1058 1037/1037
f 1037/1037 1059/1059 1039/1039
f 1060/1060 1061/1061 1062/1062
f 1063/1063 1064/1064 1041/1041
f 1041/1041 1064/1064 1043/1043
f 1047/1047 1065/1065 1019/1019
f 973/973 1066/1066 1067/1067
f 973/973 1067/1067 1068/1068
f 973/973 1068/1068 945/945
f 945/945 1068/1068 1024/1024
f 1069/1069 1070/1070 1048/1048
f 979/979 1051/1051 917/917
f 985/985 1071/1071 1025/1025
f 1005/1005 1072/1072 886/886
f 864/864 1073/1073 909/909
f 1074/1074 1075/1075 1076/1076
f 1074/1074 1076/1076 1077/1077
f 1030/1030 1078/1078 1055/1055
f 1079/1079 1080/1080 1081/1081
f 1079/1079 1081/1081 1082/1082
f 1056/1056 1083/1083 1004/1004
f 909/909 1073/1073 966/966
f 1044/1044 1084/1084 1045/1045
f 1045/1045 1084/1084 1085/1085
f 1045/1045 1085/1085 1046/1046
f 1047/1047 1046/1046 1086/1086
f 1086/1086 1065/1065 1047/1047
f 1019/1019 1087/1087 1020/1020
f 1088/1088 1089/1089 1020/1020
f 1020/1020 1089/1089 1021/1021
f 1021/1021 1089/1089 1090/1090
f 1021/1021 1090/1090 1022/1022
f 1022/1022 1090/1090 1091/1091
f 1022/1022 1091/1091 1023/1023
f 976/976 1092/1092 979/979
f 979/979 1093/1093 1051/1051
f 981/981 1094/1094 982/982
f 984/984 1095/1095 946/946
f 946/946 1096/1096 985/985
f 1097/1097 1098/1098 1099/1099
f 1100/1100 1056/1056 950/950
f 966/966 1101/1101 952/952
f 953/953 1102/1102 1103/1103
f 953/953 1103/1103 924/924
f 924/924 1103/1103 1054/1054
f 1054/1054 1104/1104 986/986
f 1104/1104 1105/1105 986/986
f 986/986 1105/1105 1028/1028
f 777/777 863/863 1029/1029
f 948/948 1026/1026 1052/1052
f 1004/1004 1083/1083 1057/1057
f 1057/1057 1106/1106 1005/1005
f 1073/1073 1107/1107 966/966
f 1058/1058 1108/1108 1037/1037
f 1037/1037 1108/1108 1059/1059
f 1063/1063 1109/1109 1064/1064
f 1064/1064 1110/1110 1043/1043
f 1044/1044 1110/1110 1084/1084
f 1091/1091 1066/1066 1023/1023
f 1023/1023 1066/1066 973/973
f 1068/1068 1111/1111 1024/1024
f 1070/1070 1112/1112 1048/1048
f 1048/1048 1112/1112 1049/1049
f 1096/1096 1113/1113 985/985
f 1052/1052 1114/1114 1032/1032
f 966/966 1107/1107 1101/1101
f 1103/1103 1115/1115 1054/1054
f 1054/1054 1115/1115 1104/1104
f 904/904 1116/1116 862/862
f 1117/1117 1029/1029 863/863
f 864/864 1118/1118 1073/1073
f 985/985 1113/1113 1071/1071
f 1099/1099 1098/1098 1119/1119
f 1060/1060 1120/1120 1061/1061
f 1109/1109 1110/1110 1064/1064
f 1043/1043 1110/1110 1044/1044
f 1091/1091 1121/1121 1066/1066
f 1116/1116 1117/1117 862/862
f 862/862 1117/1117 863/863
f 905/905 1122/1122 906/906
f 1034/1034 1123/1123 1035/1035
f 1035/1035 1036/1036 949/949
f 1084/1084 1124/1124 1085/1085
f 1085/1085 1125/1125 1046/1046
f 1046/1046 1125/1125 1086/1086
f 1065/1065 1087/1087 1019/1019
f 1020/1020 1087/1087 1088/1088
f 936/936 1116/1116 904/904
f 1113/1113 1126/1126 1071/1071
f 1127/1127 1052/1052 1026/1026
f 1035/1035 1123/1123 1128/1128
f 1055/1055 1129/1129 1058/1058
f 1058/1058 1129/1129 1108/1108
f 1108/1108 1130/1130 1059/1059
f 1059/1059 1130/1130 1039/1039
f 1060/1060 1131/1131 1120/1120
f 1086/1086 1132/1132 1065/1065
f 1065/1065 1132/1132 1087/1087
f 1133/1133 1134/1134 1092/1092
f 1051/1051 1135/1135 980/980
f 981/981 1136/1136 1094/1094
f 1095/1095 1137/1137 946/946
f 946/946 1137/1137 1138/1138
f 946/946 1138/1138 1096/1096
f 1107/1107 1139/1139 1101/1101
f 1102/1102 1140/1140 1103/1103
f 1104/1104 1141/1141 1105/1105
f 1029/1029 1122/1122 905/905
f 1078/1078 1142/1142 1055/1055
f 1002/1002 1033/1033 1143/1143
f 1055/1055 1142/1142 1129/1129
f 1144/1144 1145/1145 1146/1146
f 1088/1088 1147/1147 1089/1089
f 1092/1092 1134/1134 979/979
f 1051/1051 1148/1148 1135/1135
f 1140/1140 1149/1149 1103/1103
f 1103/1103 1149/1149 1115/1115
f 1150/1150 1151/1151 1078/1078
f 1152/1152 1153/1153 1098/1098
f 1098/1098 1153/1153 1119/1119
f 1154/1154 1124/1124 1110/1110
f 1110/1110 1124/1124 1084/1084
f 1124/1124 1155/1155 1085/1085
f 1156/1156 1145/1145 1144/1144
f 1087/1087 1157/1157 1088/1088
f 1091/1091 1158/1158 1121/1121
f 1067/1067 1159/1159 1068/1068
f 1068/1068 1160/1160 1111/1111
f 1093/1093 1148/1148 1051/1051
f 1138/1138 1161/1161 1096/1096
f 1161/1161 1113/1113 1096/1096
f 1072/1072 1162/1162 886/886
f 886/886 1162/1162 1053/1053
f 1086/1086 1163/1163 1132/1132
f 907/907 1164/1164 908/908
f 1151/1151 1165/1165 1078/1078
f 1078/1078 1165/1165 1142/1142
f 1036/1036 1166/1166 1167/1167
f 1109/1109 1154/1154 1110/1110
f 1132/1132 1168/1168 1087/1087
f 1087/1087 1168/1168 1157/1157
f 1157/1157 1147/1147 1088/1088
f 1121/1121 1169/1169 1066/1066
f 1066/1066 1169/1169 1067/1067
f 1067/1067 1169/1169 1159/1159
f 1159/1159 1160/1160 1068/1068
f 1170/1170 1171/1171 1172/1172
f 1104/1104 1173/1173 1141/1141
f 1124/1124 1154/1154 1174/1174
f 1145/1145 1175/1175 1146/1146
f 993/993 1176/1176 994/994
f 1033/1033 1177/1177 1143/1143
f 1035/1035 1166/1166 1036/1036
f 1109/1109 1178/1178 1154/1154
f 1090/1090 1179/1179 1091/1091
f 1091/1091 1179/1179 1158/1158
f 1158/1158 1180/1180 1121/1121
f 1160/1160 1181/1181 1111/1111
f 1134/1134 1182/1182 979/979
f 1162/1162 1183/1183 1053/1053
f 1175/1175 1184/1184 1146/1146
f 1117/1117 1185/1185 1029/1029
f 1122/1122 1186/1186 907/907
f 1122/1122 907/907 906/906
f 1127/1127 1187/1187 1052/1052
f 1114/1114 1188/1188 1032/1032
f 1035/1035 1128/1128 1166/1166
f 1129/1129 1189/1189 1108/1108
f 1108/1108 1189/1189 1130/1130
f 1130/1130 1178/1178 1109/1109
f 1089/1089 1179/1179 1090/1090
f 1182/1182 1093/1093 979/979
f 1136/1136 1190/1190 1094/1094
f 1191/1191 1174/1174 1154/1154
f 1174/1174 1192/1192 1124/1124
f 1185/1185 1122/1122 1029/1029
f 1167/1167 1193/1193 1100/1100
f 1189/1189 1194/1194 1130/1130
f 1130/1130 1194/1194 1178/1178
f 1089/1089 1147/1147 1179/1179
f 1179/1179 1195/1195 1158/1158
f 1196/1196 1197/1197 1136/1136
f 1106/1106 1198/1198 1005/1005
f 1178/1178 1191/1191 1154/1154
f 1164/1164 1199/1199 908/908
f 1198/1198 1072/1072 1005/1005
f 1157/1157 1200/1200 1147/1147
f 1133/1133 1201/1201 1134/1134
f 1093/1093 1202/1202 1148/1148
f 1197/1197 1190/1190 1136/1136
f 1095/1095 1203/1203 1137/1137
f 1173/1173 1204/1204 1141/1141
f 1141/1141 1204/1204 1205/1205
f 1194/1194 1206/1206 1178/1178
f 1178/1178 1207/1207 1191/1191
f 1124/1124 1192/1192 1208/1208
f 1124/1124 1208/1208 1155/1155
f 1155/1155 1208/1208 1209/1209
f 1118/1118 1210/1210 1073/1073
f 1211/1211 1212/1212 1127/1127
f 1127/1127 1212/1212 1187/1187
f 1073/1073 1210/1210 1107/1107
f 1142/1142 1213/1213 1129/1129
f 1129/1129 1213/1213 1189/1189
f 1111/1111 1181/1181 1201/1201
f 1111/1111 1201/1201 1133/1133
f 1072/1072 1198/1198 1162/1162
f 1206/1206 1207/1207 1178/1178
f 1191/1191 1214/1214 1174/1174
f 1209/1209 1208/1208 1163/1163
f 1215/1215 1216/1216 1217/1217
f 1176/1176 1218/1218 994/994
f 936/936 1219/1219 1116/1116
f 1116/1116 1220/1220 1117/1117
f 1161/1161 1126/1126 1113/1113
f 1083/1083 1221/1221 1057/1057
f 1057/1057 1221/1221 1106/1106
f 1165/1165 1222/1222 1142/1142
f 1142/1142 1222/1222 1213/1213
f 1200/1200 1223/1223 1147/1147
f 1147/1147 1223/1223 1179/1179
f 1121/1121 1180/1180 1224/1224
f 1121/1121 1224/1224 1169/1169
f 1107/1107 1225/1225 1139/1139
f 1140/1140 1226/1226 1149/1149
f 1149/1149 1227/1227 1115/1115
f 1170/1170 1228/1228 1171/1171
f 1185/1185 1229/1229 1122/1122
f 1151/1151 1230/1230 1165/1165
f 1123/1123 1231/1231 1128/1128
f 1194/1194 1189/1189 1206/1206
f 1216/1216 1232/1232 1217/1217
f 1217/1217 1232/1232 1233/1233
f 1179/1179 1234/1234 1195/1195
f 1158/1158 1195/1195 1180/1180
f 1169/1169 1224/1224 1159/1159
f 1182/1182 1202/1202 1093/1093
f 1207/1207 1235/1235 1191/1191
f 908/908 1236/1236 864/864
f 864/864 1236/1236 1118/1118
f 1137/1137 1237/1237 1138/1138
f 1161/1161 1238/1238 1126/1126
f 1126/1126 1239/1239 1211/1211
f 1187/1187 1188/1188 1114/1114
f 1188/1188 1231/1231 1123/1123
f 1100/1100 1240/1240 1056/1056
f 1241/1241 1242/1242 1243/1243
f 1210/1210 1244/1244 1107/1107
f 1213/1213 1245/1245 1189/1189
f 1223/1223 1234/1234 1179/1179
f 1134/1134 1201/1201 1182/1182
f 1137/1137 1203/1203 1246/1246
f 1137/1137 1246/1246 1237/1237
f 1247/1247 1248/1248 1249/1249
f 1107/1107 1244/1244 1225/1225
f 1174/1174 1214/1214 1192/1192
f 1192/1192 1250/1250 1208/1208
f 1163/1163 1251/1251 1252/1252
f 1117/1117 1253/1253 1185/1185
f 1230/1230 1254/1254 1165/1165
f 1138/1138 1237/1237 1238/1238
f 1138/1138 1238/1238 1161/1161
f 1239/1239 1212/1212 1211/1211
f 1212/1212 1255/1255 1187/1187
f 1187/1187 1256/1256 1188/1188
f 1193/1193 1240/1240 1100/1100
f 1240/1240 1257/1257 1056/1056
f 1056/1056 1258/1258 1083/1083
f 1083/1083 1258/1258 1221/1221
f 1106/1106 1259/1259 1198/1198
f 1165/1165 1254/1254 1222/1222
f 1260/1260 1261/1261 1262/1262
f 1162/1162 1263/1263 1183/1183
f 1191/1191 1235/1235 1214/1214
f 1214/1214 1250/1250 1192/1192
f 1122/1122 1229/1229 1186/1186
f 907/907 1264/1264 1164/1164
f 1199/1199 1236/1236 908/908
f 1236/1236 1265/1265 1118/1118
f 1118/1118 1265/1265 1210/1210
f 1151/1151 1266/1266 1230/1230
f 1255/1255 1256/1256 1187/1187
f 1231/1231 1267/1267 1128/1128
f 1056/1056 1257/1257 1258/1258
f 1242/1242 1268/1268 1243/1243
f 1222/1222 1269/1269 1213/1213
f 1168/1168 1270/1270 1271/1271
f 1159/1159 1224/1224 1272/1272
f 1160/1160 1273/1273 1181/1181
f 1247/1247 1274/1274 1248/1248
f 1213/1213 1269/1269 1245/1245
f 1219/1219 1220/1220 1116/1116
f 907/907 1186/1186 1264/1264
f 1239/1239 1275/1275 1212/1212
f 1256/1256 1276/1276 1231/1231
f 1188/1188 1256/1256 1231/1231
f 1277/1277 1193/1193 1166/1166
f 1262/1262 1261/1261 1278/1278
f 1279/1279 1280/1280 1202/1202
f 1182/1182 1279/1279 1202/1202
f 1281/1281 1282/1282 1283/1283
f 1148/1148 1284/1284 1285/1285
f 1238/1238 1286/1286 1126/1126
f 1166/1166 1128/1128 1277/1277
f 1204/1204 1287/1287 1205/1205
f 1269/1269 1288/1288 1245/1245
f 1245/1245 1289/1289 1189/1189
f 1189/1189 1289/1289 1206/1206
f 1250/1250 1290/1290 1208/1208
f 1208/1208 1290/1290 1163/1163
f 1163/1163 1290/1290 1251/1251
f 1185/1185 1253/1253 1229/1229
f 1126/1126 1286/1286 1239/1239
f 1212/1212 1275/1275 1255/1255
f 1276/1276 1267/1267 1231/1231
f 1180/1180 1291/1291 1224/1224
f 1160/1160 1159/1159 1273/1273
f 1201/1201 1279/1279 1182/1182
f 1285/1285 1292/1292 1203/1203
f 1203/1203 1293/1293 1246/1246
f 1226/1226 1294/1294 1149/1149
f 1149/1149 1294/1294 1227/1227
f 1245/1245 1288/1288 1289/1289
f 1289/1289 1295/1295 1206/1206
f 1206/1206 1295/1295 1207/1207
f 1296/1296 1297/1297 1298/1298
f 1220/1220 1299/1299 1117/1117
f 1164/1164 1264/1264 1199/1199
f 1223/1223 1300/1300 1234/1234
f 1195/1195 1234/1234 1301/1301
f 1207/1207 1302/1302 1235/1235
f 1235/1235 1302/1302 1303/1303
f 1117/1117 1299/1299 1253/1253
f 1266/1266 1304/1304 1230/1230
f 1230/1230 1304/1304 1254/1254
f 1200/1200 1305/1305 1223/1223
f 1181/1181 1273/1273 1306/1306
f 1181/1181 1306/1306 1201/1201
f 1307/1307 1282/1282 1281/1281
f 1292/1292 1293/1293 1203/1203
f 1238/1238 1308/1308 1286/1286
f 1309/1309 1297/1297 1296/1296
f 1250/1250 1310/1310 1290/1290
f 1193/1193 1257/1257 1240/1240
f 1300/1300 1301/1301 1234/1234
f 1195/1195 1301/1301 1180/1180
f 1180/1180 1301/1301 1291/1291
f 1201/1201 1306/1306 1279/1279
f 1263/1263 1311/1311 1183/1183
f 1295/1295 1302/1302 1207/1207
f 1303/1303 1312/1312 1235/1235
f 1297/1297 1313/1313 1298/1298
f 1251/1251 1314/1314 1252/1252
f 1229/1229 1315/1315 1186/1186
f 1199/1199 1264/1264 1316/1316
f 1265/1265 1317/1317 1210/1210
f 1276/1276 1318/1318 1267/1267
f 1258/1258 1319/1319 1221/1221
f 1210/1210 1317/1317 1244/1244
f 1270/1270 1320/1320 1271/1271
f 1261/1261 1321/1321 1278/1278
f 1272/1272 1322/1322 1159/1159
f 1159/1159 1322/1322 1273/1273
f 1237/1237 1323/1323 1238/1238
f 1162/1162 1324/1324 1263/1263
f 1313/1313 1325/1325 1298/1298
f 1250/1250 1326/1326 1310/1310
f 1310/1310 1314/1314 1251/1251
f 1290/1290 1310/1310 1251/1251
f 1266/1266 1327/1327 1304/1304
f 1238/1238 1323/1323 1308/1308
f 1267/1267 1277/1277 1128/1128
f 1328/1328 1329/1329 1330/1330
f 1300/1300 1331/1331 1301/1301
f 1228/1228 1332/1332 1171/1171
f 1171/1171 1332/1332 1333/1333
f 1269/1269 1334/1334 1288/1288
f 1288/1288 1334/1334 1289/1289
f 1335/1335 1336/1336 1337/1337
f 1286/1286 1275/1275 1239/1239
f 1255/1255 1275/1275 1338/1338
f 1255/1255 1339/1339 1256/1256
f 1256/1256 1340/1340 1276/1276
f 1258/1258 1257/1257 1319/1319
f 1221/1221 1319/1319 1341/1341
f 1341/1341 1319/1319 1342/1342
f 1341/1341 1343/1343 1259/1259
f 1337/1337 1336/1336 1344/1344
f 1328/1328 1345/1345 1329/1329
f 1289/1289 1334/1334 1295/1295
f 1303/1303 1346/1346 1312/1312
f 1310/1310 1347/1347 1314/1314
f 1348/1348 1349/1349 1350/1350
f 1246/1246 1351/1351 1237/1237
f 1351/1351 1323/1323 1237/1237
f 1344/1344 1336/1336 1352/1352
f 1222/1222 1353/1353 1269/1269
f 1320/1320 1354/1354 1271/1271
f 1355/1355 1345/1345 1328/1328
f 1291/1291 1272/1272 1224/1224
f 1343/1343 1356/1356 1324/1324
f 1259/1259 1343/1343 1324/1324
f 1324/1324 1357/1357 1263/1263
f 1269/1269 1353/1353 1334/1334
f 1346/1346 1358/1358 1312/1312
f 1326/1326 1359/1359 1310/1310
f 1360/1360 1315/1315 1229/1229
f 1293/1293 1351/1351 1246/1246
f 1308/1308 1323/1323 1286/1286
f 1255/1255 1338/1338 1339/1339
f 1256/1256 1339/1339 1340/1340
f 1193/1193 1361/1361 1257/1257
f 1257/1257 1362/1362 1319/1319
f 1319/1319 1363/1363 1342/1342
f 1342/1342 1364/1364 1341/1341
f 1331/1331 1365/1365 1301/1301
f 1284/1284 1366/1366 1285/1285
f 1285/1285 1367/1367 1292/1292
f 1294/1294 1368/1368 1227/1227
f 1228/1228 1369/1369 1332/1332
f 1334/1334 1370/1370 1295/1295
f 1302/1302 1346/1346 1303/1303
f 1312/1312 1358/1358 1371/1371
f 1359/1359 1347/1347 1310/1310
f 1199/1199 1316/1316 1236/1236
f 1286/1286 1372/1372 1275/1275
f 1276/1276 1340/1340 1318/1318
f 1317/1317 1373/1373 1244/1244
f 1271/1271 1374/1374 1305/1305
f 1305/1305 1374/1374 1375/1375
f 1279/1279 1376/1376 1280/1280
f 1366/1366 1367/1367 1285/1285
f 1244/1244 1373/1373 1225/1225
f 1353/1353 1370/1370 1334/1334
f 1377/1377 1378/1378 1379/1379
f 1371/1371 1358/1358 1380/1380
f 1380/1380 1381/1381 1371/1371
f 1371/1371 1381/1381 1326/1326
f 1347/1347 1382/1382 1314/1314
f 1299/1299 1383/1383 1253/1253
f 1341/1341 1364/1364 1343/1343
f 1301/1301 1365/1365 1291/1291
f 1351/1351 1384/1384 1323/1323
f 1385/1385 1386/1386 1387/1387
f 1332/1332 1388/1388 1333/1333
f 1204/1204 1389/1389 1287/1287
f 1390/1390 1391/1391 1302/1302
f 1392/1392 1393/1393 1394/1394
f 1253/1253 1360/1360 1229/1229
f 1327/1327 1395/1395 1304/1304
f 1395/1395 1396/1396 1397/1397
f 1304/1304 1395/1395 1397/1397
f 1275/1275 1398/1398 1338/1338
f 1277/1277 1399/1399 1193/1193
f 1354/1354 1400/1400 1374/1374
f 1271/1271 1354/1354 1374/1374
f 1375/1375 1401/1401 1331/1331
f 1331/1331 1401/1401 1365/1365
f 1322/1322 1402/1402 1273/1273
f 1384/1384 1403/1403 1323/1323
f 1323/1323 1403/1403 1286/1286
f 1373/1373 1404/1404 1225/1225
f 1226/1226 1405/1405 1294/1294
f 1406/1406 1393/1393 1392/1392
f 1359/1359 1407/1407 1347/1347
f 1407/1407 1382/1382 1347/1347
f 1315/1315 1408/1408 1186/1186
f 1408/1408 1264/1264 1186/1186
f 1327/1327 1409/1409 1395/1395
f 1267/1267 1399/1399 1277/1277
f 1396/1396 1410/1410 1397/1397
f 1397/1397 1410/1410 1353/1353
f 1320/1320 1411/1411 1354/1354
f 1280/1280 1376/1376 1366/1366
f 1280/1280 1366/1366 1284/1284
f 1263/1263 1412/1412 1311/1311
f 1405/1405 1413/1413 1294/1294
f 1294/1294 1413/1413 1368/1368
f 1378/1378 1414/1414 1379/1379
f 1220/1220 1415/1415 1299/1299
f 1253/1253 1383/1383 1416/1416
f 1253/1253 1416/1416 1360/1360
f 1267/1267 1318/1318 1399/1399
f 1257/1257 1417/1417 1362/1362
f 1365/1365 1418/1418 1291/1291
f 1273/1273 1402/1402 1306/1306
f 1292/1292 1419/1419 1293/1293
f 1338/1338 1398/1398 1339/1339
f 1346/1346 1420/1420 1358/1358
f 1176/1176 1421/1421 1218/1218
f 1372/1372 1422/1422 1275/1275
f 1339/1339 1423/1423 1340/1340
f 1340/1340 1424/1424 1318/1318
f 1362/1362 1363/1363 1319/1319
f 1343/1343 1425/1425 1356/1356
f 1410/1410 1426/1426 1353/1353
f 1402/1402 1427/1427 1306/1306
f 1306/1306 1427/1427 1279/1279
f 1427/1427 1376/1376 1279/1279
f 1376/1376 1428/1428 1366/1366
f 1367/1367 1429/1429 1292/1292
f 1292/1292 1429/1429 1419/1419
f 1257/1257 1361/1361 1417/1417
f 1413/1413 1430/1430 1368/1368
f 1431/1431 1432/1432 1332/1332
f 1369/1369 1431/1431 1332/1332
f 1332/1332 1432/1432 1388/1388
f 1353/1353 1426/1426 1370/1370
f 1370/1370 1433/1433 1390/1390
f 1390/1390 1434/1434 1391/1391
f 1382/1382 1435/1435 1314/1314
f 1348/1348 1436/1436 1349/1349
f 1275/1275 1422/1422 1398/1398
f 1342/1342 1437/1437 1364/1364
f 1411/1411 1438/1438 1354/1354
f 1375/1375 1439/1439 1401/1401
f 1343/1343 1364/1364 1425/1425
f 1389/1389 1440/1440 1287/1287
f 1426/1426 1441/1441 1370/1370
f 1370/1370 1441/1441 1433/1433
f 1433/1433 1434/1434 1390/1390
f 1326/1326 1381/1381 1359/1359
f 1359/1359 1442/1442 1407/1407
f 1398/1398 1423/1423 1339/1339
f 1340/1340 1423/1423 1424/1424
f 1193/1193 1399/1399 1361/1361
f 1363/1363 1437/1437 1342/1342
f 1374/1374 1400/1400 1375/1375
f 1427/1427 1443/1443 1376/1376
f 1419/1419 1444/1444 1293/1293
f 1351/1351 1444/1444 1384/1384
f 1357/1357 1445/1445 1263/1263
f 1434/1434 1446/1446 1391/1391
f 1391/1391 1446/1446 1420/1420
f 1358/1358 1447/1447 1380/1380
f 1415/1415 1448/1448 1299/1299
f 1360/1360 1408/1408 1315/1315
f 1264/1264 1449/1449 1316/1316
f 1236/1236 1450/1450 1265/1265
f 1265/1265 1450/1450 1317/1317
f 1403/1403 1451/1451 1286/1286
f 1372/1372 1452/1452 1422/1422
f 1318/1318 1453/1453 1399/1399
f 1364/1364 1454/1454 1425/1425
f 1291/1291 1455/1455 1272/1272
f 1272/1272 1455/1455 1322/1322
f 1444/1444 1456/1456 1384/1384
f 1447/1447 1381/1381 1380/1380
f 1407/1407 1442/1442 1382/1382
f 1316/1316 1457/1457 1236/1236
f 1236/1236 1457/1457 1450/1450
f 1286/1286 1451/1451 1372/1372
f 1424/1424 1458/1458 1318/1318
f 1318/1318 1458/1458 1453/1453
f 1437/1437 1454/1454 1364/1364
f 1435/1435 1438/1438 1411/1411
f 1372/1372 1451/1451 1452/1452
f 1410/1410 1459/1459 1426/1426
f 1400/1400 1460/1460 1375/1375
f 1401/1401 1439/1439 1365/1365
f 1365/1365 1439/1439 1418/1418
f 1426/1426 1459/1459 1441/1441
f 1420/1420 1461/1461 1358/1358
f 1382/1382 1442/1442 1435/1435
f 1423/1423 1462/1462 1424/1424
f 1362/1362 1463/1463 1363/1363
f 1463/1463 1437/1437 1363/1363
f 1264/1264 1408/1408 1449/1449
f 1450/1450 1464/1464 1317/1317
f 1395/1395 1465/1465 1396/1396
f 1384/1384 1466/1466 1451/1451
f 1398/1398 1467/1467 1423/1423
f 1423/1423 1468/1468 1462/1462
f 1317/1317 1464/1464 1373/1373
f 1396/1396 1465/1465 1459/1459
f 1396/1396 1459/1459 1410/1410
f 1438/1438 1469/1469 1354/1354
f 1375/1375 1460/1460 1439/1439
f 1402/1402 1470/1470 1427/1427
f 1443/1443 1471/1471 1428/1428
f 1443/1443 1428/1428 1376/1376
f 1366/1366 1472/1472 1367/1367
f 1441/1441 1434/1434 1433/1433
f 1473/1473 1474/1474 1475/1475
f 1381/1381 1476/1476 1359/1359
f 1219/1219 1415/1415 1220/1220
f 1477/1477 1478/1478 1479/1479
f 1480/1480 1477/1477 1479/1479
f 1395/1395 1481/1481 1465/1465
f 1456/1456 1466/1466 1384/1384
f 1425/1425 1482/1482 1356/1356
f 1322/1322 1483/1483 1402/1402
f 1470/1470 1443/1443 1427/1427
f 1367/1367 1472/1472 1429/1429
f 1476/1476 1442/1442 1359/1359
f 1299/1299 1448/1448 1383/1383
f 1429/1429 1484/1484 1419/1419
f 1452/1452 1485/1485 1422/1422
f 1422/1422 1467/1467 1398/1398
f 1455/1455 1483/1483 1322/1322
f 1483/1483 1470/1470 1402/1402
f 1386/1386 1486/1486 1387/1387
f 1441/1441 1487/1487 1434/1434
f 1358/1358 1461/1461 1447/1447
f 1447/1447 1488/1488 1381/1381
f 1416/1416 1489/1489 1360/1360
f 1449/1449 1490/1490 1316/1316
f 1451/1451 1491/1491 1452/1452
f 1417/1417 1492/1492 1362/1362
f 1464/1464 1493/1493 1373/1373
f 1354/1354 1469/1469 1400/1400
f 1400/1400 1469/1469 1460/1460
f 1373/1373 1493/1493 1404/1404
f 1413/1413 1494/1494 1430/1430
f 1430/1430 1494/1494 1495/1495
f 1422/1422 1485/1485 1467/1467
f 1424/1424 1462/1462 1458/1458
f 1399/1399 1496/1496 1361/1361
f 1361/1361 1496/1496 1417/1417
f 1445/1445 1497/1497 1263/1263
f 1263/1263 1497/1497 1412/1412
f 1493/1493 1498/1498 1404/1404
f 1499/1499 1500/1500 1413/1413
f 1405/1405 1499/1499 1413/1413
f 1413/1413 1500/1500 1494/1494
f 1459/1459 1501/1501 1441/1441
f 1434/1434 1487/1487 1446/1446
f 1461/1461 1502/1502 1447/1447
f 1476/1476 1503/1503 1442/1442
f 1316/1316 1490/1490 1457/1457
f 1419/1419 1484/1484 1444/1444
f 1444/1444 1504/1504 1456/1456
f 1456/1456 1504/1504 1466/1466
f 1468/1468 1505/1505 1462/1462
f 1453/1453 1506/1506 1399/1399
f 1492/1492 1463/1463 1362/1362
f 1454/1454 1482/1482 1425/1425
f 1465/1465 1507/1507 1459/1459
f 1459/1459 1507/1507 1501/1501
f 1460/1460 1508/1508 1439/1439
f 1418/1418 1509/1509 1291/1291
f 1510/1510 1511/1511 1512/1512
f 1513/1513 1514/1514 1389/1389
f 1495/1495 1513/1513 1389/1389
f 1389/1389 1514/1514 1440/1440
f 1438/1438 1515/1515 1516/1516
f 1448/1448 1517/1517 1383/1383
f 1383/1383 1517/1517 1416/1416
f 1481/1481 1518/1518 1465/1465
f 1466/1466 1504/1504 1491/1491
f 1467/1467 1468/1468 1423/1423
f 1458/1458 1506/1506 1453/1453
f 1417/1417 1496/1496 1492/1492
f 1463/1463 1519/1519 1437/1437
f 1465/1465 1518/1518 1507/1507
f 1439/1439 1520/1520 1418/1418
f 1509/1509 1455/1455 1291/1291
f 1455/1455 1521/1521 1483/1483
f 1514/1514 1522/1522 1440/1440
f 1487/1487 1523/1523 1446/1446
f 1381/1381 1488/1488 1476/1476
f 1503/1503 1524/1524 1442/1442
f 1435/1435 1515/1515 1438/1438
f 1415/1415 1525/1525 1448/1448
f 1506/1506 1496/1496 1399/1399
f 1469/1469 1526/1526 1460/1460
f 1508/1508 1520/1520 1439/1439
f 1443/1443 1527/1527 1471/1471
f 1366/1366 1428/1428 1472/1472
f 1501/1501 1528/1528 1441/1441
f 1441/1441 1528/1528 1487/1487
f 1442/1442 1524/1524 1435/1435
f 1421/1421 1529/1529 1218/1218
f 1219/1219 1530/1530 1415/1415
f 1484/1484 1504/1504 1444/1444
f 1504/1504 1531/1531 1491/1491
f 1460/1460 1532/1532 1508/1508
f 1455/1455 1533/1533 1521/1521
f 1474/1474 1534/1534 1475/1475
f 1360/1360 1489/1489 1408/1408
f 1484/1484 1535/1535 1504/1504
f 1536/1536 1537/1537 1538/1538
f 1452/1452 1539/1539 1485/1485
f 1462/1462 1505/1505 1540/1540
f 1462/1462 1540/1540 1458/1458
f 1463/1463 1492/1492 1541/1541
f 1541/1541 1519/1519 1463/1463
f 1437/1437 1519/1519 1542/1542
f 1437/1437 1542/1542 1454/1454
f 1526/1526 1532/1532 1460/1460
f 1418/1418 1520/1520 1509/1509
f 1443/1443 1470/1470 1527/1527
f 1472/1472 1543/1543 1429/1429
f 1461/1461 1544/1544 1502/1502
f 1502/1502 1488/1488 1447/1447
f 1503/1503 1476/1476 1524/1524
f 1524/1524 1545/1545 1435/1435
f 1435/1435 1545/1545 1515/1515
f 1448/1448 1525/1525 1517/1517
f 1452/1452 1546/1546 1539/1539
f 1458/1458 1540/1540 1547/1547
f 1542/1542 1548/1548 1454/1454
f 1549/1549 1550/1550 1551/1551
f 1551/1551 1550/1550 1552/1552
f 1550/1550 1553/1553 1552/1552
f 1553/1553 1554/1554 1552/1552
f 1429/1429 1543/1543 1484/1484
f 1486/1486 1555/1555 1387/1387
f 1357/1357 1556/1556 1445/1445
f 1493/1493 1557/1557 1498/1498
f 1499/1499 1558/1558 1500/1500
f 1523/1523 1559/1559 1446/1446
f 1446/1446 1559/1559 1544/1544
f 1421/1421 1560/1560 1529/1529
f 1561/1561 1562/1562 1563/1563
f 1561/1561 1563/1563 1481/1481
f 1481/1481 1563/1563 1518/1518
f 1536/1536 1564/1564 1537/1537
f 1539/1539 1467/1467 1485/1485
f 1505/1505 1565/1565 1540/1540
f 1532/1532 1566/1566 1508/1508
f 1552/1552 1554/1554 1567/1567
f 1471/1471 1568/1568 1428/1428
f 1558/1558 1569/1569 1500/1500
f 1569/1569 1570/1570 1494/1494
f 1500/1500 1569/1569 1494/1494
f 1510/1510 1571/1571 1511/1511
f 1528/1528 1572/1572 1487/1487
f 1544/1544 1559/1559 1502/1502
f 1488/1488 1502/1502 1573/1573
f 1416/1416 1574/1574 1489/1489
f 1408/1408 1575/1575 1449/1449
f 1467/1467 1576/1576 1468/1468
f 1507/1507 1577/1577 1501/1501
f 1508/1508 1566/1566 1520/1520
f 1520/1520 1566/1566 1578/1578
f 1579/1579 1564/1564 1536/1536
f 1501/1501 1577/1577 1528/1528
f 1487/1487 1572/1572 1523/1523
f 1488/1488 1573/1573 1476/1476
f 1516/1516 1580/1580 1469/1469
f 1449/1449 1575/1575 1490/1490
f 1490/1490 1450/1450 1457/1457
f 1450/1450 1581/1581 1464/1464
f 1563/1563 1582/1582 1518/1518
f 1468/1468 1583/1583 1505/1505
f 1547/1547 1584/1584 1458/1458
f 1464/1464 1581/1581 1493/1493
f 1518/1518 1582/1582 1585/1585
f 1518/1518 1585/1585 1507/1507
f 1507/1507 1585/1585 1577/1577
f 1526/1526 1586/1586 1532/1532
f 1520/1520 1578/1578 1509/1509
f 1455/1455 1587/1587 1533/1533
f 1428/1428 1568/1568 1472/1472
f 1543/1543 1588/1588 1484/1484
f 1486/1486 1589/1589 1555/1555
f 1513/1513 1590/1590 1514/1514
f 1590/1590 1591/1591 1522/1522
f 1514/1514 1590/1590 1522/1522
f 1476/1476 1592/1592 1524/1524
f 1469/1469 1580/1580 1526/1526
f 1416/1416 1517/1517 1574/1574
f 1539/1539 1593/1593 1467/1467
f 1467/1467 1593/1593 1576/1576
f 1576/1576 1583/1583 1468/1468
f 1583/1583 1594/1594 1505/1505
f 1594/1594 1565/1565 1505/1505
f 1496/1496 1595/1595 1492/1492
f 1527/1527 1568/1568 1471/1471
f 1535/1535 1596/1596 1504/1504
f 1458/1458 1584/1584 1506/1506
f 1445/1445 1597/1597 1497/1497
f 1490/1490 1598/1598 1450/1450
f 1599/1599 1600/1600 1601/1601
f 1566/1566 1532/1532 1602/1602
f 1603/1603 1604/1604 1605/1605
f 1549/1549 1606/1606 1550/1550
f 1607/1607 1608/1608 1609/1609
f 1570/1570 1610/1610 1513/1513
f 1513/1513 1610/1610 1590/1590
f 1611/1611 1612/1612 1613/1613
f 1559/1559 1614/1614 1502/1502
f 1502/1502 1614/1614 1573/1573
f 1573/1573 1615/1615 1476/1476
f 1615/1615 1616/1616 1476/1476
f 1476/1476 1616/1616 1592/1592
f 1617/1617 1517/1517 1525/1525
f 1504/1504 1596/1596 1618/1618
f 1504/1504 1618/1618 1531/1531
f 1548/1548 1619/1619 1454/1454
f 1620/1620 1621/1621 1603/1603
f 1621/1621 1604/1604 1603/1603
f 1606/1606 1622/1622 1550/1550
f 1623/1623 1624/1624 1607/1607
f 1624/1624 1608/1608 1607/1607
f 1454/1454 1619/1619 1482/1482
f 1625/1625 1626/1626 1611/1611
f 1611/1611 1626/1626 1612/1612
f 1559/1559 1523/1523 1627/1627
f 1573/1573 1628/1628 1615/1615
f 1524/1524 1592/1592 1545/1545
f 1516/1516 1515/1515 1580/1580
f 1530/1530 1617/1617 1415/1415
f 1415/1415 1617/1617 1525/1525
f 1450/1450 1598/1598 1581/1581
f 1543/1543 1629/1629 1588/1588
f 1576/1576 1630/1630 1583/1583
f 1492/1492 1631/1631 1541/1541
f 1526/1526 1632/1632 1586/1586
f 1586/1586 1602/1602 1532/1532
f 1568/1568 1633/1633 1472/1472
f 1408/1408 1489/1489 1575/1575
f 1562/1562 1634/1634 1635/1635
f 1562/1562 1635/1635 1563/1563
f 1563/1563 1635/1635 1582/1582
f 1539/1539 1636/1636 1593/1593
f 1584/1584 1637/1637 1506/1506
f 1632/1632 1638/1638 1586/1586
f 1572/1572 1639/1639 1523/1523
f 1627/1627 1614/1614 1559/1559
f 1573/1573 1614/1614 1628/1628
f 1489/1489 1640/1640 1575/1575
f 1588/1588 1629/1629 1535/1535
f 1535/1535 1629/1629 1596/1596
f 1564/1564 1641/1641 1537/1537
f 1593/1593 1630/1630 1576/1576
f 1583/1583 1630/1630 1594/1594
f 1541/1541 1642/1642 1519/1519
f 1519/1519 1643/1643 1542/1542
f 1566/1566 1602/1602 1644/1644
f 1566/1566 1644/1644 1645/1645
f 1566/1566 1645/1645 1578/1578
f 1623/1623 1646/1646 1624/1624
f 1619/1619 1647/1647 1482/1482
f 1493/1493 1648/1648 1557/1557
f 1558/1558 1649/1649 1569/1569
f 1650/1650 1651/1651 1652/1652
f 1570/1570 1653/1653 1610/1610
f 1610/1610 1654/1654 1590/1590
f 1590/1590 1654/1654 1591/1591
f 1545/1545 1655/1655 1515/1515
f 1593/1593 1636/1636 1656/1656
f 1595/1595 1631/1631 1492/1492
f 1657/1657 1658/1658 1659/1659
f 1587/1587 1660/1660 1533/1533
f 1660/1660 1661/1661 1533/1533
f 1533/1533 1661/1661 1646/1646
f 1609/1609 1662/1662 1527/1527
f 1472/1472 1633/1633 1543/1543
f 1577/1577 1663/1663 1664/1664
f 1664/1664 1665/1665 1639/1639
f 1592/1592 1616/1616 1655/1655
f 1592/1592 1655/1655 1545/1545
f 1490/1490 1666/1666 1598/1598
f 1635/1635 1667/1667 1582/1582
f 1546/1546 1636/1636 1539/1539
f 1547/1547 1668/1668 1584/1584
f 1582/1582 1667/1667 1585/1585
f 1638/1638 1669/1669 1586/1586
f 1669/1669 1602/1602 1586/1586
f 1608/1608 1662/1662 1609/1609
f 1527/1527 1670/1670 1568/1568
f 1671/1671 1672/1672 1673/1673
f 1673/1673 1672/1672 1674/1674
f 1596/1596 1675/1675 1618/1618
f 1664/1664 1663/1663 1665/1665
f 1665/1665 1676/1676 1639/1639
f 1639/1639 1677/1677 1523/1523
f 1523/1523 1677/1677 1627/1627
f 1627/1627 1677/1677 1678/1678
f 1678/1678 1614/1614 1627/1627
f 1614/1614 1679/1679 1628/1628
f 1631/1631 1642/1642 1541/1541
f 1581/1581 1680/1680 1493/1493
f 1646/1646 1681/1681 1624/1624
f 1624/1624 1681/1681 1608/1608
f 1682/1682 1636/1636 1546/1546
f 1593/1593 1683/1683 1630/1630
f 1493/1493 1680/1680 1648/1648
f 1615/1615 1684/1684 1616/1616
f 1685/1685 1580/1580 1515/1515
f 1686/1686 1574/1574 1517/1517
f 1656/1656 1683/1683 1593/1593
f 1540/1540 1687/1687 1547/1547
f 1658/1658 1688/1688 1659/1659
f 1669/1669 1689/1689 1602/1602
f 1689/1689 1644/1644 1602/1602
f 1661/1661 1681/1681 1646/1646
f 1608/1608 1690/1690 1662/1662
f 1568/1568 1670/1670 1633/1633
f 1596/1596 1691/1691 1675/1675
f 1675/1675 1682/1682 1618/1618
f 1692/1692 1693/1693 1650/1650
f 1650/1650 1693/1693 1651/1651
f 1654/1654 1694/1694 1591/1591
f 1639/1639 1676/1676 1677/1677
f 1655/1655 1685/1685 1515/1515
f 1617/1617 1686/1686 1517/1517
f 1575/1575 1666/1666 1490/1490
f 1681/1681 1690/1690 1608/1608
f 1629/1629 1691/1691 1596/1596
f 1687/1687 1668/1668 1547/1547
f 1642/1642 1643/1643 1519/1519
f 1548/1548 1695/1695 1619/1619
f 1616/1616 1684/1684 1655/1655
f 1637/1637 1696/1696 1697/1697
f 1688/1688 1698/1698 1659/1659
f 1638/1638 1699/1699 1700/1700
f 1701/1701 1702/1702 1644/1644
f 1644/1644 1702/1702 1645/1645
f 1681/1681 1703/1703 1690/1690
f 1662/1662 1670/1670 1527/1527
f 1565/1565 1594/1594 1540/1540
f 1668/1668 1696/1696 1584/1584
f 1637/1637 1697/1697 1595/1595
f 1542/1542 1643/1643 1548/1548
f 1628/1628 1704/1704 1615/1615
f 1574/1574 1705/1705 1489/1489
f 1598/1598 1666/1666 1706/1706
f 1598/1598 1707/1707 1581/1581
f 1594/1594 1687/1687 1540/1540
f 1548/1548 1643/1643 1695/1695
f 1667/1667 1708/1708 1585/1585
f 1708/1708 1709/1709 1577/1577
f 1585/1585 1708/1708 1577/1577
f 1638/1638 1700/1700 1669/1669
f 1644/1644 1689/1689 1710/1710
f 1661/1661 1711/1711 1681/1681
f 1671/1671 1712/1712 1672/1672
f 1713/1713 1714/1714 1629/1629
f 1714/1714 1715/1715 1629/1629
f 1629/1629 1715/1715 1691/1691
f 1577/1577 1709/1709 1663/1663
f 1676/1676 1716/1716 1677/1677
f 1704/1704 1717/1717 1615/1615
f 1615/1615 1717/1717 1684/1684
f 1705/1705 1640/1640 1489/1489
f 1598/1598 1706/1706 1707/1707
f 1707/1707 1718/1718 1581/1581
f 1634/1634 1719/1719 1635/1635
f 1635/1635 1719/1719 1667/1667
f 1581/1581 1718/1718 1680/1680
f 1710/1710 1701/1701 1644/1644
f 1647/1647 1720/1720 1556/1556
f 1556/1556 1720/1720 1445/1445
f 1680/1680 1721/1721 1648/1648
f 1722/1722 1723/1723 1724/1724
f 1649/1649 1722/1722 1724/1724
f 1724/1724 1723/1723 1653/1653
f 1678/1678 1725/1725 1614/1614
f 1614/1614 1725/1725 1679/1679
f 1679/1679 1704/1704 1628/1628
f 1560/1560 1726/1726 1529/1529
f 1727/1727 1604/1604 1621/1621
f 1445/1445 1720/1720 1597/1597
f 1677/1677 1716/1716 1678/1678
f 1685/1685 1728/1728 1580/1580
f 1726/1726 1729/1729 1529/1529
f 1530/1530 1730/1730 1617/1617
f 1634/1634 1731/1731 1719/1719
f 1732/1732 1687/1687 1594/1594
f 1668/1668 1687/1687 1733/1733
f 1700/1700 1734/1734 1669/1669
f 1669/1669 1734/1734 1689/1689
f 1690/1690 1735/1735 1662/1662
f 1691/1691 1715/1715 1736/1736
f 1709/1709 1665/1665 1663/1663
f 1679/1679 1725/1725 1704/1704
f 1684/1684 1717/1717 1655/1655
f 1685/1685 1737/1737 1728/1728
f 1730/1730 1738/1738 1617/1617
f 1666/1666 1739/1739 1706/1706
f 1740/1740 1741/1741 1742/1742
f 1736/1736 1743/1743 1691/1691
f 1675/1675 1743/1743 1682/1682
f 1695/1695 1744/1744 1619/1619
f 1718/1718 1745/1745 1680/1680
f 1742/1742 1741/1741 1746/1746
f 1660/1660 1747/1747 1661/1661
f 1681/1681 1711/1711 1703/1703
f 1670/1670 1748/1748 1633/1633
f 1647/1647 1619/1619 1720/1720
f 1680/1680 1745/1745 1721/1721
f 1717/1717 1749/1749 1655/1655
f 1655/1655 1750/1750 1685/1685
f 1751/1751 1752/1752 1753/1753
f 1754/1754 1755/1755 1756/1756
f 1703/1703 1735/1735 1690/1690
f 1653/1653 1757/1757 1610/1610
f 1757/1757 1758/1758 1654/1654
f 1610/1610 1757/1757 1654/1654
f 1654/1654 1758/1758 1694/1694
f 1676/1676 1759/1759 1716/1716
f 1685/1685 1750/1750 1737/1737
f 1738/1738 1760/1760 1617/1617
f 1731/1731 1761/1761 1719/1719
f 1631/1631 1762/1762 1642/1642
f 1763/1763 1764/1764 1708/1708
f 1708/1708 1764/1764 1765/1765
f 1708/1708 1765/1765 1709/1709
f 1711/1711 1661/1661 1747/1747
f 1748/1748 1766/1766 1633/1633
f 1671/1671 1767/1767 1712/1712
f 1713/1713 1768/1768 1714/1714
f 1723/1723 1769/1769 1653/1653
f 1653/1653 1769/1769 1757/1757
f 1765/1765 1770/1770 1709/1709
f 1665/1665 1709/1709 1759/1759
f 1665/1665 1759/1759 1676/1676
f 1771/1771 1772/1772 1773/1773
f 1717/1717 1774/1774 1749/1749
f 1655/1655 1749/1749 1750/1750
f 1630/1630 1775/1775 1732/1732
f 1776/1776 1777/1777 1778/1778
f 1642/1642 1762/1762 1643/1643
f 1643/1643 1779/1779 1695/1695
f 1695/1695 1779/1779 1744/1744
f 1700/1700 1699/1699 1734/1734
f 1689/1689 1734/1734 1710/1710
f 1702/1702 1780/1780 1587/1587
f 1715/1715 1781/1781 1736/1736
f 1770/1770 1782/1782 1709/1709
f 1773/1773 1772/1772 1783/1783
f 1704/1704 1784/1784 1717/1717
f 1726/1726 1785/1785 1729/1729
f 1617/1617 1760/1760 1686/1686
f 1640/1640 1786/1786 1575/1575
f 1707/1707 1787/1787 1718/1718
f 1714/1714 1781/1781 1715/1715
f 1756/1756 1788/1788 1789/1789
f 1788/1788 1790/1790 1789/1789
f 1683/1683 1775/1775 1630/1630
f 1733/1733 1696/1696 1668/1668
f 1778/1778 1777/1777 1791/1791
f 1718/1718 1787/1787 1745/1745
f 1728/1728 1792/1792 1699/1699
f 1793/1793 1794/1794 1795/1795
f 1796/1796 1797/1797 1798/1798
f 1587/1587 1780/1780 1660/1660
f 1755/1755 1788/1788 1756/1756
f 1758/1758 1799/1799 1694/1694
f 1709/1709 1782/1782 1759/1759
f 1771/1771 1800/1800 1772/1772
f 1704/1704 1801/1801 1784/1784
f 1686/1686 1760/1760 1574/1574
f 1574/1574 1760/1760 1705/1705
f 1575/1575 1786/1786 1666/1666
f 1706/1706 1739/1739 1707/1707
f 1802/1802 1803/1803 1683/1683
f 1697/1697 1804/1804 1595/1595
f 1777/1777 1805/1805 1791/1791
f 1764/1764 1806/1806 1765/1765
f 1728/1728 1807/1807 1792/1792
f 1734/1734 1808/1808 1710/1710
f 1710/1710 1808/1808 1701/1701
f 1796/1796 1809/1809 1797/1797
f 1660/1660 1780/1780 1747/1747
f 1747/1747 1810/1810 1711/1711
f 1711/1711 1810/1810 1703/1703
f 1768/1768 1781/1781 1714/1714
f 1755/1755 1811/1811 1788/1788
f 1732/1732 1812/1812 1687/1687
f 1722/1722 1813/1813 1723/1723
f 1723/1723 1813/1813 1769/1769
f 1765/1765 1806/1806 1770/1770
f 1759/1759 1814/1814 1716/1716
f 1815/1815 1816/1816 1725/1725
f 1725/1725 1801/1801 1704/1704
f 1717/1717 1784/1784 1774/1774
f 1728/1728 1737/1737 1807/1807
f 1785/1785 1817/1817 1729/1729
f 1818/1818 1819/1819 1820/1820
f 1820/1820 1819/1819 1821/1821
f 1819/1819 1822/1822 1821/1821
f 1821/1821 1822/1822 1823/1823
f 1823/1823 1822/1822 1824/1824
f 1730/1730 1825/1825 1826/1826
f 1730/1730 1826/1826 1738/1738
f 1738/1738 1826/1826 1760/1760
f 1760/1760 1827/1827 1705/1705
f 1739/1739 1828/1828 1707/1707
f 1707/1707 1828/1828 1787/1787
f 1761/1761 1829/1829 1719/1719
f 1719/1719 1829/1829 1830/1830
f 1719/1719 1830/1830 1763/1763
f 1775/1775 1812/1812 1732/1732
f 1696/1696 1804/1804 1697/1697
f 1791/1791 1805/1805 1831/1831
f 1763/1763 1830/1830 1764/1764
f 1735/1735 1832/1832 1662/1662
f 1832/1832 1833/1833 1662/1662
f 1662/1662 1833/1833 1670/1670
f 1670/1670 1833/1833 1748/1748
f 1619/1619 1744/1744 1720/1720
f 1720/1720 1834/1834 1597/1597
f 1597/1597 1834/1834 1835/1835
f 1836/1836 1837/1837 1838/1838
f 1839/1839 1840/1840 1818/1818
f 1705/1705 1827/1827 1640/1640
f 1640/1640 1827/1827 1786/1786
f 1687/1687 1841/1841 1733/1733
f 1841/1841 1842/1842 1733/1733
f 1733/1733 1842/1842 1696/1696
f 1804/1804 1843/1843 1844/1844
f 1831/1831 1805/1805 1845/1845
f 1787/1787 1846/1846 1745/1745
f 1830/1830 1847/1847 1764/1764
f 1764/1764 1847/1847 1806/1806
f 1780/1780 1848/1848 1747/1747
f 1747/1747 1848/1848 1810/1810
f 1735/1735 1703/1703 1832/1832
f 1736/1736 1781/1781 1849/1849
f 1736/1736 1849/1849 1743/1743
f 1850/1850 1851/1851 1802/1802
f 1802/1802 1851/1851 1803/1803
f 1687/1687 1812/1812 1841/1841
f 1745/1745 1846/1846 1721/1721
f 1782/1782 1852/1852 1759/1759
f 1852/1852 1853/1853 1759/1759
f 1759/1759 1853/1853 1814/1814
f 1854/1854 1772/1772 1800/1800
f 1838/1838 1855/1855 1856/1856
f 1801/1801 1857/1857 1784/1784
f 1750/1750 1858/1858 1737/1737
f 1825/1825 1859/1859 1826/1826
f 1826/1826 1860/1860 1760/1760
f 1861/1861 1862/1862 1760/1760
f 1760/1760 1862/1862 1827/1827
f 1863/1863 1739/1739 1666/1666
f 1786/1786 1863/1863 1666/1666
f 1864/1864 1865/1865 1866/1866
f 1804/1804 1842/1842 1867/1867
f 1847/1847 1868/1868 1806/1806
f 1815/1815 1853/1853 1869/1869
f 1815/1815 1869/1869 1816/1816
f 1816/1816 1869/1869 1870/1870
f 1807/1807 1871/1871 1792/1792
f 1872/1872 1873/1873 1792/1792
f 1794/1794 1874/1874 1795/1795
f 1734/1734 1875/1875 1808/1808
f 1875/1875 1876/1876 1808/1808
f 1809/1809 1877/1877 1797/1797
f 1877/1877 1878/1878 1797/1797
f 1879/1879 1848/1848 1780/1780
f 1880/1880 1881/1881 1882/1882
f 1748/1748 1833/1833 1766/1766
f 1781/1781 1883/1883 1849/1849
f 1683/1683 1803/1803 1775/1775
f 1867/1867 1843/1843 1804/1804
f 1805/1805 1884/1884 1845/1845
f 1846/1846 1885/1885 1721/1721
f 1886/1886 1887/1887 1888/1888
f 1886/1886 1888/1888 1889/1889
f 1769/1769 1890/1890 1757/1757
f 1757/1757 1891/1891 1758/1758
f 1758/1758 1891/1891 1892/1892
f 1758/1758 1892/1892 1799/1799
f 1893/1893 1894/1894 1895/1895
f 1799/1799 1892/1892 1896/1896
f 1806/1806 1868/1868 1770/1770
f 1770/1770 1868/1868 1782/1782
f 1784/1784 1857/1857 1774/1774
f 1749/1749 1897/1897 1750/1750
f 1750/1750 1898/1898 1858/1858
f 1737/1737 1858/1858 1807/1807
f 1813/1813 1899/1899 1769/1769
f 1813/1813 1900/1900 1899/1899
f 1859/1859 1901/1901 1902/1902
f 1859/1859 1902/1902 1826/1826
f 1826/1826 1902/1902 1860/1860
f 1760/1760 1860/1860 1861/1861
f 1903/1903 1904/1904 1829/1829
f 1829/1829 1904/1904 1830/1830
f 1830/1830 1904/1904 1847/1847
f 1905/1905 1906/1906 1907/1907
f 1853/1853 1908/1908 1869/1869
f 1869/1869 1909/1909 1870/1870
f 1870/1870 1909/1909 1857/1857
f 1871/1871 1872/1872 1792/1792
f 1734/1734 1873/1873 1875/1875
f 1879/1879 1910/1910 1848/1848
f 1880/1880 1911/1911 1881/1881
f 1810/1810 1912/1912 1703/1703
f 1703/1703 1912/1912 1832/1832
f 1781/1781 1768/1768 1883/1883
f 1743/1743 1849/1849 1850/1850
f 1851/1851 1913/1913 1803/1803
f 1775/1775 1914/1914 1812/1812
f 1812/1812 1914/1914 1841/1841
f 1914/1914 1915/1915 1841/1841
f 1841/1841 1915/1915 1842/1842
f 1915/1915 1867/1867 1842/1842
f 1843/1843 1867/1867 1916/1916
f 1884/1884 1917/1917 1845/1845
f 1779/1779 1918/1918 1744/1744
f 1744/1744 1918/1918 1919/1919
f 1744/1744 1920/1920 1720/1720
f 1888/1888 1921/1921 1922/1922
f 1922/1922 1921/1921 1923/1923
f 1890/1890 1924/1924 1757/1757
f 1757/1757 1924/1924 1891/1891
f 1868/1868 1852/1852 1782/1782
f 1857/1857 1897/1897 1774/1774
f 1774/1774 1897/1897 1749/1749
f 1897/1897 1898/1898 1750/1750
f 1858/1858 1871/1871 1807/1807
f 1861/1861 1925/1925 1862/1862
f 1925/1925 1926/1926 1862/1862
f 1862/1862 1926/1926 1927/1927
f 1927/1927 1928/1928 1862/1862
f 1862/1862 1928/1928 1827/1827
f 1827/1827 1928/1928 1929/1929
f 1827/1827 1929/1929 1786/1786
f 1739/1739 1930/1930 1828/1828
f 1828/1828 1930/1930 1787/1787
f 1865/1865 1931/1931 1932/1932
f 1865/1865 1932/1932 1933/1933
f 1904/1904 1934/1934 1847/1847
f 1935/1935 1936/1936 1937/1937
f 1935/1935 1937/1937 1938/1938
f 1869/1869 1908/1908 1909/1909
f 1871/1871 1939/1939 1872/1872
f 1940/1940 1941/1941 1942/1942
f 1940/1940 1942/1942 1943/1943
f 1873/1873 1944/1944 1875/1875
f 1875/1875 1944/1944 1945/1945
f 1875/1875 1945/1945 1876/1876
f 1876/1876 1945/1945 1946/1946
f 1877/1877 1947/1947 1878/1878
f 1879/1879 1946/1946 1910/1910
f 1911/1911 1948/1948 1949/1949
f 1911/1911 1950/1950 1881/1881
f 1833/1833 1951/1951 1766/1766
f 1767/1767 1952/1952 1712/1712
f 1768/1768 1951/1951 1883/1883
f 1803/1803 1914/1914 1775/1775
f 1916/1916 1918/1918 1843/1843
f 1931/1931 1953/1953 1932/1932
f 1891/1891 1954/1954 1955/1955
f 1868/1868 1956/1956 1852/1852
f 1957/1957 1958/1958 1905/1905
f 1959/1959 1960/1960 1908/1908
f 1905/1905 1958/1958 1906/1906
f 1909/1909 1961/1961 1857/1857
f 1962/1962 1963/1963 1964/1964
f 1897/1897 1858/1858 1898/1898
f 1858/1858 1965/1965 1871/1871
f 1966/1966 1967/1967 1968/1968
f 1902/1902 1969/1969 1970/1970
f 1902/1902 1970/1970 1860/1860
f 1860/1860 1970/1970 1971/1971
f 1860/1860 1971/1971 1861/1861
f 1861/1861 1971/1971 1972/1972
f 1861/1861 1972/1972 1925/1925
f 1929/1929 1863/1863 1786/1786
f 1863/1863 1930/1930 1739/1739
f 1973/1973 1832/1832 1912/1912
f 1803/1803 1913/1913 1914/1914
f 1867/1867 1915/1915 1916/1916
f 1919/1919 1920/1920 1744/1744
f 1720/1720 1920/1920 1834/1834
f 1887/1887 1974/1974 1888/1888
f 1888/1888 1974/1974 1921/1921
f 1924/1924 1975/1975 1891/1891
f 1891/1891 1975/1975 1954/1954
f 1976/1976 1977/1977 1978/1978
f 1979/1979 1976/1976 1978/1978
f 1955/1955 1954/1954 1956/1956
f 1956/1956 1954/1954 1959/1959
f 1959/1959 1980/1980 1960/1960
f 1980/1980 1981/1981 1960/1960
f 1908/1908 1960/1960 1961/1961
f 1960/1960 1981/1981 1961/1961
f 1908/1908 1961/1961 1909/1909
f 1961/1961 1981/1981 1982/1982
f 1963/1963 1983/1983 1964/1964
f 1964/1964 1983/1983 1984/1984
f 1983/1983 1985/1985 1984/1984
f 1984/1984 1985/1985 1986/1986
f 1987/1987 1988/1988 1965/1965
f 1941/1941 1989/1989 1942/1942
f 1965/1965 1990/1990 1944/1944
f 1991/1991 1992/1992 1993/1993
f 1993/1993 1992/1992 1994/1994
f 1944/1944 1990/1990 1945/1945
f 1945/1945 1990/1990 1995/1995
f 1993/1993 1994/1994 1996/1996
f 1945/1945 1995/1995 1946/1946
f 1994/1994 1997/1997 1996/1996
f 1998/1998 1999/1999 1995/1995
f 1995/1995 2000/2000 1946/1946
f 1995/1995 1999/1999 2000/2000
f 1948/1948 2001/2001 1949/1949
f 2001/2001 2002/2002 1949/1949
f 1911/1911 1949/1949 1950/1950
f 2003/2003 2004/2004 2005/2005
f 1971/1971 2006/2006 1972/1972
f 2006/2006 2007/2007 1972/1972
f 1972/1972 2007/2007 1925/1925
f 1925/1925 2007/2007 2008/2008
f 1925/1925 2008/2008 2009/2009
f 1925/1925 2009/2009 1926/1926
f 1926/1926 2009/2009 1927/1927
f 1927/1927 2010/2010 1928/1928
f 2010/2010 2011/2011 1928/1928
f 1928/1928 2011/2011 2012/2012
f 2012/2012 1929/1929 1928/1928
f 1930/1930 2013/2013 1787/1787
f 1787/1787 2013/2013 1846/1846
f 1912/1912 2014/2014 1973/1973
f 2015/2015 2016/2016 1833/1833
f 1832/1832 2015/2015 1833/1833
f 2016/2016 2017/2017 1833/1833
f 1833/1833 2017/2017 1951/1951
f 1951/1951 2017/2017 1883/1883
f 2017/2017 2018/2018 1883/1883
f 1883/1883 2018/2018 1849/1849
f 2018/2018 2019/2019 1849/1849
f 1849/1849 2019/2019 1850/1850
f 1850/1850 2019/2019 1851/1851
f 2020/2020 2021/2021 1924/1924
f 1954/1954 1980/1980 1959/1959
f 1980/1980 2022/2022 1981/1981
f 2022/2022 2023/2023 1981/1981
f 1981/1981 2023/2023 1982/1982
f 2023/2023 2024/2024 1982/1982
f 1982/1982 2024/2024 1987/1987
f 2024/2024 2025/2025 1987/1987
f 1987/1987 2025/2025 1988/1988
f 1988/1988 2026/2026 2027/2027
f 1998/1998 2028/2028 1999/1999
f 2028/2028 2029/2029 1999/1999
f 1999/1999 2029/2029 2030/2030
f 2029/2029 2031/2031 2030/2030
f 2030/2030 2031/2031 2014/2014
f 2032/2032 2021/2021 2020/2020
f 2033/2033 2034/2034 2035/2035
f 2009/2009 2036/2036 1927/1927
f 1927/1927 2036/2036 2037/2037
f 1927/1927 2037/2037 2010/2010
f 2010/2010 2037/2037 2038/2038
f 2010/2010 2038/2038 2011/2011
f 1929/1929 2012/2012 2039/2039
f 1929/1929 2039/2039 2040/2040
f 1929/1929 2040/2040 1863/1863
f 1863/1863 2040/2040 1930/1930
f 1930/1930 2041/2041 2013/2013
f 2013/2013 2042/2042 1846/1846
f 2014/2014 2043/2043 1973/1973
f 1832/1832 1973/1973 2015/2015
f 2016/2016 2044/2044 2017/2017
f 2017/2017 2044/2044 2018/2018
f 2045/2045 2046/2046 2047/2047
f 2045/2045 2047/2047 2048/2048
f 2019/2019 2049/2049 1851/1851
f 2049/2049 2050/2050 1851/1851
f 2050/2050 2051/2051 1851/1851
f 1851/1851 2051/2051 1913/1913
f 1913/1913 2051/2051 2052/2052
f 1913/1913 2052/2052 1914/1914
f 1914/1914 2052/2052 1915/1915
f 2052/2052 2053/2053 1915/1915
f 1915/1915 2053/2053 1916/1916
f 1916/1916 2053/2053 2054/2054
f 1916/1916 2054/2054 1918/1918
f 1918/1918 2054/2054 2055/2055
f 1918/1918 2055/2055 2056/2056
f 1918/1918 2056/2056 1919/1919
f 1919/1919 2056/2056 2057/2057
f 1919/1919 2057/2057 1920/1920
f 1920/1920 2057/2057 2058/2058
f 1920/1920 2058/2058 1834/1834
f 1834/1834 2058/2058 1835/1835
f 1846/1846 2042/2042 2059/2059
f 1846/1846 2059/2059 1885/1885
f 2060/2060 2061/2061 2032/2032
f 2062/2062 2060/2060 2032/2032
f 2061/2061 1924/1924 2021/2021
f 2032/2032 2061/2061 2021/2021
f 1954/1954 1975/1975 1980/1980
f 1980/1980 1975/1975 2063/2063
f 1980/1980 2063/2063 2022/2022
f 2063/2063 2023/2023 2022/2022
f 2023/2023 2064/2064 2024/2024
f 2024/2024 2064/2064 2025/2025
f 1988/1988 2025/2025 2026/2026
f 2026/2026 2065/2065 2027/2027
f 1994/1994 2066/2066 1997/1997
f 1998/1998 2065/2065 2028/2028
f 2065/2065 2067/2067 2028/2028
f 2028/2028 2067/2067 2029/2029
f 2029/2029 2067/2067 2068/2068
f 2029/2029 2068/2068 2031/2031
f 2031/2031 2043/2043 2014/2014
f 2069/2069 2070/2070 2071/2071
f 2072/2072 2073/2073 2074/2074
f 2073/2073 2075/2075 2074/2074
f 2076/2076 2077/2077 2078/2078
f 2038/2038 2079/2079 2080/2080
f 2038/2038 2080/2080 2011/2011
f 2011/2011 2080/2080 2081/2081
f 2011/2011 2081/2081 2012/2012
f 2012/2012 2081/2081 2082/2082
f 2012/2012 2082/2082 2039/2039
f 2040/2040 2041/2041 1930/1930
f 2043/2043 2083/2083 2084/2084
f 2043/2043 2084/2084 1973/1973
f 2085/2085 2086/2086 2087/2087
f 1973/1973 2084/2084 2015/2015
f 2086/2086 2088/2088 2087/2087
f 2087/2087 2088/2088 2089/2089
f 2090/2090 2091/2091 2016/2016
f 2092/2092 2093/2093 2046/2046
f 2046/2046 2093/2093 2094/2094
f 2046/2046 2094/2094 2047/2047
f 2095/2095 2096/2096 2049/2049
f 2049/2049 2096/2096 2050/2050
f 2050/2050 2096/2096 2051/2051
f 2096/2096 2097/2097 2051/2051
f 2051/2051 2097/2097 2052/2052
f 2052/2052 2097/2097 2098/2098
f 2052/2052 2098/2098 2053/2053
f 2098/2098 2099/2099 2053/2053
f 2053/2053 2099/2099 2054/2054
f 2099/2099 2100/2100 2054/2054
f 2054/2054 2100/2100 2055/2055
f 2055/2055 2100/2100 2056/2056
f 2101/2101 2102/2102 2103/2103
f 2101/2101 2103/2103 2104/2104
f 2103/2103 2105/2105 2104/2104
f 2057/2057 2106/2106 2058/2058
f 2042/2042 2107/2107 2059/2059
f 2108/2108 2109/2109 2061/2061
f 2060/2060 2108/2108 2061/2061
f 2109/2109 2110/2110 1924/1924
f 2061/2061 2109/2109 1924/1924
f 2110/2110 2111/2111 1975/1975
f 1924/1924 2110/2110 1975/1975
f 1975/1975 2111/2111 2112/2112
f 1975/1975 2112/2112 2063/2063
f 2112/2112 2113/2113 2023/2023
f 2063/2063 2112/2112 2023/2023
f 2023/2023 2113/2113 2064/2064
f 2064/2064 2113/2113 2114/2114
f 2064/2064 2114/2114 2025/2025
f 2025/2025 2114/2114 2026/2026
f 2114/2114 2115/2115 2026/2026
f 2116/2116 2117/2117 2118/2118
f 2116/2116 2118/2118 2119/2119
f 2065/2065 2120/2120 2067/2067
f 2120/2120 2121/2121 2067/2067
f 2067/2067 2121/2121 2068/2068
f 2068/2068 2121/2121 2031/2031
f 2031/2031 2121/2121 2083/2083
f 2031/2031 2083/2083 2043/2043
f 2122/2122 2123/2123 2124/2124
f 2123/2123 2125/2125 2124/2124
f 2081/2081 2126/2126 2082/2082
f 2082/2082 2126/2126 2127/2127
f 2082/2082 2127/2127 2039/2039
f 2039/2039 2127/2127 2128/2128
f 2039/2039 2128/2128 2129/2129
f 2039/2039 2129/2129 2040/2040
f 2040/2040 2129/2129 2130/2130
f 2040/2040 2130/2130 2041/2041
f 2130/2130 2131/2131 2041/2041
f 2041/2041 2131/2131 2013/2013
f 2132/2132 2133/2133 2134/2134
f 2132/2132 2134/2134 2135/2135
f 2132/2132 2135/2135 2136/2136
f 2136/2136 2135/2135 2137/2137
f 2136/2136 2137/2137 2138/2138
f 2138/2138 2137/2137 2139/2139
f 2138/2138 2139/2139 2140/2140
f 2140/2140 2139/2139 2141/2141
f 2141/2141 2139/2139 2142/2142
f 2142/2142 2143/2143 2141/2141
f 2141/2141 2143/2143 2106/2106
f 2144/2144 2106/2106 2145/2145
f 2131/2131 2107/2107 2042/2042
f 2013/2013 2131/2131 2042/2042
f 2083/2083 2146/2146 2147/2147
f 2083/2083 2147/2147 2084/2084
f 2084/2084 2147/2147 2148/2148
f 2084/2084 2148/2148 2149/2149
f 2148/2148 2150/2150 2149/2149
f 2149/2149 2150/2150 2090/2090
f 2150/2150 2151/2151 2090/2090
f 2090/2090 2151/2151 2091/2091
f 2091/2091 2151/2151 2152/2152
f 2091/2091 2152/2152 2095/2095
f 2095/2095 2152/2152 2153/2153
f 2095/2095 2153/2153 2096/2096
f 2096/2096 2153/2153 2154/2154
f 2096/2096 2154/2154 2097/2097
f 2097/2097 2154/2154 2155/2155
f 2097/2097 2155/2155 2098/2098
f 2098/2098 2155/2155 2133/2133
f 2108/2108 2156/2156 2109/2109
f 2109/2109 2156/2156 2157/2157
f 2109/2109 2157/2157 2110/2110
f 2110/2110 2157/2157 2111/2111
f 2157/2157 2158/2158 2111/2111
f 2111/2111 2158/2158 2159/2159
f 2111/2111 2159/2159 2112/2112
f 2160/2160 2161/2161 2162/2162
f 2112/2112 2163/2163 2113/2113
f 2113/2113 2163/2163 2164/2164
f 2113/2113 2164/2164 2114/2114
f 2164/2164 2165/2165 2114/2114
f 2114/2114 2165/2165 2115/2115
f 2115/2115 2165/2165 2166/2166
f 2115/2115 2166/2166 2120/2120
f 2120/2120 2166/2166 2167/2167
f 2120/2120 2167/2167 2121/2121
f 2121/2121 2167/2167 2168/2168
f 2121/2121 2168/2168 2083/2083
f 2083/2083 2168/2168 2146/2146
f 2169/2169 2170/2170 2171/2171
f 2170/2170 2172/2172 2171/2171
f 2171/2171 2172/2172 2173/2173
f 2173/2173 2172/2172 2174/2174
f 2129/2129 2175/2175 2130/2130
f 2130/2130 2175/2175 2176/2176
f 2130/2130 2176/2176 2131/2131
f 2177/2177 2178/2178 2179/2179
f 2131/2131 2176/2176 2180/2180
f 2181/2181 2182/2182 2183/2183
f 2181/2181 2183/2183 2184/2184
f 2184/2184 2183/2183 2185/2185
f 2185/2185 2183/2183 2186/2186
f 2185/2185 2186/2186 2187/2187
f 2187/2187 2186/2186 2188/2188
f 2187/2187 2188/2188 2189/2189
f 2189/2189 2188/2188 2190/2190
f 2191/2191 2192/2192 2154/2154
f 2192/2192 2193/2193 2154/2154
f 2193/2193 2194/2194 2133/2133
f 2133/2133 2194/2194 2134/2134
f 2134/2134 2195/2195 2135/2135
f 2135/2135 2195/2195 2196/2196
f 2135/2135 2196/2196 2137/2137
f 2143/2143 2197/2197 2106/2106
f 2197/2197 2145/2145 2106/2106
f 2131/2131 2180/2180 2107/2107
f 2198/2198 2199/2199 2200/2200
f 2201/2201 2202/2202 2203/2203
f 2201/2201 2203/2203 2204/2204
f 2203/2203 2205/2205 2204/2204
f 2206/2206 2207/2207 2146/2146
f 2146/2146 2207/2207 2147/2147
f 2208/2208 2209/2209 2210/2210
f 2208/2208 2210/2210 2211/2211
f 2210/2210 2181/2181 2211/2211
f 2157/2157 2156/2156 2212/2212
f 2157/2157 2212/2212 2158/2158
f 2158/2158 2212/2212 2213/2213
f 2158/2158 2213/2213 2159/2159
f 2160/2160 2214/2214 2161/2161
f 2161/2161 2214/2214 2215/2215
f 2163/2163 2216/2216 2217/2217
f 2163/2163 2217/2217 2164/2164
f 2164/2164 2217/2217 2165/2165
f 2165/2165 2217/2217 2218/2218
f 22/22 1/1 215/215
f 215/215 1/1 216/216
f 216/216 1/1 3/3
f 216/216 3/3 217/217
f 217/217 3/3 4/4
f 218/218 4/4 6/6
f 9/9 8/8 12/12
f 12/12 14/14 195/195
f 218/218 6/6 7/7
f 2219/2219 14/14 13/13
f 2219/2219 13/13 2220/2220
f 38/38 37/37 43/43
f 263/263 54/54 56/56
f 2220/2220 13/13 36/36
f 45/45 46/46 48/48
f 2220/2220 36/36 2221/2221
f 48/48 47/47 262/262
f 2221/2221 36/36 78/78
f 68/68 90/90 73/73
f 2221/2221 78/78 2222/2222
f 2222/2222 78/78 449/449
f 78/78 117/117 449/449
f 156/156 158/158 571/571
f 571/571 158/158 159/159
f 571/571 159/159 572/572
f 159/159 161/161 572/572
f 572/572 161/161 575/575
f 575/575 161/161 162/162
f 575/575 162/162 576/576
f 576/576 162/162 165/165
f 576/576 165/165 577/577
f 165/165 166/166 579/579
f 577/577 165/165 579/579
f 579/579 166/166 169/169
f 169/169 170/170 580/580
f 580/580 170/170 172/172
f 172/172 173/173 583/583
f 583/583 173/173 175/175
f 583/583 175/175 586/586
f 586/586 175/175 178/178
f 589/589 178/178 179/179
f 589/589 179/179 590/590
f 590/590 179/179 182/182
f 590/590 182/182 592/592
f 592/592 182/182 183/183
f 592/592 183/183 594/594
f 594/594 183/183 186/186
f 594/594 186/186 598/598
f 598/598 186/186 2223/2223
f 2223/2223 186/186 188/188
f 2223/2223 188/188 2224/2224
f 2224/2224 188/188 190/190
f 2224/2224 190/190 2225/2225
f 190/190 191/191 2225/2225
f 2225/2225 191/191 611/611
f 191/191 194/194 612/612
f 611/611 191/191 612/612
f 194/194 196/196 2226/2226
f 612/612 194/194 2226/2226
f 2226/2226 196/196 2227/2227
f 2227/2227 196/196 14/14
f 2228/2228 2229/2229 2230/2230
f 2230/2230 2229/2229 2231/2231
f 2230/2230 2231/2231 2232/2232
f 2230/2230 2232/2232 2233/2233
f 2233/2233 2232/2232 2234/2234
f 2233/2233 2234/2234 2235/2235
f 2235/2235 2234/2234 2236/2236
f 2234/2234 2237/2237 2236/2236
f 2236/2236 2237/2237 2238/2238
f 2236/2236 2238/2238 2239/2239
f 2238/2238 2240/2240 2241/2241
f 2239/2239 2238/2238 2241/2241
f 2240/2240 2242/2242 2241/2241
f 474/474 502/502 2243/2243
f 2241/2241 2242/2242 2244/2244
f 675/675 2245/2245 676/676
f 676/676 2245/2245 678/678
f 678/678 2246/2246 679/679
f 679/679 2246/2246 682/682
f 682/682 2246/2246 2247/2247
f 682/682 2247/2247 684/684
f 2247/2247 2248/2248 684/684
f 2249/2249 578/578 579/579
f 2249/2249 579/579 2250/2250
f 2250/2250 579/579 580/580
f 2250/2250 580/580 581/581
f 689/689 2251/2251 690/690
f 690/690 2251/2251 691/691
f 2251/2251 2252/2252 691/691
f 691/691 2252/2252 693/693
f 693/693 2252/2252 2253/2253
f 693/693 2253/2253 2254/2254
f 693/693 2254/2254 695/695
f 2254/2254 2255/2255 695/695
f 695/695 2255/2255 696/696
f 696/696 2255/2255 698/698
f 698/698 2255/2255 2256/2256
f 698/698 2256/2256 699/699
f 2256/2256 595/595 699/699
f 699/699 595/595 702/702
f 595/595 597/597 702/702
f 702/702 597/597 704/704
f 704/704 597/597 601/601
f 704/704 601/601 706/706
f 706/706 601/601 603/603
f 706/706 603/603 707/707
f 707/707 603/603 606/606
f 707/707 606/606 709/709
f 709/709 606/606 607/607
f 709/709 607/607 710/710
f 607/607 609/609 710/710
f 710/710 609/609 2257/2257
f 710/710 2257/2257 712/712
f 2257/2257 2258/2258 712/712
f 712/712 2258/2258 713/713
f 713/713 2258/2258 2259/2259
f 2260/2260 2261/2261 2228/2228
f 2230/2230 2233/2233 2262/2262
f 2263/2263 567/567 648/648
f 640/640 639/639 653/653
f 640/640 653/653 655/655
f 2264/2264 670/670 674/674
f 2264/2264 674/674 2265/2265
f 674/674 677/677 2265/2265
f 2265/2265 677/677 2266/2266
f 677/677 680/680 2266/2266
f 680/680 681/681 2266/2266
f 2266/2266 681/681 2267/2267
f 681/681 683/683 2267/2267
f 2267/2267 683/683 2268/2268
f 2268/2268 683/683 2269/2269
f 2269/2269 683/683 685/685
f 685/685 686/686 2269/2269
f 2269/2269 686/686 2270/2270
f 2270/2270 686/686 2271/2271
f 686/686 688/688 2271/2271
f 2271/2271 688/688 2272/2272
f 2272/2272 688/688 690/690
f 2272/2272 690/690 692/692
f 2272/2272 692/692 2273/2273
f 2273/2273 692/692 694/694
f 2273/2273 694/694 2274/2274
f 694/694 697/697 2274/2274
f 2274/2274 697/697 2275/2275
f 697/697 700/700 2275/2275
f 2275/2275 700/700 2276/2276
f 700/700 701/701 2276/2276
f 2276/2276 701/701 2277/2277
f 2277/2277 701/701 703/703
f 2277/2277 703/703 2278/2278
f 2278/2278 703/703 705/705
f 2278/2278 705/705 2279/2279
f 705/705 708/708 2279/2279
f 2279/2279 708/708 2280/2280
f 2280/2280 708/708 2281/2281
f 708/708 711/711 2281/2281
f 711/711 713/713 2282/2282
f 2281/2281 711/711 2282/2282
f 2282/2282 713/713 2259/2259
f 2283/2283 2260/2260 2228/2228
f 2228/2228 2230/2230 2262/2262
f 2233/2233 2235/2235 2262/2262
f 2262/2262 2235/2235 2284/2284
f 2284/2284 2235/2235 2236/2236
f 2284/2284 2236/2236 2239/2239
f 2284/2284 2239/2239 2285/2285
f 2239/2239 2241/2241 2285/2285
f 2285/2285 2241/2241 2286/2286
f 2241/2241 2244/2244 2286/2286
f 2244/2244 2287/2287 2288/2288
f 2286/2286 2244/2244 2288/2288
f 670/670 2264/2264 2289/2289
f 776/776 670/670 2289/2289
f 2289/2289 2264/2264 2290/2290
f 2290/2290 2264/2264 2291/2291
f 2291/2291 2264/2264 2265/2265
f 2291/2291 2265/2265 2292/2292
f 2265/2265 2266/2266 2292/2292
f 2292/2292 2266/2266 2293/2293
f 2266/2266 2267/2267 2293/2293
f 2293/2293 2267/2267 2294/2294
f 2267/2267 2268/2268 2294/2294
f 2294/2294 2268/2268 2269/2269
f 2294/2294 2269/2269 2295/2295
f 2295/2295 2269/2269 2296/2296
f 2269/2269 2270/2270 2296/2296
f 2296/2296 2270/2270 2297/2297
f 2297/2297 2270/2270 2271/2271
f 2297/2297 2271/2271 2298/2298
f 2298/2298 2271/2271 2272/2272
f 2298/2298 2272/2272 2299/2299
f 2299/2299 2272/2272 2273/2273
f 2299/2299 2273/2273 2300/2300
f 2300/2300 2273/2273 2301/2301
f 2301/2301 2273/2273 2274/2274
f 2301/2301 2274/2274 2302/2302
f 2274/2274 2275/2275 2302/2302
f 2302/2302 2275/2275 2303/2303
f 2303/2303 2275/2275 2276/2276
f 2303/2303 2276/2276 2304/2304
f 2304/2304 2276/2276 2277/2277
f 2304/2304 2277/2277 2305/2305
f 2305/2305 2277/2277 2278/2278
f 2278/2278 2279/2279 2305/2305
f 2305/2305 2279/2279 2306/2306
f 2306/2306 2279/2279 2307/2307
f 2279/2279 2280/2280 2307/2307
f 2307/2307 2280/2280 2308/2308
f 2280/2280 2281/2281 2308/2308
f 2308/2308 2281/2281 2309/2309
f 2309/2309 2281/2281 2282/2282
f 2310/2310 2260/2260 2283/2283
f 2228/2228 2262/2262 2311/2311
f 2311/2311 2262/2262 2312/2312
f 2312/2312 2262/2262 2313/2313
f 2262/2262 2284/2284 2313/2313
f 2313/2313 2284/2284 2285/2285
f 2314/2314 648/648 824/824
f 2289/2289 2290/2290 2315/2315
f 2290/2290 2291/2291 2316/2316
f 2315/2315 2290/2290 2316/2316
f 2291/2291 2292/2292 2316/2316
f 2316/2316 2292/2292 2317/2317
f 2317/2317 2292/2292 2318/2318
f 2292/2292 2293/2293 2318/2318
f 2318/2318 2293/2293 2294/2294
f 2294/2294 2295/2295 2319/2319
f 2295/2295 2296/2296 2320/2320
f 2296/2296 2297/2297 2320/2320
f 2320/2320 2297/2297 2298/2298
f 2321/2321 2299/2299 2300/2300
f 2321/2321 2300/2300 2301/2301
f 2301/2301 2302/2302 2322/2322
f 2323/2323 2303/2303 2304/2304
f 2323/2323 2304/2304 2324/2324
f 2304/2304 2305/2305 2324/2324
f 2324/2324 2305/2305 2325/2325
f 2325/2325 2305/2305 2306/2306
f 2325/2325 2306/2306 2326/2326
f 2326/2326 2306/2306 2327/2327
f 2306/2306 2307/2307 2327/2327
f 2327/2327 2307/2307 2328/2328
f 2307/2307 2308/2308 2328/2328
f 2328/2328 2308/2308 2329/2329
f 2308/2308 2309/2309 2329/2329
f 2329/2329 2309/2309 2330/2330
f 2330/2330 2309/2309 2282/2282
f 2330/2330 2282/2282 2331/2331
f 2332/2332 2310/2310 2283/2283
f 776/776 2289/2289 2333/2333
f 2333/2333 2289/2289 2315/2315
f 2318/2318 2294/2294 2334/2334
f 2335/2335 2319/2319 2295/2295
f 2295/2295 2320/2320 2335/2335
f 2336/2336 2320/2320 2298/2298
f 2298/2298 2299/2299 2337/2337
f 2321/2321 2301/2301 2322/2322
f 2322/2322 2302/2302 2338/2338
f 2338/2338 2302/2302 2303/2303
f 2339/2339 2303/2303 2323/2323
f 2340/2340 2323/2323 2324/2324
f 2341/2341 2328/2328 2329/2329
f 2342/2342 2283/2283 2228/2228
f 2313/2313 2285/2285 2343/2343
f 2286/2286 2288/2288 2344/2344
f 2344/2344 2288/2288 2345/2345
f 992/992 776/776 2333/2333
f 2315/2315 2316/2316 2346/2346
f 2346/2346 2316/2316 2317/2317
f 2346/2346 2317/2317 2347/2347
f 2317/2317 2318/2318 2347/2347
f 2347/2347 2318/2318 2334/2334
f 2334/2334 2294/2294 2348/2348
f 2348/2348 2294/2294 2349/2349
f 2349/2349 2294/2294 2319/2319
f 2319/2319 2335/2335 2349/2349
f 2350/2350 2299/2299 2321/2321
f 2351/2351 2338/2338 2303/2303
f 2351/2351 2303/2303 2339/2339
f 2340/2340 2324/2324 2352/2352
f 2353/2353 2325/2325 2326/2326
f 2327/2327 2328/2328 2341/2341
f 2311/2311 2312/2312 2354/2354
f 2355/2355 2313/2313 2343/2343
f 2315/2315 2346/2346 2356/2356
f 2321/2321 2322/2322 2357/2357
f 2351/2351 2339/2339 2358/2358
f 2358/2358 2339/2339 2323/2323
f 2359/2359 2324/2324 2325/2325
f 2360/2360 2325/2325 2353/2353
f 2353/2353 2326/2326 2361/2361
f 2361/2361 2326/2326 2327/2327
f 2361/2361 2327/2327 2362/2362
f 2362/2362 2327/2327 2341/2341
f 2355/2355 2312/2312 2313/2313
f 934/934 933/933 938/938
f 940/940 942/942 2363/2363
f 2363/2363 942/942 2364/2364
f 2356/2356 2333/2333 2315/2315
f 2356/2356 2346/2346 2347/2347
f 2347/2347 2334/2334 2365/2365
f 2365/2365 2334/2334 2348/2348
f 2348/2348 2349/2349 2366/2366
f 2366/2366 2349/2349 2335/2335
f 2335/2335 2320/2320 2366/2366
f 2366/2366 2320/2320 2336/2336
f 2337/2337 2299/2299 2350/2350
f 2367/2367 2321/2321 2357/2357
f 2357/2357 2322/2322 2368/2368
f 2322/2322 2338/2338 2368/2368
f 2352/2352 2324/2324 2359/2359
f 2359/2359 2325/2325 2360/2360
f 967/967 963/963 958/958
f 963/963 969/969 964/964
f 969/969 937/937 964/964
f 964/964 937/937 933/933
f 992/992 2333/2333 993/993
f 2369/2369 2356/2356 2370/2370
f 2356/2356 2347/2347 2370/2370
f 2370/2370 2347/2347 2365/2365
f 2365/2365 2348/2348 2371/2371
f 2348/2348 2366/2366 2372/2372
f 2372/2372 2366/2366 2373/2373
f 2373/2373 2366/2366 2374/2374
f 2366/2366 2336/2336 2374/2374
f 2336/2336 2298/2298 2337/2337
f 2350/2350 2321/2321 2367/2367
f 2357/2357 2368/2368 2375/2375
f 2368/2368 2338/2338 2376/2376
f 2360/2360 2353/2353 2361/2361
f 2341/2341 2329/2329 2377/2377
f 2312/2312 2355/2355 2354/2354
f 2343/2343 2285/2285 2286/2286
f 2378/2378 2379/2379 2380/2380
f 2381/2381 2378/2378 2380/2380
f 2382/2382 2383/2383 2384/2384
f 2382/2382 2384/2384 2385/2385
f 879/879 1026/1026 948/948
f 2379/2379 2386/2386 2387/2387
f 2380/2380 2379/2379 2387/2387
f 2388/2388 2382/2382 2385/2385
f 2388/2388 2385/2385 2389/2389
f 2385/2385 2390/2390 2389/2389
f 2389/2389 2390/2390 2391/2391
f 2389/2389 2391/2391 2392/2392
f 2391/2391 2393/2393 2392/2392
f 2392/2392 2393/2393 2394/2394
f 2394/2394 2393/2393 2395/2395
f 990/990 1015/1015 1016/1016
f 990/990 1016/1016 991/991
f 991/991 1016/1016 967/967
f 991/991 967/967 958/958
f 993/993 2333/2333 2396/2396
f 2396/2396 2333/2333 2356/2356
f 2370/2370 2365/2365 2397/2397
f 2397/2397 2365/2365 2371/2371
f 2398/2398 2367/2367 2357/2357
f 2376/2376 2338/2338 2399/2399
f 2399/2399 2338/2338 2351/2351
f 2400/2400 2351/2351 2358/2358
f 2401/2401 2358/2358 2323/2323
f 2323/2323 2340/2340 2401/2401
f 2377/2377 2329/2329 2402/2402
f 2329/2329 2330/2330 2402/2402
f 2402/2402 2330/2330 2331/2331
f 2354/2354 2355/2355 2403/2403
f 2396/2396 2356/2356 2369/2369
f 2404/2404 2369/2369 2370/2370
f 2371/2371 2348/2348 2405/2405
f 2405/2405 2348/2348 2372/2372
f 2406/2406 2336/2336 2337/2337
f 2398/2398 2357/2357 2375/2375
f 2340/2340 2352/2352 2401/2401
f 2342/2342 2228/2228 2311/2311
f 2381/2381 2380/2380 2407/2407
f 2407/2407 2380/2380 2387/2387
f 2404/2404 2370/2370 2397/2397
f 2372/2372 2373/2373 2408/2408
f 2374/2374 2336/2336 2406/2406
f 2409/2409 2337/2337 2350/2350
f 2409/2409 2350/2350 2410/2410
f 2410/2410 2350/2350 2367/2367
f 2359/2359 2360/2360 2411/2411
f 2362/2362 2341/2341 2377/2377
f 2332/2332 2283/2283 2412/2412
f 2412/2412 2283/2283 2342/2342
f 2355/2355 2343/2343 2403/2403
f 2413/2413 2286/2286 2344/2344
f 2414/2414 2381/2381 2407/2407
f 2415/2415 824/824 1053/1053
f 2407/2407 2387/2387 2416/2416
f 2396/2396 2369/2369 2417/2417
f 2417/2417 2369/2369 2404/2404
f 2408/2408 2373/2373 2374/2374
f 2418/2418 2367/2367 2398/2398
f 2411/2411 2360/2360 2419/2419
f 2419/2419 2360/2360 2361/2361
f 2419/2419 2361/2361 2362/2362
f 2420/2420 2332/2332 2412/2412
f 2421/2421 2396/2396 2417/2417
f 2422/2422 2397/2397 2423/2423
f 2397/2397 2371/2371 2423/2423
f 2423/2423 2371/2371 2405/2405
f 2405/2405 2372/2372 2408/2408
f 2408/2408 2374/2374 2424/2424
f 2425/2425 2374/2374 2406/2406
f 2399/2399 2351/2351 2400/2400
f 2426/2426 2362/2362 2377/2377
f 2402/2402 2331/2331 2427/2427
f 2342/2342 2311/2311 2428/2428
f 2311/2311 2354/2354 2428/2428
f 2417/2417 2404/2404 2397/2397
f 2429/2429 2406/2406 2430/2430
f 2430/2430 2406/2406 2337/2337
f 2413/2413 2344/2344 2431/2431
f 2414/2414 2407/2407 2432/2432
f 2433/2433 2415/2415 1053/1053
f 2432/2432 2407/2407 2416/2416
f 2432/2432 2416/2416 2434/2434
f 993/993 2396/2396 2435/2435
f 2417/2417 2397/2397 2422/2422
f 2423/2423 2405/2405 2436/2436
f 2405/2405 2408/2408 2437/2437
f 2424/2424 2374/2374 2425/2425
f 2430/2430 2337/2337 2409/2409
f 2410/2410 2367/2367 2418/2418
f 2398/2398 2375/2375 2438/2438
f 2438/2438 2375/2375 2368/2368
f 2439/2439 2358/2358 2401/2401
f 2440/2440 2401/2401 2352/2352
f 2440/2440 2352/2352 2359/2359
f 2412/2412 2342/2342 2441/2441
f 2442/2442 2403/2403 2343/2343
f 2443/2443 2396/2396 2421/2421
f 2425/2425 2406/2406 2429/2429
f 2399/2399 2400/2400 2444/2444
f 2400/2400 2358/2358 2445/2445
f 2445/2445 2358/2358 2439/2439
f 2419/2419 2362/2362 2426/2426
f 2426/2426 2377/2377 2446/2446
f 2377/2377 2402/2402 2446/2446
f 2435/2435 2396/2396 2443/2443
f 2447/2447 2421/2421 2417/2417
f 2425/2425 2429/2429 2448/2448
f 2368/2368 2376/2376 2438/2438
f 2411/2411 2419/2419 2449/2449
f 2402/2402 2427/2427 2450/2450
f 2354/2354 2403/2403 2451/2451
f 2442/2442 2343/2343 2286/2286
f 2452/2452 2414/2414 2432/2432
f 1176/1176 993/993 2435/2435
f 2417/2417 2422/2422 2453/2453
f 2444/2444 2400/2400 2445/2445
f 2359/2359 2411/2411 2454/2454
f 2455/2455 2402/2402 2450/2450
f 2451/2451 2403/2403 2456/2456
f 2442/2442 2286/2286 2457/2457
f 2457/2457 2286/2286 2413/2413
f 2437/2437 2408/2408 2458/2458
f 2438/2438 2376/2376 2459/2459
f 2459/2459 2376/2376 2399/2399
f 2439/2439 2401/2401 2440/2440
f 2440/2440 2359/2359 2454/2454
f 2460/2460 2411/2411 2449/2449
f 2419/2419 2426/2426 2461/2461
f 2452/2452 2432/2432 2462/2462
f 2462/2462 2432/2432 2434/2434
f 1176/1176 2435/2435 2463/2463
f 2447/2447 2417/2417 2453/2453
f 2422/2422 2423/2423 2436/2436
f 2458/2458 2408/2408 2424/2424
f 2424/2424 2425/2425 2464/2464
f 2430/2430 2409/2409 2465/2465
f 2466/2466 2398/2398 2438/2438
f 2439/2439 2440/2440 2467/2467
f 2454/2454 2411/2411 2460/2460
f 2468/2468 2419/2419 2461/2461
f 2461/2461 2426/2426 2446/2446
f 2469/2469 2420/2420 2412/2412
f 2456/2456 2403/2403 2470/2470
f 2462/2462 2434/2434 2471/2471
f 2436/2436 2405/2405 2472/2472
f 2405/2405 2437/2437 2472/2472
f 2448/2448 2429/2429 2473/2473
f 2399/2399 2444/2444 2474/2474
f 1193/1193 1167/1167 1166/1166
f 2453/2453 2422/2422 2475/2475
f 2475/2475 2422/2422 2436/2436
f 2473/2473 2429/2429 2430/2430
f 2409/2409 2410/2410 2476/2476
f 2477/2477 2418/2418 2398/2398
f 2460/2460 2449/2449 2478/2478
f 2446/2446 2402/2402 2455/2455
f 2470/2470 2403/2403 2442/2442
f 1187/1187 1114/1114 1052/1052
f 2472/2472 2437/2437 2458/2458
f 2473/2473 2430/2430 2479/2479
f 2480/2480 2466/2466 2438/2438
f 2433/2433 1053/1053 1183/1183
f 2435/2435 2443/2443 2421/2421
f 2481/2481 2421/2421 2447/2447
f 2464/2464 2425/2425 2448/2448
f 2410/2410 2418/2418 2476/2476
f 2476/2476 2418/2418 2477/2477
f 2440/2440 2454/2454 2467/2467
f 2454/2454 2460/2460 2482/2482
f 2483/2483 2461/2461 2446/2446
f 2428/2428 2354/2354 2451/2451
f 2479/2479 2430/2430 2465/2465
f 2477/2477 2398/2398 2466/2466
f 2480/2480 2438/2438 2459/2459
f 2484/2484 2439/2439 2485/2485
f 2486/2486 2439/2439 2467/2467
f 2449/2449 2419/2419 2468/2468
f 2470/2470 2442/2442 2487/2487
f 2481/2481 2435/2435 2421/2421
f 2488/2488 2453/2453 2489/2489
f 2489/2489 2453/2453 2475/2475
f 2458/2458 2424/2424 2490/2490
f 2424/2424 2464/2464 2490/2490
f 2491/2491 2464/2464 2448/2448
f 2465/2465 2409/2409 2476/2476
f 2476/2476 2477/2477 2492/2492
f 2493/2493 2459/2459 2399/2399
f 2493/2493 2399/2399 2474/2474
f 2474/2474 2444/2444 2494/2494
f 2494/2494 2444/2444 2445/2445
f 2484/2484 2445/2445 2439/2439
f 2485/2485 2439/2439 2486/2486
f 2495/2495 2455/2455 2450/2450
f 2481/2481 2447/2447 2496/2496
f 2488/2488 2447/2447 2453/2453
f 2436/2436 2472/2472 2497/2497
f 2497/2497 2472/2472 2498/2498
f 2498/2498 2472/2472 2458/2458
f 2491/2491 2448/2448 2473/2473
f 2467/2467 2454/2454 2482/2482
f 2478/2478 2449/2449 2468/2468
f 2446/2446 2455/2455 2495/2495
f 2441/2441 2342/2342 2428/2428
f 2489/2489 2475/2475 2497/2497
f 2475/2475 2436/2436 2497/2497
f 2499/2499 2458/2458 2490/2490
f 2490/2490 2464/2464 2500/2500
f 2500/2500 2464/2464 2491/2491
f 2494/2494 2445/2445 2484/2484
f 2487/2487 2442/2442 2457/2457
f 2501/2501 2452/2452 2462/2462
f 2502/2502 2435/2435 2481/2481
f 2477/2477 2466/2466 2503/2503
f 2503/2503 2466/2466 2504/2504
f 2505/2505 2459/2459 2493/2493
f 2483/2483 2446/2446 2495/2495
f 2495/2495 2450/2450 2506/2506
f 2462/2462 2471/2471 2507/2507
f 2463/2463 2435/2435 2508/2508
f 2508/2508 2435/2435 2502/2502
f 2509/2509 2481/2481 2496/2496
f 2496/2496 2447/2447 2510/2510
f 2510/2510 2447/2447 2488/2488
f 2510/2510 2488/2488 2489/2489
f 2510/2510 2489/2489 2511/2511
f 2511/2511 2489/2489 2497/2497
f 2498/2498 2458/2458 2499/2499
f 2480/2480 2459/2459 2505/2505
f 2482/2482 2460/2460 2512/2512
f 2512/2512 2460/2460 2478/2478
f 2513/2513 2468/2468 2461/2461
f 2433/2433 1183/1183 1311/1311
f 2514/2514 2497/2497 2498/2498
f 2515/2515 2491/2491 2473/2473
f 2516/2516 2473/2473 2479/2479
f 2492/2492 2477/2477 2503/2503
f 2517/2517 2467/2467 2482/2482
f 2513/2513 2461/2461 2483/2483
f 2501/2501 2462/2462 2518/2518
f 2518/2518 2462/2462 2507/2507
f 2500/2500 2491/2491 2519/2519
f 2515/2515 2473/2473 2516/2516
f 2520/2520 2479/2479 2465/2465
f 2465/2465 2476/2476 2521/2521
f 2522/2522 2478/2478 2468/2468
f 2469/2469 2412/2412 2523/2523
f 2523/2523 2412/2412 2441/2441
f 2502/2502 2481/2481 2509/2509
f 2499/2499 2490/2490 2524/2524
f 2520/2520 2465/2465 2521/2521
f 2504/2504 2466/2466 2480/2480
f 2504/2504 2480/2480 2505/2505
f 2486/2486 2467/2467 2517/2517
f 2525/2525 2470/2470 2487/2487
f 2510/2510 2511/2511 2526/2526
f 2524/2524 2490/2490 2500/2500
f 2519/2519 2491/2491 2515/2515
f 2516/2516 2479/2479 2520/2520
f 2521/2521 2476/2476 2492/2492
f 2527/2527 2492/2492 2503/2503
f 2505/2505 2493/2493 2474/2474
f 2484/2484 2485/2485 2528/2528
f 2485/2485 2486/2486 2528/2528
f 2451/2451 2456/2456 2525/2525
f 2525/2525 2456/2456 2470/2470
f 1320/1320 1270/1270 1252/1252
f 2502/2502 2509/2509 2529/2529
f 2529/2529 2509/2509 2496/2496
f 2530/2530 2498/2498 2499/2499
f 2505/2505 2474/2474 2531/2531
f 2532/2532 2494/2494 2484/2484
f 2528/2528 2486/2486 2533/2533
f 2517/2517 2482/2482 2512/2512
f 2517/2517 2512/2512 2534/2534
f 2512/2512 2478/2478 2522/2522
f 2535/2535 2487/2487 2457/2457
f 2536/2536 2501/2501 2518/2518
f 2508/2508 2502/2502 2529/2529
f 2526/2526 2511/2511 2537/2537
f 2537/2537 2511/2511 2497/2497
f 2537/2537 2497/2497 2514/2514
f 2514/2514 2498/2498 2530/2530
f 2500/2500 2519/2519 2538/2538
f 2524/2524 2500/2500 2538/2538
f 2538/2538 2519/2519 2539/2539
f 2519/2519 2515/2515 2539/2539
f 2539/2539 2515/2515 2516/2516
f 2520/2520 2521/2521 2540/2540
f 2540/2540 2521/2521 2527/2527
f 2527/2527 2503/2503 2541/2541
f 2541/2541 2503/2503 2504/2504
f 2474/2474 2494/2494 2531/2531
f 2531/2531 2494/2494 2532/2532
f 2532/2532 2484/2484 2528/2528
f 2533/2533 2486/2486 2517/2517
f 2522/2522 2468/2468 2513/2513
f 2542/2542 2483/2483 2495/2495
f 2525/2525 2487/2487 2535/2535
f 2543/2543 2496/2496 2510/2510
f 2527/2527 2521/2521 2492/2492
f 2544/2544 2504/2504 2505/2505
f 2544/2544 2505/2505 2545/2545
f 2545/2545 2505/2505 2531/2531
f 2533/2533 2517/2517 2546/2546
f 2534/2534 2512/2512 2547/2547
f 2547/2547 2512/2512 2522/2522
f 2542/2542 2495/2495 2548/2548
f 2529/2529 2496/2496 2543/2543
f 2428/2428 2451/2451 2549/2549
f 2536/2536 2518/2518 2550/2550
f 2550/2550 2518/2518 2507/2507
f 2537/2537 2514/2514 2551/2551
f 2530/2530 2499/2499 2524/2524
f 2544/2544 2545/2545 2552/2552
f 2532/2532 2528/2528 2553/2553
f 2546/2546 2517/2517 2534/2534
f 2554/2554 2513/2513 2483/2483
f 2523/2523 2441/2441 2555/2555
f 2441/2441 2428/2428 2549/2549
f 2556/2556 2451/2451 2525/2525
f 1320/1320 1252/1252 1411/1411
f 2557/2557 2508/2508 2529/2529
f 2558/2558 2537/2537 2559/2559
f 2551/2551 2514/2514 2530/2530
f 2560/2560 2524/2524 2538/2538
f 2541/2541 2504/2504 2544/2544
f 2554/2554 2483/2483 2542/2542
f 2506/2506 2450/2450 2561/2561
f 2562/2562 2469/2469 2523/2523
f 2463/2463 2508/2508 2563/2563
f 2543/2543 2510/2510 2564/2564
f 2526/2526 2537/2537 2558/2558
f 2551/2551 2530/2530 2565/2565
f 2539/2539 2516/2516 2566/2566
f 2545/2545 2531/2531 2567/2567
f 2547/2547 2522/2522 2568/2568
f 2522/2522 2513/2513 2569/2569
f 2563/2563 2508/2508 2557/2557
f 2510/2510 2526/2526 2564/2564
f 2560/2560 2530/2530 2524/2524
f 2516/2516 2520/2520 2566/2566
f 2566/2566 2520/2520 2540/2540
f 2527/2527 2541/2541 2570/2570
f 2571/2571 2532/2532 2553/2553
f 2553/2553 2528/2528 2533/2533
f 2457/2457 2413/2413 2572/2572
f 2572/2572 2413/2413 2431/2431
f 2573/2573 2536/2536 2550/2550
f 1421/1421 1176/1176 2463/2463
f 2574/2574 2557/2557 2529/2529
f 2529/2529 2543/2543 2575/2575
f 2564/2564 2526/2526 2558/2558
f 2559/2559 2537/2537 2551/2551
f 2540/2540 2527/2527 2576/2576
f 2576/2576 2527/2527 2570/2570
f 2577/2577 2544/2544 2552/2552
f 2578/2578 2532/2532 2571/2571
f 2579/2579 2546/2546 2580/2580
f 2546/2546 2534/2534 2580/2580
f 2580/2580 2534/2534 2547/2547
f 2549/2549 2451/2451 2556/2556
f 2563/2563 2557/2557 2574/2574
f 2575/2575 2543/2543 2581/2581
f 2582/2582 2530/2530 2560/2560
f 2583/2583 2541/2541 2544/2544
f 2552/2552 2545/2545 2567/2567
f 2567/2567 2531/2531 2578/2578
f 2578/2578 2531/2531 2532/2532
f 2533/2533 2546/2546 2579/2579
f 2568/2568 2522/2522 2569/2569
f 2569/2569 2513/2513 2554/2554
f 2584/2584 2525/2525 2535/2535
f 1444/1444 1351/1351 1293/1293
f 2433/2433 1311/1311 1412/1412
f 2574/2574 2529/2529 2575/2575
f 2581/2581 2543/2543 2564/2564
f 2565/2565 2530/2530 2582/2582
f 2582/2582 2560/2560 2585/2585
f 2560/2560 2538/2538 2585/2585
f 2553/2553 2533/2533 2579/2579
f 2550/2550 2507/2507 2586/2586
f 2564/2564 2558/2558 2587/2587
f 2538/2538 2539/2539 2588/2588
f 2570/2570 2541/2541 2583/2583
f 2555/2555 2441/2441 2589/2589
f 2589/2589 2441/2441 2549/2549
f 2535/2535 2457/2457 2590/2590
f 2590/2590 2457/2457 2572/2572
f 2558/2558 2559/2559 2591/2591
f 2585/2585 2538/2538 2592/2592
f 2539/2539 2566/2566 2593/2593
f 2588/2588 2539/2539 2593/2593
f 2593/2593 2566/2566 2540/2540
f 2583/2583 2544/2544 2577/2577
f 1384/1384 1451/1451 1403/1403
f 2594/2594 2463/2463 2563/2563
f 2587/2587 2558/2558 2591/2591
f 2595/2595 2565/2565 2582/2582
f 2569/2569 2554/2554 2542/2542
f 2572/2572 2431/2431 2596/2596
f 2597/2597 2433/2433 1412/1412
f 1421/1421 2463/2463 2594/2594
f 2598/2598 2564/2564 2587/2587
f 2592/2592 2538/2538 2588/2588
f 2593/2593 2540/2540 2599/2599
f 2570/2570 2583/2583 2600/2600
f 2571/2571 2553/2553 2601/2601
f 2553/2553 2579/2579 2602/2602
f 2580/2580 2547/2547 2603/2603
f 2568/2568 2603/2603 2547/2547
f 2569/2569 2542/2542 2604/2604
f 2549/2549 2556/2556 2605/2605
f 2556/2556 2525/2525 2584/2584
f 2573/2573 2550/2550 2606/2606
f 2606/2606 2550/2550 2586/2586
f 2594/2594 2563/2563 2607/2607
f 2581/2581 2564/2564 2598/2598
f 2591/2591 2559/2559 2608/2608
f 2608/2608 2559/2559 2551/2551
f 2540/2540 2576/2576 2599/2599
f 2609/2609 2576/2576 2570/2570
f 2578/2578 2571/2571 2601/2601
f 2601/2601 2553/2553 2610/2610
f 2610/2610 2553/2553 2602/2602
f 2579/2579 2580/2580 2603/2603
f 2548/2548 2495/2495 2611/2611
f 2611/2611 2495/2495 2506/2506
f 2562/2562 2523/2523 2612/2612
f 2612/2612 2523/2523 2555/2555
f 2613/2613 2574/2574 2575/2575
f 2551/2551 2565/2565 2614/2614
f 2608/2608 2551/2551 2614/2614
f 2615/2615 2582/2582 2585/2585
f 2616/2616 2573/2573 2606/2606
f 2607/2607 2563/2563 2574/2574
f 2595/2595 2582/2582 2615/2615
f 2592/2592 2588/2588 2617/2617
f 2618/2618 2552/2552 2567/2567
f 2619/2619 2568/2568 2569/2569
f 2611/2611 2506/2506 2561/2561
f 2612/2612 2555/2555 2589/2589
f 2594/2594 2607/2607 2620/2620
f 2585/2585 2592/2592 2621/2621
f 2621/2621 2592/2592 2617/2617
f 2588/2588 2593/2593 2622/2622
f 2599/2599 2576/2576 2609/2609
f 2604/2604 2542/2542 2623/2623
f 2611/2611 2542/2542 2548/2548
f 2598/2598 2587/2587 2624/2624
f 2615/2615 2585/2585 2621/2621
f 2617/2617 2588/2588 2622/2622
f 2577/2577 2600/2600 2583/2583
f 2579/2579 2603/2603 2625/2625
f 2623/2623 2542/2542 2611/2611
f 1451/1451 1466/1466 1491/1491
f 2607/2607 2574/2574 2613/2613
f 2575/2575 2581/2581 2626/2626
f 2626/2626 2581/2581 2598/2598
f 2624/2624 2587/2587 2627/2627
f 2591/2591 2608/2608 2628/2628
f 2614/2614 2565/2565 2595/2595
f 2578/2578 2601/2601 2629/2629
f 2602/2602 2579/2579 2630/2630
f 2630/2630 2579/2579 2625/2625
f 2603/2603 2568/2568 2619/2619
f 2619/2619 2569/2569 2604/2604
f 1469/1469 1438/1438 1516/1516
f 2627/2627 2587/2587 2591/2591
f 2631/2631 2591/2591 2628/2628
f 2614/2614 2595/2595 2632/2632
f 2633/2633 2600/2600 2577/2577
f 2577/2577 2552/2552 2618/2618
f 2634/2634 2556/2556 2584/2584
f 2606/2606 2586/2586 2635/2635
f 2626/2626 2598/2598 2624/2624
f 2627/2627 2591/2591 2631/2631
f 2608/2608 2614/2614 2636/2636
f 2632/2632 2595/2595 2615/2615
f 2637/2637 2617/2617 2622/2622
f 2570/2570 2600/2600 2638/2638
f 2633/2633 2577/2577 2639/2639
f 2567/2567 2578/2578 2629/2629
f 2640/2640 2601/2601 2610/2610
f 2625/2625 2603/2603 2641/2641
f 2603/2603 2619/2619 2641/2641
f 2642/2642 2619/2619 2604/2604
f 2589/2589 2549/2549 2605/2605
f 2605/2605 2556/2556 2634/2634
f 2616/2616 2606/2606 2643/2643
f 2643/2643 2606/2606 2635/2635
f 2613/2613 2575/2575 2626/2626
f 2621/2621 2617/2617 2637/2637
f 2638/2638 2600/2600 2633/2633
f 2577/2577 2618/2618 2639/2639
f 2618/2618 2567/2567 2629/2629
f 2642/2642 2604/2604 2623/2623
f 2584/2584 2535/2535 2644/2644
f 2644/2644 2535/2535 2590/2590
f 2628/2628 2608/2608 2636/2636
f 2645/2645 2593/2593 2599/2599
f 2597/2597 1412/1412 1497/1497
f 2615/2615 2621/2621 2646/2646
f 2646/2646 2621/2621 2637/2637
f 2641/2641 2619/2619 2647/2647
f 2619/2619 2642/2642 2647/2647
f 2648/2648 2605/2605 2634/2634
f 2613/2613 2626/2626 2649/2649
f 2650/2650 2633/2633 2639/2639
f 2640/2640 2610/2610 2651/2651
f 2651/2651 2610/2610 2602/2602
f 2652/2652 2625/2625 2641/2641
f 2623/2623 2611/2611 2653/2653
f 2611/2611 2561/2561 2654/2654
f 2655/2655 2616/2616 2643/2643
f 2620/2620 2607/2607 2656/2656
f 2626/2626 2624/2624 2657/2657
f 2614/2614 2632/2632 2658/2658
f 2639/2639 2618/2618 2659/2659
f 2651/2651 2602/2602 2630/2630
f 1535/1535 1484/1484 1588/1588
f 1421/1421 2594/2594 2660/2660
f 2660/2660 2594/2594 2620/2620
f 2607/2607 2613/2613 2661/2661
f 2662/2662 2624/2624 2627/2627
f 2632/2632 2615/2615 2663/2663
f 2622/2622 2593/2593 2645/2645
f 2645/2645 2599/2599 2664/2664
f 2599/2599 2609/2609 2664/2664
f 2659/2659 2618/2618 2629/2629
f 2629/2629 2601/2601 2665/2665
f 2653/2653 2611/2611 2654/2654
f 2666/2666 2562/2562 2612/2612
f 2655/2655 2643/2643 2667/2667
f 2643/2643 2635/2635 2668/2668
f 2667/2667 2643/2643 2668/2668
f 2656/2656 2607/2607 2661/2661
f 2661/2661 2613/2613 2649/2649
f 2636/2636 2614/2614 2658/2658
f 2663/2663 2615/2615 2646/2646
f 2646/2646 2637/2637 2669/2669
f 2664/2664 2609/2609 2670/2670
f 2609/2609 2570/2570 2670/2670
f 2670/2670 2570/2570 2638/2638
f 2671/2671 2638/2638 2633/2633
f 2671/2671 2633/2633 2650/2650
f 2665/2665 2640/2640 2672/2672
f 2630/2630 2625/2625 2652/2652
f 2642/2642 2623/2623 2673/2673
f 2612/2612 2589/2589 2674/2674
f 1632/1632 1526/1526 1580/1580
f 2660/2660 2620/2620 2675/2675
f 2624/2624 2662/2662 2657/2657
f 2662/2662 2627/2627 2631/2631
f 2650/2650 2639/2639 2676/2676
f 2659/2659 2629/2629 2677/2677
f 2677/2677 2629/2629 2665/2665
f 2665/2665 2601/2601 2640/2640
f 2672/2672 2640/2640 2651/2651
f 2641/2641 2647/2647 2678/2678
f 2678/2678 2647/2647 2642/2642
f 2679/2679 2623/2623 2653/2653
f 2680/2680 2589/2589 2605/2605
f 2681/2681 1600/1600 1599/1599
f 1560/1560 1421/1421 2660/2660
f 2649/2649 2626/2626 2657/2657
f 2638/2638 2671/2671 2682/2682
f 2676/2676 2639/2639 2659/2659
f 2652/2652 2641/2641 2678/2678
f 2634/2634 2584/2584 2683/2683
f 2684/2684 2628/2628 2636/2636
f 2663/2663 2646/2646 2669/2669
f 2669/2669 2637/2637 2685/2685
f 2637/2637 2622/2622 2685/2685
f 2670/2670 2638/2638 2682/2682
f 2671/2671 2650/2650 2676/2676
f 2665/2665 2672/2672 2686/2686
f 2678/2678 2642/2642 2687/2687
f 2673/2673 2623/2623 2679/2679
f 2683/2683 2584/2584 2644/2644
f 2675/2675 2620/2620 2656/2656
f 2685/2685 2622/2622 2688/2688
f 2688/2688 2622/2622 2645/2645
f 2689/2689 2645/2645 2664/2664
f 2676/2676 2659/2659 2677/2677
f 2687/2687 2642/2642 2673/2673
f 2648/2648 2634/2634 2683/2683
f 2648/2648 2683/2683 2690/2690
f 2655/2655 2667/2667 2691/2691
f 2692/2692 2655/2655 2691/2691
f 2691/2691 2667/2667 2668/2668
f 2662/2662 2631/2631 2693/2693
f 2693/2693 2631/2631 2684/2684
f 2631/2631 2628/2628 2684/2684
f 2684/2684 2636/2636 2658/2658
f 2694/2694 2632/2632 2663/2663
f 2695/2695 2665/2665 2686/2686
f 2696/2696 2672/2672 2651/2651
f 2679/2679 2653/2653 2697/2697
f 2697/2697 2653/2653 2654/2654
f 2658/2658 2632/2632 2694/2694
f 2676/2676 2677/2677 2698/2698
f 2677/2677 2665/2665 2695/2695
f 2696/2696 2651/2651 2699/2699
f 2699/2699 2651/2651 2630/2630
f 2699/2699 2630/2630 2652/2652
f 2697/2697 2654/2654 2700/2700
f 2674/2674 2589/2589 2701/2701
f 2701/2701 2589/2589 2680/2680
f 2680/2680 2605/2605 2702/2702
f 2605/2605 2648/2648 2702/2702
f 2703/2703 2663/2663 2669/2669
f 2704/2704 2669/2669 2705/2705
f 2669/2669 2685/2685 2705/2705
f 2706/2706 2682/2682 2671/2671
f 2671/2671 2676/2676 2706/2706
f 2686/2686 2672/2672 2696/2696
f 2687/2687 2673/2673 2707/2707
f 2708/2708 2666/2666 2612/2612
f 2709/2709 2661/2661 2649/2649
f 2685/2685 2688/2688 2705/2705
f 2688/2688 2645/2645 2689/2689
f 2689/2689 2664/2664 2670/2670
f 2707/2707 2673/2673 2679/2679
f 1637/1637 1584/1584 1696/1696
f 2694/2694 2663/2663 2703/2703
f 2688/2688 2689/2689 1753/1753
f 2689/2689 2670/2670 2710/2710
f 2710/2710 2670/2670 2682/2682
f 2698/2698 2677/2677 2695/2695
f 2695/2695 2686/2686 2711/2711
f 2696/2696 2699/2699 2712/2712
f 2699/2699 2652/2652 2713/2713
f 2713/2713 2652/2652 2678/2678
f 2713/2713 2678/2678 2687/2687
f 2683/2683 2644/2644 2714/2714
f 1594/1594 1630/1630 1732/1732
f 2691/2691 2668/2668 2715/2715
f 2660/2660 2675/2675 2716/2716
f 2716/2716 2675/2675 2656/2656
f 2709/2709 2649/2649 2717/2717
f 2717/2717 2649/2649 2657/2657
f 2657/2657 2662/2662 2717/2717
f 2717/2717 2662/2662 2693/2693
f 2718/2718 2705/2705 2688/2688
f 2710/2710 2682/2682 2719/2719
f 2719/2719 2682/2682 2706/2706
f 2698/2698 2706/2706 2676/2676
f 2711/2711 2686/2686 2696/2696
f 2713/2713 2687/2687 2720/2720
f 2720/2720 2687/2687 2721/2721
f 2687/2687 2707/2707 2721/2721
f 2707/2707 2679/2679 2697/2697
f 2714/2714 2644/2644 2590/2590
f 2597/2597 1497/1497 1597/1597
f 2716/2716 2656/2656 2722/2722
f 2656/2656 2661/2661 2722/2722
f 2722/2722 2661/2661 2709/2709
f 2684/2684 2658/2658 2694/2694
f 2719/2719 2706/2706 2723/2723
f 2724/2724 2706/2706 2698/2698
f 2725/2725 2695/2695 2711/2711
f 2726/2726 2699/2699 2713/2713
f 2721/2721 2707/2707 2727/2727
f 2727/2727 2707/2707 2697/2697
f 2714/2714 2590/2590 2728/2728
f 2728/2728 2590/2590 2572/2572
f 1560/1560 2660/2660 2729/2729
f 1751/1751 1753/1753 2689/2689
f 2698/2698 2695/2695 2725/2725
f 2711/2711 2696/2696 2730/2730
f 2730/2730 2696/2696 2712/2712
f 2712/2712 2699/2699 2726/2726
f 2701/2701 2680/2680 2702/2702
f 2728/2728 2572/2572 2731/2731
f 2731/2731 2572/2572 2596/2596
f 2732/2732 2684/2684 2694/2694
f 2703/2703 2669/2669 2704/2704
f 2718/2718 2688/2688 1753/1753
f 2723/2723 2706/2706 2724/2724
f 2730/2730 2712/2712 2733/2733
f 2712/2712 2726/2726 2734/2734
f 2726/2726 2713/2713 2735/2735
f 2713/2713 2720/2720 2735/2735
f 2736/2736 2697/2697 2700/2700
f 1751/1751 2689/2689 2710/2710
f 2735/2735 2720/2720 2737/2737
f 2737/2737 2720/2720 2738/2738
f 2738/2738 2720/2720 2721/2721
f 2738/2738 2721/2721 2727/2727
f 2738/2738 2727/2727 2739/2739
f 2739/2739 2727/2727 2697/2697
f 2740/2740 2674/2674 2701/2701
f 2692/2692 2691/2691 2741/2741
f 2741/2741 2691/2691 2715/2715
f 1726/1726 1560/1560 2729/2729
f 2729/2729 2660/2660 2716/2716
f 2717/2717 2693/2693 2742/2742
f 2742/2742 2693/2693 2743/2743
f 2693/2693 2684/2684 2743/2743
f 2743/2743 2684/2684 2732/2732
f 2744/2744 2732/2732 2694/2694
f 2694/2694 2703/2703 2744/2744
f 2745/2745 2710/2710 2719/2719
f 2724/2724 2698/2698 2746/2746
f 2746/2746 2698/2698 2725/2725
f 2746/2746 2725/2725 2747/2747
f 2747/2747 2725/2725 2748/2748
f 2748/2748 2725/2725 2711/2711
f 2748/2748 2711/2711 2749/2749
f 2711/2711 2730/2730 2749/2749
f 2749/2749 2730/2730 2750/2750
f 2730/2730 2733/2733 2750/2750
f 2712/2712 2734/2734 2733/2733
f 2708/2708 2612/2612 2751/2751
f 2751/2751 2612/2612 2674/2674
f 2752/2752 2692/2692 2741/2741
f 1691/1691 1743/1743 1675/1675
f 2729/2729 2716/2716 2753/2753
f 2716/2716 2722/2722 2753/2753
f 2722/2722 2709/2709 2753/2753
f 2753/2753 2709/2709 2754/2754
f 2709/2709 2717/2717 2754/2754
f 2754/2754 2717/2717 2742/2742
f 2744/2744 2703/2703 2755/2755
f 2755/2755 2703/2703 2704/2704
f 2726/2726 2735/2735 2734/2734
f 2734/2734 2735/2735 2756/2756
f 2739/2739 2697/2697 2736/2736
f 2757/2757 2701/2701 2702/2702
f 2758/2758 2753/2753 2754/2754
f 2704/2704 2705/2705 2718/2718
f 2718/2718 1753/1753 1752/1752
f 2745/2745 2719/2719 2723/2723
f 2746/2746 2747/2747 2759/2759
f 2759/2759 2747/2747 2748/2748
f 2760/2760 2750/2750 2733/2733
f 2760/2760 2733/2733 2761/2761
f 2733/2733 2734/2734 2761/2761
f 2756/2756 2735/2735 2737/2737
f 2762/2762 2648/2648 2690/2690
f 2763/2763 2683/2683 2714/2714
f 2731/2731 2596/2596 2764/2764
f 2765/2765 2597/2597 1597/1597
f 2755/2755 2704/2704 2766/2766
f 2766/2766 2704/2704 2718/2718
f 2766/2766 2718/2718 2767/2767
f 2768/2768 1751/1751 2745/2745
f 2745/2745 1751/1751 2710/2710
f 2769/2769 2745/2745 2723/2723
f 2723/2723 2724/2724 2769/2769
f 2724/2724 2746/2746 2769/2769
f 2759/2759 2748/2748 2770/2770
f 2770/2770 2748/2748 2749/2749
f 2749/2749 2750/2750 2760/2760
f 2739/2739 2736/2736 2771/2771
f 2736/2736 2700/2700 2772/2772
f 2773/2773 2708/2708 2751/2751
f 2757/2757 2702/2702 2762/2762
f 2762/2762 2702/2702 2648/2648
f 2690/2690 2683/2683 2762/2762
f 1864/1864 2752/2752 2741/2741
f 1726/1726 2729/2729 2774/2774
f 1752/1752 1751/1751 2768/2768
f 2774/2774 2729/2729 2775/2775
f 2775/2775 2729/2729 2776/2776
f 2776/2776 2729/2729 2753/2753
f 2776/2776 2753/2753 2758/2758
f 2758/2758 2754/2754 2777/2777
f 2777/2777 2754/2754 2778/2778
f 2743/2743 2732/2732 1819/1819
f 2732/2732 2744/2744 1822/1822
f 2767/2767 2718/2718 1752/1752
f 2779/2779 2769/2769 2746/2746
f 2780/2780 2749/2749 2760/2760
f 2780/2780 2760/2760 2781/2781
f 2781/2781 2760/2760 2761/2761
f 2771/2771 2736/2736 2782/2782
f 2782/2782 2736/2736 2772/2772
f 2762/2762 2683/2683 2763/2763
f 2765/2765 1597/1597 1835/1835
f 1785/1785 1726/1726 2774/2774
f 1824/1824 2755/2755 2783/2783
f 2783/2783 2755/2755 2766/2766
f 2742/2742 2743/2743 1819/1819
f 2744/2744 2755/2755 1824/1824
f 2779/2779 2746/2746 2784/2784
f 2746/2746 2759/2759 2785/2785
f 2759/2759 2770/2770 2785/2785
f 2770/2770 2749/2749 2786/2786
f 2786/2786 2749/2749 2780/2780
f 2781/2781 2761/2761 2787/2787
f 2787/2787 2761/2761 2788/2788
f 2788/2788 2761/2761 2734/2734
f 2756/2756 2737/2737 2789/2789
f 2789/2789 2737/2737 2790/2790
f 2790/2790 2737/2737 2738/2738
f 2738/2738 2739/2739 2791/2791
f 2739/2739 2771/2771 2791/2791
f 2751/2751 2674/2674 2792/2792
f 2792/2792 2674/2674 2740/2740
f 2762/2762 2763/2763 2793/2793
f 2763/2763 2714/2714 2794/2794
f 2794/2794 2714/2714 2728/2728
f 1864/1864 2741/2741 2795/2795
f 2795/2795 2741/2741 2715/2715
f 2795/2795 2715/2715 1894/1894
f 2776/2776 2758/2758 2777/2777
f 2778/2778 2754/2754 1818/1818
f 1818/1818 2754/2754 2742/2742
f 2742/2742 1819/1819 1818/1818
f 1819/1819 2732/2732 1822/1822
f 1822/1822 2744/2744 1824/1824
f 2767/2767 1752/1752 2768/2768
f 2768/2768 2745/2745 2796/2796
f 2745/2745 2769/2769 2796/2796
f 2796/2796 2769/2769 2797/2797
f 2797/2797 2769/2769 2779/2779
f 2784/2784 2746/2746 2785/2785
f 2785/2785 2770/2770 2798/2798
f 2798/2798 2770/2770 2786/2786
f 2780/2780 2781/2781 2799/2799
f 2799/2799 2781/2781 2787/2787
f 2734/2734 2756/2756 2800/2800
f 2788/2788 2734/2734 2800/2800
f 2800/2800 2756/2756 2789/2789
f 2790/2790 2738/2738 2801/2801
f 2738/2738 2791/2791 2801/2801
f 2801/2801 2791/2791 2782/2782
f 2782/2782 2791/2791 2771/2771
f 2782/2782 2772/2772 2802/2802
f 2803/2803 2773/2773 2751/2751
f 2804/2804 2757/2757 2762/2762
f 2805/2805 2762/2762 2793/2793
f 2767/2767 2768/2768 2806/2806
f 1785/1785 2774/2774 2775/2775
f 2806/2806 2768/2768 2807/2807
f 2807/2807 2768/2768 2796/2796
f 2797/2797 2779/2779 2784/2784
f 2787/2787 2788/2788 2800/2800
f 2800/2800 2789/2789 2790/2790
f 2808/2808 2801/2801 2782/2782
f 2808/2808 2782/2782 2802/2802
f 2803/2803 2751/2751 2792/2792
f 2740/2740 2701/2701 2804/2804
f 2804/2804 2701/2701 2757/2757
f 1818/1818 1820/1820 1839/1839
f 1817/1817 1785/1785 2809/2809
f 2809/2809 1785/1785 2775/2775
f 2809/2809 2775/2775 2810/2810
f 2810/2810 2775/2775 2811/2811
f 2811/2811 2775/2775 2776/2776
f 2811/2811 2776/2776 2777/2777
f 2811/2811 2777/2777 2812/2812
f 2812/2812 2777/2777 2813/2813
f 2777/2777 2778/2778 2813/2813
f 2813/2813 2778/2778 1840/1840
f 2778/2778 1818/1818 1840/1840
f 1823/1823 1824/1824 2814/2814
f 2814/2814 1824/1824 2783/2783
f 2783/2783 2766/2766 2814/2814
f 2814/2814 2766/2766 2815/2815
f 2766/2766 2767/2767 2815/2815
f 2815/2815 2767/2767 2816/2816
f 2816/2816 2767/2767 2806/2806
f 2816/2816 2806/2806 2817/2817
f 2806/2806 2807/2807 2817/2817
f 2817/2817 2807/2807 2818/2818
f 2807/2807 2796/2796 2818/2818
f 2818/2818 2796/2796 2819/2819
f 2796/2796 2797/2797 2819/2819
f 2797/2797 2784/2784 2820/2820
f 2819/2819 2797/2797 2820/2820
f 2820/2820 2784/2784 2821/2821
f 2821/2821 2784/2784 2785/2785
f 2821/2821 2785/2785 2822/2822
f 2822/2822 2785/2785 2798/2798
f 2822/2822 2798/2798 2823/2823
f 2823/2823 2798/2798 2786/2786
f 2823/2823 2786/2786 2780/2780
f 2823/2823 2780/2780 2824/2824
f 2780/2780 2799/2799 2824/2824
f 2824/2824 2799/2799 2825/2825
f 2825/2825 2799/2799 2787/2787
f 2787/2787 2800/2800 2825/2825
f 2825/2825 2800/2800 2826/2826
f 2800/2800 2790/2790 2826/2826
f 2826/2826 2790/2790 2827/2827
f 2827/2827 2790/2790 2801/2801
f 2827/2827 2801/2801 2808/2808
f 2808/2808 2802/2802 2828/2828
f 2828/2828 2802/2802 2829/2829
f 2793/2793 2763/2763 2794/2794
f 1864/1864 2795/2795 1893/1893
f 1893/1893 2795/2795 1894/1894
f 1855/1855 1838/1838 1837/1837
f 2830/2830 1817/1817 2809/2809
f 2830/2830 2809/2809 2831/2831
f 2831/2831 2809/2809 2832/2832
f 2809/2809 2810/2810 2833/2833
f 2832/2832 2809/2809 2833/2833
f 2810/2810 2811/2811 2833/2833
f 2833/2833 2811/2811 2834/2834
f 2834/2834 2811/2811 2812/2812
f 2812/2812 2813/2813 2835/2835
f 2813/2813 1840/1840 2835/2835
f 2835/2835 1840/1840 2836/2836
f 2836/2836 1840/1840 2837/2837
f 1840/1840 1839/1839 1820/1820
f 2837/2837 1840/1840 1820/1820
f 1820/1820 1821/1821 2837/2837
f 2837/2837 1821/1821 2838/2838
f 1821/1821 1823/1823 2838/2838
f 2838/2838 1823/1823 2839/2839
f 2839/2839 1823/1823 2814/2814
f 2839/2839 2814/2814 2840/2840
f 2840/2840 2814/2814 2841/2841
f 2814/2814 2815/2815 2842/2842
f 2841/2841 2814/2814 2842/2842
f 2842/2842 2815/2815 2816/2816
f 2842/2842 2816/2816 2843/2843
f 2843/2843 2816/2816 2817/2817
f 2817/2817 2818/2818 2843/2843
f 2843/2843 2818/2818 2844/2844
f 2818/2818 2819/2819 2844/2844
f 2819/2819 2820/2820 2844/2844
f 2844/2844 2820/2820 2845/2845
f 2845/2845 2820/2820 2821/2821
f 2845/2845 2821/2821 2846/2846
f 2821/2821 2822/2822 2846/2846
f 2846/2846 2822/2822 2847/2847
f 2847/2847 2822/2822 2823/2823
f 2847/2847 2823/2823 2848/2848
f 2848/2848 2823/2823 2824/2824
f 2848/2848 2824/2824 2849/2849
f 2824/2824 2825/2825 2850/2850
f 2849/2849 2824/2824 2850/2850
f 2825/2825 2826/2826 2850/2850
f 2850/2850 2826/2826 2851/2851
f 2851/2851 2826/2826 2827/2827
f 2851/2851 2827/2827 2852/2852
f 2852/2852 2827/2827 2853/2853
f 2853/2853 2827/2827 2808/2808
f 2853/2853 2808/2808 2854/2854
f 2854/2854 2808/2808 2828/2828
f 2792/2792 2740/2740 2855/2855
f 2804/2804 2762/2762 2856/2856
f 2856/2856 2762/2762 2805/2805
f 1865/1865 1864/1864 1893/1893
f 1865/1865 1893/1893 1931/1931
f 1931/1931 1893/1893 1895/1895
f 1804/1804 1696/1696 1842/1842
f 1890/1890 1769/1769 1899/1899
f 2857/2857 2833/2833 2834/2834
f 2834/2834 2812/2812 2858/2858
f 2858/2858 2812/2812 2835/2835
f 2836/2836 2837/2837 2859/2859
f 2859/2859 2837/2837 2838/2838
f 2839/2839 2840/2840 2860/2860
f 2860/2860 2840/2840 2841/2841
f 2860/2860 2841/2841 2861/2861
f 2841/2841 2842/2842 2861/2861
f 2861/2861 2842/2842 2862/2862
f 2842/2842 2843/2843 2862/2862
f 2862/2862 2843/2843 2863/2863
f 2843/2843 2844/2844 2863/2863
f 2863/2863 2844/2844 2864/2864
f 2864/2864 2844/2844 2865/2865
f 2865/2865 2844/2844 2845/2845
f 2865/2865 2845/2845 2866/2866
f 2845/2845 2846/2846 2866/2866
f 2866/2866 2846/2846 2867/2867
f 2846/2846 2847/2847 2867/2867
f 2867/2867 2847/2847 2868/2868
f 2832/2832 2833/2833 2857/2857
f 2868/2868 2847/2847 2848/2848
f 2868/2868 2848/2848 2869/2869
f 2868/2868 2869/2869 2870/2870
f 2869/2869 2848/2848 2849/2849
f 2869/2869 2849/2849 2871/2871
f 2870/2870 2869/2869 2871/2871
f 2870/2870 2871/2871 2872/2872
f 2849/2849 2850/2850 2873/2873
f 2871/2871 2849/2849 2873/2873
f 2872/2872 2871/2871 2873/2873
f 2872/2872 2873/2873 2874/2874
f 2874/2874 2873/2873 2875/2875
f 2873/2873 2850/2850 2875/2875
f 2875/2875 2850/2850 2876/2876
f 2850/2850 2851/2851 2877/2877
f 2876/2876 2850/2850 2877/2877
f 2876/2876 2877/2877 2878/2878
f 2877/2877 2851/2851 2852/2852
f 2877/2877 2852/2852 2879/2879
f 2877/2877 2879/2879 2878/2878
f 2878/2878 2879/2879 2880/2880
f 2880/2880 2879/2879 2881/2881
f 2879/2879 2852/2852 2853/2853
f 2879/2879 2853/2853 2881/2881
f 2881/2881 2853/2853 2854/2854
f 2881/2881 2854/2854 2882/2882
f 2882/2882 2854/2854 2828/2828
f 2828/2828 2829/2829 2883/2883
f 2882/2882 2828/2828 2883/2883
f 2855/2855 2740/2740 2884/2884
f 2740/2740 2804/2804 2884/2884
f 2884/2884 2804/2804 2885/2885
f 2885/2885 2804/2804 2856/2856
f 2886/2886 1931/1931 1895/1895
f 1931/1931 2886/2886 1953/1953
f 1899/1899 1900/1900 1890/1890
f 2887/2887 2830/2830 2888/2888
f 2888/2888 2830/2830 2831/2831
f 2887/2887 2888/2888 2889/2889
f 2888/2888 2831/2831 2889/2889
f 2889/2889 2831/2831 2890/2890
f 2831/2831 2832/2832 2890/2890
f 2832/2832 2857/2857 2890/2890
f 2890/2890 2857/2857 2891/2891
f 2857/2857 2834/2834 2858/2858
f 2857/2857 2858/2858 2891/2891
f 2891/2891 2858/2858 2892/2892
f 2858/2858 2835/2835 2893/2893
f 2892/2892 2858/2858 2893/2893
f 2893/2893 2835/2835 2859/2859
f 2892/2892 2893/2893 2859/2859
f 2892/2892 2859/2859 2894/2894
f 2859/2859 2835/2835 2836/2836
f 2894/2894 2859/2859 2895/2895
f 2859/2859 2838/2838 2895/2895
f 2895/2895 2838/2838 2839/2839
f 2895/2895 2839/2839 2896/2896
f 2896/2896 2839/2839 2860/2860
f 2860/2860 2861/2861 2897/2897
f 2896/2896 2860/2860 2897/2897
f 2896/2896 2897/2897 2898/2898
f 2897/2897 2861/2861 2899/2899
f 2897/2897 2899/2899 2898/2898
f 2899/2899 2861/2861 2862/2862
f 2898/2898 2899/2899 2900/2900
f 2899/2899 2862/2862 2863/2863
f 2899/2899 2863/2863 2901/2901
f 2899/2899 2901/2901 2900/2900
f 2900/2900 2901/2901 2902/2902
f 2901/2901 2863/2863 2903/2903
f 2901/2901 2903/2903 2902/2902
f 2903/2903 2863/2863 2864/2864
f 2902/2902 2903/2903 2904/2904
f 2904/2904 2903/2903 2905/2905
f 2903/2903 2864/2864 2865/2865
f 2905/2905 2903/2903 2865/2865
f 2865/2865 2866/2866 2906/2906
f 2865/2865 2906/2906 2905/2905
f 2905/2905 2906/2906 2907/2907
f 2907/2907 2906/2906 2908/2908
f 2906/2906 2866/2866 2909/2909
f 2906/2906 2909/2909 2908/2908
f 2909/2909 2866/2866 2867/2867
f 2908/2908 2909/2909 2910/2910
f 2910/2910 2909/2909 2911/2911
f 2909/2909 2867/2867 2912/2912
f 2909/2909 2912/2912 2911/2911
f 2912/2912 2867/2867 2868/2868
f 2912/2912 2868/2868 2911/2911
f 2911/2911 2868/2868 2870/2870
f 2913/2913 2870/2870 2872/2872
f 2913/2913 2872/2872 2874/2874
f 2914/2914 2915/2915 2916/2916
f 2914/2914 2916/2916 2917/2917
f 2917/2917 2916/2916 2918/2918
f 2918/2918 2919/2919 2920/2920
f 2917/2917 2918/2918 2920/2920
f 2876/2876 2878/2878 2921/2921
f 2878/2878 2880/2880 2921/2921
f 2921/2921 2880/2880 2922/2922
f 2919/2919 2923/2923 2920/2920
f 2920/2920 2923/2923 2924/2924
f 2922/2922 2880/2880 2881/2881
f 2922/2922 2881/2881 2925/2925
f 2923/2923 2926/2926 2924/2924
f 2924/2924 2926/2926 2927/2927
f 2927/2927 2926/2926 2928/2928
f 2881/2881 2882/2882 2925/2925
f 2929/2929 2930/2930 2931/2931
f 2932/2932 2855/2855 2884/2884
f 2885/2885 2856/2856 2933/2933
f 1939/1939 1871/1871 1965/1965
f 1967/1967 1966/1966 2934/2934
f 2934/2934 1966/1966 2935/2935
f 2934/2934 2935/2935 2936/2936
f 2934/2934 2936/2936 2937/2937
f 2937/2937 2936/2936 2938/2938
f 2938/2938 2936/2936 2939/2939
f 2938/2938 2939/2939 2940/2940
f 2940/2940 2939/2939 2941/2941
f 2940/2940 2941/2941 2942/2942
f 2942/2942 2941/2941 2943/2943
f 2943/2943 2941/2941 2944/2944
f 2943/2943 2944/2944 2945/2945
f 2944/2944 2946/2946 2945/2945
f 2945/2945 2946/2946 2947/2947
f 2946/2946 2948/2948 2947/2947
f 2947/2947 2948/2948 2949/2949
f 2949/2949 2948/2948 2950/2950
f 2949/2949 2950/2950 2951/2951
f 2951/2951 2950/2950 2952/2952
f 2951/2951 2952/2952 2953/2953
f 2952/2952 2954/2954 2953/2953
f 2953/2953 2954/2954 2955/2955
f 2954/2954 2956/2956 2955/2955
f 2956/2956 2957/2957 2955/2955
f 2955/2955 2957/2957 2958/2958
f 2958/2958 2957/2957 2959/2959
f 2957/2957 2960/2960 2959/2959
f 2959/2959 2960/2960 2961/2961
f 2959/2959 2961/2961 2962/2962
f 2959/2959 2962/2962 2963/2963
f 2963/2963 2962/2962 2964/2964
f 2962/2962 2961/2961 2965/2965
f 2962/2962 2965/2965 2964/2964
f 2965/2965 2961/2961 2966/2966
f 2964/2964 2965/2965 2967/2967
f 2965/2965 2966/2966 2968/2968
f 2965/2965 2968/2968 2969/2969
f 2965/2965 2969/2969 2967/2967
f 2967/2967 2969/2969 2970/2970
f 2969/2969 2968/2968 2971/2971
f 2969/2969 2971/2971 2970/2970
f 2971/2971 2968/2968 2972/2972
f 2971/2971 2972/2972 2973/2973
f 2971/2971 2973/2973 2974/2974
f 2974/2974 2973/2973 2975/2975
f 2975/2975 2973/2973 2915/2915
f 2975/2975 2915/2915 2914/2914
f 2976/2976 2937/2937 2977/2977
f 2937/2937 2938/2938 2977/2977
f 2977/2977 2938/2938 2940/2940
f 2977/2977 2940/2940 2978/2978
f 2978/2978 2940/2940 2979/2979
f 2940/2940 2942/2942 2979/2979
f 2979/2979 2942/2942 2980/2980
f 2980/2980 2942/2942 2943/2943
f 2980/2980 2943/2943 2945/2945
f 2980/2980 2945/2945 2981/2981
f 2945/2945 2947/2947 2981/2981
f 2981/2981 2947/2947 2982/2982
f 2982/2982 2947/2947 2949/2949
f 2982/2982 2949/2949 2983/2983
f 2983/2983 2949/2949 2951/2951
f 2983/2983 2951/2951 2984/2984
f 2951/2951 2953/2953 2984/2984
f 2984/2984 2953/2953 2985/2985
f 2984/2984 2985/2985 2986/2986
f 2985/2985 2953/2953 2955/2955
f 2986/2986 2985/2985 2987/2987
f 2985/2985 2955/2955 2988/2988
f 2985/2985 2988/2988 2987/2987
f 2988/2988 2955/2955 2958/2958
f 2987/2987 2988/2988 2989/2989
f 2958/2958 2959/2959 2988/2988
f 2988/2988 2959/2959 2990/2990
f 2989/2989 2988/2988 2990/2990
f 2989/2989 2990/2990 2963/2963
f 2990/2990 2959/2959 2963/2963
f 2970/2970 2971/2971 2991/2991
f 2971/2971 2974/2974 2991/2991
f 2991/2991 2974/2974 2975/2975
f 2992/2992 2991/2991 2975/2975
f 2975/2975 2993/2993 2992/2992
f 2975/2975 2914/2914 2993/2993
f 2993/2993 2914/2914 2994/2994
f 2914/2914 2917/2917 2994/2994
f 2994/2994 2917/2917 2920/2920
f 2994/2994 2920/2920 2995/2995
f 2920/2920 2924/2924 2995/2995
f 2995/2995 2924/2924 2996/2996
f 2996/2996 2924/2924 2997/2997
f 2996/2996 2997/2997 2998/2998
f 2997/2997 2924/2924 2927/2927
f 2997/2997 2927/2927 2928/2928
f 2926/2926 2929/2929 2931/2931
f 2928/2928 2926/2926 2931/2931
f 2928/2928 2931/2931 2999/2999
f 2999/2999 2931/2931 3000/3000
f 2999/2999 3000/3000 3001/3001
f 2884/2884 2885/2885 3002/3002
f 3003/3003 2884/2884 3002/3002
f 3002/3002 2885/2885 3004/3004
f 3004/3004 2885/2885 3005/3005
f 2885/2885 2933/2933 3005/3005
f 2933/2933 2856/2856 3006/3006
f 3006/3006 2856/2856 2805/2805
f 3006/3006 2805/2805 3007/3007
f 3007/3007 2805/2805 2793/2793
f 1967/1967 2934/2934 2976/2976
f 2976/2976 2934/2934 2937/2937
f 3008/3008 2963/2963 2964/2964
f 2964/2964 2967/2967 3008/3008
f 2003/2003 1967/1967 2976/2976
f 2003/2003 2976/2976 3009/3009
f 3009/3009 2976/2976 3010/3010
f 3010/3010 2976/2976 2977/2977
f 2977/2977 2978/2978 3010/3010
f 3010/3010 2978/2978 2979/2979
f 3010/3010 2979/2979 3011/3011
f 2979/2979 2980/2980 3011/3011
f 3011/3011 2980/2980 2981/2981
f 3011/3011 2981/2981 3012/3012
f 3012/3012 2981/2981 3013/3013
f 3013/3013 2981/2981 2982/2982
f 3013/3013 2982/2982 3014/3014
f 3014/3014 2982/2982 2983/2983
f 3014/3014 2983/2983 3015/3015
f 3015/3015 2983/2983 2984/2984
f 3015/3015 2984/2984 3016/3016
f 3016/3016 2984/2984 3017/3017
f 2984/2984 2986/2986 3017/3017
f 3017/3017 2986/2986 2987/2987
f 3018/3018 2989/2989 2963/2963
f 3018/3018 2963/2963 3019/3019
f 2963/2963 3008/3008 3019/3019
f 3019/3019 3008/3008 3020/3020
f 3020/3020 3008/3008 2967/2967
f 3020/3020 2967/2967 3021/3021
f 2967/2967 2970/2970 3021/3021
f 2970/2970 2991/2991 3021/3021
f 3021/3021 2991/2991 3022/3022
f 3022/3022 2991/2991 2992/2992
f 2992/2992 2993/2993 3022/3022
f 3022/3022 2993/2993 3023/3023
f 3023/3023 2993/2993 3024/3024
f 3024/3024 2993/2993 2994/2994
f 3024/3024 2994/2994 3025/3025
f 3025/3025 2994/2994 3026/3026
f 2994/2994 2995/2995 3026/3026
f 2995/2995 2996/2996 2998/2998
f 3026/3026 2995/2995 2998/2998
f 2998/2998 2997/2997 3027/3027
f 2997/2997 2928/2928 3027/3027
f 2928/2928 2999/2999 3027/3027
f 2003/2003 3009/3009 3028/3028
f 3028/3028 3009/3009 3029/3029
f 3009/3009 3010/3010 3029/3029
f 3029/3029 3010/3010 3030/3030
f 3030/3030 3010/3010 3031/3031
f 3031/3031 3010/3010 3011/3011
f 3031/3031 3011/3011 3032/3032
f 3032/3032 3011/3011 3012/3012
f 3032/3032 3012/3012 3033/3033
f 3012/3012 3013/3013 3033/3033
f 3033/3033 3013/3013 3034/3034
f 3013/3013 3014/3014 3034/3034
f 3034/3034 3014/3014 3035/3035
f 3014/3014 3015/3015 3036/3036
f 3035/3035 3014/3014 3036/3036
f 3036/3036 3015/3015 3037/3037
f 3015/3015 3016/3016 3037/3037
f 3037/3037 3016/3016 3017/3017
f 3037/3037 3017/3017 3038/3038
f 3038/3038 3017/3017 3039/3039
f 3017/3017 2987/2987 3039/3039
f 3039/3039 2987/2987 2989/2989
f 3039/3039 2989/2989 3040/3040
f 3040/3040 2989/2989 3018/3018
f 3040/3040 3018/3018 3041/3041
f 3041/3041 3018/3018 3042/3042
f 3018/3018 3019/3019 3042/3042
f 3042/3042 3019/3019 3043/3043
f 3043/3043 3019/3019 3020/3020
f 3043/3043 3020/3020 3044/3044
f 3020/3020 3021/3021 3045/3045
f 3044/3044 3020/3020 3045/3045
f 3045/3045 3021/3021 3046/3046
f 3046/3046 3021/3021 3022/3022
f 3046/3046 3022/3022 3023/3023
f 3046/3046 3023/3023 3047/3047
f 3047/3047 3023/3023 3024/3024
f 3047/3047 3024/3024 3048/3048
f 3024/3024 3025/3025 3048/3048
f 3048/3048 3025/3025 3049/3049
f 3025/3025 3026/3026 3049/3049
f 3049/3049 3026/3026 3050/3050
f 3026/3026 2998/2998 3050/3050
f 3050/3050 2998/2998 3051/3051
f 2998/2998 3027/3027 3051/3051
f 3051/3051 3027/3027 3052/3052
f 3052/3052 3027/3027 3053/3053
f 3053/3053 3027/3027 2999/2999
f 3053/3053 2999/2999 3001/3001
f 3028/3028 3029/3029 3054/3054
f 3054/3054 3029/3029 3055/3055
f 3055/3055 3029/3029 3030/3030
f 3055/3055 3030/3030 3056/3056
f 3056/3056 3030/3030 3031/3031
f 3056/3056 3031/3031 3057/3057
f 3031/3031 3032/3032 3057/3057
f 3057/3057 3032/3032 3033/3033
f 3058/3058 3033/3033 3034/3034
f 3058/3058 3034/3034 3059/3059
f 3059/3059 3034/3034 3060/3060
f 3060/3060 3034/3034 3035/3035
f 3036/3036 3037/3037 3061/3061
f 3062/3062 3036/3036 3061/3061
f 3061/3061 3037/3037 3063/3063
f 3037/3037 3038/3038 3063/3063
f 3038/3038 3039/3039 3064/3064
f 3064/3064 3039/3039 3065/3065
f 3065/3065 3039/3039 3040/3040
f 3041/3041 3042/3042 3066/3066
f 3066/3066 3042/3042 3067/3067
f 3042/3042 3043/3043 3067/3067
f 3067/3067 3043/3043 3068/3068
f 3068/3068 3043/3043 3044/3044
f 3044/3044 3045/3045 3069/3069
f 3069/3069 3045/3045 3046/3046
f 3069/3069 3046/3046 3070/3070
f 3070/3070 3046/3046 3071/3071
f 3071/3071 3046/3046 3072/3072
f 3072/3072 3046/3046 3047/3047
f 3072/3072 3047/3047 3073/3073
f 3073/3073 3047/3047 3048/3048
f 3073/3073 3048/3048 3074/3074
f 3048/3048 3049/3049 3074/3074
f 3074/3074 3049/3049 3075/3075
f 3075/3075 3049/3049 3050/3050
f 3050/3050 3051/3051 3076/3076
f 3051/3051 3052/3052 3076/3076
f 3060/3060 3035/3035 3077/3077
f 3077/3077 3035/3035 3078/3078
f 3035/3035 3036/3036 3078/3078
f 3078/3078 3036/3036 3062/3062
f 3078/3078 3062/3062 3079/3079
f 3079/3079 3062/3062 3061/3061
f 3079/3079 3061/3061 3080/3080
f 3080/3080 3061/3061 3081/3081
f 3061/3061 3063/3063 3081/3081
f 3063/3063 3038/3038 3064/3064
f 3065/3065 3040/3040 3082/3082
f 3040/3040 3041/3041 3083/3083
f 3082/3082 3040/3040 3083/3083
f 3083/3083 3041/3041 3066/3066
f 3044/3044 3069/3069 3084/3084
f 3069/3069 3070/3070 3085/3085
f 3071/3071 3072/3072 3086/3086
f 3087/3087 3071/3071 3086/3086
f 3075/3075 3050/3050 3088/3088
f 3076/3076 3052/3052 3089/3089
f 3089/3089 3052/3052 3053/3053
f 3089/3089 3053/3053 3090/3090
f 3053/3053 3001/3001 3090/3090
f 3081/3081 3063/3063 3064/3064
f 3081/3081 3064/3064 3091/3091
f 3064/3064 3065/3065 3091/3091
f 3091/3091 3065/3065 3092/3092
f 3083/3083 3066/3066 3067/3067
f 3093/3093 3083/3083 3067/3067
f 3068/3068 3044/3044 3084/3084
f 3084/3084 3069/3069 3085/3085
f 3085/3085 3070/3070 3094/3094
f 3070/3070 3071/3071 3087/3087
f 3094/3094 3070/3070 3087/3087
f 3086/3086 3072/3072 3073/3073
f 3086/3086 3073/3073 3095/3095
f 3095/3095 3073/3073 3096/3096
f 3096/3096 3073/3073 3074/3074
f 3097/3097 3076/3076 3089/3089
f 3092/3092 3065/3065 3082/3082
f 3075/3075 3088/3088 3098/3098
f 3088/3088 3050/3050 3097/3097
f 3097/3097 3050/3050 3076/3076
f 3090/3090 3099/3099 3100/3100
f 3004/3004 3005/3005 3101/3101
f 3101/3101 3005/3005 3102/3102
f 3005/3005 2933/2933 3102/3102
f 3102/3102 2933/2933 3103/3103
f 3103/3103 2933/2933 3104/3104
f 3104/3104 2933/2933 3006/3006
f 3105/3105 3006/3006 3007/3007
f 3007/3007 2793/2793 2728/2728
f 2728/2728 2793/2793 2794/2794
f 3106/3106 2728/2728 2731/2731
f 2731/2731 2764/2764 3107/3107
f 3107/3107 2764/2764 3108/3108
f 2004/2004 2003/2003 3028/3028
f 2004/2004 3028/3028 3109/3109
f 3028/3028 3054/3054 3109/3109
f 3109/3109 3054/3054 3110/3110
f 3054/3054 3055/3055 3111/3111
f 3110/3110 3054/3054 3111/3111
f 3111/3111 3055/3055 3112/3112
f 3112/3112 3055/3055 3056/3056
f 3112/3112 3056/3056 3057/3057
f 3112/3112 3057/3057 3113/3113
f 3113/3113 3057/3057 3114/3114
f 3114/3114 3057/3057 3033/3033
f 3114/3114 3033/3033 3115/3115
f 3115/3115 3033/3033 3058/3058
f 3115/3115 3058/3058 3116/3116
f 3116/3116 3058/3058 3059/3059
f 3117/3117 2004/2004 3109/3109
f 3118/3118 3116/3116 3059/3059
f 3059/3059 3060/3060 3118/3118
f 3118/3118 3060/3060 3077/3077
f 3119/3119 2004/2004 3117/3117
f 3120/3120 3079/3079 3080/3080
f 3121/3121 3080/3080 3081/3081
f 3084/3084 3085/3085 3122/3122
f 3089/3089 3090/3090 3100/3100
f 3123/3123 3109/3109 3110/3110
f 3124/3124 3111/3111 3112/3112
f 3112/3112 3113/3113 3125/3125
f 3126/3126 3112/3112 3125/3125
f 3114/3114 3115/3115 3127/3127
f 3115/3115 3116/3116 3127/3127
f 3118/3118 3077/3077 3128/3128
f 3121/3121 3081/3081 3091/3091
f 3129/3129 3067/3067 3068/3068
f 3130/3130 3068/3068 3084/3084
f 3130/3130 3084/3084 3131/3131
f 3084/3084 3122/3122 3131/3131
f 3132/3132 3086/3086 3095/3095
f 3133/3133 3117/3117 3109/3109
f 3133/3133 3109/3109 3123/3123
f 3123/3123 3110/3110 3134/3134
f 3134/3134 3110/3110 3135/3135
f 3135/3135 3110/3110 3124/3124
f 3124/3124 3110/3110 3111/3111
f 3126/3126 3124/3124 3112/3112
f 3136/3136 3114/3114 3127/3127
f 3137/3137 3078/3078 3079/3079
f 3121/3121 3091/3091 3138/3138
f 3139/3139 3091/3091 3092/3092
f 3068/3068 3130/3130 3140/3140
f 3122/3122 3085/3085 3094/3094
f 3141/3141 3094/3094 3087/3087
f 3087/3087 3086/3086 3141/3141
f 3141/3141 3086/3086 3132/3132
f 3096/3096 3074/3074 3098/3098
f 3098/3098 3074/3074 3075/3075
f 3142/3142 3097/3097 3089/3089
f 3142/3142 3089/3089 3100/3100
f 3119/3119 3117/3117 3133/3133
f 2034/2034 3119/3119 3133/3133
f 3137/3137 3079/3079 3120/3120
f 3143/3143 3080/3080 3121/3121
f 3082/3082 3083/3083 3144/3144
f 3129/3129 3068/3068 3140/3140
f 3122/3122 3094/3094 3145/3145
f 3145/3145 3094/3094 3146/3146
f 3094/3094 3141/3141 3146/3146
f 3132/3132 3095/3095 3147/3147
f 3133/3133 3123/3123 3148/3148
f 3123/3123 3134/3134 3148/3148
f 3128/3128 3077/3077 3137/3137
f 3137/3137 3077/3077 3078/3078
f 3120/3120 3080/3080 3149/3149
f 3149/3149 3080/3080 3143/3143
f 3150/3150 3143/3143 3121/3121
f 3150/3150 3121/3121 3138/3138
f 3138/3138 3091/3091 3151/3151
f 3151/3151 3091/3091 3139/3139
f 3144/3144 3083/3083 3093/3093
f 3067/3067 3129/3129 3093/3093
f 3131/3131 3122/3122 3152/3152
f 3153/3153 3132/3132 3147/3147
f 3095/3095 3096/3096 3147/3147
f 3147/3147 3096/3096 3098/3098
f 3154/3154 3098/3098 3088/3088
f 3155/3155 3088/3088 3156/3156
f 3156/3156 3088/3088 3157/3157
f 3088/3088 3097/3097 3157/3157
f 3157/3157 3097/3097 3142/3142
f 3142/3142 3100/3100 3158/3158
f 3125/3125 3113/3113 3136/3136
f 3136/3136 3113/3113 3114/3114
f 3159/3159 3127/3127 3116/3116
f 3116/3116 3118/3118 3160/3160
f 3159/3159 3116/3116 3160/3160
f 3118/3118 3128/3128 3160/3160
f 3092/3092 3082/3082 3161/3161
f 3161/3161 3082/3082 3144/3144
f 3162/3162 3093/3093 3129/3129
f 3152/3152 3122/3122 3145/3145
f 3135/3135 3124/3124 3163/3163
f 3163/3163 3124/3124 3164/3164
f 3164/3164 3124/3124 3126/3126
f 3126/3126 3125/3125 3164/3164
f 3164/3164 3125/3125 3165/3165
f 3125/3125 3136/3136 3165/3165
f 3166/3166 3150/3150 3138/3138
f 3167/3167 3144/3144 3093/3093
f 3141/3141 3132/3132 3153/3153
f 3154/3154 3088/3088 3155/3155
f 3148/3148 3134/3134 3168/3168
f 3168/3168 3134/3134 3135/3135
f 3168/3168 3135/3135 3163/3163
f 3136/3136 3127/3127 3159/3159
f 3159/3159 3160/3160 3169/3169
f 3160/3160 3128/3128 3169/3169
f 3128/3128 3137/3137 3170/3170
f 3169/3169 3128/3128 3170/3170
f 3149/3149 3143/3143 3150/3150
f 3166/3166 3138/3138 3171/3171
f 3138/3138 3151/3151 3171/3171
f 3151/3151 3139/3139 3172/3172
f 3173/3173 3151/3151 3172/3172
f 3172/3172 3139/3139 3092/3092
f 3129/3129 3140/3140 3162/3162
f 3131/3131 3152/3152 3174/3174
f 3174/3174 3152/3152 3145/3145
f 3175/3175 3141/3141 3153/3153
f 3175/3175 3153/3153 3147/3147
f 3156/3156 3157/3157 3176/3176
f 3157/3157 3142/3142 3177/3177
f 3177/3177 3142/3142 3158/3158
f 3178/3178 3137/3137 3120/3120
f 3178/3178 3120/3120 3149/3149
f 3178/3178 3149/3149 3179/3179
f 3179/3179 3149/3149 3150/3150
f 3171/3171 3151/3151 3173/3173
f 3172/3172 3092/3092 3161/3161
f 3161/3161 3144/3144 3167/3167
f 3167/3167 3093/3093 3162/3162
f 3140/3140 3130/3130 3180/3180
f 3180/3180 3130/3130 3131/3131
f 3180/3180 3131/3131 3174/3174
f 3174/3174 3145/3145 3146/3146
f 3146/3146 3141/3141 3175/3175
f 3175/3175 3147/3147 3181/3181
f 3158/3158 3182/3182 3183/3183
f 3181/3181 3147/3147 3184/3184
f 3147/3147 3098/3098 3184/3184
f 3184/3184 3098/3098 3154/3154
f 3176/3176 3157/3157 3177/3177
f 3167/3167 3162/3162 3185/3185
f 3162/3162 3140/3140 3186/3186
f 3186/3186 3140/3140 3180/3180
f 3187/3187 3180/3180 3174/3174
f 3174/3174 3188/3188 3187/3187
f 3174/3174 3146/3146 3188/3188
f 3182/3182 3189/3189 3183/3183
f 3183/3183 3189/3189 2069/2069
f 3190/3190 3104/3104 3006/3006
f 3190/3190 3006/3006 3105/3105
f 3191/3191 3105/3105 3007/3007
f 3191/3191 3007/3007 3192/3192
f 3192/3192 3007/3007 3193/3193
f 3194/3194 3192/3192 3193/3193
f 3193/3193 3007/3007 2728/2728
f 3106/3106 2731/2731 3107/3107
f 3195/3195 1835/1835 2058/2058
f 2035/2035 2034/2034 3133/3133
f 3196/3196 3133/3133 3148/3148
f 3197/3197 3164/3164 3165/3165
f 3136/3136 3159/3159 3198/3198
f 2035/2035 3133/3133 3199/3199
f 3199/3199 3133/3133 3196/3196
f 3163/3163 3164/3164 3200/3200
f 3165/3165 3136/3136 3198/3198
f 3198/3198 3159/3159 3201/3201
f 3201/3201 3159/3159 3169/3169
f 3170/3170 3137/3137 3178/3178
f 3202/3202 3150/3150 3166/3166
f 3202/3202 3166/3166 3171/3171
f 3177/3177 3158/3158 3203/3203
f 3203/3203 3158/3158 3183/3183
f 3196/3196 3148/3148 3168/3168
f 3168/3168 3163/3163 3200/3200
f 3197/3197 3165/3165 3198/3198
f 3179/3179 3150/3150 3202/3202
f 3202/3202 3171/3171 3173/3173
f 3173/3173 3172/3172 3204/3204
f 3204/3204 3172/3172 3161/3161
f 3161/3161 3167/3167 3205/3205
f 3184/3184 3154/3154 3155/3155
f 3200/3200 3164/3164 3197/3197
f 3201/3201 3169/3169 3206/3206
f 3169/3169 3170/3170 3206/3206
f 3179/3179 3202/3202 3207/3207
f 3167/3167 3185/3185 3205/3205
f 3185/3185 3162/3162 3186/3186
f 3186/3186 3180/3180 3187/3187
f 3188/3188 3146/3146 3208/3208
f 3208/3208 3146/3146 3175/3175
f 3208/3208 3175/3175 3181/3181
f 2072/2072 2035/2035 3199/3199
f 3196/3196 3168/3168 3209/3209
f 3168/3168 3200/3200 3210/3210
f 3211/3211 3200/3200 3197/3197
f 3206/3206 3170/3170 3212/3212
f 3212/3212 3170/3170 3178/3178
f 3207/3207 3202/3202 3213/3213
f 3202/3202 3173/3173 3213/3213
f 3213/3213 3173/3173 3214/3214
f 3173/3173 3204/3204 3214/3214
f 3215/3215 3186/3186 3187/3187
f 2078/2078 3181/3181 3184/3184
f 3155/3155 3156/3156 3216/3216
f 3156/3156 3176/3176 3216/3216
f 2069/2069 3203/3203 3183/3183
f 3197/3197 3198/3198 3211/3211
f 3211/3211 3198/3198 3217/3217
f 3198/3198 3201/3201 3217/3217
f 3218/3218 3201/3201 3206/3206
f 3212/3212 3178/3178 3219/3219
f 3179/3179 3207/3207 3220/3220
f 3221/3221 3213/3213 3214/3214
f 3222/3222 3204/3204 3161/3161
f 3161/3161 3205/3205 3222/3222
f 3222/3222 3205/3205 3185/3185
f 3185/3185 3186/3186 3223/3223
f 3223/3223 3186/3186 3215/3215
f 3215/3215 3187/3187 3224/3224
f 3187/3187 3188/3188 3224/3224
f 3224/3224 3188/3188 3225/3225
f 3225/3225 3188/3188 3208/3208
f 3208/3208 3181/3181 2078/2078
f 2073/2073 2072/2072 3199/3199
f 3209/3209 3168/3168 3210/3210
f 3217/3217 3201/3201 3218/3218
f 3218/3218 3206/3206 3212/3212
f 3178/3178 3179/3179 3219/3219
f 3219/3219 3179/3179 3220/3220
f 3214/3214 3204/3204 3222/3222
f 3222/3222 3185/3185 3223/3223
f 3226/3226 3223/3223 3215/3215
f 3227/3227 3215/3215 3224/3224
f 3228/3228 3177/3177 3203/3203
f 2073/2073 3199/3199 3196/3196
f 2073/2073 3196/3196 3229/3229
f 3217/3217 3218/3218 3230/3230
f 3220/3220 3207/3207 3221/3221
f 3207/3207 3213/3213 3221/3221
f 3221/3221 3214/3214 3231/3231
f 3231/3231 3214/3214 3222/3222
f 3232/3232 3223/3223 3226/3226
f 3226/3226 3215/3215 3227/3227
f 2078/2078 3225/3225 3208/3208
f 2076/2076 2078/2078 3184/3184
f 3228/3228 3203/3203 2071/2071
f 2071/2071 3203/3203 2069/2069
f 2069/2069 3233/3233 2070/2070
f 3229/3229 3196/3196 3209/3209
f 3209/3209 3210/3210 3234/3234
f 3210/3210 3200/3200 3234/3234
f 3234/3234 3200/3200 3211/3211
f 3234/3234 3211/3211 3235/3235
f 3211/3211 3217/3217 3235/3235
f 3235/3235 3217/3217 3236/3236
f 3236/3236 3217/3217 3230/3230
f 3230/3230 3218/3218 3212/3212
f 3212/3212 3219/3219 3237/3237
f 3237/3237 3219/3219 3220/3220
f 3221/3221 3231/3231 3238/3238
f 3231/3231 3222/3222 3238/3238
f 3222/3222 3223/3223 3232/3232
f 3232/3232 3226/3226 3239/3239
f 3239/3239 3226/3226 3227/3227
f 3224/3224 3225/3225 3240/3240
f 3240/3240 3225/3225 2078/2078
f 3184/3184 3155/3155 2076/2076
f 3216/3216 3176/3176 3241/3241
f 3241/3241 3176/3176 3177/3177
f 3241/3241 3177/3177 3228/3228
f 3239/3239 3227/3227 3242/3242
f 3227/3227 3224/3224 3242/3242
f 3242/3242 3224/3224 3240/3240
f 3155/3155 3216/3216 2076/2076
f 2076/2076 3216/3216 3241/3241
f 2070/2070 3233/3233 3243/3243
f 3233/3233 3244/3244 3243/3243
f 3243/3243 3244/3244 3245/3245
f 3246/3246 3191/3191 3247/3247
f 3191/3191 3192/3192 3247/3247
f 3247/3247 3192/3192 3248/3248
f 3248/3248 3192/3192 3194/3194
f 3193/3193 2728/2728 3249/3249
f 3249/3249 2728/2728 3106/3106
f 3106/3106 3107/3107 3250/3250
f 2144/2144 3195/3195 2058/2058
f 2075/2075 2073/2073 3229/3229
f 3209/3209 3234/3234 3251/3251
f 3252/3252 3234/3234 3235/3235
f 3212/3212 3237/3237 3253/3253
f 3237/3237 3220/3220 3254/3254
f 3254/3254 3220/3220 3221/3221
f 3254/3254 3221/3221 3238/3238
f 3222/3222 3232/3232 3255/3255
f 2071/2071 2070/2070 3243/3243
f 3251/3251 3234/3234 3256/3256
f 3234/3234 3252/3252 3256/3256
f 3252/3252 3235/3235 3257/3257
f 3257/3257 3235/3235 3236/3236
f 3258/3258 3236/3236 3230/3230
f 3238/3238 3222/3222 3255/3255
f 3232/3232 3239/3239 3255/3255
f 3255/3255 3239/3239 3259/3259
f 3259/3259 3239/3239 3242/3242
f 3259/3259 3242/3242 3260/3260
f 3261/3261 3240/3240 2078/2078
f 2077/2077 2076/2076 3262/3262
f 2076/2076 3241/3241 3262/3262
f 3262/3262 3241/3241 3263/3263
f 3241/3241 3228/3228 3263/3263
f 2075/2075 3229/3229 3264/3264
f 3229/3229 3209/3209 3264/3264
f 3265/3265 3209/3209 3251/3251
f 3257/3257 3236/3236 3258/3258
f 3266/3266 3258/3258 3230/3230
f 3266/3266 3230/3230 3212/3212
f 3266/3266 3212/3212 3267/3267
f 3267/3267 3212/3212 3268/3268
f 3268/3268 3212/3212 3253/3253
f 3253/3253 3237/3237 3269/3269
f 3254/3254 3238/3238 3270/3270
f 3238/3238 3255/3255 3270/3270
f 3260/3260 3242/3242 3271/3271
f 3242/3242 3240/3240 3271/3271
f 3261/3261 2078/2078 2077/2077
f 3228/3228 2071/2071 3245/3245
f 3245/3245 2071/2071 3243/3243
f 3264/3264 3209/3209 3265/3265
f 3265/3265 3251/3251 3272/3272
f 3272/3272 3251/3251 3273/3273
f 3273/3273 3251/3251 3256/3256
f 3252/3252 3257/3257 3274/3274
f 3275/3275 3237/3237 3254/3254
f 3275/3275 3254/3254 3276/3276
f 3255/3255 3259/3259 3277/3277
f 3277/3277 3259/3259 3260/3260
f 3271/3271 3240/3240 3261/3261
f 2122/2122 2075/2075 2123/2123
f 2123/2123 2075/2075 3264/3264
f 3268/3268 3253/3253 3269/3269
f 3269/3269 3237/3237 3275/3275
f 3276/3276 3254/3254 3270/3270
f 3271/3271 3261/3261 3278/3278
f 3278/3278 3261/3261 3279/3279
f 3279/3279 3261/3261 2077/2077
f 3280/3280 2077/2077 3262/3262
f 3262/3262 3263/3263 3281/3281
f 3228/3228 3245/3245 3282/3282
f 3273/3273 3256/3256 3283/3283
f 3283/3283 3256/3256 3252/3252
f 3284/3284 3258/3258 3266/3266
f 3276/3276 3270/3270 3285/3285
f 3285/3285 3270/3270 3286/3286
f 3286/3286 3270/3270 3287/3287
f 3270/3270 3255/3255 3287/3287
f 3287/3287 3255/3255 3277/3277
f 3277/3277 3260/3260 3288/3288
f 3277/3277 3288/3288 3289/3289
f 3288/3288 3260/3260 3271/3271
f 3288/3288 3271/3271 3278/3278
f 3288/3288 3278/3278 3290/3290
f 3279/3279 2077/2077 3291/3291
f 3291/3291 2077/2077 3280/3280
f 3280/3280 3262/3262 3281/3281
f 3263/3263 3228/3228 3292/3292
f 3292/3292 3228/3228 3282/3282
f 3264/3264 3265/3265 3293/3293
f 3274/3274 3257/3257 3258/3258
f 3284/3284 3266/3266 3294/3294
f 3294/3294 3266/3266 3267/3267
f 3295/3295 3268/3268 3269/3269
f 3283/3283 3252/3252 3274/3274
f 3274/3274 3258/3258 3284/3284
f 3296/3296 3274/3274 3284/3284
f 3282/3282 3297/3297 3298/3298
f 3298/3298 3297/3297 3299/3299
f 3298/3298 3299/3299 3300/3300
f 3301/3301 3194/3194 3302/3302
f 3194/3194 3193/3193 3302/3302
f 3302/3302 3193/3193 3303/3303
f 3303/3303 3193/3193 3304/3304
f 3304/3304 3193/3193 3249/3249
f 3106/3106 3250/3250 3305/3305
f 2133/2133 2132/2132 2098/2098
f 2098/2098 2132/2132 2099/2099
f 2132/2132 2136/2136 2099/2099
f 2099/2099 2136/2136 2100/2100
f 2136/2136 2138/2138 2100/2100
f 2138/2138 2140/2140 2100/2100
f 2100/2100 2140/2140 3306/3306
f 2140/2140 2141/2141 3306/3306
f 3306/3306 2141/2141 2106/2106
f 2106/2106 2144/2144 2058/2058
f 3307/3307 3275/3275 3276/3276
f 3287/3287 3277/3277 3308/3308
f 3309/3309 3277/3277 3289/3289
f 2125/2125 2123/2123 3264/3264
f 2125/2125 3264/3264 3310/3310
f 3310/3310 3264/3264 3293/3293
f 3293/3293 3265/3265 3272/3272
f 3272/3272 3273/3273 3311/3311
f 3267/3267 3268/3268 3295/3295
f 3269/3269 3275/3275 3307/3307
f 3308/3308 3277/3277 3309/3309
f 3278/3278 3279/3279 3290/3290
f 3280/3280 3281/3281 3312/3312
f 3273/3273 3283/3283 3313/3313
f 3296/3296 3284/3284 3314/3314
f 3314/3314 3284/3284 3294/3294
f 3307/3307 3276/3276 3315/3315
f 3315/3315 3276/3276 3285/3285
f 3316/3316 3285/3285 3286/3286
f 3317/3317 3308/3308 3309/3309
f 3288/3288 3290/3290 3318/3318
f 3312/3312 3281/3281 3263/3263
f 3292/3292 3282/3282 3298/3298
f 3311/3311 3273/3273 3319/3319
f 3273/3273 3313/3313 3319/3319
f 3313/3313 3283/3283 3320/3320
f 3320/3320 3283/3283 3274/3274
f 3320/3320 3274/3274 3296/3296
f 3314/3314 3294/3294 3321/3321
f 3267/3267 3295/3295 3322/3322
f 3323/3323 3295/3295 3269/3269
f 3269/3269 3307/3307 3324/3324
f 3316/3316 3286/3286 3325/3325
f 3286/3286 3287/3287 3326/3326
f 3327/3327 3288/3288 3318/3318
f 3290/3290 3279/3279 3328/3328
f 3279/3279 3291/3291 3329/3329
f 3329/3329 3291/3291 3330/3330
f 3330/3330 3291/3291 3280/3280
f 3330/3330 3280/3280 3312/3312
f 3330/3330 3312/3312 3331/3331
f 3313/3313 3320/3320 3332/3332
f 3294/3294 3267/3267 3333/3333
f 3267/3267 3322/3322 3333/3333
f 3322/3322 3295/3295 3323/3323
f 3324/3324 3307/3307 3334/3334
f 3335/3335 3285/3285 3316/3316
f 3286/3286 3326/3326 3325/3325
f 3328/3328 3279/3279 3336/3336
f 3312/3312 3263/3263 3337/3337
f 3292/3292 3298/3298 3338/3338
f 3339/3339 3292/3292 3338/3338
f 2125/2125 3310/3310 3340/3340
f 2169/2169 2125/2125 3340/3340
f 3340/3340 3310/3310 3341/3341
f 3341/3341 3310/3310 3293/3293
f 3293/3293 3272/3272 3311/3311
f 3342/3342 3315/3315 3285/3285
f 3342/3342 3285/3285 3335/3335
f 3343/3343 3316/3316 3325/3325
f 3344/3344 3325/3325 3326/3326
f 3326/3326 3287/3287 3308/3308
f 3345/3345 3308/3308 3317/3317
f 3346/3346 3317/3317 3309/3309
f 3309/3309 3289/3289 3347/3347
f 3289/3289 3288/3288 3327/3327
f 3347/3347 3289/3289 3327/3327
f 3290/3290 3328/3328 3348/3348
f 3349/3349 3328/3328 3336/3336
f 3338/3338 3298/3298 3300/3300
f 3332/3332 3320/3320 3296/3296
f 3350/3350 3296/3296 3314/3314
f 3350/3350 3314/3314 3321/3321
f 3321/3321 3294/3294 3333/3333
f 3323/3323 3269/3269 3324/3324
f 3334/3334 3307/3307 3351/3351
f 3336/3336 3279/3279 3329/3329
f 3331/3331 3312/3312 3352/3352
f 3352/3352 3312/3312 3337/3337
f 3337/3337 3263/3263 3339/3339
f 3263/3263 3292/3292 3339/3339
f 3341/3341 3293/3293 3353/3353
f 3321/3321 3333/3333 3354/3354
f 3354/3354 3333/3333 3355/3355
f 3355/3355 3333/3333 3322/3322
f 3322/3322 3323/3323 3356/3356
f 3357/3357 3351/3351 3307/3307
f 3307/3307 3315/3315 3357/3357
f 3357/3357 3315/3315 3342/3342
f 3335/3335 3316/3316 3343/3343
f 3345/3345 3317/3317 3346/3346
f 3346/3346 3309/3309 3358/3358
f 3358/3358 3309/3309 3347/3347
f 3318/3318 3290/3290 3348/3348
f 3348/3348 3328/3328 3349/3349
f 2169/2169 3340/3340 2170/2170
f 2170/2170 3340/3340 3341/3341
f 3293/3293 3311/3311 3353/3353
f 3353/3353 3311/3311 3359/3359
f 3359/3359 3311/3311 3319/3319
f 3359/3359 3319/3319 3313/3313
f 3332/3332 3296/3296 3350/3350
f 3350/3350 3321/3321 3360/3360
f 3360/3360 3321/3321 3354/3354
f 3355/3355 3322/3322 3356/3356
f 3356/3356 3323/3323 3361/3361
f 3361/3361 3323/3323 3334/3334
f 3334/3334 3323/3323 3324/3324
f 3326/3326 3308/3308 3345/3345
f 3358/3358 3347/3347 3327/3327
f 3341/3341 3353/3353 3362/3362
f 3363/3363 3353/3353 3359/3359
f 3359/3359 3313/3313 3332/3332
f 3361/3361 3334/3334 3364/3364
f 3364/3364 3334/3334 3351/3351
f 3343/3343 3325/3325 3344/3344
f 3327/3327 3365/3365 3366/3366
f 3365/3365 3327/3327 3318/3318
f 3365/3365 3318/3318 3367/3367
f 3318/3318 3348/3348 3367/3367
f 3367/3367 3348/3348 3349/3349
f 3329/3329 3330/3330 3368/3368
f 3368/3368 3330/3330 3331/3331
f 3352/3352 3337/3337 3339/3339
f 3338/3338 3300/3300 3369/3369
f 2170/2170 3341/3341 3362/3362
f 3362/3362 3353/3353 3370/3370
f 3371/3371 3332/3332 3350/3350
f 3372/3372 3350/3350 3360/3360
f 3357/3357 3342/3342 3373/3373
f 3368/3368 3331/3331 3352/3352
f 3352/3352 3339/3339 3374/3374
f 3374/3374 3339/3339 3338/3338
f 3374/3374 3338/3338 3369/3369
f 3370/3370 3353/3353 3363/3363
f 3363/3363 3359/3359 3375/3375
f 3375/3375 3359/3359 3332/3332
f 3354/3354 3355/3355 3376/3376
f 3355/3355 3356/3356 3377/3377
f 3377/3377 3356/3356 3361/3361
f 3361/3361 3364/3364 3378/3378
f 3364/3364 3351/3351 3378/3378
f 3351/3351 3357/3357 3379/3379
f 3378/3378 3351/3351 3379/3379
f 3352/3352 3374/3374 3380/3380
f 3375/3375 3332/3332 3371/3371
f 3381/3381 3371/3371 3350/3350
f 3381/3381 3350/3350 3372/3372
f 3372/3372 3360/3360 3354/3354
f 3372/3372 3354/3354 3376/3376
f 3377/3377 3376/3376 3355/3355
f 3377/3377 3361/3361 3378/3378
f 3370/3370 3363/3363 3382/3382
f 3382/3382 3363/3363 3383/3383
f 3363/3363 3375/3375 3383/3383
f 3383/3383 3375/3375 3384/3384
f 3384/3384 3375/3375 3371/3371
f 3384/3384 3371/3371 3385/3385
f 3385/3385 3371/3371 3381/3381
f 3381/3381 3372/3372 3386/3386
f 3386/3386 3372/3372 3376/3376
f 3387/3387 3376/3376 3377/3377
f 3388/3388 3377/3377 3389/3389
f 3389/3389 3377/3377 3378/3378
f 3389/3389 3378/3378 3390/3390
f 3390/3390 3378/3378 3391/3391
f 3386/3386 3376/3376 3392/3392
f 3369/3369 3393/3393 3394/3394
f 3387/3387 3377/3377 3388/3388
f 3393/3393 3395/3395 3394/3394
f 3396/3396 3385/3385 3381/3381
f 3397/3397 3381/3381 3386/3386
f 3397/3397 3386/3386 3392/3392
f 3392/3392 3376/3376 3387/3387
f 3398/3398 3304/3304 3249/3249
f 3394/3394 3399/3399 3400/3400
f 3399/3399 3401/3401 3402/3402
f 3400/3400 3399/3399 3402/3402
f 2137/2137 2196/2196 3403/3403
f 2137/2137 3403/3403 2139/2139
f 3403/3403 3404/3404 2139/2139
f 2139/2139 3404/3404 2142/2142
f 3404/3404 2143/2143 2142/2142
f 2211/2211 2181/2181 3405/3405
f 3405/3405 2181/2181 2184/2184
f 3405/3405 2184/2184 3406/3406
f 2184/2184 2185/2185 3406/3406
f 2151/2151 3407/3407 2152/2152
f 3407/3407 3408/3408 2153/2153
f 2152/2152 3407/3407 2153/2153
f 2153/2153 3408/3408 2154/2154
f 3408/3408 2191/2191 2154/2154
f 2154/2154 2193/2193 2155/2155
f 2193/2193 2133/2133 2155/2155
f 2165/2165 2218/2218 2166/2166
f 2218/2218 3409/3409 2166/2166
f 3409/3409 3410/3410 2166/2166
f 2166/2166 3410/3410 2167/2167
f 3410/3410 2206/2206 2167/2167
f 2167/2167 2206/2206 2168/2168
f 2168/2168 2206/2206 2146/2146
f 3411/3411 3342/3342 3335/3335
f 3344/3344 3326/3326 3412/3412
f 3412/3412 3326/3326 3345/3345
f 3412/3412 3345/3345 3413/3413
f 3345/3345 3346/3346 3414/3414
f 3413/3413 3345/3345 3414/3414
f 3414/3414 3346/3346 3358/3358
f 3414/3414 3358/3358 3327/3327
f 3414/3414 3327/3327 3366/3366
f 2172/2172 2170/2170 3362/3362
f 3379/3379 3357/3357 3373/3373
f 3373/3373 3342/3342 3411/3411
f 3335/3335 3343/3343 3415/3415
f 3411/3411 3335/3335 3415/3415
f 3415/3415 3343/3343 3344/3344
f 3415/3415 3344/3344 3416/3416
f 3416/3416 3344/3344 3412/3412
f 3414/3414 3366/3366 3417/3417
f 3417/3417 3366/3366 3418/3418
f 3418/3418 3366/3366 3365/3365
f 3418/3418 3365/3365 3349/3349
f 3349/3349 3365/3365 3367/3367
f 3349/3349 3336/3336 3329/3329
f 3380/3380 3374/3374 3369/3369
f 3419/3419 3413/3413 3414/3414
f 3349/3349 3329/3329 3420/3420
f 3420/3420 3329/3329 3421/3421
f 3329/3329 3368/3368 3421/3421
f 3421/3421 3368/3368 3422/3422
f 3422/3422 3368/3368 3352/3352
f 3352/3352 3380/3380 3422/3422
f 3380/3380 3369/3369 3423/3423
f 3373/3373 3411/3411 3424/3424
f 3411/3411 3415/3415 3424/3424
f 3416/3416 3412/3412 3413/3413
f 3416/3416 3413/3413 3425/3425
f 3425/3425 3413/3413 3419/3419
f 3419/3419 3414/3414 3426/3426
f 3426/3426 3414/3414 3417/3417
f 3426/3426 3417/3417 3427/3427
f 3427/3427 3417/3417 3418/3418
f 3427/3427 3418/3418 3428/3428
f 3418/3418 3349/3349 3428/3428
f 3428/3428 3349/3349 3420/3420
f 3429/3429 3421/3421 3422/3422
f 3430/3430 2172/2172 3362/3362
f 3378/3378 3379/3379 3391/3391
f 3391/3391 3379/3379 3431/3431
f 3379/3379 3373/3373 3424/3424
f 3415/3415 3416/3416 3432/3432
f 3425/3425 3419/3419 3433/3433
f 3429/3429 3422/3422 3434/3434
f 3434/3434 3422/3422 3435/3435
f 3423/3423 3369/3369 3394/3394
f 3430/3430 3362/3362 3436/3436
f 3436/3436 3362/3362 3370/3370
f 3431/3431 3379/3379 3424/3424
f 3424/3424 3415/3415 3432/3432
f 3432/3432 3416/3416 3425/3425
f 3433/3433 3419/3419 3426/3426
f 3428/3428 3420/3420 3437/3437
f 3437/3437 3420/3420 3438/3438
f 3438/3438 3420/3420 3421/3421
f 3438/3438 3421/3421 3429/3429
f 3435/3435 3422/3422 3439/3439
f 3439/3439 3422/3422 3380/3380
f 3439/3439 3380/3380 3440/3440
f 3380/3380 3423/3423 3441/3441
f 3441/3441 3423/3423 3394/3394
f 2174/2174 2172/2172 3430/3430
f 3436/3436 3370/3370 3382/3382
f 3382/3382 3383/3383 3442/3442
f 3442/3442 3383/3383 3384/3384
f 3384/3384 3385/3385 3443/3443
f 3389/3389 3390/3390 3388/3388
f 3431/3431 3424/3424 3444/3444
f 3445/3445 3425/3425 3433/3433
f 3433/3433 3426/3426 3446/3446
f 3447/3447 3427/3427 3437/3437
f 3427/3427 3428/3428 3437/3437
f 3435/3435 3439/3439 3448/3448
f 3440/3440 3380/3380 3441/3441
f 3449/3449 3382/3382 3442/3442
f 3396/3396 3381/3381 3397/3397
f 3392/3392 3387/3387 3450/3450
f 3450/3450 3387/3387 3451/3451
f 3451/3451 3387/3387 3388/3388
f 3444/3444 3424/3424 3432/3432
f 3432/3432 3425/3425 3445/3445
f 3446/3446 3426/3426 3447/3447
f 3447/3447 3426/3426 3427/3427
f 3437/3437 3438/3438 3452/3452
f 3438/3438 3429/3429 3434/3434
f 3434/3434 3435/3435 3448/3448
f 3436/3436 3382/3382 3453/3453
f 3382/3382 3449/3449 3453/3453
f 3442/3442 3384/3384 3443/3443
f 3397/3397 3392/3392 3454/3454
f 3454/3454 3392/3392 3450/3450
f 3388/3388 3390/3390 3455/3455
f 3456/3456 3391/3391 3457/3457
f 3457/3457 3391/3391 3431/3431
f 3457/3457 3431/3431 3444/3444
f 3458/3458 3444/3444 3432/3432
f 3459/3459 3432/3432 3445/3445
f 3447/3447 3437/3437 3460/3460
f 3460/3460 3437/3437 3461/3461
f 3437/3437 3452/3452 3461/3461
f 3462/3462 3439/3439 3440/3440
f 3462/3462 3440/3440 3463/3463
f 3464/3464 3441/3441 3394/3394
f 2174/2174 3430/3430 3465/3465
f 3465/3465 3430/3430 3436/3436
f 3449/3449 3442/3442 3466/3466
f 3466/3466 3442/3442 3443/3443
f 3443/3443 3385/3385 3396/3396
f 3467/3467 3451/3451 3388/3388
f 3467/3467 3388/3388 3468/3468
f 3390/3390 3391/3391 3455/3455
f 3455/3455 3391/3391 3456/3456
f 3457/3457 3444/3444 3458/3458
f 3458/3458 3432/3432 3459/3459
f 3459/3459 3445/3445 3469/3469
f 3445/3445 3433/3433 3469/3469
f 3469/3469 3433/3433 3446/3446
f 3446/3446 3447/3447 3470/3470
f 3470/3470 3447/3447 3460/3460
f 3461/3461 3452/3452 3471/3471
f 3452/3452 3438/3438 3471/3471
f 3471/3471 3438/3438 3472/3472
f 3472/3472 3438/3438 3434/3434
f 3472/3472 3434/3434 3448/3448
f 3472/3472 3448/3448 3473/3473
f 3473/3473 3448/3448 3462/3462
f 3462/3462 3448/3448 3439/3439
f 3440/3440 3441/3441 3463/3463
f 3463/3463 3441/3441 3464/3464
f 3464/3464 3394/3394 3400/3400
f 3474/3474 2174/2174 3465/3465
f 3465/3465 3436/3436 3475/3475
f 3436/3436 3453/3453 3475/3475
f 3476/3476 3453/3453 3449/3449
f 3477/3477 3396/3396 3397/3397
f 3454/3454 3450/3450 3478/3478
f 3468/3468 3388/3388 3455/3455
f 3479/3479 3457/3457 3458/3458
f 3479/3479 3458/3458 3459/3459
f 3469/3469 3446/3446 3470/3470
f 3449/3449 3466/3466 3480/3480
f 3466/3466 3443/3443 3480/3480
f 3477/3477 3397/3397 3454/3454
f 3477/3477 3454/3454 3481/3481
f 3454/3454 3478/3478 3481/3481
f 3478/3478 3450/3450 3451/3451
f 3455/3455 3456/3456 3482/3482
f 3456/3456 3457/3457 3482/3482
f 3482/3482 3457/3457 3479/3479
f 3482/3482 3479/3479 3483/3483
f 3479/3479 3459/3459 3483/3483
f 3483/3483 3459/3459 3484/3484
f 3459/3459 3469/3469 3484/3484
f 3484/3484 3469/3469 3485/3485
f 3469/3469 3470/3470 3485/3485
f 3485/3485 3470/3470 3486/3486
f 3486/3486 3470/3470 3460/3460
f 3486/3486 3460/3460 3487/3487
f 3460/3460 3461/3461 3487/3487
f 3487/3487 3461/3461 3488/3488
f 3488/3488 3461/3461 3489/3489
f 3461/3461 3471/3471 3489/3489
f 3489/3489 3471/3471 3490/3490
f 3490/3490 3471/3471 3472/3472
f 3490/3490 3472/3472 3491/3491
f 3472/3472 3473/3473 3491/3491
f 3491/3491 3473/3473 3462/3462
f 3491/3491 3462/3462 3492/3492
f 3462/3462 3463/3463 3493/3493
f 3492/3492 3462/3462 3493/3493
f 3493/3493 3463/3463 3464/3464
f 3493/3493 3464/3464 3400/3400
f 3474/3474 3465/3465 3494/3494
f 3494/3494 3465/3465 3475/3475
f 3476/3476 3449/3449 3495/3495
f 3495/3495 3449/3449 3480/3480
f 3496/3496 3480/3480 3443/3443
f 3443/3443 3396/3396 3496/3496
f 3496/3496 3396/3396 3477/3477
f 3481/3481 3478/3478 3497/3497
f 3498/3498 3478/3478 3451/3451
f 3451/3451 3467/3467 3499/3499
f 3498/3498 3451/3451 3499/3499
f 3499/3499 3467/3467 3468/3468
f 3499/3499 3468/3468 3500/3500
f 3500/3500 3468/3468 3501/3501
f 3501/3501 3468/3468 3455/3455
f 3501/3501 3455/3455 3502/3502
f 3455/3455 3482/3482 3502/3502
f 3502/3502 3482/3482 3503/3503
f 3503/3503 3482/3482 3483/3483
f 3503/3503 3483/3483 3504/3504
f 3504/3504 3483/3483 3484/3484
f 3504/3504 3484/3484 3505/3505
f 3505/3505 3484/3484 3485/3485
f 3505/3505 3485/3485 3506/3506
f 3506/3506 3485/3485 3486/3486
f 3506/3506 3486/3486 3507/3507
f 3507/3507 3486/3486 3508/3508
f 3486/3486 3487/3487 3508/3508
f 3508/3508 3487/3487 3509/3509
f 3509/3509 3487/3487 3488/3488
f 3509/3509 3488/3488 3510/3510
f 3488/3488 3489/3489 3510/3510
f 3510/3510 3489/3489 3490/3490
f 3510/3510 3490/3490 2178/2178
f 2178/2178 3490/3490 2179/2179
f 3490/3490 3491/3491 2179/2179
f 2179/2179 3491/3491 3511/3511
f 3491/3491 3492/3492 3511/3511
f 3511/3511 3492/3492 3512/3512
f 3512/3512 3492/3492 3493/3493
f 3512/3512 3493/3493 3513/3513
f 3513/3513 3493/3493 3400/3400
f 3513/3513 3400/3400 3402/3402
f 2199/2199 3474/3474 3494/3494
f 3494/3494 3475/3475 3514/3514
f 3514/3514 3475/3475 3453/3453
f 3514/3514 3453/3453 3515/3515
f 3515/3515 3453/3453 3476/3476
f 3515/3515 3476/3476 3495/3495
f 3516/3516 3496/3496 3477/3477
f 3516/3516 3477/3477 3517/3517
f 3477/3477 3481/3481 3517/3517
f 3517/3517 3481/3481 3497/3497
f 3497/3497 3478/3478 3518/3518
f 3478/3478 3498/3498 3518/3518
f 3518/3518 3498/3498 3499/3499
f 3518/3518 3499/3499 3519/3519
f 3519/3519 3499/3499 3500/3500
f 3519/3519 3500/3500 3520/3520
f 3500/3500 3501/3501 3520/3520
f 3520/3520 3501/3501 2182/2182
f 3501/3501 3502/3502 2182/2182
f 2182/2182 3502/3502 2183/2183
f 2183/2183 3502/3502 3503/3503
f 2183/2183 3503/3503 2186/2186
f 3503/3503 3504/3504 2186/2186
f 2186/2186 3504/3504 3505/3505
f 2186/2186 3505/3505 2188/2188
f 2188/2188 3505/3505 3506/3506
f 2188/2188 3506/3506 2190/2190
f 2190/2190 3506/3506 3521/3521
f 3521/3521 3506/3506 3507/3507
f 3521/3521 3507/3507 3522/3522
f 3507/3507 3508/3508 3522/3522
f 3522/3522 3508/3508 3523/3523
f 3508/3508 3509/3509 3523/3523
f 3523/3523 3509/3509 3524/3524
f 3509/3509 3510/3510 3524/3524
f 3524/3524 3510/3510 2177/2177
f 3510/3510 2178/2178 2177/2177
f 2199/2199 3494/3494 2200/2200
f 2200/2200 3494/3494 3525/3525
f 3494/3494 3514/3514 3525/3525
f 3525/3525 3514/3514 3526/3526
f 3526/3526 3514/3514 3515/3515
f 3515/3515 3495/3495 3526/3526
f 3526/3526 3495/3495 3527/3527
f 3527/3527 3495/3495 3528/3528
f 3528/3528 3495/3495 3480/3480
f 3480/3480 3496/3496 3528/3528
f 3528/3528 3496/3496 3529/3529
f 3529/3529 3496/3496 2202/2202
f 3496/3496 3516/3516 2202/2202
f 3516/3516 3517/3517 2202/2202
f 2202/2202 3517/3517 2203/2203
f 3517/3517 3497/3497 2203/2203
f 2203/2203 3497/3497 2205/2205
f 3497/3497 3518/3518 2205/2205
f 2205/2205 3518/3518 3530/3530
f 3530/3530 3518/3518 3519/3519
f 3530/3530 3519/3519 2209/2209
f 2209/2209 3519/3519 3520/3520
f 2209/2209 3520/3520 2210/2210
f 3520/3520 2182/2182 2210/2210
f 2210/2210 2182/2182 2181/2181
f 2200/2200 3525/3525 3531/3531
f 3525/3525 3526/3526 3531/3531
f 3531/3531 3526/3526 3532/3532
f 3526/3526 3527/3527 3532/3532
f 3532/3532 3527/3527 3533/3533
f 3527/3527 3528/3528 3533/3533
f 3533/3533 3528/3528 3529/3529
f 3529/3529 2202/2202 2201/2201
# Vertices: 3533, normals: 0, texture coordinates: 3533, faces: 5740

