# File generated by ImageToStl.com - Free Image and 3D model conversion tools

mtllib object_0 (7).mtl

o obj1
v -0.49961656 0.25267592 -0.18490098
v -0.50072557 0.25220299 -0.18329357
v -0.49972442 0.25290698 -0.18338931
v -0.48209089 -0.23063448 0.14513656
v -0.48403081 -0.23228492 0.14234708
v -0.48575187 -0.23006681 0.14500725
v -0.47891653 -0.23291308 0.13962574
v -0.47900572 -0.23143108 0.14330295
v -0.48214999 -0.23079276 0.14858037
v -0.48588765 -0.22987518 0.15076047
v -0.48152721 -0.23070613 0.15123214
v -0.47913945 -0.23027319 0.15249939
v -0.48592919 -0.23054163 0.15533869
v -0.46725646 -0.22992305 0.15043981
v -0.4713054 -0.22964112 0.15066113
v -0.46812344 -0.22841208 0.15449329
v -0.46737599 -0.23048748 0.14654703
v -0.47000435 -0.23009886 0.14819169
v -0.47600982 -0.23074569 0.14514655
v -0.47485289 -0.22991805 0.15221018
v -0.46992171 -0.2321433 0.14180039
v -0.47463313 -0.23196146 0.13964196
v -0.48401934 -0.22961527 0.15871577
v -0.47492614 -0.2292369 0.15639959
v -0.47876585 -0.22924282 0.15914044
v -0.47115967 -0.22854985 0.15784815
v -0.47000435 -0.23009886 0.14819169
v -0.46737599 -0.23048748 0.14654703
v -0.4713054 -0.22964112 0.15066113
v 0.45797431 0.18747731 0.00289253
v 0.46216157 0.1880316 0.00348213
v 0.4589259 0.18889645 0.00449355
v 0.45936039 0.18615195 0.0005155
v 0.46657649 0.18405874 -0.00057797
v 0.46317059 0.18489942 -0.0026996
v 0.46706727 0.18362589 -0.00597676
v 0.45885545 0.18257859 -0.00501886
v 0.45586383 0.18443927 -0.00094092
v 0.46351862 0.1821759 -0.00661559
v 0.45551887 0.18367592 0.0031931
v 0.46271825 0.18685131 0.00066631
v 0.45563665 0.18738352 0.00366854
v 0.46271825 0.18685131 0.00066631
v 0.46398515 0.18536611 0.00309899
v 0.46216157 0.1880316 0.00348213
v 0.46657649 0.18405874 -0.00057797
v 0.5006966 0.25195208 -0.18274592
v 0.49956661 0.25181431 -0.1842481
v 0.49940264 0.25258407 -0.18276608
v 0.49956661 0.25181431 -0.1842481
v 0.49947339 0.25263608 -0.1838821
v 0.49940264 0.25258407 -0.18276608
v 0.5006966 0.25195208 -0.18274592
v 0.50051993 0.23565938 -0.18288819
v 0.4993138 0.23670828 -0.18458371
v 0.49956661 0.25181431 -0.1842481
v 0.49909171 0.23411267 -0.18401161
v 0.50039548 0.25203753 -0.17945243
v 0.50039548 0.25203753 -0.17945243
v 0.50022382 0.24816139 -0.17896569
v 0.50013036 0.23517708 -0.15963769
v 0.49923179 0.233732 -0.16754487
v 0.50017977 0.25210854 -0.16272625
v 0.50017977 0.25210854 -0.16272625
v 0.49576154 0.25258845 -0.13343687
v 0.49909082 0.23384103 -0.13913241
v 0.49909896 0.25249246 -0.13088545
v 0.49576154 0.25258845 -0.13343687
v 0.50003552 0.23850465 -0.12580977
v 0.50018036 0.25202972 -0.12347276
v 0.50018036 0.25202972 -0.12347276
v 0.50014096 0.23529539 -0.10306026
v 0.50017917 0.25204888 -0.09664101
v 0.50017917 0.25204888 -0.09664101
v 0.50004804 0.23894946 -0.09231404
v 0.49898592 0.25254333 -0.05987272
v 0.4990001 0.23364106 -0.04623123
v 0.50013542 0.25208285 -0.05431309
v 0.4999516 0.23522717 -0.05020123
v 0.50013542 0.25208285 -0.05431309
v 0.49987963 0.23939793 -0.03091459
v 0.4998447 0.23555382 -0.02435531
v 0.50027436 0.25205958 -0.0095284
v 0.49903381 0.23385242 -0.02511651
v 0.50027436 0.25205958 -0.0095284
v 0.49989176 0.24360256 -0.0119598
v 0.49584556 0.19942522 -0.0227548
v 0.49556148 0.16031474 -0.02206105
v 0.4952735 0.14690374 -0.02280064
v 0.49581963 0.05602054 -0.02187697
v 0.4955686 0.05894811 -0.02259136
v 0.4950482 0.03669513 -0.02266015
v 0.49990371 0.23855467 -0.01745893
v 0.49929357 0.23608236 -0.01469373
v 0.49801371 0.23403887 -0.01846053
v 0.49748942 0.22742443 -0.02270133
v 0.49616075 0.23018265 -0.02242912
v 0.49709561 0.23004247 -0.01956674
v 0.49709234 0.2269325 -0.01653584
v 0.49643123 0.21804462 -0.02341206
v 0.49688652 0.22290482 -0.02370456
v 0.49628207 0.21068572 -0.01775932
v 0.49600834 0.18253495 -0.01670403
v 0.49579552 0.14773723 -0.01904372
v 0.49598828 0.10685624 -0.01886325
v 0.49610782 0.06028884 -0.01855336
v 0.4955005 0.04048005 -0.01794585
v 0.49511006 0.00195754 -0.01978562
v 0.49487367 0.00189932 -0.02287632
v 0.49508059 -0.02090805 -0.01415947
v 0.49472129 -0.04425325 -0.0223165
v 0.49510089 -0.04505132 -0.01312054
v 0.49911019 0.25249544 0.04479703
v 0.49608064 0.25254649 0.04849944
v 0.49655271 0.05973282 -0.00773078
v 0.49625376 0.04483981 -0.00942547
v 0.49563521 0.02296164 -0.00678218
v 0.49993721 0.23897521 0.00133289
v 0.4965806 0.20978732 0.00567968
v 0.49649143 0.17577884 0.00353364
v 0.49524584 -0.00373766 -0.00432672
v 0.49698347 0.2213821 0.00317078
v 0.49671704 0.0767656 0.00257562
v 0.49601382 0.0365936 -0.00366875
v 0.49509442 -0.04521017 -0.00148273
v 0.49482685 -0.07561171 -0.00145937
v 0.49948665 0.23623827 0.00329874
v 0.49834326 0.23438805 0.00248354
v 0.49749246 0.22985937 0.00173312
v 0.49635881 0.14581935 0.00343012
v 0.49706879 0.05526819 0.00344082
v 0.49652758 0.04472966 -0.00179706
v 0.49616438 0.03000364 0.00130439
v 0.49572679 0.01603842 0.00084711
v 0.49519956 -5.73E-06 -0.00106589
v 0.49517027 0.00969302 0.00075065
v 0.49451858 -0.0032278 0.00040823
v 0.4944112 -0.06305169 -2.251E-05
v 0.49418041 -0.08691359 -0.00029319
v 0.49447772 -0.0934786 -0.00274616
v 0.4941875 -0.09328057 -0.00065331
v 0.50000119 0.24409705 0.01378428
v 0.49659184 0.03784203 0.00226509
v 0.49659184 0.03784203 0.00226509
v 0.49472138 0.03035725 0.00211951
v 0.49616438 0.03000364 0.00130439
v 0.49517027 0.00969302 0.00075065
v 0.49572679 0.01603842 0.00084711
v 0.4987019 0.23392487 0.00672196
v 0.49729618 0.23225722 0.00679351
v 0.498 0.22874211 0.00804341
v 0.49743623 0.2233188 0.00840989
v 0.49642032 0.20393687 0.00754508
v 0.4963454 0.17736055 0.00628282
v 0.49617401 0.14569142 0.0055889
v 0.49617401 0.14569142 0.0055889
v 0.4963454 0.17736055 0.00628282
v 0.49491087 0.13966921 0.0060234
v 0.49646667 0.1044762 0.0043994
v 0.49646667 0.1044762 0.0043994
v 0.49514177 0.10484589 0.00493749
v 0.49667224 0.06893678 0.00392399
v 0.49531341 0.06739765 0.00440052
v 0.49667224 0.06893678 0.00392399
v 0.49706879 0.05526819 0.00344082
v 0.49474791 0.05060268 0.00383602
v 0.49990147 0.23559175 0.01006741
v 0.498 0.22874211 0.00804341
v 0.49729618 0.23225722 0.00679351
v 0.49604574 0.23022702 0.00812807
v 0.49743623 0.2233188 0.00840989
v 0.49519411 0.20865284 0.0081619
v 0.49642032 0.20393687 0.00754508
v 0.49515739 0.17701642 0.00659894
v 0.49897063 0.23390996 0.01254955
v 0.49989012 0.23529516 0.03428986
v 0.49895471 0.23362653 0.04046353
v 0.50014967 0.25207481 0.06119977
v 0.50014967 0.25207481 0.06119977
v 0.50002247 0.23890057 0.09923446
v 0.49909073 0.23397195 0.08441925
v 0.50008488 0.23539191 0.09960556
v 0.50016391 0.25202256 0.14146081
v 0.50016391 0.25202256 0.14146081
v 0.49607959 0.25253937 0.1421676
v 0.49912408 0.25246295 0.18967573
v 0.49903107 0.2338157 0.15694369
v 0.50000352 0.23525245 0.14716205
v 0.50010061 0.23942512 0.17128555
v 0.4961876 0.2525847 0.1905234
v 0.50019675 0.25209406 0.18119459
v 0.50019675 0.25209406 0.18119459
v 0.50011992 0.24762008 0.18636911
v 0.50027287 0.23542958 0.19048761
v 0.49916628 0.23407124 0.19361411
v 0.50036138 0.25186026 0.19104017
v 0.50036138 0.25186026 0.19104017
v 0.49864137 0.25224227 0.19309151
v 0.49910414 0.2515873 0.19367702
v 0.49910414 0.2515873 0.19367702
v 0.50005096 0.24912779 0.19346657
v 0.50019127 0.23577359 0.19351423
v 0.49910414 0.2515873 0.19367702
v 0.49869713 0.24841836 0.19403379
v 0.50005096 0.24912779 0.19346657
v 0.4989208 0.23637149 0.19416611
v 0.50019127 0.23577359 0.19351423
v 0.49916628 0.23407124 0.19361411
v 0.48809499 0.2525236 -0.03799511
v 0.49006388 -0.19105968 -0.08037367
v 0.49026248 -0.18967296 -0.07256955
v 0.49030641 -0.19196743 -0.07881656
v 0.49067971 -0.18983702 -0.06821447
v 0.49054241 -0.18717752 -0.05660977
v 0.49048117 -0.19762674 -0.05501889
v 0.49032089 -0.19937256 -0.06658039
v 0.49066418 -0.18620175 -0.04260086
v 0.49028197 -0.1855583 -0.04365116
v 0.49128798 -0.19451103 -0.02780331
v 0.49115425 -0.19516145 -0.0254117
v 0.49131611 -0.18397538 -0.02866722
v 0.49182707 -0.18552823 -0.02227755
v 0.49160165 -0.18256535 -0.02537833
v 0.49543333 0.22838584 -0.02383518
v 0.49616075 0.23018265 -0.02242912
v 0.49748942 0.22742443 -0.02270133
v 0.49275765 0.23151934 -0.02382165
v 0.49688652 0.22290482 -0.02370456
v 0.4950482 0.03669513 -0.02266015
v 0.49487367 0.00189932 -0.02287632
v 0.49431029 -0.00362769 -0.0233325
v 0.49431029 -0.00362769 -0.0233325
v 0.49418718 -0.0453212 -0.02358941
v 0.4944658 -0.08622602 -0.02247445
v 0.49402773 -0.09577531 -0.02382537
v 0.49393898 -0.12440392 -0.02254095
v 0.49344715 -0.14817499 -0.02415569
v 0.49359956 -0.15159704 -0.02270174
v 0.49304894 -0.17261942 -0.02301179
v 0.49292934 -0.17189266 -0.02418129
v 0.49207613 -0.17962709 -0.02450583
v 0.4961718 0.23283675 -0.02251601
v 0.49732777 0.23298126 -0.0192451
v 0.49291018 -0.17216535 -0.01575007
v 0.49204922 -0.18547302 -0.01711744
v 0.49150375 -0.1943343 -0.01311928
v 0.49487436 -0.07369775 -0.01225726
v 0.49437389 -0.1064916 -0.011749
v 0.49360541 -0.15414098 -0.00396053
v 0.49179029 -0.1935268 -0.00597554
v 0.49764299 0.23263058 0.00010005
v 0.49412781 -0.12297601 -0.00386023
v 0.4929851 -0.17263202 -0.00520987
v 0.49204811 -0.18511587 -0.00474616
v 0.49133021 -0.19460195 0.00014381
v 0.49451858 -0.0032278 0.00040823
v 0.49213561 -0.00439312 0.00063363
v 0.4944112 -0.06305169 -2.251E-05
v 0.49205336 -0.05478017 0.00053027
v 0.49197188 -0.09085376 0.00053479
v 0.49418041 -0.08691359 -0.00029319
v 0.4941875 -0.09328057 -0.00065331
v 0.49168789 -0.16042869 0.0005259
v 0.4933919 -0.16297725 -0.00058468
v 0.4933919 -0.16297725 -0.00058468
v 0.49158034 -0.16979855 -3.639E-05
v 0.49244234 -0.17903155 -0.00161737
v 0.49095717 -0.17922646 -0.00079767
v 0.49244234 -0.17903155 -0.00161737
v 0.49166602 -0.18455377 -0.00071752
v 0.49075386 -0.1825496 -0.00037269
v 0.49075386 -0.1825496 -0.00037269
v 0.49139419 0.01039545 0.00087966
v 0.49399471 -0.00106057 0.00096962
v 0.48776862 0.25251633 0.0456792
v 0.48986837 0.10496657 0.00488472
v 0.48975489 0.06014667 0.00425487
v 0.49193564 0.03654551 0.00244625
v 0.49153832 -0.18405117 0.0023256
v 0.49113682 -0.18690267 0.01379526
v 0.49611595 0.23298585 0.00882447
v 0.48885879 0.23283325 0.00946196
v 0.48884824 0.22996618 0.00864572
v 0.4922913 0.21230969 0.00846663
v 0.49201709 0.18758999 0.00712378
v 0.49211669 0.16390462 0.00634984
v 0.49050498 -0.18599567 0.0241277
v 0.49096292 -0.19474211 0.02213066
v 0.49103591 -0.19488439 0.00386083
v 0.49066097 -0.19756408 0.03175978
v 0.4904733 -0.18739906 0.03590846
v 0.49041453 -0.19904801 0.04491381
v 0.490484 -0.18927839 0.04816391
v 0.49041075 -0.19138007 0.06283215
v 0.49024838 -0.19853364 0.05590004
v 0.4900192 -0.20032281 0.05672128
v 0.49015048 -0.18956026 0.05669009
v 0.49008694 -0.19169889 0.06762724
v 0.49018195 -0.19701654 0.07061835
v 0.48698646 0.25249195 0.1132885
v 0.49128446 -0.23511495 0.14874016
v 0.49013841 -0.23694202 0.15151471
v 0.49053571 -0.24368437 0.15105689
v 0.49083814 -0.24243988 0.14886232
v 0.49048311 -0.23893397 0.15577443
v 0.49022445 -0.23870097 0.15888101
v 0.49109557 -0.23973389 0.15796027
v 0.49051598 -0.24175766 0.16163956
v 0.49082851 -0.24543649 0.1612017
v 0.49052283 -0.25108871 0.15751645
v 0.48359257 0.249198 0.19381949
v 0.49104789 0.23550354 0.19391231
v 0.48723459 -0.21704778 -0.1875266
v 0.48686004 -0.22654961 -0.18421592
v 0.48698372 -0.22396576 -0.18893462
v 0.4867622 -0.229017 -0.18810801
v 0.48660553 -0.21592347 -0.18737903
v 0.4870328 -0.21281798 -0.18079233
v 0.48776284 -0.21284525 -0.17893994
v 0.48741865 -0.22140859 -0.1779874
v 0.48759955 -0.21824229 -0.17369415
v 0.48672464 -0.22098447 -0.17512648
v 0.48788926 -0.2105729 -0.16508912
v 0.48720726 -0.20902443 -0.16410364
v 0.48786095 -0.21669073 -0.1639795
v 0.48800927 -0.21573249 -0.15333655
v 0.48795643 -0.20825706 -0.15786612
v 0.48720726 -0.20902443 -0.16410364
v 0.48675227 -0.20746921 -0.15690404
v 0.48732784 -0.24136123 -0.15874991
v 0.48720652 -0.2464197 -0.15581906
v 0.48671988 -0.24676315 -0.16426213
v 0.48562828 -0.24159162 -0.16258776
v 0.48578921 -0.23993871 -0.15785408
v 0.48732784 -0.24136123 -0.15874991
v 0.48666441 -0.25178847 -0.15591195
v 0.48722556 -0.23906465 -0.15588929
v 0.48700747 -0.24217141 -0.15325052
v 0.48516643 -0.23944406 -0.15351135
v 0.48700747 -0.24217141 -0.15325052
v 0.48634943 -0.24979019 -0.15180433
v 0.48795643 -0.20825706 -0.15786612
v 0.48822811 -0.20637716 -0.14628078
v 0.48823732 -0.2091343 -0.144867
v 0.48717833 -0.20516366 -0.14684029
v 0.48717833 -0.20516366 -0.14684029
v 0.4859919 -0.24091104 -0.15008602
v 0.48658863 -0.24450514 -0.15022415
v 0.48784688 -0.21445075 -0.14345691
v 0.48816034 -0.2047099 -0.14417601
v 0.48829818 -0.20284005 -0.13411732
v 0.48816034 -0.2047099 -0.14417601
v 0.48707774 -0.20138475 -0.13275775
v 0.48773277 -0.21250908 -0.138145
v 0.48829818 -0.20284005 -0.13411732
v 0.48762944 -0.21051316 -0.12824634
v 0.48833972 -0.20097715 -0.12847348
v 0.48740149 -0.19910143 -0.12061197
v 0.48833972 -0.20097715 -0.12847348
v 0.4887996 -0.19868839 -0.11441807
v 0.4886122 -0.20184678 -0.11625917
v 0.4887996 -0.19868839 -0.11441807
v 0.48797035 -0.20825094 -0.12263937
v 0.4872812 -0.1973411 -0.11408207
v 0.48812485 -0.2052761 -0.11254981
v 0.48753509 -0.20692034 -0.11405968
v 0.48895979 -0.19712196 -0.11205858
v 0.48895979 -0.19712196 -0.11205858
v 0.48763081 -0.19478557 -0.10329714
v 0.48947749 -0.19480313 -0.09868119
v 0.48908758 -0.20298898 -0.10284645
v 0.48908758 -0.20298898 -0.10284645
v 0.48839423 -0.2040457 -0.10754093
v 0.48812485 -0.2052761 -0.11254981
v 0.48947749 -0.19480313 -0.09868119
v 0.48792461 -0.1934749 -0.09785013
v 0.48936844 -0.20277181 -0.09483862
v 0.4895868 -0.19316083 -0.0967344
v 0.48804578 -0.19170007 -0.08877627
v 0.48971781 -0.19902582 -0.08845134
v 0.48948842 -0.20168173 -0.08599184
v 0.48948842 -0.20168173 -0.08599184
v 0.48902443 -0.20254269 -0.08960054
v 0.48936844 -0.20277181 -0.09483862
v 0.4895868 -0.19316083 -0.0967344
v 0.49006388 -0.19105968 -0.08037367
v 0.48805594 -0.18981919 -0.07801528
v 0.48825893 -0.18885066 -0.07147077
v 0.49026248 -0.18967296 -0.07256955
v 0.49007156 -0.19980733 -0.06868815
v 0.49005324 -0.18887743 -0.07072931
v 0.48843953 -0.18738601 -0.06087316
v 0.49054241 -0.18717752 -0.05660977
v 0.49005324 -0.18887743 -0.07072931
v 0.49048117 -0.19762674 -0.05501889
v 0.48993868 -0.19722851 -0.04686436
v 0.49032089 -0.19937256 -0.06658039
v 0.48816654 -0.18549183 -0.04525101
v 0.49028197 -0.1855583 -0.04365116
v 0.48819238 -0.18361008 -0.02805448
v 0.49131611 -0.18397538 -0.02866722
v 0.49160165 -0.18256535 -0.02537833
v 0.48725361 -0.00442054 0.0003074
v 0.48684368 -0.04623607 0.00017685
v 0.4870801 -0.06547563 0.00022044
v 0.48680729 -0.12295656 0.00016512
v 0.48605958 -0.15233943 0.00015941
v 0.48816079 -0.16814022 1.695E-05
v 0.4879081 -0.17531659 -0.00032009
v 0.48684424 0.03511377 0.00209696
v 0.48654714 0.02179673 0.00126693
v 0.49075386 -0.1825496 -0.00037269
v 0.48839074 -0.18333265 0.00162556
v 0.49153832 -0.18405117 0.0023256
v 0.4886975 0.16498682 0.00614019
v 0.48690313 0.13996492 0.00571269
v 0.48511988 0.07743973 0.00440704
v 0.4875963 0.05044966 0.00370415
v 0.48822474 -0.18390927 0.00845959
v 0.49072313 -0.18434377 0.0094229
v 0.48194137 0.21354638 0.00810725
v 0.48345643 0.19213969 0.00702316
v 0.49050498 -0.18599567 0.0241277
v 0.49003997 -0.18549766 0.02260496
v 0.48787433 -0.18683323 0.03630466
v 0.4904733 -0.18739906 0.03590846
v 0.48997265 -0.18875141 0.05439579
v 0.48882666 -0.18874095 0.05433533
v 0.48997265 -0.18875141 0.05439579
v 0.49015048 -0.18956026 0.05669009
v 0.48784983 -0.19004533 0.0631064
v 0.49008694 -0.19169889 0.06762724
v 0.48991722 -0.20178618 0.07189888
v 0.48984483 -0.19307022 0.0779879
v 0.48984483 -0.19307022 0.0779879
v 0.48937884 -0.20444652 0.08400644
v 0.48955262 -0.20246169 0.07257275
v 0.48987582 -0.19479075 0.07939077
v 0.48790058 -0.19353481 0.08007185
v 0.48987582 -0.19479075 0.07939077
v 0.48965976 -0.20326565 0.08698798
v 0.48942959 -0.19691929 0.09330811
v 0.48941681 -0.19864064 0.0954924
v 0.48758447 -0.19495079 0.0865247
v 0.48942959 -0.19691929 0.09330811
v 0.48946705 -0.2064594 0.09728701
v 0.489003 -0.20836334 0.09974098
v 0.48890778 -0.20537691 0.08675114
v 0.4877058 -0.19732988 0.09632155
v 0.48941681 -0.19864064 0.0954924
v 0.48916999 -0.20232131 0.11031691
v 0.48770905 -0.19952999 0.1046021
v 0.48932266 -0.20918564 0.10643415
v 0.4888798 -0.20969872 0.10379556
v 0.48899579 -0.20094152 0.1092477
v 0.48899579 -0.20094152 0.1092477
v 0.48728615 -0.20146219 0.11284563
v 0.48916999 -0.20232131 0.11031691
v 0.488673 -0.20461524 0.12404524
v 0.488673 -0.20461524 0.12404524
v 0.48885173 -0.21462528 0.1209458
v 0.48865333 -0.21336341 0.11616077
v 0.48879573 -0.20628859 0.12688106
v 0.48726654 -0.20458014 0.12602061
v 0.48879573 -0.20628859 0.12688106
v 0.48882139 -0.21032113 0.13298847
v 0.48863858 -0.21441361 0.13565692
v 0.48850021 -0.21699604 0.13091655
v 0.48822996 -0.20881028 0.13989587
v 0.48822996 -0.20881028 0.13989587
v 0.48833862 -0.21986292 0.14209463
v 0.48729643 -0.24407218 0.13716692
v 0.48796284 -0.23968229 0.14040394
v 0.48892221 -0.24457517 0.14012524
v 0.48376456 -0.24191859 0.13379943
v 0.48878652 -0.24825707 0.14057219
v 0.48725754 -0.25008005 0.13778555
v 0.4883154 -0.21035692 0.14216954
v 0.48716372 -0.20943113 0.14289905
v 0.4883154 -0.21035692 0.14216954
v 0.48825932 -0.2151562 0.15023796
v 0.48796284 -0.23968229 0.14040394
v 0.48617613 -0.23840535 0.13960595
v 0.48679793 -0.23634024 0.14260848
v 0.48892349 -0.23788515 0.14356077
v 0.48892349 -0.23788515 0.14356077
v 0.48989832 -0.24399059 0.14658709
v 0.48910993 -0.25217554 0.14528911
v 0.48823529 -0.25351873 0.14390224
v 0.48848534 -0.22348344 0.14725713
v 0.48885041 -0.23542035 0.14442973
v 0.48951969 -0.23441078 0.14664377
v 0.48962492 -0.23837566 0.14537124
v 0.48790905 -0.21340939 0.15607987
v 0.48697248 -0.21286473 0.15693639
v 0.48790905 -0.21340939 0.15607987
v 0.48842081 -0.22428796 0.15032497
v 0.48903269 -0.23424262 0.15143657
v 0.4901205 -0.2517978 0.15129378
v 0.4894475 -0.25329074 0.15326358
v 0.48886916 -0.23506522 0.1548882
v 0.4878386 -0.21642894 0.16824088
v 0.48843202 -0.22807935 0.15708414
v 0.4883019 -0.22613706 0.1546576
v 0.48625052 -0.23342542 0.15847807
v 0.48889995 -0.2528213 0.15989527
v 0.48962617 -0.23946932 0.16156606
v 0.48743835 -0.23943771 0.16308403
v 0.49043751 -0.24888207 0.16093448
v 0.48859641 -0.25122777 0.16397774
v 0.48859641 -0.25122777 0.16397774
v 0.48665488 -0.25281554 0.16283208
v 0.48889995 -0.2528213 0.15989527
v 0.4878386 -0.21642894 0.16824088
v 0.48807359 -0.22981749 0.16790593
v 0.48819789 -0.22997963 0.16360858
v 0.48943245 -0.24260591 0.16481942
v 0.48927096 -0.2461444 0.16599014
v 0.48920923 -0.24710397 0.16645275
v 0.48920923 -0.24710397 0.16645275
v 0.48765922 -0.24883723 0.16603875
v 0.48859641 -0.25122777 0.16397774
v 0.48670614 -0.21684523 0.17350279
v 0.48765129 -0.22175501 0.17333549
v 0.48703223 -0.22027114 0.17750353
v 0.48670614 -0.21684523 0.17350279
v 0.48735562 -0.23277709 0.17631356
v 0.48834497 -0.23332889 0.16904898
v 0.48559743 -0.21945198 0.17897397
v 0.4867577 -0.22568457 0.17886002
v 0.48659578 -0.23265818 0.17874977
v 0.47417575 0.23419315 0.19355667
v 0.48597291 -0.22048178 -0.1898309
v 0.48698372 -0.22396576 -0.18893462
v 0.48588279 -0.22882482 -0.18981485
v 0.48660553 -0.21592347 -0.18737903
v 0.48254147 -0.21579362 -0.18814935
v 0.48321548 -0.21418627 -0.18566805
v 0.48588279 -0.22882482 -0.18981485
v 0.48589757 -0.23233511 -0.18867914
v 0.49947339 0.25263608 -0.1838821
v 0.48455241 0.25233567 -0.18406744
v 0.47728401 0.25247824 -0.18265173
v 0.48486584 -0.21283408 -0.18198173
v 0.4870328 -0.21281798 -0.18079233
v 0.48613372 -0.23017107 -0.18300153
v 0.48576844 -0.23219678 -0.18422672
v 0.48613372 -0.23017107 -0.18300153
v 0.48378202 -0.23166211 -0.18142034
v 0.48576844 -0.23219678 -0.18422672
v 0.4862937 -0.22576937 -0.17882265
v 0.48576853 -0.22893998 -0.18023579
v 0.48366976 -0.2265403 -0.17793553
v 0.48369417 -0.22967105 -0.18003713
v 0.48576853 -0.22893998 -0.18023579
v 0.4862937 -0.22576937 -0.17882265
v 0.48416165 -0.20964979 -0.16774258
v 0.48589605 -0.22412385 -0.17642541
v 0.48672464 -0.22098447 -0.17512648
v 0.48379731 -0.22263375 -0.17485034
v 0.48589605 -0.22412385 -0.17642541
v 0.47238958 0.25256842 -0.15725389
v 0.4867636 -0.21874429 -0.17091492
v 0.48663238 -0.24394324 -0.16389786
v 0.48328039 -0.24683359 -0.16975075
v 0.48345184 -0.24114624 -0.16677539
v 0.4848339 -0.25347024 -0.16712095
v 0.48322129 -0.25234917 -0.17048365
v 0.48659825 -0.21784288 -0.16394968
v 0.48421353 -0.21921383 -0.16427247
v 0.4867636 -0.21874429 -0.17091492
v 0.48345184 -0.24114624 -0.16677539
v 0.48663238 -0.24394324 -0.16389786
v 0.48368692 -0.23951876 -0.15868102
v 0.48653278 -0.24972506 -0.16198932
v 0.4848339 -0.25347024 -0.16712095
v 0.48666441 -0.25178847 -0.15591195
v 0.48558503 -0.25400507 -0.15492719
v 0.48440421 -0.20480376 -0.14595334
v 0.48363152 -0.23679666 -0.15195151
v 0.48658863 -0.24450514 -0.15022415
v 0.48549548 -0.25193509 -0.14746295
v 0.48549548 -0.25193509 -0.14746295
v 0.48375231 -0.23693918 -0.14481759
v 0.48578244 -0.24077484 -0.1449994
v 0.48613122 -0.24483964 -0.14341472
v 0.48613122 -0.24483964 -0.14341472
v 0.48575839 -0.24920166 -0.1445381
v 0.48415574 -0.25347131 -0.14541356
v 0.48687214 0.25254804 -0.12144622
v 0.48399046 -0.20287617 -0.13901739
v 0.48392007 -0.23859791 -0.14086407
v 0.4851293 -0.24102263 -0.14132388
v 0.48316532 -0.23719843 -0.14188448
v 0.48575839 -0.24920166 -0.1445381
v 0.48325616 -0.25100008 -0.14210318
v 0.48392007 -0.23859791 -0.14086407
v 0.48217535 -0.24148589 -0.13789286
v 0.4851293 -0.24102263 -0.14132388
v 0.48446855 -0.24589199 -0.14033706
v 0.48613122 -0.24483964 -0.14341472
v 0.48227364 -0.24292988 -0.13796732
v 0.48446855 -0.24589199 -0.14033706
v 0.48325616 -0.25100008 -0.14210318
v 0.48410037 -0.19891165 -0.12065432
v 0.48753509 -0.20692034 -0.11405968
v 0.48377898 -0.20606564 -0.10447679
v 0.49576154 0.25258845 -0.13343687
v 0.48687214 0.25254804 -0.12144622
v 0.48809499 0.2525236 -0.03799511
v 0.47804824 -0.18357012 -0.02816033
v 0.48396486 -0.1823792 -0.02510108
v 0.47547206 0.01075999 0.00038907
v 0.47694287 -0.00838489 0.00014638
v 0.47835192 -0.17036146 -0.00023715
v 0.47357923 -0.17979054 -0.00087461
v 0.4783951 0.02828007 0.00163993
v 0.47373027 0.01457693 0.00063062
v 0.47956216 0.1827853 0.00654176
v 0.48029324 0.15997249 0.0059296
v 0.48238569 0.10963572 0.00489999
v 0.47441399 0.04503714 0.00346283
v 0.47382993 -0.18327199 0.00163943
v 0.47409591 0.23273712 0.00887736
v 0.48190218 0.23023424 0.00837428
v 0.48426682 -0.19605599 0.09152783
v 0.48386914 -0.19899046 0.10278392
v 0.48299983 -0.20630726 0.13219811
v 0.48289946 -0.24442488 0.13261464
v 0.48376456 -0.24191859 0.13379943
v 0.48136613 -0.24094151 0.13295323
v 0.48220924 -0.23946057 0.13459308
v 0.4843989 -0.2485235 0.13410252
v 0.48596293 -0.25241435 0.13793534
v 0.48332745 -0.25112969 0.13410766
v 0.48499495 -0.23892376 0.13738298
v 0.48499495 -0.23892376 0.13738298
v 0.48429617 -0.2095813 0.14458467
v 0.48698646 0.25249195 0.1132885
v 0.48077941 0.25246164 0.16981548
v 0.49607959 0.25253937 0.1421676
v 0.48885041 -0.23542035 0.14442973
v 0.4839752 -0.23159678 0.14601623
v 0.48951969 -0.23441078 0.14664377
v 0.48077941 0.25246164 0.16981548
v 0.48545414 -0.23121215 0.15063697
v 0.48545414 -0.23121215 0.15063697
v 0.4843438 -0.21278058 0.15837958
v 0.48587132 -0.23156655 0.15469027
v 0.48621845 -0.23205386 0.16045381
v 0.48576495 -0.22989872 0.15465733
v 0.48597983 -0.23762318 0.16271104
v 0.48597983 -0.23762318 0.16271104
v 0.48533234 -0.24118656 0.16446848
v 0.48743835 -0.23943771 0.16308403
v 0.48433602 -0.21708578 0.17573816
v 0.48727074 -0.23436679 0.16607998
v 0.48710242 -0.23177992 0.16228549
v 0.48597983 -0.23762318 0.16271104
v 0.48727074 -0.23436679 0.16607998
v 0.48434335 -0.23555827 0.16676408
v 0.48446906 -0.23786715 0.16499288
v 0.48943245 -0.24260591 0.16481942
v 0.48431712 -0.24542192 0.16606618
v 0.48927096 -0.2461444 0.16599014
v 0.48400784 -0.24934107 0.16643788
v 0.48408782 -0.25211817 0.16494693
v 0.48370224 -0.21794009 0.17790201
v 0.48559743 -0.21945198 0.17897397
v 0.48559743 -0.21945198 0.17897397
v 0.48409733 -0.22238602 0.17942867
v 0.4867577 -0.22568457 0.17886002
v 0.48348787 -0.23301449 0.1796723
v 0.48659578 -0.23265818 0.17874977
v 0.4743591 0.252341 0.19085604
v 0.47006965 -0.21934004 -0.1903373
v 0.48272002 -0.2181863 -0.18953535
v 0.48196369 -0.23233694 -0.18095753
v 0.48080695 -0.23425771 -0.1824178
v 0.48186931 -0.22688438 -0.17776613
v 0.48194483 -0.23021449 -0.17896806
v 0.48230523 -0.23959439 -0.18121469
v 0.48233977 -0.23801196 -0.17978208
v 0.48251179 -0.24414901 -0.17913496
v 0.48230523 -0.23959439 -0.18121469
v 0.48054653 -0.23812655 -0.1815052
v 0.48233977 -0.23801196 -0.17978208
v 0.4817102 -0.24524127 -0.18257377
v 0.48216087 -0.25110108 -0.17475463
v 0.48075464 -0.25074074 -0.17959931
v 0.48197362 -0.22321507 -0.17406806
v 0.48186806 -0.22532982 -0.17522554
v 0.48256063 -0.24256314 -0.17501767
v 0.48075464 -0.25074074 -0.17959931
v 0.48216087 -0.25110108 -0.17475463
v 0.48079258 -0.25353649 -0.17593813
v 0.44722259 0.25255233 -0.17016636
v 0.4824113 -0.23263831 -0.17746668
v 0.48215196 -0.22641689 -0.17135201
v 0.48281163 -0.23943132 -0.17031099
v 0.48322129 -0.25234917 -0.17048365
v 0.48304996 -0.25392842 -0.16915424
v 0.48208657 -0.22496916 -0.16761713
v 0.48282236 -0.23493618 -0.16666177
v 0.48281163 -0.23943132 -0.17031099
v 0.48282236 -0.23493618 -0.16666177
v 0.47732386 -0.20681994 -0.15384522
v 0.48212197 -0.2295067 -0.15785003
v 0.48243129 -0.23367251 -0.15656938
v 0.48208657 -0.22496916 -0.16761713
v 0.48284248 -0.23688392 -0.15900975
v 0.48247385 -0.21820571 -0.157938
v 0.48112306 -0.21751805 -0.15114854
v 0.4810254 -0.21956459 -0.15544255
v 0.48212197 -0.2295067 -0.15785003
v 0.48233056 -0.230662 -0.14550506
v 0.48243129 -0.23367251 -0.15656938
v 0.48174146 -0.22814406 -0.14931527
v 0.48233056 -0.230662 -0.14550506
v 0.48174146 -0.22814406 -0.14931527
v 0.48040652 -0.22954515 -0.1457935
v 0.48233056 -0.230662 -0.14550506
v 0.48218411 -0.2311102 -0.1440673
v 0.48218411 -0.2311102 -0.1440673
v 0.48000637 -0.23271938 -0.14359619
v 0.48035386 -0.23643382 -0.14155363
v 0.48316532 -0.23719843 -0.14188448
v 0.47898179 -0.25448567 -0.14413601
v 0.48018423 -0.2394172 -0.13854977
v 0.47853047 -0.24630882 -0.13881341
v 0.4586041 0.25257489 -0.12753612
v 0.47308737 -0.20295261 -0.13775299
v 0.47361493 -0.19998485 -0.12485677
v 0.46011993 0.25258484 -0.08573078
v 0.48417181 -0.20498097 -0.09903764
v 0.48145896 -0.20674415 -0.10539008
v 0.46011993 0.25258484 -0.08573078
v 0.46181101 -0.19317277 -0.09545867
v 0.46763235 0.25258988 -0.04046172
v 0.47580218 -0.18515691 -0.04393305
v 0.47385895 -0.18287775 -0.02518185
v 0.47337452 -0.18190613 -0.02394966
v 0.48216665 -0.18170112 -0.02433404
v 0.47699538 -0.06946538 0.00017043
v 0.47697723 -0.15019409 4.596E-05
v 0.47283411 -0.17494287 -0.00030323
v 0.47347358 -0.18225187 -0.00067028
v 0.4748095 0.03555835 0.00271204
v 0.4732956 0.0242652 0.00118083
v 0.47347358 -0.18225187 -0.00067028
v 0.47295594 0.16884275 0.00593199
v 0.47307578 0.11660989 0.00482189
v 0.47344199 0.08251557 0.00427363
v 0.47760129 0.0581433 0.00427503
v 0.47511709 0.21782655 0.00771122
v 0.47562018 0.19835004 0.00694724
v 0.46689984 0.25259346 0.03110043
v 0.47490507 -0.18490367 0.01964923
v 0.45694527 0.25261176 0.05041202
v 0.46286112 -0.18832812 0.05078951
v 0.45306408 0.25257123 0.08094481
v 0.47801509 -0.19249529 0.07660741
v 0.4653649 0.25251135 0.10925533
v 0.46224636 -0.20158389 0.11292271
v 0.4609257 0.25244653 0.15185562
v 0.47747496 -0.23896182 0.13331403
v 0.4798063 -0.23687874 0.13835174
v 0.48043555 -0.23460311 0.14155544
v 0.4609257 0.25244653 0.15185562
v 0.48298186 -0.22936754 0.14797002
v 0.48378411 -0.22883235 0.15065154
v 0.47981632 -0.22836077 0.14682306
v 0.48164043 -0.2268137 0.14951399
v 0.47147533 -0.2108252 0.15039802
v 0.48491925 -0.22708565 0.15134372
v 0.48378411 -0.22883235 0.15065154
v 0.48587132 -0.23156655 0.15469027
v 0.48545414 -0.23121215 0.15063697
v 0.48625052 -0.23342542 0.15847807
v 0.47628543 -0.21711424 0.17654014
v 0.47860774 -0.23541427 0.16750872
v 0.480048 -0.23808067 0.16634966
v 0.48005125 -0.24196467 0.16629861
v 0.47861868 -0.24667485 0.16762607
v 0.48408782 -0.25211817 0.16494693
v 0.47938129 -0.25315663 0.1647643
v 0.48195538 -0.25161454 0.16646844
v 0.47471735 -0.22180195 0.17974271
v 0.47634637 -0.22874686 0.17972574
v 0.47794074 -0.23352955 0.18022753
v 0.47158283 0.23826995 0.19375703
v 0.48361 -0.23144858 -0.18992709
v 0.48254156 -0.23290275 -0.18932357
v 0.47594613 -0.23239636 -0.1903659
v 0.46056649 -0.21284555 -0.18112874
v 0.46744305 -0.21053866 -0.17174184
v 0.48196369 -0.23233694 -0.18095753
v 0.48080695 -0.23425771 -0.1824178
v 0.48165265 -0.22154938 -0.16407137
v 0.4810254 -0.21956459 -0.15544255
v 0.48074532 -0.22448029 -0.15477774
v 0.47924751 -0.21978062 -0.15095267
v 0.4810254 -0.21956459 -0.15544255
v 0.47924751 -0.21978062 -0.15095267
v 0.47977823 -0.2244444 -0.15017647
v 0.47977823 -0.2244444 -0.15017647
v 0.47605622 -0.22063304 -0.15034075
v 0.47619513 -0.22324084 -0.15002158
v 0.47961372 -0.21722838 -0.14700305
v 0.47793424 -0.21833454 -0.14840877
v 0.47934625 -0.22615641 -0.14770806
v 0.47624224 -0.22592011 -0.1479045
v 0.47661555 -0.23077606 -0.1454463
v 0.47477329 -0.23612989 -0.14253025
v 0.4735347 -0.25331602 -0.14247653
v 0.46623272 -0.20514034 -0.14540946
v 0.47346658 -0.239154 -0.13785167
v 0.4735347 -0.25331602 -0.14247653
v 0.47147748 -0.24370064 -0.13719228
v 0.46204969 -0.19472934 -0.10286373
v 0.47178075 -0.19011825 -0.07875032
v 0.46790317 -0.1868652 -0.05771439
v 0.4707413 0.00762291 0.00057463
v 0.47299442 -0.02470392 0.00037647
v 0.47273576 -0.07401041 0.00046541
v 0.47270542 -0.15411413 0.00031003
v 0.46989799 0.1891389 0.00606115
v 0.47011277 0.13938685 0.00532569
v 0.47190163 0.06086215 0.00412211
v 0.47026843 0.23018987 0.00730872
v 0.46188995 -0.18615176 0.03262207
v 0.46756977 -0.1900115 0.06320551
v 0.46808824 -0.20443104 0.12569223
v 0.47551832 -0.23746236 0.13602784
v 0.47555691 -0.23481098 0.14076953
v 0.47806108 -0.22987404 0.14450814
v 0.47597519 -0.22817846 0.14583069
v 0.48004425 -0.22558537 0.14724065
v 0.47478253 -0.23808037 0.1666204
v 0.47418612 -0.24421138 0.16684857
v 0.47612062 -0.25151289 0.16680597
v 0.47313562 -0.21769731 0.17818807
v 0.47313562 -0.21769731 0.17818807
v 0.47234234 -0.218863 0.1793001
v 0.48370224 -0.21794009 0.17790201
v 0.46474981 -0.2160511 -0.18865401
v 0.4734734 -0.24492855 -0.18337272
v 0.47642183 -0.24412283 -0.18271314
v 0.47834393 -0.24812181 -0.18136144
v 0.47012451 -0.24378967 -0.18262435
v 0.47101596 -0.22119045 -0.15118337
v 0.4711383 -0.22338048 -0.15093514
v 0.46895778 -0.21814983 -0.14544997
v 0.47121987 -0.22616355 -0.1480556
v 0.47391492 -0.23560293 -0.14341024
v 0.46769032 -0.25482321 -0.14405131
v 0.47014096 -0.24558927 -0.13799849
v 0.47068012 -0.24038933 -0.13720292
v 0.46188888 -0.20009619 -0.12430831
v 0.46217158 -0.19741444 -0.113497
v 0.46358681 -0.18825744 -0.06654317
v 0.4609049 -0.18546778 -0.04681854
v 0.46243671 -0.19771631 -0.04466331
v 0.46473178 -0.19907674 -0.05610012
v 0.48423812 -0.19788654 -0.05150562
v 0.46199605 -0.18372612 -0.03058868
v 0.46510479 -0.18275908 -0.02365937
v 0.47063357 0.16522439 -0.02256549
v 0.46956402 0.1755455 -0.02214617
v 0.47160006 0.17967892 -0.02296251
v 0.46925253 -0.18226309 -0.02282996
v 0.47026792 -0.07394534 -0.00057749
v 0.47022298 -0.14083165 -0.00068454
v 0.46989569 -0.17386155 -0.00114424
v 0.47007602 -0.17965835 -0.00160775
v 0.4692049 -0.1823781 -0.00121188
v 0.4711763 0.0287542 0.00257871
v 0.47047538 0.02467152 0.0010704
v 0.47070223 0.02213208 0.00061358
v 0.47082889 -0.07195089 0.00077754
v 0.4692049 -0.1823781 -0.00121188
v 0.46808168 0.2181911 0.00688888
v 0.46963742 0.17533508 0.00570797
v 0.47004935 0.0994973 0.00420004
v 0.47091845 0.0644798 0.00402547
v 0.45615774 0.25264746 -0.00276752
v 0.46101153 -0.18538173 0.02453623
v 0.46194789 -0.19317481 0.07952931
v 0.46206951 -0.19733775 0.09570183
v 0.46775281 -0.23864853 0.13287172
v 0.46743384 -0.23747919 0.13455537
v 0.47041997 -0.23528439 0.1403098
v 0.46205509 -0.20907469 0.14400421
v 0.46506849 -0.21709706 0.17575528
v 0.46526635 -0.2349543 0.16683607
v 0.466003 -0.23778009 0.16601276
v 0.46952167 -0.24197493 0.16614494
v 0.46985796 -0.24562821 0.16668357
v 0.47246546 -0.24957684 0.16676275
v 0.47257486 -0.25246948 0.16606385
v 0.46699664 -0.25336984 0.16486467
v 0.46710914 -0.23059468 0.17945983
v 0.47080532 -0.23329081 0.18002445
v 0.46239969 -0.21455139 -0.18573675
v 0.47114044 -0.24144255 -0.18143281
v 0.46597925 -0.24225618 -0.18112493
v 0.46691376 -0.24074322 -0.18003166
v 0.46178022 -0.20785363 -0.156902
v 0.4688836 -0.22225396 -0.15315974
v 0.4661791 -0.22297326 -0.15053338
v 0.46244049 -0.22536352 -0.14799686
v 0.46153665 -0.22866818 -0.14624386
v 0.46138382 -0.23384874 -0.14339928
v 0.46663561 -0.23467393 -0.14343098
v 0.46200719 -0.23668548 -0.14207703
v 0.46381402 -0.25277165 -0.1426864
v 0.46186927 -0.20282707 -0.137004
v 0.46470043 -0.2393323 -0.13839266
v 0.46381402 -0.25277165 -0.1426864
v 0.46201831 -0.19041114 -0.08130254
v 0.46111372 -0.18912032 -0.07375736
v 0.46199688 -0.18669683 -0.05816973
v 0.47265291 0.23241499 -0.02551612
v 0.46793911 0.22979547 -0.02527159
v 0.46929809 0.2320371 -0.02644344
v 0.46843323 0.2323228 -0.02838554
v 0.47265291 0.23241499 -0.02551612
v 0.46929809 0.2320371 -0.02644344
v 0.46855444 -0.18212658 -0.0193809
v 0.46527421 -0.18245062 -0.00503147
v 0.46834788 -0.18203066 -0.00434861
v 0.46277961 -0.1832094 0.00198973
v 0.47054774 0.06476321 0.00258441
v 0.47038421 0.06486396 -0.00617854
v 0.46758175 0.0645844 0.00255645
v 0.46588722 0.22077115 0.00677553
v 0.46554509 0.20834824 0.00631617
v 0.46639186 0.18411551 0.00536277
v 0.46753487 0.17899203 0.00530965
v 0.46786797 0.17712621 0.0054147
v 0.46501654 0.06410097 0.0043707
v 0.47091845 0.0644798 0.00402547
v 0.46501654 0.06410097 0.0043707
v 0.4606984 0.06195318 0.00459105
v 0.46536797 0.04016827 0.00339124
v 0.46166393 0.02725841 0.00317083
v 0.46984321 0.02546288 0.00256953
v 0.4641555 0.23238349 0.0091585
v 0.46643713 0.23003478 0.00726738
v 0.46108234 -0.1890519 0.0582321
v 0.46099305 -0.20065239 0.10853526
v 0.46506566 -0.23510207 0.13919488
v 0.47057518 -0.25310928 0.14201479
v 0.47204489 -0.25338903 0.14688365
v 0.46818784 -0.25341818 0.14410928
v 0.46186212 -0.21235156 0.1560142
v 0.47005162 -0.22753899 0.14719045
v 0.46542418 -0.22845043 0.14757049
v 0.46714813 -0.22620447 0.14968802
v 0.46525365 -0.2419173 0.16630575
v 0.46563992 -0.24736805 0.16733448
v 0.46945897 -0.25193784 0.16681026
v 0.47257486 -0.25246948 0.16606385
v 0.4371222 0.2523793 0.17560819
v 0.46271166 -0.2180035 0.1777616
v 0.46271166 -0.2180035 0.1777616
v 0.46130183 -0.21942851 0.17884634
v 0.46268934 -0.22192751 0.17925479
v 0.46030813 -0.24203196 -0.18115291
v 0.46207294 -0.24085268 -0.17983878
v 0.46203646 -0.20929493 -0.16560002
v 0.46612135 -0.22168142 -0.15067652
v 0.46612135 -0.22168142 -0.15067652
v 0.46168655 -0.22171676 -0.1484129
v 0.4616808 -0.22374716 -0.14943817
v 0.4616808 -0.22374716 -0.14943817
v 0.46062163 -0.20491011 -0.14480014
v 0.45757467 -0.23784092 -0.14174719
v 0.46291566 -0.24509281 -0.13864455
v 0.46006382 -0.2511003 -0.14211071
v 0.46100083 -0.24207895 -0.1380225
v 0.46085665 -0.20091122 -0.12780179
v 0.46686885 0.23250934 -0.03896416
v 0.46545056 0.23164268 -0.03559825
v 0.46581012 0.2246471 -0.02478693
v 0.46464571 0.22778101 -0.02638052
v 0.46843323 0.2323228 -0.02838554
v 0.46793911 0.22979547 -0.02527159
v 0.46464571 0.22778101 -0.02638052
v 0.46213084 -0.18251729 -0.02076751
v 0.46351862 0.1821759 -0.00661559
v 0.46325266 0.18048216 -0.00536898
v 0.46802267 0.18024544 -0.00629754
v 0.46802267 0.18024544 -0.00629754
v 0.47048649 0.06447233 -0.01071168
v 0.46376243 0.06446701 -0.01019006
v 0.46998534 0.02525869 -0.00718452
v 0.46853891 0.02500469 -0.00569243
v 0.46658438 0.02548295 -0.00799536
v 0.46848685 0.02716274 -0.00848252
v 0.46998534 0.02525869 -0.00718452
v 0.46658438 0.02548295 -0.00799536
v 0.46213356 -0.18257575 -0.00252818
v 0.4638454 0.21873401 0.00675295
v 0.46271485 0.21157181 0.00652175
v 0.46237075 0.19195838 0.0054356
v 0.46252829 0.1879326 0.00518434
v 0.46414745 0.18535668 0.00508423
v 0.45649427 0.03341736 0.00342862
v 0.46364355 0.23027466 0.00884943
v 0.46316916 0.22016609 0.00806909
v 0.46207386 -0.19071101 0.06820695
v 0.46220943 -0.20499468 0.12929355
v 0.45985547 -0.23885661 0.13349542
v 0.46166867 -0.23676731 0.13503546
v 0.45920813 -0.23206426 0.14175792
v 0.46568999 -0.23323123 0.14168353
v 0.4616088 -0.23014735 0.14571825
v 0.46952665 -0.23142403 0.14391358
v 0.45987552 -0.22985746 0.14757542
v 0.46144223 -0.2284741 0.15122272
v 0.46160194 -0.2167924 0.17348701
v 0.46146056 -0.23487894 0.16612333
v 0.4614104 -0.2376526 0.16526009
v 0.459856 -0.23948164 0.16508697
v 0.45902821 -0.24170849 0.16563614
v 0.45945841 -0.24613687 0.16709039
v 0.45803356 -0.25110316 0.16666086
v 0.46220711 -0.23284827 0.17888075
v 0.43247145 0.25214636 0.19281857
v 0.49864137 0.25224227 0.19309151
v 0.43247145 0.25214636 0.19281857
v 0.44577247 0.24890622 0.19389801
v 0.46090722 -0.21647835 -0.18853763
v 0.46313962 -0.23615159 -0.18083145
v 0.46214479 -0.23827638 -0.18004125
v 0.46071783 -0.23720141 -0.18152794
v 0.46227875 -0.23527238 -0.18300527
v 0.46313962 -0.23615159 -0.18083145
v 0.46071783 -0.23720141 -0.18152794
v 0.459869 -0.24117909 -0.17922197
v 0.46029347 -0.20954116 -0.16355306
v 0.46049535 -0.23131563 -0.17494217
v 0.45997855 -0.23411302 -0.17135286
v 0.46059561 -0.23204227 -0.16728869
v 0.45869082 -0.23614423 -0.15944517
v 0.46104711 -0.2319418 -0.15947478
v 0.46036378 -0.20874563 -0.16090102
v 0.46025226 -0.20618676 -0.14728707
v 0.45867988 -0.23566572 -0.15260836
v 0.46085063 -0.2314681 -0.15199301
v 0.45960689 -0.23292281 -0.14911376
v 0.46033627 -0.22222683 -0.14754012
v 0.46014315 -0.2203715 -0.1461882
v 0.46103987 -0.22841182 -0.14943948
v 0.45989239 -0.22978526 -0.14639404
v 0.46153665 -0.22866818 -0.14624386
v 0.45989239 -0.22978526 -0.14639404
v 0.45921764 -0.23314315 -0.14496274
v 0.4589946 -0.23589043 -0.14262888
v 0.46006382 -0.2511003 -0.14211071
v 0.45846906 -0.25434709 -0.14586079
v 0.44106197 0.2525804 -0.14700642
v 0.46043587 -0.20187722 -0.13100924
v 0.46145925 -0.21763596 -0.14011088
v 0.46036413 -0.21697411 -0.1388769
v 0.46009919 -0.21857661 -0.14127801
v 0.46062809 -0.19843714 -0.11513682
v 0.46064863 -0.19677968 -0.10973041
v 0.46066827 -0.19377804 -0.09528498
v 0.46082312 -0.19301392 -0.09322404
v 0.46079516 -0.18989883 -0.07548174
v 0.46076205 -0.18783551 -0.0629862
v 0.46347442 0.2327081 -0.0494438
v 0.46337202 0.22980428 -0.04601115
v 0.46247995 0.23041555 -0.04933373
v 0.46218443 0.22252788 -0.05051189
v 0.46221414 0.21951389 -0.04908807
v 0.4643485 0.23040244 -0.04055012
v 0.46342844 0.22437932 -0.04022113
v 0.46288654 0.21968426 -0.03791282
v 0.46110722 0.21275632 -0.04563235
v 0.46142939 0.21512544 -0.04781909
v 0.46106809 0.2099203 -0.03834009
v 0.46028087 0.20630369 -0.04162854
v 0.45983672 0.19799048 -0.03799464
v 0.46091875 -0.18305227 -0.02318899
v 0.46424699 0.22817802 -0.02789997
v 0.46042311 0.20331565 -0.03458875
v 0.45964572 0.18558241 -0.03288862
v 0.45936942 0.18751469 -0.03408818
v 0.46114659 0.2104681 -0.0287318
v 0.46009946 0.20132869 -0.02644247
v 0.45944726 0.18406229 -0.03030955
v 0.46386799 0.22378097 -0.02530336
v 0.46250284 0.21201192 -0.02439681
v 0.46088964 0.20525016 -0.02466632
v 0.46250284 0.21201192 -0.02439681
v 0.46309412 0.21041417 -0.02323616
v 0.46088964 0.20525016 -0.02466632
v 0.46165493 0.19907063 -0.02277123
v 0.46018872 0.19856684 -0.02333228
v 0.46233559 0.17983748 -0.01867387
v 0.46378294 0.17919834 -0.01527719
v 0.46037513 0.17766047 -0.01751438
v 0.46086392 -0.18279773 -0.00333375
v 0.46475643 0.17975837 -0.01024137
v 0.46164003 0.17725396 -0.01036382
v 0.45885545 0.18257859 -0.00501886
v 0.46047553 0.1817155 -0.00301878
v 0.46325266 0.18048216 -0.00536898
v 0.46150744 0.17742129 -0.0053929
v 0.46116298 0.06482024 -0.00985243
v 0.46107829 0.17783682 -0.00201581
v 0.46047553 0.1817155 -0.00301878
v 0.46001214 0.18016289 -0.00074706
v 0.45851547 0.17714018 -0.0009093
v 0.46110359 0.21039343 0.00699602
v 0.45942453 0.19236845 0.00620366
v 0.45895818 0.18871154 0.00527809
v 0.45320609 0.05768697 0.00431369
v 0.45593295 0.02532203 0.00298043
v 0.4638454 0.21873401 0.00675295
v 0.46316916 0.22016609 0.00806909
v 0.46147957 0.21299638 0.00868725
v 0.46271485 0.21157181 0.00652175
v 0.46369943 0.23251191 0.01248066
v 0.46293136 0.23015502 0.01200742
v 0.46364355 0.23027466 0.00884943
v 0.4641555 0.23238349 0.0091585
v 0.46223077 0.21864566 0.01167239
v 0.46237198 0.21826416 0.01711148
v 0.45964798 0.19997966 0.01591591
v 0.46295539 0.22997642 0.02934629
v 0.46233469 0.22033823 0.02686154
v 0.4616257 0.21352671 0.02476444
v 0.45964921 0.20106153 0.02937105
v 0.46344388 0.23253982 0.02987416
v 0.46016225 0.20724103 0.03410362
v 0.4607625 -0.1857885 0.02551409
v 0.46318707 0.23038845 0.04557201
v 0.46201301 0.22053833 0.04130551
v 0.46136397 0.21582898 0.03976813
v 0.46022391 0.21061368 0.03862504
v 0.45903504 0.20687734 0.0353386
v 0.4607757 -0.18794255 0.04594608
v 0.46372119 0.2325521 0.04571904
v 0.46179453 0.22071007 0.04867206
v 0.46111751 0.21811351 0.04785674
v 0.46279892 0.23268412 0.05081634
v 0.46254778 0.23045039 0.04944284
v 0.46113864 0.22965294 0.05073385
v 0.46113864 0.22965294 0.05073385
v 0.45971084 0.22102456 0.04964057
v 0.46179453 0.22071007 0.04867206
v 0.46111751 0.21811351 0.04785674
v 0.460731 -0.18990466 0.05996203
v 0.46069959 -0.19309147 0.07851021
v 0.46069959 -0.19309147 0.07851021
v 0.46057871 -0.19471274 0.07983758
v 0.46194789 -0.19317481 0.07952931
v 0.46065232 -0.19546606 0.08553064
v 0.46065232 -0.19546606 0.08553064
v 0.4607558 -0.19688894 0.09306948
v 0.46062046 -0.19831702 0.09568451
v 0.46079403 -0.20195101 0.11098478
v 0.46085036 -0.20437157 0.12500635
v 0.4653649 0.25251135 0.10925533
v 0.44291386 0.25253123 0.1240584
v 0.4609257 0.25244653 0.15185562
v 0.46085036 -0.20437157 0.12500635
v 0.46069461 -0.20574278 0.12707591
v 0.46220943 -0.20499468 0.12929355
v 0.4609417 -0.20869978 0.14154233
v 0.45889845 -0.23565018 0.13613445
v 0.4609417 -0.20869978 0.14154233
v 0.46080646 -0.21028353 0.14323179
v 0.46205509 -0.20907469 0.14400421
v 0.46095186 -0.2124711 0.15534768
v 0.46095186 -0.2124711 0.15534768
v 0.46144223 -0.2284741 0.15122272
v 0.45987552 -0.22985746 0.14757542
v 0.45944774 -0.23144317 0.15543084
v 0.46078226 -0.21368274 0.15821126
v 0.46033803 -0.22923343 0.16038802
v 0.45941433 -0.23297015 0.15980491
v 0.46042535 -0.23323102 0.16303961
v 0.45968726 -0.2373558 0.1639566
v 0.46107399 -0.21678381 0.17204465
v 0.45968726 -0.2373558 0.1639566
v 0.46160194 -0.2167924 0.17348701
v 0.46107399 -0.21678381 0.17204465
v 0.46130183 -0.21942851 0.17884634
v 0.46130183 -0.21942851 0.17884634
v 0.45853236 -0.23672 -0.16700862
v 0.45869941 -0.2379729 -0.17067942
v 0.45517394 -0.23920852 -0.16597468
v 0.45351577 -0.23814517 -0.15661082
v 0.45486471 -0.23777193 -0.14680874
v 0.45822552 -0.23568194 -0.14488469
v 0.45757467 -0.23784092 -0.14174719
v 0.4589946 -0.23589043 -0.14262888
v 0.46006382 -0.2511003 -0.14211071
v 0.45763952 -0.25149733 -0.14446431
v 0.45846906 -0.25434709 -0.14586079
v 0.45767009 -0.24043559 -0.14089158
v 0.46100083 -0.24207895 -0.1380225
v 0.45767009 -0.24043559 -0.14089158
v 0.45793039 -0.24574189 -0.14115559
v 0.45976257 0.23274969 -0.05286748
v 0.46108812 0.23217659 -0.05084046
v 0.45911247 0.23037931 -0.05171802
v 0.46218443 0.22252788 -0.05051189
v 0.45858321 0.18473181 -0.03314449
v 0.45840791 0.17821541 -0.02927493
v 0.45768905 0.17878197 -0.03082908
v 0.46018872 0.19856684 -0.02333228
v 0.45880091 0.17873538 -0.02632377
v 0.45694855 0.17007701 -0.02577323
v 0.46763235 0.25258988 -0.04046172
v 0.43845901 0.25267518 -0.03424326
v 0.45615774 0.25264746 -0.00276752
v 0.45988539 0.18340804 -0.02249447
v 0.45810592 0.17581628 -0.02237067
v 0.45666742 0.16957355 -0.0233515
v 0.46053687 0.18200515 -0.02096637
v 0.45976666 0.17976142 -0.02019339
v 0.45988539 0.18340804 -0.02249447
v 0.45976666 0.17976142 -0.02019339
v 0.4585188 0.17612362 -0.01874405
v 0.45681858 0.17340517 -0.01868545
v 0.4562594 0.17375001 -0.0134289
v 0.45823184 0.18246436 -0.00081415
v 0.46001214 0.18016289 -0.00074706
v 0.45586383 0.18443927 -0.00094092
v 0.45087418 0.06488347 -0.00735566
v 0.45129627 0.06465154 0.00428091
v 0.45760715 0.18235922 0.0021365
v 0.45797017 0.17980149 0.00245709
v 0.45551887 0.18367592 0.0031931
v 0.45551887 0.18367592 0.0031931
v 0.45364985 0.17996779 0.00444093
v 0.45797017 0.17980149 0.00245709
v 0.45737925 0.17750202 0.00186081
v 0.45481476 0.17685993 0.0017678
v 0.45942453 0.19236845 0.00620366
v 0.45719007 0.1902554 0.00679438
v 0.455993 0.18777324 0.00596199
v 0.455993 0.18777324 0.00596199
v 0.46110359 0.21039343 0.00699602
v 0.46064734 0.20865358 0.00847459
v 0.45915371 0.19790877 0.00875356
v 0.45787877 0.19160131 0.00890654
v 0.45682245 0.18576565 0.01526929
v 0.45628986 0.18463239 0.01212496
v 0.45870164 0.19499807 0.02569467
v 0.45603931 0.1831845 0.01738551
v 0.45722076 0.19069636 0.02655112
v 0.45899278 0.19993502 0.02947291
v 0.45899278 0.19993502 0.02947291
v 0.45610467 0.19838297 0.0298726
v 0.45722076 0.19069636 0.02655112
v 0.45544887 0.18923491 0.02684018
v 0.45905194 0.20330267 0.03217644
v 0.45858112 0.21594901 0.04688836
v 0.45944694 0.2130736 0.04322561
v 0.46279892 0.23268412 0.05081634
v 0.45980084 0.23270059 0.05273166
v 0.4592821 0.23039287 0.05128568
v 0.45424923 -0.23909982 0.13648255
v 0.45699614 -0.23555082 0.13775489
v 0.4567048 -0.23430496 0.14123486
v 0.4567048 -0.23430496 0.14123486
v 0.45593461 -0.23511562 0.14557566
v 0.45874295 -0.25232536 0.14293151
v 0.46112186 -0.25333372 0.14642331
v 0.4572607 -0.25339976 0.14402579
v 0.45736536 -0.2346471 0.15381125
v 0.45698938 -0.25371397 0.15589438
v 0.45760179 -0.23517944 0.15807529
v 0.45760179 -0.23517944 0.15807529
v 0.45640263 -0.23884578 0.16245386
v 0.45870548 -0.25334099 0.16341293
v 0.45462099 -0.25131875 0.16017622
v 0.45806438 -0.24358281 0.16705823
v 0.45653337 -0.24075171 -0.17063269
v 0.45455775 -0.24154967 -0.16894765
v 0.45380959 -0.24022688 -0.16248961
v 0.45433348 0.16644236 -0.02151714
v 0.45430937 0.16661163 -0.02487649
v 0.45341089 0.16787446 -0.0167349
v 0.45135051 0.16505067 -0.01753365
v 0.45416167 0.17151232 -0.01264219
v 0.45421252 0.17417179 -0.00587685
v 0.45563665 0.18738352 0.00366854
v 0.45427287 0.18585244 0.00517185
v 0.45551887 0.18367592 0.0031931
v 0.45427287 0.18585244 0.00517185
v 0.45217106 0.17597562 0.00279625
v 0.45129627 0.06465154 0.00428091
v 0.44315353 0.06406158 0.00463968
v 0.44016421 0.02730455 0.00341321
v 0.45587373 0.18741798 0.0085529
v 0.45420411 0.17732513 0.00956328
v 0.45506808 0.1792907 0.01803736
v 0.45432049 0.17561214 0.01604746
v 0.45585388 0.18425238 0.02139702
v 0.45439285 0.17371596 0.02013919
v 0.4557817 0.18754742 0.0254334
v 0.45479724 0.18359292 0.02503548
v 0.45237204 0.18694548 0.02639776
v 0.45244852 0.18462594 0.0261299
v 0.45479724 0.18359292 0.02503548
v 0.4557817 0.18754742 0.0254334
v 0.45478317 0.17989857 0.0245743
v 0.45488685 0.17625612 0.02480802
v 0.45463699 0.17339006 0.02669006
v 0.45215842 0.19812573 0.03000117
v 0.45419893 0.1822771 0.02848444
v 0.45461434 0.17997907 0.03513477
v 0.45244852 0.18462594 0.0261299
v 0.45200634 0.18294486 0.02889479
v 0.45419893 0.1822771 0.02848444
v 0.45479724 0.18359292 0.02503548
v 0.45496348 0.17583799 0.04699057
v 0.45347396 0.18231538 0.04960544
v 0.45347396 0.18231538 0.04960544
v 0.45444575 0.17321071 0.0555583
v 0.44676596 0.2192218 0.0494553
v 0.45463625 0.1797947 0.06286824
v 0.44724995 0.23021002 0.0517822
v 0.44845158 0.22132504 0.05023523
v 0.45182145 0.18277642 0.06604455
v 0.45370433 0.18214969 0.07249259
v 0.45370433 0.18214969 0.07249259
v 0.45439336 0.1797924 0.08598826
v 0.45497987 0.1759268 0.08902746
v 0.4517996 0.18231462 0.09807711
v 0.45421621 0.17330231 0.09578498
v 0.4527151 0.18172839 0.10452875
v 0.4527151 0.18172839 0.10452875
v 0.45338246 0.17987715 0.1040258
v 0.45420817 0.17601001 0.10219397
v 0.45264181 0.17343679 0.10808309
v 0.45250022 0.17911801 0.10974866
v 0.45189622 0.17622606 0.11165409
v 0.45424923 -0.23909982 0.13648255
v 0.45361894 -0.23795572 0.14106955
v 0.45699614 -0.23555082 0.13775489
v 0.45379433 -0.23761757 0.14790764
v 0.45373753 -0.23798698 0.15843879
v 0.45440432 -0.23863737 0.16108049
v 0.45440432 -0.23863737 0.16108049
v 0.45436278 -0.24209081 0.16309148
v 0.45542052 -0.24525581 0.16514735
v 0.40723127 0.25103322 0.1939467
v 0.40753198 0.25239462 -0.18381485
v 0.46011993 0.25258484 -0.08573078
v 0.44800571 0.16426452 -0.0099114
v 0.44816655 0.16592047 -0.00835121
v 0.45224351 0.17397009 -0.00332316
v 0.44908914 0.17020646 -0.00464558
v 0.45083213 0.1741837 0.0062824
v 0.45326874 0.18093573 0.00608079
v 0.45433176 0.18592857 0.00707552
v 0.45282242 0.17636836 0.00861614
v 0.45094395 0.17200892 0.00918143
v 0.44875845 0.16598886 0.01014021
v 0.44817284 0.16464601 0.0073103
v 0.45331737 0.17439172 0.01201879
v 0.45127869 0.17208058 0.01197504
v 0.45127869 0.17208058 0.01197504
v 0.44823676 0.17185842 0.0115644
v 0.44875845 0.16598886 0.01014021
v 0.42696297 0.25269294 0.02474746
v 0.45331737 0.17439172 0.01201879
v 0.45234054 0.17336622 0.01622568
v 0.45127869 0.17208058 0.01197504
v 0.44819036 0.18758462 0.02571696
v 0.44832736 0.18377365 0.02444915
v 0.44781646 0.19833288 0.03003127
v 0.44843721 0.18909614 0.0267484
v 0.44832736 0.18377365 0.02444915
v 0.44932881 0.18246482 0.02856515
v 0.44914672 0.18232808 0.05908405
v 0.44622761 0.21543773 0.0471479
v 0.44528681 0.23276269 0.05319237
v 0.44941375 0.18234462 0.08180436
v 0.44885463 0.18230271 0.09925612
v 0.45048508 0.18224095 0.11059271
v 0.44750392 0.18263358 0.11168338
v 0.45306408 0.25257123 0.08094481
v 0.45048508 0.18224095 0.11059271
v 0.45250022 0.17911801 0.10974866
v 0.4527151 0.18172839 0.10452875
v 0.44861487 0.18220471 0.11481735
v 0.44893199 0.17908786 0.11655059
v 0.44861487 0.18220471 0.11481735
v 0.44893199 0.17908786 0.11655059
v 0.44976389 0.1762578 0.11566528
v 0.44875017 0.17388658 0.11618325
v 0.44561186 0.17915075 0.11996474
v 0.44662827 0.17609878 0.1194571
v 0.44976389 0.1762578 0.11566528
v 0.44450051 0.17402944 0.12075248
v 0.44875017 0.17388658 0.11618325
v 0.43392187 0.23851311 0.19377939
v 0.42448318 0.25250739 -0.18268369
v 0.42157307 0.25266847 -0.0668797
v 0.43845901 0.25267518 -0.03424326
v 0.44701084 0.15623829 -0.00985045
v 0.4470849 0.16023903 -0.01089816
v 0.44756323 0.16330211 -0.01222565
v 0.44681278 0.15736991 -0.01059581
v 0.42579728 0.06488509 -0.0099523
v 0.44683009 0.15703359 0.00620234
v 0.44628805 0.15280534 -0.00948821
v 0.44532338 0.15089852 0.00257959
v 0.44539365 0.15062457 -0.00929374
v 0.4462454 0.15492564 0.00805376
v 0.44432789 0.15121877 0.00691579
v 0.41996449 0.04081793 0.00379746
v 0.44597343 0.22772098 0.00988894
v 0.44444206 0.23019771 0.00917324
v 0.44446346 0.2202298 0.00887101
v 0.44591314 0.21315059 0.00987462
v 0.44453335 0.21147609 0.00927998
v 0.44751689 0.16418046 0.00943103
v 0.4462454 0.15492564 0.00805376
v 0.44751689 0.16418046 0.00943103
v 0.44383934 0.15564336 0.00849772
v 0.44591314 0.21315059 0.00987462
v 0.44453335 0.21147609 0.00927998
v 0.44566765 0.2114002 0.01193792
v 0.44611835 0.18053262 0.01177805
v 0.44654897 0.17522705 0.0100325
v 0.44731525 0.17585476 0.01196292
v 0.44823676 0.17185842 0.0115644
v 0.44609019 0.19117777 0.026849
v 0.44635105 0.18702731 0.0236022
v 0.4468154 0.18007664 0.01999126
v 0.44665727 0.17886956 0.02117668
v 0.44717705 0.18162334 0.0223915
v 0.44569367 0.19983912 0.03025147
v 0.44768849 0.18119293 0.02809198
v 0.44582677 0.20442002 0.03332683
v 0.44848081 0.20347314 0.03345551
v 0.44653863 0.17924196 0.04351884
v 0.44550782 0.23028103 0.04989012
v 0.44557795 0.22546743 0.04965364
v 0.44596747 0.23080727 0.05146108
v 0.44532275 0.22189952 0.05074593
v 0.44751349 0.18134658 0.06371325
v 0.44596747 0.23080727 0.05146108
v 0.44532275 0.22189952 0.05074593
v 0.44676059 0.17935224 0.08305102
v 0.44776532 0.18139338 0.08908286
v 0.44640341 0.17971875 0.09503423
v 0.44526374 0.18019363 0.10403267
v 0.44650856 0.18208146 0.10679625
v 0.44650856 0.18208146 0.10679625
v 0.44146115 0.18212733 0.12054199
v 0.44146115 0.18212733 0.12054199
v 0.44313204 0.18088157 0.12095042
v 0.44314048 0.17638633 0.12223859
v 0.41838294 0.25262308 -0.12808561
v 0.42571962 0.25263211 -0.0995165
v 0.44328111 0.18745495 -0.03254036
v 0.44308132 0.18183377 -0.03256568
v 0.4431068 0.17902477 -0.03015754
v 0.44280812 0.17382807 -0.02895466
v 0.44320884 0.17201525 -0.02717246
v 0.44470158 0.16045934 -0.01077535
v 0.44265783 0.15757056 -0.01038625
v 0.44340202 0.1620189 -0.01028223
v 0.44372636 0.23258533 0.00960841
v 0.43988609 0.2328749 0.00931304
v 0.44074425 0.2300725 0.008103
v 0.44068187 0.2136938 0.00850649
v 0.44074851 0.18791617 0.00884727
v 0.44440323 0.18610807 0.00939743
v 0.44451901 0.1798 0.0093997
v 0.44683608 0.16876404 0.00983056
v 0.44103432 0.16768722 0.00902354
v 0.43912864 0.15253934 0.00822055
v 0.44432789 0.15121877 0.00691579
v 0.44320706 0.17872001 0.10665335
v 0.44468531 0.18136267 0.10977353
v 0.44154742 0.18017589 0.11549368
v 0.44013736 0.1799041 0.12164495
v 0.43976364 0.17670219 0.12210929
v 0.44091991 0.17425016 0.12136434
v 0.40741712 0.25270376 -0.00497086
v 0.41903701 0.06510674 -0.00741794
v 0.42210105 0.06500684 0.00279371
v 0.42759988 0.22503641 0.00838298
v 0.43297079 0.17956381 0.00891709
v 0.4336175 0.16677049 0.00888154
v 0.43326366 0.15055743 0.00745574
v 0.41323328 0.25260082 0.09196401
v 0.44291386 0.25253123 0.1240584
v 0.43984529 0.17994647 0.11965755
v 0.43832725 0.178434 0.12133139
v 0.44013736 0.1799041 0.12164495
v 0.43832725 0.178434 0.12133139
v 0.42681599 0.252469 0.15489775
v 0.42138523 0.23436485 0.1935555
v 0.41335273 0.02746661 0.00335245
v 0.40741712 0.25270376 -0.00497086
v 0.42706245 0.2304069 0.00838511
v 0.42519394 0.15600993 0.00864342
v 0.43422011 0.17927217 0.12740807
v 0.4336901 0.17832756 0.13056351
v 0.43403262 0.17612474 0.12970637
v 0.43400964 0.17447144 0.12747715
v 0.43422011 0.17927217 0.12740807
v 0.43263444 0.18015289 0.12736914
v 0.43215719 0.18203573 0.13030623
v 0.43215719 0.18203573 0.13030623
v 0.43322441 0.17386359 0.13011242
v 0.43085787 0.17906256 0.13569371
v 0.43131307 0.17585276 0.13561656
v 0.43061933 0.17377271 0.13550977
v 0.4092252 0.25269783 -0.03174933
v 0.41899112 0.15625806 -0.01029073
v 0.43465665 0.16318148 -0.01035117
v 0.39350834 0.05692147 0.00448164
v 0.41430518 0.15285189 0.00835997
v 0.41066983 0.25267285 0.05447366
v 0.43175849 0.18204381 0.12812752
v 0.42868474 0.18274465 0.13014998
v 0.42991203 0.18202713 0.13412936
v 0.42991203 0.18202713 0.13412936
v 0.42991203 0.18202713 0.13412936
v 0.428801 0.18007682 0.1363436
v 0.43085787 0.17906256 0.13569371
v 0.42858112 0.17605439 0.13757958
v 0.42858112 0.17605439 0.13757958
v 0.42662215 0.17341474 0.13659859
v 0.43061933 0.17377271 0.13550977
v 0.38075784 0.25223765 0.19083354
v 0.3989675 0.25206983 0.19310135
v 0.39649451 0.23850708 0.19389999
v 0.40378296 0.25257561 -0.15587854
v 0.41136926 0.02538062 0.00283146
v 0.38312188 0.21740462 0.00842731
v 0.41327268 0.18546806 0.00849243
v 0.40400752 0.18148041 0.1294817
v 0.42520615 0.18272854 0.13342643
v 0.42691132 0.18202233 0.13566288
v 0.42691132 0.18202233 0.13566288
v 0.42456076 0.17992042 0.13749219
v 0.42451665 0.17610836 0.1383536
v 0.39800602 0.23291773 0.00913281
v 0.40145969 0.25255609 0.12673242
v 0.42049438 0.18207666 0.13590868
v 0.42049438 0.18207666 0.13590868
v 0.38542503 0.25239414 0.17065606
v 0.3989675 0.25206983 0.19310135
v 0.38678941 0.24899802 0.19414799
v 0.39374971 0.25267118 -0.08034278
v 0.3766683 0.06405832 0.00482592
v 0.37179765 0.0617573 0.00490092
v 0.401636 0.23031527 0.00822914
v 0.39582413 0.19812541 0.00843731
v 0.40524545 0.15162835 0.00732252
v 0.41372198 0.1823023 0.13367134
v 0.41116282 0.1799356 0.1368413
v 0.41271523 0.17596258 0.13786981
v 0.41278073 0.17339163 0.13654448
v 0.4092252 0.25269783 -0.03174933
v 0.38259423 0.25270903 0.02740776
v 0.41311687 0.18209055 0.13023338
v 0.37807003 0.25252521 0.14153892
v 0.37186122 0.06496549 0.00283365
v 0.38589942 0.06475238 0.00436312
v 0.38589942 0.06475238 0.00436312
v 0.39467683 0.16241054 0.00857914
v 0.41764 0.17987663 0.12818123
v 0.40576854 0.17966168 0.12867102
v 0.40400752 0.18148041 0.1294817
v 0.40055352 0.18186863 0.13544829
v 0.40055352 0.18186863 0.13544829
v 0.3751196 0.02736362 0.00358344
v 0.39213014 0.1561915 0.00880288
v 0.385598 0.18212061 0.13115005
v 0.39632586 0.17981517 0.13695812
v 0.38346073 0.17602879 0.13811441
v 0.37537971 0.25273031 -0.03260565
v 0.39116648 0.15313296 0.00829652
v 0.3850944 0.18236062 0.13359216
v 0.38450423 0.17361332 0.13657816
v 0.35396224 0.25256926 -0.16538283
v 0.37537971 0.25273031 -0.03260565
v 0.37478229 0.16339332 -0.01033924
v 0.41004977 0.16245884 -0.01023505
v 0.38314453 0.15181124 0.00706405
v 0.37560511 0.2526072 0.10037461
v 0.40145969 0.25255609 0.12673242
v 0.41323328 0.25260082 0.09196401
v 0.37602478 0.25264871 -0.12876952
v 0.35567114 0.06484509 -0.01007179
v 0.36959949 0.02529143 0.00312357
v 0.36687633 0.20073092 0.00838
v 0.37560511 0.2526072 0.10037461
v 0.33486775 0.25246918 -0.18250616
v 0.35420755 0.25272438 -0.06069908
v 0.36528894 0.06498489 -0.0076594
v 0.37172368 0.04213536 0.00407128
v 0.35598251 0.0273637 0.00376206
v 0.36382625 0.25267625 0.05665655
v 0.37933025 0.17932983 0.12901662
v 0.38116378 0.1812574 0.1299254
v 0.35262209 0.23542653 0.19397642
v 0.37329507 0.23423685 0.19364937
v 0.359449 0.25268042 -0.09693082
v 0.38259423 0.25270903 0.02740776
v 0.35519949 0.05620663 0.0046892
v 0.36425489 0.18231283 0.13585953
v 0.36425489 0.18231283 0.13585953
v 0.36873764 0.17983335 0.13736276
v 0.36454701 0.17777047 0.00835639
v 0.34433481 0.25264835 -0.13398005
v 0.35694963 0.21897295 0.00844908
v 0.37807003 0.25252521 0.14153892
v 0.35828468 0.18271083 0.13120551
v 0.3578651 0.18333687 0.13376957
v 0.35332397 0.16046444 0.00826987
v 0.35766447 0.18170224 0.12998937
v 0.35672611 0.17596601 0.1376259
v 0.35109445 0.23032489 0.00828648
v 0.35059863 0.1517251 0.0067803
v 0.35686487 0.17971449 0.12924916
v 0.34068507 0.25245935 0.15598807
v 0.38542503 0.25239414 0.17065606
v 0.34068507 0.25245935 0.15598807
v 0.3101058 0.25235415 0.17593227
v 0.35258803 0.15627797 0.00839042
v 0.34900045 0.15305625 0.00779624
v 0.34565461 0.25260022 0.10681595
v 0.34446925 0.17385721 0.13602492
v 0.34460759 0.23859946 0.19411585
v 0.33636922 0.25273037 -0.00212813
v 0.37596092 0.15624444 -0.01053901
v 0.33740583 0.15626918 -0.01047546
v 0.33315828 0.04054482 0.00417764
v 0.31134695 0.23284452 0.0091618
v 0.34603655 0.17987709 0.13755199
v 0.38075784 0.25223765 0.19083354
v 0.33109784 0.2527419 -0.03276992
v 0.36959949 0.02529143 0.00312357
v 0.28180853 0.02514479 0.00270241
v 0.36246759 0.02503948 0.00250207
v 0.33443663 0.21578354 0.00840848
v 0.34219289 0.17839412 0.00827899
v 0.33636922 0.25273037 -0.00212813
v 0.34565461 0.25260022 0.10681595
v 0.35766447 0.18170224 0.12998937
v 0.3459681 0.18395515 0.13077918
v 0.34609261 0.18289371 0.13620649
v 0.34609261 0.18289371 0.13620649
v 0.32098776 0.24856247 0.19410887
v 0.40753198 0.25239462 -0.18381485
v 0.29187486 0.2523632 -0.1839045
v 0.33486775 0.25246918 -0.18250616
v 0.33109784 0.2527419 -0.03276992
v 0.30009064 0.06510248 0.00502001
v 0.30009064 0.06510248 0.00502001
v 0.34611264 0.18251923 0.12885742
v 0.34593311 0.18433009 0.13363324
v 0.31884626 0.25255749 0.1209975
v 0.34672302 0.176047 0.13747868
v 0.30884406 0.2522195 0.19074856
v 0.3989675 0.25206983 0.19310135
v 0.32204235 0.25094512 0.19387938
v 0.33491924 0.16382873 -0.01028157
v 0.33081982 0.05728469 0.00479346
v 0.33224556 0.0273986 0.00381904
v 0.32977957 0.19598711 0.00831661
v 0.32875845 0.25266555 0.06085262
v 0.30907059 0.25208539 0.19288054
v 0.32210425 0.25271249 -0.08521388
v 0.34133673 0.18190897 0.12885204
v 0.34267285 0.1835378 0.1306584
v 0.34265691 0.18371348 0.13366081
v 0.34132892 0.18212265 0.13564494
v 0.34132892 0.18212265 0.13564494
v 0.34281915 0.17976055 0.13681448
v 0.34303284 0.17595558 0.13637193
v 0.29751045 0.23415375 0.19357862
v 0.31560981 0.02532487 0.00343126
v 0.31560981 0.02532487 0.00343126
v 0.31484255 0.25270343 0.0288826
v 0.34094998 0.1823829 0.13209243
v 0.3411192 0.17701392 0.13547997
v 0.30579457 0.06522764 -0.00774776
v 0.31477419 0.06523019 0.00301497
v 0.31335539 0.15616983 0.00853215
v 0.32107651 0.15169555 0.00696933
v 0.30381709 0.25258863 0.09349053
v 0.30341265 0.06433935 0.0054406
v 0.31485978 0.23030359 0.00826755
v 0.31073004 0.18167995 0.00830737
v 0.29787993 0.16147912 0.00837447
v 0.29776263 0.23870757 0.19399488
v 0.30994388 0.04478616 0.00457727
v 0.30824578 0.15310948 0.00809837
v 0.29669279 0.25244766 0.15589786
v 0.31083608 0.25266111 -0.13968349
v 0.29494953 0.0573029 0.00509117
v 0.3011061 0.02741327 0.00432626
v 0.30884406 0.2522195 0.19074856
v 0.30907059 0.25208539 0.19288054
v 0.29187486 0.2523632 -0.1839045
v 0.29542878 0.25255105 -0.18248256
v 0.29205507 0.25272316 -0.02979362
v 0.29545203 0.06509231 -0.01007664
v 0.29205507 0.25272316 -0.02979362
v 0.29669279 0.25244766 0.15589786
v 0.33486775 0.25246918 -0.18250616
v 0.29542878 0.25255105 -0.18248256
v 0.35396224 0.25256926 -0.16538283
v 0.31083608 0.25266111 -0.13968349
v 0.29552245 0.25273424 -0.06439918
v 0.28996623 0.21912044 0.00836484
v 0.28226137 0.23522738 0.19381903
v 0.29294908 0.2527172 -0.10385739
v 0.29051644 0.03982995 0.00458573
v 0.28978562 0.20191801 0.0083641
v 0.28479296 0.25117406 0.19389178
v 0.27759501 0.25267625 -0.13633806
v 0.29329216 0.15189399 0.00698099
v 0.2808772 0.25262183 0.0717188
v 0.27759501 0.25267625 -0.13633806
v 0.28700823 0.06541729 -0.00769932
v 0.2794075 0.2527115 -0.00478674
v 0.29050544 0.06538215 0.00301113
v 0.29189935 0.23033114 0.00815487
v 0.25598359 0.15626943 0.00852944
v 0.2703737 0.2525264 0.13399537
v 0.26866615 0.25225228 0.19093227
v 0.26333806 0.24861105 0.19413127
v 0.26043835 0.16140376 0.00833376
v 0.2700873 0.25268143 0.04150672
v 0.3101058 0.25235415 0.17593227
v 0.2559576 0.25274426 -0.05048156
v 0.23144734 0.06438193 0.00539166
v 0.27151826 0.02744872 0.00438314
v 0.27425522 0.02535081 0.00353139
v 0.27425522 0.02535081 0.00353139
v 0.26277074 0.06536704 0.00310605
v 0.24758802 0.19694528 0.00837063
v 0.25535432 0.25256851 0.10458829
v 0.25304401 0.06516849 -0.01002461
v 0.26110092 0.06534173 -0.00770953
v 0.2547152 0.06516811 0.00508819
v 0.2547152 0.06516811 0.00508819
v 0.2419131 0.05688705 0.00504853
v 0.25562418 0.15191694 0.00688312
v 0.2589851 0.25244451 0.160347
v 0.2589851 0.25244451 0.160347
v 0.25324917 0.25271422 -0.12025164
v 0.25005341 0.25273114 -0.07952228
v 0.2388297 0.25272465 0.01306556
v 0.22721311 0.25204986 0.19291945
v 0.28479296 0.25117406 0.19389178
v 0.24421845 0.25273979 -0.02044974
v 0.24643703 0.23280022 0.00906087
v 0.25046456 0.23035604 0.00809551
v 0.247099 0.15312336 0.00790123
v 0.2359204 0.25267127 0.05320965
v 0.21805367 0.25236708 0.17350365
v 0.20233275 0.25255269 -0.18245466
v 0.22993752 0.25268674 -0.14935225
v 0.27759501 0.25267625 -0.13633806
v 0.22993752 0.25268674 -0.14935225
v 0.25324917 0.25271422 -0.12025164
v 0.22985411 0.25272697 -0.10825872
v 0.23640978 0.06555797 0.00302672
v 0.23097141 0.21926656 0.00837529
v 0.23386388 0.16133462 0.00842904
v 0.24075943 0.06549849 -0.00763871
v 0.20406997 0.02547958 0.0037678
v 0.23170815 0.25261089 0.08416115
v 0.18073684 0.25220171 0.19059922
v 0.21766895 0.23828597 0.19411084
v 0.21664591 0.23530659 0.19397248
v 0.19875762 0.05659219 0.00513033
v 0.22455701 0.03749509 0.00467421
v 0.23248093 0.25254098 0.13067211
v 0.20634073 0.2507953 0.193901
v 0.17156443 0.25241864 -0.18393728
v 0.25681764 0.15618715 -0.01026711
v 0.21849333 0.15633391 -0.01027716
v 0.23208955 0.16423196 -0.01006875
v 0.22952113 0.23032698 0.00814978
v 0.19807869 0.02748756 0.00456669
v 0.21466981 0.25243801 0.16144148
v 0.22467959 0.25275978 -0.06362827
v 0.21043374 0.17749593 0.00838303
v 0.22721311 0.25204986 0.19291945
v 0.22985411 0.25272697 -0.10825872
v 0.19840445 0.06526509 0.00504827
v 0.19840445 0.06526509 0.00504827
v 0.21041884 0.1968469 0.00833844
v 0.20780571 0.15184672 0.00683461
v 0.21117389 0.24835047 0.19414735
v 0.18604794 0.23281029 0.00903279
v 0.19334066 0.22041807 0.00830385
v 0.18392558 0.23410524 0.19357567
v 0.18789695 0.0389737 0.00474638
v 0.19674402 0.25272617 0.02828069
v 0.20233254 0.25265735 0.0660525
v 0.19510049 0.25278246 -0.08144872
v 0.20009732 0.25276285 -0.03147442
v 0.19457184 0.25258017 0.11309971
v 0.17840193 0.06517325 -0.01020373
v 0.1939806 0.06442703 0.0054432
v 0.19358484 0.15620396 0.00855521
v 0.20434678 0.25253034 0.13546957
v 0.17496972 0.06545322 -0.00765057
v 0.17342512 0.06550688 0.00302191
v 0.19012183 0.15303035 0.00799682
v 0.18160161 0.25271508 -0.1569763
v 0.19949609 0.25275642 -0.126984
v 0.18054219 0.15572397 -0.01011535
v 0.21193503 0.16479628 -0.01000369
v 0.19287193 0.23038611 0.0081528
v 0.17676347 0.1985665 0.00832025
v 0.18301404 0.25204453 0.1927335
v 0.18159699 0.2527591 -0.00808862
v 0.17359884 0.23875922 0.19392411
v 0.18301404 0.25204453 0.1927335
v 0.17334767 0.1514167 0.00684783
v 0.20233254 0.25265735 0.0660525
v 0.15875313 0.25266179 0.07406442
v 0.19457184 0.25258017 0.11309971
v 0.16648155 0.25281942 -0.07349935
v 0.16873901 0.23527376 0.19375108
v 0.15882649 0.25265294 -0.1824856
v 0.16456203 0.21784671 0.00826119
v 0.1559312 0.25253537 0.14331046
v 0.15499434 0.06436184 0.00522019
v 0.17268874 0.0555419 0.00497381
v 0.14796911 0.16171877 0.00834775
v 0.14376169 0.25277019 0.00932121
v 0.15875313 0.25266179 0.07406442
v 0.16539706 0.24859726 0.19401371
v 0.16236547 0.25282049 -0.11780825
v 0.16282424 0.23037933 0.00783913
v 0.16239721 0.18120654 0.00834351
v 0.16161783 0.25259939 0.1115379
v 0.1440566 0.25234467 0.17779095
v 0.15306722 0.25278538 -0.03242006
v 0.14581817 0.15621817 0.00848648
v 0.14768882 0.15289867 0.00794031
v 0.15844873 0.25245988 0.16137049
v 0.08991293 0.25052255 0.19381356
v 0.14689818 0.04251492 0.00468906
v 0.13368289 0.02546515 0.0036172
v 0.14060134 0.25273526 0.04186986
v 0.16161783 0.25259939 0.1115379
v 0.14217548 0.06515327 0.00479182
v 0.14217548 0.06515327 0.00479182
v 0.08776133 0.25153011 0.19311289
v 0.11853644 0.25275519 -0.15720871
v 0.16390608 0.15409748 -0.01002861
v 0.17400567 0.16426821 -0.00989614
v 0.13895191 0.06510876 -0.01015355
v 0.13357846 0.06539492 -0.00765924
v 0.13439701 0.02750146 0.00443631
v 0.14413142 0.15145686 0.00686256
v 0.0841566 0.25220811 0.19047879
v 0.13249657 0.25281531 -0.06711529
v 0.13030224 0.21929635 0.00824639
v 0.14393482 0.18420553 0.00836886
v 0.12881806 0.23276688 0.00885008
v 0.12099185 0.25246501 0.16314419
v 0.1386618 0.06543332 0.00310289
v 0.11093175 0.05779451 0.00494098
v 0.12414417 0.20722237 0.00831418
v 0.12875262 0.25261185 0.11011813
v 0.11652157 0.24836256 0.19402803
v 0.13089871 0.23039432 0.00779224
v 0.07163783 0.25204921 0.19259906
v 0.08776133 0.25153011 0.19311289
v 0.12222703 0.25282478 -0.11823218
v 0.10392638 0.2528016 -0.00211752
v 0.08991306 0.04136461 0.0046572
v 0.10775843 0.1528631 0.00776255
v 0.12875262 0.25261185 0.11011813
v 0.10649595 0.23523848 0.19383352
v 0.11133642 0.18612882 0.00833532
v 0.11112392 0.161347 0.00829615
v 0.10850525 0.25268269 0.07936211
v 0.10349318 0.2385962 0.19397783
v 0.1440566 0.25234467 0.17779095
v 0.07518934 0.25238302 0.17708741
v 0.0841566 0.25220811 0.19047879
v 0.0871529 0.2340629 0.19361763
v 0.10786003 0.15629287 0.00834672
v 0.08356506 0.15133959 0.00685757
v 0.10199686 0.25275296 0.04534925
v 0.09889746 0.25283033 -0.04251008
v 0.09614775 0.06436685 0.00518014
v 0.11257855 0.23036729 0.0079859
v 0.10799543 0.25259429 0.13180766
v 0.1559312 0.25253537 0.14331046
v 0.12875262 0.25261185 0.11011813
v 0.12099185 0.25246501 0.16314419
v 0.07582791 0.23277311 0.0091019
v 0.08573267 0.25280929 -0.14641064
v 0.09375206 0.25282943 -0.11124954
v 0.07740579 0.06536741 0.00489507
v 0.07740579 0.06536741 0.00489507
v 0.07605632 0.25261319 -0.1825778
v 0.07956871 0.0652876 -0.01028339
v 0.08492329 0.21899666 0.00825689
v 0.10799543 0.25259429 0.13180766
v 0.08483076 0.2525664 0.14040671
v 0.0823653 0.06561498 -0.00763738
v 0.12099185 0.25246501 0.16314419
v 0.07567081 0.25284845 -0.08127605
v 0.07243425 0.02543331 0.00373532
v 0.08136488 0.06567135 0.00303079
v 0.0843382 0.23039511 0.00800118
v 0.08214843 0.17536579 0.00836259
v 0.05317349 0.25243971 -0.18399225
v 0.07889827 0.02746371 0.00455282
v 0.07667203 0.25266463 0.09902512
v 0.05154797 0.24836296 0.19398345
v 0.07316896 0.16276294 0.00838167
v 0.07518934 0.25238302 0.17708741
v 0.04545205 0.23848815 0.19389464
v 0.10392638 0.2528016 -0.00211752
v 0.0592264 0.2528308 0.02789217
v 0.10199686 0.25275296 0.04534925
v 0.07588552 0.25275645 0.0546933
v 0.06245577 0.25285846 -0.12439232
v 0.06799666 0.25283918 -0.02234334
v 0.06055112 0.05660212 0.00514406
v 0.0487129 0.15624388 0.00859834
v 0.07605632 0.25261319 -0.1825778
v 0.04738878 0.2526837 -0.18234096
v 0.08573267 0.25280929 -0.14641064
v 0.06799666 0.25283918 -0.02234334
v 0.05922008 0.25257486 0.14957291
v 0.04047261 0.25228396 0.1905037
v 0.04029638 0.23526792 0.19372155
v 0.06436407 0.06425826 0.00543241
v 0.06228464 0.23028991 0.00836653
v 0.05671993 0.22023208 0.00857403
v 0.06240331 0.19185898 0.00856084
v 0.04817052 0.15268043 0.0080453
v 0.07588552 0.25275645 0.0546933
v 0.05315264 0.06522849 -0.00760723
v 0.05576228 0.06540558 0.00295698
v 0.04490821 0.03298733 0.0048556
v 0.0424602 0.17482015 0.00886836
v 0.05443615 0.25272834 0.0950536
v 0.05317349 0.25243971 -0.18399225
v 0.04081391 0.25288066 -0.07978373
v 0.05372383 0.06498218 -0.01033483
v 0.01694543 0.25285387 -0.14726998
v 0.06245577 0.25285846 -0.12439232
v 0.03631791 0.06509371 0.00488241
v 0.03631791 0.06509371 0.00488241
v 0.04808313 0.15100229 0.00695989
v 0.0592264 0.2528308 0.02789217
v 0.02883237 0.21919355 0.00878012
v 0.03504246 0.25283104 0.0410688
v 0.04047261 0.25228396 0.1905037
v 0.06245577 0.25285846 -0.12439232
v 0.02317405 0.25288272 -0.11832798
v 0.04081391 0.25288066 -0.07978373
v 0.04025061 0.05928868 0.00530561
v 0.01292793 0.02746977 0.00472559
v 0.02937918 0.25257486 0.16074017
v 0.01783432 0.25207865 0.19272915
v 0.03196575 0.2528621 -0.0080235
v 0.03196575 0.2528621 -0.0080235
v 0.03482791 0.23034877 0.00848627
v 0.01315044 0.23404875 0.19353728
v -0.00546931 0.06533982 -0.00770684
v 0.03504246 0.25283104 0.0410688
v 0.00284977 0.02534878 0.00382422
v 0.03282598 0.25272644 0.11075982
v -0.00650965 0.25245273 0.17857486
v 0.01694543 0.25285387 -0.14726998
v 0.02317405 0.25288272 -0.11832798
v 0.00617791 0.25288188 -0.03001476
v 0.01157392 0.232783 0.00953462
v 0.01405884 0.1563739 0.00856624
v 0.01058446 0.06534171 0.00285674
v 0.0110938 0.0566909 0.00518974
v 0.02616142 0.03184598 0.00482733
v 0.01955056 0.19828703 0.00880473
v 0.00734126 0.15268044 0.00795231
v 0.0053934 0.15102522 0.00684676
v -0.00330771 0.06510708 -0.01030298
v 0.00749526 0.17433366 0.00897408
v -0.00117668 0.25279278 0.08171576
v 0.01014415 0.2303936 0.00882075
v 0.01158609 0.2526933 0.13614967
v -0.00812288 0.24844338 0.19405973
v -0.00835312 0.25273907 0.12124509
v -0.05251505 0.25231555 0.19059019
v -0.01213847 0.25289142 -0.12605695
v -0.01194731 0.06434973 0.00551167
v 0.00866322 0.2226056 0.00891083
v 0.01269378 0.20285366 0.00886855
v 0.01783432 0.25207865 0.19272915
v -0.03148219 0.25267699 -0.182494
v 0.04738878 0.2526837 -0.18234096
v 0.00494952 0.25288859 -0.08239633
v 0.00494952 0.25288859 -0.08239633
v -0.00560634 0.25285554 0.03766209
v -0.00560634 0.25285554 0.03766209
v -0.03682258 0.25062215 0.19379808
v 0.00827354 0.21551672 0.00875639
v 0.00847906 0.19203365 0.00884706
v -0.01706617 0.25288415 0.00211991
v -0.01307155 0.06539821 0.00307168
v -0.01295601 0.03889809 0.00499215
v 0.00611662 0.2325623 0.00990266
v 0.00504075 0.23074646 0.00975993
v 0.00488705 0.22363622 0.00957262
v 0.00492305 0.21312059 0.00885438
v 0.00515029 0.20185883 0.00894301
v 0.00437234 0.17470381 0.00910831
v -0.00122417 0.15616575 0.00865952
v 0.00337527 0.22368996 -0.01399165
v 0.00413422 0.22019149 -0.01256201
v 0.00379183 0.21532287 -0.01455036
v 0.00386314 0.21161388 -0.01183767
v 0.00372945 0.20547612 -0.01419827
v 0.00370906 0.20193219 -0.01187207
v 0.00350039 0.18507802 -0.01392085
v 0.00354171 0.1835756 -0.01208609
v 0.00540216 0.2327449 -0.01202462
v 0.00684958 0.23263593 -0.01006121
v 0.00444671 0.23044187 -0.01106251
v 0.00444671 0.23044187 -0.01106251
v 0.00684958 0.23263593 -0.01006121
v 0.00614213 0.22604215 -0.01025185
v 0.00614213 0.22604215 -0.01025185
v 0.00494538 0.21181379 -0.00970113
v 0.00494724 0.20268074 -0.00983237
v 0.00492385 0.18392183 -0.0098597
v 0.00455139 0.17919299 -0.00992037
v 0.00325593 0.17960083 -0.0113071
v 0.00351334 0.22496095 0.01008624
v 0.00284943 0.22139716 0.0098463
v 0.00255037 0.21034239 0.00937751
v 0.00289303 0.20253269 0.00948311
v 0.00260072 0.1841087 0.00946889
v 0.00184629 0.17956741 0.00952791
v 0.00511772 0.23272721 0.01188508
v 0.0036773 0.23225527 0.01021061
v 0.00504075 0.23074646 0.00975993
v 0.00611662 0.2325623 0.00990266
v 0.00172447 0.23258096 0.0128872
v 0.00196988 0.23075147 0.01105308
v 0.00351334 0.22496095 0.01008624
v 0.00177881 0.22617885 0.01217608
v 0.00274446 0.22213665 0.01253208
v 0.00147317 0.22176278 0.01524094
v 0.00320912 0.22010334 0.01511359
v 0.00320912 0.22010334 0.01511359
v 0.00147317 0.22176278 0.01524094
v 0.00159776 0.21503708 0.01610924
v 0.00368445 0.21297234 0.01503683
v 0.0037314 0.21333398 0.01351575
v 0.00368445 0.21297234 0.01503683
v 0.00195766 0.20585842 0.01548558
v 0.00412275 0.19458912 0.01411607
v 0.00412275 0.19458912 0.01411607
v 0.00228429 0.19042578 0.0152163
v 0.00377734 0.18573681 0.01382555
v 0.00238902 0.18397732 0.01497715
v 0.01158609 0.2526933 0.13614967
v -0.01305164 0.2526699 0.14995858
v 0.02937918 0.25257486 0.16074017
v -0.02977882 0.2383261 0.19395879
v -0.02203479 0.23526576 0.19380642
v -0.00041272 0.22858317 -0.01423277
v 0.00122948 0.23014665 -0.01279267
v 0.00190173 0.22465235 -0.01447862
v -0.00243087 0.2299463 -0.01274024
v 0.00216723 0.1836464 -0.01531713
v 0.00345028 0.18204676 -0.01358106
v 0.00069662 0.17832318 -0.01499836
v 0.00122262 0.17614722 -0.01159003
v 0.00305061 0.17734274 -0.00998608
v 0.00013163 0.172225 -0.01010623
v -0.0123323 0.06514296 0.00507304
v -0.0123323 0.06514296 0.00507304
v -0.04374162 0.05687746 0.00527727
v -0.04031521 0.03261984 0.004948
v -0.00164482 0.17956278 0.00962031
v -0.00239427 0.17392421 0.00920408
v -0.00221886 0.23255046 0.01306382
v -0.00219997 0.23043625 0.01146556
v 0.00196988 0.23075147 0.01105308
v 0.00196988 0.23075147 0.01105308
v -0.00219997 0.23043625 0.01146556
v -0.00216336 0.22623083 0.01264354
v 0.00177881 0.22617885 0.01217608
v 0.00284943 0.22139716 0.0098463
v 0.00266564 0.21598303 0.01105555
v 0.00255037 0.21034239 0.00937751
v 0.00252149 0.21002756 0.01112574
v 0.00294561 0.20246033 0.01113303
v 0.00289303 0.20253269 0.00948311
v 0.00269311 0.18388897 0.01197553
v 0.00260072 0.1841087 0.00946889
v 0.00153048 0.17962663 0.01149278
v 0.00184629 0.17956741 0.00952791
v -0.00014724 0.22478548 0.01509767
v -0.00209752 0.2220186 0.01517767
v -0.00191166 0.21417561 0.0163053
v -0.00185514 0.19920455 0.01567423
v -0.0013256 0.18363036 0.01627894
v 0.00238902 0.18397732 0.01497715
v 0.00131464 0.17820266 0.01467905
v -0.00163747 0.17965008 0.01520814
v 0.00131464 0.17820266 0.01467905
v 0.00102032 0.17752875 0.01258607
v -0.000377 0.17732315 0.01350167
v -0.02982512 0.25256503 0.16751236
v -0.04730024 0.25281096 -0.15866676
v -0.03705679 0.25291377 -0.03444643
v -0.00443021 0.2241341 -0.01444348
v -0.00473088 0.22609209 -0.01233073
v -0.00243087 0.2299463 -0.01274024
v -0.00041272 0.22858317 -0.01423277
v -0.00342562 0.21247005 0.00974396
v -0.00511652 0.21367295 0.00902772
v -0.00351966 0.20166309 0.00969431
v -0.00484273 0.18315719 0.00913107
v -0.0027831 0.18403064 0.00982809
v -0.00819059 0.17520206 0.00899803
v -0.00565914 0.23271857 0.01201903
v -0.00487705 0.23044516 0.00998732
v -0.00221886 0.23255046 0.01306382
v -0.00487705 0.23044516 0.00998732
v -0.00418438 0.22633305 0.01035726
v -0.00369151 0.22326617 0.01320294
v -0.00415534 0.22062129 0.01487183
v -0.00469429 0.21411265 0.01530043
v -0.00462726 0.2028089 0.01476437
v -0.00407297 0.18468863 0.01494737
v -0.00380453 0.18065414 0.01451493
v -0.01305164 0.2526699 0.14995858
v -0.00650965 0.25245273 0.17857486
v -0.04822332 0.2520847 0.19261631
v -0.04892116 0.25247735 -0.18390377
v -0.00673208 0.23261331 0.00994367
v -0.01040595 0.23035462 0.00878695
v -0.00487705 0.23044516 0.00998732
v -0.00928859 0.22260849 0.00866617
v -0.00551309 0.221211 0.00938862
v -0.00812714 0.2133086 0.00858801
v -0.00817189 0.19309859 0.00872604
v -0.02604827 0.1563569 0.00874645
v -0.02231356 0.15106903 0.00691894
v -0.01499356 0.23283036 0.00945184
v -0.04091081 0.25291103 -0.07699257
v -0.03585963 0.25276703 0.10323992
v -0.04822332 0.2520847 0.19261631
v -0.0461916 0.25289461 -0.1335893
v -0.03027428 0.23038048 0.00850152
v -0.02607105 0.19479468 0.00879887
v -0.0483062 0.25290042 -0.10877968
v -0.04184324 0.02743762 0.00474202
v -0.02748518 0.21895351 0.00870155
v -0.04454952 0.25287598 0.04128662
v -0.08673717 0.23408797 0.1934935
v -0.03812199 0.17613746 0.00896604
v -0.04608786 0.16049542 0.00867661
v -0.05044958 0.15264849 0.0080312
v -0.04730116 0.25268492 0.14062546
v -0.02982512 0.25256503 0.16751236
v -0.05325436 0.06490918 -0.01021411
v -0.0513297 0.06512138 -0.00764704
v -0.05041754 0.02535181 0.00388297
v -0.06037522 0.23280713 0.00920247
v -0.05075399 0.22116624 0.00859368
v -0.05371468 0.2529068 -0.00222634
v -0.06158046 0.06505834 0.00517021
v -0.06158046 0.06505834 0.00517021
v -0.04508458 0.06422123 0.00549989
v -0.05015602 0.15101647 0.0069552
v -0.0582086 0.2485114 0.19393671
v -0.05304572 0.23034312 0.00840901
v -0.06198952 0.2527824 0.09266788
v -0.05645901 0.0652786 0.00302352
v -0.07661281 0.23517999 0.19364826
v -0.08486162 0.04166117 0.00533546
v -0.07811683 0.03127962 0.00524168
v -0.06425291 0.15624531 0.00851625
v -0.07609639 0.02750067 0.00509036
v -0.07195348 0.25287291 0.03347658
v -0.07738262 0.06427514 0.005765
v -0.08982312 0.25254089 0.16710585
v -0.0790925 0.23869397 0.19381435
v -0.08926286 0.25291923 -0.04073857
v -0.06640224 0.19658887 0.00850026
v -0.08626112 0.17512327 0.00825855
v -0.07925014 0.25271773 0.12407172
v -0.08130631 0.25291449 -0.08349742
v -0.09516681 0.25245368 -0.18419772
v -0.10170564 0.25268221 -0.18230036
v -0.08004701 0.25286448 -0.14679417
v -0.09075521 0.25288868 -0.00280207
v -0.08590063 0.0570285 0.00560196
v -0.08266883 0.23033817 0.00792406
v -0.08173832 0.21940044 0.00817174
v -0.08340344 0.16260624 0.00820611
v -0.08140969 0.15160292 0.00647265
v -0.10839279 0.25155076 0.19326244
v -0.09551279 0.25289845 -0.12365353
v -0.08903993 0.06546626 0.00304847
v -0.09412487 0.25265864 0.14160167
v -0.1112606 0.25213525 0.19264582
v -0.10839279 0.25155076 0.19326244
v -0.0855046 0.20197569 0.00823201
v -0.1008442 0.15301909 0.00744875
v -0.09861933 0.25283378 0.04680115
v -0.0920724 0.25276428 0.08708885
v -0.13711493 0.25245279 0.17709218
v -0.13264172 0.02537702 0.00409732
v -0.10905015 0.25234559 0.19070929
v -0.13025346 0.24853303 0.19393063
v -0.09156014 0.06509437 -0.0101642
v -0.09326564 0.065364 -0.00760083
v -0.10423972 0.23041324 0.00782861
v -0.10626215 0.15630427 0.00823621
v -0.12565236 0.25285524 -0.14915924
v -0.11694732 0.04293734 0.00539081
v -0.15463899 0.25077274 0.19375014
v -0.11988606 0.25290424 -0.03938977
v -0.1364949 0.06501064 0.00509666
v -0.1364949 0.06501064 0.00509666
v -0.12132855 0.06152032 0.00571904
v -0.13381916 0.02746158 0.00515137
v -0.11967797 0.23282985 0.00886836
v -0.11644783 0.21965964 0.00817005
v -0.1200006 0.25271773 0.10173643
v -0.13646379 0.19054246 0.00833023
v -0.11277907 0.25288826 -0.09154356
v -0.13218464 0.25290319 -0.08402873
v -0.12919387 0.06526224 0.00276589
v -0.13358812 0.25287542 0.00533429
v -0.12847745 0.25267327 0.13380599
v -0.12006162 0.16210431 0.00824275
v -0.13385111 0.15163533 0.00660934
v -0.09861933 0.25283378 0.04680115
v -0.13369125 0.25277716 0.06743041
v -0.0920724 0.25276428 0.08708885
v -0.13369125 0.25277716 0.06743041
v -0.12815431 0.25289211 -0.12261721
v -0.13965516 0.06491865 -0.01008018
v -0.14576606 0.2529 -0.04361092
v -0.14893529 0.06429212 0.00567038
v -0.16339581 0.0350721 0.00529144
v -0.13567083 0.15622891 0.00847954
v -0.13713163 0.15305784 0.00775746
v -0.18620084 0.23523547 0.19375026
v -0.15224747 0.25271904 -0.18240868
v -0.13629852 0.0650778 -0.00767701
v -0.13924316 0.2304071 0.0078059
v -0.14752142 0.16186567 0.00837964
v -0.15073507 0.25285354 0.03227147
v -0.16648078 0.22052035 0.0081291
v -0.13358812 0.25287542 0.00533429
v -0.17922877 0.25234306 0.19076797
v -0.1707039 0.06206658 0.0057821
v -0.17901906 0.25254375 0.16156343
v -0.16438635 0.04238597 0.00534889
v -0.16087998 0.23833129 0.1938889
v -0.17320378 0.25250044 -0.18401894
v -0.16252974 0.25268632 0.11812408
v -0.12565236 0.25285524 -0.14915924
v -0.16587009 0.25290096 -0.11395849
v -0.12815431 0.25289211 -0.12261721
v -0.14163679 0.02542226 -0.00812771
v -0.14163278 0.02509571 -0.00604945
v -0.1437857 0.02509529 -0.00721897
v -0.15924525 0.06533714 0.00295818
v -0.16164303 0.21077096 0.00824212
v -0.17419234 0.2526387 0.13907516
v -0.16587009 0.25290096 -0.11395849
v -0.17164624 0.23283957 0.00884171
v -0.17289136 0.15620518 0.0085371
v -0.1630156 0.06525759 -0.00761283
v -0.16662808 0.23041916 0.00776944
v -0.21398437 0.23411193 0.19356818
v -0.19910419 0.25283599 -0.14075634
v -0.1771791 0.2528826 -0.01948993
v -0.19437689 0.06510013 0.00521676
v -0.19437689 0.06510013 0.00521676
v -0.18163508 0.02528909 0.00409437
v -0.17162929 0.17382653 0.00843371
v -0.17070855 0.16290592 0.00838639
v -0.17632763 0.15159519 0.0067432
v -0.15073507 0.25285354 0.03227147
v -0.17404838 0.25281748 0.04888351
v -0.19755059 0.24873133 0.19394177
v -0.15224747 0.25271904 -0.18240868
v -0.18679598 0.25290066 -0.07982256
v -0.1771791 0.2528826 -0.01948993
v -0.1764912 0.19976349 0.00844053
v -0.18118234 0.02748513 0.00521849
v -0.18834379 0.15306489 0.00786975
v -0.19826104 0.25283056 0.02785186
v -0.19352204 0.25209507 0.19283679
v -0.19352204 0.25209507 0.19283679
v -0.19213404 0.06494845 -0.01012137
v -0.19856073 0.0652156 -0.00776541
v -0.18137912 0.06527314 0.0031652
v -0.19826104 0.25283056 0.02785186
v -0.16296245 0.25270817 0.09230428
v -0.18610272 0.06419661 0.00581442
v -0.19496667 0.06194556 0.00596429
v -0.20618698 0.25268614 0.10218113
v -0.20692635 0.04031163 0.0055215
v -0.20652753 0.25263077 -0.18230087
v -0.19910419 0.25283599 -0.14075634
v -0.20298041 0.23034991 0.00863427
v -0.19665021 0.18927516 0.00875866
v -0.2215457 0.25274763 0.0636175
v -0.20688868 0.23847501 0.19389179
v -0.21040106 0.25285497 -0.10796324
v -0.20872793 0.25285411 -0.01691262
v -0.22759716 0.25282118 0.02058117
v -0.22759716 0.25282118 0.02058117
v -0.21027879 0.02521518 0.00430587
v -0.18163508 0.02528909 0.00409437
v -0.21027879 0.02521518 0.00430587
v -0.19018449 0.02496425 0.00308595
v -0.20285647 0.15626527 0.008922
v -0.19692707 0.15170719 0.00651212
v -0.22914496 0.25242275 -0.18428582
v -0.2137772 0.2528674 -0.06781965
v -0.21492578 0.23283559 0.0094656
v -0.1998529 0.22178262 0.00872444
v -0.21011671 0.16357656 0.00884845
v -0.22945121 0.25119948 0.1938211
v -0.2137709 0.20363878 0.00903718
v -0.21755043 0.25261045 0.14137778
v -0.2358861 0.25285307 -0.03136954
v -0.19702066 0.15637076 -0.00992494
v -0.19727282 0.15313926 -0.00901612
v -0.19943479 0.15421513 -0.00998258
v -0.20805743 0.15650012 -0.01006001
v -0.20933487 0.06551641 0.00286663
v -0.21474117 0.18152621 0.00893626
v -0.23887044 0.25248504 0.16873655
v -0.23242983 0.06169426 0.0060285
v -0.23745629 0.02737213 0.00524397
v -0.25646293 0.25236082 0.19095939
v -0.24817194 0.06489708 -0.0100871
v -0.23730923 0.22060551 0.00904776
v -0.25100589 0.06391725 0.00579421
v -0.23012538 0.15307194 0.00788851
v -0.23634431 0.25283074 -0.11139063
v -0.24541381 0.15178809 0.00675849
v -0.23995632 0.25263059 -0.18256415
v -0.24797875 0.06515791 -0.00759008
v -0.25717479 0.06495365 0.00495899
v -0.25717479 0.06495365 0.00495899
v -0.25860429 0.16262697 0.00894355
v -0.23498148 0.25265867 0.10587601
v -0.29806861 0.25216421 0.19274315
v -0.25753689 0.04052579 0.00557301
v -0.23650619 0.23041363 0.00888568
v -0.24688436 0.15624973 0.00908247
v -0.2215457 0.25274763 0.0636175
v -0.25349483 0.23822065 0.19397704
v -0.26710856 0.25276011 -0.15665427
v -0.25943273 0.25284722 -0.08424486
v -0.25822315 0.18639907 0.00908581
v -0.24936873 0.25263524 0.12807965
v -0.22945121 0.25119948 0.1938211
v -0.24955888 0.24867201 0.19407558
v -0.2465933 0.02464978 0.00326427
v -0.25834471 0.06527504 0.00250294
v -0.25820705 0.02510021 0.00458338
v -0.25820705 0.02510021 0.00458338
v -0.26437369 0.25283328 0.01233377
v -0.28622642 0.20179237 0.00921538
v -0.25414112 0.15307638 0.00818193
v -0.27298027 0.23285984 0.00935828
v -0.2710582 0.23523074 0.19382757
v -0.26169804 0.02739381 0.00538197
v -0.26789591 0.25272864 0.0661662
v -0.27016118 0.25267303 0.09017754
v -0.27230227 0.25260866 0.14026836
v -0.28384542 0.25281912 -0.13097495
v -0.26942998 0.25285646 -0.0443364
v -0.26434165 0.23036309 0.00870716
v -0.2859357 0.21821499 0.00905329
v -0.2887066 0.25280261 0.04620534
v -0.2215457 0.25274763 0.0636175
v -0.2887066 0.25280261 0.04620534
v -0.26789591 0.25272864 0.0661662
v -0.29803231 0.06204795 0.00621618
v -0.30330199 0.25248659 0.17058843
v -0.30941993 0.25249717 -0.18423572
v -0.293275 0.06407309 0.00594023
v -0.29605731 0.16271898 0.00908325
v -0.3230713 0.23421948 0.19351748
v -0.28047109 0.06526042 -0.0073807
v -0.29467276 0.04439922 0.00567301
v -0.2977739 0.15620482 0.00927063
v -0.29094988 0.25262663 0.12633136
v -0.33550775 0.25234696 0.19070458
v -0.33893001 0.25265402 -0.182723
v -0.29683095 0.2528708 -0.06645252
v -0.30174175 0.06487597 -0.01005641
v -0.3032127 0.06526132 0.00272467
v -0.2950927 0.02731052 0.00541595
v -0.28998369 0.23030593 0.00882375
v -0.31351528 0.15299377 0.00846859
v -0.25414112 0.15307638 0.00818193
v -0.31351528 0.15299377 0.00846859
v -0.24541381 0.15178809 0.00675849
v -0.28886053 0.06499633 0.00514659
v -0.28886053 0.06499633 0.00514659
v -0.31078938 0.25113717 0.1937349
v -0.30556002 0.25286913 -0.01969696
v -0.30518532 0.02509985 0.00469927
v -0.30518532 0.02509985 0.00469927
v -0.31466007 0.25285876 0.02004128
v -0.31675971 0.23870045 0.19383204
v -0.29806861 0.25216421 0.19274315
v -0.31108662 0.25284427 -0.1237269
v -0.31314665 0.24883795 0.19389287
v -0.30347827 0.06509228 -0.00722351
v -0.31091455 0.15151864 0.00689646
v -0.30620384 0.25270659 0.0909408
v -0.30620384 0.25270659 0.0909408
v -0.31931344 0.25275081 -0.1617064
v -0.32246721 0.04217062 0.00554925
v -0.30968991 0.02459479 0.00342993
v -0.32119936 0.06508008 0.00438207
v -0.293275 0.06407309 0.00594023
v -0.32256928 0.23288503 0.00994453
v -0.33028281 0.22649564 0.00961235
v -0.32872266 0.16331357 0.00944671
v -0.3273592 0.23042959 0.00960682
v -0.32033223 0.25265169 0.13696676
v -0.32052529 0.25287133 -0.09978237
v -0.32689431 0.06527721 -0.00728333
v -0.32682261 0.06560262 0.00183193
v -0.29131728 0.06371892 -0.01112355
v -0.34243274 0.06378762 -0.01124809
v -0.27090204 0.06406854 -0.01117623
v -0.34211326 0.06381304 0.00528517
v -0.34211326 0.06381304 0.00528517
v -0.32187849 0.02751941 0.00528029
v -0.33344921 0.20609409 0.00974863
v -0.33782488 0.25288936 -0.05665922
v -0.33666432 0.06488382 -0.00998076
v -0.32838202 0.15625179 0.00964987
v -0.35068151 0.25283065 -0.13733542
v -0.34135926 0.25288498 -0.01478781
v -0.33740523 0.06160741 0.00598095
v -0.3497802 0.25279117 0.06564994
v -0.30620384 0.25270659 0.0909408
v -0.3497802 0.25279117 0.06564994
v -0.33145475 0.25273514 0.09771121
v -0.33145475 0.25273514 0.09771121
v -0.3623136 0.25265089 -0.18249287
v -0.33894789 0.18708801 0.0096164
v -0.33115098 0.15283962 0.00861586
v -0.33115098 0.15283962 0.00861586
v -0.329577 0.15122162 0.00696434
v -0.37580013 0.25118861 0.19374968
v -0.37077114 0.24873035 0.19390264
v -0.35552716 0.25286132 -0.0854201
v -0.35984233 0.25286436 0.0128229
v -0.36105078 0.06531482 -0.00261624
v -0.37061557 0.02493188 0.00464122
v -0.37061557 0.02493188 0.00464122
v -0.34475979 0.25267845 0.13103014
v -0.36515576 0.25285065 -0.11782822
v -0.37232232 0.25251806 0.17064963
v -0.36714178 0.23810799 0.19378616
v -0.34127873 0.18203619 -0.1339864
v -0.34170586 0.18231428 -0.13227709
v -0.34106123 0.17728089 -0.13006496
v -0.34122786 0.17671429 -0.13400801
v -0.34222049 0.1797695 -0.12945229
v -0.33264142 0.15686272 -0.01033126
v -0.35325295 0.15660517 -0.01025451
v -0.33197868 0.16496377 -0.01018913
v -0.35969311 0.0653561 0.00193088
v -0.35578015 0.06492528 0.00409287
v -0.35721001 0.04826878 0.00564791
v -0.36705884 0.02734175 0.00524589
v -0.364003 0.02431262 0.00330843
v -0.35664698 0.23023361 0.00957493
v -0.35434008 0.16394106 0.00949647
v -0.35423431 0.15623836 0.00959665
v -0.34056532 0.18211956 0.12977222
v -0.34018058 0.18280308 0.13282026
v -0.33942226 0.17972039 0.13125177
v -0.34009153 0.17765039 0.12936729
v -0.34056532 0.18211956 0.12977222
v -0.34211314 0.18364689 0.13159278
v -0.34018058 0.18280308 0.13282026
v -0.33948636 0.17583169 0.13110881
v -0.34037271 0.17349419 0.13220307
v -0.34068754 0.1736832 0.12961908
v -0.33950254 0.17749411 0.13363002
v -0.34237638 0.18416335 0.13407841
v -0.34102282 0.18245579 0.13577527
v -0.3405664 0.17760904 0.13576828
v -0.34102282 0.18245579 0.13577527
v -0.34102282 0.18245579 0.13577527
v -0.34228277 0.17979097 0.13675289
v -0.3405664 0.17760904 0.13576828
v -0.34327301 0.17590274 0.13705103
v -0.34109846 0.17350689 0.13550329
v -0.34109846 0.17350689 0.13550329
v -0.34306335 0.18154137 -0.13587821
v -0.34530857 0.18364494 -0.13469112
v -0.34127873 0.18203619 -0.1339864
v -0.34306335 0.18154137 -0.13587821
v -0.34364694 0.17384543 -0.1359019
v -0.34537032 0.18423988 -0.13221869
v -0.34170586 0.18231428 -0.13227709
v -0.34193403 0.17392795 -0.13222937
v -0.34368613 0.18273515 -0.12962
v -0.34222049 0.1797695 -0.12945229
v -0.34170586 0.18231428 -0.13227709
v -0.34368613 0.18273515 -0.12962
v -0.34527007 0.18000568 -0.1279967
v -0.34552529 0.17606857 -0.12793635
v -0.34106123 0.17728089 -0.13006496
v -0.34304434 0.17374757 -0.13000846
v -0.34655926 0.17347412 -0.1295027
v -0.34304434 0.17374757 -0.13000846
v -0.37391376 0.2528789 -0.03388333
v -0.36017752 0.06505238 -0.00748919
v -0.36701086 0.15118743 0.00711911
v -0.38162893 0.25270221 0.11895017
v -0.3451485 0.18232495 0.12965643
v -0.3452391 0.18281166 0.13611913
v -0.3452391 0.18281166 0.13611913
v -0.34500033 0.17978689 0.13711399
v -0.34596595 0.17328019 0.13634874
v -0.3799316 0.2340986 0.19358021
v -0.35114613 0.18175642 -0.13560402
v -0.36195445 0.2051743 0.00974541
v -0.35792619 0.15281031 0.00858635
v -0.36701086 0.15118743 0.00711911
v -0.35043928 0.18290663 0.131459
v -0.35167894 0.18327098 0.13404548
v -0.3524451 0.17582551 0.13727295
v -0.3543084 0.18305723 -0.1344355
v -0.35962123 0.18251799 -0.1298084
v -0.35962123 0.18251799 -0.1298084
v -0.35936624 0.18012883 -0.12824056
v -0.35764432 0.17606819 -0.12797867
v -0.39127439 0.06173251 0.00604487
v -0.3678492 0.18398049 0.00967588
v -0.37403858 0.25282606 0.04952671
v -0.38162893 0.25270221 0.11895017
v -0.36869687 0.18153149 0.13050963
v -0.3603023 0.18220995 0.13572663
v -0.3603023 0.18220995 0.13572663
v -0.36185464 0.17336859 0.1363454
v -0.41192558 0.25256497 -0.18416469
v -0.36266285 0.17356634 -0.12942582
v -0.37625852 0.15618682 0.00982789
v -0.36156419 0.17987978 0.13681336
v -0.36295748 0.17925188 -0.13571115
v -0.36090034 0.1811519 -0.13526115
v -0.3683041 0.18332474 -0.13203315
v -0.41435474 0.23283996 0.01004061
v -0.36513197 0.18230228 0.13156009
v -0.3867985 0.25265172 0.14466041
v -0.37193823 0.17616548 -0.12743057
v -0.39052895 0.06325253 -0.01087691
v -0.39272904 0.06488477 -0.0095365
v -0.39155817 0.06382317 0.00539635
v -0.39155817 0.06382317 0.00539635
v -0.39139128 0.25274107 0.09174436
v -0.37611756 0.18256453 0.1341884
v -0.37307757 0.175971 0.13758498
v -0.39274982 0.25279945 -0.15265191
v -0.37774944 0.18261369 -0.13457473
v -0.37408096 0.18236835 -0.12983976
v -0.37408096 0.18236835 -0.12983976
v -0.3721804 0.18012536 -0.12801746
v -0.39272904 0.06488477 -0.0095365
v -0.39514211 0.16422768 0.00978177
v -0.37614989 0.15281343 0.00893954
v -0.37790278 0.18143925 -0.13556936
v -0.39059496 0.25287336 -0.07856478
v -0.39184314 0.04796837 0.00568307
v -0.39027622 0.02744184 0.00530976
v -0.40726489 0.23045163 0.0096479
v -0.38111871 0.17959458 -0.13606077
v -0.38142762 0.06520756 -0.00728617
v -0.38685489 0.0655298 -0.00246444
v -0.39098024 0.06558039 0.00163013
v -0.38934633 0.18269075 -0.13206922
v -0.38626328 0.18011816 -0.128308
v -0.38267267 0.1762161 -0.1273306
v -0.40778765 0.06508416 0.00410525
v -0.39188051 0.02447122 0.00323548
v -0.37785956 0.1542951 0.00991147
v -0.39729843 0.1821388 0.13224095
v -0.33550775 0.25234696 0.19070458
v -0.42851153 0.25233299 0.19067189
v -0.29806861 0.25216421 0.19274315
v -0.40559936 0.25287196 0.00584317
v -0.40934777 0.20751233 0.00983953
v -0.39706466 0.15416265 0.01009549
v -0.3631472 0.17999651 0.12938824
v -0.40647218 0.17955816 0.12957773
v -0.40013394 0.17993391 0.13717593
v -0.40511045 0.17600474 0.13786486
v -0.42591769 0.25261241 0.15889366
v -0.42851153 0.25233299 0.19067189
v -0.41974232 0.23626584 0.1936844
v -0.42975199 0.25271612 -0.18251544
v -0.3937009 0.18215491 -0.13002408
v -0.3937009 0.18215491 -0.13002408
v -0.37403858 0.25282606 0.04952671
v -0.4376809 0.25210953 0.192764
v -0.37580013 0.25118861 0.19374968
v -0.40462479 0.17612444 -0.12685269
v -0.41311908 0.25285053 -0.12654787
v -0.40156406 0.25287485 -0.04869157
v -0.42173082 0.25287372 -0.01925183
v -0.42610624 0.02503213 0.00460024
v -0.42610624 0.02503213 0.00460024
v -0.40333879 0.15243123 0.00910032
v -0.41092324 0.25284052 0.04414227
v -0.39139128 0.25274107 0.09174436
v -0.4041394 0.18228519 0.13613532
v -0.4041394 0.18228519 0.13613532
v -0.40484995 0.17320105 0.13683456
v -0.40160704 0.17908135 -0.13587126
v -0.40284249 0.18098992 -0.13523553
v -0.40758982 0.18232894 -0.13398741
v -0.40722722 0.18014435 -0.12790862
v -0.40444851 0.17319964 -0.12856804
v -0.40969974 0.18412738 0.00979674
v -0.40333879 0.15243123 0.00910032
v -0.40901804 0.15096389 0.00763871
v -0.39350379 0.06295714 0.00617167
v -0.40536678 0.18136179 0.13086654
v -0.40719846 0.18262579 0.1343472
v -0.41660219 0.24875486 0.19386341
v -0.42554784 0.05085758 0.00569285
v -0.44110763 0.25240937 0.19059858
v -0.41393143 0.18269792 -0.13143103
v -0.41095981 0.18233857 -0.12958027
v -0.41095981 0.18233857 -0.12958027
v -0.4298465 0.06510816 -0.00741033
v -0.42116937 0.25271684 0.11338288
v -0.40764976 0.17989676 0.13690484
v -0.44530165 0.2510092 0.19369641
v -0.40860742 0.17902632 -0.13518573
v -0.40617973 0.17404598 -0.12678622
v -0.41652262 0.17965516 -0.12643379
v -0.43109119 0.25288528 -0.08448799
v -0.44047081 0.06357228 -0.01061055
v -0.41928449 0.06337211 0.00619959
v -0.43020132 0.16196136 0.00971382
v -0.41300681 0.15630651 0.00989676
v -0.41928449 0.06337211 0.00619959
v -0.41376626 0.18195672 0.13061234
v -0.40931895 0.1734633 -0.13516024
v -0.41108504 0.17619994 -0.13488767
v -0.40121603 0.17577979 -0.13632911
v -0.41430813 0.18095297 -0.12738405
v -0.41773757 0.17370307 -0.12665953
v -0.42682466 0.0653467 -0.00266672
v -0.42230242 0.02731851 0.00528218
v -0.44085288 0.23024623 0.00982427
v -0.43535155 0.22167674 0.00990118
v -0.41255647 0.15288699 0.0092936
v -0.40901804 0.15096389 0.00763871
v -0.41123751 0.15421838 0.00993519
v -0.44138807 0.2527926 0.07078019
v -0.41459405 0.18019956 0.12927613
v -0.41423258 0.18170232 0.13496719
v -0.41423258 0.18170232 0.13496719
v -0.41393393 0.17586733 0.13663653
v -0.41426933 0.17320119 0.13597593
v -0.41961223 0.1821588 -0.13158983
v -0.4178479 0.1824328 -0.12843432
v -0.41430813 0.18095297 -0.12738405
v -0.41431019 0.15396002 -0.01001973
v -0.41678441 0.15650187 -0.01008615
v -0.39506119 0.15676664 -0.01021266
v -0.42722285 0.02447245 0.00331513
v -0.4334847 0.18441087 0.00986021
v -0.42251891 0.18247585 0.13019617
v -0.41670966 0.1821238 0.13344221
v -0.41788745 0.17925212 0.13501061
v -0.42474124 0.18227197 -0.12514883
v -0.42474124 0.18227197 -0.12514883
v -0.42098227 0.18056169 -0.12545571
v -0.42119288 0.17636046 -0.12493469
v -0.42117375 0.17340837 -0.12590371
v -0.43966621 0.25289032 -0.03474544
v -0.4356046 0.06178565 0.006035
v -0.44115505 0.20651126 0.01003305
v -0.4212285 0.18205997 0.12844089
v -0.41670966 0.1821238 0.13344221
v -0.41788745 0.17925212 0.13501061
v -0.41423258 0.18170232 0.13496719
v -0.42041254 0.17369308 0.13489768
v -0.42429432 0.18275227 -0.12748496
v -0.42512435 0.18007423 -0.12285911
v -0.42401502 0.17637546 -0.1229722
v -0.42511925 0.17317925 -0.12448306
v -0.44235483 0.25287092 -0.12262279
v -0.44287643 0.0649773 -0.00906381
v -0.42948157 0.06542548 0.00180087
v -0.43930534 0.15251219 0.00906529
v -0.44082436 0.2528778 0.0349515
v -0.42063558 0.17988119 0.12715776
v -0.42503008 0.18026426 0.12462238
v -0.41996589 0.17626268 0.12685205
v -0.42053625 0.1732244 0.12808441
v -0.42444187 0.17361973 0.12508623
v -0.42498988 0.1821997 0.12674238
v -0.42476383 0.18188536 0.13102587
v -0.42476383 0.18188536 0.13102587
v -0.4241944 0.180181 0.13215241
v -0.42178607 0.17600201 0.13431852
v -0.42041254 0.17369308 0.13489768
v -0.41393393 0.17586733 0.13663653
v -0.44994441 0.23424172 0.19338356
v -0.42826372 0.18186046 -0.12785234
v -0.42906758 0.18261883 -0.12576462
v -0.42935964 0.18238144 -0.12273489
v -0.42888266 0.18057759 -0.12048785
v -0.42800507 0.1760895 -0.11951634
v -0.42662105 0.17368673 -0.12201063
v -0.42921242 0.17329933 -0.12083761
v -0.44193256 0.06522264 0.00365069
v -0.43601534 0.06393067 0.00523284
v -0.43584508 0.15059936 0.00780184
v -0.43601534 0.06393067 0.00523284
v -0.43409973 0.06306496 0.00612224
v -0.42659414 0.17893453 0.12227232
v -0.42462808 0.17621328 0.12380721
v -0.42912129 0.18010321 0.12097289
v -0.42904913 0.1819064 0.12297838
v -0.42462808 0.17621328 0.12380721
v -0.42824456 0.17370541 0.12155695
v -0.42874047 0.17576955 0.13123424
v -0.42838851 0.17334685 0.13102338
v -0.42217878 0.1731579 0.13316497
v -0.42212692 0.17981668 -0.13154301
v -0.42927644 0.17969729 -0.12797864
v -0.42935964 0.18238144 -0.12273489
v -0.43359768 0.18203916 -0.11806959
v -0.42888266 0.18057759 -0.12048785
v -0.43029878 0.17928652 -0.11793336
v -0.43359768 0.18203916 -0.11806959
v -0.43299314 0.18047047 -0.11673299
v -0.43236083 0.17607476 -0.11570057
v -0.43060702 0.17363225 -0.11831931
v -0.43371344 0.17361981 -0.11609137
v -0.44219562 0.02742307 0.00513686
v -0.44106531 0.17130527 0.00986562
v -0.44402555 0.15708791 0.00954811
v -0.45642459 0.25275779 0.09850542
v -0.43049437 0.17887898 0.11842585
v -0.42912129 0.18010321 0.12097289
v -0.42853454 0.17604169 0.120271
v -0.43309093 0.18042564 0.11722914
v -0.43091595 0.17378172 0.11871753
v -0.43381715 0.18204433 0.11893734
v -0.43394887 0.18255 0.12168216
v -0.43589309 0.18204002 0.12324652
v -0.42822969 0.17910282 0.13076247
v -0.4376809 0.25210953 0.192764
v -0.43262434 0.18209223 -0.12488754
v -0.43677571 0.18223085 -0.12145972
v -0.43799847 0.18285775 -0.11825564
v -0.43797818 0.18207796 -0.11378821
v -0.43299314 0.18047047 -0.11673299
v -0.43424064 0.17925186 -0.11418954
v -0.43236083 0.17607476 -0.11570057
v -0.43797818 0.18207796 -0.11378821
v -0.43693483 0.18064389 -0.11278559
v -0.43609375 0.17629477 -0.11213472
v -0.43744999 0.17356783 -0.11270013
v -0.43371344 0.17361981 -0.11609137
v -0.44295472 0.23260161 0.01036253
v -0.43437052 0.17899637 0.11451904
v -0.43360892 0.17589666 0.11536331
v -0.43681574 0.18044291 0.11282583
v -0.43719777 0.18196076 0.11441116
v -0.43719777 0.18196076 0.11441116
v -0.43344039 0.18098739 0.12611157
v -0.43256423 0.17881268 0.12788299
v -0.43552306 0.17591156 0.12586378
v -0.43301725 0.17337397 0.12736666
v -0.44209254 0.18232775 -0.1083326
v -0.43797818 0.18207796 -0.11378821
v -0.43839252 0.17959009 -0.10892114
v -0.43892068 0.17534566 -0.10782363
v -0.44106659 0.18053107 -0.10502636
v -0.44114465 0.17369804 -0.10664583
v -0.43906692 0.17886713 -0.10618721
v -0.4399088 0.17647564 -0.10444108
v -0.45123294 0.06568807 0.00149953
v -0.44660696 0.06157816 0.00583859
v -0.46088827 0.0249133 0.00414057
v -0.46088827 0.0249133 0.00414057
v -0.44092819 0.18481036 0.00968365
v -0.44302237 0.15107498 0.00762475
v -0.43862671 0.17908278 0.1073482
v -0.44027597 0.18022653 0.10465221
v -0.43962374 0.18158603 0.10963728
v -0.43602777 0.17625 0.11243725
v -0.43827471 0.17638597 0.10836764
v -0.43742332 0.17346209 0.11256322
v -0.44147605 0.18227722 0.10775138
v -0.44333082 0.18271087 0.1101034
v -0.43589309 0.18204002 0.12324652
v -0.43897426 0.18095385 0.12077902
v -0.43675509 0.1790498 0.12422249
v -0.43702248 0.17340502 0.12355371
v -0.4544175 0.23862173 0.19357987
v -0.46262604 0.2528221 -0.15926698
v -0.44363278 0.1822302 -0.11445247
v -0.44336718 0.18295142 -0.11181257
v -0.44106659 0.18053107 -0.10502636
v -0.44406691 0.18239222 -0.10304867
v -0.44156504 0.17998889 -0.10022034
v -0.44156504 0.17998889 -0.10022034
v -0.4420377 0.17369822 -0.10006718
v -0.44126379 0.17622545 -0.09049922
v -0.44406691 0.18239222 -0.10304867
v -0.44374815 0.18142886 -0.09206802
v -0.44204947 0.17964026 -0.08762134
v -0.44235674 0.17371748 -0.08379737
v -0.44094777 0.1760426 -0.0602794
v -0.44324541 0.18184568 -0.06366384
v -0.44188508 0.18015426 -0.06070912
v -0.43109119 0.25288528 -0.08448799
v -0.45532942 0.25287771 -0.07736063
v -0.43966621 0.25289032 -0.03474544
v -0.44147816 0.18001767 -0.05508301
v -0.44214302 0.17356007 -0.0438919
v -0.44238883 0.18251285 -0.04058412
v -0.44131052 0.18027417 -0.04592491
v -0.444738 0.18253365 -0.05793647
v -0.44463798 0.18326128 -0.04431003
v -0.44238883 0.18251285 -0.04058412
v -0.44324541 0.18184568 -0.06366384
v -0.4409754 0.17606448 -0.04521434
v -0.44179106 0.18024628 -0.03566451
v -0.44479099 0.18416333 -0.03998665
v -0.44150147 0.22187182 -0.0410806
v -0.44288662 0.22531945 -0.04188925
v -0.44182244 0.22554149 -0.03878647
v -0.44198027 0.21960227 -0.03871083
v -0.44228929 0.21410114 -0.04116752
v -0.4434728 0.21571529 -0.04172159
v -0.44222271 0.21572508 -0.0391206
v -0.44241977 0.20990659 -0.03552212
v -0.44205371 0.19782099 -0.03822187
v -0.44247961 0.20110118 -0.04001798
v -0.44224754 0.18304092 -0.03410883
v -0.4435001 0.18421572 -0.03707489
v -0.4435001 0.18421572 -0.03707489
v -0.44224796 0.1760665 -0.03241312
v -0.44276169 0.17396723 -0.03396847
v -0.44162336 0.19571368 -0.03489994
v -0.4422248 0.18923065 -0.03640549
v -0.44222638 0.18649974 -0.03447393
v -0.44229817 0.20575404 -0.02585549
v -0.44171056 0.19288079 -0.02952747
v -0.44216061 0.18015885 -0.02878379
v -0.44274005 0.17588432 -0.02947928
v -0.44197646 0.18977265 -0.02262006
v -0.4404442 0.23266879 -0.01393728
v -0.43814585 0.23236178 -0.0106315
v -0.4407323 0.23039509 -0.01216057
v -0.43814585 0.23236178 -0.0106315
v -0.44096115 0.22152455 -0.01095611
v -0.44211727 0.22336939 -0.01145394
v -0.4407323 0.23039509 -0.01216057
v -0.44250318 0.21035913 -0.01200351
v -0.44090682 0.20772105 -0.01142326
v -0.44029695 0.1900198 -0.01126581
v -0.44163886 0.18733859 -0.01166908
v -0.45518586 0.06571279 -0.00238177
v -0.45849636 0.0244233 0.00325501
v -0.44380751 0.22973925 0.01015642
v -0.44404948 0.20868504 0.01026755
v -0.44354349 0.18563904 0.00992378
v -0.44401866 0.17644678 0.00997808
v -0.44520864 0.16446553 0.00994713
v -0.44511381 0.15415402 0.00830369
v -0.44267273 0.17913997 0.04324237
v -0.44260129 0.17567171 0.05046707
v -0.44330832 0.17595224 0.04068623
v -0.44392359 0.18030986 0.03907419
v -0.44350737 0.18148763 0.04428938
v -0.44246078 0.17995255 0.05816212
v -0.44201276 0.17596626 0.05981325
v -0.4432683 0.18196476 0.06452851
v -0.44338104 0.1740953 0.04567989
v -0.4425264 0.17358717 0.06695416
v -0.44154823 0.17599657 0.07455721
v -0.44207662 0.18010555 0.0902427
v -0.44237325 0.17358878 0.09409792
v -0.44133395 0.17628519 0.09253383
v -0.44312522 0.18200874 0.09859169
v -0.44165456 0.18047869 0.10001014
v -0.44044709 0.17640696 0.10051325
v -0.44144413 0.17341909 0.10414281
v -0.44147605 0.18227722 0.10775138
v -0.44312522 0.18200874 0.09859169
v -0.44451714 0.18252613 0.09974726
v -0.43950811 0.17643744 0.10472348
v -0.43918511 0.17488267 0.10665657
v -0.44060439 0.17324832 0.10819486
v -0.44144413 0.17341909 0.10414281
v -0.43918511 0.17488267 0.10665657
v -0.44559681 0.2527056 0.13259342
v -0.44355795 0.18200471 0.11288553
v -0.44355795 0.18200471 0.11288553
v -0.44325683 0.17913675 0.11587564
v -0.44045421 0.17881323 0.12019965
v -0.43949765 0.17586002 0.12190404
v -0.4409619 0.17344572 0.11920888
v -0.4376809 0.25210953 0.192764
v -0.49103993 0.25160027 0.19349362
v -0.4433713 0.1773987 -0.11665244
v -0.44795221 0.18006374 -0.10966591
v -0.44030094 0.1800666 -0.11941075
v -0.44794875 0.18209028 -0.10812628
v -0.44777372 0.18306588 -0.10224652
v -0.44585213 0.18267494 -0.09316952
v -0.44374815 0.18142886 -0.09206802
v -0.44829217 0.1834282 -0.07400905
v -0.44793218 0.18301226 -0.0548051
v -0.45933819 0.252875 -0.02259561
v -0.44792262 0.18364665 -0.0446429
v -0.44494113 0.22823508 -0.04312166
v -0.44397536 0.23030619 -0.04208843
v -0.44288662 0.22531945 -0.04188925
v -0.44761389 0.23030581 -0.04306952
v -0.44619235 0.23240764 -0.0428863
v -0.44340086 0.21943189 -0.04215333
v -0.44481468 0.22116071 -0.04330785
v -0.44754395 0.18469815 -0.03991486
v -0.44330037 0.23265529 -0.04208285
v -0.44209665 0.232613 -0.03869682
v -0.44218194 0.23042683 -0.03866674
v -0.44397536 0.23030619 -0.04208843
v -0.44340086 0.21943189 -0.04215333
v -0.44616944 0.18566974 -0.0386587
v -0.4442918 0.18737924 -0.0372775
v -0.4435001 0.18421572 -0.03707489
v -0.44616944 0.18566974 -0.0386587
v -0.44739044 0.18719563 -0.03735758
v -0.44163668 0.2236723 -0.03263189
v -0.4442918 0.18737924 -0.0372775
v -0.44189528 0.23240249 -0.02823534
v -0.44231439 0.21376315 -0.02728284
v -0.44276169 0.17396723 -0.03396847
v -0.44274005 0.17588432 -0.02947928
v -0.44479403 0.173564 -0.03120443
v -0.44190055 0.2227993 -0.02577094
v -0.44237763 0.17974906 -0.02471997
v -0.44559482 0.17378695 -0.02049035
v -0.44252968 0.18591818 -0.0175326
v -0.44452384 0.17633998 -0.01648665
v -0.44559482 0.17378695 -0.02049035
v -0.44194517 0.23231363 -0.01451792
v -0.44231391 0.22879297 -0.01466001
v -0.44260418 0.21140799 -0.0175144
v -0.44229773 0.19325134 -0.01398834
v -0.4433738 0.17973971 -0.01645782
v -0.44250318 0.21035913 -0.01200351
v -0.44221252 0.18632072 -0.01283722
v -0.4430446 0.17976406 -0.01265615
v -0.4441669 0.17592603 -0.01255083
v -0.44211727 0.22336939 -0.01145394
v -0.44163886 0.18733859 -0.01166908
v -0.44202557 0.17757013 -0.01089924
v -0.4441669 0.17592603 -0.01255083
v -0.44202557 0.17757013 -0.01089924
v -0.44354174 0.17168482 -0.01085963
v -0.44472888 0.16659386 -0.01054432
v -0.44656733 0.17037557 -0.01138657
v -0.45814961 0.06531876 -0.00876572
v -0.45933819 0.252875 -0.02259561
v -0.4643259 0.06399128 0.00474101
v -0.4643259 0.06399128 0.00474101
v -0.44700041 0.16457449 0.00957886
v -0.44624963 0.15868282 0.00906451
v -0.44367465 0.23278718 0.01286479
v -0.44496113 0.23030184 0.01245853
v -0.44380751 0.22973925 0.01015642
v -0.44295472 0.23260161 0.01036253
v -0.44538435 0.21682104 0.01230839
v -0.44404948 0.20868504 0.01026755
v -0.44455975 0.18677394 0.01207828
v -0.44354349 0.18563904 0.00992378
v -0.44484413 0.17974612 0.01193389
v -0.44401866 0.17644678 0.00997808
v -0.44570127 0.17571759 0.01203169
v -0.44570127 0.17571759 0.01203169
v -0.44598317 0.17197034 0.01044278
v -0.44822305 0.17225681 0.01187633
v -0.44763005 0.16847114 0.01033493
v -0.4452953 0.23038453 0.01698803
v -0.44542664 0.21213441 0.01642092
v -0.44502103 0.19666217 0.01696073
v -0.44488764 0.17671125 0.01749267
v -0.4438827 0.23282979 0.02897302
v -0.44531101 0.23042683 0.02396739
v -0.44515613 0.22227803 0.02465273
v -0.44504839 0.19343361 0.02813814
v -0.44417426 0.17964262 0.02117502
v -0.44533563 0.2091427 0.03540768
v -0.44535914 0.20378339 0.03348498
v -0.44417533 0.18009493 0.02822395
v -0.44519088 0.17538692 0.02837235
v -0.44487345 0.2303545 0.0319064
v -0.44438544 0.18626213 0.03041653
v -0.44476104 0.19720817 0.03890402
v -0.44451207 0.1854683 0.03375866
v -0.44457814 0.17974745 0.03324528
v -0.44461644 0.17587937 0.0342811
v -0.44577339 0.17367665 0.03389032
v -0.44454572 0.22014876 0.0405809
v -0.44497234 0.18901047 0.03736285
v -0.44517905 0.18367399 0.03690989
v -0.44274935 0.23254895 0.04999207
v -0.44414145 0.23010942 0.04219535
v -0.44482589 0.21125473 0.0427743
v -0.4448719 0.20374721 0.04258355
v -0.4454464 0.19888756 0.041882
v -0.4454464 0.19888756 0.041882
v -0.44834617 0.19823499 0.04226476
v -0.44783601 0.1881146 0.03871226
v -0.44627663 0.18753754 0.03883407
v -0.44627663 0.18753754 0.03883407
v -0.44558036 0.1838083 0.03971527
v -0.44802889 0.18486349 0.03958739
v -0.44558036 0.1838083 0.03971527
v -0.44523954 0.17344244 0.04078665
v -0.44392091 0.22056505 0.0496242
v -0.44459558 0.21367756 0.04639513
v -0.44546193 0.20798257 0.04556352
v -0.44582194 0.20099197 0.04337146
v -0.44818875 0.20835587 0.04608044
v -0.44582194 0.20099197 0.04337146
v -0.44546193 0.20798257 0.04556352
v -0.44558036 0.1838083 0.03971527
v -0.44516703 0.1827908 0.04459016
v -0.44350737 0.18148763 0.04428938
v -0.44802889 0.18486349 0.03958739
v -0.44819704 0.18354197 0.04468749
v -0.44329482 0.23044036 0.05007492
v -0.44485417 0.21710159 0.0493272
v -0.44566727 0.21021046 0.04693669
v -0.44338104 0.1740953 0.04567989
v -0.44511756 0.17315458 0.05415018
v -0.44523954 0.17344244 0.04078665
v -0.44383171 0.23257695 0.05385139
v -0.44437602 0.23044416 0.05299879
v -0.44797456 0.23244415 0.05514774
v -0.44791797 0.229909 0.05399578
v -0.44437602 0.23044416 0.05299879
v -0.44383171 0.23257695 0.05385139
v -0.44451049 0.22084972 0.05102386
v -0.44451049 0.22084972 0.05102386
v -0.4432683 0.18196476 0.06452851
v -0.44790787 0.18336408 0.06285618
v -0.44502786 0.18277566 0.07023088
v -0.44770381 0.18297856 0.0816644
v -0.44733101 0.1828483 0.09768081
v -0.44694835 0.18228382 0.10427015
v -0.44367522 0.1757409 0.11626641
v -0.44370219 0.17355596 0.1158428
v -0.47247481 0.25269723 0.15262309
v -0.49045944 0.25272468 0.17389309
v -0.45108128 -0.24568719 -0.15562777
v -0.45222333 -0.24378507 -0.15398371
v -0.45212209 -0.24892077 -0.15380324
v -0.45121068 -0.25087056 -0.1560404
v -0.45216277 -0.25216883 -0.15488254
v -0.45020419 0.18258671 -0.09414684
v -0.45021662 0.18262394 -0.07234198
v -0.44977042 0.18232475 -0.05568531
v -0.45000231 0.18299671 -0.04059051
v -0.44769764 0.23276265 -0.0441678
v -0.44977 0.18440847 -0.03669819
v -0.4470098 0.17446332 -0.01620944
v -0.44953766 0.17383851 -0.0178712
v -0.44999927 0.17551664 -0.01697806
v -0.45002148 0.1722711 0.01176956
v -0.44850409 0.16889951 0.00979609
v -0.44570127 0.17571759 0.01203169
v -0.44742742 0.17442368 0.016268
v -0.44938713 0.17379846 0.01602005
v -0.44822305 0.17225681 0.01187633
v -0.44597715 0.1738492 0.02697349
v -0.45185444 0.18832673 0.03804561
v -0.4510746 0.18464983 0.03760452
v -0.44894162 0.18551375 0.0380116
v -0.45528564 0.19794701 0.04165471
v -0.44894162 0.18551375 0.0380116
v -0.4510746 0.18464983 0.03760452
v -0.45113787 0.18294099 0.03928921
v -0.45054981 0.18261291 0.04428099
v -0.44485417 0.21710159 0.0493272
v -0.45933828 0.21721563 0.04947595
v -0.44566727 0.21021046 0.04693669
v -0.45616108 0.23264569 0.05466669
v -0.45581737 0.23023124 0.05363291
v -0.45601654 0.22623099 0.05270546
v -0.45369196 0.2209 0.05107742
v -0.44941425 0.18228425 0.08057722
v -0.44926175 0.18226862 0.09528862
v -0.4480094 0.18138488 0.10454103
v -0.44776103 0.17872511 0.10793409
v -0.44896427 0.17588012 0.10553694
v -0.44679621 0.17584525 0.11042766
v -0.44679621 0.17584525 0.11042766
v -0.44896427 0.17588012 0.10553694
v -0.4476628 0.17332186 0.10804275
v -0.48437187 0.25271142 -0.18430948
v -0.45376816 -0.24269159 -0.16707976
v -0.45564231 -0.24109598 -0.16853809
v -0.45555732 -0.23998888 -0.16574514
v -0.45641589 -0.23868985 -0.16020146
v -0.45320842 -0.24309003 -0.16119353
v -0.4522073 -0.24909666 -0.1590932
v -0.45357558 -0.2479728 -0.16691668
v -0.45291829 -0.25225714 -0.16139187
v -0.45424744 -0.25331399 -0.16709389
v -0.45290285 -0.25402173 -0.15681462
v -0.45293978 -0.2413843 -0.15723807
v -0.45342219 -0.23899016 -0.15563491
v -0.45560926 -0.23708084 -0.15726434
v -0.45563343 -0.23691095 -0.15451407
v -0.45463514 -0.24115287 -0.15157747
v -0.45354319 -0.24424107 -0.15100788
v -0.45462847 -0.2533603 -0.14831682
v -0.45441815 -0.2460133 -0.14534394
v -0.45540643 -0.2416546 -0.14604782
v -0.45579332 -0.24408697 -0.1435678
v -0.45532942 0.25287771 -0.07736063
v -0.45381919 0.2136122 -0.01670299
v -0.45943874 0.21113633 -0.01978661
v -0.4527649 0.20724279 -0.01719894
v -0.45929596 0.20359649 -0.02055477
v -0.45474219 0.1930984 -0.01914423
v -0.45188162 0.19232184 -0.01751617
v -0.45489231 0.1880185 -0.02003345
v -0.45161194 0.18392552 -0.01783404
v -0.45281321 0.18101105 -0.02022443
v -0.45154208 0.17965706 -0.01841546
v -0.45270267 0.21562655 -0.01364508
v -0.45531222 0.21704455 -0.0153262
v -0.45179057 0.21089044 -0.01468362
v -0.4617573 0.06508636 0.0034508
v -0.45897079 0.06146914 0.00593582
v -0.46105492 0.039946 0.00543616
v -0.45973384 0.02744631 0.00501239
v -0.4630186 0.25284833 0.04225708
v -0.4541586 0.1881659 0.03724482
v -0.45303252 0.18337435 0.03645392
v -0.45596784 0.19411613 0.03986064
v -0.4510746 0.18464983 0.03760452
v -0.45303252 0.18337435 0.03645392
v -0.4524025 0.18128446 0.03789361
v -0.45113787 0.18294099 0.03928921
v -0.45813701 0.20785241 0.04532021
v -0.4584648 0.21140261 0.04705566
v -0.4520739 0.17780957 0.04736877
v -0.45164117 0.17980026 0.04844158
v -0.45141882 0.1737567 0.05765008
v -0.45129344 0.17591934 0.06116077
v -0.45065764 0.173306 0.06034214
v -0.45383587 -0.24377358 0.13668402
v -0.45415184 -0.23952757 0.13866696
v -0.45214009 -0.24539039 0.13952413
v -0.45190859 -0.24922122 0.13976669
v -0.4535 -0.24926642 0.13703966
v -0.45219445 -0.25227466 0.14092016
v -0.45433328 -0.25328308 0.13766289
v -0.45251164 -0.25403637 0.14378333
v -0.45609912 -0.23742267 0.1378613
v -0.45482174 -0.23790297 0.14301598
v -0.45309758 -0.24122706 0.14356835
v -0.45193636 -0.24496211 0.1498473
v -0.45146596 -0.24941753 0.14919372
v -0.45157969 -0.25265926 0.14873515
v -0.45341334 -0.2409277 0.15538281
v -0.452261 -0.24527048 0.15935934
v -0.45169324 -0.24945569 0.15902084
v -0.45176798 -0.25261912 0.15792313
v -0.45270559 -0.25439981 0.15772179
v -0.45702118 -0.23554695 0.15516508
v -0.45605502 -0.23801528 0.15898436
v -0.45368752 -0.23986606 0.15808675
v -0.45344064 -0.2427447 0.16163129
v -0.45328555 -0.24659616 0.16377108
v -0.45554152 -0.24166135 0.16280094
v -0.45503327 -0.24521704 0.1660188
v -0.45245159 -0.24932647 0.1620198
v -0.45362598 -0.25289559 0.16245927
v -0.45362598 -0.25289559 0.16245927
v -0.45513311 -0.25450382 0.16228339
v -0.45270559 -0.25439981 0.15772179
v -0.45475224 -0.2493519 0.16662456
v -0.45696247 -0.24323972 -0.17250219
v -0.45548764 -0.24555074 -0.16986629
v -0.45830029 -0.24212974 -0.17360084
v -0.45960718 -0.23945411 -0.17135985
v -0.45818186 -0.25386381 -0.17331962
v -0.45867461 -0.23769183 -0.16995078
v -0.45814371 -0.23623772 -0.16645227
v -0.45717591 -0.23386835 -0.15643939
v -0.45674026 -0.23808865 -0.14844008
v -0.45715925 -0.2371207 -0.14546157
v -0.45669332 -0.23934971 -0.14243178
v -0.45828635 -0.23681571 -0.14151435
v -0.45669332 -0.23934971 -0.14243178
v -0.45828635 -0.23681571 -0.14151435
v -0.45842791 -0.24084827 -0.14052401
v -0.45842791 -0.24084827 -0.14052401
v -0.45883361 -0.24637109 -0.14017524
v -0.45746014 -0.25262293 -0.14300627
v -0.45730844 -0.25421712 -0.14441556
v -0.45928946 0.21642976 -0.01835816
v -0.45716891 0.1898056 -0.02091954
v -0.45714009 0.21968699 -0.01444864
v -0.45970169 0.21872514 -0.01775257
v -0.46409944 0.06532262 -0.00676364
v -0.46719542 0.06510805 0.00161618
v -0.45745957 0.20118596 0.04253241
v -0.46031469 0.2326638 0.05353569
v -0.45981309 0.23044613 0.0525996
v -0.46078926 0.22274664 0.05150821
v -0.46071714 0.22185056 0.0514021
v -0.45892972 -0.23461036 0.13574125
v -0.46041998 -0.22924513 0.14149591
v -0.46059206 -0.22986393 0.13873141
v -0.45785359 -0.23321009 0.14612903
v -0.45840839 -0.23374151 0.15822777
v -0.45696127 -0.23951533 0.16131811
v -0.45727214 -0.24202959 0.16821451
v -0.45727217 -0.25448129 0.16787101
v -0.4557271 -0.2470095 0.16870457
v -0.45797101 -0.24301982 0.16944487
v -0.4557271 -0.2470095 0.16870457
v -0.45797101 -0.24301982 0.16944487
v -0.45828953 -0.24969749 0.17019653
v -0.45704931 -0.25230256 0.16901763
v -0.45704931 -0.25230256 0.16901763
v -0.45727217 -0.25448129 0.16787101
v -0.49105605 0.23434317 0.19338281
v -0.46052578 -0.2360176 -0.18337753
v -0.46182641 -0.23585874 -0.18457787
v -0.46110561 -0.23114009 -0.18369317
v -0.46196043 -0.21955451 -0.18462701
v -0.46100411 -0.22872363 -0.17750736
v -0.46125954 -0.22659667 -0.1848601
v -0.45973533 -0.23427092 -0.17736878
v -0.45965049 -0.23734652 -0.17789356
v -0.45947623 -0.23723058 -0.17366987
v -0.45910338 -0.2426354 -0.17586128
v -0.45876315 -0.24571808 -0.17572102
v -0.45910338 -0.2426354 -0.17586128
v -0.46025163 -0.242908 -0.17603678
v -0.46131 -0.24118926 -0.17357944
v -0.46131 -0.24118926 -0.17357944
v -0.46000659 -0.25128195 -0.17573464
v -0.46003473 -0.25399151 -0.17516993
v -0.45979938 -0.23192748 -0.16543904
v -0.4596152 -0.23333773 -0.16974837
v -0.46090254 -0.2286569 -0.17022665
v -0.46094984 -0.22909606 -0.16215248
v -0.4595708 -0.22998826 -0.1596458
v -0.45998043 -0.22989149 -0.14696521
v -0.45931521 -0.23159072 -0.1459946
v -0.46125692 -0.22869796 -0.15053464
v -0.46198547 -0.22861215 -0.14555404
v -0.46152505 -0.23088419 -0.14409354
v -0.45918977 -0.2335812 -0.14250068
v -0.46152505 -0.23088419 -0.14409354
v -0.462975 -0.2327189 -0.14282009
v -0.45918977 -0.2335812 -0.14250068
v -0.46081948 -0.23705442 -0.14125402
v -0.46109179 -0.24032955 -0.1405455
v -0.46281058 -0.24522486 -0.13820384
v -0.45883361 -0.24637109 -0.14017524
v -0.46212634 -0.24874912 -0.13863182
v -0.459106 -0.25398144 -0.14172412
v -0.45746014 -0.25262293 -0.14300627
v -0.46175906 -0.25246465 -0.1397959
v -0.459106 -0.25398144 -0.14172412
v -0.47607499 0.25284979 -0.10519765
v -0.46255079 0.22027223 -0.0192705
v -0.46186554 0.21507469 -0.0206276
v -0.46059647 0.20566978 -0.02138585
v -0.46127942 0.06436612 -0.00991086
v -0.47040629 0.06532845 -0.00217997
v -0.46052855 0.22851177 0.00474106
v -0.46329117 0.2293417 0.00323033
v -0.46099567 0.22255591 0.00085358
v -0.46016335 0.22547084 0.00376914
v -0.45904616 0.22176078 0.00219293
v -0.46871924 0.06166713 0.00612122
v -0.46840563 0.02732636 0.00530028
v -0.46121699 0.23189019 0.05122204
v -0.46270701 0.23275307 0.04967378
v -0.46170044 0.230395 0.04841314
v -0.46078926 0.22274664 0.05150821
v -0.4596051 0.21373162 0.04740126
v -0.45892972 -0.23461036 0.13574125
v -0.46256158 -0.23272826 0.13581985
v -0.46212104 -0.22937122 0.13786155
v -0.46212104 -0.22937122 0.13786155
v -0.46212181 -0.22725525 0.14185183
v -0.46134758 -0.22730535 0.14659376
v -0.46102342 -0.22824968 0.15571079
v -0.46084613 -0.2292868 0.16220169
v -0.45961562 -0.23469172 0.16942115
v -0.46067557 -0.23167452 0.16776419
v -0.46111673 -0.23340124 0.16986878
v -0.46111673 -0.23340124 0.16986878
v -0.46108145 -0.2375885 0.16952705
v -0.45961562 -0.23469172 0.16942115
v -0.46101221 -0.24841629 0.17031105
v -0.46135283 -0.25241441 0.17184331
v -0.46030605 -0.25445023 0.1708504
v -0.45727217 -0.25448129 0.16787101
v -0.48799658 0.25282753 -0.1630255
v -0.46251339 -0.21555516 -0.1716767
v -0.46176609 -0.21834208 -0.17154114
v -0.46301165 -0.21658893 -0.18425502
v -0.46490577 -0.21575762 -0.18177035
v -0.46503705 -0.21433643 -0.17090687
v -0.46251339 -0.21555516 -0.1716767
v -0.46301165 -0.21658893 -0.18425502
v -0.46123305 -0.23915763 -0.17342429
v -0.46259782 -0.2144096 -0.16228321
v -0.46523416 -0.2130509 -0.16326392
v -0.46259782 -0.2144096 -0.16228321
v -0.46225387 -0.21767636 -0.15748648
v -0.46156818 -0.22627254 -0.16412447
v -0.46287957 -0.21278086 -0.16002068
v -0.46265739 -0.21207066 -0.15249358
v -0.46228859 -0.22546385 -0.15146771
v -0.46265739 -0.21207066 -0.15249358
v -0.46287957 -0.21278086 -0.16002068
v -0.46514827 -0.20937063 -0.14364277
v -0.46288905 -0.2104063 -0.14238639
v -0.46288905 -0.2104063 -0.14238639
v -0.4624553 -0.22443083 -0.14685042
v -0.46198547 -0.22861215 -0.14555404
v -0.46499383 -0.22851603 -0.14576529
v -0.4650909 -0.230701 -0.14436613
v -0.46318179 -0.22048099 -0.13533847
v -0.46293551 -0.224446 -0.14240725
v -0.46319529 -0.2270927 -0.14366636
v -0.46293551 -0.224446 -0.14240725
v -0.46430776 -0.22439706 -0.14255112
v -0.46319529 -0.2270927 -0.14366636
v -0.46691263 -0.23705651 -0.14207105
v -0.46685696 -0.23953946 -0.14114092
v -0.46281338 -0.20884514 -0.14008527
v -0.46501786 -0.20740971 -0.13555127
v -0.46420878 -0.24176541 -0.13928646
v -0.46576902 -0.25242147 -0.13850948
v -0.46728954 -0.25442278 -0.14008605
v -0.4633348 -0.2065074 -0.12735142
v -0.46281338 -0.20884514 -0.14008527
v -0.46351421 -0.21743755 -0.12741709
v -0.46318179 -0.22048099 -0.13533847
v -0.46389818 -0.22100881 -0.13610689
v -0.46293551 -0.224446 -0.14240725
v -0.46521461 -0.20488501 -0.12616518
v -0.46357456 -0.2185604 -0.12869443
v -0.46351421 -0.21743755 -0.12741709
v -0.46545845 -0.21753259 -0.12642409
v -0.46357456 -0.2185604 -0.12869443
v -0.4633348 -0.2065074 -0.12735142
v -0.46325883 -0.204842 -0.12438689
v -0.46281338 -0.20884514 -0.14008527
v -0.46325883 -0.204842 -0.12438689
v -0.46325883 -0.204842 -0.12438689
v -0.46524984 -0.20274797 -0.11645786
v -0.46368337 -0.20262125 -0.11139264
v -0.46390724 -0.21303348 -0.11697431
v -0.46368337 -0.20262125 -0.11139264
v -0.46383822 -0.20901169 -0.10877469
v -0.46390724 -0.21303348 -0.11697431
v -0.46485865 -0.21335423 -0.11344109
v -0.46557993 -0.20149913 -0.11168667
v -0.46444085 -0.21268082 -0.11199029
v -0.46444085 -0.21268082 -0.11199029
v -0.46385369 -0.2009888 -0.10842371
v -0.46392614 -0.19886516 -0.09524047
v -0.46396106 -0.20826069 -0.10204576
v -0.46481952 -0.20939697 -0.10053848
v -0.46399325 -0.20252101 -0.08866409
v -0.46392614 -0.19886516 -0.09524047
v -0.46385369 -0.2009888 -0.10842371
v -0.46559706 -0.19762966 -0.0957305
v -0.46432406 -0.20889197 -0.09993305
v -0.46409297 -0.20552348 -0.09146619
v -0.46415761 -0.19707142 -0.09277786
v -0.46401688 -0.19576982 -0.08403018
v -0.46476051 -0.20652473 -0.09025021
v -0.46433786 -0.20163991 -0.07173532
v -0.46401688 -0.19576982 -0.08403018
v -0.46415761 -0.19707142 -0.09277786
v -0.46539357 -0.19375625 -0.0792942
v -0.46464938 -0.20456152 -0.08397337
v -0.46464938 -0.20456152 -0.08397337
v -0.46612158 -0.20494315 -0.0836451
v -0.46476051 -0.20652473 -0.09025021
v -0.46390516 -0.19510394 -0.07872478
v -0.46390516 -0.19510394 -0.07872478
v -0.46388492 -0.19316638 -0.07631771
v -0.46458292 -0.20259237 -0.07374215
v -0.46433786 -0.20163991 -0.07173532
v -0.46578202 -0.20214149 -0.07085001
v -0.46458292 -0.20259237 -0.07374215
v -0.46559265 -0.19118164 -0.06796507
v -0.46532285 -0.18914381 -0.05625781
v -0.46388492 -0.19316638 -0.07631771
v -0.46377659 -0.19012778 -0.05612296
v -0.46395248 -0.19407116 -0.04793335
v -0.46377659 -0.19012778 -0.05612296
v -0.46439704 -0.20000753 -0.05730277
v -0.46392238 -0.18907154 -0.05447562
v -0.46384302 -0.19011682 -0.04534161
v -0.46408969 -0.18863948 -0.05026264
v -0.46467456 -0.1975704 -0.04110493
v -0.46490154 -0.19844121 -0.04379101
v -0.46433133 -0.18667524 -0.03198436
v -0.46408969 -0.18863948 -0.05026264
v -0.46573383 -0.18575594 -0.03265573
v -0.46433133 -0.18667524 -0.03198436
v -0.46467456 -0.1975704 -0.04110493
v -0.46641329 -0.19786143 -0.03921932
v -0.46490154 -0.19844121 -0.04379101
v -0.46429902 -0.18988158 -0.02715242
v -0.46426269 -0.19491449 -0.03315984
v -0.46472046 -0.19594166 -0.02439032
v -0.46453208 -0.18510203 -0.02625401
v -0.46453208 -0.18510203 -0.02625401
v -0.46454379 -0.19375777 -0.01003306
v -0.46487913 -0.18456119 -0.0209996
v -0.464306 -0.19058095 -0.00895239
v -0.46454379 -0.19375777 -0.01003306
v -0.4648971 -0.19442196 -0.01170967
v -0.46472046 -0.19594166 -0.02439032
v -0.46615621 -0.19425444 -0.01170906
v -0.46843347 0.06426094 -0.01033816
v -0.47037059 0.06526908 -0.00730659
v -0.46521121 -0.18378389 0.00427581
v -0.46462652 -0.19368543 0.0086733
v -0.46445861 -0.19088086 0.00956867
v -0.46428022 0.23245469 0.01237286
v -0.46729094 0.23235528 0.00702834
v -0.46575198 0.23223172 0.00529637
v -0.46322682 0.23090971 0.00667068
v -0.46853349 0.06384831 0.00497599
v -0.46853349 0.06384831 0.00497599
v -0.46865037 0.02475929 0.00454277
v -0.46506166 -0.1840874 0.01215459
v -0.46467257 -0.18558539 0.0243863
v -0.46434283 -0.19441013 0.02411607
v -0.46482259 -0.19447827 0.01265029
v -0.46506166 -0.1840874 0.01215459
v -0.46601349 -0.18378264 0.01380596
v -0.46467257 -0.18558539 0.0243863
v -0.4640038 -0.19009477 0.05281691
v -0.46437645 -0.18783437 0.03934725
v -0.46582654 -0.18547563 0.02767043
v -0.46555796 -0.187428 0.0413574
v -0.46437645 -0.18783437 0.03934725
v -0.46457046 -0.19738074 0.03915581
v -0.46395978 -0.19439624 0.05262401
v -0.46414027 -0.18896827 0.05182708
v -0.46583709 -0.18884854 0.05431538
v -0.46414027 -0.18896827 0.05182708
v -0.46433461 -0.19937465 0.05099451
v -0.46457046 -0.19738074 0.03915581
v -0.46433461 -0.19937465 0.05099451
v -0.46498245 -0.19775386 0.03922637
v -0.4640038 -0.19009477 0.05281691
v -0.46555769 -0.18990906 0.06183489
v -0.4639999 -0.19130023 0.06422448
v -0.4639999 -0.19130023 0.06422448
v -0.46440259 -0.19743073 0.08056696
v -0.46468893 -0.20129682 0.06789767
v -0.4642491 -0.19321588 0.07756574
v -0.46432936 -0.19483739 0.07979316
v -0.46555027 -0.19327593 0.07912686
v -0.4642491 -0.19321588 0.07756574
v -0.46495467 -0.20264113 0.07563003
v -0.46555027 -0.19327593 0.07912686
v -0.46566033 -0.19729641 0.09468457
v -0.46408942 -0.20215192 0.09516807
v -0.46473604 -0.20307207 0.08771633
v -0.46495467 -0.20264113 0.07563003
v -0.46473604 -0.20307207 0.08771633
v -0.46507552 -0.2029088 0.07857111
v -0.46446925 -0.19713628 0.0925362
v -0.46425188 -0.19874097 0.09472848
v -0.4647184 -0.20441908 0.09269978
v -0.4637374 -0.20426483 0.10359008
v -0.46494934 -0.20797342 0.09698707
v -0.46399045 -0.20056663 0.10434292
v -0.46566033 -0.19729641 0.09468457
v -0.46430919 -0.2011347 0.10814341
v -0.46399045 -0.20056663 0.10434292
v -0.46350265 -0.21008523 0.10969201
v -0.46482518 -0.21009223 0.10215241
v -0.463642 -0.2028235 0.11042848
v -0.46430919 -0.2011347 0.10814341
v -0.46396205 -0.2123424 0.11158229
v -0.46319836 -0.20646204 0.11618735
v -0.46532878 -0.20185031 0.11101516
v -0.463642 -0.2028235 0.11042848
v -0.46333498 -0.20478281 0.12033131
v -0.46333498 -0.20478281 0.12033131
v -0.46349302 -0.21526022 0.1200437
v -0.46396205 -0.2123424 0.11158229
v -0.46349302 -0.21526022 0.1200437
v -0.46400481 -0.21387939 0.11547865
v -0.4654218 -0.20503224 0.1238518
v -0.46311778 -0.21412614 0.12264284
v -0.4632057 -0.20609888 0.12244185
v -0.4632057 -0.20609888 0.12244185
v -0.46282831 -0.20889226 0.13630146
v -0.46273464 -0.21039805 0.13349819
v -0.46282831 -0.20889226 0.13630146
v -0.46307939 -0.2173706 0.12753573
v -0.46483532 -0.20748581 0.13249174
v -0.4631677 -0.22125623 0.13562825
v -0.46329096 -0.21879406 0.1286578
v -0.46262076 -0.23863439 0.13365202
v -0.45896187 -0.24179666 0.13399683
v -0.46133038 -0.24224709 0.13340786
v -0.46283591 -0.21023929 0.13870952
v -0.46530092 -0.20940489 0.13993497
v -0.46283591 -0.21023929 0.13870952
v -0.46244788 -0.2145696 0.14919916
v -0.46264967 -0.22149585 0.14189601
v -0.46331799 -0.22287859 0.13701867
v -0.46272856 -0.22495092 0.14234841
v -0.46547356 -0.22869924 0.13892405
v -0.46541366 -0.22712846 0.1419051
v -0.46212181 -0.22725525 0.14185183
v -0.46491817 -0.21302724 0.15367855
v -0.4621135 -0.22452345 0.14689048
v -0.46291465 -0.21276243 0.15190451
v -0.46291465 -0.21276243 0.15190451
v -0.46272245 -0.21416558 0.15424955
v -0.46272245 -0.21416558 0.15424955
v -0.46172166 -0.22465609 0.15869436
v -0.46216103 -0.21832851 0.16387489
v -0.46307528 -0.21670116 0.1674677
v -0.46307528 -0.21670116 0.1674677
v -0.46166924 -0.22601111 0.17104886
v -0.46265146 -0.21842507 0.17026912
v -0.46214858 -0.22175249 0.1733159
v -0.46487457 -0.21716796 0.1699806
v -0.46265146 -0.21842507 0.17026912
v -0.46486756 -0.23411627 0.17000441
v -0.4667041 -0.23804504 0.1689845
v -0.46385992 -0.24595025 0.16952603
v -0.46495727 -0.24931809 0.17031181
v -0.46307385 -0.22010376 0.17841707
v -0.4657248 -0.2191118 0.17805475
v -0.46307385 -0.22010376 0.17841707
v -0.46146318 -0.23053806 0.17420457
v -0.46187726 -0.23253377 0.17414305
v -0.46650296 -0.25136411 0.17217514
v -0.46872258 -0.25487465 0.17284282
v -0.4942736 0.25263831 0.19089293
v -0.46161571 -0.23244108 0.17689259
v -0.46637389 -0.21997721 0.17936723
v -0.46637389 -0.21997721 0.17936723
v -0.46597371 -0.22209132 0.18003833
v -0.46330294 -0.22242688 0.17928655
v -0.46307385 -0.22010376 0.17841707
v -0.46330294 -0.22242688 0.17928655
v -0.46284547 -0.23250456 0.17976557
v -0.465094 -0.23269774 0.18053234
v -0.46284547 -0.23250456 0.17976557
v -0.4663246 -0.23251745 -0.18741572
v -0.47059488 -0.22151053 -0.1875993
v -0.46516281 -0.22092623 -0.18660964
v -0.47111434 -0.21631435 -0.18531196
v -0.46982247 -0.21564426 -0.18268776
v -0.46609345 -0.25265917 -0.17758624
v -0.46444526 -0.25410056 -0.17677072
v -0.46790543 -0.25386587 -0.17835064
v -0.47292677 -0.2520231 -0.17847587
v -0.47162992 -0.25149736 -0.17734586
v -0.47404119 -0.24983889 -0.17393754
v -0.46300465 -0.24759129 -0.17383757
v -0.4619588 -0.24945155 -0.17608126
v -0.46694887 -0.24293506 -0.17209454
v -0.468842 -0.24114616 -0.17048748
v -0.46601844 -0.24036469 -0.17111561
v -0.46488857 -0.24143504 -0.17246234
v -0.47333395 -0.24767894 -0.17089342
v -0.46322545 -0.24710993 -0.17249115
v -0.47042277 -0.2099534 -0.14765894
v -0.46670046 -0.22863731 -0.1507846
v -0.46845743 -0.23184486 -0.14603673
v -0.46984553 -0.23427263 -0.14355934
v -0.46926194 -0.23952498 -0.14014784
v -0.46998411 -0.25324956 -0.1385369
v -0.46732149 -0.24193786 -0.13708548
v -0.46901593 -0.24417074 -0.13627771
v -0.46907201 -0.2482522 -0.13709158
v -0.47464433 -0.20645246 -0.13311537
v -0.4690623 -0.19871797 -0.10103063
v -0.46899986 -0.19631509 -0.09198825
v -0.47031608 -0.19246358 -0.07560445
v -0.46918938 -0.20250137 -0.07413351
v -0.46392238 -0.18907154 -0.05447562
v -0.46800742 -0.18804856 -0.04868795
v -0.47857153 0.25282526 0.00676749
v -0.46888262 -0.1852825 -0.03195815
v -0.46832174 -0.18360992 -0.02222777
v -0.46487913 -0.18456119 -0.0209996
v -0.46875739 -0.18220267 -0.01860374
v -0.46772119 -0.18211159 -0.01484315
v -0.46759662 0.22859423 -0.01552965
v -0.46764043 0.22909278 -0.00847434
v -0.46883753 0.22764592 -0.01319938
v -0.46959582 0.22845557 -0.00903067
v -0.46962643 0.22577396 -0.01359325
v -0.46883753 0.22764592 -0.01319938
v -0.46959582 0.22845557 -0.00903067
v -0.47054499 0.06459305 -0.01111285
v -0.4676531 -0.18187198 0.00734866
v -0.46521121 -0.18378389 0.00427581
v -0.46961558 0.23229359 0.00531822
v -0.46982342 0.23004702 0.00397636
v -0.46736425 0.23092589 0.00359622
v -0.4706302 0.06505994 0.00202784
v -0.4707917 0.064064 0.00576412
v -0.4707917 0.064064 0.00576412
v -0.47098321 0.06099211 0.00666154
v -0.47092414 0.04568765 0.00632806
v -0.47082961 0.02765013 0.00606033
v -0.4707512 0.02422038 0.00529036
v -0.4676531 -0.18187198 0.00734866
v -0.46880016 -0.1822295 0.0103841
v -0.46506166 -0.1840874 0.01215459
v -0.46920043 -0.18324669 0.01367288
v -0.46995109 -0.1855495 0.03040467
v -0.46991956 -0.18712066 0.04153267
v -0.46954736 -0.1927163 0.07743786
v -0.46882668 -0.1965469 0.09304127
v -0.47012395 -0.19917728 0.10237501
v -0.46981114 -0.20192115 0.11236712
v -0.47179416 -0.20799817 0.13531603
v -0.47322962 -0.22987798 0.1395992
v -0.46930665 -0.22912176 0.14149877
v -0.46930665 -0.22912176 0.14149877
v -0.46737599 -0.23048748 0.14654703
v -0.4668121 -0.22771491 0.14636967
v -0.46541366 -0.22712846 0.1419051
v -0.46725646 -0.22992305 0.15043981
v -0.46708125 -0.22705634 0.15290877
v -0.46955273 -0.21307512 0.15426259
v -0.46812344 -0.22841208 0.15449329
v -0.46606377 -0.24843054 0.16911756
v -0.4699398 -0.24876916 0.16929287
v -0.47121531 -0.23391172 0.16990504
v -0.46956453 -0.25264022 0.17330553
v -0.47035336 -0.23271833 0.18094245
v -0.48116213 0.25229633 0.1926547
v -0.49103993 0.25160027 0.19349362
v -0.44994441 0.23424172 0.19338356
v -0.49105605 0.23434317 0.19338281
v -0.44592601 0.23389992 0.19265103
v -0.49191317 0.23782577 0.19347781
v -0.4805983 -0.21365906 -0.17009197
v -0.47063851 -0.22175641 -0.15764263
v -0.47376329 -0.22391243 -0.15974136
v -0.46959621 -0.22511053 -0.15855226
v -0.47080886 -0.22714823 -0.16011319
v -0.47585618 -0.22899267 -0.15916014
v -0.47017431 -0.22885141 -0.15772904
v -0.48165286 -0.21099713 -0.15412696
v -0.47394454 -0.23349635 -0.15410142
v -0.47029838 -0.23167749 -0.1543159
v -0.47408873 -0.23518848 -0.1500787
v -0.46950001 -0.23264377 -0.15029939
v -0.47384369 -0.23536801 -0.14526507
v -0.47362748 -0.2361614 -0.14293888
v -0.47491825 -0.23802763 -0.14059794
v -0.47361547 -0.24175733 -0.13760205
v -0.47670579 -0.25456098 -0.14100318
v -0.47538596 -0.2442621 -0.1373249
v -0.47465947 -0.25082171 -0.13821228
v -0.47508553 -0.20419051 -0.12444689
v -0.47551519 -0.2019341 -0.11471575
v -0.47448167 -0.19014539 -0.06385801
v -0.48619187 -0.18820955 -0.05042829
v -0.4741188 -0.18574791 -0.03617088
v -0.4730556 -0.18364564 -0.02397749
v -0.47166166 0.15243681 -0.02193253
v -0.47111076 0.15089066 -0.02141038
v -0.47134703 0.12861173 -0.02140507
v -0.47241417 -0.18232675 -0.02107985
v -0.47104892 0.2303884 -0.02263225
v -0.46979794 0.22882399 -0.01920354
v -0.47008929 0.22337463 -0.019477
v -0.47127736 0.22443295 -0.0226355
v -0.46990821 0.21099141 -0.01957208
v -0.47069395 0.20739403 -0.0224908
v -0.47040713 0.17829381 -0.01930102
v -0.47093302 0.18083158 -0.02181144
v -0.47029155 0.16490127 -0.01891854
v -0.47111076 0.15089066 -0.02141038
v -0.47034261 0.13803348 -0.01909709
v -0.47134703 0.12861173 -0.02140507
v -0.47034457 0.09459338 -0.01879309
v -0.47136116 0.08114403 -0.02091726
v -0.47104815 0.0613729 -0.01887575
v -0.47154477 0.06399133 -0.02103946
v -0.47127411 0.04446054 -0.02133117
v -0.47085297 0.03477321 -0.01818753
v -0.47125307 0.02746529 -0.02120161
v -0.47064093 0.02099596 -0.0186995
v -0.47112495 0.00707203 -0.02100091
v -0.47044933 -0.0126327 -0.01859407
v -0.47124821 -0.02084227 -0.02070434
v -0.47115508 -0.04600138 -0.02073902
v -0.47024053 -0.09983575 -0.01829262
v -0.47112632 -0.091235 -0.02022079
v -0.47078043 -0.13018073 -0.02046246
v -0.46972486 -0.15340769 -0.0189697
v -0.47044232 -0.1600641 -0.02103177
v -0.46935484 -0.16853933 -0.01872029
v -0.46888033 -0.17568129 -0.01856806
v -0.46999344 -0.17674409 -0.02039389
v -0.46948886 -0.18002608 -0.01877483
v -0.47241417 -0.18232675 -0.02107985
v -0.4715175 -0.1805701 -0.02044015
v -0.46875739 -0.18220267 -0.01860374
v -0.46986297 0.21985872 -0.01511344
v -0.46982524 0.20408508 -0.01512732
v -0.47003126 0.18435971 -0.01501129
v -0.4702242 0.11463515 -0.01526313
v -0.4702352 0.08704861 -0.01500842
v -0.47051379 0.06738919 -0.0131633
v -0.47054499 0.06459305 -0.01111285
v -0.47092232 0.05804522 -0.01400415
v -0.47087339 0.03184727 -0.01338431
v -0.47056875 0.02477547 -0.01020625
v -0.47031856 0.01434117 -0.01256602
v -0.47017154 -0.01502897 -0.01493577
v -0.47000799 -0.05854807 -0.01418495
v -0.46999913 -0.09220706 -0.01485596
v -0.46982989 -0.12646471 -0.01554271
v -0.46828002 -0.17969482 -0.01484682
v -0.46772119 -0.18211159 -0.01484315
v -0.46875739 -0.18220267 -0.01860374
v -0.47012463 0.22005036 -0.00590391
v -0.46996745 0.19522634 -0.00674097
v -0.47069305 0.06115844 -0.01214953
v -0.47065455 0.03612613 -0.01076693
v -0.47070307 0.02309047 -0.004864
v -0.46955875 -0.1577431 -0.00571197
v -0.46933234 -0.16853039 -0.00872607
v -0.46835533 -0.1795826 -0.00567179
v -0.470249 0.17560838 0.00043212
v -0.47035104 0.14467128 -0.00030198
v -0.47019267 0.10610303 0.00112373
v -0.47018474 0.0817365 -7.01E-05
v -0.47037059 0.06526908 -0.00730659
v -0.46999085 -0.02144533 0.00188335
v -0.46989825 -0.07013261 0.00253503
v -0.46974039 -0.1272818 -0.00434934
v -0.4676531 -0.18187198 0.00734866
v -0.46968406 0.22838108 -0.00092518
v -0.47016734 0.2200094 0.00041818
v -0.46983659 0.20057276 0.00095275
v -0.47025526 0.17337301 0.00755589
v -0.47040629 0.06532845 -0.00217997
v -0.4702678 0.00843921 0.00738061
v -0.46965241 -0.11663371 0.00299657
v -0.46897647 -0.1697455 0.00726466
v -0.46982342 0.23004702 0.00397636
v -0.47038639 0.22518192 0.00608138
v -0.47027922 0.21529119 0.00539723
v -0.4706302 0.06505994 0.00202784
v -0.46931091 -0.1524666 0.00456591
v -0.46820527 -0.17949133 0.00718288
v -0.47097379 0.21871758 0.01133422
v -0.46965572 0.20140848 0.00764908
v -0.46956515 0.18768589 0.01081147
v -0.47050884 0.14577104 0.00694751
v -0.47029927 0.08497764 0.00681066
v -0.4707917 0.064064 0.00576412
v -0.47071666 0.02344821 0.00244043
v -0.47008678 -0.05579173 0.00729221
v -0.46985427 -0.09599393 0.00725431
v -0.46958366 -0.13046332 0.00708488
v -0.46961558 0.23229359 0.00531822
v -0.47077617 0.23265196 0.01363522
v -0.47090968 0.22985464 0.01114971
v -0.46964711 0.19859053 0.01126661
v -0.47040218 0.1750793 0.01130174
v -0.47071332 0.15132585 0.01090075
v -0.47067314 0.12226345 0.01057567
v -0.4705416 0.0899689 0.01043171
v -0.47102693 0.07298566 0.01025087
v -0.47157079 0.06732529 0.01152583
v -0.47098321 0.06099211 0.00666154
v -0.47206074 0.05873885 0.00991378
v -0.4715687 0.04254235 0.00751109
v -0.47092414 0.04568765 0.00632806
v -0.47197571 0.04341535 0.00930555
v -0.47082961 0.02765013 0.00606033
v -0.47196397 0.03291132 0.01133728
v -0.4707512 0.02422038 0.00529036
v -0.47057283 0.01134627 0.01025907
v -0.47064137 -0.01428664 0.01039592
v -0.47067979 -0.06839485 0.01015272
v -0.4704951 -0.13169704 0.00965885
v -0.47025737 -0.15271914 0.00964776
v -0.4714289 -0.14660524 0.01058788
v -0.46967369 -0.17926693 0.00993251
v -0.47025737 -0.15271914 0.00964776
v -0.4714289 -0.14660524 0.01058788
v -0.47097629 -0.17438346 0.01089469
v -0.46967369 -0.17926693 0.00993251
v -0.47329715 -0.17919201 0.01136065
v -0.46880016 -0.1822295 0.0103841
v -0.47279426 -0.18195039 0.01128731
v -0.46880016 -0.1822295 0.0103841
v -0.47189191 0.23017989 0.01330568
v -0.47077617 0.23265196 0.01363522
v -0.47490013 0.23277843 0.01452195
v -0.47189191 0.23017989 0.01330568
v -0.47159606 0.21891999 0.01327864
v -0.47360432 0.21803688 0.01373677
v -0.47159606 0.21891999 0.01327864
v -0.47050804 0.20014296 0.01338815
v -0.47050804 0.20014296 0.01338815
v -0.47295922 0.19631617 0.01431323
v -0.47081968 0.18075952 0.01355028
v -0.47081968 0.18075952 0.01355028
v -0.47335795 0.17087507 0.01473288
v -0.47138086 0.16389951 0.01362365
v -0.47138086 0.16389951 0.01362365
v -0.47188914 0.16397594 0.0142126
v -0.47154269 0.12031369 0.01304404
v -0.47144821 0.08331619 0.01250712
v -0.4724409 0.09576164 0.01383793
v -0.4724409 0.09576164 0.01383793
v -0.47467381 0.06862891 0.01454493
v -0.47144821 0.08331619 0.01250712
v -0.47467381 0.06862891 0.01454493
v -0.47383717 0.06255592 0.01305026
v -0.47368705 0.03850332 0.01298191
v -0.4727602 0.02507105 0.01372181
v -0.47154737 0.02196129 0.01194949
v -0.47344181 0.01667397 0.01392731
v -0.47118649 0.00942865 0.01228222
v -0.47137466 -0.01912736 0.01199797
v -0.47118649 0.00942865 0.01228222
v -0.47344181 0.01667397 0.01392731
v -0.47137466 -0.01912736 0.01199797
v -0.47324923 -0.01801843 0.01315865
v -0.47323486 -0.05095821 0.01295774
v -0.47143364 -0.05051022 0.01186039
v -0.47143364 -0.05051022 0.01186039
v -0.47149697 -0.07463717 0.01129815
v -0.47149697 -0.07463717 0.01129815
v -0.47324008 -0.09295039 0.01194628
v -0.47142419 -0.11066332 0.01086593
v -0.47142419 -0.11066332 0.01086593
v -0.47315392 -0.13272564 0.01157642
v -0.47279426 -0.18195039 0.01128731
v -0.47446865 -0.1827369 0.01332253
v -0.47188914 0.16397594 0.0142126
v -0.47200456 0.13895787 0.01426444
v -0.47334364 0.1495878 0.01500232
v -0.47200456 0.13895787 0.01426444
v -0.47349656 0.12234567 0.01481612
v -0.47608978 -0.18339816 0.01652948
v -0.48169953 0.25275034 0.08454874
v -0.47860381 -0.23380239 0.13640134
v -0.47456893 -0.23109348 0.13847567
v -0.46930665 -0.22912176 0.14149877
v -0.47322962 -0.22987798 0.1395992
v -0.47463313 -0.23196146 0.13964196
v -0.46992171 -0.2321433 0.14180039
v -0.48340213 -0.21745259 0.17232324
v -0.47498915 -0.23760326 0.16955869
v -0.47246999 -0.24636838 0.16977485
v -0.47320485 -0.24942927 0.17063487
v -0.47070307 -0.25389755 0.1740824
v -0.4796966 -0.21974631 0.17958547
v -0.4796966 -0.21974631 0.17958547
v -0.47719932 -0.22165896 0.18035926
v -0.49206227 0.23380111 0.19266617
v -0.48702711 -0.22165446 -0.18820968
v -0.47521842 -0.21872555 -0.18715261
v -0.48173329 -0.21632878 -0.18565492
v -0.48190367 -0.2156563 -0.1831546
v -0.48078328 -0.25332719 -0.17830986
v -0.47926578 -0.25196302 -0.17792845
v -0.47866136 -0.25002569 -0.17413042
v -0.47864172 -0.24761689 -0.17107217
v -0.48267451 -0.22584365 -0.16175139
v -0.48328668 -0.22886278 -0.16151503
v -0.47080886 -0.22714823 -0.16011319
v -0.47808656 -0.22276309 -0.15941259
v -0.48328668 -0.22886278 -0.16151503
v -0.48407039 -0.23110867 -0.1590562
v -0.47150081 -0.25345957 -0.161348
v -0.47368866 -0.25401893 -0.15859422
v -0.47134259 -0.25391054 -0.16338553
v -0.47874475 -0.23407219 -0.15418293
v -0.47874933 -0.2353404 -0.15013114
v -0.47833294 -0.23545715 -0.14592889
v -0.48166189 -0.20886274 -0.14368176
v -0.47762525 -0.24145417 -0.13797529
v -0.47703847 -0.25204235 -0.13943601
v -0.47849184 -0.24609625 -0.13824151
v -0.49173498 -0.19746533 -0.09762619
v -0.48705408 -0.20696923 -0.09169249
v -0.4869349 -0.19296549 -0.07854715
v -0.48686171 -0.19072877 -0.06751379
v -0.47643757 0.23275985 -0.02536461
v -0.47394788 0.23196419 -0.02406416
v -0.47648406 0.2302876 -0.02445615
v -0.47288486 0.22219117 -0.02409997
v -0.47216171 0.20794974 -0.02368871
v -0.47241956 0.19315803 -0.02306923
v -0.47419983 0.1799826 -0.02307389
v -0.47182882 0.17302381 -0.02231323
v -0.47332624 0.15375499 -0.0225157
v -0.47338212 0.13121003 -0.02246282
v -0.47382089 0.09262531 -0.02244445
v -0.47235778 0.07456966 -0.021497
v -0.47468293 0.06532655 -0.02221989
v -0.47546458 0.02751509 -0.02229033
v -0.47320539 0.03096215 -0.02195672
v -0.47246972 -9.078E-05 -0.02167668
v -0.47403678 -0.00709683 -0.02215728
v -0.472599 -0.04134102 -0.02163364
v -0.47418886 -0.04292922 -0.02211426
v -0.47315279 -0.08086387 -0.02136014
v -0.47459373 -0.07939076 -0.02181511
v -0.47816983 -0.18240741 -0.02179594
v -0.48624784 -0.19449157 -0.01189872
v -0.48410925 -0.19519807 -0.01903791
v -0.47722554 -0.17897744 0.01189061
v -0.47977585 -0.18189257 0.01187139
v -0.482658 0.23050249 0.01420103
v -0.48314106 0.22263776 0.01437082
v -0.47778496 0.2102613 0.01443862
v -0.47668695 0.17199284 0.01517593
v -0.47393754 0.05241793 0.0126571
v -0.47567451 0.05504781 0.01455137
v -0.47524458 0.04003858 0.01470264
v -0.4749656 0.01874267 0.01456549
v -0.47679278 0.00985252 0.01438224
v -0.47677138 -0.01455559 0.01387806
v -0.47678298 -0.04820847 0.01373935
v -0.47702315 -0.09164023 0.01287357
v -0.47701105 -0.1311955 0.01259763
v -0.4767701 -0.16319792 0.01247723
v -0.47278106 -0.17394431 0.01154254
v -0.47678545 -0.17449877 0.01229923
v -0.47977585 -0.18189257 0.01187139
v -0.47700003 0.16102366 0.01536162
v -0.47685671 0.14723706 0.01567954
v -0.4770337 0.12387247 0.0157127
v -0.47411555 0.09088456 0.01481923
v -0.47732091 0.09054031 0.01574327
v -0.47773913 0.07576273 0.0154943
v -0.47827783 0.0569928 0.01518815
v -0.47438323 0.03023986 0.01473221
v -0.47524458 0.04003858 0.01470264
v -0.47748172 0.02917673 0.01524069
v -0.47438323 0.03023986 0.01473221
v -0.4727602 0.02507105 0.01372181
v -0.4800075 -0.18507975 0.02850714
v -0.49420968 -0.18973947 0.05881022
v -0.49184614 -0.1906742 0.06479242
v -0.48425534 -0.19601978 0.09062142
v -0.4915019 -0.20161399 0.11196601
v -0.49181074 -0.20513201 0.12561689
v -0.48289475 -0.23340698 0.13850912
v -0.48289475 -0.23340698 0.13850912
v -0.47456893 -0.23109348 0.13847567
v -0.48289475 -0.23340698 0.13850912
v -0.48594636 -0.23378712 0.16988064
v -0.47897798 -0.2460123 0.16993968
v -0.48227498 -0.24927084 0.17078589
v -0.48251206 -0.252327 0.17331049
v -0.48032442 -0.25371951 0.17425853
v -0.4791649 -0.23275402 0.18086696
v -0.48715678 -0.21960939 -0.18751618
v -0.48317987 -0.25063309 -0.17648816
v -0.48371059 -0.2470603 -0.17181945
v -0.48063356 -0.25328401 -0.16083796
v -0.48276168 -0.25374451 -0.1646245
v -0.47865537 -0.25387624 -0.16307631
v -0.48367345 -0.23312375 -0.15447797
v -0.48391658 -0.23439306 -0.14796874
v -0.48288569 -0.23569916 -0.14253911
v -0.48186183 -0.23822294 -0.13978815
v -0.48328933 -0.24760631 -0.14131512
v -0.48025373 -0.25416425 -0.14182812
v -0.4916715 -0.2077453 -0.13819575
v -0.48381206 -0.2416289 -0.1381772
v -0.48179549 -0.24345838 -0.1382533
v -0.49150667 -0.20529038 -0.12868389
v -0.49287894 -0.204271 -0.12540296
v -0.49173301 -0.20151301 -0.11337553
v -0.49911198 0.25277919 -0.08812026
v -0.49426165 -0.18899685 -0.0566717
v -0.48636851 -0.18333267 -0.02399184
v -0.48579067 -0.17992833 0.01191814
v -0.48697823 0.23300464 0.01475853
v -0.48011127 0.18641895 0.01506778
v -0.48073885 0.16740179 0.01531524
v -0.48141903 0.01231062 0.014757
v -0.48595172 0.00395702 0.01444392
v -0.48523185 -0.01198153 0.01409473
v -0.48550248 -0.04509834 0.01401004
v -0.48194292 -0.08341266 0.01326892
v -0.48158461 -0.12520321 0.01281274
v -0.48190168 -0.14548811 0.01291592
v -0.48177421 -0.16685636 0.0127039
v -0.48261911 -0.1764529 0.01246014
v -0.49454254 -0.18270174 0.01318173
v -0.48226786 0.14828229 0.01538587
v -0.48113853 0.10495993 0.01557003
v -0.48181015 0.08266576 0.01591629
v -0.48243764 0.06688746 0.0160315
v -0.48312005 0.0422939 0.01581081
v -0.47567451 0.05504781 0.01455137
v -0.48233041 0.02532972 0.01564042
v -0.49413684 -0.18855231 0.05010343
v -0.49183524 -0.19342829 0.07936028
v -0.49193293 -0.19736549 0.09529474
v -0.49151227 -0.20720628 0.13269813
v -0.49146938 -0.20921704 0.14001827
v -0.49163443 -0.21133235 0.14750837
v -0.49149615 -0.21342972 0.15577251
v -0.48582295 -0.2375368 0.16935547
v -0.48688954 -0.24147721 0.16961335
v -0.4858523 -0.24672064 0.1696229
v -0.49114636 -0.21885332 0.177388
v -0.49047855 -0.22177501 0.17986187
v -0.48985267 -0.21653377 -0.18494107
v -0.48173329 -0.21632878 -0.18565492
v -0.48985267 -0.21653377 -0.18494107
v -0.48825762 -0.21502514 -0.17706048
v -0.48435441 -0.23375745 -0.18219797
v -0.48188338 -0.23414835 -0.17217989
v -0.48585695 -0.23511425 -0.17494406
v -0.48760095 -0.24868591 -0.17565955
v -0.48747212 -0.2469192 -0.17438756
v -0.49099004 -0.21302968 -0.1648681
v -0.48267648 -0.23608831 -0.17140007
v -0.48609057 -0.24629807 -0.172635
v -0.48644909 -0.22702242 -0.16120623
v -0.48792878 -0.22945805 -0.16133912
v -0.487995 -0.231554 -0.16095617
v -0.49099785 -0.21151976 -0.15645722
v -0.48609388 -0.22321257 -0.15666693
v -0.48761824 -0.22577681 -0.15800561
v -0.48378128 -0.22308449 -0.15845777
v -0.48278007 -0.25374368 -0.1583062
v -0.487995 -0.231554 -0.16095617
v -0.48827806 -0.23389561 -0.15456103
v -0.4873842 -0.23428698 -0.14931682
v -0.49149632 -0.2093861 -0.14578861
v -0.48582137 -0.23536399 -0.14467821
v -0.48283792 -0.25239512 -0.14292012
v -0.48621252 -0.24721891 -0.14448059
v -0.48502469 -0.25394359 -0.14569618
v -0.48283792 -0.25239512 -0.14292012
v -0.48502469 -0.25394359 -0.14569618
v -0.48192021 -0.25469512 -0.14396378
v -0.49210563 0.25281638 -0.12530622
v -0.48720092 -0.23796901 -0.14143308
v -0.48518279 -0.2401848 -0.13939878
v -0.48512611 -0.24365701 -0.14037003
v -0.49351662 -0.20581791 -0.0866199
v -0.49438077 -0.18523045 -0.0341354
v -0.48795632 0.22990045 0.01405315
v -0.48801491 0.21526708 0.01465967
v -0.48751664 0.19490629 0.015029
v -0.48710206 0.17675458 0.01501797
v -0.49170843 0.17192264 0.01463178
v -0.48683581 0.01515603 0.01498793
v -0.48656669 -0.08938571 0.01320061
v -0.4869037 -0.12986039 0.01291177
v -0.48699278 -0.15343897 0.01302372
v -0.48713425 -0.17485589 0.01258417
v -0.48474661 0.09960528 0.01519673
v -0.48677 0.07433587 0.01555281
v -0.48700261 0.05654531 0.01575067
v -0.48691794 0.02570315 0.0155838
v -0.49436274 -0.18374413 0.01788229
v -0.49445137 -0.18575738 0.0320566
v -0.49354112 -0.20091116 0.10859136
v -0.48674986 -0.23989248 0.13691963
v -0.48843545 -0.23743238 0.13942005
v -0.48399177 -0.23530708 0.13732783
v -0.48625627 -0.23404916 0.13968405
v -0.48722827 -0.23284277 0.14308108
v -0.48393089 -0.22135301 0.15099591
v -0.48243627 -0.22164263 0.15435608
v -0.48383555 -0.22408788 0.15545204
v -0.48779139 -0.22943632 0.15514584
v -0.48640847 -0.2287434 0.15816614
v -0.49172246 -0.21698914 0.16992331
v -0.48602974 -0.24787432 0.16958717
v -0.48775181 -0.25243223 0.17238227
v -0.48369539 -0.25462994 0.17276095
v -0.49267027 -0.21986498 0.17884751
v -0.49267027 -0.21986498 0.17884751
v -0.49075842 -0.23294047 0.18010905
v -0.48978314 -0.22015814 -0.18705024
v -0.49091506 -0.21915254 -0.1854526
v -0.4908995 -0.21549472 -0.17696908
v -0.48787433 -0.23567189 -0.17825603
v -0.48721483 -0.23440273 -0.18354924
v -0.48933423 -0.24673116 -0.17531039
v -0.49100667 -0.24362203 -0.17361191
v -0.48822108 -0.24119841 -0.17242315
v -0.49094933 -0.24084757 -0.1721749
v -0.49115962 -0.23081326 -0.16180177
v -0.49090084 -0.2334525 -0.1629205
v -0.48761824 -0.22577681 -0.15800561
v -0.49097764 -0.22870041 -0.15810688
v -0.49012661 -0.22631596 -0.15428375
v -0.49097764 -0.22870041 -0.15810688
v -0.49090084 -0.2334525 -0.1629205
v -0.4904266 -0.23488493 -0.1587697
v -0.49000204 -0.23596959 -0.15259889
v -0.48717245 -0.22278839 -0.15015537
v -0.49057204 -0.2491083 -0.15025885
v -0.48821473 -0.25384924 -0.14982384
v -0.48821473 -0.25384924 -0.14982384
v -0.48600626 -0.2543692 -0.14785972
v -0.48966968 -0.23758425 -0.14768103
v -0.48720092 -0.23796901 -0.14143308
v -0.48782465 -0.24149857 -0.14128144
v -0.48518279 -0.2401848 -0.13939878
v -0.48512611 -0.24365701 -0.14037003
v -0.49320546 -0.21741433 -0.1249799
v -0.49302486 -0.21837376 -0.12720492
v -0.48740605 -0.21856229 -0.13026977
v -0.4932864 -0.20110774 -0.11184316
v -0.49210912 -0.1939396 -0.08312908
v -0.49387681 -0.19336918 -0.08092134
v -0.49194127 -0.19024137 -0.06535301
v -0.49405697 -0.18834534 -0.05011123
v -0.49194637 -0.18680432 -0.04351057
v -0.49460226 -0.18306111 -0.02395972
v -0.49911198 0.25277919 -0.08812026
v -0.49211431 0.25275141 0.00902928
v -0.47857153 0.25282526 0.00676749
v -0.49468175 -0.18203558 -0.02162424
v -0.49178031 -0.17835638 0.01167173
v -0.49462318 -0.18185653 0.01121328
v -0.49235556 0.23290572 0.01324928
v -0.49205312 0.23060216 0.01319729
v -0.49151519 0.21412909 0.01425561
v -0.49149626 0.19226375 0.01475693
v -0.49149239 0.12913235 0.01444733
v -0.49164146 0.09965497 0.01448711
v -0.49113408 0.07890207 0.0147518
v -0.4913747 0.01604588 0.01463618
v -0.49159065 -0.01290253 0.01393234
v -0.49162328 -0.0524198 0.01370539
v -0.49150515 -0.08894925 0.01295402
v -0.49149016 -0.12642445 0.01271071
v -0.49152443 -0.14671107 0.01276559
v -0.49165088 -0.16860975 0.01238183
v -0.49462318 -0.18185653 0.01121328
v -0.49290299 0.06957435 0.01449066
v -0.49288243 0.05343296 0.01414621
v -0.49094191 0.04040545 0.0148274
v -0.49297124 0.02154217 0.01442187
v -0.48169953 0.25275034 0.08454874
v -0.49211431 0.25275141 0.00902928
v -0.48843545 -0.23743238 0.13942005
v -0.49115691 -0.23972745 0.1421117
v -0.48860201 -0.23531659 0.14134629
v -0.48999274 -0.23429097 0.14718594
v -0.49182472 -0.23535609 0.15200612
v -0.48823681 -0.2319884 0.15140103
v -0.48777869 -0.2252069 0.15127534
v -0.48633248 -0.22745027 0.1577511
v -0.48779139 -0.22943632 0.15514584
v -0.48957869 -0.22768001 0.15322779
v -0.49132481 -0.23338388 0.15600671
v -0.48889956 -0.23182464 0.15478033
v -0.48640847 -0.2287434 0.15816614
v -0.49169698 -0.23447956 0.16909777
v -0.49235418 -0.23753062 0.16847923
v -0.49381155 -0.2457823 0.16938607
v -0.49137536 -0.24879968 0.17030136
v -0.49272418 -0.24987623 0.17016788
v -0.49055058 -0.25388065 0.17046638
v -0.4996776 0.2522665 0.19322093
v -0.49073568 -0.22606367 -0.18689255
v -0.49915275 0.25283071 -0.17769685
v -0.49128813 -0.23548289 -0.16856048
v -0.49215749 -0.23631924 -0.17412232
v -0.49123356 -0.23784132 -0.17138022
v -0.49214488 -0.24376521 -0.17298324
v -0.49297202 -0.24197473 -0.17086814
v -0.49094933 -0.24084757 -0.1721749
v -0.49214488 -0.24376521 -0.17298324
v -0.49240145 -0.21436629 -0.16557541
v -0.49232799 -0.23919602 -0.16953549
v -0.4914999 -0.23834829 -0.16470627
v -0.49323317 -0.24127589 -0.16740468
v -0.49115962 -0.23081326 -0.16180177
v -0.49244496 -0.22972025 -0.16135438
v -0.49240595 -0.23193879 -0.16444512
v -0.49090084 -0.2334525 -0.1629205
v -0.49354753 -0.24021007 -0.16344652
v -0.49236861 -0.21262456 -0.16034877
v -0.49402115 -0.23923169 -0.15966207
v -0.4904266 -0.23488493 -0.1587697
v -0.49296778 -0.21039048 -0.14637016
v -0.49239692 -0.22652057 -0.15166038
v -0.49324861 -0.23991135 -0.1559159
v -0.49000204 -0.23596959 -0.15259889
v -0.49034458 -0.25137231 -0.15170753
v -0.49120677 -0.25332147 -0.15564837
v -0.49176699 -0.23910838 -0.14866202
v -0.49176699 -0.23910838 -0.14866202
v -0.49019346 -0.23990241 -0.1465819
v -0.49019346 -0.23990241 -0.1465819
v -0.49176899 -0.24322605 -0.14881682
v -0.48916698 -0.24360734 -0.14605525
v -0.49322495 -0.20896979 -0.14349368
v -0.49325877 -0.20753443 -0.13466924
v -0.4891879 -0.22202589 -0.14317589
v -0.49254552 -0.22151336 -0.13669194
v -0.49126273 -0.22351162 -0.14506929
v -0.49342144 -0.20590609 -0.12662522
v -0.49341372 -0.20242813 -0.1146345
v -0.4937619 -0.19858423 -0.0989196
v -0.49392846 -0.19714403 -0.0963885
v -0.49396297 -0.19466123 -0.08329364
v -0.494322 -0.19280265 -0.07566852
v -0.4910517 -0.20281121 -0.07471255
v -0.49154028 -0.20214731 -0.07064151
v -0.49396124 -0.20198458 -0.0707971
v -0.49486974 -0.18884057 -0.0505676
v -0.49921376 0.25282112 0.00948533
v -0.49147677 0.23005886 -0.02399945
v -0.49369803 0.22856289 -0.02365134
v -0.49462199 0.2301929 -0.02262555
v -0.49613696 0.23306648 0.0108094
v -0.4958967 0.23037215 0.01083444
v -0.49543524 -0.17808132 0.01042778
v -0.49454242 0.22844066 0.01249868
v -0.49427605 0.2170848 0.01277141
v -0.49458313 0.1966043 0.01279273
v -0.49440947 0.18730129 0.01345076
v -0.49465865 0.1679554 0.01360574
v -0.49462879 0.12833627 0.01339176
v -0.49478236 0.08536662 0.0135591
v -0.49448147 0.0741663 0.01339902
v -0.4943912 0.01713607 0.01312204
v -0.49458873 0.00219553 0.01324144
v -0.49441105 -0.01469664 0.01290243
v -0.49458703 -0.05401763 0.01265599
v -0.49485412 -0.08005939 0.01196111
v -0.49463585 -0.12644279 0.01161493
v -0.49451625 -0.17233428 0.01138918
v -0.49307168 0.02985646 0.01421748
v -0.49907658 0.25268975 0.08825231
v -0.49449924 -0.19190079 0.06852596
v -0.49399942 -0.1932136 0.07784035
v -0.49430323 -0.19474089 0.08107872
v -0.49393192 -0.19698481 0.09299032
v -0.49420154 -0.19840707 0.09491694
v -0.49388954 -0.19941619 0.10092774
v -0.4935551 -0.20211974 0.11156656
v -0.49321628 -0.20484665 0.12449756
v -0.49333239 -0.20664456 0.12782547
v -0.49320692 -0.2086976 0.13749701
v -0.49333903 -0.21015497 0.13951159
v -0.48938388 -0.22172134 0.13852614
v -0.49122971 -0.22306985 0.14156975
v -0.49124026 -0.22142702 0.13558125
v -0.4990682 0.25271288 0.17995431
v -0.49349684 -0.2128735 0.15255158
v -0.49329609 -0.21368134 0.15477502
v -0.49332771 -0.21685103 0.16846709
v -0.49282795 -0.2340239 0.16324241
v -0.49377638 -0.23738043 0.16606642
v -0.49235418 -0.23753062 0.16847923
v -0.49271274 -0.23316757 0.16645755
v -0.49495322 -0.2392644 0.16852161
v -0.49495322 -0.2392644 0.16852161
v -0.49242619 -0.23361081 0.1795978
v -0.49857381 0.2517347 0.19370992
v -0.4986918 0.2341411 0.19364774
v -0.49297202 -0.24197473 -0.17086814
v -0.49476698 -0.24322896 -0.16953725
v -0.49323317 -0.24127589 -0.16740468
v -0.49476698 -0.24322896 -0.16953725
v -0.49397969 -0.24468622 -0.16780137
v -0.49534845 -0.24199088 -0.16225141
v -0.49508202 -0.24163055 -0.15831663
v -0.49358016 -0.24337816 -0.15643409
v -0.494322 -0.19280265 -0.07566852
v -0.49486974 -0.18884057 -0.0505676
v -0.49426165 -0.18899685 -0.0566717
v -0.49507222 -0.18686374 -0.03484832
v -0.49438077 -0.18523045 -0.0341354
v -0.49557447 -0.1830276 -0.02161326
v -0.49912477 0.23546806 -0.01807083
v -0.49895236 0.2338786 -0.02549136
v -0.49691135 0.23354545 -0.0191423
v -0.49690184 0.23463441 -0.01406567
v -0.49608979 0.047724 -0.01405013
v -0.49609417 0.04576673 -0.01955507
v -0.49595398 0.03878095 -0.01469556
v -0.49611917 0.03616309 -0.01864187
v -0.49468175 -0.18203558 -0.02162424
v -0.49557447 -0.1830276 -0.02161326
v -0.49591395 -0.17971419 -0.02065169
v -0.49666068 0.03579968 -0.01151166
v -0.49697629 0.2279429 -0.01912499
v -0.49716693 0.21969146 -0.01539714
v -0.4973065 0.22567785 -0.00873522
v -0.49692732 0.04798588 -0.01015575
v -0.49801296 0.04637833 -0.00904093
v -0.49705225 0.04807049 -0.00232219
v -0.49827623 0.04526913 -0.00525034
v -0.49677527 0.04083383 0.00067872
v -0.49808195 0.04180099 -0.00357163
v -0.49676615 0.03824167 -0.00881385
v -0.49705508 0.0334854 -0.00303265
v -0.4966343 0.03679252 -0.00331426
v -0.49795347 0.046177 -0.00098141
v -0.49705225 0.04807049 -0.00232219
v -0.49795347 0.046177 -0.00098141
v -0.49700072 0.04790176 0.0016658
v -0.49700072 0.04790176 0.0016658
v -0.49744233 0.04393387 0.00130673
v -0.49663341 0.04458866 0.00256803
v -0.49787736 0.22830863 0.0015891
v -0.49788898 0.22867149 0.00939102
v -0.49727505 0.23083447 0.00741653
v -0.4962205 0.04117347 0.00768209
v -0.4958967 0.23037215 0.01083444
v -0.49675736 0.2258371 0.01085602
v -0.49695158 0.21291718 0.00954232
v -0.49566725 0.20903453 0.01118133
v -0.49662924 0.19676942 0.01011469
v -0.49596238 0.06234219 0.01106642
v -0.49669051 0.06778527 0.00983814
v -0.49637753 0.05494089 0.00839857
v -0.49667588 -0.12609026 0.00958706
v -0.49667275 -0.17584364 0.00928983
v -0.49573141 -0.15807283 0.01068443
v -0.49579027 -0.13238925 0.01070571
v -0.49573141 -0.15807283 0.01068443
v -0.49667275 -0.17584364 0.00928983
v -0.4958607 -0.18279387 0.01047951
v -0.49566725 0.20903453 0.01118133
v -0.49613944 0.17182907 0.01235396
v -0.49629024 0.12062325 0.01187432
v -0.49637932 0.08595886 0.01217733
v -0.49637932 0.08595886 0.01217733
v -0.49596238 0.06234219 0.01106642
v -0.49448147 0.0741663 0.01339902
v -0.49307168 0.02985646 0.01421748
v -0.49570119 0.03139701 0.01080997
v -0.49581698 0.01674053 0.01155997
v -0.49297124 0.02154217 0.01442187
v -0.49297124 0.02154217 0.01442187
v -0.49581698 0.01674053 0.01155997
v -0.4943912 0.01713607 0.01312204
v -0.49458873 0.00219553 0.01324144
v -0.49574786 -0.00032635 0.0119274
v -0.49563342 -0.01514107 0.01164526
v -0.49563342 -0.01514107 0.01164526
v -0.49608472 -0.065853 0.01126068
v -0.49579027 -0.13238925 0.01070571
v -0.4958607 -0.18279387 0.01047951
v -0.49524006 -0.18548024 0.02636582
v -0.49507284 -0.18900003 0.04816635
v -0.49413684 -0.18855231 0.05010343
v -0.49449924 -0.19190079 0.06852596
v -0.49420968 -0.18973947 0.05881022
v -0.49449924 -0.19190079 0.06852596
v -0.49459869 -0.19456565 0.06827254
v -0.49430323 -0.19474089 0.08107872
v -0.49376687 -0.2376143 0.15964594
v -0.49478805 -0.23919608 0.16061984
v -0.49547955 -0.24137448 0.16849945
v -0.49560064 -0.24532697 0.16835368
v -0.49560064 -0.24532697 0.16835368
v -0.49453318 -0.24989764 0.16774534
v -0.49272418 -0.24987623 0.17016788
v -0.4996776 0.2522665 0.19322093
v 0.49589711 0.2452036 -0.18458183
v 0.49956661 0.25181431 -0.1842481
v 0.4993138 0.23670828 -0.18458371
v 0.49539068 0.23567797 -0.18445691
v 0.49909171 0.23411267 -0.18401161
v 0.49617383 0.23378076 -0.18264309
v 0.49909171 0.23411267 -0.18401161
v 0.4961659 0.23351209 -0.16838486
v 0.49923179 0.233732 -0.16754487
v 0.49909082 0.23384103 -0.13913241
v 0.49608976 0.23351516 -0.08925343
v 0.49608976 0.23351516 -0.08925343
v 0.49909082 0.23384103 -0.13913241
v 0.4990001 0.23364106 -0.04623123
v 0.4990001 0.23364106 -0.04623123
v 0.49604112 0.23322664 -0.03969827
v 0.49903381 0.23385242 -0.02511651
v 0.49615648 0.23335181 -0.0253743
v 0.49473748 0.19750905 -0.02305767
v 0.49473748 0.19750905 -0.02305767
v 0.49584556 0.19942522 -0.0227548
v 0.4952735 0.14690374 -0.02280064
v 0.49418908 0.13801244 -0.02306551
v 0.49409816 0.11415877 -0.0228886
v 0.4955686 0.05894811 -0.02259136
v 0.49410254 0.07723577 -0.02288409
v 0.4941543 0.04434969 -0.02290848
v 0.4961718 0.23283675 -0.02251601
v 0.49801371 0.23403887 -0.01846053
v 0.49611595 0.23298585 0.00882447
v 0.49611595 0.23298585 0.00882447
v 0.4987019 0.23392487 0.00672196
v 0.49897063 0.23390996 0.01254955
v 0.49444863 0.23369794 0.01196323
v 0.49593589 0.23335907 0.02031114
v 0.49608997 0.23325992 0.03768893
v 0.49895471 0.23362653 0.04046353
v 0.49909073 0.23397195 0.08441925
v 0.49602824 0.2336788 0.0912316
v 0.49903107 0.2338157 0.15694369
v 0.49607378 0.23353548 0.15911514
v 0.49608028 0.23363504 0.18038717
v 0.49916628 0.23407124 0.19361411
v 0.49543199 0.23394202 0.19295679
v 0.49204743 0.2335882 -0.09111106
v 0.49171269 0.23335245 -0.04798552
v 0.49608976 0.23351516 -0.08925343
v 0.49604112 0.23322664 -0.03969827
v 0.49171269 0.23335245 -0.04798552
v 0.49115425 -0.19516145 -0.0254117
v 0.49213022 0.23351033 -0.0278826
v 0.49213022 0.23351033 -0.0278826
v 0.49125448 0.23289435 -0.0248916
v 0.49030432 0.22565567 -0.02416589
v 0.49176943 0.20364085 -0.02341629
v 0.49190444 0.19180921 -0.02312133
v 0.49085122 0.05285529 -0.0228798
v 0.49070969 0.03444783 -0.02276923
v 0.49418718 -0.0453212 -0.02358941
v 0.49402773 -0.09577531 -0.02382537
v 0.48914981 -0.07282063 -0.0236291
v 0.49177712 -0.14590719 -0.02421138
v 0.49344715 -0.14817499 -0.02415569
v 0.49292934 -0.17189266 -0.02418129
v 0.49125448 0.23289435 -0.0248916
v 0.4961718 0.23283675 -0.02251601
v 0.48885879 0.23283325 0.00946196
v 0.49149004 0.2332903 0.02410778
v 0.49103591 -0.19488439 0.00386083
v 0.49066097 -0.19756408 0.03175978
v 0.49035129 -0.19682814 0.02297192
v 0.49192598 0.23357865 0.06084879
v 0.49156013 0.23369904 0.08455985
v 0.49039155 0.23362181 0.15405607
v 0.48660553 -0.21592347 -0.18737903
v 0.48723459 -0.21704778 -0.1875266
v 0.48597291 -0.22048178 -0.1898309
v 0.49947339 0.25263608 -0.1838821
v 0.48455241 0.25233567 -0.18406744
v 0.48575696 0.23364535 -0.18238951
v 0.48279402 0.23352247 -0.17225698
v 0.48786095 -0.21669073 -0.1639795
v 0.48471642 0.23354353 -0.12605432
v 0.48800927 -0.21573249 -0.15333655
v 0.48784688 -0.21445075 -0.14345691
v 0.48773277 -0.21250908 -0.138145
v 0.48629314 -0.21344139 -0.13720097
v 0.48762944 -0.21051316 -0.12824634
v 0.48797035 -0.20825094 -0.12263937
v 0.48604169 -0.21003412 -0.12420155
v 0.48733258 -0.20206232 -0.0836963
v 0.49007156 -0.19980733 -0.06868815
v 0.48348325 0.23321104 -0.02834631
v 0.48348325 0.23321104 -0.02834631
v 0.4882502 0.23020954 -0.02427025
v 0.4768998 0.13180587 -0.02284618
v 0.48365453 0.06179651 -0.02293873
v 0.48754236 -0.00304092 -0.02326777
v 0.4875403 -0.04394603 -0.02352028
v 0.4881824 -0.116008 -0.0238722
v 0.48861805 -0.16016428 -0.02418844
v 0.49207613 -0.17962709 -0.02450583
v 0.48397171 -0.17982747 -0.02443197
v 0.49160165 -0.18256535 -0.02537833
v 0.49150375 -0.1943343 -0.01311928
v 0.48812321 -0.19454451 -0.01875583
v 0.48818436 -0.19426592 -0.00655565
v 0.49133021 -0.19460195 0.00014381
v 0.48760635 0.23331493 0.01226979
v 0.48438057 -0.19948538 0.04988878
v 0.49041453 -0.19904801 0.04491381
v 0.4900192 -0.20032281 0.05672128
v 0.48733616 -0.202234 0.07146001
v 0.48991722 -0.20178618 0.07189888
v 0.48955262 -0.20246169 0.07257275
v 0.48937884 -0.20444652 0.08400644
v 0.48633134 -0.20258562 0.07445382
v 0.48890778 -0.20537691 0.08675114
v 0.489003 -0.20836334 0.09974098
v 0.48684001 -0.20634307 0.09116501
v 0.4888798 -0.20969872 0.10379556
v 0.4854036 -0.20981707 0.10413224
v 0.48865333 -0.21336341 0.11616077
v 0.48885173 -0.21462528 0.1209458
v 0.48731443 -0.21620065 0.12527233
v 0.48783857 -0.21805319 0.13211671
v 0.48783857 -0.21805319 0.13211671
v 0.48833862 -0.21986292 0.14209463
v 0.48676002 -0.21964824 0.13714015
v 0.48596293 -0.25241435 0.13793534
v 0.48823529 -0.25351873 0.14390224
v 0.48279023 -0.25318974 0.13557293
v 0.48707327 -0.22239093 0.14355895
v 0.4873018 -0.25384468 0.14531259
v 0.48848534 -0.22348344 0.14725713
v 0.4894475 -0.25329074 0.15326358
v 0.48685312 -0.25351772 0.15698063
v 0.48744175 -0.23456611 0.17056876
v 0.48472142 0.23354234 0.17643541
v 0.48744175 -0.23456611 0.17056876
v 0.48735562 -0.23277709 0.17631356
v 0.48659578 -0.23265818 0.17874977
v 0.48489046 0.23378949 0.19268002
v 0.47417575 0.23419315 0.19355667
v 0.48387492 -0.22428247 -0.19015205
v 0.48254147 -0.21579362 -0.18814935
v 0.48589757 -0.23233511 -0.18867914
v 0.48338819 0.24099667 -0.18412992
v 0.48254156 -0.23290275 -0.18932357
v 0.48589757 -0.23233511 -0.18867914
v 0.48384249 -0.233602 -0.18669513
v 0.48576844 -0.23219678 -0.18422672
v 0.4867636 -0.21874429 -0.17091492
v 0.48197362 -0.22321507 -0.17406806
v 0.48347011 -0.25460291 -0.15609211
v 0.48211753 -0.25443795 -0.14688662
v 0.48325616 -0.25100008 -0.14210318
v 0.48341212 -0.20929451 -0.11926026
v 0.45799226 0.23358232 -0.08622942
v 0.48138806 -0.20375335 -0.08889742
v 0.46899861 0.23342092 -0.06964789
v 0.47792521 -0.20199288 -0.07707857
v 0.47600329 -0.20063752 -0.06811534
v 0.47773242 -0.19914244 -0.05901772
v 0.4789345 0.23315853 -0.04263417
v 0.47791594 0.23021999 -0.02446727
v 0.46972942 0.21323974 -0.02338597
v 0.48065957 0.16649874 -0.0229314
v 0.47920647 0.08883198 -0.02276962
v 0.48222601 0.04021814 -0.02282654
v 0.48018238 0.02065454 -0.02292312
v 0.47290865 -0.14377305 -0.02404247
v 0.47287935 -0.17805804 -0.02438024
v 0.48396486 -0.1823792 -0.02510108
v 0.48103899 -0.1948057 -0.01844735
v 0.4808917 -0.19457306 -0.00761682
v 0.48046273 -0.19485936 0.00074347
v 0.47589067 0.23323271 0.01214201
v 0.47409591 0.23273712 0.00887736
v 0.47778884 0.23339616 0.0522551
v 0.47670358 0.23360986 0.10631232
v 0.4823783 -0.2121276 0.11214735
v 0.47781268 0.2336162 0.13201122
v 0.48289946 -0.24442488 0.13261464
v 0.48149759 -0.24812743 0.1327019
v 0.48379025 -0.22190464 0.1413506
v 0.48332745 -0.25112969 0.13410766
v 0.48447046 -0.2537882 0.14141788
v 0.48164043 -0.2268137 0.14951399
v 0.48842081 -0.22428796 0.15032497
v 0.48491925 -0.22708565 0.15134372
v 0.48031238 -0.25386253 0.15300484
v 0.4883019 -0.22613706 0.1546576
v 0.48727074 -0.23436679 0.16607998
v 0.48420733 -0.23446827 0.16993445
v 0.48434335 -0.23555827 0.16676408
v 0.48384354 -0.23348951 0.17480393
v 0.48348787 -0.23301449 0.1796723
v 0.46895263 0.23542449 -0.18406971
v 0.47989729 -0.23444697 -0.18645546
v 0.48384249 -0.233602 -0.18669513
v 0.48080695 -0.23425771 -0.1824178
v 0.4799518 -0.24394287 -0.1826957
v 0.4817102 -0.24524127 -0.18257377
v 0.48075464 -0.25074074 -0.17959931
v 0.47877967 -0.25275633 -0.17843942
v 0.48165265 -0.22154938 -0.16407137
v 0.479056 -0.25416633 -0.16515411
v 0.47802082 -0.25477722 -0.15025115
v 0.4793222 -0.2135665 -0.1330896
v 0.46633151 0.23357457 -0.12424789
v 0.4740285 -0.20532295 -0.09237693
v 0.4789345 0.23315853 -0.04263417
v 0.47173592 0.23285158 -0.03658553
v 0.47588813 0.22505692 -0.02410149
v 0.47269517 0.19693245 -0.02305003
v 0.47118157 0.0504003 -0.02277755
v 0.47091854 0.03416984 -0.02287938
v 0.47347265 -0.01760833 -0.02344494
v 0.47063959 -0.04712269 -0.02366219
v 0.47308612 -0.08131217 -0.02376585
v 0.47324529 -0.11976811 -0.02389517
v 0.47011071 -0.16302826 -0.02432954
v 0.48216665 -0.18170112 -0.02433404
v 0.4657779 -0.19556068 0.0081424
v 0.46702832 0.2329874 0.01405735
v 0.46925268 0.23312008 0.03211341
v 0.46592969 -0.19802858 0.03579066
v 0.47594428 -0.20261365 0.07375214
v 0.47605127 -0.20650476 0.09137895
v 0.47692037 -0.2181897 0.1299039
v 0.47760516 -0.24418789 0.13210273
v 0.48149759 -0.24812743 0.1327019
v 0.48332745 -0.25112969 0.13410766
v 0.47866282 -0.25317913 0.1338346
v 0.47866282 -0.25317913 0.1338346
v 0.47760826 -0.22225156 0.14154771
v 0.48004425 -0.22558537 0.14724065
v 0.48491925 -0.22708565 0.15134372
v 0.47839889 -0.25344682 0.1608742
v 0.47860774 -0.23541427 0.16750872
v 0.48195538 -0.25161454 0.16646844
v 0.47794074 -0.23352955 0.18022753
v 0.47386277 0.23364152 0.1906576
v 0.47594613 -0.23239636 -0.1903659
v 0.47288275 -0.23357779 -0.18955591
v 0.45998189 0.23415759 -0.18341845
v 0.45998189 0.23415759 -0.18341845
v 0.49909171 0.23411267 -0.18401161
v 0.48575696 0.23364535 -0.18238951
v 0.47608083 -0.23525335 -0.18309233
v 0.47622678 -0.23820549 -0.18159668
v 0.47608083 -0.23525335 -0.18309233
v 0.47013491 -0.25306877 -0.17939702
v 0.47877967 -0.25275633 -0.17843942
v 0.47013491 -0.25306877 -0.17939702
v 0.46744654 -0.25485396 -0.15803517
v 0.47605622 -0.22063304 -0.15034075
v 0.47394595 -0.25507388 -0.14616674
v 0.47216597 -0.21650143 -0.13999952
v 0.46565139 -0.21321836 -0.12533736
v 0.46284658 -0.20967105 -0.10901767
v 0.46737343 -0.20798799 -0.10350575
v 0.46729338 -0.20429461 -0.08384975
v 0.46553379 0.23314492 -0.0521671
v 0.47069991 0.13847971 -0.02265108
v 0.47082111 0.0840896 -0.02258256
v 0.4706932 0.01619563 -0.02271607
v 0.47337452 -0.18190613 -0.02394966
v 0.46586537 -0.19510777 -0.01839661
v 0.46512008 -0.19481234 -0.00460502
v 0.46147704 -0.19761638 0.03005197
v 0.46530056 -0.19966668 0.05247261
v 0.46482787 0.23355304 0.07317315
v 0.46567854 -0.21052164 0.1062404
v 0.47426164 -0.21583837 0.12232737
v 0.46991026 -0.2408921 0.13198352
v 0.47249356 -0.25167966 0.13319409
v 0.47249356 -0.25167966 0.13319409
v 0.47586641 -0.25331593 0.13456166
v 0.47276244 -0.21969077 0.13370952
v 0.47527757 -0.22509374 0.14633493
v 0.47527757 -0.22509374 0.14633493
v 0.47456396 -0.25341475 0.15725364
v 0.47050428 -0.23321536 0.17413813
v 0.46802041 -0.23238133 -0.1904384
v 0.46474981 -0.2160511 -0.18865401
v 0.46802041 -0.23238133 -0.1904384
v 0.45998189 0.23415759 -0.18341845
v 0.46064559 0.23379023 -0.18213151
v 0.47056225 -0.23537101 -0.18234517
v 0.47191042 -0.23823386 -0.18095207
v 0.47056225 -0.23537101 -0.18234517
v 0.4707692 -0.24717973 -0.18217479
v 0.43785986 0.23358366 -0.17233866
v 0.43785986 0.23358366 -0.17233866
v 0.48575696 0.23364535 -0.18238951
v 0.48279402 0.23352247 -0.17225698
v 0.46540505 -0.25330761 -0.17716071
v 0.4636865 -0.25450182 -0.16510837
v 0.47101596 -0.22119045 -0.15118337
v 0.46231306 -0.20233215 -0.07356025
v 0.47052363 0.22454287 -0.02422838
v 0.47060907 -0.01399374 -0.02327341
v 0.47022948 -0.11722773 -0.02364792
v 0.47048688 -0.17771265 -0.02427077
v 0.46902126 0.18835568 -0.02260265
v 0.4700703 -0.17935014 -0.02293197
v 0.46925253 -0.18226309 -0.02282996
v 0.4664765 0.23313436 0.05008689
v 0.46209246 -0.20245121 0.07221817
v 0.4615573 -0.20620905 0.09054966
v 0.46632391 -0.21943013 0.13221194
v 0.46986106 -0.24493691 0.13183148
v 0.47057933 -0.24910529 0.13278469
v 0.47072455 -0.22237998 0.14245893
v 0.46904492 -0.25161076 0.13921215
v 0.46990144 -0.22503507 0.1471698
v 0.46990144 -0.22503507 0.1471698
v 0.46794125 -0.25297257 0.15529945
v 0.4643451 -0.25338724 0.16143344
v 0.46973619 -0.2335442 0.170022
v 0.46526635 -0.2349543 0.16683607
v 0.47090018 -0.23363429 0.17912406
v 0.47080532 -0.23329081 0.18002445
v 0.46150693 -0.22413456 -0.19020681
v 0.46263269 -0.21877885 -0.18973359
v 0.46333173 -0.22939475 -0.19022976
v 0.46612105 -0.23325887 -0.18978432
v 0.45939538 0.25176948 -0.18426186
v 0.46234253 -0.23454952 -0.186838
v 0.46852967 -0.23633251 -0.18064833
v 0.46852967 -0.23633251 -0.18064833
v 0.46588412 -0.23823251 -0.17983651
v 0.4688836 -0.22225396 -0.15315974
v 0.46612135 -0.22168142 -0.15067652
v 0.46365732 -0.25516039 -0.14713727
v 0.46095672 -0.21556072 -0.13226134
v 0.4616445 -0.20563106 -0.08904134
v 0.46929809 0.2320371 -0.02644344
v 0.46551314 0.2127481 -0.02331195
v 0.46544793 0.19811921 -0.02235374
v 0.46587548 0.18474339 -0.02182936
v 0.46720389 0.18014769 -0.02164929
v 0.4678258 0.17688535 -0.02135879
v 0.46978894 0.16674641 -0.02188778
v 0.47063357 0.16522439 -0.02256549
v 0.47069991 0.13847971 -0.02265108
v 0.47011173 0.14097585 -0.02200468
v 0.46978894 0.16674641 -0.02188778
v 0.4703666 0.07368381 -0.02197962
v 0.47082111 0.0840896 -0.02258256
v 0.47118157 0.0504003 -0.02277755
v 0.47060886 0.04248497 -0.02211584
v 0.47091854 0.03416984 -0.02287938
v 0.4706932 0.01619563 -0.02271607
v 0.47017771 0.02377612 -0.02195781
v 0.47003591 0.01000096 -0.02197956
v 0.47060907 -0.01399374 -0.02327341
v 0.46999758 -0.04767192 -0.02243084
v 0.47063959 -0.04712269 -0.02366219
v 0.46966329 -0.06827331 -0.02234191
v 0.47022948 -0.11722773 -0.02364792
v 0.46952549 -0.12920836 -0.02246922
v 0.46938276 -0.16116031 -0.02280483
v 0.47011071 -0.16302826 -0.02432954
v 0.47048688 -0.17771265 -0.02427077
v 0.46942282 -0.17489859 -0.02269362
v 0.4700703 -0.17935014 -0.02293197
v 0.4678258 0.17688535 -0.02135879
v 0.46956402 0.1755455 -0.02214617
v 0.4688763 0.17441487 -0.01928376
v 0.46963948 0.16274609 -0.01926078
v 0.4700093 0.14691067 -0.01959005
v 0.46991268 0.11888228 -0.0193833
v 0.47001901 0.07849607 -0.01924789
v 0.47027832 0.06182342 -0.01848945
v 0.47031572 0.04088287 -0.01817899
v 0.46994331 0.02526848 -0.01858599
v 0.46991444 -0.00413443 -0.01911718
v 0.46993279 -0.04507611 -0.01815579
v 0.46931553 -0.16932632 -0.01958722
v 0.46911958 -0.17963056 -0.01927605
v 0.46925253 -0.18226309 -0.02282996
v 0.46855444 -0.18212658 -0.0193809
v 0.46943808 0.17549171 -0.01414545
v 0.46917641 0.17785561 -0.0125397
v 0.47003645 0.14785087 -0.00859677
v 0.47048649 0.06447233 -0.01071168
v 0.47014567 0.07339916 -0.0131831
v 0.47061232 0.05735225 -0.0126888
v 0.47051749 0.03315558 -0.01298019
v 0.4700515 0.02422603 -0.01256681
v 0.4700686 0.00876829 -0.00963001
v 0.46974516 -0.08093332 -0.00930017
v 0.46959192 -0.16528828 -0.00943743
v 0.46937791 -0.17258658 -0.01521029
v 0.46940771 -0.17966303 -0.01491603
v 0.46959069 0.17793395 -0.00795914
v 0.4695358 0.17136267 -0.00225781
v 0.46986014 0.11816074 -0.00189606
v 0.47043198 0.06206064 -0.01120983
v 0.47049743 0.05562467 -0.01056007
v 0.47043198 0.06206064 -0.01120983
v 0.47049743 0.05562467 -0.01056007
v 0.46868291 0.05586236 -0.0102542
v 0.4703677 0.03255226 -0.0101964
v 0.4703677 0.03255226 -0.0101964
v 0.46809474 0.03246627 -0.00944669
v 0.47010979 0.02720299 -0.00928181
v 0.47010979 0.02720299 -0.00928181
v 0.4700391 -0.03553116 -0.00940663
v 0.46976396 -0.12702477 -0.00917983
v 0.46917725 -0.17968793 -0.00982917
v 0.46834788 -0.18203066 -0.00434861
v 0.46989962 0.15017855 -0.00076907
v 0.4698635 0.08838292 -0.0005975
v 0.4699778 0.08006166 0.00275978
v 0.47008529 0.0734521 -0.00207807
v 0.47038421 0.06486396 -0.00617854
v 0.46998534 0.02525869 -0.00718452
v 0.47016335 0.02398402 -0.0008263
v 0.46993253 0.01521766 -0.00370933
v 0.47002035 -0.04609188 -0.00391831
v 0.4697403 -0.07724197 -0.00401111
v 0.46974948 -0.12529361 -0.00392968
v 0.46956673 -0.16503558 -0.00398928
v 0.469008 -0.17576191 -0.00405867
v 0.46917972 -0.1796587 -0.00403291
v 0.46802267 0.18024544 -0.00629754
v 0.46892551 0.17839345 0.00053513
v 0.46785608 0.18050256 -0.00088557
v 0.47016335 0.02398402 -0.0008263
v 0.46658555 0.02463213 -0.00168416
v 0.47034782 -0.0437145 -0.00054387
v 0.47026792 -0.07394534 -0.00057749
v 0.47022298 -0.14083165 -0.00068454
v 0.46989569 -0.17386155 -0.00114424
v 0.47007602 -0.17965835 -0.00160775
v 0.4692049 -0.1823781 -0.00121188
v 0.46753487 0.17899203 0.00530965
v 0.46865475 0.17589332 0.00338171
v 0.46786797 0.17712621 0.0054147
v 0.46926624 0.16922858 0.00350134
v 0.46964493 0.15196081 0.00352013
v 0.46954712 0.12317524 0.0031273
v 0.46967155 0.08654162 0.0028493
v 0.47054774 0.06476321 0.00258441
v 0.47047538 0.02467152 0.0010704
v 0.47070223 0.02213208 0.00061358
v 0.47047538 0.02467152 0.0010704
v 0.4707413 0.00762291 0.00057463
v 0.47082889 -0.07195089 0.00077754
v 0.46963742 0.17533508 0.00570797
v 0.47011277 0.13938685 0.00532569
v 0.47004935 0.0994973 0.00420004
v 0.47091845 0.0644798 0.00402547
v 0.4641555 0.23238349 0.0091585
v 0.46560237 0.23294747 0.02710881
v 0.46097809 0.23307236 0.05569591
v 0.46525559 -0.21390581 0.11616923
v 0.45213112 0.23366337 0.11253466
v 0.46381095 -0.24111727 0.13199313
v 0.46535775 -0.24520738 0.13227843
v 0.46748737 -0.24820216 0.13304527
v 0.46981263 -0.25029245 0.13449401
v 0.47057933 -0.24910529 0.13278469
v 0.46748737 -0.24820216 0.13304527
v 0.46437806 -0.22250305 0.14183201
v 0.46552399 -0.24701238 0.13784911
v 0.46717691 -0.25247601 0.14196375
v 0.46501291 -0.22622012 0.15009061
v 0.46714813 -0.22620447 0.14968802
v 0.46175367 -0.23398682 0.16915517
v 0.46945897 -0.25193784 0.16681026
v 0.46234027 -0.23365675 0.1779058
v 0.46612105 -0.23325887 -0.18978432
v 0.46189445 -0.23323141 -0.18939444
v 0.46189445 -0.23323141 -0.18939444
v 0.46033117 -0.24374972 -0.18126413
v 0.46129474 -0.24989039 -0.17965059
v 0.46386725 -0.25229469 -0.17849363
v 0.46386725 -0.25229469 -0.17849363
v 0.46080291 -0.25344613 -0.17666116
v 0.45908651 -0.25519273 -0.16140004
v 0.45931047 -0.25526583 -0.15321451
v 0.46168655 -0.22171676 -0.1484129
v 0.46147686 -0.21378267 -0.12493988
v 0.46124065 -0.20980546 -0.10859169
v 0.46139339 -0.20765576 -0.09861746
v 0.46145329 -0.20416853 -0.0804848
v 0.46128088 -0.19935966 -0.05647252
v 0.46205691 0.23314524 -0.0552833
v 0.46347442 0.2327081 -0.0494438
v 0.46545056 0.23164268 -0.03559825
v 0.46386799 0.22378097 -0.02530336
v 0.46111467 -0.19551203 -0.01979837
v 0.46234766 0.18481748 -0.02166255
v 0.46490473 0.18261644 -0.02079688
v 0.46614224 0.18001233 -0.01947377
v 0.46233559 0.17983748 -0.01867387
v 0.46711215 0.17936251 -0.01495698
v 0.46614224 0.18001233 -0.01947377
v 0.46233559 0.17983748 -0.01867387
v 0.46614224 0.18001233 -0.01947377
v 0.46711215 0.17936251 -0.01495698
v 0.46378294 0.17919834 -0.01527719
v 0.46119305 -0.19505692 -0.00774865
v 0.46802267 0.18024544 -0.00629754
v 0.46475643 0.17975837 -0.01024137
v 0.46376243 0.06446701 -0.01019006
v 0.47048649 0.06447233 -0.01071168
v 0.46005011 0.05769902 -0.00988443
v 0.46080264 0.04354196 -0.00933884
v 0.46448621 0.02828479 -0.00889888
v 0.46325266 0.18048216 -0.00536898
v 0.46706727 0.18362589 -0.00597676
v 0.46118349 -0.1953727 0.00388564
v 0.46589184 0.18312465 0.00332993
v 0.46221378 0.02500624 0.00159011
v 0.46639186 0.18411551 0.00536277
v 0.46414745 0.18535668 0.00508423
v 0.46984321 0.02546288 0.00256953
v 0.46369943 0.23251191 0.01248066
v 0.46344388 0.23253982 0.02987416
v 0.46372119 0.2325521 0.04571904
v 0.46114281 -0.19992802 0.05339076
v 0.46279892 0.23268412 0.05081634
v 0.46114939 -0.20258841 0.07266393
v 0.46482787 0.23355304 0.07317315
v 0.47670358 0.23360986 0.10631232
v 0.45213112 0.23366337 0.11253466
v 0.4613454 -0.20909597 0.10100856
v 0.46140581 -0.21319044 0.1129972
v 0.46223551 -0.21778239 0.12637474
v 0.46214658 -0.22199498 0.13776134
v 0.4649567 -0.24679983 0.13421918
v 0.46535775 -0.24520738 0.13227843
v 0.45952448 -0.24600035 0.13500611
v 0.46078715 -0.22307143 0.14056964
v 0.46505034 -0.24752237 0.13970664
v 0.46199316 -0.24730992 0.13985662
v 0.46245793 -0.25215769 0.14269991
v 0.46179923 -0.22503535 0.14711198
v 0.46176809 -0.22635673 0.15156868
v 0.46501291 -0.22622012 0.15009061
v 0.46176809 -0.22635673 0.15156868
v 0.46146056 -0.23487894 0.16612333
v 0.46220711 -0.23284827 0.17888075
v 0.46090722 -0.21647835 -0.18853763
v 0.4612942 -0.23329607 -0.1871586
v 0.46074477 -0.23415193 -0.1830716
v 0.46043196 -0.23822011 -0.17934905
v 0.46080291 -0.25344613 -0.17666116
v 0.45810947 -0.25399187 -0.16952418
v 0.46099713 -0.22846843 -0.16708265
v 0.46030003 -0.22590707 -0.16785024
v 0.46150887 -0.22563282 -0.16127853
v 0.46214241 -0.22852165 -0.16056426
v 0.4603819 -0.22400238 -0.16173394
v 0.44154328 0.23359074 -0.15375635
v 0.46147272 -0.22504574 -0.15404235
v 0.4619191 -0.2285773 -0.15399891
v 0.46035117 -0.22292776 -0.15354034
v 0.4616808 -0.22374716 -0.14943817
v 0.46033627 -0.22222683 -0.14754012
v 0.46244049 -0.22536352 -0.14799686
v 0.46014315 -0.2203715 -0.1461882
v 0.46111789 -0.21302442 -0.12281498
v 0.4393121 0.23346412 -0.06128572
v 0.46113527 -0.20222595 -0.07236076
v 0.45976257 0.23274969 -0.05286748
v 0.46347442 0.2327081 -0.0494438
v 0.46247995 0.23041555 -0.04933373
v 0.46221414 0.21951389 -0.04908807
v 0.46056572 0.22111122 -0.05019386
v 0.46142939 0.21512544 -0.04781909
v 0.45972219 0.2058202 -0.04217619
v 0.46103993 -0.19732037 -0.04140138
v 0.45827648 0.19645283 -0.03778094
v 0.45983672 0.19799048 -0.03799464
v 0.45936942 0.18751469 -0.03408818
v 0.45964572 0.18558241 -0.03288862
v 0.45858321 0.18473181 -0.03314449
v 0.45815942 0.17558442 -0.0084515
v 0.4593161 0.06222193 -0.01029019
v 0.45755804 0.02749126 -0.00857846
v 0.45764863 0.02515135 -0.00533861
v 0.46252829 0.1879326 0.00518434
v 0.46252829 0.1879326 0.00518434
v 0.45895818 0.18871154 0.00527809
v 0.45593295 0.02532203 0.00298043
v 0.46100998 -0.19717827 0.02826812
v 0.45944694 0.2130736 0.04322561
v 0.45980084 0.23270059 0.05273166
v 0.46099639 -0.20184389 0.07157193
v 0.46114939 -0.20258841 0.07266393
v 0.4615573 -0.20620905 0.09054966
v 0.46121129 -0.20499986 0.08672846
v 0.46119758 -0.21550231 0.1196448
v 0.46105981 -0.21723771 0.12646371
v 0.4611437 -0.21912451 0.12938762
v 0.45817229 -0.24166121 0.13351718
v 0.45840672 -0.24366327 0.13346888
v 0.45840672 -0.24366327 0.13346888
v 0.4609786 -0.22151421 0.13835156
v 0.45925534 -0.2476311 0.13904575
v 0.45876667 -0.24933334 0.14046262
v 0.46058434 -0.2251471 0.15081172
v 0.46045038 -0.22692382 0.15595163
v 0.46176809 -0.22635673 0.15156868
v 0.46022943 -0.22883295 0.15668495
v 0.46058434 -0.2251471 0.15081172
v 0.46146056 -0.23487894 0.16612333
v 0.46026087 -0.23291096 0.17341846
v 0.46026087 -0.23291096 0.17341846
v 0.45803356 -0.25110316 0.16666086
v 0.46094239 -0.23281376 0.17762007
v 0.42849886 0.23377769 0.19056617
v 0.46090722 -0.21647835 -0.18853763
v 0.46150693 -0.22413456 -0.19020681
v 0.46051958 -0.21807703 -0.18687625
v 0.46096316 -0.22681104 -0.18672471
v 0.46189445 -0.23323141 -0.18939444
v 0.4612942 -0.23329607 -0.1871586
v 0.46029249 -0.21642721 -0.18187255
v 0.46056649 -0.21284555 -0.18112874
v 0.46061045 -0.22441024 -0.17864917
v 0.46052176 -0.23153979 -0.17994083
v 0.46074477 -0.23415193 -0.1830716
v 0.46006095 -0.21307915 -0.1764403
v 0.46071783 -0.23720141 -0.18152794
v 0.46043196 -0.23822011 -0.17934905
v 0.46030813 -0.24203196 -0.18115291
v 0.46033117 -0.24374972 -0.18126413
v 0.45898151 -0.24433562 -0.17888276
v 0.459869 -0.24117909 -0.17922197
v 0.46129474 -0.24989039 -0.17965059
v 0.46080291 -0.25344613 -0.17666116
v 0.46029347 -0.20954116 -0.16355306
v 0.45996439 -0.23802164 -0.17540687
v 0.45840454 -0.24197216 -0.17430943
v 0.45805624 -0.24342676 -0.17442603
v 0.45859674 -0.24959312 -0.17474343
v 0.45860237 -0.25297177 -0.17322473
v 0.46041185 -0.21891895 -0.16734833
v 0.45860237 -0.25297177 -0.17322473
v 0.44154328 0.23359074 -0.15375635
v 0.46012467 -0.21268681 -0.15803817
v 0.45697978 -0.2547645 -0.1604649
v 0.46036378 -0.20874563 -0.16090102
v 0.45992231 -0.20924658 -0.15041007
v 0.46025226 -0.20618676 -0.14728707
v 0.4572992 -0.25464576 -0.15286672
v 0.46036413 -0.21697411 -0.1388769
v 0.46014315 -0.2203715 -0.1461882
v 0.45921764 -0.23314315 -0.14496274
v 0.46062163 -0.20491011 -0.14480014
v 0.45986483 -0.20521846 -0.1396551
v 0.46041617 -0.21418373 -0.13256937
v 0.46009919 -0.21857661 -0.14127801
v 0.46043587 -0.20187722 -0.13100924
v 0.46010515 -0.20518894 -0.12553176
v 0.46095672 -0.21556072 -0.13226134
v 0.46085665 -0.20091122 -0.12780179
v 0.46016055 -0.20148489 -0.12481742
v 0.46032301 -0.21089 -0.12577729
v 0.46147686 -0.21378267 -0.12493988
v 0.46062809 -0.19843714 -0.11513682
v 0.46111789 -0.21302442 -0.12281498
v 0.46027562 -0.20119153 -0.1112292
v 0.46048781 -0.20926502 -0.1113922
v 0.46064863 -0.19677968 -0.10973041
v 0.46034658 -0.19773461 -0.10797011
v 0.46124065 -0.20980546 -0.10859169
v 0.46093029 -0.20620021 -0.09734321
v 0.46139339 -0.20765576 -0.09861746
v 0.46066827 -0.19377804 -0.09528498
v 0.46092975 -0.19733277 -0.08860881
v 0.46109509 -0.20315477 -0.08994762
v 0.4616445 -0.20563106 -0.08904134
v 0.46145329 -0.20416853 -0.0804848
v 0.46079516 -0.18989883 -0.07548174
v 0.46082312 -0.19301392 -0.09322404
v 0.46065873 -0.19397171 -0.07068096
v 0.46113527 -0.20222595 -0.07236076
v 0.46111372 -0.18912032 -0.07375736
v 0.46037063 -0.18954043 -0.06701604
v 0.46076205 -0.18783551 -0.0629862
v 0.46093574 -0.19862206 -0.06050105
v 0.46128088 -0.19935966 -0.05647252
v 0.46052086 -0.18958639 -0.04571734
v 0.4607819 -0.19761166 -0.05022733
v 0.45545736 0.22625907 -0.05139463
v 0.4609049 -0.18546778 -0.04681854
v 0.45319796 0.217094 -0.04853218
v 0.45440832 0.21272425 -0.04616867
v 0.45972219 0.2058202 -0.04217619
v 0.45498013 0.20247044 -0.04070826
v 0.46056512 -0.18550576 -0.03875196
v 0.46062195 -0.19493927 -0.03567776
v 0.46103993 -0.19732037 -0.04140138
v 0.46091875 -0.18305227 -0.02318899
v 0.45768905 0.17878197 -0.03082908
v 0.45840791 0.17821541 -0.02927493
v 0.45521644 0.17479305 -0.02931437
v 0.45694855 0.17007701 -0.02577323
v 0.45578074 0.17094666 -0.02709053
v 0.46111467 -0.19551203 -0.01979837
v 0.46069023 -0.1857148 -0.02197998
v 0.46086392 -0.18279773 -0.00333375
v 0.4607884 -0.1938971 -0.00397837
v 0.46116298 0.06482024 -0.00985243
v 0.44590318 0.06427777 -0.01016935
v 0.44851103 0.05970113 -0.00990216
v 0.4445478 0.03868186 -0.00915863
v 0.46119305 -0.19505692 -0.00774865
v 0.46061587 -0.18576503 0.01529978
v 0.46118349 -0.1953727 0.00388564
v 0.455993 0.18777324 0.00596199
v 0.46055257 -0.18981154 0.02398546
v 0.46063367 -0.19498312 0.02621836
v 0.46100998 -0.19717827 0.02826812
v 0.46101153 -0.18538173 0.02453623
v 0.4607625 -0.1857885 0.02551409
v 0.45905194 0.20330267 0.03217644
v 0.45605594 0.20437069 0.03374693
v 0.46083975 -0.19772837 0.03885294
v 0.46147704 -0.19761638 0.03005197
v 0.45903504 0.20687734 0.0353386
v 0.4607757 -0.18794255 0.04594608
v 0.46114281 -0.19992802 0.05339076
v 0.45654133 0.21132925 0.04222697
v 0.4604671 -0.18936075 0.04744353
v 0.46069524 -0.19400409 0.05652334
v 0.460731 -0.18990466 0.05996203
v 0.46108234 -0.1890519 0.0582321
v 0.46099639 -0.20184389 0.07157193
v 0.46057546 -0.20271805 0.08942622
v 0.46043777 -0.19856383 0.08933863
v 0.4607558 -0.19688894 0.09306948
v 0.46066961 -0.20600878 0.09387653
v 0.46062046 -0.19831702 0.09568451
v 0.46032989 -0.20242481 0.10445181
v 0.4613454 -0.20909597 0.10100856
v 0.46048191 -0.20603231 0.10567765
v 0.46099305 -0.20065239 0.10853526
v 0.46080306 -0.21055359 0.11053061
v 0.46140581 -0.21319044 0.1129972
v 0.46079403 -0.20195101 0.11098478
v 0.46119758 -0.21550231 0.1196448
v 0.46070978 -0.20923667 0.12453635
v 0.46105981 -0.21723771 0.12646371
v 0.46082032 -0.21365628 0.14101282
v 0.4609786 -0.22151421 0.13835156
v 0.4611437 -0.21912451 0.12938762
v 0.4546797 -0.24473932 0.13635398
v 0.45610026 -0.24674554 0.13699499
v 0.4607839 -0.21802656 0.15443064
v 0.46078715 -0.22307143 0.14056964
v 0.4560532 -0.2517145 0.142874
v 0.46078226 -0.21368274 0.15821126
v 0.46055707 -0.22190946 0.1666134
v 0.46058476 -0.21744621 0.16574745
v 0.46074346 -0.22234474 0.17749326
v 0.46094239 -0.23281376 0.17762007
v 0.46094239 -0.23281376 0.17762007
v 0.45611995 -0.24369252 -0.17040399
v 0.45504981 -0.24618953 -0.16557714
v 0.45569646 -0.25228864 -0.16246337
v 0.45810947 -0.25399187 -0.16952418
v 0.45379621 -0.24480017 -0.16259791
v 0.45370901 -0.24894877 -0.15888666
v 0.45697978 -0.2547645 -0.1604649
v 0.45476404 -0.25170901 -0.15683234
v 0.4572992 -0.25464576 -0.15286672
v 0.45402914 -0.24838924 -0.15395208
v 0.45694673 -0.25275159 -0.14747746
v 0.45525429 -0.24777073 -0.14738509
v 0.45508805 -0.23982432 -0.14445031
v 0.45527774 -0.24375333 -0.14493832
v 0.43680865 0.2336165 -0.11655916
v 0.44060487 0.23318964 -0.05608607
v 0.44709301 0.23043558 -0.05242917
v 0.44650584 0.22108665 -0.05034005
v 0.44473904 0.17978029 -0.03181886
v 0.45246479 0.16846566 -0.02669743
v 0.45430937 0.16661163 -0.02487649
v 0.45177579 0.16487679 -0.02204512
v 0.45587373 0.18741798 0.0085529
v 0.45433176 0.18592857 0.00707552
v 0.45282242 0.17636836 0.00861614
v 0.45331737 0.17439172 0.01201879
v 0.45439285 0.17371596 0.02013919
v 0.45463699 0.17339006 0.02669006
v 0.45266473 0.17268448 0.02912562
v 0.45197797 0.20687769 0.03700466
v 0.45444575 0.17321071 0.0555583
v 0.45233464 0.1725224 0.06272102
v 0.44634598 0.2331263 0.05648539
v 0.46097809 0.23307236 0.05569591
v 0.44210592 0.23352075 0.06871039
v 0.44210592 0.23352075 0.06871039
v 0.45201778 0.17255817 0.10572165
v 0.45421621 0.17330231 0.09578498
v 0.45201778 0.17255817 0.10572165
v 0.45340237 -0.24127366 0.13667049
v 0.45817229 -0.24166121 0.13351718
v 0.45840672 -0.24366327 0.13346888
v 0.4546797 -0.24473932 0.13635398
v 0.45340237 -0.24127366 0.13667049
v 0.45379356 -0.24682984 0.13835289
v 0.45436814 -0.25076362 0.143415
v 0.45483777 -0.25189802 0.15525831
v 0.45488352 -0.24918909 0.16371204
v 0.45462099 -0.25131875 0.16017622
v 0.45803356 -0.25110316 0.16666086
v 0.45542052 -0.24525581 0.16514735
v 0.42975268 0.23361574 0.16990378
v 0.43046653 0.23401287 0.19269478
v 0.40753198 0.25239462 -0.18381485
v 0.43343651 0.23534355 -0.18398748
v 0.45266634 -0.24043222 -0.1584101
v 0.4525193 -0.24448863 -0.15845475
v 0.45279559 -0.24027672 -0.1548273
v 0.45300257 -0.24467994 -0.15475646
v 0.44439051 0.23270573 -0.05343612
v 0.44439051 0.23270573 -0.05343612
v 0.44398612 0.22199248 -0.05089862
v 0.44497904 0.21538952 -0.047871
v 0.44532162 0.21258608 -0.04590594
v 0.44579384 0.20612222 -0.04229855
v 0.44576445 0.19748527 -0.03811367
v 0.44580022 0.18641162 -0.03383414
v 0.44885638 0.17405102 -0.02964818
v 0.44520509 0.16984239 -0.02832985
v 0.44872978 0.16598469 -0.02562269
v 0.45177579 0.16487679 -0.02204512
v 0.4480871 0.1640155 -0.02168985
v 0.4480871 0.1640155 -0.02168985
v 0.42979136 0.02547983 -0.00801831
v 0.42979136 0.02547983 -0.00801831
v 0.429672 0.02517048 -0.00697065
v 0.44966239 0.17328553 0.01592625
v 0.44823676 0.17185842 0.0115644
v 0.44929287 0.17338306 0.0210734
v 0.44899359 0.173283 0.03899162
v 0.44732806 0.20701329 0.03683042
v 0.44761407 0.21146335 0.04274744
v 0.44902387 0.17310299 0.06765524
v 0.44528681 0.23276269 0.05319237
v 0.45980084 0.23270059 0.05273166
v 0.44915575 0.17303564 0.0895414
v 0.44894814 0.17267011 0.10763159
v 0.45264181 0.17343679 0.10808309
v 0.44756767 0.17267913 0.11483738
v 0.44875017 0.17388658 0.11618325
v 0.44450051 0.17402944 0.12075248
v 0.45379356 -0.24682984 0.13835289
v 0.45234182 -0.24115431 0.14175528
v 0.45256257 -0.2453135 0.14128043
v 0.45436814 -0.25076362 0.143415
v 0.43725854 0.2336553 0.14072031
v 0.45250788 -0.24544869 0.14844915
v 0.45254597 -0.24072748 0.15085725
v 0.4537288 -0.24943212 0.15057813
v 0.45483777 -0.25189802 0.15525831
v 0.45224229 -0.24086496 0.15867628
v 0.45201147 -0.24519663 0.15899268
v 0.45327494 -0.24924488 0.15860741
v 0.45436278 -0.24209081 0.16309148
v 0.4189778 0.23374633 -0.18214925
v 0.44466791 0.23044313 -0.05209079
v 0.44416904 0.2194206 -0.04925497
v 0.44477338 0.19475672 -0.03688063
v 0.44425842 0.17601474 -0.03005718
v 0.44451076 0.16818848 -0.02636427
v 0.44532421 0.16576171 -0.02507633
v 0.44502577 0.16504991 -0.02182686
v 0.44756323 0.16330211 -0.01222565
v 0.44550017 0.16504253 -0.01655096
v 0.44518372 0.16418272 -0.01201422
v 0.44518372 0.16418272 -0.01201422
v 0.44756323 0.16330211 -0.01222565
v 0.4470849 0.16023903 -0.01089816
v 0.44681278 0.15736991 -0.01059581
v 0.44701084 0.15623829 -0.00985045
v 0.44628805 0.15280534 -0.00948821
v 0.44435278 0.15277314 -0.0100959
v 0.44539365 0.15062457 -0.00929374
v 0.42579728 0.06488509 -0.0099523
v 0.44539365 0.15062457 -0.00929374
v 0.44532338 0.15089852 0.00257959
v 0.44409451 0.15011555 0.00059351
v 0.44308215 0.14979954 -0.00654624
v 0.44432789 0.15121877 0.00691579
v 0.44597343 0.22772098 0.00988894
v 0.44573861 0.2227329 0.01376622
v 0.44654897 0.17522705 0.0100325
v 0.44576916 0.23011322 0.01177787
v 0.44628415 0.18077566 0.01558833
v 0.44805175 0.17586097 0.01593241
v 0.44966239 0.17328553 0.01592625
v 0.44741094 0.17593537 0.02015618
v 0.44929287 0.17338306 0.0210734
v 0.44832736 0.18377365 0.02444915
v 0.44635105 0.18702731 0.0236022
v 0.44718042 0.17418641 0.02518347
v 0.44671866 0.17608583 0.02525211
v 0.44768849 0.18119293 0.02809198
v 0.44718042 0.17418641 0.02518347
v 0.44658139 0.17591614 0.0439637
v 0.44622585 0.20893627 0.03833234
v 0.44716704 0.17385791 0.0412276
v 0.44716704 0.17385791 0.0412276
v 0.44751349 0.18134658 0.06371325
v 0.44712949 0.17376477 0.07557664
v 0.44776532 0.18139338 0.08908286
v 0.44678226 0.17369501 0.09590829
v 0.40986758 0.23364922 0.07103181
v 0.44607404 0.17355534 0.104191
v 0.44505581 0.1735253 0.10914244
v 0.44433489 0.17295559 0.11785623
v 0.44344357 0.2326439 -0.04986605
v 0.44439051 0.23270573 -0.05343612
v 0.44466791 0.23044313 -0.05209079
v 0.44390014 0.23065223 -0.04947111
v 0.44344357 0.2326439 -0.04986605
v 0.44398612 0.22199248 -0.05089862
v 0.44416904 0.2194206 -0.04925497
v 0.44402829 0.21948537 -0.04526681
v 0.44497904 0.21538952 -0.047871
v 0.44532162 0.21258608 -0.04590594
v 0.44403604 0.23041317 -0.03641749
v 0.44438979 0.21090998 -0.04158268
v 0.44579384 0.20612222 -0.04229855
v 0.44476399 0.20801286 -0.04196226
v 0.43981954 0.2331426 -0.03038095
v 0.44429544 0.20622149 -0.03953173
v 0.44415754 0.19981548 -0.038017
v 0.44415754 0.19981548 -0.038017
v 0.44344816 0.23267572 -0.02195597
v 0.44344816 0.23267572 -0.02195597
v 0.44412535 0.22105908 -0.02383403
v 0.44368854 0.19622405 -0.03514438
v 0.44477338 0.19475672 -0.03688063
v 0.44347125 0.19169031 -0.0344265
v 0.44347125 0.19169031 -0.0344265
v 0.44388786 0.1880092 -0.0336994
v 0.44308132 0.18183377 -0.03256568
v 0.44388786 0.1880092 -0.0336994
v 0.44473547 0.20902693 -0.02290582
v 0.4444288 0.20135464 -0.03080478
v 0.4431068 0.17902477 -0.03015754
v 0.44280812 0.17382807 -0.02895466
v 0.44430593 0.23033758 -0.02111348
v 0.4399499 0.23320094 -0.01644446
v 0.44410568 0.19254917 -0.02626478
v 0.44520509 0.16984239 -0.02832985
v 0.44451076 0.16818848 -0.02636427
v 0.44383854 0.18534054 -0.01825871
v 0.44344118 0.17232738 -0.02246674
v 0.44361511 0.16805287 -0.02227984
v 0.44532421 0.16576171 -0.02507633
v 0.44502577 0.16504991 -0.02182686
v 0.44478044 0.23017573 -0.0129962
v 0.44504106 0.22135562 -0.01262583
v 0.44507018 0.21038876 -0.01707461
v 0.44489565 0.2000609 -0.01666015
v 0.44358167 0.17792466 -0.01690172
v 0.4441326 0.16892172 -0.01734913
v 0.44550017 0.16504253 -0.01655096
v 0.44334856 0.23247711 -0.01038765
v 0.44334856 0.23247711 -0.01038765
v 0.43872264 0.2331059 -0.01221132
v 0.44486246 0.20211147 -0.01295563
v 0.44340754 0.18239897 -0.01251746
v 0.44360769 0.17197609 -0.01204374
v 0.44518372 0.16418272 -0.01201422
v 0.44391257 0.22901222 -0.01032202
v 0.44334856 0.23247711 -0.01038765
v 0.44391257 0.22901222 -0.01032202
v 0.44108123 0.23013097 -0.00986808
v 0.4408358 0.20834355 -0.01079004
v 0.44399962 0.20961386 -0.01122091
v 0.44399962 0.20961386 -0.01122091
v 0.44315955 0.18763751 -0.01131007
v 0.44315955 0.18763751 -0.01131007
v 0.4430052 0.18218558 -0.01109993
v 0.44328311 0.16984396 -0.0103399
v 0.43468353 0.17457691 -0.01050674
v 0.4430052 0.18218558 -0.01109993
v 0.44328311 0.16984396 -0.0103399
v 0.4262974 0.02748852 -0.00891325
v 0.44144756 0.14994092 0.00100265
v 0.43967706 0.15010656 0.0045758
v 0.39824462 0.02516558 0.00183805
v 0.44372636 0.23258533 0.00960841
v 0.44444206 0.23019771 0.00917324
v 0.4441998 0.23281302 0.01258019
v 0.43988609 0.2328749 0.00931304
v 0.44372636 0.23258533 0.00960841
v 0.4441998 0.23281302 0.01258019
v 0.44032332 0.23341271 0.01252219
v 0.44529599 0.19627543 0.0120706
v 0.44440323 0.18610807 0.00939743
v 0.44451901 0.1798 0.0093997
v 0.4450222 0.19645342 0.01906239
v 0.44550693 0.2084298 0.03025782
v 0.44521493 0.20158444 0.02860535
v 0.44518626 0.19441086 0.02492015
v 0.44557917 0.23041478 0.03176866
v 0.44429258 0.23270075 0.03207795
v 0.44429258 0.23270075 0.03207795
v 0.44525373 0.21813123 0.03748998
v 0.44609019 0.19117777 0.026849
v 0.44050306 0.23318861 0.03598375
v 0.44548997 0.22581124 0.03688307
v 0.44569367 0.19983912 0.03025147
v 0.44582677 0.20442002 0.03332683
v 0.44548425 0.21341363 0.03943273
v 0.44622585 0.20893627 0.03833234
v 0.44419321 0.23270383 0.04990217
v 0.44419321 0.23270383 0.04990217
v 0.44090444 0.23314083 0.05252988
v 0.44549453 0.22024339 0.04622666
v 0.44622761 0.21543773 0.0471479
v 0.44528681 0.23276269 0.05319237
v 0.44528681 0.23276269 0.05319237
v 0.44712949 0.17376477 0.07557664
v 0.44634598 0.2331263 0.05648539
v 0.43126303 0.23339064 0.05351668
v 0.44663951 0.17594683 0.0826872
v 0.44678226 0.17369501 0.09590829
v 0.44611913 0.1761484 0.09455151
v 0.44527066 0.1762047 0.10050979
v 0.44607404 0.17355534 0.104191
v 0.44413775 0.17666662 0.10496016
v 0.44526374 0.18019363 0.10403267
v 0.44468531 0.18136267 0.10977353
v 0.44335657 0.17573763 0.1082385
v 0.44505581 0.1735253 0.10914244
v 0.44320494 0.17402269 0.11085991
v 0.44320494 0.17402269 0.11085991
v 0.44146115 0.18212733 0.12054199
v 0.44114277 0.17391355 0.11907451
v 0.44091991 0.17425016 0.12136434
v 0.42928749 0.25186828 -0.18408415
v 0.43638223 0.2333287 -0.05164419
v 0.43471029 0.22433357 -0.01018583
v 0.43062046 0.20905924 -0.01038896
v 0.43023905 0.19082795 -0.01041688
v 0.43390056 0.15196145 -0.01007687
v 0.43414214 0.15042321 -0.00931729
v 0.42443302 0.06438904 -0.0103803
v 0.43414214 0.15042321 -0.00931729
v 0.43326366 0.15055743 0.00745574
v 0.44210592 0.23352075 0.06871039
v 0.40986758 0.23364922 0.07103181
v 0.40560162 0.23370045 0.09290595
v 0.44083029 0.17638344 0.11500371
v 0.44114277 0.17391355 0.11907451
v 0.43920994 0.17671034 0.1197235
v 0.43976364 0.17670219 0.12210929
v 0.44091991 0.17425016 0.12136434
v 0.42138523 0.23436485 0.1935555
v 0.39966211 0.23359276 -0.15366977
v 0.41385478 0.2336598 -0.09390467
v 0.42026341 0.23268996 -0.01035372
v 0.42026341 0.23268996 -0.01035372
v 0.41559041 0.04617586 -0.00983924
v 0.42660058 0.15055841 -0.00691049
v 0.42307445 0.23359381 0.01216534
v 0.43422011 0.17927217 0.12740807
v 0.43400964 0.17447144 0.12747715
v 0.43218836 0.17622699 0.12669434
v 0.43263444 0.18015289 0.12736914
v 0.43186969 0.17354192 0.12788539
v 0.43186969 0.17354192 0.12788539
v 0.43400964 0.17447144 0.12747715
v 0.43322441 0.17386359 0.13011242
v 0.43140298 0.17283642 0.12992288
v 0.43061933 0.17377271 0.13550977
v 0.40717909 0.23361546 -0.06521343
v 0.41295424 0.23340122 -0.02261478
v 0.41244102 0.23348604 -0.0159161
v 0.41697425 0.22595873 -0.01045333
v 0.42977452 0.15076272 -0.00997159
v 0.41231528 0.233445 0.02867045
v 0.42896986 0.17616114 0.12722188
v 0.42790726 0.17258081 0.13337128
v 0.42662215 0.17341474 0.13659859
v 0.41136926 0.02538062 0.00283146
v 0.43175849 0.18204381 0.12812752
v 0.42224294 0.17272247 0.13035572
v 0.41065967 0.23355344 0.15194805
v 0.40000811 0.23407641 -0.18351465
v 0.40000811 0.23407641 -0.18351465
v 0.40138993 0.23327583 -0.0122954
v 0.4135763 0.21801506 -0.01033262
v 0.40526235 0.15208922 -0.00982055
v 0.40526235 0.15208922 -0.00982055
v 0.42977452 0.15076272 -0.00997159
v 0.39800602 0.23291773 0.00913281
v 0.43988609 0.2328749 0.00931304
v 0.42307445 0.23359381 0.01216534
v 0.41823655 0.1759278 0.12761588
v 0.42069042 0.17341724 0.1280539
v 0.42069042 0.17341724 0.1280539
v 0.40350935 0.25185356 -0.18413481
v 0.41041583 0.15314807 -0.01010725
v 0.40844375 0.20374987 -0.01039033
v 0.40417418 0.15138423 -0.005888
v 0.40524545 0.15162835 0.00732252
v 0.3998642 0.23365751 0.12369385
v 0.41278073 0.17339163 0.13654448
v 0.40832466 0.23342027 0.16103669
v 0.3869476 0.23362568 0.17425627
v 0.42975268 0.23361574 0.16990378
v 0.42849886 0.23377769 0.19056617
v 0.39927557 0.15177129 -0.00884896
v 0.40420097 0.1514418 0.00457134
v 0.40474251 0.17355183 0.12881002
v 0.40474251 0.17355183 0.12881002
v 0.40068364 0.17292354 0.13362251
v 0.3869476 0.23362568 0.17425627
v 0.3762849 0.23362558 -0.11315671
v 0.37842673 0.22562519 -0.01037127
v 0.39528275 0.18601209 -0.01019861
v 0.38666096 0.02745591 -0.0089799
v 0.38201532 0.04494852 -0.00984761
v 0.36249068 0.02537121 -0.00827285
v 0.38810325 0.02514265 -0.00736383
v 0.36249068 0.02537121 -0.00827285
v 0.39845863 0.17590566 0.12828158
v 0.37214166 0.23378038 0.19089016
v 0.37692711 0.2339403 0.1929639
v 0.37329507 0.23423685 0.19364937
v 0.39800602 0.23291773 0.00913281
v 0.38078636 0.23344667 0.01198571
v 0.3769013 0.23544803 -0.18402228
v 0.37132898 0.2338517 -0.18214175
v 0.37521285 0.23362309 -0.07321088
v 0.37283108 0.23262674 -0.01035119
v 0.38045803 0.06426477 -0.01054149
v 0.38454074 0.23357585 0.15655178
v 0.37329513 0.23347445 -0.03486907
v 0.37283108 0.23262674 -0.01035119
v 0.37371469 0.2303739 -0.0102915
v 0.37101617 0.20128804 -0.01034463
v 0.38450423 0.17361332 0.13657816
v 0.37003797 0.25173232 -0.18411127
v 0.38377962 0.15157951 -0.00660614
v 0.38432354 0.15155473 -7.569E-05
v 0.38314453 0.15181124 0.00706405
v 0.3596378 0.23350461 0.03446625
v 0.37071988 0.23360257 0.05228658
v 0.37692711 0.2339403 0.1929639
v 0.36204404 0.23364715 -0.17067553
v 0.35947195 0.15341504 -0.01033747
v 0.37724468 0.21736751 -0.01022324
v 0.35567114 0.06484509 -0.01007179
v 0.35654062 0.23368035 0.11243522
v 0.36390114 0.15204738 -0.00987799
v 0.36390114 0.15204738 -0.00987799
v 0.35892266 0.23366782 0.07394546
v 0.38116378 0.1812574 0.1299254
v 0.35818896 0.17353922 0.13111608
v 0.36344552 0.2336355 0.14815062
v 0.35945028 0.18861711 -0.0103052
v 0.36081013 0.2342228 -0.18347773
v 0.36081013 0.2342228 -0.18347773
v 0.34519526 0.23358253 -0.05866783
v 0.32682189 0.03907803 -0.00959379
v 0.35300392 0.23360065 -0.14199944
v 0.35300392 0.23360065 -0.14199944
v 0.39966211 0.23359276 -0.15366977
v 0.3762849 0.23362558 -0.11315671
v 0.35975915 0.21764055 -0.0102859
v 0.35775205 0.15162477 -0.00889869
v 0.36376223 0.0250151 -0.00743592
v 0.36539388 0.15143645 -0.00248819
v 0.36400568 0.15151714 0.0041818
v 0.34673893 0.23335978 -0.01597133
v 0.3480573 0.23338683 0.01202764
v 0.35617322 0.17598037 0.12898055
v 0.35478309 0.17342293 0.1337498
v 0.35355592 0.23317859 -0.01218736
v 0.35059863 0.1517251 0.0067803
v 0.35755491 0.17388903 0.12966202
v 0.35755491 0.17388903 0.12966202
v 0.31880802 0.24852157 -0.1840646
v 0.31192973 0.23336194 -0.01667304
v 0.33920312 0.22549583 -0.01036263
v 0.34446925 0.17385721 0.13602492
v 0.38454074 0.23357585 0.15655178
v 0.34413686 0.23364826 0.16966017
v 0.3414458 0.23549613 -0.18403819
v 0.32040936 0.1514889 -0.00649056
v 0.31134695 0.23284452 0.0091618
v 0.36344552 0.2336355 0.14815062
v 0.3189435 0.23388954 -0.18222828
v 0.33513254 0.20270014 -0.01038704
v 0.32510737 0.06429438 -0.01051907
v 0.32402641 0.0497023 -0.01005278
v 0.29187486 0.2523632 -0.1839045
v 0.32165867 0.23361042 -0.15394174
v 0.30230296 0.23360962 -0.11873978
v 0.33278003 0.21764331 -0.01023153
v 0.32956246 0.02753181 -0.00891354
v 0.31741714 0.02510253 -0.0072995
v 0.32559586 0.15144461 0.0006262
v 0.32028222 0.23367086 0.09264676
v 0.34611264 0.18251923 0.12885742
v 0.34428042 0.17393704 0.12888674
v 0.34428042 0.17393704 0.12888674
v 0.30230296 0.23360962 -0.11873978
v 0.32107651 0.15169555 0.00696933
v 0.34416014 0.18000434 0.12790023
v 0.34665799 0.17599067 0.12822026
v 0.31087935 0.23342755 -0.03068768
v 0.3086437 0.23269668 -0.01014968
v 0.3086437 0.23269668 -0.01014968
v 0.31686831 0.23361412 0.05998659
v 0.34133673 0.18190897 0.12885204
v 0.3431074 0.17596501 0.1284247
v 0.35654062 0.23368035 0.11243522
v 0.34413686 0.23364826 0.16966017
v 0.37214166 0.23378038 0.19089016
v 0.32448497 0.23381425 0.19074696
v 0.2954154 0.23365252 0.17734653
v 0.29751045 0.23415375 0.19357862
v 0.32375377 0.23046474 -0.01016421
v 0.31384325 0.15197116 -0.00988079
v 0.31384325 0.15197116 -0.00988079
v 0.32561535 0.02540039 -0.00805849
v 0.32561535 0.02540039 -0.00805849
v 0.30007702 0.2335134 0.03892884
v 0.34109014 0.17686924 0.12900184
v 0.34215471 0.17468733 0.1303741
v 0.3420445 0.17470981 0.13359092
v 0.34215471 0.17468733 0.1303741
v 0.34109014 0.17686924 0.12900184
v 0.34215471 0.17468733 0.1303741
v 0.3420445 0.17470981 0.13359092
v 0.3411192 0.17701392 0.13547997
v 0.34303284 0.17595558 0.13637193
v 0.34446925 0.17385721 0.13602492
v 0.31658709 0.23365751 0.14530176
v 0.34094998 0.1823829 0.13209243
v 0.34133673 0.18190897 0.12885204
v 0.34054258 0.17983557 0.13202827
v 0.34132892 0.18212265 0.13564494
v 0.31613016 0.23395962 0.1929125
v 0.28004947 0.23542506 -0.18407585
v 0.30010888 0.23360883 -0.08907638
v 0.27843338 0.25167337 -0.1841332
v 0.28637081 0.23350276 -0.04813628
v 0.30900294 0.23325071 -0.01213054
v 0.29450375 0.19977631 -0.01004439
v 0.30623874 0.23340651 0.0119087
v 0.28950801 0.23414096 -0.18354398
v 0.28950801 0.23414096 -0.18354398
v 0.28731686 0.23358195 -0.06869775
v 0.29303905 0.2147565 -0.00985181
v 0.28752792 0.15183021 -0.00872836
v 0.28916761 0.23358846 -0.17226142
v 0.31658709 0.23365751 0.14530176
v 0.27782312 0.23361975 0.16219535
v 0.29560119 0.15619762 -0.01026471
v 0.29128081 0.22557844 -0.00989952
v 0.29432973 0.16713743 -0.01004103
v 0.29545203 0.06509231 -0.01007664
v 0.29441467 0.15345681 -0.01010789
v 0.29619509 0.02545383 -0.00841771
v 0.29619509 0.02545383 -0.00841771
v 0.2925936 0.15166682 0.00222624
v 0.27004504 0.23365277 0.12303407
v 0.27782312 0.23361975 0.16219535
v 0.28459644 0.03603929 -0.00964363
v 0.28127122 0.15165815 -0.00598978
v 0.29302368 0.23368397 0.19108832
v 0.28880295 0.05813921 -0.0103287
v 0.29076356 0.23379254 -0.18229865
v 0.26278695 0.23357475 -0.14894833
v 0.28434214 0.15235531 -0.00977342
v 0.28434214 0.15235531 -0.00977342
v 0.29329216 0.15189399 0.00698099
v 0.25036669 0.23363933 0.08973646
v 0.28942028 0.23037687 -0.00979557
v 0.28269261 0.02748403 -0.00917645
v 0.26957232 0.23331803 0.01193943
v 0.27416781 0.18832296 -0.00994705
v 0.26547229 0.06441288 -0.01040344
v 0.25217354 0.04435085 -0.01000213
v 0.23890699 0.23357311 0.0568114
v 0.31686831 0.23361412 0.05998659
v 0.25036669 0.23363933 0.08973646
v 0.23842776 0.2334325 -0.03722802
v 0.25195259 0.21527903 -0.00973535
v 0.23233166 0.23344864 0.03137045
v 0.25190571 0.23367856 0.19085972
v 0.23204771 0.23380128 0.19303323
v 0.2539348 0.23332945 -0.01643031
v 0.25315079 0.23321955 -0.01203123
v 0.25823975 0.15162918 0.00015441
v 0.23890699 0.23357311 0.0568114
v 0.25304401 0.06516849 -0.01002461
v 0.24585749 0.02521947 -0.00732674
v 0.22914451 0.23266533 -0.00998294
v 0.25364092 0.23042281 -0.00971026
v 0.22914451 0.23266533 -0.00998294
v 0.25917175 0.17354628 -0.00996386
v 0.25572225 0.25169769 -0.1840886
v 0.23881346 0.23412833 -0.183488
v 0.23881346 0.23412833 -0.183488
v 0.2411873 0.23357683 -0.1133707
v 0.23276953 0.23357792 -0.08657988
v 0.24575618 0.02761479 -0.00919005
v 0.2502377 0.23538643 -0.18403627
v 0.21490324 0.15356945 -0.01017006
v 0.24317442 0.02550159 -0.00819009
v 0.24317442 0.02550159 -0.00819009
v 0.22814026 0.02525703 0.00173885
v 0.25562418 0.15191694 0.00688312
v 0.24643703 0.23280022 0.00906087
v 0.21313752 0.23378608 -0.18221606
v 0.23825738 0.19977471 -0.00989977
v 0.21367496 0.23354146 -0.06267979
v 0.2174329 0.23361576 0.16826269
v 0.21479255 0.23356691 -0.16131595
v 0.22613978 0.05426125 -0.0103363
v 0.20807965 0.03830624 -0.00982586
v 0.2380029 0.18658525 -0.00990964
v 0.20406997 0.02547958 0.0037678
v 0.23538035 0.25164035 -0.18417162
v 0.23027377 0.21463871 -0.00975389
v 0.19252732 0.15229805 -0.00968059
v 0.19252732 0.15229805 -0.00968059
v 0.20410134 0.15152986 -0.00055667
v 0.23473243 0.15163627 0.00416786
v 0.17156443 0.25241864 -0.18393728
v 0.22815515 0.23038909 -0.00978017
v 0.23331594 0.22576182 -0.00984528
v 0.21557803 0.23363444 0.13145283
v 0.20590822 0.23356906 -0.13841619
v 0.22777325 0.02753944 -0.00915805
v 0.19439822 0.23366724 0.19100204
v 0.21541944 0.23548004 -0.18403675
v 0.19863135 0.23336494 -0.0270876
v 0.20623271 0.2332872 -0.01696895
v 0.20427111 0.15169686 -0.00841907
v 0.22992061 0.02548651 -0.00806825
v 0.23022516 0.02523856 -0.00646181
v 0.22992061 0.02548651 -0.00806825
v 0.21207595 0.23327653 0.01194871
v 0.21927412 0.24763748 -0.18409601
v 0.21313752 0.23378608 -0.18221606
v 0.28916761 0.23358846 -0.17226142
v 0.20158546 0.2336023 -0.17076924
v 0.21479255 0.23356691 -0.16131595
v 0.19659016 0.06440648 -0.01063881
v 0.20780571 0.15184672 0.00683461
v 0.20794109 0.23361242 0.06786641
v 0.18806018 0.20345259 -0.00988577
v 0.19237137 0.18999523 -0.00989514
v 0.18604794 0.23281029 0.00903279
v 0.18392558 0.23410524 0.19357567
v 0.1976123 0.23320247 -0.01205902
v 0.19949609 0.25275642 -0.126984
v 0.17840193 0.06517325 -0.01020373
v 0.1641614 0.02564187 -0.00820231
v 0.1641614 0.02564187 -0.00820231
v 0.17844072 0.23334442 0.01193035
v 0.14224127 0.02527432 -0.00585417
v 0.16268474 0.23359248 0.16297245
v 0.17762205 0.2342633 -0.1835077
v 0.17762205 0.2342633 -0.1835077
v 0.17147292 0.22519024 -0.00973277
v 0.18138906 0.2336176 0.09480523
v 0.1675036 0.23345053 -0.04594795
v 0.18583709 0.23382048 0.19290499
v 0.17807508 0.23393044 -0.1822284
v 0.20158546 0.2336023 -0.17076924
v 0.16495818 0.23357037 -0.10270858
v 0.17415513 0.21534285 -0.0097179
v 0.17334767 0.1514167 0.00684783
v 0.16160351 0.2336109 0.13188456
v 0.16160351 0.2336109 0.13188456
v 0.18063183 0.25168216 -0.18406802
v 0.16825595 0.23545945 -0.1840203
v 0.17641726 0.04656241 -0.01021582
v 0.17242076 0.15126342 -0.00536257
v 0.15318878 0.02521365 0.00181436
v 0.16795823 0.23352143 0.0495359
v 0.23233166 0.23344864 0.03137045
v 0.15437575 0.23358642 -0.16494079
v 0.17711076 0.15147178 -0.00835721
v 0.16753131 0.02771041 -0.00930164
v 0.16452627 0.03612919 -0.00985929
v 0.17300785 0.15127303 0.002604
v 0.16795823 0.23352143 0.0495359
v 0.20794109 0.23361242 0.06786641
v 0.18138906 0.2336176 0.09480523
v 0.15913823 0.23333067 -0.01542129
v 0.15060711 0.20069978 -0.00996992
v 0.16130547 0.23360477 0.19101343
v 0.15645063 0.23356462 -0.14297096
v 0.14111952 0.06435577 -0.01060534
v 0.17844072 0.23334442 0.01193035
v 0.14370579 0.23359798 0.17703865
v 0.15437575 0.23358642 -0.16494079
v 0.13941139 0.23334903 -0.02700569
v 0.14321129 0.23323658 -0.01208147
v 0.1976123 0.23320247 -0.01205902
v 0.22914451 0.23266533 -0.00998294
v 0.1316002 0.23270456 -0.00987663
v 0.14321129 0.23323658 -0.01208147
v 0.1316002 0.23270456 -0.00987663
v 0.13764173 0.23330536 0.01216349
v 0.14468156 0.23360479 0.08680598
v 0.11621644 0.23362425 -0.17101336
v 0.15009075 0.23043227 -0.00964639
v 0.14769246 0.21461338 -0.00980946
v 0.15233803 0.17874025 -0.00988281
v 0.14346525 0.05173777 -0.01038514
v 0.18604794 0.23281029 0.00903279
v 0.17844072 0.23334442 0.01193035
v 0.13764173 0.23330536 0.01216349
v 0.14332807 0.24804007 -0.18411486
v 0.11543678 0.23352945 -0.06602159
v 0.13368289 0.02546515 0.0036172
v 0.13593711 0.2516655 -0.18422033
v 0.12478487 0.23356199 -0.09272653
v 0.14552206 0.15149599 -0.00809166
v 0.13895191 0.06510876 -0.01015355
v 0.14529985 0.15129919 0.00012675
v 0.14413142 0.15145686 0.00686256
v 0.11925294 0.23357935 0.06828701
v 0.14788224 0.22464511 -0.00979148
v 0.14030698 0.1527503 -0.00949779
v 0.14030698 0.1527503 -0.00949779
v 0.12881806 0.23276688 0.00885008
v 0.11316622 0.19770397 -0.00985936
v 0.13305262 0.03754461 -0.00992497
v 0.10779571 0.23360398 0.11216542
v 0.11355247 0.23365107 0.19084255
v 0.0923556 0.23376693 0.19300885
v 0.12320464 0.21454339 -0.00964586
v 0.11290647 0.16413134 -0.00982095
v 0.12568848 0.23036066 -0.0095433
v 0.1264182 0.15412194 -0.01003516
v 0.11766982 0.02528535 0.00180774
v 0.11116922 0.23551817 -0.18401039
v 0.11054871 0.23355463 -0.14601931
v 0.12539615 0.22475334 -0.00966456
v 0.11753619 0.1512412 0.00431202
v 0.16160351 0.2336109 0.13188456
v 0.16268474 0.23359248 0.16297245
v 0.09381002 0.23358247 0.15145288
v 0.11241926 0.24740875 -0.18413885
v 0.08370005 0.23433359 -0.18347822
v 0.08370005 0.23433359 -0.18347822
v 0.10565223 0.02767474 -0.00920768
v 0.10787997 0.23350947 0.04908136
v 0.0871529 0.2340629 0.19361763
v 0.09420228 0.23397215 -0.1821754
v 0.09058541 0.23342235 -0.0414113
v 0.10575818 0.15266533 -0.00949303
v 0.10575818 0.15266533 -0.00949303
v 0.1058181 0.15138298 -0.00821101
v 0.11152693 0.15120852 -0.00494003
v 0.08356506 0.15133959 0.00685757
v 0.09021426 0.23317342 -0.01203411
v 0.1316002 0.23270456 -0.00987663
v 0.09625514 0.19827509 -0.00992076
v 0.09657884 0.15421121 -0.00999856
v 0.12881806 0.23276688 0.00885008
v 0.07810243 0.23327981 0.01201433
v 0.07582791 0.23277311 0.0091019
v 0.07522147 0.23338705 0.02834067
v 0.09381002 0.23358247 0.15145288
v 0.081495 0.23356545 0.17537534
v 0.07679108 0.23356055 -0.11808523
v 0.13941139 0.23334903 -0.02700569
v 0.15913823 0.23333067 -0.01542129
v 0.04514004 0.23330986 -0.01643992
v 0.04514004 0.23330986 -0.01643992
v 0.0866837 0.05022009 -0.01046632
v 0.05938353 0.02553487 -0.00811178
v 0.05938353 0.02553487 -0.00811178
v 0.081495 0.23356545 0.17537534
v 0.09242241 0.2160034 -0.00969199
v 0.07956871 0.0652876 -0.01028339
v 0.06767684 0.23332606 -0.02267007
v 0.07578841 0.15127586 -0.00816156
v 0.06767684 0.23332606 -0.02267007
v 0.08564882 0.22502439 -0.00972534
v 0.07243425 0.02543331 0.00373532
v 0.07184914 0.23358302 0.09428619
v 0.0752742 0.23546895 -0.18404718
v 0.06087004 0.23355003 -0.07924433
v 0.07750341 0.17853771 -0.00996636
v 0.06242089 0.02520479 0.00190638
v 0.07979333 0.15114474 -5.694E-05
v 0.02627415 0.25172427 -0.18418837
v 0.05317349 0.25243971 -0.18399225
v 0.06074337 0.24863678 -0.18409953
v 0.05559108 0.15670019 -0.00997566
v 0.07496133 0.06451005 -0.01087876
v 0.07332166 0.04086637 -0.01015158
v 0.07045308 0.03276547 -0.00968835
v 0.06548513 0.23359573 0.19095372
v 0.07856657 0.23365213 -0.17153278
v 0.05359384 0.2326986 -0.01003106
v 0.04774439 0.23048276 -0.00980775
v 0.05359384 0.2326986 -0.01003106
v 0.07514232 0.20471466 -0.00997939
v 0.04222122 0.23347646 0.0479534
v 0.05617718 0.2335435 0.07039032
v 0.0368016 0.23411976 -0.18213473
v 0.04439235 0.23361318 -0.16363862
v 0.05752223 0.15262786 -0.00953555
v 0.05752223 0.15262786 -0.00953555
v 0.05500609 0.02520761 -0.00593989
v 0.05248425 0.21481282 -0.00989488
v 0.05877729 0.15417784 -0.0099823
v 0.04874972 0.23354758 0.13036838
v 0.03824141 0.23370482 -0.17111947
v 0.0445139 0.04754052 -0.01060767
v 0.04119075 0.22531526 -0.00995098
v 0.04808313 0.15100229 0.00695989
v 0.05459787 0.24055207 -0.18400913
v 0.04771521 0.23441924 -0.18333633
v 0.04771521 0.23441924 -0.18333633
v 0.02294902 0.2335583 -0.14909811
v 0.02391513 0.2333982 -0.03609111
v 0.0556896 0.06449941 -0.01097144
v 0.04560354 0.02762095 -0.00927236
v 0.05182581 0.15103473 -0.00812551
v 0.04517674 0.23552409 -0.18390259
v 0.03658235 0.23355708 -0.1295879
v 0.05161764 0.18263291 -0.01011096
v 0.0556896 0.06449941 -0.01097144
v 0.04347377 0.23333827 0.01198098
v 0.02595867 0.23350775 0.16305926
v 0.01358774 0.23328137 -0.01223385
v 0.02993684 0.20191881 -0.01019823
v 0.04586543 0.15090521 -0.0004145
v 0.03505278 0.15433083 -0.00996619
v 0.04939258 0.152878 -0.00957645
v 0.05182581 0.15103473 -0.00812551
v 0.01580508 0.23355287 -0.08912672
v 0.04710831 0.15447311 -0.00995909
v 0.0273708 0.03704866 -0.01015304
v 0.01240085 0.23354048 0.10242727
v 0.01498378 0.23371604 0.19287799
v -0.00663991 0.2334976 -0.06083631
v 0.03557835 0.15280648 -0.00958832
v 0.01474137 0.23353556 0.19097817
v 0.01315044 0.23404875 0.19353728
v 0.00277132 0.24772577 -0.18409054
v 0.02453215 0.21010821 -0.01003964
v 0.0269902 0.05468366 -0.01080074
v 0.00720535 0.03082494 -0.00970523
v 0.00284977 0.02534878 0.00382422
v 0.02942446 0.15116705 -0.00799295
v -0.00017488 0.06447157 -0.01092163
v -0.02543713 0.02541961 -0.00825279
v -0.02543713 0.02541961 -0.00825279
v 0.01157392 0.232783 0.00953462
v 0.01534992 0.23955311 -0.18404494
v 0.02701187 0.17551112 -0.0101385
v 0.0325804 0.15605517 -0.00994688
v 0.02942446 0.15116705 -0.00799295
v 0.02055051 0.15100406 -0.0048317
v 0.0053934 0.15102522 0.00684676
v 0.01230198 0.23330444 0.01254011
v 0.01138612 0.23342276 -0.01619784
v -0.00017488 0.06447157 -0.01092163
v 0.04222122 0.23347646 0.0479534
v 0.05617718 0.2335435 0.07039032
v 8.101E-05 0.23353124 0.06957747
v -0.04566947 0.23368879 -0.17097408
v 0.00684958 0.23263593 -0.01006121
v 0.01485552 0.21645778 -0.00986539
v 0.0153256 0.15276544 -0.00931225
v -0.01648942 0.02505261 0.00185998
v 8.101E-05 0.23353124 0.06957747
v 0.00060545 0.23352464 0.14446029
v 0.01015389 0.22392868 -0.00985749
v 0.00880098 0.18959993 -0.00981457
v 0.00095537 0.03609828 -0.01010249
v -0.02491012 0.23355657 -0.10521869
v 0.01099423 0.2303137 -0.00971925
v 0.01179265 0.15647873 -0.0098416
v 0.00494724 0.20268074 -0.00983237
v 0.00455139 0.17919299 -0.00992037
v -0.00432697 0.0275586 -0.00936709
v 0.00770389 0.23339438 0.02649079
v -0.04179002 0.23358983 -0.15935512
v -0.01476221 0.23355113 -0.13868649
v 0.00494538 0.21181379 -0.00970113
v -0.01058344 0.05318037 -0.01078628
v -0.00118428 0.23328622 -0.02167083
v 0.00540216 0.2327449 -0.01202462
v 0.00492385 0.18392183 -0.0098597
v 0.00029743 0.16413561 -0.01007862
v 0.0049219 0.23316319 0.01798769
v -0.00066149 0.23303685 -0.01638884
v 0.00165159 0.21535628 -0.01595156
v 0.00180152 0.20912227 -0.01564378
v 0.00185698 0.19626947 -0.01557284
v 0.00167989 0.2326429 -0.01290077
v 0.00167989 0.2326429 -0.01290077
v 0.00305061 0.17734274 -0.00998608
v 0.00013163 0.172225 -0.01010623
v -0.00761571 0.15640321 -0.00991266
v -0.02216621 0.1510593 -0.0050791
v -0.0276398 0.02505841 -0.00605598
v 0.0036773 0.23225527 0.01021061
v 0.00196988 0.23075147 0.01105308
v 0.00377734 0.18573681 0.01382555
v -0.01291383 0.233486 0.04896273
v -0.01291383 0.233486 0.04896273
v -0.02647386 0.23962568 -0.18401955
v -0.04397371 0.23444556 -0.18335339
v -0.04397371 0.23444556 -0.18335339
v -0.01766661 0.2333895 -0.0374357
v -0.00216723 0.21926901 -0.01589949
v -0.00183794 0.2127237 -0.01633717
v -0.00172905 0.1975693 -0.01618215
v -0.00148104 0.18833002 -0.01646806
v -0.00149473 0.1838408 -0.01680584
v -0.00149473 0.1838408 -0.01680584
v 0.00069662 0.17832318 -0.01499836
v -0.00168339 0.1799553 -0.01605744
v -0.0018953 0.17764854 -0.01433212
v -0.00209715 0.23263988 -0.01287361
v -0.00209715 0.23263988 -0.01287361
v 0.00122262 0.17614722 -0.01159003
v -0.0019627 0.17571859 -0.01159016
v 0.00013163 0.172225 -0.01010623
v -0.00164482 0.17956278 0.00962031
v 0.00184629 0.17956741 0.00952791
v 0.00153048 0.17962663 0.01149278
v -0.00177497 0.17938441 0.011367
v 0.00102032 0.17752875 0.01258607
v -0.000377 0.17732315 0.01350167
v -0.00570238 0.23317379 0.01824453
v 0.00131464 0.17820266 0.01467905
v -0.04307146 0.23360112 0.19071382
v -0.00216723 0.21926901 -0.01589949
v -0.00453616 0.21668077 -0.01498263
v -0.00183794 0.2127237 -0.01633717
v -0.00456179 0.20881994 -0.01491133
v -0.00172905 0.1975693 -0.01618215
v -0.00415105 0.19716975 -0.01465965
v -0.00148104 0.18833002 -0.01646806
v -0.004136 0.18401848 -0.01493333
v -0.00403497 0.17827839 -0.01427854
v -0.00564093 0.23273769 -0.01199251
v -0.00209715 0.23263988 -0.01287361
v -0.0046693 0.23044331 -0.01106141
v -0.0046693 0.23044331 -0.01106141
v -0.00438838 0.17769802 -0.0119002
v -0.00508018 0.17595591 -0.00991346
v -0.00511652 0.21367295 0.00902772
v -0.00342562 0.21247005 0.00974396
v -0.00474568 0.21405052 0.01192441
v -0.00351966 0.20166309 0.00969431
v -0.00466567 0.20079796 0.01238048
v -0.0027831 0.18403064 0.00982809
v -0.00415959 0.18089189 0.01249795
v -0.00164482 0.17956278 0.00962031
v -0.00177497 0.17938441 0.011367
v -0.00163747 0.17965008 0.01520814
v -0.000377 0.17732315 0.01350167
v -0.00380453 0.18065414 0.01451493
v -0.01454541 0.23333298 0.02177215
v -0.04892116 0.25247735 -0.18390377
v -0.02709897 0.23556255 -0.18388063
v -0.05734809 0.23408794 -0.18210676
v -0.01272103 0.23330991 -0.01274554
v -0.00478957 0.21868633 -0.01236308
v -0.00405708 0.21080843 -0.01097946
v -0.00475881 0.20525882 -0.01189664
v -0.00476953 0.19628009 -0.01195633
v -0.00588509 0.18148375 -0.00975846
v -0.00652963 0.23251666 -0.01015779
v -0.00633492 0.22502826 -0.0100548
v -0.00652963 0.23251666 -0.01015779
v -0.0046693 0.23044331 -0.01106141
v -0.00633492 0.22502826 -0.0100548
v -0.00904778 0.2301714 -0.00975343
v -0.00824317 0.21600056 -0.00948809
v -0.00428445 0.21057981 -0.00976135
v -0.00428445 0.21057981 -0.00976135
v -0.00841924 0.20113185 -0.00971736
v -0.00554435 0.20360984 -0.0098547
v -0.00554435 0.20360984 -0.0098547
v -0.00588509 0.18148375 -0.00975846
v -0.00508018 0.17595591 -0.00991346
v -0.01079609 0.17086756 -0.00997466
v -0.023178 0.15122993 -0.00797603
v -0.023178 0.15122993 -0.00797603
v -0.00673208 0.23261331 0.00994367
v -0.01237731 0.23335239 0.01222018
v -0.00418438 0.22633305 0.01035726
v -0.00418438 0.22633305 0.01035726
v -0.00551309 0.221211 0.00938862
v -0.00369151 0.22326617 0.01320294
v -0.00415534 0.22062129 0.01487183
v -0.00469429 0.21411265 0.01530043
v -0.00462726 0.2028089 0.01476437
v -0.00407297 0.18468863 0.01494737
v -0.05858814 0.23355322 -0.08057468
v -0.01725428 0.23273185 -0.00997228
v -0.01345267 0.23038733 -0.00959149
v -0.01725428 0.23273185 -0.00997228
v -0.02436471 0.19189708 -0.01002645
v -0.04608064 0.04296334 -0.01043232
v -0.01499356 0.23283036 0.00945184
v -0.03391401 0.23349147 0.1713883
v -0.02865973 0.17587258 -0.0100625
v -0.04243832 0.15613857 -0.00987778
v -0.04820041 0.152722 -0.0093811
v -0.06630271 0.02759419 -0.0092493
v -0.02231356 0.15106903 0.00691894
v -0.03790836 0.23354211 0.10099087
v -0.04061938 0.23352143 0.14026113
v -0.07323926 0.23378158 0.19286455
v -0.0259592 0.21516058 -0.00979028
v -0.00330771 0.06510708 -0.01030298
v -0.02315984 0.06418682 -0.01087054
v -0.04318146 0.2332495 -0.01684453
v -0.02664931 0.23047346 -0.00976162
v -0.04878412 0.23328772 0.01207565
v -0.04690116 0.23346916 0.04703911
v -0.08673717 0.23408797 0.1934935
v -0.06218771 0.2426419 -0.18411627
v -0.05211473 0.23323725 -0.0121758
v -0.04631446 0.03327117 -0.00989592
v -0.04602999 0.22435717 -0.00972816
v -0.04709703 0.2154519 -0.00973394
v -0.04030291 0.20242485 -0.010018
v -0.05325436 0.06490918 -0.01021411
v -0.04671612 0.05936325 -0.01086301
v -0.05041754 0.02535181 0.00388297
v -0.06037522 0.23280713 0.00920247
v -0.06175609 0.23355852 0.08384827
v -0.06175609 0.23355852 0.08384827
v -0.03790836 0.23354211 0.10099087
v -0.06237232 0.23337211 -0.03242701
v -0.05022701 0.15110852 -0.00803909
v -0.0700346 0.06430887 -0.01077363
v -0.04957416 0.15097147 -0.00575977
v -0.05022701 0.15110852 -0.00803909
v -0.08175645 0.02523678 0.00186353
v -0.05541463 0.25167868 -0.18414888
v -0.0712202 0.23276883 -0.00970206
v -0.0712202 0.23276883 -0.00970206
v -0.05015602 0.15101647 0.0069552
v -0.07774688 0.23354511 -0.14640084
v -0.07596961 0.23352152 0.16303709
v -0.06132007 0.18751296 -0.00978415
v -0.08546253 0.23545621 -0.18416065
v -0.09584878 0.2335602 -0.10843237
v -0.07082434 0.02524151 -0.0059781
v -0.06935816 0.23332952 0.01188513
v -0.09312585 0.23353615 -0.06525892
v -0.08196451 0.23029497 -0.00914395
v -0.08239924 0.23364873 -0.17134076
v -0.08336551 0.19752975 -0.00948049
v -0.07071535 0.15303035 -0.00907871
v -0.06930642 0.15626489 -0.00978562
v -0.08715431 0.2335722 0.13095737
v -0.09339115 0.23355219 0.1763369
v -0.08086289 0.16615808 -0.00948425
v -0.07578541 0.05074029 -0.01048023
v -0.075894 0.03648075 -0.00985499
v -0.08715431 0.2335722 0.13095737
v -0.09516681 0.25245368 -0.18419772
v -0.08257712 0.21513192 -0.0092027
v -0.08316194 0.15173644 -0.00752631
v -0.09302354 0.02555673 -0.00804031
v -0.08316194 0.15173644 -0.00752631
v -0.08084823 0.15146844 -0.00437167
v -0.09302354 0.02555673 -0.00804031
v -0.08220801 0.15143405 0.00201816
v -0.08140969 0.15160292 0.00647265
v -0.09251912 0.23355223 0.1910105
v -0.10125983 0.23343077 0.0330623
v -0.08615579 0.24779165 -0.18426813
v -0.08692036 0.23425686 -0.18366836
v -0.08692036 0.23425686 -0.18366836
v -0.04397371 0.23444556 -0.18335339
v -0.05734809 0.23408794 -0.18210676
v -0.08692036 0.23425686 -0.18366836
v -0.1029194 0.23393497 -0.1823817
v -0.1139132 0.25173813 -0.18437409
v -0.11097541 0.23336205 -0.02534471
v -0.13233373 0.23329517 -0.01206216
v -0.09662588 0.20086552 -0.00941786
v -0.11877345 0.06413547 -0.01067065
v -0.13264172 0.02537702 0.00409732
v -0.10195881 0.23356339 0.06227461
v -0.09156014 0.06509437 -0.0101642
v -0.11784612 0.23360409 0.08267176
v -0.11452958 0.23346189 -0.04420054
v -0.11271091 0.0276339 -0.0091587
v -0.08239924 0.23364873 -0.17134076
v -0.04179002 0.23358983 -0.15935512
v -0.12130195 0.23357446 -0.16193269
v -0.07774688 0.23354511 -0.14640084
v -0.10520454 0.17131963 -0.00941765
v -0.10148777 0.15624087 -0.00958637
v -0.10090366 0.15306962 -0.00887567
v -0.11551443 0.23333158 0.01192806
v -0.11841462 0.23279046 -0.00964669
v -0.11299466 0.23041937 -0.00917528
v -0.11841462 0.23279046 -0.00964669
v -0.10521261 0.04010044 -0.00999995
v -0.11967797 0.23282985 0.00886836
v -0.08715431 0.2335722 0.13095737
v -0.07596961 0.23352152 0.16303709
v -0.14707196 0.23357368 0.16220713
v -0.14080569 0.23543578 -0.18411589
v -0.11132 0.21534272 -0.00922225
v -0.13008587 0.06034528 -0.01066939
v -0.14099427 0.1514211 -0.00271011
v -0.13385111 0.15163533 0.00660934
v -0.13656515 0.2336067 0.12235966
v -0.12674099 0.24787837 -0.1842555
v -0.13473888 0.23416914 -0.18360879
v -0.13473888 0.23416914 -0.18360879
v -0.12481084 0.23356059 -0.13102372
v -0.12110655 0.23378234 0.19292624
v -0.14087681 0.20042364 -0.00937457
v -0.13454403 0.16590329 -0.00944869
v -0.12969008 0.15620264 -0.00972145
v -0.13656515 0.2336067 0.12235966
v -0.09339115 0.23355219 0.1763369
v -0.09251912 0.23355223 0.1910105
v -0.12411031 0.23365682 0.19091026
v -0.12110655 0.23378234 0.19292624
v -0.12130195 0.23357446 -0.16193269
v -0.1313713 0.15303598 -0.0090261
v -0.14374311 0.15143955 0.00182273
v -0.09584878 0.2335602 -0.10843237
v -0.09312585 0.23353615 -0.06525892
v -0.1574129 0.23356768 -0.07072958
v -0.13127616 0.21602416 -0.0090964
v -0.13965516 0.06491865 -0.01008018
v -0.09339115 0.23355219 0.1763369
v -0.14336763 0.23384108 -0.18238628
v -0.13360783 0.23040766 -0.00899209
v -0.14970914 0.15160619 -0.00746552
v -0.15893573 0.23351015 0.04559591
v -0.11452958 0.23346189 -0.04420054
v -0.16123134 0.03586337 -0.00980121
v -0.14320165 0.02757885 -0.00917695
v -0.14163679 0.02542226 -0.00812771
v -0.16157907 0.23360388 0.17903717
v -0.12411031 0.23365682 0.19091026
v -0.1616126 0.04479638 -0.01020549
v -0.15037388 0.02506822 0.00205357
v -0.14925735 0.24771194 -0.18419518
v -0.16294309 0.23358151 -0.15035307
v -0.17408812 0.23360381 -0.10076982
v -0.1574129 0.23356768 -0.07072958
v -0.1560286 0.23334675 -0.02307523
v -0.16564633 0.15625452 -0.00962762
v -0.1313713 0.15303598 -0.0090261
v -0.16807851 0.23362021 0.1107773
v -0.14707196 0.23357368 0.16220713
v -0.17320378 0.25250044 -0.18401894
v -0.16074276 0.23277965 -0.00952263
v -0.16074276 0.23277965 -0.00952263
v -0.16330945 0.15298365 -0.00894615
v -0.16330945 0.15298365 -0.00894615
v -0.16748437 0.06431772 -0.01061599
v -0.17080569 0.0565429 -0.0105665
v -0.15475991 0.23334455 0.01199055
v -0.19774571 0.23364474 -0.1695061
v -0.16728193 0.21682341 -0.00910599
v -0.17938773 0.25167283 -0.18428709
v -0.17164624 0.23283957 0.00884171
v -0.18713206 0.23361836 0.0699959
v -0.20300493 0.23345442 -0.03612029
v -0.16828263 0.23041853 -0.00891691
v -0.16599131 0.16556539 -0.00938568
v -0.19309154 0.23367968 0.19057597
v -0.16942535 0.2012499 -0.0093895
v -0.18474178 0.23360837 0.15210387
v -0.21398437 0.23411193 0.19356818
v -0.1786941 0.23547593 -0.18411419
v -0.19127554 0.23360509 -0.12112779
v -0.18123861 0.15135609 -0.00224486
v -0.18078934 0.15138088 0.00208933
v -0.17632763 0.15159519 0.0067432
v -0.18241706 0.24809122 -0.18418802
v -0.18146524 0.23331282 -0.01207427
v -0.19412164 0.04569109 -0.01038076
v -0.20790178 0.23384386 0.19288532
v -0.20790178 0.23384386 0.19288532
v -0.20487137 0.23426031 -0.18373536
v -0.20487137 0.23426031 -0.18373536
v -0.19170561 0.23396452 -0.1822501
v -0.1959385 0.23276581 -0.0099203
v -0.1959385 0.23276581 -0.0099203
v -0.20931125 0.16899422 -0.00974167
v -0.17914559 0.15154082 -0.00760327
v -0.19213404 0.06494845 -0.01012137
v -0.21530893 0.02529382 -0.00836859
v -0.21530893 0.02529382 -0.00836859
v -0.19345687 0.02492484 -0.00723079
v -0.19891612 0.23341978 0.01198918
v -0.21399094 0.23349717 0.03550636
v -0.1861039 0.06413293 -0.01078414
v -0.19258381 0.02753917 -0.0092493
v -0.21941693 0.23366207 0.11225963
v -0.20907834 0.23543721 -0.1842725
v -0.23528849 0.23359871 -0.15933701
v -0.20297496 0.23043269 -0.00966524
v -0.20428012 0.21439077 -0.00956601
v -0.17914559 0.15154082 -0.00760327
v -0.22120269 0.23355597 -0.05127788
v -0.22486335 0.23334402 -0.01786485
v -0.19727282 0.15313926 -0.00901612
v -0.20530967 0.15178122 -0.00754917
v -0.20190589 0.03733741 -0.00997846
v -0.20071658 0.15152194 -0.00569338
v -0.19692707 0.15170719 0.00651212
v -0.22894183 0.23362005 0.16991194
v -0.22914496 0.25242275 -0.18428582
v -0.20982963 0.24718405 -0.18435201
v -0.2078353 0.05803716 -0.01095436
v -0.21492578 0.23283559 0.0094656
v -0.22623709 0.23391579 -0.18232107
v -0.20759937 0.06401458 -0.011082
v -0.21190627 0.20116976 -0.00978649
v -0.22728054 0.23361602 -0.12679482
v -0.22590157 0.23364307 -0.07775637
v -0.24155501 0.15305391 -0.00922228
v -0.24155501 0.15305391 -0.00922228
v -0.22889537 0.0274688 -0.00918472
v -0.2532331 0.23324142 -0.01204055
v -0.23028518 0.21439692 -0.00965499
v -0.22120684 0.17966981 -0.009767
v -0.20759937 0.06401458 -0.011082
v -0.26029539 0.15127473 -0.00247463
v -0.23585027 0.23363997 0.06515779
v -0.25191945 0.2327331 -0.00990318
v -0.25191945 0.2327331 -0.00990318
v -0.23032208 0.23045805 -0.00976041
v -0.22735579 0.04055509 -0.01014657
v -0.24945931 0.23372687 0.19074744
v -0.24967387 0.23336259 -0.02255142
v -0.23204584 0.05667222 -0.01086174
v -0.24812086 0.19949882 -0.00977534
v -0.24453622 0.16774631 -0.00976283
v -0.2714268 0.23365262 -0.08868569
v -0.23781873 0.06390782 -0.01099135
v -0.26813465 0.15130147 0.00183072
v -0.26482537 0.15153939 0.00528264
v -0.26757571 0.2336307 0.15528724
v -0.27005154 0.24785383 -0.18432914
v -0.25260556 0.23558463 -0.18431261
v -0.24621481 0.15432759 -0.01006003
v -0.24817194 0.06489708 -0.0100871
v -0.21492578 0.23283559 0.0094656
v -0.19891612 0.23341978 0.01198918
v -0.24256632 0.2333658 0.01197984
v -0.25934559 0.25179079 -0.18442993
v -0.2715714 0.23361877 -0.12809038
v -0.27188385 0.23361027 -0.06442437
v -0.25559932 0.02460836 -0.00741356
v -0.26260653 0.21571809 -0.00953896
v -0.27108702 0.15134381 -0.00593404
v -0.27312881 0.23366529 0.12578461
v -0.2767958 0.23419926 -0.18371299
v -0.2767958 0.23419926 -0.18371299
v -0.21399094 0.23349717 0.03550636
v -0.26944542 0.23350376 0.03771905
v -0.27162158 0.23367223 0.08974212
v -0.256823 0.23348083 -0.04100031
v -0.25977576 0.23050791 -0.00956709
v -0.2617045 0.03734426 -0.0100429
v -0.24256632 0.2333658 0.01197984
v -0.25977635 0.02520475 -0.00862768
v -0.25977635 0.02520475 -0.00862768
v -0.27298027 0.23285984 0.00935828
v -0.28140068 0.23389772 -0.18244617
v -0.28119242 0.23362519 -0.16850238
v -0.28817022 0.15434776 -0.00998101
v -0.27028495 0.05386722 -0.01089463
v -0.25807062 0.02741998 -0.00929524
v -0.2828925 0.23381354 0.19296223
v -0.2828925 0.23381354 0.19296223
v -0.20790178 0.23384386 0.19288532
v -0.21398437 0.23411193 0.19356818
v -0.29644692 0.23358566 -0.15534179
v -0.30200648 0.15151079 -0.00790469
v -0.28661531 0.16606112 -0.00979766
v -0.29214031 0.23360161 0.17216468
v -0.30941993 0.25249717 -0.18423572
v -0.27900445 0.2354337 -0.18422773
v -0.29340371 0.23345968 -0.03591491
v -0.30261937 0.23328096 -0.01207782
v -0.2725209 0.19988741 -0.00978862
v -0.29842559 0.02735583 -0.0092365
v -0.30217931 0.23343931 0.0122174
v -0.29175419 0.23362285 0.06295745
v -0.3230713 0.23421948 0.19351748
v -0.31744725 0.23359954 -0.14200777
v -0.29387498 0.23042883 -0.00964313
v -0.29368117 0.22468807 -0.00973939
v -0.27090204 0.06406854 -0.01117623
v -0.29785621 0.23368555 0.19093908
v -0.31809756 0.25178993 -0.18445751
v -0.30202121 0.23891447 -0.18434007
v -0.30300725 0.05402301 -0.0108472
v -0.30299741 0.21557713 -0.0098008
v -0.30660808 0.02457554 -0.0074169
v -0.30844265 0.24814445 -0.18433517
v -0.32059738 0.23342828 -0.02200929
v -0.3149583 0.2327392 -0.01019909
v -0.3149583 0.2327392 -0.01019909
v -0.29726863 0.19888838 -0.00996356
v -0.29809147 0.18175334 -0.00990009
v -0.31563303 0.15276548 -0.00931787
v -0.33332318 0.15394631 -0.01014473
v -0.31563303 0.15276548 -0.00931787
v -0.3153629 0.02517119 -0.00852371
v -0.3153629 0.02517119 -0.00852371
v -0.31789055 0.23366168 0.09720571
v -0.33508536 0.23368004 -0.1705998
v -0.32262832 0.03772943 -0.00993649
v -0.31261328 0.15111612 -0.00470294
v -0.32803133 0.23043448 -0.01024582
v -0.31297016 0.15110694 0.00188488
v -0.32256928 0.23288503 0.00994453
v -0.32010496 0.23346315 0.02307445
v -0.32333174 0.23362646 0.15641996
v -0.32764503 0.23436889 -0.18389164
v -0.32764503 0.23436889 -0.18389164
v -0.34382081 0.23367949 -0.09489062
v -0.2715714 0.23361877 -0.12809038
v -0.2714268 0.23365262 -0.08868569
v -0.36200058 0.23361439 -0.136094
v -0.34382081 0.23367949 -0.09489062
v -0.32641098 0.23343779 -0.01608715
v -0.34690022 0.06177896 -0.01133469
v -0.34273291 0.23402645 -0.18241844
v -0.34937128 0.23368888 -0.07560576
v -0.33429867 0.2336186 -0.05832658
v -0.33601022 0.17643884 -0.01020685
v -0.34243274 0.06378762 -0.01124809
v -0.31953561 0.02748809 -0.00913497
v -0.32306412 0.23349105 0.01206189
v -0.32205844 0.23355503 0.0158785
v -0.33343288 0.23556918 -0.18441179
v -0.34937128 0.23368888 -0.07560576
v -0.34338343 0.23354827 0.04759985
v -0.35353386 0.23364219 0.07473862
v -0.33580905 0.23362111 0.13691661
v -0.35139668 0.2335905 0.16593188
v -0.34555712 0.2482572 -0.18438783
v -0.34180474 0.23347095 -0.03179592
v -0.33484349 0.21730585 -0.01027366
v -0.33728045 0.20191893 -0.01042871
v -0.33226636 0.15123923 -0.00795354
v -0.33242032 0.22563925 -0.01036651
v -0.33387384 0.15239224 -0.00933448
v -0.33387384 0.15239224 -0.00933448
v -0.33282509 0.15084377 -0.00435379
v -0.33138639 0.15082236 0.00166194
v -0.36048743 0.23393676 0.19291908
v -0.3230713 0.23421948 0.19351748
v -0.36446181 0.02432491 -0.00583205
v -0.37049595 0.23365897 0.10218722
v -0.37452719 0.02506631 -0.00847418
v -0.37452719 0.02506631 -0.00847418
v -0.35173947 0.05820922 -0.01117064
v -0.38401127 0.23338847 -0.02358243
v -0.30261937 0.23328096 -0.01207782
v -0.3149583 0.2327392 -0.01019909
v -0.36829525 0.23260713 -0.01033125
v -0.36829525 0.23260713 -0.01033125
v -0.3907811 0.15089451 0.00540506
v -0.35764545 0.23355348 0.13928196
v -0.34009153 0.17765039 0.12936729
v -0.34275553 0.18007208 0.12847951
v -0.34203485 0.17597413 0.12851515
v -0.34203485 0.17597413 0.12851515
v -0.34068754 0.1736832 0.12961908
v -0.34037271 0.17349419 0.13220307
v -0.3442471 0.17258842 0.1315264
v -0.34109846 0.17350689 0.13550329
v -0.38607851 0.2518523 -0.1844331
v -0.34364694 0.17384543 -0.1359019
v -0.34682968 0.17627358 -0.13617873
v -0.34364694 0.17384543 -0.1359019
v -0.34193403 0.17392795 -0.13222937
v -0.34663266 0.17279153 -0.13236509
v -0.34304434 0.17374757 -0.13000846
v -0.34655926 0.17347412 -0.1295027
v -0.37298545 0.23368613 -0.11637185
v -0.38067806 0.2331612 -0.01223132
v -0.36829525 0.23260713 -0.01033125
v -0.3673023 0.21651381 -0.01026218
v -0.35086542 0.16678408 -0.01014495
v -0.36836812 0.15259798 -0.00930476
v -0.36836812 0.15259798 -0.00930476
v -0.37811258 0.02738603 -0.00910544
v -0.37446454 0.23346914 0.03547012
v -0.34618503 0.17608139 0.12810764
v -0.34203485 0.17597413 0.12851515
v -0.34624797 0.1733965 0.12918407
v -0.34618503 0.17608139 0.12810764
v -0.34651053 0.17244276 0.13419692
v -0.34596595 0.17328019 0.13634874
v -0.35715848 0.23376189 0.19070835
v -0.38639286 0.23393306 -0.18244989
v -0.37065348 0.23353034 -0.15122631
v -0.34940243 0.173117 -0.13491619
v -0.36756575 0.02450209 -0.00752255
v -0.35863286 0.23344003 0.15424663
v -0.3799316 0.2340986 0.19358021
v -0.37820736 0.18395393 -0.01020874
v -0.36185464 0.17336859 0.1363454
v -0.41192558 0.25256497 -0.18416469
v -0.37786657 0.23428452 -0.18381345
v -0.37786657 0.23428452 -0.18381345
v -0.360275 0.17598706 -0.13593759
v -0.3616299 0.17383675 -0.13571565
v -0.3616299 0.17383675 -0.13571565
v -0.36127013 0.1731554 -0.13465396
v -0.36081782 0.17287214 -0.13223869
v -0.36266285 0.17356634 -0.12942582
v -0.36405247 0.19770147 -0.01038184
v -0.38842732 0.15085246 -0.00569582
v -0.36271864 0.1734519 0.12947394
v -0.36370409 0.17257918 0.13401787
v -0.35863286 0.23344003 0.15424663
v -0.35139668 0.2335905 0.16593188
v -0.36053172 0.23348506 0.16947722
v -0.36053172 0.23348506 0.16947722
v -0.36770192 0.22569551 -0.01044862
v -0.38146999 0.15120149 -0.00784923
v -0.37866449 0.03822187 -0.00993297
v -0.39117756 0.15065925 -0.00234015
v -0.41435474 0.23283996 0.01004061
v -0.40510693 0.23346694 0.01609584
v -0.41069201 0.23336722 0.02187879
v -0.36207926 0.17596604 0.12847847
v -0.36207926 0.17596604 0.12847847
v -0.36685988 0.23316425 0.14747159
v -0.36470252 0.23307393 0.16168997
v -0.40759188 0.17257838 0.13192414
v -0.36725554 0.23240927 0.15416634
v -0.36470252 0.23307393 0.16168997
v -0.36807811 0.2334576 0.1709055
v -0.40225309 0.23372138 -0.17326596
v -0.40369511 0.23363358 -0.15659794
v -0.38565344 0.23359403 -0.05520184
v -0.39221978 0.15065236 0.00177347
v -0.39125189 0.23339841 0.01210004
v -0.40854347 0.23363057 0.07627285
v -0.38681811 0.2335532 0.13389778
v -0.37340534 0.23343737 0.14209944
v -0.37080371 0.23247759 0.15310419
v -0.3804158 0.23370466 0.18651462
v -0.39229855 0.23550312 -0.18432659
v -0.37824494 0.17602669 -0.13643399
v -0.40553388 0.17210779 -0.1323998
v -0.39591771 0.23371062 -0.09962751
v -0.38447431 0.17602159 0.12844509
v -0.38447431 0.17602159 0.12844509
v -0.3744649 0.23326373 0.15843749
v -0.3744649 0.23326373 0.15843749
v -0.36470252 0.23307393 0.16168997
v -0.36807811 0.2334576 0.1709055
v -0.38903815 0.23378251 0.19292343
v -0.39663529 0.2486399 -0.18434814
v -0.3828615 0.17355376 -0.13624159
v -0.39417747 0.17252387 -0.13507387
v -0.3828615 0.17355376 -0.13624159
v -0.39647064 0.23367493 -0.13580096
v -0.39526349 0.22558589 -0.01033591
v -0.37794477 0.23305647 0.15192959
v -0.38652924 0.23341842 0.15861145
v -0.41033924 0.2333768 -0.01592435
v -0.40269527 0.23262909 -0.01026183
v -0.40283635 0.20290613 -0.01030365
v -0.41123798 0.23363811 0.11297362
v -0.40630662 0.17341331 0.12947033
v -0.40779755 0.17234983 0.1345904
v -0.38613573 0.23319879 0.15261699
v -0.38652924 0.23341842 0.15861145
v -0.38652924 0.23341842 0.15861145
v -0.3804158 0.23370466 0.18651462
v -0.40350422 0.23344548 0.16125837
v -0.39671275 0.23365214 0.19094151
v -0.39893526 0.05673384 -0.01078224
v -0.40182835 0.23350865 0.04833442
v -0.41597775 0.1525844 -0.00950906
v -0.38146999 0.15120149 -0.00784923
v -0.40007165 0.02743579 -0.00890171
v -0.40465006 0.23315859 0.15398455
v -0.4174321 0.23367566 -0.08099681
v -0.4174321 0.23367566 -0.08099681
v -0.34937128 0.23368888 -0.07560576
v -0.38565344 0.23359403 -0.05520184
v -0.40269527 0.23262909 -0.01026183
v -0.40268216 0.21730694 -0.0102081
v -0.41109946 0.17536484 -0.01018661
v -0.42837495 0.0251591 -0.00804705
v -0.42837495 0.0251591 -0.00804705
v -0.42351747 0.02449346 -0.00691909
v -0.40484995 0.17320105 0.13683456
v -0.40350422 0.23344548 0.16125837
v -0.43510976 0.2343158 -0.18370387
v -0.43510976 0.2343158 -0.18370387
v -0.40180981 0.17338757 -0.1360925
v -0.40180981 0.17338757 -0.1360925
v -0.40444851 0.17319964 -0.12856804
v -0.44627637 0.03989105 -0.00961161
v -0.40854347 0.23363057 0.07627285
v -0.35353386 0.23364219 0.07473862
v -0.37049595 0.23365897 0.10218722
v -0.40645906 0.17611805 0.12874477
v -0.40645906 0.17611805 0.12874477
v -0.38447431 0.17602159 0.12844509
v -0.40630662 0.17341331 0.12947033
v -0.44221517 0.05271508 -0.01038076
v -0.40652213 0.17256625 -0.13465598
v -0.42075589 0.23328647 -0.01225303
v -0.42102659 0.15080602 -0.00808773
v -0.42102659 0.15080602 -0.00808773
v -0.42165768 0.23356608 0.13884474
v -0.40931895 0.1734633 -0.13516024
v -0.41501495 0.17276201 -0.12863244
v -0.4339968 0.23366767 -0.13565627
v -0.40617973 0.17404598 -0.12678622
v -0.38401127 0.23338847 -0.02358243
v -0.4357636 0.23337989 -0.0339695
v -0.41033924 0.2333768 -0.01592435
v -0.44536579 0.06127548 -0.01067899
v -0.43555805 0.14994156 0.00187612
v -0.42682761 0.23342963 0.01228892
v -0.41586757 0.23336577 0.1542836
v -0.43696818 0.23557861 -0.18431471
v -0.41390416 0.17214195 -0.13170674
v -0.41773757 0.17370307 -0.12665953
v -0.43520701 0.23342174 -0.04752957
v -0.4199101 0.22567946 -0.01044129
v -0.42066023 0.21866789 -0.01035849
v -0.436571 0.15015867 -0.00608897
v -0.43591762 0.1499425 -0.00265697
v -0.43576241 0.15015225 0.00538991
v -0.41499403 0.17608088 0.12818855
v -0.41499403 0.17608088 0.12818855
v -0.41499403 0.17608088 0.12818855
v -0.4157882 0.17333624 0.12907946
v -0.41426933 0.17320119 0.13597593
v -0.41775694 0.17583023 -0.13328564
v -0.41785139 0.17304808 -0.13264678
v -0.41785139 0.17304808 -0.13264678
v -0.43394583 0.23369181 -0.10883742
v -0.42974606 0.23259293 -0.01031466
v -0.42974606 0.23259293 -0.01031466
v -0.43524399 0.23338541 0.05302387
v -0.41123798 0.23363811 0.11297362
v -0.42124978 0.17222747 0.13070266
v -0.41741413 0.17241623 0.13355565
v -0.4359661 0.25190279 -0.1844444
v -0.45223129 0.23368977 -0.1710462
v -0.42203695 0.17209958 -0.13001889
v -0.42363414 0.17217614 -0.12822591
v -0.42117375 0.17340837 -0.12590371
v -0.44723251 0.23360236 -0.07108141
v -0.44564778 0.0276104 -0.00869567
v -0.43212068 0.23323414 0.02297887
v -0.41996589 0.17626268 0.12685205
v -0.41996589 0.17626268 0.12685205
v -0.42053625 0.1732244 0.12808441
v -0.42041254 0.17369308 0.13489768
v -0.4247247 0.23354557 0.15849595
v -0.42480803 0.17624788 -0.13085397
v -0.42393711 0.1737576 -0.13103774
v -0.42393711 0.1737576 -0.13103774
v -0.42511925 0.17317925 -0.12448306
v -0.42736974 0.23349722 -0.01602732
v -0.42736974 0.23349722 -0.01602732
v -0.42987889 0.20640866 -0.01046156
v -0.43111998 0.16315757 -0.01016051
v -0.43393135 0.17157702 -0.01040943
v -0.44047081 0.06357228 -0.01061055
v -0.43978915 0.23335764 0.01408484
v -0.43625554 0.23365444 0.12479696
v -0.43625554 0.23365444 0.12479696
v -0.42444187 0.17361973 0.12508623
v -0.42638591 0.17277251 0.12640551
v -0.42217878 0.1731579 0.13316497
v -0.45554718 0.23399338 -0.18224691
v -0.42816111 0.17342004 -0.12844984
v -0.42756528 0.17227201 -0.12695098
v -0.42662105 0.17368673 -0.12201063
v -0.42921242 0.17329933 -0.12083761
v -0.43671396 0.22112714 -0.01028726
v -0.44317749 0.15660664 -0.00986838
v -0.43958929 0.15261713 -0.00945051
v -0.44051269 0.02448132 2.086E-05
v -0.43584508 0.15059936 0.00780184
v -0.44474486 0.23346111 0.06135862
v -0.42659414 0.17893453 0.12227232
v -0.42824456 0.17370541 0.12155695
v -0.4334828 0.1725128 0.12334099
v -0.42752802 0.17240342 0.12938297
v -0.42838851 0.17334685 0.13102338
v -0.44464567 0.23369341 0.19065711
v -0.43065178 0.17595197 -0.12749171
v -0.42816111 0.17342004 -0.12844984
v -0.43305665 0.17324322 -0.12496565
v -0.43670404 0.17284636 -0.11716473
v -0.43060702 0.17363225 -0.11831931
v -0.43371344 0.17361981 -0.11609137
v -0.43513983 0.23304538 -0.01247067
v -0.43680874 0.18458623 -0.01060169
v -0.44433197 0.23358306 0.07053266
v -0.43373731 0.17370459 0.11620848
v -0.43309093 0.18042564 0.11722914
v -0.43091595 0.17378172 0.11871753
v -0.4350858 0.17282432 0.11836353
v -0.43373731 0.17370459 0.11620848
v -0.44464567 0.23369341 0.19065711
v -0.43488881 0.17997812 -0.12407614
v -0.43584907 0.17604344 -0.12364009
v -0.43065178 0.17595197 -0.12749171
v -0.42816111 0.17342004 -0.12844984
v -0.43305665 0.17324322 -0.12496565
v -0.43584907 0.17604344 -0.12364009
v -0.44003335 0.17274642 -0.11748195
v -0.43744999 0.17356783 -0.11270013
v -0.44723251 0.23360236 -0.07108141
v -0.43520701 0.23342174 -0.04752957
v -0.45698729 0.23336191 -0.04849998
v -0.43585002 0.23339045 -0.01635112
v -0.43585002 0.23339045 -0.01635112
v -0.43686014 0.20453273 -0.01072119
v -0.4426893 0.15117119 -0.00855332
v -0.4426893 0.15117119 -0.00855332
v -0.44295472 0.23260161 0.01036253
v -0.41435474 0.23283996 0.01004061
v -0.42682761 0.23342963 0.01228892
v -0.44034278 0.23328222 0.04021652
v -0.43742332 0.17346209 0.11256322
v -0.44125685 0.1723911 0.11625089
v -0.43301725 0.17337397 0.12736666
v -0.44030094 0.1800666 -0.11941075
v -0.44003981 0.17739031 -0.12020059
v -0.43978739 0.17379825 -0.11978153
v -0.44003981 0.17739031 -0.12020059
v -0.43978739 0.17379825 -0.11978153
v -0.44425914 0.17289229 -0.10818433
v -0.44114465 0.17369804 -0.10664583
v -0.45265734 0.23367074 -0.09429584
v -0.43985599 0.23317328 -0.04172153
v -0.4357636 0.23337989 -0.0339695
v -0.43986738 0.23288849 -0.02756643
v -0.43585002 0.23339045 -0.01635112
v -0.43513983 0.23304538 -0.01247067
v -0.4404442 0.23266879 -0.01393728
v -0.43814585 0.23236178 -0.0106315
v -0.44287643 0.0649773 -0.00906381
v -0.44415727 0.06399855 -0.00993276
v -0.44782582 0.02513836 -0.00753012
v -0.44782582 0.02513836 -0.00753012
v -0.44076157 0.15028636 -0.00520894
v -0.44088903 0.15029748 0.00374684
v -0.44302237 0.15107498 0.00762475
v -0.44295472 0.23260161 0.01036253
v -0.44012454 0.2329773 0.05202597
v -0.44392034 0.17228504 0.10843296
v -0.43702248 0.17340502 0.12355371
v -0.43625554 0.23365444 0.12479696
v -0.4247247 0.23354557 0.15849595
v -0.44677618 0.23365754 0.15156162
v -0.44464567 0.23369341 0.19065711
v -0.44677618 0.23365754 0.15156162
v -0.45790291 0.23360422 0.16876958
v -0.44633064 0.17296828 -0.10758865
v -0.4420377 0.17369822 -0.10006718
v -0.44466251 0.17320728 -0.08504594
v -0.44235674 0.17371748 -0.08379737
v -0.44463718 0.17290173 -0.04679229
v -0.44214302 0.17356007 -0.0438919
v -0.44449025 0.23322235 -0.04633434
v -0.44330037 0.23265529 -0.04208285
v -0.44150147 0.22187182 -0.0410806
v -0.4434728 0.21571529 -0.04172159
v -0.44228929 0.21410114 -0.04116752
v -0.44403157 0.20889953 -0.04140404
v -0.44247961 0.20110118 -0.04001798
v -0.44209665 0.232613 -0.03869682
v -0.44205371 0.19782099 -0.03822187
v -0.44405767 0.19582491 -0.03877476
v -0.4422248 0.18923065 -0.03640549
v -0.44398457 0.19145536 -0.03766349
v -0.44189528 0.23240249 -0.02823534
v -0.44194517 0.23231363 -0.01451792
v -0.4407323 0.23039509 -0.01216057
v -0.45205024 0.02472418 -0.00619107
v -0.4431847 0.15086795 -0.00504254
v -0.44367465 0.23278718 0.01286479
v -0.4438827 0.23282979 0.02897302
v -0.44274935 0.23254895 0.04999207
v -0.44383171 0.23257695 0.05385139
v -0.44655043 0.23297173 0.05730258
v -0.4425264 0.17358717 0.06695416
v -0.44469634 0.1729266 0.09335744
v -0.44237325 0.17358878 0.09409792
v -0.46441507 0.23359336 0.07820266
v -0.4409619 0.17344572 0.11920888
v -0.46642876 0.2520453 -0.18465801
v -0.47340146 0.23556574 -0.1844586
v -0.443542 0.17405847 -0.11597047
v -0.44363278 0.1822302 -0.11445247
v -0.443542 0.17405847 -0.11597047
v -0.4477371 0.17389745 -0.10934433
v -0.44801432 0.17300442 -0.0920054
v -0.44796273 0.17267331 -0.0436767
v -0.45084381 0.23047002 -0.04307342
v -0.45252809 0.222452 -0.04305057
v -0.44619235 0.23240764 -0.0428863
v -0.44769764 0.23276265 -0.0441678
v -0.44330037 0.23265529 -0.04208285
v -0.44822735 0.21747154 -0.04295328
v -0.44783783 0.2095419 -0.04173309
v -0.44931114 0.19991991 -0.03930748
v -0.44724563 0.19294164 -0.0377302
v -0.44830722 0.17331134 -0.0306197
v -0.44452384 0.17633998 -0.01648665
v -0.4441669 0.17592603 -0.01255083
v -0.44692102 0.17454796 -0.0136435
v -0.44692102 0.17454796 -0.0136435
v -0.4470624 0.16830702 -0.01014685
v -0.44479284 0.15512541 -0.00916382
v -0.45696202 0.05562074 -0.01059303
v -0.44479284 0.15512541 -0.00916382
v -0.4426893 0.15117119 -0.00855332
v -0.4431847 0.15086795 -0.00504254
v -0.44491974 0.15359849 -0.00070133
v -0.44429696 0.15222901 0.00504926
v -0.44302237 0.15107498 0.00762475
v -0.44511381 0.15415402 0.00830369
v -0.44488764 0.17671125 0.01749267
v -0.44597715 0.1738492 0.02697349
v -0.44577339 0.17367665 0.03389032
v -0.44862121 0.17279522 0.04400441
v -0.44797456 0.23244415 0.05514774
v -0.4483465 0.17261754 0.05842568
v -0.44806305 0.17270999 0.08318797
v -0.4606865 0.23364578 0.12719589
v -0.44712159 0.17224763 0.10491604
v -0.4476628 0.17332186 0.10804275
v -0.44370219 0.17355596 0.1158428
v -0.44713977 0.17603227 -0.11136746
v -0.4477371 0.17389745 -0.10934433
v -0.44794875 0.18209028 -0.10812628
v -0.44930094 0.17367931 -0.10233033
v -0.45022291 0.17362051 -0.09291497
v -0.44995511 0.1733616 -0.05610318
v -0.45216796 0.23284116 -0.04415886
v -0.45216796 0.23284116 -0.04415886
v -0.45053294 0.17338021 -0.03903589
v -0.4522664 0.21599315 -0.0421825
v -0.45176381 0.21071152 -0.04084313
v -0.44960025 0.19449735 -0.03676377
v -0.45013675 0.19933945 -0.0377866
v -0.44931114 0.19991991 -0.03930748
v -0.44960025 0.19449735 -0.03676377
v -0.44940314 0.18773729 -0.03564654
v -0.44977 0.18440847 -0.03669819
v -0.45087764 0.17379573 -0.02575626
v -0.44921374 0.17548458 -0.01352905
v -0.44921374 0.17548458 -0.01352905
v -0.44841167 0.17133766 -0.01063314
v -0.46127942 0.06436612 -0.00991086
v -0.44792154 0.16852322 -0.00782548
v -0.4470624 0.16830702 -0.01014685
v -0.44584188 0.15797976 -0.00716058
v -0.44841167 0.17133766 -0.01063314
v -0.44840109 0.16916975 -0.00081508
v -0.44612753 0.15690412 0.00568446
v -0.44901234 0.1713578 0.00907515
v -0.44795722 0.16714649 0.00697697
v -0.44850409 0.16889951 0.00979609
v -0.44700041 0.16457449 0.00957886
v -0.44624963 0.15868282 0.00906451
v -0.45002148 0.1722711 0.01176956
v -0.45117798 0.17384882 0.01619441
v -0.45145416 0.17340618 0.03402632
v -0.45102605 0.17297284 0.04929947
v -0.45616108 0.23264569 0.05466669
v -0.45065764 0.173306 0.06034214
v -0.45020258 0.17333744 0.07913418
v -0.45011866 0.17322312 0.09686551
v -0.4480094 0.18138488 0.10454103
v -0.4476628 0.17332186 0.10804275
v -0.45818186 -0.25386381 -0.17331962
v -0.45424744 -0.25331399 -0.16709389
v -0.45506212 -0.25434387 -0.16543232
v -0.45290285 -0.25402173 -0.15681462
v -0.45457366 -0.2546393 -0.15724863
v -0.45462847 -0.2533603 -0.14831682
v -0.45584711 -0.25444821 -0.15095268
v -0.46595997 0.23362358 -0.12955415
v -0.45730844 -0.25421712 -0.14441556
v -0.44952726 0.17607014 -0.10574839
v -0.45052534 0.18000588 -0.10065456
v -0.44930094 0.17367931 -0.10233033
v -0.45020419 0.18258671 -0.09414684
v -0.45114428 0.17625536 -0.09668355
v -0.45022291 0.17362051 -0.09291497
v -0.45115221 0.18003184 -0.09104587
v -0.45081699 0.17585818 -0.05924151
v -0.45021662 0.18262394 -0.07234198
v -0.45066926 0.17982748 -0.05647703
v -0.44995511 0.1733616 -0.05610318
v -0.44977042 0.18232475 -0.05568531
v -0.45113283 0.17573595 -0.03748193
v -0.45000231 0.18299671 -0.04059051
v -0.45053294 0.17338021 -0.03903589
v -0.4535234 0.2324374 -0.04273404
v -0.4535234 0.2324374 -0.04273404
v -0.45585632 0.23239596 -0.04224821
v -0.45585632 0.23239596 -0.04224821
v -0.45640597 0.22202922 -0.0415531
v -0.45450783 0.21554835 -0.04101139
v -0.45095432 0.17989546 -0.03464057
v -0.45257205 0.20867284 -0.03915918
v -0.45257205 0.20867284 -0.03915918
v -0.4524959 0.20559369 -0.03675621
v -0.44977 0.18440847 -0.03669819
v -0.45335805 0.19962648 -0.03028863
v -0.44940314 0.18773729 -0.03564654
v -0.45117021 0.18118107 -0.03054568
v -0.45272857 0.19221808 -0.02780208
v -0.45112306 0.18630908 -0.02959394
v -0.45154783 0.17561586 -0.02851312
v -0.45087764 0.17379573 -0.02575626
v -0.45250085 0.18299513 -0.02540964
v -0.45562658 0.18792957 -0.0226
v -0.45225534 0.18003555 -0.02564579
v -0.45207709 0.17739235 -0.022621
v -0.44999927 0.17551664 -0.01697806
v -0.44953766 0.17383851 -0.0178712
v -0.45050618 0.20174633 -0.01453175
v -0.45033836 0.18964706 -0.01455768
v -0.45002905 0.17979454 -0.01387408
v -0.44921374 0.17548458 -0.01352905
v -0.45281744 0.21759848 -0.01078241
v -0.45056725 0.21136168 -0.01027105
v -0.44977459 0.19813797 -0.01054243
v -0.44979444 0.17996009 -0.01044007
v -0.45704171 0.0616569 -0.0107636
v -0.46228874 0.03725226 -0.00960627
v -0.46186018 0.02737334 -0.00881588
v -0.45306757 0.21809994 -0.00619715
v -0.45105314 0.21159345 -0.00619304
v -0.45017534 0.19833618 -0.0070578
v -0.45048529 0.18610568 -0.00225286
v -0.45175865 0.21139634 -0.00261906
v -0.45324624 0.214908 -0.00015282
v -0.45427269 0.21796164 -0.00180907
v -0.45115837 0.20288229 -0.00212817
v -0.45094571 0.19003332 0.00014728
v -0.45020738 0.17739144 0.00699955
v -0.45483169 0.21546094 0.00219974
v -0.45307198 0.20893541 0.00247019
v -0.45207715 0.20227118 0.00203754
v -0.45156834 0.19345675 0.00258182
v -0.45412004 0.20183168 0.00738359
v -0.4556165 0.20772071 0.00863013
v -0.45275626 0.19395618 0.00639227
v -0.451608 0.18642391 0.0064634
v -0.45361915 0.19041008 0.0089821
v -0.45690474 0.19752954 0.01219475
v -0.45463583 0.18573812 0.01086314
v -0.45190236 0.17865308 0.01006803
v -0.45395619 0.17731096 0.01277869
v -0.45233136 0.17575893 0.0122765
v -0.45002148 0.1722711 0.01176956
v -0.45281482 0.17435282 0.01617136
v -0.45281482 0.17435282 0.01617136
v -0.45455498 0.1766817 0.01559419
v -0.45421252 0.1739884 0.02277981
v -0.45421252 0.1739884 0.02277981
v -0.45221156 0.17377341 0.03549031
v -0.45054981 0.18261291 0.04428099
v -0.45221156 0.17377341 0.03549031
v -0.45102605 0.17297284 0.04929947
v -0.46281132 0.23310806 0.05630454
v -0.45059592 0.17990997 0.07188578
v -0.44941425 0.18228425 0.08057722
v -0.45020258 0.17333744 0.07913418
v -0.45090577 0.1759133 0.08006348
v -0.45048448 0.17993023 0.09142791
v -0.44926175 0.18226862 0.09528862
v -0.45092794 0.17600249 0.09610315
v -0.45011866 0.17322312 0.09686551
v -0.45017794 0.17979564 0.09744942
v -0.4480094 0.18138488 0.10454103
v -0.44776103 0.17872511 0.10793409
v -0.45383587 -0.24377358 0.13668402
v -0.4535 -0.24926642 0.13703966
v -0.45669001 -0.24906795 0.13478072
v -0.45569736 -0.24503626 0.13528217
v -0.45433328 -0.25328308 0.13766289
v -0.45433328 -0.25328308 0.13766289
v -0.45251164 -0.25403637 0.14378333
v -0.45551363 -0.25418532 0.13944149
v -0.45437169 -0.25469077 0.14755793
v -0.45581934 -0.25493839 0.159363
v -0.48437187 0.25271142 -0.18430948
v -0.46003473 -0.25399151 -0.17516993
v -0.45948249 -0.25448775 -0.17288853
v -0.45840794 -0.25472939 -0.14652123
v -0.45926461 0.23273611 -0.04156823
v -0.45926461 0.23273611 -0.04156823
v -0.45818165 0.23042606 -0.04088441
v -0.45714244 0.22221906 -0.04087541
v -0.45714244 0.22221906 -0.04087541
v -0.45450783 0.21554835 -0.04101139
v -0.45688006 0.21729955 -0.03578638
v -0.45733458 0.21136467 -0.02953176
v -0.45684978 0.20647526 -0.02778744
v -0.45560217 0.19577502 -0.02583827
v -0.45792556 0.19626896 -0.02328306
v -0.45392254 0.18367852 -0.02254925
v -0.45581371 0.22079112 -0.01034473
v -0.46064982 0.2238104 -0.00997956
v -0.46118289 0.02535184 -0.00814834
v -0.45539859 0.22063041 -0.00516309
v -0.46028978 0.22397886 -0.00557509
v -0.46118289 0.02535184 -0.00814834
v -0.46294901 0.024792 -0.00620523
v -0.46007884 0.22314504 -0.00249091
v -0.45690188 0.21962665 0.00221179
v -0.45805106 0.2194739 0.00659655
v -0.45793536 0.21671152 0.00918267
v -0.45846841 0.21395905 0.01091158
v -0.45848587 0.20703384 0.01342384
v -0.45702043 0.19336474 0.01364044
v -0.45567775 0.1856219 0.01295433
v -0.45581976 0.18501897 0.01607716
v -0.45609903 0.18955669 0.02796698
v -0.45758024 0.19771196 0.02388818
v -0.45501217 0.178748 0.0226467
v -0.45531672 0.18400082 0.02989298
v -0.4556182 0.18662931 0.03455343
v -0.45430338 0.17716551 0.02820556
v -0.45358524 0.17840679 0.03206613
v -0.45474064 0.18398683 0.03329795
v -0.4541586 0.1881659 0.03724482
v -0.45592585 0.19075376 0.03746707
v -0.45243078 0.17578909 0.03685191
v -0.45596784 0.19411613 0.03986064
v -0.46031469 0.2326638 0.05353569
v -0.46128362 -0.25381833 0.13393128
v -0.46128362 -0.25381833 0.13393128
v -0.45806128 -0.25524232 0.16598098
v -0.49062389 0.23412795 -0.18392305
v -0.46301165 -0.21658893 -0.18425502
v -0.46196043 -0.21955451 -0.18462701
v -0.46214998 -0.22257163 -0.1856851
v -0.46214998 -0.22257163 -0.1856851
v -0.46125954 -0.22659667 -0.1848601
v -0.46182641 -0.23585874 -0.18457787
v -0.49062389 0.23412795 -0.18392305
v -0.43510976 0.2343158 -0.18370387
v -0.45554718 0.23399338 -0.18224691
v -0.46182641 -0.23585874 -0.18457787
v -0.46052578 -0.2360176 -0.18337753
v -0.46169841 -0.23802583 -0.1811009
v -0.46169841 -0.23802583 -0.1811009
v -0.45876315 -0.24571808 -0.17572102
v -0.46000659 -0.25128195 -0.17573464
v -0.46003473 -0.25399151 -0.17516993
v -0.46444526 -0.25410056 -0.17677072
v -0.46519497 -0.25426015 -0.16679899
v -0.4655169 -0.25452346 -0.15899323
v -0.46522507 -0.25438192 -0.15161875
v -0.46333206 -0.25500387 -0.14337909
v -0.459106 -0.25398144 -0.14172412
v -0.46303374 0.23323399 -0.0445183
v -0.46064711 0.23242418 -0.03675683
v -0.45926461 0.23273611 -0.04156823
v -0.45818165 0.23042606 -0.04088441
v -0.45920077 0.22957277 -0.03812289
v -0.46064711 0.23242418 -0.03675683
v -0.46052259 0.22941373 -0.03333545
v -0.46268144 0.2325674 -0.03449336
v -0.46177381 0.23055038 -0.03090077
v -0.46177381 0.23055038 -0.03090077
v -0.45921585 0.21838385 -0.02946402
v -0.46045217 0.22482833 -0.02977736
v -0.46108642 0.22653152 -0.02803298
v -0.46076551 0.22231193 -0.02627568
v -0.46225476 0.22458792 -0.02555751
v -0.45973805 0.21330997 -0.02515315
v -0.46145523 0.21295272 -0.02254132
v -0.46156231 0.22235017 -0.01499709
v -0.46851709 0.06163017 -0.01156988
v -0.46176875 0.22647217 -0.00581497
v -0.46209314 0.22539839 -0.00139346
v -0.46682471 0.02404767 -0.00210366
v -0.4611581 0.02446697 0.00201549
v -0.45976022 0.22535983 0.00662883
v -0.46322682 0.23090971 0.00667068
v -0.46052819 0.2286915 0.00910664
v -0.46216828 0.23012286 0.01042705
v -0.46106511 0.22405981 0.01152039
v -0.4597196 0.22006953 0.01062025
v -0.46065536 0.21883792 0.01363396
v -0.46134323 0.22080889 0.01809295
v -0.45874411 0.20550381 0.01785541
v -0.4594048 0.20919307 0.02427524
v -0.46090814 0.21909727 0.03733962
v -0.4570024 0.19579209 0.03664624
v -0.45889539 0.20802568 0.04272494
v -0.45745957 0.20118596 0.04253241
v -0.4596051 0.21373162 0.04740126
v -0.45813701 0.20785241 0.04532021
v -0.46031469 0.2326638 0.05353569
v -0.45981309 0.23044613 0.0525996
v -0.46270701 0.23275307 0.04967378
v -0.46284866 -0.25149298 0.13323013
v -0.4671973 -0.25432503 0.13949223
v -0.46485937 -0.25491178 0.15175749
v -0.46257767 -0.25566307 0.16934437
v -0.46030605 -0.25445023 0.1708504
v -0.48216656 0.2335275 0.18678559
v -0.46586785 -0.21782914 -0.18582436
v -0.46507683 -0.23539817 -0.18539067
v -0.46532702 -0.23606168 -0.18232289
v -0.46507683 -0.23539817 -0.18539067
v -0.46474847 -0.2366184 -0.17834271
v -0.46123305 -0.23915763 -0.17342429
v -0.46450332 -0.23743033 -0.17344917
v -0.46450332 -0.23743033 -0.17344917
v -0.46123305 -0.23915763 -0.17342429
v -0.46261024 -0.24549134 -0.17413144
v -0.46566525 -0.25448713 -0.17464754
v -0.47690076 0.23358983 -0.17071337
v -0.46499383 -0.22851603 -0.14576529
v -0.46198547 -0.22861215 -0.14555404
v -0.46430776 -0.22439706 -0.14255112
v -0.46728954 -0.25442278 -0.14008605
v -0.46481952 -0.20939697 -0.10053848
v -0.46432406 -0.20889197 -0.09993305
v -0.47612247 0.23357233 -0.07617747
v -0.46439704 -0.20000753 -0.05730277
v -0.46818328 0.2329797 -0.03438759
v -0.46513179 0.23244075 -0.02596896
v -0.46956837 0.23297058 -0.02833498
v -0.46513179 0.23244075 -0.02596896
v -0.46434584 0.23047772 -0.02507854
v -0.46767575 0.23116991 -0.02273377
v -0.46531808 0.22928454 -0.02260602
v -0.46340564 0.21977505 -0.02262638
v -0.46542656 0.22881918 -0.01931117
v -0.46429241 0.22542934 -0.01930822
v -0.46767575 0.23116991 -0.02273377
v -0.46542656 0.22881918 -0.01931117
v -0.46773645 0.2293838 -0.01937348
v -0.46348956 0.22569475 -0.01504098
v -0.46509534 0.22866003 -0.01414255
v -0.46773645 0.2293838 -0.01937348
v -0.46542656 0.22881918 -0.01931117
v -0.46509534 0.22866003 -0.01414255
v -0.46843347 0.06426094 -0.01033816
v -0.46835819 0.02784703 -0.00955364
v -0.46859851 0.02516998 -0.00891889
v -0.46414354 0.2290365 -0.00584017
v -0.46414354 0.2290365 -0.00584017
v -0.46859851 0.02516998 -0.00891889
v -0.46865538 0.02419344 -0.00647707
v -0.46459487 0.22889595 -0.00123279
v -0.46459487 0.22889595 -0.00123279
v -0.46762428 0.228991 -0.00106154
v -0.46462652 -0.19368543 0.0086733
v -0.46598572 -0.1938733 0.00336346
v -0.46736425 0.23092589 0.00359622
v -0.47071666 0.02344821 0.00244043
v -0.46575198 0.23223172 0.00529637
v -0.46865037 0.02475929 0.00454277
v -0.46609241 -0.19417863 0.00903889
v -0.46428022 0.23245469 0.01237286
v -0.46482259 -0.19447827 0.01265029
v -0.46273181 0.23021461 0.01364846
v -0.46745756 0.23289628 0.01618952
v -0.46344873 0.23252366 0.02110713
v -0.46344873 0.23252366 0.02110713
v -0.46224189 0.23031442 0.02693279
v -0.46581611 0.23321122 0.04048676
v -0.46071714 0.22185056 0.0514021
v -0.4679364 0.23324724 0.05362273
v -0.46468893 -0.20129682 0.06789767
v -0.46575609 -0.20052908 0.05760474
v -0.46567637 -0.20232521 0.07167634
v -0.4665949 -0.20411 0.08414904
v -0.46882203 -0.20611857 0.08764569
v -0.4647184 -0.20441908 0.09269978
v -0.46701404 -0.20738928 0.09342749
v -0.46494934 -0.20797342 0.09698707
v -0.47664028 0.23356885 0.07983911
v -0.46482518 -0.21009223 0.10215241
v -0.466014 -0.21220145 0.10977652
v -0.46519288 -0.21768457 0.12616865
v -0.46307939 -0.2173706 0.12753573
v -0.46329096 -0.21879406 0.1286578
v -0.46513131 -0.22163804 0.13565473
v -0.46568274 -0.24370879 0.13314465
v -0.46625665 -0.2519109 0.13302328
v -0.46891996 -0.25408459 0.13341957
v -0.4631677 -0.22125623 0.13562825
v -0.46331799 -0.22287859 0.13701867
v -0.4699609 -0.25446045 0.13457692
v -0.46891996 -0.25408459 0.13341957
v -0.46272856 -0.22495092 0.14234841
v -0.4652915 -0.22468534 0.14221488
v -0.46498522 -0.22270001 0.13819705
v -0.4652915 -0.22468534 0.14221488
v -0.46272856 -0.22495092 0.14234841
v -0.49028185 0.23341222 0.16864726
v -0.46620503 -0.25493124 0.15774605
v -0.46833393 -0.25580424 0.17032634
v -0.46111673 -0.23340124 0.16986878
v -0.46187726 -0.23253377 0.17414305
v -0.46484178 -0.23275249 0.17413703
v -0.46486756 -0.23411627 0.17000441
v -0.46872258 -0.25487465 0.17284282
v -0.46161571 -0.23244108 0.17689259
v -0.46537054 -0.23306884 0.17896307
v -0.46284547 -0.23250456 0.17976557
v -0.465094 -0.23269774 0.18053234
v -0.47168243 -0.23286957 -0.18853608
v -0.47111434 -0.21631435 -0.18531196
v -0.47168243 -0.23286957 -0.18853608
v -0.4663246 -0.23251745 -0.18741572
v -0.46897393 -0.23398148 -0.18606624
v -0.46694303 -0.23462923 -0.18521552
v -0.46884555 -0.23381251 -0.17540745
v -0.46790543 -0.25386587 -0.17835064
v -0.47273302 -0.25421023 -0.17854455
v -0.49105391 0.23383851 -0.18257278
v -0.46658409 -0.23451665 -0.17373657
v -0.47759303 -0.25455663 -0.17482977
v -0.46603855 -0.23701081 -0.17088079
v -0.46671873 -0.23453531 -0.1710735
v -0.47027516 -0.23402366 -0.17114979
v -0.46671873 -0.23453531 -0.1710735
v -0.46603855 -0.23701081 -0.17088079
v -0.46900007 -0.23684795 -0.17000511
v -0.47027516 -0.23402366 -0.17114979
v -0.46902552 -0.24456076 -0.17085825
v -0.47080564 -0.25390488 -0.16854142
v -0.46967384 -0.25409463 -0.15871072
v -0.47460085 -0.25406644 -0.15004058
v -0.4665584 -0.22489056 -0.15101053
v -0.46686363 -0.22811221 -0.15395029
v -0.46670046 -0.22863731 -0.1507846
v -0.46688914 -0.2227456 -0.15156446
v -0.46720845 -0.2250205 -0.15500867
v -0.46662647 -0.2221968 -0.14668597
v -0.46553344 -0.22476666 -0.14641705
v -0.4692288 -0.22015922 -0.14685774
v -0.46877393 -0.22091158 -0.15114608
v -0.46590909 -0.22126707 -0.13940783
v -0.46662647 -0.2221968 -0.14668597
v -0.46590909 -0.22126707 -0.13940783
v -0.46921146 -0.22017826 -0.1426602
v -0.46921146 -0.22017826 -0.1426602
v -0.47748312 -0.25496525 -0.14331043
v -0.46910602 -0.22006355 -0.13752724
v -0.46900591 -0.21825272 -0.12982459
v -0.47048834 -0.20148337 -0.06748626
v -0.47877207 0.23330028 -0.04358288
v -0.46986938 0.23254599 -0.02374028
v -0.46767575 0.23116991 -0.02273377
v -0.46986938 0.23254599 -0.02374028
v -0.46767575 0.23116991 -0.02273377
v -0.47104892 0.2303884 -0.02263225
v -0.47104892 0.2303884 -0.02263225
v -0.47104892 0.2303884 -0.02263225
v -0.46979794 0.22882399 -0.01920354
v -0.47054499 0.06459305 -0.01111285
v -0.47069305 0.06115844 -0.01214953
v -0.47065455 0.03612613 -0.01076693
v -0.47056875 0.02477547 -0.01020625
v -0.47070307 0.02309047 -0.004864
v -0.47056875 0.02477547 -0.01020625
v -0.46968406 0.22838108 -0.00092518
v -0.46975589 -0.19389237 -0.00319302
v -0.4707512 0.02422038 0.00529036
v -0.47077617 0.23265196 0.01363522
v -0.46909556 -0.20400479 0.07856905
v -0.47096056 -0.20583656 0.08499287
v -0.46997255 -0.20978592 0.0995839
v -0.46869558 -0.21783561 0.12697737
v -0.46944258 -0.22029983 0.13399088
v -0.46939456 -0.24091776 0.13366067
v -0.47339502 -0.23595598 0.13514279
v -0.46941072 -0.22172037 0.13885568
v -0.46688312 -0.22269836 0.14261082
v -0.46944636 -0.22136846 0.14270708
v -0.46688312 -0.22269836 0.14261082
v -0.4652915 -0.22468534 0.14221488
v -0.46664849 -0.22472046 0.14659208
v -0.46694955 -0.22289504 0.1478741
v -0.46694955 -0.22289504 0.1478741
v -0.46940106 -0.22071701 0.14700583
v -0.47519931 -0.25442731 0.14988297
v -0.46705249 -0.22426681 0.15148854
v -0.46895304 -0.22126624 0.15054557
v -0.46895304 -0.22126624 0.15054557
v -0.46915796 -0.22498353 0.15483852
v -0.47121531 -0.23391172 0.16990504
v -0.47035336 -0.23271833 0.18094245
v -0.49530208 0.23343232 0.19045633
v -0.49530208 0.23343232 0.19045633
v -0.44464567 0.23369341 0.19065711
v -0.44592601 0.23389992 0.19265103
v -0.47356629 -0.23354542 -0.18689337
v -0.49105391 0.23383851 -0.18257278
v -0.47273302 -0.25421023 -0.17854455
v -0.47380874 -0.23320064 -0.1763843
v -0.47343943 -0.2367017 -0.17014417
v -0.47359675 -0.24082281 -0.16965419
v -0.47376901 -0.24472854 -0.16980572
v -0.46959621 -0.22511053 -0.15855226
v -0.47080886 -0.22714823 -0.16011319
v -0.47017431 -0.22885141 -0.15772904
v -0.47063851 -0.22175641 -0.15764263
v -0.46958226 -0.2211751 -0.15479486
v -0.47063851 -0.22175641 -0.15764263
v -0.46958226 -0.2211751 -0.15479486
v -0.47396082 -0.21973892 -0.15481724
v -0.46686363 -0.22811221 -0.15395029
v -0.46877393 -0.22091158 -0.15114608
v -0.473928 -0.21852849 -0.15106571
v -0.4692288 -0.22015922 -0.14685774
v -0.47392339 -0.21853094 -0.14706916
v -0.47397253 -0.2198942 -0.13891968
v -0.47670579 -0.25456098 -0.14100318
v -0.47542375 -0.21936446 -0.13453001
v -0.47882557 -0.21503149 -0.11887954
v -0.47785971 -0.20996147 -0.10267936
v -0.4754332 -0.19872919 -0.04535529
v -0.47643757 0.23275985 -0.02536461
v -0.47127736 0.22443295 -0.0226355
v -0.47069395 0.20739403 -0.0224908
v -0.47093302 0.18083158 -0.02181144
v -0.47136116 0.08114403 -0.02091726
v -0.47154477 0.06399133 -0.02103946
v -0.47341624 0.05295232 -0.02204343
v -0.47127411 0.04446054 -0.02133117
v -0.47125307 0.02746529 -0.02120161
v -0.47112495 0.00707203 -0.02100091
v -0.47124821 -0.02084227 -0.02070434
v -0.47115508 -0.04600138 -0.02073902
v -0.47112632 -0.091235 -0.02022079
v -0.47313425 -0.11984465 -0.02129436
v -0.47078043 -0.13018073 -0.02046246
v -0.47265491 -0.15790071 -0.02164761
v -0.47044232 -0.1600641 -0.02103177
v -0.47272596 -0.17530252 -0.02122805
v -0.46999344 -0.17674409 -0.02039389
v -0.46948886 -0.18002608 -0.01877483
v -0.47567695 -0.19490981 0.01360333
v -0.47490013 0.23277843 0.01452195
v -0.48238969 -0.1983117 0.03957457
v -0.47804236 0.23330568 0.03626742
v -0.47571814 0.23304549 0.02186753
v -0.47645423 -0.19935219 0.04791152
v -0.4766807 -0.20174274 0.0619664
v -0.48017099 -0.20417823 0.07423492
v -0.47741315 -0.20689015 0.08701851
v -0.47723472 -0.21132387 0.10447557
v -0.47603539 -0.21895394 0.12976496
v -0.47733271 -0.24437043 0.13382073
v -0.47764853 -0.24081671 0.13390096
v -0.47590697 -0.25034893 0.13418917
v -0.47455898 -0.25401223 0.13422503
v -0.48041204 -0.2202583 0.13437891
v -0.47455898 -0.25401223 0.13422503
v -0.47712317 -0.22118352 0.13864689
v -0.47431338 -0.22005783 0.14278491
v -0.47416013 -0.21861847 0.14731362
v -0.46992171 -0.2321433 0.14180039
v -0.4741751 -0.2187417 0.15124328
v -0.47035778 -0.22154878 0.15424944
v -0.47035778 -0.22154878 0.15424944
v -0.47426298 -0.22090665 0.15497465
v -0.46915796 -0.22498353 0.15483852
v -0.4743419 -0.22322929 0.15677431
v -0.47129783 -0.22587939 0.15752196
v -0.47115967 -0.22854985 0.15784815
v -0.47129783 -0.22587939 0.15752196
v -0.4805305 -0.25443727 0.16182818
v -0.47552094 -0.25564903 0.17075418
v -0.48670503 -0.23259909 0.17374989
v -0.47637945 -0.2551814 0.1729621
v -0.47070307 -0.25389755 0.1740824
v -0.49206227 0.23380111 0.19266617
v -0.48638153 -0.22578683 -0.18877891
v -0.48920697 0.25213307 -0.18462211
v -0.48179603 -0.23302794 -0.1887414
v -0.48296338 -0.23372896 -0.18668143
v -0.47874284 -0.23317772 -0.17975795
v -0.48164579 -0.25402114 -0.17738423
v -0.48267648 -0.23608831 -0.17140007
v -0.48188338 -0.23414835 -0.17217989
v -0.47871339 -0.24074413 -0.169791
v -0.47869155 -0.24455747 -0.16992593
v -0.48655581 -0.25398022 -0.1717052
v -0.47920176 -0.25383931 -0.15795174
v -0.47808656 -0.22276309 -0.15941259
v -0.47861052 -0.21993674 -0.15489133
v -0.47851998 -0.21865277 -0.15108065
v -0.47850665 -0.21864344 -0.14707921
v -0.47859013 -0.21937796 -0.14284362
v -0.48212773 -0.25489381 -0.1469128
v -0.48337245 -0.2203082 -0.13895902
v -0.48322183 -0.21968466 -0.13494989
v -0.49111301 0.2335013 -0.02839735
v -0.48250818 0.2244117 -0.02467161
v -0.47963434 0.21178386 -0.02417294
v -0.47678956 0.18296422 -0.02343477
v -0.47719803 0.15719929 -0.02334218
v -0.47717887 0.13249634 -0.02333942
v -0.47729549 0.09182752 -0.02328628
v -0.47753057 0.05976995 -0.02260645
v -0.47692195 -0.00829903 -0.02258286
v -0.47716829 -0.04100569 -0.02255852
v -0.47686103 -0.08226628 -0.02196201
v -0.48060182 0.03637274 -0.02267764
v -0.47691619 -0.11279189 -0.02187869
v -0.47695881 -0.13474108 -0.02185595
v -0.47681692 -0.15636335 -0.022042
v -0.47724712 -0.17507809 -0.02166014
v -0.47919029 -0.17964225 -0.02148649
v -0.47816983 -0.18240741 -0.02179594
v -0.48664749 -0.19458738 0.00782957
v -0.49034354 0.23365353 0.01702753
v -0.48150095 -0.20074092 0.0552728
v -0.48511922 -0.2093963 0.09547894
v -0.48192665 -0.21467049 0.11541055
v -0.48157778 0.23356903 0.123875
v -0.4819144 -0.25420648 0.13850169
v -0.47874177 -0.22000666 0.14274429
v -0.48543367 -0.25400528 0.1422559
v -0.47861096 -0.21865606 0.14730401
v -0.47860691 -0.21878409 0.15125054
v -0.47861764 -0.22095293 0.15498951
v -0.47862217 -0.22319165 0.15679735
v -0.47867072 -0.22551778 0.15828237
v -0.47115967 -0.22854985 0.15784815
v -0.47876585 -0.22924282 0.15914044
v -0.48369831 -0.25390455 0.15423894
v -0.48594636 -0.23378712 0.16988064
v -0.48635256 -0.23313855 0.1788363
v -0.48032442 -0.25371951 0.17425853
v -0.4791649 -0.23275402 0.18086696
v -0.48603132 -0.22950126 -0.18879192
v -0.48179603 -0.23302794 -0.1887414
v -0.49016494 0.24207795 -0.18457596
v -0.49099126 0.23560992 -0.18441676
v -0.48078328 -0.25332719 -0.17830986
v -0.48624805 -0.25413629 -0.17393436
v -0.48379636 -0.24085435 -0.17073505
v -0.48366526 -0.24439561 -0.17097305
v -0.48378128 -0.22308449 -0.15845777
v -0.4831627 -0.22040226 -0.15232432
v -0.48333299 -0.25435805 -0.15083446
v -0.48336619 -0.22009581 -0.1469226
v -0.48340094 -0.22022556 -0.14281163
v -0.48025373 -0.25416425 -0.14182812
v -0.49255893 0.23367932 -0.11553173
v -0.49208987 0.23372476 -0.08000621
v -0.49194801 0.23355089 -0.04942376
v -0.49434125 -0.19935019 -0.04931864
v -0.49448571 -0.19750097 -0.03552492
v -0.48590195 0.23035677 -0.02457471
v -0.4861131 0.19071649 -0.02363422
v -0.48168379 0.16988063 -0.02352336
v -0.48167169 0.10090094 -0.02358577
v -0.48232728 0.07006605 -0.02316678
v -0.48186159 0.05361787 -0.02292647
v -0.48167661 -0.0025028 -0.02271655
v -0.48244053 -0.03938418 -0.02280909
v -0.48137721 -0.08308088 -0.02217072
v -0.48330918 -0.11362216 -0.02212356
v -0.48401445 -0.13490182 -0.02212586
v -0.48187447 -0.15786614 -0.02223244
v -0.48474267 -0.17416622 -0.02192617
v -0.48671424 -0.19421679 -0.00406139
v -0.49252176 -0.19446653 0.00632098
v -0.48697823 0.23300464 0.01475853
v -0.49142337 0.23343794 0.0235891
v -0.49242246 0.23368894 0.09459192
v -0.48740733 -0.20703651 0.08597431
v -0.48719558 -0.21917482 0.12936555
v -0.48325107 -0.24052243 0.13535345
v -0.4823252 -0.24462175 0.13506959
v -0.48115 -0.25175932 0.13567154
v -0.48254463 -0.2535463 0.13692921
v -0.48338813 -0.22131541 0.13887367
v -0.48254463 -0.2535463 0.13692921
v -0.48333839 -0.22107758 0.14277726
v -0.48331159 -0.22061813 0.1471407
v -0.48341846 -0.22626889 0.15853523
v -0.48401934 -0.22961527 0.15871577
v -0.48548055 -0.25531453 0.16991533
v -0.48369539 -0.25462994 0.17276095
v -0.48670879 -0.23315991 -0.18798219
v -0.48670879 -0.23315991 -0.18798219
v -0.4885281 -0.23439221 -0.18590899
v -0.48738101 -0.25298625 -0.17564397
v -0.48738101 -0.25298625 -0.17564397
v -0.48806211 -0.23667018 -0.17451382
v -0.49216002 0.23363592 -0.16420482
v -0.48805603 -0.23853698 -0.1721856
v -0.48805603 -0.23853698 -0.1721856
v -0.48749068 -0.25399941 -0.1639989
v -0.48705846 -0.254439 -0.15319192
v -0.48802784 -0.22260354 -0.14702882
v -0.48814663 -0.22055018 -0.13683783
v -0.48283792 -0.25239512 -0.14292012
v -0.48328933 -0.24760631 -0.14131512
v -0.49084872 -0.2131639 -0.1121313
v -0.49352828 -0.20908499 -0.09883992
v -0.49134469 0.23298752 -0.02502817
v -0.49134469 0.23298752 -0.02502817
v -0.48774177 0.22297964 -0.02444469
v -0.49083796 0.1567267 -0.02344814
v -0.48625731 0.09374954 -0.02350495
v -0.48752227 0.05708779 -0.02297382
v -0.4918009 0.03879993 -0.02244077
v -0.49164134 0.003861 -0.02259096
v -0.49147448 -0.08872894 -0.02208054
v -0.49171034 -0.16385718 -0.02216402
v -0.49203509 0.23367906 0.05960036
v -0.49461287 -0.19894163 0.04272603
v -0.49126321 -0.2000941 0.05080099
v -0.49134418 -0.20438923 0.07267277
v -0.49186325 -0.20944606 0.0953848
v -0.49315077 -0.21280745 0.10804759
v -0.49347103 -0.21492685 0.11541253
v -0.48613271 -0.24555078 0.13640556
v -0.48699969 -0.24971439 0.13784152
v -0.48625627 -0.23404916 0.13968405
v -0.48696122 -0.2531881 0.14022845
v -0.48674887 -0.22250435 0.14332867
v -0.48674032 -0.22322448 0.14718135
v -0.48986137 -0.25394189 0.15239142
v -0.49040475 -0.25402558 0.15865263
v -0.49623922 0.23327352 0.18091939
v -0.49075842 -0.23294047 0.18010905
v -0.4893167 -0.23283134 -0.18709205
v -0.4893167 -0.23283134 -0.18709205
v -0.49071413 -0.23701856 -0.18022656
v -0.49095818 -0.23724452 -0.17463088
v -0.49079105 -0.25307143 -0.17250638
v -0.49123356 -0.23784132 -0.17138022
v -0.49123356 -0.23784132 -0.17138022
v -0.49040624 -0.25418586 -0.15860526
v -0.48381206 -0.2416289 -0.1381772
v -0.49301797 -0.21378428 -0.11391013
v -0.49347302 -0.20965073 -0.10095633
v -0.49396825 -0.20043436 -0.05673279
v -0.49130833 0.20043541 -0.0235251
v -0.49113235 0.13953249 -0.02343407
v -0.49122861 0.07779754 -0.02315631
v -0.49155495 -0.04340918 -0.02264555
v -0.49384138 -0.08746575 -0.02195361
v -0.49203348 -0.12236796 -0.02205305
v -0.49231806 -0.17955197 -0.02139327
v -0.49506366 -0.19466512 -0.01442941
v -0.49514997 -0.19422174 -0.00265382
v -0.49235556 0.23290572 0.01324928
v -0.49468127 -0.19761944 0.03134415
v -0.49384555 -0.20157291 0.05801165
v -0.49146914 -0.21734196 0.12279716
v -0.48818076 -0.24465947 0.13773438
v -0.49112168 -0.24171165 0.14052717
v -0.48696122 -0.2531881 0.14022845
v -0.48860201 -0.23531659 0.14134629
v -0.48722827 -0.23284277 0.14308108
v -0.48999274 -0.23429097 0.14718594
v -0.48999274 -0.23429097 0.14718594
v -0.49162537 -0.22574653 0.14791362
v -0.48575187 -0.23006681 0.14500725
v -0.49064562 -0.25322574 0.14955921
v -0.49262699 -0.22755846 0.15093473
v -0.49130827 -0.23014873 0.15566035
v -0.49132481 -0.23338388 0.15600671
v -0.49055058 -0.25388065 0.17046638
v -0.49164537 -0.23340543 0.17353635
v -0.49169698 -0.23447956 0.16909777
v -0.49242619 -0.23361081 0.1795978
v -0.49068198 -0.23153952 -0.1863184
v -0.49961656 0.25267592 -0.18490098
v -0.49582323 0.25204095 -0.18497188
v -0.49562338 0.23619141 -0.18482776
v -0.4990747 0.23417187 -0.18437329
v -0.49157032 -0.23582393 -0.18376023
v -0.49068198 -0.23153952 -0.1863184
v -0.4893167 -0.23283134 -0.18709205
v -0.49157032 -0.23582393 -0.18376023
v -0.49062389 0.23412795 -0.18392305
v -0.49620798 0.23362701 -0.18250343
v -0.4990747 0.23417187 -0.18437329
v -0.48985267 -0.21653377 -0.18494107
v -0.49091506 -0.21915254 -0.1854526
v -0.49145529 -0.21693383 -0.18150871
v -0.49145529 -0.21693383 -0.18150871
v -0.49219725 -0.23675844 -0.17860803
v -0.49215749 -0.23631924 -0.17412232
v -0.49136898 -0.2501176 -0.17335299
v -0.49136898 -0.2501176 -0.17335299
v -0.48738101 -0.25298625 -0.17564397
v -0.49079105 -0.25307143 -0.17250638
v -0.49232799 -0.23919602 -0.16953549
v -0.49123356 -0.23784132 -0.17138022
v -0.49094933 -0.24084757 -0.1721749
v -0.49187657 -0.2535333 -0.16036232
v -0.49115962 -0.23081326 -0.16180177
v -0.49244496 -0.22972025 -0.16135438
v -0.49120677 -0.25332147 -0.15564837
v -0.49270502 -0.22498506 -0.14946897
v -0.49607605 0.233604 -0.12483519
v -0.49604592 0.23363666 -0.07661271
v -0.49378878 -0.20463584 -0.08283081
v -0.49613374 0.23342572 -0.04887003
v -0.49593616 0.23353134 -0.02836995
v -0.49353418 0.20867093 -0.02303745
v -0.49415204 0.15100421 -0.02275393
v -0.4937408 0.10299916 -0.02266031
v -0.49423319 0.0511643 -0.02234725
v -0.49408334 0.03613119 -0.02216616
v -0.4939734 0.00112283 -0.02231914
v -0.49418932 -0.0486141 -0.02231894
v -0.49264604 0.23274592 -0.02350843
v -0.49264604 0.23274592 -0.02350843
v -0.49582291 0.23319092 -0.02262209
v -0.49582291 0.23319092 -0.02262209
v -0.49487007 -0.08950946 -0.0214712
v -0.49471551 -0.12229905 -0.02154598
v -0.49505499 -0.16285585 -0.02143478
v -0.49511835 -0.19473729 0.00746526
v -0.49613696 0.23306648 0.0108094
v -0.49852031 0.23358913 0.01255313
v -0.49602541 0.23334722 0.0216683
v -0.49608126 0.23363467 0.06800919
v -0.49422425 -0.20232643 0.06356207
v -0.49426526 -0.20553821 0.07920897
v -0.4940888 -0.20807323 0.09073468
v -0.4936125 -0.20933729 0.09568951
v -0.49606109 0.23343618 0.13663018
v -0.49337333 -0.21717072 0.12368359
v -0.49317393 -0.21831641 0.12542967
v -0.49272296 -0.22189495 0.13662624
v -0.4911747 -0.24411897 0.140422
v -0.49061981 -0.24745819 0.14073308
v -0.49288294 -0.2248649 0.14690046
v -0.49112168 -0.24171165 0.14052717
v -0.49002737 -0.25038585 0.14263903
v -0.49061981 -0.24745819 0.14073308
v -0.48696122 -0.2531881 0.14022845
v -0.49150375 -0.23646218 0.14743271
v -0.49064562 -0.25322574 0.14955921
v -0.49182472 -0.23535609 0.15200612
v -0.49279875 -0.22961241 0.15621291
v -0.49130827 -0.23014873 0.15566035
v -0.49132481 -0.23338388 0.15600671
v -0.49265155 -0.23350237 0.15782067
v -0.49279875 -0.22961241 0.15621291
v -0.49239457 -0.23583497 0.15531333
v -0.49184856 -0.25329769 0.15617365
v -0.49207583 -0.25327802 0.16495718
v -0.49169698 -0.23447956 0.16909777
v -0.49271274 -0.23316757 0.16645755
v -0.4932349 -0.23300888 0.17077805
v -0.49311224 -0.23303331 0.17790854
v -0.49915239 0.23356497 0.19270621
v -0.49915239 0.23356497 0.19270621
v -0.4986918 0.2341411 0.19364774
v -0.49933475 0.24023286 -0.18501566
v -0.49928576 0.23382755 -0.18195145
v -0.49169987 -0.22258733 -0.18298121
v -0.49073568 -0.22606367 -0.18689255
v -0.49165836 -0.23190957 -0.18308921
v -0.49237189 -0.21864097 -0.17479636
v -0.4922674 -0.23079149 -0.17669925
v -0.49239507 -0.23415609 -0.17833173
v -0.49219725 -0.23675844 -0.17860803
v -0.49240145 -0.21436629 -0.16557541
v -0.49264944 -0.23035395 -0.16907683
v -0.49367142 -0.24492097 -0.17086272
v -0.4934085 -0.24796349 -0.17091642
v -0.49249417 -0.25101507 -0.17071493
v -0.49275172 -0.21640335 -0.15958357
v -0.49232799 -0.23919602 -0.16953549
v -0.49383679 -0.24851409 -0.16409206
v -0.49283049 -0.22622554 -0.15779203
v -0.49397576 -0.24429633 -0.164425
v -0.49440479 -0.24990843 -0.1619214
v -0.49342814 -0.25105563 -0.16334011
v -0.49187657 -0.2535333 -0.16036232
v -0.49236861 -0.21262456 -0.16034877
v -0.49295023 -0.21364298 -0.15587367
v -0.49296778 -0.21039048 -0.14637016
v -0.49239692 -0.22652057 -0.15166038
v -0.49511129 -0.24465087 -0.16021423
v -0.49511129 -0.24465087 -0.16021423
v -0.49440479 -0.24990843 -0.1619214
v -0.49120677 -0.25332147 -0.15564837
v -0.49187657 -0.2535333 -0.16036232
v -0.49305207 -0.21865521 -0.13920189
v -0.49297497 -0.22202428 -0.1443948
v -0.49270502 -0.22498506 -0.14946897
v -0.49320772 -0.21346448 -0.14124562
v -0.49322495 -0.20896979 -0.14349368
v -0.49254552 -0.22151336 -0.13669194
v -0.49915177 0.2338531 -0.12082511
v -0.49325877 -0.20753443 -0.13466924
v -0.49351385 -0.20951165 -0.12391222
v -0.49320546 -0.21741433 -0.1249799
v -0.49302486 -0.21837376 -0.12720492
v -0.49342144 -0.20590609 -0.12662522
v -0.49341372 -0.20242813 -0.1146345
v -0.49287894 -0.204271 -0.12540296
v -0.49349225 -0.21296963 -0.11542694
v -0.493743 -0.20396097 -0.11175475
v -0.49301797 -0.21378428 -0.11391013
v -0.4932864 -0.20110774 -0.11184316
v -0.4937619 -0.19858423 -0.0989196
v -0.49391073 -0.2092773 -0.1040173
v -0.49347302 -0.20965073 -0.10095633
v -0.49399194 -0.20157151 -0.09732891
v -0.49392846 -0.19714403 -0.0963885
v -0.49402767 -0.20581885 -0.09003191
v -0.49352828 -0.20908499 -0.09883992
v -0.49909651 0.23377183 -0.05387703
v -0.49351662 -0.20581791 -0.0866199
v -0.49396297 -0.19466123 -0.08329364
v -0.49427184 -0.20064014 -0.08078974
v -0.49378878 -0.20463584 -0.08283081
v -0.49387681 -0.19336918 -0.08092134
v -0.4942714 -0.20179853 -0.0736447
v -0.49396124 -0.20198458 -0.0707971
v -0.49396825 -0.20043436 -0.05673279
v -0.49434125 -0.19935019 -0.04931864
v -0.49909651 0.23377183 -0.05387703
v -0.49613374 0.23342572 -0.04887003
v -0.49895236 0.2338786 -0.02549136
v -0.49557447 -0.1830276 -0.02161326
v -0.49650848 0.22421651 -0.02128871
v -0.49473187 0.20641576 -0.02222413
v -0.49606091 0.20933533 -0.02105962
v -0.49571085 0.15810227 -0.021899
v -0.49494764 0.10025862 -0.02202261
v -0.49592647 0.14179832 -0.02158817
v -0.49592724 0.10099612 -0.02119563
v -0.49585876 0.06321664 -0.02117012
v -0.49561101 0.03556613 -0.02086353
v -0.49572632 0.00991098 -0.0214588
v -0.49567813 -0.01968381 -0.02106753
v -0.49638647 -0.07311109 -0.02070254
v -0.49635029 -0.10471437 -0.02050446
v -0.49635607 -0.16511916 -0.02055374
v -0.49582291 0.23319092 -0.02262209
v -0.49462199 0.2301929 -0.02262555
v -0.49642465 0.2302884 -0.01936006
v -0.49691135 0.23354545 -0.0191423
v -0.49650848 0.22421651 -0.02128871
v -0.49690184 0.23463441 -0.01406567
v -0.49609306 0.23339237 -0.01525343
v -0.49633974 0.05147694 -0.01878292
v -0.49679154 0.05400682 -0.01369237
v -0.4962444 0.04205858 -0.01305696
v -0.49565762 0.23336259 -0.01082227
v -0.49665439 0.23035018 -0.00925072
v -0.49722454 0.0561985 -0.00436742
v -0.49700791 0.0516257 -0.00999241
v -0.49687654 0.04458484 -0.01165617
v -0.49774659 0.04144067 -0.00986613
v -0.4962444 0.04205858 -0.01305696
v -0.49595398 0.03878095 -0.01469556
v -0.49676615 0.03824167 -0.00881385
v -0.49774659 0.04144067 -0.00986613
v -0.49666068 0.03579968 -0.01151166
v -0.49699771 0.23486748 0.0038496
v -0.49699771 0.23486748 0.0038496
v -0.49565762 0.23336259 -0.01082227
v -0.49608168 0.23349705 0.00124752
v -0.49699771 0.23486748 0.0038496
v -0.49665439 0.23035018 -0.00925072
v -0.496658 0.05106778 -0.00199897
v -0.49700791 0.0516257 -0.00999241
v -0.49692732 0.04798588 -0.01015575
v -0.496658 0.05106778 -0.00199897
v -0.49919486 0.23559049 0.00664976
v -0.49608168 0.23349705 0.00124752
v -0.49721241 0.05152075 0.00012033
v -0.49721241 0.05152075 0.00012033
v -0.49731562 0.23382708 0.00756228
v -0.49731562 0.23382708 0.00756228
v -0.49613696 0.23306648 0.0108094
v -0.4958666 0.04941362 0.00835312
v -0.49637753 0.05494089 0.00839857
v -0.49675736 0.2258371 0.01085602
v -0.49288243 0.05343296 0.01414621
v -0.49415621 0.05172265 0.01234784
v -0.49443278 0.03951474 0.01210136
v -0.49589017 0.03517355 0.0095904
v -0.49570119 0.03139701 0.01080997
v -0.49307168 0.02985646 0.01421748
v -0.49904159 0.23357123 0.02156571
v -0.49912846 0.23386125 0.07206305
v -0.49399942 -0.1932136 0.07784035
v -0.49393192 -0.19698481 0.09299032
v -0.49420154 -0.19840707 0.09491694
v -0.49426526 -0.20553821 0.07920897
v -0.4940888 -0.20807323 0.09073468
v -0.49388954 -0.19941619 0.10092774
v -0.49397922 -0.20303389 0.10690141
v -0.49380612 -0.21023794 0.10400117
v -0.4936125 -0.20933729 0.09568951
v -0.49315077 -0.21280745 0.10804759
v -0.49909422 0.23370649 0.13005801
v -0.49354112 -0.20091116 0.10859136
v -0.4935551 -0.20211974 0.11156656
v -0.49347103 -0.21492685 0.11541253
v -0.49368972 -0.20620465 0.1228657
v -0.49321628 -0.20484665 0.12449756
v -0.49337333 -0.21717072 0.12368359
v -0.49333239 -0.20664456 0.12782547
v -0.4936136 -0.21044517 0.13324186
v -0.49350128 -0.2138143 0.13709056
v -0.493182 -0.22052975 0.13787065
v -0.49317393 -0.21831641 0.12542967
v -0.49272296 -0.22189495 0.13662624
v -0.49333903 -0.21015497 0.13951159
v -0.49320692 -0.2086976 0.13749701
v -0.49288294 -0.2248649 0.14690046
v -0.4911747 -0.24411897 0.140422
v -0.49349684 -0.2128735 0.15255158
v -0.49336123 -0.23979808 0.14965583
v -0.49361858 -0.24365465 0.1499697
v -0.49337071 -0.21850923 0.15083203
v -0.49325094 -0.24871205 0.15341116
v -0.49296039 -0.25183067 0.15650469
v -0.49329609 -0.21368134 0.15477502
v -0.4932065 -0.2262463 0.15592976
v -0.49262699 -0.22755846 0.15093473
v -0.49415693 -0.24033636 0.15607019
v -0.49434167 -0.24399221 0.15592247
v -0.49497908 -0.24173236 0.1573634
v -0.49184856 -0.25329769 0.15617365
v -0.4992297 0.23346698 0.18206665
v -0.49363804 -0.21746418 0.1651696
v -0.4949789 -0.24664579 0.16009831
v -0.49352992 -0.22343929 0.1662108
v -0.49455559 -0.24928552 0.16308036
v -0.49207583 -0.25327802 0.16495718
v -0.49332771 -0.21685103 0.16846709
v -0.49453318 -0.24989764 0.16774534
v -0.49324843 -0.22200884 0.17760153
v -0.4932349 -0.23300888 0.17077805
v -0.49055058 -0.25388065 0.17046638
v -0.49267027 -0.21986498 0.17884751
v -0.49272418 -0.24987623 0.17016788
v -0.49311224 -0.23303331 0.17790854
v -0.49242619 -0.23361081 0.1795978
v -0.49961656 0.25267592 -0.18490098
v -0.49933475 0.24023286 -0.18501566
v -0.50060588 0.23552443 -0.1829738
v -0.50072557 0.25220299 -0.18329357
v -0.4990747 0.23417187 -0.18437329
v -0.49928576 0.23382755 -0.18195145
v -0.50032783 0.25218526 -0.17797722
v -0.50032783 0.25218526 -0.17797722
v -0.50016862 0.24742956 -0.17802832
v -0.50041896 0.23520707 -0.17568675
v -0.50024706 0.24738774 -0.15490913
v -0.49534845 -0.24199088 -0.16225141
v -0.50024599 0.23528467 -0.131685
v -0.50029039 0.2522293 -0.11705681
v -0.50029039 0.2522293 -0.11705681
v -0.49915177 0.2338531 -0.12082511
v -0.50024998 0.23532565 -0.07013907
v -0.50027448 0.25223818 -0.06557415
v -0.49909651 0.23377183 -0.05387703
v -0.49472085 -0.19309416 -0.05568806
v -0.50027448 0.25223818 -0.06557415
v -0.50010896 0.24239193 -0.03070713
v -0.50000453 0.23540558 -0.0254388
v -0.49448571 -0.19750097 -0.03552492
v -0.49895236 0.2338786 -0.02549136
v -0.49519974 -0.19415562 -0.02114453
v -0.50031912 0.25227407 0.00957244
v -0.50031912 0.25227407 0.00957244
v -0.50013661 0.23838027 -0.01975243
v -0.49506366 -0.19466512 -0.01442941
v -0.49912477 0.23546806 -0.01807083
v -0.49606091 0.20933533 -0.02105962
v -0.49679086 0.2118904 -0.01905321
v -0.49697253 0.1943721 -0.01895291
v -0.49571085 0.15810227 -0.021899
v -0.4968811 0.16678794 -0.01921084
v -0.49571085 0.15810227 -0.021899
v -0.49592647 0.14179832 -0.02158817
v -0.4968811 0.16678794 -0.01921084
v -0.49695787 0.14149792 -0.01914479
v -0.49695787 0.14149792 -0.01914479
v -0.49592647 0.14179832 -0.02158817
v -0.49694175 0.08751658 -0.01884635
v -0.49592724 0.10099612 -0.02119563
v -0.49585876 0.06321664 -0.02117012
v -0.49561101 0.03556613 -0.02086353
v -0.49572632 0.00991098 -0.0214588
v -0.49642783 0.00828641 -0.01917941
v -0.49567813 -0.01968381 -0.02106753
v -0.49635658 -0.03958127 -0.01900439
v -0.49638647 -0.07311109 -0.02070254
v -0.49717009 -0.08145592 -0.01865891
v -0.49635029 -0.10471437 -0.02050446
v -0.49680758 -0.16869625 -0.01890837
v -0.49635607 -0.16511916 -0.02055374
v -0.49591395 -0.17971419 -0.02065169
v -0.50008929 0.24352178 0.00372118
v -0.49747613 0.19642584 -0.01492521
v -0.49715421 0.17036301 -0.0154756
v -0.49718145 0.12662345 -0.0154374
v -0.49718145 0.12662345 -0.0154374
v -0.49716434 0.08351862 -0.01561165
v -0.49698317 0.03112838 -0.01073398
v -0.49683997 0.01291084 -0.0081886
v -0.49668443 -0.00928238 -0.01503133
v -0.49683261 -0.04132831 -0.01315554
v -0.49740738 -0.08199298 -0.01612878
v -0.49740738 -0.08199298 -0.01612878
v -0.49717009 -0.08145592 -0.01865891
v -0.49723399 -0.10775813 -0.01534371
v -0.49715477 -0.14265247 -0.0152385
v -0.49715477 -0.14265247 -0.0152385
v -0.49700886 -0.16414641 -0.01580399
v -0.49674445 -0.17425841 -0.01466689
v -0.49582204 -0.1864654 -0.01390207
v -0.49779683 0.21475841 0.00199861
v -0.49752226 0.17392911 -0.0006163
v -0.49760574 0.09004909 -0.00224664
v -0.49728426 0.06627007 -0.00641098
v -0.49696493 -0.01393563 -0.00513474
v -0.49752662 -0.06017961 -0.00089416
v -0.49784967 -0.08656047 0.00101081
v -0.49723399 -0.10775813 -0.01534371
v -0.50019282 0.23839881 0.00762032
v -0.49786714 0.19764474 -0.00290314
v -0.49742711 0.15020822 -0.00471603
v -0.49808195 0.04180099 -0.00357163
v -0.49764919 -0.11063761 0.0024775
v -0.49757665 -0.13616438 0.00257148
v -0.49748105 -0.1623764 0.00302001
v -0.49614155 -0.18544595 0.00041934
v -0.49581662 -0.19077764 0.00457398
v -0.49519974 -0.19415562 -0.02114453
v -0.49506366 -0.19466512 -0.01442941
v -0.49514997 -0.19422174 -0.00265382
v -0.49919486 0.23559049 0.00664976
v -0.49772015 0.11151399 0.00672688
v -0.49713182 -0.03762794 0.00151518
v -0.49757665 -0.13616438 0.00257148
v -0.49715477 -0.14265247 -0.0152385
v -0.49748105 -0.1623764 0.00302001
v -0.49709937 -0.17382604 0.00713277
v -0.49533772 -0.19423521 0.0153106
v -0.49533772 -0.19423521 0.0153106
v -0.49519974 -0.19415562 -0.02114453
v -0.49514997 -0.19422174 -0.00265382
v -0.49777466 0.19255126 0.0065491
v -0.49746484 0.15904742 0.00705697
v -0.49709487 0.06034946 0.00433134
v -0.49688888 0.00205017 0.00694115
v -0.49768528 0.21487403 0.00685747
v -0.4975543 0.18334211 0.00707526
v -0.49760938 0.08763208 0.00700398
v -0.49709487 0.06034946 0.00433134
v -0.49721241 0.05152075 0.00012033
v -0.49679387 0.02800152 0.00492746
v -0.49712801 -0.04321285 0.00691608
v -0.49787575 -0.08129957 0.00709583
v -0.49754074 -0.12590721 0.00694081
v -0.4974283 -0.16038333 0.00704298
v -0.4974283 -0.16038333 0.00704298
v -0.49596345 -0.18541013 0.00751988
v -0.49514997 -0.19422174 -0.00265382
v -0.49511835 -0.19473729 0.00746526
v -0.49662924 0.19676942 0.01011469
v -0.49777466 0.19255126 0.0065491
v -0.49695662 0.18658873 0.0100864
v -0.49695662 0.18658873 0.0100864
v -0.49714065 0.12893485 0.01025972
v -0.49718395 0.08735062 0.01027575
v -0.49669051 0.06778527 0.00983814
v -0.49639773 0.0209977 0.0097144
v -0.49639931 -0.00973187 0.01009812
v -0.49655822 -0.04925945 0.01008215
v -0.49710461 -0.0793134 0.00977865
v -0.4958607 -0.18279387 0.01047951
v -0.50007486 0.23524608 0.01561178
v -0.49852031 0.23358913 0.01255313
v -0.49566725 0.20903453 0.01118133
v -0.49613944 0.17182907 0.01235396
v -0.49613944 0.17182907 0.01235396
v -0.49629024 0.12062325 0.01187432
v -0.49608472 -0.065853 0.01126068
v -0.49904159 0.23357123 0.02156571
v -0.49524006 -0.18548024 0.02636582
v -0.49542898 -0.18982527 0.02343119
v -0.49468127 -0.19761944 0.03134415
v -0.50021374 0.23524496 0.04310194
v -0.49507284 -0.18900003 0.04816635
v -0.49461287 -0.19894163 0.04272603
v -0.49500236 -0.19326714 0.04595437
v -0.50021166 0.25223109 0.06085629
v -0.50021166 0.25223109 0.06085629
v -0.49912846 0.23386125 0.07206305
v -0.49459407 -0.19830383 0.0670158
v -0.49422425 -0.20232643 0.06356207
v -0.50025654 0.23529997 0.08582737
v -0.50027847 0.24675606 0.08843502
v -0.50024217 0.25217101 0.12721616
v -0.50024217 0.25217101 0.12721616
v -0.50023407 0.23524117 0.11298932
v -0.49909422 0.23370649 0.13005801
v -0.50018233 0.23521292 0.14533009
v -0.50027543 0.25217071 0.18174367
v -0.50027543 0.25217071 0.18174367
v -0.4992297 0.23346698 0.18206665
v -0.50036263 0.23501067 0.19070064
v -0.49547955 -0.24137448 0.16849945
v -0.49560064 -0.24532697 0.16835368
v -0.49455559 -0.24928552 0.16308036
v -0.50019151 0.24511556 0.1865526
v -0.49915239 0.23356497 0.19270621
v -0.5002346 0.25204071 0.19102257
v -0.5002346 0.25204071 0.19102257
v -0.4996776 0.2522665 0.19322093
v -0.50007552 0.23552188 0.19327536
v -0.50007552 0.23552188 0.19327536
v -0.4986918 0.2341411 0.19364774
vt 0.72342 0.00715
vt 0.72207 0.00636
vt 0.72211 0.00708
vt 0.81678 0.35289
vt 0.81456 0.35468
vt 0.81352 0.35247
vt 0.81871 0.35676
vt 0.81924 0.35442
vt 0.81736 0.3508
vt 0.81431 0.349
vt 0.81836 0.3493
vt 0.82072 0.34882
vt 0.81545 0.34634
vt 0.83083 0.35142
vt 0.82733 0.35078
vt 0.83082 0.34879
vt 0.83005 0.35371
vt 0.82804 0.35242
vt 0.82222 0.35357
vt 0.82445 0.34948
vt 0.82699 0.35638
vt 0.82252 0.35706
vt 0.81767 0.34458
vt 0.82513 0.34698
vt 0.82227 0.34494
vt 0.82868 0.34651
vt 0.10218 0.81488
vt 0.09936 0.81563
vt 0.10473 0.81563
vt 0.11885 0.66449
vt 0.11566 0.66333
vt 0.11711 0.66508
vt 0.11938 0.66256
vt 0.11439 0.65915
vt 0.11792 0.65938
vt 0.11662 0.65618
vt 0.12261 0.65905
vt 0.12299 0.66238
vt 0.11987 0.65669
vt 0.12261 0.66494
vt 0.11669 0.66166
vt 0.11982 0.66581
vt 0.49035 0.77212
vt 0.48845 0.7733
vt 0.48799 0.7715
vt 0.49172 0.77472
vt 0.72203 0.60097
vt 0.72342 0.60041
vt 0.72205 0.60012
vt 0.37755 0.7199
vt 0.37788 0.71915
vt 0.37885 0.71921
vt 0.04184 0.9828
vt 0.05559 0.98263
vt 0.05496 0.98391
vt 0.042 0.98392
vt 0.05726 0.98338
vt 0.71922 0.60079
vt 0.04169 0.98084
vt 0.04497 0.98049
vt 0.05562 0.96895
vt 0.05724 0.97358
vt 0.70495 0.60064
vt 0.04133 0.97098
vt 0.42159 0.7199
vt 0.05667 0.95683
vt 0.67778 0.59996
vt 0.67996 0.59797
vt 0.05217 0.94904
vt 0.67146 0.60066
vt 0.04067 0.94783
vt 0.05447 0.93557
vt 0.64857 0.60066
vt 0.04016 0.932
vt 0.05119 0.92928
vt 0.6172 0.59991
vt 0.05511 0.90202
vt 0.61246 0.60065
vt 0.05361 0.90438
vt 0.03938 0.90702
vt 0.04975 0.89304
vt 0.05291 0.88912
vt 0.03861 0.88054
vt 0.05452 0.88954
vt 0.57425 0.60075
vt 0.04588 0.88186
vt 0.08447 0.88777
vt 0.11803 0.88689
vt 0.12956 0.88719
vt 0.20759 0.88549
vt 0.20509 0.88598
vt 0.2242 0.88576
vt 0.05029 0.88506
vt 0.05242 0.88339
vt 0.05458 0.88557
vt 0.06046 0.88806
vt 0.05793 0.88803
vt 0.05813 0.88626
vt 0.06074 0.8844
vt 0.06851 0.8884
vt 0.06433 0.88859
vt 0.07472 0.88493
vt 0.09886 0.88395
vt 0.12878 0.88492
vt 0.16388 0.88431
vt 0.20387 0.88355
vt 0.22087 0.88298
vt 0.25398 0.88367
vt 0.25408 0.88552
vt 0.27354 0.88008
vt 0.2937 0.88473
vt 0.29425 0.87922
vt 0.5279 0.60002
vt 0.52474 0.59822
vt 0.20416 0.87707
vt 0.21698 0.87792
vt 0.23575 0.87611
vt 0.04956 0.87387
vt 0.07507 0.87092
vt 0.1043 0.87177
vt 0.25865 0.87437
vt 0.06516 0.87256
vt 0.18935 0.87111
vt 0.22398 0.87439
vt 0.29422 0.87227
vt 0.32031 0.87196
vt 0.05191 0.87266
vt 0.05381 0.87312
vt 0.05789 0.87351
vt 0.13002 0.87146
vt 0.2078 0.87033
vt 0.21695 0.87335
vt 0.22957 0.87135
vt 0.24158 0.87148
vt 0.2554 0.87246
vt 0.24705 0.87143
vt 0.25816 0.87147
vt 0.30952 0.87116
vt 0.33 0.87111
vt 0.33566 0.87254
vt 0.33547 0.87128
vt 0.04485 0.86656
vt 0.22281 0.87084
vt 0.36298 0.61908
vt 0.36933 0.61802
vt 0.36966 0.61899
vt 0.38683 0.61849
vt 0.38146 0.6188
vt 0.05392 0.87059
vt 0.05574 0.87053
vt 0.05874 0.86972
vt 0.06339 0.86945
vt 0.08006 0.86973
vt 0.10289 0.87015
vt 0.13009 0.87017
vt 0.27171 0.61868
vt 0.24501 0.61872
vt 0.27678 0.61787
vt 0.16551 0.87037
vt 0.30651 0.61888
vt 0.3062 0.61804
vt 0.19604 0.8702
vt 0.33789 0.6182
vt 0.33659 0.61905
vt 0.34818 0.61932
vt 0.35211 0.61791
vt 0.05219 0.86862
vt 0.2019 0.6196
vt 0.19896 0.61967
vt 0.20054 0.61854
vt 0.20636 0.61931
vt 0.21866 0.61801
vt 0.22264 0.61876
vt 0.24529 0.61799
vt 0.05379 0.86713
vt 0.05187 0.85423
vt 0.05336 0.85053
vt 0.03688 0.83853
vt 0.51391 0.60069
vt 0.04719 0.81571
vt 0.05202 0.82443
vt 0.05017 0.81543
vt 0.44543 0.60072
vt 0.03495 0.79085
vt 0.44483 0.59825
vt 0.4043 0.60007
vt 0.05037 0.78133
vt 0.04912 0.78717
vt 0.04495 0.77291
vt 0.40358 0.59833
vt 0.41153 0.60074
vt 0.03388 0.76724
vt 0.03757 0.76409
vt 0.04788 0.76143
vt 0.04927 0.75954
vt 0.40311 0.60088
vt 0.03383 0.76138
vt 0.40137 0.59979
vt 0.40076 0.60021
vt 0.03388 0.75963
vt 0.03611 0.75988
vt 0.04754 0.75964
vt 0.74289 0.27257
vt 0.74579 0.27282
vt 0.74512 0.27196
vt 0.75672 0.27271
vt 0.75731 0.27188
vt 0.75886 0.27255
vt 0.59853 0.59345
vt 0.42103 0.91797
vt 0.41961 0.9133
vt 0.42178 0.91701
vt 0.41967 0.91067
vt 0.4171 0.90376
vt 0.42605 0.90263
vt 0.42785 0.90953
vt 0.41594 0.8954
vt 0.41534 0.89605
vt 0.42273 0.88642
vt 0.42325 0.88499
vt 0.41372 0.8871
vt 0.41491 0.88325
vt 0.41244 0.88515
vt 0.80407 0.29004
vt 0.80509 0.29124
vt 0.80612 0.28956
vt 0.8018 0.29193
vt 0.80537 0.28685
vt 0.80567 0.17664
vt 0.806 0.15587
vt 0.80545 0.15257
vt 0.25884 0.88588
vt 0.29464 0.88554
vt 0.32973 0.8844
vt 0.33794 0.88513
vt 0.36247 0.88405
vt 0.38289 0.88478
vt 0.3858 0.88387
vt 0.40382 0.88383
vt 0.40322 0.88454
vt 0.40989 0.88466
vt 0.05576 0.88808
vt 0.05561 0.88607
vt 0.40332 0.87951
vt 0.41477 0.88017
vt 0.42231 0.87769
vt 0.31883 0.87842
vt 0.34695 0.87779
vt 0.3877 0.87266
vt 0.42147 0.87345
vt 0.05551 0.87452
vt 0.36098 0.87292
vt 0.40356 0.87323
vt 0.41427 0.87279
vt 0.42234 0.86982
vt 0.39773 0.61829
vt 0.39875 0.61688
vt 0.44821 0.61891
vt 0.44127 0.6174
vt 0.4717 0.61778
vt 0.46833 0.61912
vt 0.4737 0.61929
vt 0.53038 0.61847
vt 0.39523 0.87056
vt 0.53253 0.61967
vt 0.53828 0.61851
vt 0.409 0.87103
vt 0.54632 0.61829
vt 0.54614 0.61929
vt 0.41374 0.87035
vt 0.54916 0.61819
vt 0.41196 0.86992
vt 0.38629 0.61627
vt 0.39589 0.6179
vt 0.52714 0.59329
vt 0.3061 0.61494
vt 0.34405 0.61494
vt 0.36411 0.61634
vt 0.41347 0.86853
vt 0.41581 0.86174
vt 0.19817 0.61845
vt 0.1983 0.6143
vt 0.20078 0.61431
vt 0.21559 0.61631
vt 0.23638 0.61615
vt 0.25634 0.61622
vt 0.41499 0.85563
vt 0.42246 0.85681
vt 0.42266 0.86761
vt 0.42484 0.85112
vt 0.41622 0.84868
vt 0.42606 0.84336
vt 0.4178 0.84147
vt 0.41957 0.83286
vt 0.42561 0.83691
vt 0.42712 0.83642
vt 0.41799 0.83645
vt 0.41982 0.83005
vt 0.42428 0.82831
vt 0.46946 0.59284
vt 0.89582 0.01467
vt 0.89822 0.01553
vt 0.89754 0.0196
vt 0.89566 0.01879
vt 0.90182 0.01684
vt 0.90452 0.01673
vt 0.90367 0.01743
vt 0.90683 0.01861
vt 0.90639 0.02089
vt 0.90303 0.02432
vt 0.74505 0.28178
vt 0.7575 0.27737
vt 0.44684 0.98235
vt 0.45506 0.9802
vt 0.4529 0.9831
vt 0.45727 0.98252
vt 0.4457 0.98237
vt 0.44276 0.9784
vt 0.44299 0.97721
vt 0.45042 0.97649
vt 0.44755 0.97392
vt 0.45013 0.9747
vt 0.4405 0.96887
vt 0.43897 0.96834
vt 0.44583 0.96804
vt 0.44461 0.96161
vt 0.43511 0.67132
vt 0.44045 0.67186
vt 0.43416 0.67213
vt 0.74878 0.06452
vt 0.74579 0.06161
vt 0.753 0.06084
vt 0.23716 0.70373
vt 0.23948 0.70124
vt 0.23766 0.70115
vt 0.74539 0.0583
vt 0.23954 0.70015
vt 0.23857 0.69841
vt 0.24111 0.6991
vt 0.74394 0.06438
vt 0.74198 0.05977
vt 0.43825 0.96453
vt 0.4362 0.95754
vt 0.43857 0.95662
vt 0.42535 0.67187
vt 0.43487 0.95799
vt 0.24048 0.69677
vt 0.23742 0.69625
vt 0.44318 0.95565
vt 0.43471 0.95628
vt 0.43279 0.95021
vt 0.42306 0.67124
vt 0.41292 0.67191
vt 0.44134 0.95246
vt 0.41434 0.67091
vt 0.43933 0.9465
vt 0.40927 0.6711
vt 0.40237 0.67166
vt 0.43101 0.94682
vt 0.42861 0.93835
vt 0.43141 0.9394
vt 0.39717 0.67059
vt 0.43719 0.94314
vt 0.39657 0.67175
vt 0.43433 0.93709
vt 0.43591 0.93796
vt 0.42718 0.93695
vt 0.39483 0.67075
vt 0.38711 0.67153
vt 0.38333 0.67021
vt 0.432 0.93127
vt 0.12559 0.92666
vt 0.12152 0.92707
vt 0.11715 0.92717
vt 0.42478 0.92892
vt 0.38231 0.67134
vt 0.43157 0.92645
vt 0.38127 0.67036
vt 0.3744 0.67127
vt 0.42815 0.92267
vt 0.43039 0.92115
vt 0.13993 0.92671
vt 0.1368 0.92704
vt 0.13238 0.92674
vt 0.4233 0.92777
vt 0.36725 0.66994
vt 0.36508 0.67126
vt 0.35943 0.67112
vt 0.36048 0.66984
vt 0.42834 0.91078
vt 0.41881 0.91222
vt 0.3503 0.67101
vt 0.34666 0.66971
vt 0.35879 0.67002
vt 0.16661 0.92603
vt 0.17359 0.92647
vt 0.15661 0.92626
vt 0.33686 0.67116
vt 0.33552 0.66986
vt 0.32209 0.67111
vt 0.32267 0.6692
vt 0.31963 0.66904
vt 0.39886 0.61401
vt 0.43415 0.61424
vt 0.45038 0.6146
vt 0.49886 0.61515
vt 0.52366 0.61507
vt 0.53695 0.61649
vt 0.54303 0.61643
vt 0.3654 0.61334
vt 0.37672 0.61329
vt 0.29839 0.66961
vt 0.29652 0.67103
vt 0.29581 0.66907
vt 0.25544 0.61421
vt 0.27655 0.61317
vt 0.32941 0.61218
vt 0.35229 0.6137
vt 0.29066 0.67117
vt 0.28978 0.66964
vt 0.21456 0.61028
vt 0.23256 0.61114
vt 0.27717 0.66977
vt 0.27851 0.6701
vt 0.26678 0.67146
vt 0.26706 0.66983
vt 0.41728 0.8378
vt 0.25131 0.67092
vt 0.25126 0.67022
vt 0.24921 0.67008
vt 0.24375 0.67154
vt 0.23971 0.67008
vt 0.42826 0.82755
vt 0.42098 0.82403
vt 0.23081 0.67034
vt 0.43046 0.82053
vt 0.42891 0.82716
vt 0.42241 0.82322
vt 0.22892 0.67147
vt 0.22911 0.66999
vt 0.42944 0.81881
vt 0.42417 0.81517
vt 0.42559 0.81391
vt 0.22327 0.67172
vt 0.21723 0.67062
vt 0.43206 0.81287
vt 0.43368 0.81146
vt 0.43138 0.81897
vt 0.21464 0.67167
vt 0.21497 0.67029
vt 0.42862 0.80539
vt 0.20732 0.67169
vt 0.43427 0.8076
vt 0.43478 0.80912
vt 0.42746 0.806
vt 0.20318 0.67095
vt 0.20007 0.67196
vt 0.20192 0.67047
vt 0.43049 0.79755
vt 0.19011 0.67113
vt 0.43869 0.79931
vt 0.43776 0.80206
vt 0.43186 0.79594
vt 0.18847 0.67203
vt 0.18736 0.67076
vt 0.43515 0.79248
vt 0.43847 0.79097
vt 0.44059 0.79364
vt 0.17607 0.67146
vt 0.43391 0.78857
vt 0.44284 0.78733
vt 0.88485 0.01964
vt 0.88781 0.01686
vt 0.88779 0.01999
vt 0.88055 0.01813
vt 0.88804 0.02227
vt 0.88523 0.02338
vt 0.43518 0.7873
vt 0.17345 0.67211
vt 0.17381 0.67114
vt 0.43903 0.78279
vt 0.95573 0.97394
vt 0.95616 0.97531
vt 0.9529 0.97557
vt 0.9525 0.97388
vt 0.89091 0.01587
vt 0.89354 0.01972
vt 0.89206 0.02485
vt 0.89062 0.02576
vt 0.44572 0.78443
vt 0.89186 0.01432
vt 0.89404 0.01384
vt 0.89263 0.01627
vt 0.43762 0.77953
vt 0.16107 0.67227
vt 0.16167 0.67154
vt 0.44634 0.78272
vt 0.89822 0.01376
vt 0.8975 0.02468
vt 0.89918 0.0258
vt 0.90124 0.01425
vt 0.44001 0.77277
vt 0.44925 0.77894
vt 0.4478 0.7803
vt 0.90477 0.01267
vt 0.90526 0.02576
vt 0.90684 0.01714
vt 0.90897 0.01646
vt 0.90613 0.02304
vt 0.90909 0.02481
vt 0.83987 0.99479
vt 0.8417 0.99368
vt 0.83943 0.99204
vt 0.15094 0.6716
vt 0.45064 0.77297
vt 0.45084 0.77535
vt 0.90991 0.01908
vt 0.91095 0.02141
vt 0.91139 0.02208
vt 0.90847 0.84158
vt 0.90703 0.84057
vt 0.90434 0.84126
vt 0.14649 0.67248
vt 0.44425 0.76998
vt 0.44309 0.76768
vt 0.44024 0.76979
vt 0.45296 0.76831
vt 0.4534 0.77232
vt 0.44224 0.76662
vt 0.44734 0.76687
vt 0.45287 0.7669
vt 0.75868 0.28739
vt 0.0204 0.6396
vt 0.02359 0.64038
vt 0.02795 0.63942
vt 0.46136 0.67219
vt 0.46192 0.67471
vt 0.45939 0.67432
vt 0.45726 0.98369
vt 0.46026 0.98283
vt 0.72299 0.60016
vt 0.72316 0.5913
vt 0.72194 0.58699
vt 0.45605 0.6733
vt 0.45509 0.67196
vt 0.45826 0.97941
vt 0.46008 0.98013
vt 0.77412 0.06918
vt 0.77176 0.06828
vt 0.77459 0.06779
vt 0.45437 0.97691
vt 0.4572 0.97772
vt 0.76955 0.07173
vt 0.77085 0.06962
vt 0.77233 0.07047
vt 0.77169 0.07253
vt 0.4436 0.67372
vt 0.45301 0.9754
vt 0.76949 0.07594
vt 0.76761 0.0744
vt 0.77007 0.07387
vt 0.70027 0.58409
vt 0.44817 0.97218
vt 0.75304 0.06258
vt 0.75852 0.06023
vt 0.75697 0.06404
vt 0.75498 0.05647
vt 0.75831 0.05681
vt 0.07226 0.92845
vt 0.07171 0.93006
vt 0.06633 0.92813
vt 0.23728 0.70669
vt 0.23469 0.70408
vt 0.24067 0.70223
vt 0.7508 0.05919
vt 0.64779 0.73248
vt 0.64608 0.72542
vt 0.64832 0.725
vt 0.42454 0.67356
vt 0.24411 0.69863
vt 0.74108 0.06313
vt 0.73798 0.05867
vt 0.64816 0.72019
vt 0.24547 0.69425
vt 0.24174 0.69373
vt 0.23869 0.69208
vt 0.73511 0.06334
vt 0.73569 0.06056
vt 0.6504 0.71944
vt 0.66973 0.5927
vt 0.4184 0.6738
vt 0.24491 0.69159
vt 0.24252 0.69147
vt 0.24606 0.69242
vt 0.6474 0.71761
vt 0.65082 0.7169
vt 0.6573 0.99003
vt 0.65464 0.99186
vt 0.6584 0.99167
vt 0.65681 0.99459
vt 0.66004 0.99421
vt 0.65462 0.99258
vt 0.73201 0.06277
vt 0.65535 0.99785
vt 0.40236 0.6737
vt 0.11558 0.92798
vt 0.12377 0.93023
vt 0.11547 0.91286
vt 0.12626 0.90802
vt 0.1971 0.91286
vt 0.32215 0.67731
vt 0.31936 0.6737
vt 0.38626 0.60692
vt 0.40238 0.60802
vt 0.53899 0.61076
vt 0.54707 0.60804
vt 0.37134 0.60841
vt 0.38307 0.60585
vt 0.24044 0.60886
vt 0.25967 0.60929
vt 0.30217 0.61054
vt 0.35698 0.60593
vt 0.29656 0.67993
vt 0.19826 0.60571
vt 0.20056 0.61024
vt 0.2189 0.67376
vt 0.20895 0.67404
vt 0.183 0.67465
vt 0.87913 0.01977
vt 0.96262 0.9756
vt 0.96313 0.97719
vt 0.96116 0.97713
vt 0.88106 0.02241
vt 0.88473 0.02504
vt 0.88038 0.02417
vt 0.95828 0.97581
vt 0.88399 0.01615
vt 0.17203 0.67389
vt 0.59667 0.8104
vt 0.57304 0.78048
vt 0.57554 0.79919
vt 0.95065 0.97473
vt 0.9488 0.97844
vt 0.94848 0.97462
vt 0.42123 0.58918
vt 0.94475 0.97757
vt 0.89791 0.01085
vt 0.1599 0.6739
vt 0.90146 0.01139
vt 0.45296 0.77725
vt 0.45147 0.78055
vt 0.90895 0.01498
vt 0.91737 0.84038
vt 0.91425 0.83944
vt 0.91576 0.84093
vt 0.1446 0.67396
vt 0.45444 0.77398
vt 0.4525 0.77615
vt 0.45724 0.77582
vt 0.92105 0.83965
vt 0.91971 0.83822
vt 0.91732 0.83878
vt 0.91256 0.84181
vt 0.91022 0.8386
vt 0.90936 0.84156
vt 0.9067 0.83832
vt 0.90392 0.8385
vt 0.1426 0.67434
vt 0.14125 0.67302
vt 0.28515 0.76048
vt 0.2838 0.75872
vt 0.28625 0.75677
vt 0.28327 0.75239
vt 0.28616 0.75261
vt 0.40328 0.58538
vt 0.01902 0.62981
vt 0.01823 0.63763
vt 0.77038 0.06762
vt 0.77054 0.06602
vt 0.76835 0.07116
vt 0.76909 0.06915
vt 0.76943 0.06328
vt 0.76846 0.06438
vt 0.76695 0.06079
vt 0.94613 0.79388
vt 0.94466 0.79292
vt 0.94683 0.79284
vt 0.76974 0.05973
vt 0.76221 0.05708
vt 0.7665 0.05663
vt 0.76606 0.07383
vt 0.76674 0.07245
vt 0.76373 0.0622
vt 0.6497 0.74081
vt 0.64818 0.73778
vt 0.65077 0.73809
vt 0.71127 0.56915
vt 0.76739 0.06785
vt 0.7633 0.07225
vt 0.76028 0.06463
vt 0.64812 0.73488
vt 0.64925 0.73384
vt 0.76043 0.07353
vt 0.75798 0.06773
vt 0.23782 0.70914
vt 0.24251 0.70779
vt 0.43149 0.67789
vt 0.24935 0.70341
vt 0.24606 0.70192
vt 0.25081 0.71017
vt 0.24283 0.70288
vt 0.07713 0.93109
vt 0.08281 0.93213
vt 0.07885 0.93251
vt 0.75162 0.07195
vt 0.74122 0.07246
vt 0.74999 0.06961
vt 0.74473 0.07362
vt 0.25081 0.69563
vt 0.65802 0.9809
vt 0.65572 0.9829
vt 0.65744 0.9837
vt 0.65706 0.98455
vt 0.25078 0.69469
vt 0.65484 0.98533
vt 0.65449 0.98803
vt 0.657 0.98874
vt 0.65486 0.71905
vt 0.65349 0.99047
vt 0.65149 0.99443
vt 0.67491 0.57592
vt 0.41734 0.68046
vt 0.40604 0.68012
vt 0.63924 0.57683
vt 0.12853 0.92997
vt 0.12292 0.93166
vt 0.15844 0.89342
vt 0.38024 0.68731
vt 0.60062 0.58131
vt 0.33568 0.67871
vt 0.31953 0.67987
vt 0.31818 0.68013
vt 0.31846 0.67478
vt 0.45391 0.60873
vt 0.52201 0.60972
vt 0.54295 0.60757
vt 0.54917 0.60802
vt 0.36511 0.60619
vt 0.37487 0.60546
vt 0.29871 0.68015
vt 0.25219 0.60499
vt 0.29628 0.60506
vt 0.32513 0.6053
vt 0.34578 0.60778
vt 0.21097 0.60629
vt 0.22734 0.60657
vt 0.53957 0.5809
vt 0.28113 0.67933
vt 0.52309 0.57499
vt 0.25443 0.68676
vt 0.49704 0.5727
vt 0.23206 0.67755
vt 0.47289 0.58001
vt 0.20008 0.68731
vt 0.43655 0.57739
vt 0.9629 0.97973
vt 0.95788 0.97925
vt 0.95435 0.97961
vt 0.59667 0.78272
vt 0.94662 0.97961
vt 0.9443 0.9792
vt 0.94752 0.9817
vt 0.94459 0.98098
vt 0.16699 0.68176
vt 0.44959 0.78269
vt 0.45119 0.78314
vt 0.45279 0.78039
vt 0.45333 0.78256
vt 0.45412 0.77828
vt 0.14395 0.67889
vt 0.9194 0.83488
vt 0.91697 0.83589
vt 0.91344 0.83595
vt 0.90912 0.83503
vt 0.84404 0.99498
vt 0.84817 0.99438
vt 0.90474 0.83703
vt 0.27545 0.75906
vt 0.27689 0.75492
vt 0.2783 0.75206
vt 0.75496 0.28893
vt 0.03024 0.63795
vt 0.03169 0.63732
vt 0.03091 0.6332
vt 0.45534 0.68814
vt 0.44709 0.68394
vt 0.94637 0.78945
vt 0.94465 0.79049
vt 0.75804 0.07596
vt 0.75124 0.07816
vt 0.7498 0.07535
vt 0.08231 0.93379
vt 0.66004 0.97494
vt 0.6557 0.97563
vt 0.65591 0.97864
vt 0.74594 0.07601
vt 0.65278 0.97613
vt 0.65262 0.97777
vt 0.08634 0.93318
vt 0.08489 0.93429
vt 0.65499 0.98041
vt 0.65229 0.97995
vt 0.65209 0.98339
vt 0.64971 0.98695
vt 0.65955 0.71786
vt 0.42412 0.68466
vt 0.64801 0.99005
vt 0.64688 0.99888
vt 0.64596 0.99247
vt 0.3867 0.68716
vt 0.36572 0.68121
vt 0.34753 0.68355
vt 0.38899 0.60418
vt 0.4162 0.60589
vt 0.45782 0.60627
vt 0.52539 0.60727
vt 0.2351 0.6032
vt 0.27705 0.60332
vt 0.34348 0.60441
vt 0.20067 0.60347
vt 0.27006 0.68732
vt 0.24372 0.68392
vt 0.18885 0.68377
vt 0.96092 0.98135
vt 0.9564 0.98235
vt 0.9504 0.98226
vt 0.9492 0.98396
vt 0.94541 0.98251
vt 0.91683 0.83262
vt 0.91131 0.83234
vt 0.90488 0.83355
vt 0.14247 0.68083
vt 0.27404 0.76178
vt 0.27334 0.76082
vt 0.2835 0.76162
vt 0.46235 0.6856
vt 0.93859 0.79724
vt 0.94107 0.79673
vt 0.94285 0.79923
vt 0.9357 0.79672
vt 0.64848 0.97587
vt 0.64796 0.97716
vt 0.08768 0.93958
vt 0.64772 0.97972
vt 0.6491 0.98633
vt 0.66445 0.71948
vt 0.64468 0.9935
vt 0.64562 0.9906
vt 0.40559 0.68729
vt 0.39607 0.68711
vt 0.35516 0.68621
vt 0.33814 0.68782
vt 0.17538 0.94298
vt 0.16554 0.9416
vt 0.16957 0.9299
vt 0.32419 0.68713
vt 0.31822 0.68521
vt 0.78306 0.25264
vt 0.78196 0.25873
vt 0.78376 0.26119
vt 0.31746 0.68267
vt 0.45792 0.6047
vt 0.51424 0.60551
vt 0.54212 0.60575
vt 0.54705 0.60592
vt 0.54941 0.6055
vt 0.37096 0.60403
vt 0.37468 0.60383
vt 0.37677 0.60398
vt 0.45605 0.60517
vt 0.29911 0.68275
vt 0.21067 0.60216
vt 0.24672 0.60304
vt 0.31076 0.60329
vt 0.34041 0.60383
vt 0.56846 0.57451
vt 0.277 0.68783
vt 0.22954 0.68738
vt 0.21526 0.68736
vt 0.96577 0.985
vt 0.96428 0.9856
vt 0.95848 0.98516
vt 0.1727 0.68751
vt 0.14465 0.68576
vt 0.91954 0.8268
vt 0.91691 0.82722
vt 0.91325 0.82944
vt 0.90998 0.82971
vt 0.90651 0.83133
vt 0.85415 0.99494
vt 0.8588 0.99369
vt 0.26863 0.75384
vt 0.27194 0.75221
vt 0.45953 0.68702
vt 0.93636 0.79511
vt 0.93194 0.79584
vt 0.93256 0.7947
vt 0.43421 0.68741
vt 0.64609 0.9756
vt 0.64353 0.97697
vt 0.64002 0.97888
vt 0.63895 0.98108
vt 0.63833 0.98469
vt 0.64286 0.98544
vt 0.63868 0.98664
vt 0.66809 0.71833
vt 0.41668 0.68731
vt 0.64077 0.98946
vt 0.63862 0.99811
vt 0.36791 0.68719
vt 0.36136 0.68773
vt 0.34788 0.68716
vt 0.78418 0.29239
vt 0.78012 0.29079
vt 0.78114 0.29234
vt 0.13365 0.01894
vt 0.13606 0.01642
vt 0.13533 0.01843
vt 0.31455 0.6831
vt 0.30235 0.68514
vt 0.30178 0.68325
vt 0.29633 0.68668
vt 0.96972 0.1771
vt 0.96197 0.17719
vt 0.9697 0.17887
vt 0.20849 0.60086
vt 0.21895 0.60066
vt 0.23934 0.60112
vt 0.24365 0.60178
vt 0.24522 0.60198
vt 0.97136 0.18039
vt 0.97101 0.17689
vt 0.34072 0.60033
vt 0.34255 0.59777
vt 0.36116 0.60056
vt 0.37216 0.59835
vt 0.37369 0.60314
vt 0.19842 0.5999
vt 0.2008 0.6013
vt 0.24806 0.68787
vt 0.20393 0.68805
vt 0.96083 0.98799
vt 0.85414 0.97979
vt 0.85314 0.98294
vt 0.85641 0.98106
vt 0.16205 0.68767
vt 0.95008 0.98775
vt 0.9521 0.99033
vt 0.94908 0.99011
vt 0.91317 0.82684
vt 0.90833 0.82719
vt 0.90439 0.82952
vt 0.90387 0.83144
vt 0.41627 0.56327
vt 0.1428 0.68722
vt 0.26468 0.76162
vt 0.26347 0.76052
vt 0.26473 0.75902
vt 0.92713 0.79611
vt 0.92837 0.79489
vt 0.44174 0.68724
vt 0.64325 0.97623
vt 0.99194 0.04226
vt 0.99076 0.04559
vt 0.98872 0.04493
vt 0.63954 0.97756
vt 0.42356 0.68809
vt 0.63467 0.9872
vt 0.63866 0.99283
vt 0.63553 0.99678
vt 0.63731 0.99083
vt 0.40865 0.68792
vt 0.12463 0.01994
vt 0.12756 0.02085
vt 0.77832 0.28773
vt 0.77701 0.28972
vt 0.17329 0.79687
vt 0.16982 0.79801
vt 0.16754 0.79588
vt 0.31575 0.68702
vt 0.38834 0.11171
vt 0.38991 0.11244
vt 0.39151 0.10957
vt 0.11763 0.65408
vt 0.95795 0.17711
vt 0.95837 0.18111
vt 0.94503 0.17343
vt 0.94637 0.1743
vt 0.94429 0.17546
vt 0.86633 0.60877
vt 0.8684 0.60958
vt 0.8678 0.60762
vt 0.30023 0.68706
vt 0.21023 0.59969
vt 0.21624 0.59902
vt 0.23274 0.59878
vt 0.23613 0.59887
vt 0.2383 0.5998
vt 0.36691 0.5953
vt 0.20028 0.59949
vt 0.20879 0.59907
vt 0.23943 0.68729
vt 0.18576 0.68738
vt 0.96805 0.98932
vt 0.96543 0.98893
vt 0.9598 0.99215
vt 0.95812 0.98836
vt 0.95547 0.99186
vt 0.95448 0.98687
vt 0.95468 0.99332
vt 0.95108 0.99364
vt 0.14661 0.68788
vt 0.91953 0.82449
vt 0.91696 0.82433
vt 0.91522 0.82343
vt 0.91315 0.82307
vt 0.9092 0.82353
vt 0.90495 0.8227
vt 0.26421 0.75252
vt 0.40158 0.56051
vt 0.74209 0.27284
vt 0.74186 0.31214
vt 0.74525 0.30424
vt 0.46241 0.68797
vt 0.92934 0.79194
vt 0.92837 0.79326
vt 0.92721 0.79217
vt 0.38373 0.39261
vt 0.38161 0.39307
vt 0.38171 0.39155
vt 0.92642 0.79503
vt 0.44007 0.68837
vt 0.38333 0.65644
vt 0.38067 0.65787
vt 0.37775 0.65676
vt 0.37244 0.65894
vt 0.37234 0.65672
vt 0.43772 0.68826
vt 0.4259 0.68848
vt 0.36801 0.65895
vt 0.36726 0.6568
vt 0.36544 0.65786
vt 0.99003 0.04662
vt 0.99194 0.04749
vt 0.36511 0.65548
vt 0.36317 0.65664
vt 0.36277 0.65573
vt 0.63731 0.98153
vt 0.63634 0.98371
vt 0.63607 0.98593
vt 0.67165 0.71776
vt 0.67235 0.72094
vt 0.69151 0.5655
vt 0.41151 0.68822
vt 0.09227 0.944
vt 0.09346 0.94465
vt 0.09108 0.94486
vt 0.39764 0.68812
vt 0.39281 0.68805
vt 0.38021 0.68811
vt 0.37834 0.68794
vt 0.36294 0.68803
vt 0.35209 0.68795
vt 0.18206 0.78416
vt 0.17807 0.78517
vt 0.18005 0.78334
vt 0.17401 0.78027
vt 0.17088 0.78016
vt 0.17612 0.78859
vt 0.17096 0.78682
vt 0.16602 0.78663
vt 0.16368 0.77997
vt 0.16664 0.77948
vt 0.15807 0.78325
vt 0.15654 0.78022
vt 0.14814 0.77974
vt 0.31783 0.6878
vt 0.16844 0.79504
vt 0.15097 0.78331
vt 0.13589 0.77885
vt 0.13798 0.77869
vt 0.15417 0.78886
vt 0.1457 0.78726
vt 0.13352 0.77981
vt 0.16366 0.79516
vt 0.15355 0.79194
vt 0.14809 0.78952
vt 0.77535 0.2803
vt 0.77619 0.27926
vt 0.77366 0.27635
vt 0.77492 0.27264
vt 0.77357 0.27237
vt 0.12589 0.78557
vt 0.12478 0.78734
vt 0.12346 0.78512
vt 0.3009 0.68785
vt 0.12337 0.78999
vt 0.1208 0.78878
vt 0.38693 0.11465
vt 0.38929 0.11482
vt 0.1209 0.79215
vt 0.11884 0.79101
vt 0.9587 0.18266
vt 0.11754 0.79239
vt 0.11943 0.79384
vt 0.11728 0.79372
vt 0.11556 0.79247
vt 0.21719 0.59803
vt 0.23233 0.59701
vt 0.23549 0.59679
vt 0.34621 0.59333
vt 0.37383 0.59498
vt 0.63856 0.88097
vt 0.6374 0.88186
vt 0.64362 0.88253
vt 0.64464 0.88098
vt 0.62665 0.88408
vt 0.62878 0.88392
vt 0.62877 0.88199
vt 0.62689 0.88207
vt 0.6386 0.88411
vt 0.63863 0.88736
vt 0.65443 0.88733
vt 0.62805 0.89423
vt 0.63638 0.8931
vt 0.64231 0.8921
vt 0.6528 0.89531
vt 0.62581 0.89445
vt 0.64728 0.89791
vt 0.27612 0.68805
vt 0.62682 0.90386
vt 0.63548 0.90169
vt 0.6396 0.90096
vt 0.64421 0.9005
vt 0.64784 0.89885
vt 0.25859 0.68803
vt 0.62493 0.90385
vt 0.63496 0.90607
vt 0.63728 0.90569
vt 0.6246 0.90688
vt 0.62661 0.90621
vt 0.62739 0.90732
vt 0.39744 0.49789
vt 0.39652 0.49273
vt 0.39857 0.49247
vt 0.39808 0.49078
vt 0.24647 0.68823
vt 0.2304 0.68815
vt 0.15349 0.63334
vt 0.15205 0.63435
vt 0.15214 0.63294
vt 0.14647 0.63479
vt 0.2241 0.68833
vt 0.21755 0.68815
vt 0.21505 0.68842
vt 0.20161 0.68833
vt 0.18947 0.68821
vt 0.95113 0.76073
vt 0.93287 0.77097
vt 0.95113 0.78646
vt 0.10856 0.63956
vt 0.10655 0.64038
vt 0.10438 0.63939
vt 0.093 0.64186
vt 0.96514 0.99079
vt 0.17482 0.68821
vt 0.09135 0.6428
vt 0.09056 0.64171
vt 0.08019 0.64385
vt 0.16258 0.68825
vt 0.08308 0.65428
vt 0.08584 0.65565
vt 0.07916 0.65607
vt 0.15995 0.68848
vt 0.0748 0.65439
vt 0.07519 0.65683
vt 0.07212 0.65681
vt 0.07141 0.65939
vt 0.14781 0.68826
vt 0.91722 0.82302
vt 0.06349 0.64586
vt 0.06487 0.64602
vt 0.05854 0.64742
vt 0.14151 0.68828
vt 0.37749 0.65927
vt 0.38009 0.65991
vt 0.37649 0.66112
vt 0.37068 0.66129
vt 0.3648 0.66119
vt 0.363 0.65968
vt 0.36115 0.66104
vt 0.36135 0.65982
vt 0.36087 0.66742
vt 0.36313 0.6673
vt 0.36391 0.66873
vt 0.63426 0.98886
vt 0.35778 0.66333
vt 0.36059 0.66234
vt 0.36091 0.66475
vt 0.51697 0.89267
vt 0.51519 0.89201
vt 0.51721 0.89106
vt 0.51445 0.88632
vt 0.13509 0.77822
vt 0.12833 0.77868
vt 0.12934 0.77781
vt 0.14208 0.78813
vt 0.12754 0.78043
vt 0.12073 0.77815
vt 0.09817 0.77098
vt 0.10101 0.75333
vt 0.07068 0.75741
vt 0.12955 0.78395
vt 0.12356 0.78164
vt 0.11939 0.77922
vt 0.7737 0.26262
vt 0.77282 0.26144
vt 0.77302 0.26363
vt 0.12577 0.78402
vt 0.12234 0.7837
vt 0.11992 0.78272
vt 0.11762 0.78543
vt 0.38849 0.11703
vt 0.39073 0.1162
vt 0.38614 0.11793
vt 0.96088 0.18878
vt 0.97118 0.18855
vt 0.38938 0.11871
vt 0.39151 0.11849
vt 0.38818 0.12004
vt 0.11423 0.79675
vt 0.11158 0.79551
vt 0.11481 0.79455
vt 0.11407 0.79351
vt 0.11222 0.79319
vt 0.66128 0.88164
vt 0.66361 0.8823
vt 0.66586 0.88192
vt 0.23616 0.59501
vt 0.64598 0.88168
vt 0.6474 0.8826
vt 0.65659 0.88313
vt 0.66212 0.88345
vt 0.66682 0.8875
vt 0.66803 0.88568
vt 0.65821 0.89335
vt 0.66901 0.88887
vt 0.66202 0.89406
vt 0.65388 0.8955
vt 0.39838 0.47532
vt 0.39567 0.47449
vt 0.39724 0.46954
vt 0.39559 0.46872
vt 0.65093 0.89704
vt 0.39589 0.48929
vt 0.39714 0.4866
vt 0.39903 0.49959
vt 0.39594 0.5
vt 0.39571 0.49836
vt 0.96887 0.99316
vt 0.96486 0.9923
vt 0.96201 0.99353
vt 0.09051 0.65906
vt 0.08695 0.65944
vt 0.86461 0.98014
vt 0.86262 0.9823
vt 0.8657 0.98093
vt 0.08033 0.65838
vt 0.86661 0.98779
vt 0.07681 0.65847
vt 0.92105 0.82008
vt 0.91605 0.82081
vt 0.86561 0.99232
vt 0.8695 0.99041
vt 0.91117 0.82272
vt 0.37973 0.66159
vt 0.37827 0.66216
vt 0.37429 0.66187
vt 0.11594 0.77913
vt 0.11722 0.77749
vt 0.11441 0.78178
vt 0.11224 0.78041
vt 0.11507 0.78492
vt 0.1136 0.78888
vt 0.66635 0.88064
vt 0.66795 0.88153
vt 0.66918 0.87996
vt 0.1137 0.79819
vt 0.10983 0.79319
vt 0.34021 0.59219
vt 0.34078 0.58736
vt 0.37214 0.58563
vt 0.66606 0.88338
vt 0.67454 0.88442
vt 0.67241 0.88939
vt 0.67568 0.88829
vt 0.66795 0.89126
vt 0.67713 0.89078
vt 0.66505 0.89363
vt 0.66851 0.89353
vt 0.39299 0.46718
vt 0.3932 0.46579
vt 0.39546 0.46514
vt 0.39623 0.4675
vt 0.67168 0.89331
vt 0.6748 0.89351
vt 0.67723 0.89468
vt 0.39207 0.47421
vt 0.66953 0.89565
vt 0.67142 0.89969
vt 0.96338 0.79626
vt 0.96371 0.79438
vt 0.96156 0.79457
vt 0.96102 0.79657
vt 0.67481 0.90689
vt 0.66896 0.90839
vt 0.96109 0.78213
vt 0.677 0.91208
vt 0.38499 0.4912
vt 0.67115 0.91642
vt 0.38481 0.49792
vt 0.38636 0.4926
vt 0.96181 0.77229
vt 0.66883 0.92221
vt 0.95958 0.76852
vt 0.67081 0.93038
vt 0.67412 0.93225
vt 0.96002 0.75322
vt 0.67632 0.93637
vt 0.66863 0.94159
vt 0.95865 0.7494
vt 0.67034 0.94127
vt 0.67376 0.94018
vt 0.67589 0.9439
vt 0.67087 0.94481
vt 0.67336 0.94605
vt 0.09382 0.66236
vt 0.09019 0.66168
vt 0.09331 0.65977
vt 0.08488 0.66115
vt 0.07663 0.66108
vt 0.0744 0.66119
vt 0.91634 0.81937
vt 0.913 0.81982
vt 0.90991 0.82085
vt 0.74326 0.32713
vt 0.7229 0.54559
vt 0.13695 0.77524
vt 0.10718 0.78352
vt 0.10752 0.78476
vt 0.11143 0.78979
vt 0.10868 0.7878
vt 0.10673 0.79401
vt 0.11095 0.79651
vt 0.11281 0.79877
vt 0.10715 0.79595
vt 0.1041 0.7947
vt 0.09963 0.79318
vt 0.09987 0.79148
vt 0.10463 0.79695
vt 0.10294 0.79594
vt 0.81345 0.46335
vt 0.81342 0.46516
vt 0.81855 0.46525
vt 0.54497 0.55719
vt 0.88225 0.07218
vt 0.88337 0.07473
vt 0.88501 0.07221
vt 0.38903 0.46722
vt 0.38942 0.46485
vt 0.38811 0.47414
vt 0.38928 0.46832
vt 0.96729 0.79693
vt 0.96634 0.79447
vt 0.96478 0.77633
vt 0.38481 0.48855
vt 0.38292 0.49959
vt 0.96322 0.76282
vt 0.96276 0.7524
vt 0.96044 0.7457
vt 0.96323 0.74492
vt 0.93781 0.74458
vt 0.75159 0.99047
vt 0.75336 0.98826
vt 0.75779 0.99065
vt 0.74724 0.99017
vt 0.74614 0.98798
vt 0.96191 0.7431
vt 0.6708 0.94951
vt 0.67331 0.94882
vt 0.67547 0.94939
vt 0.74197 0.98827
vt 0.74259 0.98637
vt 0.74694 0.98611
vt 0.74015 0.98529
vt 0.74574 0.98467
vt 0.75469 0.31129
vt 0.72194 0.55565
vt 0.62314 0.55396
vt 0.59531 0.56399
vt 0.10178 0.78112
vt 0.10488 0.78182
vt 0.10743 0.78213
vt 0.10286 0.78108
vt 0.95851 0.20368
vt 0.09531 0.78864
vt 0.09931 0.78023
vt 0.09273 0.7851
vt 0.09766 0.77961
vt 0.09308 0.78883
vt 0.09076 0.78711
vt 0.36065 0.57364
vt 0.76563 0.46677
vt 0.7635 0.46779
vt 0.77207 0.46785
vt 0.77814 0.46685
vt 0.77956 0.46777
vt 0.09851 0.79227
vt 0.82811 0.46682
vt 0.82011 0.46604
vt 0.82742 0.46825
vt 0.94175 0.85051
vt 0.94344 0.85099
vt 0.94326 0.84927
vt 0.96998 0.84845
vt 0.97449 0.8494
vt 0.97409 0.84818
vt 0.97746 0.84842
vt 0.38701 0.46942
vt 0.38682 0.46634
vt 0.97015 0.84344
vt 0.97117 0.84267
vt 0.96871 0.84194
vt 0.38604 0.47488
vt 0.96913 0.83851
vt 0.38574 0.4781
vt 0.38827 0.47786
vt 0.97125 0.82934
vt 0.92557 0.82693
vt 0.92975 0.82695
vt 0.92517 0.82594
vt 0.38348 0.49288
vt 0.96956 0.81726
vt 0.38355 0.49812
vt 0.93278 0.82622
vt 0.97167 0.80573
vt 0.96977 0.80211
vt 0.97154 0.79851
vt 0.97145 0.79306
vt 0.96943 0.79146
vt 0.96455 0.74781
vt 0.96831 0.73934
vt 0.73902 0.99065
vt 0.73994 0.98953
vt 0.73897 0.98691
vt 0.67536 0.55205
vt 0.65099 0.55641
vt 0.3886 0.80872
vt 0.39342 0.80871
vt 0.39583 0.81017
vt 0.40029 0.81088
vt 0.40186 0.81198
vt 0.93163 0.67757
vt 0.93411 0.67629
vt 0.93027 0.67673
vt 0.76135 0.4682
vt 0.76105 0.47053
vt 0.76367 0.47007
vt 0.77766 0.47011
vt 0.79974 0.47007
vt 0.80129 0.46787
vt 0.8067 0.46781
vt 0.81616 0.46639
vt 0.81708 0.46989
vt 0.83006 0.47106
vt 0.83147 0.46793
vt 0.97297 0.79125
vt 0.97009 0.78975
vt 0.97169 0.78603
vt 0.73715 0.98939
vt 0.73622 0.98745
vt 0.73698 0.98578
vt 0.08563 0.73029
vt 0.96075 0.2077
vt 0.96979 0.20589
vt 0.76794 0.47787
vt 0.8069 0.47469
vt 0.81786 0.47431
vt 0.8319 0.47453
vt 0.48762 0.54906
vt 0.46025 0.56669
vt 0.97205 0.78339
vt 0.97351 0.78218
vt 0.97158 0.78227
vt 0.73523 0.98877
vt 0.43394 0.55714
vt 0.75845 0.31874
vt 0.37206 0.56974
vt 0.57032 0.54558
vt 0.76333 0.47817
vt 0.82707 0.47932
vt 0.6684 0.70194
vt 0.66742 0.69997
vt 0.6655 0.70062
vt 0.66416 0.70194
vt 0.79414 0.39454
vt 0.79431 0.39341
vt 0.79151 0.39242
vt 0.67078 0.69961
vt 0.66352 0.7002
vt 0.66792 0.69615
vt 0.66506 0.6964
vt 0.66327 0.6963
vt 0.10688 0.73634
vt 0.93522 0.66221
vt 0.92928 0.67153
vt 0.34693 0.55793
vt 0.82979 0.48579
vt 0.5196 0.54753
vt 0.79345 0.39217
vt 0.79167 0.39028
vt 0.78818 0.39103
vt 0.67067 0.69673
vt 0.38829 0.59313
vt 0.38592 0.59213
vt 0.38522 0.59349
vt 0.38225 0.59193
vt 0.66527 0.69447
vt 0.3797 0.5908
vt 0.3797 0.59334
vt 0.40326 0.52982
vt 0.74203 0.33204
vt 0.75463 0.33352
vt 0.69906 0.54337
vt 0.3739 0.56857
vt 0.77446 0.50431
vt 0.80183 0.4864
vt 0.79274 0.37543
vt 0.7889 0.38817
vt 0.38785 0.59107
vt 0.78686 0.38919
vt 0.38562 0.58957
vt 0.38236 0.58951
vt 0.76105 0.49546
vt 0.45795 0.54208
vt 0.78679 0.3853
vt 0.38794 0.58719
vt 0.42047 0.53258
vt 0.40133 0.54063
vt 0.74508 0.33927
vt 0.63461 0.53744
vt 0.34084 0.54794
vt 0.34282 0.54505
vt 0.76341 0.4933
vt 0.79098 0.49676
vt 0.83113 0.49117
vt 0.78886 0.38124
vt 0.38587 0.58165
vt 0.38232 0.58257
vt 0.37982 0.5826
vt 0.59316 0.54664
vt 0.54268 0.53085
vt 0.79186 0.38091
vt 0.44531 0.52821
vt 0.96974 0.23574
vt 0.97113 0.2274
vt 0.34014 0.55342
vt 0.82157 0.49745
vt 0.31779 0.82978
vt 0.32806 0.8296
vt 0.32961 0.83093
vt 0.78746 0.3733
vt 0.3879 0.57532
vt 0.37221 0.54706
vt 0.8269 0.49896
vt 0.7914 0.36435
vt 0.38571 0.5728
vt 0.38227 0.56512
vt 0.59388 0.52655
vt 0.82956 0.49954
vt 0.78929 0.36402
vt 0.3798 0.56574
vt 0.70715 0.5138
vt 0.11672 0.71738
vt 0.92908 0.63595
vt 0.92989 0.6569
vt 0.83106 0.50431
vt 0.76626 0.22726
vt 0.73912 0.23891
vt 0.76638 0.25019
vt 0.67592 0.5269
vt 0.95829 0.24534
vt 0.37404 0.54379
vt 0.78874 0.51396
vt 0.48043 0.52673
vt 0.72175 0.50246
vt 0.61784 0.51398
vt 0.96044 0.23963
vt 0.35959 0.54502
vt 0.37224 0.5357
vt 0.51772 0.51972
vt 0.35092 0.82927
vt 0.34935 0.83073
vt 0.75736 0.35957
vt 0.7585 0.34729
vt 0.64875 0.51708
vt 0.06606 0.71018
vt 0.34759 0.53519
vt 0.78754 0.35149
vt 0.38809 0.55366
vt 0.38558 0.55633
vt 0.80841 0.51535
vt 0.68035 0.50809
vt 0.77311 0.51986
vt 0.73093 0.22344
vt 0.79177 0.34798
vt 0.78953 0.34769
vt 0.82324 0.52202
vt 0.36965 0.83088
vt 0.38218 0.54919
vt 0.76338 0.52334
vt 0.83107 0.52365
vt 0.37035 0.82945
vt 0.43297 0.50602
vt 0.76663 0.0258
vt 0.80518 0.01758
vt 0.83085 0.03022
vt 0.82683 0.52246
vt 0.82964 0.52459
vt 0.76638 0.20905
vt 0.38004 0.54185
vt 0.75446 0.36433
vt 0.10252 0.68962
vt 0.93522 0.63665
vt 0.9352 0.61375
vt 0.36103 0.52212
vt 0.76109 0.54696
vt 0.38545 0.54285
vt 0.77017 0.03817
vt 0.12882 0.6924
vt 0.95411 0.23335
vt 0.95355 0.28574
vt 0.95354 0.23761
vt 0.77584 0.53324
vt 0.80788 0.52863
vt 0.56786 0.50341
vt 0.47492 0.50895
vt 0.79315 0.34766
vt 0.79216 0.3408
vt 0.78743 0.34075
vt 0.38829 0.54278
vt 0.74538 0.37834
vt 0.28518 0.65931
vt 0.18636 0.65931
vt 0.22309 0.65782
vt 0.594 0.50027
vt 0.97154 0.27838
vt 0.33996 0.50244
vt 0.79414 0.34086
vt 0.78985 0.34076
vt 0.46281 0.49305
vt 0.38221 0.54327
vt 0.8316 0.03927
vt 0.75457 0.03927
vt 0.7432 0.37771
vt 0.9287 0.61228
vt 0.34671 0.52071
vt 0.37228 0.5216
vt 0.7928 0.53601
vt 0.51412 0.49891
vt 0.7418 0.38542
vt 0.63874 0.49491
vt 0.79405 0.33798
vt 0.79224 0.33895
vt 0.78988 0.33894
vt 0.78806 0.3379
vt 0.3875 0.53986
vt 0.38535 0.54092
vt 0.38199 0.54097
vt 0.75849 0.39229
vt 0.37416 0.51172
vt 0.95428 0.26557
vt 0.54139 0.49064
vt 0.79118 0.3377
vt 0.38292 0.53964
vt 0.96024 0.27498
vt 0.96978 0.26966
vt 0.8269 0.54577
vt 0.83107 0.54118
vt 0.48627 0.48412
vt 0.3407 0.50442
vt 0.7634 0.54487
vt 0.80506 0.54733
vt 0.82235 0.55497
vt 0.75432 0.39214
vt 0.35743 0.50832
vt 0.82955 0.54881
vt 0.84276 0.01822
vt 0.6852 0.48821
vt 0.34674 0.49939
vt 0.3723 0.50309
vt 0.40329 0.48713
vt 0.40147 0.48727
vt 0.72293 0.47694
vt 0.72171 0.47905
vt 0.13695 0.66978
vt 0.95815 0.28112
vt 0.59144 0.4771
vt 0.43302 0.47991
vt 0.87401 0.85812
vt 0.87057 0.88156
vt 0.89061 0.84779
vt 0.90924 0.87496
vt 0.62097 0.47914
vt 0.77299 0.55966
vt 0.75748 0.40134
vt 0.65463 0.4776
vt 0.36171 0.49678
vt 0.78772 0.55977
vt 0.74297 0.39983
vt 0.90924 0.89491
vt 0.83095 0.55769
vt 0.50483 0.47049
vt 0.68233 0.46848
vt 0.96025 0.28614
vt 0.5701 0.4696
vt 0.96973 0.28408
vt 0.76339 0.55852
vt 0.82682 0.57986
vt 0.4517 0.46428
vt 0.40312 0.46329
vt 0.74529 0.41257
vt 0.82242 0.57721
vt 0.5306 0.46408
vt 0.41594 0.48788
vt 0.60907 0.45566
vt 0.34081 0.4616
vt 0.37236 0.4855
vt 0.37429 0.48714
vt 0.95428 0.29025
vt 0.96976 0.30055
vt 0.79197 0.58485
vt 0.47678 0.45536
vt 0.95811 0.30631
vt 0.96019 0.30153
vt 0.97151 0.30534
vt 0.34004 0.47545
vt 0.34721 0.46784
vt 0.83093 0.58007
vt 0.42921 0.45753
vt 0.87487 0.02154
vt 0.6686 0.45403
vt 0.63385 0.45215
vt 0.55485 0.44552
vt 0.40139 0.43868
vt 0.4003 0.47286
vt 0.58345 0.44871
vt 0.7611 0.58552
vt 0.76335 0.58313
vt 0.82957 0.58514
vt 0.5206 0.4438
vt 0.41796 0.43324
vt 0.72164 0.42379
vt 0.69341 0.44019
vt 0.08539 0.77524
vt 0.05317 0.79465
vt 0.08539 0.79262
vt 0.65835 0.44015
vt 0.96963 0.31621
vt 0.77285 0.59472
vt 0.82248 0.593
vt 0.96021 0.31361
vt 0.37434 0.44537
vt 0.49419 0.44131
vt 0.40336 0.41109
vt 0.75463 0.43968
vt 0.75734 0.44029
vt 0.34757 0.44215
vt 0.36387 0.45754
vt 0.45451 0.44179
vt 0.74325 0.44641
vt 0.7229 0.40553
vt 0.93527 0.56589
vt 0.93514 0.54313
vt 0.92835 0.5512
vt 0.76336 0.59558
vt 0.37251 0.4418
vt 0.42825 0.43123
vt 0.62028 0.43709
vt 0.80863 0.60693
vt 0.7418 0.43402
vt 0.08288 0.80819
vt 0.97136 0.33879
vt 0.34006 0.44193
vt 0.79205 0.60693
vt 0.83103 0.60849
vt 0.74548 0.44354
vt 0.76109 0.62142
vt 0.77186 0.61708
vt 0.75846 0.45972
vt 0.3627 0.43572
vt 0.54185 0.42054
vt 0.50963 0.42387
vt 0.63547 0.41953
vt 0.59283 0.42251
vt 0.46949 0.41928
vt 0.95781 0.35065
vt 0.34087 0.4393
vt 0.82687 0.61694
vt 0.45041 0.42509
vt 0.96007 0.35269
vt 0.96951 0.35362
vt 0.82962 0.619
vt 0.6999 0.4115
vt 0.67432 0.42213
vt 0.93568 0.52059
vt 0.92787 0.53923
vt 0.76331 0.61736
vt 0.79058 0.62693
vt 0.40153 0.41245
vt 0.57287 0.41154
vt 0.7542 0.46585
vt 0.74171 0.46026
vt 0.83132 0.62897
vt 0.60419 0.68773
vt 0.64115 0.69372
vt 0.609 0.71616
vt 0.62867 0.40255
vt 0.75737 0.46873
vt 0.72165 0.39797
vt 0.77407 0.63418
vt 0.4437 0.39636
vt 0.34102 0.41606
vt 0.34854 0.42663
vt 0.82214 0.64404
vt 0.558 0.38909
vt 0.50277 0.39801
vt 0.74525 0.47071
vt 0.66647 0.40009
vt 0.76334 0.63521
vt 0.80545 0.63547
vt 0.63725 0.71611
vt 0.41427 0.38932
vt 0.59362 0.3946
vt 0.82685 0.64532
vt 0.82973 0.64421
vt 0.42829 0.39786
vt 0.74349 0.51553
vt 0.35978 0.41128
vt 0.37458 0.40344
vt 0.53023 0.38722
vt 0.4708 0.39972
vt 0.97103 0.37219
vt 0.34029 0.40842
vt 0.74237 0.51681
vt 0.70006 0.37406
vt 0.93709 0.51071
vt 0.92835 0.5167
vt 0.95778 0.37408
vt 0.95998 0.37728
vt 0.37269 0.40386
vt 0.83126 0.64633
vt 0.40342 0.35377
vt 0.62321 0.38238
vt 0.77281 0.65453
vt 0.80287 0.64644
vt 0.76107 0.6554
vt 0.42676 0.37562
vt 0.96951 0.37427
vt 0.34678 0.38981
vt 0.78315 0.65819
vt 0.66541 0.71616
vt 0.74546 0.49974
vt 0.7633 0.65417
vt 0.4016 0.34634
vt 0.40098 0.35591
vt 0.66681 0.37627
vt 0.56774 0.36544
vt 0.36095 0.37731
vt 0.82979 0.66795
vt 0.472 0.38021
vt 0.75739 0.50569
vt 0.80121 0.66581
vt 0.82246 0.66595
vt 0.49823 0.36819
vt 0.75434 0.50747
vt 0.85231 0.63613
vt 0.83885 0.67627
vt 0.85231 0.67268
vt 0.75847 0.51718
vt 0.8268 0.66789
vt 0.83132 0.68234
vt 0.52725 0.36431
vt 0.6022 0.36244
vt 0.34118 0.38098
vt 0.76329 0.66505
vt 0.03594 0.72582
vt 0.07035 0.74383
vt 0.03276 0.74383
vt 0.0644 0.7199
vt 0.76106 0.6869
vt 0.69084 0.3546
vt 0.66084 0.35937
vt 0.971 0.41066
vt 0.34032 0.3698
vt 0.72169 0.34884
vt 0.95755 0.40935
vt 0.77303 0.6815
vt 0.45349 0.3679
vt 0.44614 0.35415
vt 0.95991 0.4077
vt 0.83512 0.64779
vt 0.63526 0.34864
vt 0.37482 0.36693
vt 0.96934 0.4083
vt 0.76327 0.68184
vt 0.81042 0.68317
vt 0.7229 0.33526
vt 0.37291 0.37078
vt 0.48144 0.3493
vt 0.74546 0.53831
vt 0.82121 0.68852
vt 0.41484 0.34844
vt 0.75443 0.54193
vt 0.88126 0.93921
vt 0.91434 0.96158
vt 0.9215 0.93455
vt 0.51926 0.34882
vt 0.67204 0.34079
vt 0.58498 0.34411
vt 0.34797 0.35977
vt 0.82677 0.70306
vt 0.67078 0.85887
vt 0.65459 0.87173
vt 0.65288 0.84031
vt 0.87057 0.96258
vt 0.43831 0.33896
vt 0.84419 0.6982
vt 0.75737 0.54499
vt 0.34139 0.36202
vt 0.76332 0.69495
vt 0.77194 0.69826
vt 0.79626 0.6949
vt 0.82985 0.70339
vt 0.93394 0.94862
vt 0.95988 0.42505
vt 0.96923 0.42351
vt 0.36829 0.35049
vt 0.81084 0.70677
vt 0.48482 0.3361
vt 0.6589 0.86977
vt 0.63397 0.32796
vt 0.95745 0.42471
vt 0.61493 0.87173
vt 0.62565 0.8422
vt 0.9709 0.43507
vt 0.3406 0.34529
vt 0.83157 0.70344
vt 0.54212 0.33892
vt 0.77281 0.71484
vt 0.53087 0.32457
vt 0.40338 0.32784
vt 0.47852 0.67876
vt 0.49782 0.65899
vt 0.52086 0.67876
vt 0.34573 0.34765
vt 0.37314 0.33143
vt 0.42877 0.32125
vt 0.40148 0.3144
vt 0.57275 0.32273
vt 0.88894 0.98182
vt 0.76327 0.71127
vt 0.75849 0.56111
vt 0.95966 0.45988
vt 0.92966 0.97405
vt 0.37516 0.32543
vt 0.47141 0.32328
vt 0.41353 0.29995
vt 0.69154 0.31377
vt 0.66685 0.31747
vt 0.5915 0.30741
vt 0.76105 0.7251
vt 0.82663 0.72366
vt 0.96904 0.45036
vt 0.34806 0.33027
vt 0.36934 0.33932
vt 0.79072 0.72037
vt 0.82983 0.72765
vt 0.83154 0.72881
vt 0.95735 0.45859
vt 0.81123 0.72755
vt 0.49617 0.30308
vt 0.7632 0.72593
vt 0.44974 0.31068
vt 0.74538 0.57374
vt 0.46244 0.29884
vt 0.40326 0.27265
vt 0.67343 0.29651
vt 0.34156 0.3165
vt 0.76987 0.72682
vt 0.7868 0.72444
vt 0.74175 0.55833
vt 0.72157 0.28501
vt 0.72147 0.33183
vt 0.53222 0.65856
vt 0.63619 0.30667
vt 0.93394 0.99813
vt 0.53375 0.30044
vt 0.74338 0.59077
vt 0.77594 0.72706
vt 0.79606 0.72695
vt 0.56407 0.29363
vt 0.96917 0.46442
vt 0.36342 0.31596
vt 0.76127 0.72837
vt 0.76286 0.729
vt 0.76897 0.7291
vt 0.778 0.72905
vt 0.78764 0.72892
vt 0.81091 0.72941
vt 0.82679 0.73274
vt 0.81557 0.09766
vt 0.81715 0.09565
vt 0.81567 0.09272
vt 0.81802 0.09054
vt 0.81596 0.08684
vt 0.818 0.0847
vt 0.81626 0.07455
vt 0.81775 0.07359
vt 0.81808 0.10348
vt 0.82005 0.10299
vt 0.81757 0.10193
vt 0.87159 0.41584
vt 0.8697 0.41739
vt 0.87537 0.41696
vt 0.81938 0.09931
vt 0.82009 0.0907
vt 0.82007 0.08517
vt 0.82005 0.07377
vt 0.81968 0.07085
vt 0.81799 0.07108
vt 0.76781 0.72996
vt 0.77088 0.73033
vt 0.78037 0.7305
vt 0.78706 0.73031
vt 0.80285 0.73048
vt 0.80673 0.73092
vt 0.18028 0.29362
vt 0.17878 0.29447
vt 0.17781 0.29343
vt 0.17886 0.29279
vt 0.18106 0.29565
vt 0.17886 0.2957
vt 0.21214 0.16397
vt 0.20972 0.16301
vt 0.20927 0.16552
vt 0.20623 0.16538
vt 0.20661 0.16674
vt 0.58396 0.69832
vt 0.58237 0.69737
vt 0.58245 0.70133
vt 0.20626 0.17104
vt 0.2078 0.17086
vt 0.58456 0.70258
vt 0.58274 0.70695
vt 0.20655 0.1821
vt 0.58486 0.71397
vt 0.58275 0.71653
vt 0.58456 0.71951
vt 0.5828 0.72059
vt 0.77497 0.14936
vt 0.77497 0.13245
vt 0.74919 0.15146
vt 0.75457 0.58659
vt 0.75735 0.582
vt 0.81256 0.10071
vt 0.81433 0.10181
vt 0.81427 0.09826
vt 0.81112 0.10204
vt 0.81469 0.07366
vt 0.81648 0.07275
vt 0.81404 0.07041
vt 0.81671 0.0688
vt 0.81877 0.06957
vt 0.81715 0.06619
vt 0.97096 0.46398
vt 0.34079 0.31627
vt 0.34808 0.29753
vt 0.36891 0.29964
vt 0.80673 0.73298
vt 0.81157 0.73344
vt 0.18114 0.29799
vt 0.17888 0.29799
vt 0.21143 0.16043
vt 0.58299 0.69189
vt 0.57954 0.69201
vt 0.57933 0.69447
vt 0.58266 0.69445
vt 0.21192 0.16609
vt 0.21055 0.16931
vt 0.21213 0.17273
vt 0.21038 0.17288
vt 0.21 0.17743
vt 0.21166 0.17742
vt 0.20872 0.18862
vt 0.21124 0.18848
vt 0.20946 0.19126
vt 0.21143 0.1912
vt 0.58093 0.69591
vt 0.57936 0.69723
vt 0.57931 0.70181
vt 0.57901 0.71101
vt 0.57911 0.72069
vt 0.20569 0.18879
vt 0.20641 0.19226
vt 0.57866 0.72324
vt 0.58153 0.72423
vt 0.20854 0.1926
vt 0.57982 0.72513
vt 0.76889 0.11855
vt 0.70123 0.27563
vt 0.59526 0.28175
vt 0.48553 0.76354
vt 0.48751 0.76249
vt 0.49106 0.76392
vt 0.4899 0.76552
vt 0.77856 0.73398
vt 0.77753 0.73507
vt 0.78781 0.73405
vt 0.80366 0.7349
vt 0.80291 0.73362
vt 0.81048 0.73689
vt 0.18021 0.30003
vt 0.17772 0.29931
vt 0.58061 0.69073
vt 0.57709 0.69164
vt 0.57688 0.6939
vt 0.57778 0.69609
vt 0.57747 0.69789
vt 0.57664 0.70177
vt 0.57635 0.70873
vt 0.57626 0.72003
vt 0.57642 0.72263
vt 0.43794 0.29606
vt 0.75089 0.12749
vt 0.40152 0.2752
vt 0.72277 0.27466
vt 0.76122 0.73603
vt 0.76326 0.73826
vt 0.7631 0.73491
vt 0.76988 0.73759
vt 0.77105 0.73529
vt 0.77784 0.73688
vt 0.79515 0.7369
vt 0.82664 0.74749
vt 0.8315 0.74527
vt 0.76103 0.74097
vt 0.63155 0.27945
vt 0.47779 0.28251
vt 0.74168 0.59754
vt 0.67984 0.2763
vt 0.76325 0.75005
vt 0.79372 0.74753
vt 0.65867 0.27505
vt 0.37338 0.29874
vt 0.77303 0.74839
vt 0.53064 0.27733
vt 0.75844 0.62041
vt 0.80971 0.75468
vt 0.82312 0.7594
vt 0.82988 0.76199
vt 0.44589 0.27573
vt 0.42296 0.28611
vt 0.95731 0.48827
vt 0.95959 0.48713
vt 0.37537 0.29363
vt 0.76106 0.76793
vt 0.77116 0.76221
vt 0.56776 0.27187
vt 0.97092 0.49325
vt 0.34101 0.28686
vt 0.34176 0.29671
vt 0.83155 0.76181
vt 0.74531 0.60347
vt 0.76329 0.76358
vt 0.4868 0.26699
vt 0.96902 0.4902
vt 0.75743 0.6144
vt 0.36131 0.27303
vt 0.37019 0.27708
vt 0.82678 0.77019
vt 0.37342 0.2783
vt 0.53729 0.26106
vt 0.34188 0.27743
vt 0.42328 0.2505
vt 0.75424 0.61587
vt 0.6006 0.25076
vt 0.79222 0.7715
vt 0.81063 0.78329
vt 0.46 0.25676
vt 0.63708 0.25547
vt 0.723 0.24721
vt 0.72137 0.24333
vt 0.69109 0.2562
vt 0.56824 0.24989
vt 0.34813 0.27237
vt 0.76335 0.78118
vt 0.77271 0.78062
vt 0.82136 0.78158
vt 0.83124 0.7804
vt 0.74243 0.63327
vt 0.67134 0.24702
vt 0.96896 0.50956
vt 0.44504 0.24793
vt 0.40147 0.23778
vt 0.40075 0.23948
vt 0.78763 0.78285
vt 0.8297 0.79195
vt 0.52591 0.24524
vt 0.49154 0.24914
vt 0.41474 0.22243
vt 0.37573 0.24456
vt 0.40313 0.23909
vt 0.74531 0.64625
vt 0.95725 0.51104
vt 0.95953 0.51206
vt 0.76328 0.79398
vt 0.82679 0.79517
vt 0.69308 0.22913
vt 0.36035 0.25388
vt 0.74327 0.66073
vt 0.59944 0.23259
vt 0.9707 0.53777
vt 0.34128 0.24214
vt 0.3444 0.25121
vt 0.37372 0.24385
vt 0.76101 0.80314
vt 0.77249 0.80123
vt 0.47904 0.23256
vt 0.79742 0.81312
vt 0.64393 0.23679
vt 0.63751 0.22527
vt 0.96864 0.53342
vt 0.56127 0.22447
vt 0.45167 0.22754
vt 0.82179 0.80338
vt 0.83112 0.81158
vt 0.59977 0.66164
vt 0.62622 0.67759
vt 0.58808 0.68474
vt 0.5083 0.22443
vt 0.67044 0.22765
vt 0.95725 0.53963
vt 0.60303 0.21722
vt 0.34212 0.23472
vt 0.36731 0.22617
vt 0.82679 0.81266
vt 0.82957 0.81353
vt 0.75743 0.67946
vt 0.72144 0.21333
vt 0.95938 0.53763
vt 0.76328 0.81476
vt 0.82197 0.81969
vt 0.64599 0.65864
vt 0.77174 0.83094
vt 0.63564 0.64089
vt 0.40305 0.19744
vt 0.34413 0.22172
vt 0.42797 0.19755
vt 0.36103 0.22555
vt 0.75459 0.66443
vt 0.72281 0.20089
vt 0.46503 0.20733
vt 0.88586 0.89542
vt 0.84008 0.89567
vt 0.86915 0.88444
vt 0.94293 0.53843
vt 0.9448 0.53843
vt 0.94374 0.53971
vt 0.96875 0.55128
vt 0.78009 0.82807
vt 0.44715 0.20041
vt 0.66303 0.20527
vt 0.76102 0.83401
vt 0.82682 0.83476
vt 0.9594 0.55351
vt 0.76327 0.83102
vt 0.75848 0.69595
vt 0.83405 0.92109
vt 0.58243 0.19859
vt 0.9707 0.57216
vt 0.34147 0.20757
vt 0.37603 0.2153
vt 0.81172 0.83401
vt 0.82107 0.83347
vt 0.83115 0.8368
vt 0.53828 0.2143
vt 0.5241 0.20047
vt 0.74516 0.6862
vt 0.88776 0.92109
vt 0.6339 0.19286
vt 0.67624 0.63089
vt 0.78951 0.83689
vt 0.37391 0.21556
vt 0.82959 0.84394
vt 0.68679 0.66112
vt 0.40127 0.18895
vt 0.74178 0.68381
vt 0.9571 0.57081
vt 0.95918 0.57463
vt 0.96889 0.56444
vt 0.54203 0.18609
vt 0.48706 0.20706
vt 0.34237 0.21252
vt 0.34434 0.20723
vt 0.47862 0.18141
vt 0.36299 0.20015
vt 0.72132 0.18111
vt 0.68588 0.18553
vt 0.7633 0.85262
vt 0.79848 0.84887
vt 0.51151 0.17228
vt 0.75449 0.69174
vt 0.6579 0.17884
vt 0.58022 0.17986
vt 0.54822 0.16867
vt 0.71267 0.65996
vt 0.37614 0.19819
vt 0.95386 0.56232
vt 0.95399 0.57941
vt 0.95293 0.56742
vt 0.82674 0.85256
vt 0.83124 0.84904
vt 0.72301 0.16769
vt 0.62365 0.17685
vt 0.76109 0.85972
vt 0.77064 0.85076
vt 0.82048 0.85687
vt 0.74294 0.70514
vt 0.78617 0.85904
vt 0.44517 0.17468
vt 0.59254 0.16374
vt 0.93517 0.29632
vt 0.93809 0.29618
vt 0.93695 0.29487
vt 0.93502 0.28977
vt 0.96856 0.58104
vt 0.80511 0.85962
vt 0.42182 0.16203
vt 0.34471 0.18485
vt 0.37425 0.18194
vt 0.40285 0.15159
vt 0.95702 0.6041
vt 0.77164 0.87302
vt 0.34286 0.17374
vt 0.82965 0.86876
vt 0.66081 0.16344
vt 0.83117 0.87783
vt 0.72153 0.16127
vt 0.95924 0.60398
vt 0.97034 0.60946
vt 0.34173 0.17005
vt 0.82129 0.88567
vt 0.47545 0.16432
vt 0.4013 0.1269
vt 0.36302 0.16991
vt 0.76323 0.87254
vt 0.82675 0.87871
vt 0.70098 0.68474
vt 0.75476 0.7194
vt 0.69941 0.14516
vt 0.63764 0.14974
vt 0.80093 0.88544
vt 0.4565 0.15579
vt 0.40011 0.16763
vt 0.74526 0.71707
vt 0.95298 0.60108
vt 0.96815 0.61015
vt 0.3764 0.16955
vt 0.95414 0.60801
vt 0.55524 0.14684
vt 0.78775 0.90207
vt 0.82957 0.88302
vt 0.76108 0.89421
vt 0.75749 0.72982
vt 0.37433 0.16746
vt 0.50931 0.14477
vt 0.48883 0.14343
vt 0.44609 0.14218
vt 0.6775 0.13524
vt 0.60359 0.14382
vt 0.76329 0.88908
vt 0.77369 0.9019
vt 0.52633 0.13241
vt 0.16702 0.76851
vt 0.21723 0.74607
vt 0.20551 0.76139
vt 0.34468 0.14565
vt 0.42021 0.12379
vt 0.72293 0.12004
vt 0.34291 0.14848
vt 0.8212 0.90792
vt 0.75849 0.76069
vt 0.95936 0.62328
vt 0.35985 0.14771
vt 0.82678 0.90894
vt 0.45797 0.1311
vt 0.40303 0.10468
vt 0.72162 0.10252
vt 0.62244 0.12755
vt 0.95693 0.6359
vt 0.96824 0.6368
vt 0.37454 0.14751
vt 0.76335 0.9043
vt 0.82964 0.91829
vt 0.9938 0.42385
vt 0.99593 0.38861
vt 0.99186 0.42899
vt 0.97043 0.62828
vt 0.34185 0.15112
vt 0.74308 0.75341
vt 0.58255 0.12238
vt 0.37658 0.14149
vt 0.95415 0.63605
vt 0.54864 0.117
vt 0.7544 0.75695
vt 0.74176 0.74587
vt 0.6713 0.11907
vt 0.74518 0.75481
vt 0.95944 0.63694
vt 0.99398 0.39009
vt 0.24329 0.76851
vt 0.48816 0.12204
vt 0.7037 0.11418
vt 0.3619 0.13111
vt 0.953 0.63873
vt 0.96969 0.64748
vt 0.97148 0.63091
vt 0.76108 0.92365
vt 0.76658 0.92823
vt 0.82068 0.92732
vt 0.76321 0.92649
vt 0.44889 0.11367
vt 0.65087 0.11348
vt 0.95934 0.65084
vt 0.96739 0.65081
vt 0.83453 0.15771
vt 0.83444 0.12739
vt 0.83422 0.16982
vt 0.9709 0.6599
vt 0.34328 0.1193
vt 0.3745 0.1315
vt 0.78405 0.93012
vt 0.61407 0.10322
vt 0.95691 0.65664
vt 0.82672 0.92712
vt 0.68289 0.09556
vt 0.57834 0.10114
vt 0.34524 0.12212
vt 0.50972 0.09617
vt 0.71912 0.94577
vt 0.68568 0.96484
vt 0.71702 0.96126
vt 0.48237 0.10705
vt 0.72141 0.08865
vt 0.80032 0.93339
vt 0.82977 0.92876
vt 0.99666 0.37816
vt 0.99462 0.37903
vt 0.74315 0.792
vt 0.74538 0.78901
vt 0.6386 0.09271
vt 0.55478 0.09018
vt 0.96339 0.67113
vt 0.377 0.10238
vt 0.95397 0.67509
vt 0.45394 0.09917
vt 0.66624 0.08698
vt 0.42012 0.08282
vt 0.75502 0.78684
vt 0.84306 0.8444
vt 0.84477 0.84405
vt 0.84746 0.8473
vt 0.84364 0.84782
vt 0.84801 0.84546
vt 0.93472 0.21583
vt 0.93494 0.20361
vt 0.92777 0.21623
vt 0.96742 0.67033
vt 0.96939 0.66801
vt 0.3568 0.11032
vt 0.37485 0.1045
vt 0.95278 0.67115
vt 0.76337 0.94389
vt 0.82014 0.94254
vt 0.82674 0.94248
vt 0.5582 0.86539
vt 0.55542 0.865
vt 0.55677 0.86702
vt 0.55855 0.86832
vt 0.76139 0.20224
vt 0.75918 0.20203
vt 0.75924 0.20336
vt 0.55684 0.86941
vt 0.55583 0.87098
vt 0.5582 0.87095
vt 0.55472 0.86837
vt 0.75749 0.20247
vt 0.55267 0.86515
vt 0.55263 0.8683
vt 0.75676 0.20381
vt 0.95831 0.06594
vt 0.95587 0.06514
vt 0.95394 0.06619
vt 0.95236 0.06451
vt 0.55282 0.87098
vt 0.95026 0.06584
vt 0.9301 0.01944
vt 0.93061 0.02124
vt 0.93247 0.01915
vt 0.84049 0.84495
vt 0.84129 0.85004
vt 0.93226 0.02191
vt 0.93377 0.01987
vt 0.84536 0.84969
vt 0.04631 0.66027
vt 0.04357 0.6612
vt 0.04672 0.6623
vt 0.93502 0.02172
vt 0.04361 0.65923
vt 0.04022 0.65908
vt 0.04119 0.66197
vt 0.84785 0.85004
vt 0.0375 0.65863
vt 0.0379 0.66081
vt 0.59462 0.08181
vt 0.95907 0.6706
vt 0.99604 0.35689
vt 0.46423 0.07728
vt 0.75956 0.20005
vt 0.75481 0.20183
vt 0.95865 0.06333
vt 0.95587 0.06346
vt 0.95005 0.06283
vt 0.75869 0.79443
vt 0.92696 0.02355
vt 0.78482 0.94705
vt 0.82982 0.94467
vt 0.83175 0.95006
vt 0.75627 0.19803
vt 0.754 0.19813
vt 0.95235 0.05884
vt 0.92696 0.02561
vt 0.92848 0.02972
vt 0.04637 0.65086
vt 0.04379 0.651
vt 0.04011 0.65201
vt 0.34538 0.08992
vt 0.80297 0.95055
vt 0.52346 0.08176
vt 0.71912 0.99364
vt 0.75031 0.18873
vt 0.74947 0.19435
vt 0.95825 0.05402
vt 0.95026 0.05301
vt 0.72282 0.0592
vt 0.03743 0.64904
vt 0.82675 0.95557
vt 0.9561 0.05323
vt 0.92054 0.02883
vt 0.92281 0.02834
vt 0.92314 0.03329
vt 0.76109 0.97816
vt 0.75075 0.19083
vt 0.44229 0.07422
vt 0.04026 0.64347
vt 0.83491 0.09887
vt 0.83307 0.09756
vt 0.97081 0.68925
vt 0.34347 0.08975
vt 0.69426 0.99345
vt 0.74467 0.18612
vt 0.95263 0.04609
vt 0.69594 0.07059
vt 0.9174 0.03732
vt 0.92244 0.03685
vt 0.04648 0.64222
vt 0.04386 0.64335
vt 0.95714 0.68992
vt 0.81985 0.96677
vt 0.82976 0.9555
vt 0.9162 0.03698
vt 0.63273 0.07189
vt 0.35722 0.08962
vt 0.37486 0.09063
vt 0.76317 0.97395
vt 0.91352 0.03808
vt 0.95918 0.68321
vt 0.96342 0.68645
vt 0.96702 0.6889
vt 0.91446 0.04384
vt 0.044 0.63491
vt 0.04031 0.63704
vt 0.96918 0.69888
vt 0.95266 0.68778
vt 0.82831 0.95654
vt 0.73802 0.17514
vt 0.92965 0.75821
vt 0.92965 0.70291
vt 0.92774 0.78048
vt 0.56071 0.06301
vt 0.7828 0.97519
vt 0.82845 0.96791
vt 0.75382 0.19089
vt 0.7372 0.1696
vt 0.95644 0.02939
vt 0.95291 0.0263
vt 0.43013 0.051
vt 0.40301 0.04947
vt 0.75678 0.81805
vt 0.7214 0.04862
vt 0.91417 0.04663
vt 0.04648 0.63047
vt 0.66541 0.97503
vt 0.92768 0.69746
vt 0.92642 0.73426
vt 0.04029 0.62388
vt 0.67366 0.05851
vt 0.60724 0.06539
vt 0.58212 0.05343
vt 0.37718 0.06923
vt 0.95381 0.70821
vt 0.83016 0.97163
vt 0.52804 0.05987
vt 0.48743 0.07148
vt 0.73259 0.17283
vt 0.95865 0.02693
vt 0.95043 0.02644
vt 0.90502 0.04835
vt 0.90603 0.04951
vt 0.90546 0.05239
vt 0.0441 0.62235
vt 0.03724 0.62408
vt 0.80282 0.9754
vt 0.99946 0.33547
vt 0.99792 0.33205
vt 0.34439 0.08857
vt 0.73603 0.17073
vt 0.73266 0.17085
vt 0.74544 0.8162
vt 0.35489 0.06948
vt 0.40307 0.042
vt 0.90452 0.05627
vt 0.90722 0.0554
vt 0.04672 0.62019
vt 0.95889 0.71195
vt 0.46896 0.05381
vt 0.95648 0.02475
vt 0.74344 0.83323
vt 0.9025 0.05201
vt 0.03851 0.62288
vt 0.04344 0.61671
vt 0.63777 0.04785
vt 0.83464 0.06925
vt 0.97154 0.70571
vt 0.82179 0.98758
vt 0.82664 0.97737
vt 0.34411 0.07318
vt 0.73261 0.16658
vt 0.89795 0.05108
vt 0.89953 0.0527
vt 0.90267 0.04727
vt 0.04467 0.61811
vt 0.03808 0.61606
vt 0.9631 0.71016
vt 0.37511 0.07149
vt 0.76333 0.99389
vt 0.77067 0.99062
vt 0.82964 0.97711
vt 0.83185 0.97502
vt 0.82841 0.97631
vt 0.5053 0.04179
vt 0.73391 0.16555
vt 0.72926 0.16772
vt 0.95826 0.02069
vt 0.95292 0.02084
vt 0.95055 0.02062
vt 0.90163 0.05888
vt 0.90465 0.05919
vt 0.90762 0.05795
vt 0.9372 0.16741
vt 0.93503 0.16593
vt 0.9348 0.17882
vt 0.95266 0.70887
vt 0.80257 0.98953
vt 0.72854 0.16242
vt 0.72936 0.16611
vt 0.95608 0.01842
vt 0.9031 0.06369
vt 0.04626 0.61187
vt 0.04433 0.61398
vt 0.04045 0.61377
vt 0.03772 0.61407
vt 0.59533 0.04278
vt 0.34554 0.06346
vt 0.78365 0.99408
vt 0.73036 0.16232
vt 0.82009 0.40767
vt 0.81678 0.40751
vt 0.81968 0.40943
vt 0.9511 0.01683
vt 0.90177 0.06254
vt 0.04374 0.61103
vt 0.04035 0.61167
vt 0.03706 0.61171
vt 0.6703 0.04116
vt 0.95737 0.71967
vt 0.96704 0.71175
vt 0.82988 0.99299
vt 0.53586 0.04212
vt 0.73249 0.16191
vt 0.73125 0.15899
vt 0.99238 0.1559
vt 0.99517 0.15595
vt 0.99459 0.1531
vt 0.72923 0.15998
vt 0.72669 0.16181
vt 0.81897 0.40264
vt 0.81724 0.40332
vt 0.81333 0.40532
vt 0.81127 0.40634
vt 0.81391 0.41025
vt 0.75868 0.83597
vt 0.89908 0.06407
vt 0.90006 0.06531
vt 0.90172 0.06676
vt 0.04414 0.60842
vt 0.04 0.60852
vt 0.03781 0.61013
vt 0.03709 0.60856
vt 0.96866 0.71914
vt 0.9705 0.71564
vt 0.8319 0.99096
vt 0.34357 0.0632
vt 0.34451 0.06437
vt 0.73221 0.15727
vt 0.73468 0.15849
vt 0.73089 0.15575
vt 0.72902 0.15669
vt 0.99226 0.15267
vt 0.99411 0.15012
vt 0.81274 0.40079
vt 0.81044 0.40094
vt 0.81045 0.40491
vt 0.89903 0.05973
vt 0.89704 0.06419
vt 0.0466 0.60887
vt 0.90165 0.07065
vt 0.90398 0.06766
vt 0.04271 0.60684
vt 0.04577 0.60539
vt 0.04386 0.60518
vt 0.03985 0.60515
vt 0.03768 0.60695
vt 0.03745 0.60475
vt 0.37511 0.05961
vt 0.81379 0.99403
vt 0.82596 0.99579
vt 0.48164 0.03288
vt 0.98953 0.1482
vt 0.98856 0.14985
vt 0.992 0.14962
vt 0.98792 0.14674
vt 0.9937 0.1479
vt 0.72844 0.15293
vt 0.72669 0.15411
vt 0.72449 0.15401
vt 0.8159 0.40085
vt 0.74211 0.82871
vt 0.8982 0.06712
vt 0.89741 0.07029
vt 0.89844 0.07228
vt 0.04543 0.60172
vt 0.60026 0.71466
vt 0.60131 0.71616
vt 0.60381 0.71486
vt 0.59834 0.71761
vt 0.59994 0.71775
vt 0.60366 0.71777
vt 0.60616 0.71797
vt 0.60596 0.71523
vt 0.76128 0.99515
vt 0.989 0.14503
vt 0.99163 0.14555
vt 0.98747 0.14343
vt 0.98594 0.14415
vt 0.72889 0.14944
vt 0.81772 0.39675
vt 0.81556 0.3978
vt 0.81288 0.39568
vt 0.81042 0.39738
vt 0.90092 0.07875
vt 0.90101 0.07445
vt 0.60094 0.7201
vt 0.60449 0.72076
vt 0.59996 0.72272
vt 0.60634 0.72187
vt 0.60161 0.72167
vt 0.60354 0.72288
vt 0.96669 0.72464
vt 0.34574 0.05687
vt 0.37748 0.04845
vt 0.95333 0.72897
vt 0.80222 0.99395
vt 0.83142 0.99527
vt 0.9885 0.14
vt 0.98734 0.13816
vt 0.98595 0.14108
vt 0.99113 0.14332
vt 0.99081 0.14058
vt 0.99364 0.14282
vt 0.72989 0.14451
vt 0.72718 0.14491
vt 0.81894 0.39455
vt 0.81785 0.39221
vt 0.81586 0.39453
vt 0.8105 0.39405
vt 0.75471 0.83863
vt 0.70155 0.02911
vt 0.89634 0.07623
vt 0.89806 0.07746
vt 0.904 0.08
vt 0.90217 0.08222
vt 0.60042 0.72548
vt 0.9062 0.08266
vt 0.60616 0.72564
vt 0.6036 0.73126
vt 0.59742 0.72387
vt 0.59842 0.73032
vt 0.60055 0.73296
vt 0.60588 0.73528
vt 0.60353 0.74933
vt 0.59808 0.74728
vt 0.59991 0.74907
vt 0.41407 0.62341
vt 0.39474 0.63012
vt 0.41407 0.65382
vt 0.60012 0.75243
vt 0.60586 0.75913
vt 0.59781 0.76105
vt 0.59992 0.75787
vt 0.92395 0.10628
vt 0.93062 0.1135
vt 0.9343 0.11456
vt 0.92236 0.10271
vt 0.60351 0.7583
vt 0.5998 0.76401
vt 0.9326 0.11594
vt 0.56316 0.76187
vt 0.56006 0.76137
vt 0.56012 0.76332
vt 0.56531 0.76317
vt 0.5701 0.76162
vt 0.56858 0.76113
vt 0.5687 0.76284
vt 0.57388 0.7649
vt 0.58422 0.76298
vt 0.58133 0.76195
vt 0.59728 0.76497
vt 0.93502 0.11688
vt 0.59608 0.76309
vt 0.60344 0.76597
vt 0.60534 0.76508
vt 0.58616 0.76492
vt 0.59167 0.76386
vt 0.59418 0.76485
vt 0.57781 0.7706
vt 0.58883 0.76806
vt 0.59995 0.76818
vt 0.60367 0.76773
vt 0.59179 0.77215
vt 0.15203 0.55841
vt 0.15487 0.55705
vt 0.15432 0.55905
vt 0.86996 0.15325
vt 0.87926 0.15156
vt 0.87767 0.15082
vt 0.87155 0.15142
vt 0.88885 0.15055
vt 0.8911 0.15157
vt 0.90628 0.15194
vt 0.90857 0.1511
vt 0.96327 0.72698
vt 0.95254 0.72754
vt 0.76375 0.99565
vt 0.78178 0.9958
vt 0.80151 0.9955
vt 0.80938 0.99578
vt 0.81964 0.99651
vt 0.82866 0.99651
vt 0.98969 0.10163
vt 0.99246 0.10595
vt 0.99247 0.10014
vt 0.98875 0.09903
vt 0.98754 0.10215
vt 0.98861 0.11043
vt 0.99197 0.11149
vt 0.98655 0.11414
vt 0.99399 0.10312
vt 0.99393 0.11575
vt 0.99157 0.12021
vt 0.98759 0.12943
vt 0.99334 0.13179
vt 0.99087 0.13087
vt 0.98542 0.13431
vt 0.98707 0.13527
vt 0.99071 0.13569
vt 0.99361 0.13769
vt 0.98491 0.1397
vt 0.73401 0.13915
vt 0.73224 0.13917
vt 0.99067 0.13828
vt 0.93788 0.91475
vt 0.93558 0.91473
vt 0.9373 0.9169
vt 0.99196 0.13943
vt 0.45256 0.03931
vt 0.7253 0.14614
vt 0.81968 0.38687
vt 0.81649 0.38831
vt 0.81583 0.39133
vt 0.813 0.39237
vt 0.81081 0.39051
vt 0.40115 0.04403
vt 0.743 0.86037
vt 0.86602 0.68831
vt 0.86924 0.69483
vt 0.86915 0.68503
vt 0.89642 0.081
vt 0.89973 0.08395
vt 0.90573 0.08806
vt 0.90815 0.08781
vt 0.91325 0.09904
vt 0.92302 0.10902
vt 0.3993 0.66305
vt 0.92789 0.11447
vt 0.38633 0.42279
vt 0.3849 0.42171
vt 0.38474 0.42476
vt 0.38817 0.42122
vt 0.38651 0.42026
vt 0.38629 0.4282
vt 0.38739 0.42692
vt 0.93052 0.11696
vt 0.55371 0.76154
vt 0.55401 0.76363
vt 0.55589 0.76355
vt 0.55573 0.76125
vt 0.56551 0.76095
vt 0.39437 0.4485
vt 0.39266 0.4474
vt 0.39177 0.44914
vt 0.93224 0.11737
vt 0.39531 0.44727
vt 0.56201 0.76697
vt 0.59344 0.76277
vt 0.55464 0.76987
vt 0.57082 0.76995
vt 0.40418 0.77332
vt 0.40154 0.77546
vt 0.40129 0.77337
vt 0.56304 0.77109
vt 0.60043 0.77064
vt 0.39379 0.7768
vt 0.59534 0.77515
vt 0.60391 0.77558
vt 0.60634 0.7732
vt 0.55524 0.77812
vt 0.55829 0.77793
vt 0.57321 0.77577
vt 0.58906 0.77745
vt 0.60081 0.77567
vt 0.57432 0.77905
vt 0.59511 0.778
vt 0.60087 0.778
vt 0.60432 0.77791
vt 0.56309 0.77973
vt 0.59424 0.77876
vt 0.6026 0.77933
vt 0.91817 0.14934
vt 0.91696 0.15096
vt 0.92199 0.15001
vt 0.92642 0.14933
vt 0.92312 0.14817
vt 0.95763 0.72872
vt 0.58495 0.03111
vt 0.96984 0.73245
vt 0.3435 0.04628
vt 0.81959 0.99759
vt 0.82466 0.99717
vt 0.94525 0.08054
vt 0.9477 0.08055
vt 0.94822 0.07902
vt 0.94552 0.07891
vt 0.95913 0.08115
vt 0.96627 0.08013
vt 0.98482 0.08246
vt 0.98594 0.0811
vt 0.99089 0.0827
vt 0.99375 0.08146
vt 0.99442 0.08299
vt 0.80973 0.99737
vt 0.81318 0.99704
vt 0.81285 0.9986
vt 0.81623 0.99798
vt 0.9473 0.0832
vt 0.96283 0.08381
vt 0.97601 0.08489
vt 0.99308 0.08618
vt 0.944 0.09016
vt 0.94673 0.08732
vt 0.9536 0.08816
vt 0.97798 0.0917
vt 0.99028 0.08823
vt 0.964 0.09521
vt 0.96872 0.09435
vt 0.98944 0.09241
vt 0.99357 0.0927
vt 0.94614 0.09202
vt 0.98398 0.09344
vt 0.97395 0.09792
vt 0.98443 0.09549
vt 0.98946 0.09547
vt 0.9928 0.09623
vt 0.99494 0.096
vt 0.95419 0.09772
vt 0.98108 0.09746
vt 0.98574 0.09754
vt 0.94274 0.10268
vt 0.94554 0.09815
vt 0.96164 0.0995
vt 0.96808 0.09975
vt 0.97231 0.09966
vt 0.16469 0.60564
vt 0.16513 0.60381
vt 0.17435 0.60426
vt 0.98226 0.09865
vt 0.17464 0.60527
vt 0.98539 0.09922
vt 0.17716 0.60466
vt 0.17751 0.60621
vt 0.99517 0.1001
vt 0.95312 0.10308
vt 0.95928 0.10152
vt 0.96426 0.10135
vt 0.97043 0.1005
vt 0.15585 0.60376
vt 0.16253 0.60532
vt 0.15627 0.60548
vt 0.76531 0.10628
vt 0.76291 0.10916
vt 0.76468 0.10987
vt 0.76345 0.1051
vt 0.76043 0.10794
vt 0.94461 0.10286
vt 0.9562 0.10317
vt 0.96231 0.10212
vt 0.9678 0.94417
vt 0.96198 0.94103
vt 0.96911 0.94712
vt 0.94253 0.10505
vt 0.94448 0.10472
vt 0.13373 0.60355
vt 0.13611 0.60364
vt 0.13586 0.60594
vt 0.1339 0.60621
vt 0.95283 0.10398
vt 0.14425 0.60587
vt 0.75322 0.12077
vt 0.75039 0.11795
vt 0.74849 0.12309
vt 0.73996 0.12819
vt 0.73127 0.13695
vt 0.72785 0.14053
vt 0.81325 0.38822
vt 0.81121 0.38789
vt 0.43546 0.02337
vt 0.4173 0.0127
vt 0.65122 0.75535
vt 0.64995 0.75608
vt 0.65316 0.75623
vt 0.65431 0.75518
vt 0.65524 0.75572
vt 0.90179 0.08908
vt 0.91249 0.10063
vt 0.9211 0.1092
vt 0.92787 0.11733
vt 0.38786 0.41964
vt 0.92998 0.1193
vt 0.3902 0.77773
vt 0.39013 0.77591
vt 0.38867 0.77615
vt 0.81298 0.99963
vt 0.81611 0.99863
vt 0.98451 0.9599
vt 0.98089 0.95887
vt 0.9797 0.95979
vt 0.98227 0.96173
vt 0.97596 0.9536
vt 0.17441 0.60172
vt 0.17751 0.60232
vt 0.17665 0.60359
vt 0.16567 0.5995
vt 0.76395 0.10389
vt 0.76235 0.10284
vt 0.76055 0.1038
vt 0.75859 0.1068
vt 0.14778 0.60571
vt 0.14791 0.59671
vt 0.15405 0.6053
vt 0.13383 0.59849
vt 0.13608 0.5987
vt 0.13962 0.59864
vt 0.14436 0.60016
vt 0.73913 0.12689
vt 0.73104 0.1349
vt 0.72663 0.14019
vt 0.81693 0.38286
vt 0.81451 0.38108
vt 0.81394 0.38427
vt 0.86625 0.84405
vt 0.8667 0.84013
vt 0.86378 0.84204
vt 0.7229 0.0162
vt 0.64921 0.75016
vt 0.64793 0.74923
vt 0.64703 0.75052
vt 0.64578 0.75308
vt 0.64939 0.75282
vt 0.65327 0.75377
vt 0.65256 0.75023
vt 0.65536 0.75274
vt 0.65606 0.75006
vt 0.6566 0.75483
vt 0.64838 0.75463
vt 0.64689 0.75537
vt 0.64505 0.75463
vt 0.64498 0.75596
vt 0.6479 0.75736
vt 0.65008 0.75754
vt 0.65612 0.75893
vt 0.6512 0.76015
vt 0.64824 0.75998
vt 0.64992 0.76115
vt 0.63167 0.03347
vt 0.90071 0.76193
vt 0.90045 0.75853
vt 0.89635 0.76146
vt 0.89496 0.75743
vt 0.88648 0.75874
vt 0.8854 0.76037
vt 0.88262 0.75774
vt 0.87861 0.75958
vt 0.87638 0.75777
vt 0.87498 0.75902
vt 0.9017 0.7635
vt 0.90332 0.76237
vt 0.89855 0.76296
vt 0.96842 0.73089
vt 0.34589 0.04947
vt 0.36442 0.0483
vt 0.37517 0.04912
vt 0.52962 0.02895
vt 0.17481 0.60024
vt 0.17884 0.60106
vt 0.16929 0.59911
vt 0.87874 0.79322
vt 0.87721 0.79203
vt 0.87539 0.79309
vt 0.87716 0.79418
vt 0.15667 0.59759
vt 0.15329 0.59735
vt 0.87176 0.79941
vt 0.87369 0.8002
vt 0.86729 0.80628
vt 0.86916 0.8088
vt 0.86649 0.80813
vt 0.64801 0.94333
vt 0.64428 0.94451
vt 0.64944 0.94536
vt 0.65269 0.94569
vt 0.65298 0.94377
vt 0.65525 0.94649
vt 0.6567 0.94422
vt 0.65678 0.94826
vt 0.64197 0.94373
vt 0.64236 0.94695
vt 0.64551 0.94751
vt 0.64835 0.95145
vt 0.6522 0.95131
vt 0.655 0.95121
vt 0.64432 0.95451
vt 0.64781 0.95704
vt 0.65138 0.95712
vt 0.65419 0.9567
vt 0.65597 0.95681
vt 0.63872 0.95416
vt 0.64081 0.95663
vt 0.6433 0.95604
vt 0.64536 0.95823
vt 0.64832 0.95979
vt 0.6436 0.95917
vt 0.64658 0.9613
vt 0.65089 0.95891
vt 0.65401 0.95974
vt 0.18882 0.71685
vt 0.18917 0.71552
vt 0.19325 0.7169
vt 0.65019 0.96202
vt 0.64941 0.74726
vt 0.65096 0.74865
vt 0.6486 0.74649
vt 0.6461 0.74705
vt 0.65644 0.74668
vt 0.64486 0.74805
vt 0.64384 0.74996
vt 0.64254 0.75504
vt 0.64554 0.75896
vt 0.64491 0.76043
vt 0.64665 0.76185
vt 0.64457 0.76245
vt 0.65145 0.80353
vt 0.6499 0.80522
vt 0.64899 0.80267
vt 0.64773 0.7631
vt 0.65156 0.76328
vt 0.65571 0.76174
vt 0.65682 0.76112
vt 0.90414 0.75986
vt 0.88455 0.75692
vt 0.90562 0.7626
vt 0.90592 0.76035
vt 0.95933 0.73227
vt 0.96682 0.73413
vt 0.16285 0.59809
vt 0.13415 0.59586
vt 0.1362 0.59614
vt 0.14287 0.59574
vt 0.14363 0.59579
vt 0.63888 0.94201
vt 0.63357 0.9453
vt 0.63427 0.94364
vt 0.63725 0.94848
vt 0.63649 0.95601
vt 0.6414 0.95831
vt 0.64305 0.96269
vt 0.18417 0.71432
vt 0.64777 0.96321
vt 0.64361 0.9637
vt 0.58288 0.53665
vt 0.57946 0.53503
vt 0.58553 0.53497
vt 0.65249 0.9643
vt 0.58773 0.53617
vt 0.65467 0.96395
vt 0.75867 0.86036
vt 0.64295 0.74131
vt 0.64278 0.74045
vt 0.63941 0.74112
vt 0.63094 0.74069
vt 0.6377 0.74428
vt 0.6361 0.74057
vt 0.64183 0.74432
vt 0.64391 0.74399
vt 0.64418 0.74606
vt 0.64911 0.74544
vt 0.65106 0.74559
vt 0.92965 0.12931
vt 0.93065 0.12949
vt 0.93221 0.12781
vt 0.64699 0.74564
vt 0.65478 0.74527
vt 0.65658 0.74548
vt 0.6404 0.75047
vt 0.64144 0.74822
vt 0.63775 0.74801
vt 0.63811 0.75218
vt 0.63926 0.75346
vt 0.63935 0.75985
vt 0.64066 0.76029
vt 0.63793 0.75812
vt 0.63784 0.76071
vt 0.63942 0.76152
vt 0.64214 0.76202
vt 0.64815 0.80959
vt 0.64652 0.80842
vt 0.64967 0.80741
vt 0.64759 0.80535
vt 0.64673 0.80333
vt 0.64432 0.8003
vt 0.64804 0.79934
vt 0.64471 0.79821
vt 0.64744 0.79469
vt 0.64944 0.79525
vt 0.64495 0.79595
vt 0.65678 0.76263
vt 0.65541 0.02115
vt 0.90811 0.75903
vt 0.90398 0.75783
vt 0.89678 0.75695
vt 0.95637 0.73059
vt 0.96341 0.73604
vt 0.91356 0.77307
vt 0.91533 0.77192
vt 0.90992 0.77058
vt 0.9114 0.77246
vt 0.90844 0.77141
vt 0.34577 0.04364
vt 0.37531 0.04394
vt 0.91794 0.79907
vt 0.9189 0.798
vt 0.91675 0.79743
vt 0.91055 0.79929
vt 0.15139 0.5965
vt 0.37643 0.01782
vt 0.37854 0.01986
vt 0.38184 0.01919
vt 0.63318 0.94281
vt 0.63123 0.94528
vt 0.63109 0.94831
vt 0.6312 0.95412
vt 0.63164 0.95828
vt 0.63611 0.96305
vt 0.63331 0.96195
vt 0.63453 0.96345
vt 0.57089 0.53296
vt 0.57466 0.53303
vt 0.57204 0.5339
vt 0.58447 0.53324
vt 0.58833 0.5331
vt 0.59005 0.53404
vt 0.58985 0.53665
vt 0.70474 0.01405
vt 0.62801 0.74729
vt 0.63012 0.74736
vt 0.62864 0.74088
vt 0.28541 0.71529
vt 0.29479 0.71519
vt 0.29399 0.71685
vt 0.2832 0.71646
vt 0.64592 0.74583
vt 0.62715 0.75209
vt 0.30145 0.71506
vt 0.30203 0.7169
vt 0.62958 0.75458
vt 0.63596 0.75117
vt 0.62589 0.75326
vt 0.62533 0.75718
vt 0.63539 0.7577
vt 0.31073 0.71671
vt 0.30427 0.71645
vt 0.3186 0.71504
vt 0.31943 0.71661
vt 0.62402 0.76251
vt 0.63467 0.76014
vt 0.64823 0.81124
vt 0.64574 0.81172
vt 0.64509 0.81021
vt 0.63173 0.76627
vt 0.6347 0.76249
vt 0.63668 0.76184
vt 0.74017 0.02629
vt 0.73962 0.02705
vt 0.74245 0.02723
vt 0.64219 0.80627
vt 0.64191 0.80464
vt 0.32171 0.7164
vt 0.32575 0.71506
vt 0.64368 0.8026
vt 0.64149 0.79626
vt 0.64024 0.79474
vt 0.33275 0.71624
vt 0.62277 0.76371
vt 0.62945 0.77059
vt 0.33892 0.8547
vt 0.33973 0.85427
vt 0.34578 0.85527
vt 0.33408 0.71489
vt 0.63032 0.76989
vt 0.33152 0.85453
vt 0.33076 0.85327
vt 0.33295 0.85444
vt 0.6454 0.83209
vt 0.64823 0.83134
vt 0.63426 0.83134
vt 0.61955 0.77224
vt 0.3356 0.71606
vt 0.34259 0.71484
vt 0.34683 0.71594
vt 0.62606 0.77636
vt 0.6176 0.77949
vt 0.62284 0.78102
vt 0.32162 0.8548
vt 0.31878 0.85372
vt 0.34682 0.7146
vt 0.62589 0.77918
vt 0.31739 0.85401
vt 0.61618 0.78122
vt 0.61423 0.78894
vt 0.62226 0.78498
vt 0.62342 0.78589
vt 0.6173 0.79292
vt 0.361 0.71582
vt 0.34965 0.71562
vt 0.36088 0.71453
vt 0.62282 0.78624
vt 0.6199 0.79125
vt 0.61261 0.79041
vt 0.61135 0.79571
vt 0.62089 0.79202
vt 0.61635 0.80331
vt 0.37102 0.71559
vt 0.36347 0.71537
vt 0.37535 0.71459
vt 0.6191 0.79581
vt 0.29176 0.85408
vt 0.29154 0.85311
vt 0.29753 0.85393
vt 0.61064 0.79891
vt 0.37549 0.71584
vt 0.37798 0.71545
vt 0.61725 0.80209
vt 0.28071 0.8544
vt 0.28001 0.85341
vt 0.28261 0.85414
vt 0.38529 0.71436
vt 0.39544 0.71448
vt 0.60885 0.80039
vt 0.60572 0.813
vt 0.60912 0.81821
vt 0.39539 0.71559
vt 0.61468 0.81237
vt 0.60471 0.814
vt 0.60543 0.81981
vt 0.60419 0.81664
vt 0.61225 0.82264
vt 0.61314 0.82095
vt 0.60185 0.82835
vt 0.40058 0.7152
vt 0.41582 0.71416
vt 0.41627 0.7152
vt 0.25357 0.85432
vt 0.25197 0.85318
vt 0.25602 0.8541
vt 0.60468 0.83156
vt 0.60955 0.82775
vt 0.61033 0.83351
vt 0.42131 0.71489
vt 0.60017 0.83204
vt 0.60783 0.8429
vt 0.59945 0.83547
vt 0.60477 0.84355
vt 0.2262 0.85456
vt 0.22773 0.85426
vt 0.23887 0.85432
vt 0.22766 0.85349
vt 0.95602 0.73487
vt 0.95886 0.73602
vt 0.59778 0.85215
vt 0.60714 0.85535
vt 0.60441 0.85588
vt 0.17536 0.57266
vt 0.17074 0.57433
vt 0.16941 0.57332
vt 0.17057 0.57167
vt 0.97001 0.73497
vt 0.34366 0.04379
vt 0.37761 0.04384
vt 0.59774 0.85743
vt 0.59868 0.86566
vt 0.60719 0.86575
vt 0.60779 0.85804
vt 0.3828 0.89529
vt 0.38146 0.89597
vt 0.37225 0.89525
vt 0.60181 0.88489
vt 0.6002 0.87577
vt 0.36949 0.89605
vt 0.35764 0.89605
vt 0.35928 0.89521
vt 0.60946 0.87594
vt 0.60597 0.8849
vt 0.60076 0.88419
vt 0.34647 0.89636
vt 0.34858 0.89531
vt 0.61086 0.88397
vt 0.18327 0.85469
vt 0.17292 0.85476
vt 0.18316 0.85436
vt 0.34748 0.89491
vt 0.33995 0.8963
vt 0.6024 0.89258
vt 0.33771 0.89523
vt 0.60746 0.90378
vt 0.61185 0.89541
vt 0.60363 0.90159
vt 0.605 0.90317
vt 0.32485 0.8965
vt 0.32615 0.89569
vt 0.61275 0.90066
vt 0.60306 0.90282
vt 0.60602 0.91325
vt 0.61123 0.91371
vt 0.61258 0.90876
vt 0.15165 0.85441
vt 0.14159 0.85505
vt 0.14917 0.85439
vt 0.6067 0.91172
vt 0.60799 0.91328
vt 0.61359 0.91215
vt 0.61271 0.91938
vt 0.61672 0.91513
vt 0.60917 0.91972
vt 0.31108 0.89676
vt 0.29907 0.89611
vt 0.30234 0.89577
vt 0.6178 0.92366
vt 0.61844 0.91862
vt 0.61093 0.9238
vt 0.60933 0.92225
vt 0.61987 0.92497
vt 0.61398 0.92773
vt 0.29654 0.89674
vt 0.29675 0.89552
vt 0.61214 0.93033
vt 0.28814 0.89562
vt 0.62192 0.93064
vt 0.12031 0.85461
vt 0.11295 0.85477
vt 0.11688 0.85451
vt 0.28518 0.89696
vt 0.62065 0.93227
vt 0.61322 0.93175
vt 0.28606 0.89537
vt 0.61488 0.9408
vt 0.61646 0.93907
vt 0.27397 0.89554
vt 0.62328 0.9356
vt 0.27747 0.89672
vt 0.62628 0.94096
vt 0.62453 0.93638
vt 0.37327 0.02058
vt 0.37014 0.01872
vt 0.37008 0.02019
vt 0.61595 0.94239
vt 0.27088 0.89708
vt 0.27164 0.89543
vt 0.61918 0.94927
vt 0.62601 0.94498
vt 0.62767 0.94193
vt 0.62909 0.94544
vt 0.38327 0.02115
vt 0.38617 0.02086
vt 0.38574 0.01886
vt 0.25866 0.89702
vt 0.62842 0.94832
vt 0.6173 0.95089
vt 0.26017 0.89579
vt 0.61841 0.95243
vt 0.25788 0.89559
vt 0.62764 0.9558
vt 0.62149 0.95871
vt 0.61959 0.96089
vt 0.2464 0.89609
vt 0.62782 0.96366
vt 0.62099 0.96273
vt 0.62377 0.96482
vt 0.24423 0.89719
vt 0.24363 0.8957
vt 0.57157 0.53069
vt 0.5752 0.52962
vt 0.58219 0.53144
vt 0.58532 0.53082
vt 0.62174 0.96793
vt 0.23712 0.89782
vt 0.23652 0.89616
vt 0.63159 0.96594
vt 0.63341 0.96606
vt 0.58783 0.52994
vt 0.5913 0.52883
vt 0.4028 0.01044
vt 0.63302 0.96775
vt 0.23577 0.8982
vt 0.26205 0.64112
vt 0.26003 0.6409
vt 0.25972 0.63929
vt 0.26193 0.63912
vt 0.62371 0.96868
vt 0.6327 0.96971
vt 0.25008 0.64048
vt 0.25027 0.63912
vt 0.76487 0.17128
vt 0.77428 0.17401
vt 0.77492 0.17069
vt 0.28229 0.71156
vt 0.28462 0.71233
vt 0.93719 0.13582
vt 0.93549 0.13663
vt 0.93878 0.13676
vt 0.94332 0.13588
vt 0.94215 0.13516
vt 0.9443 0.13288
vt 0.93478 0.13173
vt 0.93343 0.13349
vt 0.93765 0.12829
vt 0.93961 0.12696
vt 0.93703 0.12655
vt 0.93564 0.12745
vt 0.94372 0.13072
vt 0.93541 0.13116
vt 0.31509 0.71186
vt 0.64316 0.81445
vt 0.64157 0.81082
vt 0.64 0.80861
vt 0.63966 0.80455
vt 0.63804 0.79594
vt 0.64068 0.80218
vt 0.63919 0.80108
vt 0.63899 0.79882
vt 0.32791 0.70923
vt 0.35623 0.71245
vt 0.36424 0.71244
vt 0.37864 0.71157
vt 0.28289 0.85124
vt 0.39698 0.71531
vt 0.40197 0.71283
vt 0.55989 0.0197
vt 0.41646 0.71225
vt 0.42492 0.71256
vt 0.4258 0.71475
vt 0.42823 0.71221
vt 0.43137 0.71296
vt 0.15174 0.57107
vt 0.15734 0.57238
vt 0.15309 0.5724
vt 0.69856 0.70384
vt 0.7025 0.70543
vt 0.70217 0.70422
vt 0.15638 0.57343
vt 0.95544 0.73617
vt 0.4501 0.71448
vt 0.44719 0.71611
vt 0.16928 0.5757
vt 0.16704 0.57578
vt 0.16758 0.57427
vt 0.96715 0.73619
vt 0.97058 0.73635
vt 0.34367 0.04237
vt 0.34638 0.04226
vt 0.35952 0.04234
vt 0.375 0.04243
vt 0.37796 0.04251
vt 0.38722 0.89695
vt 0.38464 0.89767
vt 0.45381 0.71685
vt 0.3817 0.89792
vt 0.36723 0.89858
vt 0.3576 0.89868
vt 0.32643 0.8989
vt 0.31266 0.89866
vt 0.30437 0.89955
vt 0.29547 0.89947
vt 0.27513 0.90095
vt 0.38388 0.02592
vt 0.38551 0.02349
vt 0.4415 0.92931
vt 0.44275 0.92614
vt 0.44024 0.92593
vt 0.43795 0.92839
vt 0.44328 0.92383
vt 0.44147 0.92198
vt 0.25825 0.89982
vt 0.44306 0.92114
vt 0.58422 0.53007
vt 0.58456 0.52785
vt 0.57153 0.52685
vt 0.58939 0.52809
vt 0.25012 0.64367
vt 0.40123 0.01822
vt 0.40026 0.01236
vt 0.32988 0.56529
vt 0.32942 0.58969
vt 0.32924 0.5629
vt 0.75551 0.86087
vt 0.29551 0.70578
vt 0.06551 0.81788
vt 0.0669 0.82041
vt 0.0687 0.81791
vt 0.63819 0.81989
vt 0.63373 0.81883
vt 0.63869 0.81813
vt 0.3094 0.70509
vt 0.63509 0.81481
vt 0.63833 0.81548
vt 0.63511 0.8123
vt 0.63937 0.81313
vt 0.63583 0.80934
vt 0.63609 0.80767
vt 0.6347 0.80575
vt 0.63563 0.80277
vt 0.63214 0.79486
vt 0.634 0.80131
vt 0.6343 0.79745
vt 0.33559 0.70892
vt 0.34414 0.70862
vt 0.38884 0.709
vt 0.40037 0.70189
vt 0.41281 0.7091
vt 0.4234 0.70969
vt 0.35042 0.97471
vt 0.3491 0.97516
vt 0.33007 0.97502
vt 0.42613 0.71002
vt 0.71053 0.70277
vt 0.70737 0.70366
vt 0.70758 0.70689
vt 0.7105 0.70629
vt 0.70757 0.71423
vt 0.71014 0.71637
vt 0.70721 0.73361
vt 0.70943 0.73211
vt 0.70681 0.74154
vt 0.70901 0.74986
vt 0.70687 0.75748
vt 0.709 0.76307
vt 0.70643 0.78323
vt 0.70837 0.79122
vt 0.70647 0.80294
vt 0.70839 0.80139
vt 0.70867 0.81297
vt 0.70599 0.81874
vt 0.70868 0.82306
vt 0.70652 0.82692
vt 0.70871 0.83518
vt 0.70677 0.84692
vt 0.70881 0.85179
vt 0.70908 0.86675
vt 0.7074 0.89878
vt 0.70913 0.89365
vt 0.70974 0.91681
vt 0.70854 0.93063
vt 0.71053 0.93456
vt 0.7085 0.93963
vt 0.70841 0.94387
vt 0.71025 0.94447
vt 0.70884 0.94643
vt 0.06459 0.9746
vt 0.06611 0.97523
vt 0.06462 0.97719
vt 0.70378 0.70895
vt 0.70371 0.71831
vt 0.70353 0.73
vt 0.70347 0.77134
vt 0.70315 0.7877
vt 0.70152 0.79936
vt 0.69975 0.80103
vt 0.70227 0.80492
vt 0.70185 0.8205
vt 0.69915 0.82472
vt 0.70128 0.83092
vt 0.70362 0.84837
vt 0.70341 0.87426
vt 0.70434 0.89427
vt 0.70528 0.91464
vt 0.70528 0.94632
vt 0.70526 0.94779
vt 0.70859 0.94777
vt 0.69582 0.70881
vt 0.69644 0.72353
vt 0.70065 0.80307
vt 0.69956 0.81796
vt 0.69453 0.82576
vt 0.69712 0.93331
vt 0.69986 0.9397
vt 0.69736 0.94632
vt 0.69017 0.73514
vt 0.69067 0.75349
vt 0.68931 0.77636
vt 0.69026 0.79081
vt 0.69645 0.80063
vt 0.68914 0.8523
vt 0.68907 0.88126
vt 0.69561 0.91521
vt 0.6862 0.94785
vt 0.69158 0.70385
vt 0.69037 0.70882
vt 0.68984 0.72034
vt 0.68401 0.73644
vt 0.69202 0.80059
vt 0.68409 0.83457
vt 0.68914 0.90893
vt 0.68603 0.94057
vt 0.68738 0.70285
vt 0.6855 0.70573
vt 0.68605 0.7116
vt 0.68838 0.80071
vt 0.68817 0.93026
vt 0.68626 0.9464
vt 0.68091 0.70955
vt 0.68407 0.71984
vt 0.68131 0.72794
vt 0.68441 0.75282
vt 0.68434 0.78887
vt 0.68513 0.8013
vt 0.6882 0.8256
vt 0.68481 0.87277
vt 0.68525 0.89668
vt 0.68575 0.91719
vt 0.68629 0.7015
vt 0.6791 0.7012
vt 0.68112 0.70293
vt 0.68094 0.7215
vt 0.68077 0.73541
vt 0.68101 0.74951
vt 0.6812 0.76676
vt 0.68123 0.78591
vt 0.6813 0.79598
vt 0.68014 0.79932
vt 0.68426 0.80313
vt 0.68125 0.80448
vt 0.68346 0.81421
vt 0.68461 0.81232
vt 0.68184 0.8137
vt 0.685 0.82311
vt 0.68026 0.82001
vt 0.68571 0.82515
vt 0.68156 0.83286
vt 0.68168 0.84811
vt 0.6824 0.88028
vt 0.68339 0.91794
vt 0.68364 0.93045
vt 0.68233 0.92681
vt 0.6836 0.94622
vt 0.00557 0.66598
vt 0.00686 0.66962
vt 0.00676 0.65309
vt 0.00542 0.65017
vt 0.00879 0.65022
vt 0.68347 0.94802
vt 0.00836 0.64856
vt 0.00483 0.64834
vt 0.67907 0.70277
vt 0.00666 0.89541
vt 0.01024 0.89557
vt 0.0076 0.89393
vt 0.67916 0.70941
vt 0.00905 0.8867
vt 0.0073 0.88724
vt 0.67898 0.72056
vt 0.00628 0.87608
vt 0.00848 0.87379
vt 0.67876 0.73205
vt 0.00644 0.86454
vt 0.00875 0.85865
vt 0.67862 0.74205
vt 0.00674 0.85451
vt 0.0074 0.85455
vt 0.67893 0.76791
vt 0.67928 0.78986
vt 0.67787 0.78247
vt 0.00763 0.81396
vt 0.0097 0.79784
vt 0.00635 0.80655
vt 0.67639 0.79864
vt 0.67802 0.80223
vt 0.67831 0.81664
vt 0.67808 0.82467
vt 0.6799 0.82654
vt 0.67746 0.82966
vt 0.67974 0.83401
vt 0.6802 0.851
vt 0.00632 0.7626
vt 0.00863 0.76694
vt 0.00659 0.74559
vt 0.00847 0.74626
vt 0.00846 0.72663
vt 0.68061 0.86966
vt 0.00666 0.72689
vt 0.68124 0.884
vt 0.00675 0.7125
vt 0.0085 0.70159
vt 0.6819 0.90543
vt 0.00681 0.69103
vt 0.0085 0.67789
vt 0.38401 0.90009
vt 0.38215 0.9011
vt 0.67795 0.742
vt 0.67785 0.75685
vt 0.00875 0.84598
vt 0.00744 0.83966
vt 0.0088 0.82978
vt 0.37937 0.90212
vt 0.49353 0.01787
vt 0.38006 0.02952
vt 0.38261 0.02686
vt 0.9756 0.26889
vt 0.97476 0.27153
vt 0.97619 0.27272
vt 0.97798 0.26976
vt 0.24254 0.9084
vt 0.57491 0.5246
vt 0.5827 0.52623
vt 0.58561 0.52585
vt 0.5907 0.52737
vt 0.23592 0.90626
vt 0.26247 0.6492
vt 0.2606 0.6477
vt 0.32864 0.59028
vt 0.774 0.18393
vt 0.77672 0.17681
vt 0.28195 0.70514
vt 0.28417 0.70504
vt 0.95037 0.13641
vt 0.94893 0.13556
vt 0.9482 0.13296
vt 0.94801 0.13069
vt 0.06657 0.82611
vt 0.06879 0.82709
vt 0.07035 0.81925
vt 0.06465 0.82272
vt 0.62728 0.82012
vt 0.62643 0.81812
vt 0.62878 0.61844
vt 0.63122 0.61971
vt 0.62701 0.61839
vt 0.63105 0.81469
vt 0.63122 0.8122
vt 0.63167 0.80968
vt 0.31855 0.70504
vt 0.63216 0.80311
vt 0.63215 0.79663
vt 0.63116 0.80027
vt 0.35917 0.69875
vt 0.29867 0.8399
vt 0.37598 0.70156
vt 0.3856 0.70156
vt 0.41917 0.97176
vt 0.41829 0.97336
vt 0.41693 0.97178
vt 0.40997 0.97389
vt 0.39783 0.9743
vt 0.38519 0.9742
vt 0.37395 0.9731
vt 0.36799 0.97458
vt 0.35155 0.97366
vt 0.3323 0.97365
vt 0.29935 0.97338
vt 0.28393 0.97437
vt 0.27604 0.97289
vt 0.24375 0.97241
vt 0.24669 0.97377
vt 0.22018 0.9743
vt 0.2142 0.97334
vt 0.18497 0.97433
vt 0.18361 0.97334
vt 0.15123 0.97403
vt 0.15249 0.97313
vt 0.42546 0.70659
vt 0.22768 0.84092
vt 0.23398 0.84221
vt 0.01221 0.65036
vt 0.01441 0.64861
vt 0.01682 0.89411
vt 0.01722 0.88942
vt 0.01263 0.88207
vt 0.01162 0.85931
vt 0.67841 0.8083
vt 0.67615 0.80675
vt 0.67631 0.81571
vt 0.01 0.76819
vt 0.01155 0.76289
vt 0.01153 0.74833
vt 0.01155 0.72828
vt 0.01183 0.70239
vt 0.0119 0.67881
vt 0.0118 0.65977
vt 0.00838 0.65336
vt 0.01185 0.65305
vt 0.38366 0.90429
vt 0.01189 0.85278
vt 0.01179 0.84458
vt 0.01192 0.83069
vt 0.00929 0.81107
vt 0.01213 0.81086
vt 0.01243 0.80208
vt 0.01282 0.79092
vt 0.6766 0.82155
vt 0.01021 0.78085
vt 0.01216 0.7744
vt 0.00948 0.77502
vt 0.00792 0.77193
vt 0.36906 0.90462
vt 0.34302 0.91354
vt 0.33779 0.91219
vt 0.31504 0.90793
vt 0.29623 0.91256
vt 0.28414 0.91292
vt 0.38178 0.0322
vt 0.81513 0.35714
vt 0.975 0.27268
vt 0.9756 0.27786
vt 0.57159 0.51791
vt 0.58253 0.52224
vt 0.58565 0.52026
vt 0.58923 0.52014
vt 0.59071 0.5215
vt 0.25024 0.64901
vt 0.77579 0.18404
vt 0.95241 0.13421
vt 0.95225 0.13055
vt 0.62948 0.62399
vt 0.62627 0.62535
vt 0.62748 0.62282
vt 0.62672 0.815
vt 0.62671 0.81096
vt 0.62769 0.80764
vt 0.62852 0.80539
vt 0.62637 0.79906
vt 0.62896 0.7951
vt 0.32329 0.69896
vt 0.6267 0.80315
vt 0.62841 0.80198
vt 0.33172 0.699
vt 0.33468 0.6982
vt 0.34524 0.69883
vt 0.64084 0.00768
vt 0.39494 0.69706
vt 0.42335 0.70168
vt 0.01959 0.64981
vt 0.0205 0.89563
vt 0.01456 0.86789
vt 0.01508 0.85658
vt 0.01552 0.76436
vt 0.01939 0.75937
vt 0.01876 0.74986
vt 0.01899 0.73014
vt 0.01604 0.7073
vt 0.0158 0.68238
vt 0.01611 0.67032
vt 0.01609 0.65761
vt 0.01685 0.6519
vt 0.38261 0.91321
vt 0.0164 0.8452
vt 0.01541 0.81944
vt 0.01593 0.80617
vt 0.01643 0.7968
vt 0.01698 0.78219
vt 0.01054 0.78977
vt 0.01631 0.77212
vt 0.35055 0.91339
vt 0.32508 0.91236
vt 0.311 0.91262
vt 0.2778 0.91282
vt 0.27129 0.91289
vt 0.2646 0.91308
vt 0.25728 0.91309
vt 0.57498 0.51799
vt 0.57853 0.51738
vt 0.58319 0.51805
vt 0.23816 0.91313
vt 0.26074 0.65576
vt 0.7791 0.18587
vt 0.77919 0.1808
vt 0.2825 0.70023
vt 0.28939 0.70117
vt 0.80021 0.31172
vt 0.79103 0.31048
vt 0.79358 0.31298
vt 0.95643 0.13271
vt 0.95608 0.1313
vt 0.29997 0.69948
vt 0.78976 0.3115
vt 0.95445 0.13039
vt 0.06624 0.82847
vt 0.06758 0.83003
vt 0.06943 0.83043
vt 0.3073 0.69945
vt 0.35743 0.84038
vt 0.35919 0.83887
vt 0.35894 0.84179
vt 0.63173 0.62523
vt 0.62279 0.81908
vt 0.62253 0.81485
vt 0.62368 0.81169
vt 0.31663 0.6991
vt 0.62513 0.80886
vt 0.58404 0.80842
vt 0.57928 0.8103
vt 0.58525 0.81054
vt 0.64596 0.62546
vt 0.64287 0.62644
vt 0.64416 0.62441
vt 0.67256 0.01163
vt 0.62372 0.80633
vt 0.62544 0.80435
vt 0.62501 0.80157
vt 0.29404 0.83587
vt 0.41448 0.69689
vt 0.02137 0.89374
vt 0.02135 0.88502
vt 0.02087 0.87292
vt 0.02051 0.86214
vt 0.02445 0.85927
vt 0.02015 0.76606
vt 0.02001 0.70375
vt 0.02035 0.67962
vt 0.02047 0.6656
vt 0.02069 0.65287
vt 0.0185 0.81625
vt 0.02015 0.80122
vt 0.02031 0.79065
vt 0.02021 0.77234
vt 0.37847 0.91317
vt 0.3662 0.91336
vt 0.29922 0.91375
vt 0.3763 0.03498
vt 0.3792 0.0362
vt 0.37981 0.0329
vt 0.81219 0.35638
vt 0.81168 0.35423
vt 0.08794 0.8431
vt 0.08576 0.84387
vt 0.08435 0.84286
vt 0.81366 0.34608
vt 0.81538 0.34443
vt 0.24476 0.9134
vt 0.58418 0.51794
vt 0.58888 0.51697
vt 0.5912 0.51922
vt 0.23671 0.9141
vt 0.26262 0.65707
vt 0.2503 0.65605
vt 0.77543 0.18561
vt 0.7767 0.18661
vt 0.28938 0.69955
vt 0.79667 0.31425
vt 0.80155 0.31349
vt 0.9579 0.1314
vt 0.9595 0.12914
vt 0.95687 0.12727
vt 0.95953 0.12702
vt 0.06795 0.83234
vt 0.07035 0.83283
vt 0.06323 0.82904
vt 0.06427 0.8318
vt 0.35616 0.8371
vt 0.3599 0.83616
vt 0.61944 0.81989
vt 0.61968 0.81716
vt 0.62048 0.81331
vt 0.35199 0.83945
vt 0.58075 0.81464
vt 0.58508 0.81367
vt 0.6393 0.62843
vt 0.64091 0.62699
vt 0.62067 0.81004
vt 0.57071 0.80901
vt 0.5737 0.80929
vt 0.57309 0.80725
vt 0.57602 0.8079
vt 0.32929 0.83583
vt 0.33141 0.83592
vt 0.33409 0.83944
vt 0.34661 0.6979
vt 0.37194 0.69846
vt 0.37389 0.69739
vt 0.38746 0.69849
vt 0.40058 0.69715
vt 0.40638 0.6984
vt 0.4234 0.6967
vt 0.38937 0.38631
vt 0.38937 0.32836
vt 0.37755 0.32912
vt 0.42558 0.69669
vt 0.02475 0.65077
vt 0.02721 0.64865
vt 0.02521 0.89551
vt 0.02495 0.89414
vt 0.02434 0.88434
vt 0.02426 0.87135
vt 0.02431 0.83381
vt 0.02441 0.81628
vt 0.02395 0.80393
vt 0.02404 0.76658
vt 0.0242 0.74931
vt 0.02421 0.72578
vt 0.02425 0.70401
vt 0.02427 0.68167
vt 0.0243 0.66961
vt 0.0245 0.6566
vt 0.38445 0.91317
vt 0.02543 0.79838
vt 0.02549 0.7888
vt 0.02372 0.78106
vt 0.02544 0.76985
vt 0.38508 0.2831
vt 0.55795 0.01166
vt 0.56319 0.64348
vt 0.56616 0.64182
vt 0.56178 0.64208
vt 0.80849 0.35069
vt 0.8072 0.34769
vt 0.81148 0.34839
vt 0.08686 0.8404
vt 0.08189 0.84125
vt 0.08276 0.83952
vt 0.08493 0.83903
vt 0.8091 0.34537
vt 0.81141 0.34634
vt 0.081 0.84092
vt 0.57226 0.5144
vt 0.57503 0.51398
vt 0.58248 0.51321
vt 0.58527 0.51474
vt 0.58617 0.51389
vt 0.58998 0.5149
vt 0.4008 0.00723
vt 0.77038 0.18643
vt 0.71725 0.00743
vt 0.56856 0.82645
vt 0.56901 0.82983
vt 0.57048 0.82819
vt 0.57575 0.82971
vt 0.57429 0.82832
vt 0.57297 0.82961
vt 0.96079 0.12911
vt 0.29914 0.69838
vt 0.57192 0.82735
vt 0.57117 0.82424
vt 0.57401 0.82591
vt 0.56491 0.8222
vt 0.56345 0.82219
vt 0.56532 0.82405
vt 0.56704 0.82304
vt 0.57353 0.82348
vt 0.30384 0.69861
vt 0.5732 0.82115
vt 0.56839 0.82058
vt 0.31592 0.69809
vt 0.35396 0.83565
vt 0.5733 0.81884
vt 0.56894 0.81686
vt 0.58285 0.8153
vt 0.58483 0.81758
vt 0.57198 0.8145
vt 0.61815 0.81035
vt 0.61916 0.80874
vt 0.57266 0.81279
vt 0.57549 0.81434
vt 0.57595 0.81209
vt 0.31863 0.69806
vt 0.32625 0.69793
vt 0.34584 0.83818
vt 0.34014 0.8361
vt 0.34773 0.83668
vt 0.33318 0.6976
vt 0.344 0.69776
vt 0.35782 0.69747
vt 0.36027 0.69744
vt 0.37161 0.69728
vt 0.37839 0.69704
vt 0.28326 0.8375
vt 0.27962 0.83722
vt 0.27971 0.83569
vt 0.40013 0.6966
vt 0.55756 0.00745
vt 0.41679 0.96268
vt 0.41541 0.96138
vt 0.41676 0.96059
vt 0.02903 0.89566
vt 0.0289 0.89406
vt 0.0281 0.65094
vt 0.02715 0.89286
vt 0.02698 0.88612
vt 0.02736 0.87394
vt 0.02695 0.8684
vt 0.02711 0.85691
vt 0.02713 0.83334
vt 0.02721 0.80778
vt 0.02705 0.80111
vt 0.02694 0.7672
vt 0.02692 0.7583
vt 0.02676 0.74823
vt 0.02688 0.72483
vt 0.02726 0.70931
vt 0.02711 0.68166
vt 0.02707 0.65438
vt 0.02559 0.77479
vt 0.49036 0.00756
vt 0.3345 0.91386
vt 0.32644 0.91364
vt 0.32342 0.91395
vt 0.31306 0.91378
vt 0.3111 0.91414
vt 0.30592 0.91392
vt 0.29649 0.91385
vt 0.28517 0.91374
vt 0.28198 0.91397
vt 0.27353 0.91389
vt 0.27149 0.91418
vt 0.09723 0.83959
vt 0.09462 0.8385
vt 0.09956 0.8385
vt 0.41213 0.00759
vt 0.26011 0.91426
vt 0.25809 0.9142
vt 0.24603 0.91436
vt 0.56555 0.62875
vt 0.56872 0.62725
vt 0.56848 0.62559
vt 0.56478 0.62684
vt 0.57103 0.62613
vt 0.57663 0.51243
vt 0.24973 0.65707
vt 0.74291 0.86483
vt 0.75886 0.86489
vt 0.71805 0.80944
vt 0.7167 0.80815
vt 0.71482 0.80971
vt 0.57552 0.82727
vt 0.57694 0.82636
vt 0.57546 0.82265
vt 0.57522 0.8204
vt 0.5763 0.81897
vt 0.53182 0.77121
vt 0.52834 0.7563
vt 0.52839 0.75995
vt 0.52638 0.74697
vt 0.52484 0.7466
vt 0.4253 0.69596
vt 0.14899 0.59384
vt 0.14255 0.59334
vt 0.14798 0.59213
vt 0.1524 0.59242
vt 0.32574 0.73818
vt 0.32753 0.74143
vt 0.33339 0.73843
vt 0.33571 0.74074
vt 0.06475 0.9613
vt 0.06391 0.96078
vt 0.0668 0.96048
vt 0.33586 0.73646
vt 0.17192 0.74444
vt 0.17887 0.74207
vt 0.17358 0.73821
vt 0.32531 0.73579
vt 0.32675 0.73496
vt 0.32491 0.731
vt 0.3276 0.73268
vt 0.33128 0.72926
vt 0.33034 0.73178
vt 0.33366 0.73488
vt 0.33764 0.73136
vt 0.3348 0.73159
vt 0.32667 0.73031
vt 0.84224 0.77593
vt 0.84342 0.7745
vt 0.84586 0.77578
vt 0.32522 0.72882
vt 0.32857 0.72909
vt 0.32803 0.72819
vt 0.17107 0.73211
vt 0.17056 0.72747
vt 0.16869 0.72869
vt 0.33082 0.72508
vt 0.16843 0.72648
vt 0.17273 0.72623
vt 0.18403 0.72705
vt 0.18731 0.72576
vt 0.19781 0.72646
vt 0.95716 0.95502
vt 0.96079 0.95783
vt 0.95014 0.954
vt 0.47364 0.72123
vt 0.51642 0.7207
vt 0.50094 0.71997
vt 0.479 0.7203
vt 0.0283 0.66286
vt 0.02954 0.65227
vt 0.02845 0.64809
vt 0.02888 0.88134
vt 0.02877 0.85921
vt 0.02905 0.82875
vt 0.02901 0.80813
vt 0.29239 0.72313
vt 0.31262 0.72351
vt 0.30259 0.72186
vt 0.98335 0.17511
vt 0.98765 0.17614
vt 0.98765 0.16717
vt 0.98341 0.17002
vt 0.34739 0.72002
vt 0.3516 0.72234
vt 0.35121 0.72108
vt 0.36397 0.72084
vt 0.36617 0.72184
vt 0.37882 0.7217
vt 0.02826 0.74795
vt 0.02854 0.71777
vt 0.02835 0.67811
vt 0.38486 0.9141
vt 0.37107 0.91387
vt 0.35214 0.9141
vt 0.16488 0.33022
vt 0.16488 0.34144
vt 0.1638 0.33548
vt 0.52999 0.68536
vt 0.53227 0.68551
vt 0.53234 0.67788
vt 0.56792 0.63105
vt 0.56941 0.63069
vt 0.5785 0.51208
vt 0.58202 0.51197
vt 0.39903 0.18811
vt 0.39579 0.18585
vt 0.3978 0.18437
vt 0.74234 0.86552
vt 0.73091 0.9204
vt 0.7252 0.92259
vt 0.73826 0.92244
vt 0.73915 0.9201
vt 0.74051 0.92231
vt 0.00173 0.00322
vt 0.00054 0.00149
vt 0.01391 0.00316
vt 0.0146 0.00133
vt 0.03886 0.00126
vt 0.08146 0.00278
vt 0.97261 0.38352
vt 0.97583 0.41324
vt 0.97583 0.35789
vt 0.11814 0.00082
vt 0.12373 0.00257
vt 0.13617 0.00071
vt 0.13596 0.00245
vt 0.08619 0.88835
vt 0.80374 0.27187
vt 0.80472 0.27301
vt 0.80476 0.24198
vt 0.80387 0.23671
vt 0.80404 0.22258
vt 0.80588 0.18987
vt 0.8044 0.2007
vt 0.80479 0.18119
vt 0.13844 0.00246
vt 0.14184 0.00112
vt 0.05587 0.86911
vt 0.1842 0.00207
vt 0.18249 0.00037
vt 0.18751 0.00038
vt 0.18694 0.00308
vt 0.1941 0.00228
vt 0.20894 0.00236
vt 0.21135 0.00067
vt 0.24888 0.00101
vt 0.25465 0.0029
vt 0.31079 0.00173
vt 0.31261 0.00351
vt 0.33077 0.00371
vt 0.34211 0.00199
vt 0.34149 0.00421
vt 0.07992 0.00524
vt 0.11674 0.00524
vt 0.45381 0.84031
vt 0.45381 0.81072
vt 0.45 0.81567
vt 0.19204 0.92578
vt 0.13384 0.00485
vt 0.45038 0.80366
vt 0.13645 0.00537
vt 0.79962 0.28844
vt 0.8011 0.27546
vt 0.80132 0.26848
vt 0.8018 0.18622
vt 0.80188 0.17527
vt 0.80576 0.12763
vt 0.80612 0.09741
vt 0.80159 0.11113
vt 0.80462 0.06736
vt 0.80612 0.06601
vt 0.80589 0.0518
vt 0.8003 0.29282
vt 0.80497 0.29278
vt 0.18467 0.00639
vt 0.19728 0.00496
vt 0.21714 0.92591
vt 0.24115 0.92623
vt 0.2336 0.92639
vt 0.22865 0.00505
vt 0.24889 0.00549
vt 0.30821 0.00684
vt 0.01575 0.6402
vt 0.01676 0.64061
vt 0.44986 0.98392
vt 0.72449 0.92253
vt 0.72475 0.91364
vt 0.00203 0.00937
vt 0.01069 0.01112
vt 0.07243 0.92745
vt 0.05013 0.00976
vt 0.08143 0.92779
vt 0.08983 0.92812
vt 0.09459 0.92795
vt 0.09519 0.92903
vt 0.10316 0.92809
vt 0.10823 0.92762
vt 0.10661 0.92904
vt 0.14183 0.92807
vt 0.15478 0.92642
vt 0.44278 0.80394
vt 0.13352 0.00999
vt 0.7978 0.29113
vt 0.78884 0.23292
vt 0.79541 0.19148
vt 0.79948 0.15287
vt 0.79988 0.12841
vt 0.80115 0.08525
vt 0.80197 0.0588
vt 0.80522 0.04716
vt 0.79805 0.04698
vt 0.80484 0.04532
vt 0.20259 0.92558
vt 0.19776 0.9276
vt 0.2082 0.92759
vt 0.21395 0.92572
vt 0.18712 0.00715
vt 0.25674 0.93006
vt 0.25249 0.92642
vt 0.26267 0.9267
vt 0.2754 0.92836
vt 0.2757 0.92678
vt 0.27643 0.92705
vt 0.28632 0.92719
vt 0.27799 0.92899
vt 0.2888 0.92751
vt 0.3002 0.92748
vt 0.29265 0.92876
vt 0.30385 0.9276
vt 0.30414 0.92969
vt 0.31489 0.92779
vt 0.31912 0.92768
vt 0.32305 0.92864
vt 0.44163 0.79298
vt 0.32912 0.92834
vt 0.33767 0.9276
vt 0.33365 0.92891
vt 0.84002 0.97804
vt 0.83867 0.98199
vt 0.84286 0.97657
vt 0.33965 0.92887
vt 0.83963 0.98283
vt 0.34293 0.92801
vt 0.83835 0.98793
vt 0.841 0.99006
vt 0.45455 0.77146
vt 0.32724 0.01041
vt 0.16193 0.03111
vt 0.1565 0.03104
vt 0.15435 0.03158
vt 0.34112 0.01046
vt 0.34183 0.01683
vt 0.02379 0.63824
vt 0.01573 0.63761
vt 0.03131 0.63948
vt 0.73456 0.91295
vt 0.38756 0.4052
vt 0.38679 0.40726
vt 0.38495 0.40579
vt 0.3827 0.40726
vt 0.76694 0.07816
vt 0.06284 0.93169
vt 0.65009 0.72586
vt 0.65206 0.72049
vt 0.7327 0.05935
vt 0.11088 0.93058
vt 0.08432 0.02544
vt 0.13723 0.93166
vt 0.0984 0.01883
vt 0.14744 0.93372
vt 0.15518 0.93486
vt 0.16306 0.93381
vt 0.43878 0.81247
vt 0.78881 0.29105
vt 0.78184 0.28098
vt 0.79179 0.25346
vt 0.79126 0.20748
vt 0.79437 0.17865
vt 0.79276 0.16697
vt 0.78792 0.06851
vt 0.78822 0.04796
vt 0.79812 0.0454
vt 0.19799 0.93185
vt 0.20727 0.93197
vt 0.21443 0.93225
vt 0.18684 0.0141
vt 0.18401 0.01515
vt 0.22112 0.01336
vt 0.26726 0.01452
vt 0.31126 0.93154
vt 0.28922 0.0141
vt 0.96527 0.97546
vt 0.87809 0.02226
vt 0.33767 0.93082
vt 0.84169 0.9752
vt 0.84184 0.98028
vt 0.3458 0.93229
vt 0.34562 0.92788
vt 0.34736 0.93033
vt 0.84637 0.9872
vt 0.34962 0.92793
vt 0.16595 0.03112
vt 0.16256 0.03304
vt 0.16561 0.033
vt 0.15803 0.03327
vt 0.15359 0.03345
vt 0.73938 0.90435
vt 0.38498 0.40337
vt 0.77497 0.06576
vt 0.3813 0.40372
vt 0.94413 0.79655
vt 0.94568 0.79728
vt 0.94505 0.80104
vt 0.65215 0.73986
vt 0.0714 0.93211
vt 0.6531 0.73163
vt 0.65523 0.7227
vt 0.09864 0.9332
vt 0.0518 0.02067
vt 0.1341 0.9361
vt 0.12138 0.01279
vt 0.12661 0.01703
vt 0.78709 0.28799
vt 0.78454 0.27138
vt 0.78459 0.18463
vt 0.78449 0.17498
vt 0.78721 0.14407
vt 0.78499 0.1264
vt 0.78748 0.10594
vt 0.78799 0.0829
vt 0.78563 0.05696
vt 0.79646 0.04586
vt 0.22072 0.94109
vt 0.18836 0.01938
vt 0.20381 0.01823
vt 0.2445 0.9411
vt 0.27734 0.93522
vt 0.2928 0.93524
vt 0.32729 0.9349
vt 0.967 0.97842
vt 0.96873 0.9753
vt 0.97065 0.97345
vt 0.97384 0.97559
vt 0.84628 0.97521
vt 0.33788 0.93456
vt 0.34357 0.93319
vt 0.94253 0.9794
vt 0.84869 0.99193
vt 0.16494 0.03639
vt 0.84604 0.99589
vt 0.15306 0.03677
vt 0.33924 0.01699
vt 0.38945 0.40138
vt 0.38859 0.39944
vt 0.74048 0.899
vt 0.23577 0.16866
vt 0.23577 0.14473
vt 0.23362 0.1529
vt 0.38229 0.40086
vt 0.94076 0.79303
vt 0.94058 0.79103
vt 0.93599 0.80256
vt 0.94345 0.80247
vt 0.65967 0.74084
vt 0.66371 0.72794
vt 0.08262 0.93565
vt 0.65899 0.72049
vt 0.09244 0.93759
vt 0.1053 0.94133
vt 0.11953 0.94288
vt 0.12438 0.94013
vt 0.14143 0.94012
vt 0.11335 0.0208
vt 0.78336 0.23683
vt 0.78397 0.20462
vt 0.78444 0.16425
vt 0.78873 0.04566
vt 0.19798 0.94096
vt 0.20978 0.94144
vt 0.23955 0.94375
vt 0.25886 0.94154
vt 0.2388 0.02125
vt 0.30591 0.94153
vt 0.32047 0.93646
vt 0.96701 0.98333
vt 0.97476 0.97939
vt 0.85172 0.97432
vt 0.84876 0.97554
vt 0.33076 0.93743
vt 0.34261 0.93601
vt 0.94692 0.98502
vt 0.8517 0.98949
vt 0.15853 0.04123
vt 0.03068 0.6283
vt 0.01557 0.62659
vt 0.39044 0.39668
vt 0.00126 0.02471
vt 0.00241 0.02431
vt 0.38224 0.39753
vt 0.93687 0.79313
vt 0.93584 0.79118
vt 0.93639 0.79871
vt 0.01093 0.0378
vt 0.86198 0.86786
vt 0.86198 0.83882
vt 0.85353 0.84177
vt 0.66396 0.73973
vt 0.66641 0.73245
vt 0.08211 0.93862
vt 0.15038 0.94307
vt 0.78244 0.28767
vt 0.78465 0.14622
vt 0.78529 0.0844
vt 0.78611 0.0482
vt 0.78133 0.26628
vt 0.78556 0.047
vt 0.78505 0.04525
vt 0.21911 0.02005
vt 0.27594 0.94354
vt 0.29196 0.94393
vt 0.32942 0.94129
vt 0.97019 0.98247
vt 0.97337 0.98108
vt 0.33857 0.9387
vt 0.85547 0.97772
vt 0.34316 0.93924
vt 0.94797 0.98805
vt 0.85726 0.98793
vt 0.86076 0.99145
vt 0.16224 0.04171
vt 0.16537 0.04437
vt 0.154 0.04099
vt 0.15311 0.04105
vt 0.02305 0.62444
vt 0.01823 0.62526
vt 0.02785 0.62546
vt 0.38965 0.39547
vt 0.72524 0.89865
vt 0.38719 0.39302
vt 0.93386 0.79208
vt 0.38077 0.39618
vt 0.93161 0.79326
vt 0.08031 0.93995
vt 0.08255 0.94153
vt 0.66773 0.72154
vt 0.09917 0.94421
vt 0.13689 0.94351
vt 0.17253 0.79819
vt 0.77818 0.28066
vt 0.77821 0.27205
vt 0.77848 0.2641
vt 0.77977 0.26138
vt 0.78034 0.25951
vt 0.78209 0.25353
vt 0.51074 0.78623
vt 0.51043 0.80195
vt 0.50971 0.80047
vt 0.50984 0.78532
vt 0.50913 0.84014
vt 0.50989 0.834
vt 0.50984 0.85393
vt 0.509 0.85862
vt 0.50969 0.86357
vt 0.50946 0.87428
vt 0.50868 0.86976
vt 0.50858 0.87797
vt 0.50965 0.89232
vt 0.50851 0.91244
vt 0.50973 0.91212
vt 0.50824 0.92475
vt 0.50926 0.954
vt 0.50801 0.96115
vt 0.50811 0.98025
vt 0.50957 0.98137
vt 0.50954 0.99013
vt 0.50794 0.98844
vt 0.50828 0.9911
vt 0.50942 0.77908
vt 0.51034 0.78022
vt 0.50772 0.78072
vt 0.50753 0.78765
vt 0.50767 0.79697
vt 0.50726 0.81348
vt 0.5068 0.83728
vt 0.50601 0.84713
vt 0.50556 0.85955
vt 0.50575 0.86885
vt 0.50596 0.8864
vt 0.50479 0.91087
vt 0.50525 0.98511
vt 0.50496 0.99128
vt 0.50806 0.99289
vt 0.505 0.99282
vt 0.50323 0.78013
vt 0.50185 0.77875
vt 0.49821 0.79635
vt 0.4993 0.84552
vt 0.50152 0.84025
vt 0.50094 0.84975
vt 0.50095 0.8641
vt 0.50049 0.86943
vt 0.49779 0.87864
vt 0.49677 0.93225
vt 0.4964 0.98267
vt 0.50142 0.98705
vt 0.50114 0.99126
vt 0.49797 0.7787
vt 0.49299 0.78246
vt 0.49219 0.8138
vt 0.49968 0.84695
vt 0.49907 0.85076
vt 0.83573 0.6099
vt 0.84135 0.60993
vt 0.84117 0.60884
vt 0.49852 0.86444
vt 0.86143 0.60995
vt 0.86158 0.60854
vt 0.49766 0.86763
vt 0.86606 0.60982
vt 0.49722 0.90512
vt 0.4964 0.9598
vt 0.4967 0.99128
vt 0.49192 0.99276
vt 0.49149 0.79493
vt 0.49082 0.83133
vt 0.48784 0.83621
vt 0.49193 0.84014
vt 0.49538 0.84525
vt 0.4958 0.86877
vt 0.49023 0.8695
vt 0.49268 0.87475
vt 0.49233 0.9114
vt 0.49218 0.93002
vt 0.49183 0.95874
vt 0.49164 0.9825
vt 0.49167 0.98892
vt 0.4916 0.99126
vt 0.49659 0.77707
vt 0.49076 0.77829
vt 0.49195 0.7769
vt 0.95077 0.17333
vt 0.94998 0.17547
vt 0.48938 0.90996
vt 0.48917 0.92803
vt 0.48886 0.96801
vt 0.48906 0.98776
vt 0.48933 0.99121
vt 0.48912 0.99289
vt 0.48668 0.77765
vt 0.48816 0.77967
vt 0.48652 0.77873
vt 0.48797 0.78367
vt 0.4878 0.79385
vt 0.4879 0.81082
vt 0.48785 0.83239
vt 0.4878 0.84524
vt 0.48857 0.86906
vt 0.48887 0.87059
vt 0.95247 0.17315
vt 0.48877 0.87927
vt 0.48791 0.92683
vt 0.48604 0.78009
vt 0.4861 0.80125
vt 0.4867 0.82476
vt 0.4865 0.8454
vt 0.18412 0.02106
vt 0.19948 0.02036
vt 0.22383 0.02337
vt 0.31488 0.94184
vt 0.27225 0.02917
vt 0.96895 0.98661
vt 0.97186 0.98496
vt 0.97375 0.98305
vt 0.85449 0.9747
vt 0.85407 0.97338
vt 0.85679 0.97333
vt 0.33805 0.94249
vt 0.85954 0.97567
vt 0.85729 0.97952
vt 0.34576 0.94219
vt 0.34548 0.94091
vt 0.16306 0.04648
vt 0.85695 0.99534
vt 0.15512 0.0461
vt 0.03148 0.62706
vt 0.03131 0.62443
vt 0.38976 0.39294
vt 0.9273 0.79712
vt 0.92831 0.80087
vt 0.6652 0.74081
vt 0.93053 0.80247
vt 0.66799 0.73966
vt 0.67068 0.73041
vt 0.67108 0.72543
vt 0.08445 0.94416
vt 0.10556 0.94384
vt 0.11988 0.94384
vt 0.12856 0.94371
vt 0.14428 0.94362
vt 0.16519 0.94367
vt 0.11072 0.02288
vt 0.11571 0.02202
vt 0.17502 0.79192
vt 0.77656 0.28726
vt 0.19675 0.94382
vt 0.77534 0.26422
vt 0.77741 0.26268
vt 0.77795 0.26093
vt 0.77497 0.26088
vt 0.5041 0.7774
vt 0.50801 0.77696
vt 0.65938 0.60495
vt 0.6628 0.60471
vt 0.66327 0.60744
vt 0.66036 0.60703
vt 0.20708 0.9438
vt 0.66327 0.61267
vt 0.66075 0.61011
vt 0.83363 0.60592
vt 0.83359 0.6099
vt 0.83958 0.60372
vt 0.85195 0.60418
vt 0.86526 0.60639
vt 0.65897 0.61294
vt 0.49631 0.77503
vt 0.21705 0.94384
vt 0.48827 0.77503
vt 0.95292 0.17808
vt 0.48637 0.77472
vt 0.48684 0.77337
vt 0.95381 0.17353
vt 0.18696 0.02136
vt 0.20181 0.02169
vt 0.21534 0.02168
vt 0.25965 0.94404
vt 0.21968 0.02226
vt 0.27637 0.94409
vt 0.53867 0.71587
vt 0.55202 0.73485
vt 0.57089 0.72696
vt 0.30125 0.94411
vt 0.31209 0.94414
vt 0.3242 0.94372
vt 0.33459 0.94388
vt 0.85955 0.97354
vt 0.8594 0.97195
vt 0.86436 0.97384
vt 0.33716 0.94469
vt 0.85997 0.97664
vt 0.86227 0.9767
vt 0.86147 0.97992
vt 0.343 0.9441
vt 0.34697 0.94414
vt 0.9491 0.99142
vt 0.94922 0.99355
vt 0.16595 0.04665
vt 0.15401 0.04628
vt 0.0159 0.62416
vt 0.38796 0.39221
vt 0.38448 0.39159
vt 0.92685 0.79341
vt 0.92774 0.80366
vt 0.67089 0.73546
vt 0.37761 0.65496
vt 0.37822 0.65362
vt 0.37343 0.65359
vt 0.37297 0.65501
vt 0.3738 0.65263
vt 0.02677 0.03552
vt 0.36821 0.65346
vt 0.36845 0.65523
vt 0.36776 0.65223
vt 0.36471 0.65305
vt 0.36322 0.65199
vt 0.36363 0.65391
vt 0.08668 0.94503
vt 0.10748 0.94408
vt 0.10574 0.03641
vt 0.15141 0.94378
vt 0.11281 0.02424
vt 0.51289 0.89233
vt 0.5135 0.89096
vt 0.51426 0.88435
vt 0.51579 0.88543
vt 0.51484 0.88161
vt 0.15635 0.77964
vt 0.17819 0.94383
vt 0.5169 0.86883
vt 0.51556 0.86976
vt 0.51565 0.86305
vt 0.51522 0.86171
vt 0.51623 0.86127
vt 0.11743 0.7886
vt 0.83562 0.60329
vt 0.86599 0.60227
vt 0.94667 0.18079
vt 0.48663 0.77171
vt 0.11452 0.66394
vt 0.11672 0.66545
vt 0.95416 0.18183
vt 0.238 0.94408
vt 0.64221 0.90331
vt 0.22127 0.02405
vt 0.27529 0.94425
vt 0.1588 0.63993
vt 0.14124 0.64211
vt 0.14498 0.64128
vt 0.31811 0.9443
vt 0.32408 0.94449
vt 0.32701 0.9444
vt 0.97078 0.9899
vt 0.97247 0.98938
vt 0.86565 0.9722
vt 0.33488 0.94469
vt 0.86449 0.97651
vt 0.86481 0.97788
vt 0.34606 0.94503
vt 0.07901 0.65308
vt 0.0831 0.65306
vt 0.07823 0.6543
vt 0.0837 0.65205
vt 0.0692 0.65781
vt 0.15911 0.04749
vt 0.06276 0.65616
vt 0.86682 0.99456
vt 0.15523 0.04708
vt 0.33865 0.04392
vt 0.39359 0.64894
vt 0.39474 0.65291
vt 0.3923 0.64974
vt 0.39208 0.65424
vt 0.39401 0.65759
vt 0.3923 0.65758
vt 0.38862 0.64884
vt 0.38814 0.64697
vt 0.38616 0.65293
vt 0.38699 0.6566
vt 0.38925 0.65797
vt 0.38465 0.64708
vt 0.38807 0.65949
vt 0.38645 0.65998
vt 0.38767 0.66189
vt 0.38778 0.66274
vt 0.38591 0.66303
vt 0.38628 0.66147
vt 0.38713 0.66579
vt 0.38516 0.66754
vt 0.37514 0.64519
vt 0.3836 0.65985
vt 0.38266 0.66193
vt 0.38273 0.66269
vt 0.38328 0.66565
vt 0.38239 0.66729
vt 0.37792 0.65004
vt 0.67038 0.73779
vt 0.84479 0.86799
vt 0.37102 0.64682
vt 0.67263 0.72997
vt 0.37316 0.64476
vt 0.36525 0.64502
vt 0.36286 0.64337
vt 0.67293 0.7253
vt 0.35647 0.64928
vt 0.36211 0.65102
vt 0.36269 0.65839
vt 0.36097 0.64261
vt 0.35692 0.64288
vt 0.35144 0.64786
vt 0.35832 0.65013
vt 0.3501 0.64101
vt 0.34569 0.64289
vt 0.35121 0.64868
vt 0.34757 0.64034
vt 0.34509 0.64076
vt 0.34593 0.64615
vt 0.34523 0.64797
vt 0.33697 0.6389
vt 0.34352 0.64749
vt 0.33362 0.64054
vt 0.3338 0.64537
vt 0.33233 0.63786
vt 0.33079 0.63845
vt 0.33136 0.64584
vt 0.32151 0.64365
vt 0.32262 0.64459
vt 0.31968 0.63601
vt 0.31372 0.63821
vt 0.31494 0.64185
vt 0.31414 0.64343
vt 0.30637 0.64255
vt 0.30185 0.63348
vt 0.31783 0.6355
vt 0.29744 0.63604
vt 0.29898 0.64133
vt 0.30032 0.63289
vt 0.2941 0.63316
vt 0.29038 0.63198
vt 0.28797 0.63903
vt 0.2842 0.63955
vt 0.27413 0.633
vt 0.27831 0.63832
vt 0.52031 0.88851
vt 0.27524 0.63027
vt 0.52199 0.88267
vt 0.5208 0.87972
vt 0.51597 0.87507
vt 0.51994 0.87277
vt 0.26755 0.63022
vt 0.26447 0.63648
vt 0.26992 0.63814
vt 0.25268 0.62835
vt 0.51679 0.85742
vt 0.51571 0.85665
vt 0.51875 0.85478
vt 0.51684 0.85132
vt 0.51807 0.85213
vt 0.24915 0.63673
vt 0.25146 0.63013
vt 0.23348 0.6279
vt 0.23391 0.63541
vt 0.83324 0.60437
vt 0.83382 0.59531
vt 0.83784 0.59686
vt 0.85622 0.59453
vt 0.23754 0.63629
vt 0.21539 0.62964
vt 0.22625 0.63636
vt 0.11849 0.66679
vt 0.20686 0.63225
vt 0.20456 0.63573
vt 0.20252 0.63721
vt 0.20644 0.62919
vt 0.20548 0.62949
vt 0.398 0.47784
vt 0.39511 0.47876
vt 0.19212 0.63738
vt 0.20077 0.63765
vt 0.39765 0.48063
vt 0.18547 0.63053
vt 0.1778 0.63859
vt 0.39461 0.48531
vt 0.18396 0.63149
vt 0.17493 0.63446
vt 0.1717 0.63158
vt 0.17341 0.63098
vt 0.15989 0.63943
vt 0.14242 0.63961
vt 0.14267 0.6368
vt 0.13913 0.63557
vt 0.13798 0.64167
vt 0.13658 0.63647
vt 0.12801 0.63895
vt 0.13099 0.64356
vt 0.12668 0.6413
vt 0.1242 0.63761
vt 0.12185 0.64411
vt 0.11941 0.64582
vt 0.12185 0.63843
vt 0.11303 0.64702
vt 0.10876 0.64274
vt 0.10654 0.64788
vt 0.09324 0.64504
vt 0.09529 0.65018
vt 0.10373 0.64899
vt 0.86896 0.97413
vt 0.86734 0.97525
vt 0.08077 0.64742
vt 0.09316 0.65109
vt 0.86692 0.98003
vt 0.07753 0.64454
vt 0.06952 0.64948
vt 0.07053 0.64668
vt 0.05966 0.64933
vt 0.0589 0.65593
vt 0.26262 0.75253
vt 0.3797 0.663
vt 0.37665 0.66434
vt 0.37498 0.66723
vt 0.37997 0.66792
vt 0.3746 0.66381
vt 0.37244 0.66569
vt 0.37384 0.66863
vt 0.37129 0.66702
vt 0.36871 0.66878
vt 0.36941 0.6656
vt 0.36519 0.66781
vt 0.36525 0.66547
vt 0.36341 0.66206
vt 0.36372 0.66373
vt 0.05856 0.03816
vt 0.11015 0.03562
vt 0.52765 0.89092
vt 0.52788 0.88516
vt 0.52804 0.85788
vt 0.52089 0.85061
vt 0.51911 0.84916
vt 0.11397 0.77817
vt 0.11299 0.79993
vt 0.66767 0.88232
vt 0.67575 0.88368
vt 0.67706 0.8859
vt 0.88124 0.07699
vt 0.88056 0.0809
vt 0.8823 0.08244
vt 0.39105 0.48099
vt 0.87908 0.09814
vt 0.88071 0.1025
vt 0.57382 0.66558
vt 0.58056 0.67309
vt 0.58056 0.65931
vt 0.2347 0.03471
vt 0.87859 0.12819
vt 0.87701 0.12217
vt 0.67706 0.94255
vt 0.97096 0.99355
vt 0.09789 0.66454
vt 0.09773 0.66566
vt 0.09386 0.66572
vt 0.09347 0.66367
vt 0.8695 0.97602
vt 0.86872 0.98016
vt 0.86898 0.98732
vt 0.07182 0.66699
vt 0.0744 0.66839
vt 0.06852 0.66818
vt 0.07066 0.66483
vt 0.32095 0.04299
vt 0.34064 0.04277
vt 0.72471 0.86775
vt 0.73945 0.88319
vt 0.3718 0.66218
vt 0.37199 0.66379
vt 0.36975 0.6622
vt 0.36982 0.66399
vt 0.11243 0.03336
vt 0.53003 0.89233
vt 0.53008 0.88573
vt 0.52901 0.88142
vt 0.52862 0.87938
vt 0.52799 0.87496
vt 0.52774 0.86921
vt 0.52734 0.86208
vt 0.52427 0.85429
vt 0.52726 0.85155
vt 0.52395 0.84891
vt 0.52092 0.84698
vt 0.52405 0.84626
vt 0.11109 0.77751
vt 0.86792 0.58579
vt 0.94419 0.19742
vt 0.94514 0.19749
vt 0.88585 0.07474
vt 0.88776 0.07223
vt 0.88586 0.07776
vt 0.88517 0.08846
vt 0.38684 0.48072
vt 0.38654 0.48512
vt 0.88351 0.10557
vt 0.57089 0.66619
vt 0.57781 0.67352
vt 0.88216 0.11863
vt 0.88129 0.12944
vt 0.87768 0.12962
vt 0.88209 0.13376
vt 0.88067 0.13466
vt 0.88446 0.13751
vt 0.09192 0.66674
vt 0.08942 0.66348
vt 0.08959 0.66571
vt 0.0877 0.66878
vt 0.29612 0.03826
vt 0.08402 0.66554
vt 0.08243 0.66289
vt 0.08214 0.66773
vt 0.07831 0.66904
vt 0.07645 0.66275
vt 0.07602 0.66496
vt 0.07593 0.66719
vt 0.07261 0.66311
vt 0.00268 0.04905
vt 0.52974 0.89081
vt 0.52984 0.88393
vt 0.52848 0.86738
vt 0.52833 0.85537
vt 0.52778 0.84998
vt 0.52681 0.84837
vt 0.52687 0.84635
vt 0.52418 0.84047
vt 0.52648 0.84313
vt 0.5264 0.84031
vt 0.92836 0.67817
vt 0.92925 0.67951
vt 0.93196 0.67897
vt 0.93435 0.67875
vt 0.93547 0.67897
vt 0.93837 0.67846
vt 0.93825 0.67727
vt 0.94021 0.67788
vt 0.83322 0.58336
vt 0.98552 0.83957
vt 0.99575 0.83921
vt 0.99394 0.83845
vt 0.98781 0.83807
vt 0.99946 0.83843
vt 0.92926 0.8509
vt 0.93342 0.84844
vt 0.81061 0.46655
vt 0.92716 0.8498
vt 0.96964 0.84615
vt 0.97413 0.84579
vt 0.97667 0.84574
vt 0.9738 0.84325
vt 0.97649 0.84281
vt 0.96682 0.84056
vt 0.96392 0.84153
vt 0.97519 0.84029
vt 0.97356 0.84024
vt 0.96831 0.79455
vt 0.88772 0.08029
vt 0.97409 0.82911
vt 0.38555 0.48207
vt 0.8868 0.08986
vt 0.97587 0.83077
vt 0.96631 0.77352
vt 0.88491 0.11037
vt 0.96463 0.75842
vt 0.88408 0.12252
vt 0.57089 0.69147
vt 0.88422 0.1275
vt 0.88484 0.13049
vt 0.88481 0.13568
vt 0.34963 0.79838
vt 0.34962 0.79619
vt 0.35159 0.79694
vt 0.35139 0.79859
vt 0.11546 0.0339
vt 0.35882 0.7977
vt 0.36103 0.79869
vt 0.361 0.8011
vt 0.36458 0.79945
vt 0.36704 0.80059
vt 0.35167 0.8065
vt 0.36838 0.80329
vt 0.37262 0.80262
vt 0.37087 0.80303
vt 0.13213 0.03597
vt 0.37244 0.80451
vt 0.52946 0.87041
vt 0.37794 0.80542
vt 0.34971 0.81525
vt 0.13931 0.03372
vt 0.35977 0.81406
vt 0.38106 0.80714
vt 0.38234 0.80591
vt 0.38495 0.80759
vt 0.52983 0.8651
vt 0.52913 0.8629
vt 0.52949 0.85917
vt 0.38814 0.80792
vt 0.37008 0.81459
vt 0.37664 0.8098
vt 0.52972 0.85702
vt 0.5295 0.85387
vt 0.35186 0.81576
vt 0.14404 0.03582
vt 0.3842 0.81254
vt 0.40425 0.81107
vt 0.40533 0.81246
vt 0.39039 0.81738
vt 0.40156 0.81484
vt 0.40518 0.81496
vt 0.40753 0.81324
vt 0.40798 0.81524
vt 0.35212 0.82064
vt 0.35959 0.82083
vt 0.36893 0.81812
vt 0.37776 0.81835
vt 0.39676 0.81822
vt 0.40453 0.81795
vt 0.40806 0.81843
vt 0.3499 0.82228
vt 0.14927 0.03378
vt 0.14766 0.03653
vt 0.37602 0.82058
vt 0.39291 0.82087
vt 0.40187 0.82118
vt 0.4087 0.82118
vt 0.353 0.82236
vt 0.86971 0.67669
vt 0.8727 0.67704
vt 0.87175 0.67534
vt 0.89047 0.6752
vt 0.36964 0.82184
vt 0.88939 0.6771
vt 0.38845 0.82169
vt 0.90826 0.67659
vt 0.3931 0.82176
vt 0.40365 0.82228
vt 0.91948 0.67154
vt 0.91294 0.67649
vt 0.92355 0.67665
vt 0.86602 0.58371
vt 0.99417 0.83687
vt 0.99713 0.83572
vt 0.95301 0.21626
vt 0.92459 0.85127
vt 0.92679 0.85153
vt 0.92444 0.84943
vt 0.18391 0.03543
vt 0.18425 0.03315
vt 0.18681 0.03293
vt 0.1867 0.03526
vt 0.95636 0.84879
vt 0.96521 0.85023
vt 0.97051 0.85016
vt 0.9559 0.84458
vt 0.94514 0.83817
vt 0.95111 0.83899
vt 0.95741 0.84101
vt 0.92615 0.83783
vt 0.92388 0.83771
vt 0.20346 0.03306
vt 0.93652 0.83407
vt 0.96018 0.8397
vt 0.20674 0.03536
vt 0.92992 0.83464
vt 0.95256 0.83792
vt 0.94848 0.83621
vt 0.94051 0.83278
vt 0.94447 0.83328
vt 0.9232 0.82703
vt 0.21867 0.03328
vt 0.22087 0.03527
vt 0.93437 0.82888
vt 0.93851 0.82818
vt 0.92335 0.82503
vt 0.2215 0.03267
vt 0.97639 0.81025
vt 0.22434 0.03209
vt 0.22159 0.04101
vt 0.9746 0.80598
vt 0.97685 0.79814
vt 0.97462 0.79885
vt 0.9748 0.79523
vt 0.97756 0.79326
vt 0.97459 0.79245
vt 0.96667 0.74949
vt 0.96628 0.74597
vt 0.97552 0.79046
vt 0.97798 0.79032
vt 0.97706 0.78897
vt 0.88651 0.13158
vt 0.96969 0.78319
vt 0.88773 0.13658
vt 0.88776 0.138
vt 0.72516 0.88071
vt 0.114 0.03811
vt 0.87674 0.67156
vt 0.88986 0.66913
vt 0.90552 0.6689
vt 0.93892 0.67107
vt 0.94039 0.67123
vt 0.83379 0.58255
vt 0.98499 0.83288
vt 0.99934 0.83184
vt 0.54977 0.70428
vt 0.23625 0.05387
vt 0.25487 0.05661
vt 0.97496 0.78623
vt 0.97746 0.78406
vt 0.9748 0.78331
vt 0.97545 0.78197
vt 0.97753 0.78272
vt 0.34134 0.04817
vt 0.02712 0.06039
vt 0.07806 0.05168
vt 0.14943 0.04748
vt 0.86956 0.66298
vt 0.84971 0.57733
vt 0.98672 0.82835
vt 0.18609 0.04549
vt 0.30344 0.82937
vt 0.30363 0.82613
vt 0.30522 0.82734
vt 0.30482 0.82997
vt 0.30548 0.82541
vt 0.28011 0.98216
vt 0.28195 0.98242
vt 0.28124 0.98068
vt 0.27968 0.98081
vt 0.27892 0.97712
vt 0.1026 0.05551
vt 0.13894 0.05188
vt 0.14466 0.05215
vt 0.87534 0.66102
vt 0.93995 0.66862
vt 0.20012 0.05203
vt 0.30796 0.82726
vt 0.27662 0.97855
vt 0.27546 0.97644
vt 0.95393 0.20842
vt 0.30562 0.83134
vt 0.27177 0.98061
vt 0.30535 0.05415
vt 0.74056 0.86327
vt 0.00161 0.06032
vt 0.14783 0.0587
vt 0.88216 0.659
vt 0.93884 0.65406
vt 0.98315 0.8158
vt 0.98421 0.83032
vt 0.11439 0.85976
vt 0.07787 0.85976
vt 0.09252 0.85752
vt 0.31724 0.82709
vt 0.31513 0.82536
vt 0.27046 0.98216
vt 0.72517 0.86535
vt 0.93789 0.65712
vt 0.89442 0.65595
vt 0.98659 0.81505
vt 0.99796 0.81529
vt 0.28108 0.0603
vt 0.26351 0.97662
vt 0.31308 0.05562
vt 0.57759 0.92904
vt 0.56303 0.95257
vt 0.5804 0.9555
vt 0.98382 0.81223
vt 0.99555 0.81475
vt 0.32892 0.82536
vt 0.25668 0.98183
vt 0.25311 0.97868
vt 0.32408 0.06844
vt 0.06187 0.07408
vt 0.87562 0.63812
vt 0.90965 0.64813
vt 0.86612 0.56018
vt 0.85084 0.55741
vt 0.86808 0.54584
vt 0.9447 0.22229
vt 0.94383 0.23758
vt 0.33435 0.827
vt 0.59511 0.92357
vt 0.33969 0.07483
vt 0.34026 0.077
vt 0.18321 0.06034
vt 0.18545 0.07059
vt 0.73937 0.8495
vt 0.003 0.07734
vt 0.09599 0.07453
vt 0.14975 0.07565
vt 0.83398 0.55646
vt 0.30893 0.0697
vt 0.12874 0.07549
vt 0.8696 0.6348
vt 0.87154 0.63532
vt 0.89653 0.63372
vt 0.23909 0.9769
vt 0.72528 0.84541
vt 0.98514 0.80299
vt 0.99076 0.80313
vt 0.99683 0.80224
vt 0.20437 0.08335
vt 0.21973 0.07694
vt 0.5956 0.92666
vt 0.01286 0.0828
vt 0.93766 0.62686
vt 0.88272 0.63742
vt 0.83336 0.54175
vt 0.27089 0.08591
vt 0.93889 0.62949
vt 0.9815 0.79131
vt 0.23806 0.08414
vt 0.79277 0.36171
vt 0.21645 0.98079
vt 0.30148 0.08215
vt 0.90741 0.62685
vt 0.74044 0.83991
vt 0.00189 0.08359
vt 0.10861 0.09228
vt 0.85606 0.52465
vt 0.0374 0.08803
vt 0.47349 0.65557
vt 0.43233 0.65557
vt 0.46015 0.63538
vt 0.88248 0.62703
vt 0.98217 0.78764
vt 0.94459 0.23682
vt 0.98796 0.792
vt 0.99362 0.791
vt 0.14506 0.09116
vt 0.18505 0.09002
vt 0.37093 0.82691
vt 0.21348 0.97908
vt 0.14825 0.0871
vt 0.99535 0.78299
vt 0.36971 0.82543
vt 0.21592 0.98177
vt 0.72807 0.81488
vt 0.14469 0.11183
vt 0.87573 0.61482
vt 0.20454 0.97769
vt 0.5636 0.92456
vt 0.58476 0.90394
vt 0.73933 0.82837
vt 0.98281 0.76547
vt 0.18207 0.11178
vt 0.56207 0.91111
vt 0.00328 0.10845
vt 0.89531 0.6124
vt 0.83403 0.52361
vt 0.84678 0.52298
vt 0.72475 0.79883
vt 0.02742 0.1067
vt 0.0576 0.11803
vt 0.88248 0.61101
vt 0.86615 0.52629
vt 0.94462 0.26448
vt 0.98911 0.76835
vt 0.25351 0.10725
vt 0.37962 0.83134
vt 0.38116 0.8254
vt 0.20447 0.98242
vt 0.52041 0.64941
vt 0.99438 0.76551
vt 0.38127 0.82953
vt 0.37912 0.82687
vt 0.13273 0.11252
vt 0.15035 0.11375
vt 0.86954 0.59667
vt 0.22558 0.10898
vt 0.38378 0.83084
vt 0.38216 0.82683
vt 0.53437 0.9009
vt 0.31958 0.09381
vt 0.33808 0.07738
vt 0.33732 0.10567
vt 0.3255 0.1228
vt 0.33942 0.12171
vt 0.87146 0.60564
vt 0.93892 0.59976
vt 0.97963 0.76166
vt 0.86816 0.52395
vt 0.94395 0.25958
vt 0.20738 0.11875
vt 0.384 0.82739
vt 0.38353 0.8255
vt 0.20247 0.97934
vt 0.20261 0.98147
vt 0.67851 0.21354
vt 0.67613 0.21267
vt 0.67608 0.21047
vt 0.67839 0.20912
vt 0.67644 0.2083
vt 0.67401 0.20856
vt 0.57173 0.88402
vt 0.68367 0.21128
vt 0.68334 0.21354
vt 0.68123 0.21139
vt 0.68327 0.20884
vt 0.33907 0.11065
vt 0.7394 0.79179
vt 0.08295 0.11919
vt 0.72534 0.79083
vt 0.118 0.12716
vt 0.14859 0.11355
vt 0.89783 0.58827
vt 0.18439 0.11484
vt 0.74051 0.79743
vt 0.00232 0.12593
vt 0.10044 0.12669
vt 0.88496 0.5874
vt 0.97963 0.74605
vt 0.01199 0.12608
vt 0.29842 0.10994
vt 0.5956 0.865
vt 0.93526 0.58892
vt 0.87566 0.58635
vt 0.92586 0.58817
vt 0.83329 0.50601
vt 0.93762 0.58822
vt 0.8681 0.50649
vt 0.94356 0.27714
vt 0.98923 0.74877
vt 0.27879 0.13736
vt 0.31233 0.13311
vt 0.85876 0.49959
vt 0.98177 0.74227
vt 0.3372 0.12435
vt 0.83945 0.50207
vt 0.00341 0.12518
vt 0.03208 0.14163
vt 0.93861 0.58223
vt 0.97852 0.74419
vt 0.99334 0.74907
vt 0.2501 0.14873
vt 0.87154 0.58525
vt 0.86624 0.49847
vt 0.18393 0.13661
vt 0.90766 0.57619
vt 0.834 0.48821
vt 0.85154 0.48034
vt 0.28049 0.80737
vt 0.21643 0.82087
vt 0.26195 0.79102
vt 0.12764 0.15557
vt 0.88451 0.56299
vt 0.20002 0.1589
vt 0.33645 0.14876
vt 0.33805 0.16056
vt 0.14529 0.14627
vt 0.14906 0.14671
vt 0.98626 0.72847
vt 0.22183 0.15523
vt 0.83327 0.48083
vt 0.94444 0.30718
vt 0.15103 0.16095
vt 0.87151 0.564
vt 0.86956 0.54945
vt 0.92035 0.56728
vt 0.72532 0.77729
vt 0.74053 0.76722
vt 0.00269 0.15603
vt 0.0626 0.15429
vt 0.08553 0.15916
vt 0.86617 0.47654
vt 0.73944 0.77403
vt 0.93751 0.541
vt 0.86822 0.47501
vt 0.94366 0.30878
vt 0.95257 0.31777
vt 0.99196 0.72676
vt 0.18113 0.15032
vt 0.004 0.17126
vt 0.89783 0.55486
vt 0.10607 0.17039
vt 0.3167 0.16901
vt 0.02184 0.17018
vt 0.84291 0.46487
vt 0.85687 0.45416
vt 0.90916 0.55471
vt 0.95435 0.33214
vt 0.72537 0.76517
vt 0.88506 0.55012
vt 0.93867 0.52771
vt 0.97551 0.68971
vt 0.98386 0.69638
vt 0.98892 0.71444
vt 0.72471 0.72715
vt 0.87153 0.54886
vt 0.87551 0.55192
vt 0.28525 0.16977
vt 0.04145 0.17535
vt 0.86627 0.46586
vt 0.33581 0.1829
vt 0.73936 0.75328
vt 0.13656 0.17915
vt 0.14515 0.17459
vt 0.9771 0.69665
vt 0.86829 0.46714
vt 0.94519 0.31651
vt 0.94374 0.31669
vt 0.18318 0.17074
vt 0.72884 0.75558
vt 0.15951 0.14994
vt 0.16424 0.19559
vt 0.17016 0.14347
vt 0.17777 0.15168
vt 0.83409 0.44733
vt 0.99033 0.69842
vt 0.30247 0.79506
vt 0.89468 0.52504
vt 0.90624 0.52761
vt 0.18032 0.18617
vt 0.33794 0.18914
vt 0.1494 0.17969
vt 0.0548 0.81713
vt 0.83333 0.43653
vt 0.86822 0.4281
vt 0.94348 0.35594
vt 0.18271 0.19071
vt 0.94556 0.36902
vt 0.31145 0.20146
vt 0.74042 0.73076
vt 0.0031 0.19236
vt 0.87601 0.51518
vt 0.31641 0.77464
vt 0.12067 0.19772
vt 0.33733 0.188
vt 0.00423 0.19208
vt 0.01386 0.17807
vt 0.07222 0.1995
vt 0.88447 0.51678
vt 0.98937 0.67801
vt 0.32201 0.74981
vt 0.28488 0.20182
vt 0.72535 0.73255
vt 0.73938 0.72518
vt 0.84969 0.43536
vt 0.97886 0.67768
vt 0.95249 0.3625
vt 0.34002 0.79757
vt 0.29297 0.82045
vt 0.17777 0.11556
vt 0.97642 0.68052
vt 0.86617 0.4301
vt 0.85881 0.42831
vt 0.98572 0.67788
vt 0.21465 0.19729
vt 0.23083 0.17372
vt 0.25348 0.18973
vt 0.14679 0.20254
vt 0.89706 0.50279
vt 0.33538 0.20254
vt 0.0379 0.20474
vt 0.83416 0.41441
vt 0.34211 0.82087
vt 0.32321 0.21286
vt 0.01915 0.20607
vt 0.13703 0.21431
vt 0.14974 0.21198
vt 0.29891 0.83289
vt 0.32599 0.83433
vt 0.24221 0.83433
vt 0.25219 0.83283
vt 0.86956 0.49149
vt 0.18234 0.21494
vt 0.24616 0.21145
vt 0.01422 0.22876
vt 0.87152 0.50248
vt 0.88511 0.50106
vt 0.91592 0.50383
vt 0.84518 0.4158
vt 0.82975 0.05722
vt 0.82688 0.06179
vt 0.82653 0.08631
vt 0.7285 0.71032
vt 0.10388 0.22873
vt 0.95407 0.37414
vt 0.72536 0.70592
vt 0.08101 0.2233
vt 0.9758 0.66174
vt 0.83339 0.41312
vt 0.98288 0.66148
vt 0.98865 0.66069
vt 0.23002 0.22638
vt 0.87649 0.50117
vt 0.93834 0.49669
vt 0.97405 0.65867
vt 0.82975 0.09162
vt 0.89965 0.48056
vt 0.85758 0.40962
vt 0.26733 0.23358
vt 0.33459 0.23089
vt 0.33616 0.24349
vt 0.88518 0.48651
vt 0.92849 0.48041
vt 0.87159 0.48798
vt 0.93708 0.48844
vt 0.95241 0.38369
vt 0.73934 0.69116
vt 0.0356 0.232
vt 0.87641 0.48781
vt 0.98597 0.64491
vt 0.51933 0.96223
vt 0.54619 0.96005
vt 0.52725 0.92012
vt 0.72905 0.69191
vt 0.74037 0.6748
vt 0.00378 0.24812
vt 0.86623 0.39335
vt 0.21347 0.23295
vt 0.33667 0.24659
vt 0.00484 0.24188
vt 0.12506 0.24337
vt 0.93841 0.47617
vt 0.97339 0.63806
vt 0.97496 0.63807
vt 0.97789 0.64144
vt 0.98761 0.62467
vt 0.15014 0.24345
vt 0.15174 0.21887
vt 0.89917 0.47051
vt 0.93701 0.47072
vt 0.17941 0.2201
vt 0.18143 0.25029
vt 0.17886 0.25161
vt 0.19533 0.25215
vt 0.30068 0.24225
vt 0.32095 0.24978
vt 0.05968 0.25192
vt 0.18762 0.82536
vt 0.20462 0.83283
vt 0.10687 0.83283
vt 0.14669 0.27023
vt 0.8465 0.38209
vt 0.86833 0.36587
vt 0.94335 0.41847
vt 0.54619 0.91062
vt 0.88395 0.46823
vt 0.83318 0.37787
vt 0.14122 0.25688
vt 0.97456 0.62017
vt 0.12615 0.82862
vt 0.8762 0.4642
vt 0.95405 0.41069
vt 0.25158 0.25476
vt 0.73938 0.66977
vt 0.09296 0.26119
vt 0.91613 0.45938
vt 0.95239 0.41667
vt 0.9816 0.62249
vt 0.72532 0.64058
vt 0.7247 0.6566
vt 0.72799 0.66112
vt 0.9349 0.44638
vt 0.83402 0.37513
vt 0.85467 0.37415
vt 0.86175 0.37245
vt 0.33404 0.25942
vt 0.01403 0.25111
vt 0.15216 0.26518
vt 0.87154 0.44168
vt 0.86962 0.44516
vt 0.89365 0.45797
vt 0.21164 0.27192
vt 0.23098 0.26384
vt 0.00525 0.27596
vt 0.021 0.27136
vt 0.93843 0.44753
vt 0.97261 0.60929
vt 0.9453 0.42108
vt 0.885 0.44451
vt 0.93705 0.44828
vt 0.28208 0.2688
vt 0.01466 0.27505
vt 0.84881 0.35705
vt 0.87598 0.43779
vt 0.98736 0.60357
vt 0.73499 0.65745
vt 0.7403 0.65335
vt 0.00412 0.26948
vt 0.03356 0.28403
vt 0.13005 0.28293
vt 0.83401 0.36369
vt 0.86625 0.35769
vt 0.97437 0.60587
vt 0.73934 0.65184
vt 0.05013 0.27584
vt 0.91264 0.44401
vt 0.95675 0.42354
vt 0.18094 0.27084
vt 0.30969 0.28263
vt 0.1505 0.28894
vt 0.89609 0.43112
vt 0.98099 0.60228
vt 0.93694 0.43419
vt 0.93822 0.4427
vt 0.94024 0.44414
vt 0.08482 0.28799
vt 0.93682 0.44134
vt 0.85797 0.34687
vt 0.25775 0.29012
vt 0.33501 0.28942
vt 0.10913 0.30118
vt 0.93828 0.4345
vt 0.33338 0.28955
vt 0.33562 0.29052
vt 0.72879 0.62657
vt 0.88906 0.4279
vt 0.84257 0.34665
vt 0.8634 0.3349
vt 0.95399 0.45222
vt 0.94021 0.43084
vt 0.95658 0.45673
vt 0.86835 0.31552
vt 0.94305 0.46908
vt 0.17839 0.28976
vt 0.73585 0.63407
vt 0.91877 0.4294
vt 0.93548 0.43272
vt 0.9744 0.59249
vt 0.97712 0.5872
vt 0.9872 0.57816
vt 0.181 0.28935
vt 0.14712 0.29027
vt 0.83401 0.33053
vt 0.46164 0.93883
vt 0.48389 0.94129
vt 0.46464 0.91068
vt 0.01535 0.32487
vt 0.15248 0.29293
vt 0.88361 0.42215
vt 0.93839 0.42246
vt 0.95218 0.46376
vt 0.22954 0.29713
vt 0.29348 0.29751
vt 0.87719 0.41935
vt 0.90669 0.41857
vt 0.85878 0.33119
vt 0.07135 0.31224
vt 0.87171 0.41986
vt 0.93515 0.42036
vt 0.89545 0.41627
vt 0.91563 0.41605
vt 0.86626 0.32805
vt 0.19281 0.29225
vt 0.02524 0.32251
vt 0.04271 0.30637
vt 0.88761 0.41626
vt 0.84385 0.32435
vt 0.14254 0.29776
vt 0.15078 0.29381
vt 0.91157 0.41627
vt 0.92857 0.41353
vt 0.1855 0.29381
vt 0.14705 0.29742
vt 0.81354 0.09272
vt 0.8138 0.08901
vt 0.81407 0.08125
vt 0.15005 0.29603
vt 0.81484 0.10332
vt 0.91722 0.41516
vt 0.92162 0.41343
vt 0.93521 0.40883
vt 0.97694 0.56171
vt 0.94503 0.4704
vt 0.76155 0.72985
vt 0.76282 0.731
vt 0.20668 0.18743
vt 0.21169 0.30469
vt 0.44415 0.90832
vt 0.7358 0.60915
vt 0.74029 0.59872
vt 0.00473 0.32392
vt 0.12918 0.30762
vt 0.81042 0.09513
vt 0.81054 0.09116
vt 0.81089 0.08199
vt 0.81125 0.07639
vt 0.8113 0.07364
vt 0.45023 0.7653
vt 0.4449 0.76552
vt 0.44711 0.76464
vt 0.44507 0.76391
vt 0.15009 0.29826
vt 0.81167 0.10359
vt 0.44154 0.7646
vt 0.4427 0.76276
vt 0.43878 0.76273
vt 0.47959 0.69107
vt 0.48281 0.69147
vt 0.48279 0.69011
vt 0.4797 0.68987
vt 0.48245 0.68848
vt 0.48111 0.68787
vt 0.18554 0.30012
vt 0.48281 0.68699
vt 0.33239 0.32386
vt 0.48137 0.76525
vt 0.47907 0.76367
vt 0.47548 0.76548
vt 0.47211 0.76353
vt 0.46213 0.76516
vt 0.46184 0.76342
vt 0.45416 0.76531
vt 0.45057 0.76345
vt 0.44609 0.76305
vt 0.15089 0.30035
vt 0.49356 0.76419
vt 0.4916 0.76215
vt 0.15258 0.29932
vt 0.44521 0.76187
vt 0.44363 0.76065
vt 0.89313 0.81801
vt 0.89368 0.81918
vt 0.89582 0.81803
vt 0.89404 0.8257
vt 0.89668 0.82615
vt 0.89456 0.83623
vt 0.89742 0.8379
vt 0.89407 0.83904
vt 0.89567 0.83921
vt 0.89903 0.83986
vt 0.89679 0.84106
vt 0.8991 0.83825
vt 0.18844 0.3054
vt 0.72468 0.59577
vt 0.73931 0.60878
vt 0.0059 0.33185
vt 0.15023 0.30457
vt 0.48093 0.7621
vt 0.47392 0.76113
vt 0.46895 0.76169
vt 0.46109 0.76174
vt 0.44838 0.76028
vt 0.1525 0.30088
vt 0.48679 0.7607
vt 0.8698 0.40949
vt 0.87157 0.41073
vt 0.87625 0.40962
vt 0.87184 0.40798
vt 0.88401 0.40846
vt 0.47373 0.76036
vt 0.88867 0.41082
vt 0.89678 0.40835
vt 0.46745 0.76038
vt 0.89466 0.41007
vt 0.91366 0.40986
vt 0.91841 0.41033
vt 0.92278 0.40694
vt 0.94013 0.39958
vt 0.97443 0.5611
vt 0.17847 0.30073
vt 0.18031 0.30404
vt 0.76662 0.73438
vt 0.8954 0.8104
vt 0.89386 0.81351
vt 0.89779 0.8124
vt 0.89903 0.81413
vt 0.89892 0.81805
vt 0.89874 0.82488
vt 0.89957 0.83568
vt 0.09262 0.33212
vt 0.15268 0.30725
vt 0.87166 0.40537
vt 0.86962 0.40311
vt 0.90471 0.39888
vt 0.85276 0.30327
vt 0.17788 0.30557
vt 0.31601 0.31825
vt 0.91848 0.39633
vt 0.93542 0.38814
vt 0.93838 0.38472
vt 0.8662 0.29126
vt 0.9873 0.56166
vt 0.25586 0.31997
vt 0.28935 0.32194
vt 0.33384 0.34179
vt 0.88473 0.39794
vt 0.83325 0.32867
vt 0.83423 0.31688
vt 0.14694 0.32267
vt 0.87157 0.39753
vt 0.17976 0.32565
vt 0.20963 0.32482
vt 0.33426 0.34981
vt 0.73319 0.58787
vt 0.15099 0.32795
vt 0.86123 0.30313
vt 0.87683 0.38601
vt 0.88448 0.38538
vt 0.89567 0.38941
vt 0.8334 0.29902
vt 0.83844 0.3029
vt 0.95393 0.48401
vt 0.17713 0.33251
vt 0.24088 0.33394
vt 0.45533 0.87342
vt 0.4767 0.88253
vt 0.13376 0.33414
vt 0.94017 0.38351
vt 0.83412 0.28906
vt 0.97654 0.54534
vt 0.97457 0.54494
vt 0.95205 0.50271
vt 0.72537 0.5919
vt 0.15326 0.33929
vt 0.86956 0.37105
vt 0.98752 0.54508
vt 0.03654 0.34379
vt 0.30832 0.34314
vt 0.90848 0.37693
vt 0.73941 0.574
vt 0.06908 0.35437
vt 0.94501 0.49617
vt 0.17935 0.33786
vt 0.10593 0.35255
vt 0.87173 0.36466
vt 0.01526 0.34667
vt 0.89987 0.36383
vt 0.93817 0.37134
vt 0.93532 0.37218
vt 0.28079 0.34946
vt 0.31946 0.35356
vt 0.92682 0.36531
vt 0.84596 0.28564
vt 0.85842 0.28557
vt 0.48389 0.84854
vt 0.72471 0.56822
vt 0.88475 0.3643
vt 0.93982 0.36394
vt 0.86823 0.27539
vt 0.97541 0.52527
vt 0.9781 0.52669
vt 0.9431 0.50942
vt 0.98364 0.52595
vt 0.98747 0.52648
vt 0.332 0.35322
vt 0.19706 0.35697
vt 0.72874 0.57359
vt 0.74045 0.57313
vt 0.75027 0.11032
vt 0.75027 0.08414
vt 0.74812 0.09229
vt 0.00469 0.34941
vt 0.00594 0.3589
vt 0.72532 0.55705
vt 0.14013 0.36296
vt 0.15161 0.37558
vt 0.897 0.35595
vt 0.83423 0.26013
vt 0.95396 0.53308
vt 0.22199 0.35763
vt 0.83327 0.27628
vt 0.23922 0.36723
vt 0.12405 0.36516
vt 0.86614 0.2637
vt 0.60752 0.98317
vt 0.57089 0.98317
vt 0.63749 0.97124
vt 0.59755 0.96971
vt 0.92238 0.35085
vt 0.93535 0.35305
vt 0.93815 0.3534
vt 0.17884 0.36526
vt 0.15362 0.36731
vt 0.87161 0.34623
vt 0.86952 0.34302
vt 0.85524 0.26816
vt 0.17615 0.36771
vt 0.34318 0.78412
vt 0.3678 0.79544
vt 0.38292 0.7543
vt 0.73943 0.54102
vt 0.88456 0.34723
vt 0.83753 0.25341
vt 0.98081 0.49089
vt 0.98868 0.49528
vt 0.27287 0.37867
vt 0.72867 0.5494
vt 0.74053 0.54464
vt 0.0051 0.3778
vt 0.04998 0.37166
vt 0.33328 0.37021
vt 0.89736 0.32967
vt 0.92701 0.33342
vt 0.93534 0.33629
vt 0.34691 0.75431
vt 0.97476 0.10509
vt 0.96187 0.10582
vt 0.96593 0.12441
vt 0.96379 0.12281
vt 0.02356 0.36972
vt 0.93811 0.33529
vt 0.98477 0.48932
vt 0.9898 0.87846
vt 0.95695 0.89061
vt 0.9898 0.92184
vt 0.88397 0.33537
vt 0.83337 0.24773
vt 0.38292 0.78741
vt 0.00624 0.38291
vt 0.87162 0.33399
vt 0.9769 0.48562
vt 0.20708 0.39132
vt 0.95113 0.90819
vt 0.85889 0.2349
vt 0.86615 0.2456
vt 0.86825 0.24653
vt 0.32097 0.39398
vt 0.33155 0.37184
vt 0.85108 0.23468
vt 0.95208 0.54366
vt 0.72881 0.53599
vt 0.03372 0.39439
vt 0.07613 0.40078
vt 0.10168 0.39074
vt 0.14236 0.3897
vt 0.93528 0.31495
vt 0.97469 0.49652
vt 0.26262 0.39728
vt 0.30678 0.38523
vt 0.72467 0.52172
vt 0.15401 0.39244
vt 0.8695 0.31788
vt 0.93814 0.31634
vt 0.97544 0.47749
vt 0.83402 0.2312
vt 0.84081 0.22923
vt 0.17843 0.38856
vt 0.0176 0.41514
vt 0.88327 0.314
vt 0.72539 0.51803
vt 0.17551 0.39856
vt 0.22757 0.40825
vt 0.13153 0.41765
vt 0.8716 0.31341
vt 0.92728 0.31474
vt 0.33045 0.41278
vt 0.89664 0.31272
vt 0.2977 0.40751
vt 0.33272 0.42536
vt 0.7394 0.51845
vt 0.05887 0.41108
vt 0.98216 0.46694
vt 0.98588 0.46728
vt 0.98978 0.47002
vt 0.72849 0.51623
vt 0.15192 0.40475
vt 0.85028 0.21539
vt 0.97476 0.1739
vt 0.33223 0.42163
vt 0.74046 0.50285
vt 0.00547 0.41944
vt 0.00667 0.41161
vt 0.15391 0.41333
vt 0.86954 0.29698
vt 0.9243 0.28903
vt 0.97749 0.46808
vt 0.83325 0.21657
vt 0.86825 0.20281
vt 0.94256 0.58239
vt 0.94363 0.56935
vt 0.17792 0.41477
vt 0.19782 0.42392
vt 0.83419 0.22015
vt 0.86615 0.2163
vt 0.26328 0.42777
vt 0.73944 0.50034
vt 0.02653 0.43738
vt 0.87157 0.2928
vt 0.88534 0.29203
vt 0.93987 0.30694
vt 0.11871 0.42852
vt 0.14726 0.43054
vt 0.9763 0.45726
vt 0.97828 0.45252
vt 0.85758 0.21077
vt 0.97976 0.45529
vt 0.99018 0.45779
vt 0.31239 0.4339
vt 0.72474 0.48839
vt 0.72927 0.49989
vt 0.8395 0.20725
vt 0.17553 0.42426
vt 0.00684 0.43212
vt 0.83429 0.20739
vt 0.89669 0.2875
vt 0.05426 0.43248
vt 0.09613 0.43144
vt 0.9382 0.26991
vt 0.97751 0.43094
vt 0.86622 0.19475
vt 0.15243 0.44736
vt 0.88534 0.27659
vt 0.91515 0.28198
vt 0.95589 0.57999
vt 0.98435 0.41996
vt 0.22287 0.43714
vt 0.1543 0.44657
vt 0.86959 0.26374
vt 0.87155 0.27656
vt 0.85476 0.19566
vt 0.32993 0.44625
vt 0.14342 0.4453
vt 0.84068 0.19288
vt 0.89813 0.266
vt 0.92538 0.26814
vt 0.0871 0.45852
vt 0.83435 0.18946
vt 0.98829 0.41539
vt 0.99117 0.41743
vt 0.29944 0.45671
vt 0.7287 0.46401
vt 0.73931 0.47441
vt 0.9369 0.26715
vt 0.83316 0.18331
vt 0.47506 0.70342
vt 0.46778 0.71191
vt 0.49248 0.69147
vt 0.72529 0.47039
vt 0.05345 0.45878
vt 0.10782 0.45868
vt 0.94334 0.60644
vt 0.88422 0.2574
vt 0.9817 0.41347
vt 0.27419 0.45976
vt 0.74052 0.45999
vt 0.00595 0.46214
vt 0.49248 0.71391
vt 0.19904 0.45685
vt 0.24343 0.45857
vt 0.12772 0.44963
vt 0.87153 0.25907
vt 0.85756 0.17528
vt 0.17741 0.44069
vt 0.86826 0.17642
vt 0.94224 0.60893
vt 0.17476 0.45872
vt 0.0071 0.46487
vt 0.01901 0.46468
vt 0.93691 0.24224
vt 0.84313 0.17019
vt 0.86624 0.17743
vt 0.33143 0.46611
vt 0.62879 0.00112
vt 0.56445 0.00112
vt 0.56967 0.00037
vt 0.03035 0.47368
vt 0.98094 0.39506
vt 0.92685 0.24316
vt 0.31356 0.47143
vt 0.72469 0.44055
vt 0.73945 0.45868
vt 0.1323 0.47132
vt 0.15271 0.47668
vt 0.89781 0.25152
vt 0.86629 0.15349
vt 0.17688 0.47608
vt 0.22033 0.47031
vt 0.66327 0.00045
vt 0.04187 0.48608
vt 0.87162 0.23885
vt 0.87654 0.23896
vt 0.95577 0.61759
vt 0.32952 0.47498
vt 0.7253 0.43538
vt 0.73644 0.44496
vt 0.84299 0.15078
vt 0.88435 0.23343
vt 0.94324 0.63688
vt 0.72845 0.44114
vt 0.14436 0.4874
vt 0.15446 0.484
vt 0.86961 0.22634
vt 0.89867 0.23683
vt 0.91338 0.23635
vt 0.93841 0.22593
vt 0.93723 0.21543
vt 0.97969 0.38693
vt 0.86827 0.14344
vt 0.94222 0.6421
vt 0.24926 0.4861
vt 0.01757 0.49669
vt 0.85722 0.13914
vt 0.98405 0.38883
vt 0.8716 0.21858
vt 0.98972 0.38876
vt 0.17463 0.48816
vt 0.18594 0.48681
vt 0.29975 0.48982
vt 0.74038 0.4297
vt 0.00613 0.49233
vt 0.14508 0.71384
vt 0.12728 0.75954
vt 0.16058 0.75574
vt 0.04721 0.51251
vt 0.08228 0.50153
vt 0.14945 0.49083
vt 0.83619 0.12474
vt 0.00753 0.50128
vt 0.09878 0.50473
vt 0.11344 0.4957
vt 0.91793 0.21384
vt 0.95542 0.66006
vt 0.86618 0.14097
vt 0.1765 0.48848
vt 0.17977 0.48791
vt 0.73933 0.42625
vt 0.16058 0.70868
vt 0.20661 0.50083
vt 0.22965 0.50708
vt 0.28295 0.49707
vt 0.30754 0.50655
vt 0.72836 0.41902
vt 0.13614 0.50004
vt 0.88287 0.21454
vt 0.89607 0.21309
vt 0.98189 0.3771
vt 0.87571 0.21597
vt 0.93873 0.2151
vt 0.98039 0.3761
vt 0.98501 0.37685
vt 0.99012 0.37784
vt 0.33049 0.51218
vt 0.33152 0.48997
vt 0.94455 0.67141
vt 0.25289 0.51737
vt 0.86834 0.10835
vt 0.94214 0.67741
vt 0.83931 0.12187
vt 0.14343 0.52506
vt 0.03706 0.681
vt 0.03491 0.68848
vt 0.03706 0.72064
vt 0.86974 0.19469
vt 0.99537 0.34278
vt 0.28471 0.51005
vt 0.76488 0.20133
vt 0.76218 0.20052
vt 0.76531 0.1998
vt 0.56015 0.86968
vt 0.98451 0.86218
vt 0.98305 0.86089
vt 0.98096 0.86289
vt 0.98048 0.85976
vt 0.72525 0.39488
vt 0.92421 0.01758
vt 0.92471 0.01986
vt 0.53222 0.7775
vt 0.53117 0.77992
vt 0.52812 0.77786
vt 0.5291 0.78048
vt 0.52646 0.77924
vt 0.06413 0.51894
vt 0.15311 0.52303
vt 0.15471 0.51567
vt 0.88355 0.19528
vt 0.92621 0.20503
vt 0.93856 0.19465
vt 0.98148 0.35568
vt 0.86624 0.10622
vt 0.19588 0.51918
vt 0.76356 0.19778
vt 0.9855 0.86384
vt 0.98131 0.86478
vt 0.98324 0.86593
vt 0.9779 0.86274
vt 0.9768 0.86151
vt 0.32864 0.51018
vt 0.00779 0.5272
vt 0.03435 0.51772
vt 0.5279 0.77556
vt 0.94302 0.67326
vt 0.29746 0.51074
vt 0.33082 0.52373
vt 0.91148 0.18881
vt 0.96711 0.86854
vt 0.72464 0.37948
vt 0.74046 0.39977
vt 0.00655 0.52215
vt 0.91919 0.02657
vt 0.91707 0.02666
vt 0.52083 0.76991
vt 0.52028 0.77063
vt 0.5191 0.77191
vt 0.51619 0.77243
vt 0.89969 0.19721
vt 0.98576 0.34391
vt 0.97118 0.87194
vt 0.96756 0.87039
vt 0.09076 0.92034
vt 0.07895 0.92034
vt 0.08049 0.91436
vt 0.31046 0.51198
vt 0.87567 0.19504
vt 0.98366 0.34798
vt 0.85676 0.1059
vt 0.98874 0.34237
vt 0.17353 0.54265
vt 0.17898 0.53722
vt 0.18385 0.54058
vt 0.75711 0.19025
vt 0.97329 0.8728
vt 0.2916 0.51559
vt 0.08808 0.9147
vt 0.94227 0.89057
vt 0.29735 0.51587
vt 0.30379 0.51439
vt 0.31158 0.51648
vt 0.01574 0.53658
vt 0.02998 0.53736
vt 0.11644 0.52618
vt 0.9923 0.34185
vt 0.17569 0.52896
vt 0.23023 0.53971
vt 0.27977 0.52732
vt 0.28693 0.51943
vt 0.29641 0.51797
vt 0.32474 0.52395
vt 0.7394 0.39117
vt 0.91203 0.03564
vt 0.49092 0.75275
vt 0.07858 0.53248
vt 0.74836 0.17936
vt 0.95973 0.88266
vt 0.30094 0.52022
vt 0.35687 0.01115
vt 0.35714 0.01758
vt 0.34855 0.01758
vt 0.33009 0.52913
vt 0.72803 0.38859
vt 0.90836 0.03729
vt 0.49971 0.75641
vt 0.50773 0.7606
vt 0.04769 0.53297
vt 0.87577 0.17869
vt 0.29528 0.5222
vt 0.35309 0.00411
vt 0.15015 0.54066
vt 0.15501 0.53609
vt 0.89523 0.1742
vt 0.26162 0.54165
vt 0.94469 0.89109
vt 0.94046 0.88953
vt 0.29576 0.52707
vt 0.30087 0.52736
vt 0.88346 0.72702
vt 0.90816 0.72962
vt 0.88481 0.71668
vt 0.3283 0.53366
vt 0.84059 0.09388
vt 0.20655 0.53553
vt 0.93844 0.16641
vt 0.94029 0.18688
vt 0.8662 0.0932
vt 0.29671 0.53807
vt 0.09463 0.54517
vt 0.76531 0.43805
vt 0.78171 0.39903
vt 0.7925 0.42265
vt 0.86973 0.17428
vt 0.88287 0.17429
vt 0.91885 0.1693
vt 0.86827 0.07641
vt 0.94242 0.70955
vt 0.94345 0.70665
vt 0.94073 0.88723
vt 0.30294 0.53746
vt 0.74044 0.36566
vt 0.00695 0.55613
vt 0.90063 0.04696
vt 0.49569 0.75255
vt 0.48919 0.755
vt 0.8553 0.06579
vt 0.09862 0.59948
vt 0.14339 0.60948
vt 0.12211 0.62191
vt 0.73974 0.1687
vt 0.74059 0.25908
vt 0.75994 0.25916
vt 0.74074 0.25692
vt 0.84409 0.0682
vt 0.4917 0.75131
vt 0.15335 0.54682
vt 0.94039 0.16342
vt 0.98478 0.32459
vt 0.28358 0.54805
vt 0.49042 0.74971
vt 0.48266 0.75034
vt 0.04806 0.55525
vt 0.4869 0.75513
vt 0.81933 0.42553
vt 0.80158 0.45443
vt 0.82116 0.4418
vt 0.83661 0.06634
vt 0.99384 0.31622
vt 0.17541 0.55009
vt 0.29683 0.54474
vt 0.73934 0.36456
vt 0.48527 0.74943
vt 0.47961 0.75016
vt 0.79029 0.45246
vt 0.87569 0.16407
vt 0.88171 0.16363
vt 0.98707 0.31545
vt 0.98998 0.31591
vt 0.99686 0.31617
vt 0.73698 0.16436
vt 0.73308 0.25916
vt 0.94155 0.89617
vt 0.93915 0.89542
vt 0.93549 0.89167
vt 0.89717 0.05638
vt 0.89479 0.05595
vt 0.48351 0.74718
vt 0.07096 0.5551
vt 0.15517 0.55215
vt 0.86976 0.15824
vt 0.21016 0.55541
vt 0.08628 0.62006
vt 0.93455 0.89696
vt 0.93518 0.8941
vt 0.72521 0.36515
vt 0.01797 0.56624
vt 0.47923 0.74665
vt 0.47716 0.7467
vt 0.47707 0.74891
vt 0.76843 0.45662
vt 0.86604 0.06616
vt 0.18454 0.55331
vt 0.73555 0.16164
vt 0.93922 0.8988
vt 0.9367 0.89784
vt 0.93224 0.89472
vt 0.30032 0.55003
vt 0.89543 0.06062
vt 0.89361 0.05967
vt 0.47892 0.74501
vt 0.47384 0.74768
vt 0.8181 0.45172
vt 0.15017 0.55077
vt 0.89222 0.15816
vt 0.92934 0.15743
vt 0.92211 0.15575
vt 0.95553 0.71824
vt 0.17686 0.55779
vt 0.06284 0.62191
vt 0.27141 0.55641
vt 0.93608 0.90076
vt 0.93393 0.90096
vt 0.93234 0.89624
vt 0.00842 0.56826
vt 0.47472 0.74436
vt 0.47405 0.74548
vt 0.47135 0.74804
vt 0.46912 0.74726
vt 0.8796 0.15411
vt 0.93499 0.15029
vt 0.9384 0.15243
vt 0.94966 0.7168
vt 0.99897 0.31617
vt 0.2172 0.5611
vt 0.98982 0.15138
vt 0.93574 0.90385
vt 0.9312 0.90518
vt 0.9314 0.90012
vt 0.92969 0.89972
vt 0.32755 0.56177
vt 0.89357 0.06444
vt 0.89205 0.06248
vt 0.46966 0.74366
vt 0.46251 0.74524
vt 0.46668 0.74765
vt 0.46347 0.74711
vt 0.15331 0.55537
vt 0.91095 0.15405
vt 0.22504 0.56088
vt 0.99354 0.14577
vt 0.7305 0.15247
vt 0.9357 0.90618
vt 0.93311 0.90802
vt 0.93536 0.90842
vt 0.90816 0.69073
vt 0.89591 0.06818
vt 0.89235 0.06829
vt 0.86404 0.67422
vt 0.86065 0.67203
vt 0.86068 0.67727
vt 0.86433 0.67981
vt 0.46087 0.74358
vt 0.45917 0.7467
vt 0.10329 0.56282
vt 0.12332 0.55557
vt 0.12264 0.5685
vt 0.81635 0.45662
vt 0.14991 0.55572
vt 0.89383 0.15401
vt 0.9398 0.15057
vt 0.98503 0.31176
vt 0.96402 0.06993
vt 0.93931 0.06993
vt 0.9501 0.06844
vt 0.19916 0.55833
vt 0.9351 0.91151
vt 0.93036 0.91143
vt 0.92891 0.90321
vt 0.89482 0.07245
vt 0.89257 0.07171
vt 0.86167 0.6845
vt 0.86602 0.68438
vt 0.4625 0.74256
vt 0.45249 0.74523
vt 0.45317 0.74732
vt 0.0835 0.56614
vt 0.12832 0.5583
vt 0.1349 0.55583
vt 0.14041 0.55819
vt 0.94261 0.98691
vt 0.94468 0.98491
vt 0.93931 0.98451
vt 0.94261 0.98317
vt 0.83298 0.06779
vt 0.83414 0.06705
vt 0.86842 0.06487
vt 0.94284 0.72116
vt 0.98793 0.313
vt 0.9956 0.31311
vt 0.99902 0.31187
vt 0.17363 0.55968
vt 0.20925 0.55831
vt 0.93316 0.91594
vt 0.92859 0.90651
vt 0.46891 0.954
vt 0.46026 0.97441
vt 0.47959 0.96958
vt 0.47959 0.99289
vt 0.29421 0.56257
vt 0.30885 0.56923
vt 0.45099 0.74449
vt 0.44833 0.74934
vt 0.43696 0.75364
vt 0.43736 0.75521
vt 0.41166 0.76773
vt 0.41107 0.77
vt 0.12441 0.56107
vt 0.12808 0.56037
vt 0.384 0.42702
vt 0.38699 0.43043
vt 0.38621 0.43157
vt 0.38873 0.4344
vt 0.38878 0.43929
vt 0.13095 0.55963
vt 0.38882 0.44155
vt 0.39104 0.44233
vt 0.39048 0.44667
vt 0.39174 0.44503
vt 0.13987 0.55943
vt 0.15156 0.55933
vt 0.55686 0.77973
vt 0.94404 0.72368
vt 0.98811 0.31152
vt 0.17577 0.56011
vt 0.18952 0.56036
vt 0.20748 0.55988
vt 0.21075 0.56053
vt 0.2137 0.56216
vt 0.95678 0.93423
vt 0.941 0.92307
vt 0.9422 0.92183
vt 0.23149 0.57283
vt 0.92857 0.91001
vt 0.72509 0.347
vt 0.73935 0.34285
vt 0.86213 0.68888
vt 0.87175 0.68975
vt 0.45792 0.74233
vt 0.45132 0.74305
vt 0.4398 0.74949
vt 0.40789 0.76732
vt 0.39093 0.42075
vt 0.39359 0.42531
vt 0.12742 0.5621
vt 0.1263 0.56298
vt 0.38402 0.42043
vt 0.39079 0.42872
vt 0.39183 0.43353
vt 0.39479 0.43924
vt 0.39431 0.44377
vt 0.39911 0.77193
vt 0.39178 0.77919
vt 0.38928 0.78048
vt 0.38864 0.77874
vt 0.9192 0.1476
vt 0.92512 0.14789
vt 0.93634 0.14931
vt 0.84154 0.05945
vt 0.85371 0.76386
vt 0.84997 0.76401
vt 0.84972 0.76605
vt 0.85213 0.76865
vt 0.85061 0.77188
vt 0.84909 0.7733
vt 0.85215 0.77382
vt 0.9825 0.9571
vt 0.9951 0.09192
vt 0.97242 0.95042
vt 0.96513 0.94693
vt 0.2118 0.56299
vt 0.95752 0.94032
vt 0.94429 0.92896
vt 0.27334 0.57076
vt 0.93306 0.91875
vt 0.93069 0.91764
vt 0.92873 0.91261
vt 0.86467 0.69348
vt 0.86229 0.69518
vt 0.87168 0.69586
vt 0.4459 0.745
vt 0.43921 0.74808
vt 0.41501 0.76177
vt 0.12634 0.56562
vt 0.39146 0.41904
vt 0.40346 0.7678
vt 0.39448 0.42916
vt 0.39511 0.43245
vt 0.39635 0.44267
vt 0.89087 0.74656
vt 0.89126 0.74557
vt 0.88688 0.74706
vt 0.39744 0.44664
vt 0.39782 0.44863
vt 0.3946 0.77248
vt 0.38722 0.77786
vt 0.91881 0.14622
vt 0.9229 0.14691
vt 0.83373 0.05692
vt 0.865 0.76506
vt 0.86476 0.76364
vt 0.85611 0.76511
vt 0.8675 0.76355
vt 0.86529 0.76911
vt 0.85469 0.77242
vt 0.8667 0.77486
vt 0.86321 0.77351
vt 0.86459 0.77517
vt 0.86085 0.77492
vt 0.85598 0.77442
vt 0.98107 0.96223
vt 0.97836 0.96031
vt 0.96865 0.95246
vt 0.9607 0.94545
vt 0.21139 0.56785
vt 0.9549 0.94035
vt 0.94503 0.93163
vt 0.9354 0.92358
vt 0.82005 0.38118
vt 0.81174 0.38262
vt 0.61793 0.61051
vt 0.62317 0.60786
vt 0.62475 0.60852
vt 0.63216 0.60696
vt 0.63183 0.60805
vt 0.63967 0.60773
vt 0.63734 0.60869
vt 0.05348 0.5742
vt 0.64309 0.60942
vt 0.86504 0.69815
vt 0.86959 0.70185
vt 0.86245 0.70078
vt 0.873 0.70649
vt 0.86591 0.705
vt 0.86319 0.70788
vt 0.87035 0.70891
vt 0.86836 0.73223
vt 0.87449 0.72236
vt 0.87261 0.73397
vt 0.86593 0.73459
vt 0.87535 0.7344
vt 0.87008 0.74711
vt 0.87692 0.74463
vt 0.86762 0.74624
vt 0.393 0.41936
vt 0.12764 0.5664
vt 0.1281 0.56778
vt 0.39501 0.41914
vt 0.39713 0.42516
vt 0.39668 0.42924
vt 0.87427 0.74873
vt 0.39667 0.43372
vt 0.89869 0.74625
vt 0.89614 0.7475
vt 0.87841 0.74719
vt 0.89135 0.7511
vt 0.88132 0.74775
vt 0.87578 0.75121
vt 0.88538 0.75247
vt 0.88032 0.75151
vt 0.8709 0.75285
vt 0.8694 0.7547
vt 0.87786 0.75435
vt 0.88267 0.75617
vt 0.87518 0.7544
vt 0.87302 0.75641
vt 0.87122 0.76
vt 0.86966 0.75956
vt 0.89208 0.76272
vt 0.88293 0.76199
vt 0.8748 0.76188
vt 0.8711 0.76203
vt 0.90292 0.7648
vt 0.89859 0.76507
vt 0.88922 0.76459
vt 0.87477 0.76391
vt 0.83627 0.0594
vt 0.8576 0.05629
vt 0.86624 0.05655
vt 0.90342 0.7669
vt 0.89879 0.767
vt 0.8892 0.76641
vt 0.87939 0.76874
vt 0.89879 0.76876
vt 0.90155 0.76996
vt 0.90384 0.76909
vt 0.89254 0.76906
vt 0.88252 0.77018
vt 0.87194 0.77385
vt 0.90239 0.77134
vt 0.89724 0.77148
vt 0.89213 0.7713
vt 0.88523 0.77159
vt 0.89199 0.77437
vt 0.89676 0.77508
vt 0.88568 0.77379
vt 0.87951 0.77373
vt 0.88293 0.77541
vt 0.88893 0.77759
vt 0.87928 0.7768
vt 0.87316 0.77585
vt 0.87244 0.77786
vt 0.8708 0.77724
vt 0.8674 0.77654
vt 0.86946 0.77953
vt 0.97721 0.96086
vt 0.87191 0.77946
vt 0.86937 0.78353
vt 0.9729 0.95849
vt 0.96732 0.95213
vt 0.87691 0.7975
vt 0.86841 0.79133
vt 0.86667 0.80062
vt 0.2128 0.57181
vt 0.87259 0.81643
vt 0.87471 0.82259
vt 0.86539 0.82123
vt 0.86804 0.82198
vt 0.87145 0.83012
vt 0.87389 0.83298
vt 0.86717 0.83324
vt 0.86419 0.83374
vt 0.87101 0.83436
vt 0.87255 0.83968
vt 0.86965 0.84205
vt 0.36784 0.01533
vt 0.36287 0.01559
vt 0.36367 0.01796
vt 0.36698 0.01688
vt 0.35929 0.01634
vt 0.2109 0.71571
vt 0.20547 0.71685
vt 0.2092 0.71494
vt 0.2021 0.71573
vt 0.19174 0.71501
vt 0.72452 0.33631
vt 0.6164 0.61172
vt 0.61842 0.61136
vt 0.64126 0.61017
vt 0.1286 0.56983
vt 0.39782 0.41847
vt 0.39754 0.42004
vt 0.39796 0.42498
vt 0.9102 0.74618
vt 0.90452 0.74564
vt 0.90597 0.7488
vt 0.90106 0.75215
vt 0.89714 0.753
vt 0.88866 0.75399
vt 0.88943 0.75576
vt 0.8788 0.75625
vt 0.90587 0.7648
vt 0.91014 0.76459
vt 0.86808 0.05697
vt 0.9058 0.76736
vt 0.91023 0.76705
vt 0.94226 0.72913
vt 0.94401 0.73018
vt 0.90975 0.76879
vt 0.90602 0.77133
vt 0.90627 0.77386
vt 0.90408 0.77536
vt 0.90207 0.77655
vt 0.89667 0.77819
vt 0.88563 0.77849
vt 0.8793 0.77811
vt 0.8788 0.77986
vt 0.8826 0.78665
vt 0.88932 0.78422
vt 0.87347 0.78356
vt 0.87792 0.78783
vt 0.88034 0.79049
vt 0.87195 0.78685
vt 0.87287 0.78926
vt 0.87791 0.7899
vt 0.88132 0.79234
vt 0.88384 0.79206
vt 0.87024 0.7923
vt 0.88659 0.7934
vt 0.21041 0.57032
vt 0.36015 0.02124
vt 0.21396 0.7114
vt 0.18589 0.71372
vt 0.7406 0.33258
vt 0.7791 0.16919
vt 0.77647 0.16852
vt 0.77365 0.16872
vt 0.63311 0.74009
vt 0.77017 0.16791
vt 0.76208 0.16797
vt 0.12084 0.75255
vt 0.12084 0.71915
vt 0.11869 0.73144
vt 0.80185 0.29757
vt 0.80111 0.29662
vt 0.79827 0.29706
vt 0.64482 0.74226
vt 0.92978 0.13142
vt 0.9317 0.13475
vt 0.93145 0.13643
vt 0.61516 0.61446
vt 0.62387 0.61471
vt 0.63064 0.61474
vt 0.63702 0.61442
vt 0.64412 0.61311
vt 0.64553 0.61045
vt 0.12607 0.57208
vt 0.91851 0.74904
vt 0.9189 0.74628
vt 0.91681 0.74641
vt 0.91612 0.74805
vt 0.13267 0.57065
vt 0.91589 0.7508
vt 0.13464 0.57181
vt 0.91684 0.75231
vt 0.13792 0.57077
vt 0.90682 0.75254
vt 0.91208 0.75263
vt 0.91341 0.75366
vt 0.90995 0.7545
vt 0.91196 0.75521
vt 0.90268 0.75486
vt 0.90247 0.75662
vt 0.90938 0.76167
vt 0.83626 0.05257
vt 0.91252 0.76686
vt 0.91214 0.76935
vt 0.9477 0.7325
vt 0.95142 0.72912
vt 0.91116 0.77398
vt 0.91633 0.77392
vt 0.91376 0.77524
vt 0.91533 0.77602
vt 0.91045 0.77681
vt 0.90709 0.77628
vt 0.90633 0.77811
vt 0.90812 0.78056
vt 0.89559 0.78071
vt 0.89877 0.78425
vt 0.90725 0.79141
vt 0.88802 0.79147
vt 0.89826 0.79466
vt 0.89258 0.79469
vt 0.90307 0.79718
vt 0.89807 0.79618
vt 0.91859 0.80044
vt 0.91672 0.80013
vt 0.20713 0.57173
vt 0.36246 0.02201
vt 0.20894 0.70787
vt 0.19823 0.70943
vt 0.18289 0.71102
vt 0.18142 0.71252
vt 0.32414 0.58368
vt 0.77768 0.17109
vt 0.76213 0.17004
vt 0.79951 0.29955
vt 0.8023 0.29957
vt 0.79586 0.29915
vt 0.79131 0.29656
vt 0.79138 0.29881
vt 0.9342 0.12492
vt 0.93168 0.12654
vt 0.9339 0.13044
vt 0.61707 0.61516
vt 0.0184 0.58089
vt 0.74384 0.02887
vt 0.7449 0.02718
vt 0.34598 0.85445
vt 0.64715 0.61543
vt 0.30692 0.85383
vt 0.30629 0.8542
vt 0.09913 0.57999
vt 0.26798 0.85437
vt 0.13476 0.57508
vt 0.14194 0.57322
vt 0.13994 0.57588
vt 0.91866 0.7555
vt 0.91691 0.75584
vt 0.91846 0.75779
vt 0.91609 0.7574
vt 0.90816 0.75704
vt 0.91548 0.75922
vt 0.91262 0.75913
vt 0.2014 0.03004
vt 0.19917 0.0273
vt 0.19817 0.02872
vt 0.91252 0.7616
vt 0.91525 0.7621
vt 0.14876 0.57012
vt 0.14969 0.56891
vt 0.15364 0.57007
vt 0.83375 0.05272
vt 0.86581 0.05267
vt 0.86821 0.0526
vt 0.9153 0.76678
vt 0.16011 0.571
vt 0.94155 0.73355
vt 0.94375 0.73359
vt 0.91554 0.76935
vt 0.16383 0.57191
vt 0.16336 0.57368
vt 0.20987 0.85455
vt 0.21448 0.85366
vt 0.91882 0.77167
vt 0.95179 0.73483
vt 0.91858 0.77313
vt 0.95368 0.7336
vt 0.20952 0.8536
vt 0.91787 0.77708
vt 0.20637 0.85438
vt 0.91568 0.77785
vt 0.17855 0.57445
vt 0.91791 0.78199
vt 0.18277 0.57204
vt 0.91611 0.78533
vt 0.19928 0.57355
vt 0.90983 0.79927
vt 0.21049 0.57485
vt 0.15833 0.85464
vt 0.16715 0.85388
vt 0.15502 0.85396
vt 0.14433 0.85353
vt 0.14101 0.85201
vt 0.13734 0.85508
vt 0.13597 0.85303
vt 0.13295 0.85423
vt 0.23284 0.58009
vt 0.12832 0.85418
vt 0.12179 0.8534
vt 0.10756 0.85371
vt 0.10663 0.85503
vt 0.10527 0.85474
vt 0.09919 0.85362
vt 0.36946 0.02291
vt 0.36262 0.02411
vt 0.36116 0.02598
vt 0.09938 0.85475
vt 0.09779 0.85466
vt 0.2132 0.70613
vt 0.21429 0.70675
vt 0.09346 0.85527
vt 0.09345 0.85386
vt 0.09697 0.85368
vt 0.38829 0.02062
vt 0.38784 0.01907
vt 0.30861 0.58845
vt 0.19297 0.70868
vt 0.18191 0.70756
vt 0.05961 0.65793
vt 0.05573 0.65814
vt 0.0555 0.65996
vt 0.05933 0.66025
vt 0.17953 0.70737
vt 0.05336 0.65782
vt 0.0512 0.66
vt 0.05071 0.65838
vt 0.04982 0.65971
vt 0.76445 0.17462
vt 0.77927 0.17425
vt 0.80559 0.3038
vt 0.80506 0.30058
vt 0.80317 0.30213
vt 0.8023 0.3008
vt 0.79343 0.30238
vt 0.61386 0.61659
vt 0.61387 0.61955
vt 0.00834 0.58935
vt 0.79177 0.301
vt 0.61726 0.62242
vt 0.78894 0.29964
vt 0.78937 0.30119
vt 0.78963 0.30339
vt 0.93746 0.12274
vt 0.93689 0.1244
vt 0.93967 0.12426
vt 0.94072 0.12229
vt 0.93994 0.12909
vt 0.62253 0.61817
vt 0.63101 0.61727
vt 0.63865 0.62009
vt 0.74098 0.03239
vt 0.74407 0.03404
vt 0.74435 0.03209
vt 0.73916 0.03288
vt 0.74137 0.03477
vt 0.73796 0.03007
vt 0.74042 0.02952
vt 0.73512 0.03069
vt 0.73682 0.0331
vt 0.73571 0.0258
vt 0.34877 0.85262
vt 0.34252 0.85298
vt 0.34517 0.85079
vt 0.73416 0.02824
vt 0.64461 0.6217
vt 0.34074 0.85092
vt 0.33379 0.85103
vt 0.27696 0.85047
vt 0.12698 0.58142
vt 0.14388 0.57602
vt 0.14505 0.57459
vt 0.41909 0.97575
vt 0.41797 0.97719
vt 0.41693 0.97528
vt 0.19917 0.03179
vt 0.14492 0.57083
vt 0.14817 0.57129
vt 0.83363 0.0514
vt 0.8367 0.05124
vt 0.85853 0.05126
vt 0.8684 0.05123
vt 0.94521 0.73481
vt 0.94039 0.73472
vt 0.16282 0.5749
vt 0.22018 0.85128
vt 0.95435 0.73485
vt 0.17636 0.57641
vt 0.14898 0.85187
vt 0.1433 0.85072
vt 0.13053 0.85115
vt 0.10694 0.85165
vt 0.1009 0.85111
vt 0.3724 0.0248
vt 0.37732 0.02664
vt 0.09679 0.85104
vt 0.09361 0.85244
vt 0.09372 0.85084
vt 0.43448 0.92665
vt 0.43612 0.92767
vt 0.43774 0.92512
vt 0.43669 0.92393
vt 0.0896 0.85225
vt 0.09047 0.85055
vt 0.19971 0.70314
vt 0.43889 0.92227
vt 0.08779 0.8507
vt 0.43585 0.92178
vt 0.44022 0.92007
vt 0.0588 0.66411
vt 0.04898 0.6629
vt 0.32722 0.5915
vt 0.99409 0.50532
vt 0.99432 0.5359
vt 0.99624 0.53513
vt 0.80406 0.30497
vt 0.11893 0.7528
vt 0.94312 0.13725
vt 0.79455 0.30541
vt 0.94356 0.1241
vt 0.94378 0.12664
vt 0.94401 0.12893
vt 0.74141 0.03731
vt 0.74324 0.03852
vt 0.7449 0.03707
vt 0.73813 0.03715
vt 0.73745 0.03533
vt 0.35814 0.84979
vt 0.35566 0.85052
vt 0.35528 0.84778
vt 0.6424 0.81637
vt 0.35252 0.8511
vt 0.35212 0.84776
vt 0.3488 0.8508
vt 0.34891 0.84782
vt 0.3419 0.84786
vt 0.64663 0.62119
vt 0.338 0.84697
vt 0.32368 0.84491
vt 0.30876 0.84562
vt 0.25733 0.84749
vt 0.14254 0.57994
vt 0.41187 0.97519
vt 0.39733 0.97542
vt 0.37465 0.97523
vt 0.28954 0.97508
vt 0.27489 0.9749
vt 0.26547 0.97364
vt 0.25822 0.97499
vt 0.24371 0.97503
vt 0.2263 0.97519
vt 0.20247 0.97528
vt 0.18099 0.97534
vt 0.14237 0.97542
vt 0.11795 0.9741
vt 0.10913 0.97562
vt 0.08547 0.97442
vt 0.08363 0.9758
vt 0.07064 0.97442
vt 0.06941 0.97612
vt 0.06646 0.97682
vt 0.20546 0.84765
vt 0.17711 0.57885
vt 0.18273 0.84359
vt 0.19563 0.5808
vt 0.18334 0.57937
vt 0.17551 0.84729
vt 0.16326 0.84719
vt 0.15255 0.84509
vt 0.14144 0.84678
vt 0.12634 0.84678
vt 0.1046 0.84734
vt 0.37078 0.02985
vt 0.37374 0.02961
vt 0.3655 0.02977
vt 0.36213 0.02943
vt 0.10075 0.84477
vt 0.21347 0.70333
vt 0.09723 0.84664
vt 0.09381 0.8481
vt 0.09047 0.84795
vt 0.44415 0.92932
vt 0.08793 0.84781
vt 0.43708 0.91954
vt 0.08517 0.84975
vt 0.08512 0.84769
vt 0.08259 0.85049
vt 0.08311 0.84752
vt 0.44175 0.9181
vt 0.44415 0.91841
vt 0.08096 0.84897
vt 0.18917 0.70006
vt 0.18142 0.70322
vt 0.05387 0.67328
vt 0.17945 0.70272
vt 0.17806 0.70619
vt 0.99624 0.50727
vt 0.77045 0.18354
vt 0.72502 0.33343
vt 0.80612 0.30995
vt 0.80422 0.31075
vt 0.79779 0.30833
vt 0.61517 0.62494
vt 0.95187 0.12366
vt 0.95121 0.12231
vt 0.94812 0.12659
vt 0.94804 0.12882
vt 0.62024 0.6278
vt 0.63193 0.62305
vt 0.35979 0.84525
vt 0.35535 0.84508
vt 0.35213 0.84517
vt 0.34892 0.84512
vt 0.34533 0.84499
vt 0.64163 0.62459
vt 0.34197 0.84194
vt 0.33838 0.84205
vt 0.14003 0.58868
vt 0.41192 0.96813
vt 0.40111 0.96983
vt 0.3765 0.97153
vt 0.35449 0.97129
vt 0.33339 0.97131
vt 0.29867 0.97124
vt 0.2713 0.97115
vt 0.21316 0.97159
vt 0.18525 0.97153
vt 0.15003 0.97177
vt 0.25131 0.96931
vt 0.12396 0.97179
vt 0.10522 0.97181
vt 0.08678 0.97192
vt 0.07082 0.97171
vt 0.0669 0.97057
vt 0.06452 0.97117
vt 0.21042 0.8408
vt 0.17914 0.58805
vt 0.16904 0.84421
vt 0.13405 0.84211
vt 0.11691 0.84395
vt 0.27042 0.58315
vt 0.20956 0.69894
vt 0.09393 0.84572
vt 0.20621 0.69685
vt 0.0906 0.84585
vt 0.08809 0.84584
vt 0.08537 0.84564
vt 0.0835 0.84543
vt 0.08165 0.84518
vt 0.07895 0.84888
vt 0.07895 0.84479
vt 0.19575 0.69804
vt 0.05748 0.67308
vt 0.0494 0.67278
vt 0.17777 0.70031
vt 0.04825 0.66827
vt 0.76729 0.18335
vt 0.76421 0.18079
vt 0.73372 0.33286
vt 0.73931 0.33237
vt 0.61408 0.62451
vt 0.61831 0.62764
vt 0.95258 0.12677
vt 0.95226 0.12892
vt 0.06284 0.82609
vt 0.35339 0.84236
vt 0.63824 0.62542
vt 0.3489 0.84211
vt 0.34536 0.84197
vt 0.64609 0.62341
vt 0.06563 0.58993
vt 0.09596 0.58949
vt 0.12208 0.58927
vt 0.2607 0.83559
vt 0.24848 0.83559
vt 0.41705 0.96609
vt 0.38312 0.96594
vt 0.36532 0.9686
vt 0.30642 0.96862
vt 0.28009 0.96826
vt 0.26604 0.96855
vt 0.21809 0.96873
vt 0.18662 0.96838
vt 0.14932 0.96906
vt 0.12323 0.96796
vt 0.10507 0.96758
vt 0.08548 0.9689
vt 0.07157 0.96722
vt 0.22081 0.84068
vt 0.21169 0.83713
vt 0.17718 0.58602
vt 0.18474 0.5887
vt 0.24537 0.58951
vt 0.14228 0.84072
vt 0.10491 0.84083
vt 0.37503 0.03288
vt 0.37151 0.03285
vt 0.36529 0.03322
vt 0.36396 0.03454
vt 0.09701 0.84305
vt 0.21101 0.69848
vt 0.09389 0.84315
vt 0.09064 0.84335
vt 0.0818 0.84283
vt 0.07965 0.84202
vt 0.18196 0.69719
vt 0.17938 0.69825
vt 0.76406 0.18387
vt 0.80577 0.31296
vt 0.80377 0.31423
vt 0.95683 0.13552
vt 0.61668 0.6285
vt 0.79309 0.31469
vt 0.02407 0.58992
vt 0.79042 0.31507
vt 0.95677 0.12545
vt 0.62695 0.62821
vt 0.63631 0.62774
vt 0.34928 0.83886
vt 0.34012 0.83892
vt 0.62642 0.79602
vt 0.57982 0.80775
vt 0.31742 0.83739
vt 0.30517 0.83579
vt 0.14294 0.58879
vt 0.41944 0.96288
vt 0.41069 0.96498
vt 0.35408 0.96312
vt 0.30031 0.96589
vt 0.269 0.96516
vt 0.25336 0.9626
vt 0.2235 0.96275
vt 0.14448 0.96302
vt 0.08035 0.96303
vt 0.21549 0.58917
vt 0.17986 0.83606
vt 0.17286 0.83818
vt 0.15377 0.83827
vt 0.13409 0.83808
vt 0.1232 0.83733
vt 0.11687 0.83716
vt 0.37151 0.03531
vt 0.36821 0.03666
vt 0.38192 0.0345
vt 0.20802 0.69582
vt 0.09334 0.84108
vt 0.09028 0.84109
vt 0.19726 0.69428
vt 0.19176 0.69403
vt 0.31907 0.59202
vt 0.0478 0.67536
vt 0.76438 0.18561
vt 0.80559 0.31462
vt 0.79853 0.31611
vt 0.79356 0.31654
vt 0.61963 0.63045
vt 0.79069 0.31703
vt 0.95989 0.12492
vt 0.6317 0.62988
vt 0.57451 0.80627
vt 0.31906 0.83602
vt 0.3071 0.8358
vt 0.26728 0.83577
vt 0.39143 0.96282
vt 0.3394 0.96295
vt 0.28668 0.96292
vt 0.18316 0.96293
vt 0.14556 0.96161
vt 0.11574 0.96276
vt 0.06693 0.96268
vt 0.22981 0.83538
vt 0.21949 0.83542
vt 0.17583 0.58921
vt 0.18978 0.83593
vt 0.16651 0.83665
vt 0.11048 0.83833
vt 0.37269 0.03663
vt 0.37606 0.03862
vt 0.36499 0.03794
vt 0.38176 0.03649
vt 0.38464 0.03591
vt 0.38586 0.03907
vt 0.56191 0.63846
vt 0.08926 0.83815
vt 0.38784 0.03527
vt 0.19976 0.69368
vt 0.0867 0.83748
vt 0.08266 0.83764
vt 0.08033 0.83734
vt 0.18138 0.69401
vt 0.0537 0.67636
vt 0.05775 0.67666
vt 0.04825 0.67646
vt 0.76552 0.18659
vt 0.72455 0.32723
vt 0.72509 0.32949
vt 0.73881 0.32961
vt 0.74056 0.32755
vt 0.8019 0.31633
vt 0.56479 0.8372
vt 0.56603 0.83807
vt 0.56854 0.83561
vt 0.00706 0.58912
vt 0.00847 0.59241
vt 0.00687 0.59414
vt 0.55177 0.8364
vt 0.55422 0.83654
vt 0.55235 0.83416
vt 0.28532 0.69909
vt 0.79728 0.31712
vt 0.79338 0.3175
vt 0.96079 0.13336
vt 0.58114 0.8304
vt 0.58429 0.83303
vt 0.58394 0.83011
vt 0.87057 0.86051
vt 0.87057 0.85826
vt 0.86735 0.85907
vt 0.63022 0.63089
vt 0.36359 0.83597
vt 0.36273 0.83508
vt 0.63435 0.63045
vt 0.35165 0.83553
vt 0.05771 0.59206
vt 0.09889 0.59182
vt 0.29055 0.83571
vt 0.12258 0.59174
vt 0.14009 0.59154
vt 0.39845 0.96144
vt 0.34919 0.96109
vt 0.3082 0.96135
vt 0.26392 0.96113
vt 0.25108 0.96122
vt 0.22115 0.96134
vt 0.17871 0.96137
vt 0.41901 0.96177
vt 0.14429 0.58953
vt 0.14501 0.59144
vt 0.41925 0.95982
vt 0.1438 0.96094
vt 0.11579 0.96112
vt 0.08118 0.96098
vt 0.21066 0.83552
vt 0.17377 0.59146
vt 0.1753 0.59289
vt 0.18309 0.59143
vt 0.22266 0.59159
vt 0.16171 0.83643
vt 0.14809 0.83654
vt 0.13815 0.83671
vt 0.13386 0.83703
vt 0.28125 0.59179
vt 0.10985 0.83718
vt 0.10817 0.83735
vt 0.09864 0.83766
vt 0.37389 0.03899
vt 0.37082 0.03927
vt 0.09029 0.83747
vt 0.56755 0.64298
vt 0.5753 0.64307
vt 0.5724 0.64367
vt 0.57765 0.64541
vt 0.56417 0.63837
vt 0.57923 0.63955
vt 0.56368 0.63558
vt 0.08269 0.83677
vt 0.56281 0.63364
vt 0.5637 0.63269
vt 0.56443 0.63172
vt 0.56186 0.63304
vt 0.56511 0.63348
vt 0.19392 0.69303
vt 0.1862 0.69297
vt 0.56584 0.62514
vt 0.05961 0.67801
vt 0.05589 0.67764
vt 0.04969 0.67704
vt 0.99624 0.50299
vt 0.32879 0.59414
vt 0.32966 0.59388
vt 0.73531 0.32739
vt 0.00896 0.59424
vt 0.55719 0.83503
vt 0.56011 0.83746
vt 0.56515 0.83518
vt 0.55388 0.83015
vt 0.56427 0.83134
vt 0.56714 0.83233
vt 0.56937 0.8325
vt 0.55027 0.82465
vt 0.56393 0.8268
vt 0.57687 0.8282
vt 0.57946 0.82843
vt 0.58217 0.82865
vt 0.55205 0.82109
vt 0.7167 0.81114
vt 0.58054 0.82442
vt 0.56047 0.82006
vt 0.57692 0.82434
vt 0.58186 0.8231
vt 0.58285 0.82415
vt 0.58593 0.8228
vt 0.54883 0.82155
vt 0.54976 0.81888
vt 0.54702 0.81323
vt 0.5608 0.8164
vt 0.57774 0.82118
vt 0.09494 0.89267
vt 0.09836 0.88997
vt 0.10473 0.89242
vt 0.1027 0.88968
vt 0.55408 0.80897
vt 0.55693 0.81207
vt 0.55946 0.8151
vt 0.54964 0.81018
vt 0.5458 0.81151
vt 0.55656 0.80748
vt 0.06116 0.59388
vt 0.54458 0.80626
vt 0.54628 0.79986
vt 0.55304 0.8005
vt 0.55387 0.80183
vt 0.54323 0.80149
vt 0.5402 0.79439
vt 0.54174 0.80079
vt 0.54925 0.79481
vt 0.5415 0.79267
vt 0.55002 0.79389
vt 0.53903 0.79274
vt 0.53683 0.78504
vt 0.54599 0.78804
vt 0.54638 0.7862
vt 0.53938 0.78408
vt 0.53559 0.78353
vt 0.54298 0.77972
vt 0.54587 0.78494
vt 0.11832 0.59353
vt 0.54309 0.77767
vt 0.53344 0.77574
vt 0.53853 0.77423
vt 0.54198 0.77543
vt 0.5323 0.77434
vt 0.53949 0.76997
vt 0.53971 0.76827
vt 0.53831 0.7599
vt 0.5372 0.7555
vt 0.15521 0.64809
vt 0.15958 0.64585
vt 0.17991 0.64809
vt 0.52298 0.73911
vt 0.41167 0.95924
vt 0.39651 0.96058
vt 0.39899 0.9595
vt 0.35525 0.96002
vt 0.30585 0.96054
vt 0.34132 0.95983
vt 0.30648 0.95977
vt 0.27421 0.95988
vt 0.25059 0.96001
vt 0.22866 0.96017
vt 0.20339 0.96012
vt 0.15779 0.95985
vt 0.1308 0.95993
vt 0.07924 0.96006
vt 0.16758 0.74678
vt 0.16999 0.74695
vt 0.1699 0.74473
vt 0.16708 0.74485
vt 0.17516 0.74569
vt 0.16545 0.74197
vt 0.1669 0.74248
vt 0.32263 0.74105
vt 0.32033 0.73806
vt 0.33055 0.73749
vt 0.16634 0.73986
vt 0.16943 0.73851
vt 0.31821 0.73254
vt 0.32226 0.73581
vt 0.32836 0.73662
vt 0.33099 0.73538
vt 0.16273 0.31778
vt 0.16428 0.31975
vt 0.16766 0.31695
vt 0.1648 0.31612
vt 0.1681 0.31915
vt 0.1638 0.73135
vt 0.82868 0.20905
vt 0.81579 0.20905
vt 0.82624 0.20818
vt 0.1677 0.59243
vt 0.81686 0.20681
vt 0.32256 0.73104
vt 0.83522 0.77823
vt 0.83512 0.77578
vt 0.8425 0.77797
vt 0.1701 0.59379
vt 0.16701 0.73255
vt 0.32211 0.72979
vt 0.8445 0.77823
vt 0.16617 0.72899
vt 0.17099 0.59229
vt 0.16619 0.72688
vt 0.32377 0.7248
vt 0.31903 0.72499
vt 0.02954 0.89135
vt 0.32014 0.72099
vt 0.32167 0.72226
vt 0.3321 0.72221
vt 0.3359 0.72383
vt 0.33909 0.72303
vt 0.34027 0.72051
vt 0.18299 0.59323
vt 0.22611 0.59342
vt 0.53099 0.6798
vt 0.53415 0.67078
vt 0.53538 0.66964
vt 0.54157 0.67895
vt 0.54366 0.67208
vt 0.53619 0.66605
vt 0.53926 0.66249
vt 0.54542 0.66418
vt 0.54482 0.66914
vt 0.54768 0.66178
vt 0.27563 0.59358
vt 0.53741 0.66148
vt 0.53843 0.65971
vt 0.54938 0.65738
vt 0.5419 0.65298
vt 0.54068 0.652
vt 0.55125 0.65246
vt 0.54222 0.65002
vt 0.54547 0.64679
vt 0.54833 0.64449
vt 0.55406 0.64401
vt 0.55224 0.65142
vt 0.55529 0.64475
vt 0.54519 0.64306
vt 0.54394 0.64426
vt 0.55774 0.63863
vt 0.56954 0.64333
vt 0.54747 0.6353
vt 0.56763 0.63723
vt 0.57097 0.63755
vt 0.55229 0.63631
vt 0.57589 0.63632
vt 0.57928 0.63507
vt 0.54816 0.63397
vt 0.55894 0.63322
vt 0.56009 0.63623
vt 0.56944 0.63359
vt 0.57246 0.63413
vt 0.57087 0.63292
vt 0.58067 0.63563
vt 0.32004 0.59381
vt 0.55137 0.62778
vt 0.5755 0.63204
vt 0.55645 0.6271
vt 0.57851 0.63073
vt 0.58314 0.63063
vt 0.5508 0.62581
vt 0.58057 0.6282
vt 0.55507 0.62033
vt 0.56458 0.62426
vt 0.58593 0.62778
vt 0.5532 0.61956
vt 0.58224 0.62681
vt 0.56448 0.62001
vt 0.56494 0.61892
vt 0.12415 0.99663
vt 0.12406 0.98901
vt 0.12624 0.98622
vt 0.12583 0.99637
vt 0.12475 0.98519
vt 0.12694 0.98488
vt 0.71747 0.00663
vt 0.13038 0.9964
vt 0.13037 0.99348
vt 0.13234 0.98598
vt 0.15007 0.99346
vt 0.09184 0.89242
vt 0.16989 0.986
vt 0.66551 0.00737
vt 0.18238 0.99645
vt 0.17917 0.98489
vt 0.22248 0.98604
vt 0.621 0.00669
vt 0.23638 0.98487
vt 0.5319 0.75933
vt 0.22638 0.99646
vt 0.25618 0.99039
vt 0.26068 0.98609
vt 0.5355 0.7473
vt 0.26067 0.98494
vt 0.53248 0.73876
vt 0.55749 0.00674
vt 0.29063 0.99649
vt 0.26555 0.98791
vt 0.53289 0.73476
vt 0.267 0.98601
vt 0.18787 0.74534
vt 0.18563 0.74412
vt 0.20059 0.74374
vt 0.23163 0.74503
vt 0.22415 0.7434
vt 0.42584 0.48792
vt 0.42481 0.49787
vt 0.42911 0.4828
vt 0.4271 0.49821
vt 0.24579 0.74311
vt 0.24562 0.7447
vt 0.29185 0.74174
vt 0.28043 0.74356
vt 0.31267 0.74271
vt 0.33627 0.74209
vt 0.3582 0.74202
vt 0.35953 0.74057
vt 0.38346 0.74133
vt 0.40041 0.73971
vt 0.42908 0.74014
vt 0.43616 0.73871
vt 0.45607 0.73955
vt 0.51067 0.73757
vt 0.50766 0.73865
vt 0.52013 0.73855
vt 0.28563 0.99109
vt 0.19873 0.74136
vt 0.221 0.74122
vt 0.25838 0.74045
vt 0.42911 0.50748
vt 0.29518 0.73973
vt 0.33983 0.7359
vt 0.35533 0.7341
vt 0.37444 0.73782
vt 0.40176 0.73619
vt 0.43656 0.73728
vt 0.00161 0.8616
vt 0.00376 0.862
vt 0.00218 0.84619
vt 0.48836 0.73567
vt 0.00376 0.82536
vt 0.50675 0.73575
vt 0.51538 0.73501
vt 0.52584 0.73449
vt 0.18263 0.73162
vt 0.21757 0.73244
vt 0.28925 0.73189
vt 0.30967 0.73394
vt 0.37819 0.73185
vt 0.41759 0.72859
vt 0.44007 0.72704
vt 0.45855 0.73644
vt 0.28897 0.98792
vt 0.19737 0.73422
vt 0.23794 0.73445
vt 0.1681 0.31301
vt 0.4606 0.72579
vt 0.4824 0.72533
vt 0.50507 0.72454
vt 0.52484 0.72596
vt 0.52937 0.72346
vt 0.5623 0.74607
vt 0.55645 0.74682
vt 0.54619 0.74607
vt 0.28813 0.98608
vt 0.27068 0.72694
vt 0.39827 0.72752
vt 0.29807 0.65707
vt 0.29807 0.6451
vt 0.27658 0.65167
vt 0.51482 0.72203
vt 0.53227 0.71705
vt 0.52793 0.8448
vt 0.55908 0.8448
vt 0.54328 0.84405
vt 0.20148 0.72853
vt 0.23008 0.7276
vt 0.31445 0.72744
vt 0.36426 0.72492
vt 0.18241 0.72873
vt 0.20933 0.72803
vt 0.29107 0.72634
vt 0.95244 0.95849
vt 0.94361 0.95783
vt 0.34214 0.72653
vt 0.40292 0.72421
vt 0.43544 0.7235
vt 0.47354 0.72289
vt 0.5031 0.72225
vt 0.27701 0.65449
vt 0.52476 0.72174
vt 0.53241 0.72775
vt 0.53278 0.72172
vt 0.22556 0.78411
vt 0.2218 0.78659
vt 0.22517 0.79025
vt 0.20648 0.72626
vt 0.25572 0.72506
vt 0.29124 0.72437
vt 0.30796 0.72428
vt 0.34801 0.72356
vt 0.37424 0.72284
vt 0.40799 0.72219
vt 0.43368 0.72187
vt 0.52251 0.71998
vt 0.29582 0.986
vt 0.29314 0.98467
vt 0.22718 0.77674
vt 0.22718 0.79918
vt 0.21883 0.72486
vt 0.26278 0.72367
vt 0.42214 0.72107
vt 0.3009 0.98476
vt 0.52472 0.7105
vt 0.52846 0.71223
vt 0.53512 0.70749
vt 0.31933 0.98602
vt 0.52762 0.6975
vt 0.53615 0.7007
vt 0.53127 0.6988
vt 0.3345 0.99651
vt 0.51374 0.00682
vt 0.34411 0.98494
vt 0.53546 0.68624
vt 0.53893 0.68828
vt 0.35589 0.98607
vt 0.35811 0.99315
vt 0.45712 0.00681
vt 0.39129 0.99651
vt 0.37913 0.98606
vt 0.39375 0.9849
vt 0.40682 0.98605
vt 0.4106 0.00681
vt 0.43797 0.99656
vt 0.43826 0.9848
vt 0.44565 0.98598
vt 0.57284 0.62643
vt 0.57609 0.62707
vt 0.39259 0.18811
vt 0.44209 0.99221
vt 0.44742 0.98487
vt 0.40268 0.00683
vt 0.44591 0.99649
vt 0.44786 0.99663
vt 0.44787 0.98625
vt 0.75761 0.86574
vt 0.44844 0.98506
usemtl mat0
f 1/1 2/2 3/3
f 4/4 5/5 6/6
f 7/7 5/5 8/8
f 8/8 5/5 4/4
f 9/9 10/10 11/11
f 12/12 11/11 13/13
f 14/14 15/15 16/16
f 14/14 17/17 18/18
f 9/9 19/19 4/4
f 15/15 19/19 20/20
f 19/19 9/9 12/12
f 12/12 9/9 11/11
f 4/4 6/6 9/9
f 9/9 6/6 10/10
f 19/19 21/21 22/22
f 12/12 13/13 23/23
f 19/19 8/8 4/4
f 12/12 20/20 19/19
f 19/19 22/22 8/8
f 24/24 25/25 26/26
f 16/16 15/15 20/20
f 25/25 12/12 23/23
f 14/14 18/18 15/15
f 17/17 19/19 15/15
f 26/26 20/20 24/24
f 7/7 8/8 22/22
f 20/20 26/26 16/16
f 11/11 10/10 13/13
f 12/12 24/24 20/20
f 12/12 25/25 24/24
f 27/27 28/28 29/29
f 19/19 17/17 21/21
f 30/30 31/31 32/32
f 33/33 31/31 30/30
f 34/34 35/35 36/36
f 37/37 33/33 38/38
f 35/35 39/39 36/36
f 33/33 30/30 40/40
f 35/35 34/34 41/41
f 33/33 41/41 31/31
f 37/37 35/35 33/33
f 32/32 42/42 30/30
f 43/43 44/44 45/45
f 40/40 30/30 42/42
f 33/33 35/35 41/41
f 39/39 35/35 37/37
f 38/38 33/33 40/40
f 46/46 44/44 43/43
f 47/47 48/48 49/49
f 50/50 51/51 52/52
f 53/53 54/54 55/55
f 56/56 53/53 55/55
f 55/55 54/54 57/57
f 49/49 58/58 47/47
f 53/53 59/59 60/60
f 53/53 60/60 54/54
f 60/60 61/61 54/54
f 54/54 62/62 57/57
f 49/49 63/63 58/58
f 59/59 64/64 60/60
f 60/60 64/64 61/61
f 54/54 61/61 62/62
f 51/51 65/65 52/52
f 61/61 66/66 62/62
f 49/49 67/67 63/63
f 49/49 68/68 67/67
f 64/64 69/69 61/61
f 67/67 70/70 63/63
f 64/64 71/71 69/69
f 69/69 72/72 61/61
f 61/61 72/72 66/66
f 67/67 73/73 70/70
f 71/71 74/74 69/69
f 69/69 75/75 72/72
f 74/74 75/75 69/69
f 68/68 76/76 67/67
f 72/72 77/77 66/66
f 67/67 76/76 73/73
f 76/76 78/78 73/73
f 75/75 79/79 72/72
f 72/72 79/79 77/77
f 74/74 80/80 79/79
f 74/74 79/79 75/75
f 80/80 81/81 79/79
f 79/79 81/81 82/82
f 79/79 82/82 77/77
f 80/80 83/83 81/81
f 82/82 84/84 77/77
f 76/76 85/85 78/78
f 83/83 86/86 81/81
f 81/81 86/86 82/82
f 87/87 88/88 89/89
f 89/89 88/88 90/90
f 89/89 90/90 91/91
f 90/90 92/92 91/91
f 86/86 93/93 82/82
f 93/93 94/94 82/82
f 82/82 94/94 95/95
f 82/82 95/95 84/84
f 96/96 97/97 98/98
f 96/96 98/98 99/99
f 99/99 100/100 101/101
f 96/96 99/99 101/101
f 100/100 102/102 87/87
f 87/87 102/102 103/103
f 87/87 103/103 88/88
f 88/88 103/103 104/104
f 88/88 104/104 105/105
f 88/88 105/105 90/90
f 105/105 106/106 90/90
f 90/90 107/107 92/92
f 107/107 108/108 92/92
f 92/92 108/108 109/109
f 109/109 108/108 110/110
f 109/109 110/110 111/111
f 111/111 110/110 112/112
f 76/76 113/113 85/85
f 76/76 114/114 113/113
f 106/106 115/115 90/90
f 90/90 116/116 107/107
f 107/107 117/117 108/108
f 86/86 118/118 93/93
f 93/93 118/118 94/94
f 102/102 119/119 103/103
f 103/103 120/120 104/104
f 90/90 115/115 116/116
f 117/117 121/121 108/108
f 108/108 121/121 110/110
f 100/100 122/122 102/102
f 105/105 123/123 106/106
f 106/106 123/123 115/115
f 107/107 124/124 117/117
f 110/110 121/121 125/125
f 110/110 125/125 112/112
f 125/125 126/126 112/112
f 118/118 127/127 94/94
f 94/94 127/127 128/128
f 94/94 128/128 95/95
f 99/99 98/98 129/129
f 129/129 122/122 100/100
f 99/99 129/129 100/100
f 122/122 119/119 102/102
f 103/103 119/119 120/120
f 120/120 130/130 104/104
f 104/104 130/130 105/105
f 130/130 123/123 105/105
f 123/123 131/131 115/115
f 115/115 132/132 116/116
f 124/124 133/133 117/117
f 117/117 133/133 134/134
f 117/117 134/134 135/135
f 117/117 135/135 121/121
f 134/134 136/136 135/135
f 136/136 137/137 135/135
f 137/137 138/138 135/135
f 121/121 135/135 125/125
f 135/135 138/138 125/125
f 125/125 138/138 126/126
f 126/126 138/138 139/139
f 126/126 139/139 140/140
f 139/139 141/141 140/140
f 83/83 142/142 86/86
f 86/86 142/142 118/118
f 115/115 131/131 132/132
f 131/131 143/143 132/132
f 132/132 143/143 124/124
f 124/124 143/143 133/133
f 144/144 145/145 146/146
f 145/145 147/147 148/148
f 146/146 145/145 148/148
f 127/127 149/149 128/128
f 129/129 150/150 151/151
f 151/151 152/152 122/122
f 129/129 151/151 122/122
f 122/122 152/152 119/119
f 153/153 154/154 120/120
f 119/119 153/153 120/120
f 154/154 155/155 120/120
f 120/120 155/155 130/130
f 156/156 157/157 158/158
f 155/155 159/159 130/130
f 156/156 158/158 160/160
f 158/158 161/161 160/160
f 130/130 159/159 123/123
f 123/123 159/159 162/162
f 160/160 161/161 163/163
f 160/160 163/163 164/164
f 123/123 162/162 131/131
f 164/164 163/163 165/165
f 163/163 166/166 165/165
f 165/165 166/166 144/144
f 142/142 167/167 118/118
f 118/118 167/167 127/127
f 127/127 167/167 149/149
f 168/168 169/169 170/170
f 170/170 171/171 168/168
f 152/152 153/153 119/119
f 171/171 172/172 173/173
f 172/172 174/174 173/173
f 173/173 174/174 157/157
f 167/167 175/175 149/149
f 167/167 176/176 175/175
f 142/142 176/176 167/167
f 176/176 177/177 175/175
f 142/142 178/178 176/176
f 113/113 179/179 85/85
f 83/83 178/178 142/142
f 178/178 180/180 176/176
f 176/176 181/181 177/177
f 180/180 182/182 176/176
f 176/176 182/182 181/181
f 113/113 183/183 179/179
f 178/178 184/184 180/180
f 113/113 114/114 185/185
f 113/113 186/186 183/183
f 113/113 185/185 186/186
f 182/182 187/187 181/181
f 180/180 188/188 182/182
f 182/182 188/188 187/187
f 184/184 188/188 180/180
f 184/184 189/189 188/188
f 186/186 185/185 190/190
f 186/186 191/191 183/183
f 184/184 192/192 189/189
f 192/192 193/193 189/189
f 189/189 194/194 188/188
f 188/188 194/194 195/195
f 188/188 195/195 187/187
f 193/193 194/194 189/189
f 186/186 196/196 191/191
f 192/192 197/197 193/193
f 193/193 197/197 194/194
f 198/198 199/199 196/196
f 186/186 198/198 196/196
f 186/186 190/190 198/198
f 200/200 201/201 197/197
f 197/197 201/201 202/202
f 197/197 202/202 194/194
f 194/194 202/202 195/195
f 203/203 204/204 205/205
f 205/205 204/204 206/206
f 205/205 206/206 207/207
f 207/207 206/206 208/208
f 68/68 209/209 76/76
f 210/210 211/211 212/212
f 212/212 211/211 213/213
f 213/213 214/214 215/215
f 213/213 215/215 216/216
f 214/214 217/217 215/215
f 214/214 218/218 217/217
f 217/217 219/219 215/215
f 219/219 220/220 215/215
f 217/217 221/221 219/219
f 221/221 222/222 219/219
f 221/221 223/223 222/222
f 76/76 209/209 114/114
f 224/224 225/225 226/226
f 224/224 227/227 225/225
f 224/224 226/226 228/228
f 229/229 230/230 231/231
f 109/109 111/111 232/232
f 232/232 111/111 233/233
f 111/111 234/234 235/235
f 233/233 111/111 235/235
f 234/234 236/236 235/235
f 235/235 236/236 237/237
f 236/236 238/238 237/237
f 238/238 239/239 240/240
f 237/237 238/238 240/240
f 239/239 222/222 241/241
f 240/240 239/239 241/241
f 241/241 222/222 223/223
f 242/242 243/243 98/98
f 242/242 98/98 97/97
f 112/112 234/234 111/111
f 238/238 244/244 239/239
f 239/239 245/245 222/222
f 222/222 245/245 219/219
f 219/219 246/246 220/220
f 112/112 247/247 234/234
f 247/247 248/248 234/234
f 234/234 248/248 236/236
f 236/236 249/249 238/238
f 239/239 244/244 245/245
f 245/245 250/250 219/219
f 219/219 250/250 246/246
f 243/243 251/251 98/98
f 248/248 252/252 236/236
f 252/252 249/249 236/236
f 238/238 249/249 253/253
f 238/238 253/253 244/244
f 116/116 132/132 124/124
f 116/116 124/124 107/107
f 126/126 140/140 247/247
f 247/247 140/140 248/248
f 140/140 252/252 248/248
f 244/244 253/253 254/254
f 244/244 254/254 245/245
f 245/245 254/254 250/250
f 250/250 255/255 246/246
f 251/251 129/129 98/98
f 256/256 257/257 258/258
f 257/257 259/259 258/258
f 258/258 259/259 260/260
f 258/258 260/260 261/261
f 261/261 260/260 262/262
f 140/140 141/141 252/252
f 262/262 260/260 263/263
f 252/252 141/141 264/264
f 262/262 263/263 265/265
f 252/252 264/264 249/249
f 249/249 264/264 253/253
f 263/263 266/266 265/265
f 253/253 264/264 267/267
f 266/266 268/268 269/269
f 265/265 266/266 269/269
f 253/253 267/267 254/254
f 267/267 270/270 254/254
f 269/269 268/268 271/271
f 267/267 272/272 270/270
f 254/254 270/270 250/250
f 145/145 273/273 147/147
f 147/147 274/274 256/256
f 147/147 273/273 274/274
f 270/270 255/255 250/250
f 209/209 275/275 114/114
f 251/251 150/150 129/129
f 158/158 276/276 161/161
f 161/161 276/276 163/163
f 163/163 277/277 166/166
f 144/144 166/166 278/278
f 144/144 278/278 145/145
f 270/270 279/279 280/280
f 270/270 280/280 255/255
f 169/169 281/281 170/170
f 282/282 283/283 170/170
f 281/281 282/282 170/170
f 170/170 283/283 171/171
f 283/283 284/284 171/171
f 171/171 284/284 172/172
f 172/172 284/284 285/285
f 172/172 285/285 174/174
f 285/285 286/286 174/174
f 174/174 286/286 158/158
f 157/157 174/174 158/158
f 279/279 287/287 280/280
f 280/280 288/288 255/255
f 255/255 288/288 289/289
f 288/288 290/290 289/289
f 291/291 288/288 280/280
f 280/280 287/287 291/291
f 291/291 292/292 288/288
f 288/288 292/292 290/290
f 291/291 293/293 292/292
f 294/294 295/295 292/292
f 293/293 294/294 292/292
f 295/295 296/296 292/292
f 294/294 293/293 297/297
f 297/297 298/298 294/294
f 294/294 298/298 299/299
f 114/114 300/300 185/185
f 301/301 302/302 303/303
f 301/301 303/303 304/304
f 305/305 306/306 307/307
f 307/307 306/306 308/308
f 307/307 308/308 309/309
f 307/307 309/309 310/310
f 203/203 311/311 204/204
f 204/204 311/311 312/312
f 204/204 312/312 206/206
f 206/206 312/312 208/208
f 313/313 314/314 315/315
f 315/315 314/314 316/316
f 313/313 317/317 318/318
f 313/313 318/318 319/319
f 313/313 319/319 320/320
f 313/313 320/320 314/314
f 319/319 321/321 320/320
f 321/321 322/322 320/320
f 319/319 318/318 323/323
f 323/323 318/318 324/324
f 319/319 325/325 321/321
f 323/323 326/326 319/319
f 319/319 326/326 325/325
f 327/327 328/328 329/329
f 330/330 331/331 332/332
f 333/333 334/334 335/335
f 332/332 331/331 336/336
f 337/337 338/338 335/335
f 337/337 339/339 338/338
f 330/330 340/340 331/331
f 331/331 340/340 341/341
f 331/331 341/341 336/336
f 342/342 343/343 344/344
f 342/342 344/344 323/323
f 327/327 329/329 345/345
f 342/342 346/346 343/343
f 323/323 344/344 326/326
f 339/339 347/347 338/338
f 338/338 347/347 348/348
f 344/344 349/349 326/326
f 343/343 346/346 350/350
f 350/350 351/351 343/343
f 352/352 345/345 353/353
f 343/343 351/351 344/344
f 344/344 354/354 349/349
f 352/352 353/353 355/355
f 351/351 356/356 344/344
f 344/344 356/356 354/354
f 355/355 353/353 357/357
f 357/357 353/353 358/358
f 359/359 360/360 361/361
f 357/357 358/358 362/362
f 359/359 361/361 363/363
f 359/359 363/363 351/351
f 351/351 363/363 356/356
f 362/362 358/358 364/364
f 361/361 365/365 363/363
f 365/365 366/366 363/363
f 360/360 367/367 361/361
f 368/368 364/364 369/369
f 368/368 369/369 370/370
f 367/367 371/371 361/361
f 372/372 373/373 374/374
f 361/361 371/371 365/365
f 367/367 375/375 371/371
f 370/370 369/369 376/376
f 375/375 377/377 371/371
f 378/378 376/376 379/379
f 375/375 380/380 377/377
f 380/380 381/381 377/377
f 382/382 383/383 384/384
f 210/210 212/212 375/375
f 385/385 210/210 375/375
f 378/378 379/379 386/386
f 375/375 212/212 380/380
f 379/379 387/387 386/386
f 387/387 388/388 389/389
f 386/386 387/387 389/389
f 212/212 216/216 380/380
f 216/216 390/390 381/381
f 380/380 216/216 381/381
f 391/391 213/213 211/211
f 391/391 214/214 213/213
f 388/388 392/392 393/393
f 394/394 388/388 393/393
f 395/395 396/396 397/397
f 393/393 392/392 398/398
f 393/393 398/398 399/399
f 218/218 221/221 217/217
f 398/398 400/400 401/401
f 399/399 398/398 401/401
f 401/401 400/400 402/402
f 273/273 403/403 257/257
f 257/257 403/403 404/404
f 257/257 404/404 259/259
f 259/259 404/404 405/405
f 259/259 405/405 260/260
f 405/405 406/406 260/260
f 260/260 406/406 263/263
f 406/406 407/407 263/263
f 407/407 408/408 263/263
f 263/263 408/408 266/266
f 408/408 409/409 268/268
f 266/266 408/408 268/268
f 278/278 410/410 145/145
f 145/145 410/410 411/411
f 145/145 411/411 273/273
f 272/272 279/279 270/270
f 412/412 413/413 414/414
f 415/415 416/416 158/158
f 158/158 416/416 276/276
f 276/276 417/417 163/163
f 163/163 417/417 277/277
f 166/166 277/277 418/418
f 166/166 418/418 410/410
f 166/166 410/410 278/278
f 413/413 419/419 420/420
f 414/414 413/413 420/420
f 283/283 421/421 284/284
f 284/284 421/421 422/422
f 284/284 422/422 285/285
f 285/285 422/422 415/415
f 285/285 415/415 286/286
f 420/420 423/423 414/414
f 420/420 424/424 423/423
f 420/420 419/419 424/424
f 424/424 425/425 423/423
f 423/423 425/425 426/426
f 291/291 427/427 293/293
f 425/425 428/428 429/429
f 426/426 425/425 429/429
f 427/427 297/297 293/293
f 429/429 428/428 430/430
f 428/428 431/431 430/430
f 430/430 431/431 432/432
f 295/295 299/299 433/433
f 295/295 433/433 296/296
f 298/298 434/434 299/299
f 432/432 431/431 435/435
f 433/433 436/436 437/437
f 434/434 438/438 299/299
f 435/435 439/439 440/440
f 275/275 300/300 114/114
f 299/299 441/441 433/433
f 433/433 441/441 436/436
f 442/442 443/443 299/299
f 438/438 442/442 299/299
f 439/439 444/444 445/445
f 440/440 439/439 445/445
f 299/299 443/443 441/441
f 441/441 446/446 436/436
f 446/446 447/447 448/448
f 436/436 446/446 448/448
f 444/444 449/449 445/445
f 445/445 449/449 450/450
f 443/443 451/451 441/441
f 441/441 451/451 446/446
f 449/449 452/452 450/450
f 451/451 453/453 446/446
f 446/446 453/453 447/447
f 447/447 453/453 454/454
f 443/443 455/455 451/451
f 450/450 452/452 456/456
f 452/452 457/457 456/456
f 456/456 457/457 458/458
f 451/451 459/459 453/453
f 458/458 457/457 460/460
f 453/453 461/461 462/462
f 453/453 462/462 454/454
f 459/459 463/463 453/453
f 453/453 463/463 461/461
f 457/457 464/464 460/460
f 460/460 464/464 465/465
f 463/463 466/466 461/461
f 466/466 467/467 461/461
f 467/467 468/468 461/461
f 464/464 469/469 465/465
f 463/463 470/470 466/466
f 467/467 471/471 468/468
f 472/472 473/473 474/474
f 472/472 475/475 473/473
f 474/474 476/476 477/477
f 472/472 474/474 477/477
f 470/470 478/478 466/466
f 469/469 479/479 480/480
f 466/466 478/478 467/467
f 467/467 481/481 471/471
f 482/482 483/483 484/484
f 482/482 484/484 485/485
f 486/486 487/487 474/474
f 473/473 486/486 474/474
f 474/474 487/487 476/476
f 476/476 488/488 477/477
f 477/477 488/488 489/489
f 478/478 481/481 467/467
f 481/481 490/490 471/471
f 491/491 492/492 493/493
f 491/491 493/493 486/486
f 486/486 493/493 487/487
f 478/478 494/494 481/481
f 479/479 495/495 496/496
f 480/480 479/479 496/496
f 481/481 497/497 490/490
f 492/492 498/498 301/301
f 301/301 498/498 302/302
f 487/487 303/303 499/499
f 487/487 499/499 476/476
f 476/476 499/499 488/488
f 499/499 500/500 489/489
f 488/488 499/499 489/489
f 302/302 305/305 303/303
f 302/302 498/498 501/501
f 302/302 501/501 305/305
f 303/303 305/305 310/310
f 303/303 310/310 499/499
f 499/499 310/310 500/500
f 494/494 502/502 481/481
f 481/481 502/502 497/497
f 502/502 503/503 504/504
f 497/497 502/502 504/504
f 501/501 505/505 306/306
f 305/305 501/501 306/306
f 310/310 506/506 500/500
f 306/306 507/507 308/308
f 306/306 505/505 508/508
f 306/306 508/508 507/507
f 507/507 508/508 308/308
f 509/509 510/510 310/310
f 310/310 510/510 506/506
f 511/511 512/512 513/513
f 496/496 495/495 514/514
f 502/502 515/515 503/503
f 503/503 515/515 516/516
f 517/517 518/518 309/309
f 308/308 517/517 309/309
f 308/308 508/508 517/517
f 518/518 519/519 509/509
f 309/309 518/518 509/509
f 509/509 519/519 510/510
f 520/520 521/521 522/522
f 495/495 523/523 514/514
f 502/502 524/524 515/515
f 502/502 525/525 524/524
f 502/502 526/526 525/525
f 524/524 527/527 515/515
f 515/515 527/527 528/528
f 526/526 529/529 525/525
f 525/525 530/530 527/527
f 524/524 525/525 527/527
f 530/530 531/531 527/527
f 312/312 532/532 208/208
f 533/533 534/534 535/535
f 536/536 537/537 538/538
f 539/539 316/316 540/540
f 541/541 542/542 543/543
f 536/536 538/538 544/544
f 536/536 544/544 545/545
f 314/314 546/546 316/316
f 316/316 546/546 547/547
f 316/316 547/547 540/540
f 548/548 549/549 550/550
f 320/320 551/551 314/314
f 314/314 551/551 552/552
f 314/314 552/552 546/546
f 553/553 554/554 555/555
f 556/556 553/553 555/555
f 544/544 557/557 545/545
f 320/320 322/322 558/558
f 320/320 558/558 551/551
f 559/559 560/560 561/561
f 543/543 562/562 541/541
f 321/321 563/563 322/322
f 545/545 557/557 328/328
f 564/564 332/332 565/565
f 565/565 566/566 564/564
f 332/332 567/567 568/568
f 565/565 332/332 568/568
f 541/541 562/562 68/68
f 569/569 570/570 571/571
f 572/572 333/333 573/573
f 572/572 574/574 333/333
f 332/332 575/575 567/567
f 333/333 574/574 334/334
f 575/575 336/336 567/567
f 576/576 577/577 578/578
f 334/334 574/574 339/339
f 329/329 579/579 345/345
f 339/339 580/580 347/347
f 340/340 581/581 341/341
f 341/341 582/582 336/336
f 577/577 583/583 578/578
f 580/580 584/584 585/585
f 580/580 585/585 347/347
f 347/347 585/585 586/586
f 347/347 586/586 348/348
f 587/587 588/588 341/341
f 581/581 587/587 341/341
f 341/341 588/588 582/582
f 583/583 589/589 578/578
f 68/68 562/562 590/590
f 345/345 579/579 591/591
f 584/584 592/592 593/593
f 584/584 593/593 585/585
f 584/584 594/594 592/592
f 585/585 593/593 586/586
f 595/595 589/589 583/583
f 595/595 596/596 589/589
f 345/345 591/591 353/353
f 597/597 598/598 599/599
f 599/599 600/600 601/601
f 599/599 598/598 602/602
f 599/599 602/602 600/600
f 587/587 603/603 588/588
f 602/602 604/604 600/600
f 353/353 605/605 358/358
f 358/358 605/605 364/364
f 606/606 373/373 607/607
f 608/608 609/609 610/610
f 388/388 387/387 392/392
f 400/400 398/398 611/611
f 611/611 612/612 402/402
f 400/400 611/611 402/402
f 273/273 613/613 403/403
f 613/613 614/614 403/403
f 403/403 614/614 404/404
f 407/407 615/615 408/408
f 408/408 615/615 409/409
f 409/409 616/616 268/268
f 268/268 616/616 271/271
f 410/410 617/617 411/411
f 411/411 618/618 273/273
f 415/415 619/619 620/620
f 415/415 620/620 416/416
f 416/416 621/621 276/276
f 276/276 621/621 417/417
f 418/418 622/622 410/410
f 413/413 623/623 419/419
f 282/282 624/624 625/625
f 282/282 625/625 283/283
f 422/422 619/619 415/415
f 444/444 626/626 449/449
f 626/626 627/627 449/449
f 449/449 627/627 452/452
f 452/452 627/627 457/457
f 464/464 628/628 469/469
f 475/475 472/472 629/629
f 630/630 631/631 632/632
f 629/629 472/472 633/633
f 633/633 634/634 635/635
f 636/636 483/483 482/482
f 637/637 473/473 475/475
f 469/469 628/628 638/638
f 469/469 638/638 479/479
f 483/483 636/636 484/484
f 639/639 640/640 641/641
f 642/642 643/643 644/644
f 185/185 645/645 190/190
f 479/479 638/638 495/495
f 644/644 643/643 646/646
f 492/492 647/647 498/498
f 495/495 638/638 648/648
f 647/647 649/649 501/501
f 498/498 647/647 501/501
f 503/503 650/650 651/651
f 504/504 503/503 651/651
f 501/501 649/649 505/505
f 505/505 652/652 508/508
f 653/653 654/654 655/655
f 648/648 656/656 495/495
f 516/516 657/657 658/658
f 658/658 657/657 659/659
f 660/660 661/661 662/662
f 660/660 662/662 653/653
f 655/655 654/654 663/663
f 663/663 654/654 664/664
f 663/663 664/664 665/665
f 665/665 664/664 666/666
f 665/665 666/666 521/521
f 521/521 666/666 667/667
f 521/521 667/667 522/522
f 495/495 656/656 523/523
f 656/656 668/668 669/669
f 523/523 656/656 669/669
f 529/529 530/530 525/525
f 670/670 671/671 672/672
f 671/671 673/673 674/674
f 672/672 671/671 674/674
f 645/645 675/675 190/190
f 190/190 675/675 198/198
f 533/533 676/676 677/677
f 549/549 678/678 679/679
f 549/549 679/679 550/550
f 680/680 681/681 554/554
f 553/553 680/680 554/554
f 682/682 683/683 684/684
f 685/685 686/686 687/687
f 682/682 684/684 688/688
f 684/684 689/689 688/688
f 688/688 689/689 690/690
f 560/560 691/691 692/692
f 683/683 693/693 684/684
f 684/684 693/693 689/689
f 694/694 695/695 696/696
f 543/543 697/697 562/562
f 698/698 681/681 699/699
f 698/698 700/700 683/683
f 683/683 700/700 693/693
f 693/693 700/700 565/565
f 693/693 565/565 689/689
f 689/689 565/565 568/568
f 701/701 702/702 696/696
f 695/695 701/701 696/696
f 699/699 703/703 704/704
f 699/699 704/704 698/698
f 698/698 704/704 700/700
f 705/705 706/706 572/572
f 700/700 566/566 565/565
f 557/557 707/707 329/329
f 708/708 709/709 706/706
f 710/710 708/708 706/706
f 706/706 709/709 711/711
f 711/711 574/574 572/572
f 706/706 711/711 572/572
f 569/569 712/712 570/570
f 569/569 713/713 712/712
f 713/713 714/714 712/712
f 709/709 580/580 711/711
f 711/711 580/580 574/574
f 329/329 707/707 579/579
f 715/715 716/716 717/717
f 715/715 718/718 716/716
f 709/709 719/719 580/580
f 720/720 721/721 722/722
f 719/719 584/584 580/580
f 722/722 721/721 723/723
f 719/719 724/724 594/594
f 719/719 594/594 584/584
f 723/723 725/725 726/726
f 723/723 726/726 727/727
f 596/596 728/728 589/589
f 727/727 726/726 729/729
f 727/727 729/729 597/597
f 597/597 729/729 598/598
f 602/602 730/730 604/604
f 562/562 731/731 590/590
f 591/591 732/732 353/353
f 353/353 733/733 605/605
f 731/731 734/734 590/590
f 607/607 735/735 736/736
f 609/609 737/737 610/610
f 376/376 738/738 379/379
f 734/734 739/739 209/209
f 392/392 740/740 398/398
f 398/398 740/740 611/611
f 611/611 741/741 612/612
f 741/741 742/742 743/743
f 612/612 741/741 743/743
f 209/209 739/739 275/275
f 614/614 744/744 404/404
f 404/404 744/744 405/405
f 405/405 744/744 406/406
f 406/406 744/744 745/745
f 406/406 745/745 407/407
f 407/407 745/745 615/615
f 615/615 746/746 409/409
f 409/409 746/746 616/616
f 616/616 747/747 271/271
f 410/410 748/748 617/617
f 617/617 749/749 411/411
f 750/750 623/623 413/413
f 412/412 750/750 413/413
f 619/619 751/751 620/620
f 620/620 752/752 416/416
f 416/416 752/752 621/621
f 621/621 753/753 417/417
f 417/417 754/754 277/277
f 277/277 754/754 418/418
f 418/418 754/754 622/622
f 622/622 748/748 410/410
f 625/625 755/755 283/283
f 283/283 755/755 421/421
f 421/421 756/756 422/422
f 756/756 619/619 422/422
f 739/739 757/757 275/275
f 419/419 758/758 424/424
f 424/424 758/758 425/425
f 757/757 759/759 275/275
f 428/428 760/760 431/431
f 759/759 761/761 275/275
f 431/431 762/762 435/435
f 435/435 762/762 439/439
f 439/439 762/762 444/444
f 761/761 763/763 275/275
f 275/275 763/763 300/300
f 457/457 764/764 464/464
f 763/763 765/765 300/300
f 766/766 767/767 636/636
f 632/632 766/766 636/636
f 767/767 768/768 484/484
f 636/636 767/767 484/484
f 639/639 769/769 640/640
f 770/770 771/771 646/646
f 770/770 646/646 643/643
f 772/772 773/773 771/771
f 770/770 772/772 771/771
f 638/638 774/774 648/648
f 775/775 651/651 776/776
f 651/651 777/777 778/778
f 776/776 651/651 778/778
f 650/650 779/779 777/777
f 651/651 650/650 777/777
f 779/779 650/650 659/659
f 648/648 780/780 656/656
f 781/781 782/782 662/662
f 661/661 781/781 662/662
f 653/653 662/662 654/654
f 662/662 782/782 783/783
f 662/662 783/783 654/654
f 654/654 783/783 784/784
f 654/654 784/784 664/664
f 664/664 784/784 666/666
f 785/785 786/786 512/512
f 666/666 787/787 667/667
f 656/656 780/780 668/668
f 670/670 788/788 671/671
f 788/788 789/789 671/671
f 671/671 789/789 673/673
f 673/673 789/789 790/790
f 311/311 791/791 312/312
f 791/791 532/532 312/312
f 792/792 793/793 794/794
f 538/538 795/795 544/544
f 544/544 795/795 796/796
f 797/797 687/687 686/686
f 798/798 797/797 686/686
f 544/544 796/796 557/557
f 680/680 692/692 681/681
f 691/691 699/699 692/692
f 692/692 699/699 681/681
f 557/557 796/796 707/707
f 799/799 703/703 699/699
f 691/691 799/799 699/699
f 799/799 800/800 801/801
f 799/799 801/801 703/703
f 703/703 801/801 715/715
f 801/801 718/718 715/715
f 713/713 802/802 714/714
f 803/803 804/804 805/805
f 800/800 806/806 801/801
f 807/807 808/808 805/805
f 804/804 807/807 805/805
f 801/801 806/806 718/718
f 713/713 809/809 810/810
f 713/713 810/810 802/802
f 811/811 721/721 720/720
f 805/805 811/811 720/720
f 805/805 808/808 812/812
f 805/805 812/812 811/811
f 812/812 813/813 721/721
f 811/811 812/812 721/721
f 721/721 813/813 725/725
f 725/725 814/814 726/726
f 596/596 815/815 728/728
f 591/591 816/816 732/732
f 814/814 817/817 729/729
f 726/726 814/814 729/729
f 730/730 818/818 604/604
f 729/729 817/817 598/598
f 598/598 819/819 602/602
f 353/353 732/732 733/733
f 364/364 820/820 369/369
f 369/369 820/820 376/376
f 820/820 738/738 376/376
f 738/738 821/821 379/379
f 379/379 821/821 387/387
f 821/821 392/392 387/387
f 392/392 822/822 740/740
f 613/613 823/823 614/614
f 823/823 824/824 614/614
f 614/614 824/824 744/744
f 824/824 825/825 744/744
f 744/744 825/825 745/745
f 745/745 825/825 826/826
f 745/745 826/826 615/615
f 826/826 746/746 615/615
f 748/748 749/749 617/617
f 411/411 749/749 618/618
f 756/756 827/827 619/619
f 619/619 827/827 751/751
f 620/620 751/751 828/828
f 620/620 828/828 752/752
f 752/752 753/753 621/621
f 417/417 753/753 829/829
f 417/417 829/829 754/754
f 754/754 829/829 622/622
f 624/624 830/830 625/625
f 625/625 830/830 755/755
f 421/421 755/755 756/756
f 419/419 623/623 758/758
f 758/758 831/831 425/425
f 760/760 832/832 431/431
f 431/431 832/832 762/762
f 627/627 764/764 457/457
f 764/764 833/833 464/464
f 464/464 833/833 628/628
f 766/766 632/632 631/631
f 766/766 834/834 767/767
f 628/628 774/774 638/638
f 767/767 834/834 835/835
f 767/767 835/835 768/768
f 836/836 772/772 643/643
f 836/836 643/643 768/768
f 836/836 837/837 772/772
f 838/838 773/773 772/772
f 648/648 774/774 780/780
f 781/781 839/839 782/782
f 839/839 840/840 783/783
f 782/782 839/839 783/783
f 783/783 840/840 784/784
f 784/784 787/787 666/666
f 784/784 841/841 787/787
f 780/780 842/842 668/668
f 843/843 844/844 670/670
f 845/845 843/843 670/670
f 670/670 844/844 788/788
f 537/537 846/846 538/538
f 847/847 848/848 849/849
f 847/847 850/850 848/848
f 807/807 851/851 852/852
f 807/807 852/852 808/808
f 707/707 816/816 579/579
f 809/809 853/853 810/810
f 852/852 854/854 812/812
f 808/808 852/852 812/812
f 812/812 854/854 813/813
f 854/854 855/855 813/813
f 815/815 856/856 728/728
f 730/730 857/857 818/818
f 817/817 858/858 598/598
f 598/598 858/858 819/819
f 732/732 859/859 733/733
f 733/733 859/859 605/605
f 859/859 860/860 364/364
f 605/605 859/859 364/364
f 364/364 860/860 820/820
f 821/821 861/861 392/392
f 392/392 861/861 822/822
f 822/822 862/862 740/740
f 863/863 864/864 865/865
f 862/862 866/866 740/740
f 740/740 866/866 611/611
f 611/611 867/867 741/741
f 868/868 869/869 870/870
f 741/741 867/867 871/871
f 741/741 871/871 742/742
f 872/872 873/873 825/825
f 825/825 873/873 826/826
f 826/826 873/873 874/874
f 826/826 874/874 746/746
f 746/746 874/874 875/875
f 746/746 875/875 616/616
f 875/875 876/876 747/747
f 616/616 875/875 747/747
f 748/748 877/877 749/749
f 877/877 878/878 749/749
f 749/749 878/878 879/879
f 879/879 823/823 618/618
f 749/749 879/879 618/618
f 613/613 618/618 823/823
f 823/823 880/880 824/824
f 824/824 880/880 825/825
f 750/750 881/881 623/623
f 755/755 882/882 756/756
f 827/827 883/883 751/751
f 883/883 828/828 751/751
f 828/828 884/884 752/752
f 752/752 884/884 753/753
f 884/884 885/885 753/753
f 753/753 885/885 829/829
f 755/755 830/830 882/882
f 739/739 886/886 757/757
f 758/758 887/887 831/831
f 831/831 760/760 425/425
f 425/425 760/760 428/428
f 832/832 888/888 762/762
f 762/762 888/888 444/444
f 444/444 888/888 626/626
f 626/626 889/889 627/627
f 890/890 891/891 834/834
f 766/766 890/890 834/834
f 834/834 891/891 892/892
f 833/833 893/893 774/774
f 628/628 833/833 774/774
f 834/834 892/892 835/835
f 774/774 894/894 780/780
f 781/781 895/895 896/896
f 781/781 896/896 839/839
f 839/839 896/896 897/897
f 839/839 897/897 840/840
f 897/897 898/898 840/840
f 840/840 898/898 899/899
f 900/900 901/901 786/786
f 902/902 903/903 790/790
f 789/789 902/902 790/790
f 846/846 904/904 538/538
f 538/538 904/904 795/795
f 905/905 906/906 907/907
f 707/707 908/908 816/816
f 909/909 910/910 852/852
f 910/910 911/911 854/854
f 852/852 910/910 854/854
f 854/854 911/911 912/912
f 912/912 913/913 855/855
f 854/854 912/912 855/855
f 914/914 814/814 855/855
f 855/855 913/913 914/914
f 914/914 915/915 814/814
f 815/815 916/916 856/856
f 816/816 917/917 732/732
f 915/915 918/918 817/817
f 814/814 915/915 817/817
f 857/857 919/919 818/818
f 817/817 918/918 858/858
f 732/732 917/917 859/859
f 738/738 920/920 821/821
f 821/821 920/920 921/921
f 821/821 921/921 861/861
f 861/861 922/922 822/822
f 923/923 924/924 925/925
f 926/926 927/927 928/928
f 611/611 866/866 867/867
f 871/871 867/867 929/929
f 867/867 930/930 929/929
f 929/929 930/930 931/931
f 930/930 932/932 881/881
f 931/931 930/930 881/881
f 933/933 934/934 935/935
f 881/881 932/932 623/623
f 936/936 937/937 882/882
f 882/882 937/937 756/756
f 756/756 937/937 827/827
f 827/827 938/938 883/883
f 938/938 939/939 883/883
f 883/883 939/939 940/940
f 935/935 941/941 942/942
f 933/933 935/935 942/942
f 943/943 944/944 829/829
f 885/885 943/943 829/829
f 829/829 945/945 622/622
f 622/622 945/945 748/748
f 748/748 945/945 877/877
f 877/877 946/946 947/947
f 877/877 947/947 878/878
f 624/624 948/948 949/949
f 624/624 949/949 830/830
f 830/830 949/949 936/936
f 830/830 936/936 882/882
f 623/623 932/932 887/887
f 623/623 887/887 758/758
f 760/760 950/950 832/832
f 888/888 889/889 626/626
f 889/889 951/951 627/627
f 627/627 951/951 764/764
f 891/891 952/952 892/892
f 953/953 954/954 955/955
f 893/893 956/956 774/774
f 957/957 958/958 959/959
f 774/774 956/956 894/894
f 896/896 960/960 897/897
f 897/897 960/960 961/961
f 897/897 961/961 898/898
f 898/898 961/961 899/899
f 899/899 962/962 963/963
f 899/899 961/961 962/962
f 765/765 964/964 645/645
f 964/964 675/675 645/645
f 894/894 965/965 842/842
f 780/780 894/894 842/842
f 966/966 967/967 844/844
f 843/843 966/966 844/844
f 844/844 967/967 968/968
f 844/844 968/968 788/788
f 788/788 968/968 789/789
f 789/789 968/968 902/902
f 906/906 969/969 970/970
f 906/906 970/970 907/907
f 795/795 971/971 796/796
f 909/909 972/972 910/910
f 973/973 974/974 975/975
f 972/972 976/976 910/910
f 908/908 977/977 816/816
f 910/910 976/976 911/911
f 914/914 913/913 915/915
f 816/816 977/977 917/917
f 915/915 978/978 918/918
f 857/857 979/979 980/980
f 857/857 980/980 919/919
f 918/918 981/981 858/858
f 858/858 981/981 819/819
f 917/917 982/982 859/859
f 822/822 922/922 862/862
f 983/983 926/926 984/984
f 924/924 985/985 986/986
f 987/987 988/988 989/989
f 866/866 990/990 867/867
f 867/867 990/990 930/930
f 991/991 992/992 993/993
f 36/36 39/39 994/994
f 995/995 996/996 934/934
f 997/997 998/998 999/999
f 1000/1000 1001/1001 1002/1002
f 930/930 990/990 1003/1003
f 930/930 1003/1003 932/932
f 1004/1004 1005/1005 937/937
f 936/936 1004/1004 937/937
f 1005/1005 1006/1006 937/937
f 1006/1006 1007/1007 827/827
f 937/937 1006/1006 827/827
f 827/827 1007/1007 1008/1008
f 827/827 1008/1008 938/938
f 945/945 1009/1009 877/877
f 877/877 1009/1009 946/946
f 948/948 1010/1010 949/949
f 949/949 1010/1010 1011/1011
f 949/949 1011/1011 936/936
f 950/950 1012/1012 832/832
f 832/832 1012/1012 888/888
f 764/764 1013/1013 833/833
f 1014/1014 1015/1015 891/891
f 890/890 1014/1014 891/891
f 833/833 1013/1013 893/893
f 891/891 1015/1015 952/952
f 952/952 1015/1015 1016/1016
f 952/952 1016/1016 1017/1017
f 1017/1017 1016/1016 1018/1018
f 1017/1017 1018/1018 1019/1019
f 1020/1020 1021/1021 959/959
f 958/958 1020/1020 959/959
f 956/956 1022/1022 894/894
f 895/895 1023/1023 1024/1024
f 895/895 1024/1024 896/896
f 1024/1024 1025/1025 960/960
f 896/896 1024/1024 960/960
f 960/960 1025/1025 1026/1026
f 960/960 1026/1026 961/961
f 1026/1026 1027/1027 961/961
f 961/961 1027/1027 1028/1028
f 961/961 1028/1028 962/962
f 894/894 1022/1022 965/965
f 968/968 1029/1029 902/902
f 902/902 1029/1029 903/903
f 675/675 1030/1030 198/198
f 1031/1031 1032/1032 203/203
f 203/203 1033/1033 311/311
f 311/311 1033/1033 791/791
f 846/846 1034/1034 904/904
f 1034/1034 795/795 904/904
f 1035/1035 1036/1036 1037/1037
f 1038/1038 1039/1039 1040/1040
f 969/969 1041/1041 970/970
f 795/795 1042/1042 971/971
f 1043/1043 1044/1044 1045/1045
f 1045/1045 1046/1046 1047/1047
f 971/971 1048/1048 908/908
f 1048/1048 1049/1049 908/908
f 1046/1046 1050/1050 1051/1051
f 1047/1047 1046/1046 1051/1051
f 1050/1050 1052/1052 1051/1051
f 908/908 1049/1049 977/977
f 974/974 1053/1053 975/975
f 974/974 1054/1054 1053/1053
f 1055/1055 1056/1056 1057/1057
f 1058/1058 1059/1059 913/913
f 912/912 1058/1058 913/913
f 1059/1059 1060/1060 913/913
f 913/913 1060/1060 915/915
f 916/916 1061/1061 1062/1062
f 916/916 1062/1062 856/856
f 562/562 1063/1063 731/731
f 977/977 1064/1064 917/917
f 1065/1065 1066/1066 1067/1067
f 915/915 1060/1060 978/978
f 978/978 981/981 918/918
f 979/979 981/981 980/980
f 917/917 1064/1064 982/982
f 982/982 1068/1068 859/859
f 859/859 1068/1068 860/860
f 860/860 1069/1069 820/820
f 1069/1069 1070/1070 738/738
f 820/820 1069/1069 738/738
f 738/738 1071/1071 920/920
f 1071/1071 1072/1072 920/920
f 920/920 1072/1072 921/921
f 921/921 1073/1073 861/861
f 861/861 1073/1073 922/922
f 1073/1073 862/862 922/922
f 1074/1074 1075/1075 1076/1076
f 1076/1076 1075/1075 1077/1077
f 1077/1077 1075/1075 1078/1078
f 1074/1074 1079/1079 1075/1075
f 1075/1075 1079/1079 1080/1080
f 1080/1080 1081/1081 1078/1078
f 1075/1075 1080/1080 1078/1078
f 1081/1081 1082/1082 1083/1083
f 1078/1078 1081/1081 1083/1083
f 1081/1081 1084/1084 1082/1082
f 1082/1082 1084/1084 1085/1085
f 1085/1085 1084/1084 1086/1086
f 866/866 862/862 1087/1087
f 1079/1079 1088/1088 1080/1080
f 1084/1084 1089/1089 1086/1086
f 1086/1086 1089/1089 1090/1090
f 1086/1086 1090/1090 1091/1091
f 1080/1080 1088/1088 1081/1081
f 1081/1081 1088/1088 1092/1092
f 1081/1081 1092/1092 1084/1084
f 1092/1092 1093/1093 1089/1089
f 1084/1084 1092/1092 1089/1089
f 1089/1089 1093/1093 1090/1090
f 1093/1093 1094/1094 1090/1090
f 1088/1088 1095/1095 1096/1096
f 1088/1088 1096/1096 1092/1092
f 1092/1092 1096/1096 1097/1097
f 1092/1092 1097/1097 1093/1093
f 866/866 1087/1087 990/990
f 1098/1098 1099/1099 1100/1100
f 1100/1100 1099/1099 1101/1101
f 1100/1100 1101/1101 1102/1102
f 1103/1103 1104/1104 1105/1105
f 1087/1087 1106/1106 990/990
f 1104/1104 1107/1107 1108/1108
f 1109/1109 1110/1110 992/992
f 991/991 1109/1109 992/992
f 1107/1107 1111/1111 1112/1112
f 1107/1107 1112/1112 1108/1108
f 1113/1113 934/934 996/996
f 990/990 1106/1106 1003/1003
f 1111/1111 1114/1114 1112/1112
f 1115/1115 1116/1116 1114/1114
f 1111/1111 1115/1115 1114/1114
f 1116/1116 1117/1117 1114/1114
f 1113/1113 935/935 934/934
f 1005/1005 1118/1118 1119/1119
f 1005/1005 1119/1119 1006/1006
f 1006/1006 1119/1119 1120/1120
f 1006/1006 1120/1120 1007/1007
f 944/944 1121/1121 829/829
f 1121/1121 1009/1009 945/945
f 829/829 1121/1121 945/945
f 946/946 1122/1122 947/947
f 1003/1003 1106/1106 932/932
f 1123/1123 1124/1124 1125/1125
f 1123/1123 1125/1125 1126/1126
f 1127/1127 1128/1128 1129/1129
f 1130/1130 1127/1127 1129/1129
f 1128/1128 1131/1131 1124/1124
f 1129/1129 1128/1128 1124/1124
f 1124/1124 1131/1131 1125/1125
f 1128/1128 1132/1132 1131/1131
f 1131/1131 1132/1132 1125/1125
f 1125/1125 1132/1132 1133/1133
f 932/932 1106/1106 887/887
f 1128/1128 1134/1134 1132/1132
f 1132/1132 1134/1134 1135/1135
f 1132/1132 1135/1135 1136/1136
f 1136/1136 1137/1137 1133/1133
f 1132/1132 1136/1136 1133/1133
f 1138/1138 1134/1134 1128/1128
f 1127/1127 1138/1138 1128/1128
f 1136/1136 1139/1139 1137/1137
f 887/887 1140/1140 831/831
f 1138/1138 1141/1141 1134/1134
f 1134/1134 1141/1141 1142/1142
f 1134/1134 1142/1142 1135/1135
f 1135/1135 1142/1142 1143/1143
f 1135/1135 1143/1143 1136/1136
f 1136/1136 1143/1143 1139/1139
f 1144/1144 1145/1145 1139/1139
f 831/831 1140/1140 1146/1146
f 1138/1138 1147/1147 1141/1141
f 1143/1143 1144/1144 1139/1139
f 831/831 1146/1146 760/760
f 1141/1141 1148/1148 1142/1142
f 1142/1142 1148/1148 1149/1149
f 1142/1142 1149/1149 1143/1143
f 1143/1143 1149/1149 1144/1144
f 1147/1147 1150/1150 1151/1151
f 1147/1147 1151/1151 1141/1141
f 1150/1150 1152/1152 1151/1151
f 1141/1141 1151/1151 1148/1148
f 1151/1151 1152/1152 1148/1148
f 1153/1153 1154/1154 1155/1155
f 1155/1155 1154/1154 1156/1156
f 760/760 1146/1146 950/950
f 950/950 1157/1157 1012/1012
f 1012/1012 1157/1157 1158/1158
f 1012/1012 1158/1158 888/888
f 1159/1159 1160/1160 1161/1161
f 1161/1161 1160/1160 1162/1162
f 888/888 1163/1163 1164/1164
f 888/888 1164/1164 889/889
f 1164/1164 1165/1165 889/889
f 889/889 1165/1165 951/951
f 951/951 1166/1166 764/764
f 764/764 1166/1166 1167/1167
f 764/764 1167/1167 1013/1013
f 1168/1168 1169/1169 1170/1170
f 1171/1171 1172/1172 1173/1173
f 1173/1173 1172/1172 1174/1174
f 1015/1015 1014/1014 1175/1175
f 1013/1013 1176/1176 893/893
f 1174/1174 1177/1177 1178/1178
f 1015/1015 1175/1175 1016/1016
f 1016/1016 1020/1020 1018/1018
f 1178/1178 1177/1177 1179/1179
f 893/893 1180/1180 956/956
f 1181/1181 1182/1182 1183/1183
f 1180/1180 1184/1184 956/956
f 1185/1185 1186/1186 1187/1187
f 1187/1187 1186/1186 1188/1188
f 956/956 1184/1184 1189/1189
f 956/956 1189/1189 1022/1022
f 1190/1190 1025/1025 1024/1024
f 1191/1191 1192/1192 1193/1193
f 1022/1022 1194/1194 965/965
f 968/968 967/967 1029/1029
f 1195/1195 1196/1196 1197/1197
f 1195/1195 1197/1197 1046/1046
f 1197/1197 1198/1198 1046/1046
f 1046/1046 1198/1198 1050/1050
f 1050/1050 1199/1199 1200/1200
f 1200/1200 1199/1199 1201/1201
f 1200/1200 1201/1201 1202/1202
f 1203/1203 1204/1204 1205/1205
f 978/978 1206/1206 981/981
f 1207/1207 1208/1208 1209/1209
f 1207/1207 1209/1209 1203/1203
f 1210/1210 1211/1211 1212/1212
f 1212/1212 1211/1211 1213/1213
f 1214/1214 1094/1094 1215/1215
f 1214/1214 1215/1215 1216/1216
f 1093/1093 1217/1217 1094/1094
f 1217/1217 1218/1218 1094/1094
f 1094/1094 1218/1218 1215/1215
f 1215/1215 1218/1218 1219/1219
f 1220/1220 1221/1221 1222/1222
f 1217/1217 1223/1223 1218/1218
f 1218/1218 1223/1223 1224/1224
f 1224/1224 1225/1225 1219/1219
f 1218/1218 1224/1224 1219/1219
f 1226/1226 1227/1227 1228/1228
f 1229/1229 1230/1230 1224/1224
f 1223/1223 1229/1229 1224/1224
f 1224/1224 1230/1230 1231/1231
f 1224/1224 1231/1231 1225/1225
f 1230/1230 1232/1232 1231/1231
f 1109/1109 1233/1233 1234/1234
f 1109/1109 1234/1234 1110/1110
f 1109/1109 1235/1235 1233/1233
f 1236/1236 1237/1237 935/935
f 1113/1113 1236/1236 935/935
f 1233/1233 1238/1238 1239/1239
f 1233/1233 1239/1239 1234/1234
f 1235/1235 1240/1240 1238/1238
f 1233/1233 1235/1235 1238/1238
f 1241/1241 1242/1242 1243/1243
f 1238/1238 1240/1240 1239/1239
f 1116/1116 1243/1243 1244/1244
f 1116/1116 1244/1244 1117/1117
f 1242/1242 1245/1245 1244/1244
f 1243/1243 1242/1242 1244/1244
f 1246/1246 1247/1247 1248/1248
f 1119/1119 1249/1249 1120/1120
f 935/935 1237/1237 941/941
f 1250/1250 1251/1251 1252/1252
f 1250/1250 1252/1252 1246/1246
f 1246/1246 1252/1252 1253/1253
f 1251/1251 1133/1133 1252/1252
f 1253/1253 1254/1254 1255/1255
f 1133/1133 1254/1254 1253/1253
f 1252/1252 1133/1133 1253/1253
f 1133/1133 1256/1256 1254/1254
f 1256/1256 1257/1257 1254/1254
f 1137/1137 1256/1256 1133/1133
f 1256/1256 1258/1258 1257/1257
f 1259/1259 1258/1258 1256/1256
f 1137/1137 1259/1259 1256/1256
f 1260/1260 1261/1261 1262/1262
f 1261/1261 1263/1263 1262/1262
f 1137/1137 1264/1264 1259/1259
f 1154/1154 1265/1265 1156/1156
f 1266/1266 1156/1156 1265/1265
f 1267/1267 1268/1268 1269/1269
f 1267/1267 1269/1269 1153/1153
f 1269/1269 1154/1154 1153/1153
f 1014/1014 1270/1270 1271/1271
f 1014/1014 1271/1271 1175/1175
f 1271/1271 1272/1272 1016/1016
f 1175/1175 1271/1271 1016/1016
f 1273/1273 1274/1274 1182/1182
f 1016/1016 1272/1272 1020/1020
f 1275/1275 1276/1276 1277/1277
f 1182/1182 1274/1274 1278/1278
f 1182/1182 1278/1278 1183/1183
f 1276/1276 1279/1279 1277/1277
f 1278/1278 1280/1280 1183/1183
f 1183/1183 1280/1280 1186/1186
f 1186/1186 1280/1280 1188/1188
f 1190/1190 1281/1281 1282/1282
f 1190/1190 1282/1282 1025/1025
f 1283/1283 1284/1284 1279/1279
f 1282/1282 1285/1285 1026/1026
f 1025/1025 1282/1282 1026/1026
f 1285/1285 1027/1027 1026/1026
f 1027/1027 1285/1285 1028/1028
f 1286/1286 1287/1287 1197/1197
f 1287/1287 1288/1288 1197/1197
f 1050/1050 1198/1198 1199/1199
f 1225/1225 1289/1289 1290/1290
f 1219/1219 1225/1225 1290/1290
f 1225/1225 1231/1231 1291/1291
f 1225/1225 1291/1291 1289/1289
f 1291/1291 1292/1292 1289/1289
f 1231/1231 1293/1293 1291/1291
f 1232/1232 1294/1294 1293/1293
f 1295/1295 1296/1296 1297/1297
f 1241/1241 1298/1298 1242/1242
f 1242/1242 1299/1299 1245/1245
f 1300/1300 1301/1301 943/943
f 943/943 1301/1301 944/944
f 1121/1121 1302/1302 1009/1009
f 1009/1009 1302/1302 946/946
f 946/946 1302/1302 1122/1122
f 1247/1247 1303/1303 1248/1248
f 1303/1303 1255/1255 1304/1304
f 1257/1257 1305/1305 1255/1255
f 1255/1255 1305/1305 1306/1306
f 1255/1255 1306/1306 1304/1304
f 1257/1257 1307/1307 1305/1305
f 1305/1305 1308/1308 1306/1306
f 1307/1307 1309/1309 1310/1310
f 1311/1311 1312/1312 1313/1313
f 1314/1314 1311/1311 1313/1313
f 1307/1307 1310/1310 1315/1315
f 1307/1307 1315/1315 1305/1305
f 1305/1305 1315/1315 1316/1316
f 1305/1305 1316/1316 1308/1308
f 1316/1316 1317/1317 1308/1308
f 1261/1261 1318/1318 1311/1311
f 1261/1261 1311/1311 1263/1263
f 1262/1262 1263/1263 1314/1314
f 1319/1319 1320/1320 1315/1315
f 1310/1310 1319/1319 1315/1315
f 1321/1321 1322/1322 1323/1323
f 1324/1324 1321/1321 1323/1323
f 1315/1315 1320/1320 1316/1316
f 1320/1320 1325/1325 1316/1316
f 1316/1316 1325/1325 1317/1317
f 1319/1319 1326/1326 1320/1320
f 1323/1323 1322/1322 1327/1327
f 1325/1325 1328/1328 1317/1317
f 1154/1154 1329/1329 1265/1265
f 1326/1326 1330/1330 1320/1320
f 1320/1320 1330/1330 1325/1325
f 1268/1268 1331/1331 1269/1269
f 1331/1331 1332/1332 1269/1269
f 1269/1269 1332/1332 1154/1154
f 1322/1322 1333/1333 1327/1327
f 1326/1326 1334/1334 1330/1330
f 1327/1327 1333/1333 1335/1335
f 1334/1334 1336/1336 1330/1330
f 1330/1330 1336/1336 1337/1337
f 1330/1330 1337/1337 1325/1325
f 1325/1325 1337/1337 1328/1328
f 1333/1333 1338/1338 1335/1335
f 1337/1337 1339/1339 1328/1328
f 1334/1334 1340/1340 1336/1336
f 1335/1335 1338/1338 1341/1341
f 1340/1340 1342/1342 1336/1336
f 1336/1336 1342/1342 1343/1343
f 1336/1336 1343/1343 1337/1337
f 1337/1337 1343/1343 1339/1339
f 1343/1343 1344/1344 1339/1339
f 1345/1345 1346/1346 1343/1343
f 1342/1342 1345/1345 1343/1343
f 1342/1342 1340/1340 1345/1345
f 1343/1343 1346/1346 1344/1344
f 1347/1347 1348/1348 1273/1273
f 1349/1349 1347/1347 1273/1273
f 1273/1273 1348/1348 1350/1350
f 1273/1273 1350/1350 1274/1274
f 1274/1274 1350/1350 1278/1278
f 1278/1278 1350/1350 1351/1351
f 1278/1278 1351/1351 1280/1280
f 1280/1280 1351/1351 1352/1352
f 1281/1281 1353/1353 1282/1282
f 1353/1353 1354/1354 1282/1282
f 1282/1282 1354/1354 1285/1285
f 1285/1285 1354/1354 1355/1355
f 1032/1032 1356/1356 203/203
f 203/203 1356/1356 1033/1033
f 542/542 1357/1357 543/543
f 562/562 697/697 1063/1063
f 1358/1358 1221/1221 1220/1220
f 1291/1291 1359/1359 1292/1292
f 1291/1291 1360/1360 1359/1359
f 1293/1293 1361/1361 1362/1362
f 1293/1293 1362/1362 1291/1291
f 1299/1299 1363/1363 1362/1362
f 1361/1361 1299/1299 1362/1362
f 1298/1298 1364/1364 1242/1242
f 1242/1242 1364/1364 1363/1363
f 1242/1242 1363/1363 1299/1299
f 1298/1298 1365/1365 1364/1364
f 1364/1364 1365/1365 1366/1366
f 1364/1364 1366/1366 1363/1363
f 1363/1363 1366/1366 1367/1367
f 1363/1363 1367/1367 1368/1368
f 1363/1363 1368/1368 1369/1369
f 1370/1370 1371/1371 1367/1367
f 1366/1366 1370/1370 1367/1367
f 1367/1367 1371/1371 1368/1368
f 1372/1372 1373/1373 1374/1374
f 886/886 1375/1375 757/757
f 1376/1376 1377/1377 1378/1378
f 1379/1379 1380/1380 1312/1312
f 1311/1311 1379/1379 1312/1312
f 1375/1375 759/759 757/757
f 1318/1318 1381/1381 1382/1382
f 1318/1318 1382/1382 1311/1311
f 1321/1321 1383/1383 1384/1384
f 1321/1321 1384/1384 1322/1322
f 1384/1384 1385/1385 1322/1322
f 1329/1329 1386/1386 1265/1265
f 1268/1268 1387/1387 1331/1331
f 1322/1322 1385/1385 1333/1333
f 1333/1333 1385/1385 1388/1388
f 1333/1333 1388/1388 1338/1338
f 1388/1388 1389/1389 1338/1338
f 1338/1338 1390/1390 1341/1341
f 1389/1389 1391/1391 1390/1390
f 1338/1338 1389/1389 1390/1390
f 1392/1392 1169/1169 1168/1168
f 1393/1393 1394/1394 1395/1395
f 1396/1396 1397/1397 1394/1394
f 1393/1393 1396/1396 1394/1394
f 1390/1390 1391/1391 1398/1398
f 1399/1399 1400/1400 1346/1346
f 1345/1345 1399/1399 1346/1346
f 1346/1346 1400/1400 1401/1401
f 1346/1346 1401/1401 1344/1344
f 1396/1396 1402/1402 1397/1397
f 1397/1397 1402/1402 1403/1403
f 1397/1397 1403/1403 1404/1404
f 1403/1403 1405/1405 1406/1406
f 1404/1404 1403/1403 1406/1406
f 1033/1033 1407/1407 791/791
f 791/791 1407/1407 532/532
f 1357/1357 1408/1408 543/543
f 543/543 1408/1408 697/697
f 734/734 1409/1409 1410/1410
f 1359/1359 1411/1411 1412/1412
f 1413/1413 1359/1359 1412/1412
f 1412/1412 1411/1411 1414/1414
f 1359/1359 1360/1360 1411/1411
f 1113/1113 1415/1415 1236/1236
f 1360/1360 1416/1416 1411/1411
f 1417/1417 1418/1418 1419/1419
f 1362/1362 1369/1369 1360/1360
f 1360/1360 1369/1369 1416/1416
f 1411/1411 1416/1416 1420/1420
f 1411/1411 1420/1420 1417/1417
f 1417/1417 1420/1420 1418/1418
f 1420/1420 1421/1421 1418/1418
f 1121/1121 1422/1422 1302/1302
f 1423/1423 1424/1424 1425/1425
f 1423/1423 1425/1425 1426/1426
f 1425/1425 1427/1427 1426/1426
f 1369/1369 1428/1428 1420/1420
f 1369/1369 1420/1420 1416/1416
f 1429/1429 1430/1430 1431/1431
f 1432/1432 1433/1433 1434/1434
f 1435/1435 1436/1436 1437/1437
f 1437/1437 1436/1436 1438/1438
f 1439/1439 1440/1440 1379/1379
f 1379/1379 1440/1440 1380/1380
f 1441/1441 1442/1442 1443/1443
f 1381/1381 1444/1444 1439/1439
f 1381/1381 1439/1439 1382/1382
f 1443/1443 1442/1442 1445/1445
f 1446/1446 1444/1444 1381/1381
f 1447/1447 1446/1446 1381/1381
f 1442/1442 1448/1448 1445/1445
f 1449/1449 1450/1450 1451/1451
f 1329/1329 1452/1452 1386/1386
f 1445/1445 1448/1448 1453/1453
f 1387/1387 1454/1454 1331/1331
f 1451/1451 1450/1450 1455/1455
f 1454/1454 1452/1452 1331/1331
f 1331/1331 1452/1452 1332/1332
f 1448/1448 1456/1456 1453/1453
f 1453/1453 1456/1456 1457/1457
f 1457/1457 1456/1456 1458/1458
f 1458/1458 1459/1459 1460/1460
f 1457/1457 1458/1458 1460/1460
f 1389/1389 1461/1461 1391/1391
f 1391/1391 1462/1462 1398/1398
f 1396/1396 1463/1463 1464/1464
f 1396/1396 1464/1464 1402/1402
f 1402/1402 1464/1464 1465/1465
f 1402/1402 1465/1465 1403/1403
f 1403/1403 1465/1465 1405/1405
f 731/731 1466/1466 734/734
f 734/734 1466/1466 1467/1467
f 734/734 1467/1467 1409/1409
f 1468/1468 1469/1469 1470/1470
f 1470/1470 1471/1471 1472/1472
f 1473/1473 1474/1474 1475/1475
f 1476/1476 1477/1477 1478/1478
f 1476/1476 1478/1478 1424/1424
f 1424/1424 1478/1478 1425/1425
f 1478/1478 1479/1479 1425/1425
f 1425/1425 1479/1479 1427/1427
f 1427/1427 1479/1479 1480/1480
f 1427/1427 1480/1480 1481/1481
f 1481/1481 1480/1480 1482/1482
f 1482/1482 1480/1480 1483/1483
f 1480/1480 1484/1484 1483/1483
f 1483/1483 1484/1484 1430/1430
f 1430/1430 1484/1484 1431/1431
f 1431/1431 1485/1485 1429/1429
f 1429/1429 1485/1485 1486/1486
f 1459/1459 1487/1487 1488/1488
f 1487/1487 1489/1489 1488/1488
f 1463/1463 1490/1490 1464/1464
f 1464/1464 1490/1490 1491/1491
f 1464/1464 1491/1491 1465/1465
f 1491/1491 1492/1492 1405/1405
f 1465/1465 1491/1491 1405/1405
f 1063/1063 1466/1466 731/731
f 1221/1221 1493/1493 1222/1222
f 1415/1415 1494/1494 1236/1236
f 1494/1494 1495/1495 1237/1237
f 1236/1236 1494/1494 1237/1237
f 1478/1478 1496/1496 1479/1479
f 1480/1480 1479/1479 1497/1497
f 1480/1480 1497/1497 1498/1498
f 1480/1480 1498/1498 1484/1484
f 1484/1484 1498/1498 1431/1431
f 1485/1485 1499/1499 1486/1486
f 761/761 1500/1500 1501/1501
f 1502/1502 1503/1503 1504/1504
f 1490/1490 1505/1505 1491/1491
f 765/765 1506/1506 964/964
f 675/675 964/964 1030/1030
f 1407/1407 1507/1507 532/532
f 1302/1302 1422/1422 1508/1508
f 886/886 1509/1509 1375/1375
f 1477/1477 1510/1510 1478/1478
f 1478/1478 1510/1510 1496/1496
f 1498/1498 1511/1511 1431/1431
f 1431/1431 1511/1511 1485/1485
f 1512/1512 1513/1513 1514/1514
f 1512/1512 1514/1514 1515/1515
f 1516/1516 1517/1517 1518/1518
f 1512/1512 1519/1519 1513/1513
f 1514/1514 1520/1520 1515/1515
f 1519/1519 1521/1521 1513/1513
f 1513/1513 1521/1521 1522/1522
f 1514/1514 1513/1513 1520/1520
f 1522/1522 1523/1523 1520/1520
f 1513/1513 1522/1522 1520/1520
f 1221/1221 1524/1524 1493/1493
f 1474/1474 1525/1525 1526/1526
f 944/944 1527/1527 1121/1121
f 1511/1511 1528/1528 1485/1485
f 1485/1485 1528/1528 1499/1499
f 1529/1529 761/761 759/759
f 1530/1530 1518/1518 1517/1517
f 1530/1530 1531/1531 1518/1518
f 1531/1531 1532/1532 1518/1518
f 1519/1519 1533/1533 1521/1521
f 1534/1534 1535/1535 1536/1536
f 1536/1536 1535/1535 1537/1537
f 1521/1521 1538/1538 1522/1522
f 1537/1537 1539/1539 1540/1540
f 1522/1522 1538/1538 1523/1523
f 1501/1501 1506/1506 765/765
f 964/964 1541/1541 1030/1030
f 1032/1032 1542/1542 1356/1356
f 1407/1407 1543/1543 1507/1507
f 697/697 1544/1544 1063/1063
f 1302/1302 1545/1545 1122/1122
f 1496/1496 1546/1546 1479/1479
f 1479/1479 1547/1547 1497/1497
f 761/761 1529/1529 1500/1500
f 1530/1530 1548/1548 1531/1531
f 1531/1531 1549/1549 1532/1532
f 1550/1550 1535/1535 1534/1534
f 1532/1532 1549/1549 1551/1551
f 1550/1550 1552/1552 1535/1535
f 1535/1535 1552/1552 1553/1553
f 1535/1535 1553/1553 1537/1537
f 1537/1537 1553/1553 1539/1539
f 1544/1544 1466/1466 1063/1063
f 1302/1302 1508/1508 1545/1545
f 1477/1477 1554/1554 1510/1510
f 1547/1547 1511/1511 1498/1498
f 1497/1497 1547/1547 1498/1498
f 1501/1501 1555/1555 1506/1506
f 1549/1549 1556/1556 1551/1551
f 1550/1550 1557/1557 1552/1552
f 1506/1506 1558/1558 964/964
f 1030/1030 1541/1541 1559/1559
f 1356/1356 1560/1560 1033/1033
f 1560/1560 1543/1543 1407/1407
f 1033/1033 1560/1560 1407/1407
f 1408/1408 1544/1544 697/697
f 1409/1409 1561/1561 1410/1410
f 1300/1300 1562/1562 1301/1301
f 1301/1301 1562/1562 1563/1563
f 1301/1301 1563/1563 944/944
f 944/944 1563/1563 1527/1527
f 1510/1510 1564/1564 1496/1496
f 1479/1479 1546/1546 1565/1565
f 1479/1479 1565/1565 1547/1547
f 1528/1528 1566/1566 1499/1499
f 1500/1500 1555/1555 1501/1501
f 1531/1531 1567/1567 1549/1549
f 1549/1549 1567/1567 1556/1556
f 1557/1557 1568/1568 1552/1552
f 1568/1568 1569/1569 1553/1553
f 1552/1552 1568/1568 1553/1553
f 1553/1553 1569/1569 1570/1570
f 1553/1553 1570/1570 1539/1539
f 1467/1467 1561/1561 1409/1409
f 1561/1561 1571/1571 1410/1410
f 1121/1121 1527/1527 1422/1422
f 1554/1554 1564/1564 1510/1510
f 1375/1375 1572/1572 1529/1529
f 1548/1548 1573/1573 1531/1531
f 1531/1531 1573/1573 1567/1567
f 1506/1506 1574/1574 1558/1558
f 1494/1494 1575/1575 1495/1495
f 1495/1495 1575/1575 1576/1576
f 1495/1495 1576/1576 1237/1237
f 1300/1300 1577/1577 1562/1562
f 1547/1547 1578/1578 1511/1511
f 1579/1579 1580/1580 1581/1581
f 1567/1567 1582/1582 1556/1556
f 1557/1557 1583/1583 1568/1568
f 1555/1555 1574/1574 1506/1506
f 1564/1564 1546/1546 1496/1496
f 1508/1508 1584/1584 1545/1545
f 1547/1547 1565/1565 1578/1578
f 1578/1578 1585/1585 1511/1511
f 1511/1511 1585/1585 1528/1528
f 1509/1509 1572/1572 1375/1375
f 1573/1573 1586/1586 1567/1567
f 1583/1583 1587/1587 1568/1568
f 1568/1568 1587/1587 1588/1588
f 1568/1568 1588/1588 1569/1569
f 1569/1569 1588/1588 1570/1570
f 1561/1561 1589/1589 1571/1571
f 1585/1585 1590/1590 1528/1528
f 1528/1528 1590/1590 1566/1566
f 1586/1586 1591/1591 1567/1567
f 1567/1567 1591/1591 1582/1582
f 1588/1588 1592/1592 1570/1570
f 1408/1408 1593/1593 1544/1544
f 1466/1466 1561/1561 1467/1467
f 1524/1524 1594/1594 1493/1493
f 1525/1525 1595/1595 1596/1596
f 1422/1422 1584/1584 1508/1508
f 1590/1590 1597/1597 1566/1566
f 1598/1598 1599/1599 1600/1600
f 964/964 1558/1558 1541/1541
f 1544/1544 1601/1601 1466/1466
f 1415/1415 1602/1602 1494/1494
f 1584/1584 1603/1603 1545/1545
f 1546/1546 1604/1604 1565/1565
f 1529/1529 1605/1605 1500/1500
f 1408/1408 1606/1606 1593/1593
f 1544/1544 1593/1593 1601/1601
f 1466/1466 1601/1601 1561/1561
f 1561/1561 1607/1607 1589/1589
f 1602/1602 1608/1608 1494/1494
f 1494/1494 1608/1608 1575/1575
f 1527/1527 1609/1609 1422/1422
f 1422/1422 1609/1609 1610/1610
f 1422/1422 1610/1610 1584/1584
f 1572/1572 1611/1611 1529/1529
f 1529/1529 1611/1611 1605/1605
f 1612/1612 1613/1613 1581/1581
f 1580/1580 1612/1612 1581/1581
f 1543/1543 1614/1614 1507/1507
f 1507/1507 1614/1614 1615/1615
f 1601/1601 1616/1616 1561/1561
f 1493/1493 1594/1594 1617/1617
f 1618/1618 1609/1609 1527/1527
f 1591/1591 1619/1619 1582/1582
f 1583/1583 1620/1620 1621/1621
f 1583/1583 1621/1621 1587/1587
f 1587/1587 1621/1621 1588/1588
f 1357/1357 1606/1606 1408/1408
f 1565/1565 1622/1622 1578/1578
f 1593/1593 1623/1623 1601/1601
f 1546/1546 1624/1624 1604/1604
f 1598/1598 1625/1625 1599/1599
f 1626/1626 1627/1627 1591/1591
f 1586/1586 1626/1626 1591/1591
f 1591/1591 1627/1627 1619/1619
f 1561/1561 1616/1616 1607/1607
f 1584/1584 1610/1610 1603/1603
f 1565/1565 1604/1604 1622/1622
f 1622/1622 1628/1628 1578/1578
f 1578/1578 1628/1628 1585/1585
f 1612/1612 1629/1629 1613/1613
f 1621/1621 1630/1630 1588/1588
f 1588/1588 1630/1630 1592/1592
f 1554/1554 1631/1631 1564/1564
f 1564/1564 1631/1631 1546/1546
f 1590/1590 1632/1632 1597/1597
f 1612/1612 1633/1633 1629/1629
f 1574/1574 1634/1634 1558/1558
f 1635/1635 1636/1636 1637/1637
f 1563/1563 1618/1618 1527/1527
f 1546/1546 1631/1631 1624/1624
f 1628/1628 1638/1638 1585/1585
f 1638/1638 1639/1639 1590/1590
f 1585/1585 1638/1638 1590/1590
f 1590/1590 1639/1639 1632/1632
f 1640/1640 1625/1625 1598/1598
f 1630/1630 1641/1641 1592/1592
f 1560/1560 1642/1642 1543/1543
f 1543/1543 1642/1642 1614/1614
f 1594/1594 1643/1643 1617/1617
f 1644/1644 1645/1645 1595/1595
f 1618/1618 1646/1646 1609/1609
f 1609/1609 1646/1646 1610/1610
f 1554/1554 1647/1647 1631/1631
f 1620/1620 1648/1648 1621/1621
f 1621/1621 1648/1648 1630/1630
f 1635/1635 1637/1637 1649/1649
f 1601/1601 1623/1623 1616/1616
f 1594/1594 1650/1650 1643/1643
f 1651/1651 1652/1652 1653/1653
f 1624/1624 1654/1654 1604/1604
f 1622/1622 1655/1655 1628/1628
f 1656/1656 1611/1611 1572/1572
f 1657/1657 1605/1605 1611/1611
f 1658/1658 1659/1659 1626/1626
f 1626/1626 1659/1659 1627/1627
f 1627/1627 1660/1660 1619/1619
f 1620/1620 1661/1661 1648/1648
f 1356/1356 1662/1662 1560/1560
f 1560/1560 1662/1662 1642/1642
f 1663/1663 1664/1664 1665/1665
f 1589/1589 1607/1607 1666/1666
f 1575/1575 1667/1667 1576/1576
f 1577/1577 1668/1668 1562/1562
f 1604/1604 1654/1654 1655/1655
f 1604/1604 1655/1655 1622/1622
f 1658/1658 1669/1669 1659/1659
f 1659/1659 1670/1670 1627/1627
f 1671/1671 1634/1634 1574/1574
f 1657/1657 1671/1671 1574/1574
f 1627/1627 1670/1670 1660/1660
f 1648/1648 1672/1672 1630/1630
f 1630/1630 1672/1672 1641/1641
f 1637/1637 1673/1673 1649/1649
f 1649/1649 1673/1673 1674/1674
f 1542/1542 1675/1675 1356/1356
f 1356/1356 1675/1675 1662/1662
f 1645/1645 1676/1676 1595/1595
f 1563/1563 1677/1677 1618/1618
f 1610/1610 1678/1678 1603/1603
f 1654/1654 1679/1679 1655/1655
f 1611/1611 1680/1680 1657/1657
f 1542/1542 1681/1681 1675/1675
f 1616/1616 1682/1682 1607/1607
f 1631/1631 1654/1654 1624/1624
f 1683/1683 1684/1684 1659/1659
f 1669/1669 1683/1683 1659/1659
f 1684/1684 1685/1685 1670/1670
f 1659/1659 1684/1684 1670/1670
f 1670/1670 1685/1685 1686/1686
f 1670/1670 1686/1686 1660/1660
f 1687/1687 1688/1688 1648/1648
f 1661/1661 1687/1687 1648/1648
f 1648/1648 1688/1688 1689/1689
f 1648/1648 1689/1689 1672/1672
f 1672/1672 1689/1689 1641/1641
f 1614/1614 1690/1690 1615/1615
f 1618/1618 1677/1677 1646/1646
f 1610/1610 1646/1646 1678/1678
f 1678/1678 1691/1691 1603/1603
f 1651/1651 1692/1692 1652/1652
f 1656/1656 1693/1693 1611/1611
f 1611/1611 1693/1693 1680/1680
f 1683/1683 1694/1694 1684/1684
f 1684/1684 1694/1694 1685/1685
f 1685/1685 1694/1694 1686/1686
f 1688/1688 1687/1687 1695/1695
f 1688/1688 1695/1695 1689/1689
f 1623/1623 1682/1682 1616/1616
f 1602/1602 1696/1696 1608/1608
f 1696/1696 1697/1697 1575/1575
f 1608/1608 1696/1696 1575/1575
f 1628/1628 1698/1698 1638/1638
f 1638/1638 1698/1698 1639/1639
f 1639/1639 1699/1699 1632/1632
f 1680/1680 1700/1700 1657/1657
f 1562/1562 1701/1701 1563/1563
f 1563/1563 1701/1701 1677/1677
f 1647/1647 1702/1702 1631/1631
f 1655/1655 1703/1703 1628/1628
f 1575/1575 1697/1697 1667/1667
f 1668/1668 1701/1701 1562/1562
f 1679/1679 1703/1703 1655/1655
f 1703/1703 1704/1704 1628/1628
f 1628/1628 1704/1704 1698/1698
f 1642/1642 1705/1705 1614/1614
f 1677/1677 1706/1706 1646/1646
f 1698/1698 1707/1707 1639/1639
f 1639/1639 1707/1707 1699/1699
f 1657/1657 1700/1700 1671/1671
f 1636/1636 1708/1708 1637/1637
f 1662/1662 1705/1705 1642/1642
f 1593/1593 1709/1709 1623/1623
f 1623/1623 1709/1709 1682/1682
f 1701/1701 1710/1710 1677/1677
f 1646/1646 1711/1711 1678/1678
f 1678/1678 1711/1711 1691/1691
f 1631/1631 1702/1702 1654/1654
f 1712/1712 1713/1713 1559/1559
f 1714/1714 1715/1715 1606/1606
f 1650/1650 1716/1716 1643/1643
f 1602/1602 1717/1717 1696/1696
f 1656/1656 1718/1718 1693/1693
f 1646/1646 1706/1706 1711/1711
f 1654/1654 1703/1703 1679/1679
f 1671/1671 1719/1719 1634/1634
f 1720/1720 1721/1721 1722/1722
f 1722/1722 1721/1721 1723/1723
f 1682/1682 1724/1724 1607/1607
f 1607/1607 1724/1724 1666/1666
f 1702/1702 1725/1725 1654/1654
f 1705/1705 1726/1726 1614/1614
f 1614/1614 1726/1726 1690/1690
f 1709/1709 1727/1727 1682/1682
f 1677/1677 1728/1728 1706/1706
f 1725/1725 1729/1729 1654/1654
f 1654/1654 1729/1729 1703/1703
f 1681/1681 1730/1730 1675/1675
f 1675/1675 1730/1730 1662/1662
f 1721/1721 1731/1731 1723/1723
f 1666/1666 1724/1724 1718/1718
f 1677/1677 1710/1710 1728/1728
f 1707/1707 1732/1732 1699/1699
f 1693/1693 1733/1733 1680/1680
f 1709/1709 1734/1734 1727/1727
f 1717/1717 1735/1735 1696/1696
f 1718/1718 1736/1736 1693/1693
f 1696/1696 1737/1737 1697/1697
f 1697/1697 1737/1737 1667/1667
f 1647/1647 1738/1738 1702/1702
f 1702/1702 1738/1738 1725/1725
f 1680/1680 1733/1733 1700/1700
f 1735/1735 1737/1737 1696/1696
f 1706/1706 1728/1728 1711/1711
f 1704/1704 1739/1739 1698/1698
f 1698/1698 1739/1739 1707/1707
f 1671/1671 1740/1740 1719/1719
f 1712/1712 1741/1741 1713/1713
f 1730/1730 1742/1742 1662/1662
f 1682/1682 1727/1727 1724/1724
f 1703/1703 1743/1743 1704/1704
f 1693/1693 1744/1744 1733/1733
f 1700/1700 1740/1740 1671/1671
f 1742/1742 1705/1705 1662/1662
f 1693/1693 1736/1736 1744/1744
f 1745/1745 1741/1741 1712/1712
f 1724/1724 1746/1746 1718/1718
f 1701/1701 1747/1747 1710/1710
f 1711/1711 1748/1748 1749/1749
f 1711/1711 1749/1749 1691/1691
f 1692/1692 1750/1750 1652/1652
f 1737/1737 1751/1751 1667/1667
f 1729/1729 1752/1752 1703/1703
f 1752/1752 1743/1743 1703/1703
f 1700/1700 1753/1753 1740/1740
f 1717/1717 1754/1754 1735/1735
f 1735/1735 1755/1755 1737/1737
f 1737/1737 1755/1755 1751/1751
f 1751/1751 1756/1756 1667/1667
f 1668/1668 1757/1757 1747/1747
f 1668/1668 1747/1747 1701/1701
f 1747/1747 1758/1758 1710/1710
f 1707/1707 1759/1759 1732/1732
f 1740/1740 1760/1760 1719/1719
f 1708/1708 1761/1761 1637/1637
f 1734/1734 1762/1762 1727/1727
f 1727/1727 1762/1762 1763/1763
f 1727/1727 1763/1763 1724/1724
f 1763/1763 1746/1746 1724/1724
f 1718/1718 1746/1746 1736/1736
f 1754/1754 1755/1755 1735/1735
f 1728/1728 1748/1748 1711/1711
f 1733/1733 1753/1753 1700/1700
f 1704/1704 1743/1743 1739/1739
f 1736/1736 1764/1764 1744/1744
f 1741/1741 1765/1765 1713/1713
f 1713/1713 1765/1765 1766/1766
f 1746/1746 1767/1767 1736/1736
f 1710/1710 1758/1758 1728/1728
f 1768/1768 1769/1769 1738/1738
f 1647/1647 1768/1768 1738/1738
f 1738/1738 1769/1769 1725/1725
f 1739/1739 1770/1770 1707/1707
f 1707/1707 1770/1770 1759/1759
f 1744/1744 1771/1771 1733/1733
f 1760/1760 1772/1772 1745/1745
f 1745/1745 1772/1772 1741/1741
f 1714/1714 1773/1773 1715/1715
f 1773/1773 1774/1774 1715/1715
f 1725/1725 1752/1752 1729/1729
f 1775/1775 1776/1776 1777/1777
f 1767/1767 1764/1764 1736/1736
f 1771/1771 1753/1753 1733/1733
f 1715/1715 1774/1774 1734/1734
f 1762/1762 1778/1778 1763/1763
f 1755/1755 1779/1779 1751/1751
f 1725/1725 1780/1780 1752/1752
f 1743/1743 1752/1752 1781/1781
f 1754/1754 1782/1782 1755/1755
f 1755/1755 1782/1782 1779/1779
f 1748/1748 1783/1783 1749/1749
f 1743/1743 1781/1781 1739/1739
f 1764/1764 1771/1771 1744/1744
f 1771/1771 1784/1784 1753/1753
f 1772/1772 1785/1785 1741/1741
f 1742/1742 1786/1786 1705/1705
f 1786/1786 1787/1787 1726/1726
f 1705/1705 1786/1786 1726/1726
f 1726/1726 1787/1787 1690/1690
f 1751/1751 1779/1779 1756/1756
f 1758/1758 1788/1788 1728/1728
f 1788/1788 1789/1789 1728/1728
f 1728/1728 1789/1789 1748/1748
f 1769/1769 1780/1780 1725/1725
f 1740/1740 1790/1790 1760/1760
f 1730/1730 1791/1791 1742/1742
f 1714/1714 1792/1792 1773/1773
f 1793/1793 1794/1794 1795/1795
f 1768/1768 1796/1796 1769/1769
f 1769/1769 1796/1796 1780/1780
f 1790/1790 1772/1772 1760/1760
f 1748/1748 1789/1789 1797/1797
f 1748/1748 1797/1797 1783/1783
f 1790/1790 1798/1798 1772/1772
f 1763/1763 1799/1799 1746/1746
f 1799/1799 1767/1767 1746/1746
f 1747/1747 1788/1788 1758/1758
f 1752/1752 1800/1800 1781/1781
f 1753/1753 1784/1784 1790/1790
f 1730/1730 1801/1801 1791/1791
f 1776/1776 1802/1802 1777/1777
f 1779/1779 1803/1803 1756/1756
f 1757/1757 1804/1804 1747/1747
f 1752/1752 1805/1805 1800/1800
f 1770/1770 1806/1806 1759/1759
f 1791/1791 1807/1807 1742/1742
f 1742/1742 1807/1807 1786/1786
f 1768/1768 1808/1808 1796/1796
f 1780/1780 1809/1809 1752/1752
f 1787/1787 1810/1810 1690/1690
f 1788/1788 1811/1811 1789/1789
f 1764/1764 1812/1812 1771/1771
f 1771/1771 1813/1813 1784/1784
f 1778/1778 1814/1814 1799/1799
f 1799/1799 1815/1815 1767/1767
f 1796/1796 1809/1809 1780/1780
f 1784/1784 1816/1816 1790/1790
f 1815/1815 1764/1764 1767/1767
f 1754/1754 1817/1817 1782/1782
f 1804/1804 1818/1818 1747/1747
f 1747/1747 1818/1818 1788/1788
f 1809/1809 1805/1805 1752/1752
f 1781/1781 1819/1819 1739/1739
f 1739/1739 1819/1819 1770/1770
f 1812/1812 1813/1813 1771/1771
f 1790/1790 1820/1820 1798/1798
f 1799/1799 1814/1814 1815/1815
f 1817/1817 1821/1821 1782/1782
f 1782/1782 1821/1821 1779/1779
f 1764/1764 1815/1815 1812/1812
f 1779/1779 1822/1822 1803/1803
f 1819/1819 1823/1823 1770/1770
f 1770/1770 1823/1823 1806/1806
f 1784/1784 1813/1813 1816/1816
f 1790/1790 1816/1816 1820/1820
f 1774/1774 1824/1824 1825/1825
f 1794/1794 1826/1826 1827/1827
f 1808/1808 1828/1828 1796/1796
f 1796/1796 1828/1828 1809/1809
f 1809/1809 1829/1829 1805/1805
f 1741/1741 1830/1830 1765/1765
f 1773/1773 1824/1824 1774/1774
f 1778/1778 1825/1825 1814/1814
f 1815/1815 1831/1831 1812/1812
f 1807/1807 1832/1832 1786/1786
f 1786/1786 1832/1832 1787/1787
f 1821/1821 1822/1822 1779/1779
f 1789/1789 1811/1811 1797/1797
f 1805/1805 1829/1829 1800/1800
f 1801/1801 1833/1833 1791/1791
f 1823/1823 1834/1834 1806/1806
f 1835/1835 1836/1836 1837/1837
f 1814/1814 1838/1838 1815/1815
f 1741/1741 1785/1785 1830/1830
f 1832/1832 1839/1839 1787/1787
f 1787/1787 1839/1839 1810/1810
f 1773/1773 1840/1840 1824/1824
f 1809/1809 1841/1841 1829/1829
f 1798/1798 1842/1842 1772/1772
f 1804/1804 1843/1843 1818/1818
f 1811/1811 1788/1788 1844/1844
f 1800/1800 1845/1845 1781/1781
f 1831/1831 1846/1846 1812/1812
f 1812/1812 1847/1847 1813/1813
f 1820/1820 1842/1842 1798/1798
f 1791/1791 1848/1848 1807/1807
f 1807/1807 1848/1848 1832/1832
f 1792/1792 1840/1840 1773/1773
f 1825/1825 1849/1849 1814/1814
f 1818/1818 1844/1844 1788/1788
f 1808/1808 1850/1850 1828/1828
f 1828/1828 1850/1850 1809/1809
f 1829/1829 1851/1851 1800/1800
f 1781/1781 1845/1845 1819/1819
f 1836/1836 1852/1852 1837/1837
f 1816/1816 1842/1842 1820/1820
f 1772/1772 1853/1853 1785/1785
f 1824/1824 1849/1849 1825/1825
f 1815/1815 1854/1854 1831/1831
f 1818/1818 1843/1843 1844/1844
f 1809/1809 1850/1850 1841/1841
f 1800/1800 1851/1851 1845/1845
f 1845/1845 1855/1855 1819/1819
f 1819/1819 1855/1855 1856/1856
f 1819/1819 1856/1856 1823/1823
f 1823/1823 1856/1856 1834/1834
f 1842/1842 1857/1857 1772/1772
f 1849/1849 1838/1838 1814/1814
f 1838/1838 1854/1854 1815/1815
f 1833/1833 1858/1858 1791/1791
f 1791/1791 1858/1858 1848/1848
f 1844/1844 1859/1859 1811/1811
f 1797/1797 1860/1860 1783/1783
f 1846/1846 1861/1861 1812/1812
f 1812/1812 1861/1861 1847/1847
f 1816/1816 1862/1862 1842/1842
f 1822/1822 1863/1863 1803/1803
f 1804/1804 1864/1864 1843/1843
f 1811/1811 1859/1859 1797/1797
f 1833/1833 1865/1865 1858/1858
f 1840/1840 1866/1866 1824/1824
f 1826/1826 1867/1867 1868/1868
f 1831/1831 1854/1854 1846/1846
f 1817/1817 1869/1869 1870/1870
f 1817/1817 1870/1870 1821/1821
f 1821/1821 1870/1870 1822/1822
f 1797/1797 1871/1871 1860/1860
f 1856/1856 1872/1872 1834/1834
f 1857/1857 1853/1853 1772/1772
f 1853/1853 1873/1873 1785/1785
f 1849/1849 1874/1874 1838/1838
f 1859/1859 1871/1871 1797/1797
f 1850/1850 1875/1875 1841/1841
f 1829/1829 1876/1876 1851/1851
f 1824/1824 1866/1866 1849/1849
f 1838/1838 1874/1874 1854/1854
f 1808/1808 1877/1877 1850/1850
f 1841/1841 1876/1876 1829/1829
f 1857/1857 1878/1878 1853/1853
f 1870/1870 1879/1879 1822/1822
f 1822/1822 1879/1879 1863/1863
f 1843/1843 1880/1880 1844/1844
f 1844/1844 1880/1880 1859/1859
f 1875/1875 1881/1881 1841/1841
f 1841/1841 1881/1881 1876/1876
f 1851/1851 1876/1876 1845/1845
f 1836/1836 1882/1882 1852/1852
f 1858/1858 1883/1883 1848/1848
f 1848/1848 1883/1883 1832/1832
f 1850/1850 1884/1884 1875/1875
f 1785/1785 1885/1885 1830/1830
f 1830/1830 1885/1885 1886/1886
f 1877/1877 1884/1884 1850/1850
f 1866/1866 1887/1887 1849/1849
f 1854/1854 1888/1888 1846/1846
f 1859/1859 1889/1889 1871/1871
f 1855/1855 1890/1890 1856/1856
f 1856/1856 1890/1890 1872/1872
f 1862/1862 1891/1891 1842/1842
f 1842/1842 1878/1878 1857/1857
f 1832/1832 1892/1892 1839/1839
f 1839/1839 1892/1892 1810/1810
f 1854/1854 1874/1874 1888/1888
f 1893/1893 1894/1894 1876/1876
f 1876/1876 1894/1894 1845/1845
f 1861/1861 1895/1895 1847/1847
f 1895/1895 1891/1891 1847/1847
f 1785/1785 1873/1873 1885/1885
f 1883/1883 1896/1896 1832/1832
f 1832/1832 1896/1896 1892/1892
f 1880/1880 1889/1889 1859/1859
f 1897/1897 1898/1898 1899/1899
f 1892/1892 1900/1900 1810/1810
f 1881/1881 1893/1893 1876/1876
f 1845/1845 1894/1894 1901/1901
f 1845/1845 1901/1901 1855/1855
f 1855/1855 1901/1901 1890/1890
f 1890/1890 1902/1902 1872/1872
f 1861/1861 1846/1846 1903/1903
f 1874/1874 1904/1904 1888/1888
f 1843/1843 1905/1905 1880/1880
f 1877/1877 1906/1906 1884/1884
f 1884/1884 1906/1906 1875/1875
f 1861/1861 1903/1903 1895/1895
f 1907/1907 1908/1908 1909/1909
f 1908/1908 1907/1907 1910/1910
f 1877/1877 1911/1911 1906/1906
f 1866/1866 1912/1912 1887/1887
f 1913/1913 1874/1874 1887/1887
f 1879/1879 1914/1914 1863/1863
f 1864/1864 1915/1915 1905/1905
f 1864/1864 1905/1905 1843/1843
f 1792/1792 1916/1916 1840/1840
f 1869/1869 1917/1917 1870/1870
f 1906/1906 1918/1918 1875/1875
f 1875/1875 1918/1918 1881/1881
f 1846/1846 1888/1888 1903/1903
f 1891/1891 1895/1895 1919/1919
f 1919/1919 1920/1920 1878/1878
f 1912/1912 1913/1913 1887/1887
f 1917/1917 1921/1921 1870/1870
f 1922/1922 1898/1898 1897/1897
f 1874/1874 1913/1913 1923/1923
f 1874/1874 1923/1923 1904/1904
f 1871/1871 1924/1924 1860/1860
f 1840/1840 1916/1916 1866/1866
f 1921/1921 1925/1925 1870/1870
f 1870/1870 1925/1925 1879/1879
f 1879/1879 1925/1925 1914/1914
f 1911/1911 1926/1926 1906/1906
f 1906/1906 1926/1926 1918/1918
f 1893/1893 1927/1927 1894/1894
f 1792/1792 1928/1928 1916/1916
f 1871/1871 1929/1929 1924/1924
f 1881/1881 1927/1927 1893/1893
f 1895/1895 1930/1930 1919/1919
f 1858/1858 1931/1931 1883/1883
f 1883/1883 1931/1931 1896/1896
f 1889/1889 1929/1929 1871/1871
f 1918/1918 1927/1927 1881/1881
f 1927/1927 1932/1932 1894/1894
f 1894/1894 1932/1932 1901/1901
f 1930/1930 1920/1920 1919/1919
f 1878/1878 1920/1920 1933/1933
f 1931/1931 1934/1934 1896/1896
f 1935/1935 1936/1936 1937/1937
f 1903/1903 1938/1938 1895/1895
f 1895/1895 1938/1938 1930/1930
f 1896/1896 1934/1934 1892/1892
f 1866/1866 1916/1916 1912/1912
f 1913/1913 1939/1939 1923/1923
f 1904/1904 1940/1940 1888/1888
f 1905/1905 1941/1941 1880/1880
f 1880/1880 1941/1941 1889/1889
f 1932/1932 1942/1942 1901/1901
f 1901/1901 1942/1942 1890/1890
f 1943/1943 1944/1944 1945/1945
f 1912/1912 1939/1939 1913/1913
f 1946/1946 1936/1936 1935/1935
f 1947/1947 1933/1933 1920/1920
f 1898/1898 1948/1948 1899/1899
f 1934/1934 1949/1949 1892/1892
f 1892/1892 1949/1949 1900/1900
f 1904/1904 1923/1923 1940/1940
f 1915/1915 1950/1950 1905/1905
f 1905/1905 1950/1950 1941/1941
f 1926/1926 1951/1951 1918/1918
f 1918/1918 1952/1952 1953/1953
f 1918/1918 1953/1953 1927/1927
f 1942/1942 1954/1954 1890/1890
f 1890/1890 1954/1954 1902/1902
f 1937/1937 1936/1936 1955/1955
f 1911/1911 1951/1951 1926/1926
f 1951/1951 1952/1952 1918/1918
f 1917/1917 1956/1956 1921/1921
f 1921/1921 1956/1956 1925/1925
f 1925/1925 1956/1956 1957/1957
f 1925/1925 1957/1957 1914/1914
f 1941/1941 1958/1958 1889/1889
f 1953/1953 1959/1959 1927/1927
f 1927/1927 1959/1959 1932/1932
f 1960/1960 1947/1947 1920/1920
f 1961/1961 1944/1944 1943/1943
f 1939/1939 1962/1962 1923/1923
f 1917/1917 1963/1963 1956/1956
f 1889/1889 1958/1958 1929/1929
f 1945/1945 1964/1964 1965/1965
f 1962/1962 1940/1940 1923/1923
f 1957/1957 1966/1966 1914/1914
f 1915/1915 1967/1967 1950/1950
f 1954/1954 1968/1968 1902/1902
f 1969/1969 1960/1960 1938/1938
f 1944/1944 1964/1964 1945/1945
f 1951/1951 1970/1970 1952/1952
f 1969/1969 1971/1971 1960/1960
f 1873/1873 1972/1972 1885/1885
f 1973/1973 1974/1974 1975/1975
f 1950/1950 1976/1976 1941/1941
f 1958/1958 1977/1977 1929/1929
f 1929/1929 1977/1977 1924/1924
f 1932/1932 1959/1959 1942/1942
f 1947/1947 1978/1978 1933/1933
f 1972/1972 1979/1979 1885/1885
f 1885/1885 1979/1979 1886/1886
f 1940/1940 1962/1962 1980/1980
f 1946/1946 1981/1981 1936/1936
f 1911/1911 1982/1982 1951/1951
f 1951/1951 1982/1982 1970/1970
f 1949/1949 1983/1983 1900/1900
f 1963/1963 1984/1984 1956/1956
f 1981/1981 1985/1985 1936/1936
f 1941/1941 1976/1976 1958/1958
f 1977/1977 1986/1986 1924/1924
f 1952/1952 1959/1959 1953/1953
f 1960/1960 1971/1971 1987/1987
f 1960/1960 1987/1987 1947/1947
f 1933/1933 1988/1988 1972/1972
f 1989/1989 1990/1990 1939/1939
f 1991/1991 1980/1980 1962/1962
f 1911/1911 1992/1992 1982/1982
f 1952/1952 1970/1970 1959/1959
f 1959/1959 1993/1993 1942/1942
f 1987/1987 1978/1978 1947/1947
f 1984/1984 1994/1994 1956/1956
f 1956/1956 1994/1994 1957/1957
f 1976/1976 1995/1995 1958/1958
f 1958/1958 1995/1995 1996/1996
f 1958/1958 1996/1996 1977/1977
f 1970/1970 1997/1997 1959/1959
f 1993/1993 1998/1998 1954/1954
f 1942/1942 1993/1993 1954/1954
f 1998/1998 1999/1999 1968/1968
f 1954/1954 1998/1998 1968/1968
f 1978/1978 1988/1988 1933/1933
f 1963/1963 2000/2000 1984/1984
f 1997/1997 2001/2001 1959/1959
f 2002/2002 1987/1987 1971/1971
f 1957/1957 1994/1994 1966/1966
f 1992/1992 2003/2003 1982/1982
f 1987/1987 2004/2004 1978/1978
f 1858/1858 2005/2005 1931/1931
f 1931/1931 2005/2005 1934/1934
f 2001/2001 1993/1993 1959/1959
f 2006/2006 2004/2004 1987/1987
f 1972/1972 2007/2007 1979/1979
f 1989/1989 2008/2008 1990/1990
f 1967/1967 2009/2009 1950/1950
f 1950/1950 2009/2009 1976/1976
f 2003/2003 2010/2010 1982/1982
f 1982/1982 2010/2010 1970/1970
f 2010/2010 2011/2011 1997/1997
f 1970/1970 2010/2010 1997/1997
f 1987/1987 2002/2002 2006/2006
f 1865/1865 2012/2012 1858/1858
f 1928/1928 2013/2013 2014/2014
f 1974/1974 2015/2015 1975/1975
f 2016/2016 1991/1991 1962/1962
f 1997/1997 2011/2011 2001/2001
f 1981/1981 2017/2017 1985/1985
f 1971/1971 2018/2018 2002/2002
f 2012/2012 2019/2019 1858/1858
f 1858/1858 2019/2019 2005/2005
f 2010/2010 2020/2020 2011/2011
f 2020/2020 2021/2021 2011/2011
f 2011/2011 2021/2021 2001/2001
f 1991/1991 2022/2022 1980/1980
f 1994/1994 2023/2023 1966/1966
f 1976/1976 2009/2009 1995/1995
f 1995/1995 2024/2024 1996/1996
f 2025/2025 2026/2026 2003/2003
f 1992/1992 2025/2025 2003/2003
f 2003/2003 2026/2026 2027/2027
f 2003/2003 2027/2027 2010/2010
f 2027/2027 2028/2028 2020/2020
f 2010/2010 2027/2027 2020/2020
f 2020/2020 2028/2028 2029/2029
f 2020/2020 2029/2029 2021/2021
f 2021/2021 2029/2029 2030/2030
f 2021/2021 2030/2030 2001/2001
f 2001/2001 2031/2031 1993/1993
f 1993/1993 2031/2031 1998/1998
f 2032/2032 2033/2033 2034/2034
f 2034/2034 2033/2033 2035/2035
f 2034/2034 2035/2035 2036/2036
f 2036/2036 2035/2035 2037/2037
f 2036/2036 2037/2037 2038/2038
f 2038/2038 2037/2037 2039/2039
f 2040/2040 2041/2041 2042/2042
f 2043/2043 2044/2044 2045/2045
f 2046/2046 2047/2047 2033/2033
f 2033/2033 2047/2047 2035/2035
f 2047/2047 2048/2048 2037/2037
f 2035/2035 2047/2047 2037/2037
f 2037/2037 2048/2048 2049/2049
f 2037/2037 2049/2049 2039/2039
f 2049/2049 2050/2050 2051/2051
f 2039/2039 2049/2049 2051/2051
f 2022/2022 2018/2018 1980/1980
f 2026/2026 2052/2052 2027/2027
f 2053/2053 2054/2054 2028/2028
f 2027/2027 2053/2053 2028/2028
f 2028/2028 2054/2054 2055/2055
f 2028/2028 2055/2055 2029/2029
f 2029/2029 2055/2055 2056/2056
f 2029/2029 2056/2056 2030/2030
f 2030/2030 2056/2056 2057/2057
f 2001/2001 2030/2030 2031/2031
f 2058/2058 2059/2059 2060/2060
f 2061/2061 2058/2058 2060/2060
f 2062/2062 2063/2063 2059/2059
f 2058/2058 2062/2062 2059/2059
f 2064/2064 2065/2065 2066/2066
f 2066/2066 2067/2067 2068/2068
f 2069/2069 2070/2070 2071/2071
f 2068/2068 2072/2072 2073/2073
f 2069/2069 2071/2071 2074/2074
f 2071/2071 2075/2075 2074/2074
f 2073/2073 2072/2072 2076/2076
f 2074/2074 2075/2075 2077/2077
f 2075/2075 2078/2078 2077/2077
f 2077/2077 2078/2078 2079/2079
f 2079/2079 2078/2078 2080/2080
f 2081/2081 2082/2082 2083/2083
f 2005/2005 2084/2084 1934/1934
f 1934/1934 2084/2084 2085/2085
f 1934/1934 2085/2085 1949/1949
f 1949/1949 2085/2085 1983/1983
f 2086/2086 2087/2087 2088/2088
f 2086/2086 2089/2089 2087/2087
f 2090/2090 2091/2091 2051/2051
f 2090/2090 2051/2051 2092/2092
f 2092/2092 2051/2051 2093/2093
f 2051/2051 2094/2094 2093/2093
f 2093/2093 2094/2094 2095/2095
f 2023/2023 2096/2096 1966/1966
f 1967/1967 2097/2097 2009/2009
f 2009/2009 2098/2098 1995/1995
f 2024/2024 2099/2099 1996/1996
f 1996/1996 2099/2099 1977/1977
f 2100/2100 2101/2101 2030/2030
f 2057/2057 2100/2100 2030/2030
f 2030/2030 2101/2101 2031/2031
f 2062/2062 2102/2102 2103/2103
f 2062/2062 2103/2103 2063/2063
f 2104/2104 2065/2065 2064/2064
f 2105/2105 2106/2106 2107/2107
f 2105/2105 2107/2107 2108/2108
f 2109/2109 2066/2066 2110/2110
f 2109/2109 2110/2110 2111/2111
f 2110/2110 2112/2112 2111/2111
f 2111/2111 2112/2112 2113/2113
f 2111/2111 2113/2113 2114/2114
f 2114/2114 2113/2113 2115/2115
f 2114/2114 2115/2115 2116/2116
f 2116/2116 2115/2115 2117/2117
f 2116/2116 2117/2117 2118/2118
f 2108/2108 2119/2119 2070/2070
f 2065/2065 2067/2067 2066/2066
f 2108/2108 2107/2107 2119/2119
f 2119/2119 2120/2120 2070/2070
f 2120/2120 2121/2121 2071/2071
f 2070/2070 2120/2120 2071/2071
f 2071/2071 2121/2121 2075/2075
f 2075/2075 2121/2121 2122/2122
f 2075/2075 2122/2122 2078/2078
f 2078/2078 2122/2122 2123/2123
f 2078/2078 2123/2123 2080/2080
f 2124/2124 2125/2125 2117/2117
f 2115/2115 2124/2124 2117/2117
f 2123/2123 2126/2126 2127/2127
f 2080/2080 2123/2123 2127/2127
f 2117/2117 2125/2125 2128/2128
f 2126/2126 2129/2129 2127/2127
f 2082/2082 2130/2130 2083/2083
f 2014/2014 2131/2131 1989/1989
f 1990/1990 2008/2008 2016/2016
f 2016/2016 2132/2132 1991/1991
f 2133/2133 2134/2134 2135/2135
f 2136/2136 2133/2133 2135/2135
f 1984/1984 2023/2023 1994/1994
f 2137/2137 2138/2138 2139/2139
f 2138/2138 2140/2140 2139/2139
f 2139/2139 2140/2140 2141/2141
f 2141/2141 2140/2140 2100/2100
f 2100/2100 2140/2140 2101/2101
f 2101/2101 2142/2142 2031/2031
f 2102/2102 2143/2143 2144/2144
f 2145/2145 2146/2146 2106/2106
f 2146/2146 2147/2147 2107/2107
f 2106/2106 2146/2146 2107/2107
f 2107/2107 2147/2147 2148/2148
f 2148/2148 2149/2149 2120/2120
f 2149/2149 2150/2150 2121/2121
f 2120/2120 2149/2149 2121/2121
f 2121/2121 2150/2150 2151/2151
f 2121/2121 2151/2151 2122/2122
f 2151/2151 2152/2152 2122/2122
f 2122/2122 2152/2152 2123/2123
f 2123/2123 2152/2152 2153/2153
f 2123/2123 2153/2153 2126/2126
f 2004/2004 2006/2006 2154/2154
f 2083/2083 2130/2130 2155/2155
f 2007/2007 2156/2156 1979/1979
f 1928/1928 2157/2157 2013/2013
f 2158/2158 2159/2159 2160/2160
f 2159/2159 2161/2161 2160/2160
f 2160/2160 2161/2161 2162/2162
f 2162/2162 2161/2161 2163/2163
f 2162/2162 2163/2163 2138/2138
f 2163/2163 2164/2164 2138/2138
f 2138/2138 2164/2164 2140/2140
f 2140/2140 2164/2164 2142/2142
f 2140/2140 2142/2142 2101/2101
f 2031/2031 2165/2165 1998/1998
f 1998/1998 2166/2166 1999/1999
f 2098/2098 2024/2024 1995/1995
f 2158/2158 2167/2167 2159/2159
f 2161/2161 2164/2164 2163/2163
f 1988/1988 2007/2007 1972/1972
f 2016/2016 2168/2168 2132/2132
f 2002/2002 2169/2169 2006/2006
f 2012/2012 2170/2170 2019/2019
f 1989/1989 2171/2171 2008/2008
f 2008/2008 2168/2168 2016/2016
f 1991/1991 2132/2132 2022/2022
f 2167/2167 2172/2172 2159/2159
f 2159/2159 2172/2172 2161/2161
f 2161/2161 2173/2173 2164/2164
f 2164/2164 2173/2173 2142/2142
f 2013/2013 2131/2131 2014/2014
f 1989/1989 2131/2131 2171/2171
f 2008/2008 2174/2174 2168/2168
f 2099/2099 2175/2175 1977/1977
f 1977/1977 2175/2175 1986/1986
f 2161/2161 2172/2172 2176/2176
f 2161/2161 2176/2176 2173/2173
f 2018/2018 2177/2177 2002/2002
f 2177/2177 2169/2169 2002/2002
f 2085/2085 2178/2178 1983/1983
f 2142/2142 2179/2179 2180/2180
f 2142/2142 2180/2180 2031/2031
f 2031/2031 2180/2180 2165/2165
f 2165/2165 2181/2181 1998/1998
f 1998/1998 2181/2181 2166/2166
f 2154/2154 2182/2182 2183/2183
f 2000/2000 2184/2184 1984/1984
f 1984/1984 2185/2185 2023/2023
f 2175/2175 2186/2186 1986/1986
f 2167/2167 2187/2187 2172/2172
f 2172/2172 2188/2188 2176/2176
f 2006/2006 2182/2182 2154/2154
f 2132/2132 2189/2189 2022/2022
f 2023/2023 2190/2190 2096/2096
f 2097/2097 2191/2191 2192/2192
f 2097/2097 2192/2192 2009/2009
f 2098/2098 2099/2099 2024/2024
f 2176/2176 2179/2179 2173/2173
f 2173/2173 2179/2179 2142/2142
f 2181/2181 2193/2193 2166/2166
f 2169/2169 2182/2182 2006/2006
f 2019/2019 2194/2194 2005/2005
f 2005/2005 2194/2194 2084/2084
f 2008/2008 2171/2171 2174/2174
f 2184/2184 2185/2185 1984/1984
f 2009/2009 2192/2192 2098/2098
f 2172/2172 2195/2195 2188/2188
f 2176/2176 2188/2188 2179/2179
f 2177/2177 2196/2196 2169/2169
f 2185/2185 2197/2197 2023/2023
f 2023/2023 2197/2197 2190/2190
f 2187/2187 2195/2195 2172/2172
f 2189/2189 2177/2177 2022/2022
f 2084/2084 2198/2198 2085/2085
f 2085/2085 2198/2198 2178/2178
f 2098/2098 2199/2199 2099/2099
f 2099/2099 2200/2200 2175/2175
f 2180/2180 2201/2201 2165/2165
f 2165/2165 2201/2201 2181/2181
f 2200/2200 2202/2202 2175/2175
f 2175/2175 2202/2202 2186/2186
f 2177/2177 2203/2203 2196/2196
f 2196/2196 2182/2182 2169/2169
f 2191/2191 2204/2204 2192/2192
f 2183/2183 2205/2205 1988/1988
f 1988/1988 2205/2205 2007/2007
f 2194/2194 2206/2206 2084/2084
f 2084/2084 2206/2206 2198/2198
f 2132/2132 2168/2168 2207/2207
f 2192/2192 2204/2204 2098/2098
f 2188/2188 2208/2208 2179/2179
f 2179/2179 2208/2208 2209/2209
f 2196/2196 2210/2210 2182/2182
f 2182/2182 2205/2205 2183/2183
f 2174/2174 2211/2211 2168/2168
f 2168/2168 2211/2211 2207/2207
f 2132/2132 2207/2207 2189/2189
f 2157/2157 2212/2212 2013/2013
f 2013/2013 2213/2213 2131/2131
f 2131/2131 2214/2214 2171/2171
f 2215/2215 2203/2203 2189/2189
f 2204/2204 2216/2216 2098/2098
f 2099/2099 2199/2199 2200/2200
f 2187/2187 2217/2217 2195/2195
f 2195/2195 2218/2218 2188/2188
f 2179/2179 2209/2209 2219/2219
f 2179/2179 2219/2219 2180/2180
f 2181/2181 2220/2220 2193/2193
f 2189/2189 2203/2203 2177/2177
f 2170/2170 2221/2221 2019/2019
f 2212/2212 2213/2213 2013/2013
f 2131/2131 2213/2213 2214/2214
f 2171/2171 2222/2222 2174/2174
f 2222/2222 2211/2211 2174/2174
f 2185/2185 2223/2223 2197/2197
f 2195/2195 2217/2217 2218/2218
f 2180/2180 2219/2219 2201/2201
f 2210/2210 2224/2224 2182/2182
f 2224/2224 2205/2205 2182/2182
f 2007/2007 2225/2225 2156/2156
f 2156/2156 2225/2225 2226/2226
f 2214/2214 2222/2222 2171/2171
f 2197/2197 2223/2223 2190/2190
f 2188/2188 2218/2218 2227/2227
f 2188/2188 2227/2227 2208/2208
f 2208/2208 2227/2227 2209/2209
f 2201/2201 2228/2228 2181/2181
f 2181/2181 2228/2228 2220/2220
f 2203/2203 2229/2229 2196/2196
f 2229/2229 2230/2230 2196/2196
f 2205/2205 2231/2231 2007/2007
f 2207/2207 2215/2215 2189/2189
f 2098/2098 2216/2216 2199/2199
f 2202/2202 2232/2232 2186/2186
f 2007/2007 2233/2233 2225/2225
f 2019/2019 2234/2234 2194/2194
f 2194/2194 2234/2234 2206/2206
f 2184/2184 2235/2235 2236/2236
f 2184/2184 2236/2236 2185/2185
f 2185/2185 2236/2236 2223/2223
f 2187/2187 2237/2237 2217/2217
f 2219/2219 2238/2238 2201/2201
f 2201/2201 2238/2238 2228/2228
f 2196/2196 2230/2230 2210/2210
f 2214/2214 2239/2239 2222/2222
f 2199/2199 2240/2240 2200/2200
f 2215/2215 2229/2229 2203/2203
f 2231/2231 2233/2233 2007/2007
f 2221/2221 2241/2241 2019/2019
f 2019/2019 2241/2241 2234/2234
f 2214/2214 2213/2213 2239/2239
f 2207/2207 2242/2242 2215/2215
f 2223/2223 2243/2243 2190/2190
f 2191/2191 2244/2244 2204/2204
f 2204/2204 2245/2245 2216/2216
f 2200/2200 2246/2246 2202/2202
f 2202/2202 2246/2246 2232/2232
f 2187/2187 2247/2247 2237/2237
f 2237/2237 2218/2218 2217/2217
f 2218/2218 2248/2248 2227/2227
f 2210/2210 2249/2249 2224/2224
f 2237/2237 2248/2248 2218/2218
f 2209/2209 2227/2227 2250/2250
f 2222/2222 2251/2251 2211/2211
f 2251/2251 2252/2252 2211/2211
f 2211/2211 2252/2252 2207/2207
f 2236/2236 2253/2253 2223/2223
f 2215/2215 2254/2254 2229/2229
f 2230/2230 2249/2249 2210/2210
f 2224/2224 2255/2255 2205/2205
f 2216/2216 2245/2245 2199/2199
f 2209/2209 2256/2256 2219/2219
f 2219/2219 2256/2256 2238/2238
f 2249/2249 2255/2255 2224/2224
f 2215/2215 2242/2242 2254/2254
f 2245/2245 2240/2240 2199/2199
f 2228/2228 2257/2257 2220/2220
f 2258/2258 2259/2259 2260/2260
f 2248/2248 2250/2250 2227/2227
f 2261/2261 2249/2249 2230/2230
f 2239/2239 2262/2262 2222/2222
f 2222/2222 2262/2262 2251/2251
f 2252/2252 2242/2242 2207/2207
f 2235/2235 2263/2263 2236/2236
f 2223/2223 2253/2253 2243/2243
f 2240/2240 2246/2246 2200/2200
f 2264/2264 2254/2254 2242/2242
f 2244/2244 2265/2265 2204/2204
f 2204/2204 2265/2265 2245/2245
f 2240/2240 2266/2266 2246/2246
f 2256/2256 2267/2267 2238/2238
f 2238/2238 2267/2267 2268/2268
f 2238/2238 2268/2268 2228/2228
f 2228/2228 2268/2268 2257/2257
f 2206/2206 2269/2269 2198/2198
f 2198/2198 2269/2269 2178/2178
f 2212/2212 2270/2270 2213/2213
f 2263/2263 2271/2271 2236/2236
f 2236/2236 2271/2271 2253/2253
f 2247/2247 2272/2272 2237/2237
f 2272/2272 2248/2248 2237/2237
f 2209/2209 2250/2250 2256/2256
f 2256/2256 2273/2273 2267/2267
f 2274/2274 2259/2259 2258/2258
f 2251/2251 2262/2262 2252/2252
f 2272/2272 2275/2275 2248/2248
f 2276/2276 2274/2274 2258/2258
f 2233/2233 2277/2277 2225/2225
f 2265/2265 2278/2278 2245/2245
f 2205/2205 2279/2279 2231/2231
f 2245/2245 2280/2280 2240/2240
f 2255/2255 2279/2279 2205/2205
f 2234/2234 2281/2281 2206/2206
f 2206/2206 2281/2281 2269/2269
f 2212/2212 2282/2282 2270/2270
f 2213/2213 2270/2270 2239/2239
f 2252/2252 2264/2264 2242/2242
f 2256/2256 2250/2250 2273/2273
f 2249/2249 2283/2283 2255/2255
f 2284/2284 2285/2285 2286/2286
f 2287/2287 2288/2288 2289/2289
f 2271/2271 2290/2290 2253/2253
f 2253/2253 2290/2290 2243/2243
f 2240/2240 2280/2280 2266/2266
f 2248/2248 2291/2291 2250/2250
f 2255/2255 2292/2292 2279/2279
f 2262/2262 2293/2293 2252/2252
f 2245/2245 2278/2278 2280/2280
f 2247/2247 2294/2294 2272/2272
f 2275/2275 2291/2291 2248/2248
f 2273/2273 2295/2295 2267/2267
f 2267/2267 2295/2295 2268/2268
f 2283/2283 2292/2292 2255/2255
f 2263/2263 2296/2296 2271/2271
f 2271/2271 2296/2296 2290/2290
f 2294/2294 2297/2297 2272/2272
f 2272/2272 2297/2297 2275/2275
f 2252/2252 2293/2293 2264/2264
f 2269/2269 2298/2298 2178/2178
f 2284/2284 2299/2299 2285/2285
f 2264/2264 2300/2300 2254/2254
f 2290/2290 2301/2301 2243/2243
f 2244/2244 2302/2302 2265/2265
f 2246/2246 2303/2303 2232/2232
f 2291/2291 2304/2304 2250/2250
f 2250/2250 2304/2304 2273/2273
f 2273/2273 2304/2304 2305/2305
f 2268/2268 2306/2306 2257/2257
f 2307/2307 2308/2308 2261/2261
f 2241/2241 2309/2309 2234/2234
f 2234/2234 2309/2309 2281/2281
f 2310/2310 2299/2299 2284/2284
f 2293/2293 2311/2311 2264/2264
f 2276/2276 2312/2312 2274/2274
f 2291/2291 2313/2313 2304/2304
f 2273/2273 2305/2305 2295/2295
f 2266/2266 2314/2314 2246/2246
f 2246/2246 2314/2314 2303/2303
f 2275/2275 2313/2313 2291/2291
f 2295/2295 2315/2315 2268/2268
f 2268/2268 2315/2315 2306/2306
f 2312/2312 2316/2316 2274/2274
f 2231/2231 2277/2277 2233/2233
f 2225/2225 2317/2317 2226/2226
f 2221/2221 2318/2318 2241/2241
f 2264/2264 2311/2311 2300/2300
f 2319/2319 2320/2320 2296/2296
f 2263/2263 2319/2319 2296/2296
f 2296/2296 2320/2320 2321/2321
f 2296/2296 2321/2321 2290/2290
f 2290/2290 2321/2321 2301/2301
f 2307/2307 2322/2322 2308/2308
f 2261/2261 2308/2308 2323/2323
f 2302/2302 2324/2324 2265/2265
f 2265/2265 2324/2324 2325/2325
f 2265/2265 2325/2325 2278/2278
f 2283/2283 2326/2326 2292/2292
f 2277/2277 2317/2317 2225/2225
f 2280/2280 2327/2327 2266/2266
f 2323/2323 2326/2326 2283/2283
f 2270/2270 2328/2328 2329/2329
f 2266/2266 2327/2327 2314/2314
f 2294/2294 2330/2330 2297/2297
f 2297/2297 2330/2330 2275/2275
f 2313/2313 2331/2331 2304/2304
f 2308/2308 2332/2332 2323/2323
f 2309/2309 2333/2333 2281/2281
f 2281/2281 2333/2333 2269/2269
f 2282/2282 2328/2328 2270/2270
f 2334/2334 2311/2311 2293/2293
f 2300/2300 2335/2335 2336/2336
f 2312/2312 2337/2337 2316/2316
f 2314/2314 2338/2338 2303/2303
f 2339/2339 2340/2340 2341/2341
f 2305/2305 2342/2342 2295/2295
f 2295/2295 2342/2342 2315/2315
f 2315/2315 2343/2343 2306/2306
f 2323/2323 2332/2332 2326/2326
f 2282/2282 2344/2344 2328/2328
f 2311/2311 2345/2345 2300/2300
f 2294/2294 2346/2346 2330/2330
f 2275/2275 2347/2347 2313/2313
f 2304/2304 2331/2331 2305/2305
f 2305/2305 2348/2348 2342/2342
f 2322/2322 2332/2332 2308/2308
f 2318/2318 2349/2349 2241/2241
f 2241/2241 2349/2349 2309/2309
f 2293/2293 2329/2329 2334/2334
f 2278/2278 2327/2327 2280/2280
f 2330/2330 2347/2347 2275/2275
f 2347/2347 2350/2350 2313/2313
f 2313/2313 2350/2350 2331/2331
f 2292/2292 2351/2351 2279/2279
f 2345/2345 2352/2352 2300/2300
f 2353/2353 2354/2354 2355/2355
f 2355/2355 2356/2356 2353/2353
f 2320/2320 2357/2357 2321/2321
f 2321/2321 2357/2357 2301/2301
f 2331/2331 2358/2358 2305/2305
f 2305/2305 2358/2358 2348/2348
f 2326/2326 2351/2351 2292/2292
f 2300/2300 2352/2352 2335/2335
f 2325/2325 2327/2327 2278/2278
f 2279/2279 2359/2359 2231/2231
f 2334/2334 2345/2345 2311/2311
f 2325/2325 2360/2360 2327/2327
f 2327/2327 2361/2361 2314/2314
f 2314/2314 2361/2361 2338/2338
f 2350/2350 2358/2358 2331/2331
f 2231/2231 2359/2359 2277/2277
f 2277/2277 2359/2359 2362/2362
f 2277/2277 2362/2362 2317/2317
f 2319/2319 2363/2363 2320/2320
f 2364/2364 2350/2350 2347/2347
f 2279/2279 2351/2351 2359/2359
f 2302/2302 2365/2365 2324/2324
f 2324/2324 2365/2365 2325/2325
f 2342/2342 2366/2366 2315/2315
f 2315/2315 2366/2366 2343/2343
f 2329/2329 2367/2367 2334/2334
f 2335/2335 2352/2352 2336/2336
f 2366/2366 2368/2368 2343/2343
f 2328/2328 2369/2369 2329/2329
f 2363/2363 2370/2370 2320/2320
f 2320/2320 2370/2370 2357/2357
f 2357/2357 2371/2371 2301/2301
f 2302/2302 2372/2372 2365/2365
f 2365/2365 2360/2360 2325/2325
f 2330/2330 2364/2364 2347/2347
f 2348/2348 2373/2373 2342/2342
f 2326/2326 2374/2374 2351/2351
f 2362/2362 2375/2375 2317/2317
f 2344/2344 2369/2369 2328/2328
f 2334/2334 2367/2367 2345/2345
f 2327/2327 2376/2376 2361/2361
f 2346/2346 2377/2377 2330/2330
f 2330/2330 2377/2377 2364/2364
f 2342/2342 2378/2378 2366/2366
f 2316/2316 2337/2337 2379/2379
f 2326/2326 2332/2332 2374/2374
f 2309/2309 2380/2380 2333/2333
f 2369/2369 2381/2381 2329/2329
f 2329/2329 2381/2381 2367/2367
f 2345/2345 2382/2382 2352/2352
f 2360/2360 2376/2376 2327/2327
f 2350/2350 2383/2383 2358/2358
f 2358/2358 2383/2383 2348/2348
f 2342/2342 2373/2373 2378/2378
f 2374/2374 2384/2384 2351/2351
f 2333/2333 2380/2380 2269/2269
f 2375/2375 2385/2385 2317/2317
f 2309/2309 2386/2386 2380/2380
f 2367/2367 2382/2382 2345/2345
f 2340/2340 2387/2387 2341/2341
f 2349/2349 2386/2386 2309/2309
f 2370/2370 2388/2388 2357/2357
f 2357/2357 2388/2388 2371/2371
f 2361/2361 2389/2389 2338/2338
f 2340/2340 2390/2390 2387/2387
f 2352/2352 2391/2391 2336/2336
f 2364/2364 2392/2392 2350/2350
f 2378/2378 2393/2393 2366/2366
f 2366/2366 2393/2393 2368/2368
f 2384/2384 2359/2359 2351/2351
f 2346/2346 2394/2394 2377/2377
f 2350/2350 2392/2392 2383/2383
f 2380/2380 2395/2395 2269/2269
f 2269/2269 2395/2395 2298/2298
f 2376/2376 2396/2396 2361/2361
f 2361/2361 2396/2396 2389/2389
f 2397/2397 2398/2398 2374/2374
f 2398/2398 2384/2384 2374/2374
f 2384/2384 2399/2399 2359/2359
f 2381/2381 2400/2400 2367/2367
f 2367/2367 2400/2400 2382/2382
f 2382/2382 2401/2401 2352/2352
f 2401/2401 2391/2391 2352/2352
f 2383/2383 2373/2373 2348/2348
f 2336/2336 2391/2391 2332/2332
f 2394/2394 2402/2402 2377/2377
f 2377/2377 2402/2402 2364/2364
f 2402/2402 2403/2403 2364/2364
f 2391/2391 2404/2404 2332/2332
f 2405/2405 2406/2406 2407/2407
f 2365/2365 2408/2408 2360/2360
f 2364/2364 2403/2403 2392/2392
f 2399/2399 2409/2409 2359/2359
f 2344/2344 2410/2410 2369/2369
f 2372/2372 2411/2411 2365/2365
f 2365/2365 2411/2411 2408/2408
f 2383/2383 2412/2412 2373/2373
f 2395/2395 2413/2413 2298/2298
f 2363/2363 2414/2414 2370/2370
f 2370/2370 2414/2414 2388/2388
f 2408/2408 2415/2415 2360/2360
f 2360/2360 2415/2415 2376/2376
f 2373/2373 2416/2416 2378/2378
f 2378/2378 2416/2416 2393/2393
f 2398/2398 2417/2417 2384/2384
f 2359/2359 2409/2409 2418/2418
f 2359/2359 2418/2418 2362/2362
f 2410/2410 2419/2419 2369/2369
f 2382/2382 2420/2420 2401/2401
f 2363/2363 2421/2421 2414/2414
f 2414/2414 2422/2422 2388/2388
f 2388/2388 2422/2422 2371/2371
f 2376/2376 2415/2415 2396/2396
f 2396/2396 2423/2423 2389/2389
f 2402/2402 2424/2424 2403/2403
f 2416/2416 2425/2425 2393/2393
f 2426/2426 2427/2427 2428/2428
f 2384/2384 2417/2417 2399/2399
f 2369/2369 2419/2419 2381/2381
f 2422/2422 2429/2429 2371/2371
f 2372/2372 2430/2430 2411/2411
f 2415/2415 2423/2423 2396/2396
f 2399/2399 2417/2417 2409/2409
f 2349/2349 2431/2431 2386/2386
f 2401/2401 2420/2420 2432/2432
f 2423/2423 2433/2433 2389/2389
f 2390/2390 2434/2434 2387/2387
f 2394/2394 2424/2424 2402/2402
f 2392/2392 2412/2412 2383/2383
f 2435/2435 2404/2404 2391/2391
f 2386/2386 2436/2436 2380/2380
f 2380/2380 2436/2436 2395/2395
f 2400/2400 2420/2420 2382/2382
f 2437/2437 2431/2431 2349/2349
f 2400/2400 2438/2438 2420/2420
f 2373/2373 2412/2412 2416/2416
f 2391/2391 2432/2432 2435/2435
f 2431/2431 2439/2439 2386/2386
f 2439/2439 2436/2436 2386/2386
f 2421/2421 2440/2440 2414/2414
f 2414/2414 2440/2440 2422/2422
f 2427/2427 2441/2441 2428/2428
f 2406/2406 2442/2442 2407/2407
f 2397/2397 2443/2443 2398/2398
f 2381/2381 2444/2444 2400/2400
f 2415/2415 2445/2445 2423/2423
f 2434/2434 2446/2446 2387/2387
f 2422/2422 2447/2447 2429/2429
f 2429/2429 2447/2447 2448/2448
f 2394/2394 2449/2449 2424/2424
f 2424/2424 2450/2450 2403/2403
f 2403/2403 2450/2450 2392/2392
f 2451/2451 2412/2412 2392/2392
f 2362/2362 2418/2418 2375/2375
f 2449/2449 2452/2452 2424/2424
f 2424/2424 2452/2452 2450/2450
f 2412/2412 2451/2451 2416/2416
f 2417/2417 2453/2453 2409/2409
f 2436/2436 2413/2413 2395/2395
f 2419/2419 2444/2444 2381/2381
f 2438/2438 2454/2454 2420/2420
f 2421/2421 2455/2455 2440/2440
f 2440/2440 2455/2455 2456/2456
f 2440/2440 2456/2456 2422/2422
f 2443/2443 2453/2453 2417/2417
f 2444/2444 2438/2438 2400/2400
f 2457/2457 2458/2458 2459/2459
f 2447/2447 2460/2460 2448/2448
f 2411/2411 2461/2461 2408/2408
f 2423/2423 2462/2462 2433/2433
f 2450/2450 2463/2463 2392/2392
f 2392/2392 2463/2463 2451/2451
f 2454/2454 2464/2464 2420/2420
f 2421/2421 2465/2465 2455/2455
f 2422/2422 2456/2456 2447/2447
f 2451/2451 2466/2466 2416/2416
f 2416/2416 2466/2466 2425/2425
f 2444/2444 2467/2467 2438/2438
f 2420/2420 2464/2464 2432/2432
f 2432/2432 2468/2468 2435/2435
f 2408/2408 2469/2469 2415/2415
f 2404/2404 2435/2435 2470/2470
f 2404/2404 2470/2470 2443/2443
f 2471/2471 2472/2472 2473/2473
f 2443/2443 2474/2474 2453/2453
f 2410/2410 2475/2475 2419/2419
f 2461/2461 2469/2469 2408/2408
f 2415/2415 2469/2469 2445/2445
f 2445/2445 2462/2462 2423/2423
f 2463/2463 2476/2476 2451/2451
f 2466/2466 2477/2477 2425/2425
f 2478/2478 2479/2479 2441/2441
f 2427/2427 2478/2478 2441/2441
f 2431/2431 2480/2480 2439/2439
f 2439/2439 2481/2481 2436/2436
f 2480/2480 2481/2481 2439/2439
f 2454/2454 2482/2482 2464/2464
f 2464/2464 2468/2468 2432/2432
f 2468/2468 2483/2483 2435/2435
f 2455/2455 2484/2484 2456/2456
f 2462/2462 2485/2485 2433/2433
f 2434/2434 2486/2486 2446/2446
f 2483/2483 2470/2470 2435/2435
f 2474/2474 2487/2487 2453/2453
f 2444/2444 2419/2419 2467/2467
f 2467/2467 2454/2454 2438/2438
f 2467/2467 2488/2488 2454/2454
f 2487/2487 2489/2489 2453/2453
f 2453/2453 2489/2489 2409/2409
f 2437/2437 2480/2480 2431/2431
f 2481/2481 2490/2490 2436/2436
f 2436/2436 2490/2490 2413/2413
f 2491/2491 2492/2492 2493/2493
f 2491/2491 2493/2493 2494/2494
f 2492/2492 2495/2495 2493/2493
f 2488/2488 2482/2482 2454/2454
f 2496/2496 2497/2497 2498/2498
f 2484/2484 2499/2499 2456/2456
f 2499/2499 2500/2500 2447/2447
f 2456/2456 2499/2499 2447/2447
f 2447/2447 2500/2500 2460/2460
f 2469/2469 2501/2501 2445/2445
f 2445/2445 2501/2501 2462/2462
f 2462/2462 2502/2502 2485/2485
f 2486/2486 2503/2503 2446/2446
f 2452/2452 2504/2504 2450/2450
f 2476/2476 2505/2505 2451/2451
f 2451/2451 2506/2506 2466/2466
f 2466/2466 2506/2506 2477/2477
f 2507/2507 2508/2508 2509/2509
f 2507/2507 2509/2509 2510/2510
f 2511/2511 2512/2512 2513/2513
f 2509/2509 2514/2514 2510/2510
f 2514/2514 2515/2515 2516/2516
f 2510/2510 2514/2514 2516/2516
f 2508/2508 2517/2517 2509/2509
f 2513/2513 2512/2512 2518/2518
f 2509/2509 2517/2517 2514/2514
f 2514/2514 2517/2517 2515/2515
f 2519/2519 2520/2520 2517/2517
f 2508/2508 2519/2519 2517/2517
f 2513/2513 2518/2518 2521/2521
f 2522/2522 2523/2523 2524/2524
f 2524/2524 2523/2523 2525/2525
f 2517/2517 2520/2520 2526/2526
f 2517/2517 2526/2526 2515/2515
f 2524/2524 2525/2525 2527/2527
f 2528/2528 2529/2529 2530/2530
f 2531/2531 2494/2494 2532/2532
f 2530/2530 2529/2529 2533/2533
f 2530/2530 2533/2533 2534/2534
f 2494/2494 2535/2535 2532/2532
f 2536/2536 2537/2537 2538/2538
f 2534/2534 2533/2533 2539/2539
f 2536/2536 2540/2540 2537/2537
f 2540/2540 2541/2541 2542/2542
f 2537/2537 2540/2540 2542/2542
f 2535/2535 2493/2493 2543/2543
f 2541/2541 2544/2544 2545/2545
f 2542/2542 2541/2541 2545/2545
f 2464/2464 2546/2546 2468/2468
f 2465/2465 2547/2547 2455/2455
f 2455/2455 2547/2547 2484/2484
f 2449/2449 2504/2504 2452/2452
f 2478/2478 2548/2548 2479/2479
f 2549/2549 2487/2487 2474/2474
f 2511/2511 2550/2550 2512/2512
f 2518/2518 2551/2551 2521/2521
f 2522/2522 2552/2552 2553/2553
f 2522/2522 2553/2553 2523/2523
f 2523/2523 2553/2553 2525/2525
f 2525/2525 2554/2554 2527/2527
f 2490/2490 2555/2555 2413/2413
f 2528/2528 2556/2556 2529/2529
f 2450/2450 2504/2504 2557/2557
f 2450/2450 2557/2557 2463/2463
f 2463/2463 2557/2557 2476/2476
f 2476/2476 2557/2557 2505/2505
f 2505/2505 2506/2506 2451/2451
f 2506/2506 2558/2558 2477/2477
f 2477/2477 2558/2558 2559/2559
f 2550/2550 2560/2560 2512/2512
f 2560/2560 2561/2561 2518/2518
f 2512/2512 2560/2560 2518/2518
f 2518/2518 2561/2561 2551/2551
f 2553/2553 2562/2562 2525/2525
f 2525/2525 2562/2562 2554/2554
f 2556/2556 2563/2563 2529/2529
f 2529/2529 2563/2563 2533/2533
f 2533/2533 2564/2564 2539/2539
f 2565/2565 2566/2566 2540/2540
f 2536/2536 2565/2565 2540/2540
f 2540/2540 2566/2566 2567/2567
f 2540/2540 2567/2567 2541/2541
f 2541/2541 2567/2567 2544/2544
f 2469/2469 2568/2568 2501/2501
f 2557/2557 2569/2569 2505/2505
f 2483/2483 2570/2570 2470/2470
f 2472/2472 2571/2571 2473/2473
f 2550/2550 2572/2572 2560/2560
f 2561/2561 2573/2573 2551/2551
f 2552/2552 2574/2574 2553/2553
f 2562/2562 2575/2575 2554/2554
f 2410/2410 2576/2576 2475/2475
f 2567/2567 2577/2577 2544/2544
f 2506/2506 2578/2578 2558/2558
f 2574/2574 2579/2579 2553/2553
f 2553/2553 2579/2579 2562/2562
f 2556/2556 2580/2580 2581/2581
f 2563/2563 2582/2582 2533/2533
f 2533/2533 2582/2582 2564/2564
f 2468/2468 2546/2546 2483/2483
f 2461/2461 2568/2568 2469/2469
f 2449/2449 2583/2583 2504/2504
f 2572/2572 2584/2584 2560/2560
f 2560/2560 2584/2584 2561/2561
f 2487/2487 2585/2585 2489/2489
f 2409/2409 2489/2489 2418/2418
f 2566/2566 2586/2586 2567/2567
f 2567/2567 2586/2586 2577/2577
f 2458/2458 2587/2587 2588/2588
f 2500/2500 2589/2589 2460/2460
f 2461/2461 2590/2590 2568/2568
f 2472/2472 2591/2591 2571/2571
f 2584/2584 2592/2592 2561/2561
f 2561/2561 2592/2592 2573/2573
f 2579/2579 2593/2593 2562/2562
f 2562/2562 2593/2593 2575/2575
f 2419/2419 2594/2594 2467/2467
f 2563/2563 2595/2595 2582/2582
f 2582/2582 2596/2596 2564/2564
f 2597/2597 2598/2598 2566/2566
f 2565/2565 2597/2597 2566/2566
f 2566/2566 2598/2598 2586/2586
f 2465/2465 2599/2599 2547/2547
f 2501/2501 2502/2502 2462/2462
f 2505/2505 2600/2600 2506/2506
f 2506/2506 2600/2600 2578/2578
f 2578/2578 2601/2601 2558/2558
f 2558/2558 2601/2601 2559/2559
f 2549/2549 2585/2585 2487/2487
f 2467/2467 2594/2594 2488/2488
f 2580/2580 2602/2602 2581/2581
f 2482/2482 2603/2603 2464/2464
f 2603/2603 2546/2546 2464/2464
f 2568/2568 2604/2604 2501/2501
f 2501/2501 2604/2604 2502/2502
f 2502/2502 2605/2605 2485/2485
f 2504/2504 2606/2606 2557/2557
f 2569/2569 2600/2600 2505/2505
f 2475/2475 2594/2594 2419/2419
f 2580/2580 2607/2607 2602/2602
f 2599/2599 2608/2608 2547/2547
f 2608/2608 2609/2609 2484/2484
f 2547/2547 2608/2608 2484/2484
f 2484/2484 2609/2609 2610/2610
f 2484/2484 2610/2610 2499/2499
f 2499/2499 2610/2610 2500/2500
f 2595/2595 2611/2611 2582/2582
f 2582/2582 2611/2611 2596/2596
f 2597/2597 2612/2612 2598/2598
f 2598/2598 2612/2612 2613/2613
f 2598/2598 2613/2613 2586/2586
f 2586/2586 2613/2613 2577/2577
f 2610/2610 2614/2614 2500/2500
f 2500/2500 2614/2614 2589/2589
f 2486/2486 2615/2615 2503/2503
f 2578/2578 2616/2616 2601/2601
f 2584/2584 2617/2617 2592/2592
f 2618/2618 2619/2619 2620/2620
f 2488/2488 2603/2603 2482/2482
f 2546/2546 2621/2621 2483/2483
f 2557/2557 2622/2622 2569/2569
f 2578/2578 2623/2623 2616/2616
f 2624/2624 2625/2625 2572/2572
f 2574/2574 2626/2626 2579/2579
f 2579/2579 2626/2626 2627/2627
f 2579/2579 2627/2627 2593/2593
f 2593/2593 2627/2627 2575/2575
f 2585/2585 2628/2628 2489/2489
f 2489/2489 2629/2629 2418/2418
f 2490/2490 2630/2630 2555/2555
f 2475/2475 2631/2631 2594/2594
f 2611/2611 2632/2632 2596/2596
f 2597/2597 2633/2633 2612/2612
f 2600/2600 2623/2623 2578/2578
f 2634/2634 2591/2591 2472/2472
f 2619/2619 2635/2635 2620/2620
f 2620/2620 2635/2635 2636/2636
f 2612/2612 2637/2637 2613/2613
f 2613/2613 2637/2637 2577/2577
f 2488/2488 2638/2638 2603/2603
f 2603/2603 2639/2639 2546/2546
f 2640/2640 2621/2621 2546/2546
f 2604/2604 2605/2605 2502/2502
f 2605/2605 2641/2641 2485/2485
f 2486/2486 2642/2642 2615/2615
f 2583/2583 2606/2606 2504/2504
f 2601/2601 2643/2643 2559/2559
f 2621/2621 2644/2644 2483/2483
f 2483/2483 2644/2644 2570/2570
f 2644/2644 2645/2645 2570/2570
f 2592/2592 2646/2646 2573/2573
f 2574/2574 2647/2647 2626/2626
f 2627/2627 2648/2648 2575/2575
f 2576/2576 2631/2631 2475/2475
f 2594/2594 2638/2638 2488/2488
f 2607/2607 2649/2649 2650/2650
f 2607/2607 2650/2650 2602/2602
f 2595/2595 2651/2651 2611/2611
f 2633/2633 2652/2652 2612/2612
f 2612/2612 2652/2652 2637/2637
f 2637/2637 2653/2653 2577/2577
f 2606/2606 2622/2622 2557/2557
f 2569/2569 2654/2654 2600/2600
f 2655/2655 2656/2656 2548/2548
f 2590/2590 2657/2657 2568/2568
f 2625/2625 2658/2658 2572/2572
f 2617/2617 2659/2659 2592/2592
f 2592/2592 2659/2659 2646/2646
f 2481/2481 2660/2660 2490/2490
f 2546/2546 2639/2639 2640/2640
f 2568/2568 2657/2657 2661/2661
f 2568/2568 2661/2661 2604/2604
f 2569/2569 2622/2622 2654/2654
f 2628/2628 2662/2662 2489/2489
f 2480/2480 2660/2660 2481/2481
f 2651/2651 2663/2663 2611/2611
f 2663/2663 2664/2664 2632/2632
f 2611/2611 2663/2663 2632/2632
f 2633/2633 2665/2665 2652/2652
f 2599/2599 2666/2666 2608/2608
f 2608/2608 2666/2666 2609/2609
f 2549/2549 2667/2667 2585/2585
f 2647/2647 2668/2668 2626/2626
f 2626/2626 2668/2668 2627/2627
f 2480/2480 2669/2669 2660/2660
f 2660/2660 2630/2630 2490/2490
f 2649/2649 2670/2670 2650/2650
f 2637/2637 2671/2671 2653/2653
f 2637/2637 2672/2672 2671/2671
f 2603/2603 2673/2673 2639/2639
f 2587/2587 2674/2674 2588/2588
f 2614/2614 2675/2675 2589/2589
f 2600/2600 2654/2654 2676/2676
f 2600/2600 2676/2676 2677/2677
f 2600/2600 2677/2677 2623/2623
f 2590/2590 2678/2678 2657/2657
f 2617/2617 2679/2679 2659/2659
f 2680/2680 2681/2681 2670/2670
f 2682/2682 2680/2680 2670/2670
f 2665/2665 2683/2683 2652/2652
f 2652/2652 2672/2672 2637/2637
f 2652/2652 2683/2683 2672/2672
f 2672/2672 2684/2684 2671/2671
f 2603/2603 2638/2638 2673/2673
f 2666/2666 2685/2685 2609/2609
f 2609/2609 2685/2685 2610/2610
f 2605/2605 2686/2686 2641/2641
f 2606/2606 2687/2687 2688/2688
f 2606/2606 2688/2688 2622/2622
f 2643/2643 2689/2689 2690/2690
f 2623/2623 2677/2677 2691/2691
f 2644/2644 2692/2692 2645/2645
f 2645/2645 2667/2667 2549/2549
f 2625/2625 2693/2693 2679/2679
f 2625/2625 2679/2679 2658/2658
f 2659/2659 2694/2694 2646/2646
f 2647/2647 2695/2695 2668/2668
f 2668/2668 2696/2696 2627/2627
f 2627/2627 2696/2696 2697/2697
f 2627/2627 2697/2697 2648/2648
f 2667/2667 2628/2628 2585/2585
f 2651/2651 2698/2698 2663/2663
f 2663/2663 2699/2699 2664/2664
f 2664/2664 2699/2699 2700/2700
f 2701/2701 2702/2702 2703/2703
f 2642/2642 2704/2704 2615/2615
f 2705/2705 2676/2676 2654/2654
f 2679/2679 2706/2706 2707/2707
f 2679/2679 2707/2707 2659/2659
f 2659/2659 2707/2707 2694/2694
f 2695/2695 2708/2708 2668/2668
f 2668/2668 2708/2708 2696/2696
f 2663/2663 2698/2698 2699/2699
f 2699/2699 2709/2709 2700/2700
f 2710/2710 2711/2711 2672/2672
f 2683/2683 2710/2710 2672/2672
f 2672/2672 2711/2711 2712/2712
f 2672/2672 2712/2712 2684/2684
f 2684/2684 2712/2712 2713/2713
f 2639/2639 2714/2714 2640/2640
f 2678/2678 2715/2715 2657/2657
f 2657/2657 2715/2715 2661/2661
f 2604/2604 2661/2661 2605/2605
f 2605/2605 2661/2661 2686/2686
f 2583/2583 2687/2687 2606/2606
f 2622/2622 2716/2716 2654/2654
f 2645/2645 2692/2692 2667/2667
f 2679/2679 2717/2717 2706/2706
f 2718/2718 2719/2719 2720/2720
f 2696/2696 2721/2721 2697/2697
f 2594/2594 2631/2631 2638/2638
f 2698/2698 2722/2722 2699/2699
f 2699/2699 2722/2722 2709/2709
f 2710/2710 2723/2723 2711/2711
f 2711/2711 2723/2723 2724/2724
f 2711/2711 2724/2724 2712/2712
f 2724/2724 2725/2725 2713/2713
f 2712/2712 2724/2724 2713/2713
f 2638/2638 2726/2726 2673/2673
f 2599/2599 2727/2727 2666/2666
f 2685/2685 2728/2728 2610/2610
f 2610/2610 2728/2728 2614/2614
f 2677/2677 2729/2729 2689/2689
f 2689/2689 2729/2729 2690/2690
f 2730/2730 2692/2692 2644/2644
f 2731/2731 2732/2732 2717/2717
f 2733/2733 2734/2734 2735/2735
f 2717/2717 2736/2736 2706/2706
f 2706/2706 2737/2737 2707/2707
f 2738/2738 2739/2739 2719/2719
f 2718/2718 2738/2738 2719/2719
f 2719/2719 2739/2739 2740/2740
f 2740/2740 2741/2741 2742/2742
f 2489/2489 2662/2662 2629/2629
f 2630/2630 2743/2743 2555/2555
f 2698/2698 2744/2744 2745/2745
f 2698/2698 2745/2745 2722/2722
f 2722/2722 2745/2745 2746/2746
f 2722/2722 2746/2746 2709/2709
f 2710/2710 2747/2747 2723/2723
f 2723/2723 2747/2747 2748/2748
f 2723/2723 2748/2748 2724/2724
f 2724/2724 2749/2749 2725/2725
f 2748/2748 2750/2750 2749/2749
f 2724/2724 2748/2748 2749/2749
f 2639/2639 2673/2673 2714/2714
f 2728/2728 2751/2751 2614/2614
f 2614/2614 2751/2751 2752/2752
f 2614/2614 2752/2752 2675/2675
f 2688/2688 2716/2716 2622/2622
f 2654/2654 2716/2716 2705/2705
f 2729/2729 2753/2753 2690/2690
f 2678/2678 2754/2754 2755/2755
f 2756/2756 2732/2732 2757/2757
f 2756/2756 2758/2758 2759/2759
f 2756/2756 2759/2759 2732/2732
f 2760/2760 2735/2735 2761/2761
f 2736/2736 2717/2717 2732/2732
f 2759/2759 2706/2706 2736/2736
f 2739/2739 2762/2762 2740/2740
f 2740/2740 2762/2762 2763/2763
f 2740/2740 2763/2763 2764/2764
f 2765/2765 2766/2766 2744/2744
f 2767/2767 2747/2747 2710/2710
f 2746/2746 2768/2768 2769/2769
f 2747/2747 2770/2770 2748/2748
f 2771/2771 2772/2772 2770/2770
f 2747/2747 2771/2771 2770/2770
f 2770/2770 2772/2772 2773/2773
f 2770/2770 2773/2773 2748/2748
f 2748/2748 2774/2774 2750/2750
f 2773/2773 2775/2775 2774/2774
f 2748/2748 2773/2773 2774/2774
f 2661/2661 2776/2776 2686/2686
f 2621/2621 2640/2640 2730/2730
f 2777/2777 2676/2676 2705/2705
f 2676/2676 2778/2778 2677/2677
f 2677/2677 2778/2778 2729/2729
f 2621/2621 2730/2730 2644/2644
f 2692/2692 2779/2779 2667/2667
f 2780/2780 2781/2781 2782/2782
f 2780/2780 2783/2783 2781/2781
f 2782/2782 2761/2761 2784/2784
f 2785/2785 2786/2786 2759/2759
f 2786/2786 2787/2787 2706/2706
f 2759/2759 2786/2786 2706/2706
f 2706/2706 2787/2787 2737/2737
f 2739/2739 2788/2788 2762/2762
f 2480/2480 2789/2789 2669/2669
f 2790/2790 2791/2791 2745/2745
f 2745/2745 2791/2791 2792/2792
f 2745/2745 2792/2792 2746/2746
f 2746/2746 2792/2792 2768/2768
f 2771/2771 2793/2793 2772/2772
f 2794/2794 2795/2795 2796/2796
f 2797/2797 2798/2798 2795/2795
f 2794/2794 2797/2797 2795/2795
f 2795/2795 2798/2798 2799/2799
f 2795/2795 2799/2799 2796/2796
f 2799/2799 2800/2800 2801/2801
f 2796/2796 2799/2799 2801/2801
f 2686/2686 2776/2776 2641/2641
f 2583/2583 2802/2802 2687/2687
f 2803/2803 2783/2783 2804/2804
f 2803/2803 2805/2805 2806/2806
f 2803/2803 2806/2806 2783/2783
f 2807/2807 2786/2786 2785/2785
f 2808/2808 2809/2809 2788/2788
f 2809/2809 2810/2810 2762/2762
f 2788/2788 2809/2809 2762/2762
f 2762/2762 2810/2810 2811/2811
f 2762/2762 2811/2811 2763/2763
f 2660/2660 2669/2669 2630/2630
f 2792/2792 2812/2812 2813/2813
f 2768/2768 2792/2792 2813/2813
f 2814/2814 2815/2815 2799/2799
f 2798/2798 2814/2814 2799/2799
f 2797/2797 2816/2816 2814/2814
f 2798/2798 2797/2797 2814/2814
f 2799/2799 2815/2815 2800/2800
f 2815/2815 2817/2817 2800/2800
f 2814/2814 2818/2818 2815/2815
f 2814/2814 2816/2816 2818/2818
f 2818/2818 2816/2816 2819/2819
f 2685/2685 2820/2820 2728/2728
f 2714/2714 2730/2730 2640/2640
f 2728/2728 2820/2820 2751/2751
f 2715/2715 2821/2821 2661/2661
f 2776/2776 2822/2822 2641/2641
f 2642/2642 2823/2823 2704/2704
f 2687/2687 2716/2716 2688/2688
f 2716/2716 2824/2824 2705/2705
f 2705/2705 2824/2824 2777/2777
f 2777/2777 2778/2778 2676/2676
f 2729/2729 2825/2825 2753/2753
f 2826/2826 2827/2827 2828/2828
f 2826/2826 2805/2805 2829/2829
f 2826/2826 2829/2829 2830/2830
f 2826/2826 2828/2828 2805/2805
f 2830/2830 2829/2829 2831/2831
f 2807/2807 2832/2832 2833/2833
f 2833/2833 2787/2787 2786/2786
f 2807/2807 2833/2833 2786/2786
f 2834/2834 2835/2835 2836/2836
f 2834/2834 2836/2836 2808/2808
f 2808/2808 2836/2836 2810/2810
f 2810/2810 2837/2837 2811/2811
f 2669/2669 2838/2838 2630/2630
f 2630/2630 2838/2838 2743/2743
f 2631/2631 2839/2839 2638/2638
f 2791/2791 2840/2840 2792/2792
f 2792/2792 2840/2840 2841/2841
f 2792/2792 2841/2841 2812/2812
f 2812/2812 2842/2842 2813/2813
f 2841/2841 2843/2843 2812/2812
f 2812/2812 2843/2843 2842/2842
f 2815/2815 2819/2819 2817/2817
f 2816/2816 2844/2844 2819/2819
f 2842/2842 2843/2843 2845/2845
f 2819/2819 2846/2846 2817/2817
f 2844/2844 2847/2847 2819/2819
f 2848/2848 2849/2849 2844/2844
f 2819/2819 2847/2847 2846/2846
f 2844/2844 2850/2850 2847/2847
f 2844/2844 2849/2849 2850/2850
f 2847/2847 2851/2851 2846/2846
f 2850/2850 2852/2852 2847/2847
f 2850/2850 2849/2849 2853/2853
f 2847/2847 2852/2852 2851/2851
f 2850/2850 2854/2854 2852/2852
f 2850/2850 2853/2853 2854/2854
f 2855/2855 2856/2856 2857/2857
f 2853/2853 2858/2858 2854/2854
f 2854/2854 2858/2858 2852/2852
f 2852/2852 2859/2859 2851/2851
f 2860/2860 2861/2861 2858/2858
f 2853/2853 2860/2860 2858/2858
f 2862/2862 2863/2863 2864/2864
f 2865/2865 2862/2862 2864/2864
f 2858/2858 2861/2861 2866/2866
f 2858/2858 2866/2866 2852/2852
f 2852/2852 2866/2866 2859/2859
f 2860/2860 2867/2867 2861/2861
f 2863/2863 2868/2868 2864/2864
f 2861/2861 2867/2867 2866/2866
f 2869/2869 2870/2870 2871/2871
f 2869/2869 2871/2871 2872/2872
f 2873/2873 2874/2874 2875/2875
f 2873/2873 2875/2875 2876/2876
f 2873/2873 2877/2877 2878/2878
f 2860/2860 2879/2879 2867/2867
f 2864/2864 2868/2868 2880/2880
f 2860/2860 2881/2881 2879/2879
f 2867/2867 2882/2882 2866/2866
f 2882/2882 2883/2883 2859/2859
f 2866/2866 2882/2882 2859/2859
f 2876/2876 2884/2884 2877/2877
f 2873/2873 2876/2876 2877/2877
f 2877/2877 2884/2884 2885/2885
f 2885/2885 2884/2884 2886/2886
f 2876/2876 2887/2887 2884/2884
f 2884/2884 2888/2888 2886/2886
f 2888/2888 2889/2889 2879/2879
f 2886/2886 2888/2888 2879/2879
f 2879/2879 2889/2889 2867/2867
f 2867/2867 2889/2889 2882/2882
f 2889/2889 2890/2890 2882/2882
f 2887/2887 2888/2888 2884/2884
f 2888/2888 2891/2891 2889/2889
f 2892/2892 2893/2893 2894/2894
f 2895/2895 2896/2896 2897/2897
f 2898/2898 2895/2895 2897/2897
f 2899/2899 2900/2900 2901/2901
f 2899/2899 2901/2901 2902/2902
f 2666/2666 2903/2903 2685/2685
f 2685/2685 2903/2903 2820/2820
f 2754/2754 2821/2821 2715/2715
f 2661/2661 2821/2821 2776/2776
f 2823/2823 2904/2904 2704/2704
f 2802/2802 2905/2905 2687/2687
f 2687/2687 2905/2905 2716/2716
f 2716/2716 2905/2905 2906/2906
f 2716/2716 2906/2906 2907/2907
f 2716/2716 2907/2907 2824/2824
f 2824/2824 2907/2907 2908/2908
f 2824/2824 2908/2908 2777/2777
f 2908/2908 2909/2909 2777/2777
f 2777/2777 2909/2909 2778/2778
f 2778/2778 2910/2910 2729/2729
f 2729/2729 2910/2910 2825/2825
f 2911/2911 2912/2912 2913/2913
f 2911/2911 2914/2914 2915/2915
f 2916/2916 2917/2917 2912/2912
f 2911/2911 2916/2916 2912/2912
f 2911/2911 2915/2915 2918/2918
f 2911/2911 2918/2918 2916/2916
f 2912/2912 2917/2917 2919/2919
f 2917/2917 2920/2920 2919/2919
f 2916/2916 2921/2921 2917/2917
f 2917/2917 2921/2921 2920/2920
f 2916/2916 2922/2922 2921/2921
f 2916/2916 2918/2918 2922/2922
f 2921/2921 2923/2923 2920/2920
f 2922/2922 2924/2924 2921/2921
f 2922/2922 2918/2918 2925/2925
f 2921/2921 2924/2924 2923/2923
f 2922/2922 2926/2926 2924/2924
f 2922/2922 2925/2925 2926/2926
f 2926/2926 2927/2927 2924/2924
f 2927/2927 2928/2928 2923/2923
f 2924/2924 2927/2927 2923/2923
f 2925/2925 2929/2929 2827/2827
f 2925/2925 2827/2827 2926/2926
f 2930/2930 2931/2931 2833/2833
f 2930/2930 2833/2833 2832/2832
f 2926/2926 2827/2827 2932/2932
f 2926/2926 2932/2932 2927/2927
f 2927/2927 2932/2932 2928/2928
f 2929/2929 2828/2828 2827/2827
f 2933/2933 2934/2934 2935/2935
f 2932/2932 2936/2936 2928/2928
f 2779/2779 2937/2937 2667/2667
f 2833/2833 2938/2938 2787/2787
f 2939/2939 2940/2940 2835/2835
f 2834/2834 2939/2939 2835/2835
f 2835/2835 2940/2940 2941/2941
f 2835/2835 2941/2941 2942/2942
f 2942/2942 2943/2943 2837/2837
f 2629/2629 2662/2662 2944/2944
f 2789/2789 2945/2945 2669/2669
f 2638/2638 2839/2839 2726/2726
f 2946/2946 2947/2947 2948/2948
f 2841/2841 2840/2840 2949/2949
f 2841/2841 2949/2949 2950/2950
f 2841/2841 2950/2950 2843/2843
f 2951/2951 2952/2952 2843/2843
f 2843/2843 2950/2950 2951/2951
f 2951/2951 2950/2950 2953/2953
f 2951/2951 2865/2865 2952/2952
f 2951/2951 2862/2862 2865/2865
f 2951/2951 2953/2953 2862/2862
f 2953/2953 2954/2954 2862/2862
f 2856/2856 2955/2955 2857/2857
f 2954/2954 2956/2956 2863/2863
f 2862/2862 2954/2954 2863/2863
f 2957/2957 2958/2958 2959/2959
f 2957/2957 2960/2960 2961/2961
f 2957/2957 2961/2961 2958/2958
f 2959/2959 2962/2962 2963/2963
f 2957/2957 2959/2959 2963/2963
f 2863/2863 2956/2956 2964/2964
f 2863/2863 2964/2964 2868/2868
f 2965/2965 2966/2966 2967/2967
f 2965/2965 2967/2967 2968/2968
f 2968/2968 2967/2967 2871/2871
f 2968/2968 2871/2871 2870/2870
f 2969/2969 2872/2872 2875/2875
f 2969/2969 2875/2875 2874/2874
f 2970/2970 2971/2971 2972/2972
f 2973/2973 2880/2880 2868/2868
f 2970/2970 2974/2974 2971/2971
f 2967/2967 2975/2975 2871/2871
f 2871/2871 2975/2975 2872/2872
f 2886/2886 2879/2879 2881/2881
f 2976/2976 2886/2886 2881/2881
f 2966/2966 2977/2977 2967/2967
f 2967/2967 2977/2977 2975/2975
f 2872/2872 2978/2978 2875/2875
f 2875/2875 2978/2978 2876/2876
f 2979/2979 2980/2980 2981/2981
f 2977/2977 2982/2982 2975/2975
f 2978/2978 2887/2887 2876/2876
f 2889/2889 2983/2983 2890/2890
f 2980/2980 2984/2984 2981/2981
f 2891/2891 2985/2985 2889/2889
f 2889/2889 2985/2985 2983/2983
f 2983/2983 2986/2986 2890/2890
f 2890/2890 2986/2986 2987/2987
f 2977/2977 2988/2988 2989/2989
f 2977/2977 2989/2989 2982/2982
f 2989/2989 2990/2990 2982/2982
f 2982/2982 2990/2990 2978/2978
f 2978/2978 2990/2990 2887/2887
f 2887/2887 2990/2990 2888/2888
f 2990/2990 2991/2991 2888/2888
f 2888/2888 2991/2991 2891/2891
f 2891/2891 2991/2991 2985/2985
f 2985/2985 2992/2992 2983/2983
f 2983/2983 2992/2992 2986/2986
f 2990/2990 2989/2989 2993/2993
f 2990/2990 2993/2993 2991/2991
f 2991/2991 2994/2994 2985/2985
f 2985/2985 2994/2994 2995/2995
f 2985/2985 2995/2995 2992/2992
f 2995/2995 2996/2996 2986/2986
f 2992/2992 2995/2995 2986/2986
f 2989/2989 2997/2997 2993/2993
f 2998/2998 2999/2999 2995/2995
f 2994/2994 2998/2998 2995/2995
f 2995/2995 2999/2999 2996/2996
f 3000/3000 3001/3001 3002/3002
f 3002/3002 3003/3003 3004/3004
f 2727/2727 3005/3005 2666/2666
f 2666/2666 3005/3005 2903/2903
f 2714/2714 3006/3006 2730/2730
f 2751/2751 3007/3007 2752/2752
f 2754/2754 3008/3008 2821/2821
f 3009/3009 3010/3010 2909/2909
f 2909/2909 3010/3010 2778/2778
f 2778/2778 3010/3010 2910/2910
f 3011/3011 3012/3012 3013/3013
f 3014/3014 3011/3011 3013/3013
f 3013/3013 3012/3012 3015/3015
f 3013/3013 3015/3015 3016/3016
f 3015/3015 3017/3017 3016/3016
f 3016/3016 3017/3017 3018/3018
f 3018/3018 3017/3017 3019/3019
f 3018/3018 3019/3019 3020/3020
f 3020/3020 3019/3019 3021/3021
f 2908/2908 3022/3022 3023/3023
f 2908/2908 3023/3023 2909/2909
f 3022/3022 3024/3024 3023/3023
f 3023/3023 3025/3025 2909/2909
f 3023/3023 3024/3024 3025/3025
f 3011/3011 3026/3026 3012/3012
f 3012/3012 3026/3026 3015/3015
f 3026/3026 3027/3027 3015/3015
f 3015/3015 3027/3027 3028/3028
f 3015/3015 3028/3028 3017/3017
f 3019/3019 3029/3029 3021/3021
f 3011/3011 3030/3030 3031/3031
f 3011/3011 3031/3031 3026/3026
f 3031/3031 3032/3032 3026/3026
f 3026/3026 3032/3032 3027/3027
f 3028/3028 3033/3033 3017/3017
f 3017/3017 3034/3034 3019/3019
f 3019/3019 3034/3034 3029/3029
f 3032/3032 3035/3035 3027/3027
f 3027/3027 3036/3036 3028/3028
f 3036/3036 3033/3033 3028/3028
f 3033/3033 3037/3037 3017/3017
f 3017/3017 3037/3037 3034/3034
f 3034/3034 3038/3038 3029/3029
f 3030/3030 3039/3039 3031/3031
f 3031/3031 3039/3039 3032/3032
f 3035/3035 3036/3036 3027/3027
f 3033/3033 3040/3040 3037/3037
f 3034/3034 3037/3037 3038/3038
f 3041/3041 3042/3042 3040/3040
f 3033/3033 3041/3041 3040/3040
f 3042/3042 3043/3043 3037/3037
f 3040/3040 3042/3042 3037/3037
f 3043/3043 3044/3044 3038/3038
f 3037/3037 3043/3043 3038/3038
f 3038/3038 3044/3044 3045/3045
f 3039/3039 3046/3046 3032/3032
f 3032/3032 3046/3046 3035/3035
f 3036/3036 3035/3035 3041/3041
f 3036/3036 3041/3041 3033/3033
f 3041/3041 3047/3047 3042/3042
f 3047/3047 3048/3048 3042/3042
f 3048/3048 2914/2914 3043/3043
f 3042/3042 3048/3048 3043/3043
f 3043/3043 2914/2914 3044/3044
f 3049/3049 3050/3050 3039/3039
f 3030/3030 3049/3049 3039/3039
f 3039/3039 3050/3050 3046/3046
f 3046/3046 3051/3051 3035/3035
f 3035/3035 3051/3051 3052/3052
f 3052/3052 3053/3053 3041/3041
f 3035/3035 3052/3052 3041/3041
f 3041/3041 3053/3053 3047/3047
f 3054/3054 3055/3055 3056/3056
f 3047/3047 3053/3053 3057/3057
f 3054/3054 3056/3056 3058/3058
f 3057/3057 3059/3059 3048/3048
f 3047/3047 3057/3057 3048/3048
f 3058/3058 3056/3056 3060/3060
f 3058/3058 3060/3060 3061/3061
f 3048/3048 3059/3059 2914/2914
f 2914/2914 2913/2913 3044/3044
f 2913/2913 3062/3062 3045/3045
f 3044/3044 2913/2913 3045/3045
f 3050/3050 3063/3063 3046/3046
f 3046/3046 3063/3063 3064/3064
f 3046/3046 3064/3064 3051/3051
f 3051/3051 3064/3064 3065/3065
f 3051/3051 3065/3065 3052/3052
f 3065/3065 3066/3066 3052/3052
f 3067/3067 3055/3055 3068/3068
f 3069/3069 3067/3067 3068/3068
f 3052/3052 3066/3066 3053/3053
f 3070/3070 3071/3071 3072/3072
f 3059/3059 2915/2915 2914/2914
f 3073/3073 3074/3074 3071/3071
f 3070/3070 3073/3073 3071/3071
f 2913/2913 2919/2919 3062/3062
f 3049/3049 3075/3075 3050/3050
f 3050/3050 3075/3075 3063/3063
f 3063/3063 3076/3076 3064/3064
f 3076/3076 3077/3077 3064/3064
f 3064/3064 3077/3077 3065/3065
f 3078/3078 3079/3079 3080/3080
f 3081/3081 3082/3082 3075/3075
f 3049/3049 3081/3081 3075/3075
f 3083/3083 3084/3084 3085/3085
f 3086/3086 3083/3083 3085/3085
f 3075/3075 3082/3082 3087/3087
f 3075/3075 3087/3087 3063/3063
f 3085/3085 3084/3084 3088/3088
f 3063/3063 3087/3087 3076/3076
f 3071/3071 3089/3089 3072/3072
f 3071/3071 3074/3074 3090/3090
f 3071/3071 3091/3091 3089/3089
f 3071/3071 3090/3090 3091/3091
f 3091/3091 3090/3090 3092/3092
f 3091/3091 2930/2930 3089/3089
f 3091/3091 2931/2931 2930/2930
f 3091/3091 3092/3092 2931/2931
f 2931/2931 3092/3092 3093/3093
f 2931/2931 3093/3093 3094/3094
f 2931/2931 3094/3094 2833/2833
f 3094/3094 2938/2938 2833/2833
f 3095/3095 3096/3096 2943/2943
f 2937/2937 3097/3097 2628/2628
f 2628/2628 3098/3098 2662/2662
f 3099/3099 3100/3100 3101/3101
f 3099/3099 3101/3101 3102/3102
f 3101/3101 3103/3103 3102/3102
f 2950/2950 2949/2949 3104/3104
f 2950/2950 3104/3104 2953/2953
f 3104/3104 3105/3105 2953/2953
f 2953/2953 3105/3105 3106/3106
f 2953/2953 3106/3106 2954/2954
f 3106/3106 3107/3107 2956/2956
f 2954/2954 3106/3106 2956/2956
f 3108/3108 2961/2961 2960/2960
f 2956/2956 3107/3107 2964/2964
f 2964/2964 3107/3107 3109/3109
f 2984/2984 3110/3110 3111/3111
f 3110/3110 3112/3112 3111/3111
f 3024/3024 3113/3113 3114/3114
f 3024/3024 3114/3114 3025/3025
f 3115/3115 3116/3116 3117/3117
f 3115/3115 3117/3117 3118/3118
f 3116/3116 3119/3119 3117/3117
f 3120/3120 3121/3121 3122/3122
f 3123/3123 3120/3120 3056/3056
f 3055/3055 3123/3123 3056/3056
f 3124/3124 3125/3125 3126/3126
f 3124/3124 3126/3126 3073/3073
f 3073/3073 3126/3126 3127/3127
f 3073/3073 3127/3127 3074/3074
f 3128/3128 3129/3129 3067/3067
f 3128/3128 3067/3067 3130/3130
f 3083/3083 3131/3131 3132/3132
f 3083/3083 3132/3132 3084/3084
f 3132/3132 3133/3133 3084/3084
f 3084/3084 3133/3133 3134/3134
f 3084/3084 3134/3134 3088/3088
f 3088/3088 3134/3134 3129/3129
f 3088/3088 3129/3129 3128/3128
f 3074/3074 3127/3127 3090/3090
f 3127/3127 3135/3135 3092/3092
f 3090/3090 3127/3127 3092/3092
f 3092/3092 3135/3135 3136/3136
f 3092/3092 3136/3136 3093/3093
f 3136/3136 3137/3137 3094/3094
f 3093/3093 3136/3136 3094/3094
f 3138/3138 3139/3139 3140/3140
f 3141/3141 3142/3142 3143/3143
f 2576/2576 3144/3144 2631/2631
f 3145/3145 3146/3146 3147/3147
f 3145/3145 3147/3147 3148/3148
f 3145/3145 3148/3148 3149/3149
f 3145/3145 3149/3149 3150/3150
f 3145/3145 3150/3150 3151/3151
f 3151/3151 3150/3150 3152/3152
f 3151/3151 3152/3152 3153/3153
f 3152/3152 3154/3154 3153/3153
f 3149/3149 3155/3155 3099/3099
f 3149/3149 3148/3148 3155/3155
f 3149/3149 3099/3099 3150/3150
f 3150/3150 3102/3102 3152/3152
f 3152/3152 3102/3102 3154/3154
f 3156/3156 3100/3100 3155/3155
f 3157/3157 3158/3158 3156/3156
f 3156/3156 3158/3158 3159/3159
f 3156/3156 3159/3159 3100/3100
f 3155/3155 3100/3100 3099/3099
f 3102/3102 3103/3103 3154/3154
f 3159/3159 3160/3160 3100/3100
f 3100/3100 3160/3160 3101/3101
f 3103/3103 3161/3161 3154/3154
f 3160/3160 3162/3162 3101/3101
f 3159/3159 3163/3163 3162/3162
f 3160/3160 3159/3159 3162/3162
f 3162/3162 3161/3161 3103/3103
f 3101/3101 3162/3162 3103/3103
f 3163/3163 3164/3164 3162/3162
f 2726/2726 3165/3165 2673/2673
f 3166/3166 3167/3167 3168/3168
f 3167/3167 3169/3169 3168/3168
f 3169/3169 3170/3170 3171/3171
f 3168/3168 3169/3169 3171/3171
f 3170/3170 3172/3172 3173/3173
f 3171/3171 3170/3170 3173/3173
f 3172/3172 3174/3174 3173/3173
f 3173/3173 3174/3174 3175/3175
f 3176/3176 3177/3177 3166/3166
f 3176/3176 3166/3166 3178/3178
f 2820/2820 3179/3179 2751/2751
f 2751/2751 3179/3179 3007/3007
f 3008/3008 3180/3180 2821/2821
f 2821/2821 3180/3180 3181/3181
f 2821/2821 3181/3181 2776/2776
f 2776/2776 3182/3182 2822/2822
f 3006/3006 3183/3183 2730/2730
f 3184/3184 3185/3185 3121/3121
f 3120/3120 3184/3184 3121/3121
f 3123/3123 3186/3186 3120/3120
f 3187/3187 3188/3188 3189/3189
f 3187/3187 3189/3189 3190/3190
f 3191/3191 3123/3123 3055/3055
f 3067/3067 3191/3191 3055/3055
f 3129/3129 3192/3192 3067/3067
f 3192/3192 3191/3191 3067/3067
f 3189/3189 3193/3193 3194/3194
f 3193/3193 3195/3195 3196/3196
f 3196/3196 3195/3195 3197/3197
f 3198/3198 3199/3199 3200/3200
f 3198/3198 3200/3200 3201/3201
f 3198/3198 3201/3201 3202/3202
f 3201/3201 3203/3203 3204/3204
f 3202/3202 3201/3201 3204/3204
f 3203/3203 3205/3205 3204/3204
f 3199/3199 3206/3206 3207/3207
f 3199/3199 3207/3207 3208/3208
f 3199/3199 3208/3208 3200/3200
f 3208/3208 3209/3209 3200/3200
f 3200/3200 3209/3209 3210/3210
f 3200/3200 3210/3210 3201/3201
f 3201/3201 3210/3210 3211/3211
f 3201/3201 3211/3211 3203/3203
f 3203/3203 3211/3211 3205/3205
f 3208/3208 3207/3207 3212/3212
f 3212/3212 3213/3213 3209/3209
f 3208/3208 3212/3212 3209/3209
f 3209/3209 3213/3213 3214/3214
f 3209/3209 3214/3214 3210/3210
f 3214/3214 3215/3215 3211/3211
f 3210/3210 3214/3214 3211/3211
f 3211/3211 3215/3215 3216/3216
f 3211/3211 3216/3216 3205/3205
f 3217/3217 3218/3218 3219/3219
f 3212/3212 3219/3219 3213/3213
f 3220/3220 3221/3221 3213/3213
f 3219/3219 3220/3220 3213/3213
f 3219/3219 3222/3222 3220/3220
f 3220/3220 3222/3222 3223/3223
f 3220/3220 3223/3223 3221/3221
f 3221/3221 3224/3224 3214/3214
f 3213/3213 3221/3221 3214/3214
f 3214/3214 3224/3224 3225/3225
f 3214/3214 3225/3225 3215/3215
f 3215/3215 3225/3225 3216/3216
f 3226/3226 3227/3227 3228/3228
f 3221/3221 3229/3229 3224/3224
f 3221/3221 3223/3223 3229/3229
f 3224/3224 3229/3229 3225/3225
f 3230/3230 3146/3146 3231/3231
f 3230/3230 3232/3232 3233/3233
f 3230/3230 3233/3233 3146/3146
f 3230/3230 3231/3231 3234/3234
f 3231/3231 3153/3153 3234/3234
f 3146/3146 3235/3235 3236/3236
f 3146/3146 3236/3236 3147/3147
f 3147/3147 3236/3236 3148/3148
f 3237/3237 3158/3158 3157/3157
f 3158/3158 3238/3238 3159/3159
f 3158/3158 3237/3237 3238/3238
f 3159/3159 3238/3238 3163/3163
f 3239/3239 3240/3240 3163/3163
f 3239/3239 3241/3241 3240/3240
f 3242/3242 3243/3243 3244/3244
f 3240/3240 3164/3164 3163/3163
f 3240/3240 3245/3245 3164/3164
f 3164/3164 3246/3246 3162/3162
f 3162/3162 3247/3247 3161/3161
f 3162/3162 3246/3246 3247/3247
f 3161/3161 3247/3247 3248/3248
f 3249/3249 3167/3167 3166/3166
f 3169/3169 3250/3250 3170/3170
f 3170/3170 3250/3250 3172/3172
f 3251/3251 3252/3252 3177/3177
f 3005/3005 3253/3253 2903/2903
f 2903/2903 3254/3254 2820/2820
f 2820/2820 3254/3254 3179/3179
f 2776/2776 3181/3181 3182/3182
f 3123/3123 3255/3255 3186/3186
f 3191/3191 3255/3255 3123/3123
f 3131/3131 3256/3256 3257/3257
f 3131/3131 3257/3257 3132/3132
f 3257/3257 3258/3258 3133/3133
f 3132/3132 3257/3257 3133/3133
f 3133/3133 3258/3258 3259/3259
f 3133/3133 3259/3259 3134/3134
f 3134/3134 3259/3259 3129/3129
f 3260/3260 3206/3206 3199/3199
f 3260/3260 3199/3199 3198/3198
f 3206/3206 3261/3261 3207/3207
f 3206/3206 3262/3262 3261/3261
f 3261/3261 3263/3263 3207/3207
f 3263/3263 3217/3217 3207/3207
f 3207/3207 3217/3217 3212/3212
f 3264/3264 3218/3218 3217/3217
f 3218/3218 3265/3265 3222/3222
f 3218/3218 3222/3222 3219/3219
f 3218/3218 3264/3264 3265/3265
f 3222/3222 3265/3265 3266/3266
f 3222/3222 3266/3266 3223/3223
f 3226/3226 3267/3267 3227/3227
f 3223/3223 3268/3268 3229/3229
f 3266/3266 3269/3269 3268/3268
f 3223/3223 3266/3266 3268/3268
f 3270/3270 3271/3271 3272/3272
f 3229/3229 3268/3268 3273/3273
f 3229/3229 3273/3273 3225/3225
f 3270/3270 3272/3272 3274/3274
f 3225/3225 3273/3273 3275/3275
f 2838/2838 3276/3276 2743/2743
f 3277/3277 3278/3278 3279/3279
f 3280/3280 3281/3281 3282/3282
f 3282/3282 3281/3281 3279/3279
f 3279/3279 3281/3281 3283/3283
f 3279/3279 3283/3283 3277/3277
f 3283/3283 3284/3284 3277/3277
f 3283/3283 3285/3285 3284/3284
f 3286/3286 3232/3232 3287/3287
f 3288/3288 3289/3289 3290/3290
f 3286/3286 3291/3291 3232/3232
f 3287/3287 3234/3234 3292/3292
f 3292/3292 3234/3234 3293/3293
f 3294/3294 3295/3295 3283/3283
f 3281/3281 3294/3294 3283/3283
f 3281/3281 3296/3296 3294/3294
f 3295/3295 3235/3235 3285/3285
f 3283/3283 3295/3295 3285/3285
f 3232/3232 3291/3291 3233/3233
f 3296/3296 3297/3297 3294/3294
f 3294/3294 3236/3236 3235/3235
f 3295/3295 3294/3294 3235/3235
f 3294/3294 3298/3298 3148/3148
f 3294/3294 3148/3148 3236/3236
f 3298/3298 3237/3237 3148/3148
f 3298/3298 3299/3299 3300/3300
f 3298/3298 3300/3300 3237/3237
f 3297/3297 3301/3301 3299/3299
f 3298/3298 3297/3297 3299/3299
f 3300/3300 3238/3238 3237/3237
f 3301/3301 3302/3302 3299/3299
f 3299/3299 3302/3302 3303/3303
f 3299/3299 3303/3303 3300/3300
f 3300/3300 3239/3239 3238/3238
f 3300/3300 3304/3304 3241/3241
f 3300/3300 3241/3241 3239/3239
f 3305/3305 3306/3306 3307/3307
f 3300/3300 3303/3303 3304/3304
f 3307/3307 3306/3306 3308/3308
f 3307/3307 3308/3308 3243/3243
f 3243/3243 3308/3308 3309/3309
f 3243/3243 3309/3309 3244/3244
f 3245/3245 3246/3246 3164/3164
f 3244/3244 3309/3309 3310/3310
f 3244/3244 3310/3310 3311/3311
f 3311/3311 3310/3310 3312/3312
f 3311/3311 3313/3313 3314/3314
f 3311/3311 3312/3312 3315/3315
f 3311/3311 3315/3315 3313/3313
f 3247/3247 3316/3316 3248/3248
f 2726/2726 3317/3317 3165/3165
f 3318/3318 3319/3319 3249/3249
f 3252/3252 3318/3318 3249/3249
f 3249/3249 3319/3319 3167/3167
f 3319/3319 3320/3320 3167/3167
f 3167/3167 3320/3320 3169/3169
f 3321/3321 3253/3253 3005/3005
f 3253/3253 3322/3322 2903/2903
f 3323/3323 3324/3324 3325/3325
f 3323/3323 3325/3325 3326/3326
f 3326/3326 3325/3325 3327/3327
f 2903/2903 3322/3322 3254/3254
f 3008/3008 3328/3328 3180/3180
f 3328/3328 3181/3181 3180/3180
f 3181/3181 3329/3329 3182/3182
f 3182/3182 3329/3329 2822/2822
f 3330/3330 3331/3331 3332/3332
f 3330/3330 3332/3332 3333/3333
f 3259/3259 3334/3334 3129/3129
f 2937/2937 2779/2779 3097/3097
f 3335/3335 3336/3336 3337/3337
f 3260/3260 3338/3338 3262/3262
f 3338/3338 3339/3339 3261/3261
f 3262/3262 3338/3338 3261/3261
f 3340/3340 3263/3263 3261/3261
f 3261/3261 3339/3339 3340/3340
f 3340/3340 3341/3341 3263/3263
f 3341/3341 3264/3264 3263/3263
f 3263/3263 3264/3264 3217/3217
f 3341/3341 3342/3342 3264/3264
f 3342/3342 3265/3265 3264/3264
f 3342/3342 3343/3343 3266/3266
f 3342/3342 3266/3266 3265/3265
f 3342/3342 3344/3344 3343/3343
f 3344/3344 3345/3345 3343/3343
f 3346/3346 3347/3347 3348/3348
f 3343/3343 3269/3269 3266/3266
f 3348/3348 3347/3347 3271/3271
f 3271/3271 3347/3347 3349/3349
f 3271/3271 3349/3349 3272/3272
f 2628/2628 3097/3097 3098/3098
f 3272/3272 3350/3350 3274/3274
f 3272/3272 3349/3349 3350/3350
f 3274/3274 3350/3350 3351/3351
f 3274/3274 3351/3351 3352/3352
f 3144/3144 3353/3353 2839/2839
f 2631/2631 3144/3144 2839/2839
f 3354/3354 3355/3355 3280/3280
f 3356/3356 3354/3354 3280/3280
f 3357/3357 3358/3358 3359/3359
f 3360/3360 3357/3357 3359/3359
f 3280/3280 3355/3355 3281/3281
f 3355/3355 3296/3296 3281/3281
f 3361/3361 3233/3233 3291/3291
f 3354/3354 3362/3362 3355/3355
f 3359/3359 3358/3358 3363/3363
f 3359/3359 3363/3363 3364/3364
f 3355/3355 3365/3365 3366/3366
f 3355/3355 3366/3366 3296/3296
f 3366/3366 3297/3297 3296/3296
f 3362/3362 3365/3365 3355/3355
f 3367/3367 3368/3368 3362/3362
f 3362/3362 3368/3368 3365/3365
f 3365/3365 3369/3369 3366/3366
f 3366/3366 3369/3369 3297/3297
f 3370/3370 3371/3371 3372/3372
f 3369/3369 3301/3301 3297/3297
f 3370/3370 3372/3372 3373/3373
f 3368/3368 3374/3374 3365/3365
f 3365/3365 3375/3375 3369/3369
f 3369/3369 3375/3375 3302/3302
f 3369/3369 3302/3302 3301/3301
f 3376/3376 3377/3377 3378/3378
f 3376/3376 3378/3378 3305/3305
f 3374/3374 3379/3379 3365/3365
f 3365/3365 3379/3379 3375/3375
f 3375/3375 3380/3380 3381/3381
f 3375/3375 3381/3381 3302/3302
f 3382/3382 3383/3383 3384/3384
f 3305/3305 3378/3378 3306/3306
f 3306/3306 3385/3385 3308/3308
f 3385/3385 3386/3386 3309/3309
f 3308/3308 3385/3385 3309/3309
f 3387/3387 3372/3372 3388/3388
f 3375/3375 3379/3379 3380/3380
f 3309/3309 3386/3386 3389/3389
f 3309/3309 3389/3389 3310/3310
f 3312/3312 3390/3390 3315/3315
f 3390/3390 3391/3391 3313/3313
f 3315/3315 3390/3390 3313/3313
f 2839/2839 3317/3317 2726/2726
f 3387/3387 3388/3388 3392/3392
f 3393/3393 3394/3394 3374/3374
f 3374/3374 3394/3394 3379/3379
f 3395/3395 3396/3396 3397/3397
f 3388/3388 3398/3398 3392/3392
f 3394/3394 3399/3399 3379/3379
f 3400/3400 3401/3401 3402/3402
f 3403/3403 3404/3404 3405/3405
f 3393/3393 3406/3406 3394/3394
f 3407/3407 3398/3398 3408/3408
f 3407/3407 3408/3408 3409/3409
f 3406/3406 3410/3410 3394/3394
f 3411/3411 3412/3412 3406/3406
f 3406/3406 3412/3412 3410/3410
f 3413/3413 3414/3414 3400/3400
f 3409/3409 3408/3408 3415/3415
f 3412/3412 3416/3416 3410/3410
f 3413/3413 3417/3417 3414/3414
f 3418/3418 3419/3419 3411/3411
f 3420/3420 3421/3421 3416/3416
f 3412/3412 3420/3420 3416/3416
f 3419/3419 3422/3422 3411/3411
f 3423/3423 3424/3424 3425/3425
f 3411/3411 3422/3422 3420/3420
f 3411/3411 3420/3420 3412/3412
f 3420/3420 3426/3426 3421/3421
f 3422/3422 3427/3427 3420/3420
f 3420/3420 3427/3427 3426/3426
f 3428/3428 3429/3429 3419/3419
f 3427/3427 3430/3430 3426/3426
f 3429/3429 3431/3431 3419/3419
f 3432/3432 3433/3433 3434/3434
f 3419/3419 3431/3431 3422/3422
f 3422/3422 3435/3435 3427/3427
f 3427/3427 3435/3435 3430/3430
f 3436/3436 3437/3437 3438/3438
f 3429/3429 3439/3439 3431/3431
f 3432/3432 3434/3434 3440/3440
f 3422/3422 3431/3431 3435/3435
f 3440/3440 3434/3434 3441/3441
f 3431/3431 3442/3442 3435/3435
f 3443/3443 3444/3444 3445/3445
f 3441/3441 3446/3446 3447/3447
f 3448/3448 3449/3449 3450/3450
f 3448/3448 3450/3450 3439/3439
f 3441/3441 3447/3447 3451/3451
f 3439/3439 3450/3450 3452/3452
f 3439/3439 3452/3452 3431/3431
f 3165/3165 3317/3317 3006/3006
f 3453/3453 3454/3454 3449/3449
f 3449/3449 3454/3454 3450/3450
f 3453/3453 3455/3455 3454/3454
f 3450/3450 3456/3456 3452/3452
f 3452/3452 3456/3456 3457/3457
f 3455/3455 3458/3458 3454/3454
f 3459/3459 3460/3460 3461/3461
f 3462/3462 3463/3463 3464/3464
f 3458/3458 3465/3465 3454/3454
f 3454/3454 3465/3465 3466/3466
f 3454/3454 3466/3466 3450/3450
f 3450/3450 3466/3466 3456/3456
f 3466/3466 3467/3467 3456/3456
f 3461/3461 3460/3460 3468/3468
f 3458/3458 3469/3469 3465/3465
f 3465/3465 3470/3470 3466/3466
f 3466/3466 3470/3470 3467/3467
f 3471/3471 3472/3472 3469/3469
f 3469/3469 3472/3472 3465/3465
f 3465/3465 3472/3472 3470/3470
f 3473/3473 3474/3474 3475/3475
f 3473/3473 3476/3476 3474/3474
f 3477/3477 3478/3478 3253/3253
f 3321/3321 3477/3477 3253/3253
f 3471/3471 3479/3479 3472/3472
f 3253/3253 3478/3478 3322/3322
f 3472/3472 3480/3480 3470/3470
f 3479/3479 3481/3481 3472/3472
f 3472/3472 3481/3481 3480/3480
f 3482/3482 3483/3483 3484/3484
f 3482/3482 3484/3484 3485/3485
f 3254/3254 3486/3486 3007/3007
f 3008/3008 3487/3487 3328/3328
f 3181/3181 3328/3328 3329/3329
f 3329/3329 3488/3488 2822/2822
f 3489/3489 3490/3490 3479/3479
f 3479/3479 3490/3490 3481/3481
f 3481/3481 3491/3491 3480/3480
f 3480/3480 3491/3491 3492/3492
f 3493/3493 3494/3494 3495/3495
f 3490/3490 3496/3496 3481/3481
f 3481/3481 3496/3496 3491/3491
f 3490/3490 3497/3497 3496/3496
f 3498/3498 3499/3499 3500/3500
f 3495/3495 3498/3498 3500/3500
f 3491/3491 3501/3501 3492/3492
f 3496/3496 3502/3502 3491/3491
f 3491/3491 3502/3502 3501/3501
f 3497/3497 3503/3503 3496/3496
f 3499/3499 3504/3504 3505/3505
f 3500/3500 3499/3499 3505/3505
f 3502/3502 3506/3506 3501/3501
f 3507/3507 3508/3508 3509/3509
f 3505/3505 3504/3504 3510/3510
f 3504/3504 3511/3511 3510/3510
f 3496/3496 3512/3512 3502/3502
f 3510/3510 3511/3511 3513/3513
f 3502/3502 3514/3514 3506/3506
f 3506/3506 3514/3514 3515/3515
f 3512/3512 3516/3516 3517/3517
f 3512/3512 3517/3517 3502/3502
f 3511/3511 3518/3518 3519/3519
f 3513/3513 3511/3511 3519/3519
f 3502/3502 3517/3517 3514/3514
f 3514/3514 3520/3520 3515/3515
f 3516/3516 3521/3521 3517/3517
f 3521/3521 3522/3522 3517/3517
f 3514/3514 3523/3523 3520/3520
f 3520/3520 3523/3523 3524/3524
f 3525/3525 3526/3526 3527/3527
f 3517/3517 3528/3528 3529/3529
f 3517/3517 3529/3529 3514/3514
f 3517/3517 3522/3522 3528/3528
f 3514/3514 3529/3529 3523/3523
f 3523/3523 3530/3530 3524/3524
f 3528/3528 3522/3522 3529/3529
f 3529/3529 3531/3531 3523/3523
f 3530/3530 3523/3523 3532/3532
f 3529/3529 3533/3533 3531/3531
f 3534/3534 3535/3535 3536/3536
f 3529/3529 3522/3522 3533/3533
f 3523/3523 3531/3531 3537/3537
f 3523/3523 3537/3537 3532/3532
f 3532/3532 3537/3537 3538/3538
f 3533/3533 3539/3539 3531/3531
f 3533/3533 3540/3540 3539/3539
f 3537/3537 3541/3541 3538/3538
f 3539/3539 3542/3542 3531/3531
f 3535/3535 3543/3543 3544/3544
f 3531/3531 3542/3542 3537/3537
f 3539/3539 3545/3545 3542/3542
f 3544/3544 3543/3543 3546/3546
f 3537/3537 3547/3547 3541/3541
f 3548/3548 3549/3549 3550/3550
f 3543/3543 3551/3551 3546/3546
f 3537/3537 3542/3542 3552/3552
f 3537/3537 3552/3552 3547/3547
f 3545/3545 3553/3553 3542/3542
f 3546/3546 3551/3551 3554/3554
f 3555/3555 3556/3556 3542/3542
f 3553/3553 3555/3555 3542/3542
f 3554/3554 3551/3551 3557/3557
f 3542/3542 3556/3556 3552/3552
f 3552/3552 3558/3558 3547/3547
f 3551/3551 3559/3559 3557/3557
f 3556/3556 3558/3558 3552/3552
f 3558/3558 3560/3560 3561/3561
f 3562/3562 3563/3563 3564/3564
f 3555/3555 3565/3565 3556/3556
f 3559/3559 3566/3566 3557/3557
f 3557/3557 3566/3566 3567/3567
f 3565/3565 3568/3568 3556/3556
f 3568/3568 3569/3569 3558/3558
f 3556/3556 3568/3568 3558/3558
f 3558/3558 3569/3569 3560/3560
f 3560/3560 3569/3569 3570/3570
f 3569/3569 3571/3571 3570/3570
f 3337/3337 3572/3572 3573/3573
f 3337/3337 3573/3573 3574/3574
f 3566/3566 3575/3575 3567/3567
f 3568/3568 3576/3576 3569/3569
f 3569/3569 3576/3576 3571/3571
f 3571/3571 3576/3576 3340/3340
f 3571/3571 3340/3340 3339/3339
f 3565/3565 3577/3577 3568/3568
f 3567/3567 3575/3575 3578/3578
f 3576/3576 3341/3341 3340/3340
f 3577/3577 3579/3579 3568/3568
f 3578/3578 3575/3575 3580/3580
f 3568/3568 3581/3581 3576/3576
f 3579/3579 3582/3582 3568/3568
f 3568/3568 3582/3582 3581/3581
f 3576/3576 3581/3581 3342/3342
f 3576/3576 3342/3342 3341/3341
f 3579/3579 3583/3583 3582/3582
f 3580/3580 3575/3575 3584/3584
f 3582/3582 3585/3585 3581/3581
f 3581/3581 3585/3585 3342/3342
f 3583/3583 3586/3586 3582/3582
f 3585/3585 3344/3344 3342/3342
f 3586/3586 3587/3587 3582/3582
f 3584/3584 3588/3588 3589/3589
f 3582/3582 3587/3587 3585/3585
f 3590/3590 3591/3591 3347/3347
f 3346/3346 3590/3590 3347/3347
f 3591/3591 3592/3592 3347/3347
f 3347/3347 3592/3592 3349/3349
f 3592/3592 3593/3593 3349/3349
f 3586/3586 3594/3594 3587/3587
f 3588/3588 3595/3595 3596/3596
f 3589/3589 3588/3588 3596/3596
f 3585/3585 3597/3597 3344/3344
f 3597/3597 3598/3598 3345/3345
f 3344/3344 3597/3597 3345/3345
f 3349/3349 3593/3593 3599/3599
f 3349/3349 3599/3599 3350/3350
f 3350/3350 3600/3600 3351/3351
f 3098/3098 3601/3601 2662/2662
f 3587/3587 3594/3594 3585/3585
f 3585/3585 3594/3594 3602/3602
f 3585/3585 3602/3602 3597/3597
f 3595/3595 3603/3603 3596/3596
f 3604/3604 3605/3605 3606/3606
f 3607/3607 3604/3604 3606/3606
f 3608/3608 3609/3609 3602/3602
f 3594/3594 3608/3608 3602/3602
f 3606/3606 3605/3605 3610/3610
f 3606/3606 3610/3610 3611/3611
f 2662/2662 3601/3601 2944/2944
f 3612/3612 3613/3613 3614/3614
f 3615/3615 3616/3616 3357/3357
f 3360/3360 3615/3615 3357/3357
f 3617/3617 3618/3618 3619/3619
f 3619/3619 3620/3620 3617/3617
f 3357/3357 3616/3616 3358/3358
f 3621/3621 3622/3622 3623/3623
f 3624/3624 3621/3621 3623/3623
f 3625/3625 3626/3626 3627/3627
f 3628/3628 3625/3625 3627/3627
f 3622/3622 3629/3629 3630/3630
f 3623/3623 3622/3622 3630/3630
f 3363/3363 3631/3631 3371/3371
f 3371/3371 3631/3631 3372/3372
f 3632/3632 3633/3633 3377/3377
f 3377/3377 3633/3633 3378/3378
f 3378/3378 3633/3633 3634/3634
f 3378/3378 3634/3634 3306/3306
f 3306/3306 3634/3634 3385/3385
f 3372/3372 3631/3631 3388/3388
f 3386/3386 3635/3635 3389/3389
f 3390/3390 3636/3636 3391/3391
f 3637/3637 3310/3310 3389/3389
f 3389/3389 3635/3635 3637/3637
f 3637/3637 3638/3638 3310/3310
f 3310/3310 3638/3638 3639/3639
f 3310/3310 3639/3639 3312/3312
f 3639/3639 3636/3636 3390/3390
f 3312/3312 3639/3639 3390/3390
f 3388/3388 3640/3640 3398/3398
f 3398/3398 3415/3415 3408/3408
f 3424/3424 3415/3415 3641/3641
f 3424/3424 3641/3641 3425/3425
f 3425/3425 3641/3641 3642/3642
f 3425/3425 3642/3642 3433/3433
f 3642/3642 3643/3643 3434/3434
f 3433/3433 3642/3642 3434/3434
f 3441/3441 3643/3643 3446/3446
f 3444/3444 3644/3644 3445/3445
f 3645/3645 3646/3646 3459/3459
f 3317/3317 3647/3647 3006/3006
f 3459/3459 3646/3646 3460/3460
f 3646/3646 3648/3648 3460/3460
f 3460/3460 3648/3648 3468/3468
f 3468/3468 3648/3648 3649/3649
f 3468/3468 3649/3649 3650/3650
f 3650/3650 3649/3649 3651/3651
f 3650/3650 3651/3651 3652/3652
f 3653/3653 3654/3654 3655/3655
f 3656/3656 3657/3657 3658/3658
f 3654/3654 3659/3659 3655/3655
f 3477/3477 3660/3660 3478/3478
f 3652/3652 3661/3661 3662/3662
f 3650/3650 3652/3652 3662/3662
f 3663/3663 3664/3664 3665/3665
f 3322/3322 3666/3666 3254/3254
f 3666/3666 3667/3667 3486/3486
f 3254/3254 3666/3666 3486/3486
f 3487/3487 3668/3668 3669/3669
f 3487/3487 3669/3669 3328/3328
f 3669/3669 3670/3670 3328/3328
f 3328/3328 3670/3670 3329/3329
f 3329/3329 3670/3670 3671/3671
f 3671/3671 3672/3672 3488/3488
f 3329/3329 3671/3671 3488/3488
f 3673/3673 3674/3674 3493/3493
f 3662/3662 3661/3661 3675/3675
f 3006/3006 3647/3647 3183/3183
f 3674/3674 3676/3676 3494/3494
f 3493/3493 3674/3674 3494/3494
f 3494/3494 3498/3498 3495/3495
f 3676/3676 3677/3677 3498/3498
f 3494/3494 3676/3676 3498/3498
f 3498/3498 3677/3677 3499/3499
f 3677/3677 3678/3678 3499/3499
f 3499/3499 3678/3678 3504/3504
f 2692/2692 3183/3183 2779/2779
f 3511/3511 3679/3679 3518/3518
f 3518/3518 3679/3679 3534/3534
f 3534/3534 3679/3679 3680/3680
f 3680/3680 3681/3681 3534/3534
f 3534/3534 3681/3681 3535/3535
f 3681/3681 3682/3682 3535/3535
f 3535/3535 3682/3682 3543/3543
f 3543/3543 3682/3682 3551/3551
f 3551/3551 3683/3683 3559/3559
f 3559/3559 3683/3683 3566/3566
f 3336/3336 3572/3572 3337/3337
f 3572/3572 3684/3684 3685/3685
f 3572/3572 3685/3685 3573/3573
f 3686/3686 3687/3687 3688/3688
f 3689/3689 3686/3686 3688/3688
f 3687/3687 3690/3690 3691/3691
f 3688/3688 3687/3687 3691/3691
f 3575/3575 3566/3566 3692/3692
f 3690/3690 3693/3693 3691/3691
f 3575/3575 3692/3692 3584/3584
f 3584/3584 3692/3692 3588/3588
f 3694/3694 3591/3591 3695/3695
f 3590/3590 3696/3696 3591/3591
f 3694/3694 3695/3695 3593/3593
f 3593/3593 3695/3695 3599/3599
f 3599/3599 3697/3697 3350/3350
f 3350/3350 3697/3697 3600/3600
f 3605/3605 3698/3698 3610/3610
f 3601/3601 3699/3699 2944/2944
f 2944/2944 3699/3699 3700/3700
f 3701/3701 3702/3702 3703/3703
f 2669/2669 3704/3704 2838/2838
f 2838/2838 3704/3704 3276/3276
f 3616/3616 3705/3705 3358/3358
f 3358/3358 3705/3705 3363/3363
f 3706/3706 3707/3707 3708/3708
f 3709/3709 3710/3710 3711/3711
f 3363/3363 3712/3712 3631/3631
f 3711/3711 3713/3713 3714/3714
f 3714/3714 3713/3713 3715/3715
f 3714/3714 3715/3715 3716/3716
f 3716/3716 3715/3715 3717/3717
f 3716/3716 3717/3717 3633/3633
f 3633/3633 3717/3717 3634/3634
f 3634/3634 3718/3718 3385/3385
f 3631/3631 3640/3640 3388/3388
f 3385/3385 3635/3635 3386/3386
f 3718/3718 3719/3719 3635/3635
f 3385/3385 3718/3718 3635/3635
f 3719/3719 3720/3720 3635/3635
f 3636/3636 3721/3721 3391/3391
f 3635/3635 3720/3720 3637/3637
f 3720/3720 3722/3722 3638/3638
f 3637/3637 3720/3720 3638/3638
f 3722/3722 3723/3723 3639/3639
f 3638/3638 3722/3722 3639/3639
f 3639/3639 3723/3723 3636/3636
f 3640/3640 3724/3724 3398/3398
f 3724/3724 3725/3725 3415/3415
f 3398/3398 3724/3724 3415/3415
f 3725/3725 3641/3641 3415/3415
f 3643/3643 3726/3726 3446/3446
f 3446/3446 3726/3726 3447/3447
f 3447/3447 3726/3726 3727/3727
f 3447/3447 3727/3727 3646/3646
f 3646/3646 3728/3728 3648/3648
f 3728/3728 3729/3729 3649/3649
f 3648/3648 3728/3728 3649/3649
f 3730/3730 3731/3731 3732/3732
f 3729/3729 3733/3733 3649/3649
f 3734/3734 3735/3735 3736/3736
f 3734/3734 3736/3736 3737/3737
f 3736/3736 3738/3738 3737/3737
f 3737/3737 3738/3738 3739/3739
f 3739/3739 3738/3738 3740/3740
f 3739/3739 3740/3740 3741/3741
f 3741/3741 3740/3740 3742/3742
f 3741/3741 3742/3742 3743/3743
f 3743/3743 3742/3742 3744/3744
f 3743/3743 3744/3744 3745/3745
f 3745/3745 3744/3744 3746/3746
f 3745/3745 3746/3746 3747/3747
f 3746/3746 3748/3748 3747/3747
f 3747/3747 3748/3748 3749/3749
f 3749/3749 3748/3748 3750/3750
f 3750/3750 3748/3748 3751/3751
f 3750/3750 3751/3751 3752/3752
f 3752/3752 3751/3751 3753/3753
f 3752/3752 3753/3753 3754/3754
f 3754/3754 3753/3753 3755/3755
f 3754/3754 3755/3755 3756/3756
f 3756/3756 3755/3755 3757/3757
f 3757/3757 3755/3755 3758/3758
f 3757/3757 3758/3758 3759/3759
f 3759/3759 3758/3758 3760/3760
f 3760/3760 3758/3758 3761/3761
f 3760/3760 3761/3761 3762/3762
f 3762/3762 3761/3761 3763/3763
f 3763/3763 3764/3764 3765/3765
f 3762/3762 3763/3763 3765/3765
f 3764/3764 3766/3766 3765/3765
f 3767/3767 3768/3768 3769/3769
f 3649/3649 3733/3733 3651/3651
f 3735/3735 3657/3657 3736/3736
f 3657/3657 3770/3770 3736/3736
f 3736/3736 3770/3770 3738/3738
f 3770/3770 3771/3771 3738/3738
f 3738/3738 3771/3771 3740/3740
f 3771/3771 3772/3772 3740/3740
f 3772/3772 3742/3742 3740/3740
f 3744/3744 3742/3742 3773/3773
f 3744/3744 3773/3773 3746/3746
f 3746/3746 3773/3773 3774/3774
f 3746/3746 3774/3774 3748/3748
f 3748/3748 3774/3774 3775/3775
f 3748/3748 3775/3775 3776/3776
f 3748/3748 3776/3776 3777/3777
f 3748/3748 3777/3777 3751/3751
f 3751/3751 3777/3777 3778/3778
f 3778/3778 3779/3779 3753/3753
f 3751/3751 3778/3778 3753/3753
f 3779/3779 3780/3780 3753/3753
f 3753/3753 3780/3780 3781/3781
f 3753/3753 3781/3781 3755/3755
f 3755/3755 3781/3781 3758/3758
f 3758/3758 3781/3781 3782/3782
f 3758/3758 3782/3782 3783/3783
f 3758/3758 3783/3783 3784/3784
f 3758/3758 3784/3784 3761/3761
f 3763/3763 3785/3785 3764/3764
f 3764/3764 3785/3785 3766/3766
f 3766/3766 3785/3785 3786/3786
f 3766/3766 3786/3786 3787/3787
f 3657/3657 3788/3788 3770/3770
f 3771/3771 3789/3789 3772/3772
f 3776/3776 3790/3790 3777/3777
f 3777/3777 3790/3790 3791/3791
f 3777/3777 3791/3791 3778/3778
f 3778/3778 3791/3791 3779/3779
f 3779/3779 3792/3792 3780/3780
f 3784/3784 3793/3793 3761/3761
f 3793/3793 3794/3794 3763/3763
f 3761/3761 3793/3793 3763/3763
f 3763/3763 3794/3794 3795/3795
f 3763/3763 3795/3795 3785/3785
f 3785/3785 3795/3795 3786/3786
f 3657/3657 3656/3656 3788/3788
f 3770/3770 3788/3788 3771/3771
f 3771/3771 3788/3788 3789/3789
f 3772/3772 3789/3789 3742/3742
f 3796/3796 3797/3797 3742/3742
f 3773/3773 3742/3742 3797/3797
f 3773/3773 3797/3797 3798/3798
f 3773/3773 3798/3798 3774/3774
f 3774/3774 3799/3799 3775/3775
f 3775/3775 3800/3800 3776/3776
f 3780/3780 3801/3801 3781/3781
f 3781/3781 3801/3801 3782/3782
f 3782/3782 3802/3802 3783/3783
f 3802/3802 3803/3803 3783/3783
f 3783/3783 3803/3803 3784/3784
f 3784/3784 3803/3803 3793/3793
f 3795/3795 3804/3804 3786/3786
f 3656/3656 3805/3805 3806/3806
f 3656/3656 3806/3806 3788/3788
f 3788/3788 3806/3806 3807/3807
f 3788/3788 3807/3807 3789/3789
f 3807/3807 3796/3796 3789/3789
f 3789/3789 3796/3796 3742/3742
f 3796/3796 3808/3808 3797/3797
f 3798/3798 3799/3799 3774/3774
f 3775/3775 3809/3809 3800/3800
f 3780/3780 3810/3810 3801/3801
f 3782/3782 3801/3801 3802/3802
f 3802/3802 3811/3811 3803/3803
f 3793/3793 3812/3812 3794/3794
f 3794/3794 3812/3812 3795/3795
f 3813/3813 3814/3814 3805/3805
f 3805/3805 3814/3814 3806/3806
f 3806/3806 3815/3815 3807/3807
f 3799/3799 3816/3816 3775/3775
f 3775/3775 3816/3816 3809/3809
f 3811/3811 3817/3817 3803/3803
f 3803/3803 3817/3817 3793/3793
f 3817/3817 3812/3812 3793/3793
f 3812/3812 3818/3818 3795/3795
f 3795/3795 3818/3818 3804/3804
f 3814/3814 3819/3819 3806/3806
f 3806/3806 3819/3819 3815/3815
f 3815/3815 3820/3820 3807/3807
f 3807/3807 3820/3820 3821/3821
f 3807/3807 3821/3821 3796/3796
f 3821/3821 3808/3808 3796/3796
f 3808/3808 3822/3822 3797/3797
f 3797/3797 3822/3822 3798/3798
f 3798/3798 3822/3822 3823/3823
f 3798/3798 3823/3823 3799/3799
f 3823/3823 3824/3824 3816/3816
f 3799/3799 3823/3823 3816/3816
f 3825/3825 3810/3810 3792/3792
f 3792/3792 3810/3810 3780/3780
f 3801/3801 3810/3810 3826/3826
f 3801/3801 3826/3826 3802/3802
f 3802/3802 3826/3826 3827/3827
f 3802/3802 3827/3827 3811/3811
f 3811/3811 3827/3827 3828/3828
f 3811/3811 3828/3828 3817/3817
f 3817/3817 3828/3828 3812/3812
f 3829/3829 3830/3830 3831/3831
f 3829/3829 3831/3831 3813/3813
f 3813/3813 3831/3831 3814/3814
f 3814/3814 3831/3831 3819/3819
f 3819/3819 3832/3832 3820/3820
f 3815/3815 3819/3819 3820/3820
f 3820/3820 3832/3832 3821/3821
f 3821/3821 3833/3833 3808/3808
f 3808/3808 3833/3833 3834/3834
f 3808/3808 3834/3834 3822/3822
f 3834/3834 3835/3835 3822/3822
f 3835/3835 3836/3836 3822/3822
f 3822/3822 3836/3836 3823/3823
f 3823/3823 3836/3836 3837/3837
f 3823/3823 3837/3837 3824/3824
f 3837/3837 3838/3838 3824/3824
f 3824/3824 3838/3838 3839/3839
f 3838/3838 3840/3840 3839/3839
f 3839/3839 3841/3841 3842/3842
f 3840/3840 3843/3843 3841/3841
f 3839/3839 3840/3840 3841/3841
f 3842/3842 3841/3841 3844/3844
f 3841/3841 3845/3845 3844/3844
f 3841/3841 3843/3843 3845/3845
f 3846/3846 3844/3844 3847/3847
f 3846/3846 3847/3847 3825/3825
f 3825/3825 3847/3847 3810/3810
f 3847/3847 3848/3848 3810/3810
f 3810/3810 3848/3848 3826/3826
f 3826/3826 3848/3848 3849/3849
f 3826/3826 3849/3849 3827/3827
f 3849/3849 3850/3850 3827/3827
f 3827/3827 3850/3850 3828/3828
f 3850/3850 3851/3851 3828/3828
f 3850/3850 3852/3852 3851/3851
f 3828/3828 3851/3851 3812/3812
f 3851/3851 3853/3853 3812/3812
f 3854/3854 3855/3855 3856/3856
f 3854/3854 3856/3856 3857/3857
f 3812/3812 3853/3853 3818/3818
f 3856/3856 3858/3858 3857/3857
f 3853/3853 3859/3859 3804/3804
f 3818/3818 3853/3853 3804/3804
f 3857/3857 3858/3858 3860/3860
f 3857/3857 3860/3860 3861/3861
f 3830/3830 3862/3862 3831/3831
f 3863/3863 3864/3864 3865/3865
f 3831/3831 3862/3862 3866/3866
f 3831/3831 3866/3866 3819/3819
f 3865/3865 3867/3867 3868/3868
f 3866/3866 3869/3869 3819/3819
f 3868/3868 3867/3867 3870/3870
f 3819/3819 3869/3869 3832/3832
f 3867/3867 3871/3871 3870/3870
f 3869/3869 3872/3872 3821/3821
f 3832/3832 3869/3869 3821/3821
f 3870/3870 3871/3871 3873/3873
f 3873/3873 3871/3871 3874/3874
f 3821/3821 3872/3872 3833/3833
f 3872/3872 3875/3875 3833/3833
f 3873/3873 3874/3874 3876/3876
f 3876/3876 3874/3874 3877/3877
f 3833/3833 3875/3875 3834/3834
f 3834/3834 3875/3875 3878/3878
f 3834/3834 3878/3878 3835/3835
f 3835/3835 3878/3878 3836/3836
f 3878/3878 3879/3879 3836/3836
f 3878/3878 3880/3880 3879/3879
f 3836/3836 3879/3879 3837/3837
f 3881/3881 3882/3882 3883/3883
f 3837/3837 3879/3879 3838/3838
f 3879/3879 3884/3884 3838/3838
f 3884/3884 3885/3885 3838/3838
f 3845/3845 3886/3886 3887/3887
f 3845/3845 3888/3888 3844/3844
f 3845/3845 3887/3887 3888/3888
f 3844/3844 3888/3888 3847/3847
f 3888/3888 3887/3887 3889/3889
f 3888/3888 3890/3890 3847/3847
f 3888/3888 3889/3889 3890/3890
f 3890/3890 3891/3891 3847/3847
f 3892/3892 3893/3893 3894/3894
f 3847/3847 3891/3891 3848/3848
f 3893/3893 3895/3895 3894/3894
f 3895/3895 3896/3896 3894/3894
f 3891/3891 3897/3897 3848/3848
f 3894/3894 3896/3896 3898/3898
f 3848/3848 3897/3897 3849/3849
f 3849/3849 3897/3897 3899/3899
f 3898/3898 3896/3896 3900/3900
f 3896/3896 3901/3901 3900/3900
f 3899/3899 3902/3902 3849/3849
f 3900/3900 3901/3901 3903/3903
f 3849/3849 3902/3902 3850/3850
f 3903/3903 3901/3901 3904/3904
f 3850/3850 3902/3902 3852/3852
f 3903/3903 3904/3904 3855/3855
f 3674/3674 3905/3905 3906/3906
f 3674/3674 3906/3906 3676/3676
f 3907/3907 3908/3908 3875/3875
f 3877/3877 3909/3909 3910/3910
f 3875/3875 3908/3908 3878/3878
f 3909/3909 3911/3911 3910/3910
f 3878/3878 3908/3908 3880/3880
f 3910/3910 3911/3911 3881/3881
f 3676/3676 3906/3906 3912/3912
f 3676/3676 3912/3912 3677/3677
f 3183/3183 3913/3913 2779/2779
f 3914/3914 3915/3915 3572/3572
f 3336/3336 3914/3914 3572/3572
f 3916/3916 3917/3917 3918/3918
f 3916/3916 3918/3918 3919/3919
f 3588/3588 3692/3692 3920/3920
f 3696/3696 3921/3921 3591/3591
f 3591/3591 3921/3921 3922/3922
f 3591/3591 3922/3922 3695/3695
f 3588/3588 3920/3920 3595/3595
f 3923/3923 3697/3697 3599/3599
f 3695/3695 3923/3923 3599/3599
f 3697/3697 3924/3924 3600/3600
f 3595/3595 3925/3925 3603/3603
f 3604/3604 3926/3926 3927/3927
f 3604/3604 3927/3927 3605/3605
f 3927/3927 3698/3698 3605/3605
f 3702/3702 3928/3928 3703/3703
f 3613/3613 3929/3929 3930/3930
f 3931/3931 3932/3932 3616/3616
f 3615/3615 3931/3931 3616/3616
f 3933/3933 3934/3934 3620/3620
f 3616/3616 3932/3932 3705/3705
f 3621/3621 3934/3934 3935/3935
f 3621/3621 3935/3935 3622/3622
f 3935/3935 3936/3936 3629/3629
f 3622/3622 3935/3935 3629/3629
f 3937/3937 3938/3938 3939/3939
f 3363/3363 3705/3705 3712/3712
f 3706/3706 3940/3940 3707/3707
f 3709/3709 3941/3941 3710/3710
f 3710/3710 3942/3942 3711/3711
f 3943/3943 3944/3944 3945/3945
f 3942/3942 3946/3946 3713/3713
f 3711/3711 3942/3942 3713/3713
f 3713/3713 3946/3946 3947/3947
f 3713/3713 3947/3947 3715/3715
f 3715/3715 3947/3947 3948/3948
f 3715/3715 3948/3948 3717/3717
f 2839/2839 3353/3353 3317/3317
f 3631/3631 3949/3949 3640/3640
f 3719/3719 3950/3950 3720/3720
f 3636/3636 3951/3951 3721/3721
f 3720/3720 3950/3950 3722/3722
f 3722/3722 3952/3952 3723/3723
f 3641/3641 3953/3953 3642/3642
f 3437/3437 3954/3954 3438/3438
f 3642/3642 3955/3955 3643/3643
f 3955/3955 3956/3956 3643/3643
f 3643/3643 3956/3956 3726/3726
f 3646/3646 3727/3727 3728/3728
f 3957/3957 3958/3958 3959/3959
f 3959/3959 3958/3958 3960/3960
f 3961/3961 3962/3962 3963/3963
f 3963/3963 3962/3962 3964/3964
f 3963/3963 3964/3964 3965/3965
f 3965/3965 3964/3964 3730/3730
f 3966/3966 3730/3730 3732/3732
f 3966/3966 3732/3732 3967/3967
f 3732/3732 3968/3968 3967/3967
f 3967/3967 3968/3968 3969/3969
f 3970/3970 3971/3971 3972/3972
f 3970/3970 3972/3972 3973/3973
f 3973/3973 3972/3972 3974/3974
f 3973/3973 3974/3974 3975/3975
f 3974/3974 3976/3976 3975/3975
f 3975/3975 3976/3976 3977/3977
f 3729/3729 3978/3978 3733/3733
f 3476/3476 3979/3979 3980/3980
f 3858/3858 3981/3981 3982/3982
f 3858/3858 3982/3982 3860/3860
f 3864/3864 3983/3983 3865/3865
f 3865/3865 3983/3983 3984/3984
f 3865/3865 3984/3984 3867/3867
f 3984/3984 3985/3985 3867/3867
f 3867/3867 3985/3985 3871/3871
f 3871/3871 3985/3985 3986/3986
f 3871/3871 3986/3986 3874/3874
f 3838/3838 3885/3885 3840/3840
f 3840/3840 3885/3885 3987/3987
f 3885/3885 3988/3988 3987/3987
f 3840/3840 3987/3987 3843/3843
f 3988/3988 3989/3989 3987/3987
f 3843/3843 3987/3987 3886/3886
f 3987/3987 3989/3989 3886/3886
f 3843/3843 3886/3886 3845/3845
f 3893/3893 3990/3990 3991/3991
f 3991/3991 3992/3992 3895/3895
f 3893/3893 3991/3991 3895/3895
f 3895/3895 3992/3992 3993/3993
f 3895/3895 3993/3993 3896/3896
f 3896/3896 3993/3993 3994/3994
f 3896/3896 3994/3994 3901/3901
f 3901/3901 3994/3994 3904/3904
f 3904/3904 3994/3994 3995/3995
f 3995/3995 3996/3996 3904/3904
f 3855/3855 3904/3904 3997/3997
f 3904/3904 3996/3996 3997/3997
f 3855/3855 3997/3997 3856/3856
f 3997/3997 3996/3996 3998/3998
f 3856/3856 3997/3997 3858/3858
f 3997/3997 3998/3998 3981/3981
f 3997/3997 3981/3981 3858/3858
f 3905/3905 3999/3999 3906/3906
f 3874/3874 3909/3909 3877/3877
f 3874/3874 3986/3986 4000/4000
f 3874/3874 4000/4000 3909/3909
f 4000/4000 4001/4001 3909/3909
f 3909/3909 4001/4001 4002/4002
f 3909/3909 4002/4002 3911/3911
f 3881/3881 3911/3911 4003/4003
f 3911/3911 4002/4002 4003/4003
f 4003/4003 4002/4002 4004/4004
f 3881/3881 4003/4003 3882/3882
f 4004/4004 4005/4005 4003/4003
f 4003/4003 4005/4005 3882/3882
f 4005/4005 4006/4006 3882/3882
f 3989/3989 4007/4007 3886/3886
f 4008/4008 4009/4009 4010/4010
f 3886/3886 4007/4007 3887/3887
f 4010/4010 3990/3990 4011/4011
f 4010/4010 4009/4009 3990/3990
f 4011/4011 3990/3990 3893/3893
f 3912/3912 4012/4012 3677/3677
f 3677/3677 4012/4012 3678/3678
f 3183/3183 3647/3647 3913/3913
f 3504/3504 4013/4013 3511/3511
f 3511/3511 4013/4013 4014/4014
f 3511/3511 4014/4014 3679/3679
f 3679/3679 4015/4015 3680/3680
f 3680/3680 4015/4015 3681/3681
f 3913/3913 3097/3097 2779/2779
f 3682/3682 3681/3681 4016/4016
f 3682/3682 4016/4016 4017/4017
f 3682/3682 4017/4017 3551/3551
f 3551/3551 4017/4017 3683/3683
f 3914/3914 4018/4018 3915/3915
f 4019/4019 7/7 22/22
f 4020/4020 4021/4021 3918/3918
f 3696/3696 4022/4022 3921/3921
f 3921/3921 4023/4023 3922/3922
f 3695/3695 3922/3922 3923/3923
f 4023/4023 4024/4024 3923/3923
f 3922/3922 4023/4023 3923/3923
f 3923/3923 4024/4024 4025/4025
f 3923/3923 4025/4025 3697/3697
f 3697/3697 4025/4025 4026/4026
f 3697/3697 4026/4026 3924/3924
f 3698/3698 3927/3927 4027/4027
f 3929/3929 4028/4028 3930/3930
f 3934/3934 4029/4029 4030/4030
f 3934/3934 4030/4030 3935/3935
f 3935/3935 4030/4030 3936/3936
f 4031/4031 4032/4032 4033/4033
f 3710/3710 3941/3941 3942/3942
f 3942/3942 4034/4034 3946/3946
f 3946/3946 4034/4034 4035/4035
f 3946/3946 4035/4035 3947/3947
f 3712/3712 3949/3949 3631/3631
f 3947/3947 4035/4035 3948/3948
f 3948/3948 4035/4035 4036/4036
f 3948/3948 4036/4036 3717/3717
f 3717/3717 4036/4036 3718/3718
f 3718/3718 4036/4036 4037/4037
f 3718/3718 4037/4037 3719/3719
f 3719/3719 4037/4037 3950/3950
f 4038/4038 4039/4039 3951/3951
f 3951/3951 4039/4039 3721/3721
f 3949/3949 4040/4040 3640/3640
f 4037/4037 4041/4041 3950/3950
f 3950/3950 4041/4041 4042/4042
f 3950/3950 4042/4042 3722/3722
f 3722/3722 4042/4042 3952/3952
f 3640/3640 4043/4043 3724/3724
f 4044/4044 4045/4045 3725/3725
f 3724/3724 4044/4044 3725/3725
f 3725/3725 4045/4045 3641/3641
f 3641/3641 4045/4045 3953/3953
f 3317/3317 4046/4046 3647/3647
f 4047/4047 3727/3727 3726/3726
f 3728/3728 3727/3727 4048/4048
f 3728/3728 4048/4048 3729/3729
f 3729/3729 4048/4048 3978/3978
f 3981/3981 4049/4049 3982/3982
f 3864/3864 4050/4050 3983/3983
f 3984/3984 4051/4051 3985/3985
f 3985/3985 4051/4051 3986/3986
f 3986/3986 4051/4051 4052/4052
f 3990/3990 4053/4053 3991/3991
f 4053/4053 4054/4054 3991/3991
f 3991/3991 4054/4054 3992/3992
f 3992/3992 4054/4054 4055/4055
f 4055/4055 4056/4056 3992/3992
f 3992/3992 4056/4056 3993/3993
f 3993/3993 4056/4056 4057/4057
f 3993/3993 4057/4057 3994/3994
f 4057/4057 4058/4058 3994/3994
f 3994/3994 4058/4058 3995/3995
f 4058/4058 4059/4059 3995/3995
f 3995/3995 4059/4059 3996/3996
f 4059/4059 4060/4060 3996/3996
f 3996/3996 4060/4060 3998/3998
f 3998/3998 4060/4060 4061/4061
f 3998/3998 4061/4061 3981/3981
f 3999/3999 4062/4062 3906/3906
f 3986/3986 4052/4052 4000/4000
f 4052/4052 4063/4063 4000/4000
f 4000/4000 4063/4063 4001/4001
f 4063/4063 4064/4064 4001/4001
f 4001/4001 4064/4064 4002/4002
f 4002/4002 4064/4064 4004/4004
f 4004/4004 4064/4064 4065/4065
f 4004/4004 4065/4065 4005/4005
f 4005/4005 4065/4065 4066/4066
f 4005/4005 4066/4066 4006/4006
f 4066/4066 4067/4067 4006/4006
f 4068/4068 4006/4006 4008/4008
f 4006/4006 4067/4067 4008/4008
f 4008/4008 4067/4067 4009/4009
f 4067/4067 4069/4069 4009/4009
f 4009/4009 4069/4069 3990/3990
f 3990/3990 4069/4069 4053/4053
f 3906/3906 4062/4062 3912/3912
f 3678/3678 4012/4012 4070/4070
f 4014/4014 4071/4071 3679/3679
f 3679/3679 4071/4071 4015/4015
f 4015/4015 4072/4072 3681/3681
f 4017/4017 4073/4073 3683/3683
f 3683/3683 4073/4073 4074/4074
f 3683/3683 4074/4074 3566/3566
f 4019/4019 5/5 7/7
f 3566/3566 4074/4074 3692/3692
f 3692/3692 4075/4075 4076/4076
f 3692/3692 4076/4076 3920/3920
f 4022/4022 4077/4077 3921/3921
f 4077/4077 4078/4078 4023/4023
f 3921/3921 4077/4077 4023/4023
f 4023/4023 4078/4078 4079/4079
f 4023/4023 4079/4079 4024/4024
f 3920/3920 4080/4080 3595/3595
f 3595/3595 4080/4080 3925/3925
f 3926/3926 4081/4081 3927/3927
f 2669/2669 2945/2945 3704/3704
f 4028/4028 4082/4082 4083/4083
f 3931/3931 4084/4084 3932/3932
f 3932/3932 4084/4084 4085/4085
f 3932/3932 4085/4085 3705/3705
f 4086/4086 4087/4087 4088/4088
f 4029/4029 4089/4089 4090/4090
f 4029/4029 4090/4090 4030/4030
f 3144/3144 3/3 3353/3353
f 4085/4085 4091/4091 3705/3705
f 4087/4087 4092/4092 4088/4088
f 4030/4030 4090/4090 4093/4093
f 3937/3937 4094/4094 4095/4095
f 3937/3937 4095/4095 3938/3938
f 3938/3938 4095/4095 4096/4096
f 4091/4091 4097/4097 3712/3712
f 3705/3705 4091/4091 3712/3712
f 4098/4098 4099/4099 4100/4100
f 4031/4031 4101/4101 4032/4032
f 4102/4102 4103/4103 4034/4034
f 3942/3942 4102/4102 4034/4034
f 4034/4034 4103/4103 4104/4104
f 4034/4034 4104/4104 4035/4035
f 3712/3712 4097/4097 4105/4105
f 3712/3712 4105/4105 3949/3949
f 4035/4035 4104/4104 4106/4106
f 4035/4035 4106/4106 4036/4036
f 4107/4107 4108/4108 4109/4109
f 4110/4110 4111/4111 4112/4112
f 3353/3353 4113/4113 3317/3317
f 3949/3949 4105/4105 4040/4040
f 4036/4036 4106/4106 4114/4114
f 4036/4036 4114/4114 4037/4037
f 4037/4037 4114/4114 4115/4115
f 4042/4042 4116/4116 4038/4038
f 4037/4037 4115/4115 4041/4041
f 3640/3640 4040/4040 4043/4043
f 3953/3953 3955/3955 3642/3642
f 3437/3437 4117/4117 3954/3954
f 3726/3726 3956/3956 4047/4047
f 3727/3727 4118/4118 4048/4048
f 4050/4050 4119/4119 3983/3983
f 3983/3983 4119/4119 3984/3984
f 4119/4119 4120/4120 3984/3984
f 4120/4120 4121/4121 3984/3984
f 3984/3984 4121/4121 4051/4051
f 4121/4121 4122/4122 4051/4051
f 4051/4051 4122/4122 4052/4052
f 4052/4052 4122/4122 4123/4123
f 4052/4052 4123/4123 4063/4063
f 4053/4053 4124/4124 4054/4054
f 4056/4056 4125/4125 4057/4057
f 4057/4057 4125/4125 4058/4058
f 4125/4125 4126/4126 4058/4058
f 4058/4058 4126/4126 4127/4127
f 4058/4058 4127/4127 4059/4059
f 4059/4059 4127/4127 4060/4060
f 4127/4127 4128/4128 4060/4060
f 4060/4060 4128/4128 4061/4061
f 4064/4064 4129/4129 4065/4065
f 4129/4129 4130/4130 4065/4065
f 4065/4065 4130/4130 4066/4066
f 4066/4066 4130/4130 4131/4131
f 4066/4066 4131/4131 4067/4067
f 4131/4131 4132/4132 4067/4067
f 4067/4067 4132/4132 4069/4069
f 4132/4132 4124/4124 4053/4053
f 4069/4069 4132/4132 4053/4053
f 4062/4062 4133/4133 3912/3912
f 3912/3912 4133/4133 4012/4012
f 4133/4133 4134/4134 4012/4012
f 4012/4012 4134/4134 4070/4070
f 3678/3678 4070/4070 3504/3504
f 3504/3504 4070/4070 4013/4013
f 4071/4071 4072/4072 4015/4015
f 4072/4072 4135/4135 3681/3681
f 3681/3681 4135/4135 4016/4016
f 3913/3913 3098/3098 3097/3097
f 4136/4136 4137/4137 4138/4138
f 4139/4139 4140/4140 5/5
f 4019/4019 4139/4139 5/5
f 4074/4074 4075/4075 3692/3692
f 4141/4141 4142/4142 4143/4143
f 10/10 4144/4144 13/13
f 4144/4144 4145/4145 23/23
f 13/13 4144/4144 23/23
f 4076/4076 4146/4146 3920/3920
f 4024/4024 4147/4147 4025/4025
f 4025/4025 4148/4148 4149/4149
f 4080/4080 4150/4150 3925/3925
f 3926/3926 4151/4151 4081/4081
f 4081/4081 4152/4152 3927/3927
f 3927/3927 4152/4152 4027/4027
f 4028/4028 4153/4153 4154/4154
f 4028/4028 4154/4154 4082/4082
f 4084/4084 4155/4155 4085/4085
f 4088/4088 4156/4156 4157/4157
f 4158/4158 4090/4090 4089/4089
f 4158/4158 4159/4159 4090/4090
f 4085/4085 4155/4155 4091/4091
f 4160/4160 4093/4093 4090/4090
f 4159/4159 4161/4161 4160/4160
f 4095/4095 4162/4162 4163/4163
f 4095/4095 4163/4163 4096/4096
f 4164/4164 4165/4165 4095/4095
f 4094/4094 4164/4164 4095/4095
f 4099/4099 4166/4166 4167/4167
f 4102/4102 4168/4168 4169/4169
f 4098/4098 4166/4166 4099/4099
f 4102/4102 4169/4169 4170/4170
f 4102/4102 4170/4170 4103/4103
f 4098/4098 4171/4171 4166/4166
f 4172/4172 4173/4173 4109/4109
f 4111/4111 4174/4174 4175/4175
f 4176/4176 4114/4114 4106/4106
f 4177/4177 4178/4178 4179/4179
f 4179/4179 4178/4178 4180/4180
f 4181/4181 4182/4182 4183/4183
f 3317/3317 4113/4113 4046/4046
f 4045/4045 4184/4184 3953/3953
f 3953/3953 4185/4185 3955/3955
f 4185/4185 4186/4186 3955/3955
f 3955/3955 4186/4186 4187/4187
f 3955/3955 4187/4187 3956/3956
f 3956/3956 4187/4187 4047/4047
f 3727/3727 4188/4188 4189/4189
f 3727/3727 4189/4189 4118/4118
f 4118/4118 4190/4190 4048/4048
f 4191/4191 4192/4192 4193/4193
f 4048/4048 4190/4190 4194/4194
f 4048/4048 4194/4194 3978/3978
f 4049/4049 4195/4195 4196/4196
f 4049/4049 4196/4196 3982/3982
f 4050/4050 4197/4197 4198/4198
f 4050/4050 4198/4198 4119/4119
f 4119/4119 4198/4198 4120/4120
f 4120/4120 4198/4198 4199/4199
f 4120/4120 4199/4199 4121/4121
f 4199/4199 4200/4200 4121/4121
f 4121/4121 4200/4200 4122/4122
f 4200/4200 4123/4123 4122/4122
f 4123/4123 4201/4201 4063/4063
f 4063/4063 4201/4201 4129/4129
f 4129/4129 4201/4201 4202/4202
f 4202/4202 4203/4203 4129/4129
f 4124/4124 4204/4204 4054/4054
f 4204/4204 4205/4205 4055/4055
f 4054/4054 4204/4204 4055/4055
f 4055/4055 4205/4205 4056/4056
f 4205/4205 4206/4206 4056/4056
f 4056/4056 4206/4206 4125/4125
f 4206/4206 4207/4207 4125/4125
f 4125/4125 4207/4207 4208/4208
f 4125/4125 4208/4208 4126/4126
f 4208/4208 4209/4209 4127/4127
f 4126/4126 4208/4208 4127/4127
f 4127/4127 4209/4209 4210/4210
f 4127/4127 4210/4210 4128/4128
f 4128/4128 4210/4210 4195/4195
f 3999/3999 4211/4211 4062/4062
f 4203/4203 4212/4212 4130/4130
f 4130/4130 4212/4212 4131/4131
f 4131/4131 4212/4212 4213/4213
f 4213/4213 4214/4214 4131/4131
f 4131/4131 4214/4214 4132/4132
f 4214/4214 4215/4215 4132/4132
f 4132/4132 4215/4215 4204/4204
f 4132/4132 4204/4204 4124/4124
f 4193/4193 4192/4192 4216/4216
f 3913/3913 4217/4217 3098/3098
f 4218/4218 4219/4219 4220/4220
f 4221/4221 4222/4222 4223/4223
f 4224/4224 4225/4225 4226/4226
f 4224/4224 4226/4226 4227/4227
f 4222/4222 4228/4228 4229/4229
f 4223/4223 4222/4222 4229/4229
f 4225/4225 4230/4230 4226/4226
f 4022/4022 4231/4231 4232/4232
f 4022/4022 4232/4232 4077/4077
f 4077/4077 4232/4232 4078/4078
f 4078/4078 4232/4232 4233/4233
f 4078/4078 4233/4233 4079/4079
f 4079/4079 4233/4233 4234/4234
f 4079/4079 4234/4234 4147/4147
f 4146/4146 4080/4080 3920/3920
f 4234/4234 4235/4235 4025/4025
f 4147/4147 4234/4234 4025/4025
f 4025/4025 4235/4235 4148/4148
f 4148/4148 4236/4236 4149/4149
f 3601/3601 4237/4237 3699/3699
f 3699/3699 4237/4237 3700/3700
f 4153/4153 4238/4238 4154/4154
f 3144/3144 1/1 3/3
f 3/3 4239/4239 3353/3353
f 4240/4240 4241/4241 4242/4242
f 4243/4243 4244/4244 4245/4245
f 4159/4159 4246/4246 4161/4161
f 4155/4155 4247/4247 4091/4091
f 4242/4242 4248/4248 4249/4249
f 4248/4248 4250/4250 4249/4249
f 4251/4251 4252/4252 4253/4253
f 4251/4251 4253/4253 4254/4254
f 4250/4250 4255/4255 4249/4249
f 4091/4091 4256/4256 4097/4097
f 4249/4249 4255/4255 4257/4257
f 4249/4249 4257/4257 4258/4258
f 4256/4256 4259/4259 4097/4097
f 4166/4166 4260/4260 4167/4167
f 4257/4257 4261/4261 4262/4262
f 4258/4258 4257/4257 4262/4262
f 4097/4097 4259/4259 4105/4105
f 4263/4263 4264/4264 4173/4173
f 4262/4262 4261/4261 4265/4265
f 4170/4170 4266/4266 4176/4176
f 4176/4176 4266/4266 4267/4267
f 4268/4268 4265/4265 4269/4269
f 4268/4268 4269/4269 4270/4270
f 4270/4270 4269/4269 4172/4172
f 4271/4271 4040/4040 4105/4105
f 3353/3353 4239/4239 4113/4113
f 4271/4271 4272/4272 4040/4040
f 4273/4273 4274/4274 4275/4275
f 4040/4040 4272/4272 4043/4043
f 4272/4272 4276/4276 4043/4043
f 4044/4044 4277/4277 4045/4045
f 4184/4184 4278/4278 3953/3953
f 3953/3953 4279/4279 4280/4280
f 3953/3953 4280/4280 4185/4185
f 4186/4186 4281/4281 4187/4187
f 4282/4282 4283/4283 4284/4284
f 4281/4281 4047/4047 4187/4187
f 4047/4047 4188/4188 3727/3727
f 4047/4047 4285/4285 4188/4188
f 4046/4046 4286/4286 4217/4217
f 4188/4188 4118/4118 4189/4189
f 4287/4287 4288/4288 4289/4289
f 4290/4290 4291/4291 4197/4197
f 4195/4195 4292/4292 4196/4196
f 4197/4197 4291/4291 4293/4293
f 4197/4197 4293/4293 4198/4198
f 4198/4198 4293/4293 4294/4294
f 4198/4198 4294/4294 4199/4199
f 4294/4294 4295/4295 4199/4199
f 4199/4199 4295/4295 4200/4200
f 4295/4295 4296/4296 4200/4200
f 4200/4200 4296/4296 4123/4123
f 4123/4123 4296/4296 4297/4297
f 4297/4297 4298/4298 4123/4123
f 4123/4123 4298/4298 4201/4201
f 4298/4298 4299/4299 4201/4201
f 4201/4201 4299/4299 4202/4202
f 4202/4202 4299/4299 4203/4203
f 4203/4203 4299/4299 4300/4300
f 4203/4203 4300/4300 4212/4212
f 4215/4215 4301/4301 4204/4204
f 4204/4204 4301/4301 4302/4302
f 4302/4302 4303/4303 4205/4205
f 4204/4204 4302/4302 4205/4205
f 4303/4303 4304/4304 4205/4205
f 4205/4205 4304/4304 4206/4206
f 4206/4206 4304/4304 4305/4305
f 4206/4206 4305/4305 4207/4207
f 4207/4207 4305/4305 4306/4306
f 4207/4207 4306/4306 4208/4208
f 4208/4208 4306/4306 4209/4209
f 4209/4209 4306/4306 4307/4307
f 4209/4209 4307/4307 4210/4210
f 4210/4210 4307/4307 4195/4195
f 4213/4213 4308/4308 4214/4214
f 4214/4214 4308/4308 4215/4215
f 4217/4217 4286/4286 4309/4309
f 4014/4014 4013/4013 4310/4310
f 4014/4014 4310/4310 4311/4311
f 4014/4014 4311/4311 4071/4071
f 4311/4311 4312/4312 4071/4071
f 4071/4071 4312/4312 4313/4313
f 4217/4217 4309/4309 3098/3098
f 4071/4071 4313/4313 4072/4072
f 4313/4313 4314/4314 4072/4072
f 4072/4072 4314/4314 4315/4315
f 4072/4072 4315/4315 4135/4135
f 4135/4135 4316/4316 4016/4016
f 4016/4016 4316/4316 4317/4317
f 4016/4016 4317/4317 4017/4017
f 4317/4317 4318/4318 4017/4017
f 4017/4017 4318/4318 4073/4073
f 4073/4073 4318/4318 4319/4319
f 4073/4073 4319/4319 4074/4074
f 4319/4319 4320/4320 4074/4074
f 4321/4321 4322/4322 4323/4323
f 4309/4309 4324/4324 3098/3098
f 4074/4074 4320/4320 4075/4075
f 4075/4075 4320/4320 4325/4325
f 4075/4075 4325/4325 4076/4076
f 4325/4325 4326/4326 4076/4076
f 4076/4076 4326/4326 4327/4327
f 4076/4076 4327/4327 4146/4146
f 4328/4328 4329/4329 4330/4330
f 4331/4331 4328/4328 4330/4330
f 4330/4330 4329/4329 4332/4332
f 4232/4232 4333/4333 4233/4233
f 4233/4233 4235/4235 4234/4234
f 4146/4146 4327/4327 4150/4150
f 4146/4146 4150/4150 4080/4080
f 4235/4235 4236/4236 4148/4148
f 3098/3098 4324/4324 3601/3601
f 4081/4081 4151/4151 4334/4334
f 4081/4081 4334/4334 4152/4152
f 2945/2945 4335/4335 3704/3704
f 3704/3704 4336/4336 3276/3276
f 4337/4337 4338/4338 4339/4339
f 4250/4250 4340/4340 4341/4341
f 4342/4342 4343/4343 4257/4257
f 4255/4255 4342/4342 4257/4257
f 4257/4257 4343/4343 4261/4261
f 4261/4261 4343/4343 4344/4344
f 4239/4239 4046/4046 4113/4113
f 4345/4345 4346/4346 4347/4347
f 4188/4188 4285/4285 4118/4118
f 4346/4346 4348/4348 4349/4349
f 4118/4118 4350/4350 4190/4190
f 4190/4190 4350/4350 4194/4194
f 4351/4351 4352/4352 4353/4353
f 4354/4354 4351/4351 4353/4353
f 4355/4355 4356/4356 4357/4357
f 4356/4356 4358/4358 4357/4357
f 4359/4359 4360/4360 4361/4361
f 4357/4357 4358/4358 4362/4362
f 4363/4363 4364/4364 4365/4365
f 4366/4366 4367/4367 4368/4368
f 4367/4367 4369/4369 4368/4368
f 4370/4370 4371/4371 4372/4372
f 4362/4362 4373/4373 4374/4374
f 4368/4368 4369/4369 4375/4375
f 4376/4376 4377/4377 4378/4378
f 4379/4379 4380/4380 4381/4381
f 4381/4381 4380/4380 4370/4370
f 4382/4382 4383/4383 4384/4384
f 4370/4370 4385/4385 4381/4381
f 4384/4384 4383/4383 4386/4386
f 4386/4386 4383/4383 4387/4387
f 4383/4383 4388/4388 4387/4387
f 4387/4387 4388/4388 4389/4389
f 4388/4388 4390/4390 4389/4389
f 4391/4391 4392/4392 4393/4393
f 4394/4394 4395/4395 4396/4396
f 4397/4397 4394/4394 4396/4396
f 4398/4398 4399/4399 4292/4292
f 4399/4399 4400/4400 4196/4196
f 4292/4292 4399/4399 4196/4196
f 4401/4401 4402/4402 4296/4296
f 4295/4295 4401/4401 4296/4296
f 4296/4296 4402/4402 4297/4297
f 4297/4297 4402/4402 4298/4298
f 4298/4298 4402/4402 4403/4403
f 4298/4298 4403/4403 4299/4299
f 4403/4403 4404/4404 4299/4299
f 4299/4299 4404/4404 4300/4300
f 4405/4405 4406/4406 4407/4407
f 4408/4408 4409/4409 4410/4410
f 4408/4408 4410/4410 4411/4411
f 4412/4412 4413/4413 4414/4414
f 4414/4414 4413/4413 4415/4415
f 4413/4413 4416/4416 4415/4415
f 4415/4415 4416/4416 4417/4417
f 4302/4302 4418/4418 4303/4303
f 4303/4303 4418/4418 4304/4304
f 4418/4418 4419/4419 4304/4304
f 4304/4304 4419/4419 4305/4305
f 4305/4305 4419/4419 4420/4420
f 4305/4305 4420/4420 4306/4306
f 4211/4211 4421/4421 4062/4062
f 4062/4062 4421/4421 4422/4422
f 4062/4062 4422/4422 4133/4133
f 4133/4133 4422/4422 4134/4134
f 4134/4134 4422/4422 4423/4423
f 4134/4134 4423/4423 4070/4070
f 4070/4070 4423/4423 4310/4310
f 4424/4424 4425/4425 4426/4426
f 4427/4427 4428/4428 4429/4429
f 4430/4430 4431/4431 4329/4329
f 4329/4329 4431/4431 4332/4332
f 4333/4333 4432/4432 4433/4433
f 4333/4333 4433/4433 4233/4233
f 4434/4434 4435/4435 4436/4436
f 4233/4233 4433/4433 4235/4235
f 4324/4324 4237/4237 3601/3601
f 4437/4437 4335/4335 2945/2945
f 4335/4335 4336/4336 3704/3704
f 4438/4438 4439/4439 4440/4440
f 4438/4438 4440/4440 4441/4441
f 4441/4441 4440/4440 4442/4442
f 4443/4443 4444/4444 4445/4445
f 4445/4445 4444/4444 4446/4446
f 4446/4446 4447/4447 4445/4445
f 4445/4445 4447/4447 4448/4448
f 4449/4449 4450/4450 4451/4451
f 4448/4448 4452/4452 4453/4453
f 4453/4453 4452/4452 4454/4454
f 4453/4453 4454/4454 4455/4455
f 101/101 100/100 4456/4456
f 4456/4456 100/100 87/87
f 4457/4457 4458/4458 4459/4459
f 4457/4457 4459/4459 4460/4460
f 4460/4460 4459/4459 4461/4461
f 4461/4461 4459/4459 4462/4462
f 4461/4461 4462/4462 4463/4463
f 4464/4464 4462/4462 229/229
f 4455/4455 4454/4454 4465/4465
f 4465/4465 4454/4454 4466/4466
f 242/242 95/95 243/243
f 243/243 95/95 251/251
f 112/112 126/126 247/247
f 251/251 95/95 128/128
f 128/128 149/149 150/150
f 251/251 128/128 150/150
f 150/150 149/149 4467/4467
f 4468/4468 4469/4469 4470/4470
f 4468/4468 4470/4470 4471/4471
f 4471/4471 4470/4470 4472/4472
f 4472/4472 4470/4470 4473/4473
f 4473/4473 4470/4470 4474/4474
f 4473/4473 4474/4474 4475/4475
f 4473/4473 4475/4475 4476/4476
f 4475/4475 4477/4477 4476/4476
f 4476/4476 4477/4477 4478/4478
f 4478/4478 4477/4477 4479/4479
f 4477/4477 4480/4480 4479/4479
f 4479/4479 4480/4480 4481/4481
f 4445/4445 4448/4448 4482/4482
f 4482/4482 4448/4448 4483/4483
f 212/212 213/213 216/216
f 4484/4484 4485/4485 4486/4486
f 396/396 395/395 4487/4487
f 4453/4453 4455/4455 4488/4488
f 4486/4486 4485/4485 4489/4489
f 4488/4488 4455/4455 4490/4490
f 227/227 224/224 4491/4491
f 224/224 228/228 4491/4491
f 228/228 4457/4457 4492/4492
f 4491/4491 228/228 4492/4492
f 4492/4492 4457/4457 4493/4493
f 4493/4493 4457/4457 4460/4460
f 4463/4463 4462/4462 4494/4494
f 4494/4494 4462/4462 4464/4464
f 4464/4464 229/229 4495/4495
f 4495/4495 229/229 231/231
f 4496/4496 4497/4497 4498/4498
f 4498/4498 4497/4497 4499/4499
f 4497/4497 4500/4500 4499/4499
f 4499/4499 4500/4500 4501/4501
f 4490/4490 4455/4455 4465/4465
f 4502/4502 4503/4503 227/227
f 4503/4503 225/225 227/227
f 257/257 256/256 274/274
f 4504/4504 4468/4468 4471/4471
f 4471/4471 4472/4472 4505/4505
f 4506/4506 4507/4507 4508/4508
f 4505/4505 4472/4472 4473/4473
f 4505/4505 4473/4473 4509/4509
f 295/295 294/294 299/299
f 4473/4473 4476/4476 4509/4509
f 4509/4509 4476/4476 4510/4510
f 4510/4510 4476/4476 4511/4511
f 4476/4476 4478/4478 4511/4511
f 492/492 301/301 493/493
f 493/493 301/301 304/304
f 493/493 304/304 487/487
f 487/487 304/304 303/303
f 305/305 307/307 310/310
f 509/509 310/310 309/309
f 4478/4478 4479/4479 4511/4511
f 4512/4512 4513/4513 533/533
f 313/313 315/315 4514/4514
f 315/315 316/316 539/539
f 4515/4515 4439/4439 4516/4516
f 4516/4516 4439/4439 4438/4438
f 4444/4444 4443/4443 4517/4517
f 4517/4517 4443/4443 4518/4518
f 4443/4443 4445/4445 4518/4518
f 321/321 325/325 563/563
f 342/342 323/323 324/324
f 571/571 4519/4519 569/569
f 330/330 332/332 564/564
f 333/333 335/335 573/573
f 4518/4518 4445/4445 4520/4520
f 337/337 335/335 334/334
f 575/575 332/332 336/336
f 569/569 4519/4519 4521/4521
f 569/569 4521/4521 4522/4522
f 4522/4522 4523/4523 4524/4524
f 4445/4445 4482/4482 4520/4520
f 4524/4524 4523/4523 4525/4525
f 4525/4525 4526/4526 4527/4527
f 368/368 362/362 364/364
f 4527/4527 4526/4526 606/606
f 606/606 374/374 373/373
f 378/378 370/370 376/376
f 372/372 384/384 735/735
f 383/383 382/382 4528/4528
f 4528/4528 382/382 4529/4529
f 394/394 389/389 388/388
f 4529/4529 397/397 865/865
f 397/397 396/396 865/865
f 4486/4486 4489/4489 4530/4530
f 4531/4531 4488/4488 4490/4490
f 4502/4502 227/227 4532/4532
f 4532/4532 227/227 4491/4491
f 4460/4460 4461/4461 4533/4533
f 4463/4463 4494/4494 4534/4534
f 4494/4494 4464/4464 4495/4495
f 4535/4535 4495/4495 231/231
f 4535/4535 231/231 4496/4496
f 4535/4535 4496/4496 4536/4536
f 4536/4536 4496/4496 4498/4498
f 4498/4498 4499/4499 4537/4537
f 4537/4537 4499/4499 4538/4538
f 4499/4499 4501/4501 4538/4538
f 4501/4501 4539/4539 4540/4540
f 4540/4540 4539/4539 4541/4541
f 4487/4487 4542/4542 4543/4543
f 4543/4543 4542/4542 4544/4544
f 4544/4544 4542/4542 4545/4545
f 273/273 257/257 274/274
f 4544/4544 4545/4545 4506/4506
f 415/415 158/158 286/286
f 4504/4504 4471/4471 4546/4546
f 4471/4471 4505/4505 4546/4546
f 4547/4547 4507/4507 4548/4548
f 4548/4548 4549/4549 4550/4550
f 4549/4549 4551/4551 4550/4550
f 4550/4550 4551/4551 4552/4552
f 4552/4552 4553/4553 4554/4554
f 4554/4554 4553/4553 4555/4555
f 4555/4555 4556/4556 4557/4557
f 4557/4557 4556/4556 4558/4558
f 4559/4559 4558/4558 4560/4560
f 4560/4560 4561/4561 4562/4562
f 461/461 468/468 4563/4563
f 4562/4562 4561/4561 4564/4564
f 4563/4563 468/468 471/471
f 4564/4564 4565/4565 4566/4566
f 472/472 477/477 633/633
f 633/633 477/477 634/634
f 634/634 477/477 489/489
f 4567/4567 4568/4568 4569/4569
f 4566/4566 4565/4565 4570/4570
f 642/642 485/485 484/484
f 4569/4569 4568/4568 4571/4571
f 4570/4570 4565/4565 4572/4572
f 4568/4568 4573/4573 4571/4571
f 4571/4571 4573/4573 4574/4574
f 4574/4574 4573/4573 513/513
f 503/503 516/516 658/658
f 650/650 503/503 658/658
f 4574/4574 513/513 512/512
f 516/516 515/515 528/528
f 516/516 528/528 657/657
f 657/657 528/528 4575/4575
f 4511/4511 4479/4479 4576/4576
f 528/528 527/527 4575/4575
f 4577/4577 4578/4578 4579/4579
f 4479/4479 4481/4481 4580/4580
f 4576/4576 4479/4479 4580/4580
f 4481/4481 4480/4480 4581/4581
f 533/533 535/535 4582/4582
f 4582/4582 535/535 792/792
f 4512/4512 533/533 677/677
f 4583/4583 4512/4512 677/677
f 792/792 535/535 4584/4584
f 792/792 4584/4584 793/793
f 4516/4516 4438/4438 4585/4585
f 4585/4585 4438/4438 4441/4441
f 4586/4586 4587/4587 4588/4588
f 4588/4588 4587/4587 4589/4589
f 548/548 555/555 554/554
f 549/549 548/548 554/554
f 553/553 556/556 561/561
f 553/553 561/561 560/560
f 560/560 559/559 4590/4590
f 560/560 4590/4590 691/691
f 701/701 576/576 702/702
f 4591/4591 571/571 570/570
f 702/702 576/576 578/578
f 702/702 578/578 4592/4592
f 337/337 334/334 339/339
f 580/580 339/339 574/574
f 713/713 569/569 4522/4522
f 4592/4592 578/578 4593/4593
f 713/713 4522/4522 809/809
f 578/578 589/589 4593/4593
f 809/809 4522/4522 4524/4524
f 4594/4594 588/588 603/603
f 4524/4524 4525/4525 4527/4527
f 4595/4595 4527/4527 606/606
f 4595/4595 606/606 607/607
f 607/607 373/373 372/372
f 607/607 372/372 735/735
f 735/735 384/384 383/383
f 4520/4520 4482/4482 4596/4596
f 735/735 383/383 4597/4597
f 4597/4597 383/383 4528/4528
f 4482/4482 4483/4483 4598/4598
f 4596/4596 4482/4482 4598/4598
f 4599/4599 4528/4528 4529/4529
f 4600/4600 4529/4529 4601/4601
f 4602/4602 4486/4486 4530/4530
f 4502/4502 4532/4532 4603/4603
f 4491/4491 4492/4492 4604/4604
f 4604/4604 4492/4492 4493/4493
f 4493/4493 4460/4460 4605/4605
f 4605/4605 4460/4460 4533/4533
f 4533/4533 4461/4461 4606/4606
f 4606/4606 4461/4461 4463/4463
f 4606/4606 4463/4463 4534/4534
f 4534/4534 4494/4494 4607/4607
f 4494/4494 4495/4495 4607/4607
f 4607/4607 4495/4495 4608/4608
f 4495/4495 4535/4535 4608/4608
f 4537/4537 4538/4538 4609/4609
f 4538/4538 4501/4501 4610/4610
f 4610/4610 4501/4501 4540/4540
f 4540/4540 4541/4541 4611/4611
f 4487/4487 4543/4543 4612/4612
f 4612/4612 4543/4543 4544/4544
f 4612/4612 4544/4544 4613/4613
f 4613/4613 4544/4544 4614/4614
f 613/613 273/273 618/618
f 4614/4614 4544/4544 4506/4506
f 4504/4504 4546/4546 4615/4615
f 4616/4616 4504/4504 4615/4615
f 4505/4505 4509/4509 4617/4617
f 4547/4547 4548/4548 4550/4550
f 4554/4554 4550/4550 4552/4552
f 4554/4554 4555/4555 4557/4557
f 4557/4557 4558/4558 4559/4559
f 4618/4618 4510/4510 4511/4511
f 4619/4619 4559/4559 4560/4560
f 4618/4618 4511/4511 4620/4620
f 4619/4619 4560/4560 4562/4562
f 631/631 630/630 4621/4621
f 629/629 633/633 4622/4622
f 4622/4622 633/633 635/635
f 4564/4564 4566/4566 4623/4623
f 636/636 630/630 632/632
f 4624/4624 4567/4567 4569/4569
f 4623/4623 4566/4566 4570/4570
f 643/643 642/642 484/484
f 4625/4625 4569/4569 4571/4571
f 4570/4570 4572/4572 4626/4626
f 4572/4572 4627/4627 4628/4628
f 4626/4626 4572/4572 4628/4628
f 4625/4625 4571/4571 4629/4629
f 4620/4620 4511/4511 4576/4576
f 4627/4627 4630/4630 4628/4628
f 775/775 504/504 651/651
f 4629/4629 4571/4571 4574/4574
f 650/650 658/658 659/659
f 512/512 511/511 785/785
f 4631/4631 4577/4577 4632/4632
f 4633/4633 4631/4631 4632/4632
f 520/520 665/665 521/521
f 4632/4632 4577/4577 4634/4634
f 4577/4577 4579/4579 4635/4635
f 4634/4634 4577/4577 4635/4635
f 676/676 533/533 4582/4582
f 4582/4582 792/792 794/794
f 4585/4585 4441/4441 4636/4636
f 4636/4636 4441/4441 4442/4442
f 4586/4586 4588/4588 4637/4637
f 4638/4638 550/550 679/679
f 4637/4637 4588/4588 4639/4639
f 686/686 685/685 4640/4640
f 685/685 4641/4641 4640/4640
f 849/849 4641/4641 4642/4642
f 678/678 549/549 554/554
f 678/678 554/554 681/681
f 681/681 698/698 678/678
f 678/678 698/698 683/683
f 4643/4643 694/694 696/696
f 553/553 560/560 692/692
f 680/680 553/553 692/692
f 4591/4591 570/570 4644/4644
f 696/696 702/702 4645/4645
f 328/328 557/557 329/329
f 4644/4644 570/570 712/712
f 4644/4644 712/712 714/714
f 4645/4645 702/702 4592/4592
f 4592/4592 4593/4593 4646/4646
f 4593/4593 589/589 728/728
f 809/809 4524/4524 4647/4647
f 4524/4524 4527/4527 4647/4647
f 736/736 4595/4595 607/607
f 4520/4520 4596/4596 4648/4648
f 736/736 735/735 4597/4597
f 4597/4597 4528/4528 4649/4649
f 4649/4649 4528/4528 4599/4599
f 4599/4599 4529/4529 4600/4600
f 4529/4529 865/865 4601/4601
f 4650/4650 4531/4531 4651/4651
f 396/396 4487/4487 4612/4612
f 4531/4531 4490/4490 927/927
f 923/923 4502/4502 4603/4603
f 4603/4603 4532/4532 4652/4652
f 4652/4652 4532/4532 4491/4491
f 4652/4652 4491/4491 4604/4604
f 4604/4604 4493/4493 4653/4653
f 4653/4653 4493/4493 4605/4605
f 4606/4606 4534/4534 4654/4654
f 4654/4654 4534/4534 4607/4607
f 4607/4607 4608/4608 4655/4655
f 4656/4656 4608/4608 4535/4535
f 4656/4656 4535/4535 4536/4536
f 4656/4656 4536/4536 4657/4657
f 4536/4536 4498/4498 4658/4658
f 4657/4657 4536/4536 4658/4658
f 4498/4498 4537/4537 4658/4658
f 4658/4658 4537/4537 4659/4659
f 4659/4659 4537/4537 4609/4609
f 4609/4609 4538/4538 4660/4660
f 4660/4660 4538/4538 4610/4610
f 4540/4540 4611/4611 4661/4661
f 4610/4610 4540/4540 4661/4661
f 4614/4614 4506/4506 4662/4662
f 4615/4615 4546/4546 4663/4663
f 4662/4662 4506/4506 4508/4508
f 4663/4663 4546/4546 4505/4505
f 4663/4663 4505/4505 4664/4664
f 4508/4508 4507/4507 4665/4665
f 4665/4665 4507/4507 4547/4547
f 4550/4550 4554/4554 4666/4666
f 4554/4554 4557/4557 4667/4667
f 4666/4666 4554/4554 4667/4667
f 4667/4667 4557/4557 4559/4559
f 4562/4562 4564/4564 4668/4668
f 631/631 4621/4621 4669/4669
f 4669/4669 4621/4621 4670/4670
f 4670/4670 4671/4671 4672/4672
f 4668/4668 4564/4564 4623/4623
f 4673/4673 4624/4624 4569/4569
f 4668/4668 4623/4623 4674/4674
f 4673/4673 4569/4569 4625/4625
f 4674/4674 4623/4623 4570/4570
f 768/768 643/643 484/484
f 4570/4570 4626/4626 4675/4675
f 4674/4674 4570/4570 4675/4675
f 772/772 770/770 643/643
f 773/773 4676/4676 771/771
f 4677/4677 4629/4629 4574/4574
f 4677/4677 4574/4574 512/512
f 4677/4677 512/512 786/786
f 4678/4678 4633/4633 4632/4632
f 786/786 785/785 4679/4679
f 4634/4634 4635/4635 4680/4680
f 4681/4681 4576/4576 4580/4580
f 4580/4580 4481/4481 4581/4581
f 676/676 4582/4582 794/794
f 4682/4682 4586/4586 4683/4683
f 4516/4516 4585/4585 4636/4636
f 4636/4636 4442/4442 4684/4684
f 4683/4683 4586/4586 4637/4637
f 4685/4685 4686/4686 4687/4687
f 4637/4637 4639/4639 4688/4688
f 798/798 686/686 4689/4689
f 4690/4690 798/798 4689/4689
f 4689/4689 686/686 4640/4640
f 4640/4640 4641/4641 849/849
f 848/848 4640/4640 849/849
f 849/849 4642/4642 4691/4691
f 4691/4691 4642/4642 4692/4692
f 4643/4643 696/696 4693/4693
f 4645/4645 4592/4592 4694/4694
f 4694/4694 4592/4592 4646/4646
f 4695/4695 802/802 810/810
f 4646/4646 4593/4593 4696/4696
f 816/816 591/591 579/579
f 723/723 721/721 725/725
f 4696/4696 4593/4593 728/728
f 4518/4518 4520/4520 4648/4648
f 4697/4697 809/809 4647/4647
f 730/730 602/602 819/819
f 4698/4698 4647/4647 4527/4527
f 4527/4527 4595/4595 4698/4698
f 4699/4699 4595/4595 736/736
f 4700/4700 736/736 4649/4649
f 4649/4649 736/736 4597/4597
f 4649/4649 4599/4599 4701/4701
f 4601/4601 865/865 864/864
f 4483/4483 4650/4650 4702/4702
f 4598/4598 4483/4483 4702/4702
f 4653/4653 4605/4605 870/870
f 870/870 4605/4605 868/868
f 868/868 4605/4605 4533/4533
f 868/868 4533/4533 4703/4703
f 4704/4704 4533/4533 4606/4606
f 4704/4704 4606/4606 4654/4654
f 4654/4654 4607/4607 4655/4655
f 4655/4655 4608/4608 4705/4705
f 4608/4608 4656/4656 4705/4705
f 4610/4610 4661/4661 4706/4706
f 4707/4707 4612/4612 4613/4613
f 4707/4707 4613/4613 4708/4708
f 4613/4613 4614/4614 4708/4708
f 4662/4662 4508/4508 4709/4709
f 4709/4709 4508/4508 4665/4665
f 4505/4505 4617/4617 4664/4664
f 4710/4710 4547/4547 4550/4550
f 4617/4617 4509/4509 4711/4711
f 4509/4509 4510/4510 4711/4711
f 4712/4712 4559/4559 4619/4619
f 4713/4713 4619/4619 4562/4562
f 4713/4713 4562/4562 4668/4668
f 766/766 631/631 4714/4714
f 4714/4714 631/631 4669/4669
f 4670/4670 4672/4672 4715/4715
f 4716/4716 4673/4673 4717/4717
f 4718/4718 4668/4668 4674/4674
f 4717/4717 4673/4673 4625/4625
f 836/836 768/768 835/835
f 4717/4717 4625/4625 954/954
f 4674/4674 4675/4675 4719/4719
f 4720/4720 838/838 772/772
f 4720/4720 772/772 837/837
f 954/954 4625/4625 4629/4629
f 4629/4629 4677/4677 4721/4721
f 900/900 786/786 4679/4679
f 963/963 787/787 841/841
f 4632/4632 4634/4634 4722/4722
f 4722/4722 4634/4634 4680/4680
f 676/676 794/794 4723/4723
f 4724/4724 4583/4583 677/677
f 4724/4724 677/677 676/676
f 4725/4725 4682/4682 4683/4683
f 4726/4726 4517/4517 4727/4727
f 4637/4637 4688/4688 4728/4728
f 4683/4683 4637/4637 4728/4728
f 4690/4690 4689/4689 4729/4729
f 4730/4730 4690/4690 4729/4729
f 4689/4689 4640/4640 905/905
f 4729/4729 4689/4689 905/905
f 905/905 4640/4640 848/848
f 905/905 848/848 850/850
f 847/847 849/849 4731/4731
f 4731/4731 849/849 4691/4691
f 4727/4727 4517/4517 4732/4732
f 4733/4733 4734/4734 4735/4735
f 4736/4736 4645/4645 4737/4737
f 4737/4737 4645/4645 4694/4694
f 4738/4738 4695/4695 810/810
f 4738/4738 810/810 853/853
f 853/853 809/809 4697/4697
f 725/725 813/813 855/855
f 725/725 855/855 814/814
f 4696/4696 728/728 856/856
f 857/857 730/730 819/819
f 4697/4697 4647/4647 4698/4698
f 4698/4698 4595/4595 4699/4699
f 4699/4699 736/736 4700/4700
f 4701/4701 4599/4599 4739/4739
f 4739/4739 4599/4599 4600/4600
f 4702/4702 4650/4650 4651/4651
f 863/863 865/865 396/396
f 396/396 4612/4612 4707/4707
f 4651/4651 4531/4531 926/926
f 926/926 4531/4531 927/927
f 923/923 4603/4603 924/924
f 924/924 4603/4603 4652/4652
f 924/924 4652/4652 4740/4740
f 4740/4740 4652/4652 4604/4604
f 4703/4703 4533/4533 4704/4704
f 4705/4705 4656/4656 4741/4741
f 4656/4656 4657/4657 4741/4741
f 4657/4657 4658/4658 4742/4742
f 4658/4658 4659/4659 4742/4742
f 4659/4659 4609/4609 4742/4742
f 4742/4742 4609/4609 4660/4660
f 4660/4660 4610/4610 4743/4743
f 4744/4744 4653/4653 870/870
f 4744/4744 870/870 869/869
f 4610/4610 4706/4706 4745/4745
f 4743/4743 4610/4610 4745/4745
f 4745/4745 4706/4706 4746/4746
f 872/872 825/825 880/880
f 4664/4664 4617/4617 4747/4747
f 4665/4665 4547/4547 4710/4710
f 4710/4710 4550/4550 4748/4748
f 4666/4666 4667/4667 4749/4749
f 4711/4711 4510/4510 4618/4618
f 4749/4749 4667/4667 4559/4559
f 4749/4749 4559/4559 4712/4712
f 4712/4712 4619/4619 4713/4713
f 4713/4713 4668/4668 4750/4750
f 4750/4750 4668/4668 4718/4718
f 890/890 766/766 4714/4714
f 4714/4714 4669/4669 4751/4751
f 4669/4669 4670/4670 4752/4752
f 4751/4751 4669/4669 4752/4752
f 4752/4752 4670/4670 4715/4715
f 4718/4718 4674/4674 4753/4753
f 4716/4716 4717/4717 4754/4754
f 836/836 835/835 892/892
f 1019/1019 836/836 892/892
f 4717/4717 954/954 953/953
f 4754/4754 4717/4717 953/953
f 4674/4674 4719/4719 4755/4755
f 4753/4753 4674/4674 4755/4755
f 4756/4756 4720/4720 837/837
f 4756/4756 837/837 957/957
f 957/957 837/837 836/836
f 957/957 836/836 1019/1019
f 954/954 4629/4629 4721/4721
f 954/954 4721/4721 4757/4757
f 4757/4757 4721/4721 4758/4758
f 4758/4758 4721/4721 4677/4677
f 4677/4677 786/786 901/901
f 4678/4678 4632/4632 4759/4759
f 4760/4760 4678/4678 4759/4759
f 784/784 840/840 899/899
f 784/784 899/899 841/841
f 899/899 963/963 841/841
f 4759/4759 4632/4632 4722/4722
f 4722/4722 4680/4680 4761/4761
f 4761/4761 4680/4680 4762/4762
f 4763/4763 676/676 4723/4723
f 4724/4724 676/676 4764/4764
f 4763/4763 4723/4723 4765/4765
f 4725/4725 4683/4683 4766/4766
f 4767/4767 4516/4516 4636/4636
f 4766/4766 4683/4683 4768/4768
f 4768/4768 4683/4683 4728/4728
f 4768/4768 4728/4728 1038/1038
f 906/906 905/905 850/850
f 850/850 847/847 4731/4731
f 4769/4769 4730/4730 4729/4729
f 1038/1038 4728/4728 4770/4770
f 1038/1038 4770/4770 1039/1039
f 1035/1035 4769/4769 4771/4771
f 4729/4729 905/905 907/907
f 4769/4769 4729/4729 907/907
f 4771/4771 4769/4769 907/907
f 4693/4693 696/696 4736/4736
f 4736/4736 696/696 4645/4645
f 908/908 707/707 796/796
f 851/851 909/909 852/852
f 4772/4772 4738/4738 4773/4773
f 4773/4773 4738/4738 853/853
f 4646/4646 4696/4696 4774/4774
f 4774/4774 4696/4696 856/856
f 853/853 4697/4697 1065/1065
f 1065/1065 4697/4697 4775/4775
f 4775/4775 4697/4697 4698/4698
f 4700/4700 4649/4649 4776/4776
f 4776/4776 4649/4649 4701/4701
f 4739/4739 4600/4600 864/864
f 4600/4600 4601/4601 864/864
f 4702/4702 4651/4651 983/983
f 983/983 4651/4651 926/926
f 396/396 4707/4707 863/863
f 987/987 4777/4777 988/988
f 924/924 4740/4740 985/985
f 985/985 4740/4740 4604/4604
f 985/985 4604/4604 4778/4778
f 4778/4778 4604/4604 4779/4779
f 4604/4604 4653/4653 4779/4779
f 4779/4779 4653/4653 4744/4744
f 4779/4779 4744/4744 4780/4780
f 4780/4780 4744/4744 869/869
f 4780/4780 869/869 4781/4781
f 4781/4781 869/869 4782/4782
f 869/869 868/868 4783/4783
f 4784/4784 4785/4785 4786/4786
f 4787/4787 4784/4784 4786/4786
f 4786/4786 4785/4785 4788/4788
f 4785/4785 4789/4789 4788/4788
f 4789/4789 4790/4790 4788/4788
f 4788/4788 4790/4790 4791/4791
f 4791/4791 4790/4790 4792/4792
f 4791/4791 4792/4792 4793/4793
f 4791/4791 4793/4793 4794/4794
f 4794/4794 4793/4793 4795/4795
f 4793/4793 4796/4796 4795/4795
f 4795/4795 4796/4796 4797/4797
f 4796/4796 4798/4798 4797/4797
f 4797/4797 4798/4798 4799/4799
f 4798/4798 4800/4800 4799/4799
f 4799/4799 4800/4800 4801/4801
f 4801/4801 4800/4800 4802/4802
f 4802/4802 4800/4800 4803/4803
f 4802/4802 4803/4803 4804/4804
f 4802/4802 4804/4804 4805/4805
f 4805/4805 4804/4804 4806/4806
f 4807/4807 4808/4808 4809/4809
f 4809/4809 4808/4808 4787/4787
f 4809/4809 4787/4787 4810/4810
f 4810/4810 4787/4787 4811/4811
f 4787/4787 4786/4786 4811/4811
f 4811/4811 4786/4786 4812/4812
f 4786/4786 4788/4788 4812/4812
f 4812/4812 4788/4788 4813/4813
f 4813/4813 4788/4788 4814/4814
f 4788/4788 4791/4791 4814/4814
f 4814/4814 4791/4791 4815/4815
f 4815/4815 4791/4791 4816/4816
f 4791/4791 4794/4794 4816/4816
f 4816/4816 4794/4794 4795/4795
f 4795/4795 4797/4797 4817/4817
f 4817/4817 4797/4797 4818/4818
f 4818/4818 4797/4797 4799/4799
f 4802/4802 4805/4805 4819/4819
f 4819/4819 4805/4805 4820/4820
f 4805/4805 4806/4806 4820/4820
f 4806/4806 4821/4821 4822/4822
f 4820/4820 4806/4806 4822/4822
f 4807/4807 4809/4809 4823/4823
f 4807/4807 4823/4823 4824/4824
f 4823/4823 4809/4809 4810/4810
f 4810/4810 4811/4811 4825/4825
f 4813/4813 4814/4814 4826/4826
f 4827/4827 4813/4813 4826/4826
f 4826/4826 4814/4814 4828/4828
f 4814/4814 4815/4815 4828/4828
f 4828/4828 4815/4815 4829/4829
f 4815/4815 4816/4816 4829/4829
f 4829/4829 4816/4816 4830/4830
f 4830/4830 4816/4816 4795/4795
f 4831/4831 4795/4795 4817/4817
f 4832/4832 4799/4799 4801/4801
f 4801/4801 4802/4802 4833/4833
f 4833/4833 4802/4802 4819/4819
f 4833/4833 4819/4819 4834/4834
f 4819/4819 4820/4820 4834/4834
f 4834/4834 4820/4820 4835/4835
f 4835/4835 4820/4820 4822/4822
f 4824/4824 4823/4823 4836/4836
f 4836/4836 4823/4823 4837/4837
f 4837/4837 4823/4823 4810/4810
f 4811/4811 4812/4812 4838/4838
f 4825/4825 4811/4811 4838/4838
f 4838/4838 4812/4812 4813/4813
f 4826/4826 4828/4828 4839/4839
f 4839/4839 4828/4828 4840/4840
f 4841/4841 4842/4842 4843/4843
f 4840/4840 4828/4828 4844/4844
f 4842/4842 4845/4845 4843/4843
f 4843/4843 4845/4845 4846/4846
f 4828/4828 4829/4829 4844/4844
f 4829/4829 4830/4830 4847/4847
f 4844/4844 4829/4829 4847/4847
f 4846/4846 4845/4845 4848/4848
f 4846/4846 4848/4848 1000/1000
f 4831/4831 4817/4817 4849/4849
f 4817/4817 4818/4818 4849/4849
f 4849/4849 4818/4818 4832/4832
f 4832/4832 4818/4818 4799/4799
f 4801/4801 4850/4850 4832/4832
f 4850/4850 4801/4801 4833/4833
f 4833/4833 4834/4834 4851/4851
f 4834/4834 4835/4835 4851/4851
f 4851/4851 4835/4835 4822/4822
f 4851/4851 4822/4822 4852/4852
f 4810/4810 4825/4825 4853/4853
f 4854/4854 4838/4838 4813/4813
f 4854/4854 4813/4813 4827/4827
f 4854/4854 4827/4827 4855/4855
f 4855/4855 4827/4827 4856/4856
f 4827/4827 4826/4826 4857/4857
f 4856/4856 4827/4827 4857/4857
f 4858/4858 4847/4847 4830/4830
f 1000/1000 4848/4848 1001/1001
f 4858/4858 4830/4830 4859/4859
f 4830/4830 4795/4795 4860/4860
f 4859/4859 4830/4830 4860/4860
f 4860/4860 4795/4795 4831/4831
f 4860/4860 4831/4831 4849/4849
f 4860/4860 4849/4849 4861/4861
f 4849/4849 4832/4832 4861/4861
f 4861/4861 4832/4832 4862/4862
f 4862/4862 4832/4832 4863/4863
f 4832/4832 4850/4850 4863/4863
f 4863/4863 4850/4850 4833/4833
f 4863/4863 4833/4833 4864/4864
f 4833/4833 4851/4851 4865/4865
f 4864/4864 4833/4833 4865/4865
f 4865/4865 4851/4851 4866/4866
f 4866/4866 4851/4851 4852/4852
f 4867/4867 4836/4836 4868/4868
f 4867/4867 4868/4868 4869/4869
f 4868/4868 4836/4836 4837/4837
f 4837/4837 4810/4810 4853/4853
f 4853/4853 4825/4825 4838/4838
f 998/998 997/997 4870/4870
f 998/998 4870/4870 4871/4871
f 4859/4859 4860/4860 4872/4872
f 4860/4860 4861/4861 4872/4872
f 4872/4872 4861/4861 4862/4862
f 4872/4872 4862/4862 4873/4873
f 4873/4873 4862/4862 4874/4874
f 4874/4874 4862/4862 4863/4863
f 4863/4863 4864/4864 4874/4874
f 4874/4874 4864/4864 4875/4875
f 4875/4875 4864/4864 4865/4865
f 4865/4865 4866/4866 4876/4876
f 4875/4875 4865/4865 4876/4876
f 4876/4876 4866/4866 4852/4852
f 4876/4876 4852/4852 4877/4877
f 4869/4869 4868/4868 4878/4878
f 4868/4868 4879/4879 4880/4880
f 4878/4878 4868/4868 4880/4880
f 4879/4879 4868/4868 4837/4837
f 4879/4879 4837/4837 4881/4881
f 4837/4837 4853/4853 4882/4882
f 4881/4881 4837/4837 4882/4882
f 4853/4853 4838/4838 4883/4883
f 4882/4882 4853/4853 4883/4883
f 4838/4838 4854/4854 4884/4884
f 4883/4883 4838/4838 4884/4884
f 4854/4854 4855/4855 4884/4884
f 4855/4855 4856/4856 4885/4885
f 4885/4885 4856/4856 4857/4857
f 4886/4886 4859/4859 4887/4887
f 4871/4871 4870/4870 4888/4888
f 4887/4887 4859/4859 4889/4889
f 4859/4859 4872/4872 4889/4889
f 4889/4889 4872/4872 4890/4890
f 4872/4872 4873/4873 4890/4890
f 4879/4879 4881/4881 4891/4891
f 4879/4879 4891/4891 4880/4880
f 4891/4891 4881/4881 4882/4882
f 4891/4891 4882/4882 4892/4892
f 4892/4892 4882/4882 4883/4883
f 4892/4892 4883/4883 4893/4893
f 4893/4893 4883/4883 4884/4884
f 4884/4884 4855/4855 4894/4894
f 4893/4893 4884/4884 4894/4894
f 4855/4855 4885/4885 4894/4894
f 4708/4708 4614/4614 4662/4662
f 4616/4616 4615/4615 4663/4663
f 4895/4895 4616/4616 4663/4663
f 4896/4896 4663/4663 4664/4664
f 4896/4896 4664/4664 4747/4747
f 4747/4747 4617/4617 4897/4897
f 4550/4550 4666/4666 4748/4748
f 4748/4748 4666/4666 4749/4749
f 4712/4712 4713/4713 4898/4898
f 4618/4618 4620/4620 4899/4899
f 4898/4898 4713/4713 4750/4750
f 890/890 4714/4714 4900/4900
f 4714/4714 4751/4751 4901/4901
f 4900/4900 4714/4714 4901/4901
f 4751/4751 4752/4752 4902/4902
f 4901/4901 4751/4751 4902/4902
f 4903/4903 4904/4904 4716/4716
f 4905/4905 4904/4904 4903/4903
f 4718/4718 4753/4753 4906/4906
f 4750/4750 4718/4718 4906/4906
f 4903/4903 4716/4716 4754/4754
f 4905/4905 4903/4903 4907/4907
f 4907/4907 4903/4903 4754/4754
f 1017/1017 1019/1019 892/892
f 1017/1017 892/892 952/952
f 4754/4754 953/953 4908/4908
f 4908/4908 953/953 955/955
f 4753/4753 4755/4755 4909/4909
f 4906/4906 4753/4753 4909/4909
f 958/958 957/957 1019/1019
f 4756/4756 957/957 959/959
f 4909/4909 4755/4755 4910/4910
f 955/955 954/954 4757/4757
f 4758/4758 4677/4677 901/901
f 4760/4760 4759/4759 4911/4911
f 901/901 900/900 4912/4912
f 4911/4911 4759/4759 4722/4722
f 4722/4722 4761/4761 4913/4913
f 4913/4913 4761/4761 4762/4762
f 676/676 4763/4763 4764/4764
f 4765/4765 4723/4723 4914/4914
f 4765/4765 4914/4914 4915/4915
f 4916/4916 4766/4766 4768/4768
f 906/906 850/850 4917/4917
f 969/969 906/906 4917/4917
f 850/850 4731/4731 4918/4918
f 4917/4917 850/850 4918/4918
f 4731/4731 4691/4691 4918/4918
f 1035/1035 4771/4771 1036/1036
f 4771/4771 907/907 970/970
f 1036/1036 4771/4771 970/970
f 4919/4919 4693/4693 4736/4736
f 4918/4918 4691/4691 4920/4920
f 4919/4919 4736/4736 4921/4921
f 4921/4921 4736/4736 4737/4737
f 971/971 908/908 796/796
f 4737/4737 4694/4694 4922/4922
f 4922/4922 4694/4694 4923/4923
f 4694/4694 4646/4646 4774/4774
f 4923/4923 4694/4694 4774/4774
f 4773/4773 853/853 4924/4924
f 4924/4924 853/853 1065/1065
f 857/857 819/819 981/981
f 979/979 857/857 981/981
f 4775/4775 4698/4698 4925/4925
f 4925/4925 4698/4698 4699/4699
f 4925/4925 4699/4699 4926/4926
f 4699/4699 4700/4700 4776/4776
f 4699/4699 4776/4776 4927/4927
f 4776/4776 4701/4701 4928/4928
f 4928/4928 4701/4701 4739/4739
f 4739/4739 864/864 4929/4929
f 4930/4930 4598/4598 4702/4702
f 4929/4929 864/864 863/863
f 4702/4702 983/983 4931/4931
f 4931/4931 983/983 984/984
f 1074/1074 4932/4932 1079/1079
f 1079/1079 4932/4932 1088/1088
f 4932/4932 987/987 1088/1088
f 1088/1088 987/987 989/989
f 986/986 985/985 4933/4933
f 1088/1088 989/989 1095/1095
f 4933/4933 985/985 4778/4778
f 4933/4933 4778/4778 1098/1098
f 863/863 4707/4707 4934/4934
f 1098/1098 4778/4778 1099/1099
f 4778/4778 4779/4779 1099/1099
f 1099/1099 4779/4779 1101/1101
f 1101/1101 4779/4779 4780/4780
f 1101/1101 4780/4780 4935/4935
f 4936/4936 4780/4780 4781/4781
f 4936/4936 4781/4781 4937/4937
f 4935/4935 4780/4780 4936/4936
f 4935/4935 4936/4936 1226/1226
f 4936/4936 4937/4937 4938/4938
f 1226/1226 4936/4936 4938/4938
f 4937/4937 4781/4781 4782/4782
f 4939/4939 4940/4940 4807/4807
f 4939/4939 4807/4807 4824/4824
f 4941/4941 4942/4942 4943/4943
f 4941/4941 4943/4943 4944/4944
f 4934/4934 4707/4707 4945/4945
f 4867/4867 4939/4939 4824/4824
f 4944/4944 4943/4943 4946/4946
f 4944/4944 4946/4946 4947/4947
f 4948/4948 4949/4949 4841/4841
f 4841/4841 4843/4843 4950/4950
f 4950/4950 4843/4843 4951/4951
f 4951/4951 4843/4843 4846/4846
f 4951/4951 4846/4846 4952/4952
f 4952/4952 4846/4846 1000/1000
f 4952/4952 1000/1000 1002/1002
f 4707/4707 4708/4708 4945/4945
f 4867/4867 4824/4824 4836/4836
f 4947/4947 4946/4946 4953/4953
f 46/46 4954/4954 4867/4867
f 46/46 4867/4867 4869/4869
f 4945/4945 4708/4708 4955/4955
f 4956/4956 46/46 4869/4869
f 4956/4956 4869/4869 4878/4878
f 46/46 4956/4956 44/44
f 4871/4871 4888/4888 4957/4957
f 4958/4958 4956/4956 4878/4878
f 4956/4956 4958/4958 4959/4959
f 44/44 4956/4956 4959/4959
f 4957/4957 4888/4888 4960/4960
f 4708/4708 4662/4662 4955/4955
f 1004/1004 936/936 1011/1011
f 4895/4895 4663/4663 4961/4961
f 4955/4955 4662/4662 4709/4709
f 4663/4663 4896/4896 4961/4961
f 4961/4961 4896/4896 4962/4962
f 4962/4962 4896/4896 4963/4963
f 4709/4709 4665/4665 4964/4964
f 4963/4963 4896/4896 4747/4747
f 4665/4665 4710/4710 4964/4964
f 4963/4963 4747/4747 4965/4965
f 4965/4965 4747/4747 4897/4897
f 4964/4964 4710/4710 4748/4748
f 4897/4897 4617/4617 4711/4711
f 4966/4966 4748/4748 4749/4749
f 4967/4967 4968/4968 4969/4969
f 4749/4749 4712/4712 4970/4970
f 4970/4970 4712/4712 4971/4971
f 4712/4712 4898/4898 4971/4971
f 4898/4898 4750/4750 4972/4972
f 4971/4971 4898/4898 4972/4972
f 4972/4972 4750/4750 4973/4973
f 1014/1014 890/890 4900/4900
f 4974/4974 4975/4975 4905/4905
f 4750/4750 4906/4906 4973/4973
f 4907/4907 4974/4974 4905/4905
f 4974/4974 4907/4907 4976/4976
f 4973/4973 4906/4906 4977/4977
f 4907/4907 4978/4978 4979/4979
f 4976/4976 4907/4907 4979/4979
f 4978/4978 4907/4907 4754/4754
f 4978/4978 4754/4754 4908/4908
f 4979/4979 4978/4978 4908/4908
f 4979/4979 4908/4908 4980/4980
f 4906/4906 4909/4909 4981/4981
f 4977/4977 4906/4906 4981/4981
f 958/958 1019/1019 1018/1018
f 1020/1020 958/958 1018/1018
f 4908/4908 955/955 1276/1276
f 4980/4980 4908/4908 1276/1276
f 4981/4981 4909/4909 4982/4982
f 4983/4983 959/959 1021/1021
f 4984/4984 4983/4983 1021/1021
f 1276/1276 955/955 4757/4757
f 1276/1276 4757/4757 4758/4758
f 4758/4758 901/901 1283/1283
f 4985/4985 4760/4760 4911/4911
f 4911/4911 4722/4722 4913/4913
f 4913/4913 4762/4762 4986/4986
f 4987/4987 4724/4724 4764/4764
f 4987/4987 4764/4764 4763/4763
f 4763/4763 4765/4765 4915/4915
f 4916/4916 4768/4768 4988/4988
f 4768/4768 1038/1038 4989/4989
f 4988/4988 4768/4768 4989/4989
f 4989/4989 1038/1038 1040/1040
f 1037/1037 1036/1036 4990/4990
f 4990/4990 1036/1036 970/970
f 4990/4990 970/970 1041/1041
f 4918/4918 4920/4920 4991/4991
f 4921/4921 4737/4737 4992/4992
f 4993/4993 1043/1043 1045/1045
f 1043/1043 4993/4993 4994/4994
f 4992/4992 4737/4737 4922/4922
f 1048/1048 971/971 1042/1042
f 4995/4995 4994/4994 4993/4993
f 4995/4995 4993/4993 4996/4996
f 4994/4994 4995/4995 4997/4997
f 4996/4996 4993/4993 1045/1045
f 4996/4996 1045/1045 1047/1047
f 4998/4998 4518/4518 4648/4648
f 4999/4999 4995/4995 4996/4996
f 4999/4999 4996/4996 5000/5000
f 4997/4997 4995/4995 4999/4999
f 4997/4997 4999/4999 5001/5001
f 4996/4996 1047/1047 1051/1051
f 5000/5000 4996/4996 1051/1051
f 4999/4999 5000/5000 1055/1055
f 5002/5002 4999/4999 1055/1055
f 5001/5001 4999/4999 5002/5002
f 5001/5001 5002/5002 5003/5003
f 1055/1055 5000/5000 1051/1051
f 1056/1056 1055/1055 1051/1051
f 1056/1056 1051/1051 1052/1052
f 5004/5004 5002/5002 1055/1055
f 5004/5004 1055/1055 1057/1057
f 4923/4923 4774/4774 1062/1062
f 4924/4924 1065/1065 1067/1067
f 5005/5005 4924/4924 1067/1067
f 4774/4774 856/856 1062/1062
f 1065/1065 4775/4775 1066/1066
f 1069/1069 860/860 1068/1068
f 5006/5006 4925/4925 4926/4926
f 4926/4926 4699/4699 4927/4927
f 1071/1071 738/738 1070/1070
f 4596/4596 4598/4598 5007/5007
f 4928/4928 4739/4739 5008/5008
f 5008/5008 4739/4739 4929/4929
f 4930/4930 4702/4702 5009/5009
f 5009/5009 4702/4702 4931/4931
f 1210/1210 5010/5010 1211/1211
f 1211/1211 5010/5010 5011/5011
f 1211/1211 5011/5011 1213/1213
f 1213/1213 5012/5012 5013/5013
f 5013/5013 5012/5012 5014/5014
f 1083/1083 1082/1082 5015/5015
f 4929/4929 863/863 5016/5016
f 1082/1082 1085/1085 5015/5015
f 5015/5015 1085/1085 1086/1086
f 5017/5017 5018/5018 5019/5019
f 5019/5019 5020/5020 5021/5021
f 1214/1214 1090/1090 1094/1094
f 5016/5016 863/863 4934/4934
f 1093/1093 1097/1097 1217/1217
f 1102/1102 1101/1101 1228/1228
f 1228/1228 1101/1101 4935/4935
f 1228/1228 4935/4935 1226/1226
f 1226/1226 4938/4938 1227/1227
f 1229/1229 1103/1103 1105/1105
f 1229/1229 1105/1105 1230/1230
f 1105/1105 1104/1104 1232/1232
f 1230/1230 1105/1105 1232/1232
f 1104/1104 1108/1108 5022/5022
f 1232/1232 1104/1104 5022/5022
f 4948/4948 4841/4841 5023/5023
f 5023/5023 4841/4841 4950/4950
f 4951/4951 4952/4952 5024/5024
f 5024/5024 4952/4952 1002/1002
f 5022/5022 1108/1108 1112/1112
f 999/999 998/998 5025/5025
f 5022/5022 1112/1112 1114/1114
f 5022/5022 1114/1114 1117/1117
f 5025/5025 998/998 4871/4871
f 5025/5025 4871/4871 4957/4957
f 45/45 44/44 4959/4959
f 5026/5026 45/45 4959/4959
f 32/32 31/31 5027/5027
f 32/32 5027/5027 5028/5028
f 4957/4957 4960/4960 5029/5029
f 1250/1250 1126/1126 1125/1125
f 1250/1250 1125/1125 1251/1251
f 1251/1251 1125/1125 1133/1133
f 5030/5030 4955/4955 4709/4709
f 1137/1137 1139/1139 1264/1264
f 1264/1264 1139/1139 1145/1145
f 1145/1145 1144/1144 5031/5031
f 5031/5031 1144/1144 1149/1149
f 5032/5032 4965/4965 4897/4897
f 4964/4964 4748/4748 5033/5033
f 5033/5033 4748/4748 4966/4966
f 5034/5034 5035/5035 5036/5036
f 5037/5037 4971/4971 4972/4972
f 5037/5037 4972/4972 5038/5038
f 5038/5038 4972/4972 5039/5039
f 4972/4972 4973/4973 5039/5039
f 1014/1014 4900/4900 5040/5040
f 4900/4900 4901/4901 5041/5041
f 5040/5040 4900/4900 5041/5041
f 5042/5042 4975/4975 4974/4974
f 5042/5042 4974/4974 4976/4976
f 5039/5039 4973/4973 5043/5043
f 5043/5043 4973/4973 4977/4977
f 4976/4976 4979/4979 5044/5044
f 5044/5044 4979/4979 5045/5045
f 5045/5045 4979/4979 4980/4980
f 5045/5045 4980/4980 1275/1275
f 4977/4977 4981/4981 5046/5046
f 1275/1275 4980/4980 1276/1276
f 5046/5046 4981/4981 4982/4982
f 5047/5047 5048/5048 1181/1181
f 5047/5047 1181/1181 5049/5049
f 5050/5050 5048/5048 5047/5047
f 5049/5049 1181/1181 1183/1183
f 1279/1279 1276/1276 4758/4758
f 1279/1279 4758/4758 1283/1283
f 5051/5051 1187/1187 1188/1188
f 1023/1023 1190/1190 1024/1024
f 4985/4985 4911/4911 5052/5052
f 1187/1187 5051/5051 5053/5053
f 901/901 4912/4912 5054/5054
f 1283/1283 901/901 5054/5054
f 5052/5052 4911/4911 4913/4913
f 5052/5052 4913/4913 5055/5055
f 5055/5055 4913/4913 4986/4986
f 5056/5056 4681/4681 4580/4580
f 5057/5057 5058/5058 5059/5059
f 5059/5059 5058/5058 5060/5060
f 5060/5060 5058/5058 5061/5061
f 5060/5060 5061/5061 5062/5062
f 5057/5057 5059/5059 5063/5063
f 5064/5064 5057/5057 5063/5063
f 5063/5063 5059/5059 5065/5065
f 5065/5065 5059/5059 5060/5060
f 5060/5060 5062/5062 5066/5066
f 5066/5066 5062/5062 5067/5067
f 5068/5068 5064/5064 5063/5063
f 5065/5065 5060/5060 5066/5066
f 5066/5066 5067/5067 5069/5069
f 5066/5066 5069/5069 5070/5070
f 5071/5071 5072/5072 5073/5073
f 5074/5074 5071/5071 5073/5073
f 5073/5073 5072/5072 5075/5075
f 5073/5073 5075/5075 5076/5076
f 5077/5077 5064/5064 5068/5068
f 5065/5065 5066/5066 1043/1043
f 1043/1043 5066/5066 5070/5070
f 1043/1043 5070/5070 5078/5078
f 5070/5070 5074/5074 5079/5079
f 5078/5078 5070/5070 5079/5079
f 5074/5074 5073/5073 5080/5080
f 5079/5079 5074/5074 5080/5080
f 5080/5080 5073/5073 5081/5081
f 5081/5081 5073/5073 5076/5076
f 5081/5081 5076/5076 5082/5082
f 5063/5063 5065/5065 5083/5083
f 5083/5083 5065/5065 4994/4994
f 5065/5065 1043/1043 4994/4994
f 1044/1044 1043/1043 5078/5078
f 1044/1044 5078/5078 1196/1196
f 1196/1196 5078/5078 5079/5079
f 1196/1196 5079/5079 1286/1286
f 5084/5084 4921/4921 4992/4992
f 4733/4733 4735/4735 5085/5085
f 1044/1044 1196/1196 1195/1195
f 1045/1045 1044/1044 1195/1195
f 5077/5077 5068/5068 5086/5086
f 5068/5068 5063/5063 5083/5083
f 5086/5086 5068/5068 5083/5083
f 5083/5083 4994/4994 4997/4997
f 1045/1045 1195/1195 1046/1046
f 4992/4992 4922/4922 5087/5087
f 5088/5088 5077/5077 5089/5089
f 5089/5089 5077/5077 5086/5086
f 5001/5001 5083/5083 4997/4997
f 5090/5090 5088/5088 5089/5089
f 5086/5086 5083/5083 5001/5001
f 5087/5087 4922/4922 4923/4923
f 5087/5087 4923/4923 5091/5091
f 5089/5089 5086/5086 5092/5092
f 5092/5092 5086/5086 5001/5001
f 5092/5092 5001/5001 5093/5093
f 5093/5093 5001/5001 5003/5003
f 1056/1056 1052/1052 5094/5094
f 1052/1052 1050/1050 1200/1200
f 5094/5094 1052/1052 1200/1200
f 5091/5091 4923/4923 1062/1062
f 5095/5095 5090/5090 5096/5096
f 5096/5096 5090/5090 5089/5089
f 5096/5096 5089/5089 5097/5097
f 5097/5097 5089/5089 5092/5092
f 5092/5092 5093/5093 5098/5098
f 1202/1202 5094/5094 1200/1200
f 5099/5099 5095/5095 5096/5096
f 1204/1204 1203/1203 1209/1209
f 5099/5099 5096/5096 5100/5100
f 5100/5100 5096/5096 5097/5097
f 5097/5097 5092/5092 5101/5101
f 5102/5102 5099/5099 5103/5103
f 5103/5103 5099/5099 5100/5100
f 5100/5100 5097/5097 5104/5104
f 5097/5097 5101/5101 5105/5105
f 5106/5106 5102/5102 5103/5103
f 5104/5104 5097/5097 5107/5107
f 5107/5107 5097/5097 5105/5105
f 5106/5106 5103/5103 5108/5108
f 5108/5108 5103/5103 5100/5100
f 5100/5100 5104/5104 5109/5109
f 5109/5109 5104/5104 5107/5107
f 5110/5110 5106/5106 5111/5111
f 5111/5111 5106/5106 5108/5108
f 5108/5108 5100/5100 5109/5109
f 5109/5109 5107/5107 5112/5112
f 5108/5108 5109/5109 5113/5113
f 5113/5113 5109/5109 5112/5112
f 5113/5113 5112/5112 5114/5114
f 5115/5115 5110/5110 5111/5111
f 5115/5115 5111/5111 5116/5116
f 5116/5116 5111/5111 5108/5108
f 5116/5116 5108/5108 5113/5113
f 5116/5116 5113/5113 5117/5117
f 5117/5117 5113/5113 5118/5118
f 5113/5113 5114/5114 5118/5118
f 5117/5117 5118/5118 5119/5119
f 5120/5120 5121/5121 5115/5115
f 5120/5120 5115/5115 5122/5122
f 5122/5122 5115/5115 5116/5116
f 5122/5122 5116/5116 5123/5123
f 5116/5116 5117/5117 5123/5123
f 5123/5123 5117/5117 5119/5119
f 5124/5124 5120/5120 5125/5125
f 5125/5125 5120/5120 5122/5122
f 5126/5126 5124/5124 5125/5125
f 5125/5125 5122/5122 5127/5127
f 5122/5122 5123/5123 5127/5127
f 5127/5127 5123/5123 5128/5128
f 4598/4598 4930/4930 5007/5007
f 5126/5126 5125/5125 5129/5129
f 5125/5125 5127/5127 5130/5130
f 5129/5129 5125/5125 5130/5130
f 1212/1212 1213/1213 5131/5131
f 5131/5131 1213/1213 5013/5013
f 5132/5132 5126/5126 5129/5129
f 5130/5130 5127/5127 5128/5128
f 5013/5013 5014/5014 5133/5133
f 5133/5133 5014/5014 5134/5134
f 5134/5134 5014/5014 5135/5135
f 5134/5134 5135/5135 5136/5136
f 5137/5137 5132/5132 5129/5129
f 5129/5129 5130/5130 5138/5138
f 5130/5130 5128/5128 5139/5139
f 5136/5136 5135/5135 5018/5018
f 5136/5136 5018/5018 5017/5017
f 5138/5138 5130/5130 5139/5139
f 5140/5140 5132/5132 5137/5137
f 5141/5141 5142/5142 5143/5143
f 5143/5143 5142/5142 5144/5144
f 5143/5143 5144/5144 5145/5145
f 5138/5138 5139/5139 5146/5146
f 5140/5140 5137/5137 5147/5147
f 5137/5137 5129/5129 5138/5138
f 5147/5147 5137/5137 5138/5138
f 1231/1231 1232/1232 1293/1293
f 5148/5148 5140/5140 5147/5147
f 5147/5147 5138/5138 5149/5149
f 5149/5149 5138/5138 5146/5146
f 5150/5150 4948/4948 5151/5151
f 5151/5151 4948/4948 5023/5023
f 5023/5023 4950/4950 5152/5152
f 5152/5152 4950/4950 4951/4951
f 4951/4951 5024/5024 5153/5153
f 5149/5149 5146/5146 5154/5154
f 1232/1232 5022/5022 1294/1294
f 5148/5148 5147/5147 5155/5155
f 5155/5155 5147/5147 5149/5149
f 5022/5022 1117/1117 1245/1245
f 1294/1294 5022/5022 1245/1245
f 1245/1245 1117/1117 1244/1244
f 5149/5149 5154/5154 5156/5156
f 42/42 32/32 5028/5028
f 42/42 5028/5028 5157/5157
f 5155/5155 5149/5149 5158/5158
f 1246/1246 1253/1253 1247/1247
f 1253/1253 1255/1255 1303/1303
f 1247/1247 1253/1253 1303/1303
f 5158/5158 5149/5149 5159/5159
f 5149/5149 5156/5156 5160/5160
f 5159/5159 5149/5149 5160/5160
f 1255/1255 1254/1254 1257/1257
f 5161/5161 5148/5148 5155/5155
f 1307/1307 1257/1257 1258/1258
f 1307/1307 1258/1258 1309/1309
f 5161/5161 5155/5155 5162/5162
f 5162/5162 5155/5155 5158/5158
f 1261/1261 1260/1260 5163/5163
f 1261/1261 5163/5163 5164/5164
f 5159/5159 5160/5160 5165/5165
f 5165/5165 5160/5160 5166/5166
f 5164/5164 5163/5163 5167/5167
f 5168/5168 5162/5162 5158/5158
f 5165/5165 5166/5166 5169/5169
f 5164/5164 5167/5167 1266/1266
f 5164/5164 1266/1266 5170/5170
f 5168/5168 5158/5158 5171/5171
f 5171/5171 5158/5158 5159/5159
f 5171/5171 5159/5159 5165/5165
f 5170/5170 1266/1266 1265/1265
f 5172/5172 5171/5171 5165/5165
f 5168/5168 5171/5171 5173/5173
f 5174/5174 5168/5168 5173/5173
f 5173/5173 5171/5171 5172/5172
f 5172/5172 5165/5165 5169/5169
f 5173/5173 5172/5172 1160/1160
f 1159/1159 5173/5173 1160/1160
f 1160/1160 5172/5172 5169/5169
f 1160/1160 5169/5169 5175/5175
f 5175/5175 5034/5034 5036/5036
f 5176/5176 5175/5175 5036/5036
f 1162/1162 1160/1160 5175/5175
f 1162/1162 5175/5175 5177/5177
f 5177/5177 5175/5175 5176/5176
f 5178/5178 1162/1162 5177/5177
f 5176/5176 5036/5036 5179/5179
f 5179/5179 5036/5036 5035/5035
f 5178/5178 5177/5177 5180/5180
f 5180/5180 5177/5177 5176/5176
f 5180/5180 5176/5176 5181/5181
f 5181/5181 5176/5176 5179/5179
f 5179/5179 5035/5035 5182/5182
f 5181/5181 5179/5179 5183/5183
f 5183/5183 5179/5179 5182/5182
f 5184/5184 5180/5180 5181/5181
f 5183/5183 5182/5182 5185/5185
f 5185/5185 5182/5182 5186/5186
f 5184/5184 5181/5181 5187/5187
f 5187/5187 5181/5181 5183/5183
f 5185/5185 5186/5186 5188/5188
f 1171/1171 5187/5187 5183/5183
f 5183/5183 5185/5185 5189/5189
f 5185/5185 5188/5188 5190/5190
f 5189/5189 5185/5185 5190/5190
f 1171/1171 5183/5183 1172/1172
f 1172/1172 5183/5183 5189/5189
f 1174/1174 1172/1172 5189/5189
f 1174/1174 5189/5189 1177/1177
f 5189/5189 5190/5190 5191/5191
f 1177/1177 5189/5189 5191/5191
f 5191/5191 5190/5190 5192/5192
f 5192/5192 5190/5190 5193/5193
f 1270/1270 1014/1014 5040/5040
f 5042/5042 4976/4976 5194/5194
f 4976/4976 5044/5044 5195/5195
f 5194/5194 4976/4976 5195/5195
f 5195/5195 5044/5044 5045/5045
f 4899/4899 4620/4620 4576/4576
f 5191/5191 5192/5192 5196/5196
f 5196/5196 5192/5192 5197/5197
f 5195/5195 5045/5045 5198/5198
f 5045/5045 1275/1275 5198/5198
f 5198/5198 1275/1275 1277/1277
f 1179/1179 1177/1177 5191/5191
f 1179/1179 5191/5191 5199/5199
f 5199/5199 5191/5191 5196/5196
f 5196/5196 5197/5197 5200/5200
f 5200/5200 5197/5197 5050/5050
f 5200/5200 5050/5050 5047/5047
f 5199/5199 5196/5196 5201/5201
f 5201/5201 5196/5196 5200/5200
f 5200/5200 5047/5047 1185/1185
f 5047/5047 5049/5049 1185/1185
f 5049/5049 1183/1183 1186/1186
f 1185/1185 5049/5049 1186/1186
f 1192/1192 5199/5199 5201/5201
f 1284/1284 1283/1283 5054/5054
f 1192/1192 5201/5201 5200/5200
f 5200/5200 1185/1185 5202/5202
f 1185/1185 1187/1187 5053/5053
f 1192/1192 5200/5200 5202/5202
f 5202/5202 1185/1185 5053/5053
f 1193/1193 1192/1192 5202/5202
f 5202/5202 5053/5053 5203/5203
f 5202/5202 5203/5203 1193/1193
f 967/967 5204/5204 1029/1029
f 5056/5056 4576/4576 4681/4681
f 5079/5079 5080/5080 5205/5205
f 1286/1286 5079/5079 5205/5205
f 1287/1287 1286/1286 5205/5205
f 5205/5205 5080/5080 5081/5081
f 5205/5205 5081/5081 5082/5082
f 1196/1196 1286/1286 1197/1197
f 5205/5205 5082/5082 5206/5206
f 1287/1287 5205/5205 5206/5206
f 5206/5206 5082/5082 5207/5207
f 5207/5207 5082/5082 5208/5208
f 1198/1198 1197/1197 1288/1288
f 1287/1287 5206/5206 5209/5209
f 5209/5209 5206/5206 5210/5210
f 5210/5210 5206/5206 5207/5207
f 5207/5207 5208/5208 5211/5211
f 5212/5212 5207/5207 5211/5211
f 5212/5212 5211/5211 5213/5213
f 5214/5214 5212/5212 5215/5215
f 5215/5215 5212/5212 5213/5213
f 5216/5216 5214/5214 5215/5215
f 5215/5215 5213/5213 1205/1205
f 1201/1201 1199/1199 5217/5217
f 5218/5218 5216/5216 1204/1204
f 5216/5216 5215/5215 1204/1204
f 1204/1204 5215/5215 1205/1205
f 1201/1201 5217/5217 1208/1208
f 1208/1208 5217/5217 5218/5218
f 1208/1208 5218/5218 1209/1209
f 5218/5218 1204/1204 1209/1209
f 4998/4998 4648/4648 5219/5219
f 5219/5219 4648/4648 4596/4596
f 5007/5007 4930/4930 5220/5220
f 5220/5220 4930/4930 5009/5009
f 1210/1210 1212/1212 5221/5221
f 5221/5221 1212/1212 5131/5131
f 5131/5131 5013/5013 5222/5222
f 5222/5222 5013/5013 5133/5133
f 5019/5019 5021/5021 5223/5223
f 5021/5021 5141/5141 5223/5223
f 5223/5223 5141/5141 5143/5143
f 5143/5143 5145/5145 5224/5224
f 5145/5145 5144/5144 5224/5224
f 5224/5224 5144/5144 5225/5225
f 1290/1290 1289/1289 5226/5226
f 5226/5226 1289/1289 1292/1292
f 5151/5151 5023/5023 5152/5152
f 1293/1293 1294/1294 1361/1361
f 1361/1361 1294/1294 1245/1245
f 1361/1361 1245/1245 1299/1299
f 1295/1295 1248/1248 1296/1296
f 1296/1296 1248/1248 1303/1303
f 1298/1298 5227/5227 1365/1365
f 5228/5228 1303/1303 1304/1304
f 5228/5228 1304/1304 5229/5229
f 5229/5229 1304/1304 5230/5230
f 5230/5230 1304/1304 1306/1306
f 5230/5230 1306/1306 1308/1308
f 1376/1376 5231/5231 1377/1377
f 5231/5231 5232/5232 5233/5233
f 1377/1377 5231/5231 5233/5233
f 1311/1311 1314/1314 1263/1263
f 1261/1261 5164/5164 1447/1447
f 1318/1318 1261/1261 1447/1447
f 1447/1447 5164/5164 5234/5234
f 5164/5164 5170/5170 5234/5234
f 5233/5233 5232/5232 5235/5235
f 5233/5233 5235/5235 5236/5236
f 1329/1329 1154/1154 1332/1332
f 5237/5237 5238/5238 5239/5239
f 5240/5240 4897/4897 4711/4711
f 5236/5236 5235/5235 5241/5241
f 5241/5241 5235/5235 5242/5242
f 1339/1339 1344/1344 5243/5243
f 1270/1270 5040/5040 5244/5244
f 5245/5245 5246/5246 5247/5247
f 5248/5248 5245/5245 5247/5247
f 5194/5194 5195/5195 5249/5249
f 5249/5249 5195/5195 5198/5198
f 5249/5249 5198/5198 5250/5250
f 5250/5250 5198/5198 1277/1277
f 5251/5251 5250/5250 1277/1277
f 5251/5251 1277/1277 1279/1279
f 1284/1284 5251/5251 1279/1279
f 5252/5252 5253/5253 5254/5254
f 5255/5255 5252/5252 5254/5254
f 1285/1285 1355/1355 1028/1028
f 5256/5256 4576/4576 5056/5056
f 5056/5056 4580/4580 5257/5257
f 5257/5257 4580/4580 4581/4581
f 5258/5258 4516/4516 4767/4767
f 4767/4767 4636/4636 5259/5259
f 1288/1288 1287/1287 5209/5209
f 1198/1198 1288/1288 5260/5260
f 1288/1288 5209/5209 5261/5261
f 5260/5260 1288/1288 5261/5261
f 5261/5261 5209/5209 5210/5210
f 5210/5210 5207/5207 5212/5212
f 1198/1198 5260/5260 5262/5262
f 5262/5262 5260/5260 5261/5261
f 5262/5262 5261/5261 5263/5263
f 5261/5261 5210/5210 5214/5214
f 5263/5263 5261/5261 5214/5214
f 5214/5214 5210/5210 5212/5212
f 1199/1199 1198/1198 5262/5262
f 1199/1199 5262/5262 5217/5217
f 5217/5217 5262/5262 5263/5263
f 5217/5217 5263/5263 5218/5218
f 5263/5263 5214/5214 5216/5216
f 5218/5218 5263/5263 5216/5216
f 5220/5220 5009/5009 5264/5264
f 5265/5265 1210/1210 5221/5221
f 5221/5221 5131/5131 5266/5266
f 5266/5266 5131/5131 5222/5222
f 5222/5222 5133/5133 5267/5267
f 5267/5267 5133/5133 5134/5134
f 5267/5267 5134/5134 5268/5268
f 5134/5134 5136/5136 5269/5269
f 5268/5268 5134/5134 5269/5269
f 5269/5269 5136/5136 5270/5270
f 5136/5136 5017/5017 5270/5270
f 5017/5017 5019/5019 5271/5271
f 5270/5270 5017/5017 5271/5271
f 5271/5271 5019/5019 5223/5223
f 5223/5223 5143/5143 5272/5272
f 5143/5143 5224/5224 5273/5273
f 5272/5272 5143/5143 5273/5273
f 5273/5273 5224/5224 5274/5274
f 5274/5274 5224/5224 5225/5225
f 5225/5225 5275/5275 5276/5276
f 5274/5274 5225/5225 5276/5276
f 5277/5277 5226/5226 1292/1292
f 5277/5277 1292/1292 1413/1413
f 1292/1292 1359/1359 1413/1413
f 5152/5152 4951/4951 5153/5153
f 5024/5024 1002/1002 5278/5278
f 1360/1360 1291/1291 1362/1362
f 5279/5279 999/999 5025/5025
f 5280/5280 5025/5025 4957/4957
f 1362/1362 1363/1363 1369/1369
f 1369/1369 1368/1368 1428/1428
f 1378/1378 1377/1377 5281/5281
f 5282/5282 1378/1378 5281/5281
f 5281/5281 1377/1377 5283/5283
f 5283/5283 1377/1377 5233/5233
f 1379/1379 1311/1311 1382/1382
f 1318/1318 1447/1447 1381/1381
f 5283/5283 5233/5233 5284/5284
f 1447/1447 5234/5234 5285/5285
f 5285/5285 5234/5234 5286/5286
f 5234/5234 5170/5170 5286/5286
f 5170/5170 1265/1265 1386/1386
f 5286/5286 5170/5170 1386/1386
f 5233/5233 5236/5236 5284/5284
f 5284/5284 5236/5236 5287/5287
f 5288/5288 5289/5289 5238/5238
f 5288/5288 5238/5238 5237/5237
f 5287/5287 5236/5236 5241/5241
f 5287/5287 5241/5241 5290/5290
f 5290/5290 5241/5241 5291/5291
f 5241/5241 5292/5292 5293/5293
f 5291/5291 5241/5241 5293/5293
f 5292/5292 5294/5294 5293/5293
f 5293/5293 5294/5294 5295/5295
f 5248/5248 5247/5247 5296/5296
f 1348/1348 1347/1347 5248/5248
f 1348/1348 5248/5248 5297/5297
f 5248/5248 5296/5296 5298/5298
f 5297/5297 5248/5248 5298/5298
f 5298/5298 5296/5296 5299/5299
f 5300/5300 4899/4899 4576/4576
f 1350/1350 1348/1348 5297/5297
f 5297/5297 5298/5298 5301/5301
f 5301/5301 5298/5298 5299/5299
f 1350/1350 5297/5297 5302/5302
f 5302/5302 5297/5297 5301/5301
f 5301/5301 5299/5299 5303/5303
f 5303/5303 5299/5299 5304/5304
f 1350/1350 5302/5302 5305/5305
f 1351/1351 1350/1350 5305/5305
f 5302/5302 5301/5301 5306/5306
f 5305/5305 5302/5302 5306/5306
f 5306/5306 5301/5301 5303/5303
f 5306/5306 5303/5303 5307/5307
f 5307/5307 5303/5303 5304/5304
f 5307/5307 5304/5304 5253/5253
f 1352/1352 1351/1351 5305/5305
f 1352/1352 5305/5305 5308/5308
f 5308/5308 5305/5305 5306/5306
f 5306/5306 5307/5307 5252/5252
f 5252/5252 5307/5307 5253/5253
f 5308/5308 5306/5306 5255/5255
f 5255/5255 5306/5306 5252/5252
f 5259/5259 4636/4636 4684/4684
f 4726/4726 4727/4727 5309/5309
f 5265/5265 5221/5221 5310/5310
f 5310/5310 5221/5221 5266/5266
f 5266/5266 5222/5222 5311/5311
f 5311/5311 5222/5222 5267/5267
f 5312/5312 5270/5270 5271/5271
f 5223/5223 5272/5272 5313/5313
f 5313/5313 5272/5272 5273/5273
f 5273/5273 5274/5274 5314/5314
f 5314/5314 5274/5274 5315/5315
f 5315/5315 5274/5274 5276/5276
f 5315/5315 5276/5276 5316/5316
f 5276/5276 5317/5317 5318/5318
f 5316/5316 5276/5276 5318/5318
f 5318/5318 5317/5317 5319/5319
f 5320/5320 5321/5321 5322/5322
f 5320/5320 5322/5322 1473/1473
f 1473/1473 5322/5322 5323/5323
f 5324/5324 5325/5325 5326/5326
f 5323/5323 5324/5324 5326/5326
f 5326/5326 5325/5325 5327/5327
f 5328/5328 5150/5150 5151/5151
f 5279/5279 5025/5025 5280/5280
f 5329/5329 5330/5330 5331/5331
f 5332/5332 5329/5329 5331/5331
f 5331/5331 5330/5330 5333/5333
f 5334/5334 1432/1432 5335/5335
f 5335/5335 1432/1432 1434/1434
f 1373/1373 1483/1483 1374/1374
f 1483/1483 1373/1373 5336/5336
f 1483/1483 1430/1430 1374/1374
f 5337/5337 5334/5334 5335/5335
f 5338/5338 1435/1435 1437/1437
f 5338/5338 1437/1437 5339/5339
f 1437/1437 1438/1438 5340/5340
f 5339/5339 1437/1437 5340/5340
f 1441/1441 5338/5338 5339/5339
f 1441/1441 5339/5339 5341/5341
f 1441/1441 5341/5341 1442/1442
f 5339/5339 5340/5340 5342/5342
f 5341/5341 5339/5339 5342/5342
f 1443/1443 5343/5343 5344/5344
f 1441/1441 1443/1443 5344/5344
f 5345/5345 5341/5341 5342/5342
f 5341/5341 5345/5345 5346/5346
f 1442/1442 5341/5341 5346/5346
f 1439/1439 1379/1379 1382/1382
f 5343/5343 1443/1443 1445/1445
f 1384/1384 1383/1383 5347/5347
f 5348/5348 5283/5283 5284/5284
f 1446/1446 1447/1447 5285/5285
f 5346/5346 5345/5345 5349/5349
f 5285/5285 5286/5286 5350/5350
f 5351/5351 5348/5348 5284/5284
f 5349/5349 5345/5345 5352/5352
f 5350/5350 5286/5286 1386/1386
f 1385/1385 1384/1384 5347/5347
f 1385/1385 5347/5347 5353/5353
f 1329/1329 1332/1332 1452/1452
f 5284/5284 5287/5287 5354/5354
f 5351/5351 5284/5284 5354/5354
f 1388/1388 1385/1385 5353/5353
f 1388/1388 5353/5353 5355/5355
f 5354/5354 5287/5287 5290/5290
f 5354/5354 5290/5290 5356/5356
f 5357/5357 4967/4967 4969/4969
f 1389/1389 1388/1388 5355/5355
f 1389/1389 5355/5355 1461/1461
f 5356/5356 5290/5290 5291/5291
f 5356/5356 5291/5291 5358/5358
f 5358/5358 5291/5291 5359/5359
f 5291/5291 5293/5293 5360/5360
f 5359/5359 5291/5291 5360/5360
f 5293/5293 5295/5295 5360/5360
f 5361/5361 5362/5362 5363/5363
f 5361/5361 5363/5363 5364/5364
f 5220/5220 5264/5264 5365/5365
f 5364/5364 5363/5363 5366/5366
f 5366/5366 5367/5367 5368/5368
f 5364/5364 5366/5366 5368/5368
f 5367/5367 5369/5369 5370/5370
f 5361/5361 5364/5364 5371/5371
f 5371/5371 5364/5364 5368/5368
f 5368/5368 5367/5367 5372/5372
f 5367/5367 5370/5370 5372/5372
f 5370/5370 5373/5373 5374/5374
f 5372/5372 5370/5370 5374/5374
f 5220/5220 5365/5365 5375/5375
f 5372/5372 5374/5374 5376/5376
f 5374/5374 5373/5373 5376/5376
f 5269/5269 5270/5270 5377/5377
f 5376/5376 5373/5373 5378/5378
f 5377/5377 5270/5270 5312/5312
f 5379/5379 5361/5361 5371/5371
f 5365/5365 5380/5380 5375/5375
f 5371/5371 5368/5368 5381/5381
f 5381/5381 5368/5368 5372/5372
f 5376/5376 5378/5378 5382/5382
f 5378/5378 5383/5383 5382/5382
f 5382/5382 5383/5383 5384/5384
f 5385/5385 5312/5312 5271/5271
f 5385/5385 5271/5271 5386/5386
f 5386/5386 5271/5271 5387/5387
f 1468/1468 5388/5388 1469/1469
f 5271/5271 5223/5223 5387/5387
f 5381/5381 5372/5372 5389/5389
f 5389/5389 5372/5372 5376/5376
f 5389/5389 5376/5376 5390/5390
f 5390/5390 5376/5376 5382/5382
f 5390/5390 5382/5382 5384/5384
f 5384/5384 5388/5388 1468/1468
f 5391/5391 5223/5223 5313/5313
f 5387/5387 5223/5223 5391/5391
f 5391/5391 5313/5313 5392/5392
f 5313/5313 5273/5273 5392/5392
f 5379/5379 5371/5371 5393/5393
f 5375/5375 5380/5380 5394/5394
f 5393/5393 5371/5371 5381/5381
f 5395/5395 5390/5390 5384/5384
f 5395/5395 5384/5384 1468/1468
f 5395/5395 1468/1468 1470/1470
f 1472/1472 5396/5396 5397/5397
f 1471/1471 5396/5396 1472/1472
f 5389/5389 5390/5390 5395/5395
f 5398/5398 5395/5395 1470/1470
f 5398/5398 1470/1470 5399/5399
f 1470/1470 1472/1472 5399/5399
f 1472/1472 5397/5397 5400/5400
f 5399/5399 1472/1472 5400/5400
f 5400/5400 5397/5397 5401/5401
f 5400/5400 5401/5401 5402/5402
f 5379/5379 5393/5393 5403/5403
f 5403/5403 5393/5393 5404/5404
f 5404/5404 5393/5393 5381/5381
f 5381/5381 5389/5389 5405/5405
f 5404/5404 5381/5381 5405/5405
f 5405/5405 5389/5389 5406/5406
f 5406/5406 5389/5389 5395/5395
f 5406/5406 5395/5395 5398/5398
f 5398/5398 5399/5399 5407/5407
f 5407/5407 5399/5399 5408/5408
f 5399/5399 5400/5400 5408/5408
f 5400/5400 5402/5402 5409/5409
f 5408/5408 5400/5400 5409/5409
f 5410/5410 5379/5379 5403/5403
f 5394/5394 5380/5380 5411/5411
f 5394/5394 5411/5411 5412/5412
f 5404/5404 5405/5405 5413/5413
f 5405/5405 5406/5406 5413/5413
f 5413/5413 5406/5406 5414/5414
f 5414/5414 5406/5406 5398/5398
f 5414/5414 5398/5398 5407/5407
f 5414/5414 5407/5407 5415/5415
f 5415/5415 5407/5407 5408/5408
f 5408/5408 5409/5409 5416/5416
f 5415/5415 5408/5408 5416/5416
f 1474/1474 1473/1473 5323/5323
f 5410/5410 5403/5403 5417/5417
f 5418/5418 5419/5419 5420/5420
f 5403/5403 5404/5404 5417/5417
f 5420/5420 5419/5419 5421/5421
f 5417/5417 5404/5404 5422/5422
f 5421/5421 5419/5419 5423/5423
f 5422/5422 5404/5404 5413/5413
f 5422/5422 5413/5413 5424/5424
f 5421/5421 5423/5423 5425/5425
f 5413/5413 5414/5414 5424/5424
f 5424/5424 5414/5414 5426/5426
f 5414/5414 5415/5415 5427/5427
f 5426/5426 5414/5414 5427/5427
f 5428/5428 5429/5429 5430/5430
f 5427/5427 5415/5415 5416/5416
f 5430/5430 5320/5320 1475/1475
f 5320/5320 1473/1473 1475/1475
f 1474/1474 5323/5323 5326/5326
f 5153/5153 5024/5024 5431/5431
f 5431/5431 5024/5024 5278/5278
f 5332/5332 5331/5331 5432/5432
f 5432/5432 5331/5331 5333/5333
f 5432/5432 5333/5333 5433/5433
f 5434/5434 4957/4957 5029/5029
f 5435/5435 5436/5436 5337/5337
f 5437/5437 5435/5435 5337/5337
f 5438/5438 5439/5439 5440/5440
f 5438/5438 5440/5440 5441/5441
f 5337/5337 5436/5436 5334/5334
f 1434/1434 1433/1433 5442/5442
f 5442/5442 1433/1433 5443/5443
f 5442/5442 5443/5443 1435/1435
f 5443/5443 5444/5444 1435/1435
f 1482/1482 1483/1483 5336/5336
f 1435/1435 5444/5444 1436/1436
f 1434/1434 5442/5442 5445/5445
f 5445/5445 5442/5442 1435/1435
f 5335/5335 1434/1434 5446/5446
f 5446/5446 1434/1434 5445/5445
f 5446/5446 5445/5445 5447/5447
f 5448/5448 5445/5445 1435/1435
f 5448/5448 1435/1435 5338/5338
f 5448/5448 5338/5338 1441/1441
f 5437/5437 5337/5337 5449/5449
f 5450/5450 5437/5437 5449/5449
f 5441/5441 5440/5440 5451/5451
f 5449/5449 5337/5337 5335/5335
f 5452/5452 5335/5335 5446/5446
f 5447/5447 5445/5445 5448/5448
f 5453/5453 5448/5448 5344/5344
f 5448/5448 1441/1441 5344/5344
f 5441/5441 5451/5451 5454/5454
f 5449/5449 5335/5335 5455/5455
f 5455/5455 5335/5335 5452/5452
f 5456/5456 5447/5447 5448/5448
f 5456/5456 5448/5448 5453/5453
f 5452/5452 5446/5446 5457/5457
f 5446/5446 5447/5447 5457/5457
f 5457/5457 5447/5447 5456/5456
f 1448/1448 1442/1442 5346/5346
f 5458/5458 5452/5452 5457/5457
f 5458/5458 5457/5457 5459/5459
f 5350/5350 1446/1446 5285/5285
f 1448/1448 5346/5346 5349/5349
f 5460/5460 5450/5450 5449/5449
f 5460/5460 5449/5449 1449/1449
f 5451/5451 5461/5461 5462/5462
f 5454/5454 5451/5451 5462/5462
f 1449/1449 5449/5449 5455/5455
f 1449/1449 5455/5455 1450/1450
f 5455/5455 5452/5452 5463/5463
f 1450/1450 5455/5455 5463/5463
f 5463/5463 5452/5452 5458/5458
f 5463/5463 5458/5458 5464/5464
f 5464/5464 5458/5458 5459/5459
f 1450/1450 5463/5463 1455/1455
f 1455/1455 5463/5463 5464/5464
f 5460/5460 1449/1449 1451/1451
f 5465/5465 5460/5460 1451/1451
f 5461/5461 5466/5466 5462/5462
f 5349/5349 5352/5352 5467/5467
f 5462/5462 5466/5466 5468/5468
f 5462/5462 5468/5468 5469/5469
f 5469/5469 5468/5468 5240/5240
f 1448/1448 5349/5349 5470/5470
f 1456/1456 1448/1448 5470/5470
f 5470/5470 5349/5349 5467/5467
f 5470/5470 5467/5467 5471/5471
f 1456/1456 5470/5470 5472/5472
f 1458/1458 1456/1456 5472/5472
f 5472/5472 5470/5470 5471/5471
f 1458/1458 5472/5472 5473/5473
f 1459/1459 1458/1458 5473/5473
f 5473/5473 5472/5472 5471/5471
f 5473/5473 5471/5471 5474/5474
f 1459/1459 5473/5473 5475/5475
f 1487/1487 1459/1459 5475/5475
f 5475/5475 5473/5473 5474/5474
f 1461/1461 5476/5476 5477/5477
f 5478/5478 5475/5475 5474/5474
f 5478/5478 5474/5474 5479/5479
f 1487/1487 5475/5475 5478/5478
f 5478/5478 5479/5479 5480/5480
f 1391/1391 1461/1461 5477/5477
f 5481/5481 5359/5359 5360/5360
f 1462/1462 1391/1391 5477/5477
f 5482/5482 1488/1488 1489/1489
f 5481/5481 5360/5360 5483/5483
f 5360/5360 5295/5295 5484/5484
f 5483/5483 5360/5360 5484/5484
f 5300/5300 4576/4576 5256/5256
f 5485/5485 4767/4767 5259/5259
f 5309/5309 4727/4727 4732/4732
f 5007/5007 5220/5220 5486/5486
f 5486/5486 5220/5220 5375/5375
f 5487/5487 5420/5420 5421/5421
f 5487/5487 5421/5421 5488/5488
f 5421/5421 5425/5425 5489/5489
f 5489/5489 5425/5425 5429/5429
f 5489/5489 5429/5429 5428/5428
f 5428/5428 5430/5430 1526/1526
f 5430/5430 1475/1475 1526/1526
f 1526/1526 1475/1475 1474/1474
f 1474/1474 5326/5326 5490/5490
f 5326/5326 5327/5327 5491/5491
f 5490/5490 5326/5326 5491/5491
f 5328/5328 5151/5151 5492/5492
f 5492/5492 5151/5151 5152/5152
f 5493/5493 5329/5329 5332/5332
f 5433/5433 5333/5333 5494/5494
f 5454/5454 5462/5462 5469/5469
f 5495/5495 4967/4967 5357/5357
f 5496/5496 4899/4899 5497/5497
f 1487/1487 5478/5478 5498/5498
f 1489/1489 1487/1487 5498/5498
f 5498/5498 5478/5478 5480/5480
f 5498/5498 5480/5480 5499/5499
f 5482/5482 1489/1489 1502/1502
f 1502/1502 1489/1489 5498/5498
f 1502/1502 5498/5498 5500/5500
f 1503/1503 1502/1502 5500/5500
f 5500/5500 5498/5498 5499/5499
f 5482/5482 1502/1502 1504/1504
f 5501/5501 5500/5500 5499/5499
f 5501/5501 5499/5499 5502/5502
f 1503/1503 5500/5500 5501/5501
f 5257/5257 4581/4581 5503/5503
f 5258/5258 4767/4767 5485/5485
f 5504/5504 4998/4998 5219/5219
f 5219/5219 4596/4596 5505/5505
f 5412/5412 5411/5411 5506/5506
f 5507/5507 5418/5418 5420/5420
f 5488/5488 5421/5421 5489/5489
f 5152/5152 5153/5153 5508/5508
f 5493/5493 5332/5332 5509/5509
f 5509/5509 5332/5332 5432/5432
f 5280/5280 4957/4957 5434/5434
f 5438/5438 5441/5441 5510/5510
f 5497/5497 4899/4899 5300/5300
f 5511/5511 5512/5512 5513/5513
f 5514/5514 5511/5511 5513/5513
f 5513/5513 5512/5512 5515/5515
f 5516/5516 5517/5517 5518/5518
f 5516/5516 5518/5518 5519/5519
f 5519/5519 5518/5518 5520/5520
f 5505/5505 4596/4596 5521/5521
f 5521/5521 4596/4596 5007/5007
f 5522/5522 5394/5394 5523/5523
f 5523/5523 5394/5394 5412/5412
f 1525/1525 1474/1474 5490/5490
f 5420/5420 5487/5487 5524/5524
f 5525/5525 5490/5490 5491/5491
f 5508/5508 5492/5492 5152/5152
f 5509/5509 5432/5432 5433/5433
f 5510/5510 5441/5441 5526/5526
f 5526/5526 5441/5441 5454/5454
f 5514/5514 5513/5513 5527/5527
f 5527/5527 5513/5513 5515/5515
f 5519/5519 5520/5520 5528/5528
f 5528/5528 5520/5520 5529/5529
f 5375/5375 5394/5394 5522/5522
f 5507/5507 5420/5420 5524/5524
f 5428/5428 1526/1526 1525/1525
f 5508/5508 5153/5153 5431/5431
f 5434/5434 5029/5029 5530/5530
f 759/759 1375/1375 1529/1529
f 1581/1581 5531/5531 5514/5514
f 5516/5516 5519/5519 5532/5532
f 5532/5532 5519/5519 5528/5528
f 5300/5300 5256/5256 5533/5533
f 5259/5259 4684/4684 5534/5534
f 5535/5535 4726/4726 5309/5309
f 5486/5486 5375/5375 5522/5522
f 5523/5523 5412/5412 5536/5536
f 5536/5536 5412/5412 5506/5506
f 5537/5537 5487/5487 5488/5488
f 1596/1596 5489/5489 5428/5428
f 5428/5428 1525/1525 1596/1596
f 5490/5490 5525/5525 5538/5538
f 5539/5539 5540/5540 5493/5493
f 5541/5541 5542/5542 5543/5543
f 5469/5469 5240/5240 5496/5496
f 1581/1581 5514/5514 1579/1579
f 1579/1579 5514/5514 5527/5527
f 1579/1579 5527/5527 5544/5544
f 5527/5527 5515/5515 5545/5545
f 5544/5544 5527/5527 5545/5545
f 5546/5546 5516/5516 5532/5532
f 5258/5258 5485/5485 5547/5547
f 1525/1525 5490/5490 5548/5548
f 5524/5524 5487/5487 5537/5537
f 5549/5549 5488/5488 5489/5489
f 5548/5548 5490/5490 5538/5538
f 5550/5550 5509/5509 5433/5433
f 5433/5433 5494/5494 5551/5551
f 5497/5497 5300/5300 5552/5552
f 5552/5552 5300/5300 5533/5533
f 5528/5528 5529/5529 5553/5553
f 5533/5533 5256/5256 5554/5554
f 5555/5555 5556/5556 5557/5557
f 5485/5485 5259/5259 5547/5547
f 5521/5521 5007/5007 5522/5522
f 5007/5007 5486/5486 5522/5522
f 5537/5537 5488/5488 5549/5549
f 5539/5539 5493/5493 5558/5558
f 5493/5493 5509/5509 5550/5550
f 5558/5558 5493/5493 5550/5550
f 5550/5550 5433/5433 5559/5559
f 5559/5559 5433/5433 5551/5551
f 5526/5526 5454/5454 5469/5469
f 5526/5526 5469/5469 5496/5496
f 5544/5544 5545/5545 5560/5560
f 5561/5561 5546/5546 5532/5532
f 5532/5532 5528/5528 5562/5562
f 5562/5562 5528/5528 5553/5553
f 5554/5554 5256/5256 5563/5563
f 5219/5219 5505/5505 5564/5564
f 5507/5507 5524/5524 5565/5565
f 5565/5565 5524/5524 5537/5537
f 5489/5489 1596/1596 5566/5566
f 5508/5508 5431/5431 5567/5567
f 5568/5568 5508/5508 5567/5567
f 5431/5431 5278/5278 5569/5569
f 5279/5279 5280/5280 5570/5570
f 5571/5571 5279/5279 5570/5570
f 1580/1580 1579/1579 5544/5544
f 1580/1580 5544/5544 5572/5572
f 5572/5572 5544/5544 5560/5560
f 5555/5555 5557/5557 5573/5573
f 5056/5056 5257/5257 5574/5574
f 5574/5574 5257/5257 5503/5503
f 5574/5574 5503/5503 5575/5575
f 4732/4732 4998/4998 5504/5504
f 5504/5504 5219/5219 5564/5564
f 5549/5549 5489/5489 5566/5566
f 5576/5576 5510/5510 5577/5577
f 5547/5547 5259/5259 5578/5578
f 5578/5578 5259/5259 5534/5534
f 5535/5535 5309/5309 5579/5579
f 5580/5580 5505/5505 5521/5521
f 5536/5536 5506/5506 5581/5581
f 5328/5328 5492/5492 5582/5582
f 5567/5567 5431/5431 5569/5569
f 5577/5577 5510/5510 5526/5526
f 1586/1586 1573/1573 1548/1548
f 5552/5552 5533/5533 5583/5583
f 5533/5533 5554/5554 5583/5583
f 5579/5579 5309/5309 4732/4732
f 5521/5521 5522/5522 5584/5584
f 5585/5585 5507/5507 5586/5586
f 5586/5586 5507/5507 5565/5565
f 5587/5587 5537/5537 5549/5549
f 5570/5570 5280/5280 5434/5434
f 5562/5562 5553/5553 5588/5588
f 5583/5583 5554/5554 5563/5563
f 5258/5258 5547/5547 5589/5589
f 5587/5587 5549/5549 5566/5566
f 5558/5558 5550/5550 5590/5590
f 5590/5590 5550/5550 5591/5591
f 5550/5550 5559/5559 5591/5591
f 5591/5591 5559/5559 5592/5592
f 5592/5592 5559/5559 5551/5551
f 5593/5593 5526/5526 5594/5594
f 5594/5594 5526/5526 5496/5496
f 5573/5573 5557/5557 5595/5595
f 5579/5579 4732/4732 5596/5596
f 5580/5580 5521/5521 5584/5584
f 1595/1595 1525/1525 1644/1644
f 1644/1644 1525/1525 5548/5548
f 1644/1644 5548/5548 5597/5597
f 5598/5598 5537/5537 5587/5587
f 5597/5597 5548/5548 5538/5538
f 5599/5599 5328/5328 5582/5582
f 5434/5434 5530/5530 1651/1651
f 5497/5497 5552/5552 5600/5600
f 5564/5564 5505/5505 5580/5580
f 5565/5565 5537/5537 5598/5598
f 5566/5566 1596/1596 1595/1595
f 5597/5597 5538/5538 5601/5601
f 5602/5602 5539/5539 5558/5558
f 5582/5582 5492/5492 5508/5508
f 5577/5577 5526/5526 5593/5593
f 5496/5496 5497/5497 5603/5603
f 1612/1612 1580/1580 5572/5572
f 1586/1586 1548/1548 5604/5604
f 5561/5561 5532/5532 5605/5605
f 5605/5605 5532/5532 5562/5562
f 5606/5606 5552/5552 5583/5583
f 5589/5589 5547/5547 5578/5578
f 5587/5587 5566/5566 5607/5607
f 5582/5582 5508/5508 5568/5568
f 5594/5594 5496/5496 5603/5603
f 5603/5603 5497/5497 5600/5600
f 5578/5578 5534/5534 5608/5608
f 5609/5609 5535/5535 5579/5579
f 4732/4732 5504/5504 5596/5596
f 5580/5580 5584/5584 5610/5610
f 5611/5611 5568/5568 5567/5567
f 1653/1653 5434/5434 1651/1651
f 5600/5600 5552/5552 5606/5606
f 5596/5596 5504/5504 5612/5612
f 5613/5613 5614/5614 5615/5615
f 5616/5616 5598/5598 5587/5587
f 5602/5602 5558/5558 5617/5617
f 5571/5571 5570/5570 5618/5618
f 5617/5617 5558/5558 5590/5590
f 5590/5590 5591/5591 5619/5619
f 5618/5618 5570/5570 5434/5434
f 5619/5619 5591/5591 5620/5620
f 5591/5591 5592/5592 5620/5620
f 1626/1626 1586/1586 5604/5604
f 5584/5584 5522/5522 5621/5621
f 5621/5621 5522/5522 5523/5523
f 5607/5607 5566/5566 1676/1676
f 5566/5566 1595/1595 1676/1676
f 5618/5618 5434/5434 1653/1653
f 5576/5576 5577/5577 5622/5622
f 5622/5622 5577/5577 5593/5593
f 1612/1612 5572/5572 5623/5623
f 5623/5623 5572/5572 5560/5560
f 1626/1626 5604/5604 1658/1658
f 5605/5605 5562/5562 5624/5624
f 5624/5624 5562/5562 5588/5588
f 5523/5523 5536/5536 5625/5625
f 5625/5625 5536/5536 5581/5581
f 5565/5565 5598/5598 5616/5616
f 5620/5620 5592/5592 5626/5626
f 1633/1633 1612/1612 5623/5623
f 5623/5623 5560/5560 5627/5627
f 5628/5628 5561/5561 5605/5605
f 5629/5629 5589/5589 5578/5578
f 5630/5630 5584/5584 5621/5621
f 5621/5621 5523/5523 5625/5625
f 5586/5586 5565/5565 5631/5631
f 5631/5631 5565/5565 5616/5616
f 5624/5624 5588/5588 5632/5632
f 5633/5633 5555/5555 5634/5634
f 5634/5634 5555/5555 5573/5573
f 5629/5629 5578/5578 5635/5635
f 5635/5635 5578/5578 5608/5608
f 1645/1645 1644/1644 5597/5597
f 5617/5617 5590/5590 5636/5636
f 5636/5636 5590/5590 5619/5619
f 5637/5637 5576/5576 5622/5622
f 5638/5638 5633/5633 5634/5634
f 5609/5609 5579/5579 5639/5639
f 5639/5639 5579/5579 5596/5596
f 5616/5616 5587/5587 5640/5640
f 5599/5599 5582/5582 5641/5641
f 5641/5641 5582/5582 5642/5642
f 5642/5642 5582/5582 5568/5568
f 5643/5643 5258/5258 5589/5589
f 5596/5596 5612/5612 5644/5644
f 5645/5645 5564/5564 5580/5580
f 5646/5646 5616/5616 5640/5640
f 5642/5642 5568/5568 5611/5611
f 5611/5611 5567/5567 5647/5647
f 5618/5618 1653/1653 5648/5648
f 5619/5619 5620/5620 5649/5649
f 5603/5603 5600/5600 5650/5650
f 5651/5651 1629/1629 1633/1633
f 5623/5623 5627/5627 5652/5652
f 5653/5653 5628/5628 5605/5605
f 5613/5613 5615/5615 5654/5654
f 5631/5631 5616/5616 5646/5646
f 5640/5640 5587/5587 5607/5607
f 5647/5647 5567/5567 5569/5569
f 5649/5649 5620/5620 5655/5655
f 5655/5655 5620/5620 5626/5626
f 5651/5651 1633/1633 5656/5656
f 1633/1633 5623/5623 5657/5657
f 5656/5656 1633/1633 5657/5657
f 5657/5657 5623/5623 5652/5652
f 5653/5653 5605/5605 5624/5624
f 5653/5653 5624/5624 5632/5632
f 5658/5658 5584/5584 5630/5630
f 5625/5625 5581/5581 5659/5659
f 5660/5660 5585/5585 5586/5586
f 5571/5571 5618/5618 5648/5648
f 5648/5648 1653/1653 1652/1652
f 5661/5661 5593/5593 5594/5594
f 5594/5594 5603/5603 5661/5661
f 5662/5662 5651/5651 5656/5656
f 5656/5656 5657/5657 5663/5663
f 5663/5663 5657/5657 5652/5652
f 5664/5664 5638/5638 5634/5634
f 5665/5665 5666/5666 5667/5667
f 5668/5668 5665/5665 5667/5667
f 5667/5667 5666/5666 5574/5574
f 5574/5574 5575/5575 5669/5669
f 5610/5610 5584/5584 5658/5658
f 5660/5660 5586/5586 5670/5670
f 5670/5670 5586/5586 5631/5631
f 5640/5640 5607/5607 1676/1676
f 5597/5597 5601/5601 5671/5671
f 5672/5672 5602/5602 5617/5617
f 5647/5647 5569/5569 5673/5673
f 5674/5674 5571/5571 5648/5648
f 5636/5636 5619/5619 5649/5649
f 5622/5622 5593/5593 5675/5675
f 5662/5662 5656/5656 5663/5663
f 5662/5662 5663/5663 5676/5676
f 5677/5677 5663/5663 5652/5652
f 5676/5676 5663/5663 5677/5677
f 5678/5678 5679/5679 5653/5653
f 5678/5678 5653/5653 5632/5632
f 5680/5680 5681/5681 5682/5682
f 5680/5680 5682/5682 5683/5683
f 5684/5684 5682/5682 5685/5685
f 5682/5682 5684/5684 5683/5683
f 5664/5664 5634/5634 5686/5686
f 5687/5687 5688/5688 5689/5689
f 5689/5689 5688/5688 5680/5680
f 5689/5689 5680/5680 5683/5683
f 5690/5690 5687/5687 5689/5689
f 5690/5690 5689/5689 5683/5683
f 5667/5667 5574/5574 5691/5691
f 5691/5691 5574/5574 5669/5669
f 5692/5692 5635/5635 5608/5608
f 5645/5645 5580/5580 5693/5693
f 5580/5580 5610/5610 5693/5693
f 5675/5675 5593/5593 5661/5661
f 5643/5643 5589/5589 5694/5694
f 5694/5694 5589/5589 5629/5629
f 5644/5644 5612/5612 5645/5645
f 5695/5695 5610/5610 5658/5658
f 5621/5621 5625/5625 5696/5696
f 5696/5696 5625/5625 5659/5659
f 5646/5646 5640/5640 5697/5697
f 5698/5698 5622/5622 5675/5675
f 5661/5661 5603/5603 5650/5650
f 5692/5692 5608/5608 5699/5699
f 5700/5700 5609/5609 5639/5639
f 5693/5693 5610/5610 5701/5701
f 5701/5701 5610/5610 5695/5695
f 5702/5702 5646/5646 5697/5697
f 5672/5672 5617/5617 5703/5703
f 5703/5703 5617/5617 5636/5636
f 5639/5639 5596/5596 5704/5704
f 5704/5704 5596/5596 5644/5644
f 5640/5640 1676/1676 5697/5697
f 5650/5650 5600/5600 5705/5705
f 5686/5686 5634/5634 5706/5706
f 1676/1676 1645/1645 5707/5707
f 5707/5707 1645/1645 5597/5597
f 5670/5670 5631/5631 5708/5708
f 5708/5708 5631/5631 5646/5646
f 5709/5709 1676/1676 5707/5707
f 5710/5710 5599/5599 5641/5641
f 5637/5637 5622/5622 5698/5698
f 5629/5629 5635/5635 5692/5692
f 5630/5630 5621/5621 5696/5696
f 5707/5707 5597/5597 5711/5711
f 5708/5708 5646/5646 5702/5702
f 5697/5697 1676/1676 5709/5709
f 5711/5711 5597/5597 5671/5671
f 5647/5647 5673/5673 5712/5712
f 5713/5713 5674/5674 5648/5648
f 5714/5714 5649/5649 5655/5655
f 5715/5715 5650/5650 5705/5705
f 5716/5716 5665/5665 5668/5668
f 5717/5717 5611/5611 5647/5647
f 5636/5636 5649/5649 5718/5718
f 5718/5718 5649/5649 5714/5714
f 5668/5668 5667/5667 5719/5719
f 5719/5719 5667/5667 5691/5691
f 5720/5720 5641/5641 5642/5642
f 5642/5642 5611/5611 5717/5717
f 5700/5700 5639/5639 5721/5721
f 5721/5721 5639/5639 5704/5704
f 5704/5704 5644/5644 5722/5722
f 5711/5711 5671/5671 5723/5723
f 5724/5724 5672/5672 5703/5703
f 5703/5703 5636/5636 5718/5718
f 5714/5714 5655/5655 5725/5725
f 5726/5726 5661/5661 5650/5650
f 5694/5694 5629/5629 5692/5692
f 5722/5722 5644/5644 5645/5645
f 5660/5660 5670/5670 5727/5727
f 5727/5727 5670/5670 5708/5708
f 5728/5728 5647/5647 5712/5712
f 5637/5637 5698/5698 5729/5729
f 5697/5697 5709/5709 5730/5730
f 5717/5717 5647/5647 5728/5728
f 5710/5710 5641/5641 5731/5731
f 5731/5731 5641/5641 5720/5720
f 5720/5720 5642/5642 5732/5732
f 5732/5732 5642/5642 5717/5717
f 5733/5733 5734/5734 5735/5735
f 5695/5695 5658/5658 5736/5736
f 5708/5708 5702/5702 5737/5737
f 5729/5729 5698/5698 5738/5738
f 5668/5668 5719/5719 5739/5739
f 5719/5719 5691/5691 5740/5740
f 5740/5740 5691/5691 5669/5669
f 5736/5736 5658/5658 5741/5741
f 5741/5741 5658/5658 5630/5630
f 5630/5630 5696/5696 5742/5742
f 1793/1793 5707/5707 5711/5711
f 5742/5742 5696/5696 5659/5659
f 5702/5702 5697/5697 5737/5737
f 5743/5743 5718/5718 5714/5714
f 5738/5738 5698/5698 5675/5675
f 5675/5675 5661/5661 5744/5744
f 5715/5715 5705/5705 5716/5716
f 5745/5745 5710/5710 5731/5731
f 5713/5713 5648/5648 5746/5746
f 5746/5746 5648/5648 1652/1652
f 5743/5743 5714/5714 5725/5725
f 5726/5726 5650/5650 5715/5715
f 5741/5741 5630/5630 5742/5742
f 5742/5742 5659/5659 5747/5747
f 5660/5660 5727/5727 5748/5748
f 5749/5749 5660/5660 5748/5748
f 5748/5748 5727/5727 5708/5708
f 5750/5750 5709/5709 1795/1795
f 1795/1795 5709/5709 5707/5707
f 1795/1795 5707/5707 1793/1793
f 5739/5739 5719/5719 5740/5740
f 5643/5643 5694/5694 5751/5751
f 5692/5692 5699/5699 5752/5752
f 5753/5753 5700/5700 5721/5721
f 5722/5722 5645/5645 5754/5754
f 5645/5645 5693/5693 5754/5754
f 5693/5693 5701/5701 5755/5755
f 5730/5730 5709/5709 5750/5750
f 5717/5717 5728/5728 5756/5756
f 5757/5757 5692/5692 5752/5752
f 1793/1793 5711/5711 5758/5758
f 5758/5758 5711/5711 5723/5723
f 5728/5728 5712/5712 5759/5759
f 5760/5760 5713/5713 5746/5746
f 5746/5746 1652/1652 5761/5761
f 5743/5743 5725/5725 5762/5762
f 5763/5763 5637/5637 5729/5729
f 5751/5751 5694/5694 5692/5692
f 5751/5751 5692/5692 5757/5757
f 5764/5764 5721/5721 5704/5704
f 5754/5754 5693/5693 5755/5755
f 5737/5737 5697/5697 5765/5765
f 5697/5697 5730/5730 5765/5765
f 5756/5756 5728/5728 5759/5759
f 5761/5761 1652/1652 1750/1750
f 5755/5755 5701/5701 5766/5766
f 5766/5766 5701/5701 5695/5695
f 5748/5748 5708/5708 5737/5737
f 5715/5715 5716/5716 5767/5767
f 5753/5753 5721/5721 5764/5764
f 5704/5704 5722/5722 5768/5768
f 5731/5731 5720/5720 5769/5769
f 5732/5732 5717/5717 5770/5770
f 5770/5770 5717/5717 5756/5756
f 5738/5738 5675/5675 5744/5744
f 5766/5766 5695/5695 5736/5736
f 5765/5765 5730/5730 5771/5771
f 5730/5730 5750/5750 5771/5771
f 5769/5769 5720/5720 5732/5732
f 5761/5761 1750/1750 5772/5772
f 5773/5773 5751/5751 5757/5757
f 1794/1794 1793/1793 5758/5758
f 5737/5737 5765/5765 5774/5774
f 5758/5758 5723/5723 5775/5775
f 5776/5776 5724/5724 5703/5703
f 5718/5718 5743/5743 5777/5777
f 5777/5777 5743/5743 5778/5778
f 5778/5778 5743/5743 5762/5762
f 1753/1753 1790/1790 1740/1740
f 5643/5643 5751/5751 5773/5773
f 5779/5779 5643/5643 5773/5773
f 5749/5749 5748/5748 5780/5780
f 5780/5780 5748/5748 5781/5781
f 5748/5748 5737/5737 5781/5781
f 5781/5781 5737/5737 5774/5774
f 5771/5771 5750/5750 1795/1795
f 5782/5782 5715/5715 5767/5767
f 5768/5768 5722/5722 5783/5783
f 5770/5770 5756/5756 5784/5784
f 5784/5784 5756/5756 5759/5759
f 5767/5767 5716/5716 5668/5668
f 5785/5785 5739/5739 5740/5740
f 5773/5773 5757/5757 5786/5786
f 5786/5786 5757/5757 5752/5752
f 5736/5736 5741/5741 5787/5787
f 5787/5787 5741/5741 5788/5788
f 5776/5776 5703/5703 5789/5789
f 5784/5784 5759/5759 5790/5790
f 5789/5789 5703/5703 5718/5718
f 5760/5760 5746/5746 5791/5791
f 5792/5792 5760/5760 5791/5791
f 5791/5791 5746/5746 5761/5761
f 5763/5763 5729/5729 5793/5793
f 5767/5767 5668/5668 5739/5739
f 5794/5794 5773/5773 5786/5786
f 5795/5795 5796/5796 5797/5797
f 5797/5797 5796/5796 5798/5798
f 5799/5799 5731/5731 5769/5769
f 5778/5778 5762/5762 5800/5800
f 5801/5801 5733/5733 5735/5735
f 1763/1763 1778/1778 1799/1799
f 5774/5774 5765/5765 5802/5802
f 5765/5765 5771/5771 5803/5803
f 5771/5771 1795/1795 1827/1827
f 5789/5789 5718/5718 5777/5777
f 5804/5804 5763/5763 5793/5793
f 5726/5726 5715/5715 5782/5782
f 5740/5740 5669/5669 5805/5805
f 5783/5783 5722/5722 5754/5754
f 5741/5741 5742/5742 5806/5806
f 5806/5806 5742/5742 5747/5747
f 5745/5745 5731/5731 5799/5799
f 5793/5793 5729/5729 5738/5738
f 1802/1802 1776/1776 5807/5807
f 5802/5802 5765/5765 5803/5803
f 1795/1795 1794/1794 1827/1827
f 5769/5769 5732/5732 5770/5770
f 5777/5777 5778/5778 5800/5800
f 5803/5803 5771/5771 1868/1868
f 5808/5808 5745/5745 5799/5799
f 5784/5784 5790/5790 5809/5809
f 5810/5810 5792/5792 5791/5791
f 5811/5811 5793/5793 5738/5738
f 5767/5767 5739/5739 5785/5785
f 5783/5783 5754/5754 5755/5755
f 5788/5788 5741/5741 5806/5806
f 5810/5810 5791/5791 5812/5812
f 5812/5812 5791/5791 5761/5761
f 5782/5782 5767/5767 5813/5813
f 5786/5786 5752/5752 5814/5814
f 5815/5815 5753/5753 5764/5764
f 5780/5780 5781/5781 5816/5816
f 5816/5816 5781/5781 5774/5774
f 1868/1868 5771/5771 1827/1827
f 5801/5801 5735/5735 5817/5817
f 5766/5766 5736/5736 5818/5818
f 5785/5785 5740/5740 5819/5819
f 5819/5819 5740/5740 5805/5805
f 5815/5815 5764/5764 5820/5820
f 5820/5820 5764/5764 5821/5821
f 5783/5783 5755/5755 5822/5822
f 5822/5822 5755/5755 5766/5766
f 1826/1826 1794/1794 5758/5758
f 5816/5816 5774/5774 5823/5823
f 5777/5777 5800/5800 5824/5824
f 5817/5817 5735/5735 5825/5825
f 5826/5826 5726/5726 5782/5782
f 5826/5826 5782/5782 5813/5813
f 5779/5779 5773/5773 5827/5827
f 5827/5827 5773/5773 5794/5794
f 5827/5827 5786/5786 5828/5828
f 5828/5828 5786/5786 5814/5814
f 5736/5736 5787/5787 5818/5818
f 5799/5799 5769/5769 5829/5829
f 5829/5829 5769/5769 5770/5770
f 5830/5830 5789/5789 5777/5777
f 5812/5812 5761/5761 5831/5831
f 5831/5831 5761/5761 5772/5772
f 5832/5832 5833/5833 5733/5733
f 5733/5733 5801/5801 5832/5832
f 5794/5794 5786/5786 5827/5827
f 5797/5797 5798/5798 5834/5834
f 5776/5776 5789/5789 5835/5835
f 5770/5770 5784/5784 5836/5836
f 5837/5837 5770/5770 5836/5836
f 5835/5835 5789/5789 5830/5830
f 5830/5830 5777/5777 5838/5838
f 5838/5838 5777/5777 5824/5824
f 5839/5839 5840/5840 5841/5841
f 5842/5842 5788/5788 5806/5806
f 1826/1826 5758/5758 1867/1867
f 5823/5823 5774/5774 5802/5802
f 5802/5802 5803/5803 5843/5843
f 1867/1867 5758/5758 5775/5775
f 5804/5804 5793/5793 5811/5811
f 5844/5844 5767/5767 5785/5785
f 5845/5845 5783/5783 5822/5822
f 1868/1868 1827/1827 1826/1826
f 5808/5808 5799/5799 5846/5846
f 5836/5836 5784/5784 5809/5809
f 5847/5847 5833/5833 5832/5832
f 5848/5848 5767/5767 5844/5844
f 5849/5849 5768/5768 5845/5845
f 5768/5768 5783/5783 5845/5845
f 5850/5850 5818/5818 5787/5787
f 5787/5787 5788/5788 5842/5842
f 5829/5829 5770/5770 5837/5837
f 5813/5813 5767/5767 5848/5848
f 5842/5842 5806/5806 5851/5851
f 5852/5852 5853/5853 5854/5854
f 5855/5855 5852/5852 5854/5854
f 5856/5856 5749/5749 5780/5780
f 5811/5811 5839/5839 5857/5857
f 5858/5858 5839/5839 5841/5841
f 5844/5844 5785/5785 5819/5819
f 5820/5820 5821/5821 5859/5859
f 5859/5859 5821/5821 5849/5849
f 5850/5850 5787/5787 5842/5842
f 5856/5856 5780/5780 5860/5860
f 5860/5860 5780/5780 5816/5816
f 5823/5823 5802/5802 5861/5861
f 5843/5843 5803/5803 5862/5862
f 5863/5863 5799/5799 5829/5829
f 5864/5864 5865/5865 5866/5866
f 5867/5867 5827/5827 5828/5828
f 5822/5822 5766/5766 5868/5868
f 5868/5868 5766/5766 5818/5818
f 5831/5831 5772/5772 5869/5869
f 5779/5779 5827/5827 5870/5870
f 5870/5870 5827/5827 5867/5867
f 5871/5871 5822/5822 5868/5868
f 5803/5803 1868/1868 5862/5862
f 5846/5846 5799/5799 5863/5863
f 5816/5816 5823/5823 5861/5861
f 5861/5861 5802/5802 5843/5843
f 5776/5776 5835/5835 5872/5872
f 5873/5873 5808/5808 5846/5846
f 5863/5863 5829/5829 5837/5837
f 5872/5872 5835/5835 5830/5830
f 5830/5830 5838/5838 5874/5874
f 5838/5838 5824/5824 5875/5875
f 5874/5874 5838/5838 5875/5875
f 5839/5839 5858/5858 5876/5876
f 1874/1874 1849/1849 1887/1887
f 5860/5860 5816/5816 5877/5877
f 1867/1867 5775/5775 5878/5878
f 5879/5879 5776/5776 5872/5872
f 5877/5877 5816/5816 5861/5861
f 5880/5880 5864/5864 5866/5866
f 5843/5843 5862/5862 5881/5881
f 5863/5863 5837/5837 5882/5882
f 5872/5872 5830/5830 5874/5874
f 5858/5858 5841/5841 5826/5826
f 5882/5882 5837/5837 5836/5836
f 5883/5883 5858/5858 5826/5826
f 5848/5848 5844/5844 5884/5884
f 5844/5844 5819/5819 5885/5885
f 5885/5885 5819/5819 5805/5805
f 5886/5886 5861/5861 5843/5843
f 5862/5862 1868/1868 5887/5887
f 5887/5887 1868/1868 1867/1867
f 5845/5845 5822/5822 5871/5871
f 5856/5856 5860/5860 5888/5888
f 5888/5888 5860/5860 5877/5877
f 5886/5886 5843/5843 5881/5881
f 5887/5887 1867/1867 5889/5889
f 5889/5889 1867/1867 5878/5878
f 5812/5812 5831/5831 5890/5890
f 5890/5890 5831/5831 5869/5869
f 5891/5891 5828/5828 5814/5814
f 5849/5849 5845/5845 5892/5892
f 5888/5888 5877/5877 5893/5893
f 5893/5893 5877/5877 5861/5861
f 5893/5893 5861/5861 5886/5886
f 5894/5894 5874/5874 5875/5875
f 5895/5895 5896/5896 5897/5897
f 5867/5867 5828/5828 5891/5891
f 5898/5898 5867/5867 5891/5891
f 5891/5891 5814/5814 5899/5899
f 5900/5900 5815/5815 5820/5820
f 5881/5881 5862/5862 5887/5887
f 5882/5882 5836/5836 5901/5901
f 5857/5857 5839/5839 5902/5902
f 5839/5839 5876/5876 5902/5902
f 5884/5884 5844/5844 5885/5885
f 5885/5885 5805/5805 5903/5903
f 5900/5900 5820/5820 5904/5904
f 5904/5904 5820/5820 5859/5859
f 5892/5892 5845/5845 5871/5871
f 5868/5868 5818/5818 5905/5905
f 5905/5905 5818/5818 5850/5850
f 5889/5889 5878/5878 5906/5906
f 5907/5907 5879/5879 5872/5872
f 5907/5907 5872/5872 5908/5908
f 5872/5872 5874/5874 5909/5909
f 5909/5909 5874/5874 5894/5894
f 5894/5894 5875/5875 5910/5910
f 5870/5870 5867/5867 5898/5898
f 5842/5842 5851/5851 5911/5911
f 5911/5911 5851/5851 5912/5912
f 5886/5886 5881/5881 5913/5913
f 5887/5887 5889/5889 5914/5914
f 5901/5901 5836/5836 5809/5809
f 5908/5908 5872/5872 5909/5909
f 5915/5915 5857/5857 5916/5916
f 5859/5859 5849/5849 5892/5892
f 5917/5917 5915/5915 5916/5916
f 5918/5918 5857/5857 5902/5902
f 5876/5876 5858/5858 5883/5883
f 5883/5883 5826/5826 5919/5919
f 5813/5813 5848/5848 5920/5920
f 5921/5921 5892/5892 5871/5871
f 5922/5922 5923/5923 5924/5924
f 5925/5925 5842/5842 5911/5911
f 5926/5926 5863/5863 5882/5882
f 5901/5901 5809/5809 5927/5927
f 5928/5928 5810/5810 5812/5812
f 5916/5916 5857/5857 5918/5918
f 5897/5897 5896/5896 5929/5929
f 5930/5930 5893/5893 5886/5886
f 5914/5914 5889/5889 5906/5906
f 5931/5931 5873/5873 5846/5846
f 5846/5846 5863/5863 5926/5926
f 5905/5905 5850/5850 5932/5932
f 5908/5908 5909/5909 5933/5933
f 5934/5934 5922/5922 5924/5924
f 5888/5888 5893/5893 5935/5935
f 5935/5935 5893/5893 5930/5930
f 5890/5890 5869/5869 5936/5936
f 5937/5937 5876/5876 5883/5883
f 5920/5920 5848/5848 5884/5884
f 5938/5938 5891/5891 5899/5899
f 5939/5939 5871/5871 5868/5868
f 5930/5930 5886/5886 5913/5913
f 5940/5940 5913/5913 5881/5881
f 5812/5812 5890/5890 5941/5941
f 5909/5909 5894/5894 5942/5942
f 5942/5942 5894/5894 5910/5910
f 5779/5779 5870/5870 5943/5943
f 5944/5944 5779/5779 5943/5943
f 5870/5870 5898/5898 5945/5945
f 5943/5943 5870/5870 5945/5945
f 5898/5898 5891/5891 5938/5938
f 5921/5921 5871/5871 5939/5939
f 5940/5940 5881/5881 5887/5887
f 5940/5940 5887/5887 5946/5946
f 5931/5931 5846/5846 5947/5947
f 5846/5846 5926/5926 5947/5947
f 5926/5926 5882/5882 5948/5948
f 5948/5948 5882/5882 5949/5949
f 5882/5882 5901/5901 5949/5949
f 5933/5933 5909/5909 5942/5942
f 5950/5950 5884/5884 5885/5885
f 5945/5945 5898/5898 5938/5938
f 5904/5904 5859/5859 5951/5951
f 5911/5911 5912/5912 5952/5952
f 5856/5856 5888/5888 5953/5953
f 5954/5954 5856/5856 5953/5953
f 5953/5953 5888/5888 5935/5935
f 5930/5930 5913/5913 5955/5955
f 5941/5941 5890/5890 5936/5936
f 5920/5920 5884/5884 5950/5950
f 5907/5907 5908/5908 5933/5933
f 5918/5918 5902/5902 5956/5956
f 5957/5957 5876/5876 5937/5937
f 5900/5900 5904/5904 5958/5958
f 5951/5951 5859/5859 5959/5959
f 5859/5859 5892/5892 5959/5959
f 5914/5914 5906/5906 5960/5960
f 5961/5961 5907/5907 5933/5933
f 5928/5928 5812/5812 5962/5962
f 5962/5962 5812/5812 5941/5941
f 5956/5956 5902/5902 5876/5876
f 5958/5958 5904/5904 5951/5951
f 5935/5935 5930/5930 5963/5963
f 5963/5963 5930/5930 5955/5955
f 5964/5964 5914/5914 5960/5960
f 5883/5883 5919/5919 5965/5965
f 5966/5966 5951/5951 5959/5959
f 5947/5947 5926/5926 5967/5967
f 5956/5956 5876/5876 5957/5957
f 5937/5937 5883/5883 5965/5965
f 5953/5953 5935/5935 5968/5968
f 5968/5968 5935/5935 5963/5963
f 5946/5946 5887/5887 5964/5964
f 5887/5887 5914/5914 5964/5964
f 5926/5926 5948/5948 5967/5967
f 5942/5942 5910/5910 5969/5969
f 1930/1930 1938/1938 1960/1960
f 5945/5945 5938/5938 5970/5970
f 5938/5938 5899/5899 5971/5971
f 5972/5972 5900/5900 5958/5958
f 5973/5973 5959/5959 5892/5892
f 5939/5939 5868/5868 5905/5905
f 5974/5974 5905/5905 5932/5932
f 5975/5975 5947/5947 5967/5967
f 5949/5949 5901/5901 5976/5976
f 5976/5976 5901/5901 5927/5927
f 5977/5977 5933/5933 5942/5942
f 1920/1920 1930/1930 1960/1960
f 5970/5970 5938/5938 5978/5978
f 5978/5978 5938/5938 5971/5971
f 5892/5892 5921/5921 5979/5979
f 5913/5913 5940/5940 5980/5980
f 5961/5961 5933/5933 5977/5977
f 5931/5931 5947/5947 5975/5975
f 1963/1963 1917/1917 5981/5981
f 5917/5917 5916/5916 5982/5982
f 5982/5982 5916/5916 5918/5918
f 5983/5983 5919/5919 5920/5920
f 5973/5973 5892/5892 5979/5979
f 5925/5925 5911/5911 5984/5984
f 5984/5984 5911/5911 5952/5952
f 5955/5955 5913/5913 5985/5985
f 5963/5963 5955/5955 5985/5985
f 5980/5980 5940/5940 5946/5946
f 5977/5977 5942/5942 5986/5986
f 5986/5986 5942/5942 5969/5969
f 5985/5985 5913/5913 5980/5980
f 5980/5980 5946/5946 5987/5987
f 5946/5946 5964/5964 5960/5960
f 5946/5946 5960/5960 5988/5988
f 5988/5988 5960/5960 5989/5989
f 5990/5990 5921/5921 5939/5939
f 5987/5987 5946/5946 5991/5991
f 5991/5991 5946/5946 5988/5988
f 5967/5967 5948/5948 5992/5992
f 5992/5992 5948/5948 5949/5949
f 5957/5957 5937/5937 5993/5993
f 5983/5983 5965/5965 5919/5919
f 5950/5950 5885/5885 5994/5994
f 5994/5994 5885/5885 5903/5903
f 5979/5979 5921/5921 5990/5990
f 5939/5939 5905/5905 5995/5995
f 5991/5991 5988/5988 5996/5996
f 5996/5996 5988/5988 5989/5989
f 5983/5983 5920/5920 5997/5997
f 5994/5994 5903/5903 5998/5998
f 5943/5943 5945/5945 5999/5999
f 5999/5999 5945/5945 5970/5970
f 6000/6000 5963/5963 5985/5985
f 5987/5987 5991/5991 5996/5996
f 5975/5975 5967/5967 6001/6001
f 5992/5992 5949/5949 6002/6002
f 6002/6002 5949/5949 5976/5976
f 5941/5941 5936/5936 6003/6003
f 5993/5993 5937/5937 5965/5965
f 5920/5920 5950/5950 5997/5997
f 5995/5995 5905/5905 5974/5974
f 5974/5974 5932/5932 5925/5925
f 5996/5996 5989/5989 6004/6004
f 1963/1963 5981/5981 6005/6005
f 5976/5976 5927/5927 6006/6006
f 6007/6007 5928/5928 5962/5962
f 6008/6008 5917/5917 5982/5982
f 5999/5999 5970/5970 6009/6009
f 5968/5968 5963/5963 6000/6000
f 5985/5985 5980/5980 6010/6010
f 6010/6010 5980/5980 5987/5987
f 6010/6010 5987/5987 6011/6011
f 6012/6012 5977/5977 6013/6013
f 6013/6013 5977/5977 5986/5986
f 5986/5986 5969/5969 6014/6014
f 5982/5982 5918/5918 6015/6015
f 6015/6015 5918/5918 5956/5956
f 5997/5997 5950/5950 5994/5994
f 6009/6009 5970/5970 5978/5978
f 5958/5958 5951/5951 5966/5966
f 6016/6016 5925/5925 5984/5984
f 6011/6011 5987/5987 5996/5996
f 2000/2000 1963/1963 6005/6005
f 6017/6017 5975/5975 6001/6001
f 6018/6018 6019/6019 6020/6020
f 6021/6021 5966/5966 5959/5959
f 5990/5990 5939/5939 5995/5995
f 5984/5984 5952/5952 6022/6022
f 2044/2044 5954/5954 5953/5953
f 5968/5968 6000/6000 6023/6023
f 6011/6011 5996/5996 6024/6024
f 6024/6024 5996/5996 6004/6004
f 5962/5962 5941/5941 6025/6025
f 6025/6025 5941/5941 6003/6003
f 6026/6026 5957/5957 5993/5993
f 6027/6027 5965/5965 5983/5983
f 6028/6028 5968/5968 6023/6023
f 6000/6000 5985/5985 6029/6029
f 6029/6029 5985/5985 6010/6010
f 6001/6001 5967/5967 5992/5992
f 6030/6030 5992/5992 6002/6002
f 6008/6008 5982/5982 6015/6015
f 5979/5979 5990/5990 6031/6031
f 2044/2044 5953/5953 6032/6032
f 6032/6032 5953/5953 5968/5968
f 6032/6032 5968/5968 6028/6028
f 6010/6010 6011/6011 6033/6033
f 6033/6033 6011/6011 6024/6024
f 5993/5993 5965/5965 6027/6027
f 5974/5974 5925/5925 6016/6016
f 6023/6023 6000/6000 6034/6034
f 6034/6034 6000/6000 6029/6029
f 6029/6029 6010/6010 6035/6035
f 6035/6035 6010/6010 6033/6033
f 6002/6002 5976/5976 6036/6036
f 6036/6036 5976/5976 6006/6006
f 6013/6013 5986/5986 6014/6014
f 6037/6037 6015/6015 5956/5956
f 6038/6038 5959/5959 5973/5973
f 6039/6039 5973/5973 5979/5979
f 6028/6028 6023/6023 6040/6040
f 6040/6040 6023/6023 6034/6034
f 6017/6017 6001/6001 6041/6041
f 6041/6041 6001/6001 5992/5992
f 5974/5974 6016/6016 6042/6042
f 6016/6016 5984/5984 6043/6043
f 6043/6043 5984/5984 6022/6022
f 6032/6032 6028/6028 2045/2045
f 2044/2044 6032/6032 2045/2045
f 2045/2045 6028/6028 6040/6040
f 6034/6034 6029/6029 6044/6044
f 6044/6044 6029/6029 6035/6035
f 6035/6035 6033/6033 6045/6045
f 6008/6008 6015/6015 2058/2058
f 2061/2061 6008/6008 2058/2058
f 2058/2058 6015/6015 6046/6046
f 6046/6046 6015/6015 6037/6037
f 6042/6042 6016/6016 6047/6047
f 2032/2032 2034/2034 6048/6048
f 2088/2088 2032/2032 6048/6048
f 2034/2034 2036/2036 6049/6049
f 6048/6048 2034/2034 6049/6049
f 6049/6049 2036/2036 6050/6050
f 6050/6050 2036/2036 2038/2038
f 6050/6050 2038/2038 2090/2090
f 6047/6047 6016/6016 6043/6043
f 6047/6047 6043/6043 6051/6051
f 6052/6052 2040/2040 2042/2042
f 6052/6052 2042/2042 2087/2087
f 2042/2042 2046/2046 2088/2088
f 2087/2087 2042/2042 2088/2088
f 2046/2046 2033/2033 2032/2032
f 2088/2088 2046/2046 2032/2032
f 2090/2090 2038/2038 2039/2039
f 2090/2090 2039/2039 2091/2091
f 2091/2091 2039/2039 2051/2051
f 2051/2051 2050/2050 2094/2094
f 6053/6053 6035/6035 6045/6045
f 6053/6053 6045/6045 6054/6054
f 6045/6045 6033/6033 6055/6055
f 6055/6055 6033/6033 6024/6024
f 6012/6012 6013/6013 6056/6056
f 6007/6007 5962/5962 6057/6057
f 6057/6057 5962/5962 6025/6025
f 2052/2052 2026/2026 6058/6058
f 2052/2052 6058/6058 6059/6059
f 2053/2053 2027/2027 2052/2052
f 2109/2109 2064/2064 2066/2066
f 2066/2066 2068/2068 2073/2073
f 2066/2066 2073/2073 2110/2110
f 2110/2110 2073/2073 2112/2112
f 2112/2112 2073/2073 2113/2113
f 2073/2073 2076/2076 2113/2113
f 2113/2113 2076/2076 6060/6060
f 2113/2113 6060/6060 2115/2115
f 2062/2062 2058/2058 6046/6046
f 2115/2115 6060/6060 2124/2124
f 6037/6037 5956/5956 6061/6061
f 6062/6062 6018/6018 6020/6020
f 6063/6063 6009/6009 5978/5978
f 5978/5978 5971/5971 6064/6064
f 6065/6065 5972/5972 5958/5958
f 6039/6039 5979/5979 6031/6031
f 6066/6066 5995/5995 5974/5974
f 2086/2086 2088/2088 6067/6067
f 6067/6067 2088/2088 6048/6048
f 6067/6067 6048/6048 6068/6068
f 6048/6048 6049/6049 6068/6068
f 6068/6068 6049/6049 6069/6069
f 6049/6049 6050/6050 6069/6069
f 6069/6069 6050/6050 6070/6070
f 6050/6050 2090/2090 6070/6070
f 6070/6070 2090/2090 6071/6071
f 6071/6071 2090/2090 2092/2092
f 6072/6072 6073/6073 6074/6074
f 6074/6074 6073/6073 6075/6075
f 6047/6047 6051/6051 6076/6076
f 6052/6052 2087/2087 2089/2089
f 6077/6077 6052/6052 2089/2089
f 6073/6073 6078/6078 6079/6079
f 6075/6075 6073/6073 6079/6079
f 6079/6079 6078/6078 6080/6080
f 6056/6056 6013/6013 6014/6014
f 6081/6081 6082/6082 6083/6083
f 6081/6081 6083/6083 6084/6084
f 6084/6084 6083/6083 6085/6085
f 6084/6084 6085/6085 6086/6086
f 2102/2102 2062/2062 6087/6087
f 6085/6085 6088/6088 6086/6086
f 2062/2062 6046/6046 6087/6087
f 6087/6087 6046/6046 6037/6037
f 6089/6089 5997/5997 5994/5994
f 5999/5999 6009/6009 6063/6063
f 6066/6066 5974/5974 6042/6042
f 2133/2133 2136/2136 6090/6090
f 2133/2133 6090/6090 6091/6091
f 6090/6090 6092/6092 6091/6091
f 6091/6091 6092/6092 6093/6093
f 6093/6093 6092/6092 6094/6094
f 6093/6093 6094/6094 6095/6095
f 6095/6095 6094/6094 6096/6096
f 6095/6095 6096/6096 6097/6097
f 6097/6097 6096/6096 6072/6072
f 6072/6072 6074/6074 6098/6098
f 6097/6097 6072/6072 6098/6098
f 6074/6074 6075/6075 6098/6098
f 6047/6047 6076/6076 6099/6099
f 6100/6100 2135/2135 6101/6101
f 6099/6099 6076/6076 6102/6102
f 6101/6101 2135/2135 2134/2134
f 6075/6075 6079/6079 6103/6103
f 6098/6098 6075/6075 6103/6103
f 6104/6104 6079/6079 6080/6080
f 6103/6103 6079/6079 6104/6104
f 6105/6105 6106/6106 6107/6107
f 6106/6106 6108/6108 6109/6109
f 6107/6107 6106/6106 6109/6109
f 6109/6109 6108/6108 6110/6110
f 6109/6109 6110/6110 6111/6111
f 6110/6110 6112/6112 6113/6113
f 6110/6110 6113/6113 6111/6111
f 2143/2143 2102/2102 6087/6087
f 2107/2107 2148/2148 2120/2120
f 2119/2119 2107/2107 2120/2120
f 6114/6114 6113/6113 6115/6115
f 6111/6111 6113/6113 6114/6114
f 6111/6111 6114/6114 6116/6116
f 6087/6087 6037/6037 6117/6117
f 6117/6117 6037/6037 6061/6061
f 6118/6118 5944/5944 5943/5943
f 6063/6063 5978/5978 6119/6119
f 6119/6119 5978/5978 6064/6064
f 6120/6120 5958/5958 5966/5966
f 6120/6120 5966/5966 6021/6021
f 6021/6021 5959/5959 6038/6038
f 6042/6042 6047/6047 6121/6121
f 6121/6121 6047/6047 6099/6099
f 2134/2134 2133/2133 6122/6122
f 2133/2133 6091/6091 6122/6122
f 6122/6122 6091/6091 6123/6123
f 6091/6091 6093/6093 6123/6123
f 6123/6123 6093/6093 6124/6124
f 6124/6124 6093/6093 6095/6095
f 6124/6124 6095/6095 6125/6125
f 6095/6095 6097/6097 6125/6125
f 6125/6125 6097/6097 6126/6126
f 6097/6097 6098/6098 6103/6103
f 6126/6126 6097/6097 6103/6103
f 6127/6127 6099/6099 6102/6102
f 6121/6121 6099/6099 6127/6127
f 6101/6101 2134/2134 6128/6128
f 6129/6129 6130/6130 6131/6131
f 6132/6132 6129/6129 6131/6131
f 6128/6128 2134/2134 6122/6122
f 6132/6132 6131/6131 6133/6133
f 6122/6122 6123/6123 6134/6134
f 6128/6128 6122/6122 6134/6134
f 6133/6133 6131/6131 6135/6135
f 6133/6133 6135/6135 6136/6136
f 6123/6123 6124/6124 6137/6137
f 6134/6134 6123/6123 6137/6137
f 6136/6136 6135/6135 6138/6138
f 6137/6137 6124/6124 6125/6125
f 6136/6136 6138/6138 6139/6139
f 6137/6137 6125/6125 6126/6126
f 6126/6126 6103/6103 6104/6104
f 6139/6139 6140/6140 6141/6141
f 6140/6140 6054/6054 6141/6141
f 6141/6141 6054/6054 6045/6045
f 6141/6141 6045/6045 6055/6055
f 6024/6024 6004/6004 6142/6142
f 6143/6143 6012/6012 6056/6056
f 2143/2143 6144/6144 2144/2144
f 6144/6144 2143/2143 6145/6145
f 6146/6146 2160/2160 2162/2162
f 6147/6147 6148/6148 6149/6149
f 6149/6149 6148/6148 6107/6107
f 6107/6107 6148/6148 6105/6105
f 6145/6145 2143/2143 6087/6087
f 6150/6150 6149/6149 6107/6107
f 6150/6150 6107/6107 6151/6151
f 6151/6151 6107/6107 6152/6152
f 6152/6152 6107/6107 6109/6109
f 6152/6152 6109/6109 6153/6153
f 6153/6153 6109/6109 6111/6111
f 6153/6153 6111/6111 6116/6116
f 6031/6031 5990/5990 6154/6154
f 6154/6154 5990/5990 5995/5995
f 6066/6066 6042/6042 6121/6121
f 6121/6121 6127/6127 6155/6155
f 6129/6129 6132/6132 6156/6156
f 6157/6157 6129/6129 6156/6156
f 6156/6156 6132/6132 6133/6133
f 6158/6158 6136/6136 6139/6139
f 6158/6158 6139/6139 6141/6141
f 6041/6041 5992/5992 6159/6159
f 6159/6159 5992/5992 6030/6030
f 6160/6160 6144/6144 6145/6145
f 6145/6145 6087/6087 6117/6117
f 6027/6027 5983/5983 6161/6161
f 6161/6161 5983/5983 5997/5997
f 6133/6133 6136/6136 6158/6158
f 6162/6162 6141/6141 6055/6055
f 6162/6162 6055/6055 6163/6163
f 6163/6163 6055/6055 6024/6024
f 6163/6163 6024/6024 6164/6164
f 6164/6164 6024/6024 6142/6142
f 6002/6002 6036/6036 6165/6165
f 6165/6165 6036/6036 6006/6006
f 6056/6056 6014/6014 6166/6166
f 6167/6167 5993/5993 6168/6168
f 6168/6168 5993/5993 6027/6027
f 6161/6161 5997/5997 6089/6089
f 6089/6089 5994/5994 6169/6169
f 6169/6169 5994/5994 5998/5998
f 6038/6038 5973/5973 6039/6039
f 6156/6156 6133/6133 6170/6170
f 6171/6171 6017/6017 6172/6172
f 6172/6172 6017/6017 6041/6041
f 6026/6026 5993/5993 6167/6167
f 6173/6173 6066/6066 6121/6121
f 6157/6157 6156/6156 6174/6174
f 6174/6174 6156/6156 6170/6170
f 6133/6133 6158/6158 6170/6170
f 6158/6158 6141/6141 6162/6162
f 6160/6160 6145/6145 6175/6175
f 6176/6176 6117/6117 6061/6061
f 6169/6169 5998/5998 6177/6177
f 5999/5999 6063/6063 6178/6178
f 6173/6173 6121/6121 6179/6179
f 6179/6179 6121/6121 6155/6155
f 6030/6030 6002/6002 6180/6180
f 6180/6180 6002/6002 6165/6165
f 6175/6175 6145/6145 6117/6117
f 6168/6168 6027/6027 6161/6161
f 6065/6065 5958/5958 6120/6120
f 6181/6181 6174/6174 6170/6170
f 6182/6182 6170/6170 6183/6183
f 6183/6183 6170/6170 6158/6158
f 6183/6183 6158/6158 6162/6162
f 6184/6184 6171/6171 6172/6172
f 6172/6172 6041/6041 6185/6185
f 6185/6185 6041/6041 6159/6159
f 6159/6159 6030/6030 6180/6180
f 6025/6025 6003/6003 6186/6186
f 6187/6187 6160/6160 6175/6175
f 6176/6176 6061/6061 6188/6188
f 6062/6062 6020/6020 6189/6189
f 6020/6020 6190/6190 6189/6189
f 5995/5995 6066/6066 6191/6191
f 6191/6191 6066/6066 6173/6173
f 6181/6181 6170/6170 6182/6182
f 6164/6164 6142/6142 6192/6192
f 6184/6184 6172/6172 6193/6193
f 6193/6193 6172/6172 6185/6185
f 6143/6143 6056/6056 6194/6194
f 6195/6195 6143/6143 6194/6194
f 6194/6194 6056/6056 6166/6166
f 6057/6057 6025/6025 6196/6196
f 6196/6196 6025/6025 6186/6186
f 2018/2018 2022/2022 2177/2177
f 6118/6118 5943/5943 6197/6197
f 6197/6197 5943/5943 5999/5999
f 6179/6179 6155/6155 6198/6198
f 6199/6199 6157/6157 6174/6174
f 6194/6194 6166/6166 6200/6200
f 6201/6201 6039/6039 6031/6031
f 6168/6168 6161/6161 6202/6202
f 6197/6197 5999/5999 6178/6178
f 6203/6203 6183/6183 6162/6162
f 6203/6203 6162/6162 6163/6163
f 6063/6063 6119/6119 6204/6204
f 6204/6204 6119/6119 6064/6064
f 6201/6201 6031/6031 6205/6205
f 6206/6206 6057/6057 6196/6196
f 6207/6207 6117/6117 6176/6176
f 6038/6038 6039/6039 6201/6201
f 6154/6154 5995/5995 6208/6208
f 6199/6199 6174/6174 6209/6209
f 6209/6209 6174/6174 6181/6181
f 6175/6175 6117/6117 6207/6207
f 6120/6120 6021/6021 6210/6210
f 6210/6210 6021/6021 6038/6038
f 6191/6191 6173/6173 6179/6179
f 6182/6182 6183/6183 6211/6211
f 6163/6163 6164/6164 6212/6212
f 6213/6213 6163/6163 6212/6212
f 6212/6212 6164/6164 6192/6192
f 6007/6007 6057/6057 6206/6206
f 6167/6167 6168/6168 6214/6214
f 6202/6202 6161/6161 6215/6215
f 6215/6215 6161/6161 6089/6089
f 6178/6178 6063/6063 6204/6204
f 6216/6216 6163/6163 6213/6213
f 6193/6193 6185/6185 6217/6217
f 6217/6217 6185/6185 6159/6159
f 6159/6159 6180/6180 6218/6218
f 6218/6218 6180/6180 6165/6165
f 6187/6187 6175/6175 6207/6207
f 6189/6189 6190/6190 6219/6219
f 6220/6220 6118/6118 6197/6197
f 6208/6208 5995/5995 6191/6191
f 6221/6221 6182/6182 6211/6211
f 6211/6211 6183/6183 6203/6203
f 6216/6216 6203/6203 6163/6163
f 6212/6212 6192/6192 6222/6222
f 6217/6217 6159/6159 6218/6218
f 6165/6165 6006/6006 6223/6223
f 6224/6224 6195/6195 6194/6194
f 6224/6224 6194/6194 6225/6225
f 6226/6226 6007/6007 6206/6206
f 6225/6225 6194/6194 6200/6200
f 6225/6225 6200/6200 6227/6227
f 6227/6227 6200/6200 6228/6228
f 6214/6214 6168/6168 6202/6202
f 6215/6215 6089/6089 6229/6229
f 6205/6205 6031/6031 6154/6154
f 6211/6211 6203/6203 6216/6216
f 6230/6230 6207/6207 6176/6176
f 6231/6231 6197/6197 6178/6178
f 6204/6204 6064/6064 6232/6232
f 6233/6233 6234/6234 6235/6235
f 6236/6236 6120/6120 6237/6237
f 6209/6209 6181/6181 6221/6221
f 6221/6221 6181/6181 6182/6182
f 6229/6229 6089/6089 6169/6169
f 6220/6220 6197/6197 6238/6238
f 6238/6238 6197/6197 6231/6231
f 6231/6231 6178/6178 6204/6204
f 6237/6237 6120/6120 6210/6210
f 6239/6239 6191/6191 6179/6179
f 6239/6239 6179/6179 6240/6240
f 6221/6221 6211/6211 6241/6241
f 6193/6193 6217/6217 6242/6242
f 6196/6196 6186/6186 6243/6243
f 6230/6230 6176/6176 6244/6244
f 6244/6244 6176/6176 6188/6188
f 6245/6245 6184/6184 6193/6193
f 6244/6244 6188/6188 6246/6246
f 6247/6247 6208/6208 6191/6191
f 6240/6240 6179/6179 6198/6198
f 6218/6218 6165/6165 6248/6248
f 6246/6246 6188/6188 6214/6214
f 6249/6249 6250/6250 6251/6251
f 6251/6251 6250/6250 6252/6252
f 6247/6247 6191/6191 6239/6239
f 6211/6211 6216/6216 6253/6253
f 6216/6216 6213/6213 6254/6254
f 6254/6254 6213/6213 6212/6212
f 6254/6254 6212/6212 6255/6255
f 6255/6255 6212/6212 6222/6222
f 6256/6256 6207/6207 6230/6230
f 6240/6240 6198/6198 6257/6257
f 6199/6199 6209/6209 6258/6258
f 6259/6259 6199/6199 6258/6258
f 6258/6258 6209/6209 6221/6221
f 6253/6253 6216/6216 6254/6254
f 6217/6217 6218/6218 6260/6260
f 6260/6260 6218/6218 6248/6248
f 6248/6248 6165/6165 6223/6223
f 6187/6187 6207/6207 6256/6256
f 6261/6261 6187/6187 6256/6256
f 6241/6241 6211/6211 6253/6253
f 6226/6226 6206/6206 2288/2288
f 2288/2288 6206/6206 6196/6196
f 6262/6262 6263/6263 6264/6264
f 6231/6231 6204/6204 6265/6265
f 6265/6265 6204/6204 6232/6232
f 6205/6205 6154/6154 6208/6208
f 6258/6258 6221/6221 6266/6266
f 6245/6245 6193/6193 6242/6242
f 6242/6242 6217/6217 6267/6267
f 6268/6268 6225/6225 6227/6227
f 6227/6227 6228/6228 6269/6269
f 6246/6246 6214/6214 6270/6270
f 6238/6238 6231/6231 6271/6271
f 6265/6265 6232/6232 6272/6272
f 6273/6273 6236/6236 6237/6237
f 6201/6201 6205/6205 6274/6274
f 6266/6266 6221/6221 6241/6241
f 6267/6267 6217/6217 6260/6260
f 6229/6229 6169/6169 6275/6275
f 6275/6275 6169/6169 6177/6177
f 6271/6271 6231/6231 6265/6265
f 6241/6241 6253/6253 6276/6276
f 6277/6277 6253/6253 6254/6254
f 6277/6277 6254/6254 6278/6278
f 6278/6278 6254/6254 6255/6255
f 6279/6279 6262/6262 6264/6264
f 6280/6280 6281/6281 6282/6282
f 6282/6282 6281/6281 6283/6283
f 6284/6284 6201/6201 6274/6274
f 6278/6278 6255/6255 6285/6285
f 6285/6285 6255/6255 6222/6222
f 6268/6268 6227/6227 6286/6286
f 6286/6286 6227/6227 6269/6269
f 6287/6287 6288/6288 6289/6289
f 6258/6258 6266/6266 6290/6290
f 6291/6291 6245/6245 6242/6242
f 6264/6264 6263/6263 6292/6292
f 6293/6293 6237/6237 6210/6210
f 6259/6259 6258/6258 6294/6294
f 6290/6290 6266/6266 6241/6241
f 6224/6224 6225/6225 6295/6295
f 6295/6295 6225/6225 6268/6268
f 6296/6296 6230/6230 6244/6244
f 6273/6273 6237/6237 6293/6293
f 6289/6289 6288/6288 6297/6297
f 6294/6294 6258/6258 6290/6290
f 6276/6276 6253/6253 6277/6277
f 6298/6298 6260/6260 6248/6248
f 6299/6299 6248/6248 6223/6223
f 6299/6299 6223/6223 6300/6300
f 2287/2287 6226/6226 2288/2288
f 6301/6301 6215/6215 6302/6302
f 6267/6267 6260/6260 6303/6303
f 6303/6303 6260/6260 6298/6298
f 6256/6256 6230/6230 6296/6296
f 6290/6290 6241/6241 6276/6276
f 6298/6298 6248/6248 6299/6299
f 2288/2288 6196/6196 6304/6304
f 6304/6304 6196/6196 6243/6243
f 6305/6305 6271/6271 6265/6265
f 6284/6284 6274/6274 6306/6306
f 6274/6274 6205/6205 6307/6307
f 6307/6307 6205/6205 6308/6308
f 6247/6247 6239/6239 6309/6309
f 6309/6309 6239/6239 6240/6240
f 6277/6277 6278/6278 6310/6310
f 6310/6310 6278/6278 6285/6285
f 6311/6311 6224/6224 6295/6295
f 6246/6246 6270/6270 6312/6312
f 6313/6313 6215/6215 6301/6301
f 6314/6314 6220/6220 6238/6238
f 6238/6238 6271/6271 6305/6305
f 6240/6240 6257/6257 6315/6315
f 6316/6316 6259/6259 6294/6294
f 6310/6310 6285/6285 6317/6317
f 6318/6318 6311/6311 6295/6295
f 6242/6242 6267/6267 6319/6319
f 6320/6320 6267/6267 6303/6303
f 6261/6261 6256/6256 6321/6321
f 6293/6293 6210/6210 6322/6322
f 6322/6322 6210/6210 6284/6284
f 6294/6294 6290/6290 6323/6323
f 6323/6323 6290/6290 6276/6276
f 6291/6291 6242/6242 6319/6319
f 6321/6321 6256/6256 6296/6296
f 2283/2283 2249/2249 2323/2323
f 6314/6314 6238/6238 6324/6324
f 6324/6324 6238/6238 6305/6305
f 6322/6322 6284/6284 6306/6306
f 6306/6306 6274/6274 6307/6307
f 2289/2289 2288/2288 6304/6304
f 6325/6325 6261/6261 6321/6321
f 6296/6296 6244/6244 6326/6326
f 6244/6244 6246/6246 6326/6326
f 2249/2249 2261/2261 2323/2323
f 6326/6326 6246/6246 6312/6312
f 6308/6308 6247/6247 6327/6327
f 6247/6247 6309/6309 6327/6327
f 6328/6328 6294/6294 6323/6323
f 6329/6329 6276/6276 6277/6277
f 6329/6329 6277/6277 6310/6310
f 6301/6301 6302/6302 6330/6330
f 6316/6316 6294/6294 6328/6328
f 6323/6323 6276/6276 6331/6331
f 6331/6331 6276/6276 6329/6329
f 6270/6270 6313/6313 6332/6332
f 6275/6275 6177/6177 6333/6333
f 6305/6305 6265/6265 6334/6334
f 6334/6334 6265/6265 6272/6272
f 6306/6306 6307/6307 6335/6335
f 6319/6319 6267/6267 6320/6320
f 6295/6295 6268/6268 6336/6336
f 6268/6268 6286/6286 6337/6337
f 6336/6336 6268/6268 6337/6337
f 6286/6286 6269/6269 6338/6338
f 6337/6337 6286/6286 6338/6338
f 6304/6304 6243/6243 2339/2339
f 6312/6312 6270/6270 6332/6332
f 6339/6339 6305/6305 6334/6334
f 6309/6309 6240/6240 6340/6340
f 6340/6340 6240/6240 6315/6315
f 6341/6341 6303/6303 6298/6298
f 2341/2341 6304/6304 2339/2339
f 6282/6282 6283/6283 6342/6342
f 6330/6330 6302/6302 6343/6343
f 6343/6343 6275/6275 6333/6333
f 6324/6324 6305/6305 6339/6339
f 6334/6334 6272/6272 6344/6344
f 6345/6345 6273/6273 6293/6293
f 6346/6346 6293/6293 6322/6322
f 6340/6340 6315/6315 6347/6347
f 6348/6348 6316/6316 6328/6328
f 6331/6331 6329/6329 6349/6349
f 6318/6318 6295/6295 6350/6350
f 6351/6351 6291/6291 6319/6319
f 6320/6320 6303/6303 6341/6341
f 6299/6299 6300/6300 6352/6352
f 6353/6353 2287/2287 2289/2289
f 6350/6350 6295/6295 6336/6336
f 6354/6354 2289/2289 6304/6304
f 6325/6325 6321/6321 6355/6355
f 6355/6355 6321/6321 6356/6356
f 6345/6345 6293/6293 6346/6346
f 6351/6351 6319/6319 6357/6357
f 6298/6298 6299/6299 6358/6358
f 6358/6358 6299/6299 6352/6352
f 6354/6354 6304/6304 2341/2341
f 6356/6356 6321/6321 6296/6296
f 6359/6359 6326/6326 6312/6312
f 6339/6339 6334/6334 6360/6360
f 6322/6322 6306/6306 6361/6361
f 6362/6362 6328/6328 6323/6323
f 6362/6362 6323/6323 6363/6363
f 6329/6329 6310/6310 2353/2353
f 2353/2353 6310/6310 6317/6317
f 2353/2353 6317/6317 2354/2354
f 2354/2354 6317/6317 6364/6364
f 6357/6357 6319/6319 6320/6320
f 6353/6353 2289/2289 6354/6354
f 6308/6308 6327/6327 6365/6365
f 6366/6366 6309/6309 6340/6340
f 6348/6348 6328/6328 6362/6362
f 6367/6367 6350/6350 6368/6368
f 6341/6341 6298/6298 6369/6369
f 6369/6369 6298/6298 6358/6358
f 6368/6368 6350/6350 6370/6370
f 6370/6370 6350/6350 6336/6336
f 6337/6337 6338/6338 6371/6371
f 6313/6313 6301/6301 6330/6330
f 6372/6372 6313/6313 6330/6330
f 6373/6373 6314/6314 6324/6324
f 6374/6374 6339/6339 6360/6360
f 6360/6360 6334/6334 6344/6344
f 6361/6361 6306/6306 6335/6335
f 6375/6375 6320/6320 6341/6341
f 6376/6376 6325/6325 6355/6355
f 6356/6356 6296/6296 6326/6326
f 6324/6324 6339/6339 6374/6374
f 6377/6377 6346/6346 6322/6322
f 6327/6327 6309/6309 6366/6366
f 6378/6378 6357/6357 6320/6320
f 6378/6378 6320/6320 6375/6375
f 6331/6331 6349/6349 6379/6379
f 6329/6329 2353/2353 2356/2356
f 6349/6349 6329/6329 2356/2356
f 6332/6332 6313/6313 6372/6372
f 6351/6351 6357/6357 6378/6378
f 6359/6359 6312/6312 6332/6332
f 6361/6361 6335/6335 6380/6380
f 6335/6335 6307/6307 6381/6381
f 6323/6323 6331/6331 6363/6363
f 6363/6363 6331/6331 6379/6379
f 6345/6345 6346/6346 6377/6377
f 6307/6307 6308/6308 6381/6381
f 6381/6381 6308/6308 6365/6365
f 2355/2355 2354/2354 6382/6382
f 6383/6383 6367/6367 6368/6368
f 6384/6384 6358/6358 6352/6352
f 6366/6366 6340/6340 6385/6385
f 6385/6385 6340/6340 6347/6347
f 6386/6386 6362/6362 6363/6363
f 6387/6387 6379/6379 6349/6349
f 2363/2363 2319/2319 6388/6388
f 6370/6370 6336/6336 6389/6389
f 6389/6389 6336/6336 6337/6337
f 6356/6356 6326/6326 6390/6390
f 6385/6385 6347/6347 6391/6391
f 6392/6392 6348/6348 6362/6362
f 6393/6393 6362/6362 6386/6386
f 6386/6386 6363/6363 6379/6379
f 6375/6375 6341/6341 6394/6394
f 6394/6394 6341/6341 6369/6369
f 6395/6395 6330/6330 6343/6343
f 6327/6327 6366/6366 6396/6396
f 6378/6378 6375/6375 6397/6397
f 6398/6398 6379/6379 6387/6387
f 6399/6399 6349/6349 2356/2356
f 6397/6397 6375/6375 6394/6394
f 6369/6369 6358/6358 6384/6384
f 6359/6359 6332/6332 6372/6372
f 6380/6380 6335/6335 6400/6400
f 6335/6335 6381/6381 6400/6400
f 6401/6401 6378/6378 6397/6397
f 6389/6389 6337/6337 6402/6402
f 6402/6402 6337/6337 6371/6371
f 6402/6402 6371/6371 6403/6403
f 6403/6403 6371/6371 2428/2428
f 6390/6390 6326/6326 6359/6359
f 6404/6404 6359/6359 6372/6372
f 6372/6372 6330/6330 6395/6395
f 6324/6324 6374/6374 6405/6405
f 6405/6405 6374/6374 6406/6406
f 6374/6374 6360/6360 6406/6406
f 6392/6392 6362/6362 6393/6393
f 6399/6399 2356/2356 6407/6407
f 6408/6408 6378/6378 6401/6401
f 6394/6394 6369/6369 6384/6384
f 2387/2387 6354/6354 2341/2341
f 6409/6409 6410/6410 6411/6411
f 6373/6373 6324/6324 6412/6412
f 6412/6412 6324/6324 6405/6405
f 6406/6406 6360/6360 6344/6344
f 6361/6361 6380/6380 6413/6413
f 6381/6381 6365/6365 6414/6414
f 6407/6407 2356/2356 2355/2355
f 6386/6386 6379/6379 6398/6398
f 6398/6398 6387/6387 6399/6399
f 6387/6387 6349/6349 6399/6399
f 6353/6353 6354/6354 6415/6415
f 6416/6416 6386/6386 6398/6398
f 6407/6407 2355/2355 6382/6382
f 6368/6368 6370/6370 6417/6417
f 6417/6417 6370/6370 6389/6389
f 6415/6415 6354/6354 2387/2387
f 6418/6418 6359/6359 6404/6404
f 6406/6406 6344/6344 6419/6419
f 6420/6420 6345/6345 6377/6377
f 6416/6416 6393/6393 6386/6386
f 6411/6411 6410/6410 6421/6421
f 6422/6422 6356/6356 6390/6390
f 6390/6390 6359/6359 6423/6423
f 6414/6414 6365/6365 6424/6424
f 6365/6365 6327/6327 6424/6424
f 6425/6425 6393/6393 6416/6416
f 6426/6426 6394/6394 6384/6384
f 6427/6427 6356/6356 6422/6422
f 6424/6424 6327/6327 6396/6396
f 6384/6384 6352/6352 6428/6428
f 6429/6429 6353/6353 6415/6415
f 6430/6430 6376/6376 6427/6427
f 2374/2374 2332/2332 2397/2397
f 6420/6420 6377/6377 6431/6431
f 6377/6377 6322/6322 6432/6432
f 6432/6432 6322/6322 6361/6361
f 6380/6380 6400/6400 6413/6413
f 6400/6400 6381/6381 6414/6414
f 2459/2459 6401/6401 6397/6397
f 6392/6392 6393/6393 6425/6425
f 6399/6399 6407/6407 6433/6433
f 6434/6434 6394/6394 6426/6426
f 6426/6426 6384/6384 6435/6435
f 6435/6435 6384/6384 6428/6428
f 6395/6395 6343/6343 6436/6436
f 6437/6437 6438/6438 6439/6439
f 6431/6431 6377/6377 6432/6432
f 6397/6397 6394/6394 6434/6434
f 6423/6423 6359/6359 6418/6418
f 6361/6361 6413/6413 6440/6440
f 2459/2459 6397/6397 6434/6434
f 6383/6383 6368/6368 6441/6441
f 6441/6441 6368/6368 6417/6417
f 6398/6398 6399/6399 6442/6442
f 6433/6433 6407/6407 6382/6382
f 6443/6443 6404/6404 6372/6372
f 6444/6444 6373/6373 6412/6412
f 6405/6405 6406/6406 6445/6445
f 6445/6445 6406/6406 6419/6419
f 6446/6446 6424/6424 6396/6396
f 6396/6396 6366/6366 6447/6447
f 6447/6447 6366/6366 6385/6385
f 6448/6448 6398/6398 6442/6442
f 6442/6442 6399/6399 6433/6433
f 6408/6408 6401/6401 2459/2459
f 6449/6449 6435/6435 6428/6428
f 6450/6450 6427/6427 6422/6422
f 6422/6422 6390/6390 6451/6451
f 6437/6437 6439/6439 6452/6452
f 6432/6432 6361/6361 6440/6440
f 6416/6416 6398/6398 6448/6448
f 6451/6451 6390/6390 6423/6423
f 6440/6440 6413/6413 6453/6453
f 6392/6392 6425/6425 6454/6454
f 6454/6454 6425/6425 6455/6455
f 2421/2421 2363/2363 6456/6456
f 6426/6426 6435/6435 6449/6449
f 6443/6443 6372/6372 6395/6395
f 6457/6457 6395/6395 6436/6436
f 6446/6446 6414/6414 6424/6424
f 6430/6430 6427/6427 6450/6450
f 6444/6444 6412/6412 6458/6458
f 6458/6458 6412/6412 6405/6405
f 6405/6405 6445/6445 6459/6459
f 2459/2459 6434/6434 6460/6460
f 2457/2457 2459/2459 6460/6460
f 2401/2401 2432/2432 2391/2391
f 6425/6425 6416/6416 6461/6461
f 6461/6461 6416/6416 6448/6448
f 6429/6429 6415/6415 6462/6462
f 6415/6415 2387/2387 2446/2446
f 6458/6458 6405/6405 6463/6463
f 6463/6463 6405/6405 6459/6459
f 6464/6464 6396/6396 6447/6447
f 6385/6385 6391/6391 6465/6465
f 6466/6466 6392/6392 6454/6454
f 6467/6467 6448/6448 6468/6468
f 6448/6448 6442/6442 6468/6468
f 6433/6433 6382/6382 6469/6469
f 6470/6470 6433/6433 6469/6469
f 6471/6471 6383/6383 6441/6441
f 6446/6446 6396/6396 6464/6464
f 6447/6447 6385/6385 6465/6465
f 6455/6455 6425/6425 6461/6461
f 6460/6460 6434/6434 6426/6426
f 6449/6449 6428/6428 6472/6472
f 6473/6473 6429/6429 6462/6462
f 6402/6402 6403/6403 2441/2441
f 2441/2441 6403/6403 2428/2428
f 6423/6423 6418/6418 6474/6474
f 6475/6475 6431/6431 6432/6432
f 6476/6476 6426/6426 6449/6449
f 6441/6441 6417/6417 6477/6477
f 6477/6477 6417/6417 6389/6389
f 6443/6443 6395/6395 6457/6457
f 6461/6461 6448/6448 6467/6467
f 6468/6468 6442/6442 2498/2498
f 2398/2398 2443/2443 2417/2417
f 6466/6466 6454/6454 6478/6478
f 6478/6478 6454/6454 6455/6455
f 2498/2498 6442/6442 6433/6433
f 6477/6477 6389/6389 6402/6402
f 6477/6477 6402/6402 6479/6479
f 6462/6462 6415/6415 2446/2446
f 6479/6479 6402/6402 2441/2441
f 6480/6480 6430/6430 6450/6450
f 6450/6450 6422/6422 6481/6481
f 6451/6451 6423/6423 6474/6474
f 6418/6418 6404/6404 6482/6482
f 6445/6445 6419/6419 6483/6483
f 6484/6484 6420/6420 6431/6431
f 6485/6485 6486/6486 6487/6487
f 6481/6481 6422/6422 6451/6451
f 6475/6475 6432/6432 6440/6440
f 6453/6453 6413/6413 6488/6488
f 6488/6488 6413/6413 6489/6489
f 6464/6464 6447/6447 6490/6490
f 6491/6491 2457/2457 6460/6460
f 6460/6460 6426/6426 6476/6476
f 6492/6492 6431/6431 6475/6475
f 6400/6400 6414/6414 6493/6493
f 6494/6494 6414/6414 6446/6446
f 2496/2496 6433/6433 6470/6470
f 6495/6495 6467/6467 6468/6468
f 2498/2498 6433/6433 2496/2496
f 2421/2421 6456/6456 6496/6496
f 6476/6476 6449/6449 6497/6497
f 6497/6497 6449/6449 6472/6472
f 6480/6480 6450/6450 6498/6498
f 6498/6498 6450/6450 6499/6499
f 6499/6499 6450/6450 6481/6481
f 6482/6482 6404/6404 6443/6443
f 6459/6459 6445/6445 6500/6500
f 6500/6500 6445/6445 6483/6483
f 6484/6484 6431/6431 6492/6492
f 6485/6485 6487/6487 6501/6501
f 6493/6493 6414/6414 6494/6494
f 2458/2458 2457/2457 6491/6491
f 6495/6495 6468/6468 2498/2498
f 2465/2465 2421/2421 6496/6496
f 6462/6462 2446/2446 2503/2503
f 6479/6479 2441/2441 2479/2479
f 6481/6481 6451/6451 6502/6502
f 6502/6502 6451/6451 6503/6503
f 6503/6503 6451/6451 6474/6474
f 6504/6504 6474/6474 6418/6418
f 6504/6504 6418/6418 6482/6482
f 6482/6482 6443/6443 6505/6505
f 6505/6505 6443/6443 6457/6457
f 6458/6458 6463/6463 6506/6506
f 6506/6506 6463/6463 6459/6459
f 6494/6494 6446/6446 6507/6507
f 6507/6507 6446/6446 6464/6464
f 6508/6508 6455/6455 6461/6461
f 6461/6461 6467/6467 6509/6509
f 6471/6471 6441/6441 6510/6510
f 6510/6510 6441/6441 6477/6477
f 6478/6478 6455/6455 6511/6511
f 6511/6511 6455/6455 6508/6508
f 6470/6470 6469/6469 6512/6512
f 6513/6513 6471/6471 6510/6510
f 6510/6510 6477/6477 6514/6514
f 6477/6477 6479/6479 6515/6515
f 6514/6514 6477/6477 6515/6515
f 6515/6515 6479/6479 2479/2479
f 6457/6457 6436/6436 6516/6516
f 6516/6516 6436/6436 6517/6517
f 6461/6461 6509/6509 6508/6508
f 6509/6509 6467/6467 6495/6495
f 6518/6518 6462/6462 2503/2503
f 6519/6519 6474/6474 6504/6504
f 6506/6506 6459/6459 6500/6500
f 6497/6497 6472/6472 6520/6520
f 6521/6521 6473/6473 6462/6462
f 6491/6491 6460/6460 6522/6522
f 2531/2531 2491/2491 2494/2494
f 2494/2494 2493/2493 2535/2535
f 6507/6507 6464/6464 6523/6523
f 6523/6523 6464/6464 6490/6490
f 2497/2497 2496/2496 6470/6470
f 6524/6524 6525/6525 6526/6526
f 6527/6527 6466/6466 6478/6478
f 6515/6515 2479/2479 6528/6528
f 6519/6519 6504/6504 6529/6529
f 2511/2511 6530/6530 6531/6531
f 6531/6531 6530/6530 6532/6532
f 6533/6533 2510/2510 2516/2516
f 6534/6534 6535/6535 6536/6536
f 6536/6536 6535/6535 6537/6537
f 6504/6504 6482/6482 6505/6505
f 6444/6444 6458/6458 6538/6538
f 6538/6538 6458/6458 6506/6506
f 2528/2528 6539/6539 6540/6540
f 6541/6541 6542/6542 6543/6543
f 6543/6543 6542/6542 6544/6544
f 6543/6543 6544/6544 6545/6545
f 6488/6488 6489/6489 6546/6546
f 6490/6490 6447/6447 6547/6547
f 6547/6547 6447/6447 6548/6548
f 6549/6549 6508/6508 6509/6509
f 6495/6495 2498/2498 6550/6550
f 6550/6550 2498/2498 2497/2497
f 6470/6470 6512/6512 6551/6551
f 6552/6552 6513/6513 6510/6510
f 6522/6522 6460/6460 6476/6476
f 6476/6476 6497/6497 6553/6553
f 6553/6553 6497/6497 6520/6520
f 6528/6528 2479/2479 2548/2548
f 6554/6554 6481/6481 6502/6502
f 2550/2550 2511/2511 6531/6531
f 6531/6531 6532/6532 6555/6555
f 6556/6556 6534/6534 6557/6557
f 6558/6558 6556/6556 6557/6557
f 6557/6557 6534/6534 6536/6536
f 6536/6536 6537/6537 6559/6559
f 6559/6559 6537/6537 6560/6560
f 6561/6561 6457/6457 6516/6516
f 6562/6562 6492/6492 6475/6475
f 6475/6475 6440/6440 6563/6563
f 6563/6563 6440/6440 6453/6453
f 6564/6564 6541/6541 6543/6543
f 2465/2465 6496/6496 2599/2599
f 6521/6521 6462/6462 6565/6565
f 6565/6565 6462/6462 6518/6518
f 6503/6503 6474/6474 6519/6519
f 6529/6529 6504/6504 6566/6566
f 6566/6566 6504/6504 6505/6505
f 6505/6505 6457/6457 6561/6561
f 6516/6516 6517/6517 6567/6567
f 6563/6563 6453/6453 6488/6488
f 2556/2556 2528/2528 6540/6540
f 6568/6568 6495/6495 6550/6550
f 2572/2572 2550/2550 6531/6531
f 2572/2572 6531/6531 2624/2624
f 2624/2624 6531/6531 6555/6555
f 6559/6559 6560/6560 6569/6569
f 6570/6570 6444/6444 6538/6538
f 6500/6500 6483/6483 6571/6571
f 6572/6572 6484/6484 6492/6492
f 2556/2556 6540/6540 6573/6573
f 6573/6573 6540/6540 6539/6539
f 6573/6573 6539/6539 6574/6574
f 2563/2563 2556/2556 2581/2581
f 6575/6575 6541/6541 6564/6564
f 6575/6575 6564/6564 6576/6576
f 6576/6576 6564/6564 6543/6543
f 6576/6576 6543/6543 6577/6577
f 6543/6543 6545/6545 6578/6578
f 6577/6577 6543/6543 6578/6578
f 6511/6511 6508/6508 6549/6549
f 6509/6509 6495/6495 6568/6568
f 6579/6579 6509/6509 6568/6568
f 6510/6510 6514/6514 6580/6580
f 6558/6558 6557/6557 6581/6581
f 6581/6581 6557/6557 6536/6536
f 6536/6536 6559/6559 6582/6582
f 6582/6582 6559/6559 6569/6569
f 6583/6583 6584/6584 6585/6585
f 6505/6505 6561/6561 6586/6586
f 2580/2580 2556/2556 6573/6573
f 6478/6478 6511/6511 6587/6587
f 6527/6527 6478/6478 6587/6587
f 6587/6587 6511/6511 6549/6549
f 6549/6549 6509/6509 6579/6579
f 6552/6552 6510/6510 6588/6588
f 6522/6522 6476/6476 6589/6589
f 6589/6589 6476/6476 6553/6553
f 6588/6588 6510/6510 6580/6580
f 6580/6580 6514/6514 6590/6590
f 6590/6590 6514/6514 6515/6515
f 6591/6591 6480/6480 6498/6498
f 6498/6498 6499/6499 6592/6592
f 6499/6499 6481/6481 6593/6593
f 6592/6592 6499/6499 6593/6593
f 6593/6593 6481/6481 6554/6554
f 2624/2624 6555/6555 6594/6594
f 6595/6595 6558/6558 6581/6581
f 6596/6596 6529/6529 6566/6566
f 6583/6583 6585/6585 6597/6597
f 2587/2587 2458/2458 6491/6491
f 6581/6581 6536/6536 6598/6598
f 6598/6598 6536/6536 6582/6582
f 6596/6596 6566/6566 6599/6599
f 6599/6599 6566/6566 6600/6600
f 6600/6600 6586/6586 6601/6601
f 6562/6562 6475/6475 6602/6602
f 6602/6602 6475/6475 6603/6603
f 6603/6603 6475/6475 6563/6563
f 2595/2595 2563/2563 2581/2581
f 6494/6494 6507/6507 6604/6604
f 6604/6604 6507/6507 6523/6523
f 2587/2587 6491/6491 6522/6522
f 6550/6550 2497/2497 2703/2703
f 6590/6590 6515/6515 6605/6605
f 6605/6605 6515/6515 6528/6528
f 6591/6591 6498/6498 6606/6606
f 6606/6606 6498/6498 6592/6592
f 6607/6607 6502/6502 6503/6503
f 6608/6608 6529/6529 6609/6609
f 6609/6609 6529/6529 6596/6596
f 6596/6596 6599/6599 6610/6610
f 6601/6601 6586/6586 6611/6611
f 6611/6611 6586/6586 6561/6561
f 6506/6506 6500/6500 6612/6612
f 6612/6612 6500/6500 6571/6571
f 6572/6572 6492/6492 6562/6562
f 2580/2580 6573/6573 6613/6613
f 6613/6613 6573/6573 6574/6574
f 2595/2595 2581/2581 2602/2602
f 6576/6576 6577/6577 6614/6614
f 6614/6614 6577/6577 6578/6578
f 6615/6615 6489/6489 6493/6493
f 6554/6554 6502/6502 6607/6607
f 2624/2624 6594/6594 6616/6616
f 6617/6617 6595/6595 6581/6581
f 6610/6610 6599/6599 6618/6618
f 6599/6599 6600/6600 6618/6618
f 6619/6619 6620/6620 6621/6621
f 6561/6561 6516/6516 6622/6622
f 6622/6622 6516/6516 6567/6567
f 6538/6538 6506/6506 6623/6623
f 2607/2607 2580/2580 6613/6613
f 6613/6613 6574/6574 6624/6624
f 6575/6575 6576/6576 6625/6625
f 6626/6626 6575/6575 6625/6625
f 6625/6625 6576/6576 6614/6614
f 6627/6627 6488/6488 6546/6546
f 6546/6546 6489/6489 6615/6615
f 6493/6493 6494/6494 6604/6604
f 2497/2497 6470/6470 2701/2701
f 2703/2703 2497/2497 2701/2701
f 6527/6527 6587/6587 6628/6628
f 6628/6628 6587/6587 6549/6549
f 2703/2703 6568/6568 6550/6550
f 2701/2701 6470/6470 6551/6551
f 6609/6609 6596/6596 6629/6629
f 6629/6629 6596/6596 6610/6610
f 6629/6629 6610/6610 6618/6618
f 6619/6619 6621/6621 6630/6630
f 6523/6523 6490/6490 6631/6631
f 6631/6631 6490/6490 6547/6547
f 6547/6547 6548/6548 6632/6632
f 6549/6549 6579/6579 6633/6633
f 6633/6633 6579/6579 6568/6568
f 6518/6518 2503/2503 2615/2615
f 6519/6519 6529/6529 6634/6634
f 6634/6634 6529/6529 6608/6608
f 6617/6617 6581/6581 6635/6635
f 2617/2617 2584/2584 2572/2572
f 6635/6635 6581/6581 6598/6598
f 6598/6598 6582/6582 6636/6636
f 6636/6636 6582/6582 6569/6569
f 6609/6609 6629/6629 6637/6637
f 6629/6629 6618/6618 6638/6638
f 6601/6601 6611/6611 6638/6638
f 6639/6639 6640/6640 6641/6641
f 6611/6611 6561/6561 6642/6642
f 6642/6642 6561/6561 6622/6622
f 6623/6623 6506/6506 6612/6612
f 2587/2587 6522/6522 6643/6643
f 6643/6643 6522/6522 6589/6589
f 2601/2601 2616/2616 2623/2623
f 6554/6554 6607/6607 6644/6644
f 2625/2625 2624/2624 6616/6616
f 6637/6637 6629/6629 6638/6638
f 2607/2607 6613/6613 2682/2682
f 2682/2682 6613/6613 6624/6624
f 2701/2701 6551/6551 6645/6645
f 6645/6645 6551/6551 6646/6646
f 6589/6589 6553/6553 6647/6647
f 6648/6648 6609/6609 6637/6637
f 6603/6603 6563/6563 6488/6488
f 6603/6603 6488/6488 6627/6627
f 6615/6615 6493/6493 6649/6649
f 6650/6650 6651/6651 6652/6652
f 6653/6653 6527/6527 6628/6628
f 6549/6549 6633/6633 6654/6654
f 6568/6568 2703/2703 6655/6655
f 6647/6647 6553/6553 6520/6520
f 6647/6647 6520/6520 6656/6656
f 6657/6657 6521/6521 6565/6565
f 6565/6565 6518/6518 6658/6658
f 6658/6658 6518/6518 2615/2615
f 2643/2643 2601/2601 2623/2623
f 6636/6636 6569/6569 6659/6659
f 6608/6608 6609/6609 6648/6648
f 6648/6648 6637/6637 6638/6638
f 6648/6648 6638/6638 6660/6660
f 6612/6612 6571/6571 6661/6661
f 6662/6662 6572/6572 6562/6562
f 2649/2649 2607/2607 2682/2682
f 2682/2682 6624/6624 6663/6663
f 2595/2595 2602/2602 2650/2650
f 2651/2651 2595/2595 2650/2650
f 6664/6664 6626/6626 6625/6625
f 6614/6614 6578/6578 6665/6665
f 6627/6627 6546/6546 6615/6615
f 6628/6628 6549/6549 6654/6654
f 6666/6666 6589/6589 6647/6647
f 6528/6528 2548/2548 2656/2656
f 6667/6667 6668/6668 6669/6669
f 2625/2625 6616/6616 6670/6670
f 6671/6671 6672/6672 6673/6673
f 2617/2617 2572/2572 2658/2658
f 6633/6633 6568/6568 6655/6655
f 6643/6643 6589/6589 6666/6666
f 6674/6674 6643/6643 6666/6666
f 6664/6664 6625/6625 6675/6675
f 6675/6675 6625/6625 6614/6614
f 6631/6631 6547/6547 6676/6676
f 6676/6676 6547/6547 6632/6632
f 6645/6645 6646/6646 6677/6677
f 6678/6678 6588/6588 6580/6580
f 6593/6593 6554/6554 6644/6644
f 6679/6679 6608/6608 6648/6648
f 2670/2670 2649/2649 2682/2682
f 2682/2682 6663/6663 2680/2680
f 2651/2651 2650/2650 2670/2670
f 6680/6680 6664/6664 6675/6675
f 6614/6614 6665/6665 6681/6681
f 6682/6682 6627/6627 6615/6615
f 6681/6681 6665/6665 6683/6683
f 6652/6652 6684/6684 6685/6685
f 6685/6685 6684/6684 6686/6686
f 2587/2587 6643/6643 6687/6687
f 6590/6590 6605/6605 6688/6688
f 6688/6688 6605/6605 6528/6528
f 6591/6591 6606/6606 6689/6689
f 2643/2643 2623/2623 2691/2691
f 6689/6689 6606/6606 6592/6592
f 6634/6634 6608/6608 6679/6679
f 2679/2679 2617/2617 2658/2658
f 6690/6690 6648/6648 6660/6660
f 6623/6623 6612/6612 6691/6691
f 6603/6603 6627/6627 6682/6682
f 6675/6675 6614/6614 6692/6692
f 6680/6680 6675/6675 6692/6692
f 6692/6692 6614/6614 6681/6681
f 6681/6681 6683/6683 6693/6693
f 6694/6694 6652/6652 6685/6685
f 6653/6653 6628/6628 6695/6695
f 6628/6628 6654/6654 6696/6696
f 6695/6695 6628/6628 6696/6696
f 6696/6696 6654/6654 6633/6633
f 6655/6655 2703/2703 2702/2702
f 6657/6657 6565/6565 6658/6658
f 6678/6678 6580/6580 6697/6697
f 6697/6697 6580/6580 6590/6590
f 6697/6697 6590/6590 6698/6698
f 6698/6698 6590/6590 6688/6688
f 6688/6688 6528/6528 6699/6699
f 6699/6699 6528/6528 2656/2656
f 2689/2689 2643/2643 2691/2691
f 2625/2625 6670/6670 6700/6700
f 2693/2693 2625/2625 6700/6700
f 6701/6701 6671/6671 6673/6673
f 6702/6702 6635/6635 6703/6703
f 6703/6703 6635/6635 6598/6598
f 6636/6636 6659/6659 6704/6704
f 6679/6679 6648/6648 6690/6690
f 6691/6691 6612/6612 6661/6661
f 2698/2698 2651/2651 2670/2670
f 2670/2670 2681/2681 6705/6705
f 2681/2681 2680/2680 6706/6706
f 6705/6705 2681/2681 6706/6706
f 6707/6707 6680/6680 6692/6692
f 6682/6682 6615/6615 6708/6708
f 6708/6708 6615/6615 6649/6649
f 6676/6676 6632/6632 6709/6709
f 6710/6710 6653/6653 6695/6695
f 6658/6658 2615/2615 2704/2704
f 2677/2677 2689/2689 2691/2691
f 6593/6593 6644/6644 6711/6711
f 6667/6667 6669/6669 6712/6712
f 6703/6703 6598/6598 6713/6713
f 6713/6713 6598/6598 6636/6636
f 6713/6713 6636/6636 6714/6714
f 6714/6714 6636/6636 6704/6704
f 6570/6570 6538/6538 6715/6715
f 6715/6715 6538/6538 6623/6623
f 6716/6716 6602/6602 6603/6603
f 2698/2698 2670/2670 2765/2765
f 2765/2765 2670/2670 6705/6705
f 6707/6707 6692/6692 6717/6717
f 6692/6692 6681/6681 6718/6718
f 6717/6717 6692/6692 6718/6718
f 6718/6718 6681/6681 6693/6693
f 6718/6718 6693/6693 6719/6719
f 6650/6650 6652/6652 6720/6720
f 6720/6720 6652/6652 6694/6694
f 2702/2702 2701/2701 6645/6645
f 6687/6687 6643/6643 6674/6674
f 6666/6666 6647/6647 6721/6721
f 6721/6721 6647/6647 6656/6656
f 6592/6592 6593/6593 6722/6722
f 2679/2679 2693/2693 2731/2731
f 2717/2717 2679/2679 2731/2731
f 2731/2731 2693/2693 6700/6700
f 2731/2731 6700/6700 6723/6723
f 6724/6724 6702/6702 6703/6703
f 6724/6724 6703/6703 6725/6725
f 6725/6725 6703/6703 6713/6713
f 6714/6714 6704/6704 6726/6726
f 6690/6690 6660/6660 6727/6727
f 6715/6715 6623/6623 6691/6691
f 2765/2765 6705/6705 6728/6728
f 6705/6705 6706/6706 6729/6729
f 6728/6728 6705/6705 6729/6729
f 6730/6730 6707/6707 6717/6717
f 6718/6718 6719/6719 6731/6731
f 6685/6685 6686/6686 6732/6732
f 6733/6733 6631/6631 6676/6676
f 2674/2674 2587/2587 6687/6687
f 6734/6734 6696/6696 6633/6633
f 6734/6734 6633/6633 6655/6655
f 6655/6655 2702/2702 6735/6735
f 6736/6736 6655/6655 6735/6735
f 2727/2727 2599/2599 6737/6737
f 6689/6689 6592/6592 6738/6738
f 6738/6738 6592/6592 6722/6722
f 6711/6711 6644/6644 6607/6607
f 6739/6739 6667/6667 6712/6712
f 6634/6634 6679/6679 6740/6740
f 2731/2731 6723/6723 2757/2757
f 2732/2732 2731/2731 2757/2757
f 2760/2760 2733/2733 2735/2735
f 6741/6741 6725/6725 6742/6742
f 6742/6742 6725/6725 6713/6713
f 2628/2628 2667/2667 2937/2937
f 6713/6713 6714/6714 6743/6743
f 2719/2719 2740/2740 2742/2742
f 6743/6743 6714/6714 6726/6726
f 6679/6679 6690/6690 6727/6727
f 6642/6642 6622/6622 3703/3703
f 6622/6622 6567/6567 3701/3701
f 3703/3703 6622/6622 3701/3701
f 6662/6662 6562/6562 6744/6744
f 6744/6744 6562/6562 6602/6602
f 2744/2744 2698/2698 2765/2765
f 6730/6730 6717/6717 6745/6745
f 6717/6717 6718/6718 6746/6746
f 6745/6745 6717/6717 6746/6746
f 6718/6718 6731/6731 6746/6746
f 6746/6746 6731/6731 6747/6747
f 6746/6746 6747/6747 6748/6748
f 6710/6710 6695/6695 6696/6696
f 6710/6710 6696/6696 6749/6749
f 6749/6749 6696/6696 6734/6734
f 6734/6734 6655/6655 6736/6736
f 6735/6735 2702/2702 6750/6750
f 6750/6750 2702/2702 6645/6645
f 6750/6750 6645/6645 6751/6751
f 6751/6751 6645/6645 6677/6677
f 6752/6752 6658/6658 2704/2704
f 6699/6699 2656/2656 6753/6753
f 6722/6722 6593/6593 6711/6711
f 6711/6711 6607/6607 6754/6754
f 6755/6755 2760/2760 2782/2782
f 2781/2781 6755/6755 2782/2782
f 2782/2782 2760/2760 2761/2761
f 2736/2736 2732/2732 2759/2759
f 6756/6756 6741/6741 6742/6742
f 6757/6757 6742/6742 6713/6713
f 6757/6757 6713/6713 6758/6758
f 6758/6758 6713/6713 6743/6743
f 6758/6758 6743/6743 6759/6759
f 2740/2740 2764/2764 2741/2741
f 6727/6727 6660/6660 6760/6760
f 6744/6744 6602/6602 6716/6716
f 2766/2766 2765/2765 6728/6728
f 2766/2766 6728/6728 6761/6761
f 6728/6728 6729/6729 6762/6762
f 6761/6761 6728/6728 6762/6762
f 2790/2790 2745/2745 2744/2744
f 2790/2790 2744/2744 2766/2766
f 6745/6745 6746/6746 6763/6763
f 6746/6746 6748/6748 6764/6764
f 6764/6764 6748/6748 6765/6765
f 6764/6764 6765/6765 6766/6766
f 6733/6733 6676/6676 6767/6767
f 6767/6767 6676/6676 6709/6709
f 6767/6767 6709/6709 2893/2893
f 6768/6768 6734/6734 6736/6736
f 6754/6754 6607/6607 6769/6769
f 2780/2780 2782/2782 2804/2804
f 2783/2783 2780/2780 2804/2804
f 2804/2804 2782/2782 2784/2784
f 2804/2804 2784/2784 6770/6770
f 2759/2759 2758/2758 6771/6771
f 2785/2785 2759/2759 6771/6771
f 6772/6772 6756/6756 6773/6773
f 6774/6774 6772/6772 6773/6773
f 6773/6773 6756/6756 6742/6742
f 6773/6773 6742/6742 6757/6757
f 2738/2738 2788/2788 2739/2739
f 6775/6775 6641/6641 6640/6640
f 6611/6611 6642/6642 6760/6760
f 6760/6760 6642/6642 3703/3703
f 2790/2790 2766/2766 6776/6776
f 6776/6776 2766/2766 6761/6761
f 6776/6776 6761/6761 6777/6777
f 6778/6778 6779/6779 6780/6780
f 6781/6781 6778/6778 6780/6780
f 6746/6746 6764/6764 6782/6782
f 6763/6763 6746/6746 6782/6782
f 6764/6764 6766/6766 6783/6783
f 6784/6784 6785/6785 6786/6786
f 6685/6685 6732/6732 6787/6787
f 6788/6788 6733/6733 6767/6767
f 2895/2895 6710/6710 6749/6749
f 6749/6749 6734/6734 6789/6789
f 6789/6789 6734/6734 6768/6768
f 3003/3003 6735/6735 6750/6750
f 6751/6751 6677/6677 6790/6790
f 6791/6791 6678/6678 6697/6697
f 2715/2715 2678/2678 2755/2755
f 6792/6792 6793/6793 6794/6794
f 6722/6722 6711/6711 6795/6795
f 2805/2805 2803/2803 2804/2804
f 2805/2805 2804/2804 2829/2829
f 2829/2829 2804/2804 6770/6770
f 2829/2829 6770/6770 2831/2831
f 2785/2785 6771/6771 2807/2807
f 6796/6796 6774/6774 6773/6773
f 6797/6797 6757/6757 6758/6758
f 6797/6797 6758/6758 6798/6798
f 2738/2738 2834/2834 2808/2808
f 2738/2738 2808/2808 2788/2788
f 6758/6758 6759/6759 6798/6798
f 6740/6740 6679/6679 6727/6727
f 6716/6716 6603/6603 6682/6682
f 2791/2791 2790/2790 6776/6776
f 2791/2791 6776/6776 6799/6799
f 6799/6799 6776/6776 6777/6777
f 6799/6799 6777/6777 6800/6800
f 6781/6781 6780/6780 6801/6801
f 6802/6802 6781/6781 6801/6801
f 6803/6803 6763/6763 6782/6782
f 6764/6764 6783/6783 6804/6804
f 6782/6782 6764/6764 6804/6804
f 6804/6804 6783/6783 6805/6805
f 2815/2815 2818/2818 2819/2819
f 6806/6806 6708/6708 6649/6649
f 6807/6807 6785/6785 6808/6808
f 6807/6807 6808/6808 6809/6809
f 6808/6808 6788/6788 6809/6809
f 6809/6809 6788/6788 2892/2892
f 6810/6810 6811/6811 6812/6812
f 6812/6812 6811/6811 6813/6813
f 2895/2895 6749/6749 2896/2896
f 2896/2896 6749/6749 6789/6789
f 2896/2896 6789/6789 2900/2900
f 2900/2900 6789/6789 2901/2901
f 6789/6789 6768/6768 2901/2901
f 2901/2901 6768/6768 3001/3001
f 3001/3001 6768/6768 6736/6736
f 3001/3001 6736/6736 3002/3002
f 6736/6736 6735/6735 3003/3003
f 3002/3002 6736/6736 3003/3003
f 6814/6814 2674/2674 6815/6815
f 6721/6721 6656/6656 6816/6816
f 6817/6817 6657/6657 6658/6658
f 6791/6791 6697/6697 6818/6818
f 6697/6697 6698/6698 6818/6818
f 6818/6818 6698/6698 6688/6688
f 6818/6818 6688/6688 6819/6819
f 6819/6819 6688/6688 6699/6699
f 6699/6699 6753/6753 6820/6820
f 6819/6819 6699/6699 6820/6820
f 2755/2755 2754/2754 2715/2715
f 6821/6821 6689/6689 6738/6738
f 6738/6738 6722/6722 6795/6795
f 6795/6795 6711/6711 6822/6822
f 2827/2827 2826/2826 2932/2932
f 2826/2826 2830/2830 2936/2936
f 2932/2932 2826/2826 2936/2936
f 2936/2936 2830/2830 2831/2831
f 2933/2933 6796/6796 2934/2934
f 2806/2806 2805/2805 2828/2828
f 2929/2929 2806/2806 2828/2828
f 2934/2934 6796/6796 6823/6823
f 6823/6823 6796/6796 6773/6773
f 6823/6823 6773/6773 6757/6757
f 6797/6797 6798/6798 6824/6824
f 2809/2809 2808/2808 2810/2810
f 6825/6825 6826/6826 6827/6827
f 6827/6827 6826/6826 6828/6828
f 6829/6829 6760/6760 6830/6830
f 2840/2840 2791/2791 6799/6799
f 6782/6782 6804/6804 6831/6831
f 6804/6804 6805/6805 6832/6832
f 6804/6804 6832/6832 6833/6833
f 6833/6833 6832/6832 6834/6834
f 6806/6806 6649/6649 6784/6784
f 6833/6833 6834/6834 6835/6835
f 6834/6834 6836/6836 6835/6835
f 6786/6786 6785/6785 6837/6837
f 6785/6785 6807/6807 6837/6837
f 6837/6837 6807/6807 6838/6838
f 2959/2959 6839/6839 2962/2962
f 6840/6840 6841/6841 6842/6842
f 6842/6842 6841/6841 6843/6843
f 6835/6835 6836/6836 2981/2981
f 6838/6838 6807/6807 6844/6844
f 2969/2969 2869/2869 2872/2872
f 6843/6843 6845/6845 6846/6846
f 6846/6846 6845/6845 6847/6847
f 6846/6846 6847/6847 6848/6848
f 6848/6848 6847/6847 2971/2971
f 2981/2981 6836/6836 2979/2979
f 2976/2976 2885/2885 2886/2886
f 6844/6844 6807/6807 6809/6809
f 6844/6844 6809/6809 6849/6849
f 2872/2872 2975/2975 2978/2978
f 2883/2883 2882/2882 2890/2890
f 2978/2978 2975/2975 2982/2982
f 6849/6849 6809/6809 2892/2892
f 6849/6849 2892/2892 6850/6850
f 6850/6850 2892/2892 2894/2894
f 2988/2988 6851/6851 2997/2997
f 2988/2988 2997/2997 2989/2989
f 2993/2993 2998/2998 2991/2991
f 2991/2991 2998/2998 2994/2994
f 2897/2897 2896/2896 2899/2899
f 2896/2896 2900/2900 2899/2899
f 2901/2901 3001/3001 2902/2902
f 6750/6750 6751/6751 6790/6790
f 6817/6817 6658/6658 6852/6852
f 6791/6791 6818/6818 6853/6853
f 6852/6852 6658/6658 6752/6752
f 6818/6818 6819/6819 6853/6853
f 6853/6853 6819/6819 6820/6820
f 6752/6752 2704/2704 2904/2904
f 6821/6821 6738/6738 6854/6854
f 6738/6738 6795/6795 6855/6855
f 6854/6854 6738/6738 6855/6855
f 6855/6855 6795/6795 6856/6856
f 2914/2914 2911/2911 2913/2913
f 6795/6795 6822/6822 6856/6856
f 2913/2913 2912/2912 2919/2919
f 6856/6856 6822/6822 6857/6857
f 6822/6822 6711/6711 6858/6858
f 6857/6857 6822/6822 6858/6858
f 6858/6858 6711/6711 6754/6754
f 3078/3078 6859/6859 3079/3079
f 3079/3079 6859/6859 6860/6860
f 6860/6860 6859/6859 6861/6861
f 6769/6769 6607/6607 6862/6862
f 6607/6607 6740/6740 6862/6862
f 6861/6861 2935/2935 6860/6860
f 6860/6860 2935/2935 6823/6823
f 2935/2935 2934/2934 6823/6823
f 6797/6797 6823/6823 6757/6757
f 6797/6797 6824/6824 6863/6863
f 2836/2836 2835/2835 2942/2942
f 2836/2836 2942/2942 2810/2810
f 2810/2810 2942/2942 2837/2837
f 6570/6570 6715/6715 6864/6864
f 6865/6865 6691/6691 6661/6661
f 2948/2948 6802/6802 2946/2946
f 2946/2946 6802/6802 6801/6801
f 2946/2946 6801/6801 6866/6866
f 6867/6867 2948/2948 2947/2947
f 6868/6868 6803/6803 6782/6782
f 6782/6782 6831/6831 6869/6869
f 6868/6868 6782/6782 6869/6869
f 6831/6831 6804/6804 6870/6870
f 6870/6870 6804/6804 6833/6833
f 6870/6870 6833/6833 6871/6871
f 6833/6833 6835/6835 6871/6871
f 2960/2960 2957/2957 6872/6872
f 6872/6872 2957/2957 2963/2963
f 6872/6872 2963/2963 6873/6873
f 6837/6837 6838/6838 6874/6874
f 6875/6875 6837/6837 6874/6874
f 2961/2961 6876/6876 2958/2958
f 2963/2963 2962/2962 6877/6877
f 6873/6873 2963/2963 6877/6877
f 6877/6877 2962/2962 6840/6840
f 6877/6877 6840/6840 6842/6842
f 6877/6877 6842/6842 6878/6878
f 6842/6842 6843/6843 6878/6878
f 6843/6843 6846/6846 6879/6879
f 6878/6878 6843/6843 6879/6879
f 2973/2973 2868/2868 2964/2964
f 6835/6835 2981/2981 6871/6871
f 6846/6846 6848/6848 6880/6880
f 6848/6848 2971/2971 2974/2974
f 6880/6880 6848/6848 2974/2974
f 6871/6871 2981/2981 6881/6881
f 6881/6881 2981/2981 2984/2984
f 6881/6881 2984/2984 3111/3111
f 2984/2984 6882/6882 3110/3110
f 6882/6882 6883/6883 6884/6884
f 3110/3110 6882/6882 6884/6884
f 6885/6885 3000/3000 3002/3002
f 6885/6885 3002/3002 3004/3004
f 3004/3004 3003/3003 6886/6886
f 6886/6886 3003/3003 6887/6887
f 6887/6887 3003/3003 6750/6750
f 6750/6750 6790/6790 6887/6887
f 6815/6815 2674/2674 6687/6687
f 6888/6888 6687/6687 6674/6674
f 6889/6889 6890/6890 6891/6891
f 6889/6889 6891/6891 6892/6892
f 6892/6892 6891/6891 6893/6893
f 6893/6893 6891/6891 6894/6894
f 6892/6892 6893/6893 6895/6895
f 6895/6895 6893/6893 6894/6894
f 3009/3009 2909/2909 3025/3025
f 3115/3115 6896/6896 3116/3116
f 3029/3029 3038/3038 6897/6897
f 3116/3116 6896/6896 3119/3119
f 6897/6897 3038/3038 3045/3045
f 3119/3119 6898/6898 6899/6899
f 6898/6898 3080/3080 6899/6899
f 3055/3055 3054/3054 3068/3068
f 3067/3067 3069/3069 3130/3130
f 3080/3080 3079/3079 6899/6899
f 6900/6900 6857/6857 6858/6858
f 6899/6899 3079/3079 6901/6901
f 6901/6901 3079/3079 6860/6860
f 6901/6901 6860/6860 6902/6902
f 6862/6862 6740/6740 6903/6903
f 6902/6902 6860/6860 6904/6904
f 6904/6904 6860/6860 6823/6823
f 6904/6904 6823/6823 6797/6797
f 6904/6904 6797/6797 6905/6905
f 6905/6905 6797/6797 6906/6906
f 6797/6797 6863/6863 6906/6906
f 2941/2941 2940/2940 3095/3095
f 2941/2941 3095/3095 2942/2942
f 2942/2942 3095/3095 2943/2943
f 3099/3099 3102/3102 3150/3150
f 2946/2946 6866/6866 6907/6907
f 2947/2947 2946/2946 6907/6907
f 6907/6907 6866/6866 6908/6908
f 6867/6867 2947/2947 6909/6909
f 6869/6869 6831/6831 6910/6910
f 6831/6831 6870/6870 6911/6911
f 6910/6910 6831/6831 6911/6911
f 6870/6870 6871/6871 6911/6911
f 6911/6911 6871/6871 6912/6912
f 6837/6837 6875/6875 6913/6913
f 6786/6786 6837/6837 6913/6913
f 3108/3108 2960/2960 6872/6872
f 6914/6914 3108/3108 6872/6872
f 6912/6912 6871/6871 6915/6915
f 6873/6873 6877/6877 6916/6916
f 6877/6877 6878/6878 6917/6917
f 6916/6916 6877/6877 6917/6917
f 6917/6917 6878/6878 6879/6879
f 6879/6879 6846/6846 6880/6880
f 6879/6879 6880/6880 6918/6918
f 6919/6919 6920/6920 6921/6921
f 6880/6880 2974/2974 6922/6922
f 6918/6918 6880/6880 6922/6922
f 2973/2973 2964/2964 3109/3109
f 2974/2974 2970/2970 6923/6923
f 6922/6922 2974/2974 6923/6923
f 6915/6915 6871/6871 6881/6881
f 6915/6915 6881/6881 6924/6924
f 6881/6881 3111/3111 6924/6924
f 3110/3110 6884/6884 6925/6925
f 3112/3112 3110/3110 6925/6925
f 6885/6885 3004/3004 6926/6926
f 6927/6927 3004/3004 6886/6886
f 6926/6926 3004/3004 6927/6927
f 6814/6814 6815/6815 6928/6928
f 6928/6928 6815/6815 6687/6687
f 6888/6888 6674/6674 6666/6666
f 6929/6929 6930/6930 6931/6931
f 6932/6932 6930/6930 6929/6929
f 6931/6931 6930/6930 6889/6889
f 6933/6933 6932/6932 6929/6929
f 6929/6929 6931/6931 6933/6933
f 6931/6931 6889/6889 6892/6892
f 6933/6933 6931/6931 6934/6934
f 6934/6934 6931/6931 6892/6892
f 6935/6935 6933/6933 6936/6936
f 6936/6936 6933/6933 6934/6934
f 6934/6934 6892/6892 6895/6895
f 6935/6935 6936/6936 6937/6937
f 6937/6937 6936/6936 6938/6938
f 6936/6936 6934/6934 6939/6939
f 6938/6938 6936/6936 6939/6939
f 6939/6939 6934/6934 6895/6895
f 3114/3114 3009/3009 3025/3025
f 6940/6940 3118/3118 3117/3117
f 6940/6940 3117/3117 6941/6941
f 3117/3117 3119/3119 6941/6941
f 6941/6941 3119/3119 6942/6942
f 3119/3119 6899/6899 6942/6942
f 3056/3056 3122/3122 3060/3060
f 3122/3122 3056/3056 3120/3120
f 6942/6942 6899/6899 6943/6943
f 2730/2730 3183/3183 2692/2692
f 6944/6944 6900/6900 6858/6858
f 6943/6943 6899/6899 6901/6901
f 6943/6943 6901/6901 6945/6945
f 6945/6945 6901/6901 6902/6902
f 6945/6945 6902/6902 6946/6946
f 6946/6946 6902/6902 6947/6947
f 6902/6902 6904/6904 6947/6947
f 6947/6947 6904/6904 6905/6905
f 2938/2938 3094/3094 3137/3137
f 2939/2939 6948/6948 3138/3138
f 2939/2939 3138/3138 2940/2940
f 2940/2940 3138/3138 3140/3140
f 2940/2940 3140/3140 3095/3095
f 3140/3140 6949/6949 3096/3096
f 3095/3095 3140/3140 3096/3096
f 6903/6903 6740/6740 6829/6829
f 3145/3145 3151/3151 3231/3231
f 3146/3146 3145/3145 3231/3231
f 3231/3231 3151/3151 3153/3153
f 6950/6950 6951/6951 6952/6952
f 6952/6952 6951/6951 6953/6953
f 3156/3156 3155/3155 3148/3148
f 3157/3157 3156/3156 3148/3148
f 6952/6952 6953/6953 6954/6954
f 6953/6953 6955/6955 6956/6956
f 6954/6954 6953/6953 6956/6956
f 6716/6716 6682/6682 6957/6957
f 6956/6956 6955/6955 6958/6958
f 6957/6957 6682/6682 6708/6708
f 6957/6957 6708/6708 6806/6806
f 2947/2947 6907/6907 6959/6959
f 6959/6959 6907/6907 6908/6908
f 6909/6909 2947/2947 6960/6960
f 6960/6960 2947/2947 6959/6959
f 6959/6959 6908/6908 6961/6961
f 6962/6962 6909/6909 6960/6960
f 6960/6960 6959/6959 6963/6963
f 6963/6963 6959/6959 6961/6961
f 6963/6963 6961/6961 6964/6964
f 6962/6962 6960/6960 6965/6965
f 6965/6965 6960/6960 6963/6963
f 6965/6965 6963/6963 6966/6966
f 6966/6966 6963/6963 6964/6964
f 6967/6967 6962/6962 6965/6965
f 6967/6967 6965/6965 6968/6968
f 6968/6968 6965/6965 6966/6966
f 6966/6966 6964/6964 6969/6969
f 6970/6970 6967/6967 6968/6968
f 6968/6968 6966/6966 6971/6971
f 6971/6971 6966/6966 6969/6969
f 6972/6972 6970/6970 6968/6968
f 6971/6971 6969/6969 6973/6973
f 6974/6974 6914/6914 6872/6872
f 6913/6913 6975/6975 6976/6976
f 6974/6974 6872/6872 6873/6873
f 6977/6977 6974/6974 6873/6873
f 6977/6977 6873/6873 6978/6978
f 6978/6978 6873/6873 6916/6916
f 6978/6978 6916/6916 6979/6979
f 6916/6916 6917/6917 6979/6979
f 6972/6972 6968/6968 6980/6980
f 6980/6980 6968/6968 6971/6971
f 6979/6979 6917/6917 6981/6981
f 6981/6981 6917/6917 6879/6879
f 6982/6982 6920/6920 6983/6983
f 6983/6983 6920/6920 6919/6919
f 6984/6984 6972/6972 6980/6980
f 6983/6983 6919/6919 6985/6985
f 6985/6985 6919/6919 6921/6921
f 6986/6986 6984/6984 6987/6987
f 6987/6987 6984/6984 6980/6980
f 6985/6985 6921/6921 6988/6988
f 6988/6988 6921/6921 6986/6986
f 6988/6988 6986/6986 6989/6989
f 6989/6989 6986/6986 6987/6987
f 6987/6987 6980/6980 6971/6971
f 6987/6987 6971/6971 6990/6990
f 6971/6971 6973/6973 6991/6991
f 6990/6990 6971/6971 6991/6991
f 6988/6988 6989/6989 6992/6992
f 6993/6993 6988/6988 6992/6992
f 6992/6992 6989/6989 6987/6987
f 6992/6992 6987/6987 6994/6994
f 6994/6994 6987/6987 6990/6990
f 6995/6995 6994/6994 6990/6990
f 6995/6995 6990/6990 6991/6991
f 3175/3175 6995/6995 6996/6996
f 6995/6995 3175/3175 3174/3174
f 6995/6995 6991/6991 6997/6997
f 6996/6996 6995/6995 6997/6997
f 3168/3168 3178/3178 3166/3166
f 3178/3178 3168/3168 6998/6998
f 6998/6998 3168/3168 3171/3171
f 6998/6998 3171/3171 6999/6999
f 3171/3171 3173/3173 6999/6999
f 3173/3173 3175/3175 7000/7000
f 6999/6999 3173/3173 7000/7000
f 3175/3175 6996/6996 7001/7001
f 7000/7000 3175/3175 7001/7001
f 7002/7002 3176/3176 3178/3178
f 7002/7002 3178/3178 7003/7003
f 3177/3177 3176/3176 7002/7002
f 7003/7003 3178/3178 6998/6998
f 7003/7003 6998/6998 7004/7004
f 7004/7004 6998/6998 6999/6999
f 7004/7004 6999/6999 7005/7005
f 7005/7005 6999/6999 7000/7000
f 7005/7005 7000/7000 7001/7001
f 3005/3005 2727/2727 3321/3321
f 6928/6928 6687/6687 7006/7006
f 7006/7006 6687/6687 6888/6888
f 6888/6888 6666/6666 7007/7007
f 6666/6666 6721/6721 7008/7008
f 7008/7008 6721/6721 6816/6816
f 7009/7009 7002/7002 7003/7003
f 7009/7009 7003/7003 7010/7010
f 7003/7003 7004/7004 7011/7011
f 7010/7010 7003/7003 7011/7011
f 7011/7011 7004/7004 7012/7012
f 7012/7012 7004/7004 7005/7005
f 7009/7009 7010/7010 7013/7013
f 7014/7014 7009/7009 7013/7013
f 7009/7009 7014/7014 7015/7015
f 7013/7013 7010/7010 7016/7016
f 7016/7016 7010/7010 7011/7011
f 7016/7016 7011/7011 7017/7017
f 7017/7017 7011/7011 7012/7012
f 7005/7005 7001/7001 7018/7018
f 7001/7001 6932/6932 6933/6933
f 7018/7018 7001/7001 6933/6933
f 7015/7015 7014/7014 7019/7019
f 7014/7014 7013/7013 7020/7020
f 7020/7020 7013/7013 7016/7016
f 7020/7020 7016/7016 7021/7021
f 7021/7021 7016/7016 7022/7022
f 7022/7022 7016/7016 7017/7017
f 7012/7012 7005/7005 7018/7018
f 6852/6852 6752/6752 2904/2904
f 7019/7019 7014/7014 7020/7020
f 7020/7020 7021/7021 7023/7023
f 7024/7024 7020/7020 7023/7023
f 7023/7023 7021/7021 7022/7022
f 7023/7023 7022/7022 7025/7025
f 7022/7022 7017/7017 7026/7026
f 7025/7025 7022/7022 7026/7026
f 7017/7017 7012/7012 7026/7026
f 7026/7026 7012/7012 7018/7018
f 7018/7018 6933/6933 6935/6935
f 7023/7023 7025/7025 7027/7027
f 7028/7028 7027/7027 7029/7029
f 7025/7025 7026/7026 7027/7027
f 7027/7027 7026/7026 7030/7030
f 7027/7027 7030/7030 7029/7029
f 7030/7030 7026/7026 7018/7018
f 7030/7030 7018/7018 6935/6935
f 7031/7031 7030/7030 7032/7032
f 7029/7029 7030/7030 7031/7031
f 7032/7032 7030/7030 6935/6935
f 7032/7032 6935/6935 7033/7033
f 7033/7033 6935/6935 6937/6937
f 7034/7034 7032/7032 7033/7033
f 7035/7035 6940/6940 6941/6941
f 7031/7031 7032/7032 7034/7034
f 7031/7031 7034/7034 7036/7036
f 7036/7036 7034/7034 7037/7037
f 7035/7035 6941/6941 7038/7038
f 7038/7038 6941/6941 6942/6942
f 7038/7038 6942/6942 7039/7039
f 3184/3184 3120/3120 3186/3186
f 7040/7040 3190/3190 3189/3189
f 7040/7040 3189/3189 3194/3194
f 7039/7039 6942/6942 6943/6943
f 7041/7041 7042/7042 3195/3195
f 3194/3194 3193/3193 3196/3196
f 6944/6944 6858/6858 7043/7043
f 3195/3195 7042/7042 3197/3197
f 7043/7043 6858/6858 6754/6754
f 7040/7040 3194/3194 7044/7044
f 7044/7044 3194/3194 3196/3196
f 7045/7045 7040/7040 7044/7044
f 3196/3196 3197/3197 7046/7046
f 7044/7044 3196/3196 7047/7047
f 7047/7047 3196/3196 7046/7046
f 7045/7045 7044/7044 7048/7048
f 7048/7048 7044/7044 7047/7047
f 7049/7049 7045/7045 7048/7048
f 7048/7048 7047/7047 7050/7050
f 7050/7050 7047/7047 7046/7046
f 7050/7050 7046/7046 7051/7051
f 7049/7049 7048/7048 7052/7052
f 7052/7052 7048/7048 7050/7050
f 7053/7053 7049/7049 7052/7052
f 7053/7053 7052/7052 7050/7050
f 7053/7053 7050/7050 3142/3142
f 3142/3142 7050/7050 7051/7051
f 7054/7054 7053/7053 3142/3142
f 3142/3142 7051/7051 3143/3143
f 7055/7055 7056/7056 7057/7057
f 7058/7058 7055/7055 7057/7057
f 7057/7057 7056/7056 7059/7059
f 7060/7060 7061/7061 7062/7062
f 7062/7062 7061/7061 7063/7063
f 3217/3217 3219/3219 3212/3212
f 7063/7063 7061/7061 3228/3228
f 7063/7063 3228/3228 7064/7064
f 7064/7064 3228/3228 3227/3227
f 7065/7065 6570/6570 6864/6864
f 3232/3232 3230/3230 3287/3287
f 3287/3287 3230/3230 3234/3234
f 3235/3235 3146/3146 3233/3233
f 7066/7066 6950/6950 7067/7067
f 7067/7067 6950/6950 6952/6952
f 3237/3237 3157/3157 3148/3148
f 3239/3239 3163/3163 3238/3238
f 6956/6956 6958/6958 7068/7068
f 6913/6913 6976/6976 7069/7069
f 7070/7070 6977/6977 7071/7071
f 7071/7071 6977/6977 6978/6978
f 7071/7071 6978/6978 7072/7072
f 7072/7072 6978/6978 6979/6979
f 7073/7073 7074/7074 7075/7075
f 7075/7075 7074/7074 6982/6982
f 7075/7075 6982/6982 6983/6983
f 7076/7076 7075/7075 6983/6983
f 7076/7076 6983/6983 7077/7077
f 7077/7077 6983/6983 6985/6985
f 7077/7077 6985/6985 7078/7078
f 7077/7077 7078/7078 7079/7079
f 6985/6985 6988/6988 7078/7078
f 7078/7078 6988/6988 6993/6993
f 7079/7079 7078/7078 6993/6993
f 7079/7079 6993/6993 3250/3250
f 6993/6993 6992/6992 7080/7080
f 7080/7080 6992/6992 6994/6994
f 7080/7080 6994/6994 6995/6995
f 3172/3172 6993/6993 7080/7080
f 3172/3172 7080/7080 3174/3174
f 3250/3250 6993/6993 3172/3172
f 7080/7080 6995/6995 3174/3174
f 3177/3177 3249/3249 3166/3166
f 3249/3249 3177/3177 3252/3252
f 7081/7081 3251/3251 3177/3177
f 7081/7081 3177/3177 7002/7002
f 3251/3251 7081/7081 7082/7082
f 7007/7007 6666/6666 7008/7008
f 7008/7008 6816/6816 7083/7083
f 7081/7081 7002/7002 7009/7009
f 7084/7084 7081/7081 7009/7009
f 7081/7081 7084/7084 7085/7085
f 7082/7082 7081/7081 7085/7085
f 7086/7086 6817/6817 6852/6852
f 7086/7086 6852/6852 7087/7087
f 7084/7084 7009/7009 7015/7015
f 7085/7085 7084/7084 7088/7088
f 7087/7087 6852/6852 2904/2904
f 7089/7089 7084/7084 7015/7015
f 7089/7089 7015/7015 7019/7019
f 7088/7088 7084/7084 7089/7089
f 7088/7088 7089/7089 3327/3327
f 7090/7090 7089/7089 7019/7019
f 7090/7090 7019/7019 7091/7091
f 3327/3327 7089/7089 7090/7090
f 7091/7091 7019/7019 7020/7020
f 7091/7091 7020/7020 7024/7024
f 7091/7091 7024/7024 7092/7092
f 7092/7092 7024/7024 7028/7028
f 7024/7024 7023/7023 7027/7027
f 7024/7024 7027/7027 7028/7028
f 7093/7093 7028/7028 7094/7094
f 7094/7094 7028/7028 7029/7029
f 7094/7094 7029/7029 7095/7095
f 7095/7095 7029/7029 7031/7031
f 7096/7096 7094/7094 7095/7095
f 7096/7096 7095/7095 7031/7031
f 7096/7096 7031/7031 7036/7036
f 7094/7094 7096/7096 7097/7097
f 7094/7094 7097/7097 7098/7098
f 7096/7096 7036/7036 7099/7099
f 7099/7099 7036/7036 7037/7037
f 7100/7100 7097/7097 7096/7096
f 7097/7097 7100/7100 7101/7101
f 7100/7100 7096/7096 7099/7099
f 7100/7100 7099/7099 7102/7102
f 7102/7102 7099/7099 7037/7037
f 7100/7100 7102/7102 7103/7103
f 7104/7104 7100/7100 7103/7103
f 7100/7100 7104/7104 7101/7101
f 7102/7102 7037/7037 7041/7041
f 7103/7103 7102/7102 7041/7041
f 7101/7101 7104/7104 3188/3188
f 7105/7105 7101/7101 3188/3188
f 7101/7101 7105/7105 7106/7106
f 3188/3188 7104/7104 7103/7103
f 3188/3188 7103/7103 3189/3189
f 3189/3189 7103/7103 7107/7107
f 7107/7107 7103/7103 7041/7041
f 7106/7106 7105/7105 7108/7108
f 3193/3193 3189/3189 7107/7107
f 3193/3193 7107/7107 7041/7041
f 3193/3193 7041/7041 3195/3195
f 7109/7109 6944/6944 7043/7043
f 7043/7043 6754/6754 6769/6769
f 7043/7043 6769/6769 6862/6862
f 3335/3335 7055/7055 3563/3563
f 7055/7055 7058/7058 3563/3563
f 3563/3563 7058/7058 7057/7057
f 7057/7057 7059/7059 7110/7110
f 3262/3262 3206/3206 3260/3260
f 7111/7111 7060/7060 7062/7062
f 6903/6903 6829/6829 6830/6830
f 7064/7064 3227/3227 7112/7112
f 3227/3227 3267/3267 7112/7112
f 6715/6715 6691/6691 6865/6865
f 6864/6864 6715/6715 6865/6865
f 6865/6865 6661/6661 7113/7113
f 7114/7114 7115/7115 7116/7116
f 7117/7117 3280/3280 3282/3282
f 7116/7116 7118/7118 7119/7119
f 7120/7120 7121/7121 7122/7122
f 3278/3278 3282/3282 3279/3279
f 7123/7123 7124/7124 7125/7125
f 3277/3277 3284/3284 7126/7126
f 3288/3288 7127/7127 3289/3289
f 7127/7127 7128/7128 3624/3624
f 3289/3289 7127/7127 3624/3624
f 7128/7128 7129/7129 3618/3618
f 3284/3284 3285/3285 3361/3361
f 7126/7126 3284/3284 3361/3361
f 7130/7130 7066/7066 7067/7067
f 3285/3285 3235/3235 3233/3233
f 3361/3361 3285/3285 3233/3233
f 3297/3297 3298/3298 3294/3294
f 7067/7067 6952/6952 7131/7131
f 6952/6952 6954/6954 7132/7132
f 7131/7131 6952/6952 7132/7132
f 6954/6954 6956/6956 7133/7133
f 7133/7133 6956/6956 7068/7068
f 7068/7068 6958/6958 7134/7134
f 7134/7134 6958/6958 7135/7135
f 6786/6786 6913/6913 7136/7136
f 7136/7136 6913/6913 7069/7069
f 7137/7137 7138/7138 7139/7139
f 7137/7137 7139/7139 7140/7140
f 7136/7136 7069/7069 7141/7141
f 7139/7139 7073/7073 7140/7140
f 7137/7137 7140/7140 7142/7142
f 7136/7136 7141/7141 7143/7143
f 7137/7137 7142/7142 7144/7144
f 7143/7143 7141/7141 7145/7145
f 7142/7142 7140/7140 7073/7073
f 7142/7142 7073/7073 7146/7146
f 7146/7146 7073/7073 7075/7075
f 7144/7144 7142/7142 7147/7147
f 7144/7144 7147/7147 7148/7148
f 7147/7147 7142/7142 7146/7146
f 7146/7146 7075/7075 7076/7076
f 7147/7147 7146/7146 7149/7149
f 7147/7147 7149/7149 7150/7150
f 7148/7148 7147/7147 7150/7150
f 7149/7149 7146/7146 7151/7151
f 7150/7150 7149/7149 7151/7151
f 7151/7151 7146/7146 7076/7076
f 7151/7151 7076/7076 7077/7077
f 7152/7152 7151/7151 3320/3320
f 7151/7151 7077/7077 7079/7079
f 7151/7151 7079/7079 3320/3320
f 3169/3169 3320/3320 7079/7079
f 3169/3169 7079/7079 3250/3250
f 3252/3252 3251/3251 7153/7153
f 3318/3318 3252/3252 7153/7153
f 3251/3251 7082/7082 7153/7153
f 6928/6928 7006/7006 7154/7154
f 7006/7006 6888/6888 7154/7154
f 7154/7154 6888/6888 7007/7007
f 7082/7082 7085/7085 7155/7155
f 7155/7155 7085/7085 7088/7088
f 7155/7155 7088/7088 7156/7156
f 7156/7156 7088/7088 3325/3325
f 7087/7087 2904/2904 7157/7157
f 7088/7088 3327/3327 3325/3325
f 7157/7157 2904/2904 7158/7158
f 3323/3323 3326/3326 7159/7159
f 3324/3324 3323/3323 7160/7160
f 7159/7159 3326/3326 3327/3327
f 7159/7159 3327/3327 7090/7090
f 2823/2823 7158/7158 2904/2904
f 7161/7161 3323/3323 7159/7159
f 3323/3323 7161/7161 7162/7162
f 7160/7160 3323/3323 7162/7162
f 7162/7162 7161/7161 7163/7163
f 7159/7159 7090/7090 7164/7164
f 7161/7161 7159/7159 7164/7164
f 7161/7161 7164/7164 7163/7163
f 7164/7164 7090/7090 7091/7091
f 7164/7164 7091/7091 7092/7092
f 7165/7165 7164/7164 7092/7092
f 7163/7163 7164/7164 7165/7165
f 7165/7165 7092/7092 7093/7093
f 7093/7093 7092/7092 7028/7028
f 7166/7166 7165/7165 7093/7093
f 7166/7166 7093/7093 7167/7167
f 7167/7167 7093/7093 7094/7094
f 7166/7166 7167/7167 7168/7168
f 7168/7168 7167/7167 7098/7098
f 7167/7167 7094/7094 7098/7098
f 7169/7169 7168/7168 7098/7098
f 7098/7098 7097/7097 7170/7170
f 7170/7170 7097/7097 7101/7101
f 7169/7169 7098/7098 7170/7170
f 7170/7170 7101/7101 7106/7106
f 7171/7171 7169/7169 7170/7170
f 7171/7171 7170/7170 7172/7172
f 7172/7172 7170/7170 7106/7106
f 7172/7172 7106/7106 7108/7108
f 7173/7173 7171/7171 7174/7174
f 7174/7174 7171/7171 7172/7172
f 3129/3129 3334/3334 3192/3192
f 3334/3334 3191/3191 3192/3192
f 7175/7175 3330/3330 7176/7176
f 3331/3331 3330/3330 7175/7175
f 7177/7177 7109/7109 7043/7043
f 7176/7176 3330/3330 3333/3333
f 3564/3564 3563/3563 7057/7057
f 3564/3564 7057/7057 7178/7178
f 7057/7057 7110/7110 7178/7178
f 3336/3336 3335/3335 3562/3562
f 3562/3562 3335/3335 3563/3563
f 7062/7062 7063/7063 7179/7179
f 7063/7063 7064/7064 7180/7180
f 7179/7179 7063/7063 7180/7180
f 7064/7064 7112/7112 7181/7181
f 7180/7180 7064/7064 7181/7181
f 7112/7112 3267/3267 7181/7181
f 3597/3597 3602/3602 3598/3598
f 7181/7181 3267/3267 7182/7182
f 6830/6830 6760/6760 7183/7183
f 7114/7114 7116/7116 3614/3614
f 7184/7184 7114/7114 3614/3614
f 7116/7116 7119/7119 3612/3612
f 3614/3614 7116/7116 3612/3612
f 3612/3612 7119/7119 7185/7185
f 7123/7123 7125/7125 7186/7186
f 7187/7187 7123/7123 7186/7186
f 7186/7186 7125/7125 7188/7188
f 3624/3624 7128/7128 3617/3617
f 3617/3617 7128/7128 3618/3618
f 7188/7188 7125/7125 7189/7189
f 7188/7188 7189/7189 7190/7190
f 7191/7191 7192/7192 3290/3290
f 7191/7191 3290/3290 3628/3628
f 3290/3290 3289/3289 7193/7193
f 3290/3290 7193/7193 3625/3625
f 3628/3628 3290/3290 3625/3625
f 3289/3289 3624/3624 3623/3623
f 7193/7193 3289/3289 3623/3623
f 7130/7130 7067/7067 7194/7194
f 3630/3630 7193/7193 3623/3623
f 3625/3625 7193/7193 3630/3630
f 7194/7194 7067/7067 7131/7131
f 7195/7195 6716/6716 6957/6957
f 3371/3371 3364/3364 3363/3363
f 7132/7132 6954/6954 7133/7133
f 7133/7133 7068/7068 7134/7134
f 3387/3387 3373/3373 3372/3372
f 7196/7196 7197/7197 3384/3384
f 7198/7198 3397/3397 3396/3396
f 7134/7134 7135/7135 7199/7199
f 3396/3396 3395/3395 3402/3402
f 3407/3407 3392/3392 3398/3398
f 3396/3396 3402/3402 3401/3401
f 3401/3401 3400/3400 3414/3414
f 3424/3424 3409/3409 3415/3415
f 3414/3414 3417/3417 7200/7200
f 3433/3433 3423/3423 3425/3425
f 7200/7200 7201/7201 3438/3438
f 6806/6806 6784/6784 7202/7202
f 3437/3437 3436/3436 3445/3445
f 7202/7202 6784/6784 6786/6786
f 3444/3444 3443/3443 7203/7203
f 3645/3645 3451/3451 3447/3447
f 3444/3444 7203/7203 3464/3464
f 7204/7204 7136/7136 7143/7143
f 3463/3463 3462/3462 3475/3475
f 7205/7205 7143/7143 7145/7145
f 7143/7143 7205/7205 7206/7206
f 7204/7204 7143/7143 7206/7206
f 7207/7207 7144/7144 7208/7208
f 7207/7207 7208/7208 7209/7209
f 7208/7208 7144/7144 7148/7148
f 7208/7208 7148/7148 7150/7150
f 7210/7210 7208/7208 7150/7150
f 7209/7209 7208/7208 7210/7210
f 7210/7210 7150/7150 7211/7211
f 7211/7211 7150/7150 7151/7151
f 7211/7211 7151/7151 7152/7152
f 7212/7212 7210/7210 7213/7213
f 7209/7209 7210/7210 7212/7212
f 7214/7214 7215/7215 7216/7216
f 7213/7213 7210/7210 7211/7211
f 7213/7213 7211/7211 3318/3318
f 3318/3318 7211/7211 7152/7152
f 3318/3318 7152/7152 3319/3319
f 3319/3319 7152/7152 3320/3320
f 7212/7212 7213/7213 7217/7217
f 7218/7218 7212/7212 7217/7217
f 7219/7219 7220/7220 7221/7221
f 7219/7219 7221/7221 3653/3653
f 7213/7213 3318/3318 7153/7153
f 7217/7217 7213/7213 7153/7153
f 7218/7218 7217/7217 7082/7082
f 3653/3653 7221/7221 3654/3654
f 7082/7082 7217/7217 7153/7153
f 7222/7222 6928/6928 7154/7154
f 7154/7154 7007/7007 7223/7223
f 7007/7007 7008/7008 7223/7223
f 7008/7008 7083/7083 7224/7224
f 7223/7223 7008/7008 7224/7224
f 7218/7218 7082/7082 7155/7155
f 7225/7225 7218/7218 7155/7155
f 3654/3654 7221/7221 7226/7226
f 7227/7227 7086/7086 7087/7087
f 7227/7227 7087/7087 7228/7228
f 7225/7225 7155/7155 7156/7156
f 7229/7229 7225/7225 7156/7156
f 7226/7226 7230/7230 7231/7231
f 3654/3654 7226/7226 7231/7231
f 7228/7228 7087/7087 7157/7157
f 3476/3476 3473/3473 7232/7232
f 3476/3476 7232/7232 7233/7233
f 3324/3324 7229/7229 7156/7156
f 3324/3324 7156/7156 3325/3325
f 7229/7229 3324/3324 7234/7234
f 7231/7231 7230/7230 3665/3665
f 7157/7157 7158/7158 7235/7235
f 7234/7234 3324/3324 7160/7160
f 7234/7234 7160/7160 7236/7236
f 3179/3179 3254/3254 3007/3007
f 7158/7158 2823/2823 7237/7237
f 7235/7235 7158/7158 7237/7237
f 7233/7233 7232/7232 7238/7238
f 7239/7239 7160/7160 7162/7162
f 7238/7238 7232/7232 7240/7240
f 7239/7239 7162/7162 7241/7241
f 3483/3483 3482/3482 7242/7242
f 7241/7241 7162/7162 7163/7163
f 7241/7241 7163/7163 7165/7165
f 7243/7243 7239/7239 7241/7241
f 7242/7242 3482/3482 7244/7244
f 7241/7241 7165/7165 7166/7166
f 7243/7243 7241/7241 7245/7245
f 7245/7245 7241/7241 7166/7166
f 7166/7166 7168/7168 7169/7169
f 7242/7242 7244/7244 7246/7246
f 7245/7245 7166/7166 7169/7169
f 7240/7240 3507/3507 3509/3509
f 7243/7243 7245/7245 3332/3332
f 3331/3331 7243/7243 3332/3332
f 7246/7246 7244/7244 7177/7177
f 3332/3332 7245/7245 7169/7169
f 3332/3332 7169/7169 7247/7247
f 3333/3333 3332/3332 7247/7247
f 7247/7247 7169/7169 7173/7173
f 7169/7169 7171/7171 7173/7173
f 7246/7246 7177/7177 7248/7248
f 7177/7177 7043/7043 7248/7248
f 3508/3508 7249/7249 7250/7250
f 7250/7250 7249/7249 7251/7251
f 7249/7249 3525/3525 7251/7251
f 7252/7252 3527/3527 3526/3526
f 7252/7252 3526/3526 7253/7253
f 7253/7253 3526/3526 7254/7254
f 7253/7253 7254/7254 7255/7255
f 7255/7255 7254/7254 7256/7256
f 6862/6862 6903/6903 7257/7257
f 7255/7255 7256/7256 7258/7258
f 7258/7258 3548/3548 7259/7259
f 7259/7259 3548/3548 3550/3550
f 3550/3550 3549/3549 7260/7260
f 3549/3549 7261/7261 7260/7260
f 7260/7260 7261/7261 7262/7262
f 7260/7260 7262/7262 7263/7263
f 3562/3562 3564/3564 7264/7264
f 3564/3564 7178/7178 7265/7265
f 7264/7264 3564/3564 7265/7265
f 7265/7265 7178/7178 7110/7110
f 7265/7265 7110/7110 7266/7266
f 7262/7262 7267/7267 7263/7263
f 7263/7263 7267/7267 7268/7268
f 7111/7111 7062/7062 7269/7269
f 7270/7270 7111/7111 7269/7269
f 7269/7269 7062/7062 7179/7179
f 7268/7268 7271/7271 7272/7272
f 7273/7273 7268/7268 7272/7272
f 7274/7274 7275/7275 3574/3574
f 7274/7274 3574/3574 3573/3573
f 6903/6903 6830/6830 7276/7276
f 7277/7277 7180/7180 7181/7181
f 7277/7277 7181/7181 7278/7278
f 7279/7279 7280/7280 7281/7281
f 7282/7282 7279/7279 7281/7281
f 7181/7181 7182/7182 7283/7283
f 7278/7278 7181/7181 7283/7283
f 7281/7281 7280/7280 7284/7284
f 7281/7281 7284/7284 7285/7285
f 7284/7284 7286/7286 7287/7287
f 7285/7285 7284/7284 7287/7287
f 3613/3613 3612/3612 7288/7288
f 7289/7289 7114/7114 7184/7184
f 7184/7184 3614/3614 3613/3613
f 7290/7290 7291/7291 7292/7292
f 7291/7291 7187/7187 7293/7293
f 7292/7292 7291/7291 7293/7293
f 7187/7187 7186/7186 7293/7293
f 7293/7293 7186/7186 7188/7188
f 7292/7292 7293/7293 7294/7294
f 3621/3621 3624/3624 3617/3617
f 3621/3621 3617/3617 3620/3620
f 7295/7295 7130/7130 7296/7296
f 7297/7297 6744/6744 6716/6716
f 7297/7297 6716/6716 7195/7195
f 7298/7298 7293/7293 7188/7188
f 7298/7298 7188/7188 7190/7190
f 7294/7294 7293/7293 7298/7298
f 7296/7296 7130/7130 7194/7194
f 7296/7296 7194/7194 7299/7299
f 7298/7298 7190/7190 7300/7300
f 7301/7301 7298/7298 7300/7300
f 7298/7298 7301/7301 7302/7302
f 7294/7294 7298/7298 7302/7302
f 7303/7303 7304/7304 7305/7305
f 7306/7306 7303/7303 7305/7305
f 7191/7191 3628/3628 3627/3627
f 7304/7304 7191/7191 3627/3627
f 7305/7305 7304/7304 3627/3627
f 7305/7305 3627/3627 3626/3626
f 3625/3625 3630/3630 7307/7307
f 7307/7307 3630/3630 3629/3629
f 7299/7299 7194/7194 7308/7308
f 7194/7194 7131/7131 7308/7308
f 7308/7308 7131/7131 3945/3945
f 3945/3945 7131/7131 7132/7132
f 3945/3945 7132/7132 7309/7309
f 7309/7309 7132/7132 7133/7133
f 7309/7309 7133/7133 7310/7310
f 7311/7311 7312/7312 7313/7313
f 7312/7312 7311/7311 7314/7314
f 7315/7315 7312/7312 7314/7314
f 7316/7316 7314/7314 7311/7311
f 7316/7316 7311/7311 7317/7317
f 7314/7314 7316/7316 7318/7318
f 7319/7319 7314/7314 7318/7318
f 7317/7317 7311/7311 7313/7313
f 7317/7317 7313/7313 7196/7196
f 7310/7310 7133/7133 7134/7134
f 7320/7320 7316/7316 7317/7317
f 7320/7320 7317/7317 3383/3383
f 7321/7321 7322/7322 7323/7323
f 7318/7318 7316/7316 7324/7324
f 7317/7317 7196/7196 3384/3384
f 3383/3383 7317/7317 3384/3384
f 7310/7310 7134/7134 7325/7325
f 7322/7322 7198/7198 3396/3396
f 7323/7323 7322/7322 7326/7326
f 7325/7325 7134/7134 7199/7199
f 7322/7322 3396/3396 7326/7326
f 7326/7326 3396/3396 7327/7327
f 3396/3396 3401/3401 7327/7327
f 7327/7327 3401/3401 3414/3414
f 6957/6957 6806/6806 7202/7202
f 3441/3441 3434/3434 3643/3643
f 3437/3437 3445/3445 3644/3644
f 3644/3644 3444/3444 7328/7328
f 7328/7328 3444/3444 3464/3464
f 3646/3646 3645/3645 3447/3447
f 7329/7329 7136/7136 7204/7204
f 7206/7206 7205/7205 7330/7330
f 7330/7330 7205/7205 7331/7331
f 7332/7332 7333/7333 7334/7334
f 3463/3463 3475/3475 3476/3476
f 7335/7335 7214/7214 7216/7216
f 7336/7336 7219/7219 7337/7337
f 7219/7219 3653/3653 7337/7337
f 7337/7337 3653/3653 3655/3655
f 3735/3735 3658/3658 3657/3657
f 3475/3475 3474/3474 3476/3476
f 7338/7338 7222/7222 7154/7154
f 7338/7338 7154/7154 7339/7339
f 7339/7339 7154/7154 7340/7340
f 7340/7340 7154/7154 7223/7223
f 7340/7340 7223/7223 7341/7341
f 7341/7341 7223/7223 7224/7224
f 7227/7227 7228/7228 7342/7342
f 7343/7343 7227/7227 7342/7342
f 3654/3654 7231/7231 7344/7344
f 3659/3659 3654/3654 7344/7344
f 7228/7228 7157/7157 7342/7342
f 3476/3476 7233/7233 7345/7345
f 7344/7344 7231/7231 3665/3665
f 7344/7344 3665/3665 3664/3664
f 7342/7342 7157/7157 7235/7235
f 3483/3483 3663/3663 3665/3665
f 3483/3483 3665/3665 3484/3484
f 7235/7235 7237/7237 7346/7346
f 3663/3663 3483/3483 7347/7347
f 3483/3483 7242/7242 7347/7347
f 7248/7248 7043/7043 6862/6862
f 7251/7251 3525/3525 7348/7348
f 3525/3525 3527/3527 7348/7348
f 3527/3527 7252/7252 7349/7349
f 7348/7348 3527/3527 7349/7349
f 7349/7349 7252/7252 7253/7253
f 7253/7253 7255/7255 7350/7350
f 7255/7255 7258/7258 7350/7350
f 7350/7350 7258/7258 7259/7259
f 7351/7351 3550/3550 7260/7260
f 7351/7351 7260/7260 7263/7263
f 7351/7351 7263/7263 7352/7352
f 7353/7353 3562/3562 7264/7264
f 7264/7264 7265/7265 7266/7266
f 3336/3336 3562/3562 7354/7354
f 7354/7354 3562/3562 7353/7353
f 7273/7273 7263/7263 7268/7268
f 7263/7263 7273/7273 7355/7355
f 7352/7352 7263/7263 7355/7355
f 7356/7356 7273/7273 7272/7272
f 7273/7273 7356/7356 7357/7357
f 7355/7355 7273/7273 7357/7357
f 7358/7358 7359/7359 7360/7360
f 7361/7361 7358/7358 7360/7360
f 7357/7357 7356/7356 7362/7362
f 7357/7357 7362/7362 7363/7363
f 7360/7360 7359/7359 3689/3689
f 7360/7360 3689/3689 3688/3688
f 7179/7179 7180/7180 7364/7364
f 7361/7361 7360/7360 7365/7365
f 7363/7363 7362/7362 7366/7366
f 7367/7367 7361/7361 7365/7365
f 7360/7360 3688/3688 3691/3691
f 7365/7365 7360/7360 3691/3691
f 7365/7365 3691/3691 7368/7368
f 7368/7368 3691/3691 3693/3693
f 7364/7364 7180/7180 7277/7277
f 3591/3591 3694/3694 3592/3592
f 3592/3592 3694/3694 3593/3593
f 7369/7369 7282/7282 7281/7281
f 7285/7285 7287/7287 7370/7370
f 7183/7183 6760/6760 7371/7371
f 7372/7372 7373/7373 7374/7374
f 7289/7289 7184/7184 3930/3930
f 3930/3930 7184/7184 3613/3613
f 7290/7290 7292/7292 7375/7375
f 7120/7120 7122/7122 7376/7376
f 3620/3620 3619/3619 7377/7377
f 7292/7292 7294/7294 7378/7378
f 7375/7375 7292/7292 7378/7378
f 7378/7378 7294/7294 7302/7302
f 7306/7306 7305/7305 7379/7379
f 7379/7379 7305/7305 3626/3626
f 7379/7379 3626/3626 7380/7380
f 3626/3626 3625/3625 7307/7307
f 3626/3626 7307/7307 7381/7381
f 7380/7380 3626/3626 7381/7381
f 7381/7381 7307/7307 3629/3629
f 7382/7382 7383/7383 7384/7384
f 3939/3939 3708/3708 3707/3707
f 3943/3943 3945/3945 7309/7309
f 3943/3943 7309/7309 3944/3944
f 7385/7385 7382/7382 7315/7315
f 7386/7386 7385/7385 7315/7315
f 7387/7387 7388/7388 7389/7389
f 7382/7382 7384/7384 7312/7312
f 7315/7315 7382/7382 7312/7312
f 7390/7390 3711/3711 3714/3714
f 3944/3944 7309/7309 7310/7310
f 7319/7319 7386/7386 7315/7315
f 7319/7319 7315/7315 7314/7314
f 7389/7389 7388/7388 7391/7391
f 7389/7389 7391/7391 7392/7392
f 3632/3632 7390/7390 3714/3714
f 3632/3632 3714/3714 3716/3716
f 7392/7392 7391/7391 7393/7393
f 7392/7392 7393/7393 7394/7394
f 3633/3633 3632/3632 3716/3716
f 7394/7394 7393/7393 7323/7323
f 7394/7394 7323/7323 7395/7395
f 7323/7323 7326/7326 7395/7395
f 7325/7325 7199/7199 7396/7396
f 7395/7395 7326/7326 7397/7397
f 7326/7326 7327/7327 7397/7397
f 7397/7397 7327/7327 7398/7398
f 7327/7327 3414/3414 7398/7398
f 3414/3414 7200/7200 7399/7399
f 7398/7398 3414/3414 7399/7399
f 7202/7202 6786/6786 7329/7329
f 7329/7329 6786/6786 7136/7136
f 3464/3464 3463/3463 7400/7400
f 7206/7206 7330/7330 7401/7401
f 3965/3965 3730/3730 3966/3966
f 7400/7400 3463/3463 3476/3476
f 7400/7400 3476/3476 3980/3980
f 3957/3957 7332/7332 3958/3958
f 3958/3958 7332/7332 7334/7334
f 7334/7334 7402/7402 3960/3960
f 3958/3958 7334/7334 3960/3960
f 7402/7402 7403/7403 3961/3961
f 3960/3960 7402/7402 3961/3961
f 3961/3961 7403/7403 3962/3962
f 7403/7403 7404/7404 3962/3962
f 3962/3962 7404/7404 3964/3964
f 3964/3964 7404/7404 3731/3731
f 3964/3964 3731/3731 3730/3730
f 3732/3732 7405/7405 3968/3968
f 3968/3968 7405/7405 7406/7406
f 3968/3968 7406/7406 3969/3969
f 3969/3969 7406/7406 7407/7407
f 7406/7406 7408/7408 7407/7407
f 7407/7407 7408/7408 3971/3971
f 7408/7408 7409/7409 3971/3971
f 7409/7409 7410/7410 3971/3971
f 3971/3971 7410/7410 3972/3972
f 3972/3972 7410/7410 7411/7411
f 7411/7411 7412/7412 3974/3974
f 3972/3972 7411/7411 3974/3974
f 3974/3974 7412/7412 3976/3976
f 3976/3976 7412/7412 7413/7413
f 3976/3976 7413/7413 7414/7414
f 7413/7413 7415/7415 7414/7414
f 7414/7414 7415/7415 7416/7416
f 7415/7415 7417/7417 7416/7416
f 7416/7416 7417/7417 7418/7418
f 7418/7418 7417/7417 7419/7419
f 7418/7418 7419/7419 3768/3768
f 7419/7419 7420/7420 3768/3768
f 3768/3768 7420/7420 3769/3769
f 7238/7238 7240/7240 7421/7421
f 7422/7422 7347/7347 7242/7242
f 7421/7421 7240/7240 7423/7423
f 7423/7423 7240/7240 3509/3509
f 7242/7242 7246/7246 7424/7424
f 7425/7425 7242/7242 7424/7424
f 7424/7424 7246/7246 7248/7248
f 7423/7423 3509/3509 7426/7426
f 7426/7426 3509/3509 3508/3508
f 3508/3508 7250/7250 7427/7427
f 7426/7426 3508/3508 7427/7427
f 7427/7427 7250/7250 7251/7251
f 7248/7248 6862/6862 7257/7257
f 7427/7427 7251/7251 7428/7428
f 7251/7251 7348/7348 7428/7428
f 7428/7428 7348/7348 7349/7349
f 7349/7349 7253/7253 7429/7429
f 7429/7429 7253/7253 7350/7350
f 7350/7350 7259/7259 7430/7430
f 7430/7430 7259/7259 3550/3550
f 7431/7431 7351/7351 7352/7352
f 7353/7353 7264/7264 7432/7432
f 7433/7433 7353/7353 7432/7432
f 7432/7432 7264/7264 7434/7434
f 7434/7434 7264/7264 7266/7266
f 7434/7434 7266/7266 7435/7435
f 7431/7431 7352/7352 7436/7436
f 3914/3914 3336/3336 7354/7354
f 7354/7354 7353/7353 7433/7433
f 7437/7437 7270/7270 7269/7269
f 7436/7436 7352/7352 7355/7355
f 7436/7436 7355/7355 7438/7438
f 3684/3684 3572/3572 3915/3915
f 7355/7355 7357/7357 7439/7439
f 7438/7438 7355/7355 7439/7439
f 7439/7439 7357/7357 7363/7363
f 7439/7439 7363/7363 7440/7440
f 3687/3687 3686/3686 7441/7441
f 7440/7440 7363/7363 7366/7366
f 7440/7440 7366/7366 7442/7442
f 7443/7443 7367/7367 7365/7365
f 7443/7443 7365/7365 7368/7368
f 7442/7442 7366/7366 7444/7444
f 7442/7442 7444/7444 7445/7445
f 7445/7445 7444/7444 7446/7446
f 7445/7445 7446/7446 7447/7447
f 7448/7448 7368/7368 3693/3693
f 7448/7448 3693/3693 7449/7449
f 7447/7447 7446/7446 7450/7450
f 7364/7364 7277/7277 7451/7451
f 7451/7451 7277/7277 7278/7278
f 7451/7451 7278/7278 7452/7452
f 7369/7369 7281/7281 7453/7453
f 7278/7278 7283/7283 7454/7454
f 7452/7452 7278/7278 7454/7454
f 7453/7453 7281/7281 7285/7285
f 7454/7454 7283/7283 7455/7455
f 7372/7372 7374/7374 7456/7456
f 3929/3929 3613/3613 7457/7457
f 7457/7457 3613/3613 7288/7288
f 7065/7065 6864/6864 7458/7458
f 4083/4083 7289/7289 3930/3930
f 7459/7459 7290/7290 7375/7375
f 7459/7459 7375/7375 7460/7460
f 7460/7460 7375/7375 7461/7461
f 3933/3933 3620/3620 7377/7377
f 7461/7461 7375/7375 7378/7378
f 3621/3621 3620/3620 3934/3934
f 7461/7461 7378/7378 4087/4087
f 7462/7462 7296/7296 7299/7299
f 4087/4087 7378/7378 7302/7302
f 7306/7306 7379/7379 7463/7463
f 7464/7464 7306/7306 7463/7463
f 7379/7379 7380/7380 7465/7465
f 7463/7463 7379/7379 7465/7465
f 7380/7380 7381/7381 7466/7466
f 7465/7465 7380/7380 7466/7466
f 7466/7466 7381/7381 3629/3629
f 7466/7466 3629/3629 3936/3936
f 7299/7299 7308/7308 7467/7467
f 7467/7467 7308/7308 4032/4032
f 4032/4032 7308/7308 3945/3945
f 4032/4032 3945/3945 4033/4033
f 3937/3937 3939/3939 3707/3707
f 3937/3937 3707/3707 3940/3940
f 3945/3945 3944/3944 7468/7468
f 4033/4033 3945/3945 7468/7468
f 7469/7469 7387/7387 7389/7389
f 7469/7469 7389/7389 7470/7470
f 7468/7468 3944/3944 7310/7310
f 7470/7470 7389/7389 7392/7392
f 7470/7470 7392/7392 7471/7471
f 7471/7471 7392/7392 7394/7394
f 7471/7471 7394/7394 7472/7472
f 7472/7472 7394/7394 7395/7395
f 7472/7472 7395/7395 7473/7473
f 3634/3634 3717/3717 3718/3718
f 7474/7474 7310/7310 7325/7325
f 7473/7473 7395/7395 7475/7475
f 7395/7395 7397/7397 7476/7476
f 7475/7475 7395/7395 7476/7476
f 3951/3951 3636/3636 3723/3723
f 6957/6957 7202/7202 7195/7195
f 7399/7399 7200/7200 3438/3438
f 7399/7399 3438/3438 3954/3954
f 3437/3437 3644/3644 4282/4282
f 4282/4282 3644/3644 7328/7328
f 7328/7328 3464/3464 7400/7400
f 7204/7204 7206/7206 7477/7477
f 7477/7477 7206/7206 7401/7401
f 3959/3959 3960/3960 7478/7478
f 7478/7478 3960/3960 7479/7479
f 3960/3960 3961/3961 7479/7479
f 3961/3961 3963/3963 7479/7479
f 7479/7479 3963/3963 7480/7480
f 7480/7480 3963/3963 7481/7481
f 3963/3963 3965/3965 7481/7481
f 7481/7481 3965/3965 7482/7482
f 3965/3965 3966/3966 7482/7482
f 7482/7482 3966/3966 3967/3967
f 7482/7482 3967/3967 7483/7483
f 7483/7483 3967/3967 3969/3969
f 7483/7483 3969/3969 7484/7484
f 3970/3970 3973/3973 7485/7485
f 7485/7485 3973/3973 7486/7486
f 3973/3973 3975/3975 7486/7486
f 7486/7486 3975/3975 3977/3977
f 7486/7486 3977/3977 7487/7487
f 3969/3969 7407/7407 7484/7484
f 7407/7407 3971/3971 7484/7484
f 7484/7484 3971/3971 7488/7488
f 7488/7488 3971/3971 3970/3970
f 7487/7487 3977/3977 3976/3976
f 3976/3976 7414/7414 7487/7487
f 7487/7487 7414/7414 7489/7489
f 7489/7489 7414/7414 7490/7490
f 7490/7490 7414/7414 7416/7416
f 7490/7490 7416/7416 7491/7491
f 7491/7491 7416/7416 7492/7492
f 7416/7416 7418/7418 7492/7492
f 7492/7492 7418/7418 3768/3768
f 7492/7492 3768/3768 7493/7493
f 3768/3768 3767/3767 7494/7494
f 7493/7493 3768/3768 7494/7494
f 3979/3979 3476/3476 7345/7345
f 7233/7233 7238/7238 7495/7495
f 7238/7238 7421/7421 7495/7495
f 7422/7422 7242/7242 7496/7496
f 3988/3988 3885/3885 3884/3884
f 4068/4068 3882/3882 4006/4006
f 7496/7496 7242/7242 7425/7425
f 7497/7497 7426/7426 7427/7427
f 7428/7428 7349/7349 7429/7429
f 7429/7429 7350/7350 7498/7498
f 7430/7430 3550/3550 7499/7499
f 3550/3550 7351/7351 7499/7499
f 7499/7499 7351/7351 7431/7431
f 7500/7500 7257/7257 6903/6903
f 3914/3914 7354/7354 7433/7433
f 7437/7437 7269/7269 7501/7501
f 7438/7438 7439/7439 7502/7502
f 3917/3917 4020/4020 3918/3918
f 7501/7501 7269/7269 7179/7179
f 7501/7501 7179/7179 7503/7503
f 7502/7502 7439/7439 7440/7440
f 7502/7502 7440/7440 7504/7504
f 7503/7503 7179/7179 7364/7364
f 7500/7500 6903/6903 7276/7276
f 7504/7504 7440/7440 7442/7442
f 7504/7504 7442/7442 7505/7505
f 7505/7505 7442/7442 7445/7445
f 7505/7505 7445/7445 7506/7506
f 7506/7506 7445/7445 7447/7447
f 7506/7506 7447/7447 7507/7507
f 7447/7447 7450/7450 7508/7508
f 7507/7507 7447/7447 7508/7508
f 7508/7508 7450/7450 7509/7509
f 7508/7508 7509/7509 7510/7510
f 7511/7511 7364/7364 7451/7451
f 7512/7512 7369/7369 7453/7453
f 7453/7453 7285/7285 7513/7513
f 7454/7454 7455/7455 7514/7514
f 7276/7276 6830/6830 7183/7183
f 7513/7513 7285/7285 7370/7370
f 7513/7513 7370/7370 7515/7515
f 7457/7457 7288/7288 7516/7516
f 7516/7516 7288/7288 7517/7517
f 6864/6864 6865/6865 7518/7518
f 7458/7458 6864/6864 7518/7518
f 7518/7518 6865/6865 7519/7519
f 7519/7519 6865/6865 7113/7113
f 4083/4083 3930/3930 4028/4028
f 7460/7460 7461/7461 4086/4086
f 4029/4029 3934/3934 3933/3933
f 7520/7520 7296/7296 7462/7462
f 4086/4086 7461/7461 4087/4087
f 7462/7462 7299/7299 7521/7521
f 7463/7463 7465/7465 7522/7522
f 7522/7522 7465/7465 7466/7466
f 7522/7522 7466/7466 7523/7523
f 7523/7523 7466/7466 3936/3936
f 7523/7523 3936/3936 4030/4030
f 7521/7521 7299/7299 7467/7467
f 3937/3937 3940/3940 7524/7524
f 4031/4031 4033/4033 7468/7468
f 4031/4031 7468/7468 4101/4101
f 4100/4100 7469/7469 7470/7470
f 4100/4100 7470/7470 7525/7525
f 7525/7525 7470/7470 7471/7471
f 7468/7468 7310/7310 7526/7526
f 4101/4101 7468/7468 7526/7526
f 7525/7525 7471/7471 7472/7472
f 7525/7525 7472/7472 7527/7527
f 7526/7526 7310/7310 7474/7474
f 7527/7527 7472/7472 7473/7473
f 7527/7527 7473/7473 7528/7528
f 7474/7474 7325/7325 4112/4112
f 7528/7528 7473/7473 7475/7475
f 4112/4112 7325/7325 7396/7396
f 4112/4112 7396/7396 7529/7529
f 3952/3952 3951/3951 3723/3723
f 4038/4038 3951/3951 3952/3952
f 4044/4044 3724/3724 4043/4043
f 7476/7476 7397/7397 7398/7398
f 7530/7530 7195/7195 7202/7202
f 7530/7530 7202/7202 7531/7531
f 7531/7531 7202/7202 7532/7532
f 4282/4282 7328/7328 4283/4283
f 7532/7532 7202/7202 7329/7329
f 4283/4283 7328/7328 7400/7400
f 4283/4283 7400/7400 7533/7533
f 7534/7534 7400/7400 3980/3980
f 7329/7329 7204/7204 7477/7477
f 3957/3957 3959/3959 7535/7535
f 7535/7535 3959/3959 7478/7478
f 7479/7479 7480/7480 7536/7536
f 7536/7536 7480/7480 7537/7537
f 7537/7537 7480/7480 7481/7481
f 7537/7537 7481/7481 7482/7482
f 7537/7537 7482/7482 7538/7538
f 7538/7538 7482/7482 7483/7483
f 7538/7538 7483/7483 7539/7539
f 7483/7483 7484/7484 7539/7539
f 7539/7539 7484/7484 7540/7540
f 7488/7488 3970/3970 7541/7541
f 7541/7541 3970/3970 7485/7485
f 7541/7541 7485/7485 7486/7486
f 7541/7541 7486/7486 7542/7542
f 7542/7542 7486/7486 7543/7543
f 7543/7543 7486/7486 7487/7487
f 7540/7540 7484/7484 7488/7488
f 7487/7487 7489/7489 7543/7543
f 7543/7543 7489/7489 7544/7544
f 7489/7489 7490/7490 7545/7545
f 7544/7544 7489/7489 7545/7545
f 7545/7545 7490/7490 7491/7491
f 7545/7545 7491/7491 7546/7546
f 7546/7546 7491/7491 7492/7492
f 7546/7546 7492/7492 7547/7547
f 7547/7547 7492/7492 7493/7493
f 3979/3979 7345/7345 7548/7548
f 7548/7548 7345/7345 7233/7233
f 7548/7548 7233/7233 7549/7549
f 7549/7549 7233/7233 7495/7495
f 4049/4049 3981/3981 4061/4061
f 7550/7550 7422/7422 7496/7496
f 7496/7496 7425/7425 7551/7551
f 7551/7551 7425/7425 7424/7424
f 7424/7424 7248/7248 7257/7257
f 7497/7497 7427/7427 7428/7428
f 7257/7257 7500/7500 7552/7552
f 7553/7553 7429/7429 7498/7498
f 7498/7498 7350/7350 7430/7430
f 7499/7499 7431/7431 7554/7554
f 7554/7554 7431/7431 7436/7436
f 4138/4138 3914/3914 7433/7433
f 4138/4138 7433/7433 7555/7555
f 7433/7433 7432/7432 7556/7556
f 7555/7555 7433/7433 7556/7556
f 7556/7556 7432/7432 7434/7434
f 7556/7556 7434/7434 7557/7557
f 7434/7434 7435/7435 7557/7557
f 7557/7557 7435/7435 7558/7558
f 7436/7436 7438/7438 7559/7559
f 7560/7560 7437/7437 7501/7501
f 7559/7559 7438/7438 7502/7502
f 7559/7559 7502/7502 7561/7561
f 7552/7552 7500/7500 7276/7276
f 7561/7561 7502/7502 7504/7504
f 7561/7561 7504/7504 7562/7562
f 7562/7562 7504/7504 7505/7505
f 7562/7562 7505/7505 4141/4141
f 7503/7503 7364/7364 7511/7511
f 4141/4141 7505/7505 7506/7506
f 4141/4141 7506/7506 4142/4142
f 4142/4142 7506/7506 7507/7507
f 4142/4142 7507/7507 4143/4143
f 7507/7507 7508/7508 7563/7563
f 4143/4143 7507/7507 7563/7563
f 7508/7508 7510/7510 7564/7564
f 7563/7563 7508/7508 7564/7564
f 7451/7451 7452/7452 7565/7565
f 7452/7452 7454/7454 7566/7566
f 7565/7565 7452/7452 7566/7566
f 7566/7566 7454/7454 7514/7514
f 7516/7516 7517/7517 7567/7567
f 7568/7568 7459/7459 7460/7460
f 7568/7568 7460/7460 7569/7569
f 7460/7460 4086/4086 4157/4157
f 7569/7569 7460/7460 4157/4157
f 4157/4157 4086/4086 4088/4088
f 4089/4089 4029/4029 3933/3933
f 4089/4089 3933/3933 7570/7570
f 7520/7520 7462/7462 7571/7571
f 4156/4156 4088/4088 7572/7572
f 7571/7571 7462/7462 7521/7521
f 7297/7297 7195/7195 7573/7573
f 4088/4088 4092/4092 7574/7574
f 7572/7572 4088/4088 7574/7574
f 7575/7575 7463/7463 7522/7522
f 7575/7575 7522/7522 4160/4160
f 4160/4160 7522/7522 7523/7523
f 4160/4160 7523/7523 4093/4093
f 7523/7523 4030/4030 4093/4093
f 7467/7467 4032/4032 7576/7576
f 4094/4094 3937/3937 7524/7524
f 4094/4094 7524/7524 4164/4164
f 3941/3941 4102/4102 3942/3942
f 7576/7576 4032/4032 4101/4101
f 4100/4100 7525/7525 4098/4098
f 7576/7576 4101/4101 7577/7577
f 4098/4098 7525/7525 4171/4171
f 4101/4101 7526/7526 7577/7577
f 4171/4171 7525/7525 7527/7527
f 4171/4171 7527/7527 7578/7578
f 7526/7526 7474/7474 4175/4175
f 7577/7577 7526/7526 4175/4175
f 7578/7578 7527/7527 7528/7528
f 7578/7578 7528/7528 4273/4273
f 4175/4175 7474/7474 4112/4112
f 4175/4175 4112/4112 4111/4111
f 4273/4273 7528/7528 7475/7475
f 4273/4273 7475/7475 7579/7579
f 4038/4038 7580/7580 4039/4039
f 4108/4108 4107/4107 7581/7581
f 4110/4110 4112/4112 7529/7529
f 7579/7579 7475/7475 7476/7476
f 4042/4042 4038/4038 3952/3952
f 4116/4116 4042/4042 4041/4041
f 7579/7579 7476/7476 4183/4183
f 7573/7573 7195/7195 7530/7530
f 4183/4183 7476/7476 7398/7398
f 4183/4183 7398/7398 7582/7582
f 7582/7582 7398/7398 7399/7399
f 7582/7582 7399/7399 7583/7583
f 7583/7583 7399/7399 3954/3954
f 4117/4117 3437/3437 4282/4282
f 7533/7533 7400/7400 7534/7534
f 7532/7532 7329/7329 7477/7477
f 7477/7477 7401/7401 7584/7584
f 7585/7585 3957/3957 7535/7535
f 7535/7535 7478/7478 7586/7586
f 7478/7478 7479/7479 7586/7586
f 7586/7586 7479/7479 7536/7536
f 7536/7536 7537/7537 7587/7587
f 7587/7587 7537/7537 7538/7538
f 7587/7587 7538/7538 7588/7588
f 7588/7588 7538/7538 7539/7539
f 7588/7588 7539/7539 7589/7589
f 7589/7589 7539/7539 7540/7540
f 7589/7589 7540/7540 7590/7590
f 7540/7540 7488/7488 7590/7590
f 7488/7488 7541/7541 7591/7591
f 7541/7541 7542/7542 7591/7591
f 7542/7542 7543/7543 7592/7592
f 7592/7592 7543/7543 7544/7544
f 7545/7545 7546/7546 7593/7593
f 7546/7546 7547/7547 7593/7593
f 4049/4049 4061/4061 4128/4128
f 4063/4063 4129/4129 4064/4064
f 7495/7495 7421/7421 7423/7423
f 7551/7551 7424/7424 7594/7594
f 7423/7423 7426/7426 7595/7595
f 7595/7595 7426/7426 7596/7596
f 7596/7596 7426/7426 7497/7497
f 7424/7424 7257/7257 7594/7594
f 7497/7497 7428/7428 7597/7597
f 7428/7428 7429/7429 7597/7597
f 7597/7597 7429/7429 7553/7553
f 7598/7598 7553/7553 7498/7498
f 7498/7498 7430/7430 7598/7598
f 7430/7430 7499/7499 7599/7599
f 7598/7598 7430/7430 7599/7599
f 7599/7599 7499/7499 7600/7600
f 7499/7499 7554/7554 7600/7600
f 7554/7554 7436/7436 4321/4321
f 4136/4136 4138/4138 7555/7555
f 4136/4136 7555/7555 7556/7556
f 4136/4136 7556/7556 7601/7601
f 7601/7601 7556/7556 7557/7557
f 7601/7601 7557/7557 7602/7602
f 7602/7602 7557/7557 7558/7558
f 7436/7436 7559/7559 4321/4321
f 4018/4018 3914/3914 4138/4138
f 4018/4018 4138/4138 4137/4137
f 7603/7603 4018/4018 4137/4137
f 7560/7560 7501/7501 7604/7604
f 7559/7559 7561/7561 7605/7605
f 4321/4321 7559/7559 7605/7605
f 6/6 5/5 4140/4140
f 7604/7604 7501/7501 7503/7503
f 7561/7561 7562/7562 7606/7606
f 7605/7605 7561/7561 7606/7606
f 7562/7562 4141/4141 7606/7606
f 7606/7606 4141/4141 4224/4224
f 7503/7503 7511/7511 7607/7607
f 4141/4141 4143/4143 4225/4225
f 4224/4224 4141/4141 4225/4225
f 4225/4225 4143/4143 7563/7563
f 7563/7563 7564/7564 4230/4230
f 4225/4225 7563/7563 4230/4230
f 7511/7511 7451/7451 7608/7608
f 7607/7607 7511/7511 7608/7608
f 7608/7608 7451/7451 7565/7565
f 4079/4079 4147/4147 4024/4024
f 7276/7276 7183/7183 7609/7609
f 4026/4026 4025/4025 4149/4149
f 7513/7513 7515/7515 7610/7610
f 7609/7609 7183/7183 7371/7371
f 4028/4028 3929/3929 4153/4153
f 4153/4153 3929/3929 7457/7457
f 4153/4153 7457/7457 4238/4238
f 4238/4238 7457/7457 7516/7516
f 4238/4238 7516/7516 7611/7611
f 7516/7516 7567/7567 7611/7611
f 7612/7612 7568/7568 7569/7569
f 7569/7569 4157/4157 7613/7613
f 4157/4157 4156/4156 7613/7613
f 4158/4158 4089/4089 7570/7570
f 4156/4156 7572/7572 7614/7614
f 7613/7613 4156/4156 7614/7614
f 4159/4159 4160/4160 4090/4090
f 7571/7571 7521/7521 7615/7615
f 7572/7572 7574/7574 7616/7616
f 7614/7614 7572/7572 7616/7616
f 7575/7575 4160/4160 4161/4161
f 7617/7617 7575/7575 4161/4161
f 7615/7615 7521/7521 7467/7467
f 7467/7467 7576/7576 7618/7618
f 7615/7615 7467/7467 7618/7618
f 4162/4162 4095/4095 4165/4165
f 7618/7618 7576/7576 7577/7577
f 4166/4166 4171/4171 4260/4260
f 4104/4104 4103/4103 4170/4170
f 7618/7618 7577/7577 4174/4174
f 4260/4260 4171/4171 7578/7578
f 4260/4260 7578/7578 4275/4275
f 4104/4104 4170/4170 4176/4176
f 4174/4174 7577/7577 4175/4175
f 4275/4275 7578/7578 4273/4273
f 4106/4106 4104/4104 4176/4176
f 4172/4172 4109/4109 4108/4108
f 4180/4180 4108/4108 7581/7581
f 4108/4108 4180/4180 4178/4178
f 4270/4270 4108/4108 4178/4178
f 4273/4273 7579/7579 4274/4274
f 4179/4179 4180/4180 7619/7619
f 4274/4274 7579/7579 4183/4183
f 4274/4274 4183/4183 4182/4182
f 4181/4181 4183/4183 7582/7582
f 4181/4181 7582/7582 7620/7620
f 7582/7582 7583/7583 7621/7621
f 7583/7583 3954/3954 4117/4117
f 7622/7622 4283/4283 7533/7533
f 7585/7585 7535/7535 4287/4287
f 4287/4287 7535/7535 7586/7586
f 4287/4287 7586/7586 4288/4288
f 4288/4288 7586/7586 7623/7623
f 7623/7623 7586/7586 7536/7536
f 7623/7623 7536/7536 7587/7587
f 7624/7624 7587/7587 7588/7588
f 7624/7624 7588/7588 7625/7625
f 7625/7625 7588/7588 7589/7589
f 7625/7625 7589/7589 7590/7590
f 7590/7590 7488/7488 7591/7591
f 7626/7626 7591/7591 7542/7542
f 7626/7626 7542/7542 7627/7627
f 7542/7542 7592/7592 7627/7627
f 7592/7592 7544/7544 7628/7628
f 7544/7544 7545/7545 7628/7628
f 7628/7628 7545/7545 7593/7593
f 7593/7593 7547/7547 7629/7629
f 7547/7547 7493/7493 7629/7629
f 7493/7493 7494/7494 4359/4359
f 7629/7629 7493/7493 4359/4359
f 7534/7534 3980/3980 7630/7630
f 7630/7630 3980/3980 3979/3979
f 7630/7630 3979/3979 7548/7548
f 7630/7630 7548/7548 7631/7631
f 7631/7631 7548/7548 7549/7549
f 4195/4195 4049/4049 4128/4128
f 7632/7632 7550/7550 7496/7496
f 4129/4129 4203/4203 4130/4130
f 7495/7495 7423/7423 7633/7633
f 7549/7549 7495/7495 7633/7633
f 7633/7633 7423/7423 7595/7595
f 7634/7634 7596/7596 7497/7497
f 7634/7634 7497/7497 7597/7597
f 7594/7594 7257/7257 7552/7552
f 7635/7635 7600/7600 7554/7554
f 7635/7635 7554/7554 4323/4323
f 7554/7554 4321/4321 4323/4323
f 4136/4136 7601/7601 7636/7636
f 7636/7636 7601/7601 7602/7602
f 4137/4137 4136/4136 7637/7637
f 7638/7638 7602/7602 7558/7558
f 4322/4322 4321/4321 7605/7605
f 7603/7603 4137/4137 7639/7639
f 7640/7640 7603/7603 7639/7639
f 7641/7641 7640/7640 7639/7639
f 7642/7642 4220/4220 4219/4219
f 7605/7605 7606/7606 7643/7643
f 4322/4322 7605/7605 7643/7643
f 7644/7644 7640/7640 7641/7641
f 7604/7604 7503/7503 7645/7645
f 7606/7606 4224/4224 7646/7646
f 7643/7643 7606/7606 7646/7646
f 7646/7646 4224/4224 4227/4227
f 10/10 6/6 4221/4221
f 10/10 4221/4221 4223/4223
f 7645/7645 7503/7503 7607/7607
f 4144/4144 10/10 4223/4223
f 4144/4144 4223/4223 4229/4229
f 7646/7646 4227/4227 4226/4226
f 7646/7646 4226/4226 7647/7647
f 4144/4144 4229/4229 4228/4228
f 7647/7647 4226/4226 7648/7648
f 7608/7608 7565/7565 7649/7649
f 7512/7512 7453/7453 7650/7650
f 7651/7651 7512/7512 7650/7650
f 7565/7565 7566/7566 7649/7649
f 7453/7453 7513/7513 7652/7652
f 7650/7650 7453/7453 7652/7652
f 7652/7652 7513/7513 7610/7610
f 4238/4238 7611/7611 7653/7653
f 7654/7654 7065/7065 7458/7458
f 7654/7654 7458/7458 7655/7655
f 7655/7655 7458/7458 7518/7518
f 7655/7655 7518/7518 7656/7656
f 7656/7656 7518/7518 7519/7519
f 7656/7656 7519/7519 7113/7113
f 7656/7656 7113/7113 7657/7657
f 7612/7612 7569/7569 7658/7658
f 7659/7659 7660/7660 7661/7661
f 7662/7662 7297/7297 7663/7663
f 7664/7664 7662/7662 7663/7663
f 7665/7665 7666/7666 7667/7667
f 7658/7658 7569/7569 7613/7613
f 4155/4155 4084/4084 7668/7668
f 4247/4247 4155/4155 7668/7668
f 7658/7658 7613/7613 7669/7669
f 7297/7297 7573/7573 7663/7663
f 7669/7669 7613/7613 7614/7614
f 7669/7669 7614/7614 7670/7670
f 4246/4246 4159/4159 4158/4158
f 4246/4246 4158/4158 7671/7671
f 4158/4158 7570/7570 7671/7671
f 7672/7672 7673/7673 7674/7674
f 7670/7670 7614/7614 7616/7616
f 7675/7675 7676/7676 7677/7677
f 4248/4248 4245/4245 4244/4244
f 4240/4240 4242/4242 4249/4249
f 4241/4241 4240/4240 4253/4253
f 4256/4256 4091/4091 4247/4247
f 4254/4254 4240/4240 4249/4249
f 4240/4240 4254/4254 4253/4253
f 7615/7615 7618/7618 7678/7678
f 7679/7679 4167/4167 7680/7680
f 4258/4258 4254/4254 4249/4249
f 7680/7680 4167/4167 4260/4260
f 7678/7678 7618/7618 7681/7681
f 7618/7618 4174/4174 7681/7681
f 4271/4271 4105/4105 4259/4259
f 4260/4260 4275/4275 7682/7682
f 4172/4172 4263/4263 4173/4173
f 4114/4114 4176/4176 4267/4267
f 4270/4270 4172/4172 4108/4108
f 7663/7663 7573/7573 7683/7683
f 7682/7682 4275/4275 4274/4274
f 4177/4177 4268/4268 4178/4178
f 4178/4178 4268/4268 4270/4270
f 7683/7683 7573/7573 7530/7530
f 4044/4044 4043/4043 4276/4276
f 4184/4184 4045/4045 4277/4277
f 7620/7620 7582/7582 7621/7621
f 7530/7530 7531/7531 7683/7683
f 4279/4279 3953/3953 4278/4278
f 7683/7683 7531/7531 7684/7684
f 4186/4186 4185/4185 4280/4280
f 4117/4117 4282/4282 7685/7685
f 7685/7685 4282/4282 4284/4284
f 7684/7684 7531/7531 7532/7532
f 4283/4283 7622/7622 4284/4284
f 7684/7684 7532/7532 7686/7686
f 7686/7686 7532/7532 7477/7477
f 7686/7686 7477/7477 7687/7687
f 7687/7687 7477/7477 7584/7584
f 7687/7687 7584/7584 4352/4352
f 7688/7688 4288/4288 7623/7623
f 7688/7688 7623/7623 7689/7689
f 7689/7689 7623/7623 7587/7587
f 7689/7689 7587/7587 7624/7624
f 7689/7689 7624/7624 7690/7690
f 7624/7624 7625/7625 7690/7690
f 7690/7690 7625/7625 7691/7691
f 7691/7691 7625/7625 7590/7590
f 7691/7691 7590/7590 7692/7692
f 7590/7590 7591/7591 7692/7692
f 7692/7692 7591/7591 7693/7693
f 7591/7591 7626/7626 7693/7693
f 7693/7693 7626/7626 7694/7694
f 7694/7694 7626/7626 7627/7627
f 7695/7695 7585/7585 4287/4287
f 7695/7695 4287/4287 4289/4289
f 7584/7584 7696/7696 7697/7697
f 4352/4352 7584/7584 7697/7697
f 7698/7698 7695/7695 4289/4289
f 7627/7627 7592/7592 7699/7699
f 7699/7699 7592/7592 7628/7628
f 7699/7699 7628/7628 7700/7700
f 7628/7628 7593/7593 7700/7700
f 7700/7700 7593/7593 7701/7701
f 7701/7701 7593/7593 4361/4361
f 7593/7593 7629/7629 4361/4361
f 4361/4361 7629/7629 4359/4359
f 7631/7631 7549/7549 7702/7702
f 7703/7703 7632/7632 7704/7704
f 4292/4292 4195/4195 4307/4307
f 7704/7704 7632/7632 7496/7496
f 7496/7496 7551/7551 7705/7705
f 7704/7704 7496/7496 7705/7705
f 7702/7702 7549/7549 7633/7633
f 7705/7705 7551/7551 7706/7706
f 7551/7551 7594/7594 7706/7706
f 7595/7595 7596/7596 7634/7634
f 7634/7634 7597/7597 7707/7707
f 7707/7707 7597/7597 7708/7708
f 7594/7594 7552/7552 7706/7706
f 7597/7597 7553/7553 7708/7708
f 7708/7708 7553/7553 7598/7598
f 7709/7709 7598/7598 7710/7710
f 7710/7710 7598/7598 7599/7599
f 7706/7706 7552/7552 7711/7711
f 7600/7600 7635/7635 7712/7712
f 7712/7712 7635/7635 7713/7713
f 7713/7713 7635/7635 4323/4323
f 7713/7713 4323/4323 7714/7714
f 7714/7714 4323/4323 4322/4322
f 7637/7637 4136/4136 7636/7636
f 7637/7637 7636/7636 7715/7715
f 7636/7636 7602/7602 7716/7716
f 7715/7715 7636/7636 7716/7716
f 7716/7716 7602/7602 7638/7638
f 7711/7711 7552/7552 7276/7276
f 7714/7714 4322/4322 7717/7717
f 4218/4218 7718/7718 4219/4219
f 7719/7719 7720/7720 7721/7721
f 7717/7717 4322/4322 7643/7643
f 7717/7717 7643/7643 7646/7646
f 7642/7642 4219/4219 7722/7722
f 7719/7719 7721/7721 7723/7723
f 7724/7724 7642/7642 7722/7722
f 7646/7646 7647/7647 7725/7725
f 7726/7726 7727/7727 7728/7728
f 7729/7729 7726/7726 7728/7728
f 7727/7727 7724/7724 7730/7730
f 7728/7728 7727/7727 7730/7730
f 7607/7607 7608/7608 7731/7731
f 7645/7645 7607/7607 7731/7731
f 7276/7276 7609/7609 7711/7711
f 7731/7731 7608/7608 7732/7732
f 7608/7608 7649/7649 7732/7732
f 7733/7733 4331/4331 4330/4330
f 7734/7734 7651/7651 7735/7735
f 7735/7735 7651/7651 7650/7650
f 7650/7650 7652/7652 7736/7736
f 7735/7735 7650/7650 7736/7736
f 7372/7372 7456/7456 7737/7737
f 7738/7738 3928/3928 3702/3702
f 7738/7738 3702/3702 7739/7739
f 7655/7655 7656/7656 7740/7740
f 7654/7654 7655/7655 7740/7740
f 7740/7740 7656/7656 7657/7657
f 7664/7664 7663/7663 7741/7741
f 7667/7667 7666/7666 7742/7742
f 7666/7666 7743/7743 7742/7742
f 7743/7743 7659/7659 7744/7744
f 7742/7742 7743/7743 7744/7744
f 7744/7744 7659/7659 7661/7661
f 7667/7667 7742/7742 7745/7745
f 7745/7745 7742/7742 7746/7746
f 7746/7746 7742/7742 7744/7744
f 7746/7746 7744/7744 7747/7747
f 7747/7747 7744/7744 7661/7661
f 7747/7747 7661/7661 7748/7748
f 7749/7749 7667/7667 7745/7745
f 7747/7747 7748/7748 4241/4241
f 7745/7745 7746/7746 7750/7750
f 7746/7746 7747/7747 4241/4241
f 7750/7750 7746/7746 4241/4241
f 4244/4244 4243/4243 7751/7751
f 4340/4340 4244/4244 7751/7751
f 4243/4243 7672/7672 7752/7752
f 7751/7751 4243/4243 7752/7752
f 7752/7752 7672/7672 7753/7753
f 7753/7753 7672/7672 7674/7674
f 7749/7749 7745/7745 7754/7754
f 7750/7750 4241/4241 4253/4253
f 7755/7755 4337/4337 4339/4339
f 7751/7751 7752/7752 7756/7756
f 4341/4341 7751/7751 7756/7756
f 7751/7751 4341/4341 4340/4340
f 7756/7756 7752/7752 7753/7753
f 7745/7745 7750/7750 7757/7757
f 7757/7757 7750/7750 4252/4252
f 4252/4252 7750/7750 4253/4253
f 4250/4250 4341/4341 7758/7758
f 4255/4255 4250/4250 7758/7758
f 4342/4342 4255/4255 7758/7758
f 7758/7758 4341/4341 7756/7756
f 4342/4342 7758/7758 7756/7756
f 4342/4342 7756/7756 7759/7759
f 7756/7756 7753/7753 7760/7760
f 7756/7756 7760/7760 7759/7759
f 7760/7760 7753/7753 7674/7674
f 7760/7760 7674/7674 7761/7761
f 7762/7762 7749/7749 7763/7763
f 7763/7763 7749/7749 7754/7754
f 7754/7754 7745/7745 7757/7757
f 7759/7759 7760/7760 7761/7761
f 7764/7764 7762/7762 7763/7763
f 7757/7757 4252/4252 7765/7765
f 4344/4344 7766/7766 4264/4264
f 7766/7766 4344/4344 4343/4343
f 7767/7767 7768/7768 7769/7769
f 7768/7768 7770/7770 7769/7769
f 7763/7763 7754/7754 7771/7771
f 7754/7754 7757/7757 7772/7772
f 7771/7771 7754/7754 7772/7772
f 7772/7772 7757/7757 7773/7773
f 7773/7773 7757/7757 7765/7765
f 4265/4265 4261/4261 4344/4344
f 4265/4265 4344/4344 4269/4269
f 4344/4344 4264/4264 4263/4263
f 4269/4269 4344/4344 4263/4263
f 7764/7764 7763/7763 7774/7774
f 7774/7774 7763/7763 7771/7771
f 4269/4269 4263/4263 4172/4172
f 7775/7775 7764/7764 7774/7774
f 7663/7663 7683/7683 7741/7741
f 7772/7772 7773/7773 7776/7776
f 7741/7741 7683/7683 7777/7777
f 7771/7771 7772/7772 7776/7776
f 7778/7778 7775/7775 7779/7779
f 7779/7779 7775/7775 7774/7774
f 7774/7774 7771/7771 7780/7780
f 7780/7780 7771/7771 7776/7776
f 7780/7780 7776/7776 7781/7781
f 7782/7782 7778/7778 7779/7779
f 7779/7779 7774/7774 7780/7780
f 7783/7783 7784/7784 7782/7782
f 7779/7779 7780/7780 7785/7785
f 7783/7783 7782/7782 7786/7786
f 7782/7782 7779/7779 7785/7785
f 7786/7786 7782/7782 7785/7785
f 7785/7785 7780/7780 7787/7787
f 7788/7788 7783/7783 7786/7786
f 7789/7789 7788/7788 7786/7786
f 7790/7790 7786/7786 7785/7785
f 7790/7790 7785/7785 7787/7787
f 7790/7790 7787/7787 7791/7791
f 7789/7789 7786/7786 7792/7792
f 7792/7792 7786/7786 7790/7790
f 7683/7683 7684/7684 7777/7777
f 7793/7793 7789/7789 7792/7792
f 7792/7792 7790/7790 7794/7794
f 7794/7794 7790/7790 7791/7791
f 7794/7794 7791/7791 7795/7795
f 7793/7793 7792/7792 7794/7794
f 7777/7777 7684/7684 7796/7796
f 7794/7794 7795/7795 7797/7797
f 7798/7798 7793/7793 7799/7799
f 7799/7799 7793/7793 7794/7794
f 7799/7799 7794/7794 7800/7800
f 7800/7800 7794/7794 7797/7797
f 7801/7801 7798/7798 4345/4345
f 4345/4345 7798/7798 7799/7799
f 7802/7802 7799/7799 7800/7800
f 7802/7802 7800/7800 7803/7803
f 7803/7803 7804/7804 7802/7802
f 7684/7684 7686/7686 7796/7796
f 7802/7802 7804/7804 7805/7805
f 7806/7806 7807/7807 7808/7808
f 7686/7686 7687/7687 4352/4352
f 7809/7809 4349/4349 4348/4348
f 4289/4289 4288/4288 7810/7810
f 4288/4288 7688/7688 7810/7810
f 7810/7810 7688/7688 7811/7811
f 7810/7810 7811/7811 7812/7812
f 7812/7812 7811/7811 7813/7813
f 7811/7811 7688/7688 7689/7689
f 7811/7811 7689/7689 7813/7813
f 7689/7689 7690/7690 7814/7814
f 7813/7813 7689/7689 7814/7814
f 7813/7813 7814/7814 7815/7815
f 7815/7815 7814/7814 7816/7816
f 7690/7690 7691/7691 7814/7814
f 7816/7816 7814/7814 7817/7817
f 7814/7814 7691/7691 7817/7817
f 7817/7817 7691/7691 7818/7818
f 7818/7818 7691/7691 7692/7692
f 7818/7818 7692/7692 7819/7819
f 7692/7692 7693/7693 7819/7819
f 7819/7819 7693/7693 7820/7820
f 7693/7693 7694/7694 7820/7820
f 7820/7820 7694/7694 7821/7821
f 7694/7694 7627/7627 7699/7699
f 7821/7821 7694/7694 7699/7699
f 7821/7821 7699/7699 7822/7822
f 7699/7699 7700/7700 7822/7822
f 7822/7822 7700/7700 7823/7823
f 7700/7700 7701/7701 7823/7823
f 7823/7823 7701/7701 4361/4361
f 7824/7824 7825/7825 7826/7826
f 7827/7827 7824/7824 7826/7826
f 4352/4352 7697/7697 4353/4353
f 7825/7825 7828/7828 4363/4363
f 7826/7826 7825/7825 4363/4363
f 7829/7829 7827/7827 7830/7830
f 7830/7830 7827/7827 7826/7826
f 7830/7830 7826/7826 4363/4363
f 7831/7831 4356/4356 4355/4355
f 7832/7832 7831/7831 4355/4355
f 4355/4355 4357/4357 7833/7833
f 7829/7829 7830/7830 7834/7834
f 7830/7830 4363/4363 7835/7835
f 7834/7834 7830/7830 7835/7835
f 7835/7835 4363/4363 4365/4365
f 7836/7836 7832/7832 7837/7837
f 7837/7837 7832/7832 4355/4355
f 7837/7837 4355/4355 4366/4366
f 4355/4355 7833/7833 7838/7838
f 4366/4366 4355/4355 7838/7838
f 4367/4367 4366/4366 7838/7838
f 7838/7838 7833/7833 7839/7839
f 4367/4367 7838/7838 7839/7839
f 7840/7840 7841/7841 7842/7842
f 7843/7843 7840/7840 7842/7842
f 7842/7842 7841/7841 7844/7844
f 7845/7845 7829/7829 7834/7834
f 7846/7846 7847/7847 7848/7848
f 4354/4354 7849/7849 4351/4351
f 7848/7848 7847/7847 7850/7850
f 7836/7836 7837/7837 7851/7851
f 7852/7852 7853/7853 4376/4376
f 7854/7854 7852/7852 4376/4376
f 4372/4372 4362/4362 4374/4374
f 4351/4351 7849/7849 7855/7855
f 7856/7856 7835/7835 4382/4382
f 7835/7835 4365/4365 4382/4382
f 4370/4370 4372/4372 4374/4374
f 4370/4370 4374/4374 4373/4373
f 7836/7836 7851/7851 7857/7857
f 7858/7858 7854/7854 4376/4376
f 7858/7858 4376/4376 4378/4378
f 4371/4371 4370/4370 4380/4380
f 7845/7845 7856/7856 7859/7859
f 7855/7855 7849/7849 7860/7860
f 7856/7856 4382/4382 4384/4384
f 7859/7859 7856/7856 4384/4384
f 7861/7861 7859/7859 4384/4384
f 7861/7861 4384/4384 4386/4386
f 7862/7862 7863/7863 4379/4379
f 7862/7862 4379/4379 4381/4381
f 7862/7862 4381/4381 4385/4385
f 7860/7860 7703/7703 7704/7704
f 4293/4293 4291/4291 7864/7864
f 4293/4293 7864/7864 4294/4294
f 7864/7864 4401/4401 4294/4294
f 4294/4294 4401/4401 4295/4295
f 4406/4406 7863/7863 7865/7865
f 7863/7863 7862/7862 7866/7866
f 7865/7865 7863/7863 7866/7866
f 7862/7862 4385/4385 7867/7867
f 7866/7866 7862/7862 7867/7867
f 7867/7867 4385/4385 7868/7868
f 7867/7867 7868/7868 7869/7869
f 4306/4306 4420/4420 4398/4398
f 4306/4306 4398/4398 4307/4307
f 4398/4398 4292/4292 4307/4307
f 4407/4407 4406/4406 7865/7865
f 4212/4212 4300/4300 4213/4213
f 7866/7866 7867/7867 7870/7870
f 7865/7865 7866/7866 7870/7870
f 7870/7870 7867/7867 7869/7869
f 7704/7704 7705/7705 7871/7871
f 7871/7871 7705/7705 7706/7706
f 7871/7871 7706/7706 7872/7872
f 7595/7595 7634/7634 7707/7707
f 7873/7873 4427/4427 4429/4429
f 7708/7708 7598/7598 7709/7709
f 7874/7874 4429/4429 7875/7875
f 7875/7875 7876/7876 7877/7877
f 7878/7878 7875/7875 7879/7879
f 7879/7879 7875/7875 7877/7877
f 7879/7879 7877/7877 7880/7880
f 7877/7877 7881/7881 7880/7880
f 7880/7880 7881/7881 7882/7882
f 7872/7872 7706/7706 7883/7883
f 7884/7884 7878/7878 7879/7879
f 7706/7706 7711/7711 7883/7883
f 7884/7884 7879/7879 7885/7885
f 7879/7879 7880/7880 7886/7886
f 7880/7880 7882/7882 7886/7886
f 7885/7885 7879/7879 7887/7887
f 7887/7887 7879/7879 7886/7886
f 7888/7888 7885/7885 7887/7887
f 7887/7887 7886/7886 7889/7889
f 7888/7888 7887/7887 7890/7890
f 7890/7890 7887/7887 7891/7891
f 7891/7891 7887/7887 7889/7889
f 7891/7891 7889/7889 7892/7892
f 7892/7892 7889/7889 7893/7893
f 7889/7889 7894/7894 7895/7895
f 7893/7893 7889/7889 7895/7895
f 7890/7890 7891/7891 7896/7896
f 7897/7897 7890/7890 7896/7896
f 7896/7896 7891/7891 7892/7892
f 7893/7893 7895/7895 7898/7898
f 4219/4219 7718/7718 7899/7899
f 7896/7896 7892/7892 7900/7900
f 7900/7900 7892/7892 7893/7893
f 7722/7722 4219/4219 7901/7901
f 4219/4219 7899/7899 7902/7902
f 7901/7901 4219/4219 7902/7902
f 7902/7902 7899/7899 7720/7720
f 7900/7900 7893/7893 7903/7903
f 7903/7903 7893/7893 7898/7898
f 7724/7724 7722/7722 7901/7901
f 7902/7902 7720/7720 7904/7904
f 7904/7904 7720/7720 7719/7719
f 7904/7904 7719/7719 7905/7905
f 7905/7905 7719/7719 7723/7723
f 7906/7906 7900/7900 7903/7903
f 7903/7903 7898/7898 7907/7907
f 7907/7907 7898/7898 7908/7908
f 7907/7907 7908/7908 7729/7729
f 7730/7730 7724/7724 7901/7901
f 7730/7730 7901/7901 7909/7909
f 7909/7909 7901/7901 7902/7902
f 7909/7909 7902/7902 7910/7910
f 7911/7911 7909/7909 7910/7910
f 7910/7910 7902/7902 7904/7904
f 7905/7905 7723/7723 7912/7912
f 7883/7883 7711/7711 7913/7913
f 7906/7906 7903/7903 7914/7914
f 7914/7914 7903/7903 7907/7907
f 7907/7907 7729/7729 4328/4328
f 4328/4328 7729/7729 7728/7728
f 7728/7728 7730/7730 4430/4430
f 7730/7730 7909/7909 7911/7911
f 4430/4430 7730/7730 7911/7911
f 4431/4431 4430/4430 7911/7911
f 7911/7911 7910/7910 7904/7904
f 7911/7911 7904/7904 7915/7915
f 7915/7915 7904/7904 7905/7905
f 7914/7914 7907/7907 7916/7916
f 7916/7916 7907/7907 4328/4328
f 4328/4328 7728/7728 4430/4430
f 4328/4328 4430/4430 4329/4329
f 7917/7917 7915/7915 7905/7905
f 7905/7905 7912/7912 7918/7918
f 7913/7913 7711/7711 7609/7609
f 7919/7919 7906/7906 7914/7914
f 7916/7916 4328/4328 4331/4331
f 7917/7917 7905/7905 7920/7920
f 7920/7920 7905/7905 7918/7918
f 7919/7919 7914/7914 7916/7916
f 7919/7919 7916/7916 7921/7921
f 7921/7921 7916/7916 4331/4331
f 7921/7921 4331/4331 7922/7922
f 7920/7920 7918/7918 7923/7923
f 7924/7924 7919/7919 7921/7921
f 7925/7925 7920/7920 7923/7923
f 7921/7921 7922/7922 7926/7926
f 7924/7924 7921/7921 7927/7927
f 7927/7927 7921/7921 7926/7926
f 7913/7913 7609/7609 7371/7371
f 7913/7913 7371/7371 7738/7738
f 7928/7928 7929/7929 7930/7930
f 7931/7931 7928/7928 7930/7930
f 7930/7930 7929/7929 7932/7932
f 7930/7930 7932/7932 7933/7933
f 3/3 2/2 7934/7934
f 4239/4239 3/3 7934/7934
f 7935/7935 7931/7931 7936/7936
f 7936/7936 7931/7931 7930/7930
f 7936/7936 7930/7930 7937/7937
f 7937/7937 7930/7930 7933/7933
f 7938/7938 7936/7936 7937/7937
f 7935/7935 7936/7936 7938/7938
f 4343/4343 4342/4342 7766/7766
f 7767/7767 7939/7939 7768/7768
f 7938/7938 7937/7937 7940/7940
f 7940/7940 7937/7937 7933/7933
f 4239/4239 7934/7934 7941/7941
f 7942/7942 7935/7935 7938/7938
f 7942/7942 7938/7938 7940/7940
f 4046/4046 4239/4239 7941/7941
f 7940/7940 7933/7933 7943/7943
f 7944/7944 7940/7940 7943/7943
f 4046/4046 7941/7941 7945/7945
f 7942/7942 7940/7940 7944/7944
f 7944/7944 7943/7943 7946/7946
f 4345/4345 7799/7799 7802/7802
f 7947/7947 4345/4345 7802/7802
f 4346/4346 4345/4345 7947/7947
f 7948/7948 7942/7942 7949/7949
f 7949/7949 7942/7942 7944/7944
f 7947/7947 7802/7802 7805/7805
f 7949/7949 7944/7944 7950/7950
f 7950/7950 7944/7944 7946/7946
f 7947/7947 7805/7805 7951/7951
f 4286/4286 4046/4046 7945/7945
f 4348/4348 4346/4346 7947/7947
f 7950/7950 7946/7946 7952/7952
f 4348/4348 7947/7947 7953/7953
f 7953/7953 7947/7947 7951/7951
f 4286/4286 7945/7945 7954/7954
f 7955/7955 7948/7948 7949/7949
f 7809/7809 4348/4348 7953/7953
f 7949/7949 7950/7950 7956/7956
f 7953/7953 7951/7951 7957/7957
f 7956/7956 7950/7950 7958/7958
f 7958/7958 7950/7950 7952/7952
f 4363/4363 7828/7828 7959/7959
f 4363/4363 7959/7959 7960/7960
f 7960/7960 7959/7959 7961/7961
f 7959/7959 7962/7962 7961/7961
f 7961/7961 7962/7962 7963/7963
f 7964/7964 7965/7965 7966/7966
f 7966/7966 7965/7965 7967/7967
f 7968/7968 7969/7969 7970/7970
f 7969/7969 7971/7971 7970/7970
f 7970/7970 7971/7971 7972/7972
f 7970/7970 7972/7972 7831/7831
f 7831/7831 7972/7972 4356/4356
f 4356/4356 7972/7972 7973/7973
f 4356/4356 7973/7973 4358/4358
f 4358/4358 7973/7973 7974/7974
f 4358/4358 7974/7974 7975/7975
f 7974/7974 7976/7976 7975/7975
f 7975/7975 7976/7976 7977/7977
f 7977/7977 7976/7976 7978/7978
f 7977/7977 7978/7978 7979/7979
f 7979/7979 7978/7978 7980/7980
f 7979/7979 7980/7980 7981/7981
f 7981/7981 7980/7980 7982/7982
f 7982/7982 7983/7983 7981/7981
f 7955/7955 7949/7949 7984/7984
f 7984/7984 7949/7949 7956/7956
f 4363/4363 7960/7960 4364/4364
f 4364/4364 7960/7960 7961/7961
f 4364/4364 7961/7961 7985/7985
f 7961/7961 7963/7963 7985/7985
f 7985/7985 7963/7963 7986/7986
f 7986/7986 7963/7963 7987/7987
f 7988/7988 7966/7966 7967/7967
f 7987/7987 7968/7968 7970/7970
f 7987/7987 7970/7970 7989/7989
f 7989/7989 7970/7970 7831/7831
f 7989/7989 7831/7831 7832/7832
f 4362/4362 4358/4358 7990/7990
f 7990/7990 4358/4358 7975/7975
f 7990/7990 7975/7975 7991/7991
f 7991/7991 7975/7975 7992/7992
f 7992/7992 7975/7975 7977/7977
f 7992/7992 7977/7977 7993/7993
f 7993/7993 7977/7977 7994/7994
f 7994/7994 7977/7977 7979/7979
f 7995/7995 7996/7996 7997/7997
f 7979/7979 7981/7981 7998/7998
f 7997/7997 7996/7996 7999/7999
f 7998/7998 7981/7981 8000/8000
f 8000/8000 7981/7981 8001/8001
f 7981/7981 7983/7983 8001/8001
f 8001/8001 7983/7983 8002/8002
f 7983/7983 7809/7809 8002/8002
f 8002/8002 7809/7809 7953/7953
f 4365/4365 4364/4364 8003/8003
f 7985/7985 7986/7986 8004/8004
f 7987/7987 7989/7989 8005/8005
f 8005/8005 7989/7989 8006/8006
f 7989/7989 7832/7832 7836/7836
f 8006/8006 7989/7989 7836/7836
f 8007/8007 7992/7992 7993/7993
f 7993/7993 7994/7994 8008/8008
f 8009/8009 7994/7994 8010/8010
f 7984/7984 7956/7956 8011/8011
f 8011/8011 7956/7956 7958/7958
f 8003/8003 4364/4364 8012/8012
f 4364/4364 7985/7985 8012/8012
f 8012/8012 7985/7985 8004/8004
f 8004/8004 7986/7986 8013/8013
f 8013/8013 7986/7986 7987/7987
f 8013/8013 7987/7987 8005/8005
f 4369/4369 4367/4367 7839/7839
f 4369/4369 7839/7839 4371/4371
f 8014/8014 7843/7843 7842/7842
f 4373/4373 4362/4362 7990/7990
f 7991/7991 7992/7992 8007/8007
f 8008/8008 7994/7994 8009/8009
f 8015/8015 8009/8009 8010/8010
f 8010/8010 7998/7998 8016/8016
f 8017/8017 7998/7998 8000/8000
f 8018/8018 8001/8001 8002/8002
f 8018/8018 8002/8002 7953/7953
f 8018/8018 7953/7953 8019/8019
f 8020/8020 8021/8021 8022/8022
f 8011/8011 7958/7958 8023/8023
f 4382/4382 4365/4365 8003/8003
f 8013/8013 8005/8005 8024/8024
f 4375/4375 4369/4369 4371/4371
f 4373/4373 7990/7990 7991/7991
f 8007/8007 7993/7993 8025/8025
f 8025/8025 7993/7993 8008/8008
f 8015/8015 8010/8010 8016/8016
f 8026/8026 8027/8027 8028/8028
f 8017/8017 8000/8000 8001/8001
f 8017/8017 8001/8001 8029/8029
f 8029/8029 8001/8001 8018/8018
f 8019/8019 7953/7953 8030/8030
f 8031/8031 8032/8032 8033/8033
f 8003/8003 8012/8012 8034/8034
f 8034/8034 8012/8012 8004/8004
f 8035/8035 8004/8004 8013/8013
f 8035/8035 8013/8013 8024/8024
f 8006/8006 7836/7836 8036/8036
f 8036/8036 7836/7836 7857/7857
f 4379/4379 4375/4375 4380/4380
f 4375/4375 4371/4371 4380/4380
f 4373/4373 7991/7991 8037/8037
f 8037/8037 7991/7991 8025/8025
f 8025/8025 7991/7991 8007/8007
f 4383/4383 4382/4382 8038/8038
f 4382/4382 8003/8003 8038/8038
f 8038/8038 8003/8003 8034/8034
f 8034/8034 8004/8004 8039/8039
f 8039/8039 8004/8004 8035/8035
f 8040/8040 8024/8024 8005/8005
f 8040/8040 8005/8005 8006/8006
f 8040/8040 8006/8006 8036/8036
f 7857/7857 4379/4379 7863/7863
f 8041/8041 8042/8042 4393/4393
f 4385/4385 4370/4370 8043/8043
f 4370/4370 4373/4373 8043/8043
f 8043/8043 4373/4373 8037/8037
f 8037/8037 8025/8025 8044/8044
f 8025/8025 8008/8008 8044/8044
f 8044/8044 8008/8008 8045/8045
f 8008/8008 8009/8009 8045/8045
f 8045/8045 8009/8009 8015/8015
f 8045/8045 8015/8015 8046/8046
f 8046/8046 8015/8015 8016/8016
f 8046/8046 8016/8016 8047/8047
f 8026/8026 8028/8028 8048/8048
f 8047/8047 8017/8017 8029/8029
f 8029/8029 8018/8018 8049/8049
f 8049/8049 8018/8018 8019/8019
f 8030/8030 8050/8050 8051/8051
f 4383/4383 8038/8038 4388/4388
f 4388/4388 8038/8038 4390/4390
f 4390/4390 8038/8038 8034/8034
f 8052/8052 8053/8053 8054/8054
f 8034/8034 8039/8039 8055/8055
f 8039/8039 8035/8035 8055/8055
f 8055/8055 8035/8035 8056/8056
f 8056/8056 8035/8035 8024/8024
f 8056/8056 8024/8024 8040/8040
f 8056/8056 8040/8040 8057/8057
f 8057/8057 8040/8040 8058/8058
f 8058/8058 8040/8040 8036/8036
f 4392/4392 8041/8041 4393/4393
f 4385/4385 8043/8043 7868/7868
f 7868/7868 8043/8043 8059/8059
f 8059/8059 8043/8043 8037/8037
f 8059/8059 8037/8037 8060/8060
f 8037/8037 8044/8044 8060/8060
f 8060/8060 8044/8044 8061/8061
f 8061/8061 8044/8044 8045/8045
f 8061/8061 8045/8045 8062/8062
f 8045/8045 8046/8046 4394/4394
f 8062/8062 8045/8045 4394/4394
f 4394/4394 8046/8046 8047/8047
f 4394/4394 8047/8047 4395/4395
f 4395/4395 8047/8047 8029/8029
f 4395/4395 8029/8029 8049/8049
f 4395/4395 8049/8049 8063/8063
f 8011/8011 8023/8023 8064/8064
f 7855/7855 7860/7860 7704/7704
f 8064/8064 8023/8023 8065/8065
f 8066/8066 8052/8052 8054/8054
f 8066/8066 8054/8054 8067/8067
f 8068/8068 8055/8055 8056/8056
f 8068/8068 8056/8056 8069/8069
f 8069/8069 8056/8056 8057/8057
f 8069/8069 8057/8057 4405/4405
f 8057/8057 8058/8058 4405/4405
f 4405/4405 8058/8058 4406/4406
f 7869/7869 7868/7868 8059/8059
f 7869/7869 8059/8059 4413/4413
f 4413/4413 8059/8059 8060/8060
f 4413/4413 8060/8060 4416/4416
f 4416/4416 8060/8060 4417/4417
f 8060/8060 8061/8061 4417/4417
f 4417/4417 8061/8061 8070/8070
f 8070/8070 8061/8061 8062/8062
f 8070/8070 8062/8062 4397/4397
f 8062/8062 4394/4394 4397/4397
f 8064/8064 8065/8065 8071/8071
f 8072/8072 8063/8063 8049/8049
f 7984/7984 8011/8011 8064/8064
f 8072/8072 8049/8049 8019/8019
f 8072/8072 8019/8019 8073/8073
f 8073/8073 8019/8019 8030/8030
f 8030/8030 8051/8051 8074/8074
f 7955/7955 7984/7984 8075/8075
f 8075/8075 7984/7984 8064/8064
f 8072/8072 8073/8073 8076/8076
f 8076/8076 8073/8073 8030/8030
f 8030/8030 8074/8074 8077/8077
f 8075/8075 8064/8064 8071/8071
f 8076/8076 8030/8030 8078/8078
f 8078/8078 8030/8030 8077/8077
f 8079/8079 7955/7955 8075/8075
f 4309/4309 4286/4286 7954/7954
f 4309/4309 7954/7954 8080/8080
f 8075/8075 8071/8071 8081/8081
f 8078/8078 8077/8077 8082/8082
f 4427/4427 8076/8076 8078/8078
f 4427/4427 8078/8078 4428/4428
f 4428/4428 8078/8078 8082/8082
f 8082/8082 8077/8077 8083/8083
f 8079/8079 8075/8075 8084/8084
f 8082/8082 8083/8083 7876/7876
f 8084/8084 8075/8075 8081/8081
f 8085/8085 8079/8079 8084/8084
f 4429/4429 4428/4428 8082/8082
f 4429/4429 8082/8082 7876/7876
f 4309/4309 8080/8080 8086/8086
f 8087/8087 8079/8079 8085/8085
f 7875/7875 4429/4429 7876/7876
f 8085/8085 8084/8084 8088/8088
f 8088/8088 8084/8084 8081/8081
f 8088/8088 8081/8081 8089/8089
f 8087/8087 8085/8085 8090/8090
f 8090/8090 8085/8085 8088/8088
f 8090/8090 8088/8088 8089/8089
f 4309/4309 8086/8086 8091/8091
f 4324/4324 4309/4309 8091/8091
f 8092/8092 8087/8087 8090/8090
f 8090/8090 8089/8089 8093/8093
f 8094/8094 8090/8090 8093/8093
f 4431/4431 7911/7911 8095/8095
f 7911/7911 7915/7915 8096/8096
f 8095/8095 7911/7911 8096/8096
f 8096/8096 7915/7915 7917/7917
f 4332/4332 4431/4431 8095/8095
f 4434/4434 8097/8097 4435/4435
f 8092/8092 8090/8090 8098/8098
f 8098/8098 8090/8090 8094/8094
f 8094/8094 8093/8093 8099/8099
f 4324/4324 8091/8091 8100/8100
f 4237/4237 4324/4324 8100/8100
f 8101/8101 8092/8092 8098/8098
f 8101/8101 8098/8098 8094/8094
f 8102/8102 8101/8101 8103/8103
f 8103/8103 8101/8101 8094/8094
f 8103/8103 8094/8094 8099/8099
f 4437/4437 8104/8104 4335/4335
f 4335/4335 8104/8104 4336/4336
f 8103/8103 8099/8099 8105/8105
# Vertices: 8105, normals: 0, texture coordinates: 8105, faces: 11760

