# File generated by ImageToStl.com - Free Image and 3D model conversion tools

mtllib object_0 (3).mtl

o obj1
v 0.49953622 0.2341283 -0.16080768
v 0.49970359 0.23590893 -0.15945111
v 0.5005728 0.23424932 -0.15941206
v 0.49943253 0.23569825 -0.16081735
v 0.49943253 0.23569825 -0.16081735
v 0.49634045 0.23605271 -0.15913443
v 0.49970359 0.23590893 -0.15945111
v 0.50014019 0.2302155 -0.1593395
v 0.49908113 0.21028768 -0.16093679
v 0.49996239 0.20476131 -0.15933673
v 0.49895027 0.20063031 -0.16072287
v 0.49981371 0.20053564 -0.15898956
v 0.49860966 0.19884835 -0.16038887
v 0.49930808 0.23597065 -0.15447903
v 0.50032973 0.23404849 -0.15438071
v 0.49930808 0.23597065 -0.15447903
v 0.50007528 0.22345316 -0.1549045
v 0.49885565 0.19814377 -0.15171126
v 0.4997738 0.20678402 -0.14451271
v 0.50009406 0.23004891 -0.1220117
v 0.49952829 0.20066474 -0.11917453
v 0.50003606 0.22487172 -0.07919679
v 0.49881881 0.19852492 -0.12686138
v 0.49990594 0.21614085 -0.05913362
v 0.49875581 0.1985091 -0.09144532
v 0.4997606 0.20783122 -0.07821567
v 0.4993284 0.23586643 -0.07204711
v 0.4993284 0.23586643 -0.07204711
v 0.50030774 0.23404826 -0.03937592
v 0.49565524 0.23592806 -0.07508237
v 0.49954075 0.20095105 -0.06683245
v 0.50004983 0.23025188 -0.02677493
v 0.49881372 0.19869108 -0.02965767
v 0.49610591 0.2360329 -0.0171701
v 0.49981683 0.20759623 -0.01511133
v 0.49964508 0.20108859 0.01829378
v 0.49932185 0.2359018 0.03926616
v 0.49932185 0.2359018 0.03926616
v 0.50010806 0.23028021 0.0176014
v 0.50033981 0.23403096 0.02753855
v 0.49883801 0.19873238 0.04028375
v 0.49996158 0.21925761 0.05291196
v 0.49976948 0.20732181 0.09653499
v 0.49606597 0.23597747 0.06974452
v 0.49882287 0.19855079 0.08728591
v 0.50005847 0.23019442 0.12030693
v 0.49959359 0.20097589 0.0879773
v 0.50029892 0.23401299 0.1266425
v 0.50006336 0.22595607 0.14192235
v 0.49991876 0.21623299 0.10965176
v 0.49622083 0.23595656 0.14838366
v 0.49967355 0.20078337 0.12540084
v 0.49932769 0.23586126 0.14976378
v 0.49932769 0.23586126 0.14976378
v 0.4988474 0.19825509 0.13174753
v 0.49980989 0.20452872 0.14541215
v 0.49981666 0.20001909 0.15283161
v 0.49894112 0.19826031 0.1434633
v 0.50019938 0.23049563 0.15570939
v 0.50044239 0.23391332 0.15935132
v 0.49889022 0.19804335 0.15120284
v 0.50000137 0.20087564 0.1592049
v 0.49933809 0.23556313 0.16063087
v 0.49485517 0.23570406 0.15906157
v 0.49933809 0.23556313 0.16063087
v 0.49880856 0.1983885 0.15835853
v 0.50038648 0.22413306 0.15948941
v 0.49929759 0.23332688 0.16108958
v 0.49933809 0.23556313 0.16063087
v 0.49614415 0.23355298 0.16110283
v 0.49929759 0.23332688 0.16108958
v 0.4991124 0.20239556 0.16093591
v 0.49609411 0.21146667 0.16106777
v 0.4991124 0.20239556 0.16093591
v 0.49416226 0.20032717 0.16068871
v 0.49845752 0.19867112 0.16035616
v 0.49845752 0.19867112 0.16035616
v 0.48996279 0.23586811 -0.14320432
v 0.49199525 0.23592073 -0.01713445
v 0.49209207 0.23587665 0.06494796
v 0.4919467 0.23581091 0.14840348
v 0.49054822 0.23512077 0.16041872
v 0.49054822 0.23512077 0.16041872
v 0.49227354 0.23354594 0.16089281
v 0.49198332 0.21391256 0.16084355
v 0.48388276 0.23538141 -0.16065377
v 0.48487601 0.23579708 -0.15935351
v 0.49139705 0.19585292 -0.14373055
v 0.49038002 0.19372343 -0.14402272
v 0.48961103 0.19334517 -0.14625345
v 0.49087429 0.19562857 -0.14678745
v 0.48971042 0.18769963 -0.14646527
v 0.49022883 0.17794691 -0.14429976
v 0.48962685 0.16525854 -0.14662075
v 0.49025178 0.12027383 -0.14417513
v 0.48951823 0.10521454 -0.146396
v 0.49027765 0.03837515 -0.14415956
v 0.48951635 0.03600788 -0.14641663
v 0.4902432 -0.03820957 -0.14410619
v 0.48955238 -0.06634466 -0.1463165
v 0.49031544 -0.089567 -0.14418207
v 0.4896152 -0.15674613 -0.1461964
v 0.49028498 -0.13992225 -0.14411852
v 0.49000707 -0.16292131 -0.14412105
v 0.48932558 -0.16559125 -0.14567596
v 0.48970342 -0.16596426 -0.14004014
v 0.49038649 0.19327271 -0.13760819
v 0.49055392 0.1898322 -0.13808717
v 0.49037519 0.18044311 -0.13876548
v 0.49022794 0.16547914 -0.14057396
v 0.49014544 0.15765959 -0.13040911
v 0.49024421 0.09146184 -0.1313304
v 0.49023765 -0.01032124 -0.13360775
v 0.49025762 -0.06575203 -0.13412243
v 0.49028087 -0.10885445 -0.1279009
v 0.49008623 -0.164606 -0.13671394
v 0.48961875 -0.16908707 -0.13906004
v 0.49011359 -0.18777911 -0.13561064
v 0.48974651 -0.17995192 -0.13749458
v 0.48974523 -0.18814871 -0.13699983
v 0.4896619 -0.20188408 -0.13684271
v 0.48981339 -0.22710313 -0.1359401
v 0.48965549 -0.23061422 -0.1368773
v 0.48950511 -0.23722628 -0.13633978
v 0.49099544 0.19546968 -0.12813622
v 0.49019414 -0.14846174 -0.12451503
v 0.49025935 0.1674414 -0.09892982
v 0.49020988 0.15603565 -0.11474096
v 0.49022529 0.13085452 -0.11837201
v 0.49028164 0.10344645 -0.11304709
v 0.49025896 0.00822311 -0.11727728
v 0.49026304 -0.04626737 -0.11222765
v 0.49029976 -0.0759232 -0.12167639
v 0.49002722 -0.16891204 -0.12841938
v 0.49005729 -0.19001547 -0.12684955
v 0.48964074 -0.23148525 -0.12734795
v 0.49048218 0.18934245 -0.1003425
v 0.4905026 0.18522249 -0.09559775
v 0.49022424 -0.13406906 -0.10806847
v 0.48951158 -0.23729281 -0.11173378
v 0.48899147 -0.23864982 -0.13571224
v 0.49093667 0.1955741 -0.11340207
v 0.49019977 0.19296421 -0.08425693
v 0.49030104 0.06055894 -0.1092402
v 0.49029303 0.05062475 -0.0887003
v 0.49025157 -0.01640015 -0.09535408
v 0.48975748 -0.2312364 -0.10918402
v 0.49027982 -0.07576858 -0.08553943
v 0.49026343 -0.09989128 -0.08226229
v 0.48275632 0.23583382 -0.07881341
v 0.49016047 -0.16246298 -0.10366997
v 0.49006951 -0.19634765 -0.10725633
v 0.4902584 0.12473617 -0.09423859
v 0.49004942 -0.19251262 -0.08486268
v 0.48987842 -0.21688707 -0.09111714
v 0.49017787 0.15308768 -0.06752124
v 0.49026918 0.09377109 -0.07407883
v 0.49024278 0.03179021 -0.07091419
v 0.49023008 -0.04162578 -0.07170416
v 0.4900851 -0.16637072 -0.08355834
v 0.49021202 -0.11752146 -0.0692579
v 0.48976389 -0.22970471 -0.08210489
v 0.49022892 0.17005408 -0.05273117
v 0.49013078 -0.13421595 -0.06442851
v 0.49100703 0.19558078 -0.08140443
v 0.49019477 -0.00175754 -0.05912254
v 0.4901945 0.1226496 -0.05758446
v 0.49002352 -0.17654186 -0.06364554
v 0.48989525 -0.21428348 -0.0602326
v 0.48910993 -0.23844741 -0.05230723
v 0.48999876 -0.19692814 -0.03762563
v 0.48962632 -0.23716082 -0.05655405
v 0.48376817 0.23584612 -0.0343256
v 0.49052772 0.18900524 -0.03643975
v 0.49020395 0.03938813 -0.04386596
v 0.49003723 -0.15662588 -0.05172481
v 0.49016649 -0.02994025 -0.03952543
v 0.49020043 -0.06271586 -0.03513105
v 0.49104503 0.19592991 -0.04240597
v 0.49008995 0.15989819 -0.01455935
v 0.49029964 0.17859995 -0.02434643
v 0.49019736 0.08951037 -0.03635571
v 0.48971361 -0.23239784 -0.0040712
v 0.49022537 -0.08039264 -0.00497022
v 0.49020141 -0.10525218 -0.01825795
v 0.49029765 0.19330743 -0.0379761
v 0.49017715 0.06528081 -0.01782823
v 0.48998296 -0.17398579 -0.01655255
v 0.48986411 -0.21903247 -0.02362758
v 0.49010757 0.13152024 -0.01121072
v 0.49009216 -0.13016519 0.00655225
v 0.49012861 -0.00724834 -0.01949665
v 0.49001777 -0.15185139 -0.00090555
v 0.48954073 -0.23719817 0.01214189
v 0.49085671 0.19574119 0.00589479
v 0.49011719 0.19322866 0.0081591
v 0.49013197 0.02328071 0.0055728
v 0.49013615 -0.04277844 -0.00313314
v 0.49012333 0.09525286 -0.00056783
v 0.49037492 0.18968618 0.01106247
v 0.49038577 0.18594733 0.01173366
v 0.48997688 -0.18506643 0.01409302
v 0.48996145 -0.20275435 0.02082148
v 0.48984987 -0.21755952 0.01694011
v 0.4891119 -0.23833951 0.04999452
v 0.490188 0.17554145 0.0107023
v 0.49010438 -0.00827809 0.02209516
v 0.49012494 -0.02653731 0.02724538
v 0.49020457 -0.09652804 0.026621
v 0.48977962 -0.2278735 0.05306441
v 0.4900533 0.1336167 0.03035703
v 0.49011853 0.06135604 0.02515865
v 0.49014151 -0.11886083 0.04231869
v 0.48638684 0.23584159 0.05289034
v 0.49010578 0.17251734 0.0468505
v 0.49009258 0.08725449 0.03273909
v 0.4904018 0.18556774 0.04206533
v 0.48999944 0.14601034 0.05276291
v 0.49016064 -0.0640682 0.04952754
v 0.48996118 -0.17286852 0.04567358
v 0.49091694 0.19583355 0.0373835
v 0.49021158 0.19323923 0.04694929
v 0.49010545 -0.02349574 0.05167374
v 0.49043259 0.18984963 0.04594411
v 0.49004349 -0.14321318 0.04803048
v 0.49005675 0.02111861 0.06620038
v 0.49016184 -0.07885437 0.07002807
v 0.48990458 -0.21198606 0.06515259
v 0.48969597 -0.23352422 0.06004678
v 0.49002099 0.10538119 0.06625582
v 0.49004346 0.07305221 0.06535731
v 0.4899686 -0.15836824 0.07345627
v 0.48999637 -0.1916322 0.06050787
v 0.4907974 0.19560027 0.07184124
v 0.48956358 -0.23718707 0.06319278
v 0.48993987 0.16008922 0.07302706
v 0.49014205 -0.09729692 0.0768787
v 0.49024859 0.18544301 0.07596693
v 0.49028268 0.18933071 0.07460918
v 0.49003458 0.05396121 0.08462035
v 0.49006301 -0.12754597 0.08432087
v 0.490004 0.17243919 0.08195636
v 0.49004546 0.19294131 0.07319706
v 0.49004388 -0.02851258 0.08497612
v 0.48993713 -0.17291549 0.09652684
v 0.48994711 -0.20129536 0.10083992
v 0.48978379 -0.22892012 0.11059851
v 0.48987955 0.13999072 0.09935038
v 0.48993319 0.08684497 0.10420749
v 0.49004531 -0.05656847 0.10539711
v 0.49021772 0.18465194 0.09761389
v 0.48991746 0.16896163 0.10309417
v 0.48956493 -0.23709936 0.12086892
v 0.48909637 -0.23819609 0.1162066
v 0.49004877 0.19282773 0.12148671
v 0.49001086 0.01752139 0.10649129
v 0.48999721 -0.14079636 0.11474781
v 0.49008378 -0.10093513 0.11741365
v 0.49077952 0.1952887 0.11597588
v 0.48994333 0.06734703 0.11540033
v 0.48169661 0.23581234 0.1161606
v 0.49022841 0.18876588 0.11604025
v 0.49000892 0.18008283 0.11404414
v 0.48987409 0.11333449 0.12169138
v 0.49002218 -0.02286169 0.11982743
v 0.48994708 -0.18286306 0.11974674
v 0.48982882 0.14831403 0.11810008
v 0.49003482 -0.21081634 0.14441857
v 0.48984015 0.16483983 0.13207537
v 0.49012178 0.04498395 0.14436664
v 0.49005097 0.01127006 0.12855202
v 0.49012104 -0.05148148 0.14441557
v 0.49032131 0.18969746 0.13442181
v 0.49016002 0.18363675 0.14431496
v 0.48997957 0.0785578 0.14428668
v 0.49124718 0.19527477 0.13218981
v 0.48993152 -0.22999737 0.14450097
v 0.4901177 -0.00339047 0.14441247
v 0.49017748 -0.07997352 0.14441997
v 0.49010393 -0.14488199 0.14441262
v 0.48978376 -0.23730628 0.14263344
v 0.48938769 -0.23840472 0.13836324
v 0.49049231 0.19350311 0.14434877
v 0.48992294 0.15568942 0.14448562
v 0.49168444 0.1957694 0.14730556
v 0.48950484 -0.23817331 0.14673363
v 0.49001285 0.19330013 0.14712541
v 0.48980573 0.18214783 0.14682814
v 0.48971605 0.16793504 0.14696872
v 0.48980573 0.18214783 0.14682814
v 0.48754537 0.18229641 0.14745362
v 0.48841622 0.16816349 0.14726089
v 0.48971605 0.16793504 0.14696872
v 0.48752519 0.15809008 0.14729775
v 0.48962942 0.1575485 0.14683048
v 0.48962942 0.1575485 0.14683048
v 0.48962927 0.08347699 0.14668404
v 0.48982963 0.04207307 0.14668289
v 0.48988247 -0.05069833 0.14669588
v 0.48984584 -0.16409461 0.14658442
v 0.48981312 -0.22835305 0.14647113
v 0.49123695 0.1958299 0.14991423
v 0.48935494 0.19302951 0.14823116
v 0.4880397 0.19519125 0.15005389
v 0.48535651 0.19283502 0.14847906
v 0.48935494 0.19302951 0.14823116
v 0.49123695 0.1958299 0.14991423
v 0.4893795 0.18395188 0.14753397
v 0.4893795 0.18395188 0.14753397
v 0.48936906 0.15589 0.14726113
v 0.48922154 0.11840215 0.14714134
v 0.48923025 0.08647405 0.14709648
v 0.48923025 0.08647405 0.14709648
v 0.48940504 0.04517984 0.1472445
v 0.48938778 0.01094889 0.1471798
v 0.48944318 -0.05479337 0.14717501
v 0.48950756 -0.10895155 0.14713587
v 0.48945731 -0.19061813 0.14695762
v 0.48950756 -0.10895155 0.14713587
v 0.48805758 -0.12702034 0.1470519
v 0.48945731 -0.19061813 0.14695762
v 0.48981312 -0.22835305 0.14647113
v 0.48950484 -0.23817331 0.14673363
v 0.48641768 0.23331688 0.16081941
v 0.48750371 0.19850487 0.16016005
v 0.48759857 0.19529901 -0.14895198
v 0.48838076 0.19471863 -0.14702998
v 0.48680705 0.19272779 -0.14728872
v 0.47734246 0.23568037 0.15218711
v 0.48443791 0.18973215 0.14789547
v 0.48313051 0.17676464 0.14722498
v 0.48358443 0.13145089 0.1471194
v 0.48369208 0.04938608 0.14717364
v 0.48940504 0.04517984 0.1472445
v 0.4828085 0.01400358 0.14708968
v 0.48938778 0.01094889 0.1471798
v 0.48298621 -0.04257679 0.14714079
v 0.48944318 -0.05479337 0.14717501
v 0.48304957 -0.12607695 0.14696354
v 0.48313069 -0.16270664 0.14679281
v 0.48703423 -0.20896471 0.14678045
v 0.4829717 -0.20438819 0.14669576
v 0.48056564 -0.22061996 0.14640814
v 0.48712391 -0.23698434 0.14645991
v 0.4815945 0.19454755 0.14970976
v 0.48340669 0.20831321 0.16064243
v 0.47861034 0.19926023 0.16015704
v 0.48408175 0.19823135 -0.15911855
v 0.4842383 0.19645289 -0.15504453
v 0.48286283 0.19675991 -0.15820679
v 0.47454602 0.19591357 -0.15313441
v 0.4692308 0.23584729 -0.09762324
v 0.47430125 0.23582375 0.05479724
v 0.47641766 0.19142544 0.14760934
v 0.47907749 0.17896855 0.14712688
v 0.47823158 0.16533723 0.14701408
v 0.4784297 0.13472064 0.1468948
v 0.47768033 0.0782456 0.14692806
v 0.47731739 0.03914689 0.14696431
v 0.47670922 -0.01213006 0.14692771
v 0.47702479 -0.05497243 0.14688742
v 0.47624218 -0.10949972 0.14668491
v 0.47656924 -0.13946608 0.14651868
v 0.47646415 -0.164077 0.1464413
v 0.47637701 -0.18123254 0.14634386
v 0.47684428 -0.23227485 0.1458102
v 0.47333583 -0.23716991 0.14545262
v 0.48678225 -0.23846214 0.14568971
v 0.47943759 0.1933029 0.14825617
v 0.4520978 0.23547791 0.15900581
v 0.47545102 0.23003222 0.16072126
v 0.47180632 0.20461658 0.16044664
v 0.46795326 0.23584442 -0.14257585
v 0.47569937 -0.17181998 -0.13759357
v 0.47569761 -0.16818751 -0.13641609
v 0.47667596 -0.16627695 -0.13759993
v 0.4776319 -0.16831486 -0.13787563
v 0.47569937 -0.17181998 -0.13759357
v 0.47667596 -0.16627695 -0.13759993
v 0.46372136 0.23584357 -0.00421464
v 0.47542894 -0.20565233 0.14593649
v 0.46983296 -0.23805372 0.14482468
v 0.46941435 0.21214601 0.16061142
v 0.44357273 0.23528293 -0.16069694
v 0.46911317 0.19583516 -0.1564438
v 0.47462878 -0.23725975 -0.12873335
v 0.47383144 -0.23439865 -0.10782696
v 0.47433907 -0.22599915 -0.11741491
v 0.47414726 -0.22767957 -0.04234216
v 0.47389454 -0.23429877 -0.03215423
v 0.47417349 -0.2287035 -0.00327447
v 0.46392426 0.23582259 0.10621357
v 0.47404215 -0.16635293 0.12681249
v 0.47264987 -0.16586515 0.12472139
v 0.47383827 -0.1684823 0.12406178
v 0.4736146 -0.17313139 0.12438046
v 0.47384229 -0.17044444 0.12663017
v 0.47392666 -0.20603755 0.12674145
v 0.47373188 -0.20463054 0.12441199
v 0.47377369 -0.21317874 0.1245992
v 0.47393909 -0.21159437 0.12676392
v 0.47220141 -0.17325379 0.12765475
v 0.47260594 -0.2128845 0.12760216
v 0.46626285 0.17538343 0.1470485
v 0.46689671 0.06907532 0.1468993
v 0.46632871 -0.08372536 0.1466738
v 0.47143906 -0.23399657 0.14553457
v 0.46710238 0.19271809 0.14801043
v 0.45394149 0.23490858 0.16043654
v 0.45394149 0.23490858 0.16043654
v 0.45947355 0.12263559 0.14682221
v 0.4522182 0.06217696 0.1468246
v 0.46152657 0.0121617 0.14684169
v 0.46446711 -0.04452299 0.14678437
v 0.46043056 -0.17741401 0.1461395
v 0.45653868 0.20041041 0.16021724
v 0.46121415 0.19571286 -0.15270734
v 0.42237025 0.23578274 -0.14211649
v 0.44045517 0.23584306 -0.0639146
v 0.44795299 0.23582442 0.04951933
v 0.45114183 0.23577236 0.12506703
v 0.45778537 -0.11110216 0.14648731
v 0.4557316 -0.14937393 0.14633299
v 0.44642785 0.1942867 0.14954726
v 0.45567593 0.19533938 -0.15620734
v 0.42707014 0.2356756 0.13736784
v 0.45004264 0.19079892 0.14733921
v 0.44235641 -0.18543959 0.14592601
v 0.45397168 -0.21774238 0.14555785
v 0.45653868 0.20041041 0.16021724
v 0.45188171 0.19837716 0.15912899
v 0.46776456 0.19847725 0.15910053
v 0.44672775 0.19552489 -0.15241802
v 0.42997339 0.23579061 0.09610762
v 0.44387388 0.04031262 0.1468064
v 0.44159031 -0.00613819 0.14675342
v 0.44823235 -0.03416885 0.14672804
v 0.44181666 -0.0556545 0.14667138
v 0.437222 -0.15564972 0.14626995
v 0.44548154 -0.23423107 0.14525548
v 0.44232601 -0.2370414 0.14511029
v 0.41767436 0.20519279 0.1604965
v 0.43390375 0.20068613 0.16033696
v 0.43337879 0.23571974 -0.1593197
v 0.46941623 0.19284803 -0.14738913
v 0.45041505 0.18818516 -0.1475447
v 0.44334337 0.19000033 -0.14739554
v 0.45610058 0.19185546 -0.14754418
v 0.44879544 0.2358577 -0.10707705
v 0.43919238 0.17283759 0.14671578
v 0.44179487 0.19232549 0.1479014
v 0.43674162 0.23583418 -0.00818171
v 0.43735892 0.14880595 0.14668667
v 0.44115549 0.10671425 0.14675856
v 0.41300413 -0.23778835 0.14452171
v 0.43620932 0.1986452 0.15978427
v 0.45186707 0.19593219 0.15459061
v 0.4504517 0.19684543 0.15832831
v 0.41882646 0.21216211 0.16062252
v 0.42486554 0.23580909 -0.11935756
v 0.40080786 0.23576885 0.06924209
v 0.42913887 0.18582544 0.14696816
v 0.4375383 -0.09414126 0.14651307
v 0.43620932 0.1986452 0.15978427
v 0.42629692 0.1943884 -0.15509707
v 0.4337869 0.19074465 0.14704359
v 0.41135299 0.11723862 0.14670746
v 0.41233823 0.09115663 0.14673442
v 0.41715515 0.03792706 0.14684978
v 0.42970347 0.01728139 0.14681225
v 0.41255289 -0.148587 0.14629182
v 0.42538261 -0.19331321 0.14581129
v 0.41600305 -0.20817615 0.14557132
v 0.42231765 0.22232161 0.16066828
v 0.42574733 0.19486405 -0.15160872
v 0.40738761 0.23573223 0.11159474
v 0.41252637 0.06621218 0.14677307
v 0.41164434 -0.02771778 0.14674503
v 0.41374448 -0.06468661 0.14666572
v 0.42680639 -0.11571711 0.14643662
v 0.43361995 0.19247316 0.14841664
v 0.4306367 0.19673182 0.1587628
v 0.40709722 0.23580642 -0.03268127
v 0.41314805 -0.17092229 0.14606814
v 0.44642785 0.1942867 0.14954726
v 0.42875433 0.19426104 0.15057658
v 0.43361995 0.19247316 0.14841664
v 0.42680147 0.19273409 0.14887042
v 0.39040351 0.23576689 0.02887985
v 0.40942815 0.19070192 0.14692889
v 0.41757315 0.17119287 0.146608
v 0.40265906 0.005357 0.14680824
v 0.42746863 0.19509751 0.15360804
v 0.38040596 0.23578528 -0.1009403
v 0.39402911 0.15121502 0.14663139
v 0.39991447 0.19669624 0.15878628
v 0.38816401 0.23343077 0.16082621
v 0.36904678 0.23567307 -0.15935363
v 0.40305427 0.1297169 0.14666794
v 0.36970222 0.2349208 0.16045541
v 0.36970222 0.2349208 0.16045541
v 0.39482912 0.18658879 0.1469384
v 0.3997632 -0.09304976 0.14655566
v 0.36864895 0.23554362 0.14690107
v 0.35298362 0.23540547 0.15906645
v 0.39259437 0.19479093 -0.15144801
v 0.3909528 0.19421571 -0.15496631
v 0.37442803 -0.19646123 0.14566101
v 0.39628756 -0.234038 0.14515425
v 0.38160217 0.19861804 0.15985054
v 0.38160217 0.19861804 0.15985054
v 0.37401593 0.23579273 -0.07429513
v 0.35697895 0.04679774 0.14686383
v 0.38061845 -0.13996643 0.14626378
v 0.41507566 0.19429612 0.1505879
v 0.4014585 0.19432095 0.15059796
v 0.41618726 0.19296223 0.14902578
v 0.35856318 0.16327623 0.14667192
v 0.400242 0.19303764 0.14918241
v 0.38347927 0.21564224 0.16061705
v 0.37218708 0.23527558 -0.16068569
v 0.37962806 0.02084023 0.14685398
v 0.37184927 -0.01651019 0.14677833
v 0.37664485 -0.06123983 0.14668193
v 0.37359393 -0.10736142 0.14647649
v 0.38056341 -0.15972725 0.14610708
v 0.37865448 -0.21235119 0.14542308
v 0.39951348 0.19531561 0.15436047
v 0.36424357 0.22948144 0.16065614
v 0.37042147 0.20112062 0.16037135
v 0.34435099 0.17415182 0.14676699
v 0.36711508 0.10151857 0.14670971
v 0.36503947 0.23576969 -0.01709476
v 0.36241555 0.2357226 0.09741779
v 0.35482401 0.23560932 0.13067393
v 0.370583 0.07342128 0.14674374
v 0.39149982 0.1943447 0.15059453
v 0.37866339 0.19261353 0.14877658
v 0.39320758 0.19282106 0.14898956
v 0.39319023 -0.16489407 -0.00987811
v 0.38067657 -0.16492093 0.03264779
v 0.37860203 -0.16490488 -0.00824775
v 0.35334614 0.23573865 0.04486846
v 0.38683188 0.19062683 0.14700605
v 0.36325669 0.1903837 0.14703912
v 0.35562512 0.12768795 0.1466859
v 0.3593978 -0.17563194 0.1458699
v 0.36859694 -0.2377191 0.14449747
v 0.35874099 0.19444184 0.15070575
v 0.37078494 0.19437888 -0.15511228
v 0.35913217 -0.08688141 0.14661793
v 0.35703415 -0.22618276 0.14521694
v 0.35649276 0.19677214 0.15894985
v 0.34112895 0.2356531 0.11503312
v 0.34563473 -0.12302019 0.14633045
v 0.33110574 -0.23697019 0.14502521
v 0.33487833 0.19873656 0.16005234
v 0.33487833 0.19873656 0.16005234
v 0.35223746 0.1948345 -0.1517309
v 0.33413041 0.23576224 -0.05390261
v 0.32310891 -0.07235089 0.14669405
v 0.34989518 -0.204285 0.14549103
v 0.35679796 0.19250271 0.1488874
v 0.33290601 0.20152527 0.16039886
v 0.33739781 0.07295948 0.14676772
v 0.33241192 -0.23775089 0.14450471
v 0.34922665 0.19419956 -0.15506972
v 0.32993373 -0.03750021 0.1467441
v 0.34582022 -0.14970797 0.14611301
v 0.32537961 0.23573574 -0.11339425
v 0.32667398 0.23576227 -0.08161622
v 0.33640671 0.23572266 0.06981056
v 0.35678896 0.19537252 0.15439011
v 0.31567001 0.23336343 0.16081326
v 0.32472903 0.23567134 -0.15931724
v 0.31695858 0.23568647 -0.13751283
v 0.33266556 0.13839751 0.14668924
v 0.31652391 0.0978857 0.14675967
v 0.32855099 0.03393607 0.14687797
v 0.33244529 0.00259726 0.1468318
v 0.31419671 -0.09366445 0.14659968
v 0.32064253 -0.23199399 0.14511979
v 0.32543653 0.21732527 0.16062452
v 0.32414481 0.2357364 -0.01373389
v 0.31953001 0.19665824 0.15903236
v 0.29966962 0.23031235 0.16072753
v 0.32353005 0.19412512 -0.15506049
v 0.31736228 0.18608408 0.14705646
v 0.32417774 -0.18063435 0.14580119
v 0.30285627 0.23524776 -0.16067767
v 0.31528115 -0.13928415 0.14622089
v 0.31100762 -0.15519722 0.14611144
v 0.30347303 -0.19779602 0.14558665
v 0.31451732 -0.21487021 0.14533496
v 0.30873728 0.1899929 0.14701821
v 0.31902218 0.16225305 0.14666139
v 0.31628227 0.19473074 -0.1514253
v 0.29661563 0.23564629 0.08390744
v 0.30093729 0.21024981 0.16064799
v 0.30039352 0.23568745 0.04019922
v 0.31417662 0.14853969 0.14666235
v 0.30420652 -0.11645482 0.14642447
v 0.3189517 0.19385362 -0.15556033
v 0.28592688 0.16564605 0.14671823
v 0.29611582 0.07002249 0.1468381
v 0.30306625 0.01857203 0.1468932
v 0.29341039 -0.0004094 0.14686513
v 0.31433067 0.19390586 -0.15450048
v 0.31908309 0.19491364 -0.15893361
v 0.31778622 0.19325815 -0.15822171
v 0.29013062 0.2355653 0.11989327
v 0.28725404 0.23546197 0.14798313
v 0.29857719 0.12959307 0.14674294
v 0.27072921 0.03734873 0.14698395
v 0.3141059 0.19272462 -0.14936925
v 0.27969861 0.23569426 -0.05797261
v 0.27673745 0.17565945 0.14684531
v 0.29060793 0.1988595 0.16039899
v 0.27803305 0.23483291 0.16043504
v 0.27803305 0.23483291 0.16043504
v 0.30154723 0.1929592 -0.15779574
v 0.28607237 0.23569873 -0.01144214
v 0.28020626 -0.03315364 0.14678791
v 0.27528965 -0.17312372 0.14590748
v 0.29060793 0.1988595 0.16039899
v 0.29231173 0.19643427 0.15917251
v 0.29004037 0.20156129 0.16059811
v 0.29393026 0.19343032 -0.15447943
v 0.27891734 0.23566565 -0.12669599
v 0.26876771 0.23567596 -0.10216858
v 0.28295746 -0.05830818 0.14674619
v 0.25981811 0.23532787 0.15903476
v 0.27535927 0.10207289 0.14680007
v 0.26984873 -0.13604479 0.14627618
v 0.25786063 -0.23428282 0.14504018
v 0.27376342 0.18545246 0.14709011
v 0.25577807 -0.21096517 0.14537328
v 0.26012954 0.2207571 0.16071138
v 0.28038624 0.14978331 0.14672039
v 0.26344052 -0.072605 0.14674538
v 0.25939643 -0.11448226 0.14646503
v 0.24336173 0.2356104 -0.15935595
v 0.27587807 0.18986404 0.14698303
v 0.26367763 0.12681532 0.14677101
v 0.26349467 -0.09295139 0.14665839
v 0.25240529 -0.14703086 0.14619696
v 0.25082737 -0.22704309 0.14514944
v 0.2265203 -0.237517 0.14439853
v 0.21306607 0.2333073 0.16085491
v 0.31567001 0.23336343 0.16081326
v 0.21306607 0.2333073 0.16085491
v 0.25259656 0.21021245 0.1606895
v 0.2548283 0.05008303 0.14696461
v 0.25403553 0.01078752 0.14694345
v 0.22106649 -0.23681958 0.14495336
v 0.27550986 0.19860043 0.16042075
v 0.25329643 0.23560865 0.07115376
v 0.24446292 0.23543841 0.14009157
v 0.26930851 0.08053786 0.14681031
v 0.25084031 -0.0226211 0.14683941
v 0.24316108 0.18623354 0.14716999
v 0.24149334 0.15130654 0.14676714
v 0.25080881 0.20137423 0.16060635
v 0.25519133 0.19345871 -0.15456212
v 0.2577261 0.19296439 -0.15834096
v 0.23175263 0.23564205 -0.06033695
v 0.25374836 0.23563141 0.02181756
v 0.29699126 -0.16479713 0.06812953
v 0.24151662 -0.16466178 0.05858617
v 0.28023607 -0.1647954 0.04979753
v 0.22703627 0.16630726 0.14681087
v 0.22785345 0.13802542 0.14679483
v 0.24950372 0.0960632 0.1468156
v 0.23628116 0.0657583 0.14691375
v 0.23151261 0.23564282 -0.09161437
v 0.24646296 0.19646254 0.15921293
v 0.22862041 0.23559693 0.0097758
v 0.2133403 -0.08050132 0.1467469
v 0.24706209 0.1985397 0.16044576
v 0.24085444 -0.17018913 0.14593095
v 0.21518879 0.22919448 0.16069531
v 0.24175583 0.1932614 -0.15820254
v 0.22360647 0.23561394 -0.12667683
v 0.27248904 -0.16484922 -0.01946852
v 0.24674143 -0.16477618 -0.00172517
v 0.24665944 -0.1648353 -0.05791894
v 0.23324116 0.18978024 0.14706568
v 0.19453849 0.23515889 -0.16064791
v 0.21082613 -0.03798136 0.14685044
v 0.24021444 0.19351676 -0.15547219
v 0.22693701 0.01794605 0.14698505
v 0.21907863 -0.09803269 0.14662834
v 0.23069653 -0.18214525 0.14579546
v 0.21411361 -0.18993011 0.14571109
v 0.20081663 0.23473459 0.16046636
v 0.22071272 0.23556876 0.05656729
v 0.21832812 0.23553383 0.09419122
v 0.2138378 0.23545766 0.12557361
v 0.2211149 0.09928164 0.14687645
v 0.22774819 0.20029666 0.16065697
v 0.24706209 0.1985397 0.16044576
v 0.21213514 0.23559435 -0.02223643
v 0.20284814 0.1240394 0.14690585
v 0.2033343 -0.00798856 0.14693597
v 0.21116212 0.08151175 0.14691225
v 0.206276 0.05408714 0.14701542
v 0.20457929 -0.1271673 0.14636795
v 0.19837669 0.23526768 0.15906373
v 0.23293799 0.19489206 -0.15892604
v 0.23285645 0.19347069 -0.15515578
v 0.23170948 0.1932646 -0.15820219
v 0.19761017 0.03335661 0.14706892
v 0.18937492 -0.10752044 0.14656556
v 0.19696072 -0.14259937 0.14626451
v 0.19998498 0.21123266 0.16072854
v 0.20825964 0.19348119 -0.15475507
v 0.20058262 0.14278746 0.14685184
v 0.20009781 -0.16145021 0.14609003
v 0.19714411 0.19856198 0.16055419
v 0.19714411 0.19856198 0.16055419
v 0.19853091 0.19643506 0.15925401
v 0.18938264 0.23558804 -0.15931405
v 0.19585575 0.18972574 0.14713128
v 0.19184533 0.18515205 0.14727402
v 0.20510918 0.17184953 0.14691006
v 0.19568104 0.01558666 0.14701477
v 0.18520679 -0.04864482 0.14686474
v 0.18312323 -0.19861449 0.145685
v 0.20259967 -0.21300504 0.14539306
v 0.19594523 0.23554838 0.05219339
v 0.18240041 0.23539001 0.14887521
v 0.18063629 -0.2283946 0.14523765
v 0.18690719 0.19317533 -0.15825938
v 0.19388156 0.23561144 -0.07124615
v 0.18395904 0.10430927 0.14699884
v 0.18448777 0.23552766 0.09981075
v 0.16682091 0.23547232 0.13137656
v 0.1817168 0.23563352 -0.10656546
v 0.16640054 0.16405714 0.14704248
v 0.18002149 0.14287409 0.14695659
v 0.18527207 0.19332457 -0.15532723
v 0.18560112 0.23558077 0.00257058
v 0.16637029 0.17346142 0.14715144
v 0.18097509 0.06962387 0.14704026
v 0.17562614 0.0477397 0.14711064
v 0.16308062 -0.23761351 0.14450097
v 0.17054127 0.22850733 0.1608308
v 0.14811537 0.23565128 -0.15936925
v 0.17464101 0.23561732 -0.04748382
v 0.1702709 0.23558453 0.04761585
v 0.18524373 0.19635507 0.15927036
v 0.17820604 0.19789496 0.1606871
v 0.16136158 -0.01854682 0.14694971
v 0.15447891 -0.13186914 0.14638121
v 0.17057416 -0.15251733 0.14625397
v 0.15066382 -0.23689376 0.1450852
v 0.20139147 0.1912567 0.14888281
v 0.17593974 0.19094083 0.1489881
v 0.19585575 0.18972574 0.14713128
v 0.17820604 0.19789496 0.1606871
v 0.16228215 0.23323591 0.16095269
v 0.16228215 0.23323591 0.16095269
v 0.16846251 0.18929644 0.14725092
v 0.16630708 0.18258014 0.14737605
v 0.16576955 -0.17450312 0.14601457
v 0.15654302 -0.21861644 0.14542791
v 0.16846251 0.18929644 0.14725092
v 0.16158085 0.19976813 0.16080807
v 0.15969807 0.23565292 -0.09915689
v 0.16894555 0.02711958 0.14710331
v 0.1275415 -0.23407286 0.14523305
v 0.15594104 0.2356174 -0.00731233
v 0.19548163 -0.16446422 0.07640558
v 0.15730259 -0.16433953 0.07269166
v 0.18276104 -0.16450596 0.05398333
v 0.1650836 0.18633489 0.14737353
v 0.16558361 0.09302467 0.14706254
v 0.15235496 0.01043558 0.14704314
v 0.14419986 -0.08610998 0.14670786
v 0.13287999 0.23535216 0.15909362
v 0.14870605 0.23557492 0.09015986
v 0.15649554 0.12183334 0.14705682
v 0.1458104 0.06631367 0.14708009
v 0.14233285 0.03906096 0.14713153
v 0.15250361 -0.05545251 0.1468417
v 0.14446455 -0.10392325 0.14659265
v 0.14285427 0.19630343 0.15927565
v 0.11283833 0.23569217 -0.06456088
v 0.11654679 0.23564111 0.02358207
v 0.13539645 0.14672042 0.14701132
v 0.11828738 -0.14191513 0.14628397
v 0.14369464 -0.19132531 0.14582187
v 0.14032143 0.19089931 0.14899854
v 0.14544821 0.23563637 -0.05228145
v 0.12406763 0.16276662 0.14702189
v 0.13831684 -0.15929759 0.14616632
v 0.13023652 0.18930776 0.14724587
v 0.12257756 0.23520853 -0.16067527
v 0.12147776 0.10595521 0.14703265
v 0.13838992 0.09044319 0.14704628
v 0.13863762 0.19779158 0.16067168
v 0.12322936 0.23561528 0.08092435
v 0.13023652 0.18930776 0.14724587
v 0.12518965 0.2347545 0.16053116
v 0.12377948 0.22963931 0.16083556
v 0.12069947 0.21490797 0.16081451
v 0.1160364 0.23569888 -0.10441253
v 0.11547112 0.23555535 0.11787207
v 0.11074725 0.23546268 0.14176524
v 0.119394 -0.01259348 0.14691536
v 0.12958294 -0.039907 0.14686584
v 0.11195753 -0.05620715 0.14677909
v 0.11386958 -0.12271374 0.14641927
v 0.11327244 -0.19755363 0.14572757
v 0.12393903 0.19912992 0.16073927
v 0.11121936 0.23566744 -0.13837159
v 0.11291094 0.23566161 -0.01790442
v 0.08509614 0.1730065 0.14709021
v 0.10954533 0.02280761 0.1470519
v 0.12032016 -0.17769541 0.1459582
v 0.09814714 0.23564152 0.05683161
v 0.08118019 0.18615925 0.1473349
v 0.10465942 0.0544422 0.14708427
v 0.10250341 -0.15813006 0.14614312
v 0.10120632 -0.23756117 0.14450547
v 0.11295633 0.19108084 0.14906327
v 0.11100937 0.19644886 0.15919943
v 0.11331226 -0.10413 0.14656468
v 0.09899327 -0.08989742 0.14660522
v 0.10414136 -0.2339924 0.14521982
v 0.10574156 0.18957898 0.14718741
v 0.09555361 0.12715307 0.14701596
v 0.10574156 0.18957898 0.14718741
v 0.07198703 0.23570447 -0.15928431
v 0.09134807 0.15768138 0.14700353
v 0.09533434 -0.2051917 0.14562453
v 0.07924435 0.23540294 0.15904437
v 0.07677174 0.19806716 0.1605348
v 0.05890356 0.22920838 0.16086264
v 0.08712929 0.23559275 0.10596545
v 0.08007301 0.18250658 0.14733794
v 0.09192717 -0.00523293 0.14690301
v 0.06928545 0.21893764 0.16082269
v 0.07351407 0.19936994 0.16069688
v 0.08453195 0.23574109 -0.07466772
v 0.08539028 0.09553343 0.14706671
v 0.08065222 -0.17775786 0.14596522
v 0.07176662 0.19094668 0.14888048
v 0.07865524 0.23574789 -0.10722429
v 0.02992733 -0.23691551 0.14505355
v 0.07662748 0.18952872 0.14714657
v 0.08272712 -0.12931925 0.14632067
v 0.07662748 0.18952872 0.14714657
v 0.07551716 0.23573416 -0.03911272
v 0.0748053 0.06310006 0.14705373
v 0.08142286 -0.07097097 0.14664324
v 0.05658713 -0.21393654 0.14552295
v 0.05428685 0.23490331 0.16057536
v 0.03855325 0.20985422 0.16080281
v 0.04030263 0.2353444 -0.16065817
v 0.07269518 0.23572157 0.01634961
v 0.06143775 0.03238441 0.14689748
v 0.0753216 0.01730454 0.14693582
v 0.06868539 -0.01638758 0.14676355
v 0.06713633 0.23570484 0.07864381
v 0.06692494 0.13704109 0.14707945
v 0.06865118 -0.05379905 0.14666098
v 0.06761959 -0.14071745 0.14620167
v 0.07137953 0.19638126 0.15918019
v 0.061483 0.23582205 -0.11651415
v 0.05869207 0.08258823 0.14707583
v 0.05147031 -0.07559042 0.14641222
v 0.05547554 -0.22628726 0.14536466
v 0.05428685 0.23490331 0.16057536
v 0.02947246 0.23332572 0.16103515
v 0.0552977 0.23586272 -0.05881761
v 0.04201486 0.16441637 0.14725195
v 0.0524659 -0.19708706 0.14574879
v 0.0487528 0.10438695 0.14712998
v 0.05317321 -0.03249257 0.14662696
v 0.04497237 0.23584497 -0.15928419
v 0.05250159 0.18901278 0.14747173
v 0.04645417 0.18766966 0.14754139
v 0.0435546 -0.10480941 0.14622366
v 0.04745638 -0.15467489 0.14605182
v 0.04928087 -0.17637908 0.14592102
v 0.03254775 -0.23427798 0.1452048
v 0.04114116 -0.23762345 0.14443044
v 0.07176662 0.19094668 0.14888048
v 0.05584321 0.1981148 0.16032262
v 0.03722501 0.05486799 0.14690626
v 0.0524436 0.19094555 0.14923032
v 0.04664446 0.19645001 0.15880571
v 0.04358022 0.23556787 0.15911704
v 0.04757447 0.23587097 -0.13111648
v 0.05381598 -0.16429238 -0.07338724
v 0.04715512 -0.1643894 -0.10791833
v 0.07946154 -0.16442449 -0.09280764
v 0.04858797 0.23584087 0.0292243
v 0.04980422 0.23577771 0.09417196
v 0.05661979 0.23563276 0.13406006
v 0.04353957 0.18230417 0.14754666
v 0.04152061 -0.13377696 0.14609104
v 0.04285824 0.2359276 -0.09627062
v 0.02860687 0.23570047 0.13424361
v 0.03777479 0.12735976 0.14717206
v 0.02795953 0.20236909 0.16072722
v 0.02674276 0.23589924 -0.02744582
v 0.03454348 0.23588671 -0.00172396
v 0.03987651 0.01516572 0.14671291
v 0.02344365 0.19787042 0.16023397
v 0.01383369 0.19902509 0.16056764
v 0.02777681 0.23594654 -0.0790488
v 0.03158972 0.23585531 0.0490456
v 0.02391503 0.23583549 0.08452835
v 0.03306459 -0.01789886 0.14657721
v 0.02948533 -0.05228665 0.14645973
v 0.02433745 -0.14153719 0.14605084
v 0.03157461 0.18920845 0.14748602
v 0.01679445 0.22061807 0.1608519
v 0.00676807 0.23593231 -0.12048953
v 0.00944054 0.23581514 0.10408628
v 0.01365798 0.10325688 0.14716396
v 0.0524436 0.19094555 0.14923032
v 0.0177769 0.19065419 0.14885244
v 0.03157461 0.18920845 0.14748602
v -0.03326799 0.23587421 -0.15925775
v 0.02103738 0.17111336 0.1472753
v 0.02491152 0.14516358 0.14717293
v 0.02427101 -0.18295172 0.14586514
v 0.00407004 0.182179 0.14743564
v 0.01691084 0.06717113 0.14699948
v 0.02233252 0.02891938 0.14675421
v 0.02416703 -0.07886495 0.14627077
v 0.02465401 -0.2160019 0.14551891
v 0.00671065 0.23592147 -0.05151121
v 0.01411896 0.18947855 0.14736167
v 0.01916133 0.12181494 0.14714205
v 0.01998229 -0.01146016 0.14661686
v 0.02126475 -0.10555635 0.1461691
v -0.00328635 -0.22455047 0.14561144
v -0.0111629 0.23588218 0.03031499
v -0.00367415 -0.05378677 0.14662391
v -0.00375601 -0.0814735 0.14641476
v 0.0101406 -0.12556246 0.14616191
v 0.00854959 -0.1730231 0.14598098
v -0.00395646 -0.19873087 0.14591968
v 0.00624513 -0.23769744 0.14459319
v 0.01411896 0.18947855 0.14736167
v -0.03600459 0.23498376 0.16052663
v -0.03600459 0.23498376 0.16052663
v 0.01145454 -0.16469838 -0.07291594
v 0.0351585 -0.16432375 -0.05364587
v 0.01357295 -0.16451815 -0.04200554
v -0.00122943 0.23590335 -0.01240048
v 0.00918873 0.01981088 0.14679566
v -0.00367982 -0.00786589 0.1467941
v 0.00142305 0.19640698 0.15869831
v 0.00390603 0.14057499 0.14722811
v -0.00369432 0.09092496 0.14708351
v -0.00325077 0.03424319 0.14681734
v -0.00341019 -0.23690626 0.14520922
v -0.02792158 0.22915015 0.16081554
v -0.02057538 0.23590796 -0.14035693
v 0.00872333 -0.1638615 -0.1360229
v 0.00792954 -0.16350214 -0.14168184
v 0.01341938 -0.16390841 -0.14025182
v 0.00996117 -0.23666215 -0.12210149
v 0.00989243 -0.23777018 -0.12620498
v 0.00987033 -0.23773088 -0.13066483
v 0.00993232 -0.2334 -0.10756749
v 0.0102235 -0.23467018 -0.07454345
v 0.01005497 -0.23232517 -0.07265827
v 0.01010077 -0.236509 -0.05672688
v 0.00987869 -0.23252049 -0.05075086
v 0.01129007 -0.1646321 -0.04546405
v 0.01324121 -0.16448814 -0.0242675
v 0.01017735 -0.23549628 0.02666011
v 0.01013956 -0.23644307 0.04205129
v 0.00992484 -0.23243935 -0.0192916
v 0.0109247 -0.16451815 0.0066113
v 0.01274569 -0.16448301 0.00926452
v 0.00994368 -0.2324492 0.03439263
v 0.01136954 -0.16463542 0.04551554
v 0.01307203 -0.16451526 0.05021767
v 0.01041921 -0.16427441 0.06628432
v 0.00994746 -0.2325083 0.07823081
v 0.0124381 -0.16408336 0.08220983
v 0.01005452 -0.23635714 0.11004207
v 0.01075154 -0.16409929 0.10334463
v 0.00996899 -0.23449838 0.11164818
v 0.00852032 -0.23674552 0.11179673
v 0.00413931 0.17005222 0.14733489
v 0.00011658 0.1979872 0.16009419
v 0.0094443 -0.19106038 -0.13527521
v 0.00984615 -0.2065319 -0.13484263
v 0.009566 -0.21009913 -0.1357536
v 0.00969799 -0.23626447 -0.13451944
v 0.00936054 -0.23363455 -0.13543746
v 0.00936054 -0.23363455 -0.13543746
v 0.00969799 -0.23626447 -0.13451944
v 0.00811821 -0.23800039 -0.13514414
v 0.00975683 -0.16377845 -0.13224903
v 0.00944924 -0.16520703 -0.13234717
v 0.00882093 -0.16505593 -0.13530818
v 0.00872333 -0.1638615 -0.1360229
v 0.00932757 -0.1752622 -0.13528058
v 0.00979815 -0.19555372 -0.1325303
v 0.00811821 -0.23800039 -0.13514414
v 0.00954968 -0.1649282 -0.12528458
v 0.00940381 -0.16841792 -0.12656228
v 0.00980411 -0.20040083 -0.11513902
v 0.00992372 -0.16437033 -0.11324831
v 0.00920268 -0.16869162 -0.100903
v 0.00943614 -0.17897706 -0.09981479
v 0.00989243 -0.23777018 -0.12620498
v 0.00963192 -0.23721588 -0.11275096
v 0.00861901 -0.23757361 -0.11258999
v 0.00949358 -0.16552205 -0.10213025
v 0.01015916 -0.16463172 -0.09267817
v 0.00992309 -0.2035802 -0.08199544
v 0.00846437 -0.23740958 -0.07415349
v -0.01126539 0.23596811 -0.09870653
v 0.00980098 -0.16549708 -0.0885859
v 0.0095249 -0.23727389 -0.07328397
v 0.00967932 -0.17681497 -0.07272906
v 0.00954041 -0.1689474 -0.07524905
v 0.00972917 -0.18458769 -0.07117368
v 0.00983103 -0.16567506 -0.06865083
v 0.00994231 -0.21389967 -0.06802128
v 0.00935624 -0.16881815 -0.04923874
v 0.00976615 -0.20184486 -0.0432929
v 0.00851937 -0.23694552 -0.0476942
v 0.00950639 -0.17683148 -0.04616129
v 0.00951986 -0.18421681 -0.04118506
v 0.00574433 -0.23720755 -0.03209774
v 0.00979906 -0.2036218 -0.00572267
v 0.00931545 -0.16873085 -0.0141949
v 0.00949667 -0.17705287 -0.00331328
v 0.00952737 -0.18457922 0.00160175
v 0.00974005 -0.16544266 0.00417921
v 0.0096886 -0.19538689 0.00550912
v 0.0098665 -0.2300023 -0.00424767
v 0.00952797 -0.16859341 0.03804344
v 0.00987765 -0.2198936 0.01695566
v 0.0096279 -0.17626232 0.04254547
v 0.00960164 -0.18509509 0.04499027
v 0.00973181 -0.1962074 0.05484183
v 0.00977728 -0.16553676 0.05356006
v 0.0099034 -0.21497867 0.05184251
v 0.00956353 -0.17662433 0.07325555
v 0.00981414 -0.20352167 0.07029787
v 0.00949554 -0.16873008 0.07588338
v 0.00954971 -0.18505402 0.08027294
v -0.01806795 0.23587491 0.0592894
v 0.00974888 -0.16527987 0.07618961
v 0.00998828 -0.22151215 0.10129716
v 0.00989698 -0.2031645 0.10225472
v 0.00976357 -0.17622247 0.10988463
v 0.00972051 -0.18503189 0.10909721
v 0.00985412 -0.16528349 0.10862362
v 0.00969018 -0.16841266 0.11413858
v 0.01020058 -0.20097497 0.12687258
v 0.00996825 -0.16564517 0.12261178
v 0.01016678 -0.22098036 0.12698165
v 0.00987759 -0.1690343 0.12425778
v 0.0099945 -0.18798186 0.12685959
v 0.00991909 -0.23438893 0.12702987
v 0.00854465 -0.23685661 0.12798822
v -0.00947643 0.23577604 0.12188599
v 0.01010127 -0.16622595 0.12697616
v -0.0316954 0.23559462 0.15904059
v 0.00141926 0.18979496 0.14732228
v -0.00087005 0.18855076 0.14702027
v 0.00390586 0.11075103 0.14729823
v -3.616E-05 0.0974446 0.14717637
v -0.00360296 0.06857107 0.14701213
v -0.00397181 -0.12693322 0.1462969
v -0.0027195 -0.16288294 -0.14375193
v -0.00066406 -0.1633236 -0.14568967
v 0.00955394 -0.16382281 -0.143925
v -0.02027525 0.23596254 -0.06898594
v -0.03511725 0.23573041 0.13316365
v -0.00085265 0.18309495 0.14707367
v -0.00074379 0.17624551 0.14682983
v -0.0010914 0.15328841 0.14696018
v -0.00170793 0.12237103 0.14680243
v -0.0289258 0.21186802 0.16074003
v 0.00089939 -0.15272926 -0.14572418
v -0.00172402 -0.15418974 -0.14546908
v -0.00069811 -0.15064915 -0.14494732
v -0.00565132 -0.23668391 -0.13513179
v -0.005825 -0.23019573 -0.13522947
v -0.00240867 0.10197118 0.14689085
v -0.0058312 0.0959715 0.14679755
v -0.00656591 -0.23771061 0.1445341
v 0.00036248 0.17770597 -0.14575815
v -0.00023833 0.12805533 -0.14578201
v -0.0011101 0.17931435 -0.14661743
v -0.00139624 0.12592874 -0.14649761
v -0.00021058 0.0966109 -0.14569952
v -0.00139923 0.06032474 -0.14645493
v -0.00032598 0.05804346 -0.14580014
v -0.00045592 0.00036458 -0.14564396
v -0.00148229 -0.00042303 -0.14627977
v -0.00150634 -0.06500337 -0.146154
v -0.00049878 -0.06424396 -0.14560162
v -0.00067368 -0.13415523 -0.14509043
v -0.00156304 -0.12861341 -0.1458009
v -0.00574417 -0.18404816 -0.13565771
v -0.00372857 -0.1813428 -0.13583618
v -0.00169298 -0.20456168 -0.13596053
v -0.00708559 0.18957397 0.147548
v -0.00427888 0.18129303 0.14758697
v -0.004251 0.12581766 0.14723621
v -0.00633523 0.09231275 0.14676321
v -0.0063491 0.0648105 0.14673357
v -0.00628519 0.00720974 0.14653026
v -0.00631956 -0.06498728 0.14627369
v -0.00632079 -0.13359904 0.14605953
v -0.00632309 -0.19024064 0.1457805
v -0.00632272 -0.23028992 0.14542049
v -0.00577135 -0.16168828 -0.14318761
v -0.00754931 -0.1588378 -0.14341033
v -0.0062002 -0.16101818 -0.14531456
v -0.00614955 -0.15665673 -0.13568893
v -0.0080984 -0.15629067 -0.139
v -0.00601848 -0.15981507 -0.13865827
v -0.00614955 -0.15665673 -0.13568893
v -0.00793169 -0.15056559 -0.13476767
v -0.00797425 -0.15483741 -0.1360468
v -0.00601426 0.08112438 -0.13076997
v -0.00769143 0.08426693 -0.13180904
v -0.00802254 0.05006376 -0.13254884
v -0.0061256 0.05616366 -0.13094965
v -0.00622896 0.02928321 -0.13100094
v -0.00804834 0.02681291 -0.1326815
v -0.00802192 0.0038824 -0.13307957
v -0.00622896 0.02928321 -0.13100094
v -0.00802192 0.0038824 -0.13307957
v -0.00614671 -0.02460121 -0.13150881
v -0.0080385 -0.02597329 -0.13342285
v -0.00790518 -0.04434314 -0.13353294
v -0.00611979 -0.04539268 -0.13160013
v -0.00819463 -0.06496949 -0.13352056
v -0.00610934 -0.07103181 -0.13142827
v -0.00808483 -0.09166546 -0.13332562
v -0.00619993 -0.09039175 -0.13140707
v -0.00612291 -0.11036885 -0.13160762
v -0.00756828 -0.11579456 -0.1336011
v -0.00745917 -0.13227274 -0.13368578
v -0.00626015 -0.1345223 -0.13188115
v -0.00706635 -0.14095403 -0.13390875
v -0.00628877 -0.14640221 -0.13239051
v -0.00644013 -0.14879951 -0.13423067
v -0.00608881 -0.17779435 -0.13510616
v -0.00642368 -0.17933035 -0.13461202
v -0.00641578 -0.17616068 -0.13263659
v -0.00608048 0.09501471 -0.12688296
v -0.00814622 0.09604996 -0.12835376
v -0.00638382 0.09202258 -0.13001859
v -0.00601426 0.08112438 -0.13076997
v -0.00640611 0.07936343 -0.12579443
v -0.00681653 0.08336774 -0.12232288
v -0.00668724 0.09246773 -0.12100194
v -0.00654003 -0.167016 -0.12087613
v -0.00670031 -0.17800264 -0.08977827
v -0.00671 -0.15682909 -0.08802728
v -0.00690448 -0.03998977 0.05545325
v -0.00838235 -0.04049273 0.056039
v -0.00839608 -0.03938707 0.05952948
v -0.0068927 -0.03886706 0.06066789
v -0.00835745 -0.03909258 0.06589637
v -0.0069701 -0.03930323 0.0765622
v -0.00841062 -0.039756 0.07782073
v -0.00842903 -0.04081305 0.08070246
v -0.00707697 -0.04068667 0.08142301
v -0.00842903 -0.04081305 0.08070246
v -0.00826673 -0.04487173 0.08182447
v -0.00707697 -0.04068667 0.08142301
v -0.00710738 -0.04962059 0.08236262
v -0.03610423 0.23583752 0.09621888
v -0.00677805 0.09522625 0.14254501
v -0.00813029 0.09561983 0.14025307
v -0.00733588 0.09271953 0.1403202
v -0.00728302 0.08977155 0.14633839
v -0.00862987 0.18165991 0.14777838
v -0.00826375 0.13460916 0.14750412
v -0.00792586 0.10240747 0.14729853
v -0.0106555 0.09798165 0.14722395
v -0.00800453 0.09597425 0.14659843
v -0.00633523 0.09231275 0.14676321
v -0.00728302 0.08977155 0.14633839
v -0.00746866 0.08110204 0.14635028
v -0.00699949 0.05550719 0.14627841
v -0.00688186 -0.0294294 0.14601192
v -0.00693915 -0.06720818 0.14596944
v -0.00694429 -0.12405889 0.14583482
v -0.00693868 -0.1777461 0.14561594
v -0.00699233 -0.2028937 0.14529321
v -0.00679219 -0.23109987 0.1451261
v -0.01946861 0.19647245 0.15868026
v -0.00941478 -0.15606117 -0.14254951
v -0.01283646 -0.15539429 -0.14549708
v -0.00918562 -0.13505447 -0.13462377
v -0.00938645 -0.11464322 -0.13472322
v -0.0118295 -0.1479568 -0.13459554
v -0.01182825 -0.15191309 -0.1352587
v -0.01183396 -0.15382944 -0.13630626
v -0.01196804 0.09594058 -0.13164146
v -0.01260388 0.09273237 -0.13293739
v -0.00831813 0.09256677 -0.13167289
v -0.00898062 0.09549605 -0.13127646
v -0.01193843 0.08816459 -0.13317201
v -0.01184694 0.05987439 -0.13388988
v -0.01192519 0.02347371 -0.13427518
v -0.01190478 0.00495188 -0.13447875
v -0.0080385 -0.02597329 -0.13342285
v -0.01176279 -0.0248904 -0.13455316
v -0.00979868 -0.02892236 -0.13461788
v -0.00976724 -0.0633086 -0.13460821
v -0.01181655 -0.06591369 -0.13456285
v -0.00819463 -0.06496949 -0.13352056
v -0.00808483 -0.09166546 -0.13332562
v -0.01166005 -0.09182476 -0.1345261
v -0.00976016 0.09731323 -0.12684363
v -0.01159998 0.09709528 -0.12851033
v -0.00814622 0.09604996 -0.12835376
v -0.009653 0.09649138 -0.1136343
v -0.01142067 0.09647176 -0.11552536
v -0.00867914 0.09603181 -0.11563253
v -0.05201878 0.2359274 -0.04953852
v -0.03908433 0.2359094 -0.01193233
v -0.0118239 -0.04040456 0.05626445
v -0.01217307 -0.03933036 0.05943379
v -0.01359531 -0.0390049 0.06666829
v -0.01386695 -0.03922955 0.07397825
v -0.015229 -0.03969609 0.0780756
v -0.01584706 -0.04074473 0.08067399
v -0.01584706 -0.04074473 0.08067399
v -0.01212956 -0.05029418 0.08172476
v -0.00846175 -0.05005787 0.08176389
v -0.01210837 -0.05410859 0.08090562
v -0.00830073 -0.05430685 0.08085214
v -0.01210626 0.09628314 0.14687043
v -0.03340333 0.20366934 0.16062021
v -0.05449234 0.23532227 -0.16058096
v -0.02375083 -0.03408262 -0.1345907
v -0.02366928 -0.06134392 -0.13455102
v -0.02196285 -0.12296861 -0.13445312
v -0.01815391 -0.15023893 -0.13428383
v -0.01657056 -0.15158284 -0.13496208
v -0.01589806 -0.15344228 -0.13661315
v -0.02007426 0.09607244 -0.13199858
v -0.01684189 0.08870957 -0.13352865
v -0.01680912 0.06781515 -0.13401853
v -0.02397461 -0.01205714 -0.1344676
v -0.0223623 -0.08075854 -0.134389
v -0.00979334 -0.09367462 -0.13460672
v -0.0117619 0.09679584 -0.12424212
v -0.01292296 0.09625991 -0.10185832
v -0.00933577 0.09648229 -0.10115667
v -0.0156952 -0.04016961 0.05629486
v -0.01426106 -0.03927792 0.0579933
v -0.01214088 -0.05600488 0.07200428
v -0.01093665 -0.05563512 0.07790722
v -0.01322292 -0.05580582 0.08010765
v -0.01622343 -0.04524081 0.08172218
v -0.0135517 -0.0525344 0.08189161
v -0.01210837 -0.05410859 0.08090562
v -0.01797585 -0.05471219 0.08106329
v -0.01322292 -0.05580582 0.08010765
v -0.01230513 0.09649607 0.11372151
v -0.00926717 0.09634199 0.13468701
v -0.01401069 0.09643947 0.12519415
v -0.01180606 0.09618551 0.13629253
v -0.03503576 0.18278839 0.14785793
v -0.02550045 0.16887602 0.14759351
v -0.02463703 0.10390601 0.14737989
v -0.0138927 0.09655979 0.14722468
v -0.00965977 0.19064532 0.1490314
v -0.02007869 0.18918812 0.14762068
v -0.00708559 0.18957397 0.147548
v -0.02148125 -0.15201214 -0.13520038
v -0.0277081 -0.15215242 -0.13684486
v -0.01589806 -0.15344228 -0.13661315
v -0.02148125 -0.15201214 -0.13520038
v -0.02990414 0.08862677 -0.13414317
v -0.02128685 0.06854457 -0.1341553
v -0.02156595 0.03169438 -0.13442104
v -0.02265166 0.00796021 -0.13453162
v -0.02453915 -0.09991014 -0.13444136
v -0.02651732 -0.13837489 -0.13430643
v -0.02592335 -0.14853725 -0.1340335
v -0.02610338 -0.15092978 -0.13423672
v -0.0403688 0.23596361 -0.10020913
v -0.01700353 -0.0409095 0.05558513
v -0.0156952 -0.04016961 0.05629486
v -0.01563224 -0.04514228 0.05532393
v -0.02534662 -0.03970975 0.05605865
v -0.01568518 -0.05018073 0.0551226
v -0.01577958 -0.05391967 0.05609339
v -0.01700575 -0.05304275 0.05512242
v -0.02360037 -0.03916721 0.06664958
v -0.0232823 -0.03925192 0.07233885
v -0.01823903 -0.04004637 0.08005769
v -0.01823903 -0.04004637 0.08005769
v -0.0211909 -0.04169151 0.08118445
v -0.02276289 -0.05528008 0.08082234
v -0.02189079 -0.04531247 0.08136206
v -0.02214087 -0.05059519 0.08131312
v -0.0332455 0.19823696 0.15998296
v -0.0418608 0.19978426 0.1604428
v -0.02988588 0.09282071 -0.13404424
v -0.02755167 -0.03943598 0.07780417
v -0.03057746 -0.04210577 0.0811497
v -0.02007869 0.18918812 0.14762068
v -0.02965812 0.18870775 0.1477125
v -0.03735246 0.12976885 0.1476014
v -0.02846584 0.19087161 0.14921799
v -0.02846584 0.19087161 0.14921799
v -0.02916332 0.09677648 0.14723226
v -0.03756191 0.01365487 -0.13493605
v -0.03274466 -0.00963018 -0.13469815
v -0.0341525 -0.15146175 -0.13546488
v -0.03258801 0.06941663 -0.13464902
v -0.03093811 0.03549608 -0.13475187
v -0.04360402 -0.06600689 -0.1349448
v -0.03839339 -0.03967588 0.05612887
v -0.03591597 -0.03923153 0.06827956
v -0.03516025 -0.05395839 0.08108405
v -0.04012832 0.10073207 0.14742045
v -0.04404175 0.09612502 -0.13250256
v -0.04748222 -0.14458008 -0.13421947
v -0.05655531 0.23585841 0.06602761
v -0.0491113 -0.0081368 -0.13497648
v -0.04072224 -0.04939708 -0.13489497
v -0.04671796 -0.11900924 -0.13472107
v -0.06303195 -0.14843179 -0.13402604
v -0.0465479 -0.15062375 -0.13423197
v -0.06534883 0.23587987 0.02208133
v -0.05332847 -0.03915828 0.07766553
v -0.05939797 -0.0408629 0.08084275
v -0.05200453 -0.04574185 0.08136823
v -0.05589909 0.18890497 0.1479813
v -0.05926886 0.19648856 0.15878029
v -0.07136187 0.23337601 0.16102375
v -0.07539269 0.23590726 -0.12369616
v -0.04996364 0.03498806 -0.13505912
v -0.04812545 -0.15110064 -0.13601868
v -0.06509554 -0.13755202 -0.13454141
v -0.08255068 -0.03975426 0.08022308
v -0.08255068 -0.03975426 0.08022308
v -0.06318536 -0.0551578 0.08059815
v -0.04510217 0.16908416 0.1477007
v -0.05945666 0.12224413 0.1477782
v -0.04879373 0.06665352 -0.13494095
v -0.0568582 -0.03752233 -0.13504398
v -0.04529891 0.09279408 -0.13437898
v -0.05240338 0.09226838 -0.13454843
v -0.05747268 -0.03914683 0.06817925
v -0.05652042 0.19092663 0.14930528
v -0.06170478 -0.01950165 -0.13505492
v -0.05568807 -0.0908014 -0.13497266
v -0.04571387 0.09714938 -0.13098374
v -0.05216922 0.09615184 -0.13281009
v -0.04404175 0.09612502 -0.13250256
v -0.05216922 0.09615184 -0.13281009
v -0.05513157 -0.04203339 0.08117507
v -0.07419711 0.23575078 0.1218933
v -0.08542462 0.2356777 0.13787156
v -0.06675196 0.19834252 0.16014086
v -0.07758716 0.19992927 0.16073087
v -0.07206872 -0.03932229 0.05972208
v -0.08015408 0.23581235 0.09615792
v -0.06042703 0.14563677 0.14783436
v -0.05656678 0.10017899 0.14761509
v -0.08843426 0.22943372 0.16092689
v -0.06413822 0.09304356 -0.13477908
v -0.06345865 0.05793678 -0.13510911
v -0.06674644 0.00848613 -0.13517624
v -0.07025373 -0.11726747 -0.13502537
v -0.076745 -0.12057821 -0.1350729
v -0.05631006 0.09354777 -0.13457231
v -0.07841097 0.20982832 0.16084903
v -0.07332795 0.03337312 -0.13521087
v -0.07323959 -0.05212837 -0.13515435
v -0.06675792 -0.08044682 -0.13511604
v -0.06401967 0.09612684 -0.13338971
v -0.06401967 0.09612684 -0.13338971
v -0.06248282 0.09469991 -0.13468115
v -0.07538849 0.23594669 -0.09088899
v -0.06873471 -0.03967931 0.05599014
v -0.07879381 -0.05098816 0.08113087
v -0.08323837 -0.05382692 0.08094352
v -0.08227851 0.16819072 0.14816208
v -0.07980704 0.09702357 0.14765146
v -0.07965609 0.23583148 -0.15917203
v -0.09015846 0.07305582 -0.13527593
v -0.07447002 -0.15041973 -0.13433439
v -0.07216831 0.19139485 0.14945734
v -0.07649814 0.18889849 0.14836018
v -0.06838449 0.09717798 -0.13141599
v -0.09372666 0.23588532 -0.0007162
v -0.08163481 -0.04581178 0.08122535
v -0.09394924 0.23561952 0.15348566
v -0.07960846 0.13536859 0.14803518
v -0.08156081 -0.0167307 -0.13516794
v -0.08277881 -0.07403197 -0.13520068
v -0.08793307 0.18221822 0.14845125
v -0.08282167 0.09918927 0.14784603
v -0.07637158 0.19663687 0.15878059
v -0.08457311 0.01618736 -0.13527463
v -0.08937642 -0.04103687 -0.13524191
v -0.08990926 -0.13911481 -0.13465129
v -0.08695289 -0.03893423 0.07769379
v -0.08926963 -0.04153675 0.08107985
v -0.08839554 -0.10036653 -0.13517714
v -0.08789721 0.0972944 -0.13164641
v -0.0927138 0.09665959 -0.13359278
v -0.08668904 -0.14838149 -0.13416742
v -0.11609335 -0.03912951 0.06422208
v -0.10430758 0.23584828 0.05748386
v -0.08914331 -0.15051375 -0.13624932
v -0.09939567 -0.15062413 -0.14289387
v -0.07083324 -0.15087801 -0.14039055
v -0.11115102 0.23589244 -0.12711704
v -0.0654027 0.09515949 -0.13471323
v -0.10904921 0.09564502 -0.13488266
v -0.0990997 -0.00173077 -0.13525151
v -0.10459654 0.23593065 -0.06639909
v -0.1092466 0.23590213 -0.03457433
v -0.1135583 -0.04048472 0.08085462
v -0.09924764 0.18443321 0.14849517
v -0.10736386 0.19825682 0.1601848
v -0.13592941 0.23584615 -0.15915459
v -0.08631693 0.0836495 -0.13509832
v -0.09990211 0.14428371 0.14813425
v -0.11417387 0.18888593 0.14845733
v -0.11085507 0.11292203 0.14799926
v -0.15543531 0.2356095 0.1590994
v -0.11424448 0.09246939 -0.13511249
v -0.10408565 0.0522054 -0.13533141
v -0.1107011 0.03804443 -0.13534319
v -0.10284086 0.01793049 -0.13532594
v -0.12645003 -0.12216094 -0.1351321
v -0.10913798 -0.04553967 0.08126837
v -0.11935826 0.19165836 0.14956456
v -0.10564093 0.12698989 0.14809471
v -0.13069469 0.23339385 0.16099212
v -0.1225149 0.21540663 0.16088012
v -0.10716274 0.19961385 0.16075413
v -0.13227735 -0.07837732 -0.13529664
v -0.12145371 0.23593736 -0.10196821
v -0.11142181 -0.03022679 -0.13527632
v -0.1319066 -0.14838833 -0.13418876
v -0.11069039 -0.03967587 0.05599979
v -0.11744379 -0.03889825 0.07772373
v -0.12079024 0.16846499 0.14821729
v -0.13612059 0.1381546 0.148157
v -0.1237529 0.10259151 0.14797038
v -0.12229984 0.09868509 0.14788212
v -0.12876759 0.23532675 -0.16047461
v -0.11910888 -0.01580255 -0.13524847
v -0.11911488 -0.05853308 -0.13531743
v -0.11949313 -0.1018054 -0.13524765
v -0.12378824 0.09670201 -0.13363795
v -0.1319389 -0.14092503 -0.13462868
v -0.16340344 0.2350319 0.16052306
v -0.16340344 0.2350319 0.16052306
v -0.11767884 0.09714673 -0.13164316
v -0.13351755 -0.15029933 -0.13439246
v -0.12374625 -0.03935241 0.05939585
v -0.12845753 -0.05514972 0.08053352
v -0.12362872 0.2357575 0.1190035
v -0.12065173 0.19672921 0.15870981
v -0.12602933 -0.15045229 -0.14300226
v -0.1389408 -0.15055266 -0.14478484
v -0.13336483 0.0047544 -0.13535994
v -0.1438235 0.23592076 -0.05077304
v -0.13942526 0.23589167 0.01457556
v -0.13246714 -0.03972654 0.08012961
v -0.13246714 -0.03972654 0.08012961
v -0.13238487 0.23582909 0.09410178
v -0.12523365 0.09708628 0.14770901
v -0.13239476 0.06064521 -0.13537684
v -0.12549758 0.23568016 0.13920313
v -0.1369912 0.0380674 -0.13540158
v -0.13556677 0.01959053 -0.13539821
v -0.1454072 -0.00716791 -0.13532579
v -0.1464873 0.18481836 0.14838509
v -0.13932371 -0.0421835 -0.13530827
v -0.14743605 -0.05857858 -0.13534287
v -0.13113739 -0.0391802 0.06505196
v -0.12482981 0.1986859 0.16008504
v -0.15094569 0.20462844 0.16080232
v -0.13321075 -0.03899046 0.07761584
v -0.15278211 -0.04180767 0.08102824
v -0.1513318 0.15357083 0.14818826
v -0.15239325 0.11439554 0.14806473
v -0.13876648 0.20041856 0.16065916
v -0.14321315 0.07594886 -0.13531107
v -0.13966762 -0.11024661 -0.13522767
v -0.1569545 0.23595402 -0.08547758
v -0.14996907 0.235863 0.05126216
v -0.15890519 -0.03973552 0.05659343
v -0.14449514 0.18901278 0.14830388
v -0.16008031 0.22903225 0.16083182
v -0.17983006 -0.05367912 0.08088437
v -0.16076992 0.09573524 -0.13491392
v -0.16455957 0.09258684 -0.13513811
v -0.17056167 0.08331435 -0.13520773
v -0.1685667 0.23592082 -0.01184634
v -0.1708311 -0.03999656 0.05568454
v -0.17960015 -0.04059445 0.08071774
v -0.15691051 0.19166827 0.14943534
v -0.12886825 0.09992412 -0.1473434
v -0.12333037 0.06488371 -0.1472767
v -0.16797198 0.08323269 -0.14731845
v -0.1520917 -0.02044266 -0.13531959
v -0.15794051 -0.08381161 -0.13531102
v -0.16845557 -0.11404478 -0.13520759
v -0.1655924 -0.12379253 -0.1350804
v -0.14955397 0.09713837 -0.13191737
v -0.16828805 0.23576282 0.12323606
v -0.16857904 0.17136885 0.14825182
v -0.13876648 0.20041856 0.16065916
v -0.17147209 0.19855714 0.1600668
v -0.16407058 0.19664986 0.15881354
v -0.16506763 0.07116865 -0.13542604
v -0.17310134 -0.14834133 -0.13411926
v -0.16943499 0.23588878 -0.13875306
v -0.17301559 0.23584825 0.08449032
v -0.17883573 -0.04583038 0.0811822
v -0.12838782 0.18616244 -0.14761278
v -0.15550224 0.18647289 -0.14776058
v -0.15397553 0.18901739 -0.14765705
v -0.16718975 0.0968318 -0.13394822
v -0.1973931 0.23568356 0.14375305
v -0.16268602 0.09875159 0.14802688
v -0.18967113 0.2358126 -0.15913065
v -0.16419744 0.02809518 -0.13543473
v -0.16113351 0.00597212 -0.13541764
v -0.16454116 -0.04110906 -0.13534112
v -0.17269489 -0.14010149 -0.13459636
v -0.18017475 0.23594826 -0.11331772
v -0.16903988 0.09699187 0.14783524
v -0.17426747 -0.01725893 -0.13530001
v -0.18008968 0.23589939 0.02467831
v -0.18248813 -0.03935623 0.0591621
v -0.18647051 -0.03894619 0.07762992
v -0.18951643 0.23594123 -0.03193092
v -0.19252233 -0.03913419 0.06403439
v -0.18548706 -0.03975769 0.08013275
v -0.18548706 -0.03975769 0.08013275
v -0.14057516 0.0969073 0.08128166
v -0.13848418 0.0968553 0.10142283
v -0.16648518 0.09688727 0.10636073
v -0.17455356 0.09695612 0.06968548
v -0.18184564 0.2109555 0.16089582
v -0.19174017 0.23526894 -0.16037451
v -0.20584147 -0.1501561 -0.13435167
v -0.19300528 0.15362343 0.14818946
v -0.18969461 0.12362354 0.14811507
v -0.20396385 0.10799039 0.14800295
v -0.18424396 0.23337467 0.1610246
v -0.18005398 0.03570414 -0.13535157
v -0.18074656 0.00310387 -0.13531631
v -0.17867993 -0.08204918 -0.13523978
v -0.19139574 0.23587954 0.05178594
v -0.18597595 0.18921548 0.14844811
v -0.19485882 0.20060652 0.16075444
v -0.18807405 -0.03949884 -0.13522157
v -0.18177402 0.09729682 -0.13187514
v -0.20075414 0.23596713 -0.05601977
v -0.2058208 -0.05522353 0.08030721
v -0.20445685 0.23582487 0.1068903
v -0.18084221 0.19185778 0.1494718
v -0.19485882 0.20060652 0.16075444
v -0.18582024 0.09547088 -0.13483141
v -0.18574621 0.09231878 -0.13502559
v -0.19005315 0.06947136 -0.13525413
v -0.19473703 -0.12027675 -0.13493982
v -0.19316645 -0.14027312 -0.13443021
v -0.18441881 0.09666272 -0.13395798
v -0.1881804 -0.03966627 0.05658532
v -0.18897814 -0.04182097 0.08094283
v -0.23515183 0.1768612 0.14827058
v -0.18962924 0.19679889 0.15871951
v -0.21111822 0.2019324 0.16089414
v -0.22709034 -0.15036468 -0.14444742
v -0.20547819 0.22895439 0.16098468
v -0.19513962 -0.0624976 -0.13516054
v -0.19544503 -0.14811379 -0.13403162
v -0.21631694 0.23600325 -0.07621589
v -0.19118814 -0.0399258 0.05565736
v -0.18546124 0.19239147 0.14962231
v -0.23825088 0.09899136 0.14787813
v -0.20693716 0.1989585 0.15993099
v -0.1726176 0.02683422 -0.14718729
v -0.19373444 0.00322114 -0.14698145
v -0.20728531 0.02954963 -0.14718929
v -0.19309837 0.04362583 -0.13524401
v -0.20346066 0.03369103 -0.13523519
v -0.19444054 -0.09223445 -0.13508955
v -0.20991659 0.23591171 -0.13749561
v -0.22078922 0.23598975 -0.10376425
v -0.18668415 0.19406359 0.150435
v -0.19971243 0.19446462 0.14988109
v -0.19256751 0.1918364 0.14896876
v -0.19125208 0.18913117 0.14850597
v -0.21429908 0.09738968 0.14771959
v -0.2016129 0.2355731 0.1590967
v -0.21370538 0.09574696 -0.13483568
v -0.20455346 0.00076608 -0.13518047
v -0.22847858 -0.01904885 -0.13509572
v -0.20681822 -0.03706703 -0.13513193
v -0.21441114 0.23593204 0.01558573
v -0.20689444 0.0925426 -0.13496427
v -0.20721447 0.07014184 -0.13525096
v -0.21304393 -0.03978662 0.07991076
v -0.21304393 -0.03978662 0.07991076
v -0.20878442 -0.05331599 0.08059396
v -0.21991119 0.23573866 0.13072987
v -0.23002268 0.16815558 0.14820063
v -0.20886093 -0.07201947 -0.13510755
v -0.21575661 -0.09892138 -0.13504481
v -0.21020344 -0.04576194 0.08082376
v -0.21568511 0.18871462 0.14850926
v -0.20639798 0.1968739 0.15846689
v -0.19902258 0.19452852 -0.1514795
v -0.21188475 0.1948076 -0.15510032
v -0.19747014 0.19460779 -0.15431423
v -0.21850184 0.08336328 -0.14729814
v -0.19756547 0.09849337 -0.14736433
v -0.22129562 0.02255665 -0.13522041
v -0.22872066 -0.06655502 -0.13511369
v -0.20791449 0.09748492 -0.13199732
v -0.22910781 0.09697342 -0.13410763
v -0.21205409 -0.03996972 0.05588457
v -0.23329328 -0.03918637 0.06396945
v -0.21453257 -0.03904781 0.07751758
v -0.21222961 -0.04151209 0.08071005
v -0.21259129 0.19207676 0.14885147
v -0.24405761 0.23498501 0.16064261
v -0.24405761 0.23498501 0.16064261
v -0.21765047 0.21470761 0.16098985
v -0.25781378 0.2358654 -0.1591617
v -0.20963514 0.19463478 -0.15119143
v -0.234446 5.503E-05 -0.13513854
v -0.22060348 -0.14024632 -0.13448468
v -0.24514452 -0.03941296 0.05919943
v -0.23496413 0.2359322 0.04231062
v -0.23272368 0.23588288 0.08699938
v -0.20845324 0.09714457 0.07612833
v -0.1902197 0.09707192 0.08465077
v -0.21642302 0.09714296 0.09921312
v -0.22641595 0.14400452 0.14815521
v -0.23318639 0.0924352 -0.1351236
v -0.23122907 -0.03947574 -0.13510442
v -0.24704963 0.23338608 0.16107626
v -0.23227687 0.04157231 -0.13520411
v -0.24110602 0.2359934 -0.02051383
v -0.28047973 0.23540644 -0.16034791
v -0.23574865 0.0656018 -0.13522749
v -0.25421238 0.23582843 0.12083142
v -0.24951337 0.11680579 0.14802249
v -0.25224972 0.20076138 0.16078089
v -0.24371658 0.19696228 0.15829325
v -0.24707854 -0.12248404 -0.13482448
v -0.27120051 -0.04106701 0.08058994
v -0.26007432 -0.04214799 0.08080709
v -0.25687122 0.19471736 0.14984192
v -0.27262694 0.20225704 0.16087997
v -0.25623554 0.23596652 -0.13518907
v -0.24477674 0.08231313 -0.13513014
v -0.24389166 -0.05260465 -0.13509542
v -0.24471904 -0.08474866 -0.13503367
v -0.26024395 -0.10204257 -0.13495992
v -0.2367155 -0.11110071 -0.13497368
v -0.24667621 0.23602164 -0.06165717
v -0.24107452 -0.03902986 0.07753762
v -0.26333663 -0.05391642 0.08050511
v -0.25261158 0.23568675 0.14812881
v -0.24614491 0.1946816 -0.15134227
v -0.24209355 0.19486263 -0.15500337
v -0.24667759 0.09733161 -0.13198639
v -0.2914691 -0.14826646 -0.13400061
v -0.25495255 -0.03995784 0.05577137
v -0.26744547 -0.04576693 0.08085439
v -0.26298195 -0.05066682 0.08070056
v -0.25233698 0.19210315 0.14884388
v -0.24966586 0.18861862 0.14851347
v -0.24505967 0.19892101 0.15969321
v -0.25339288 0.09567215 -0.13487723
v -0.25158328 -0.13983738 -0.13445759
v -0.25080693 -0.03983 0.07996351
v -0.25080693 -0.03983 0.07996351
v -0.24524076 0.2296553 0.16097264
v -0.26141766 0.05904264 -0.13517275
v -0.25736231 -0.0397416 0.05652602
v -0.2581102 0.13358699 0.14811182
v -0.26377779 0.01997501 -0.13517785
v -0.26261461 -0.03891153 -0.13505095
v -0.2717928 -0.05980669 -0.13505344
v -0.28859356 0.09917908 0.14792086
v -0.26482987 0.07490326 -0.13514152
v -0.25872469 0.03670627 -0.13517921
v -0.25928324 0.0048721 -0.13514946
v -0.2633298 -0.01373293 -0.13507
v -0.25799686 0.09675196 -0.13381808
v -0.25318369 -0.15019278 -0.13435186
v -0.27168119 0.23594427 0.08071771
v -0.30239594 0.23562679 0.15905732
v -0.29187524 0.21231897 0.16090786
v -0.27061683 0.19467285 -0.15169156
v -0.25889507 0.09219694 -0.13503972
v -0.26598084 0.23604383 -0.10401171
v -0.26189649 -0.03916137 0.07759206
v -0.29852018 -0.05511924 0.08030916
v -0.27613196 0.14787543 0.1481106
v -0.26748282 0.23600945 0.02477451
v -0.2636604 0.19888595 0.15997323
v -0.26746836 0.19458304 -0.15499055
v -0.28022105 0.05070074 -0.13513307
v -0.29627764 0.2359315 0.10402566
v -0.2669172 0.19687091 0.15868968
v -0.28816175 0.2220875 0.16092023
v -0.27671039 -0.0816292 -0.13499695
v -0.28877938 0.23606968 -0.05967081
v -0.29558453 -0.03954331 0.05914493
v -0.30074799 -0.03932717 0.0640063
v -0.29957119 0.09745777 0.14769675
v -0.28368235 0.0354511 -0.13514876
v -0.29169804 -0.12160049 -0.13478938
v -0.27471152 0.09724507 -0.13193814
v -0.29215646 -0.14016967 -0.1344008
v -0.29599458 0.23583232 0.13084275
v -0.29759425 0.17041349 0.14811617
v -0.2916818 0.09270969 -0.13501613
v -0.29148227 0.09677935 -0.13389906
v -0.29911858 0.23607776 -0.09499707
v -0.29394233 0.23605794 -0.00903736
v -0.30223045 0.18920396 0.14839327
v -0.29240975 0.08376447 -0.13504495
v -0.2908757 0.07003552 -0.13520306
v -0.28928232 -0.01460348 -0.13506269
v -0.30119652 -0.03989791 0.08007932
v -0.30119652 -0.03989791 0.08007932
v -0.29009402 0.11424264 0.14796704
v -0.30732062 0.23008585 0.16093017
v -0.29129097 0.00610377 -0.13515826
v -0.28679168 -0.07750853 -0.13500516
v -0.29315484 0.23600036 -0.13386628
v -0.3007333 0.23600936 0.05291869
v -0.30108726 0.19687714 0.15864825
v -0.33228624 0.23499753 0.16055661
v -0.33228624 0.23499753 0.16055661
v -0.30177385 0.19459528 -0.15504457
v -0.35017952 0.23587304 -0.15907645
v -0.31832558 -0.04191819 0.0809498
v -0.31158262 -0.05340438 0.08067853
v -0.31052807 0.20099273 0.16062385
v -0.28255427 -0.15018268 -0.14487833
v -0.28286889 -0.15033105 -0.14355583
v -0.28505093 -0.15042788 -0.14458477
v -0.30570909 0.09531878 -0.13482246
v -0.29683393 -0.03960832 -0.1349887
v -0.31083202 -0.15024264 -0.13423502
v -0.30026275 -0.03996371 0.05569585
v -0.31346822 -0.0392266 0.07162304
v -0.31733808 -0.03916177 0.07766119
v -0.29758936 0.13550986 0.14803949
v -0.30472195 0.0972781 -0.13184497
v -0.3302961 0.23605266 0.02338162
v -0.30400658 0.19469367 0.14968152
v -0.31200093 0.19208682 0.14858353
v -0.30700642 0.19883549 0.1597628
v -0.29795811 0.03030701 -0.1350809
v -0.29920805 -0.06957716 -0.13494542
v -0.36316347 0.23338276 0.1609879
v -0.30167499 0.19460063 -0.1512593
v -0.32293764 -0.0407639 0.0807356
v -0.32301795 0.12445435 0.14786725
v -0.31930369 0.07077188 -0.13484026
v -0.31599337 0.05590538 -0.13488096
v -0.31401265 0.00912541 -0.13488251
v -0.30985931 -0.10997437 -0.1346546
v -0.3103233 0.09634566 -0.13376488
v -0.32751518 -0.14036319 -0.13405967
v -0.32505581 -0.04556883 0.08104919
v -0.31517285 -0.01289896 -0.13479926
v -0.32939842 -0.04340716 -0.13456738
v -0.31988618 -0.0904886 -0.1346204
v -0.31219885 -0.14822298 -0.13383424
v -0.34452298 0.23605597 -0.11567351
v -0.32461774 0.23609382 -0.05891244
v -0.31962857 -0.03973016 0.05926815
v -0.32852924 0.17838034 0.14812082
v -0.33161432 0.1127804 0.14771554
v -0.33130893 0.09924638 0.14770862
v -0.32139975 0.0359301 -0.13479787
v -0.32916415 -0.05917827 -0.13460949
v -0.32968268 -0.0729103 -0.13452552
v -0.32911852 -0.12159661 -0.13435052
v -0.34316075 0.23610134 -0.07724756
v -0.33710462 0.23582229 0.13599563
v -0.32699865 0.15227559 0.14793739
v -0.33007225 0.20134296 0.16062129
v -0.32409549 0.1953018 -0.15229547
v -0.32422867 0.19519188 -0.15581921
v -0.32885313 -0.03949811 0.06362718
v -0.33344394 -0.0553925 0.08050227
v -0.34505537 0.23592567 0.11795747
v -0.32572463 0.19492234 0.14960557
v -0.33341718 0.23597126 -0.14175233
v -0.33002681 -0.0238742 -0.13464309
v -0.33323649 0.09741888 -0.13169143
v -0.33859855 0.23608479 -0.02322078
v -0.3231495 -0.04011934 0.05650553
v -0.32979235 -0.05079858 0.08096267
v -0.32909274 0.23598614 0.09267818
v -0.30963871 0.0034968 -0.14700392
v -0.33663356 0.00550711 -0.14693618
v -0.31211925 0.03335799 -0.14723305
v -0.33289218 0.09502652 -0.13465871
v -0.34400964 -0.14838296 -0.13375771
v -0.33865911 -0.05400281 0.08083151
v -0.32563561 0.19704132 0.15820478
v -0.33483481 0.00358032 -0.13469067
v -0.3361738 0.16710413 0.14796422
v -0.33007225 0.20134296 0.16062129
v -0.32685772 0.19849005 0.15911523
v -0.34865212 0.20980884 0.16080399
v -0.30783576 0.10696605 -0.1474112
v -0.3481223 0.11022194 -0.14738041
v -0.31023452 0.12913895 -0.1474162
v -0.299986 0.04993986 -0.14733809
v -0.33964309 0.0398835 -0.14721808
v -0.32331115 0.06641221 -0.14728944
v -0.3329331 0.06851909 -0.13480064
v -0.33540809 0.03540925 -0.13471061
v -0.34104133 0.09629842 -0.13359468
v -0.34499159 0.23602739 0.06566559
v -0.33114463 0.1988463 0.15929478
v -0.34220797 -0.09123541 -0.13449529
v -0.3632873 -0.04009305 0.05633927
v -0.37138602 0.1884893 0.14839292
v -0.3694354 0.23540437 -0.16028623
v -0.35777169 -0.15040949 -0.14285879
v -0.35130343 -0.00949237 -0.13461223
v -0.354325 -0.11212467 -0.13442591
v -0.36825252 -0.03936517 0.06501547
v -0.37353745 -0.03971963 0.08027721
v -0.37353745 -0.03971963 0.08027721
v -0.35067481 0.14951284 0.14791213
v -0.35989869 0.12717986 0.14786254
v -0.3758238 0.23561303 0.15911885
v -0.35660371 0.04650112 -0.13469744
v -0.36236912 -0.0316312 -0.13456374
v -0.36694914 -0.0418099 0.08103669
v -0.35779437 0.1949517 0.14962058
v -0.36854005 0.19219342 0.14862499
v -0.38135305 0.09741563 0.14747386
v -0.3688527 0.19536026 -0.15256828
v -0.36422887 -0.03969261 0.05901032
v -0.36288264 -0.03907166 0.0777656
v -0.37028098 -0.05069298 0.08111066
v -0.36537108 0.09930778 0.14768219
v -0.37646639 0.20117083 0.16061442
v -0.38166869 -0.15048806 -0.14463528
v -0.34772038 0.09515984 -0.13472208
v -0.36779228 0.09526674 -0.13471179
v -0.35818034 0.07052644 -0.13476649
v -0.36489898 0.03210012 -0.13469793
v -0.37274104 -0.06953797 -0.13453409
v -0.37381995 0.23609267 -0.02959938
v -0.37229937 0.23599863 0.10248022
v -0.36301109 0.1761888 0.14810193
v -0.37614867 0.16063169 0.14797434
v -0.37611431 0.229408 0.16085215
v -0.38055128 0.2185567 0.16084296
v -0.37842524 0.00934523 -0.13465488
v -0.38241974 -0.05340572 -0.13455139
v -0.37252486 -0.09211446 -0.13449712
v -0.363089 -0.1503327 -0.13424313
v -0.4196322 0.23593274 -0.15914312
v -0.38154083 0.23601533 -0.14114442
v -0.37131855 0.09734654 -0.1316698
v -0.36874172 0.09633853 -0.13361266
v -0.38300189 -0.04040995 0.08096663
v -0.37891093 -0.04568657 0.08127181
v -0.39204276 0.23586792 0.13917011
v -0.38164583 0.11543635 0.14780194
v -0.38226113 0.19551232 -0.15611032
v -0.38507605 0.02310796 -0.13465744
v -0.37278 -0.0064105 -0.13458274
v -0.38339454 0.23609404 -0.10120593
v -0.38751259 0.23608246 0.02151972
v -0.33019242 -0.04049437 0.05572551
v -0.36069623 -0.040309 0.05556167
v -0.39910704 0.23576604 0.15251738
v -0.37646639 0.20117083 0.16061442
v -0.3901577 0.20972954 0.16081366
v -0.38030088 0.08230132 -0.13469809
v -0.38485998 0.05274273 -0.13467795
v -0.37780109 -0.14001735 -0.13417539
v -0.38237935 -0.14826767 -0.13387348
v -0.38826776 -0.03667569 -0.13455582
v -0.38122982 -0.12301941 -0.13437739
v -0.37665766 0.23603812 0.07366651
v -0.38630015 0.07075348 -0.13472405
v -0.39443028 0.23610665 -0.06112135
v -0.37683365 -0.03893064 0.07777954
v -0.39500207 0.13416928 0.14792573
v -0.39994001 0.18866694 0.14834109
v -0.41582242 0.23508556 0.16053142
v -0.41582242 0.23508556 0.16053142
v -0.38127464 0.19547631 -0.15269542
v -0.39057907 -0.01768524 -0.13456601
v -0.38016239 -0.04033395 0.05567539
v -0.39579499 -0.03915678 0.06438661
v -0.38224024 -0.04157726 0.08120751
v -0.39274552 0.19479887 0.14957908
v -0.39307153 0.1989492 0.15934531
v -0.41209602 -0.12290195 -0.13436826
v -0.38410404 -0.0395386 0.08036697
v -0.38410404 -0.0395386 0.08036697
v -0.42259243 0.17164281 0.14802885
v -0.40121737 0.09877375 0.14756969
v -0.39653021 -0.15032625 -0.14235434
v -0.41486531 -0.0540644 0.08099148
v -0.39735308 0.19215122 0.14851187
v -0.40383473 0.09519123 -0.13465157
v -0.40495631 0.09304469 -0.13467695
v -0.40357408 0.09734187 -0.1316009
v -0.42072845 -0.14460012 -0.13391459
v -0.41194364 0.23611552 -0.02285186
v -0.40499073 -0.03941821 0.05920339
v -0.4078576 0.236068 0.06192724
v -0.42106542 -0.05063792 0.0811986
v -0.41430834 0.10288112 0.1476998
v -0.39803988 0.20101173 0.16065773
v -0.39803988 0.20101173 0.16065773
v -0.42048246 0.05035514 -0.13456959
v -0.40495759 0.09615829 -0.13360535
v -0.41872573 -0.14016451 -0.13412385
v -0.4182803 -0.03978984 0.05643734
v -0.40161532 -0.03877298 0.07774964
v -0.41811058 0.22956525 0.16081645
v -0.41467464 0.23603809 -0.14674027
v -0.41760302 -0.04699947 -0.13448483
v -0.40812743 -0.0898925 -0.13445073
v -0.41897029 0.23611572 -0.09609862
v -0.41671151 0.15019229 0.1479744
v -0.3892476 0.13792548 -0.14736247
v -0.41679847 0.13475846 -0.1473588
v -0.41462594 0.15911275 -0.1473681
v -0.41179633 0.01001759 -0.1345688
v -0.41069022 -0.15023087 -0.13427708
v -0.42865944 0.2360954 -0.13262367
v -0.41142669 -0.04015933 0.05553902
v -0.41772589 -0.04152126 0.08119339
v -0.41582143 0.23599467 0.12058915
v -0.4288891 0.19565547 -0.15621041
v -0.41229028 -0.02811266 -0.13452184
v -0.42609516 -0.04045697 0.08100875
v -0.41875726 -0.04572535 0.0813088
v -0.44009054 0.23545857 -0.16033918
v -0.42911807 0.19549455 -0.15285738
v -0.41994506 0.07994691 -0.13456802
v -0.42085192 0.06872129 -0.13463838
v -0.40495759 0.09615829 -0.13360535
v -0.40734845 0.09499855 -0.13466004
v -0.43061167 -0.03951945 0.08033536
v -0.43061167 -0.03951945 0.08033536
v -0.43307948 -0.05555231 0.08067329
v -0.42762548 0.19200063 0.14846326
v -0.44955605 0.09763031 0.1475803
v -0.44187671 0.20085064 0.16043869
v -0.438595 -0.15043479 -0.14465502
v -0.41647482 0.09233573 -0.13458087
v -0.41295165 0.09619119 -0.13352121
v -0.41295165 0.09619119 -0.13352121
v -0.42167065 -0.07421131 -0.13435167
v -0.42075559 -0.14833905 -0.13382389
v -0.43849009 0.23612693 0.01625702
v -0.43978283 0.23609418 0.09038539
v -0.44246769 0.20926712 0.16074653
v -0.39664689 0.04984783 -0.14725181
v -0.38041526 0.03201672 -0.14714807
v -0.4216122 0.01902387 -0.14701688
v -0.43089119 -0.03925519 0.06090254
v -0.43408516 -0.03870768 0.07779969
v -0.44816047 0.23596251 0.14427119
v -0.43534496 0.19480476 0.14959952
v -0.4337858 0.235698 0.15901484
v -0.43240473 0.23338863 0.16092876
v -0.43707538 0.09737599 -0.13121887
v -0.42330065 0.0926775 -0.13447799
v -0.42238891 -0.00372056 -0.13444959
v -0.42413938 -0.12215763 -0.13423553
v -0.44306576 0.23613238 -0.0415468
v -0.44450703 0.13176489 0.14802089
v -0.45949137 0.10266329 0.14790535
v -0.4421224 -0.15026505 -0.13403657
v -0.4437328 0.09971042 0.14777815
v -0.43527704 0.19903609 0.15925314
v -0.43919575 -0.00261509 -0.13407284
v -0.43095359 -0.04526547 -0.13424908
v -0.43461928 -0.09127864 -0.13402687
v -0.44895244 -0.0396328 0.05613001
v -0.45371985 0.23612085 0.06228508
v -0.44313163 -0.05391226 0.08089472
v -0.45253724 0.14656642 0.1480948
v -0.4645052 0.20968345 0.16075674
v -0.49179396 0.23612761 -0.15261506
v -0.44540024 0.09633352 -0.13245855
v -0.44540024 0.09633352 -0.13245855
v -0.44879553 0.07979669 -0.13361138
v -0.4437314 0.02094574 -0.13400692
v -0.44892189 -0.13961951 -0.13353904
v -0.44966295 -0.14828111 -0.13326941
v -0.4274177 0.04627585 -0.14718632
v -0.4473539 0.07359992 -0.14726065
v -0.42069808 0.07432549 -0.14730489
v -0.44955924 0.09275414 -0.1334888
v -0.44766799 0.06341646 -0.1338748
v -0.44340074 -0.07343231 -0.13383615
v -0.4471558 -0.10778214 -0.13367485
v -0.45581108 0.23613343 -0.11885911
v -0.46106568 0.23614097 -0.07203853
v -0.45576823 0.23606543 0.12676385
v -0.46603963 0.17223127 0.14826001
v -0.44885725 -0.02841273 -0.13379931
v -0.45062953 -0.14463668 -0.13325097
v -0.45286298 -0.03919829 0.05947275
v -0.45087108 -0.03959706 0.08008464
v -0.45087108 -0.03959706 0.08008464
v -0.45068523 0.23498157 0.16045623
v -0.45068523 0.23498157 0.16045623
v -0.45248532 0.19643907 -0.15424059
v -0.45082703 -0.03894177 0.06873991
v -0.46303174 -0.04523854 0.0808879
v -0.48105145 0.23603252 0.14983003
v -0.4461557 0.19232674 0.14863583
v -0.46301606 0.2022415 0.16047995
v -0.46094155 0.19708541 -0.1582129
v -0.46331206 0.03169682 -0.13357675
v -0.46402413 -0.06428698 -0.13335152
v -0.46336383 -0.09443319 -0.13325682
v -0.46101013 -0.13124155 -0.13340549
v -0.43490109 0.09706391 -0.12288531
v -0.44868878 0.0971864 -0.12603593
v -0.43831161 0.09716506 -0.12730615
v -0.45393535 -0.03878124 0.07757855
v -0.45594132 0.19918436 0.15914457
v -0.46379641 -0.03440189 -0.13344409
v -0.46068984 -0.04109982 0.08080709
v -0.46639124 -0.05433721 0.08069742
v -0.46279395 0.09767601 -0.13117503
v -0.46215653 0.09643153 -0.13233848
v -0.46215653 0.09643153 -0.13233848
v -0.46743256 0.08082314 -0.13317698
v -0.4638238 0.06333268 -0.13350064
v -0.46795836 -0.1440177 -0.13312796
v -0.46796942 0.23614125 0.00080046
v -0.46018016 -0.0389274 0.0609137
v -0.4652352 -0.04950985 0.08089944
v -0.47585559 0.19287574 0.148702
v -0.49920592 0.23605295 -0.1590746
v -0.46821988 0.09283321 -0.13319038
v -0.4579885 -0.03936074 0.05585575
v -0.46621433 -0.0385079 0.07725038
v -0.46474805 -0.03910837 0.08011989
v -0.46474805 -0.03910837 0.08011989
v -0.46309531 -0.05578029 0.08046655
v -0.47212434 0.0975704 0.14786297
v -0.49449939 0.23592708 0.15904284
v -0.46756908 0.2003804 0.16034117
v -0.48102242 0.23349932 0.16098203
v -0.46333048 0.19664632 -0.1548474
v -0.46147376 -0.15024383 -0.14536124
v -0.45618525 -0.15035854 -0.14359923
v -0.46189719 -0.15048748 -0.14505707
v -0.46741235 -0.1482809 -0.13324989
v -0.47005966 -0.15019757 -0.13398251
v -0.48159266 0.2361365 0.06358016
v -0.47105092 -0.03849579 0.05730451
v -0.46279395 0.09767601 -0.13117503
v -0.47138143 0.09813334 -0.13118666
v -0.47209975 0.09643113 -0.13242827
v -0.47209975 0.09643113 -0.13242827
v -0.47263145 0.06173334 -0.13348727
v -0.47261402 0.03594573 -0.13357826
v -0.47258013 -0.0039971 -0.13337581
v -0.47263977 -0.03058668 -0.1334334
v -0.47261986 -0.05155085 -0.1332759
v -0.47262561 -0.07890022 -0.13325068
v -0.47263148 -0.11109112 -0.1332369
v -0.46581018 0.09697787 -0.10099259
v -0.46428379 0.09696972 -0.08147058
v -0.47207478 0.09687249 -0.09825554
v -0.46961474 0.09696236 -0.06849074
v -0.47238851 0.09682075 -0.08665749
v -0.45970899 -0.05063579 0.05581416
v -0.47058854 -0.05281045 0.05545248
v -0.46234033 -0.04852286 0.05594099
v -0.46127141 -0.05510258 0.05759563
v -0.45620024 -0.05578405 0.05877382
v -0.4698118 -0.05579856 0.05796714
v -0.4726555 -0.03844716 0.05956463
v -0.47219041 -0.04046621 0.08077523
v -0.47500646 -0.05016774 0.08121623
v -0.47271168 -0.05622172 0.08003876
v -0.47690308 0.23615007 0.11034755
v -0.47817442 0.19531912 0.14976464
v -0.47517061 0.18326885 0.14861895
v -0.4781459 0.14273335 0.14827137
v -0.47757289 0.12196793 0.14823335
v -0.47537357 0.09879142 0.14799756
v -0.47160181 0.19927008 0.15921871
v -0.47260502 0.09270174 -0.13302168
v -0.47258359 0.08228549 -0.13298783
v -0.47263506 -0.14452572 -0.13330631
v -0.47274289 -0.14845771 -0.13376465
v -0.48013127 0.23615018 -0.0694726
v -0.4722583 -0.05066888 0.05558047
v -0.47259834 -0.03826079 0.07222442
v -0.47258645 -0.0384381 0.07984331
v -0.47258645 -0.0384381 0.07984331
v -0.47504428 -0.04523062 0.08122793
v -0.47503397 -0.05440377 0.08084346
v -0.49289295 0.23527285 0.16048299
v -0.49289295 0.23527285 0.16048299
v -0.48397747 0.23614836 -0.12371595
v -0.47448102 -0.14977995 -0.13447529
v -0.47520864 -0.15086831 -0.13586275
v -0.47283459 -0.1503929 -0.1358673
v -0.47472203 0.0977454 -0.13113053
v -0.47523791 0.09250537 -0.13180557
v -0.47526062 0.08200887 -0.13178301
v -0.47557729 0.05593651 -0.13220184
v -0.47547454 -0.00106649 -0.13206197
v -0.47555304 -0.03397464 -0.1321194
v -0.47554669 -0.08025337 -0.13201354
v -0.47541606 -0.14425838 -0.13207376
v -0.47523126 -0.14842895 -0.13271236
v -0.47370896 0.09680431 -0.05847285
v -0.47247696 0.09671807 -0.06914219
v -0.47451901 0.09686567 -0.043464
v -0.47278312 -0.03965862 0.05669978
v -0.47499853 -0.03965337 0.05614633
v -0.47443733 -0.03849104 0.05825483
v -0.47544771 -0.03716151 0.05988569
v -0.47544298 -0.03725505 0.08026195
v -0.47544298 -0.03725505 0.08026195
v -0.47516432 -0.03991555 0.08092505
v -0.47533473 -0.05710175 0.08030637
v -0.47554725 0.0968271 0.14721596
v -0.47784162 0.16141537 0.14839101
v -0.49175537 0.20739996 0.16091014
v -0.49889481 0.2356932 -0.16013929
v -0.47703952 -0.15057069 -0.14569551
v -0.47652081 -0.15285824 -0.14334694
v -0.47613496 -0.15762931 -0.14367287
v -0.47640923 -0.15713656 -0.14561485
v -0.47678238 -0.1743515 -0.14600725
v -0.47654629 -0.17779392 -0.14392434
v -0.47666335 -0.19677255 -0.1440742
v -0.47699976 -0.20583364 -0.14615916
v -0.47696564 -0.22644883 -0.1438321
v -0.47739992 -0.23498034 -0.14584941
v -0.47721365 -0.23558573 -0.1432322
v -0.47598898 -0.15088312 -0.1441638
v -0.47520864 -0.15086831 -0.13586275
v -0.47599295 -0.15731832 -0.13768415
v -0.47621849 -0.17144834 -0.13287741
v -0.47589126 -0.15344007 -0.13551678
v -0.47666195 -0.23430736 -0.13274726
v -0.47730166 -0.23620762 -0.13899837
v -0.47523126 -0.14842895 -0.13271236
v -0.47586131 -0.15160115 -0.13156204
v -0.47523126 -0.14842895 -0.13271236
v -0.47633448 -0.21280816 -0.125871
v -0.47535515 0.09626275 -0.12873597
v -0.4759239 0.09257796 -0.12853171
v -0.47523791 0.09250537 -0.13180557
v -0.47472203 0.0977454 -0.13113053
v -0.47590932 0.08271546 -0.12881166
v -0.47526062 0.08200887 -0.13178301
v -0.47638348 0.0584839 -0.12884319
v -0.47557729 0.05593651 -0.13220184
v -0.47625065 0.00769501 -0.12883823
v -0.47547454 -0.00106649 -0.13206197
v -0.47639328 -0.02946472 -0.12883002
v -0.47555304 -0.03397464 -0.1321194
v -0.47639036 -0.07941063 -0.12881513
v -0.47554669 -0.08025337 -0.13201354
v -0.47631007 -0.1177036 -0.12882847
v -0.47541606 -0.14425838 -0.13207376
v -0.47615591 -0.14108706 -0.12878388
v -0.47597665 -0.14845 -0.12859452
v -0.47610524 -0.16707575 -0.11993016
v -0.47638139 -0.23437528 -0.12131615
v -0.47697499 -0.23628378 -0.12608358
v -0.47556049 0.08519702 -0.11250185
v -0.47611907 0.06411298 -0.12411982
v -0.47624695 0.04222111 -0.12454799
v -0.47615662 0.01036075 -0.12482404
v -0.476289 -0.02183059 -0.12455253
v -0.47625053 -0.05625948 -0.12528184
v -0.47626331 -0.08393136 -0.12430419
v -0.47620887 -0.1022839 -0.12476318
v -0.47618869 -0.12898278 -0.12456091
v -0.47506046 0.09622386 -0.11179253
v -0.47622198 0.05098616 -0.11341593
v -0.47457564 0.09701703 -0.11362269
v -0.47550094 0.09305619 -0.11076754
v -0.47590858 0.07026961 -0.11220633
v -0.4762769 -0.01296818 -0.10916333
v -0.47625938 -0.05290172 -0.10933465
v -0.47613552 -0.13609201 -0.10561009
v -0.47612613 -0.16369659 -0.10471047
v -0.47623003 -0.20640633 -0.11177859
v -0.47719139 -0.23633389 -0.10079674
v -0.47625864 0.02040914 -0.10363904
v -0.47618091 -0.11139889 -0.1025327
v -0.47615463 -0.19164014 -0.09782907
v -0.47644019 -0.23427778 -0.08418258
v -0.47565731 0.07950279 -0.09107909
v -0.47623819 -0.07315434 -0.08358057
v -0.4763177 -0.21986559 -0.08524688
v -0.47498396 0.09600425 -0.09552918
v -0.47620967 0.0478733 -0.08335929
v -0.47629991 0.01752575 -0.08518248
v -0.47633392 -0.00699119 -0.08807305
v -0.4762966 -0.0390811 -0.08970705
v -0.47610703 -0.16111386 -0.08176925
v -0.47616303 -0.10112216 -0.07759525
v -0.4760817 -0.18087605 -0.07042728
v -0.47614717 -0.12333821 -0.07320193
v -0.4761301 -0.15059206 -0.0571495
v -0.47516781 0.0928781 -0.05390018
v -0.47627199 -0.04436528 -0.05913083
v -0.47486094 0.09589597 -0.06517626
v -0.47590637 0.06974588 -0.06018084
v -0.47615898 -0.21253355 -0.05909911
v -0.47621375 0.04170725 -0.06574958
v -0.47629777 0.00422143 -0.06727563
v -0.47720379 -0.23647411 -0.06742644
v -0.47601628 -0.20076282 -0.04660037
v -0.47620434 -0.07985819 -0.06218488
v -0.47626176 -0.23047985 -0.04315614
v -0.4764058 -0.01077011 -0.03360533
v -0.47618324 -0.12435155 -0.03429354
v -0.47626445 -0.23433858 -0.04572411
v -0.47611538 0.06129145 -0.0398441
v -0.47633088 0.0246686 -0.04048058
v -0.47482991 0.09615286 -0.05031645
v -0.47522956 0.09273416 -0.03728133
v -0.47632003 0.04525219 -0.02983026
v -0.47621065 -0.09506484 -0.03088119
v -0.47604325 -0.1796073 -0.03443866
v -0.47634891 -0.0376178 -0.03466456
v -0.47625542 -0.07343742 -0.02041293
v -0.47587347 0.07614195 -0.02757197
v -0.47598481 -0.19410791 -0.03121054
v -0.47704658 -0.23650065 0.01347297
v -0.47451901 0.09686567 -0.043464
v -0.47483778 0.09613511 -0.0324953
v -0.47647357 0.00768872 -0.01981221
v -0.4760524 -0.20988308 -0.01780048
v -0.4761796 -0.22448182 -0.00402562
v -0.47636199 -0.05776213 -0.01187644
v -0.4762181 -0.14566225 -0.00668214
v -0.48223233 0.23615013 0.00828771
v -0.47624865 0.06869484 -0.00234329
v -0.47610787 -0.17901012 -0.00656113
v -0.47461197 0.09678235 0.00106896
v -0.47548428 0.09295626 -0.00445129
v -0.47646806 0.02740018 -0.00884805
v -0.47625861 -0.10466954 0.0003328
v -0.47505012 0.09596397 -0.00177636
v -0.47651526 -0.02650971 -7.403E-05
v -0.47657916 -0.00171855 0.00445767
v -0.47607037 -0.20318529 0.00591874
v -0.47623199 -0.23434024 0.01568899
v -0.47641027 0.04788507 0.01678858
v -0.4763996 -0.06180105 0.01188599
v -0.47649637 0.01815582 0.01363071
v -0.4761962 0.07201979 0.02651944
v -0.47615474 -0.17756017 0.0166027
v -0.47612578 -0.21654594 0.02794395
v -0.47659856 -0.02472898 0.03131494
v -0.47623625 -0.09001932 0.02620553
v -0.47624946 -0.12915732 0.01504055
v -0.47619784 -0.1592789 0.02264888
v -0.47607815 -0.19622523 0.02798247
v -0.4750008 0.09592174 0.04345272
v -0.47542846 0.09257858 0.04513047
v -0.47654888 0.00119089 0.03167301
v -0.4763993 -0.0598731 0.02600582
v -0.47619605 -0.12912548 0.03390112
v -0.47631398 -0.23021714 0.06179852
v -0.47458139 0.09688242 0.02916273
v -0.47632527 0.05428266 0.04252978
v -0.47641087 0.02066987 0.04632952
v -0.47627133 -0.0604547 0.03824412
v -0.47681701 -0.23655187 0.05437109
v -0.47704658 -0.23650065 0.01347297
v -0.47681701 -0.23655187 0.05437109
v -0.47793999 -0.23678072 0.03547559
v -0.47644484 -0.0353649 0.03898763
v -0.47626552 -0.23438275 0.04882589
v -0.47610128 0.07158118 0.05764239
v -0.47616565 -0.16096151 0.04698574
v -0.47611195 -0.18521577 0.04419096
v -0.47613513 -0.20852576 0.05908501
v -0.47608435 -0.0562126 0.0497509
v -0.4761681 -0.08159328 0.05894234
v -0.47619146 -0.10195214 0.05765257
v -0.47455886 0.09676906 0.05525208
v -0.4762013 -0.03777608 0.0493373
v -0.47619182 -0.13503122 0.06339993
v -0.47637242 0.03372354 0.06092838
v -0.47652432 -0.02719426 0.05582093
v -0.47618341 -0.06039301 0.05973063
v -0.47764915 -0.23692818 0.06971831
v -0.47631967 0.05368638 0.06842187
v -0.47634184 -0.0336234 0.05297008
v -0.475795 -0.04008955 0.05325202
v -0.47558874 -0.04984162 0.05347505
v -0.47579971 -0.05472935 0.05383388
v -0.47638908 -0.00908948 0.07185598
v -0.47580451 -0.03699812 0.0562069
v -0.47499853 -0.03965337 0.05614633
v -0.47490278 -0.04451198 0.05537928
v -0.47485146 -0.05009579 0.05536606
v -0.47513086 -0.05440658 0.05626184
v -0.47616148 -0.1763854 0.0867326
v -0.47610027 -0.19412634 0.08680459
v -0.47506225 0.09613822 0.07590477
v -0.47637057 0.01591969 0.07979062
v -0.47642273 -0.03367518 0.05995702
v -0.47544771 -0.03716151 0.05988569
v -0.47513086 -0.05440658 0.05626184
v -0.47458494 -0.05568698 0.05894546
v -0.47544119 -0.05705518 0.0603727
v -0.47544119 -0.05705518 0.0603727
v -0.47460663 0.09694242 0.07505778
v -0.47550118 0.09286083 0.08414351
v -0.47646204 -0.03408141 0.0702608
v -0.47594747 -0.06496977 0.08561231
v -0.47627783 -0.23433144 0.08960819
v -0.47614327 0.07194016 0.07961095
v -0.47532976 -0.05769112 0.07582149
v -0.47593564 -0.06079805 0.08275351
v -0.47631899 0.04539735 0.09406133
v -0.47629952 -0.03396715 0.08009934
v -0.47544298 -0.03725505 0.08026195
v -0.47614762 -0.08069823 0.09581126
v -0.47635326 -0.02674435 0.08994108
v -0.47533473 -0.05710175 0.08030637
v -0.47622398 -0.11047246 0.0930687
v -0.47617245 0.06024118 0.10910371
v -0.47605669 -0.0371436 0.08324788
v -0.47516432 -0.03991555 0.08092505
v -0.47504428 -0.04523062 0.08122793
v -0.47575781 -0.05580494 0.08283628
v -0.47500646 -0.05016774 0.08121623
v -0.47503397 -0.05440377 0.08084346
v -0.47625718 -0.23009375 0.11025289
v -0.47664618 -0.23657675 0.09881876
v -0.47664618 -0.23657675 0.09881876
v -0.4759154 -0.05290581 0.08617748
v -0.47584105 -0.05560393 0.09080052
v -0.47619605 -0.14004645 0.09892183
v -0.47631019 0.00943615 0.10151388
v -0.4761641 -0.06679251 0.10434103
v -0.47613421 -0.21088517 0.10662878
v -0.47465548 0.09686865 0.12829921
v -0.47552046 0.09272016 0.13477358
v -0.47747844 -0.23695222 0.11035174
v -0.47630462 -0.03075556 0.10567669
v -0.47620699 -0.04683889 0.10359497
v -0.47512978 0.09607551 0.13063961
v -0.47564831 0.082334 0.13182968
v -0.47629392 0.02378212 0.12063083
v -0.47629458 -0.01281268 0.12131904
v -0.47621709 -0.1522544 0.11275867
v -0.47623849 -0.083593 0.11407121
v -0.4761664 -0.23440203 0.1318866
v -0.47587118 0.07107145 0.14364985
v -0.47628289 0.03934788 0.1381297
v -0.47608143 -0.19637349 0.12302323
v -0.4762485 -0.05349109 0.12742043
v -0.47620028 -0.10617729 0.12730005
v -0.47617671 -0.14218193 0.12766813
v -0.47616103 -0.17291918 0.12559786
v -0.4759489 -0.22282091 0.14381261
v -0.47643074 -0.23668638 0.14640468
v -0.47643074 -0.23668638 0.14640468
v -0.4761391 -0.22923085 0.1296391
v -0.4773396 -0.23715732 0.14794806
v -0.4761939 0.05161035 0.14435267
v -0.47598183 -0.17439444 0.14742903
v -0.4761456 -0.09546512 0.13883433
v -0.47578773 -0.21751808 0.14735286
v -0.47469422 0.09760453 0.14239852
v -0.47515967 0.09663626 0.1440644
v -0.47560501 0.09312791 0.14322057
v -0.47622189 -0.01264111 0.14416477
v -0.47623867 -0.23407665 0.14711875
v -0.47558096 0.08522085 0.14410348
v -0.4760457 -0.06529999 0.14734979
v -0.47602004 -0.11523967 0.14739509
v -0.47554725 0.0968271 0.14721596
v -0.47588679 0.09349205 0.14714156
v -0.47625691 0.05968161 0.14722751
v -0.47625452 -0.01586508 0.14724664
v -0.47804841 0.0984502 0.14822625
v -0.47636315 0.09604637 0.14780769
v -0.47636315 0.09604637 0.14780769
v -0.47797409 0.08266364 0.1481636
v -0.47692817 0.04269201 0.1482594
v -0.47692817 0.04269201 0.1482594
v -0.47824091 0.04057502 0.14858766
v -0.47678253 -0.03079368 0.14829297
v -0.47678253 -0.03079368 0.14829297
v -0.47810841 -0.03398763 0.14860654
v -0.47822806 -0.08559239 0.14905712
v -0.47660789 -0.08390501 0.14865102
v -0.47660789 -0.08390501 0.14865102
v -0.47831434 -0.11569034 0.14901797
v -0.47656143 -0.12813294 0.14863533
v -0.47656143 -0.12813294 0.14863533
v -0.47809368 -0.14562242 0.14904767
v -0.47627798 -0.19319154 0.1484798
v -0.47627798 -0.19319154 0.1484798
v -0.47788104 -0.19639188 0.14883938
v -0.47637978 -0.23054902 0.14825954
v -0.47775048 -0.22468989 0.14860499
v -0.47637978 -0.23054902 0.14825954
v -0.47856745 -0.23666552 0.14845909
v -0.4773396 -0.23715732 0.14794806
v -0.4773396 -0.23715732 0.14794806
v -0.49219087 0.20085125 0.160677
v -0.46756908 0.2003804 0.16034117
v -0.49216348 0.23607682 0.1410391
v -0.4878737 0.19366428 0.14952613
v -0.48806053 0.18984637 0.14916708
v -0.49151817 0.17654674 0.149269
v -0.47975087 0.1613242 0.1485326
v -0.48662788 0.13063842 0.14881724
v -0.48173401 0.09144749 0.14839453
v -0.48274902 0.07087685 0.14848018
v -0.48248711 0.03645261 0.14872774
v -0.4825449 -0.03818365 0.14872587
v -0.49219087 0.20085125 0.160677
v -0.48936692 0.19921753 0.16007046
v -0.47586113 0.20129436 -0.15990509
v -0.48333511 0.19911006 -0.1590744
v -0.48924291 0.19966131 -0.15986332
v -0.47860694 -0.23643516 -0.13903615
v -0.4875468 -0.23667473 -0.07907329
v -0.4873167 -0.23658302 -0.13878824
v -0.47720379 -0.23647411 -0.06742644
v -0.49112624 0.23612313 -0.03902271
v -0.48789591 0.1957638 0.15034138
v -0.49146223 0.16394623 0.14911059
v -0.49060795 0.10674527 0.14872926
v -0.49133199 0.0823911 0.14846241
v -0.49143139 0.0408899 0.14875777
v -0.49132597 0.00097276 0.14872383
v -0.49125963 -0.04738965 0.14880373
v -0.49058175 -0.07909779 0.14913782
v -0.49063608 -0.11425457 0.14910685
v -0.49062082 -0.14311904 0.14917424
v -0.4911806 -0.18003874 0.1490557
v -0.49131343 -0.21104027 0.14874838
v -0.48971668 -0.2367188 0.14860038
v -0.49101812 -0.23731126 0.14821905
v -0.49104956 0.2334906 0.16097431
v -0.4899216 0.1678271 -0.1470107
v -0.49051121 0.17024435 -0.14666194
v -0.48831758 0.16989669 -0.14706381
v -0.4858726 0.12504721 -0.14706205
v -0.48796988 0.09772468 -0.14707379
v -0.48662519 0.07136016 -0.14690429
v -0.48994195 0.07726589 -0.14692207
v -0.48771888 0.02003441 -0.14670515
v -0.48984742 0.02242101 -0.14674541
v -0.49037832 -0.2010411 -0.14659476
v -0.48686466 -0.23413759 -0.14660667
v -0.49028689 -0.23621587 -0.14674093
v -0.48870769 -0.2366295 -0.14626141
v -0.48475057 -0.23651831 -0.1431956
v -0.49076495 -0.23688264 -0.14584258
v -0.48870769 -0.2366295 -0.14626141
v -0.49142721 0.19637361 0.150095
v -0.49068034 0.19362442 0.14916612
v -0.49065021 0.14388278 0.14891618
v -0.49130869 -0.2293746 0.14882725
v -0.49627703 0.23621128 -0.15326062
v -0.49050006 0.19034387 -0.146531
v -0.49126154 0.18934228 -0.14604589
v -0.49136126 0.19104289 -0.1445491
v -0.49603355 0.23615153 -0.09746291
v -0.4909687 0.12065956 -0.07528773
v -0.49092481 0.12267563 -0.09985124
v -0.49099505 0.0895339 -0.0679301
v -0.49102694 0.10114487 -0.04560282
v -0.49098694 0.07492478 -0.08092146
v -0.49109393 0.07687541 -0.03000725
v -0.49611974 0.23616494 0.03740988
v -0.49114606 0.073736 -0.00301323
v -0.49107939 0.13308895 0.01245277
v -0.49108654 0.10018472 0.00723383
v -0.49109089 0.11279985 0.0392165
v -0.49623197 0.23614511 0.14756791
v -0.491947 0.19218281 0.13643284
v -0.49193844 0.19202045 0.14887051
v -0.49179703 0.19448207 0.14760672
v -0.49193844 0.19202045 0.14887051
v -0.4912439 0.10423165 0.14858097
v -0.49147451 0.01076706 0.14868109
v -0.49114314 -0.14388253 0.14906275
v -0.49626371 0.23363478 0.16102225
v -0.49890795 0.20402995 0.16110493
v -0.49872294 0.20057906 0.16084188
v -0.49872294 0.20057906 0.16084188
v -0.49879688 0.1995852 0.16018692
v -0.49925733 0.23601724 -0.1176393
v -0.49923599 0.23604326 -0.01561594
v -0.49923903 0.23597835 0.06800552
v -0.49923289 0.23599032 0.15853852
v -0.49881244 0.23559512 0.16057892
v -0.49881244 0.23559512 0.16057892
v -0.49910358 0.23341976 0.16089478
v 0.49943253 0.23569825 -0.16081735
v 0.49953622 0.2341283 -0.16080768
v 0.49598062 0.23362668 -0.16097373
v 0.49908113 0.21028768 -0.16093679
v 0.49624264 0.19786103 -0.15888095
v 0.49860966 0.19884835 -0.16038887
v 0.49885565 0.19814377 -0.15171126
v 0.49555135 0.19700532 -0.14947793
v 0.49570394 0.19725049 -0.14038332
v 0.49881881 0.19852492 -0.12686138
v 0.49494156 0.1969628 -0.12147727
v 0.49875581 0.1985091 -0.09144532
v 0.49479142 0.19684128 -0.08252861
v 0.49497226 0.19708043 -0.05050428
v 0.49881372 0.19869108 -0.02965767
v 0.49481875 0.19692473 -0.00247885
v 0.49883801 0.19873238 0.04028375
v 0.49490571 0.19700852 0.03861212
v 0.49882287 0.19855079 0.08728591
v 0.49472138 0.19674337 0.08608289
v 0.4988474 0.19825509 0.13174753
v 0.49491593 0.19656727 0.13114165
v 0.49894112 0.19826031 0.1434633
v 0.49168444 0.1957694 0.14730556
v 0.49889022 0.19804335 0.15120284
v 0.49880856 0.1983885 0.15835853
v 0.49592894 0.19787161 0.15876037
v 0.49845752 0.19867112 0.16035616
v 0.48853558 0.23338589 -0.16084032
v 0.49192151 0.22999215 -0.16080177
v 0.49191502 0.20765175 -0.16061309
v 0.49895027 0.20063031 -0.16072287
v 0.49260923 0.19884475 -0.16021307
v 0.49860966 0.19884835 -0.16038887
v 0.49260923 0.19884475 -0.16021307
v 0.49147668 0.1964056 -0.1498953
v 0.49175832 0.19711672 -0.15486683
v 0.49087429 0.19562857 -0.14678745
v 0.49139705 0.19585292 -0.14373055
v 0.49099544 0.19546968 -0.12813622
v 0.49093667 0.1955741 -0.11340207
v 0.49100703 0.19558078 -0.08140443
v 0.49104503 0.19592991 -0.04240597
v 0.49085671 0.19574119 0.00589479
v 0.49091694 0.19583355 0.0373835
v 0.4907974 0.19560027 0.07184124
v 0.49077952 0.1952887 0.11597588
v 0.49124718 0.19527477 0.13218981
v 0.49123695 0.1958299 0.14991423
v 0.49185473 0.19699326 0.15453702
v 0.48388276 0.23538141 -0.16065377
v 0.48337543 0.19981603 -0.16008914
v 0.48775148 0.1978489 -0.15897082
v 0.48775148 0.1978489 -0.15897082
v 0.48775089 0.19660003 -0.15460677
v 0.48838076 0.19471863 -0.14702998
v 0.49087429 0.19562857 -0.14678745
v 0.48961103 0.19334517 -0.14625345
v 0.48971042 0.18769963 -0.14646527
v 0.48680705 0.19272779 -0.14728872
v 0.48755735 0.18117176 -0.14709996
v 0.48962685 0.16525854 -0.14662075
v 0.48762986 0.13765654 -0.1468406
v 0.48951823 0.10521454 -0.146396
v 0.48744193 0.07943515 -0.14685571
v 0.48951635 0.03600788 -0.14641663
v 0.48740739 0.03770471 -0.14691488
v 0.48740768 -0.02019395 -0.14687222
v 0.48955238 -0.06634466 -0.1463165
v 0.48772186 -0.0840975 -0.14660795
v 0.4896152 -0.15674613 -0.1461964
v 0.48756301 -0.13327397 -0.14653255
v 0.48769826 -0.16345701 -0.14638422
v 0.48932558 -0.16559125 -0.14567596
v 0.48932558 -0.16559125 -0.14567596
v 0.48970342 -0.16596426 -0.14004014
v 0.48770753 -0.16617282 -0.14034608
v 0.48770753 -0.16617282 -0.14034608
v 0.48970342 -0.16596426 -0.14004014
v 0.48961875 -0.16908707 -0.13906004
v 0.48765478 -0.16842924 -0.13925834
v 0.48723954 -0.23880103 -0.1346733
v 0.48899147 -0.23864982 -0.13571224
v 0.48742089 -0.23871532 -0.07569848
v 0.48910993 -0.23844741 -0.05230723
v 0.48750752 -0.23845972 -0.04711167
v 0.48744133 -0.23842627 0.00238497
v 0.4891119 -0.23833951 0.04999452
v 0.48754826 -0.23838392 0.0543545
v 0.48743266 -0.23816009 0.09757093
v 0.48909637 -0.23819609 0.1162066
v 0.48938769 -0.23840472 0.13836324
v 0.48950484 -0.23817331 0.14673363
v 0.48678225 -0.23846214 0.14568971
v 0.4880397 0.19519125 0.15005389
v 0.48777619 0.19755545 0.15857874
v 0.48750371 0.19850487 0.16016005
v 0.48408175 0.19823135 -0.15911855
v 0.48362282 0.19504768 -0.14911589
v 0.48131379 0.18106109 -0.14721167
v 0.48163849 -0.03642824 -0.14701375
v 0.47863483 -0.165389 -0.14609347
v 0.47863483 -0.165389 -0.14609347
v 0.48301172 -0.16588165 -0.14006878
v 0.48301172 -0.16588165 -0.14006878
v 0.48253629 -0.17272116 -0.13800128
v 0.48974651 -0.17995192 -0.13749458
v 0.47737339 -0.17377405 -0.13765261
v 0.47702911 -0.18109439 -0.13698822
v 0.48974523 -0.18814871 -0.13699983
v 0.47691792 -0.19106221 -0.13661984
v 0.4896619 -0.20188408 -0.13684271
v 0.48266941 -0.22193062 -0.13660188
v 0.48965549 -0.23061422 -0.1368773
v 0.48297113 -0.23701462 -0.13612029
v 0.48950511 -0.23722628 -0.13633978
v 0.48899147 -0.23864982 -0.13571224
v 0.48328444 -0.23860437 -0.12563813
v 0.48362687 -0.23851691 -0.07568195
v 0.48370352 -0.2382382 -0.04558159
v 0.48402056 -0.23818205 0.01801344
v 0.48365584 -0.23809835 0.06015988
v 0.48380011 -0.23798053 0.10913386
v 0.48306009 -0.2380691 0.14140627
v 0.4815945 0.19454755 0.14970976
v 0.48195893 0.19636051 0.15501277
v 0.48223326 0.19783187 0.1588717
v 0.47012874 0.2028898 -0.16025175
v 0.47872776 0.1995502 -0.15980986
v 0.48286283 0.19675991 -0.15820679
v 0.48005849 0.19382173 -0.14725214
v 0.48005849 0.19382173 -0.14725214
v 0.47131422 0.18920757 -0.14751731
v 0.47929981 0.14533184 -0.14703852
v 0.48032457 0.08725925 -0.14704159
v 0.48000646 0.03516533 -0.14707853
v 0.47971654 -0.08956601 -0.14677033
v 0.47873372 -0.13338767 -0.14676695
v 0.47959834 -0.15754956 -0.14655469
v 0.47804898 -0.16588306 -0.13951187
v 0.47804898 -0.16588306 -0.13951187
v 0.47704947 -0.21553092 -0.13655864
v 0.47757882 -0.23648719 -0.13616078
v 0.47657391 -0.23842144 -0.13540746
v 0.47657391 -0.23842144 -0.13540746
v 0.47608721 -0.23843646 -0.12926488
v 0.47897452 -0.23843099 -0.07349008
v 0.47620973 -0.23808499 -0.04470825
v 0.4763298 -0.2380964 -0.00436569
v 0.47664434 -0.23795496 0.0345871
v 0.47637594 -0.23791528 0.07203998
v 0.47655538 -0.23786288 0.10444142
v 0.47903681 -0.23805746 0.13244045
v 0.47861034 0.19926023 0.16015704
v 0.46751183 0.19640066 -0.15879539
v 0.47023994 0.19468741 -0.14906308
v 0.47308114 0.10381313 -0.14708886
v 0.47021097 -0.01364444 -0.14702873
v 0.46258512 -0.08056181 -0.14685711
v 0.47497806 -0.18625106 -0.13633324
v 0.47517264 -0.22437088 -0.13603748
v 0.47581851 -0.23714077 -0.13543922
v 0.47804898 -0.16588306 -0.13951187
v 0.47538775 -0.16592579 -0.13641046
v 0.47447699 -0.23827575 -0.12640803
v 0.47422522 -0.23818792 -0.06933498
v 0.47611761 -0.23793522 0.13102919
v 0.47217241 -0.23783948 0.13221061
v 0.46983296 -0.23805372 0.14482468
v 0.44357273 0.23528293 -0.16069694
v 0.46855617 0.19888526 -0.15968516
v 0.46751183 0.19640066 -0.15879539
v 0.47023994 0.19468741 -0.14906308
v 0.458698 0.17935419 -0.14731583
v 0.46418795 0.14837739 -0.14715184
v 0.46567559 0.05067795 -0.14711788
v 0.46247408 -0.16337185 -0.1464843
v 0.47238627 -0.1655 -0.14402992
v 0.47538775 -0.16592579 -0.13641046
v 0.47283471 -0.16546378 -0.13620517
v 0.4748466 -0.17615117 -0.13584001
v 0.47497806 -0.18625106 -0.13633324
v 0.47452921 -0.19656178 -0.1348951
v 0.47517264 -0.22437088 -0.13603748
v 0.47496527 -0.23285665 -0.13486052
v 0.47581851 -0.23714077 -0.13543922
v 0.47454113 -0.16570324 -0.13182814
v 0.47474033 -0.16812482 -0.13204046
v 0.47454113 -0.16570324 -0.13182814
v 0.47462869 -0.17479029 -0.13252413
v 0.47460964 -0.22075072 -0.13264692
v 0.47477826 -0.2372065 -0.13220645
v 0.47657391 -0.23842144 -0.13540746
v 0.47456038 -0.17640805 -0.12766773
v 0.47462878 -0.23725975 -0.12873335
v 0.47477826 -0.2372065 -0.13220645
v 0.47256643 -0.16514038 -0.12604959
v 0.47431529 -0.19370499 -0.11860977
v 0.47447699 -0.23827575 -0.12640803
v 0.47419584 -0.17209141 -0.11136506
v 0.4742665 -0.16579777 -0.11051048
v 0.47420916 -0.2113139 -0.10845328
v 0.47243345 -0.16520245 -0.09545188
v 0.4742665 -0.16579777 -0.11051048
v 0.47413808 -0.19193986 -0.09615163
v 0.47414583 -0.17258254 -0.0825566
v 0.47411987 -0.20482437 -0.08052056
v 0.47435123 -0.16599099 -0.06366853
v 0.47435123 -0.16599099 -0.06366853
v 0.47251427 -0.16533327 -0.06418118
v 0.4743517 -0.17372212 -0.05102738
v 0.47421274 -0.19872297 -0.06194393
v 0.47442767 -0.16811304 -0.05335645
v 0.47400153 -0.22589311 -0.07814729
v 0.47430465 -0.20210025 -0.03820606
v 0.47466335 -0.23769189 -0.04162043
v 0.47394398 -0.23730469 -0.06933425
v 0.47422522 -0.23818792 -0.06933498
v 0.47466335 -0.23769189 -0.04162043
v 0.47401038 -0.23687331 -0.04189787
v 0.47238836 -0.16542238 -0.02392907
v 0.47434679 -0.16616276 -0.02187792
v 0.47434679 -0.16616276 -0.02187792
v 0.4743728 -0.18785888 -0.01497645
v 0.47431168 -0.17314249 -0.01697755
v 0.47436124 -0.18081427 0.00606938
v 0.47429639 -0.20550567 -0.0040553
v 0.47499627 -0.23748176 0.03337903
v 0.47499627 -0.23748176 0.03337903
v 0.47432464 -0.19963232 0.02335562
v 0.47433597 -0.16609854 0.00798347
v 0.47433597 -0.16609854 0.00798347
v 0.47408828 -0.23668289 0.03212354
v 0.47428462 -0.17327833 0.04599251
v 0.47252792 -0.16549857 0.04214964
v 0.47420138 -0.22906107 0.02867767
v 0.47431883 -0.16615975 0.05943258
v 0.47425905 -0.20493147 0.04227632
v 0.47431883 -0.16615975 0.05943258
v 0.47433043 -0.18408158 0.04499203
v 0.47411999 -0.22861409 0.04706996
v 0.47408196 -0.20815149 0.06331591
v 0.47410071 -0.18561327 0.07976733
v 0.47483167 -0.23760468 0.06752876
v 0.47382066 -0.23683199 0.07783994
v 0.47382066 -0.23683199 0.07783994
v 0.47413406 -0.16613695 0.0984524
v 0.47413406 -0.16613695 0.0984524
v 0.47241068 -0.16560639 0.11231999
v 0.47398093 -0.17306563 0.09755122
v 0.47391126 -0.20515279 0.09140499
v 0.47514832 -0.23744456 0.11034363
v 0.47387224 -0.18765584 0.11206757
v 0.4737564 -0.17419881 0.11418636
v 0.47386789 -0.23658812 0.12425757
v 0.47399938 -0.16628657 0.11844432
v 0.47399938 -0.16628657 0.11844432
v 0.47261322 -0.16588914 0.12001242
v 0.47261322 -0.16588914 0.12001242
v 0.47377643 -0.16844434 0.12124901
v 0.47357255 -0.17527381 0.11994781
v 0.47508571 -0.23747678 0.12392931
v 0.47228235 -0.16856208 0.12777193
v 0.47404215 -0.16635293 0.12681249
v 0.47384229 -0.17044444 0.12663017
v 0.47220141 -0.17325379 0.12765475
v 0.47231531 -0.20447007 0.12768334
v 0.47392666 -0.20603755 0.12674145
v 0.47393909 -0.21159437 0.12676392
v 0.47260594 -0.2128845 0.12760216
v 0.47231531 -0.20447007 0.12768334
v 0.47279221 -0.23649338 0.12806551
v 0.46875995 -0.2378567 0.14024028
v 0.44706765 0.22998175 -0.16063218
v 0.44914141 0.20382039 -0.16022596
v 0.44493043 0.00795036 -0.14705896
v 0.45474464 -0.14573297 -0.14665243
v 0.46846014 -0.16506839 -0.11937878
v 0.474051 -0.22713621 -0.10569073
v 0.47388488 -0.23725921 -0.1037785
v 0.46841243 -0.16503032 -0.08297196
v 0.47373393 -0.23438978 -0.07437804
v 0.46850061 -0.16506937 -0.03284541
v 0.46854389 -0.16512914 0.02584799
v 0.47399005 -0.23443967 0.03258542
v 0.46857396 -0.16524057 0.05501028
v 0.47360304 -0.23428294 0.07649586
v 0.47377053 -0.22797848 0.07943413
v 0.4685559 -0.16521293 0.07825919
v 0.46851051 -0.1653022 0.11646312
v 0.47374961 -0.22239569 0.11020079
v 0.4737601 -0.23401473 0.11168754
v 0.47386789 -0.23658812 0.12425757
v 0.47366571 -0.19715022 0.11927947
v 0.47363788 -0.2330898 0.11914929
v 0.47264987 -0.16586515 0.12472139
v 0.4687323 -0.16505468 0.1243533
v 0.47373751 -0.18607067 0.12427202
v 0.47368702 -0.2232424 0.12427826
v 0.4738332 -0.23436281 0.12432691
v 0.47404215 -0.16635293 0.12681249
v 0.46849087 -0.16573325 0.12775217
v 0.46858612 -0.16862275 0.12868202
v 0.46849087 -0.16573325 0.12775217
v 0.46849379 -0.17397511 0.12861834
v 0.468476 -0.20764136 0.12861404
v 0.47221571 -0.21936215 0.12767926
v 0.47221571 -0.21936215 0.12767926
v 0.46848592 -0.23394664 0.12864372
v 0.47233784 -0.23435839 0.12773557
v 0.47233784 -0.23435839 0.12773557
v 0.47279221 -0.23649338 0.12806551
v 0.47279221 -0.23649338 0.12806551
v 0.46812144 -0.23667721 0.1288964
v 0.46812144 -0.23667721 0.1288964
v 0.46740437 0.19603829 0.15441932
v 0.46204108 0.10603333 -0.14712663
v 0.4504782 0.07707193 -0.14711052
v 0.46319556 -0.12377249 -0.14679316
v 0.45827797 -0.16525555 -0.14000934
v 0.45875496 -0.16507325 -0.08903627
v 0.46001843 -0.16514158 0.00742724
v 0.456141 -0.16526133 0.07599613
v 0.46207732 -0.17902502 0.12848881
v 0.46007562 -0.19741429 0.12851973
v 0.4572418 -0.22557105 0.12842107
v 0.46392033 -0.23423491 0.12851432
v 0.46322894 -0.23763222 0.13075607
v 0.45168236 0.19474226 -0.14944448
v 0.45168236 0.19474226 -0.14944448
v 0.44425991 -0.02645195 -0.14700639
v 0.45270076 -0.1651108 -0.11848964
v 0.45628554 -0.16508619 -0.05304388
v 0.45212901 -0.16522691 0.03947482
v 0.45178318 -0.16543461 0.12442354
v 0.45297197 -0.23433113 0.12856559
v 0.43338832 -0.23770358 0.13561273
v 0.431281 0.15775636 -0.14711624
v 0.44433495 0.12980673 -0.14709625
v 0.43700472 0.03719184 -0.14710253
v 0.44369805 -0.06134928 -0.14689103
v 0.44314849 -0.08266893 -0.14677268
v 0.45091802 -0.12669805 -0.14673588
v 0.43045691 -0.16518158 -0.13917662
v 0.44812956 -0.16511138 -0.01534996
v 0.45158508 -0.16588901 0.12737119
v 0.45158508 -0.16588901 0.12737119
v 0.44872913 -0.16859299 0.12798138
v 0.4489572 -0.17232515 0.12799107
v 0.44905791 -0.23687732 0.12915213
v 0.44905791 -0.23687732 0.12915213
v 0.41300413 -0.23778835 0.14452171
v 0.41651034 0.23363423 -0.16077989
v 0.42165315 -0.03976594 -0.14699882
v 0.40918779 -0.16483113 -0.14583436
v 0.43787655 -0.16531558 -0.1440348
v 0.40918779 -0.16483113 -0.14583436
v 0.44646499 -0.16508922 -0.07971131
v 0.44191822 -0.18593514 0.12815742
v 0.43946564 -0.22676188 0.12812304
v 0.43730822 0.19891129 -0.15988381
v 0.43617317 0.19568804 -0.15900248
v 0.43617317 0.19568804 -0.15900248
v 0.43716341 0.19175585 -0.14756972
v 0.4291842 0.18561944 -0.14732657
v 0.43202782 -0.1633555 -0.14634402
v 0.43510896 -0.1650362 -0.08994229
v 0.42061067 -0.16496539 -0.04603051
v 0.42590147 -0.16506857 0.01953067
v 0.43594968 -0.16517469 0.05122577
v 0.4117409 -0.16507497 0.07347457
v 0.43439242 -0.16526435 0.09401394
v 0.44583505 -0.20504853 0.12820326
v 0.43828914 -0.10501621 -0.14670116
v 0.42448866 -0.1650061 -0.12020366
v 0.42481449 0.10772823 -0.14709558
v 0.42479542 0.06421714 -0.14712059
v 0.42123094 -0.12648799 -0.14662035
v 0.42457214 -0.16531694 0.11384246
v 0.40864319 -0.16525722 0.12448724
v 0.42397425 -0.16582209 0.12727046
v 0.42397425 -0.16582209 0.12727046
v 0.41664904 -0.20431846 0.12775676
v 0.41887632 -0.23421043 0.12789692
v 0.43057427 0.19447523 -0.14985965
v 0.43057427 0.19447523 -0.14985965
v 0.42790288 0.19043891 -0.14716868
v 0.41742566 -0.00931549 -0.14704368
v 0.41723478 -0.15065649 -0.14647469
v 0.41652718 -0.18899217 0.12784101
v 0.41864297 -0.21630053 0.12783276
v 0.39825857 -0.23755614 0.14006928
v 0.43071878 0.19220461 -0.14787537
v 0.41365352 0.14064842 -0.14705957
v 0.41525915 -0.07014373 -0.14683445
v 0.41007113 -0.09083368 -0.14672697
v 0.39467767 -0.16501302 -0.13938065
v 0.41503578 -0.16497782 -0.00165499
v 0.42478117 -0.23743501 0.13000758
v 0.40387142 0.03943349 -0.14715958
v 0.40983266 0.02166867 -0.14711201
v 0.41595063 -0.16844881 0.12767003
v 0.42680147 0.19273409 0.14887042
v 0.41496864 0.19255498 -0.14828365
v 0.4023602 -0.16487809 -0.10114506
v 0.41564149 -0.23678197 0.12874265
v 0.41564149 -0.23678197 0.12874265
v 0.41677937 0.19533747 0.15442488
v 0.39694345 0.20329288 -0.16010849
v 0.40403509 0.19444923 -0.15037255
v 0.41496864 0.19255498 -0.14828365
v 0.40276104 0.17566514 -0.14712909
v 0.39675346 -0.16510887 -0.1439252
v 0.39955759 -0.164891 -0.06526543
v 0.3894822 0.19540794 -0.1589292
v 0.3894822 0.19540794 -0.1589292
v 0.38620061 0.19091131 -0.14697914
v 0.41618726 0.19296223 0.14902578
v 0.39345396 0.15860644 -0.14707041
v 0.38571313 -0.13795176 -0.14655825
v 0.40215147 -0.16492769 -0.12065616
v 0.38570645 0.21977219 -0.16038448
v 0.3918668 0.11768128 -0.14707544
v 0.39500451 0.08233309 -0.14709121
v 0.37909707 0.06672207 -0.14712355
v 0.38336968 -0.05585891 -0.14694981
v 0.37442064 -0.16322315 -0.14627424
v 0.39022878 -0.16497034 0.04986129
v 0.39678136 -0.16516538 0.10715686
v 0.38579237 -0.18191868 0.12776724
v 0.37768209 -0.194126 0.12780717
v 0.38567746 0.18583782 -0.14725111
v 0.38011691 -0.02357947 -0.14704412
v 0.38412669 -0.1657407 0.12718835
v 0.38412669 -0.1657407 0.12718835
v 0.37378952 -0.17373244 0.12766653
v 0.38104221 -0.23433597 0.12781285
v 0.38962552 -0.23735011 0.13000426
v 0.38779086 -0.23755503 0.13546732
v 0.36805692 0.19037703 -0.14711453
v 0.37264252 0.09914829 -0.14707343
v 0.38449115 -0.11192714 -0.14669177
v 0.38236362 -0.16502282 0.08482654
v 0.38214049 -0.16859247 0.12765698
v 0.38155425 -0.22981551 0.12776724
v 0.400242 0.19303764 0.14918241
v 0.37218708 0.23527558 -0.16068569
v 0.36043656 0.02377599 -0.14714925
v 0.38230407 0.00057797 -0.14709754
v 0.3555696 -0.08388305 -0.1467731
v 0.3786822 -0.21532317 0.12777731
v 0.39320758 0.19282106 0.14898956
v 0.37946469 0.1928554 -0.14807743
v 0.37946469 0.1928554 -0.14807743
v 0.38248286 -0.16489613 -0.11263286
v 0.37936562 -0.16489048 -0.08565996
v 0.39278859 0.19519691 0.15386978
v 0.36916533 0.1988883 -0.15975218
v 0.36610407 0.14096634 -0.14706427
v 0.36874056 -0.16491887 -0.04356398
v 0.37856627 -0.23680015 0.12860075
v 0.37856627 -0.23680015 0.12860075
v 0.37866339 0.19261353 0.14877658
v 0.3758156 0.19451457 -0.15021907
v 0.36540395 0.16966678 -0.14713235
v 0.36370212 0.04830529 -0.14716595
v 0.36673728 -0.16520549 0.1245497
v 0.35882404 0.22996415 -0.16055347
v 0.36597234 -0.16487195 -0.14582826
v 0.36597234 -0.16487195 -0.14582826
v 0.35843799 -0.16503662 0.09404851
v 0.36393157 -0.2034815 0.12776285
v 0.36859694 -0.2377191 0.14449747
v 0.36650717 0.20414424 -0.16003218
v 0.36973864 0.19552413 -0.15893714
v 0.36973864 0.19552413 -0.15893714
v 0.35756898 0.00267055 -0.14710897
v 0.36141258 -0.16517636 -0.14406599
v 0.36401889 -0.23747154 0.12953649
v 0.34621012 -0.12172741 -0.14662994
v 0.345662 -0.16500945 -0.12454274
v 0.34039432 -0.23767787 0.13533607
v 0.32748064 0.22211885 -0.16041091
v 0.35747042 0.19447988 -0.150396
v 0.36787596 0.19246386 -0.14821681
v 0.36787596 0.19246386 -0.14821681
v 0.33203524 0.18580978 -0.14733112
v 0.34656674 -0.1649334 0.06176461
v 0.31958988 0.23354365 -0.16069871
v 0.352386 -0.0454867 -0.14699754
v 0.34776813 -0.06891602 -0.14686325
v 0.35556406 -0.16492869 0.00041578
v 0.34155989 -0.16491845 0.02885545
v 0.34457958 -0.16574572 0.12725526
v 0.34457958 -0.16574572 0.12725526
v 0.3351633 -0.18942627 0.12778725
v 0.35679796 0.19250271 0.1488874
v 0.34531569 0.11657828 -0.14707789
v 0.34419072 0.09294063 -0.14706935
v 0.32078195 -0.10821344 -0.14667933
v 0.33655679 -0.13937975 -0.14648999
v 0.35150781 -0.16495159 -0.10305667
v 0.33676374 -0.16493627 -0.06574002
v 0.3379232 -0.16508353 0.10625451
v 0.3229084 -0.16515955 0.12458047
v 0.3345567 -0.16856644 0.12768862
v 0.33551711 -0.22022772 0.12778351
v 0.33390194 -0.23764603 0.14039156
v 0.34250456 0.1925846 -0.14812198
v 0.34250456 0.1925846 -0.14812198
v 0.33961296 0.06816016 -0.14711674
v 0.34244454 -0.02626943 -0.14704058
v 0.33513293 -0.23427884 0.1277952
v 0.32675642 0.20350015 -0.16006453
v 0.34781516 0.19056796 -0.14704674
v 0.30269352 0.18519437 -0.14726858
v 0.31634033 0.03341629 -0.14715016
v 0.32466555 -0.16324404 -0.1462494
v 0.33705178 -0.16493288 -0.03219994
v 0.33350337 -0.204868 0.12769701
v 0.33766642 -0.23687905 0.12864107
v 0.33766642 -0.23687905 0.12864107
v 0.32016563 -0.23741701 0.12936337
v 0.33241192 -0.23775089 0.14450471
v 0.32801247 0.1553728 -0.14708309
v 0.31320974 -0.16474155 -0.14576666
v 0.31320974 -0.16474155 -0.14576666
v 0.32765284 -0.16493443 -0.08828416
v 0.332302 -0.17290804 0.12764104
v 0.32491347 0.19451213 -0.15033397
v 0.31722656 0.18847279 -0.14720199
v 0.32075822 0.17181492 -0.14714088
v 0.32792202 0.12563643 -0.14706081
v 0.30881557 -0.16510694 -0.14390689
v 0.3279981 0.19524217 0.15448214
v 0.30285627 0.23524776 -0.16067767
v 0.32271105 -0.05483913 -0.14691925
v 0.31070203 -0.16489318 0.00244284
v 0.31587616 0.19884029 -0.15983331
v 0.32182515 -0.00511167 -0.14705601
v 0.32294747 0.19529393 -0.15899672
v 0.32294747 0.19529393 -0.15899672
v 0.31939644 0.19026157 -0.14704899
v 0.31663239 0.06810405 -0.14708969
v 0.31193191 -0.16488019 0.04261549
v 0.30631602 -0.16483971 0.08726558
v 0.32176799 0.19216575 0.14888091
v 0.32176799 0.19216575 0.14888091
v 0.32024515 0.19232601 -0.14830999
v 0.32024515 0.19232601 -0.14830999
v 0.31046212 -0.16497907 -0.10940874
v 0.30456918 -0.16490567 -0.02362848
v 0.3178702 -0.16501607 0.10708658
v 0.29902577 -0.16559675 0.12736695
v 0.29902577 -0.16559675 0.12736695
v 0.28998214 -0.2190295 0.12799954
v 0.30049071 -0.23425552 0.12788752
v 0.30302462 -0.23681208 0.12865876
v 0.30302462 -0.23681208 0.12865876
v 0.3074306 -0.16861822 0.12787077
v 0.2934418 -0.18970622 0.12804897
v 0.31908309 0.19491364 -0.15893361
v 0.2906034 0.08782727 -0.14704318
v 0.30499688 0.04414716 -0.14714532
v 0.29839045 -0.08327824 -0.14675534
v 0.29728046 -0.17304315 0.12785308
v 0.31200027 0.19486411 0.15438762
v 0.27109224 0.22978237 -0.16056839
v 0.31778622 0.19325815 -0.15822171
v 0.30227187 0.19311912 -0.15845899
v 0.31372926 0.19033727 -0.14698838
v 0.31372926 0.19033727 -0.14698838
v 0.29236484 0.15624025 -0.14705026
v 0.28205645 -0.12872188 -0.14655633
v 0.30873728 0.1899929 0.14701821
v 0.30154389 0.19166087 0.14880994
v 0.30203557 0.13608932 -0.14703986
v 0.3017934 0.11165214 -0.14704801
v 0.30078316 0.01117227 -0.14708507
v 0.29486802 -0.16316001 -0.14621069
v 0.3032164 0.19524069 -0.15921129
v 0.30227187 0.19311912 -0.15845899
v 0.28851926 -0.01450812 -0.14702208
v 0.27870589 -0.03649306 -0.14697881
v 0.28233117 -0.16496119 -0.11132281
v 0.29363686 -0.16492158 -0.05929352
v 0.29115537 -0.16486272 0.11368836
v 0.29302257 -0.1648365 0.12442961
v 0.28641444 -0.23741873 0.13535394
v 0.28446522 -0.23739973 0.14033473
v 0.28559542 0.21285978 -0.16022068
v 0.29756427 0.19231366 -0.14931528
v 0.29182723 0.06616038 -0.14710252
v 0.28049296 -0.20486274 0.12795246
v 0.29777411 0.19451638 0.15440045
v 0.28697026 -0.06016649 -0.14688382
v 0.25966787 -0.16498116 -0.143948
v 0.27306956 -0.16474392 0.10177582
v 0.26643312 0.20259258 -0.1599884
v 0.2611016 0.19520271 -0.15915266
v 0.2664254 0.19023739 -0.14698385
v 0.2664254 0.19023739 -0.14698385
v 0.25799546 0.1727903 -0.14713581
v 0.27553648 0.11543997 -0.14703766
v 0.27667233 -0.16490617 -0.07553659
v 0.27680629 -0.1648083 0.02521694
v 0.269649 -0.23726049 0.12981595
v 0.26777261 0.03521267 -0.14713383
v 0.27574861 0.01839342 -0.14709337
v 0.25586295 -0.08969179 -0.14673686
v 0.24929368 -0.16464056 0.08468223
v 0.26772875 -0.17398664 0.12794134
v 0.26370585 0.19438817 0.15442963
v 0.26004538 0.19874771 -0.15977673
v 0.2427361 0.18850918 -0.14721791
v 0.24014272 -0.19044113 0.1280863
v 0.24984273 -0.23432198 0.12790485
v 0.2265203 -0.237517 0.14439853
v 0.27587807 0.18986404 0.14698303
v 0.25016388 0.23358561 -0.16074699
v 0.25444323 0.19219016 -0.14931202
v 0.24473508 -0.11491372 -0.14664632
v 0.25130051 0.19143359 0.14894612
v 0.27550986 0.19860043 0.16042075
v 0.26207727 0.06607828 -0.1470914
v 0.25440925 -0.15329628 -0.14629719
v 0.24789061 -0.16485693 -0.09559549
v 0.25900424 -0.1647868 0.12436875
v 0.26378378 -0.16862343 0.12797633
v 0.2577261 0.19296439 -0.15834096
v 0.22729912 0.16020858 -0.14707851
v 0.25308949 0.14550789 -0.14702663
v 0.24970329 0.12017252 -0.1470232
v 0.25579792 0.0828199 -0.14702871
v 0.25606191 0.04657245 -0.14713983
v 0.25195253 0.00363747 -0.14706171
v 0.24593815 -0.01380106 -0.14701051
v 0.25284299 -0.21753451 0.12801544
v 0.20306855 -0.16445343 -0.14559494
v 0.20306855 -0.16445343 -0.14559494
v 0.23793727 -0.16490087 -0.12212675
v 0.24803181 -0.23680867 0.12865952
v 0.24803181 -0.23680867 0.12865952
v 0.24038066 0.1859325 -0.14732067
v 0.25144428 -0.06173274 -0.14687517
v 0.24185735 -0.13847367 -0.1464635
v 0.24466009 -0.16554323 0.12738679
v 0.24466009 -0.16554323 0.12738679
v 0.24821071 0.20300388 -0.16005531
v 0.24169591 0.03325848 -0.14715993
v 0.2509293 -0.1647284 0.03519292
v 0.23387071 -0.16475496 0.11253723
v 0.24193001 -0.17341636 0.12794001
v 0.21983372 -0.23749466 0.13504782
v 0.23398562 -0.2373662 0.12949288
v 0.2357991 -0.04178675 -0.14695582
v 0.21503328 -0.23744167 0.14071587
v 0.24040543 0.19492038 -0.15889779
v 0.24134615 0.19001186 -0.14709076
v 0.24134615 0.19001186 -0.14709076
v 0.23870194 -0.16466647 0.09706412
v 0.23324116 0.18978024 0.14706568
v 0.19453849 0.23515889 -0.16064791
v 0.21290186 0.21989547 -0.16038176
v 0.24175583 0.1932614 -0.15820254
v 0.23566109 0.09418063 -0.1470226
v 0.22547387 -0.16303153 -0.14611171
v 0.2409628 -0.16861686 0.12800066
v 0.23825493 0.1988246 -0.15991122
v 0.24164721 0.19191658 -0.14930359
v 0.22323577 -0.07119825 -0.14680111
v 0.22188938 -0.20416537 0.12796459
v 0.23575547 -0.21808234 0.12802225
v 0.23656516 0.19439511 0.15446384
v 0.2184602 0.08029782 -0.14706543
v 0.2210037 0.04963149 -0.14714783
v 0.22018406 0.0115103 -0.14708331
v 0.21758232 -0.02543651 -0.14698201
v 0.19708544 -0.1502303 -0.14629434
v 0.20768563 -0.16487353 -0.14386329
v 0.22615582 -0.16477644 -0.02988761
v 0.2245387 -0.23429711 0.12792769
v 0.23158053 0.20264652 -0.16011852
v 0.23652457 0.1952204 -0.15900844
v 0.24040543 0.19492038 -0.15889779
v 0.23652457 0.1952204 -0.15900844
v 0.23632039 0.19353192 -0.15490954
v 0.23089962 0.19198255 -0.14929724
v 0.21667732 0.14247254 -0.14705347
v 0.2113069 -0.12884985 -0.1465188
v 0.2166172 -0.16470331 0.00733888
v 0.19659145 -0.16476995 0.12451936
v 0.22429557 -0.17377484 0.12783714
v 0.23293799 0.19489206 -0.15892604
v 0.20524456 -0.0936096 -0.14665557
v 0.20928854 -0.16462982 0.0414531
v 0.22016108 -0.23680955 0.12865256
v 0.22016108 -0.23680955 0.12865256
v 0.20719311 0.20594634 -0.16019419
v 0.18864812 0.18567085 -0.14731565
v 0.20604968 -0.16457734 0.09805509
v 0.19399631 -0.1686516 0.12781891
v 0.20669439 -0.22063896 0.12793107
v 0.16362926 0.23353203 -0.16068313
v 0.21533364 0.11737262 -0.14705849
v 0.20324972 0.02717885 -0.14711854
v 0.20527619 -0.16477291 -0.09358204
v 0.20895641 -0.1647682 -0.06757691
v 0.17811552 0.2299394 -0.16053429
v 0.20464742 0.19200976 -0.14932628
v 0.18542044 0.19874543 -0.16005303
v 0.19779176 0.06763262 -0.14709695
v 0.19898051 -0.05307592 -0.14688119
v 0.18421185 -0.1121064 -0.14657183
v 0.18571411 0.18993579 -0.14703043
v 0.18571411 0.18993579 -0.14703043
v 0.17564742 0.17441617 -0.14717443
v 0.20539771 -0.16485187 -0.12323641
v 0.19230096 -0.1738425 0.12777811
v 0.2008066 0.19433381 0.15451884
v 0.18563834 0.19495535 -0.15907875
v 0.23170948 0.1932646 -0.15820219
v 0.18690719 0.19317533 -0.15825938
v 0.18094163 0.18857487 -0.14718273
v 0.18233192 -0.03283306 -0.14695495
v 0.1811232 -0.16546138 0.12722889
v 0.1811232 -0.16546138 0.12722889
v 0.18112168 -0.20836262 0.12789774
v 0.19003889 0.11213557 -0.14706025
v 0.19605881 -0.0750576 -0.14672029
v 0.17786729 -0.16300595 -0.14610326
v 0.18847924 -0.16467634 -0.0342689
v 0.17946538 -0.19172864 0.12795363
v 0.17974551 -0.23433779 0.12775306
v 0.16635069 0.20233814 -0.16019249
v 0.16720587 -0.01803048 -0.14696528
v 0.18403447 -0.22391859 0.12783669
v 0.18066838 0.14730534 -0.14706051
v 0.18322033 0.08731267 -0.14705177
v 0.17634338 0.04726936 -0.14714168
v 0.18448076 -0.16476893 -0.13080327
v 0.16333017 -0.2373272 0.12918155
v 0.17000869 0.21280935 -0.16024101
v 0.17305163 -0.06089432 -0.14680701
v 0.17492819 -0.16469975 -0.143913
v 0.17970118 -0.16461623 0.00230861
v 0.22774819 0.20029666 0.16065697
v 0.14810678 0.22254583 -0.16040614
v 0.18545373 0.1916348 -0.1492698
v 0.17386889 0.16108057 -0.14711297
v 0.17443794 0.01151681 -0.14707479
v 0.15971869 -0.07504255 -0.14668687
v 0.17173015 -0.16469675 -0.11915039
v 0.17004119 -0.16466291 -0.09182653
v 0.17666768 -0.16451041 0.10985513
v 0.16308062 -0.23761351 0.14450097
v 0.17103517 0.13656074 -0.14708212
v 0.16163938 -0.16452256 0.02749998
v 0.17697635 -0.17350881 0.12766841
v 0.17697918 0.19397576 0.15452708
v 0.18156235 0.19527619 -0.15911777
v 0.18563834 0.19495535 -0.15907875
v 0.1810472 0.19330823 -0.15490608
v 0.18156235 0.19527619 -0.15911777
v 0.15676084 -0.16459852 -0.02863913
v 0.16873012 -0.16439152 0.09940645
v 0.16594452 -0.16434434 0.08640961
v 0.1714609 -0.16456564 0.12447136
v 0.17258941 -0.16865002 0.1276643
v 0.13984159 -0.23681387 0.12844555
v 0.13984159 -0.23681387 0.12844555
v 0.1646768 0.10324781 -0.14708146
v 0.15507065 0.07400081 -0.1470703
v 0.15335685 -0.13232009 -0.14642006
v 0.15161392 -0.16460429 -0.06386091
v 0.15313725 -0.22062528 0.12787996
v 0.13084041 -0.23747623 0.14037535
v 0.15692985 0.19158916 -0.14936428
v 0.15271941 0.03178553 -0.1471104
v 0.14136516 -0.10699894 -0.14654601
v 0.1480186 -0.16441101 0.05675424
v 0.12927732 0.19870871 -0.16004172
v 0.13732609 0.19531287 -0.15908141
v 0.13732609 0.19531287 -0.15908141
v 0.14471108 -0.0484285 -0.14685765
v 0.14194234 -0.23428239 0.12774108
v 0.14006083 0.19000112 -0.14702864
v 0.14006083 0.19000112 -0.14702864
v 0.15034351 0.00151386 -0.14700836
v 0.1160505 -0.1645844 -0.13673708
v 0.13823329 -0.16443391 0.11404859
v 0.14192429 -0.17346963 0.12772463
v 0.1378774 -0.20740515 0.12793399
v 0.14028619 0.19379106 0.15428084
v 0.11897513 0.16594905 -0.14711398
v 0.13027085 0.14997903 -0.14705926
v 0.15246005 0.12241486 -0.14706439
v 0.14224896 0.04917071 -0.14710665
v 0.13771665 -0.1447591 -0.14632227
v 0.13372299 -0.16432159 0.09493925
v 0.12889411 -0.1904674 0.12796821
v 0.13084191 -0.2375146 0.13543411
v 0.13641243 0.20994388 -0.1601678
v 0.13678293 0.19331186 -0.15498537
v 0.13820748 0.18563147 -0.14726156
v 0.12245557 -0.16434267 -0.14564531
v 0.12245557 -0.16434267 -0.14564531
v 0.13214961 -0.1645706 -0.08754924
v 0.12257756 0.23520853 -0.16067527
v 0.11955696 -0.02079061 -0.14691103
v 0.12996854 -0.16533907 0.12720133
v 0.12996854 -0.16533907 0.12720133
v 0.12907125 -0.16861853 0.12774149
v 0.13863762 0.19779158 0.16067168
v 0.13007039 0.20282316 -0.16017605
v 0.13189201 0.12011918 -0.14703512
v 0.12539199 0.09227929 -0.14702728
v 0.12708682 -0.07957071 -0.14663506
v 0.138063 -0.16297714 -0.14607643
v 0.11362468 -0.1642753 0.07817819
v 0.11813539 -0.16445512 0.12425505
v 0.12437084 -0.23738664 0.12941976
v 0.10912477 0.17505936 -0.14717308
v 0.12293708 0.06715989 -0.14706579
v 0.10897195 -0.16453737 -0.11614262
v 0.13016476 -0.16448495 0.01743318
v 0.12393909 0.1916699 -0.14944288
v 0.12281709 -0.23434681 0.12772363
v 0.08600427 0.22999226 -0.16055404
v 0.10774706 0.05255496 -0.14708152
v 0.11873997 0.02934651 -0.14708525
v 0.12418817 0.00481113 -0.14699411
v 0.11406373 -0.16463919 -0.14393698
v 0.11880204 -0.16451649 -0.04783038
v 0.1014239 -0.16439252 0.03953413
v 0.11697939 -0.17471367 0.12775251
v 0.12094919 -0.22061196 0.12790789
v 0.11378396 -0.04219255 -0.14685071
v 0.10023398 -0.05952911 -0.14674616
v 0.10540827 -0.13585144 -0.146404
v 0.10898833 -0.16445604 -0.00165334
v 0.10395532 -0.16432734 0.06067934
v 0.10120632 -0.23756117 0.14450547
v 0.10604921 0.20266062 -0.16025782
v 0.11798529 0.19001803 -0.1471595
v 0.11798529 0.19001803 -0.1471595
v 0.10357605 0.12170009 -0.14702636
v 0.09958771 -0.11672688 -0.14648646
v 0.11644144 0.19566193 -0.15912984
v 0.11644144 0.19566193 -0.15912984
v 0.07694256 -0.16421068 0.07595985
v 0.10604493 -0.16442716 0.1127308
v 0.1016456 -0.20295936 0.12790702
v 0.10658425 -0.23679464 0.12851495
v 0.10658425 -0.23679464 0.12851495
v 0.10488256 0.19409883 0.15435176
v 0.1162473 0.1936235 -0.15481092
v 0.11397325 0.18595819 -0.14734201
v 0.09023355 -0.08794434 -0.14653583
v 0.10152061 -0.154103 -0.14625157
v 0.07670785 -0.16283095 -0.14611498
v 0.0940698 0.0101025 -0.14697687
v 0.08018102 0.19864899 -0.16016234
v 0.07941171 -0.22145061 0.12783769
v 0.0885977 -0.23423195 0.12773281
v 0.06159069 0.23353304 -0.16070777
v 0.07480626 0.21414419 -0.16028404
v 0.09318224 0.19173759 -0.14940184
v 0.08249924 0.13974382 -0.14699544
v 0.07677174 0.19806716 0.1605348
v 0.07088264 0.19002838 -0.14709274
v 0.07023051 0.18594541 -0.14726257
v 0.09260409 0.08683608 -0.14703828
v 0.08713097 -0.02555292 -0.14686295
v 0.06940998 -0.16447793 -0.12478847
v 0.08148277 -0.16454113 0.11871261
v 0.0834609 -0.16839977 0.1275388
v 0.05651322 -0.23750882 0.1353506
v 0.08934546 0.0315851 -0.14704587
v 0.08659318 -0.16441244 -0.03821739
v 0.08382321 -0.19033766 0.12786473
v 0.06052628 -0.23747562 0.14036
v 0.08252875 0.20279202 -0.16028382
v 0.07204916 -0.16409272 -0.14565748
v 0.07204916 -0.16409272 -0.14565748
v 0.073557 -0.16538908 0.12709197
v 0.073557 -0.16538908 0.12709197
v 0.07721715 -0.23734719 0.12944829
v 0.07348324 0.19368854 -0.15489866
v 0.0715387 0.03835938 -0.1470007
v 0.0742432 -0.16444743 -0.14389068
v 0.07502354 0.19564731 -0.15913653
v 0.07502354 0.19564731 -0.15913653
v 0.07088264 0.19002838 -0.14709274
v 0.06537689 0.16756734 -0.14706281
v 0.07488187 -0.23682429 0.12856045
v 0.07488187 -0.23682429 0.12856045
v 0.04030263 0.2353444 -0.16065817
v 0.06956648 0.19166587 -0.14933878
v 0.05449192 -0.04134586 -0.1467164
v 0.07127988 -0.11955251 -0.14642559
v 0.07267287 -0.16434535 0.02316752
v 0.06211612 -0.16451322 0.12426338
v 0.07308587 -0.20746759 0.12790179
v 0.04298483 0.22253108 -0.16040808
v 0.06980722 0.09012353 -0.14698711
v 0.06636846 -0.06246045 -0.14662783
v 0.06160645 -0.09291354 -0.14643572
v 0.05820648 -0.15129134 -0.14624469
v 0.05503845 -0.22352806 0.1279082
v 0.06892042 -0.16434948 -0.06029635
v 0.05298292 -0.16424586 0.05114454
v 0.07022382 -0.16431808 0.09943823
v 0.06813625 -0.2342433 0.12783304
v 0.0380494 0.20267412 -0.16012384
v 0.0568562 0.15293911 -0.14697921
v 0.05861525 0.00079549 -0.14684194
v 0.06089637 -0.16427428 -0.03538687
v 0.05535284 -0.16858745 0.1277395
v 0.05260955 -0.17428125 0.1277362
v 0.06380355 0.19375975 0.15392971
v 0.05768222 -0.16445877 -0.14007932
v 0.05720497 -0.16429877 0.00786758
v 0.05437978 -0.16401316 0.0798373
v 0.05713895 -0.19299468 0.12795603
v 0.05589393 -0.23739751 0.12967755
v 0.05841579 0.19367303 -0.15449314
v 0.04720559 0.18980244 -0.1472526
v 0.05562128 0.12804158 -0.14697918
v 0.05727383 0.0477782 -0.14699396
v 0.05218687 -0.16451965 -0.14408061
v 0.06205253 -0.23691235 0.1287417
v 0.06205253 -0.23691235 0.1287417
v 0.04114116 -0.23762345 0.14443044
v 0.05584321 0.1981148 0.16032262
v 0.04054405 0.19609252 -0.15898731
v 0.04054405 0.19609252 -0.15898731
v 0.05749658 0.19134328 -0.14925243
v 0.04720559 0.18980244 -0.1472526
v 0.04763594 0.1034445 -0.14699224
v 0.04818662 0.07146308 -0.14700294
v 0.04195102 0.0148302 -0.14688197
v 0.04123655 -0.11059981 -0.1464006
v 0.03006384 -0.13326865 -0.14634359
v 0.05183223 -0.16425845 -0.14569673
v 0.05183223 -0.16425845 -0.14569673
v 0.05040441 -0.16428399 0.10565836
v 0.04351221 0.03887705 -0.14697161
v 0.03929186 -0.01927748 -0.14672802
v 0.04241716 -0.06840155 -0.14652187
v 0.04203749 -0.16293754 -0.14608903
v 0.03386691 0.19867191 -0.15989904
v 0.04559273 0.19138962 -0.14937265
v 0.04821961 -0.16425943 -0.01879156
v 0.04179559 -0.23432182 0.12810433
v 0.03808845 -0.08888286 -0.14641309
v 0.0446509 -0.16423029 -0.04244307
v 0.03788479 -0.16441378 0.01758974
v 0.02566825 -0.21081552 0.12815663
v 0.04264995 -0.23678999 0.12885624
v 0.04264995 -0.23678999 0.12885624
v 0.0403222 0.19380213 -0.15452313
v 0.03850313 -0.16434944 -0.13956071
v 0.04123447 -0.16433409 -0.07795174
v 0.0254502 -0.16426697 0.07335696
v 0.0325115 -0.16444089 0.11596143
v 0.02789951 -0.17354582 0.1279491
v 0.04198317 -0.22633576 0.1280012
v 0.02842809 -0.23735733 0.1332946
v 0.03027312 -0.2373893 0.1401145
v 0.01176254 0.19403289 0.15437804
v 0.02344365 0.19787042 0.16023397
v 0.02558059 0.18577844 -0.14724948
v 0.03069335 0.17032602 -0.14707613
v 0.03492459 0.14062834 -0.14698978
v 0.01971292 -0.16448104 -0.11593007
v 0.02679234 -0.16419616 0.08735261
v 0.01678666 -0.16529253 0.12757634
v 0.01678666 -0.16529253 0.12757634
v 0.02757516 -0.19066319 0.12819515
v 0.0174378 0.20898874 -0.16014156
v 0.02297494 0.19159855 -0.14943381
v 0.03098788 0.08930732 -0.14699988
v 0.02949025 -0.16444983 -0.07514532
v 0.03203059 -0.16436961 -0.02056649
v 0.01583081 -0.16434334 0.12443929
v 0.03215066 -0.16850907 0.12795202
v 0.02416159 -0.23722897 0.13051349
v 0.00531221 -0.16353451 -0.1458461
v 0.00531221 -0.16353451 -0.1458461
v 0.01707558 -0.16449645 -0.10260468
v 0.02300143 -0.16457725 0.04963091
v 0.02133625 0.03995003 -0.14689988
v 0.01933388 0.00119488 -0.1467222
v 0.02529641 -0.16449361 0.0110592
v 0.0161454 -0.23432858 0.12821259
v 0.01610529 -0.22777377 0.12811285
v 0.01251898 -0.23671561 0.12881894
v 0.01251898 -0.23671561 0.12881894
v 0.00937672 0.1890877 -0.14695172
v 0.00398012 0.14167911 -0.14683762
v 0.01352231 0.10894261 -0.1469256
v 0.00447054 0.06909842 -0.14689025
v 0.01590176 -0.04631004 -0.14654359
v 0.01714082 -0.0737557 -0.146458
v 0.01951523 -0.10618208 -0.14640331
v 0.00417726 -0.15045618 -0.1461131
v 0.01541581 -0.16266562 -0.14602837
v 0.01733336 -0.16419715 -0.13596696
v 0.01636825 -0.16849557 0.12827279
v 0.00624513 -0.23769744 0.14459319
v 0.01371531 0.19399847 -0.15501226
v 0.01794834 -0.16424097 0.10529039
v 0.01624616 -0.18056528 0.1279991
v 0.01610377 -0.19454905 0.12810399
v -0.00959576 0.20238587 -0.16021176
v 0.00187659 0.1903473 -0.14690597
v 0.00187659 0.1903473 -0.14690597
v 0.00416466 0.18153192 -0.14703932
v 0.00416263 0.16274458 -0.1469162
v 0.00943147 -0.12688565 -0.14633816
v 0.01212167 -0.1642762 0.11776766
v 0.00632119 -0.23739794 0.1312304
v 0.00241092 -0.23751892 0.13561356
v -0.02768984 0.23353341 -0.16070081
v 0.00581515 0.19606814 -0.15905879
v 0.00581515 0.19606814 -0.15905879
v 0.00887655 0.19186372 -0.14967664
v 0.01417539 -0.16416329 -0.12712622
v 0.00992372 -0.16437033 -0.11324831
v 0.01015916 -0.16463172 -0.09267817
v 0.0120034 -0.164699 0.12454999
v 0.01205806 -0.16563925 0.12729773
v 0.01205806 -0.16563925 0.12729773
v 0.01221912 -0.16853872 0.12785597
v 0.01202105 -0.19308586 0.12763372
v 0.01197278 -0.22450113 0.12771319
v 0.01195726 -0.23438558 0.12794352
v -0.02913983 0.22994445 -0.16054551
v -0.01688065 0.21897756 -0.16034937
v -0.00113722 0.19858022 -0.15995911
v 0.00433855 0.0186204 -0.14672628
v 0.00412473 -0.01746358 -0.14652988
v 0.00416606 -0.05993497 -0.14649463
v 0.00431581 -0.16249819 -0.14612234
v 0.00975683 -0.16377845 -0.13224903
v 0.00963192 -0.23721588 -0.11275096
v 0.0095249 -0.23727389 -0.07328397
v 0.00980098 -0.16549708 -0.0885859
v 0.00983103 -0.16567506 -0.06865083
v 0.01010077 -0.236509 -0.05672688
v 0.00974005 -0.16544266 0.00417921
v 0.01013956 -0.23644307 0.04205129
v 0.00849751 -0.23684721 0.02515347
v 0.00977728 -0.16553676 0.05356006
v 0.00831108 -0.23692693 0.0555843
v 0.01041921 -0.16427441 0.06628432
v 0.00852032 -0.23674552 0.11179673
v 0.01005452 -0.23635714 0.11004207
v 0.01075154 -0.16409929 0.10334463
v 0.00985412 -0.16528349 0.10862362
v 0.00996825 -0.16564517 0.12261178
v 0.01010127 -0.16622595 0.12697616
v 0.01010127 -0.16622595 0.12697616
v 0.0099945 -0.18798186 0.12685959
v 0.01020058 -0.20097497 0.12687258
v 0.01016678 -0.22098036 0.12698165
v 0.00991909 -0.23438893 0.12702987
v 0.00854465 -0.23685661 0.12798822
v 0.00854465 -0.23685661 0.12798822
v -0.00354429 -0.23752321 0.1403265
v 0.00141926 0.18979496 0.14732228
v 0.01383369 0.19902509 0.16056764
v -0.00057024 0.19385538 -0.155083
v 0.00414003 -0.12864712 -0.14636934
v 0.00748202 -0.19027537 -0.13568407
v 0.0094443 -0.19106038 -0.13527521
v 0.009566 -0.21009913 -0.1357536
v 0.00751018 -0.21037693 -0.13592088
v 0.00737012 -0.22691031 -0.13548595
v 0.00591445 -0.1637869 -0.1368549
v 0.00591445 -0.1637869 -0.1368549
v 0.00872333 -0.1638615 -0.1360229
v 0.00882093 -0.16505593 -0.13530818
v 0.00671022 -0.16537246 -0.1363681
v 0.00932757 -0.1752622 -0.13528058
v 0.00740296 -0.17544684 -0.13604748
v 0.00811821 -0.23800039 -0.13514414
v 0.00987033 -0.23773088 -0.13066483
v 0.00438645 -0.23727314 0.02542555
v 0.00518839 -0.23729748 0.05731874
v 0.00533873 -0.23720679 0.1062302
v -0.00480601 0.19159049 -0.14955866
v -6.76E-06 0.18909901 -0.14652105
v 9.915E-05 0.18553372 -0.14675306
v 0.00155602 0.17935744 -0.14661527
v 0.00163586 0.12342292 -0.14654331
v 0.0016769 0.06707191 -0.14654678
v 0.0016042 -0.00382263 -0.14636143
v 0.00149395 -0.07424716 -0.14626363
v 0.00146629 -0.12785722 -0.1461307
v -0.00356684 -0.15981086 -0.14558622
v 0.0028521 -0.19118887 -0.13583776
v -0.00298406 -0.21419464 -0.13585989
v -0.00609184 -0.2377837 -0.13494103
v 0.00028427 -0.16392048 -0.1369323
v 0.00189174 -0.16972834 -0.13632672
v -0.00620962 -0.23773344 -0.12956411
v -0.00467012 -0.23755579 -0.10683702
v 0.00155139 -0.23747449 -0.06892648
v 0.00158904 -0.23728631 -0.01943072
v 0.00063934 -0.23740727 0.05601807
v 0.00065332 -0.23731363 0.11369066
v -0.00066406 -0.1633236 -0.14568967
v 0.00056429 0.14258839 -0.14586318
v 0.0007777 0.10270359 -0.1457324
v 0.00053342 0.0546791 -0.1458143
v 0.00055225 0.01337115 -0.14564905
v 0.00040516 -0.01876171 -0.14570971
v 0.00039221 -0.06835759 -0.14562604
v 0.00019186 -0.13128704 -0.14517775
v -0.00325157 -0.16324987 -0.13972126
v 0.00028427 -0.16392048 -0.1369323
v -0.00567774 -0.16512272 -0.13736749
v -0.00567774 -0.16512272 -0.13736749
v -0.00363012 -0.16649684 -0.13643189
v -0.00632933 -0.23748393 -0.07050403
v -0.00569433 -0.23730466 -0.01753565
v -0.0064632 -0.23741375 -0.00710332
v -0.00548186 -0.23739307 0.02855682
v -0.00657109 -0.23749213 0.05216497
v -0.00404907 -0.23730388 0.1102308
v -0.00656591 -0.23771061 0.1445341
v -0.01220018 0.19619903 -0.15900272
v -0.01220018 0.19619903 -0.15900272
v -0.00828409 0.19018143 -0.14715116
v -0.00390643 0.18442225 -0.14718094
v -0.0040369 0.15313104 -0.14692287
v -0.00406432 0.06350005 -0.14682566
v -0.00410375 0.03983163 -0.14672936
v -0.00407036 -0.01718394 -0.14646953
v -0.00386431 -0.06460409 -0.1463277
v -0.00402769 -0.10781602 -0.14615367
v -0.00468787 -0.15362585 -0.14579138
v -0.0062002 -0.16101818 -0.14531456
v -0.0062002 -0.16101818 -0.14531456
v -0.00577135 -0.16168828 -0.14318761
v -0.00571294 -0.16278343 -0.13912524
v -0.00594079 -0.20935608 -0.13573667
v -0.00605422 -0.16653404 -0.13562369
v -0.00608881 -0.17779435 -0.13510616
v -0.00609184 -0.2377837 -0.13494103
v -0.00650428 -0.23737437 0.11129039
v -0.00558058 0.19392602 0.15441088
v -0.03426937 0.20989648 -0.16022393
v -0.02003189 0.19399689 -0.15465374
v -0.00828409 0.19018143 -0.14715116
v -0.00946311 0.18510634 -0.14733598
v -0.00833178 0.1615981 -0.14711727
v -0.00760517 0.13595866 -0.14701065
v -0.00778866 0.07352586 -0.14693196
v -0.01225657 0.01954583 -0.14677256
v -0.00837457 -0.15462734 -0.14590655
v -0.0076992 -0.1583699 -0.14550945
v -0.00571294 -0.16278343 -0.13912524
v -0.00797425 -0.15483741 -0.1360468
v -0.00567774 -0.16512272 -0.13736749
v -0.00605422 -0.16653404 -0.13562369
v -0.00574417 -0.18404816 -0.13565771
v -0.00594079 -0.20935608 -0.13573667
v -0.00651209 -0.23714988 -0.13437609
v -0.00651209 -0.23714988 -0.13437609
v -0.00644013 -0.14879951 -0.13423067
v -0.00645435 -0.16368786 -0.13261719
v -0.00665089 -0.09208965 -0.12492009
v -0.00667007 -0.15523005 -0.12694357
v -0.00608048 0.09501471 -0.12688296
v -0.00805174 0.096067 -0.12517598
v -0.00805174 0.096067 -0.12517598
v -0.00646141 0.09377765 -0.12379914
v -0.00683756 0.06864489 -0.12251196
v -0.0061256 0.05616366 -0.13094965
v -0.00673387 0.04949723 -0.12276807
v -0.00669599 0.02759481 -0.12481318
v -0.00655969 -0.03759884 -0.12490771
v -0.0065722 -0.07153186 -0.12464099
v -0.00664407 -0.12532339 -0.12432019
v -0.00685922 0.01674098 -0.11945371
v -0.00670119 -0.04306018 -0.11893833
v -0.0067399 -0.08158738 -0.11881938
v -0.00672346 -0.12507308 -0.11867157
v -0.00686541 0.04345725 -0.11491
v -0.00670833 -0.14163478 -0.10806155
v -0.0067729 -0.00573759 -0.10310095
v -0.00672928 -0.0439874 -0.1030474
v -0.00672378 -0.08324859 -0.10361823
v -0.00673627 -0.11018953 -0.10046766
v -0.00677279 -0.12521397 -0.08457239
v -0.00675889 -0.02915872 -0.08812653
v -0.00673594 -0.07271732 -0.08903827
v -0.00680891 -0.00579257 -0.08320041
v -0.00675043 -0.1769093 -0.06882054
v -0.00688852 -0.07587671 -0.06549479
v -0.00690213 -0.11508103 -0.05785911
v -0.00694204 -0.01212116 -0.06735347
v -0.00701126 -0.03857762 -0.05607092
v -0.0068373 -0.16879183 -0.05161058
v -0.00688299 -0.14896061 -0.0548491
v -0.0070376 -0.0593226 -0.04344004
v -0.00700979 -0.09264287 -0.03469703
v -0.0070027 -0.12040432 -0.0329023
v -0.00699985 -0.1458977 -0.02492946
v -0.00696369 -0.1659921 -0.01438743
v -0.00705383 -0.04626278 -0.01788346
v -0.00704286 -0.06994481 -0.01785462
v -0.00704063 -0.12023251 -0.00490311
v -0.00706051 -0.09281279 -0.00108893
v -0.0070463 -0.05779225 -0.00041579
v -0.00702478 -0.14281166 0.01847211
v -0.00698441 -0.04675892 0.01808364
v -0.0070434 -0.07937589 0.02559824
v -0.00699102 -0.02698859 0.0314378
v -0.00706675 -0.03118791 -0.00016414
v -0.00695502 -0.05534859 0.04855034
v -0.00701786 -0.06941225 0.04661087
v -0.0070834 -0.11540365 0.03954727
v -0.00707764 -0.13989921 0.04563521
v -0.00707831 0.00542974 0.05171818
v -0.00707448 -0.00789204 0.01439229
v -0.00690448 -0.03998977 0.05545325
v -0.00690954 -0.03148309 0.05969954
v -0.00686128 -0.04379734 0.05380535
v -0.00669567 -0.05195878 0.05457475
v -0.00709912 -0.12271059 0.06425667
v -0.00838235 -0.04049273 0.056039
v -0.00690448 -0.03998977 0.05545325
v -0.00686128 -0.04379734 0.05380535
v -0.00803365 -0.04486584 0.05445753
v -0.00669567 -0.05195878 0.05457475
v -0.00831154 -0.05006548 0.05478733
v -0.0079067 -0.05443942 0.05646064
v -0.00687526 -0.05735911 0.05656985
v -0.0079067 -0.05443942 0.05646064
v -0.0068927 -0.03886706 0.06066789
v -0.00704575 -0.01966739 0.08338559
v -0.00706633 0.01332037 0.09160805
v -0.0069701 -0.03930323 0.0765622
v -0.00715146 -0.03579218 0.0871911
v -0.00707697 -0.04068667 0.08142301
v -0.00710738 -0.04962059 0.08236262
v -0.00731702 -0.0540717 0.08228356
v -0.00730893 -0.05732913 0.08055867
v -0.00719785 -0.06165344 0.07464004
v -0.00716111 -0.06160972 0.09550221
v -0.00707507 -0.01175447 0.10685833
v -0.00709114 -0.05266855 0.1083902
v -0.0071058 -0.03072812 0.12257636
v -0.00813029 0.09561983 0.14025307
v -0.00677805 0.09522625 0.14254501
v -0.00800453 0.09597425 0.14659843
v -0.0058312 0.0959715 0.14679755
v -0.0058312 0.0959715 0.14679755
v -0.02144566 0.10862903 -0.14707664
v -0.02024774 0.07760113 -0.14702746
v -0.01897385 -0.04348988 -0.14652433
v -0.01372196 -0.09302798 -0.14623213
v -0.02414189 -0.13985702 -0.14610781
v -0.01283646 -0.15539429 -0.14549708
v -0.0076992 -0.1583699 -0.14550945
v -0.01283646 -0.15539429 -0.14549708
v -0.00941478 -0.15606117 -0.14254951
v -0.0080984 -0.15629067 -0.139
v -0.01186299 -0.15460661 -0.1395323
v -0.00797425 -0.15483741 -0.1360468
v -0.01183396 -0.15382944 -0.13630626
v -0.00790518 -0.04434314 -0.13353294
v -0.00756828 -0.11579456 -0.1336011
v -0.00745917 -0.13227274 -0.13368578
v -0.00706635 -0.14095403 -0.13390875
v -0.0065362 -0.19583647 -0.13212392
v -0.00655146 -0.2283224 -0.13254063
v -0.00668228 -0.23434928 -0.1325969
v -0.00638382 0.09202258 -0.13001859
v -0.00898062 0.09549605 -0.13127646
v -0.00898062 0.09549605 -0.13127646
v -0.01196804 0.09594058 -0.13164146
v -0.00609184 -0.2377837 -0.13494103
v -0.00620962 -0.23773344 -0.12956411
v -0.00830814 0.09592833 -0.12047228
v -0.00830814 0.09592833 -0.12047228
v -0.00658862 -0.23694073 -0.10699415
v -0.00707293 0.09287342 -0.11518998
v -0.00867914 0.09603181 -0.11563253
v -0.00722362 0.08023334 -0.11455607
v -0.00703913 0.06672604 -0.11611468
v -0.0066333 -0.1848657 -0.11103069
v -0.00669318 -0.20884548 -0.10873504
v -0.00826596 0.0958065 -0.10997476
v -0.00826596 0.0958065 -0.10997476
v -0.00682488 0.02392168 -0.09832418
v -0.00674877 -0.23457924 -0.10365881
v -0.00733176 0.09284888 -0.10547391
v -0.00739526 0.09241482 -0.08726497
v -0.00685827 0.04130673 -0.09715621
v -0.00803204 0.09567534 -0.08924044
v -0.00803204 0.09567534 -0.08924044
v -0.0070099 0.06273308 -0.09700824
v -0.00677414 -0.20425713 -0.08301043
v -0.00667951 -0.22959168 -0.08542629
v -0.00700444 0.04905784 -0.07718343
v -0.00677901 -0.21811414 -0.05526131
v -0.00632933 -0.23748393 -0.07050403
v -0.00905161 0.09662617 -0.07734603
v -0.00727321 0.07227743 -0.06777765
v -0.00689926 0.02614005 -0.07818855
v -0.00677373 -0.23431429 -0.07987255
v -0.01165212 0.09675153 -0.06720292
v -0.00905161 0.09662617 -0.07734603
v -0.00799239 0.09539746 -0.07066637
v -0.00758009 0.09172822 -0.06725307
v -0.0067437 -0.23689154 -0.04217666
v -0.00689332 -0.19604814 -0.0406263
v -0.00899617 0.09663835 -0.04558039
v -0.00899617 0.09663835 -0.04558039
v -0.00721592 0.05412053 -0.04718348
v -0.00714305 0.03618459 -0.03934827
v -0.0064632 -0.23741375 -0.00710332
v -0.00796336 0.09512228 -0.04461802
v -0.00678775 -0.22889693 -0.01133759
v -0.00752184 0.07831059 -0.03810602
v -0.00713047 0.00948082 -0.03987462
v -0.00688734 -0.23433313 -0.00693729
v -0.00710634 -0.02650657 -0.03392364
v -0.00780592 0.09178528 -0.02526674
v -0.0118088 0.09695016 -0.01141151
v -0.00744023 0.07235457 -0.00249074
v -0.00724261 0.05505408 -0.0109991
v -0.00710151 -0.00490506 -0.01948172
v -0.00806314 0.09518836 -0.00913335
v -0.00713683 0.02374985 -0.01313154
v -0.00687931 -0.21044543 -0.00123035
v -0.00715724 0.03770924 0.00216165
v -0.00903801 0.09670304 -0.00933017
v -0.00903801 0.09670304 -0.00933017
v -0.00773845 0.09143323 -0.01299044
v -0.00695025 -0.19143814 0.0047496
v -0.00676429 -0.23689389 0.01066731
v -0.01165971 0.09720257 0.00856471
v -0.00773509 0.09137875 0.01262953
v -0.0090153 0.09698474 0.01058816
v -0.0090153 0.09698474 0.01058816
v -0.00711103 0.01366856 0.0194225
v -0.00657109 -0.23749213 0.05216497
v -0.00695541 -0.23021625 0.04813436
v -0.00790984 0.09520482 0.05039044
v -0.00729384 0.06394748 0.03165914
v -0.00713109 0.04474379 0.04912929
v -0.00701753 -0.17786735 0.03943675
v -0.00709713 0.02651157 0.06289727
v -0.00694506 -0.20338824 0.03404327
v -0.01174134 0.09709622 0.04049992
v -0.00762611 0.09159561 0.05041701
v -0.00744926 0.07534079 0.05904476
v -0.00700018 -0.21935472 0.05966245
v -0.00894142 0.09689651 0.05347668
v -0.00894142 0.09689651 0.05347668
v -0.0070551 -0.23446704 0.05237834
v -0.00710802 -0.20113051 0.06608836
v -0.00719466 0.0550236 0.06188101
v -0.00710358 -0.08400361 0.06496096
v -0.00709496 -0.15546164 0.07777022
v -0.00688346 -0.23688982 0.06515976
v -0.00770002 0.09127489 0.07243638
v -0.0118239 -0.04040456 0.05626445
v -0.01176894 -0.04472975 0.05508938
v -0.01175859 -0.0537429 0.05620338
v -0.00712409 -0.06108995 0.06179615
v -0.00710663 -0.05761821 0.06043287
v -0.00842379 -0.0556705 0.05974109
v -0.0079067 -0.05443942 0.05646064
v -0.00842379 -0.0556705 0.05974109
v -0.01177214 -0.05512438 0.05947871
v -0.01175859 -0.0537429 0.05620338
v -0.00713642 -0.18093041 0.08214587
v -0.0090705 0.09677971 0.0847517
v -0.0090705 0.09677971 0.0847517
v -0.01180077 0.09706481 0.07609005
v -0.01211321 -0.05570649 0.06630099
v -0.00889158 -0.0560415 0.07329481
v -0.00889158 -0.0560415 0.07329481
v -0.00650428 -0.23737437 0.11129039
v -0.00814076 0.09562775 0.0920637
v -0.00759502 -0.05745611 0.07684267
v -0.00712435 -0.11484921 0.10296169
v -0.007081 0.04187878 0.0908157
v -0.00878162 -0.05572752 0.07780443
v -0.00878162 -0.05572752 0.07780443
v -0.00708841 -0.2192315 0.09215437
v -0.00830073 -0.05430685 0.08085214
v -0.00830073 -0.05430685 0.08085214
v -0.00713125 -0.0822854 0.09727437
v -0.00702306 -0.23438439 0.12013734
v -0.00723949 0.05945361 0.09942111
v -0.00714466 -0.13427988 0.10894604
v -0.00720592 -0.20452046 0.10790722
v -0.0077935 0.09216977 0.10131039
v -0.0078705 0.08579842 0.12530732
v -0.00745155 0.06972145 0.12218985
v -0.00711364 0.03701355 0.12535286
v -0.00715665 -0.16943544 0.11480111
v -0.00931901 0.09649958 0.11354183
v -0.00814076 0.09562775 0.0920637
v -0.00711526 0.02155136 0.11666825
v -0.00847043 0.09579553 0.12389857
v -0.00847043 0.09579553 0.12389857
v -0.00689894 -0.23699392 0.14324339
v -0.0071231 -0.07138507 0.12326789
v -0.00725383 -0.19885793 0.13017575
v -0.00793487 0.09209888 0.12620415
v -0.00714348 0.05002512 0.12628838
v -0.00712597 -0.092756 0.13042513
v -0.00716109 -0.13989592 0.13137336
v -0.00656591 -0.23771061 0.1445341
v -0.0081738 0.09561788 0.13262565
v -0.0081738 0.09561788 0.13262565
v -0.00771671 0.0923 0.1362056
v -0.00717322 0.06165942 0.14435372
v -0.00705037 -0.02926945 0.13761523
v -0.00708748 -0.07525918 0.14025249
v -0.0071123 -0.1145401 0.14036579
v -0.00707455 -0.1699328 0.13999224
v -0.0071685 -0.20775266 0.14008449
v -0.00867007 0.09573162 0.13623323
v -0.00867007 0.09573162 0.13623323
v -0.00777686 0.08653192 0.13675688
v -0.00703952 0.0266844 0.14407238
v -0.01077429 0.09608667 0.14397849
v -0.00746866 0.08110204 0.14635028
v -0.00688186 -0.0294294 0.14601192
v -0.00693915 -0.06720818 0.14596944
v -0.00694429 -0.12405889 0.14583482
v -0.00693868 -0.1777461 0.14561594
v -0.00699233 -0.2028937 0.14529321
v -0.01210626 0.09628314 0.14687043
v -0.00699949 0.05550719 0.14627841
v -0.00679219 -0.23109987 0.1451261
v -0.02324056 0.19400521 0.15421608
v -0.05449234 0.23532227 -0.16058096
v -0.02030055 0.19157529 -0.14948657
v -0.02407899 0.19000851 -0.14723708
v -0.02407899 0.19000851 -0.14723708
v -0.0223195 0.04434006 -0.14697099
v -0.03083171 -0.01603424 -0.14673419
v -0.02276858 -0.08200272 -0.14633116
v -0.0242271 -0.15182105 -0.14591582
v -0.01842803 -0.15386793 -0.14577559
v -0.0168095 -0.15439434 -0.14404754
v -0.02007426 0.09607244 -0.13199858
v -0.02057546 0.09642641 -0.12287869
v -0.01646183 0.0962731 -0.0935609
v -0.01605719 0.09657466 -0.05237515
v -0.01588222 0.09673455 -0.01404266
v -0.01658393 0.09680814 0.00085328
v -0.01687841 0.09683514 0.02112362
v -0.01601565 0.09681777 0.04018329
v -0.01591461 0.09691743 0.06697949
v -0.01753043 -0.05548942 0.06041642
v -0.01577958 -0.05391967 0.05609339
v -0.01848927 0.09669777 0.09625731
v -0.04131751 0.19866528 -0.15997562
v -0.03665449 0.18664248 -0.14746077
v -0.03873075 0.17614974 -0.14731656
v -0.02835647 0.129342 -0.14713463
v -0.02972632 0.02934075 -0.14697783
v -0.01842803 -0.15386793 -0.14577559
v -0.02210476 0.09683527 -0.12883873
v -0.03896849 0.09626879 -0.11890012
v -0.01912638 -0.04857273 0.05556567
v -0.02534662 -0.03970975 0.05605865
v -0.02376769 -0.05531062 0.0591387
v -0.02462642 -0.05582233 0.06992454
v -0.0225565 -0.05572424 0.07766975
v -0.02276289 -0.05528008 0.08082234
v -0.0418608 0.19978426 0.1604428
v -0.02629719 -0.15347894 -0.144035
v -0.03468953 0.09652383 -0.01080748
v -0.02803552 -0.05063735 0.05577156
v -0.03021756 -0.05343051 0.05592641
v -0.01700575 -0.05304275 0.05512242
v -0.02927242 -0.05480491 0.05761677
v -0.03021756 -0.05343051 0.05592641
v -0.03226157 -0.05559835 0.0798662
v -0.03969385 0.09663198 0.08853618
v -0.02559618 0.09619181 0.13994002
v -0.05518063 0.09622724 0.14684157
v -0.05518063 0.09622724 0.14684157
v -0.04466108 0.20249793 -0.16023512
v -0.04818235 0.15902233 -0.14723474
v -0.04244751 0.08759058 -0.14712411
v -0.04685241 0.0561997 -0.14710602
v -0.02610338 -0.15092978 -0.13423672
v -0.04400533 0.09683943 -0.12892613
v -0.04500081 0.19146197 -0.14941059
v -0.04318689 0.18985152 -0.14732645
v -0.04596946 0.14684585 -0.14717768
v -0.05384085 0.01176059 -0.14694853
v -0.03938469 -0.12382825 -0.14615683
v -0.03795679 -0.05585536 0.06869882
v -0.04010304 -0.05585501 0.07704058
v -0.05045696 0.09607524 0.14432208
v -0.0589651 0.19616388 -0.15904392
v -0.0589651 0.19616388 -0.15904392
v -0.04318689 0.18985152 -0.14732645
v -0.0532725 0.11376069 -0.14718238
v -0.05279117 -0.04047469 -0.14665359
v -0.07132164 -0.0801249 -0.14625779
v -0.0429351 -0.09425633 -0.14624396
v -0.0556513 -0.15091023 -0.1457136
v -0.05304744 -0.15141268 -0.14033045
v -0.0465479 -0.15062375 -0.13423197
v -0.04128065 0.09646944 -0.12441865
v -0.04143573 0.09608265 -0.10238313
v -0.03995135 0.09615242 -0.07866834
v -0.04129685 0.09635834 -0.04073074
v -0.03897202 0.096571 0.04059702
v -0.03839339 -0.03967588 0.05612887
v -0.04663162 -0.04043884 0.05586415
v -0.05677355 -0.0506459 0.0556515
v -0.04436314 -0.05540063 0.05895872
v -0.05033781 0.09647919 0.11971547
v -0.05054193 0.09627429 0.13953297
v -0.05398862 0.19414601 0.15447786
v -0.06464761 0.04177462 -0.14712676
v -0.07244568 -0.12607263 -0.14600061
v -0.05117784 0.09625067 -0.06464828
v -0.06318536 -0.0551578 0.08059815
v -0.07948329 0.22059238 -0.16029894
v -0.05819156 -0.15166087 -0.14373873
v -0.0500537 0.09652129 0.02043605
v -0.06484462 -0.05502448 0.05711785
v -0.06316274 0.09674756 0.07295742
v -0.05652042 0.19092663 0.14930528
v -0.07349676 0.17110956 -0.14737053
v -0.05981361 -0.0657457 -0.14643289
v -0.07577928 -0.14796937 -0.14574873
v -0.0560615 -0.15172212 -0.14540827
v -0.0560615 -0.15172212 -0.14540827
v -0.06675196 0.19834252 0.16014086
v -0.0332455 0.19823696 0.15998296
v -0.0418608 0.19978426 0.1604428
v -0.07512056 0.09639885 -0.10584556
v -0.07590483 0.09656059 -0.11885206
v -0.06060062 -0.05370452 0.05594087
v -0.06718385 0.09667711 0.04345255
v -0.06484462 -0.05502448 0.05711785
v -0.06348746 -0.05575751 0.0678073
v -0.08564615 -0.05559168 0.07748413
v -0.06379668 0.18634427 -0.14745088
v -0.0652466 0.19001614 -0.14723068
v -0.06624424 0.13963532 -0.14720532
v -0.08044802 -0.02261176 -0.14677319
v -0.06135298 -0.15078881 -0.13641734
v -0.06713476 0.09675983 -0.12639371
v -0.06922276 0.09648377 -0.03111757
v -0.0652466 0.19001614 -0.14723068
v -0.06964265 0.12840857 -0.14724794
v -0.07614385 0.08509327 -0.14720753
v -0.0707206 0.06659532 -0.14718199
v -0.08145873 0.02257082 -0.14706144
v -0.07305454 0.09656794 -0.00050411
v -0.0648647 -0.04047342 0.05580954
v -0.06873471 -0.03967931 0.05599014
v -0.07938468 0.09669895 0.13880773
v -0.12139525 0.23356199 -0.16053121
v -0.07297851 0.21014072 -0.16016193
v -0.10968608 0.20240662 -0.16013466
v -0.10522085 0.19868103 -0.15994287
v -0.07788118 0.19443241 -0.15502582
v -0.07447002 -0.15041973 -0.13433439
v -0.08025561 0.09637861 -0.0870086
v -0.07950823 0.09642981 -0.05879863
v -0.07396735 -0.05537377 0.05864727
v -0.08606766 0.09672017 0.11668387
v -0.07216831 0.19139485 0.14945734
v -0.08715391 0.15534227 -0.14732598
v -0.08742315 -0.15096886 -0.14517035
v -0.08742315 -0.15096886 -0.14517035
v -0.08139993 0.09645387 0.14691085
v -0.07770251 0.19469178 0.15431343
v -0.07758716 0.19992927 0.16073087
v -0.11280505 0.23009995 -0.16041802
v -0.09666228 0.19193414 -0.1494993
v -0.0827425 0.11343277 -0.14729476
v -0.09286707 -0.05283893 -0.14652383
v -0.08670728 -0.10501717 -0.1460439
v -0.08928088 -0.14092341 -0.14581352
v -0.11074629 0.03449911 -0.14719719
v -0.08580232 -0.05559018 0.06785119
v -0.09925456 0.13707015 -0.1472979
v -0.0866918 0.05181548 -0.14720914
v -0.0654027 0.09515949 -0.13471323
v -0.09480447 0.09681432 -0.12448087
v -0.09571248 0.0965831 -0.0281464
v -0.09364774 -0.05493189 0.05710092
v -0.09364774 -0.05493189 0.05710092
v -0.09798606 0.09674001 0.03428935
v -0.09113966 0.09685422 0.08011391
v -0.09461442 0.09679252 0.10169899
v -0.07980704 0.09702357 0.14765146
v -0.10716274 0.19961385 0.16075413
v -0.10327642 0.19016373 -0.14729394
v -0.10209405 0.10212576 -0.147295
v -0.10904921 0.09564502 -0.13488266
v -0.11069039 -0.03967587 0.05599979
v -0.11365854 -0.05370451 0.05599105
v -0.11005546 0.2084482 -0.16009343
v -0.09670269 -0.09326437 -0.14608204
v -0.13747329 0.0965222 -0.10319076
v -0.10380085 0.09647951 -0.06478094
v -0.10784204 -0.04043906 0.05588913
v -0.11669305 0.09685434 0.13895825
v -0.12178814 0.16819482 -0.14745662
v -0.10161175 0.07246239 -0.1472379
v -0.11155138 -0.05527633 0.05836694
v -0.13188234 0.09689108 0.06768733
v -0.12525505 -0.05541736 0.07985808
v -0.11935826 0.19165836 0.14956456
v -0.11526786 0.1962451 -0.15904017
v -0.11526786 0.1962451 -0.15904017
v -0.10327642 0.19016373 -0.14729394
v -0.12193364 -0.07401672 -0.1462604
v -0.11352251 0.0966703 -0.00185904
v -0.11097533 -0.05073996 0.0557165
v -0.10800119 -0.00088375 -0.14691219
v -0.13308015 -0.04354763 -0.14658697
v -0.11242611 -0.12232075 -0.14592452
v -0.12876759 0.23532675 -0.16047461
v -0.12149636 0.12238842 -0.14736408
v -0.12529939 -0.09692669 -0.14607275
v -0.1268315 -0.13141884 -0.14578924
v -0.13381971 -0.14824614 -0.14538635
v -0.12480102 0.09677578 -0.12433197
v -0.12444579 0.09663217 -0.11648194
v -0.12610066 0.0966064 0.14695118
v -0.12443608 0.19491944 0.15437663
v -0.13351755 -0.15029933 -0.13439246
v -0.13897294 0.09648898 -0.08472038
v -0.119746 -0.05489491 0.05685849
v -0.119746 -0.05489491 0.05685849
v -0.11843957 -0.05555623 0.07730985
v -0.12845753 -0.05514972 0.08053352
v -0.11867462 0.09681572 0.11879534
v -0.13370147 0.1439442 -0.14737695
v -0.0556513 -0.15091023 -0.1457136
v -0.12677248 0.0965602 -0.04687179
v -0.13455889 -0.04504365 0.05569619
v -0.12523365 0.09708628 0.14770901
v -0.13642621 0.00255079 -0.14697327
v -0.14802659 -0.15027346 -0.14512275
v -0.14802659 -0.15027346 -0.14512275
v -0.13319822 0.09680605 0.04250071
v -0.12609127 -0.05544169 0.06767176
v -0.13611403 0.18999361 -0.14740688
v -0.13611403 0.18999361 -0.14740688
v -0.14208175 0.09667869 -0.0046794
v -0.13427272 -0.05506295 0.05834278
v -0.13782059 0.19608055 -0.15906264
v -0.13782059 0.19608055 -0.15906264
v -0.13552749 0.19429918 -0.15507637
v -0.1351393 0.19164048 -0.14938304
v -0.13865179 0.09680005 0.13921334
v -0.13854289 0.04531406 -0.1472967
v -0.14583564 -0.10543131 -0.14599714
v -0.15350074 -0.13838036 -0.14560634
v -0.15981556 0.23035452 -0.16036953
v -0.15790513 0.21821178 -0.16023579
v -0.16935982 0.19880462 -0.16008665
v -0.14764324 0.0332379 -0.14723963
v -0.15660506 -0.11747734 -0.14589667
v -0.22269329 -0.15019482 -0.13970417
v -0.16615948 0.20219164 -0.16024853
v -0.15124041 0.12395426 -0.14742693
v -0.14155717 -0.04052078 0.05565096
v -0.15067382 -0.05065946 0.05548518
v -0.16734074 0.09679621 0.13965705
v -0.16885455 0.09657028 0.14704894
v -0.16337927 0.15975487 -0.14749277
v -0.16590838 -0.03401024 -0.14667735
v -0.16076992 0.09573524 -0.13491392
v -0.1708311 -0.03999656 0.05568454
v -0.16568223 -0.05501233 0.05814894
v -0.15691051 0.19166827 0.14943534
v -0.1588828 0.06074011 -0.14731571
v -0.16114756 -0.01242682 -0.14686635
v -0.17179543 -0.07045752 -0.14624985
v -0.15233296 0.09655695 -0.0491595
v -0.15301509 0.19176479 -0.14958477
v -0.15301509 0.19176479 -0.14958477
v -0.14936656 0.18945383 -0.14749125
v -0.16035144 0.10676574 -0.14742844
v -0.15958843 -0.1272622 -0.14575979
v -0.15801394 0.09678615 -0.12471746
v -0.16426292 0.09663914 -0.11683774
v -0.16995358 -0.05541717 0.06850271
v -0.17259972 0.14276956 -0.14741623
v -0.16444707 -0.04491926 0.05565418
v -0.1749662 -0.05553591 0.07778959
v -0.1676825 0.09653863 -0.06854297
v -0.16903988 0.09699187 0.14783524
v -0.17310449 0.19482791 0.15430026
v -0.18276045 0.1723417 -0.14756709
v -0.20584147 -0.1501561 -0.13435167
v -0.16301334 0.09681906 0.04056855
v -0.19092859 -0.05542863 0.07977792
v -0.17711107 0.19456959 -0.15558146
v -0.17000197 0.19178358 -0.14952809
v -0.17000197 0.19178358 -0.14952809
v -0.18204486 0.18912891 -0.14756314
v -0.17665224 -0.14827582 -0.14529847
v -0.17367363 0.09671199 -0.01212011
v -0.18613249 -0.05380162 0.05593781
v -0.19555092 -0.054955 0.05684279
v -0.19555092 -0.054955 0.05684279
v -0.18834355 0.23347473 -0.16044736
v -0.19174017 0.23526894 -0.16037451
v -0.18211594 0.19605564 -0.15908802
v -0.18211594 0.19605564 -0.15908802
v -0.19151229 0.04442706 -0.14729001
v -0.19414935 0.12028816 -0.14742506
v -0.18510273 -0.099055 -0.14592759
v -0.17570734 0.09654035 -0.0956947
v -0.18438472 0.09685792 0.02691136
v -0.19988528 0.05958533 -0.14729786
v -0.19275302 -0.03768026 -0.14661489
v -0.18368274 0.09663698 -0.05723531
v -0.18787871 -0.04508484 0.05573565
v -0.18574922 -0.05068489 0.05558791
v -0.2058208 -0.05522353 0.08030721
v -0.18800321 0.0969896 0.11047386
v -0.18084221 0.19185778 0.1494718
v -0.19997853 0.22071832 -0.160184
v -0.18974479 0.20824964 -0.1600669
v -0.19670397 0.20330785 -0.16009182
v -0.19789569 0.18601106 -0.14768223
v -0.20583495 0.17927128 -0.14757508
v -0.21233839 -0.14009599 -0.1453916
v -0.16718975 0.0968318 -0.13394822
v -0.18441881 0.09666272 -0.13395798
v -0.19647855 0.09667373 -0.1066241
v -0.20296876 0.09665771 -0.0839777
v -0.20125036 0.09702159 0.13981353
v -0.19284098 0.19213891 -0.14946483
v -0.19284098 0.19213891 -0.14946483
v -0.19985381 0.15572712 -0.14744382
v -0.1922904 -0.11932307 -0.14573196
v -0.19035105 -0.05512675 0.05818547
v -0.22932705 -0.05553744 0.06775574
v -0.20589627 0.09703507 0.12448107
v -0.18535034 0.19514847 0.15415725
v -0.21202187 0.09693773 -0.12242383
v -0.21275002 0.09689856 0.00175726
v -0.19118814 -0.0399258 0.05565736
v -0.19850098 0.0968705 0.14411838
v -0.19991687 0.09687034 0.14702384
v -0.18546124 0.19239147 0.14962231
v -0.19488764 0.19601554 -0.15908863
v -0.19488764 0.19601554 -0.15908863
v -0.19314925 0.19448839 -0.15473647
v -0.20989238 0.14092463 -0.14741793
v -0.20881978 -0.05408011 -0.14639695
v -0.20196871 -0.08011338 -0.1460427
v -0.21429908 0.09738968 0.14771959
v -0.18668415 0.19406359 0.150435
v -0.19971243 0.19446462 0.14988109
v -0.19156349 0.19522089 0.15326405
v -0.20102355 0.09678802 -0.03611525
v -0.1976967 0.19260976 -0.14973459
v -0.1976967 0.19260976 -0.14973459
v -0.1985257 0.18890898 -0.14764071
v -0.22380224 -0.14811595 -0.14513656
v -0.22509564 0.09712046 0.0593499
v -0.20559539 0.19577928 0.15358317
v -0.22685447 0.09703028 0.03687043
v -0.20830125 -0.04480357 0.05586858
v -0.21205409 -0.03996972 0.05588457
v -0.21969561 -0.05073494 0.05573043
v -0.23130244 -0.05563841 0.07741145
v -0.23339085 0.20316432 -0.16003497
v -0.23655482 0.19891541 -0.15990074
v -0.20963514 0.19463478 -0.15119143
v -0.21028566 0.19229709 -0.14908029
v -0.20950893 -0.09483971 -0.14586914
v -0.22424674 -0.12684259 -0.14559352
v -0.22885956 -0.15014111 -0.14477643
v -0.22885956 -0.15014111 -0.14477643
v -0.22910781 0.09697342 -0.13410763
v -0.24014038 -0.05387348 0.05601779
v -0.25987887 0.23003973 -0.16030312
v -0.22446473 0.18891953 -0.14759305
v -0.24300849 0.04105831 -0.14731517
v -0.2497313 0.16686356 -0.14750254
v -0.23298289 -0.03953049 -0.14657038
v -0.2446066 0.09670842 -0.09765267
v -0.24018076 0.22204372 -0.16019446
v -0.23228925 0.12465309 -0.14741085
v -0.22890112 0.0008692 -0.1469408
v -0.22378108 -0.10742433 -0.14578223
v -0.24732044 0.09680797 -0.11464147
v -0.23216107 0.09678701 -0.05842272
v -0.23383558 0.09690246 -0.01977038
v -0.26546332 0.23343809 -0.16041562
v -0.23444542 -0.05524661 0.05828683
v -0.28047973 0.23540644 -0.16034791
v -0.23487738 0.20790343 -0.16000311
v -0.2252561 0.19224939 -0.14920998
v -0.24441762 0.10705522 -0.14741105
v -0.24696928 -0.06694526 -0.14624465
v -0.24738176 -0.08805177 -0.14599116
v -0.24957186 0.09698394 -0.12423759
v -0.24895857 -0.04507705 0.05582168
v -0.24909241 0.09711819 0.13967732
v -0.25224972 0.20076138 0.16078089
v -0.24451068 0.17971942 -0.14758088
v -0.24161109 0.02670345 -0.14719023
v -0.25318369 -0.15019278 -0.13435186
v -0.25794095 0.09710041 0.03518608
v -0.25495255 -0.03995784 0.05577137
v -0.24284193 0.09721068 0.0875726
v -0.25687122 0.19471736 0.14984192
v -0.25405282 0.19593707 0.15354551
v -0.23969008 0.19613627 -0.1590174
v -0.23969008 0.19613627 -0.1590174
v -0.23941374 0.06603141 -0.14731023
v -0.25829494 0.09715089 0.11557283
v -0.24614491 0.1946816 -0.15134227
v -0.25362736 0.18609829 -0.14775237
v -0.25827986 -0.05506578 0.05672843
v -0.25827986 -0.05506578 0.05672843
v -0.25882044 0.09693892 0.14692262
v -0.25551206 -0.02114606 -0.14678997
v -0.25554445 -0.10918793 -0.14584389
v -0.29842138 -0.05538786 0.07960299
v -0.27170628 0.20807117 -0.16006069
v -0.25181112 0.19236131 -0.14933141
v -0.2551505 0.15113324 -0.14743909
v -0.26968789 0.09633042 -0.14741357
v -0.27104282 0.09724606 0.06962781
v -0.24842814 0.18893549 -0.14769782
v -0.26331693 0.13207597 -0.14744109
v -0.26820809 -0.12890479 -0.14562145
v -0.28255427 -0.15018268 -0.14487833
v -0.2785596 0.09676778 -0.11002453
v -0.27633139 0.09687546 -0.03288404
v -0.26512855 0.09698646 0.00211689
v -0.27061683 0.19467285 -0.15169156
v -0.27964151 -0.0038953 -0.14699526
v -0.25799686 0.09675196 -0.13381808
v -0.27066195 0.19581325 -0.15900767
v -0.27066195 0.19581325 -0.15900767
v -0.27544582 0.03362276 -0.14730556
v -0.26400572 -0.04865694 -0.14652535
v -0.28067091 -0.14814773 -0.14521341
v -0.28198582 0.09675997 -0.07312287
v -0.29676157 -0.05515446 0.05845014
v -0.29655269 -0.05545877 0.06797133
v -0.29852018 -0.05511924 0.08030916
v -0.26311532 0.19644409 0.15700474
v -0.28210747 0.20273301 -0.16008647
v -0.27116695 0.18895921 -0.14764436
v -0.27686727 0.11495712 -0.14747339
v -0.27222073 0.0630747 -0.14736523
v -0.29278511 0.17963751 -0.14756741
v -0.28540742 -0.05070091 0.0554928
v -0.28513271 0.02143422 -0.14718425
v -0.28888565 -0.15024561 -0.14013697
v -0.27935886 0.09694367 -0.12454101
v -0.29051918 0.09726135 0.08212982
v -0.29957119 0.09745777 0.14769675
v -0.29103297 0.15276815 -0.14742771
v -0.28226995 0.14143205 -0.14741877
v -0.28776655 -0.03575331 -0.14671762
v -0.2864069 -0.07996094 -0.14614628
v -0.28842443 0.0971873 0.11027505
v -0.30725819 0.22165729 -0.16016126
v -0.27976438 0.19227955 -0.14944915
v -0.29148227 0.09677935 -0.13389906
v -0.29395348 0.09711308 0.03340312
v -0.29835373 -0.05502716 0.05672386
v -0.29835373 -0.05502716 0.05672386
v -0.29776919 -0.05557661 0.07734526
v -0.29396519 -0.10362989 -0.14591685
v -0.31428543 -0.14804417 -0.1452941
v -0.31083202 -0.15024264 -0.13423502
v -0.29956052 0.09673849 -0.09371772
v -0.30374345 0.09707481 0.14003548
v -0.31410712 0.19900283 -0.15993442
v -0.30167499 0.19460063 -0.1512593
v -0.31123847 0.18606076 -0.14763288
v -0.29977864 0.08507544 -0.14735247
v -0.29352835 -0.05475485 -0.14649507
v -0.33133566 -0.04490238 0.05569625
v -0.30026275 -0.03996371 0.05569585
v -0.30597469 -0.0538341 0.05587827
v -0.29611963 0.19643916 0.15703915
v -0.31052807 0.20099273 0.16062385
v -0.30922949 0.20568188 -0.16004902
v -0.30431503 0.18907267 -0.14753826
v -0.29855406 -0.12277577 -0.14573318
v -0.30443811 -0.14053211 -0.1454652
v -0.30311388 0.19588324 0.15334278
v -0.30400658 0.19469367 0.14968152
v -0.30465978 -0.02858686 -0.14676806
v -0.31317675 -0.06647089 -0.14627814
v -0.30872861 0.09708992 -0.12561576
v -0.30623564 0.09692504 0.14452872
v -0.31608251 0.09700266 0.14696318
v -0.33568975 0.21384418 -0.16004211
v -0.30344886 0.19215715 -0.14893657
v -0.32218361 0.09687821 -0.11589413
v -0.3308652 0.0967833 -0.09774894
v -0.30955499 0.09723727 0.09551234
v -0.31921014 0.19610105 -0.1590454
v -0.31921014 0.19610105 -0.1590454
v -0.31470323 -0.0941958 -0.14595336
v -0.3103233 0.09634566 -0.13376488
v -0.32532772 0.15801471 -0.14741825
v -0.33046106 0.14298455 -0.14738283
v -0.33020586 0.08952061 -0.14730862
v -0.32424229 -0.03395911 -0.14662996
v -0.32927707 -0.11126763 -0.14579523
v -0.37388298 -0.15025851 -0.14499621
v -0.37388298 -0.15025851 -0.14499621
v -0.31916213 0.09679642 -0.07502927
v -0.3305335 0.09713846 0.05781595
v -0.32670036 0.09716926 0.10893383
v -0.31636354 0.19206221 -0.14814229
v -0.32262179 0.19461401 -0.14994676
v -0.31352964 0.18922123 -0.14758632
v -0.32566205 0.17261136 -0.1474788
v -0.32321501 0.09689279 -0.01805312
v -0.33019242 -0.04049437 0.05572551
v -0.32267383 -0.05540406 0.05673609
v -0.32267383 -0.05540406 0.05673609
v -0.31772423 -0.05572403 0.07760189
v -0.33304712 0.09719146 0.08602731
v -0.33596468 0.09706593 0.12683737
v -0.32262179 0.19461401 -0.14994676
v -0.33976623 0.09681478 -0.04325693
v -0.33809578 0.09697293 0.01302272
v -0.32073212 -0.05566279 0.06918783
v -0.32152498 -0.05561061 0.07984292
v -0.33344394 -0.0553925 0.08050227
v -0.32572463 0.19492234 0.14960557
v -0.32706773 0.19656292 0.15472142
v -0.33699304 0.18416809 -0.1475396
v -0.33615386 -0.05658783 -0.14636149
v -0.33574554 -0.05068257 0.05558477
v -0.35365683 0.20471647 -0.16001619
v -0.36082256 0.19895768 -0.15979025
v -0.33029887 -0.08673757 -0.14598972
v -0.3571597 0.09680168 -0.06568264
v -0.35290197 -0.05386435 0.05589616
v -0.38875592 0.22984582 -0.16020063
v -0.38882688 0.23358972 -0.16032414
v -0.34044895 0.19208691 -0.14794266
v -0.34868383 -0.11721018 -0.14578038
v -0.363089 -0.1503327 -0.13424313
v -0.34104133 0.09629842 -0.13359468
v -0.36086452 -0.05569604 0.07086038
v -0.3680712 -0.05570723 0.07961625
v -0.33072612 0.19649681 0.15433916
v -0.36268428 0.19627072 -0.15893961
v -0.36268428 0.19627072 -0.15893961
v -0.34887305 -0.03144019 -0.14662118
v -0.36796021 0.09701856 -0.12334641
v -0.37138295 0.09680878 -0.10341273
v -0.35799167 -0.0554019 0.05834477
v -0.3694354 0.23540437 -0.16028623
v -0.35794914 0.17398916 -0.1474591
v -0.36822233 0.12758547 -0.14739928
v -0.35629231 -0.09232467 -0.14598994
v -0.37000677 0.09685755 -0.02294558
v -0.35636175 -0.05521032 0.05676061
v -0.35636175 -0.05521032 0.05676061
v -0.35413772 0.09695293 0.13972333
v -0.36960319 0.15853748 -0.14740387
v -0.36281168 0.05842494 -0.14726225
v -0.37996846 0.0086282 -0.14695708
v -0.36716425 -0.07090741 -0.14620921
v -0.37751031 -0.13936141 -0.14551531
v -0.37561828 -0.14818744 -0.14532022
v -0.37053153 0.09692301 0.00567526
v -0.37047687 0.09708618 0.05485888
v -0.35902789 0.09676861 0.14434545
v -0.38135305 0.09741563 0.14747386
v -0.37188992 0.19656806 0.15425049
v -0.35779437 0.1949517 0.14962058
v -0.37317938 0.18901572 -0.14759897
v -0.37355536 -0.0493585 -0.14647219
v -0.36069623 -0.040309 0.05556167
v -0.37220722 0.09689739 0.14690961
v -0.37390703 0.2015913 -0.15991683
v -0.3787353 0.07874369 -0.14730701
v -0.37660679 0.22031246 -0.16010506
v -0.38094583 0.18368018 -0.14753126
v -0.38138753 0.09712067 0.07942683
v -0.37507594 0.09710236 0.10447328
v -0.37779909 -0.01570454 -0.14675637
v -0.36779228 0.09526674 -0.13471179
v -0.36366305 -0.05066176 0.05541793
v -0.37200809 0.19458576 -0.14999665
v -0.37200809 0.19458576 -0.14999665
v -0.38730079 0.18707064 -0.14764568
v -0.39023179 -0.09525397 -0.14598599
v -0.38765416 -0.12392542 -0.14575885
v -0.40507704 0.21620789 -0.16007698
v -0.3840546 0.09683438 -0.03836855
v -0.37381002 -0.05552792 0.05660773
v -0.39179111 -0.05592944 0.06907736
v -0.38689622 0.09700306 0.1297673
v -0.38864279 0.09701679 0.14034072
v -0.39723024 0.20470326 -0.16000615
v -0.37975863 0.19207259 -0.14789476
v -0.38848987 0.1005761 -0.14738478
v -0.41069022 -0.15023087 -0.13427708
v -0.38351315 -0.05438016 0.05593109
v -0.37381002 -0.05552792 0.05660773
v -0.38016239 -0.04033395 0.05567539
v -0.40641457 -0.03570491 -0.14662005
v -0.40039638 0.09678361 -0.08761944
v -0.40156221 -0.05594996 0.07728381
v -0.39074931 0.09689975 0.14437693
v -0.39274552 0.19479887 0.14957908
v -0.38409424 0.19461256 -0.14982267
v -0.38409424 0.19461256 -0.14982267
v -0.3957113 0.11679541 -0.14740746
v -0.3964335 0.09706677 -0.12387262
v -0.39423269 0.09693097 0.01674559
v -0.38802099 -0.05074293 0.05555296
v -0.39147508 -0.0559056 0.05635567
v -0.39256695 -0.05584753 0.06148752
v -0.3904309 0.18939589 -0.14759591
v -0.39147508 -0.0559056 0.05635567
v -0.40861106 0.09698571 0.11723163
v -0.40696833 -0.11357633 -0.14591023
v -0.40383473 0.09519123 -0.13465157
v -0.42603999 0.19649366 0.15421401
v -0.42817616 0.19893874 -0.15959352
v -0.43013784 0.19645342 -0.15875874
v -0.43013784 0.19645342 -0.15875874
v -0.42612779 0.18286122 -0.14747871
v -0.41902143 -0.07922377 -0.14616457
v -0.41127452 0.09685205 -0.10933646
v -0.41437614 0.09680447 -0.06782573
v -0.42227781 -0.05581504 0.07991733
v -0.41085348 0.19212088 -0.14789546
v -0.41697434 0.09685156 -0.02153009
v -0.41917223 0.09695405 0.03835472
v -0.41142669 -0.04015933 0.05553902
v -0.41581681 -0.04519286 0.05558848
v -0.41326305 -0.05434762 0.05589874
v -0.4224503 0.09703577 0.06719208
v -0.41066366 0.09706473 0.08325189
v -0.43021622 0.09697079 0.14691015
v -0.44009054 0.23545857 -0.16033918
v -0.43912756 0.20200929 -0.15997589
v -0.42468518 0.19452156 -0.14969596
v -0.42468518 0.19452156 -0.14969596
v -0.42489713 0.10084978 -0.14738408
v -0.41851825 -0.02187266 -0.14673442
v -0.42485803 -0.06170506 -0.14635813
v -0.42900902 -0.10393218 -0.14600402
v -0.41220757 -0.05067993 0.05549768
v -0.42899486 -0.05596001 0.07595267
v -0.43307948 -0.05555231 0.08067329
v -0.44955605 0.09763031 0.1475803
v -0.42844167 0.18961951 -0.14759699
v -0.4421224 -0.15026505 -0.13403657
v -0.43368584 -0.05573373 0.05806592
v -0.42651361 0.09695254 0.1399778
v -0.43011698 0.0968632 0.14421672
v -0.44052303 0.20433727 -0.16006163
v -0.43167394 0.18663053 -0.14762716
v -0.43875313 -0.13542506 -0.14576897
v -0.44523436 0.09678896 -0.09941464
v -0.4231813 -0.05575978 0.0565027
v -0.4231813 -0.05575978 0.0565027
v -0.43534496 0.19480476 0.14959952
v -0.43758681 -0.14813828 -0.14550622
v -0.44004381 -0.15021688 -0.14509812
v -0.44004381 -0.15021688 -0.14509812
v -0.43199891 0.09681588 -0.05011695
v -0.42819336 0.09690473 0.02094864
v -0.43758577 0.09694941 0.11424029
v -0.43323603 0.19211872 -0.14769144
v -0.43979412 -0.01119095 -0.146752
v -0.43581727 -0.05065203 0.05566001
v -0.44860369 0.21635874 -0.16013283
v -0.44651896 0.121723 -0.14737678
v -0.43956876 -0.04701759 -0.14649621
v -0.44645333 -0.11863951 -0.14598753
v -0.44895244 -0.0396328 0.05613001
v -0.44611055 -0.04044997 0.05594986
v -0.43357646 -0.05403367 0.05595062
v -0.47415885 0.23357709 -0.1604491
v -0.47150147 0.22914073 -0.16030309
v -0.44427034 0.1574215 -0.1473873
v -0.46756724 0.13905169 -0.14737596
v -0.44424245 0.19484954 -0.14954473
v -0.44424245 0.19484954 -0.14954473
v -0.46359548 0.17886958 -0.14754216
v -0.44187304 0.09689654 -0.01877808
v -0.44847757 0.09703535 0.02787561
v -0.46229562 -0.0561447 0.07729079
v -0.44910371 0.19912252 -0.15936995
v -0.45785767 0.19234867 -0.14780618
v -0.45560944 0.1885144 -0.14778474
v -0.45248619 -0.06837861 -0.14626466
v -0.45091534 0.09702098 0.07048354
v -0.45414075 -0.0536787 0.05593732
v -0.44279981 -0.05535585 0.05695627
v -0.44279981 -0.05535585 0.05695627
v -0.46519315 -0.05614959 0.06787288
v -0.45231044 -0.0559337 0.07994937
v -0.45852792 0.09697235 0.13978513
v -0.44417331 0.19702546 0.15454336
v -0.44187671 0.20085064 0.16043869
v -0.45459288 0.03277897 -0.14703105
v -0.45570737 -0.08559915 -0.14612509
v -0.47054926 0.09693875 0.11487038
v -0.46094155 0.19708541 -0.1582129
v -0.46144092 -0.03708735 -0.14654794
v -0.45787272 -0.10017228 -0.14607899
v -0.46760538 -0.14832062 -0.14579578
v -0.46147376 -0.15024383 -0.14536124
v -0.45404524 0.097009 -0.02211366
v -0.45726299 0.20169777 -0.15991366
v -0.46127141 -0.05510258 0.05759563
v -0.4675816 0.09701512 0.14705886
v -0.46331421 0.1948767 -0.14934738
v -0.46331421 0.1948767 -0.14934738
v -0.4588998 0.00306623 -0.14681241
v -0.46430182 -0.06147794 -0.14637612
v -0.46842682 0.09719326 -0.11586427
v -0.4579885 -0.03936074 0.05585575
v -0.47922698 0.20673713 -0.16011406
v -0.46308511 0.19873431 -0.15891358
v -0.46372107 0.09731521 -0.12444389
v -0.46766478 0.09721654 0.0262985
v -0.46309531 -0.05578029 0.08046655
v -0.46662003 0.09703298 0.09459084
v -0.46777895 0.09688228 0.1445152
v -0.46570721 0.19287489 -0.14755125
v -0.46615592 0.10126956 -0.14734355
v -0.46806043 0.18934813 -0.14769828
v -0.46695238 0.06516664 -0.14719966
v -0.4698481 0.00135675 -0.14679003
v -0.47200322 -0.11665614 -0.14612681
v -0.47186443 -0.150608 -0.14322062
v -0.47005966 -0.15019757 -0.13398251
v -0.46749273 0.09714128 -0.02846844
v -0.46682072 0.09712009 0.0589749
v -0.46545166 -0.03999755 0.05576588
v -0.47105092 -0.03849579 0.05730451
v -0.47212434 0.0975704 0.14786297
v -0.46308511 0.19873431 -0.15891358
v -0.47502312 0.19489712 -0.14905877
v -0.46570721 0.19287489 -0.14755125
v -0.47138143 0.09813334 -0.13118666
v -0.47224462 0.09749371 -0.12369218
v -0.46739003 -0.04037179 0.05592347
v -0.4698118 -0.05579856 0.05796714
v -0.47260028 -0.05646407 0.07762714
v -0.47271168 -0.05622172 0.08003876
v -0.47109368 0.09716223 0.1379004
v -0.47817442 0.19531912 0.14976464
v -0.4774296 0.19394286 -0.14740191
v -0.4743216 0.12597832 -0.14730486
v -0.48004645 0.07831311 -0.14713627
v -0.48008522 0.18894251 -0.14749429
v -0.47917831 0.16209716 -0.14730541
v -0.47954556 0.04538466 -0.14702201
v -0.47448227 -0.05683693 -0.14641622
v -0.47417283 -0.08755414 -0.14619105
v -0.47984737 -0.14824279 -0.14614959
v -0.47703952 -0.15057069 -0.14569551
v -0.47703952 -0.15057069 -0.14569551
v -0.47457564 0.09701703 -0.11362269
v -0.47326162 0.09688213 -0.10627015
v -0.47458139 0.09688242 0.02916273
v -0.47455886 0.09676906 0.05525208
v -0.47278312 -0.03965862 0.05669978
v -0.47264317 -0.0444976 0.05573586
v -0.47226015 -0.05380881 0.05634315
v -0.47226015 -0.05380881 0.05634315
v -0.47262895 -0.05600874 0.06070925
v -0.47460663 0.09694242 0.07505778
v -0.47266546 -0.05650167 0.07020098
v -0.47297239 0.0972444 0.1440727
v -0.47690064 0.19680935 -0.15436436
v -0.48333511 0.19911006 -0.1590744
v -0.48095545 0.11187351 -0.1472654
v -0.4774296 0.19394286 -0.14740191
v -0.47980905 -0.00062209 -0.14674872
v -0.48231441 -0.12989742 -0.14621472
v -0.47598898 -0.15088312 -0.1441638
v -0.47448102 -0.14977995 -0.13447529
v -0.47472203 0.0977454 -0.13113053
v -0.47506046 0.09622386 -0.11179253
v -0.47498396 0.09600425 -0.09552918
v -0.47486094 0.09589597 -0.06517626
v -0.47482991 0.09615286 -0.05031645
v -0.47490278 -0.04451198 0.05537928
v -0.47499853 -0.03965337 0.05614633
v -0.47485146 -0.05009579 0.05536606
v -0.47513086 -0.05440658 0.05626184
v -0.47532976 -0.05769112 0.07582149
v -0.47533473 -0.05710175 0.08030637
v -0.47465548 0.09686865 0.12829921
v -0.47469422 0.09760453 0.14239852
v -0.47515967 0.09663626 0.1440644
v -0.47554725 0.0968271 0.14721596
v -0.47891265 0.19872878 0.1587126
v -0.49889481 0.2356932 -0.16013929
v -0.48635685 0.19550793 -0.14911187
v -0.48361188 -0.02536174 -0.14656298
v -0.48370823 -0.09256824 -0.1462158
v -0.47640923 -0.15713656 -0.14561485
v -0.47777149 -0.15863051 -0.14618243
v -0.47678238 -0.1743515 -0.14600725
v -0.47796717 -0.18296622 -0.14648236
v -0.47699976 -0.20583364 -0.14615916
v -0.47802946 -0.21054205 -0.14656618
v -0.47739992 -0.23498034 -0.14584941
v -0.47854391 -0.23342212 -0.14641234
v -0.47721365 -0.23558573 -0.1432322
v -0.47730166 -0.23620762 -0.13899837
v -0.47697499 -0.23628378 -0.12608358
v -0.47719139 -0.23633389 -0.10079674
v -0.47834951 -0.23663989 -0.05158886
v -0.47814494 -0.23666589 -0.01546608
v -0.48666814 0.19695199 0.15370899
v -0.49552977 0.23327611 -0.16032183
v -0.48578957 0.19420768 -0.14761819
v -0.48578957 0.19420768 -0.14761819
v -0.48429179 0.02318791 -0.14676139
v -0.48085281 -0.1566314 -0.14630875
v -0.47739992 -0.23498034 -0.14584941
v -0.48256001 -0.23648958 -0.13952675
v -0.490603 -0.23694557 -0.05115291
v -0.48760927 -0.23707448 0.07307592
v -0.48733288 -0.23713022 0.13373595
v -0.48592409 -0.23704138 0.14414491
v -0.48896897 0.19828184 0.15809476
v -0.49583623 0.20887999 -0.16032805
v -0.48924291 0.19966131 -0.15986332
v -0.48779321 0.19857627 -0.1587864
v -0.4877522 0.19725081 -0.15461172
v -0.48772389 0.19481565 -0.14761586
v -0.48785424 0.185555 -0.14711477
v -0.48769879 -0.02934561 -0.14661354
v -0.48774001 -0.08988492 -0.14635298
v -0.48772711 -0.14821862 -0.14649256
v -0.49049988 -0.15654735 -0.14643656
v -0.49042246 -0.18039748 -0.14654985
v -0.49058238 -0.23693287 -0.00819057
v -0.49057296 -0.23701924 0.04674101
v -0.48752525 -0.23703264 0.11301091
v -0.49101812 -0.23731126 0.14821905
v -0.48789591 0.1957638 0.15034138
v -0.49386823 0.19877204 -0.15874498
v -0.49161279 0.19780956 -0.15506941
v -0.49238095 0.19721711 -0.15024963
v -0.48772389 0.19481565 -0.14761586
v -0.49062482 0.19607802 -0.14739269
v -0.49062482 0.19607802 -0.14739269
v -0.49002552 0.19374827 -0.14680676
v -0.49050006 0.19034387 -0.146531
v -0.49034467 0.02018927 -0.14643666
v -0.49045324 -0.08813148 -0.14623976
v -0.49028689 -0.23621587 -0.14674093
v -0.49066237 -0.23685868 -0.08082412
v -0.49060589 -0.23722014 0.07538723
v -0.49474776 0.19801362 0.15423436
v -0.49142721 0.19637361 0.150095
v -0.49859348 0.20135525 -0.16017464
v -0.49828494 0.19979642 -0.15981607
v -0.49828494 0.19979642 -0.15981607
v -0.49847358 0.19905262 -0.15633589
v -0.49376065 0.19733638 -0.14615291
v -0.49126154 0.18934228 -0.14604589
v -0.49108639 0.17871171 -0.1461643
v -0.49086055 0.12809227 -0.14625309
v -0.49088493 0.06540704 -0.14613809
v -0.4909327 -0.01959304 -0.14590071
v -0.49095428 -0.0814177 -0.14590588
v -0.49103764 -0.15497182 -0.14617401
v -0.49107537 -0.19441003 -0.14632541
v -0.49088445 -0.23126078 -0.1464816
v -0.49088445 -0.23126078 -0.1464816
v -0.49028689 -0.23621587 -0.14674093
v -0.49076495 -0.23688264 -0.14584258
v -0.49137956 0.19633439 -0.14404875
v -0.49062482 0.19607802 -0.14739269
v -0.49002552 0.19374827 -0.14680676
v -0.49120113 0.19423936 -0.14376351
v -0.49137956 0.19633439 -0.14404875
v -0.49458095 0.19775738 -0.12816437
v -0.49117073 0.18512946 -0.13669133
v -0.49106038 0.15512951 -0.13748974
v -0.49100116 0.16688304 -0.11661122
v -0.49099329 0.13092728 -0.14347252
v -0.49143627 0.19614778 -0.12400079
v -0.49143627 0.19614778 -0.12400079
v -0.49120137 0.19374508 -0.11398905
v -0.49093717 0.15349928 -0.10767683
v -0.49093971 0.11241463 -0.12143961
v -0.4915162 0.19618225 -0.09507031
v -0.4915162 0.19618225 -0.09507031
v -0.49108014 0.1783767 -0.09574169
v -0.49093691 0.08269593 -0.11243349
v -0.49506101 0.1982055 -0.08752226
v -0.49123731 0.19355324 -0.0808889
v -0.49135405 0.19008158 -0.08090472
v -0.49098277 0.16443309 -0.0864331
v -0.4910045 0.14925592 -0.06579547
v -0.49107879 0.16958354 -0.06817558
v -0.49123049 0.1786222 -0.05030266
v -0.49162665 0.1960956 -0.06763197
v -0.49162665 0.1960956 -0.06763197
v -0.49509251 0.19812806 -0.06698271
v -0.49144959 0.18608543 -0.04613722
v -0.49103338 0.1379068 -0.03680972
v -0.49163705 0.19045074 -0.04400902
v -0.49104348 0.1204361 -0.03047341
v -0.49172026 0.19636242 -0.04692377
v -0.49172026 0.19636242 -0.04692377
v -0.49159336 0.19397326 -0.0360241
v -0.49506027 0.19817118 -0.02740457
v -0.49110389 0.05596593 -0.05113949
v -0.49110377 0.15763906 -0.01856785
v -0.49120718 0.17467001 -0.01811176
v -0.49175632 0.19634038 -0.01541318
v -0.49175632 0.19634038 -0.01541318
v -0.49156404 0.19388586 0.00136199
v -0.49505252 0.19815807 0.0004688
v -0.49142909 0.18395877 0.02729351
v -0.49114317 0.16264081 0.00849419
v -0.49175113 0.19623047 0.01665419
v -0.49175113 0.19623047 0.01665419
v -0.49170673 0.19021404 0.06311398
v -0.49124789 0.17432967 0.03308243
v -0.49110574 0.14525622 0.0408694
v -0.49161431 0.19400536 0.06181477
v -0.49495786 0.19814903 0.03623066
v -0.49170181 0.19614413 0.05139521
v -0.49170181 0.19614413 0.05139521
v -0.49119544 0.16004929 0.07059725
v -0.49480563 0.19792384 0.05458168
v -0.49139428 0.17750224 0.09995597
v -0.49115431 0.13655809 0.07155105
v -0.49116713 0.10916773 0.07110766
v -0.49114698 0.08724891 0.05642033
v -0.49160618 0.18564792 0.0969884
v -0.49499676 0.19810952 0.08336134
v -0.4918189 0.19615477 0.08433183
v -0.4918189 0.19615477 0.08433183
v -0.49177206 0.195931 0.10481089
v -0.49122402 0.11950065 0.10211258
v -0.49183866 0.1901771 0.10831875
v -0.49121124 0.14425728 0.10852006
v -0.49499148 0.19787529 0.10910991
v -0.49128374 0.16562864 0.10277773
v -0.49177206 0.195931 0.10481089
v -0.49124497 0.16760179 0.12017415
v -0.49170563 0.19594452 0.11775123
v -0.49157634 0.18547051 0.12892219
v -0.49170563 0.19594452 0.11775123
v -0.4912225 0.12975061 0.12100457
v -0.49508372 0.1977488 0.12866648
v -0.49196336 0.19617929 0.13399456
v -0.49196336 0.19617929 0.13399456
v -0.49496478 0.19798198 0.1414903
v -0.4920494 0.19640803 0.14776327
v -0.4920494 0.19640803 0.14776327
v -0.49068034 0.19362442 0.14916612
v -0.49142721 0.19637361 0.150095
v -0.49125844 0.14308807 0.14865209
v -0.4989208 0.21752563 -0.16028188
v -0.49836659 0.19868428 -0.14801303
v -0.49830824 0.19902752 -0.13919282
v -0.49108639 0.17871171 -0.1461643
v -0.49086055 0.12809227 -0.14625309
v -0.49088493 0.06540704 -0.14613809
v -0.49097756 0.08203198 -0.14348231
v -0.49107802 0.04807838 -0.14378928
v -0.49106243 0.01687713 -0.14369446
v -0.4909327 -0.01959304 -0.14590071
v -0.49109966 -0.03904979 -0.14356965
v -0.49095428 -0.0814177 -0.14590588
v -0.49109498 -0.07274855 -0.14385213
v -0.49103865 -0.09695811 -0.14373951
v -0.49103764 -0.15497182 -0.14617401
v -0.49111435 -0.14283951 -0.1438048
v -0.49120566 -0.16406025 -0.14439353
v -0.49107537 -0.19441003 -0.14632541
v -0.49116528 -0.1949227 -0.14438592
v -0.49105102 -0.21409836 -0.14405656
v -0.49100658 -0.23646165 -0.1436971
v -0.49099448 0.06694205 -0.12754312
v -0.4910543 0.01106845 -0.12923893
v -0.49108538 -0.07643326 -0.12078948
v -0.49109736 -0.1533104 -0.12416124
v -0.49110341 -0.19749877 -0.11965264
v -0.4908767 -0.23654212 -0.12118418
v -0.4910042 0.03828851 -0.11538477
v -0.49102792 -0.00620992 -0.11512884
v -0.49105132 -0.04721533 -0.11361941
v -0.49107641 -0.12027247 -0.11488973
v -0.49110982 -0.06524217 -0.0866993
v -0.49110559 -0.0976276 -0.10243979
v -0.49106896 -0.1808311 -0.10649375
v -0.49066237 -0.23685868 -0.08082412
v -0.49851009 0.19959654 -0.08414676
v -0.49099606 0.05658112 -0.10201597
v -0.49107733 -0.02702732 -0.09794001
v -0.49107555 -0.14207196 -0.09928832
v -0.49088955 -0.23641795 -0.09931537
v -0.49106342 0.03727401 -0.08331321
v -0.49107274 0.00014137 -0.08461007
v -0.49105906 -0.20230736 -0.07822426
v -0.49109989 -0.10486273 -0.0839056
v -0.49105561 -0.16029862 -0.07719777
v -0.49113309 -0.04277403 -0.06548328
v -0.49109149 -0.13349271 -0.07067519
v -0.4910737 -0.17996049 -0.06868853
v -0.49111989 0.03060506 -0.05065941
v -0.49114943 -0.09445009 -0.06080454
v -0.49116075 -0.12153596 -0.04720689
v -0.49094105 -0.21894208 -0.05750104
v -0.4986583 0.19969626 -0.04518191
v -0.49115413 -0.02908822 -0.04790246
v -0.4907732 -0.23652494 -0.0342436
v -0.4911409 0.00677871 -0.04317291
v -0.491182 -0.07223839 -0.04105112
v -0.49114472 -0.15017748 -0.04881719
v -0.49106309 -0.20323357 -0.02230402
v -0.490603 -0.23694557 -0.05115291
v -0.49111027 -0.18499199 -0.04099743
v -0.49118423 0.04274008 -0.01515148
v -0.49121159 -0.09713979 -0.01500949
v -0.49118671 -0.00984094 -0.01361459
v -0.49119192 -0.03859633 -0.01397326
v -0.49861056 0.19960259 -0.01342005
v -0.49120843 -0.06367305 -0.00224647
v -0.49120435 -0.12177667 0.0019346
v -0.49118355 -0.14635524 -0.00611996
v -0.49116322 -0.1647791 0.00787183
v -0.49112451 -0.18298113 0.00214465
v -0.49119622 0.02124868 0.0017112
v -0.49058238 -0.23693287 -0.00819057
v -0.49077827 -0.23646744 0.00713378
v -0.4911111 -0.19826734 0.03018216
v -0.49120331 -0.03736999 0.02629152
v -0.49124768 -0.07647039 0.02058133
v -0.4909817 -0.21802981 0.04118525
v -0.49120963 0.05605363 0.03895481
v -0.49120995 0.03662162 0.03783894
v -0.49123681 -0.10361212 0.031762
v -0.49862352 0.19965115 0.04767873
v -0.49113536 0.07739109 0.02895274
v -0.49117279 -0.16162805 0.04358911
v -0.4912084 0.00407449 0.0439368
v -0.49121568 -0.0665157 0.04024981
v -0.49118757 -0.01943925 0.05095929
v -0.49057296 -0.23701924 0.04674101
v -0.49114436 -0.04958007 0.05608458
v -0.49117166 0.06978512 0.05725026
v -0.49124643 -0.13573393 0.06370717
v -0.4908613 -0.23662899 0.07234784
v -0.49122334 -0.0681098 0.07007162
v -0.49127299 -0.10404951 0.06665389
v -0.49126557 0.02559235 0.08592752
v -0.49128264 -0.1576485 0.08463727
v -0.49119794 -0.17962009 0.06685072
v -0.4912146 -0.20107722 0.08324043
v -0.49108955 -0.2145946 0.07569806
v -0.49123222 0.03602891 0.06943869
v -0.49120712 -0.01375036 0.07631804
v -0.49842143 0.19969182 0.07829654
v -0.49126148 0.06536745 0.08463268
v -0.49060589 -0.23722014 0.07538723
v -0.4912262 -0.05080655 0.08493614
v -0.49134135 -0.0909628 0.08396189
v -0.49098349 -0.23670776 0.11492493
v -0.49126244 -0.02767124 0.09362119
v -0.49134991 -0.12215021 0.09791091
v -0.49124911 0.10248842 0.09426667
v -0.4912858 -0.18799901 0.1060122
v -0.4983761 0.19929938 0.12655628
v -0.49132264 0.0389092 0.10878471
v -0.49130648 0.00256265 0.1088758
v -0.49138889 -0.07497767 0.10668001
v -0.49129677 0.07754321 0.11886084
v -0.49133393 -0.02217969 0.11565346
v -0.4913505 -0.06184799 0.12083496
v -0.49139601 -0.09741411 0.10997676
v -0.4913446 -0.13998026 0.11509474
v -0.49125469 -0.20857817 0.11946931
v -0.49126792 0.10844374 0.1223518
v -0.49101812 -0.23731126 0.14821905
v -0.49138701 0.05878268 0.13557288
v -0.49139631 0.01491142 0.1324046
v -0.49133402 -0.19843982 0.13027681
v -0.49129373 -0.15674829 0.14273375
v -0.49140653 0.17490539 0.1346224
v -0.49137872 -0.10008886 0.13367692
v -0.49125412 -0.23679045 0.14699334
v -0.4913666 -0.05765546 0.13673267
v -0.49129248 -0.22541794 0.13802031
v -0.49821618 0.19939063 0.14194715
v -0.49141103 0.14636782 0.14287585
v -0.4913609 0.10936301 0.14345933
v -0.49164054 0.17751347 0.14444143
v -0.49148649 0.00189113 0.14316368
v -0.49143913 -0.03710003 0.14367886
v -0.49134427 -0.12285835 0.14232221
v -0.49142629 -0.20487091 0.14298749
v -0.49144971 0.07779472 0.14668652
v -0.49143139 0.0408899 0.14875777
v -0.49135357 -0.05352018 0.14662184
v -0.49130869 -0.2293746 0.14882725
v -0.49841318 0.19892502 0.15122631
v -0.49151817 0.17654674 0.149269
v -0.49146223 0.16394623 0.14911059
v -0.49125844 0.14308807 0.14865209
v -0.4912439 0.10423165 0.14858097
v -0.49147451 0.01076706 0.14868109
v -0.49132597 0.00097276 0.14872383
v -0.49125963 -0.04738965 0.14880373
v -0.49114314 -0.14388253 0.14906275
v -0.4911806 -0.18003874 0.1490557
v -0.49131343 -0.21104027 0.14874838
v -0.49133199 0.0823911 0.14846241
v -0.49920592 0.23605295 -0.1590746
v -0.49889481 0.2356932 -0.16013929
v -0.50009692 0.23406896 -0.15890606
v -0.49989578 0.23023441 -0.15897875
v -0.4989208 0.21752563 -0.16028188
v -0.49960047 0.20499581 -0.15907995
v -0.49859348 0.20135525 -0.16017464
v -0.49922433 0.20069769 -0.15873452
v -0.49828494 0.19979642 -0.15981607
v -0.49958968 0.2032474 -0.15465534
v -0.49847358 0.19905262 -0.15633589
v -0.49983439 0.23012415 -0.1442256
v -0.49932337 0.20017928 -0.15040648
v -0.49836659 0.19868428 -0.14801303
v -0.50015658 0.23406671 -0.11703815
v -0.49925733 0.23601724 -0.1176393
v -0.49945393 0.20368099 -0.13719667
v -0.49911675 0.20040481 -0.14026782
v -0.49830824 0.19902752 -0.13919282
v -0.4996174 0.21272075 -0.10928893
v -0.49851009 0.19959654 -0.08414676
v -0.49921492 0.20084928 -0.07585993
v -0.49980545 0.23004755 -0.05714076
v -0.49946856 0.20384885 -0.05614961
v -0.4986583 0.19969626 -0.04518191
v -0.49936157 0.20081888 -0.04558586
v -0.49923599 0.23604326 -0.01561594
v -0.49963498 0.21362031 -0.00761254
v -0.49982569 0.23023042 0.00358275
v -0.49861056 0.19960259 -0.01342005
v -0.50013864 0.23408316 -0.00357986
v -0.49941808 0.20081161 0.00944208
v -0.49862352 0.19965115 0.04767873
v -0.49923903 0.23597835 0.06800552
v -0.49939582 0.2008156 0.04649642
v -0.49981737 0.22991887 0.06237527
v -0.50015646 0.23403551 0.07219131
v -0.49962598 0.21338308 0.05168268
v -0.49940091 0.20376258 0.07348481
v -0.49917239 0.20083103 0.06927203
v -0.49842143 0.19969182 0.07829654
v -0.49970296 0.21692884 0.11860022
v -0.49910799 0.2005015 0.13235505
v -0.4983761 0.19929938 0.12655628
v -0.49923289 0.23599032 0.15853852
v -0.49946859 0.20331629 0.12843728
v -0.50016725 0.23403548 0.15929781
v -0.49988025 0.23010504 0.14467812
v -0.49821618 0.19939063 0.14194715
v -0.49962422 0.20281686 0.15406342
v -0.49929515 0.20035239 0.14976232
v -0.49992567 0.23013574 0.15940168
v -0.49841318 0.19892502 0.15122631
v -0.49994102 0.22110651 0.15943643
v -0.49960276 0.2006949 0.15942392
v -0.49879688 0.1995852 0.16018692
v -0.49881244 0.23559512 0.16057892
v -0.49910358 0.23341976 0.16089478
v -0.49890795 0.20402995 0.16110493
v -0.49872294 0.20057906 0.16084188
vt 0.33893 0.68038
vt 0.33807 0.68152
vt 0.33796 0.68039
vt 0.33892 0.68141
vt 0.82837 0.66531
vt 0.82737 0.66336
vt 0.82756 0.66549
vt 0.33798 0.67788
vt 0.33907 0.66523
vt 0.33797 0.66173
vt 0.3389 0.65904
vt 0.33777 0.65907
vt 0.33865 0.65782
vt 0.33516 0.68168
vt 0.3351 0.6803
vt 0.82466 0.66524
vt 0.3354 0.67359
vt 0.33353 0.65744
vt 0.32934 0.66303
vt 0.31625 0.67777
vt 0.31459 0.65915
vt 0.29131 0.6745
vt 0.31906 0.65771
vt 0.27963 0.66897
vt 0.29844 0.6577
vt 0.29074 0.66369
vt 0.28715 0.68163
vt 0.7767 0.66523
vt 0.26812 0.68033
vt 0.77847 0.6629
vt 0.28411 0.65933
vt 0.26078 0.67792
vt 0.26246 0.65783
vt 0.74478 0.66318
vt 0.25399 0.66356
vt 0.23453 0.65944
vt 0.22232 0.68168
vt 0.71195 0.66521
vt 0.23494 0.67794
vt 0.22915 0.68033
vt 0.22172 0.65786
vt 0.21437 0.67096
vt 0.18896 0.6634
vt 0.69421 0.66314
vt 0.19435 0.65776
vt 0.17511 0.67791
vt 0.19394 0.65938
vt 0.17143 0.68034
vt 0.16253 0.67522
vt 0.18132 0.66905
vt 0.64847 0.66323
vt 0.17215 0.65926
vt 0.15796 0.68168
vt 0.64766 0.6652
vt 0.16845 0.65757
vt 0.16049 0.66164
vt 0.15616 0.65878
vt 0.16163 0.65756
vt 0.15451 0.67809
vt 0.15239 0.68024
vt 0.15711 0.65739
vt 0.15247 0.65936
vt 0.15156 0.68143
vt 0.64225 0.66236
vt 0.64134 0.6652
vt 0.15288 0.6576
vt 0.15231 0.67409
vt 0.15116 0.67996
vt 0.11674 0.78492
vt 0.1186 0.78363
vt 0.11677 0.78348
vt 0.15128 0.66024
vt 0.11863 0.76943
vt 0.11688 0.7636
vt 0.11976 0.76227
vt 0.15164 0.65775
vt 0.11726 0.7612
vt 0.81811 0.65931
vt 0.74476 0.66058
vt 0.69701 0.66063
vt 0.64845 0.66052
vt 0.6414 0.65963
vt 0.12186 0.78463
vt 0.12086 0.78362
vt 0.12103 0.771
vt 0.8283 0.65546
vt 0.8275 0.65609
vt 0.9373 0.9833
vt 0.93751 0.98181
vt 0.93888 0.98153
vt 0.93907 0.98316
vt 0.93897 0.97799
vt 0.93766 0.97181
vt 0.93906 0.96378
vt 0.9376 0.9353
vt 0.93896 0.92577
vt 0.9376 0.88345
vt 0.93899 0.88195
vt 0.93758 0.83496
vt 0.93894 0.81715
vt 0.93763 0.80244
vt 0.93886 0.75993
vt 0.9376 0.77057
vt 0.93761 0.75602
vt 0.93856 0.75431
vt 0.93525 0.75407
vt 0.93375 0.98153
vt 0.93403 0.97935
vt 0.93443 0.9734
vt 0.93549 0.96392
vt 0.92956 0.95897
vt 0.9301 0.91706
vt 0.93145 0.85262
vt 0.93176 0.81752
vt 0.92813 0.79023
vt 0.93329 0.75494
vt 0.93469 0.7521
vt 0.93265 0.74026
vt 0.93378 0.74522
vt 0.93349 0.74003
vt 0.9334 0.73133
vt 0.93285 0.71537
vt 0.9334 0.71314
vt 0.93309 0.70895
vt 0.92823 0.98297
vt 0.92616 0.76516
vt 0.91118 0.96516
vt 0.92041 0.95794
vt 0.92253 0.942
vt 0.91943 0.92464
vt 0.92192 0.86435
vt 0.91898 0.82985
vt 0.92449 0.81108
vt 0.92845 0.75221
vt 0.92754 0.73885
vt 0.92784 0.71259
vt 0.912 0.97903
vt 0.90923 0.97642
vt 0.91656 0.77427
vt 0.91873 0.7089
vt 0.93272 0.708
vt 0.91963 0.98303
vt 0.90262 0.98132
vt 0.91722 0.89749
vt 0.90523 0.8912
vt 0.90912 0.84876
vt 0.91724 0.71274
vt 0.90341 0.81117
vt 0.9015 0.7959
vt 0.78064 0.65474
vt 0.914 0.75629
vt 0.9161 0.73483
vt 0.90845 0.93812
vt 0.90303 0.73726
vt 0.90669 0.72182
vt 0.89285 0.95606
vt 0.89669 0.91851
vt 0.89485 0.87927
vt 0.89533 0.83279
vt 0.90227 0.75381
vt 0.89391 0.78473
vt 0.90143 0.71371
vt 0.88422 0.9668
vt 0.8911 0.77416
vt 0.90095 0.98305
vt 0.88798 0.85803
vt 0.88706 0.93679
vt 0.89065 0.74736
vt 0.88866 0.72347
vt 0.88404 0.7081
vt 0.87546 0.73445
vt 0.88652 0.70898
vt 0.75476 0.65537
vt 0.87471 0.9788
vt 0.87907 0.88407
vt 0.88369 0.75997
vt 0.87655 0.84018
vt 0.87399 0.81943
vt 0.87819 0.98326
vt 0.86194 0.96037
vt 0.86765 0.97221
vt 0.87468 0.91581
vt 0.85588 0.71199
vt 0.85639 0.80823
vt 0.86415 0.79249
vt 0.8756 0.98153
vt 0.86387 0.90046
vt 0.86316 0.74897
vt 0.8673 0.72045
vt 0.85999 0.9424
vt 0.84967 0.77672
vt 0.86485 0.85454
vt 0.85403 0.76299
vt 0.84642 0.70894
vt 0.85 0.98313
vt 0.84868 0.98147
vt 0.85022 0.87387
vt 0.85531 0.83204
vt 0.85379 0.91944
vt 0.84699 0.97922
vt 0.8466 0.97685
vt 0.84528 0.74195
vt 0.84135 0.73075
vt 0.84362 0.72138
vt 0.82433 0.70817
vt 0.8472 0.97027
vt 0.84058 0.85388
vt 0.83758 0.84232
vt 0.83795 0.79801
vt 0.82254 0.71485
vt 0.83574 0.94372
vt 0.83878 0.89797
vt 0.82879 0.78387
vt 0.70402 0.65702
vt 0.8261 0.96834
vt 0.83435 0.91437
vt 0.82889 0.97661
vt 0.82266 0.95156
vt 0.82458 0.81856
vt 0.82684 0.74967
vt 0.83162 0.98318
vt 0.82604 0.98147
vt 0.82332 0.84424
vt 0.82663 0.97932
vt 0.82547 0.76845
vt 0.81484 0.87249
vt 0.81262 0.80919
vt 0.81548 0.7249
vt 0.81846 0.71127
vt 0.81479 0.92584
vt 0.81532 0.90537
vt 0.81063 0.75885
vt 0.81819 0.73779
vt 0.81151 0.98302
vt 0.81663 0.70895
vt 0.81083 0.96047
vt 0.80862 0.79751
vt 0.80911 0.97652
vt 0.8099 0.97898
vt 0.80408 0.89328
vt 0.80428 0.77836
vt 0.80562 0.96829
vt 0.81072 0.98127
vt 0.80389 0.84106
vt 0.79717 0.74964
vt 0.79465 0.73167
vt 0.78896 0.71417
vt 0.79547 0.94774
vt 0.79264 0.91409
vt 0.79197 0.8233
vt 0.79648 0.97602
vt 0.79328 0.96608
vt 0.78297 0.70899
vt 0.78569 0.70824
vt 0.78255 0.98119
vt 0.79132 0.8702
vt 0.78653 0.76997
vt 0.78497 0.7952
vt 0.78576 0.98282
vt 0.78612 0.90175
vt 0.66721 0.65404
vt 0.78573 0.97862
vt 0.78689 0.97312
vt 0.78244 0.93086
vt 0.78355 0.84463
vt 0.78362 0.74334
vt 0.78453 0.95301
vt 0.76922 0.72564
vt 0.77637 0.96347
vt 0.76921 0.88758
vt 0.77845 0.86624
vt 0.7692 0.82651
vt 0.775 0.97921
vt 0.76922 0.97537
vt 0.76926 0.90884
vt 0.77629 0.98287
vt 0.76917 0.71349
vt 0.7692 0.85696
vt 0.76921 0.80847
vt 0.76922 0.76738
vt 0.77027 0.70887
vt 0.77276 0.70813
vt 0.76919 0.98163
vt 0.76913 0.95767
vt 0.76751 0.98329
vt 0.76787 0.7083
vt 0.76754 0.98145
vt 0.76775 0.97442
vt 0.76767 0.96542
vt 0.00125 0.00951
vt 0.00262 0.00938
vt 0.00211 0.01834
vt 0.00134 0.01848
vt 0.00263 0.02472
vt 0.76775 0.95885
vt 0.00135 0.02507
vt 0.76784 0.91195
vt 0.76785 0.88574
vt 0.76786 0.827
vt 0.76794 0.75521
vt 0.76802 0.71453
vt 0.76605 0.9833
vt 0.76682 0.9812
vt 0.00233 0.0008
vt 0.0039 0.00262
vt 0.00155 0.00256
vt 0.00047 0.00051
vt 0.76726 0.97555
vt 0.00156 0.00832
vt 0.00159 0.02613
vt 0.00165 0.04987
vt 0.00163 0.07005
vt 0.76751 0.91385
vt 0.76744 0.88771
vt 0.76746 0.86603
vt 0.76748 0.82441
vt 0.76755 0.79013
vt 0.76765 0.73842
vt 0.0014 0.19373
vt 0.00224 0.20517
vt 0.00139 0.24542
vt 0.00107 0.26929
vt 0.00131 0.27551
vt 0.12427 0.78348
vt 0.12363 0.76109
vt 0.05712 0.71268
vt 0.05669 0.71152
vt 0.05784 0.71102
vt 0.64625 0.65128
vt 0.00443 0.00465
vt 0.00519 0.0129
vt 0.00493 0.0416
vt 0.00485 0.09352
vt 0.00152 0.09618
vt 0.00535 0.11592
vt 0.00152 0.11785
vt 0.00523 0.15173
vt 0.00146 0.15946
vt 0.00515 0.20458
vt 0.00509 0.22776
vt 0.00278 0.25704
vt 0.00515 0.25414
vt 0.00654 0.26442
vt 0.00271 0.27477
vt 0.00609 0.00121
vt 0.12602 0.7674
vt 0.12881 0.76158
vt 0.05846 0.71913
vt 0.05868 0.71653
vt 0.05933 0.71843
vt 0.06397 0.71582
vt 0.79159 0.64618
vt 0.70291 0.64936
vt 0.00912 0.00362
vt 0.00755 0.01151
vt 0.00804 0.02014
vt 0.00793 0.03953
vt 0.00835 0.07527
vt 0.00855 0.10001
vt 0.00889 0.13246
vt 0.00869 0.15957
vt 0.00913 0.19409
vt 0.00892 0.21305
vt 0.00897 0.22863
vt 0.00901 0.23949
vt 0.00871 0.2718
vt 0.01076 0.27491
vt 0.00296 0.27581
vt 0.00736 0.00239
vt 0.64229 0.63529
vt 0.13065 0.78136
vt 0.13278 0.76502
vt 0.81774 0.64538
vt 0.62961 0.60764
vt 0.62893 0.60531
vt 0.62983 0.60409
vt 0.44021 0.69808
vt 0.43907 0.6958
vt 0.4394 0.69925
vt 0.73725 0.64267
vt 0.00956 0.25495
vt 0.0128 0.27556
vt 0.13417 0.76986
vt 0.82833 0.62994
vt 0.06672 0.71798
vt 0.62452 0.64943
vt 0.61233 0.64764
vt 0.6179 0.64227
vt 0.57419 0.64356
vt 0.56828 0.64782
vt 0.55144 0.64433
vt 0.673 0.64279
vt 0.47549 0.60502
vt 0.47677 0.60445
vt 0.47712 0.60623
vt 0.47694 0.60922
vt 0.47569 0.60748
vt 0.47571 0.63032
vt 0.477 0.62933
vt 0.47692 0.6348
vt 0.47572 0.63374
vt 0.47488 0.60937
vt 0.47506 0.63471
vt 0.01501 0.01378
vt 0.01462 0.08107
vt 0.0149 0.17778
vt 0.01186 0.2729
vt 0.01453 0.00276
vt 0.64139 0.63646
vt 0.14318 0.7845
vt 0.01895 0.04718
vt 0.02316 0.08544
vt 0.01773 0.11709
vt 0.016 0.15297
vt 0.0183 0.23709
vt 0.14167 0.76232
vt 0.07106 0.71617
vt 0.81748 0.61651
vt 0.77198 0.62795
vt 0.70599 0.63268
vt 0.66203 0.63469
vt 0.01986 0.19511
vt 0.02104 0.21934
vt 0.02655 0.00135
vt 0.07385 0.71845
vt 0.65488 0.61945
vt 0.02445 0.00402
vt 0.02881 0.24218
vt 0.02204 0.26262
vt 0.08035 0.52664
vt 0.08304 0.52794
vt 0.07402 0.52822
vt 0.07874 0.71665
vt 0.67888 0.62129
vt 0.02801 0.09928
vt 0.02932 0.12868
vt 0.02545 0.14642
vt 0.02918 0.16002
vt 0.03181 0.22332
vt 0.02697 0.27307
vt 0.02881 0.27486
vt 0.1643 0.76539
vt 0.15485 0.76249
vt 0.82749 0.62349
vt 0.02409 0.5128
vt 0.03516 0.50985
vt 0.03928 0.511
vt 0.03185 0.5122
vt 0.79709 0.63324
vt 0.03077 0.0154
vt 0.02925 0.00296
vt 0.73956 0.62559
vt 0.03183 0.03062
vt 0.02961 0.05726
vt 0.04588 0.27545
vt 0.09187 0.52712
vt 0.08313 0.53117
vt 0.08394 0.52885
vt 0.16363 0.76987
vt 0.80424 0.61809
vt 0.69452 0.60283
vt 0.03662 0.00718
vt 0.03165 0.18438
vt 0.1535 0.76118
vt 0.08944 0.71914
vt 0.03392 0.00407
vt 0.04695 0.0506
vt 0.04637 0.06711
vt 0.04355 0.1008
vt 0.03625 0.11386
vt 0.04617 0.21886
vt 0.03869 0.24717
vt 0.04414 0.25658
vt 0.16159 0.7764
vt 0.08988 0.71713
vt 0.66988 0.60699
vt 0.04625 0.0829
vt 0.04674 0.14235
vt 0.0455 0.16575
vt 0.03789 0.19804
vt 0.03401 0.00267
vt 0.09505 0.52835
vt 0.75382 0.60682
vt 0.04581 0.233
vt 0.08627 0.53437
vt 0.0962 0.53357
vt 0.09352 0.5354
vt 0.09737 0.53491
vt 0.718 0.59625
vt 0.04809 0.00411
vt 0.04335 0.01645
vt 0.05198 0.12142
vt 0.09691 0.53164
vt 0.79353 0.58993
vt 0.05704 0.0291
vt 0.11246 0.52783
vt 0.18148 0.78355
vt 0.82752 0.58275
vt 0.05178 0.04271
vt 0.6414 0.58313
vt 0.19223 0.7845
vt 0.05659 0.00671
vt 0.05363 0.18371
vt 0.64934 0.58246
vt 0.64226 0.57254
vt 0.1074 0.71862
vt 0.10811 0.72076
vt 0.06834 0.24918
vt 0.05561 0.27297
vt 0.1853 0.76116
vt 0.12281 0.52613
vt 0.77803 0.58588
vt 0.07857 0.0952
vt 0.06475 0.21341
vt 0.10402 0.53334
vt 0.11169 0.53311
vt 0.10339 0.5346
vt 0.07768 0.02148
vt 0.11243 0.53424
vt 0.18421 0.77211
vt 0.82833 0.58474
vt 0.06538 0.11163
vt 0.0699 0.13527
vt 0.06709 0.16358
vt 0.06885 0.19277
vt 0.06478 0.22592
vt 0.06588 0.25924
vt 0.11275 0.53069
vt 0.19541 0.78101
vt 0.19181 0.76277
vt 0.08595 0.0146
vt 0.07268 0.06057
vt 0.74475 0.58019
vt 0.67813 0.57852
vt 0.65878 0.57371
vt 0.07066 0.07835
vt 0.11741 0.53293
vt 0.12471 0.53427
vt 0.11645 0.53429
vt 0.05866 0.87347
vt 0.06597 0.84644
vt 0.06717 0.87244
vt 0.7087 0.57278
vt 0.06133 0.00416
vt 0.07496 0.00432
vt 0.07938 0.04401
vt 0.07709 0.236
vt 0.07172 0.27542
vt 0.13593 0.53225
vt 0.11874 0.72183
vt 0.07727 0.17982
vt 0.07846 0.268
vt 0.13711 0.52694
vt 0.66788 0.56504
vt 0.08512 0.2027
vt 0.09354 0.27483
vt 0.21251 0.76124
vt 0.1494 0.52513
vt 0.12867 0.72078
vt 0.76617 0.56063
vt 0.09824 0.17063
vt 0.08261 0.25414
vt 0.13712 0.5338
vt 0.21366 0.76303
vt 0.08996 0.07865
vt 0.09278 0.27543
vt 0.1301 0.72288
vt 0.09428 0.14857
vt 0.085 0.21959
vt 0.80079 0.55509
vt 0.7823 0.55591
vt 0.69419 0.56205
vt 0.13702 0.52991
vt 0.22369 0.7835
vt 0.8275 0.55469
vt 0.81482 0.54977
vt 0.09274 0.03724
vt 0.10212 0.06288
vt 0.0951 0.10335
vt 0.09283 0.12319
vt 0.10342 0.18412
vt 0.09963 0.27169
vt 0.21801 0.77319
vt 0.7428 0.5543
vt 0.15822 0.52627
vt 0.23301 0.78154
vt 0.14363 0.72417
vt 0.10165 0.00706
vt 0.09759 0.23917
vt 0.82833 0.54084
vt 0.10277 0.213
vt 0.10526 0.22307
vt 0.10963 0.25004
vt 0.1032 0.26085
vt 0.10667 0.00459
vt 0.10068 0.02214
vt 0.14758 0.72234
vt 0.686 0.53686
vt 0.23227 0.76864
vt 0.71143 0.53925
vt 0.1035 0.03082
vt 0.10922 0.19855
vt 0.14609 0.72474
vt 0.11994 0.02
vt 0.11398 0.08052
vt 0.10992 0.11309
vt 0.11554 0.1251
vt 0.14867 0.72413
vt 0.1457 0.72676
vt 0.14674 0.72633
vt 0.66506 0.53275
vt 0.64872 0.53092
vt 0.11257 0.04282
vt 0.12874 0.10121
vt 0.14898 0.72094
vt 0.76855 0.52616
vt 0.12528 0.01367
vt 0.23829 0.76132
vt 0.64142 0.52508
vt 0.24561 0.78444
vt 0.15565 0.72655
vt 0.74147 0.53019
vt 0.12321 0.14583
vt 0.12603 0.23443
vt 0.17474 0.52406
vt 0.17381 0.52579
vt 0.23862 0.76305
vt 0.15997 0.7248
vt 0.80853 0.52568
vt 0.79426 0.51925
vt 0.1216 0.16175
vt 0.64229 0.51355
vt 0.12607 0.06024
vt 0.12921 0.21096
vt 0.13616 0.27315
vt 0.12702 0.00747
vt 0.13738 0.25839
vt 0.25604 0.7754
vt 0.12315 0.03005
vt 0.13295 0.17081
vt 0.1353 0.19732
vt 0.82754 0.50317
vt 0.12579 0.00468
vt 0.13287 0.04459
vt 0.13292 0.18369
vt 0.13935 0.21792
vt 0.14025 0.26857
vt 0.15439 0.27533
vt 0.64054 0.48395
vt 0.64052 0.54891
vt 0.28344 0.78346
vt 0.26042 0.76862
vt 0.138 0.09316
vt 0.13845 0.11803
vt 0.15757 0.27477
vt 0.18342 0.52392
vt 0.69342 0.50943
vt 0.65331 0.50383
vt 0.12958 0.07388
vt 0.1403 0.13917
vt 0.14482 0.00698
vt 0.14578 0.02909
vt 0.26146 0.76293
vt 0.18134 0.72638
vt 0.17981 0.72857
vt 0.76993 0.4958
vt 0.72213 0.50972
vt 0.11478 0.82392
vt 0.14712 0.83001
vt 0.12454 0.83558
vt 0.1542 0.0196
vt 0.15371 0.0375
vt 0.14111 0.06405
vt 0.14879 0.08324
vt 0.78813 0.49565
vt 0.20015 0.52493
vt 0.72913 0.49381
vt 0.1621 0.17582
vt 0.19977 0.52343
vt 0.14607 0.23258
vt 0.28221 0.78082
vt 0.18864 0.72907
vt 0.80853 0.49065
vt 0.12903 0.87961
vt 0.14405 0.86834
vt 0.14408 0.90405
vt 0.15059 0.00474
vt 0.82834 0.47225
vt 0.16358 0.14891
vt 0.18967 0.72753
vt 0.15422 0.1135
vt 0.15876 0.18692
vt 0.15198 0.24015
vt 0.16162 0.24509
vt 0.6414 0.47619
vt 0.70191 0.4888
vt 0.68002 0.48728
vt 0.66176 0.48444
vt 0.15762 0.06203
vt 0.27489 0.76224
vt 0.26364 0.76111
vt 0.74776 0.48337
vt 0.16826 0.04636
vt 0.16794 0.12993
vt 0.16341 0.07328
vt 0.16625 0.09064
vt 0.16719 0.20536
vt 0.64227 0.47465
vt 0.19361 0.73
vt 0.1939 0.72756
vt 0.19458 0.72942
vt 0.17128 0.10376
vt 0.17604 0.19293
vt 0.17162 0.21513
vt 0.29106 0.76927
vt 0.20784 0.72771
vt 0.16958 0.0345
vt 0.16978 0.22706
vt 0.29271 0.76112
vt 0.2285 0.52245
vt 0.22775 0.52405
vt 0.82752 0.46899
vt 0.17234 0.00479
vt 0.17468 0.00768
vt 0.16696 0.0161
vt 0.1724 0.11501
vt 0.17848 0.15566
vt 0.17965 0.25059
vt 0.16832 0.2597
vt 0.70446 0.47311
vt 0.6482 0.46453
vt 0.18109 0.26944
vt 0.21983 0.73023
vt 0.77628 0.47182
vt 0.17924 0.05885
vt 0.67675 0.46585
vt 0.65839 0.45466
vt 0.79683 0.46412
vt 0.18947 0.02104
vt 0.18154 0.03445
vt 0.2209 0.72848
vt 0.73333 0.46657
vt 0.18949 0.01509
vt 0.18097 0.08081
vt 0.18408 0.09466
vt 0.1913 0.27541
vt 0.3082 0.78038
vt 0.82756 0.44286
vt 0.76246 0.45964
vt 0.70712 0.45686
vt 0.23543 0.52383
vt 0.30374 0.76069
vt 0.19236 0.13662
vt 0.19633 0.20835
vt 0.18696 0.22142
vt 0.19853 0.27483
vt 0.22628 0.53141
vt 0.241 0.53103
vt 0.22951 0.53277
vt 0.23948 0.52239
vt 0.64047 0.45179
vt 0.31301 0.78342
vt 0.18828 0.00506
vt 0.18953 0.00932
vt 0.18975 0.23533
vt 0.19511 0.26326
vt 0.24537 0.53241
vt 0.31342 0.7619
vt 0.79252 0.45018
vt 0.18796 0.10771
vt 0.21198 0.27305
vt 0.73909 0.44779
vt 0.17397 0.8187
vt 0.19622 0.82108
vt 0.18137 0.83296
vt 0.19025 0.00694
vt 0.18993 0.066
vt 0.19761 0.11828
vt 0.20233 0.17939
vt 0.64226 0.43317
vt 0.68237 0.4432
vt 0.19523 0.04777
vt 0.20143 0.08291
vt 0.20345 0.10016
vt 0.1975 0.15998
vt 0.20217 0.19067
vt 0.26 0.52313
vt 0.7724 0.4205
vt 0.72111 0.42284
vt 0.20751 0.03202
vt 0.21739 0.21472
vt 0.20259 0.24599
vt 0.26165 0.53045
vt 0.76525 0.44115
vt 0.2141 0.02187
vt 0.20573 0.22572
vt 0.26754 0.53179
vt 0.82837 0.42668
vt 0.2156 0.05783
vt 0.20575 0.06764
vt 0.26242 0.52177
vt 0.68775 0.42706
vt 0.21052 0.00507
vt 0.64135 0.42829
vt 0.33543 0.7811
vt 0.33723 0.77163
vt 0.79559 0.42253
vt 0.66625 0.42215
vt 0.65235 0.41915
vt 0.21678 0.13286
vt 0.21084 0.15015
vt 0.22109 0.16047
vt 0.21996 0.20257
vt 0.22029 0.24994
vt 0.33534 0.76149
vt 0.81535 0.41949
vt 0.74525 0.42054
vt 0.23678 0.0154
vt 0.22252 0.11046
vt 0.2162 0.23737
vt 0.70177 0.41118
vt 0.23906 0.00707
vt 0.22537 0.09044
vt 0.22657 0.22499
vt 0.2273 0.2754
vt 0.27756 0.52992
vt 0.27853 0.5226
vt 0.22029 0.1908
vt 0.22863 0.1818
vt 0.22559 0.27301
vt 0.22477 0.0049
vt 0.23068 0.04442
vt 0.28179 0.53134
vt 0.82753 0.39464
vt 0.23314 0.0251
vt 0.23073 0.25478
vt 0.64229 0.39919
vt 0.29843 0.52073
vt 0.37321 0.78083
vt 0.67318 0.4042
vt 0.2397 0.00939
vt 0.23276 0.12821
vt 0.36716 0.77422
vt 0.3647 0.76164
vt 0.77828 0.40258
vt 0.23659 0.06443
vt 0.23928 0.23742
vt 0.30153 0.52944
vt 0.79723 0.39886
vt 0.26878 0.27489
vt 0.24171 0.00494
vt 0.23808 0.20676
vt 0.29873 0.53094
vt 0.7576 0.39687
vt 0.24274 0.08497
vt 0.23886 0.16983
vt 0.25327 0.26033
vt 0.64135 0.38339
vt 0.38506 0.76838
vt 0.82837 0.37458
vt 0.72533 0.39507
vt 0.25051 0.10441
vt 0.24243 0.11395
vt 0.24628 0.13528
vt 0.68908 0.39154
vt 0.24734 0.03817
vt 0.24629 0.15896
vt 0.24687 0.21398
vt 0.3016 0.52202
vt 0.80264 0.38799
vt 0.25212 0.07264
vt 0.25628 0.17276
vt 0.25391 0.26815
vt 0.3759 0.78449
vt 0.39035 0.78347
vt 0.76907 0.38407
vt 0.26184 0.02085
vt 0.25567 0.24966
vt 0.25791 0.05884
vt 0.2553 0.14548
vt 0.82752 0.37754
vt 0.25575 0.00527
vt 0.25927 0.00612
vt 0.26088 0.19126
vt 0.2586 0.22282
vt 0.25753 0.23656
vt 0.26725 0.27321
vt 0.26225 0.27548
vt 0.24456 0.00358
vt 0.31064 0.52052
vt 0.2646 0.09019
vt 0.25579 0.00362
vt 0.31604 0.52184
vt 0.64227 0.37661
vt 0.81113 0.37918
vt 0.25651 0.91395
vt 0.26038 0.9359
vt 0.24155 0.92628
vt 0.71784 0.37981
vt 0.68005 0.38057
vt 0.65684 0.38488
vt 0.26096 0.00952
vt 0.26206 0.20959
vt 0.79086 0.37619
vt 0.65674 0.36714
vt 0.2643 0.0443
vt 0.39123 0.76357
vt 0.75081 0.36598
vt 0.73585 0.37092
vt 0.26305 0.11532
vt 0.32957 0.52024
vt 0.39945 0.76142
vt 0.78084 0.36664
vt 0.70631 0.36904
vt 0.68567 0.36418
vt 0.26701 0.13625
vt 0.26908 0.15801
vt 0.27205 0.21451
vt 0.26792 0.00516
vt 0.39773 0.7753
vt 0.80495 0.35334
vt 0.67429 0.35501
vt 0.27833 0.05956
vt 0.3128 0.52897
vt 0.33306 0.52879
vt 0.32502 0.53025
vt 0.82751 0.328
vt 0.27405 0.01662
vt 0.27179 0.03304
vt 0.27208 0.24072
vt 0.28392 0.00962
vt 0.27642 0.0824
vt 0.27326 0.10662
vt 0.27217 0.17484
vt 0.27185 0.26164
vt 0.76482 0.3533
vt 0.27808 0.00499
vt 0.27513 0.04782
vt 0.27462 0.13217
vt 0.27385 0.19174
vt 0.2881 0.26706
vt 0.71721 0.34197
vt 0.28837 0.15897
vt 0.28842 0.1765
vt 0.28032 0.2044
vt 0.28123 0.23444
vt 0.2885 0.25072
vt 0.28255 0.27551
vt 0.33522 0.52995
vt 0.64139 0.32623
vt 0.42848 0.78454
vt 0.28121 0.91367
vt 0.26739 0.90141
vt 0.27997 0.89402
vt 0.74206 0.34827
vt 0.28091 0.11238
vt 0.28839 0.1299
vt 0.34247 0.52129
vt 0.28401 0.03595
vt 0.28842 0.06738
vt 0.28815 0.10325
vt 0.28816 0.27487
vt 0.42377 0.78079
vt 0.81651 0.33603
vt 0.28277 0.95378
vt 0.28323 0.95737
vt 0.28003 0.95646
vt 0.24189 0.65018
vt 0.2395 0.65086
vt 0.2369 0.65083
vt 0.25035 0.64815
vt 0.26957 0.64906
vt 0.27067 0.64757
vt 0.27993 0.65029
vt 0.28342 0.64777
vt 0.2813 0.89622
vt 0.28017 0.88275
vt 0.32845 0.64992
vt 0.3374 0.65056
vt 0.30172 0.64782
vt 0.28154 0.86314
vt 0.28048 0.86145
vt 0.33295 0.648
vt 0.28133 0.8384
vt 0.28032 0.83541
vt 0.28185 0.82519
vt 0.35845 0.64817
vt 0.28068 0.81507
vt 0.37692 0.6507
vt 0.28167 0.80164
vt 0.37792 0.64959
vt 0.37809 0.65128
vt 0.28387 0.01729
vt 0.34321 0.51993
vt 0.23435 0.62112
vt 0.23456 0.63096
vt 0.234 0.63323
vt 0.23466 0.64988
vt 0.23409 0.64821
vt 0.95803 0.99668
vt 0.95767 0.99844
vt 0.95877 0.99949
vt 0.23621 0.60374
vt 0.23613 0.60467
vt 0.23437 0.60457
vt 0.23395 0.60382
vt 0.23439 0.61106
vt 0.23594 0.62399
vt 0.23413 0.65132
vt 0.24025 0.60451
vt 0.23949 0.60673
vt 0.24605 0.62713
vt 0.24725 0.60414
vt 0.25442 0.607
vt 0.25503 0.61354
vt 0.11964 0.54246
vt 0.1196 0.55099
vt 0.11898 0.55109
vt 0.25372 0.60497
vt 0.25923 0.60434
vt 0.26532 0.62925
vt 0.11911 0.57544
vt 0.79228 0.34192
vt 0.2616 0.60498
vt 0.11974 0.57598
vt 0.27079 0.61225
vt 0.26935 0.60723
vt 0.27167 0.6172
vt 0.2732 0.60516
vt 0.27342 0.63587
vt 0.28449 0.60724
vt 0.28785 0.62828
vt 0.11932 0.5922
vt 0.28625 0.61235
vt 0.28913 0.61707
vt 0.11777 0.6021
vt 0.3097 0.62953
vt 0.30487 0.6073
vt 0.31118 0.61263
vt 0.31402 0.61743
vt 0.31557 0.60525
vt 0.31626 0.62432
vt 0.31048 0.64631
vt 0.33527 0.60738
vt 0.32285 0.63995
vt 0.33787 0.61227
vt 0.33926 0.6179
vt 0.34496 0.62501
vt 0.34431 0.60548
vt 0.34316 0.63694
vt 0.35573 0.61261
vt 0.35393 0.62971
vt 0.35729 0.60759
vt 0.35979 0.61799
vt 0.70036 0.3376
vt 0.35747 0.6054
vt 0.37192 0.64127
vt 0.37253 0.62959
vt 0.37705 0.61246
vt 0.37657 0.61807
vt 0.37635 0.60549
vt 0.37955 0.60751
vt 0.38687 0.62827
vt 0.38449 0.60577
vt 0.38688 0.641
vt 0.38543 0.60793
vt 0.3869 0.62
vt 0.38688 0.64953
vt 0.38744 0.65132
vt 0.66394 0.34303
vt 0.38703 0.60615
vt 0.64232 0.32896
vt 0.28548 0.00477
vt 0.28681 0.00559
vt 0.284 0.05482
vt 0.28629 0.06325
vt 0.28836 0.08152
vt 0.28853 0.20527
vt 0.28943 0.9587
vt 0.28821 0.95992
vt 0.28228 0.9588
vt 0.77499 0.33621
vt 0.65738 0.32679
vt 0.28679 0.00905
vt 0.28673 0.01338
vt 0.28693 0.0279
vt 0.28728 0.04747
vt 0.42435 0.76967
vt 0.29693 0.29371
vt 0.29852 0.2928
vt 0.29791 0.29506
vt 0.96718 0.99873
vt 0.96732 0.99457
vt 0.28769 0.06038
vt 0.28967 0.06418
vt 0.29002 0.27547
vt 0.29733 0.50285
vt 0.29767 0.4715
vt 0.2982 0.50393
vt 0.29846 0.47016
vt 0.29764 0.4516
vt 0.29844 0.42864
vt 0.2977 0.42719
vt 0.29777 0.39066
vt 0.29847 0.39016
vt 0.29846 0.34924
vt 0.29779 0.34972
vt 0.29789 0.30547
vt 0.29852 0.30898
vt 0.96754 0.96499
vt 0.96633 0.96324
vt 0.96495 0.97811
vt 0.29044 0.00494
vt 0.28881 0.01018
vt 0.28878 0.04528
vt 0.28997 0.0665
vt 0.28996 0.08391
vt 0.28992 0.12036
vt 0.28992 0.16606
vt 0.2899 0.20949
vt 0.28988 0.24534
vt 0.28988 0.2707
vt 0.8315 0.25788
vt 0.83118 0.25577
vt 0.83027 0.25753
vt 0.83581 0.25457
vt 0.83366 0.25394
vt 0.83408 0.25658
vt 0.82837 0.6999
vt 0.83193 0.69866
vt 0.82933 0.69864
vt 0.96745 0.69914
vt 0.96926 0.69783
vt 0.94926 0.69779
vt 0.95285 0.6993
vt 0.93713 0.69946
vt 0.93567 0.69792
vt 0.92225 0.698
vt 0.83797 0.13644
vt 0.83639 0.15258
vt 0.83784 0.17067
vt 0.83627 0.17154
vt 0.83631 0.18322
vt 0.83785 0.18388
vt 0.83628 0.19632
vt 0.83802 0.20016
vt 0.83653 0.21328
vt 0.83809 0.21246
vt 0.83804 0.22515
vt 0.83663 0.22861
vt 0.83669 0.23907
vt 0.83796 0.2405
vt 0.8367 0.24459
vt 0.8377 0.24805
vt 0.83663 0.24958
vt 0.8362 0.26799
vt 0.83653 0.26897
vt 0.83765 0.26695
vt 0.8401 0.09467
vt 0.8388 0.09366
vt 0.83828 0.09659
vt 0.83792 0.10351
vt 0.84083 0.10461
vt 0.84285 0.10204
vt 0.84357 0.09623
vt 0.84447 0.2611
vt 0.86259 0.26798
vt 0.86355 0.25452
vt 0.98186 0.37905
vt 0.98212 0.38006
vt 0.98433 0.38005
vt 0.98505 0.37907
vt 0.9882 0.38002
vt 0.99464 0.37913
vt 0.99544 0.38005
vt 0.99728 0.38006
vt 0.99767 0.37918
vt 0.62459 0.98828
vt 0.62446 0.99106
vt 0.62372 0.98829
vt 0.62374 0.9942
vt 0.67887 0.32617
vt 0.99703 0.09362
vt 0.99554 0.0933
vt 0.99569 0.0952
vt 0.99919 0.0971
vt 0.29134 0.00995
vt 0.29112 0.03972
vt 0.29091 0.0601
vt 0.2925 0.06291
vt 0.29094 0.06424
vt 0.99951 0.09541
vt 0.29057 0.06811
vt 0.29066 0.07359
vt 0.29041 0.0898
vt 0.29032 0.14356
vt 0.29032 0.16747
vt 0.29029 0.20346
vt 0.29027 0.23744
vt 0.29033 0.25335
vt 0.29018 0.27122
vt 0.3547 0.521
vt 0.83151 0.2536
vt 0.8293 0.25209
vt 0.841 0.69777
vt 0.85294 0.69754
vt 0.83344 0.69616
vt 0.83108 0.6962
vt 0.8298 0.6962
vt 0.97614 0.69503
vt 0.97414 0.69452
vt 0.97412 0.69734
vt 0.97588 0.69699
vt 0.97148 0.69496
vt 0.95496 0.69515
vt 0.93369 0.69528
vt 0.92285 0.69538
vt 0.90479 0.6981
vt 0.90539 0.69561
vt 0.90303 0.69683
vt 0.88299 0.69702
vt 0.88144 0.69578
vt 0.882 0.69819
vt 0.86638 0.69841
vt 0.86627 0.696
vt 0.76265 0.79239
vt 0.76167 0.79138
vt 0.76375 0.7914
vt 0.76283 0.8008
vt 0.76181 0.79959
vt 0.76343 0.79953
vt 0.76368 0.31611
vt 0.7418 0.3243
vt 0.98226 0.38224
vt 0.98429 0.38247
vt 0.98868 0.38336
vt 0.99309 0.38352
vt 0.99558 0.38439
vt 0.99728 0.38476
vt 0.6289 0.98826
vt 0.62674 0.99465
vt 0.62459 0.99452
vt 0.62675 0.99724
vt 0.62453 0.9974
vt 0.29334 0.06403
vt 0.42696 0.7644
vt 0.82834 0.31456
vt 0.89997 0.68805
vt 0.88406 0.68823
vt 0.84802 0.68961
vt 0.83209 0.69215
vt 0.83125 0.69318
vt 0.82981 0.69364
vt 0.97625 0.68984
vt 0.97177 0.69185
vt 0.95957 0.69197
vt 0.91285 0.68782
vt 0.8727 0.68916
vt 0.86516 0.69713
vt 0.7616 0.79405
vt 0.76093 0.80828
vt 0.76303 0.80873
vt 0.98229 0.3847
vt 0.98345 0.38381
vt 0.87985 0.01674
vt 0.88059 0.02054
vt 0.87921 0.02191
vt 0.62911 0.9913
vt 0.6276 0.99607
vt 0.88016 0.02277
vt 0.63017 0.99754
vt 0.6274 0.99848
vt 0.76133 0.94533
vt 0.76308 0.95864
vt 0.76034 0.95262
vt 0.76163 0.95968
vt 0.30671 0.00924
vt 0.30116 0.01804
vt 0.30063 0.05916
vt 0.29438 0.06379
vt 0.34909 0.52833
vt 0.35521 0.52951
vt 0.34761 0.52953
vt 0.71464 0.02472
vt 0.71825 0.02587
vt 0.71133 0.02582
vt 0.83088 0.69008
vt 0.97166 0.68359
vt 0.95998 0.68913
vt 0.93845 0.68914
vt 0.92456 0.68856
vt 0.86149 0.68787
vt 0.83899 0.6868
vt 0.83305 0.68722
vt 0.83164 0.68712
vt 0.79316 0.32349
vt 0.99088 0.98365
vt 0.99032 0.9845
vt 0.9934 0.98457
vt 0.99013 0.97839
vt 0.99648 0.98454
vt 0.99881 0.9845
vt 0.99818 0.98363
vt 0.98868 0.38972
vt 0.99212 0.38951
vt 0.9968 0.3863
vt 0.63029 0.98765
vt 0.63201 0.98896
vt 0.63295 0.99793
vt 0.63242 0.99134
vt 0.63257 0.99482
vt 0.36275 0.51943
vt 0.43189 0.7619
vt 0.9741 0.68359
vt 0.99542 0.39222
vt 0.63746 0.98921
vt 0.298 0.00518
vt 0.30358 0.00549
vt 0.30804 0.0428
vt 0.3029 0.00381
vt 0.36009 0.52793
vt 0.30326 0.06368
vt 0.92783 0.67909
vt 0.91423 0.68225
vt 0.72202 0.0249
vt 0.96044 0.68197
vt 0.94063 0.68318
vt 0.88123 0.67563
vt 0.98236 0.39913
vt 0.98969 0.39754
vt 0.64014 0.99701
vt 0.30964 0.06118
vt 0.97628 0.67465
vt 0.83527 0.67355
vt 0.69644 0.31322
vt 0.91504 0.67188
vt 0.89096 0.67738
vt 0.85023 0.67391
vt 0.83294 0.66372
vt 0.83173 0.67417
vt 0.72201 0.30766
vt 0.99537 0.40858
vt 0.6542 0.9883
vt 0.64992 0.99156
vt 0.31885 0.00537
vt 0.37802 0.5205
vt 0.44906 0.7835
vt 0.80683 0.30132
vt 0.94025 0.67114
vt 0.73016 0.02529
vt 0.8393 0.66236
vt 0.99703 0.42712
vt 0.66765 0.98741
vt 0.65643 0.99779
vt 0.31256 0.01791
vt 0.3209 0.04756
vt 0.95876 0.67173
vt 0.89783 0.66711
vt 0.97404 0.67384
vt 0.97372 0.66935
vt 0.98966 0.41122
vt 0.31922 0.00385
vt 0.90834 0.66395
vt 0.86668 0.6681
vt 0.74181 0.7898
vt 0.73809 0.78844
vt 0.74283 0.78873
vt 0.9762 0.6695
vt 0.65173 0.98911
vt 0.66394 0.30205
vt 0.65464 0.29494
vt 0.38239 0.51895
vt 0.45269 0.762
vt 0.98458 0.4205
vt 0.67891 0.29828
vt 0.32147 0.03276
vt 0.31921 0.06153
vt 0.45901 0.78097
vt 0.97413 0.66191
vt 0.9536 0.66249
vt 0.92468 0.66063
vt 0.85114 0.659
vt 0.84918 0.6549
vt 0.97442 0.66688
vt 0.45317 0.76836
vt 0.9392 0.65635
vt 0.88922 0.6568
vt 0.87269 0.66104
vt 0.7312 0.78808
vt 0.97613 0.66207
vt 0.97503 0.66301
vt 0.78774 0.30132
vt 0.98232 0.41839
vt 0.66549 0.99497
vt 0.66808 0.99684
vt 0.33419 0.01849
vt 0.33273 0.06354
vt 0.82747 0.29862
vt 0.96233 0.64552
vt 0.83172 0.65649
vt 0.32832 0.00364
vt 0.33083 0.00538
vt 0.72866 0.78949
vt 0.73528 0.2897
vt 0.66713 0.99156
vt 0.64556 0.28954
vt 0.33263 0.03926
vt 0.90988 0.65137
vt 0.87637 0.65086
vt 0.33748 0.00961
vt 0.33449 0.06216
vt 0.38806 0.52026
vt 0.92911 0.64931
vt 0.89563 0.64653
vt 0.83828 0.64665
vt 0.99543 0.42992
vt 0.67156 0.98873
vt 0.86095 0.64743
vt 0.71731 0.78937
vt 0.71451 0.78808
vt 0.83287 0.64874
vt 0.98736 0.44844
vt 0.70141 0.28299
vt 0.75404 0.02544
vt 0.76001 0.02982
vt 0.74338 0.02816
vt 0.80882 0.27868
vt 0.97534 0.66105
vt 0.97546 0.63345
vt 0.91857 0.64019
vt 0.77349 0.28282
vt 0.75498 0.27987
vt 0.68567 0.98798
vt 0.34407 0.00821
vt 0.40624 0.51859
vt 0.82746 0.26299
vt 0.96854 0.6479
vt 0.34443 0.03363
vt 0.35275 0.0054
vt 0.3508 0.05348
vt 0.6423 0.25061
vt 0.97358 0.63018
vt 0.95009 0.63679
vt 0.94178 0.63267
vt 0.93005 0.63773
vt 0.84804 0.62343
vt 0.68311 0.99133
vt 0.35577 0.00351
vt 0.34777 0.04457
vt 0.48361 0.78351
vt 0.47885 0.77195
vt 0.46991 0.76179
vt 0.87362 0.61954
vt 0.79419 0.27215
vt 0.90186 0.63252
vt 0.83267 0.6201
vt 0.98239 0.44503
vt 0.9955 0.44927
vt 0.35659 0.01833
vt 0.3655 0.03752
vt 0.3583 0.06002
vt 0.35745 0.06249
vt 0.82829 0.26752
vt 0.91026 0.62759
vt 0.88528 0.62778
vt 0.85997 0.62774
vt 0.69643 0.78804
vt 0.83704 0.62004
vt 0.6414 0.24556
vt 0.50266 0.78456
vt 0.69998 0.78934
vt 0.83154 0.61908
vt 0.98447 0.45331
vt 0.69435 0.99766
vt 0.66562 0.27075
vt 0.41407 0.51983
vt 0.77552 0.02991
vt 0.78303 0.03109
vt 0.92222 0.61847
vt 0.76441 0.25798
vt 0.72638 0.26076
vt 0.99705 0.4588
vt 0.69665 0.98726
vt 0.68011 0.26521
vt 0.35916 0.06351
vt 0.9549 0.61883
vt 0.65387 0.26956
vt 0.94168 0.61602
vt 0.93088 0.617
vt 0.9152 0.61089
vt 0.37155 0.00799
vt 0.89475 0.61491
vt 0.88513 0.60985
vt 0.98789 0.45799
vt 0.41651 0.51826
vt 0.49541 0.76502
vt 0.99547 0.45928
vt 0.70846 0.98878
vt 0.37436 0.02777
vt 0.37496 0.05256
vt 0.48831 0.76231
vt 0.9638 0.61191
vt 0.85495 0.615
vt 0.7846 0.24967
vt 0.70504 0.25408
vt 0.98283 0.47564
vt 0.37039 0.00534
vt 0.50073 0.78071
vt 0.72419 0.99655
vt 0.9753 0.6007
vt 0.97344 0.59831
vt 0.968 0.59456
vt 0.74176 0.24231
vt 0.98228 0.48321
vt 0.72404 0.98791
vt 0.37761 0.00352
vt 0.3726 0.45372
vt 0.36938 0.43152
vt 0.39536 0.44314
vt 0.90741 0.60672
vt 0.87033 0.60331
vt 0.85261 0.59679
vt 0.84692 0.59865
vt 0.68143 0.78917
vt 0.66316 0.24247
vt 0.38439 0.01651
vt 0.42469 0.517
vt 0.44394 0.51805
vt 0.4396 0.51955
vt 0.96092 0.59809
vt 0.83252 0.594
vt 0.8156 0.24177
vt 0.68571 0.23948
vt 0.7236 0.99138
vt 0.37231 0.50837
vt 0.3881 0.50858
vt 0.38721 0.5102
vt 0.67116 0.78786
vt 0.65123 0.22404
vt 0.38095 0.06246
vt 0.82746 0.22896
vt 0.93574 0.59884
vt 0.92282 0.60088
vt 0.89527 0.59893
vt 0.83735 0.59422
vt 0.8008 0.23497
vt 0.38464 0.06358
vt 0.90918 0.59266
vt 0.72051 0.23501
vt 0.98444 0.49061
vt 0.99558 0.4931
vt 0.75345 0.22904
vt 0.98739 0.49697
vt 0.99716 0.49247
vt 0.72746 0.98724
vt 0.68666 0.92472
vt 0.68788 0.93753
vt 0.67158 0.94067
vt 0.66688 0.91735
vt 0.5134 0.76909
vt 0.82825 0.22765
vt 0.83131 0.57328
vt 0.3986 0.02775
vt 0.39666 0.04673
vt 0.40496 0.05663
vt 0.5148 0.7835
vt 0.94012 0.58876
vt 0.92106 0.58847
vt 0.87127 0.59017
vt 0.70474 0.22784
vt 0.39452 0.00522
vt 0.45769 0.51652
vt 0.89611 0.58402
vt 0.66267 0.7892
vt 0.76746 0.22193
vt 0.7393 0.99756
vt 0.67268 0.21957
vt 0.39153 0.00342
vt 0.52098 0.76243
vt 0.97505 0.58484
vt 0.9732 0.5849
vt 0.95982 0.58227
vt 0.84885 0.58017
vt 0.83716 0.58126
vt 0.66113 0.78781
vt 0.98288 0.49423
vt 0.72949 0.98872
vt 0.42312 0.01305
vt 0.45464 0.51936
vt 0.53044 0.76328
vt 0.83438 0.03087
vt 0.52716 0.78066
vt 0.88264 0.57965
vt 0.83256 0.57985
vt 0.77922 0.21208
vt 0.98231 0.49614
vt 0.39422 0.00307
vt 0.4249 0.06233
vt 0.46481 0.51764
vt 0.39806 0.4074
vt 0.41035 0.39243
vt 0.41824 0.40912
vt 0.9447 0.58046
vt 0.93884 0.57395
vt 0.86525 0.58023
vt 0.81487 0.21614
vt 0.79525 0.20925
vt 0.39492 0.00189
vt 0.40251 0.00177
vt 0.39836 0.00354
vt 0.39759 0.00527
vt 0.41097 0.06335
vt 0.6423 0.22137
vt 0.97509 0.56718
vt 0.91959 0.5734
vt 0.9079 0.55834
vt 0.89746 0.57214
vt 0.7258 0.21327
vt 0.97324 0.5715
vt 0.96014 0.5714
vt 0.99707 0.50997
vt 0.74348 0.98723
vt 0.74102 0.99628
vt 0.65881 0.20978
vt 0.42013 0.01856
vt 0.87701 0.57101
vt 0.86125 0.56676
vt 0.74184 0.99129
vt 0.4118 0.00555
vt 0.46451 0.51928
vt 0.44875 0.72551
vt 0.45643 0.72784
vt 0.44774 0.72728
vt 0.42477 0.44322
vt 0.41259 0.45281
vt 0.93226 0.5627
vt 0.88012 0.5584
vt 0.64746 0.78913
vt 0.63513 0.78775
vt 0.98247 0.50937
vt 0.98743 0.52285
vt 0.99556 0.51092
vt 0.74301 0.98849
vt 0.41 0.00341
vt 0.64134 0.19449
vt 0.54963 0.78453
vt 0.53425 0.7715
vt 0.82748 0.18581
vt 0.45507 0.72527
vt 0.91905 0.55448
vt 0.83706 0.56388
vt 0.98457 0.53038
vt 0.71026 0.20026
vt 0.68425 0.20167
vt 0.64714 0.92145
vt 0.65776 0.92687
vt 0.64251 0.93613
vt 0.41803 0.03384
vt 0.97307 0.55486
vt 0.89595 0.55669
vt 0.55137 0.78351
vt 0.94333 0.55566
vt 0.74681 0.19638
vt 0.82822 0.17146
vt 0.95737 0.55335
vt 0.66457 0.18806
vt 0.43146 0.05106
vt 0.49147 0.51608
vt 0.48648 0.51909
vt 0.84734 0.54703
vt 0.77735 0.98807
vt 0.77087 0.98882
vt 0.43575 0.00162
vt 0.56626 0.76349
vt 0.81353 0.18681
vt 0.9671 0.54756
vt 0.88822 0.54873
vt 0.86942 0.54835
vt 0.85924 0.5386
vt 0.85404 0.55354
vt 0.77075 0.19285
vt 0.99562 0.52776
vt 0.77278 0.99659
vt 0.64869 0.18907
vt 0.47715 0.72538
vt 0.47469 0.72781
vt 0.62491 0.78912
vt 0.83207 0.51903
vt 0.9825 0.53661
vt 0.77517 0.9912
vt 0.77257 0.99444
vt 0.43312 0.0034
vt 0.43156 0.00561
vt 0.48725 0.51752
vt 0.97488 0.54205
vt 0.83717 0.54426
vt 0.99717 0.53394
vt 0.76547 0.9872
vt 0.55031 0.78111
vt 0.95343 0.53713
vt 0.98298 0.53814
vt 0.43646 0.04044
vt 0.93057 0.53581
vt 0.89614 0.53681
vt 0.88389 0.5311
vt 0.45419 0.06223
vt 0.96269 0.5349
vt 0.94038 0.53893
vt 0.92176 0.53872
vt 0.91086 0.53625
vt 0.61832 0.78791
vt 0.83109 0.54329
vt 0.68791 0.177
vt 0.64233 0.15755
vt 0.57747 0.76996
vt 0.49206 0.72558
vt 0.97282 0.53858
vt 0.79539 0.18063
vt 0.99569 0.54098
vt 0.79327 0.99735
vt 0.44695 0.03141
vt 0.72046 0.17967
vt 0.49818 0.5173
vt 0.49014 0.72778
vt 0.94847 0.52526
vt 0.67435 0.16143
vt 0.50011 0.5188
vt 0.57531 0.77624
vt 0.87111 0.52808
vt 0.7696 0.16619
vt 0.98464 0.5624
vt 0.98758 0.56566
vt 0.46057 0.06332
vt 0.93954 0.52313
vt 0.84767 0.51877
vt 0.60859 0.78915
vt 0.83681 0.51856
vt 0.65875 0.1616
vt 0.45944 0.01715
vt 0.97298 0.51781
vt 0.59882 0.78787
vt 0.79015 0.15965
vt 0.74014 0.16292
vt 0.46214 0.00526
vt 0.96775 0.51739
vt 0.95973 0.51842
vt 0.91025 0.51981
vt 0.99732 0.56592
vt 0.79481 0.98715
vt 0.45507 0.05269
vt 0.58646 0.78138
vt 0.92235 0.51845
vt 0.87347 0.52168
vt 0.81277 0.16343
vt 0.70409 0.15861
vt 0.52013 0.51863
vt 0.64139 0.13862
vt 0.601 0.78454
vt 0.51114 0.72778
vt 0.82744 0.12733
vt 0.80479 0.98858
vt 0.80087 0.99617
vt 0.52567 0.51569
vt 0.86669 0.03117
vt 0.86687 0.03028
vt 0.86815 0.03094
vt 0.97445 0.50892
vt 0.89559 0.51514
vt 0.83082 0.50677
vt 0.98255 0.56537
vt 0.99218 0.57372
vt 0.99583 0.57617
vt 0.45943 0.03924
vt 0.59111 0.78921
vt 0.72128 0.13989
vt 0.46317 0.00165
vt 0.46783 0.00343
vt 0.52359 0.51717
vt 0.93647 0.51412
vt 0.87806 0.51378
vt 0.61898 0.7835
vt 0.51108 0.72525
vt 0.80747 0.9878
vt 0.47422 0.04624
vt 0.96005 0.50041
vt 0.95137 0.50258
vt 0.92402 0.50404
vt 0.85439 0.50721
vt 0.58785 0.78785
vt 0.83655 0.49617
vt 0.80871 0.99098
vt 0.91113 0.50341
vt 0.89324 0.49454
vt 0.86575 0.50077
vt 0.83201 0.5059
vt 0.80219 0.1309
vt 0.76916 0.1435
vt 0.98474 0.57765
vt 0.47744 0.01211
vt 0.47922 0.05363
vt 0.47904 0.06219
vt 0.93966 0.49924
vt 0.88402 0.49476
vt 0.87598 0.49449
vt 0.84752 0.49507
vt 0.77983 0.13176
vt 0.65575 0.13557
vt 0.47654 0.02863
vt 0.59971 0.7629
vt 0.52484 0.726
vt 0.52491 0.72837
vt 0.98739 0.5835
vt 0.8136 0.99747
vt 0.66625 0.13054
vt 0.47581 0.00153
vt 0.81736 0.13794
vt 0.90465 0.49405
vt 0.57452 0.7893
vt 0.7484 0.13464
vt 0.98307 0.57989
vt 0.81147 0.99442
vt 0.68096 0.14065
vt 0.47782 0.39259
vt 0.49353 0.39386
vt 0.47926 0.41152
vt 0.97418 0.4917
vt 0.83179 0.48576
vt 0.81664 0.99653
vt 0.5345 0.51873
vt 0.92069 0.49088
vt 0.48188 0.01925
vt 0.53725 0.51569
vt 0.5353 0.51775
vt 0.61053 0.76834
vt 0.47678 0.45817
vt 0.50023 0.46023
vt 0.47818 0.47223
vt 0.4722 0.42203
vt 0.49529 0.41565
vt 0.48578 0.43247
vt 0.95867 0.49179
vt 0.9393 0.49037
vt 0.56997 0.7879
vt 0.69668 0.13058
vt 0.53788 0.51755
vt 0.86522 0.48664
vt 0.98304 0.60536
vt 0.50237 0.00572
vt 0.8282 0.11513
vt 0.9105 0.02983
vt 0.91298 0.48051
vt 0.85295 0.47906
vt 0.98829 0.6085
vt 0.99756 0.61183
vt 0.83693 0.98688
vt 0.49031 0.03039
vt 0.49567 0.04452
vt 0.6423 0.11105
vt 0.9457 0.4769
vt 0.89998 0.4736
vt 0.8331 0.98844
vt 0.49446 0.00152
vt 0.50071 0.00337
vt 0.50815 0.06336
vt 0.55239 0.72617
vt 0.98467 0.60596
vt 0.99597 0.60507
vt 0.83504 0.9943
vt 0.49885 0.06216
vt 0.62673 0.76279
vt 0.92441 0.03102
vt 0.97419 0.48234
vt 0.97417 0.46958
vt 0.95974 0.47579
vt 0.93724 0.47171
vt 0.87777 0.46721
vt 0.75211 0.11234
vt 0.67526 0.11329
vt 0.49749 0.01351
vt 0.50513 0.02336
vt 0.62652 0.78094
vt 0.62911 0.77397
vt 0.92388 0.46325
vt 0.88717 0.461
vt 0.86458 0.46745
vt 0.83054 0.47368
vt 0.82749 0.08334
vt 0.81701 0.10746
vt 0.55235 0.78931
vt 0.55385 0.78792
vt 0.84244 0.98749
vt 0.84006 0.99099
vt 0.65391 0.10078
vt 0.50832 0.05196
vt 0.56065 0.72855
vt 0.9319 0.45897
vt 0.91469 0.46689
vt 0.79378 0.10628
vt 0.72237 0.10366
vt 0.98256 0.58436
vt 0.98255 0.60372
vt 0.64615 0.0963
vt 0.56504 0.51597
vt 0.6347 0.76829
vt 0.96654 0.46172
vt 0.94923 0.45897
vt 0.83654 0.46432
vt 0.8317 0.46146
vt 0.89692 0.45722
vt 0.84647 0.46207
vt 0.69203 0.11053
vt 0.95975 0.45797
vt 0.77045 0.09929
vt 0.99599 0.61392
vt 0.51609 0.04011
vt 0.51898 0.00562
vt 0.64142 0.08572
vt 0.64964 0.78459
vt 0.56004 0.72625
vt 0.90802 0.45567
vt 0.98262 0.61606
vt 0.98795 0.62596
vt 0.842 0.98828
vt 0.51479 0.00161
vt 0.57498 0.51771
vt 0.84641 0.44253
vt 0.99761 0.61853
vt 0.84308 0.98679
vt 0.53215 0.0164
vt 0.5197 0.06251
vt 0.93308 0.02951
vt 0.861 0.99649
vt 0.51747 0.00341
vt 0.97396 0.44679
vt 0.97272 0.44604
vt 0.53357 0.78935
vt 0.83368 0.43715
vt 0.74819 0.0882
vt 0.98484 0.6318
vt 0.69886 0.09077
vt 0.8646 0.99422
vt 0.52732 0.05991
vt 0.57797 0.51614
vt 0.63929 0.76269
vt 0.94767 0.43642
vt 0.53277 0.78788
vt 0.83629 0.4384
vt 0.98318 0.64022
vt 0.996 0.62963
vt 0.65098 0.78104
vt 0.82027 0.08648
vt 0.89077 0.43869
vt 0.86573 0.44489
vt 0.79081 0.08376
vt 0.52872 0.02997
vt 0.52417 0.47778
vt 0.54021 0.47577
vt 0.53895 0.49121
vt 0.92413 0.44211
vt 0.83041 0.44354
vt 0.81206 0.07763
vt 0.98259 0.63588
vt 0.86265 0.98821
vt 0.66473 0.08572
vt 0.58938 0.72858
vt 0.90183 0.44197
vt 0.86753 0.9875
vt 0.86326 0.99098
vt 0.82825 0.07039
vt 0.58952 0.72632
vt 0.96498 0.43662
vt 0.95841 0.4361
vt 0.97466 0.44596
vt 0.97378 0.44448
vt 0.99767 0.64801
vt 0.87016 0.98674
vt 0.8716 0.99747
vt 0.53508 0.00352
vt 0.54782 0.06324
vt 0.60427 0.51658
vt 0.9576 0.03105
vt 0.97224 0.43875
vt 0.52811 0.78794
vt 0.97461 0.44093
vt 0.87484 0.43624
vt 0.83149 0.43715
vt 0.72544 0.07138
vt 0.6823 0.07055
vt 0.66516 0.76799
vt 0.52847 0.42196
vt 0.51902 0.41066
vt 0.543 0.40241
vt 0.9859 0.64821
vt 0.99608 0.65021
vt 0.65095 0.06524
vt 0.53957 0.00161
vt 0.64237 0.07434
vt 0.6593 0.7835
vt 0.51407 0.78958
vt 0.97239 0.43443
vt 0.91605 0.43547
vt 0.84679 0.4349
vt 0.75907 0.06849
vt 0.54489 0.04164
vt 0.5536 0.06005
vt 0.83023 0.42363
vt 0.54443 0.06192
vt 0.60029 0.51794
vt 0.91662 0.42482
vt 0.89172 0.43023
vt 0.8648 0.42812
vt 0.98305 0.65966
vt 0.69866 0.06173
vt 0.87745 0.99637
vt 0.54956 0.03227
vt 0.67799 0.76826
vt 0.8237 0.03765
vt 0.50922 0.78853
vt 0.97455 0.42039
vt 0.96476 0.41834
vt 0.93038 0.42184
vt 0.83648 0.41928
vt 0.83142 0.41885
vt 0.54639 0.41969
vt 0.55799 0.43701
vt 0.54248 0.43747
vt 0.97234 0.41779
vt 0.95519 0.41914
vt 0.8752 0.42247
vt 0.8551 0.42025
vt 0.80405 0.06043
vt 0.77681 0.0571
vt 0.66114 0.06043
vt 0.55742 0.01603
vt 0.9015 0.41881
vt 0.83354 0.41822
vt 0.98508 0.66214
vt 0.99755 0.66085
vt 0.88196 0.98677
vt 0.64142 0.06364
vt 0.66995 0.78453
vt 0.60392 0.72733
vt 0.99065 0.66083
vt 0.88904 0.99063
vt 0.64772 0.04441
vt 0.54585 0.00331
vt 0.67713 0.76348
vt 0.60912 0.73003
vt 0.93658 0.40939
vt 0.88046 0.40937
vt 0.86284 0.40992
vt 0.84132 0.41159
vt 0.51533 0.79489
vt 0.50731 0.79289
vt 0.51335 0.79208
vt 0.99597 0.66279
vt 0.61271 0.5181
vt 0.89794 0.40938
vt 0.88767 0.98789
vt 0.891 0.99664
vt 0.49909 0.78962
vt 0.49947 0.78855
vt 0.9745 0.40978
vt 0.96528 0.40653
vt 0.95507 0.40891
vt 0.83382 0.40726
vt 0.73443 0.05272
vt 0.98595 0.66677
vt 0.89032 0.99345
vt 0.56313 0.00297
vt 0.82746 0.03296
vt 0.97229 0.40598
vt 0.98291 0.66539
vt 0.99579 0.67058
vt 0.99754 0.66963
vt 0.89003 0.9865
vt 0.88908 0.9976
vt 0.56094 0.06326
vt 0.64236 0.03589
vt 0.61972 0.5171
vt 0.68761 0.78357
vt 0.61064 0.72776
vt 0.97094 0.03155
vt 0.96786 0.03036
vt 0.97119 0.0313
vt 0.83134 0.40765
vt 0.83015 0.40599
vt 0.69791 0.04408
vt 0.98382 0.67364
vt 0.97625 0.4092
vt 0.9757 0.40372
vt 0.9744 0.40347
vt 0.49371 0.78845
vt 0.95409 0.40334
vt 0.93902 0.40348
vt 0.91568 0.40367
vt 0.90013 0.40376
vt 0.88787 0.40386
vt 0.87188 0.40399
vt 0.85306 0.40413
vt 0.49733 0.80881
vt 0.49822 0.82123
vt 0.49369 0.81056
vt 0.49512 0.82948
vt 0.49351 0.81793
vt 0.99595 0.70264
vt 0.99719 0.69576
vt 0.99466 0.70099
vt 0.61816 0.00793
vt 0.62111 0.00881
vt 0.61319 0.00832
vt 0.98515 0.67469
vt 0.89437 0.98746
vt 0.89601 0.99387
vt 0.89467 0.99797
vt 0.67069 0.04704
vt 0.56449 0.0013
vt 0.56273 0.00905
vt 0.56446 0.0347
vt 0.56412 0.04784
vt 0.56284 0.06252
vt 0.62213 0.51817
vt 0.97219 0.40322
vt 0.96611 0.40325
vt 0.83348 0.40428
vt 0.83113 0.40424
vt 0.77532 0.04502
vt 0.99593 0.69467
vt 0.99278 0.67464
vt 0.99736 0.67459
vt 0.89457 0.98599
vt 0.89603 0.99062
vt 0.89603 0.99667
vt 0.64145 0.03691
vt 0.69452 0.78471
vt 0.80688 0.0426
vt 0.97849 0.02422
vt 0.97897 0.02531
vt 0.97757 0.02526
vt 0.97523 0.40162
vt 0.9721 0.40138
vt 0.96595 0.40139
vt 0.95069 0.40132
vt 0.91737 0.40165
vt 0.89814 0.40176
vt 0.87107 0.40199
vt 0.83367 0.40236
vt 0.83126 0.40254
vt 0.49274 0.83585
vt 0.49344 0.82906
vt 0.49226 0.84539
vt 0.98313 0.67474
vt 0.98283 0.67608
vt 0.98427 0.67579
vt 0.9854 0.67662
vt 0.99761 0.67654
vt 0.89628 0.98532
vt 0.8961 0.98712
vt 0.89622 0.99848
vt 0.56286 0.06386
vt 0.56428 0.02288
vt 0.69386 0.76679
vt 0.82811 0.03315
vt 0.44071 0.81232
vt 0.44199 0.8139
vt 0.44478 0.81374
vt 0.44451 0.8125
vt 0.45453 0.81229
vt 0.45653 0.81363
vt 0.46758 0.81356
vt 0.47287 0.81225
vt 0.4849 0.81378
vt 0.48988 0.8125
vt 0.49023 0.81417
vt 0.44077 0.81347
vt 0.44076 0.81869
vt 0.44458 0.81754
vt 0.45281 0.82063
vt 0.44231 0.81891
vt 0.48946 0.82084
vt 0.49061 0.81686
vt 0.43937 0.82066
vt 0.44123 0.82143
vt 0.97882 0.02277
vt 0.47691 0.82517
vt 0.29678 0.82282
vt 0.29894 0.82296
vt 0.29896 0.82084
vt 0.29586 0.82128
vt 0.30468 0.82279
vt 0.30509 0.82085
vt 0.3188 0.82281
vt 0.32028 0.82062
vt 0.34839 0.82289
vt 0.3535 0.8208
vt 0.37004 0.82297
vt 0.37268 0.82082
vt 0.39915 0.82306
vt 0.39965 0.82096
vt 0.42147 0.82313
vt 0.43694 0.82106
vt 0.43509 0.82319
vt 0.43938 0.82332
vt 0.45024 0.82885
vt 0.48948 0.8281
vt 0.49064 0.82507
vt 0.30321 0.83314
vt 0.31551 0.8258
vt 0.32826 0.82556
vt 0.34683 0.82544
vt 0.36559 0.82567
vt 0.38565 0.82527
vt 0.40178 0.82594
vt 0.41247 0.82568
vt 0.42803 0.82586
vt 0.29676 0.83357
vt 0.32314 0.83262
vt 0.29622 0.83241
vt 0.29863 0.83423
vt 0.3119 0.83335
vt 0.3604 0.83543
vt 0.38367 0.83539
vt 0.43215 0.8379
vt 0.44824 0.83852
vt 0.47315 0.83411
vt 0.49067 0.84114
vt 0.34094 0.83887
vt 0.41775 0.83982
vt 0.46452 0.84294
vt 0.48936 0.8517
vt 0.30649 0.84675
vt 0.39543 0.85179
vt 0.48096 0.85099
vt 0.29687 0.8439
vt 0.32491 0.8517
vt 0.34259 0.8506
vt 0.35688 0.84881
vt 0.37558 0.84783
vt 0.4467 0.85309
vt 0.41172 0.85564
vt 0.4582 0.86034
vt 0.42466 0.85847
vt 0.44052 0.86872
vt 0.29865 0.87032
vt 0.37861 0.86726
vt 0.29689 0.86316
vt 0.31213 0.86637
vt 0.47663 0.86759
vt 0.32847 0.86289
vt 0.35031 0.862
vt 0.4907 0.86235
vt 0.46975 0.87551
vt 0.3993 0.86539
vt 0.48707 0.87775
vt 0.35898 0.88341
vt 0.42519 0.88319
vt 0.48932 0.87613
vt 0.31701 0.87929
vt 0.33835 0.87897
vt 0.29673 0.8726
vt 0.2987 0.88085
vt 0.32633 0.88569
vt 0.40811 0.8853
vt 0.4574 0.8832
vt 0.37463 0.88279
vt 0.39549 0.89191
vt 0.30834 0.88704
vt 0.46585 0.88527
vt 0.49057 0.91374
vt 0.29627 0.87696
vt 0.2967 0.88388
vt 0.3482 0.89213
vt 0.47502 0.89382
vt 0.48351 0.9026
vt 0.38633 0.8973
vt 0.43756 0.90077
vt 0.73008 0.04368
vt 0.31261 0.90307
vt 0.457 0.90091
vt 0.29616 0.90507
vt 0.29848 0.90164
vt 0.33669 0.89905
vt 0.41366 0.90515
vt 0.29671 0.9033
vt 0.36809 0.90474
vt 0.35364 0.90757
vt 0.47108 0.90888
vt 0.48922 0.91514
vt 0.3247 0.91528
vt 0.38865 0.91241
vt 0.34203 0.91335
vt 0.3106 0.9214
vt 0.45612 0.91562
vt 0.47883 0.92289
vt 0.367 0.92468
vt 0.40507 0.92156
vt 0.42791 0.91454
vt 0.44545 0.91943
vt 0.46698 0.92288
vt 0.29658 0.93213
vt 0.29854 0.93319
vt 0.35188 0.92485
vt 0.3875 0.92138
vt 0.42786 0.92652
vt 0.48675 0.94443
vt 0.29601 0.92304
vt 0.3209 0.93163
vt 0.3405 0.93412
vt 0.38782 0.92916
vt 0.49049 0.93972
vt 0.31259 0.55977
vt 0.33644 0.55958
vt 0.32542 0.56039
vt 0.37319 0.92958
vt 0.48919 0.93619
vt 0.31078 0.94119
vt 0.44639 0.93489
vt 0.46054 0.93316
vt 0.4741 0.94267
vt 0.38532 0.93646
vt 0.40011 0.94234
vt 0.41198 0.94156
vt 0.29599 0.93962
vt 0.37458 0.93617
vt 0.43125 0.94527
vt 0.33285 0.94337
vt 0.36838 0.94026
vt 0.38775 0.9428
vt 0.34538 0.56018
vt 0.3212 0.94809
vt 0.37214 0.93847
vt 0.37593 0.93867
vt 0.3816 0.93882
vt 0.38445 0.93906
vt 0.3578 0.95041
vt 0.37412 0.94054
vt 0.37572 0.94057
vt 0.37851 0.94009
vt 0.38173 0.9401
vt 0.38421 0.94064
vt 0.45532 0.96017
vt 0.46566 0.96025
vt 0.2964 0.95275
vt 0.3432 0.9554
vt 0.37214 0.94291
vt 0.37424 0.94288
vt 0.6101 0.00694
vt 0.61042 0.0088
vt 0.60977 0.00992
vt 0.38576 0.94322
vt 0.29586 0.95221
vt 0.29831 0.958
vt 0.37235 0.94944
vt 0.39037 0.95925
vt 0.4891 0.9621
vt 0.31052 0.95516
vt 0.38611 0.95302
vt 0.38794 0.95743
vt 0.32598 0.96441
vt 0.37228 0.95569
vt 0.37426 0.95577
vt 0.39952 0.96577
vt 0.36806 0.96193
vt 0.38577 0.95586
vt 0.41688 0.96408
vt 0.31729 0.97394
vt 0.37415 0.9577
vt 0.37579 0.95616
vt 0.37887 0.95633
vt 0.38502 0.95748
vt 0.38175 0.95633
vt 0.3842 0.95614
vt 0.48659 0.97522
vt 0.49041 0.96796
vt 0.36235 0.55942
vt 0.38333 0.95959
vt 0.3849 0.96253
vt 0.43411 0.96785
vt 0.34694 0.96922
vt 0.3914 0.97116
vt 0.4754 0.97288
vt 0.2958 0.98605
vt 0.29828 0.99018
vt 0.36908 0.56003
vt 0.37038 0.97194
vt 0.37976 0.97065
vt 0.29633 0.98754
vt 0.30435 0.98833
vt 0.33854 0.98135
vt 0.35988 0.98185
vt 0.44121 0.97667
vt 0.40117 0.97738
vt 0.48906 0.98898
vt 0.31089 0.99588
vt 0.32942 0.99244
vt 0.46691 0.98327
vt 0.3836 0.9858
vt 0.41432 0.98582
vt 0.43531 0.98612
vt 0.45324 0.98486
vt 0.48229 0.99652
vt 0.49038 0.99822
vt 0.3901 0.55921
vt 0.48606 0.98754
vt 0.391 0.55991
vt 0.32225 0.99638
vt 0.45406 0.99874
vt 0.40806 0.99313
vt 0.4792 0.99875
vt 0.29535 0.99498
vt 0.29596 0.99604
vt 0.29802 0.99554
vt 0.35975 0.99637
vt 0.48884 0.99865
vt 0.30263 0.99613
vt 0.39045 0.99849
vt 0.41957 0.99861
vt 0.29584 0.99802
vt 0.29779 0.99804
vt 0.31754 0.9982
vt 0.36162 0.99834
vt 0.56442 0.06272
vt 0.56344 0.06425
vt 0.29632 0.9986
vt 0.5644 0.07269
vt 0.32745 0.99899
vt 0.56382 0.09792
vt 0.56461 0.09925
vt 0.37033 0.99912
vt 0.56381 0.14427
vt 0.5646 0.14629
vt 0.56473 0.17883
vt 0.4013 0.99943
vt 0.56376 0.17776
vt 0.56483 0.19782
vt 0.42709 0.99949
vt 0.56381 0.20567
vt 0.56476 0.21669
vt 0.46502 0.99948
vt 0.56376 0.24668
vt 0.56472 0.2487
vt 0.48679 0.99941
vt 0.56468 0.26653
vt 0.56388 0.27023
vt 0.56518 0.27407
vt 0.4907 0.99935
vt 0.56444 0.27445
vt 0.69411 0.76258
vt 0.67978 0.76228
vt 0.65284 0.03738
vt 0.57013 0.00244
vt 0.57024 0.00488
vt 0.57225 0.0133
vt 0.5654 0.02294
vt 0.5694 0.04235
vt 0.56657 0.06714
vt 0.56719 0.08013
vt 0.56707 0.10185
vt 0.56718 0.14893
vt 0.63457 0.51676
vt 0.63285 0.51787
vt 0.65306 0.73765
vt 0.65742 0.73624
vt 0.66087 0.7366
vt 0.22368 0.56094
vt 0.25864 0.56707
vt 0.22382 0.56694
vt 0.26542 0.55994
vt 0.75761 0.03806
vt 0.57015 0.00101
vt 0.57222 0.02128
vt 0.57172 0.05746
vt 0.57215 0.07285
vt 0.57226 0.09904
vt 0.57223 0.12422
vt 0.57224 0.15472
vt 0.57188 0.17471
vt 0.57197 0.19689
vt 0.57202 0.21509
vt 0.5724 0.23837
vt 0.57252 0.25791
vt 0.57163 0.27409
vt 0.5724 0.27451
vt 0.69345 0.78357
vt 0.58277 0.49671
vt 0.58316 0.49824
vt 0.58185 0.49803
vt 0.58042 0.46961
vt 0.58163 0.4523
vt 0.58085 0.43559
vt 0.58278 0.43934
vt 0.58151 0.40305
vt 0.58273 0.40456
vt 0.58303 0.26295
vt 0.58098 0.242
vt 0.58298 0.24069
vt 0.58203 0.24038
vt 0.22125 0.56518
vt 0.21971 0.56933
vt 0.21946 0.56791
vt 0.57219 0.00068
vt 0.57178 0.0025
vt 0.57174 0.03397
vt 0.57256 0.26946
vt 0.82407 0.03481
vt 0.55516 0.08189
vt 0.55451 0.08233
vt 0.5555 0.08327
vt 0.79161 0.03496
vt 0.51443 0.12707
vt 0.51562 0.11152
vt 0.49628 0.13171
vt 0.50303 0.14585
vt 0.48777 0.12347
vt 0.48887 0.1557
vt 0.71314 0.03489
vt 0.48703 0.17279
vt 0.52162 0.18262
vt 0.50244 0.17929
vt 0.50977 0.19954
vt 0.64904 0.0348
vt 0.556 0.26114
vt 0.55589 0.269
vt 0.55735 0.26824
vt 0.57253 0.00351
vt 0.5721 0.05905
vt 0.57232 0.11806
vt 0.57233 0.21557
vt 0.69649 0.78366
vt 0.69803 0.76463
vt 0.69792 0.76241
vt 0.63854 0.51705
vt 0.63856 0.51785
vt 0.80335 0.03292
vt 0.74399 0.03292
vt 0.69534 0.0329
vt 0.64266 0.03289
vt 0.64145 0.03316
vt 0.69797 0.78492
vt 0.69814 0.78352
vt 0.08425 0.75962
vt 0.08419 0.75861
vt 0.08626 0.7583
vt 0.08445 0.74339
vt 0.05206 0.71832
vt 0.0507 0.71919
vt 0.05081 0.71411
vt 0.05272 0.71287
vt 0.05276 0.70756
vt 0.05119 0.69956
vt 0.05355 0.69648
vt 0.05189 0.67864
vt 0.05439 0.67345
vt 0.05488 0.65443
vt 0.05301 0.64196
vt 0.05592 0.62589
vt 0.05434 0.60036
vt 0.05666 0.60144
vt 0.05526 0.57216
vt 0.0577 0.57298
vt 0.05612 0.54544
vt 0.05847 0.54589
vt 0.05626 0.53835
vt 0.06059 0.53615
vt 0.05644 0.53365
vt 0.05654 0.52928
vt 0.05817 0.52907
vt 0.05672 0.52804
vt 0.0906 0.75814
vt 0.08863 0.75597
vt 0.08863 0.7417
vt 0.08453 0.73722
vt 0.08823 0.73607
vt 0.08473 0.73608
vt 0.0539 0.71947
vt 0.05492 0.71322
vt 0.0546 0.71615
vt 0.05534 0.7114
vt 0.05511 0.70961
vt 0.05569 0.70048
vt 0.05599 0.6918
vt 0.05658 0.67287
vt 0.05726 0.64971
vt 0.05833 0.621
vt 0.05891 0.60227
vt 0.05967 0.58161
vt 0.06057 0.5551
vt 0.06064 0.54533
vt 0.06086 0.53457
vt 0.06047 0.53166
vt 0.09332 0.75941
vt 0.09361 0.73669
vt 0.05654 0.71876
vt 0.09106 0.73541
vt 0.05679 0.71612
vt 0.01305 0.514
vt 0.01163 0.51468
vt 0.01222 0.51311
vt 0.01221 0.50953
vt 0.01396 0.51272
vt 0.01352 0.5054
vt 0.0123 0.4953
vt 0.01347 0.4778
vt 0.01234 0.45722
vt 0.01358 0.44087
vt 0.01233 0.41333
vt 0.0136 0.41441
vt 0.01359 0.3777
vt 0.01231 0.34844
vt 0.0134 0.33718
vt 0.01227 0.29111
vt 0.01348 0.306
vt 0.01341 0.28687
vt 0.01242 0.28547
vt 0.00256 0.95976
vt 0.00233 0.95618
vt 0.0035 0.95636
vt 0.44666 0.69968
vt 0.44791 0.6997
vt 0.44777 0.69765
vt 0.44656 0.6981
vt 0.40129 0.53557
vt 0.40233 0.53492
vt 0.40097 0.57297
vt 0.4018 0.58782
vt 0.40083 0.59111
vt 0.40046 0.6225
vt 0.40112 0.65271
vt 0.40018 0.65546
vt 0.39979 0.68288
vt 0.40063 0.69471
vt 0.40065 0.70877
vt 0.40069 0.71407
vt 0.3991 0.71339
vt 0.0627 0.53455
vt 0.06272 0.52912
vt 0.06284 0.52799
vt 0.0932 0.73566
vt 0.05929 0.71297
vt 0.01716 0.50533
vt 0.01695 0.36741
vt 0.01868 0.28561
vt 0.00879 0.96002
vt 0.00624 0.95619
vt 0.44372 0.6999
vt 0.44333 0.69529
vt 0.44783 0.69069
vt 0.44011 0.69458
vt 0.4399 0.68993
vt 0.44784 0.68548
vt 0.43985 0.6836
vt 0.44783 0.67677
vt 0.44352 0.66403
vt 0.44791 0.65854
vt 0.44373 0.65445
vt 0.44781 0.65432
vt 0.44748 0.65334
vt 0.39891 0.54126
vt 0.39876 0.57296
vt 0.39859 0.59205
vt 0.39836 0.63239
vt 0.39786 0.65911
vt 0.39758 0.69018
vt 0.39694 0.71066
vt 0.06635 0.53478
vt 0.06606 0.53133
vt 0.06583 0.5288
vt 0.10134 0.73866
vt 0.09632 0.73652
vt 0.09391 0.73471
vt 0.06131 0.71191
vt 0.01789 0.51342
vt 0.02299 0.51049
vt 0.01833 0.48266
vt 0.01773 0.44583
vt 0.01791 0.4128
vt 0.01806 0.33371
vt 0.01863 0.30593
vt 0.01812 0.29061
vt 0.00913 0.95583
vt 0.44066 0.6999
vt 0.44 0.66808
vt 0.44037 0.65479
vt 0.43971 0.65349
vt 0.39508 0.53501
vt 0.39473 0.5389
vt 0.39602 0.57431
vt 0.39421 0.59255
vt 0.39402 0.61814
vt 0.39393 0.64284
vt 0.39353 0.66659
vt 0.39338 0.68715
vt 0.39462 0.70495
vt 0.06785 0.52758
vt 0.10286 0.73449
vt 0.06644 0.71356
vt 0.02195 0.45633
vt 0.02361 0.38185
vt 0.02804 0.33942
vt 0.4386 0.68664
vt 0.43882 0.66246
vt 0.43921 0.65432
vt 0.63116 0.60379
vt 0.62884 0.60385
vt 0.39379 0.54071
vt 0.39322 0.57691
vt 0.39291 0.70403
vt 0.39059 0.70481
vt 0.38923 0.71281
vt 0.11683 0.75935
vt 0.10225 0.73609
vt 0.06746 0.71946
vt 0.02365 0.51439
vt 0.03034 0.50424
vt 0.02713 0.48459
vt 0.02626 0.42263
vt 0.02809 0.28691
vt 0.01244 0.9587
vt 0.01066 0.95385
vt 0.01218 0.95373
vt 0.62852 0.61043
vt 0.62886 0.61686
vt 0.62801 0.62344
vt 0.62878 0.64118
vt 0.62807 0.64659
vt 0.62855 0.64935
vt 0.62615 0.60374
vt 0.6263 0.60529
vt 0.01116 0.95094
vt 0.62659 0.60956
vt 0.62676 0.63888
vt 0.62655 0.64938
vt 0.62867 0.6503
vt 0.62376 0.6106
vt 0.39362 0.53915
vt 0.39375 0.53697
vt 0.01235 0.94727
vt 0.61852 0.62166
vt 0.62316 0.65009
vt 0.61425 0.60788
vt 0.61373 0.60386
vt 0.61265 0.63292
vt 0.01243 0.92783
vt 0.0113 0.9374
vt 0.60544 0.62059
vt 0.59747 0.60828
vt 0.59637 0.62886
vt 0.01125 0.90763
vt 0.58645 0.60412
vt 0.01239 0.90795
vt 0.5791 0.6091
vt 0.58553 0.62502
vt 0.58044 0.60551
vt 0.59504 0.64231
vt 0.57171 0.62725
vt 0.39326 0.5945
vt 0.58994 0.64963
vt 0.58995 0.65023
vt 0.5738 0.6501
vt 0.57396 0.64944
vt 0.01247 0.88237
vt 0.5621 0.60436
vt 0.01125 0.88107
vt 0.55814 0.61823
vt 0.55927 0.60883
vt 0.54587 0.61379
vt 0.55183 0.62952
vt 0.39294 0.64206
vt 0.53012 0.6503
vt 0.53585 0.62585
vt 0.01129 0.86209
vt 0.54471 0.60441
vt 0.53084 0.64953
vt 0.5226 0.60911
vt 0.01242 0.84037
vt 0.53283 0.64465
vt 0.51475 0.60461
vt 0.52485 0.62929
vt 0.01131 0.82939
vt 0.52321 0.616
vt 0.52212 0.64442
vt 0.51261 0.63141
vt 0.50297 0.61708
vt 0.39264 0.66372
vt 0.39183 0.67025
vt 0.50423 0.64975
vt 0.49204 0.60472
vt 0.01144 0.80459
vt 0.0125 0.79578
vt 0.49258 0.60913
vt 0.49624 0.62958
vt 0.39248 0.69088
vt 0.48417 0.61847
vt 0.48291 0.60989
vt 0.39148 0.69969
vt 0.01151 0.79188
vt 0.48044 0.60485
vt 0.01236 0.79089
vt 0.47938 0.60436
vt 0.47878 0.60617
vt 0.47954 0.61058
vt 0.39235 0.6995
vt 0.63029 0.07247
vt 0.63158 0.07136
vt 0.62919 0.07148
vt 0.62754 0.07252
vt 0.47494 0.62916
vt 0.60838 0.07142
vt 0.60513 0.07141
vt 0.60438 0.07226
vt 0.6093 0.07244
vt 0.39087 0.70205
vt 0.3886 0.70991
vt 0.11479 0.75596
vt 0.11358 0.73925
vt 0.03833 0.39554
vt 0.03259 0.2981
vt 0.01474 0.94303
vt 0.61108 0.64302
vt 0.60999 0.64947
vt 0.01478 0.9199
vt 0.59287 0.64775
vt 0.01475 0.88804
vt 0.01474 0.85074
vt 0.53057 0.6481
vt 0.01473 0.8322
vt 0.505 0.64812
vt 0.50327 0.6441
vt 0.01475 0.81743
vt 0.01478 0.79314
vt 0.48535 0.64063
vt 0.48452 0.64805
vt 0.47721 0.64973
vt 0.47998 0.62455
vt 0.48017 0.64749
vt 0.01234 0.78788
vt 0.01467 0.78813
vt 0.47706 0.61749
vt 0.47715 0.64122
vt 0.47716 0.64832
vt 0.01151 0.7865
vt 0.01479 0.78593
vt 0.63025 0.07482
vt 0.63194 0.07488
vt 0.62712 0.07488
vt 0.60744 0.07488
vt 0.47499 0.63877
vt 0.60059 0.0725
vt 0.59206 0.07487
vt 0.47499 0.64831
vt 0.59182 0.07242
vt 0.47492 0.64971
vt 0.59057 0.07213
vt 0.59046 0.0751
vt 0.3882 0.70262
vt 0.07431 0.53149
vt 0.02838 0.45774
vt 0.03511 0.43937
vt 0.02768 0.31202
vt 0.02067 0.95615
vt 0.02041 0.92375
vt 0.01971 0.86245
vt 0.02199 0.81887
vt 0.62416 0.07895
vt 0.61341 0.08022
vt 0.59695 0.08201
vt 0.59189 0.07777
vt 0.38536 0.70394
vt 0.07625 0.71464
vt 0.03444 0.51437
vt 0.03872 0.37372
vt 0.02393 0.94247
vt 0.02186 0.90088
vt 0.02431 0.84208
vt 0.02454 0.78809
vt 0.59183 0.08472
vt 0.36797 0.70709
vt 0.0463 0.49054
vt 0.03869 0.47281
vt 0.04295 0.41408
vt 0.03904 0.3516
vt 0.03936 0.33808
vt 0.03483 0.31016
vt 0.03689 0.95563
vt 0.02663 0.87693
vt 0.02466 0.78619
vt 0.63184 0.08562
vt 0.63026 0.08743
vt 0.62808 0.08728
vt 0.59034 0.0872
vt 0.3771 0.70285
vt 0.35612 0.71278
vt 0.13261 0.7583
vt 0.05188 0.36528
vt 0.05912 0.28593
vt 0.03256 0.95872
vt 0.04929 0.95989
vt 0.02758 0.91783
vt 0.62012 0.09175
vt 0.59625 0.0933
vt 0.12048 0.73611
vt 0.12114 0.73404
vt 0.08404 0.72103
vt 0.04289 0.51212
vt 0.04753 0.50821
vt 0.04582 0.28691
vt 0.0342 0.92434
vt 0.04266 0.89644
vt 0.0396 0.85476
vt 0.03375 0.83462
vt 0.04787 0.82048
vt 0.03467 0.80742
vt 0.60895 0.08926
vt 0.04218 0.32391
vt 0.04038 0.94358
vt 0.05006 0.45881
vt 0.05007 0.43121
vt 0.05211 0.31029
vt 0.0404 0.79482
vt 0.04969 0.78806
vt 0.04076 0.78626
vt 0.63188 0.10315
vt 0.60937 0.10779
vt 0.5919 0.10637
vt 0.08741 0.71587
vt 0.04672 0.51437
vt 0.04828 0.51126
vt 0.05435 0.38459
vt 0.05444 0.29496
vt 0.61833 0.10787
vt 0.60237 0.10652
vt 0.34751 0.71001
vt 0.04664 0.51246
vt 0.05657 0.47968
vt 0.0556 0.34602
vt 0.05862 0.3329
vt 0.05776 0.95578
vt 0.04593 0.86823
vt 0.36294 0.70356
vt 0.06225 0.4155
vt 0.05877 0.40423
vt 0.63034 0.10824
vt 0.03798 0.00234
vt 0.05581 0.51281
vt 0.05329 0.93147
vt 0.59039 0.10842
vt 0.35761 0.70269
vt 0.10297 0.53094
vt 0.14402 0.73891
vt 0.10141 0.71741
vt 0.09576 0.71524
vt 0.06292 0.50189
vt 0.05654 0.95867
vt 0.05493 0.90867
vt 0.14837 0.73386
vt 0.10871 0.72321
vt 0.07256 0.51156
vt 0.04415 0.00215
vt 0.06834 0.49107
vt 0.0728 0.30302
vt 0.0534 0.94387
vt 0.15057 0.74944
vt 0.06925 0.46511
vt 0.06742 0.4427
vt 0.07668 0.4328
vt 0.07417 0.35507
vt 0.07937 0.28699
vt 0.06041 0.8355
vt 0.05661 0.79908
vt 0.62246 0.12739
vt 0.61532 0.13253
vt 0.07287 0.50834
vt 0.07607 0.37554
vt 0.06399 0.78632
vt 0.63192 0.12845
vt 0.62724 0.13501
vt 0.59181 0.13039
vt 0.34244 0.70366
vt 0.34139 0.70713
vt 0.08313 0.51121
vt 0.08045 0.45336
vt 0.07351 0.31952
vt 0.06501 0.81328
vt 0.63025 0.12971
vt 0.59446 0.13006
vt 0.05348 0.00206
vt 0.15846 0.75935
vt 0.08754 0.40556
vt 0.0748 0.39085
vt 0.09036 0.33729
vt 0.60293 0.13189
vt 0.05761 0.00226
vt 0.11451 0.71699
vt 0.07649 0.51296
vt 0.06487 0.93878
vt 0.0667 0.92164
vt 0.1166 0.53089
vt 0.16022 0.73609
vt 0.08426 0.47987
vt 0.07291 0.89489
vt 0.59037 0.13196
vt 0.33599 0.70273
vt 0.06606 0.0025
vt 0.11631 0.71873
vt 0.08468 0.49808
vt 0.08564 0.42111
vt 0.07413 0.78803
vt 0.16625 0.75595
vt 0.08429 0.28591
vt 0.07449 0.9599
vt 0.07896 0.80742
vt 0.60985 0.14126
vt 0.33023 0.71292
vt 0.16177 0.73945
vt 0.15989 0.73393
vt 0.11911 0.72417
vt 0.08921 0.39218
vt 0.07715 0.95876
vt 0.32752 0.70348
vt 0.0958 0.3133
vt 0.08634 0.94636
vt 0.31376 0.70723
vt 0.18453 0.75094
vt 0.12598 0.71972
vt 0.12063 0.71749
vt 0.08325 0.51271
vt 0.10411 0.50831
vt 0.08587 0.82795
vt 0.18914 0.75824
vt 0.09222 0.36164
vt 0.0949 0.34678
vt 0.0806 0.86694
vt 0.08878 0.84887
vt 0.08705 0.78629
vt 0.6319 0.15356
vt 0.61806 0.15953
vt 0.07871 0.00256
vt 0.09637 0.4644
vt 0.09702 0.44941
vt 0.11061 0.32186
vt 0.10142 0.3021
vt 0.08294 0.9327
vt 0.09154 0.90899
vt 0.09092 0.79967
vt 0.09969 0.78802
vt 0.63025 0.15992
vt 0.60005 0.1593
vt 0.30999 0.71045
vt 0.13398 0.71874
vt 0.09802 0.51278
vt 0.09968 0.4337
vt 0.09801 0.37382
vt 0.59184 0.15954
vt 0.18496 0.73904
vt 0.09492 0.51133
vt 0.12121 0.50791
vt 0.11322 0.41166
vt 0.10834 0.28697
vt 0.09139 0.88767
vt 0.60903 0.16058
vt 0.59032 0.15793
vt 0.31215 0.70287
vt 0.30195 0.70351
vt 0.30914 0.71306
vt 0.10645 0.489
vt 0.11501 0.28597
vt 0.10525 0.95989
vt 0.09685 0.92332
vt 0.62771 0.16135
vt 0.14311 0.72129
vt 0.11274 0.50999
vt 0.11068 0.49943
vt 0.1065 0.47014
vt 0.10782 0.95868
vt 0.15345 0.52939
vt 0.19889 0.75933
vt 0.1095 0.35571
vt 0.10676 0.86567
vt 0.1913 0.73607
vt 0.11002 0.38723
vt 0.18718 0.73379
vt 0.1437 0.72656
vt 0.11148 0.51113
vt 0.11306 0.43366
vt 0.10606 0.84013
vt 0.10935 0.81175
vt 0.09909 0.00276
vt 0.15712 0.53326
vt 0.14573 0.71984
vt 0.11098 0.51267
vt 0.10687 0.93675
vt 0.11033 0.88224
vt 0.10262 0.79915
vt 0.11361 0.78622
vt 0.63198 0.18248
vt 0.60074 0.18821
vt 0.59184 0.18153
vt 0.59035 0.17992
vt 0.29195 0.703
vt 0.63021 0.17714
vt 0.61788 0.18602
vt 0.18943 0.73354
vt 0.12822 0.44616
vt 0.11983 0.41846
vt 0.12366 0.33767
vt 0.62763 0.18359
vt 0.1626 0.52926
vt 0.21742 0.75584
vt 0.19019 0.73247
vt 0.19924 0.73239
vt 0.11478 0.51118
vt 0.14937 0.71896
vt 0.12722 0.48954
vt 0.13316 0.30885
vt 0.16462 0.53478
vt 0.1687 0.53311
vt 0.12158 0.47676
vt 0.12171 0.46127
vt 0.12228 0.39756
vt 0.1257 0.28702
vt 0.19869 0.73376
vt 0.15523 0.72693
vt 0.12942 0.38127
vt 0.13513 0.36733
vt 0.12327 0.93798
vt 0.11669 0.90491
vt 0.1182 0.79497
vt 0.11711 0.78814
vt 0.28228 0.70739
vt 0.28116 0.71055
vt 0.20896 0.74502
vt 0.15815 0.72147
vt 0.1275 0.43242
vt 0.60902 0.19424
vt 0.17076 0.52911
vt 0.13031 0.35232
vt 0.13647 0.95872
vt 0.12874 0.80255
vt 0.22014 0.73846
vt 0.22325 0.73373
vt 0.17544 0.72084
vt 0.14233 0.5111
vt 0.14724 0.50002
vt 0.137 0.46366
vt 0.12658 0.91524
vt 0.12653 0.8512
vt 0.27249 0.70392
vt 0.14151 0.41279
vt 0.13686 0.40213
vt 0.14842 0.3336
vt 0.14259 0.81342
vt 0.62707 0.20235
vt 0.19033 0.52852
vt 0.22386 0.73601
vt 0.15613 0.50999
vt 0.61744 0.21986
vt 0.59179 0.21369
vt 0.24738 0.71331
vt 0.18348 0.53423
vt 0.22963 0.75827
vt 0.18195 0.72315
vt 0.1549 0.3176
vt 0.19756 0.53221
vt 0.24708 0.76115
vt 0.14483 0.43236
vt 0.14926 0.29326
vt 0.14335 0.928
vt 0.13695 0.78819
vt 0.6302 0.20486
vt 0.22522 0.73229
vt 0.16511 0.49203
vt 0.15009 0.48272
vt 0.15205 0.46665
vt 0.14849 0.44297
vt 0.14833 0.41999
vt 0.15071 0.39277
vt 0.15421 0.38171
vt 0.60161 0.21179
vt 0.17916 0.28613
vt 0.16947 0.95982
vt 0.14915 0.94486
vt 0.59034 0.21484
vt 0.25988 0.70319
vt 0.1575 0.50835
vt 0.151 0.35132
vt 0.15657 0.30266
vt 0.14531 0.78622
vt 0.632 0.217
vt 0.23077 0.73873
vt 0.15669 0.41155
vt 0.14162 0.84487
vt 0.1516 0.79572
vt 0.62739 0.21873
vt 0.24345 0.70741
vt 0.25169 0.70385
vt 0.16011 0.36397
vt 0.24067 0.71101
vt 0.23532 0.73355
vt 0.1893 0.7218
vt 0.15694 0.51094
vt 0.14877 0.80555
vt 0.20799 0.53345
vt 0.26207 0.75927
vt 0.25136 0.74952
vt 0.23453 0.73247
vt 0.16022 0.45017
vt 0.16611 0.28709
vt 0.6302 0.21935
vt 0.23657 0.73606
vt 0.18906 0.72357
vt 0.16742 0.34532
vt 0.60941 0.23145
vt 0.60128 0.22264
vt 0.20593 0.52801
vt 0.17023 0.44136
vt 0.16874 0.42192
vt 0.16921 0.39775
vt 0.17072 0.37433
vt 0.18264 0.2952
vt 0.16677 0.95869
vt 0.15604 0.88624
vt 0.5918 0.22976
vt 0.24047 0.7385
vt 0.23758 0.73374
vt 0.18959 0.72978
vt 0.19167 0.72997
vt 0.19191 0.7273
vt 0.19513 0.72384
vt 0.17129 0.48078
vt 0.17436 0.30876
vt 0.16162 0.86259
vt 0.17334 0.78812
vt 0.62718 0.22993
vt 0.23967 0.73353
vt 0.1779 0.33111
vt 0.1659 0.84091
vt 0.59033 0.23254
vt 0.24362 0.70324
vt 0.25469 0.74061
vt 0.18763 0.50816
vt 0.16781 0.80494
vt 0.63017 0.24917
vt 0.59978 0.24109
vt 0.2801 0.75823
vt 0.17206 0.46487
vt 0.17907 0.40768
vt 0.1682 0.92673
vt 0.16606 0.9102
vt 0.27165 0.75594
vt 0.20997 0.72432
vt 0.26739 0.73601
vt 0.18226 0.43333
vt 0.18155 0.3568
vt 0.19014 0.31938
vt 0.22073 0.72277
vt 0.18934 0.51087
vt 0.1952 0.50102
vt 0.16812 0.94558
vt 0.62713 0.25024
vt 0.22652 0.52735
vt 0.26726 0.73357
vt 0.24039 0.73248
vt 0.26652 0.73242
vt 0.19212 0.51
vt 0.19124 0.36963
vt 0.18236 0.78633
vt 0.63203 0.25734
vt 0.60695 0.25733
vt 0.18679 0.46154
vt 0.18325 0.34287
vt 0.19384 0.2871
vt 0.17801 0.88904
vt 0.61668 0.25839
vt 0.59177 0.2582
vt 0.27851 0.73831
vt 0.20005 0.37902
vt 0.59786 0.25548
vt 0.19226 0.48383
vt 0.19075 0.4458
vt 0.19474 0.42041
vt 0.18031 0.9504
vt 0.21048 0.70385
vt 0.27638 0.74499
vt 0.19664 0.35184
vt 0.18587 0.95874
vt 0.18314 0.8658
vt 0.21073 0.52209
vt 0.28915 0.75122
vt 0.22085 0.72453
vt 0.19623 0.49256
vt 0.19585 0.39775
vt 0.20441 0.34287
vt 0.18775 0.943
vt 0.18874 0.92563
vt 0.18495 0.79745
vt 0.21038 0.71356
vt 0.19787 0.47702
vt 0.19368 0.8498
vt 0.62733 0.25997
vt 0.2403 0.52705
vt 0.26964 0.73378
vt 0.22082 0.73106
vt 0.22336 0.72821
vt 0.2231 0.73112
vt 0.1965 0.88548
vt 0.18957 0.80409
vt 0.19119 0.81236
vt 0.18799 0.78817
vt 0.63017 0.26276
vt 0.59031 0.28354
vt 0.19678 0.70335
vt 0.20155 0.45589
vt 0.20714 0.43735
vt 0.20811 0.30656
vt 0.19949 0.90786
vt 0.59978 0.2751
vt 0.19157 0.71104
vt 0.23724 0.72458
vt 0.20849 0.41059
vt 0.21509 0.32261
vt 0.20163 0.83121
vt 0.30013 0.73599
vt 0.29544 0.7338
vt 0.24851 0.73114
vt 0.21315 0.35974
vt 0.59179 0.2822
vt 0.24694 0.7228
vt 0.21593 0.51089
vt 0.20987 0.3914
vt 0.2202 0.95419
vt 0.20735 0.7948
vt 0.62734 0.28223
vt 0.6075 0.28479
vt 0.26158 0.52663
vt 0.22819 0.49562
vt 0.22161 0.4855
vt 0.20867 0.46804
vt 0.21459 0.42161
vt 0.21722 0.29867
vt 0.20998 0.80695
vt 0.6174 0.2905
vt 0.19155 0.70791
vt 0.29597 0.74316
vt 0.24882 0.72827
vt 0.217 0.50811
vt 0.22611 0.28621
vt 0.21647 0.95987
vt 0.21083 0.92292
vt 0.30404 0.75931
vt 0.22779 0.37726
vt 0.21218 0.78637
vt 0.63209 0.28982
vt 0.63017 0.29039
vt 0.32678 0.76063
vt 0.29967 0.73862
vt 0.22065 0.46657
vt 0.22442 0.44892
vt 0.2234 0.34
vt 0.21702 0.28712
vt 0.22169 0.81761
vt 0.21907 0.78832
vt 0.18776 0.70411
vt 0.23393 0.50139
vt 0.22584 0.433
vt 0.22434 0.9411
vt 0.21203 0.85621
vt 0.25623 0.72464
vt 0.59175 0.29435
vt 0.32537 0.75597
vt 0.23468 0.42374
vt 0.22827 0.40904
vt 0.2251 0.39349
vt 0.22136 0.95876
vt 0.21863 0.89769
vt 0.22879 0.84217
vt 0.62661 0.29807
vt 0.59978 0.29554
vt 0.23115 0.3637
vt 0.23904 0.35271
vt 0.23603 0.30432
vt 0.22436 0.86834
vt 0.22732 0.82873
vt 0.17429 0.71374
vt 0.31368 0.73852
vt 0.25967 0.72285
vt 0.22878 0.51088
vt 0.23713 0.46756
vt 0.23942 0.31645
vt 0.30762 0.73403
vt 0.26057 0.73127
vt 0.24307 0.81903
vt 0.22612 0.79565
vt 0.61009 0.3078
vt 0.59031 0.30465
vt 0.17739 0.70348
vt 0.28217 0.52592
vt 0.26068 0.72825
vt 0.23112 0.5083
vt 0.24486 0.3347
vt 0.2383 0.29275
vt 0.25275 0.28722
vt 0.24263 0.39684
vt 0.32877 0.73595
vt 0.59928 0.32191
vt 0.59181 0.31607
vt 0.33961 0.75824
vt 0.3319 0.74585
vt 0.27408 0.7246
vt 0.24941 0.47898
vt 0.36281 0.7608
vt 0.25622 0.51086
vt 0.25659 0.50826
vt 0.2435 0.44546
vt 0.24667 0.37424
vt 0.2474 0.94661
vt 0.24044 0.79186
vt 0.63029 0.31935
vt 0.1482 0.70806
vt 0.24538 0.41045
vt 0.23741 0.89159
vt 0.61747 0.31912
vt 0.15056 0.71122
vt 0.3274 0.7386
vt 0.25547 0.28637
vt 0.24585 0.9599
vt 0.24506 0.78645
vt 0.63205 0.32564
vt 0.16026 0.70426
vt 0.28553 0.72829
vt 0.25575 0.41474
vt 0.24457 0.95875
vt 0.33177 0.73402
vt 0.28463 0.73127
vt 0.28704 0.72274
vt 0.2594 0.4966
vt 0.59029 0.32478
vt 0.1589 0.70361
vt 0.35202 0.75939
vt 0.28781 0.72452
vt 0.26566 0.36423
vt 0.2559 0.31466
vt 0.24555 0.85258
vt 0.25173 0.78833
vt 0.60745 0.32593
vt 0.35046 0.75121
vt 0.25677 0.44753
vt 0.25875 0.35085
vt 0.26152 0.33155
vt 0.26352 0.29455
vt 0.59806 0.33739
vt 0.2477 0.90563
vt 0.25704 0.83481
vt 0.247 0.80411
vt 0.5918 0.32907
vt 0.35334 0.73852
vt 0.26435 0.48732
vt 0.26326 0.39094
vt 0.25239 0.8898
vt 0.63018 0.3372
vt 0.62685 0.33894
vt 0.3061 0.52564
vt 0.25423 0.95633
vt 0.25456 0.86231
vt 0.25623 0.81657
vt 0.61591 0.33606
vt 0.14783 0.70447
vt 0.29436 0.72802
vt 0.30092 0.72269
vt 0.26505 0.47155
vt 0.26405 0.4207
vt 0.25743 0.95888
vt 0.59023 0.33293
vt 0.15142 0.70378
vt 0.13926 0.71385
vt 0.37499 0.76083
vt 0.35188 0.7343
vt 0.30487 0.73127
vt 0.29489 0.72434
vt 0.27001 0.51068
vt 0.26968 0.45596
vt 0.26934 0.4357
vt 0.27296 0.39983
vt 0.27338 0.32035
vt 0.2799 0.30599
vt 0.26724 0.28629
vt 0.25764 0.95992
vt 0.25855 0.80016
vt 0.27205 0.41506
vt 0.27451 0.37822
vt 0.27269 0.34709
vt 0.27295 0.28717
vt 0.35578 0.73596
vt 0.30188 0.72439
vt 0.25979 0.87926
vt 0.59174 0.34579
vt 0.27521 0.33411
vt 0.26186 0.89429
vt 0.26583 0.85614
vt 0.60548 0.35604
vt 0.5903 0.34525
vt 0.1401 0.70391
vt 0.305 0.72804
vt 0.26541 0.95601
vt 0.26384 0.91686
vt 0.27309 0.82069
vt 0.26898 0.79362
vt 0.62727 0.35463
vt 0.59641 0.34567
vt 0.13182 0.70683
vt 0.13291 0.71114
vt 0.33649 0.52458
vt 0.39386 0.76067
vt 0.2826 0.5081
vt 0.2796 0.49831
vt 0.2771 0.4795
vt 0.27637 0.941
vt 0.27231 0.8118
vt 0.27817 0.78615
vt 0.63209 0.36169
vt 0.61726 0.35483
vt 0.36536 0.74256
vt 0.31526 0.72443
vt 0.27935 0.447
vt 0.27069 0.91508
vt 0.26922 0.88039
vt 0.2787 0.78824
vt 0.63021 0.35193
vt 0.12932 0.70507
vt 0.29436 0.2868
vt 0.28474 0.96002
vt 0.27791 0.93254
vt 0.27452 0.83578
vt 0.28495 0.41574
vt 0.28612 0.39119
vt 0.27316 0.8603
vt 0.59173 0.36208
vt 0.59557 0.3621
vt 0.59034 0.36438
vt 0.12252 0.70399
vt 0.29206 0.51018
vt 0.29509 0.48012
vt 0.28952 0.45942
vt 0.29476 0.43419
vt 0.28812 0.36109
vt 0.2874 0.3437
vt 0.28602 0.32316
vt 0.295 0.29514
vt 0.28847 0.28736
vt 0.27775 0.95373
vt 0.63022 0.36195
vt 0.11891 0.71406
vt 0.32075 0.72834
vt 0.27747 0.8004
vt 0.62316 0.36203
vt 0.61499 0.36211
vt 0.38113 0.73834
vt 0.32774 0.72254
vt 0.29644 0.51099
vt 0.29507 0.50536
vt 0.29503 0.49345
vt 0.29189 0.31006
vt 0.28086 0.79247
vt 0.11891 0.70558
vt 0.11664 0.70838
vt 0.39168 0.75824
vt 0.37214 0.73429
vt 0.32543 0.73128
vt 0.3236 0.72461
vt 0.2796 0.94812
vt 0.28208 0.9393
vt 0.28195 0.92623
vt 0.28092 0.78817
vt 0.28097 0.78632
vt 0.63189 0.36469
vt 0.63019 0.36459
vt 0.61584 0.36471
vt 0.59748 0.36473
vt 0.5917 0.36474
vt 0.39252 0.75594
vt 0.38537 0.74894
vt 0.37619 0.73591
vt 0.29485 0.40223
vt 0.29498 0.37937
vt 0.29495 0.35245
vt 0.29494 0.28748
vt 0.28218 0.95138
vt 0.24733 0.65062
vt 0.27029 0.65084
vt 0.2824 0.92361
vt 0.2823 0.91095
vt 0.12024 0.58647
vt 0.28241 0.86468
vt 0.12074 0.64906
vt 0.11967 0.63836
vt 0.28244 0.83329
vt 0.11971 0.65764
vt 0.35171 0.6046
vt 0.12012 0.69325
vt 0.12103 0.69213
vt 0.37328 0.60452
vt 0.28242 0.79825
vt 0.28228 0.78933
vt 0.2822 0.78649
vt 0.63155 0.36593
vt 0.61883 0.36599
vt 0.61123 0.36586
vt 0.59954 0.36588
vt 0.5917 0.36603
vt 0.59026 0.3669
vt 0.12021 0.7035
vt 0.11318 0.71139
vt 0.34263 0.52969
vt 0.33518 0.51936
vt 0.32922 0.72831
vt 0.29495 0.30895
vt 0.95944 0.96889
vt 0.95821 0.96939
vt 0.95804 0.98159
vt 0.9593 0.98178
vt 0.95929 0.99238
vt 0.2844 0.95431
vt 0.96056 0.95192
vt 0.95881 0.95192
vt 0.95861 0.95278
vt 0.96005 0.95296
vt 0.95832 0.95928
vt 0.95958 0.9594
vt 0.11855 0.53681
vt 0.11961 0.53964
vt 0.11726 0.63855
vt 0.11788 0.65876
vt 0.11821 0.68974
vt 0.33173 0.72442
vt 0.29754 0.51016
vt 0.29748 0.50789
vt 0.2966 0.50396
vt 0.29643 0.46857
vt 0.29639 0.43291
vt 0.29645 0.38801
vt 0.29652 0.34339
vt 0.29649 0.30945
vt 0.29958 0.28921
vt 0.96226 0.96951
vt 0.96568 0.98429
vt 0.96744 0.99945
vt 0.96396 0.95204
vt 0.96297 0.95576
vt 0.11023 0.54044
vt 0.11126 0.55482
vt 0.11511 0.57879
vt 0.11541 0.61015
vt 0.11522 0.65795
vt 0.11552 0.69449
vt 0.29787 0.28696
vt 0.2972 0.48069
vt 0.29708 0.45546
vt 0.29719 0.42506
vt 0.29719 0.3989
vt 0.29725 0.37855
vt 0.29727 0.34712
vt 0.2974 0.30728
vt 0.28978 0.95612
vt 0.28767 0.95436
vt 0.29113 0.95417
vt 0.96753 0.95254
vt 0.96636 0.95369
vt 0.11051 0.57784
vt 0.11118 0.61139
vt 0.11078 0.618
vt 0.11152 0.64059
vt 0.111 0.65555
vt 0.11276 0.69233
vt 0.11144 0.71407
vt 0.38264 0.73437
vt 0.33616 0.73126
vt 0.30238 0.51086
vt 0.29984 0.50719
vt 0.29997 0.48737
vt 0.30001 0.43065
vt 0.30002 0.41566
vt 0.29998 0.37955
vt 0.29984 0.3495
vt 0.29995 0.32214
vt 0.30027 0.29315
vt 0.30113 0.28842
vt 0.29163 0.95983
vt 0.29131 0.95848
vt 0.29126 0.95591
vt 0.96751 0.98121
vt 0.96791 0.95385
vt 0.96787 0.96101
vt 0.11027 0.53703
vt 0.11133 0.69301
vt 0.34663 0.52436
vt 0.39552 0.74314
vt 0.34084 0.72805
vt 0.33379 0.72259
vt 0.30308 0.50763
vt 0.30245 0.49274
vt 0.30205 0.47651
vt 0.30217 0.43699
vt 0.30475 0.40281
vt 0.30242 0.2925
vt 0.30201 0.29011
vt 0.83384 0.25848
vt 0.83536 0.25301
vt 0.83483 0.25996
vt 0.83587 0.26084
vt 0.83581 0.27197
vt 0.8359 0.28804
vt 0.83683 0.30569
vt 0.96787 0.99905
vt 0.833 0.69962
vt 0.83763 0.25903
vt 0.84188 0.21352
vt 0.8409 0.25364
vt 0.76512 0.79235
vt 0.7638 0.79345
vt 0.84131 0.09355
vt 0.84192 0.0954
vt 0.84279 0.1114
vt 0.83791 0.11936
vt 0.8427 0.12357
vt 0.84158 0.13749
vt 0.84173 0.1789
vt 0.84198 0.20046
vt 0.84234 0.23463
vt 0.84473 0.14436
vt 0.84522 0.18235
vt 0.8454 0.20683
vt 0.84562 0.23445
vt 0.84729 0.12738
vt 0.85185 0.24494
vt 0.85432 0.15859
vt 0.85446 0.18289
vt 0.85425 0.20783
vt 0.85617 0.22493
vt 0.86546 0.23443
vt 0.8631 0.17342
vt 0.8627 0.20109
vt 0.86589 0.15856
vt 0.87478 0.26721
vt 0.87641 0.20302
vt 0.88097 0.2279
vt 0.87513 0.16253
vt 0.88178 0.17929
vt 0.88477 0.262
vt 0.88283 0.24941
vt 0.88919 0.19243
vt 0.89438 0.21357
vt 0.89551 0.2312
vt 0.90022 0.24736
vt 0.90642 0.26009
vt 0.90402 0.18405
vt 0.90411 0.19909
vt 0.9118 0.231
vt 0.91393 0.21357
vt 0.91422 0.19132
vt 0.92546 0.24526
vt 0.92495 0.18425
vt 0.92942 0.20494
vt 0.93266 0.17164
vt 0.91428 0.17442
vt 0.9427 0.1896
vt 0.94161 0.19854
vt 0.93764 0.22778
vt 0.94126 0.24332
vt 0.94436 0.15098
vt 0.92268 0.15957
vt 0.94666 0.17983
vt 0.94911 0.17441
vt 0.94572 0.18226
vt 0.94617 0.18742
vt 0.95204 0.23234
vt 0.99044 0.98912
vt 0.99021 0.99012
vt 0.99264 0.99038
vt 0.99323 0.9895
vt 0.9975 0.99038
vt 0.99641 0.98929
vt 0.99925 0.98944
vt 0.94739 0.19081
vt 0.9475 0.18887
vt 0.9497 0.1791
vt 0.96286 0.16682
vt 0.96755 0.14584
vt 0.95895 0.17933
vt 0.96513 0.17706
vt 0.96179 0.18019
vt 0.96237 0.18586
vt 0.96233 0.18867
vt 0.96131 0.19075
vt 0.95789 0.19352
vt 0.97003 0.19342
vt 0.97649 0.16172
vt 0.9775 0.18771
vt 0.98569 0.17372
vt 0.76379 0.96221
vt 0.76463 0.96365
vt 0.76384 0.96624
vt 0.99953 0.09308
vt 0.7651 0.96641
vt 0.31011 0.45921
vt 0.30942 0.43957
vt 0.30864 0.36287
vt 0.30559 0.3315
vt 0.31161 0.30184
vt 0.30502 0.29197
vt 0.82993 0.25571
vt 0.70948 0.03176
vt 0.70738 0.02994
vt 0.70651 0.02766
vt 0.70893 0.0278
vt 0.70666 0.02551
vt 0.70897 0.02562
vt 0.89406 0.6983
vt 0.85228 0.6989
vt 0.84264 0.69899
vt 0.83757 0.69924
vt 0.83802 0.27945
vt 0.83787 0.30008
vt 0.83786 0.30391
vt 0.9739 0.69899
vt 0.83705 0.09406
vt 0.76329 0.78948
vt 0.76151 0.78927
vt 0.8365 0.30617
vt 0.83963 0.30609
vt 0.84397 0.09382
vt 0.76366 0.79645
vt 0.85276 0.30547
vt 0.84698 0.09597
vt 0.84675 0.09373
vt 0.84739 0.10401
vt 0.84652 0.1126
vt 0.85025 0.27241
vt 0.85166 0.28763
vt 0.76374 0.80312
vt 0.85002 0.094
vt 0.857 0.13973
vt 0.85469 0.30396
vt 0.85263 0.09596
vt 0.86323 0.09618
vt 0.85763 0.12868
vt 0.76396 0.8163
vt 0.86207 0.09408
vt 0.85765 0.11507
vt 0.86661 0.28463
vt 0.86528 0.30073
vt 0.86923 0.12369
vt 0.8828 0.29334
vt 0.87399 0.30576
vt 0.7632 0.82386
vt 0.87463 0.10891
vt 0.86871 0.13826
vt 0.86853 0.30371
vt 0.76169 0.83031
vt 0.86899 0.09319
vt 0.87288 0.09421
vt 0.87488 0.09655
vt 0.89047 0.30522
vt 0.89124 0.27927
vt 0.88747 0.09315
vt 0.76324 0.84406
vt 0.88667 0.12038
vt 0.89128 0.13174
vt 0.91087 0.30549
vt 0.88804 0.09431
vt 0.90838 0.30004
vt 0.89188 0.10498
vt 0.89106 0.14871
vt 0.91096 0.30348
vt 0.89463 0.17155
vt 0.89931 0.09637
vt 0.7616 0.86578
vt 0.91262 0.10864
vt 0.90772 0.11966
vt 0.90296 0.15778
vt 0.90868 0.09415
vt 0.90657 0.13956
vt 0.91421 0.28829
vt 0.91543 0.13064
vt 0.90856 0.09301
vt 0.76322 0.8671
vt 0.90645 0.09656
vt 0.91763 0.27619
vt 0.92121 0.30505
vt 0.7617 0.87848
vt 0.92136 0.09651
vt 0.92015 0.09278
vt 0.76324 0.87976
vt 0.92554 0.14586
vt 0.94535 0.30533
vt 0.94298 0.30068
vt 0.94332 0.09395
vt 0.93251 0.11387
vt 0.94274 0.12602
vt 0.93777 0.26746
vt 0.9508 0.13755
vt 0.9347 0.28369
vt 0.76165 0.89878
vt 0.94334 0.09625
vt 0.94841 0.10654
vt 0.94966 0.29374
vt 0.94511 0.09268
vt 0.76329 0.90703
vt 0.94547 0.30337
vt 0.95334 0.28215
vt 0.95012 0.11944
vt 0.95233 0.20775
vt 0.96 0.2531
vt 0.95291 0.30487
vt 0.95616 0.09638
vt 0.99043 0.98695
vt 0.99314 0.98706
vt 0.99874 0.98703
vt 0.95043 0.19321
vt 0.94965 0.19101
vt 0.94934 0.18953
vt 0.8823 0.0067
vt 0.88203 0.00892
vt 0.88006 0.0087
vt 0.88005 0.00643
vt 0.96262 0.26926
vt 0.96331 0.09261
vt 0.76321 0.92691
vt 0.76162 0.9214
vt 0.87987 0.01308
vt 0.9571 0.18966
vt 0.88174 0.01754
vt 0.97974 0.30512
vt 0.96757 0.09353
vt 0.95915 0.19085
vt 0.97453 0.22722
vt 0.967 0.1277
vt 0.95961 0.18951
vt 0.88185 0.02038
vt 0.96856 0.29356
vt 0.96135 0.18877
vt 0.88233 0.02242
vt 0.97112 0.20655
vt 0.98488 0.30309
vt 0.97195 0.11651
vt 0.97807 0.23954
vt 0.97768 0.28416
vt 0.97295 0.09571
vt 0.98694 0.09968
vt 0.98517 0.1099
vt 0.98711 0.13068
vt 0.98158 0.26185
vt 0.76307 0.94522
vt 0.76403 0.93157
vt 0.9821 0.14053
vt 0.76368 0.9518
vt 0.98608 0.09331
vt 0.99833 0.30467
vt 0.98621 0.19955
vt 0.99061 0.28049
vt 0.98744 0.09567
vt 0.98762 0.12241
vt 0.99044 0.2131
vt 0.99113 0.24304
vt 0.99909 0.30515
vt 0.76387 0.95736
vt 0.99115 0.09341
vt 0.99326 0.09549
vt 0.9981 0.11496
vt 0.99444 0.17275
vt 0.99611 0.20195
vt 0.99629 0.2269
vt 0.99624 0.26209
vt 0.99641 0.28611
vt 0.76348 0.95966
vt 0.99323 0.09324
vt 0.9936 0.09917
vt 0.99803 0.13718
vt 0.76223 0.96458
vt 0.9992 0.1026
vt 0.99932 0.17282
vt 0.99941 0.19682
vt 0.9995 0.23293
vt 0.99953 0.26703
vt 0.99942 0.28301
vt 0.76145 0.96642
vt 0.99924 0.11886
vt 0.99942 0.30093
vt 0.35697 0.52422
vt 0.40731 0.75938
vt 0.34098 0.72432
vt 0.34323 0.72251
vt 0.31159 0.51076
vt 0.31062 0.41851
vt 0.31555 0.38027
vt 0.31085 0.33848
vt 0.31165 0.29426
vt 0.30827 0.29296
vt 0.71184 0.03075
vt 0.75678 0.78907
vt 0.75648 0.79493
vt 0.75888 0.81356
vt 0.75912 0.83974
vt 0.75923 0.8641
vt 0.75882 0.87357
vt 0.75865 0.88646
vt 0.75916 0.89858
vt 0.75922 0.91561
vt 0.87669 0.00933
vt 0.87771 0.0064
vt 0.75773 0.93423
vt 0.39963 0.73596
vt 0.31891 0.50864
vt 0.32013 0.50199
vt 0.31412 0.47233
vt 0.31492 0.40901
vt 0.71283 0.03188
vt 0.7556 0.79113
vt 0.74578 0.79746
vt 0.99547 0.98232
vt 0.98228 0.39085
vt 0.87306 0.00852
vt 0.87257 0.01541
vt 0.87377 0.02036
vt 0.87365 0.02239
vt 0.36777 0.5183
vt 0.7174 0.03069
vt 0.74828 0.86616
vt 0.99669 0.97667
vt 0.99836 0.97528
vt 0.877 0.00557
vt 0.86985 0.00749
vt 0.86931 0.0061
vt 0.86812 0.02176
vt 0.74538 0.92932
vt 0.7536 0.96201
vt 0.73637 0.9664
vt 0.3184 0.06418
vt 0.40158 0.73841
vt 0.32564 0.49114
vt 0.32233 0.4459
vt 0.32489 0.42602
vt 0.71735 0.0239
vt 0.74284 0.79107
vt 0.35579 0.72414
vt 0.32271 0.51068
vt 0.32436 0.48343
vt 0.32894 0.39787
vt 0.32049 0.31198
vt 0.8648 0.01464
vt 0.86355 0.01996
vt 0.73912 0.9648
vt 0.40992 0.73435
vt 0.36421 0.73112
vt 0.35469 0.72242
vt 0.32862 0.46247
vt 0.32832 0.36478
vt 0.33909 0.33965
vt 0.32257 0.33071
vt 0.32994 0.29481
vt 0.73302 0.02814
vt 0.72925 0.02407
vt 0.74443 0.79394
vt 0.74434 0.80795
vt 0.74521 0.82303
vt 0.74443 0.84714
vt 0.7458 0.89884
vt 0.99006 0.97014
vt 0.99052 0.96492
vt 0.99664 0.95848
vt 0.86106 0.00842
vt 0.73919 0.94915
vt 0.73907 0.96175
vt 0.37498 0.52369
vt 0.33524 0.41688
vt 0.33973 0.31054
vt 0.73868 0.83194
vt 0.85011 0.02231
vt 0.42189 0.74997
vt 0.73602 0.03039
vt 0.73934 0.88603
vt 0.84912 0.00724
vt 0.73172 0.91942
vt 0.37652 0.52757
vt 0.34037 0.49881
vt 0.3324 0.34877
vt 0.34166 0.29666
vt 0.33018 0.29426
vt 0.73478 0.0315
vt 0.96605 0.79504
vt 0.96605 0.8163
vt 0.96512 0.81083
vt 0.72474 0.80576
vt 0.72429 0.7975
vt 0.99848 0.95605
vt 0.72937 0.90066
vt 0.99953 0.95336
vt 0.84992 0.01409
vt 0.83702 0.02028
vt 0.33471 0.50847
vt 0.33556 0.5108
vt 0.33616 0.47887
vt 0.34442 0.37609
vt 0.73786 0.02554
vt 0.72939 0.7927
vt 0.72818 0.85326
vt 0.36794 0.72233
vt 0.33814 0.47176
vt 0.34193 0.44432
vt 0.33877 0.4326
vt 0.34502 0.40471
vt 0.72595 0.87272
vt 0.9905 0.95338
vt 0.99 0.95093
vt 0.72228 0.96129
vt 0.44633 0.75826
vt 0.41809 0.74329
vt 0.4395 0.73835
vt 0.4369 0.73597
vt 0.37556 0.72818
vt 0.7455 0.02417
vt 0.72176 0.81773
vt 0.72219 0.83566
vt 0.84381 0.00825
vt 0.71839 0.94722
vt 0.38569 0.52717
vt 0.34832 0.48883
vt 0.34843 0.29474
vt 0.75304 0.03132
vt 0.72111 0.96644
vt 0.38889 0.52336
vt 0.38874 0.51775
vt 0.44132 0.75604
vt 0.38683 0.72413
vt 0.34576 0.46227
vt 0.35164 0.35693
vt 0.34804 0.32387
vt 0.34952 0.30112
vt 0.36206 0.41226
vt 0.83692 0.01413
vt 0.35537 0.47725
vt 0.34806 0.42324
vt 0.7304 0.78702
vt 0.71329 0.79392
vt 0.71276 0.85515
vt 0.99942 0.9351
vt 0.83234 0.00724
vt 0.71145 0.89484
vt 0.71543 0.92397
vt 0.71341 0.9377
vt 0.72204 0.96704
vt 0.40611 0.51765
vt 0.35769 0.5109
vt 0.35702 0.45511
vt 0.70501 0.78701
vt 0.98993 0.92433
vt 0.99839 0.92242
vt 0.43972 0.74221
vt 0.35386 0.33132
vt 0.68846 0.80744
vt 0.70805 0.83186
vt 0.9904 0.92614
vt 0.70057 0.96139
vt 0.36847 0.49698
vt 0.35674 0.43632
vt 0.82191 0.0081
vt 0.69172 0.91608
vt 0.81394 0.02182
vt 0.41338 0.52659
vt 0.44276 0.7344
vt 0.39806 0.73093
vt 0.39079 0.72224
vt 0.36855 0.3435
vt 0.7024 0.87186
vt 0.9966 0.92413
vt 0.36046 0.38985
vt 0.37504 0.36281
vt 0.363 0.3129
vt 0.45063 0.75938
vt 0.36831 0.46795
vt 0.3705 0.32898
vt 0.37138 0.30713
vt 0.37544 0.29645
vt 0.69584 0.794
vt 0.69604 0.79899
vt 0.69509 0.96647
vt 0.41632 0.52282
vt 0.77988 0.02424
vt 0.68759 0.81918
vt 0.99926 0.91856
vt 0.81714 0.00712
vt 0.81791 0.02019
vt 0.81208 0.02229
vt 0.69941 0.94857
vt 0.37541 0.48161
vt 0.73451 0.03175
vt 0.69469 0.84325
vt 0.99312 0.90918
vt 0.6956 0.96704
vt 0.377 0.39202
vt 0.38371 0.29516
vt 0.78833 0.03136
vt 0.69095 0.90006
vt 0.81345 0.01404
vt 0.41056 0.72211
vt 0.37681 0.5108
vt 0.68578 0.87007
vt 0.80867 0.00809
vt 0.45591 0.7343
vt 0.41164 0.73082
vt 0.41024 0.72795
vt 0.40998 0.72381
vt 0.68778 0.96155
vt 0.37823 0.41911
vt 0.38245 0.32359
vt 0.3869 0.3027
vt 0.46874 0.75621
vt 0.46762 0.74845
vt 0.4743 0.73605
vt 0.38353 0.41146
vt 0.38871 0.31595
vt 0.83182 0.02774
vt 0.47244 0.73822
vt 0.38562 0.46895
vt 0.99039 0.90475
vt 0.99647 0.89895
vt 0.67109 0.96184
vt 0.67021 0.96654
vt 0.39269 0.49164
vt 0.39415 0.36884
vt 0.6749 0.78695
vt 0.99 0.88618
vt 0.79037 0.008
vt 0.43545 0.52642
vt 0.39007 0.42889
vt 0.39138 0.38252
vt 0.39757 0.34575
vt 0.67981 0.84179
vt 0.42078 0.72388
vt 0.38667 0.51235
vt 0.38451 0.51044
vt 0.39093 0.45806
vt 0.39045 0.30975
vt 0.6765 0.79375
vt 0.67287 0.79877
vt 0.78789 0.01462
vt 0.39806 0.48087
vt 0.99298 0.89022
vt 0.78498 0.02055
vt 0.67088 0.82947
vt 0.6701 0.96711
vt 0.44494 0.52261
vt 0.40397 0.49962
vt 0.82201 0.02421
vt 0.67359 0.89884
vt 0.77568 0.02184
vt 0.43538 0.72813
vt 0.43105 0.72376
vt 0.39654 0.51233
vt 0.40355 0.51025
vt 0.40037 0.29642
vt 0.66739 0.86534
vt 0.99832 0.87644
vt 0.99919 0.87046
vt 0.77296 0.00719
vt 0.48537 0.7582
vt 0.48736 0.75934
vt 0.48174 0.73428
vt 0.43843 0.73063
vt 0.40906 0.41855
vt 0.4106 0.46663
vt 0.40531 0.32762
vt 0.6662 0.81221
vt 0.66115 0.89015
vt 0.41394 0.42815
vt 0.40977 0.36651
vt 0.66156 0.83666
vt 0.99305 0.87535
vt 0.99643 0.87669
vt 0.76699 0.02221
vt 0.65905 0.94329
vt 0.4495 0.52621
vt 0.49216 0.75005
vt 0.48619 0.74209
vt 0.49025 0.73893
vt 0.41278 0.50828
vt 0.4174 0.50401
vt 0.42115 0.3016
vt 0.97611 0.59662
vt 0.97592 0.58572
vt 0.65412 0.80526
vt 0.65034 0.81966
vt 0.65134 0.96195
vt 0.44488 0.72369
vt 0.40984 0.5125
vt 0.41392 0.48909
vt 0.40948 0.31477
vt 0.77599 0.00805
vt 0.75328 0.01421
vt 0.64864 0.9522
vt 0.45216 0.52254
vt 0.64507 0.79522
vt 0.64464 0.87416
vt 0.98993 0.87325
vt 0.65294 0.96469
vt 0.65212 0.96654
vt 0.45218 0.52595
vt 0.48919 0.73426
vt 0.44617 0.73057
vt 0.4451 0.72752
vt 0.41976 0.47971
vt 0.41912 0.35612
vt 0.41513 0.33962
vt 0.64374 0.96707
vt 0.45307 0.52498
vt 0.46067 0.52506
vt 0.45586 0.52296
vt 0.65147 0.85008
vt 0.44784 0.72393
vt 0.41267 0.51282
vt 0.41315 0.51012
vt 0.42782 0.29651
vt 0.63746 0.91078
vt 0.46409 0.5225
vt 0.63643 0.89649
vt 0.99286 0.86237
vt 0.98993 0.85999
vt 0.99642 0.85512
vt 0.75214 0.02037
vt 0.51165 0.73884
vt 0.51349 0.73612
vt 0.41961 0.51445
vt 0.42 0.51246
vt 0.41951 0.33028
vt 0.42808 0.30999
vt 0.43076 0.2952
vt 0.83542 0.03113
vt 0.97586 0.55742
vt 0.9983 0.84212
vt 0.5271 0.756
vt 0.42825 0.51013
vt 0.43904 0.41641
vt 0.44296 0.49615
vt 0.43319 0.36533
vt 0.6261 0.81096
vt 0.51561 0.7509
vt 0.4328 0.46939
vt 0.43082 0.39094
vt 0.42782 0.3223
vt 0.62453 0.80016
vt 0.63335 0.8359
vt 0.63237 0.86047
vt 0.53035 0.75818
vt 0.75029 0.00817
vt 0.53911 0.75943
vt 0.51252 0.74186
vt 0.42871 0.51247
vt 0.43986 0.45824
vt 0.44132 0.34795
vt 0.44156 0.33458
vt 0.62322 0.79405
vt 0.99296 0.83653
vt 0.62349 0.96186
vt 0.5544 0.76253
vt 0.43992 0.5043
vt 0.43822 0.40731
vt 0.84958 0.02422
vt 0.61834 0.89542
vt 0.98986 0.83273
vt 0.62712 0.92873
vt 0.49425 0.52466
vt 0.49258 0.52217
vt 0.51532 0.73433
vt 0.47323 0.7306
vt 0.43695 0.43224
vt 0.61813 0.94653
vt 0.44087 0.5145
vt 0.44523 0.50834
vt 0.99912 0.83059
vt 0.7364 0.00719
vt 0.61782 0.96647
vt 0.4463 0.37698
vt 0.44631 0.32118
vt 0.71303 0.02185
vt 0.53399 0.74197
vt 0.44417 0.51255
vt 0.44611 0.48617
vt 0.45457 0.45144
vt 0.61071 0.91732
vt 0.4422 0.51014
vt 0.45087 0.47409
vt 0.45367 0.30868
vt 0.46202 0.29517
vt 0.60634 0.80309
vt 0.60763 0.85213
vt 0.61415 0.87439
vt 0.45511 0.51463
vt 0.46035 0.38791
vt 0.97574 0.53912
vt 0.53339 0.73413
vt 0.49209 0.73058
vt 0.45792 0.41169
vt 0.45124 0.35954
vt 0.46093 0.29648
vt 0.60434 0.82655
vt 0.71398 0.00834
vt 0.71411 0.01442
vt 0.71298 0.02233
vt 0.49788 0.51991
vt 0.54006 0.73856
vt 0.45544 0.51016
vt 0.45875 0.46324
vt 0.45604 0.43036
vt 0.46803 0.50424
vt 0.99631 0.81335
vt 0.46355 0.40396
vt 0.87038 0.02803
vt 0.60588 0.79386
vt 0.59937 0.92526
vt 0.59409 0.96705
vt 0.467 0.48721
vt 0.4619 0.48002
vt 0.46508 0.36772
vt 0.46428 0.3397
vt 0.60059 0.94316
vt 0.55473 0.75065
vt 0.46044 0.51257
vt 0.97554 0.51792
vt 0.59737 0.89428
vt 0.99907 0.80511
vt 0.71305 0.00724
vt 0.71341 0.0204
vt 0.46867 0.32469
vt 0.48049 0.29654
vt 0.88316 0.02415
vt 0.59412 0.81345
vt 0.59166 0.96209
vt 0.55872 0.73618
vt 0.47318 0.5145
vt 0.47877 0.5083
vt 0.47209 0.4443
vt 0.46843 0.35567
vt 0.99274 0.78417
vt 0.9898 0.80392
vt 0.99818 0.80027
vt 0.51723 0.51973
vt 0.58833 0.76268
vt 0.55588 0.74045
vt 0.47474 0.51023
vt 0.47134 0.31256
vt 0.47476 0.3013
vt 0.52134 0.52208
vt 0.52189 0.52454
vt 0.47491 0.37226
vt 0.47986 0.34824
vt 0.58878 0.79317
vt 0.59021 0.96495
vt 0.58448 0.9665
vt 0.57131 0.74566
vt 0.47424 0.51237
vt 0.58095 0.79935
vt 0.57589 0.81089
vt 0.58828 0.93377
vt 0.5617 0.73431
vt 0.52183 0.73062
vt 0.48075 0.33067
vt 0.97528 0.50598
vt 0.48697 0.49053
vt 0.48995 0.481
vt 0.4898 0.44711
vt 0.48631 0.36885
vt 0.48923 0.31984
vt 0.51518 0.2951
vt 0.91987 0.0313
vt 0.5827 0.82534
vt 0.57607 0.9098
vt 0.5783 0.94231
vt 0.48176 0.51213
vt 0.48539 0.51414
vt 0.48011 0.5103
vt 0.48717 0.49978
vt 0.58034 0.86156
vt 0.99008 0.7849
vt 0.99923 0.78965
vt 0.69888 0.00729
vt 0.70179 0.02059
vt 0.57461 0.92774
vt 0.57291 0.95369
vt 0.52393 0.72436
vt 0.57071 0.84553
vt 0.57168 0.88132
vt 0.70002 0.01523
vt 0.69958 0.02202
vt 0.69264 0.02249
vt 0.53464 0.52439
vt 0.53542 0.52092
vt 0.49376 0.5071
vt 0.49324 0.3545
vt 0.99622 0.78135
vt 0.58179 0.73983
vt 0.58597 0.73615
vt 0.48983 0.33539
vt 0.56058 0.83127
vt 0.99812 0.77044
vt 0.60226 0.75588
vt 0.6023 0.75827
vt 0.49577 0.51212
vt 0.50052 0.31607
vt 0.9136 0.02416
vt 0.97513 0.48656
vt 0.67666 0.01636
vt 0.67247 0.02196
vt 0.53762 0.52115
vt 0.58706 0.73442
vt 0.5486 0.73054
vt 0.50065 0.37044
vt 0.5543 0.79461
vt 0.55231 0.80728
vt 0.67831 0.00837
vt 0.59099 0.75943
vt 0.50596 0.50065
vt 0.51193 0.47123
vt 0.50496 0.33184
vt 0.5531 0.85845
vt 0.99908 0.76824
vt 0.67926 0.00735
vt 0.56233 0.96188
vt 0.51274 0.49085
vt 0.50878 0.4274
vt 0.51876 0.39583
vt 0.51129 0.34542
vt 0.5173 0.30202
vt 0.51619 0.29643
vt 0.55279 0.87664
vt 0.55282 0.90792
vt 0.55948 0.96482
vt 0.54648 0.96693
vt 0.56227 0.52131
vt 0.55382 0.52447
vt 0.51482 0.51017
vt 0.51501 0.35908
vt 0.98991 0.76552
vt 0.5518 0.96645
vt 0.5936 0.73783
vt 0.51805 0.44027
vt 0.59517 0.74979
vt 0.51935 0.50679
vt 0.54647 0.92354
vt 0.55014 0.93946
vt 0.51749 0.38041
vt 0.5544 0.78694
vt 0.99615 0.76361
vt 0.55433 0.72436
vt 0.51414 0.51419
vt 0.52305 0.50894
vt 0.52471 0.32998
vt 0.52321 0.31181
vt 0.61178 0.74717
vt 0.54493 0.84864
vt 0.66909 0.00729
vt 0.65864 0.01528
vt 0.54326 0.95555
vt 0.54224 0.96227
vt 0.6072 0.73982
vt 0.51865 0.51212
vt 0.52373 0.45411
vt 0.94133 0.0242
vt 0.99837 0.75099
vt 0.99918 0.75715
vt 0.98989 0.75315
vt 0.53415 0.36772
vt 0.53542 0.81732
vt 0.65296 0.02052
vt 0.54101 0.96484
vt 0.57475 0.52466
vt 0.56178 0.72423
vt 0.52118 0.51414
vt 0.52793 0.46439
vt 0.53773 0.79427
vt 0.539 0.88368
vt 0.99615 0.74814
vt 0.99931 0.74593
vt 0.65817 0.01044
vt 0.52487 0.51041
vt 0.6588 0.00716
vt 0.53062 0.94757
vt 0.53445 0.31836
vt 0.53342 0.78697
vt 0.59472 0.52158
vt 0.62525 0.73614
vt 0.6264 0.73453
vt 0.59015 0.73037
vt 0.54565 0.50626
vt 0.54148 0.34013
vt 0.52909 0.80351
vt 0.52728 0.82991
vt 0.64089 0.02224
vt 0.53676 0.51215
vt 0.52576 0.85934
vt 0.52448 0.89742
vt 0.98972 0.73329
vt 0.99275 0.7305
vt 0.99828 0.7321
vt 0.52256 0.91575
vt 0.52942 0.92597
vt 0.51803 0.96645
vt 0.6322 0.75947
vt 0.63164 0.7381
vt 0.58678 0.7241
vt 0.54481 0.51408
vt 0.54492 0.45428
vt 0.5412 0.37649
vt 0.54488 0.35124
vt 0.54729 0.32447
vt 0.99606 0.73278
vt 0.63697 0.01972
vt 0.63461 0.02277
vt 0.50678 0.96704
vt 0.547 0.51054
vt 0.95966 0.02405
vt 0.63422 0.00832
vt 0.52019 0.96204
vt 0.51809 0.96473
vt 0.63245 0.73959
vt 0.54888 0.50865
vt 0.55295 0.3045
vt 0.50932 0.80982
vt 0.99918 0.7258
vt 0.64033 0.00731
vt 0.60027 0.52484
vt 0.55227 0.29645
vt 0.55369 0.2951
vt 0.95845 0.03138
vt 0.51702 0.84116
vt 0.51923 0.88635
vt 0.51375 0.94567
vt 0.54979 0.51212
vt 0.55359 0.38326
vt 0.99601 0.71779
vt 0.63717 0.74727
vt 0.55751 0.46751
vt 0.55345 0.36055
vt 0.55744 0.31514
vt 0.98933 0.70948
vt 0.98984 0.71128
vt 0.99806 0.71921
vt 0.65207 0.75827
vt 0.65052 0.75543
vt 0.55621 0.49013
vt 0.56976 0.47849
vt 0.59883 0.72402
vt 0.55619 0.51421
vt 0.56746 0.50373
vt 0.51127 0.86109
vt 0.50742 0.89075
vt 0.61759 0.02062
vt 0.63746 0.73625
vt 0.56413 0.5123
vt 0.56282 0.50986
vt 0.56096 0.347
vt 0.50599 0.91784
vt 0.99781 0.70616
vt 0.99902 0.71335
vt 0.62891 0.0076
vt 0.61588 0.01462
vt 0.62341 0.0223
vt 0.50155 0.96191
vt 0.6056 0.52135
vt 0.66482 0.76258
vt 0.56221 0.41113
vt 0.56283 0.33608
vt 0.49456 0.94606
vt 0.64436 0.73493
vt 0.56618 0.36684
vt 0.56409 0.32684
vt 0.56974 0.29632
vt 0.56617 0.29509
vt 0.50418 0.85897
vt 0.64222 0.7379
vt 0.9991 0.70163
vt 0.4963 0.96652
vt 0.61058 0.72385
vt 0.56728 0.51423
vt 0.56471 0.39229
vt 0.56784 0.35137
vt 0.49582 0.79935
vt 0.98916 0.70376
vt 0.65503 0.74112
vt 0.64561 0.73599
vt 0.49856 0.7939
vt 0.49625 0.88975
vt 0.61714 0.02266
vt 0.49685 0.93317
vt 0.49617 0.96492
vt 0.56871 0.51259
vt 0.56894 0.45454
vt 0.57007 0.51036
vt 0.5694 0.43166
vt 0.57109 0.39121
vt 0.57231 0.31639
vt 0.977 0.03012
vt 0.97594 0.02403
vt 0.49635 0.85493
vt 0.49673 0.91052
vt 0.98955 0.69904
vt 0.98837 0.69546
vt 0.49366 0.96711
vt 0.61062 0.73086
vt 0.61779 0.72348
vt 0.612 0.722
vt 0.49409 0.7896
vt 0.4936 0.79438
vt 0.98974 0.69781
vt 0.99953 0.6962
vt 0.61159 0.02088
vt 0.61155 0.02242
vt 0.49423 0.96071
vt 0.62599 0.52495
vt 0.61924 0.72215
vt 0.57369 0.4702
vt 0.57702 0.44
vt 0.57707 0.5101
vt 0.57653 0.49309
vt 0.57674 0.41912
vt 0.57377 0.35431
vt 0.57358 0.33484
vt 0.57687 0.29637
vt 0.57522 0.29488
vt 0.98 0.03176
vt 0.49224 0.80078
vt 0.49299 0.80546
vt 0.49222 0.89157
vt 0.49223 0.90815
vt 0.9892 0.69437
vt 0.99219 0.69444
vt 0.99792 0.69466
vt 0.61175 0.00678
vt 0.61152 0.01004
vt 0.4922 0.92075
vt 0.61151 0.01613
vt 0.49312 0.96467
vt 0.61904 0.72725
vt 0.6231 0.73065
vt 0.57755 0.46126
vt 0.57552 0.51327
vt 0.57689 0.38995
vt 0.57831 0.308
vt 0.9794 0.03074
vt 0.83014 0.40325
vt 0.49214 0.78965
vt 0.4918 0.80197
vt 0.49193 0.8123
vt 0.49196 0.83158
vt 0.49192 0.84102
vt 0.99221 0.69298
vt 0.98925 0.69292
vt 0.99558 0.69301
vt 0.99826 0.69281
vt 0.60986 0.01974
vt 0.60996 0.02259
vt 0.49216 0.9546
vt 0.49212 0.96357
vt 0.49179 0.96474
vt 0.49163 0.96674
vt 0.62653 0.51869
vt 0.6665 0.75962
vt 0.6248 0.72345
vt 0.5791 0.37426
vt 0.57913 0.33166
vt 0.57483 0.29073
vt 0.57568 0.28978
vt 0.57507 0.27983
vt 0.5758 0.27438
vt 0.5752 0.25991
vt 0.57585 0.25693
vt 0.57544 0.24145
vt 0.57615 0.24246
vt 0.2212 0.55995
vt 0.22369 0.56003
vt 0.23123 0.5598
vt 0.24597 0.55994
vt 0.27466 0.56072
vt 0.29572 0.56056
vt 0.63113 0.52227
vt 0.66453 0.75808
vt 0.62437 0.72215
vt 0.58038 0.51344
vt 0.57951 0.40505
vt 0.57747 0.29105
vt 0.21963 0.56004
vt 0.22339 0.56366
vt 0.27492 0.56916
vt 0.34735 0.56704
vt 0.38272 0.5668
vt 0.38878 0.56582
vt 0.63258 0.5193
vt 0.66471 0.7425
vt 0.62675 0.73126
vt 0.62584 0.73025
vt 0.62574 0.72731
vt 0.5815 0.51383
vt 0.5816 0.50796
vt 0.58148 0.37174
vt 0.58148 0.33335
vt 0.58146 0.29638
vt 0.58308 0.29111
vt 0.58304 0.27601
vt 0.29996 0.56912
vt 0.33199 0.56909
vt 0.37063 0.56695
vt 0.39116 0.56933
vt 0.6318 0.52463
vt 0.62956 0.73019
vt 0.62815 0.72766
vt 0.62865 0.72438
vt 0.62558 0.7223
vt 0.62751 0.72235
vt 0.58318 0.51468
vt 0.58291 0.51314
vt 0.5832 0.51098
vt 0.58305 0.40314
vt 0.58306 0.33447
vt 0.21907 0.56898
vt 0.25762 0.56922
vt 0.3487 0.56911
vt 0.63605 0.52189
vt 0.63394 0.52472
vt 0.66632 0.73769
vt 0.66614 0.73669
vt 0.6323 0.73105
vt 0.63242 0.72865
vt 0.62961 0.72166
vt 0.58372 0.51035
vt 0.5836 0.50361
vt 0.58346 0.47154
vt 0.58348 0.43182
vt 0.58347 0.37793
vt 0.58341 0.33872
vt 0.58342 0.2921
vt 0.58346 0.26714
vt 0.58335 0.24382
vt 0.30931 0.08176
vt 0.3064 0.08151
vt 0.30602 0.08216
vt 0.5586 0.08362
vt 0.55854 0.08148
vt 0.55713 0.08169
vt 0.55738 0.08376
vt 0.6281 0.72016
vt 0.63069 0.70967
vt 0.55205 0.08825
vt 0.53456 0.08772
vt 0.5414 0.10094
vt 0.52046 0.08392
vt 0.55848 0.09628
vt 0.62865 0.70679
vt 0.55706 0.10262
vt 0.53359 0.10659
vt 0.50965 0.09785
vt 0.55848 0.1146
vt 0.62951 0.68749
vt 0.54809 0.11416
vt 0.49232 0.10353
vt 0.63221 0.68258
vt 0.55693 0.12357
vt 0.5549 0.12356
vt 0.53995 0.12004
vt 0.53109 0.1331
vt 0.54295 0.1316
vt 0.5482 0.14292
vt 0.55841 0.13197
vt 0.63027 0.66921
vt 0.63274 0.66889
vt 0.55255 0.14557
vt 0.52446 0.15144
vt 0.5551 0.14692
vt 0.51427 0.15544
vt 0.55855 0.14508
vt 0.63093 0.65542
vt 0.55715 0.15197
vt 0.63373 0.64252
vt 0.4767 0.14231
vt 0.53595 0.163
vt 0.54588 0.1633
vt 0.55852 0.16502
vt 0.63171 0.63443
vt 0.55707 0.17564
vt 0.63438 0.62395
vt 0.55127 0.19205
vt 0.53885 0.18013
vt 0.55844 0.18532
vt 0.63242 0.61308
vt 0.55489 0.21472
vt 0.54565 0.1957
vt 0.52869 0.20061
vt 0.5571 0.2139
vt 0.63514 0.60015
vt 0.55836 0.20731
vt 0.63314 0.58998
vt 0.5373 0.21944
vt 0.63538 0.58794
vt 0.54746 0.23804
vt 0.5236 0.22003
vt 0.50764 0.21973
vt 0.49487 0.21042
vt 0.55221 0.23616
vt 0.63601 0.56882
vt 0.55835 0.22816
vt 0.63376 0.56812
vt 0.5582 0.24112
vt 0.51364 0.23936
vt 0.55484 0.24334
vt 0.52807 0.24343
vt 0.63621 0.55175
vt 0.54053 0.23981
vt 0.63389 0.55455
vt 0.54167 0.25083
vt 0.63399 0.54599
vt 0.55208 0.25638
vt 0.5582 0.24931
vt 0.51961 0.25133
vt 0.6364 0.5388
vt 0.55833 0.25959
vt 0.6343 0.53526
vt 0.63638 0.53031
vt 0.55848 0.26828
vt 0.63433 0.52623
vt 0.55695 0.2695
vt 0.5586 0.26974
vt 0.57212 0.03448
vt 0.66651 0.74802
vt 0.6325 0.72305
vt 0.63278 0.71716
vt 0.54831 0.08225
vt 0.51881 0.08215
vt 0.48226 0.08218
vt 0.49195 0.08388
vt 0.47216 0.08366
vt 0.45397 0.0837
vt 0.43271 0.08227
vt 0.42136 0.08374
vt 0.39667 0.08223
vt 0.40172 0.08354
vt 0.38761 0.08359
vt 0.35379 0.08201
vt 0.36086 0.08352
vt 0.34849 0.08313
vt 0.3308 0.08188
vt 0.3305 0.08311
vt 0.31932 0.08331
vt 0.30629 0.08352
vt 0.48314 0.09396
vt 0.45057 0.09284
vt 0.39956 0.09813
vt 0.35474 0.09594
vt 0.32898 0.09877
vt 0.30622 0.09776
vt 0.46643 0.10163
vt 0.44049 0.10176
vt 0.41659 0.10269
vt 0.374 0.10184
vt 0.40606 0.11972
vt 0.38719 0.10973
vt 0.33869 0.10711
vt 0.30598 0.12331
vt 0.63457 0.68044
vt 0.47709 0.11011
vt 0.42834 0.11263
vt 0.36128 0.1117
vt 0.30628 0.11161
vt 0.46582 0.12193
vt 0.44417 0.12109
vt 0.32615 0.12498
vt 0.38296 0.12146
vt 0.35064 0.12567
vt 0.41914 0.13316
vt 0.36626 0.12981
vt 0.33917 0.13104
vt 0.46191 0.1426
vt 0.38901 0.13609
vt 0.37321 0.14468
vt 0.31643 0.13809
vt 0.63567 0.65447
vt 0.42711 0.1443
vt 0.30617 0.1528
vt 0.44802 0.14732
vt 0.40195 0.14861
vt 0.35652 0.14364
vt 0.32557 0.16038
vt 0.30591 0.14209
vt 0.33622 0.14856
vt 0.46896 0.16508
vt 0.38742 0.16508
vt 0.43831 0.16602
vt 0.42155 0.16577
vt 0.6364 0.6333
vt 0.40692 0.17318
vt 0.37304 0.17578
vt 0.35872 0.17067
vt 0.34797 0.17951
vt 0.33736 0.17587
vt 0.45643 0.17574
vt 0.30589 0.16929
vt 0.30617 0.179
vt 0.32843 0.19361
vt 0.42224 0.19126
vt 0.39944 0.18762
vt 0.3169 0.20056
vt 0.47669 0.19934
vt 0.46536 0.19862
vt 0.38361 0.19468
vt 0.6378 0.59262
vt 0.48914 0.19302
vt 0.34978 0.20213
vt 0.44639 0.20246
vt 0.40524 0.20008
vt 0.43267 0.20689
vt 0.30578 0.20407
vt 0.4151 0.21011
vt 0.48469 0.21093
vt 0.36487 0.21488
vt 0.30603 0.22028
vt 0.40429 0.21895
vt 0.38334 0.21677
vt 0.45891 0.22905
vt 0.35208 0.22811
vt 0.33928 0.21684
vt 0.32676 0.2272
vt 0.31888 0.22242
vt 0.465 0.21862
vt 0.43597 0.22294
vt 0.63824 0.57224
vt 0.48209 0.22826
vt 0.30566 0.2222
vt 0.41437 0.22837
vt 0.39096 0.22773
vt 0.30596 0.24724
vt 0.42785 0.23389
vt 0.37276 0.23654
vt 0.50373 0.23438
vt 0.33437 0.24162
vt 0.6386 0.54021
vt 0.46665 0.24353
vt 0.44547 0.24356
vt 0.40026 0.24212
vt 0.48917 0.24993
vt 0.43104 0.24784
vt 0.40791 0.25109
vt 0.38718 0.24419
vt 0.36236 0.24741
vt 0.32236 0.25013
vt 0.50718 0.25216
vt 0.30558 0.26832
vt 0.47822 0.2605
vt 0.45265 0.25847
vt 0.32827 0.25698
vt 0.35256 0.26489
vt 0.54592 0.25997
vt 0.3856 0.2592
vt 0.3059 0.26754
vt 0.41034 0.26116
vt 0.31253 0.26186
vt 0.63853 0.52998
vt 0.52928 0.26518
vt 0.50771 0.26553
vt 0.54744 0.26619
vt 0.44505 0.26527
vt 0.42232 0.26557
vt 0.37232 0.26465
vt 0.32451 0.26502
vt 0.4893 0.26755
vt 0.46779 0.26884
vt 0.41275 0.26742
vt 0.31022 0.2687
vt 0.6384 0.52382
vt 0.54687 0.26925
vt 0.53952 0.26914
vt 0.52736 0.26884
vt 0.50471 0.26877
vt 0.45022 0.26877
vt 0.44451 0.26879
vt 0.41632 0.26881
vt 0.36006 0.26891
vt 0.33898 0.26888
vt 0.32091 0.26866
vt 0.49198 0.26868
vt 0.94001 0.93688
vt 0.94025 0.93767
vt 0.94127 0.93667
vt 0.94351 0.93673
vt 0.95102 0.93775
vt 0.95841 0.93681
vt 0.96061 0.93767
vt 0.96094 0.93663
vt 0.96161 0.93743
vt 0.95945 0.93402
vt 0.96206 0.93514
vt 0.9436 0.92736
vt 0.96128 0.93133
vt 0.96233 0.92981
vt 0.94127 0.9101
vt 0.94 0.91048
vt 0.95921 0.92292
vt 0.96116 0.92488
vt 0.9621 0.92419
vt 0.95389 0.90519
vt 0.96176 0.88923
vt 0.96092 0.88396
vt 0.94368 0.87206
vt 0.95915 0.87144
vt 0.96172 0.86448
vt 0.96094 0.86473
vt 0.94004 0.84568
vt 0.9534 0.84061
vt 0.9436 0.83349
vt 0.96181 0.8443
vt 0.94132 0.83803
vt 0.96097 0.82978
vt 0.96181 0.8055
vt 0.94012 0.79257
vt 0.96099 0.80625
vt 0.94382 0.79614
vt 0.94139 0.78991
vt 0.95358 0.80295
vt 0.95927 0.78911
vt 0.96101 0.79178
vt 0.96181 0.78605
vt 0.95152 0.76044
vt 0.96124 0.75171
vt 0.96206 0.75539
vt 0.94013 0.735
vt 0.95956 0.75419
vt 0.94142 0.73461
vt 0.94374 0.74388
vt 0.96212 0.74562
vt 0.95985 0.73791
vt 0.96132 0.74064
vt 0.9437 0.73451
vt 0.96233 0.73971
vt 0.94904 0.73449
vt 0.96109 0.7345
vt 0.96186 0.73395
vt 0.94036 0.73361
vt 0.94173 0.7334
vt 0.95915 0.7333
vt 0.96125 0.73346
usemtl mat0
f 1/1 2/2 3/3
f 1/1 4/4 2/2
f 5/5 6/6 7/7
f 3/3 8/8 1/1
f 1/1 8/8 9/9
f 8/8 10/10 9/9
f 9/9 10/10 11/11
f 11/11 10/10 12/12
f 11/11 12/12 13/13
f 2/2 14/14 15/15
f 2/2 15/15 3/3
f 7/7 6/6 16/16
f 3/3 15/15 8/8
f 8/8 17/17 10/10
f 10/10 17/17 12/12
f 12/12 18/18 13/13
f 17/17 19/19 12/12
f 15/15 20/20 8/8
f 8/8 20/20 17/17
f 12/12 19/19 21/21
f 12/12 21/21 18/18
f 20/20 22/22 17/17
f 17/17 22/22 19/19
f 21/21 23/23 18/18
f 22/22 24/24 19/19
f 21/21 25/25 23/23
f 24/24 26/26 19/19
f 19/19 26/26 21/21
f 14/14 27/27 15/15
f 16/16 6/6 28/28
f 27/27 29/29 15/15
f 28/28 6/6 30/30
f 15/15 29/29 20/20
f 21/21 31/31 25/25
f 26/26 31/31 21/21
f 29/29 32/32 20/20
f 20/20 32/32 22/22
f 31/31 33/33 25/25
f 30/30 34/34 28/28
f 24/24 35/35 26/26
f 26/26 35/35 31/31
f 31/31 36/36 33/33
f 35/35 36/36 31/31
f 27/27 37/37 29/29
f 28/28 34/34 38/38
f 22/22 39/39 24/24
f 24/24 39/39 35/35
f 37/37 40/40 29/29
f 29/29 40/40 32/32
f 32/32 39/39 22/22
f 40/40 39/39 32/32
f 36/36 41/41 33/33
f 39/39 42/42 35/35
f 42/42 43/43 35/35
f 35/35 43/43 36/36
f 38/38 34/34 44/44
f 36/36 45/45 41/41
f 40/40 46/46 39/39
f 39/39 46/46 42/42
f 43/43 47/47 36/36
f 36/36 47/47 45/45
f 37/37 48/48 40/40
f 40/40 48/48 46/46
f 46/46 49/49 42/42
f 49/49 50/50 42/42
f 42/42 50/50 43/43
f 44/44 51/51 38/38
f 43/43 52/52 47/47
f 47/47 52/52 45/45
f 37/37 53/53 48/48
f 38/38 51/51 54/54
f 52/52 55/55 45/45
f 50/50 56/56 43/43
f 43/43 56/56 52/52
f 50/50 49/49 56/56
f 52/52 57/57 55/55
f 52/52 56/56 57/57
f 57/57 58/58 55/55
f 48/48 59/59 46/46
f 46/46 59/59 49/49
f 53/53 60/60 48/48
f 48/48 60/60 59/59
f 57/57 61/61 58/58
f 59/59 62/62 49/49
f 49/49 62/62 56/56
f 56/56 62/62 57/57
f 53/53 63/63 60/60
f 54/54 51/51 64/64
f 54/54 64/64 65/65
f 57/57 66/66 61/61
f 59/59 60/60 67/67
f 59/59 67/67 62/62
f 57/57 62/62 66/66
f 63/63 68/68 60/60
f 69/69 70/70 71/71
f 60/60 68/68 67/67
f 67/67 68/68 72/72
f 71/71 70/70 73/73
f 71/71 73/73 74/74
f 67/67 72/72 62/62
f 74/74 73/73 75/75
f 62/62 72/72 76/76
f 62/62 76/76 66/66
f 74/74 75/75 77/77
f 78/78 30/30 6/6
f 30/30 79/79 34/34
f 79/79 80/80 34/34
f 34/34 80/80 44/44
f 44/44 80/80 51/51
f 80/80 81/81 51/51
f 51/51 81/81 64/64
f 64/64 82/82 65/65
f 83/83 84/84 70/70
f 69/69 83/83 70/70
f 70/70 84/84 85/85
f 70/70 85/85 73/73
f 85/85 75/75 73/73
f 86/86 87/87 6/6
f 5/5 86/86 6/6
f 6/6 87/87 78/78
f 88/88 89/89 90/90
f 91/91 88/88 90/90
f 90/90 89/89 92/92
f 89/89 93/93 92/92
f 92/92 93/93 94/94
f 94/94 93/93 95/95
f 94/94 95/95 96/96
f 95/95 97/97 96/96
f 96/96 97/97 98/98
f 98/98 97/97 99/99
f 98/98 99/99 100/100
f 100/100 99/99 101/101
f 100/100 101/101 102/102
f 101/101 103/103 102/102
f 103/103 104/104 102/102
f 102/102 104/104 105/105
f 104/104 106/106 105/105
f 88/88 107/107 89/89
f 89/89 107/107 108/108
f 108/108 109/109 93/93
f 89/89 108/108 93/93
f 109/109 110/110 93/93
f 93/93 110/110 95/95
f 110/110 111/111 95/95
f 95/95 112/112 97/97
f 99/99 97/97 113/113
f 99/99 113/113 114/114
f 99/99 114/114 101/101
f 114/114 115/115 101/101
f 101/101 115/115 103/103
f 103/103 116/116 104/104
f 104/104 116/116 106/106
f 106/106 116/116 117/117
f 117/117 116/116 118/118
f 117/117 118/118 119/119
f 119/119 118/118 120/120
f 120/120 118/118 121/121
f 121/121 118/118 122/122
f 121/121 122/122 123/123
f 123/123 122/122 124/124
f 88/88 125/125 107/107
f 110/110 109/109 111/111
f 95/95 111/111 112/112
f 115/115 126/126 103/103
f 126/126 116/116 103/103
f 109/109 127/127 111/111
f 111/111 128/128 129/129
f 129/129 130/130 112/112
f 111/111 129/129 112/112
f 113/113 131/131 132/132
f 113/113 132/132 114/114
f 132/132 133/133 114/114
f 114/114 133/133 115/115
f 116/116 134/134 118/118
f 118/118 134/134 135/135
f 118/118 135/135 136/136
f 118/118 136/136 122/122
f 122/122 136/136 124/124
f 107/107 137/137 108/108
f 108/108 138/138 109/109
f 127/127 128/128 111/111
f 113/113 97/97 131/131
f 115/115 139/139 126/126
f 116/116 126/126 134/134
f 136/136 140/140 124/124
f 124/124 140/140 141/141
f 142/142 143/143 107/107
f 125/125 142/142 107/107
f 107/107 143/143 137/137
f 112/112 144/144 97/97
f 144/144 145/145 97/97
f 146/146 132/132 131/131
f 135/135 147/147 136/136
f 137/137 138/138 108/108
f 133/133 148/148 115/115
f 148/148 149/149 115/115
f 115/115 149/149 139/139
f 78/78 150/150 30/30
f 130/130 144/144 112/112
f 132/132 148/148 133/133
f 139/139 151/151 126/126
f 126/126 151/151 134/134
f 134/134 151/151 135/135
f 138/138 127/127 109/109
f 97/97 145/145 131/131
f 135/135 151/151 152/152
f 135/135 152/152 147/147
f 136/136 147/147 140/140
f 128/128 153/153 129/129
f 129/129 153/153 130/130
f 151/151 154/154 152/152
f 152/152 155/155 147/147
f 128/128 156/156 153/153
f 130/130 157/157 144/144
f 145/145 158/158 131/131
f 146/146 159/159 132/132
f 151/151 160/160 154/154
f 128/128 127/127 156/156
f 153/153 157/157 130/130
f 149/149 161/161 139/139
f 152/152 154/154 155/155
f 147/147 155/155 162/162
f 138/138 163/163 127/127
f 157/157 145/145 144/144
f 131/131 158/158 146/146
f 164/164 151/151 139/139
f 142/142 165/165 143/143
f 158/158 166/166 146/146
f 159/159 148/148 132/132
f 156/156 167/167 153/153
f 167/167 157/157 153/153
f 161/161 164/164 139/139
f 164/164 160/160 151/151
f 147/147 162/162 140/140
f 160/160 168/168 154/154
f 169/169 162/162 155/155
f 140/140 170/170 141/141
f 146/146 166/166 159/159
f 154/154 171/171 155/155
f 162/162 172/172 140/140
f 140/140 172/172 170/170
f 150/150 173/173 30/30
f 143/143 174/174 137/137
f 137/137 174/174 138/138
f 127/127 163/163 156/156
f 157/157 175/175 145/145
f 145/145 175/175 158/158
f 164/164 176/176 160/160
f 160/160 176/176 168/168
f 166/166 177/177 159/159
f 159/159 178/178 148/148
f 165/165 179/179 143/143
f 163/163 180/180 156/156
f 171/171 169/169 155/155
f 138/138 181/181 163/163
f 157/157 182/182 175/175
f 175/175 166/166 158/158
f 159/159 177/177 178/178
f 162/162 183/183 172/172
f 30/30 173/173 79/79
f 138/138 174/174 181/181
f 167/167 182/182 157/157
f 148/148 184/184 149/149
f 149/149 185/185 161/161
f 179/179 186/186 143/143
f 143/143 186/186 174/174
f 182/182 187/187 175/175
f 178/178 184/184 148/148
f 168/168 188/188 154/154
f 171/171 189/189 169/169
f 156/156 190/190 167/167
f 184/184 185/185 149/149
f 161/161 191/191 164/164
f 176/176 188/188 168/168
f 188/188 171/171 154/154
f 169/169 189/189 162/162
f 162/162 189/189 183/183
f 166/166 175/175 192/192
f 164/164 193/193 176/176
f 161/161 185/185 191/191
f 193/193 188/188 176/176
f 172/172 194/194 170/170
f 156/156 180/180 190/190
f 166/166 192/192 177/177
f 195/195 196/196 186/186
f 179/179 195/195 186/186
f 186/186 196/196 174/174
f 175/175 187/187 197/197
f 177/177 198/198 178/178
f 164/164 191/191 193/193
f 167/167 199/199 182/182
f 172/172 183/183 194/194
f 196/196 200/200 174/174
f 200/200 201/201 174/174
f 174/174 201/201 181/181
f 190/190 199/199 167/167
f 175/175 197/197 192/192
f 188/188 202/202 171/171
f 202/202 203/203 171/171
f 199/199 187/187 182/182
f 192/192 198/198 177/177
f 171/171 203/203 189/189
f 203/203 204/204 189/189
f 194/194 205/205 170/170
f 181/181 201/201 206/206
f 197/197 207/207 192/192
f 192/192 208/208 198/198
f 198/198 184/184 178/178
f 184/184 209/209 185/185
f 189/189 210/210 183/183
f 181/181 206/206 163/163
f 192/192 207/207 208/208
f 189/189 204/204 210/210
f 180/180 211/211 190/190
f 187/187 199/199 212/212
f 185/185 213/213 191/191
f 173/173 214/214 79/79
f 206/206 215/215 163/163
f 163/163 215/215 180/180
f 190/190 216/216 199/199
f 187/187 212/212 197/197
f 79/79 214/214 80/80
f 190/190 211/211 216/216
f 209/209 213/213 185/185
f 201/201 217/217 206/206
f 215/215 218/218 180/180
f 199/199 216/216 212/212
f 198/198 219/219 184/184
f 193/193 220/220 188/188
f 195/195 221/221 222/222
f 195/195 222/222 196/196
f 196/196 222/222 200/200
f 217/217 215/215 206/206
f 180/180 218/218 211/211
f 198/198 223/223 219/219
f 220/220 202/202 188/188
f 222/222 224/224 200/200
f 200/200 224/224 217/217
f 200/200 217/217 201/201
f 208/208 223/223 198/198
f 191/191 225/225 193/193
f 226/226 207/207 197/197
f 184/184 227/227 209/209
f 203/203 228/228 204/204
f 204/204 228/228 210/210
f 212/212 226/226 197/197
f 219/219 227/227 184/184
f 202/202 220/220 203/203
f 210/210 229/229 183/183
f 183/183 229/229 194/194
f 211/211 230/230 216/216
f 216/216 231/231 212/212
f 207/207 223/223 208/208
f 225/225 232/232 193/193
f 193/193 232/232 220/220
f 220/220 233/233 203/203
f 221/221 234/234 222/222
f 231/231 226/226 212/212
f 229/229 235/235 194/194
f 194/194 235/235 205/205
f 215/215 236/236 218/218
f 230/230 231/231 216/216
f 226/226 223/223 207/207
f 209/209 227/227 237/237
f 224/224 238/238 217/217
f 209/209 237/237 213/213
f 191/191 213/213 225/225
f 222/222 239/239 224/224
f 224/224 239/239 238/238
f 211/211 218/218 230/230
f 231/231 240/240 226/226
f 225/225 241/241 232/232
f 215/215 242/242 236/236
f 233/233 228/228 203/203
f 234/234 243/243 222/222
f 222/222 243/243 239/239
f 223/223 244/244 219/219
f 213/213 241/241 225/225
f 220/220 245/245 233/233
f 238/238 242/242 215/215
f 217/217 238/238 215/215
f 237/237 241/241 213/213
f 245/245 246/246 233/233
f 233/233 246/246 228/228
f 220/220 232/232 245/245
f 228/228 247/247 210/210
f 236/236 248/248 218/218
f 248/248 230/230 218/218
f 230/230 249/249 231/231
f 226/226 244/244 223/223
f 244/244 250/250 219/219
f 219/219 250/250 227/227
f 238/238 251/251 252/252
f 238/238 252/252 242/242
f 242/242 252/252 236/236
f 236/236 252/252 248/248
f 249/249 240/240 231/231
f 229/229 253/253 235/235
f 235/235 253/253 254/254
f 235/235 254/254 205/205
f 234/234 255/255 243/243
f 243/243 255/255 239/239
f 239/239 251/251 238/238
f 240/240 256/256 226/226
f 241/241 257/257 232/232
f 227/227 258/258 237/237
f 228/228 246/246 247/247
f 210/210 247/247 229/229
f 234/234 259/259 255/255
f 237/237 258/258 241/241
f 248/248 249/249 230/230
f 249/249 260/260 240/240
f 240/240 260/260 256/256
f 226/226 256/256 244/244
f 247/247 253/253 229/229
f 214/214 261/261 81/81
f 80/80 214/214 81/81
f 255/255 262/262 239/239
f 239/239 262/262 251/251
f 262/262 263/263 251/251
f 251/251 263/263 252/252
f 248/248 264/264 249/249
f 256/256 265/265 244/244
f 265/265 250/250 244/244
f 250/250 258/258 227/227
f 258/258 257/257 241/241
f 232/232 257/257 245/245
f 245/245 266/266 246/246
f 252/252 267/267 248/248
f 267/267 264/264 248/248
f 257/257 266/266 245/245
f 268/268 247/247 246/246
f 263/263 269/269 252/252
f 252/252 269/269 267/267
f 249/249 264/264 260/260
f 260/260 270/270 256/256
f 256/256 270/270 271/271
f 256/256 271/271 265/265
f 265/265 272/272 250/250
f 250/250 272/272 258/258
f 255/255 273/273 262/262
f 263/263 274/274 269/269
f 260/260 275/275 270/270
f 259/259 276/276 255/255
f 273/273 274/274 263/263
f 262/262 273/273 263/263
f 267/267 269/269 264/264
f 264/264 275/275 260/260
f 268/268 277/277 247/247
f 247/247 277/277 253/253
f 271/271 278/278 265/265
f 272/272 279/279 258/258
f 258/258 279/279 280/280
f 258/258 280/280 257/257
f 280/280 268/268 266/266
f 257/257 280/280 266/266
f 266/266 268/268 246/246
f 277/277 281/281 253/253
f 281/281 282/282 254/254
f 253/253 281/281 254/254
f 276/276 283/283 255/255
f 255/255 283/283 273/273
f 269/269 284/284 264/264
f 264/264 284/284 275/275
f 276/276 285/285 283/283
f 274/274 284/284 269/269
f 270/270 278/278 271/271
f 265/265 278/278 272/272
f 273/273 283/283 274/274
f 281/281 286/286 282/282
f 285/285 287/287 283/283
f 283/283 287/287 274/274
f 274/274 287/287 288/288
f 274/274 288/288 284/284
f 288/288 289/289 284/284
f 290/290 291/291 292/292
f 290/290 292/292 293/293
f 293/293 292/292 294/294
f 289/289 295/295 284/284
f 293/293 294/294 296/296
f 284/284 295/295 297/297
f 284/284 297/297 275/275
f 275/275 297/297 298/298
f 275/275 298/298 270/270
f 270/270 298/298 278/278
f 278/278 298/298 299/299
f 278/278 299/299 272/272
f 272/272 299/299 279/279
f 279/279 299/299 300/300
f 279/279 300/300 280/280
f 280/280 300/300 268/268
f 300/300 301/301 268/268
f 268/268 301/301 277/277
f 301/301 286/286 277/277
f 277/277 286/286 281/281
f 285/285 302/302 303/303
f 285/285 303/303 287/287
f 304/304 305/305 306/306
f 307/307 304/304 306/306
f 287/287 303/303 308/308
f 287/287 308/308 288/288
f 306/306 291/291 309/309
f 296/296 294/294 310/310
f 310/310 311/311 296/296
f 296/296 311/311 312/312
f 295/295 313/313 297/297
f 297/297 313/313 314/314
f 297/297 314/314 298/298
f 298/298 314/314 315/315
f 298/298 315/315 299/299
f 315/315 316/316 299/299
f 316/316 317/317 299/299
f 299/299 317/317 300/300
f 300/300 317/317 318/318
f 319/319 320/320 321/321
f 300/300 318/318 301/301
f 322/322 321/321 323/323
f 324/324 85/85 84/84
f 75/75 325/325 77/77
f 326/326 327/327 328/328
f 81/81 261/261 329/329
f 330/330 331/331 291/291
f 291/291 331/331 292/292
f 292/292 331/331 294/294
f 331/331 332/332 294/294
f 294/294 332/332 311/311
f 311/311 332/332 312/312
f 312/312 332/332 333/333
f 312/312 333/333 334/334
f 334/334 333/333 335/335
f 334/334 335/335 336/336
f 336/336 335/335 337/337
f 338/338 337/337 320/320
f 320/320 337/337 339/339
f 339/339 340/340 320/320
f 320/320 340/340 341/341
f 340/340 342/342 341/341
f 342/342 343/343 341/341
f 341/341 343/343 344/344
f 304/304 345/345 305/305
f 305/305 330/330 306/306
f 81/81 329/329 64/64
f 83/83 324/324 84/84
f 324/324 346/346 85/85
f 85/85 346/346 75/75
f 75/75 346/346 347/347
f 75/75 347/347 325/325
f 348/348 349/349 350/350
f 349/349 351/351 350/350
f 78/78 352/352 150/150
f 173/173 353/353 214/214
f 214/214 353/353 261/261
f 305/305 354/354 330/330
f 330/330 354/354 355/355
f 330/330 355/355 331/331
f 331/331 355/355 356/356
f 331/331 356/356 357/357
f 331/331 357/357 332/332
f 332/332 357/357 358/358
f 332/332 358/358 333/333
f 358/358 359/359 333/333
f 359/359 335/335 333/333
f 335/335 360/360 337/337
f 360/360 361/361 337/337
f 361/361 362/362 337/337
f 337/337 362/362 339/339
f 339/339 363/363 340/340
f 340/340 363/363 364/364
f 340/340 364/364 365/365
f 340/340 365/365 342/342
f 342/342 365/365 343/343
f 366/366 367/367 344/344
f 343/343 366/366 344/344
f 344/344 367/367 368/368
f 345/345 369/369 305/305
f 329/329 370/370 64/64
f 64/64 370/370 82/82
f 371/371 346/346 324/324
f 346/346 372/372 347/347
f 373/373 352/352 78/78
f 374/374 375/375 376/376
f 377/377 378/378 379/379
f 150/150 352/352 173/173
f 173/173 380/380 353/353
f 359/359 360/360 335/335
f 362/362 363/363 339/339
f 365/365 381/381 343/343
f 343/343 381/381 366/366
f 367/367 382/382 368/368
f 371/371 383/383 346/346
f 383/383 372/372 346/346
f 86/86 384/384 87/87
f 351/351 385/385 350/350
f 386/386 387/387 388/388
f 352/352 380/380 173/173
f 389/389 390/390 391/391
f 353/353 392/392 261/261
f 261/261 392/392 329/329
f 393/393 394/394 395/395
f 395/395 396/396 397/397
f 393/393 395/395 397/397
f 398/398 399/399 400/400
f 398/398 400/400 401/401
f 397/397 396/396 402/402
f 401/401 400/400 403/403
f 354/354 404/404 355/355
f 355/355 404/404 356/356
f 358/358 405/405 359/359
f 361/361 406/406 362/362
f 362/362 406/406 363/363
f 366/366 381/381 407/407
f 366/366 407/407 367/367
f 345/345 408/408 369/369
f 370/370 409/409 82/82
f 83/83 410/410 324/324
f 78/78 87/87 373/373
f 357/357 411/411 358/358
f 358/358 411/411 405/405
f 405/405 412/412 413/413
f 405/405 413/413 359/359
f 359/359 413/413 360/360
f 413/413 414/414 360/360
f 360/360 414/414 361/361
f 361/361 414/414 406/406
f 364/364 415/415 365/365
f 365/365 415/415 381/381
f 372/372 416/416 347/347
f 351/351 417/417 385/385
f 87/87 418/418 373/373
f 352/352 419/419 380/380
f 380/380 420/420 353/353
f 392/392 421/421 329/329
f 406/406 422/422 363/363
f 363/363 422/422 364/364
f 422/422 423/423 364/364
f 364/364 423/423 415/415
f 345/345 424/424 408/408
f 417/417 425/425 385/385
f 421/421 426/426 329/329
f 354/354 427/427 404/404
f 415/415 428/428 381/381
f 428/428 429/429 381/381
f 381/381 429/429 407/407
f 430/430 431/431 432/432
f 417/417 433/433 425/425
f 420/420 434/434 353/353
f 353/353 434/434 392/392
f 412/412 435/435 413/413
f 413/413 436/436 437/437
f 413/413 437/437 414/414
f 437/437 438/438 406/406
f 414/414 437/437 406/406
f 406/406 438/438 422/422
f 423/423 439/439 415/415
f 429/429 440/440 407/407
f 407/407 441/441 367/367
f 367/367 441/441 382/382
f 383/383 442/442 372/372
f 372/372 443/443 416/416
f 87/87 444/444 418/418
f 445/445 446/446 447/447
f 448/448 445/445 447/447
f 373/373 418/418 449/449
f 373/373 449/449 352/352
f 449/449 419/419 352/352
f 392/392 434/434 421/421
f 404/404 450/450 356/356
f 407/407 440/440 441/441
f 424/424 451/451 408/408
f 384/384 444/444 87/87
f 419/419 452/452 380/380
f 380/380 452/452 420/420
f 427/427 450/450 404/404
f 356/356 453/453 357/357
f 411/411 454/454 405/405
f 413/413 435/435 436/436
f 441/441 455/455 382/382
f 430/430 456/456 431/431
f 457/457 431/431 458/458
f 431/431 456/456 458/458
f 383/383 459/459 442/442
f 449/449 418/418 460/460
f 461/461 434/434 420/420
f 427/427 462/462 450/450
f 357/357 453/453 411/411
f 453/453 454/454 411/411
f 405/405 454/454 412/412
f 438/438 463/463 422/422
f 422/422 463/463 423/423
f 439/439 428/428 415/415
f 429/429 428/428 440/440
f 416/416 443/443 464/464
f 372/372 442/442 443/443
f 433/433 465/465 425/425
f 427/427 466/466 462/462
f 356/356 450/450 453/453
f 453/453 467/467 454/454
f 454/454 468/468 412/412
f 435/435 469/469 470/470
f 435/435 470/470 436/436
f 423/423 471/471 439/439
f 472/472 473/473 428/428
f 428/428 473/473 440/440
f 371/371 474/474 383/383
f 383/383 474/474 459/459
f 433/433 475/475 465/465
f 421/421 476/476 426/426
f 468/468 477/477 412/412
f 412/412 477/477 435/435
f 470/470 478/478 436/436
f 436/436 478/478 437/437
f 437/437 478/478 438/438
f 438/438 479/479 463/463
f 463/463 480/480 423/423
f 423/423 480/480 471/471
f 424/424 481/481 451/451
f 456/456 482/482 458/458
f 483/483 452/452 419/419
f 428/428 484/484 472/472
f 485/485 486/486 487/487
f 434/434 476/476 421/421
f 467/467 468/468 454/454
f 477/477 469/469 435/435
f 439/439 484/484 428/428
f 486/486 488/488 487/487
f 452/452 489/489 420/420
f 466/466 490/490 462/462
f 450/450 462/462 491/491
f 450/450 491/491 453/453
f 492/492 478/478 470/470
f 463/463 479/479 480/480
f 486/486 493/493 488/488
f 460/460 494/494 449/449
f 449/449 494/494 419/419
f 489/489 461/461 420/420
f 491/491 495/495 453/453
f 456/456 496/496 482/482
f 410/410 497/497 324/324
f 324/324 497/497 371/371
f 384/384 498/498 444/444
f 453/453 495/495 499/499
f 453/453 499/499 467/467
f 438/438 478/478 479/479
f 370/370 500/500 409/409
f 410/410 501/501 497/497
f 371/371 497/497 474/474
f 444/444 498/498 418/418
f 490/490 502/502 462/462
f 462/462 502/502 491/491
f 503/503 471/471 480/480
f 471/471 484/484 439/439
f 472/472 484/484 473/473
f 426/426 504/504 505/505
f 426/426 505/505 329/329
f 329/329 505/505 370/370
f 506/506 507/507 465/465
f 475/475 506/506 465/465
f 452/452 483/483 489/489
f 469/469 492/492 470/470
f 479/479 503/503 480/480
f 484/484 508/508 473/473
f 473/473 509/509 440/440
f 443/443 510/510 464/464
f 456/456 511/511 496/496
f 418/418 494/494 460/460
f 494/494 512/512 419/419
f 477/477 513/513 469/469
f 503/503 514/514 471/471
f 440/440 509/509 441/441
f 515/515 516/516 517/517
f 434/434 461/461 476/476
f 491/491 518/518 495/495
f 516/516 519/519 517/517
f 474/474 520/520 459/459
f 384/384 521/521 498/498
f 419/419 512/512 483/483
f 469/469 522/522 492/492
f 492/492 523/523 478/478
f 478/478 524/524 479/479
f 503/503 525/525 514/514
f 471/471 526/526 484/484
f 508/508 527/527 473/473
f 473/473 527/527 509/509
f 516/516 528/528 519/519
f 497/497 529/529 474/474
f 474/474 529/529 520/520
f 459/459 530/530 442/442
f 502/502 531/531 491/491
f 491/491 531/531 518/518
f 467/467 532/532 468/468
f 443/443 530/530 510/510
f 459/459 520/520 530/530
f 533/533 489/489 483/483
f 476/476 534/534 535/535
f 476/476 535/535 426/426
f 535/535 504/504 426/426
f 536/536 513/513 477/477
f 514/514 526/526 471/471
f 537/537 538/538 539/539
f 370/370 505/505 500/500
f 540/540 541/541 542/542
f 489/489 543/543 461/461
f 461/461 534/534 476/476
f 544/544 545/545 490/490
f 490/490 545/545 502/502
f 495/495 546/546 499/499
f 492/492 522/522 523/523
f 526/526 547/547 484/484
f 441/441 548/548 455/455
f 418/418 498/498 494/494
f 499/499 532/532 467/467
f 468/468 536/536 477/477
f 469/469 513/513 522/522
f 478/478 523/523 524/524
f 479/479 524/524 503/503
f 484/484 547/547 508/508
f 537/537 549/549 538/538
f 442/442 530/530 443/443
f 506/506 550/550 507/507
f 499/499 546/546 532/532
f 468/468 532/532 536/536
f 524/524 551/551 503/503
f 503/503 551/551 525/525
f 512/512 533/533 483/483
f 527/527 552/552 509/509
f 511/511 553/553 496/496
f 534/534 554/554 535/535
f 525/525 555/555 514/514
f 509/509 556/556 441/441
f 441/441 556/556 548/548
f 530/530 557/557 510/510
f 511/511 558/558 553/553
f 506/506 559/559 550/550
f 512/512 560/560 533/533
f 533/533 543/543 489/489
f 495/495 518/518 546/546
f 524/524 561/561 551/551
f 527/527 508/508 562/562
f 562/562 552/552 527/527
f 549/549 563/563 538/538
f 520/520 564/564 530/530
f 536/536 565/565 513/513
f 556/556 566/566 548/548
f 559/559 567/567 550/550
f 523/523 568/568 524/524
f 514/514 569/569 526/526
f 526/526 569/569 547/547
f 547/547 562/562 508/508
f 498/498 570/570 494/494
f 494/494 571/571 512/512
f 543/543 572/572 461/461
f 461/461 572/572 534/534
f 555/555 569/569 514/514
f 549/549 573/573 563/563
f 501/501 574/574 497/497
f 497/497 574/574 529/529
f 498/498 575/575 576/576
f 518/518 577/577 546/546
f 532/532 578/578 565/565
f 532/532 565/565 536/536
f 522/522 579/579 580/580
f 522/522 580/580 523/523
f 524/524 568/568 561/561
f 551/551 581/581 525/525
f 552/552 582/582 509/509
f 509/509 582/582 556/556
f 529/529 583/583 520/520
f 520/520 583/583 564/564
f 521/521 575/575 498/498
f 576/576 570/570 498/498
f 571/571 560/560 512/512
f 533/533 584/584 543/543
f 513/513 579/579 522/522
f 525/525 581/581 555/555
f 530/530 564/564 557/557
f 558/558 585/585 553/553
f 574/574 586/586 529/529
f 559/559 587/587 567/567
f 494/494 570/570 571/571
f 545/545 588/588 502/502
f 502/502 588/588 531/531
f 547/547 589/589 562/562
f 521/521 590/590 575/575
f 546/546 578/578 532/532
f 523/523 580/580 568/568
f 555/555 591/591 569/569
f 569/569 592/592 547/547
f 562/562 589/589 593/593
f 562/562 594/594 552/552
f 560/560 584/584 533/533
f 545/545 595/595 588/588
f 518/518 531/531 596/596
f 518/518 596/596 577/577
f 577/577 578/578 546/546
f 592/592 589/589 547/547
f 559/559 597/597 587/587
f 534/534 598/598 554/554
f 561/561 581/581 551/551
f 591/591 592/592 569/569
f 593/593 594/594 562/562
f 552/552 594/594 582/582
f 529/529 586/586 583/583
f 583/583 599/599 564/564
f 543/543 600/600 572/572
f 534/534 572/572 598/598
f 584/584 600/600 543/543
f 600/600 598/598 572/572
f 596/596 601/601 577/577
f 555/555 602/602 591/591
f 597/597 603/603 587/587
f 531/531 604/604 596/596
f 565/565 605/605 513/513
f 513/513 605/605 579/579
f 579/579 606/606 580/580
f 606/606 607/607 580/580
f 597/597 608/608 603/603
f 609/609 603/603 610/610
f 603/603 608/608 610/610
f 598/598 611/611 554/554
f 554/554 611/611 535/535
f 535/535 612/612 504/504
f 601/601 613/613 577/577
f 578/578 605/605 565/565
f 579/579 614/614 606/606
f 581/581 602/602 555/555
f 504/504 612/612 505/505
f 597/597 615/615 608/608
f 560/560 616/616 584/584
f 588/588 617/617 531/531
f 531/531 617/617 604/604
f 577/577 613/613 578/578
f 564/564 618/618 557/557
f 505/505 619/619 500/500
f 501/501 620/620 574/574
f 608/608 621/621 610/610
f 560/560 571/571 616/616
f 616/616 622/622 584/584
f 584/584 622/622 600/600
f 580/580 607/607 623/623
f 580/580 623/623 568/568
f 592/592 624/624 589/589
f 625/625 626/626 585/585
f 558/558 625/625 585/585
f 599/599 627/627 564/564
f 608/608 628/628 621/621
f 576/576 629/629 570/570
f 570/570 630/630 571/571
f 605/605 614/614 579/579
f 561/561 568/568 631/631
f 505/505 632/632 619/619
f 611/611 612/612 535/535
f 596/596 604/604 601/601
f 578/578 633/633 605/605
f 568/568 623/623 631/631
f 591/591 634/634 592/592
f 589/589 624/624 593/593
f 582/582 635/635 556/556
f 630/630 616/616 571/571
f 595/595 636/636 588/588
f 593/593 637/637 594/594
f 586/586 638/638 583/583
f 570/570 629/629 630/630
f 604/604 639/639 601/601
f 601/601 639/639 613/613
f 631/631 640/640 561/561
f 561/561 640/640 581/581
f 641/641 634/634 591/591
f 602/602 641/641 591/591
f 612/612 632/632 505/505
f 583/583 638/638 599/599
f 575/575 642/642 576/576
f 595/595 643/643 636/636
f 636/636 617/617 588/588
f 644/644 633/633 613/613
f 613/613 633/633 578/578
f 581/581 640/640 645/645
f 645/645 641/641 581/581
f 581/581 641/641 602/602
f 634/634 646/646 592/592
f 646/646 624/624 592/592
f 594/594 647/647 582/582
f 582/582 647/647 635/635
f 556/556 648/648 566/566
f 619/619 649/649 650/650
f 574/574 651/651 586/586
f 638/638 652/652 599/599
f 599/599 652/652 627/627
f 639/639 644/644 613/613
f 605/605 653/653 614/614
f 614/614 654/654 606/606
f 635/635 655/655 556/556
f 556/556 655/655 648/648
f 625/625 656/656 626/626
f 600/600 657/657 598/598
f 611/611 658/658 612/612
f 633/633 659/659 605/605
f 605/605 659/659 653/653
f 606/606 654/654 607/607
f 607/607 660/660 623/623
f 643/643 661/661 636/636
f 604/604 662/662 639/639
f 594/594 637/637 647/647
f 627/627 652/652 663/663
f 628/628 664/664 665/665
f 628/628 665/665 621/621
f 616/616 666/666 622/622
f 622/622 667/667 600/600
f 668/668 669/669 670/670
f 617/617 671/671 604/604
f 662/662 672/672 644/644
f 639/639 662/662 644/644
f 633/633 673/673 659/659
f 659/659 674/674 653/653
f 590/590 642/642 575/575
f 642/642 629/629 576/576
f 675/675 666/666 616/616
f 630/630 675/675 616/616
f 598/598 657/657 611/611
f 656/656 676/676 626/626
f 666/666 677/677 622/622
f 600/600 667/667 657/657
f 640/640 678/678 645/645
f 612/612 658/658 632/632
f 656/656 679/679 676/676
f 622/622 677/677 667/667
f 644/644 673/673 633/633
f 673/673 674/674 659/659
f 607/607 654/654 660/660
f 623/623 640/640 631/631
f 646/646 680/680 624/624
f 624/624 637/637 593/593
f 651/651 681/681 586/586
f 586/586 681/681 638/638
f 664/664 682/682 665/665
f 642/642 683/683 629/629
f 629/629 683/683 630/630
f 684/684 685/685 686/686
f 643/643 687/687 661/661
f 636/636 661/661 617/617
f 680/680 637/637 624/624
f 590/590 688/688 642/642
f 611/611 657/657 658/658
f 623/623 689/689 640/640
f 664/664 690/690 682/682
f 614/614 691/691 654/654
f 678/678 692/692 645/645
f 692/692 641/641 645/645
f 637/637 680/680 693/693
f 637/637 693/693 694/694
f 632/632 695/695 619/619
f 619/619 695/695 649/649
f 667/667 696/696 657/657
f 657/657 697/697 658/658
f 658/658 697/697 698/698
f 604/604 671/671 662/662
f 644/644 699/699 673/673
f 663/663 700/700 701/701
f 652/652 700/700 663/663
f 666/666 702/702 677/677
f 672/672 703/703 644/644
f 644/644 703/703 699/699
f 654/654 691/691 704/704
f 696/696 697/697 657/657
f 673/673 699/699 705/705
f 673/673 705/705 674/674
f 674/674 706/706 653/653
f 653/653 706/706 614/614
f 654/654 704/704 660/660
f 660/660 689/689 623/623
f 641/641 707/707 634/634
f 658/658 708/708 632/632
f 709/709 710/710 711/711
f 614/614 712/712 691/691
f 707/707 646/646 634/634
f 667/667 677/677 696/696
f 706/706 712/712 614/614
f 704/704 689/689 660/660
f 713/713 707/707 641/641
f 683/683 675/675 630/630
f 692/692 713/713 641/641
f 707/707 714/714 646/646
f 680/680 694/694 693/693
f 638/638 715/715 652/652
f 652/652 715/715 700/700
f 710/710 716/716 711/711
f 671/671 717/717 662/662
f 646/646 718/718 680/680
f 680/680 718/718 694/694
f 647/647 655/655 635/635
f 700/700 719/719 701/701
f 679/679 720/720 721/721
f 679/679 721/721 676/676
f 681/681 715/715 638/638
f 642/642 722/722 683/683
f 687/687 723/723 724/724
f 687/687 724/724 661/661
f 661/661 725/725 617/617
f 617/617 725/725 671/671
f 726/726 704/704 691/691
f 689/689 727/727 640/640
f 714/714 718/718 646/646
f 694/694 728/728 729/729
f 694/694 729/729 637/637
f 637/637 729/729 647/647
f 688/688 722/722 642/642
f 677/677 730/730 696/696
f 698/698 731/731 658/658
f 661/661 724/724 725/725
f 662/662 717/717 672/672
f 705/705 706/706 674/674
f 712/712 726/726 691/691
f 640/640 727/727 678/678
f 729/729 732/732 647/647
f 658/658 731/731 708/708
f 632/632 708/708 695/695
f 716/716 733/733 711/711
f 675/675 683/683 734/734
f 675/675 734/734 666/666
f 666/666 734/734 702/702
f 699/699 735/735 705/705
f 647/647 732/732 655/655
f 677/677 702/702 730/730
f 696/696 730/730 697/697
f 697/697 736/736 698/698
f 698/698 737/737 731/731
f 683/683 738/738 734/734
f 725/725 739/739 671/671
f 671/671 740/740 717/717
f 672/672 717/717 703/703
f 716/716 741/741 733/733
f 722/722 738/738 683/683
f 702/702 742/742 730/730
f 697/697 730/730 736/736
f 724/724 743/743 725/725
f 743/743 739/739 725/725
f 671/671 739/739 740/740
f 699/699 703/703 735/735
f 705/705 735/735 744/744
f 705/705 744/744 706/706
f 706/706 745/745 712/712
f 655/655 746/746 648/648
f 681/681 747/747 715/715
f 748/748 738/738 722/722
f 734/734 749/749 702/702
f 742/742 750/750 730/730
f 736/736 737/737 698/698
f 717/717 740/740 703/703
f 744/744 745/745 706/706
f 678/678 713/713 692/692
f 720/720 751/751 721/721
f 700/700 715/715 752/752
f 702/702 749/749 742/742
f 689/689 753/753 727/727
f 713/713 754/754 707/707
f 714/714 755/755 718/718
f 655/655 756/756 746/746
f 757/757 758/758 759/759
f 720/720 760/760 751/751
f 695/695 761/761 649/649
f 651/651 762/762 681/681
f 723/723 763/763 724/724
f 724/724 764/764 743/743
f 718/718 765/765 694/694
f 728/728 766/766 729/729
f 729/729 766/766 732/732
f 758/758 767/767 759/759
f 762/762 747/747 681/681
f 715/715 768/768 752/752
f 748/748 769/769 738/738
f 734/734 738/738 769/769
f 734/734 769/769 749/749
f 703/703 740/740 735/735
f 712/712 770/770 726/726
f 689/689 704/704 753/753
f 694/694 765/765 728/728
f 732/732 771/771 655/655
f 655/655 771/771 756/756
f 749/749 772/772 742/742
f 772/772 750/750 742/742
f 773/773 774/774 775/775
f 730/730 750/750 736/736
f 763/763 776/776 724/724
f 724/724 776/776 764/764
f 777/777 744/744 735/735
f 745/745 770/770 712/712
f 726/726 778/778 704/704
f 678/678 779/779 713/713
f 714/714 754/754 755/755
f 731/731 780/780 708/708
f 708/708 780/780 695/695
f 688/688 748/748 722/722
f 750/750 781/781 736/736
f 726/726 770/770 778/778
f 778/778 753/753 704/704
f 740/740 782/782 735/735
f 735/735 782/782 777/777
f 777/777 783/783 744/744
f 744/744 783/783 745/745
f 745/745 784/784 770/770
f 753/753 785/785 727/727
f 727/727 785/785 678/678
f 678/678 785/785 779/779
f 707/707 754/754 714/714
f 755/755 765/765 718/718
f 747/747 768/768 715/715
f 736/736 781/781 737/737
f 745/745 783/783 784/784
f 779/779 786/786 713/713
f 713/713 786/786 754/754
f 760/760 787/787 751/751
f 769/769 788/788 749/749
f 772/772 789/789 750/750
f 739/739 790/790 740/740
f 790/790 782/782 740/740
f 754/754 791/791 755/755
f 765/765 792/792 728/728
f 728/728 792/792 766/766
f 732/732 766/766 771/771
f 758/758 793/793 767/767
f 788/788 794/794 749/749
f 749/749 794/794 772/772
f 743/743 795/795 739/739
f 795/795 790/790 739/739
f 791/791 796/796 755/755
f 755/755 796/796 765/765
f 793/793 797/797 767/767
f 688/688 798/798 748/748
f 782/782 799/799 777/777
f 777/777 799/799 800/800
f 777/777 800/800 783/783
f 784/784 778/778 770/770
f 760/760 801/801 787/787
f 750/750 802/802 781/781
f 763/763 803/803 776/776
f 780/780 804/804 695/695
f 695/695 804/804 761/761
f 805/805 806/806 747/747
f 747/747 806/806 768/768
f 750/750 789/789 802/802
f 790/790 799/799 782/782
f 807/807 788/788 769/769
f 781/781 808/808 737/737
f 737/737 809/809 731/731
f 778/778 810/810 753/753
f 810/810 811/811 753/753
f 753/753 811/811 785/785
f 811/811 812/812 785/785
f 786/786 813/813 754/754
f 765/765 796/796 792/792
f 792/792 814/814 766/766
f 762/762 805/805 747/747
f 806/806 815/815 768/768
f 748/748 816/816 769/769
f 816/816 807/807 769/769
f 794/794 817/817 772/772
f 817/817 789/789 772/772
f 764/764 818/818 743/743
f 819/819 810/810 778/778
f 785/785 812/812 779/779
f 796/796 820/820 792/792
f 766/766 814/814 771/771
f 731/731 809/809 780/780
f 789/789 821/821 802/802
f 803/803 822/822 776/776
f 776/776 822/822 764/764
f 784/784 823/823 819/819
f 784/784 819/819 778/778
f 791/791 824/824 796/796
f 756/756 825/825 746/746
f 808/808 809/809 737/737
f 783/783 823/823 784/784
f 793/793 826/826 797/797
f 801/801 827/827 787/787
f 788/788 817/817 794/794
f 743/743 818/818 795/795
f 779/779 828/828 786/786
f 813/813 791/791 754/754
f 800/800 799/799 783/783
f 779/779 812/812 829/829
f 779/779 829/829 828/828
f 786/786 828/828 813/813
f 820/820 814/814 792/792
f 771/771 830/830 756/756
f 802/802 808/808 781/781
f 803/803 831/831 822/822
f 790/790 832/832 799/799
f 810/810 812/812 811/811
f 826/826 833/833 797/797
f 748/748 834/834 816/816
f 795/795 835/835 790/790
f 796/796 824/824 820/820
f 814/814 836/836 771/771
f 809/809 837/837 780/780
f 790/790 835/835 832/832
f 799/799 823/823 783/783
f 801/801 838/838 827/827
f 780/780 837/837 804/804
f 805/805 839/839 806/806
f 821/821 840/840 802/802
f 822/822 841/841 764/764
f 764/764 841/841 818/818
f 842/842 812/812 810/810
f 839/839 843/843 806/806
f 815/815 806/806 844/844
f 798/798 834/834 748/748
f 807/807 845/845 788/788
f 802/802 840/840 808/808
f 799/799 846/846 823/823
f 819/819 842/842 810/810
f 824/824 847/847 820/820
f 820/820 847/847 814/814
f 826/826 848/848 833/833
f 762/762 839/839 805/805
f 816/816 849/849 807/807
f 832/832 846/846 799/799
f 836/836 830/830 771/771
f 830/830 850/850 756/756
f 756/756 850/850 825/825
f 808/808 840/840 809/809
f 831/831 851/851 822/822
f 818/818 835/835 795/795
f 829/829 852/852 828/828
f 828/828 852/852 813/813
f 813/813 852/852 791/791
f 848/848 853/853 833/833
f 788/788 854/854 817/817
f 846/846 855/855 823/823
f 842/842 856/856 812/812
f 812/812 856/856 829/829
f 791/791 852/852 824/824
f 836/836 857/857 830/830
f 837/837 858/858 804/804
f 804/804 858/858 761/761
f 843/843 859/859 806/806
f 798/798 860/860 834/834
f 854/854 861/861 817/817
f 817/817 861/861 789/789
f 789/789 861/861 821/821
f 840/840 837/837 809/809
f 855/855 862/862 823/823
f 823/823 862/862 819/819
f 819/819 862/862 863/863
f 819/819 863/863 842/842
f 864/864 856/856 842/842
f 816/816 834/834 849/849
f 807/807 849/849 845/845
f 845/845 854/854 788/788
f 821/821 861/861 865/865
f 821/821 865/865 840/840
f 835/835 866/866 832/832
f 864/864 867/867 856/856
f 829/829 856/856 852/852
f 852/852 868/868 824/824
f 824/824 868/868 847/847
f 838/838 869/869 827/827
f 806/806 859/859 844/844
f 834/834 870/870 849/849
f 832/832 866/866 846/846
f 846/846 871/871 855/855
f 842/842 863/863 864/864
f 867/867 872/872 856/856
f 857/857 873/873 830/830
f 874/874 875/875 762/762
f 762/762 875/875 839/839
f 845/845 876/876 854/854
f 818/818 877/877 835/835
f 835/835 877/877 866/866
f 847/847 878/878 814/814
f 814/814 878/878 836/836
f 845/845 849/849 876/876
f 865/865 837/837 840/840
f 866/866 879/879 846/846
f 864/864 880/880 867/867
f 836/836 878/878 857/857
f 860/860 881/881 834/834
f 882/882 883/883 822/822
f 851/851 882/882 822/822
f 822/822 883/883 841/841
f 863/863 862/862 864/864
f 856/856 872/872 884/884
f 856/856 868/868 852/852
f 868/868 885/885 847/847
f 847/847 886/886 878/878
f 873/873 887/887 830/830
f 850/850 888/888 825/825
f 889/889 882/882 851/851
f 838/838 890/890 869/869
f 854/854 876/876 861/861
f 846/846 879/879 871/871
f 855/855 891/891 862/862
f 856/856 884/884 868/868
f 847/847 885/885 886/886
f 830/830 887/887 850/850
f 889/889 892/892 882/882
f 890/890 893/893 869/869
f 837/837 894/894 858/858
f 881/881 895/895 834/834
f 834/834 895/895 870/870
f 896/896 897/897 898/898
f 870/870 876/876 849/849
f 861/861 899/899 865/865
f 899/899 900/900 865/865
f 865/865 900/900 837/837
f 837/837 900/900 901/901
f 901/901 894/894 837/837
f 883/883 902/902 841/841
f 841/841 902/902 818/818
f 868/868 903/903 885/885
f 870/870 904/904 876/876
f 876/876 899/899 861/861
f 871/871 891/891 855/855
f 901/901 905/905 894/894
f 902/902 877/877 818/818
f 866/866 877/877 906/906
f 880/880 872/872 867/867
f 884/884 903/903 868/868
f 859/859 907/907 844/844
f 870/870 895/895 904/904
f 876/876 908/908 909/909
f 876/876 909/909 899/899
f 866/866 906/906 879/879
f 862/862 910/910 864/864
f 864/864 910/910 880/880
f 890/890 911/911 893/893
f 907/907 912/912 844/844
f 904/904 913/913 876/876
f 899/899 914/914 900/900
f 900/900 914/914 915/915
f 900/900 905/905 901/901
f 862/862 891/891 910/910
f 910/910 916/916 880/880
f 916/916 917/917 880/880
f 903/903 918/918 885/885
f 892/892 919/919 882/882
f 839/839 920/920 843/843
f 921/921 913/913 904/904
f 895/895 921/921 904/904
f 876/876 913/913 908/908
f 899/899 909/909 914/914
f 915/915 922/922 900/900
f 900/900 922/922 905/905
f 879/879 906/906 923/923
f 879/879 923/923 871/871
f 871/871 923/923 891/891
f 880/880 917/917 872/872
f 924/924 925/925 926/926
f 843/843 920/920 859/859
f 860/860 927/927 881/881
f 881/881 921/921 895/895
f 902/902 928/928 877/877
f 877/877 929/929 906/906
f 886/886 930/930 878/878
f 883/883 931/931 902/902
f 923/923 932/932 891/891
f 891/891 933/933 910/910
f 872/872 917/917 934/934
f 872/872 934/934 884/884
f 884/884 918/918 903/903
f 930/930 935/935 878/878
f 878/878 935/935 857/857
f 857/857 935/935 873/873
f 873/873 935/935 887/887
f 913/913 936/936 908/908
f 883/883 937/937 931/931
f 931/931 928/928 902/902
f 877/877 928/928 929/929
f 906/906 929/929 938/938
f 906/906 938/938 923/923
f 910/910 933/933 939/939
f 910/910 939/939 916/916
f 916/916 939/939 917/917
f 884/884 934/934 940/940
f 884/884 940/940 918/918
f 885/885 918/918 930/930
f 885/885 930/930 886/886
f 935/935 941/941 887/887
f 909/909 942/942 914/914
f 932/932 933/933 891/891
f 917/917 943/943 934/934
f 934/934 944/944 940/940
f 940/940 945/945 918/918
f 918/918 946/946 930/930
f 930/930 947/947 935/935
f 850/850 948/948 888/888
f 925/925 949/949 926/926
f 894/894 950/950 858/858
f 874/874 951/951 875/875
f 952/952 953/953 954/954
f 908/908 955/955 909/909
f 956/956 939/939 933/933
f 939/939 957/957 917/917
f 957/957 943/943 917/917
f 911/911 958/958 893/893
f 928/928 959/959 929/929
f 929/929 959/959 938/938
f 923/923 960/960 932/932
f 932/932 961/961 933/933
f 944/944 945/945 940/940
f 941/941 962/962 887/887
f 887/887 962/962 850/850
f 850/850 962/962 948/948
f 875/875 963/963 839/839
f 839/839 963/963 920/920
f 927/927 964/964 881/881
f 965/965 966/966 967/967
f 964/964 921/921 881/881
f 968/968 969/969 970/970
f 968/968 971/971 972/972
f 971/971 973/973 972/972
f 972/972 974/974 968/968
f 973/973 975/975 972/972
f 972/972 975/975 974/974
f 952/952 954/954 976/976
f 936/936 955/955 908/908
f 954/954 977/977 976/976
f 974/974 975/975 978/978
f 978/978 979/979 974/974
f 978/978 975/975 980/980
f 977/977 981/981 976/976
f 977/977 982/982 981/981
f 909/909 955/955 942/942
f 980/980 983/983 978/978
f 982/982 984/984 981/981
f 982/982 985/985 984/984
f 985/985 986/986 984/984
f 983/983 987/987 978/978
f 985/985 988/988 986/986
f 978/978 989/989 979/979
f 978/978 987/987 989/989
f 988/988 990/990 986/986
f 989/989 987/987 991/991
f 991/991 992/992 989/989
f 931/931 993/993 928/928
f 993/993 959/959 928/928
f 938/938 959/959 923/923
f 933/933 961/961 956/956
f 956/956 957/957 939/939
f 943/943 944/944 934/934
f 945/945 946/946 918/918
f 930/930 946/946 947/947
f 947/947 941/941 935/935
f 911/911 994/994 958/958
f 995/995 996/996 997/997
f 997/997 996/996 998/998
f 997/997 998/998 999/999
f 1000/1000 1001/1001 1002/1002
f 1003/1003 1004/1004 1005/1005
f 1006/1006 1003/1003 1005/1005
f 1005/1005 1004/1004 1007/1007
f 1007/1007 1004/1004 1008/1008
f 1007/1007 1008/1008 995/995
f 995/995 1008/1008 996/996
f 998/998 996/996 970/970
f 998/998 970/970 1009/1009
f 1003/1003 1010/1010 1004/1004
f 1004/1004 1010/1010 1011/1011
f 1004/1004 1011/1011 1008/1008
f 1011/1011 1012/1012 1008/1008
f 1008/1008 1012/1012 996/996
f 1003/1003 1013/1013 1010/1010
f 1010/1010 1014/1014 1011/1011
f 1011/1011 1014/1014 1015/1015
f 1011/1011 1015/1015 1012/1012
f 996/996 971/971 970/970
f 970/970 971/971 968/968
f 1016/1016 1017/1017 1018/1018
f 1013/1013 1019/1019 1010/1010
f 1010/1010 1019/1019 1014/1014
f 1013/1013 1020/1020 1019/1019
f 996/996 1012/1012 971/971
f 1015/1015 1021/1021 1012/1012
f 1012/1012 973/973 971/971
f 1017/1017 1022/1022 1018/1018
f 921/921 1023/1023 913/913
f 1020/1020 1024/1024 1019/1019
f 1019/1019 1024/1024 1014/1014
f 1017/1017 1025/1025 1022/1022
f 1014/1014 1026/1026 1015/1015
f 1024/1024 1027/1027 1014/1014
f 1014/1014 1027/1027 1026/1026
f 1012/1012 1021/1021 973/973
f 1026/1026 1028/1028 1015/1015
f 1015/1015 1028/1028 1021/1021
f 1024/1024 1029/1029 1027/1027
f 1021/1021 1030/1030 973/973
f 1029/1029 1031/1031 1027/1027
f 1031/1031 1026/1026 1027/1027
f 1028/1028 1032/1032 1021/1021
f 1021/1021 1032/1032 1030/1030
f 1030/1030 975/975 973/973
f 1030/1030 1032/1032 975/975
f 1025/1025 1033/1033 1022/1022
f 1034/1034 1035/1035 1028/1028
f 1026/1026 1034/1034 1028/1028
f 1033/1033 1036/1036 1022/1022
f 1031/1031 1034/1034 1026/1026
f 1028/1028 1035/1035 1032/1032
f 1032/1032 1035/1035 1037/1037
f 1032/1032 980/980 975/975
f 1029/1029 1038/1038 1031/1031
f 1031/1031 1038/1038 1034/1034
f 1034/1034 1039/1039 1040/1040
f 1034/1034 1040/1040 1035/1035
f 1029/1029 1041/1041 1038/1038
f 1038/1038 1039/1039 1034/1034
f 1040/1040 1042/1042 1035/1035
f 1035/1035 1042/1042 1037/1037
f 1032/1032 1043/1043 980/980
f 1041/1041 1044/1044 1038/1038
f 1038/1038 1044/1044 1039/1039
f 1032/1032 1045/1045 1043/1043
f 1032/1032 1037/1037 1045/1045
f 1045/1045 983/983 1043/1043
f 1043/1043 983/983 980/980
f 1039/1039 1046/1046 1047/1047
f 1039/1039 1047/1047 1040/1040
f 1040/1040 1047/1047 1042/1042
f 1044/1044 1046/1046 1039/1039
f 1047/1047 1048/1048 1042/1042
f 1041/1041 1049/1049 1044/1044
f 1048/1048 1050/1050 1037/1037
f 1042/1042 1048/1048 1037/1037
f 1037/1037 1050/1050 1045/1045
f 1045/1045 1050/1050 983/983
f 1044/1044 1051/1051 1046/1046
f 1048/1048 1052/1052 1050/1050
f 1049/1049 1053/1053 1044/1044
f 1044/1044 1053/1053 1051/1051
f 1051/1051 1054/1054 1047/1047
f 1046/1046 1051/1051 1047/1047
f 914/914 1055/1055 915/915
f 1049/1049 1056/1056 1053/1053
f 1057/1057 987/987 983/983
f 1050/1050 1057/1057 983/983
f 1047/1047 1054/1054 1048/1048
f 1052/1052 1058/1058 1050/1050
f 1054/1054 1052/1052 1048/1048
f 1058/1058 1057/1057 1050/1050
f 1051/1051 1059/1059 1054/1054
f 1053/1053 1059/1059 1051/1051
f 1059/1059 1060/1060 1054/1054
f 1056/1056 1061/1061 1062/1062
f 1056/1056 1062/1062 1053/1053
f 1053/1053 1062/1062 1059/1059
f 1054/1054 1058/1058 1052/1052
f 1057/1057 991/991 987/987
f 1054/1054 1060/1060 1058/1058
f 1060/1060 1063/1063 1058/1058
f 1061/1061 1064/1064 1062/1062
f 1057/1057 1065/1065 991/991
f 1062/1062 1066/1066 1059/1059
f 1066/1066 1067/1067 1060/1060
f 1059/1059 1066/1066 1060/1060
f 1067/1067 1063/1063 1060/1060
f 1058/1058 1063/1063 1065/1065
f 1058/1058 1065/1065 1057/1057
f 1065/1065 1068/1068 991/991
f 991/991 1068/1068 1069/1069
f 991/991 1069/1069 992/992
f 1064/1064 1066/1066 1062/1062
f 922/922 1070/1070 905/905
f 1064/1064 1071/1071 1066/1066
f 1066/1066 1071/1071 1067/1067
f 905/905 1072/1072 894/894
f 1073/1073 1074/1074 937/937
f 937/937 1074/1074 931/931
f 959/959 1075/1075 923/923
f 923/923 1075/1075 1076/1076
f 923/923 1076/1076 960/960
f 932/932 960/960 1077/1077
f 945/945 1078/1078 946/946
f 966/966 1079/1079 1080/1080
f 966/966 1080/1080 1081/1081
f 913/913 1023/1023 1082/1082
f 913/913 1082/1082 936/936
f 942/942 1055/1055 914/914
f 905/905 1083/1083 1072/1072
f 1074/1074 1084/1084 931/931
f 931/931 1084/1084 1085/1085
f 931/931 1085/1085 993/993
f 1085/1085 1086/1086 993/993
f 993/993 1086/1086 959/959
f 1086/1086 1087/1087 959/959
f 959/959 1087/1087 1075/1075
f 1087/1087 1076/1076 1075/1075
f 932/932 1077/1077 961/961
f 961/961 957/957 956/956
f 944/944 1078/1078 945/945
f 894/894 1072/1072 950/950
f 920/920 1088/1088 859/859
f 1089/1089 1090/1090 1091/1091
f 1000/1000 1092/1092 1093/1093
f 1087/1087 1094/1094 1076/1076
f 1094/1094 1095/1095 1076/1076
f 1076/1076 1095/1095 960/960
f 1078/1078 947/947 946/946
f 962/962 1096/1096 948/948
f 963/963 1088/1088 920/920
f 859/859 1088/1088 907/907
f 1097/1097 1098/1098 1099/1099
f 1099/1099 1098/1098 1100/1100
f 1100/1100 1098/1098 1101/1101
f 1100/1100 1101/1101 1102/1102
f 1101/1101 1103/1103 1102/1102
f 1103/1103 1104/1104 1102/1102
f 1102/1102 1104/1104 1105/1105
f 1105/1105 1104/1104 1106/1106
f 1104/1104 1107/1107 1106/1106
f 1107/1107 1108/1108 1106/1106
f 1106/1106 1108/1108 1109/1109
f 1109/1109 1108/1108 1090/1090
f 1090/1090 1108/1108 1091/1091
f 1110/1110 1111/1111 1112/1112
f 915/915 1055/1055 922/922
f 1073/1073 1113/1113 1074/1074
f 1074/1074 1113/1113 1114/1114
f 1074/1074 1114/1114 1084/1084
f 1084/1084 1114/1114 1085/1085
f 1085/1085 1114/1114 1086/1086
f 1086/1086 1114/1114 1115/1115
f 1086/1086 1115/1115 1087/1087
f 1087/1087 1115/1115 1094/1094
f 1095/1095 1116/1116 960/960
f 960/960 1116/1116 1117/1117
f 960/960 1117/1117 1077/1077
f 1077/1077 1117/1117 961/961
f 961/961 1117/1117 1118/1118
f 961/961 1118/1118 957/957
f 957/957 1118/1118 943/943
f 1118/1118 1119/1119 943/943
f 943/943 1119/1119 944/944
f 944/944 1119/1119 1078/1078
f 1078/1078 1119/1119 1120/1120
f 1078/1078 1120/1120 947/947
f 1120/1120 1121/1121 947/947
f 947/947 1121/1121 1122/1122
f 947/947 1122/1122 941/941
f 941/941 1122/1122 962/962
f 1122/1122 1096/1096 962/962
f 1123/1123 1124/1124 1125/1125
f 1126/1126 1127/1127 1124/1124
f 1126/1126 1124/1124 1128/1128
f 1129/1129 1130/1130 1131/1131
f 1132/1132 1133/1133 1134/1134
f 1132/1132 1134/1134 1135/1135
f 1135/1135 1134/1134 1136/1136
f 1136/1136 1134/1134 1137/1137
f 1136/1136 1137/1137 1138/1138
f 1139/1139 1140/1140 1141/1141
f 1141/1141 1140/1140 1142/1142
f 1142/1142 1143/1143 1141/1141
f 1141/1141 1143/1143 1144/1144
f 1143/1143 1145/1145 1144/1144
f 1144/1144 1145/1145 1146/1146
f 1145/1145 1147/1147 1146/1146
f 1146/1146 1147/1147 1148/1148
f 1148/1148 1147/1147 1149/1149
f 1149/1149 1147/1147 1150/1150
f 1149/1149 1150/1150 1151/1151
f 1149/1149 1151/1151 1152/1152
f 1152/1152 1151/1151 1153/1153
f 1152/1152 1153/1153 1154/1154
f 1154/1154 1153/1153 1155/1155
f 1154/1154 1155/1155 1126/1126
f 1156/1156 1157/1157 1158/1158
f 1159/1159 1160/1160 1161/1161
f 1159/1159 1161/1161 1162/1162
f 1163/1163 1164/1164 1165/1165
f 1166/1166 1167/1167 1168/1168
f 1169/1169 1170/1170 1171/1171
f 1169/1169 1171/1171 1172/1172
f 1171/1171 1173/1173 1172/1172
f 1172/1172 1173/1173 1174/1174
f 1174/1174 1175/1175 1176/1176
f 1174/1174 1176/1176 1177/1177
f 1178/1178 1179/1179 1180/1180
f 1180/1180 1179/1179 1181/1181
f 922/922 1182/1182 1070/1070
f 1183/1183 1184/1184 1185/1185
f 1185/1185 1186/1186 1183/1183
f 1113/1113 1187/1187 1114/1114
f 1187/1187 1188/1188 1114/1114
f 1114/1114 1188/1188 1115/1115
f 1115/1115 1188/1188 1189/1189
f 1115/1115 1189/1189 1094/1094
f 1189/1189 1190/1190 1095/1095
f 1094/1094 1189/1189 1095/1095
f 1095/1095 1190/1190 1191/1191
f 1183/1183 1186/1186 1192/1192
f 1193/1193 1194/1194 1116/1116
f 1116/1116 1194/1194 1117/1117
f 1194/1194 1195/1195 1117/1117
f 1117/1117 1195/1195 1118/1118
f 1195/1195 1196/1196 1118/1118
f 1118/1118 1196/1196 1119/1119
f 1196/1196 1197/1197 1119/1119
f 1119/1119 1197/1197 1198/1198
f 1119/1119 1198/1198 1120/1120
f 1120/1120 1198/1198 1199/1199
f 1120/1120 1199/1199 1121/1121
f 1121/1121 1199/1199 1200/1200
f 1121/1121 1200/1200 1122/1122
f 1122/1122 1200/1200 1201/1201
f 1122/1122 1201/1201 1096/1096
f 994/994 1202/1202 958/958
f 1203/1203 1204/1204 1124/1124
f 1205/1205 1206/1206 1207/1207
f 1205/1205 1207/1207 1130/1130
f 1207/1207 1208/1208 1130/1130
f 1208/1208 1209/1209 1131/1131
f 1130/1130 1208/1208 1131/1131
f 1210/1210 1211/1211 1212/1212
f 1213/1213 1210/1210 1212/1212
f 1212/1212 1211/1211 1214/1214
f 1212/1212 1214/1214 1133/1133
f 1214/1214 1215/1215 1133/1133
f 1133/1133 1215/1215 1134/1134
f 1134/1134 1215/1215 1216/1216
f 1134/1134 1216/1216 1137/1137
f 1216/1216 1217/1217 1138/1138
f 1137/1137 1216/1216 1138/1138
f 1138/1138 1217/1217 1218/1218
f 1217/1217 1219/1219 1218/1218
f 1218/1218 1219/1219 1220/1220
f 1221/1221 1222/1222 1223/1223
f 1223/1223 1222/1222 1224/1224
f 1222/1222 1225/1225 1224/1224
f 1226/1226 1227/1227 1228/1228
f 1229/1229 1230/1230 1231/1231
f 1082/1082 1232/1232 936/936
f 936/936 1233/1233 955/955
f 955/955 1233/1233 942/942
f 1170/1170 1234/1234 1235/1235
f 1170/1170 1235/1235 1171/1171
f 1235/1235 1236/1236 1173/1173
f 1171/1171 1235/1235 1173/1173
f 1236/1236 1237/1237 1174/1174
f 1173/1173 1236/1236 1174/1174
f 1237/1237 1238/1238 1175/1175
f 1174/1174 1237/1237 1175/1175
f 1238/1238 1239/1239 1176/1176
f 1175/1175 1238/1238 1176/1176
f 1178/1178 1240/1240 1179/1179
f 1179/1179 1241/1241 1242/1242
f 1241/1241 1243/1243 1244/1244
f 1242/1242 1241/1241 1244/1244
f 1190/1190 1245/1245 1191/1191
f 1088/1088 1246/1246 907/907
f 907/907 1246/1246 912/912
f 860/860 1247/1247 927/927
f 1219/1219 1248/1248 1220/1220
f 1248/1248 1221/1221 1220/1220
f 1221/1221 1249/1249 1222/1222
f 1206/1206 1225/1225 1250/1250
f 1250/1250 1251/1251 1206/1206
f 1206/1206 1251/1251 1207/1207
f 1207/1207 1251/1251 1252/1252
f 1207/1207 1252/1252 1208/1208
f 1252/1252 1253/1253 1209/1209
f 1208/1208 1252/1252 1209/1209
f 1210/1210 1254/1254 1211/1211
f 1211/1211 1255/1255 1214/1214
f 1214/1214 1255/1255 1256/1256
f 1214/1214 1256/1256 1215/1215
f 1215/1215 1256/1256 1216/1216
f 1217/1217 1257/1257 1219/1219
f 1222/1222 1258/1258 1225/1225
f 1259/1259 1225/1225 1206/1206
f 1226/1226 1260/1260 1227/1227
f 1229/1229 1261/1261 1230/1230
f 1229/1229 1262/1262 1261/1261
f 1232/1232 1233/1233 936/936
f 1234/1234 1263/1263 1264/1264
f 1234/1234 1264/1264 1235/1235
f 1264/1264 1236/1236 1235/1235
f 1265/1265 1266/1266 1267/1267
f 1240/1240 1268/1268 1179/1179
f 1268/1268 1269/1269 1241/1241
f 1179/1179 1268/1268 1241/1241
f 1266/1266 1270/1270 1267/1267
f 1243/1243 1271/1271 1272/1272
f 1055/1055 1182/1182 922/922
f 1241/1241 1269/1269 1243/1243
f 1273/1273 1274/1274 1275/1275
f 1274/1274 1276/1276 1275/1275
f 1070/1070 1083/1083 905/905
f 1113/1113 1277/1277 1187/1187
f 1187/1187 1278/1278 1188/1188
f 1188/1188 1279/1279 1189/1189
f 1189/1189 1280/1280 1190/1190
f 1281/1281 1282/1282 1283/1283
f 1190/1190 1280/1280 1245/1245
f 1221/1221 1248/1248 1249/1249
f 1284/1284 1285/1285 1286/1286
f 1252/1252 1287/1287 1253/1253
f 1211/1211 1288/1288 1255/1255
f 1255/1255 1289/1289 1256/1256
f 1256/1256 1289/1289 1290/1290
f 1256/1256 1290/1290 1216/1216
f 1216/1216 1290/1290 1217/1217
f 1217/1217 1290/1290 1291/1291
f 1291/1291 1257/1257 1217/1217
f 1257/1257 1248/1248 1219/1219
f 1222/1222 1249/1249 1258/1258
f 1258/1258 1292/1292 1225/1225
f 1225/1225 1292/1292 1250/1250
f 1250/1250 1293/1293 1251/1251
f 1293/1293 1294/1294 1251/1251
f 1294/1294 1295/1295 1251/1251
f 921/921 1296/1296 1023/1023
f 1297/1297 1298/1298 1299/1299
f 1297/1297 1300/1300 1298/1298
f 1301/1301 1302/1302 1303/1303
f 1264/1264 1304/1304 1236/1236
f 1236/1236 1304/1304 1305/1305
f 1236/1236 1305/1305 1237/1237
f 1237/1237 1305/1305 1238/1238
f 1306/1306 1239/1239 1238/1238
f 1307/1307 1308/1308 1240/1240
f 1240/1240 1308/1308 1268/1268
f 1271/1271 1309/1309 1272/1272
f 1308/1308 1310/1310 1269/1269
f 1268/1268 1308/1308 1269/1269
f 1269/1269 1310/1310 1311/1311
f 1311/1311 1271/1271 1269/1269
f 1277/1277 1278/1278 1187/1187
f 1188/1188 1278/1278 1279/1279
f 1189/1189 1279/1279 1280/1280
f 994/994 1312/1312 1202/1202
f 1246/1246 1313/1313 912/912
f 1254/1254 1314/1314 1211/1211
f 1211/1211 1314/1314 1288/1288
f 1255/1255 1288/1288 1289/1289
f 1296/1296 1082/1082 1023/1023
f 1305/1305 1315/1315 1238/1238
f 1238/1238 1315/1315 1306/1306
f 1308/1308 1316/1316 1310/1310
f 1317/1317 1318/1318 1113/1113
f 1113/1113 1318/1318 1277/1277
f 1278/1278 1319/1319 1279/1279
f 1320/1320 1318/1318 1317/1317
f 1281/1281 1321/1321 1282/1282
f 1280/1280 1279/1279 1322/1322
f 1291/1291 1323/1323 1324/1324
f 1291/1291 1324/1324 1257/1257
f 1257/1257 1324/1324 1248/1248
f 1284/1284 1325/1325 1285/1285
f 1288/1288 1326/1326 1289/1289
f 1289/1289 1327/1327 1290/1290
f 1290/1290 1323/1323 1291/1291
f 1249/1249 1328/1328 1258/1258
f 1258/1258 1328/1328 1292/1292
f 921/921 964/964 1296/1296
f 1264/1264 1329/1329 1304/1304
f 1304/1304 1330/1330 1305/1305
f 1311/1311 1331/1331 1271/1271
f 1271/1271 1331/1331 1309/1309
f 1070/1070 1182/1182 1083/1083
f 1279/1279 1332/1332 1322/1322
f 1254/1254 1333/1333 1314/1314
f 1293/1293 1334/1334 1294/1294
f 1055/1055 1335/1335 1182/1182
f 1324/1324 1323/1323 1336/1336
f 1324/1324 1337/1337 1248/1248
f 1248/1248 1337/1337 1249/1249
f 1337/1337 1328/1328 1249/1249
f 1292/1292 1338/1338 1250/1250
f 1334/1334 1339/1339 1294/1294
f 1339/1339 1340/1340 1295/1295
f 1294/1294 1339/1339 1295/1295
f 1233/1233 1341/1341 942/942
f 1329/1329 1330/1330 1304/1304
f 1305/1305 1342/1342 1315/1315
f 1315/1315 1342/1342 1306/1306
f 1307/1307 1343/1343 1308/1308
f 1308/1308 1343/1343 1316/1316
f 1316/1316 1344/1344 1310/1310
f 1310/1310 1344/1344 1311/1311
f 1320/1320 1345/1345 1318/1318
f 1312/1312 1346/1346 1202/1202
f 951/951 1347/1347 875/875
f 875/875 1347/1347 963/963
f 927/927 1348/1348 964/964
f 1326/1326 1349/1349 1327/1327
f 1327/1327 1349/1349 1323/1323
f 1324/1324 1336/1336 1337/1337
f 1328/1328 1338/1338 1292/1292
f 1325/1325 1350/1350 1285/1285
f 1293/1293 1351/1351 1334/1334
f 1342/1342 1352/1352 1306/1306
f 1307/1307 1353/1353 1343/1343
f 1331/1331 1354/1354 1309/1309
f 1277/1277 1355/1355 1278/1278
f 1355/1355 1319/1319 1278/1278
f 1319/1319 1356/1356 1279/1279
f 1279/1279 1356/1356 1332/1332
f 1357/1357 1349/1349 1326/1326
f 1336/1336 1358/1358 1337/1337
f 1333/1333 1359/1359 1314/1314
f 1314/1314 1359/1359 1360/1360
f 1314/1314 1360/1360 1288/1288
f 1288/1288 1360/1360 1326/1326
f 1250/1250 1351/1351 1293/1293
f 1330/1330 1361/1361 1305/1305
f 1320/1320 1362/1362 1345/1345
f 1336/1336 1363/1363 1358/1358
f 1358/1358 1328/1328 1337/1337
f 1328/1328 1364/1364 1338/1338
f 1365/1365 1366/1366 1367/1367
f 1333/1333 1368/1368 1359/1359
f 1250/1250 1338/1338 1351/1351
f 1341/1341 1335/1335 942/942
f 942/942 1335/1335 1055/1055
f 1343/1343 1369/1369 1316/1316
f 1316/1316 1369/1369 1344/1344
f 1182/1182 1370/1370 1083/1083
f 1083/1083 1371/1371 1072/1072
f 1318/1318 1345/1345 1277/1277
f 1312/1312 1372/1372 1346/1346
f 1246/1246 1373/1373 1313/1313
f 1360/1360 1357/1357 1326/1326
f 1368/1368 1360/1360 1359/1359
f 964/964 1348/1348 1296/1296
f 1296/1296 1232/1232 1082/1082
f 1329/1329 1374/1374 1330/1330
f 1305/1305 1361/1361 1342/1342
f 1182/1182 1375/1375 1370/1370
f 1355/1355 1376/1376 1319/1319
f 1332/1332 1377/1377 1322/1322
f 963/963 1378/1378 1088/1088
f 1360/1360 1379/1379 1357/1357
f 1357/1357 1380/1380 1349/1349
f 1349/1349 1381/1381 1323/1323
f 1323/1323 1381/1381 1336/1336
f 1338/1338 1382/1382 1383/1383
f 1368/1368 1384/1384 1360/1360
f 1374/1374 1361/1361 1330/1330
f 1376/1376 1356/1356 1319/1319
f 1088/1088 1385/1385 1246/1246
f 1246/1246 1385/1385 1373/1373
f 1349/1349 1380/1380 1386/1386
f 1358/1358 1387/1387 1328/1328
f 1387/1387 1388/1388 1328/1328
f 1328/1328 1388/1388 1364/1364
f 1338/1338 1364/1364 1382/1382
f 1338/1338 1383/1383 1351/1351
f 1365/1365 1389/1389 1366/1366
f 1368/1368 1390/1390 1391/1391
f 1368/1368 1391/1391 1384/1384
f 1296/1296 1348/1348 1392/1392
f 1329/1329 1393/1393 1374/1374
f 1344/1344 1394/1394 1311/1311
f 1394/1394 1395/1395 1331/1331
f 1311/1311 1394/1394 1331/1331
f 1331/1331 1395/1395 1354/1354
f 1370/1370 1371/1371 1083/1083
f 1355/1355 1396/1396 1376/1376
f 1377/1377 1397/1397 1322/1322
f 1378/1378 1385/1385 1088/1088
f 1247/1247 1398/1398 927/927
f 1379/1379 1399/1399 1357/1357
f 1357/1357 1399/1399 1380/1380
f 1349/1349 1386/1386 1381/1381
f 1351/1351 1339/1339 1334/1334
f 1339/1339 1400/1400 1340/1340
f 1296/1296 1392/1392 1232/1232
f 1335/1335 1375/1375 1182/1182
f 1362/1362 1401/1401 1345/1345
f 1345/1345 1402/1402 1277/1277
f 1332/1332 1356/1356 1377/1377
f 1365/1365 1403/1403 1389/1389
f 1233/1233 1404/1404 1341/1341
f 1369/1369 1405/1405 1344/1344
f 1344/1344 1405/1405 1394/1394
f 1371/1371 1406/1406 1072/1072
f 1376/1376 1407/1407 1356/1356
f 1401/1401 1402/1402 1345/1345
f 1347/1347 1378/1378 963/963
f 1336/1336 1408/1408 1363/1363
f 1387/1387 1409/1409 1388/1388
f 1388/1388 1382/1382 1364/1364
f 1232/1232 1404/1404 1233/1233
f 1402/1402 1410/1410 1277/1277
f 1377/1377 1411/1411 1397/1397
f 1372/1372 1412/1412 1346/1346
f 927/927 1398/1398 1348/1348
f 1386/1386 1413/1413 1381/1381
f 1408/1408 1414/1414 1358/1358
f 1363/1363 1408/1408 1358/1358
f 1358/1358 1414/1414 1387/1387
f 1383/1383 1415/1415 1351/1351
f 1361/1361 1416/1416 1342/1342
f 1343/1343 1417/1417 1369/1369
f 1369/1369 1417/1417 1405/1405
f 1277/1277 1410/1410 1396/1396
f 1277/1277 1396/1396 1355/1355
f 1376/1376 1396/1396 1407/1407
f 1356/1356 1411/1411 1377/1377
f 1409/1409 1418/1418 1388/1388
f 1388/1388 1418/1418 1382/1382
f 1403/1403 1419/1419 1420/1420
f 1403/1403 1420/1420 1389/1389
f 1339/1339 1421/1421 1400/1400
f 1374/1374 1422/1422 1361/1361
f 1423/1423 1375/1375 1335/1335
f 1342/1342 1416/1416 1352/1352
f 1356/1356 1407/1407 1411/1411
f 1424/1424 1425/1425 1426/1426
f 1398/1398 1427/1427 1348/1348
f 1428/1428 1429/1429 1379/1379
f 1413/1413 1430/1430 1381/1381
f 1381/1381 1430/1430 1336/1336
f 1387/1387 1414/1414 1409/1409
f 1418/1418 1383/1383 1382/1382
f 1351/1351 1415/1415 1339/1339
f 1339/1339 1415/1415 1421/1421
f 1392/1392 1431/1431 1232/1232
f 1232/1232 1432/1432 1404/1404
f 1341/1341 1423/1423 1335/1335
f 1353/1353 1433/1433 1343/1343
f 1343/1343 1433/1433 1417/1417
f 1402/1402 1434/1434 1410/1410
f 1372/1372 1435/1435 1412/1412
f 1247/1247 1436/1436 1398/1398
f 1379/1379 1437/1437 1399/1399
f 1422/1422 1416/1416 1361/1361
f 1396/1396 1438/1438 1407/1407
f 1401/1401 1439/1439 1402/1402
f 1402/1402 1439/1439 1434/1434
f 1407/1407 1440/1440 1411/1411
f 1406/1406 1441/1441 1072/1072
f 1072/1072 1441/1441 950/950
f 1429/1429 1442/1442 1379/1379
f 1379/1379 1442/1442 1437/1437
f 1380/1380 1443/1443 1386/1386
f 1443/1443 1444/1444 1445/1445
f 1443/1443 1445/1445 1386/1386
f 1386/1386 1445/1445 1413/1413
f 1413/1413 1445/1445 1430/1430
f 1336/1336 1430/1430 1408/1408
f 1383/1383 1446/1446 1415/1415
f 1232/1232 1431/1431 1432/1432
f 1417/1417 1447/1447 1405/1405
f 1405/1405 1447/1447 1394/1394
f 1401/1401 1448/1448 1439/1439
f 1438/1438 1449/1449 1407/1407
f 1407/1407 1449/1449 1440/1440
f 951/951 1450/1450 1347/1347
f 1347/1347 1450/1450 1378/1378
f 1378/1378 1451/1451 1385/1385
f 1385/1385 1452/1452 1373/1373
f 1399/1399 1443/1443 1380/1380
f 1409/1409 1453/1453 1418/1418
f 1348/1348 1454/1454 1392/1392
f 1341/1341 1404/1404 1423/1423
f 1430/1430 1455/1455 1408/1408
f 1408/1408 1455/1455 1414/1414
f 1421/1421 1456/1456 1400/1400
f 1392/1392 1454/1454 1431/1431
f 1393/1393 1457/1457 1374/1374
f 1422/1422 1458/1458 1416/1416
f 1396/1396 1410/1410 1459/1459
f 1396/1396 1459/1459 1460/1460
f 1396/1396 1460/1460 1438/1438
f 1440/1440 1461/1461 1411/1411
f 1411/1411 1461/1461 1462/1462
f 1411/1411 1462/1462 1397/1397
f 1451/1451 1452/1452 1385/1385
f 1247/1247 1463/1463 1436/1436
f 1437/1437 1442/1442 1399/1399
f 1430/1430 1464/1464 1455/1455
f 1414/1414 1465/1465 1409/1409
f 1453/1453 1466/1466 1418/1418
f 1418/1418 1466/1466 1383/1383
f 1419/1419 1467/1467 1420/1420
f 1468/1468 1456/1456 1421/1421
f 1415/1415 1468/1468 1421/1421
f 1348/1348 1427/1427 1454/1454
f 1441/1441 1469/1469 950/950
f 951/951 1470/1470 1450/1450
f 1409/1409 1465/1465 1453/1453
f 1419/1419 1471/1471 1467/1467
f 1456/1456 1472/1472 1400/1400
f 1457/1457 1473/1473 1374/1374
f 1374/1374 1473/1473 1422/1422
f 1395/1395 1474/1474 1354/1354
f 1375/1375 1475/1475 1370/1370
f 1370/1370 1475/1475 1371/1371
f 1435/1435 1476/1476 1412/1412
f 1477/1477 1478/1478 1425/1425
f 1445/1445 1479/1479 1430/1430
f 1466/1466 1446/1446 1383/1383
f 1431/1431 1480/1480 1432/1432
f 1404/1404 1432/1432 1481/1481
f 1458/1458 1482/1482 1352/1352
f 1416/1416 1458/1458 1352/1352
f 1353/1353 1483/1483 1433/1433
f 1375/1375 1423/1423 1484/1484
f 1484/1484 1475/1475 1375/1375
f 1462/1462 1485/1485 1397/1397
f 1436/1436 1427/1427 1398/1398
f 1443/1443 1486/1486 1444/1444
f 1455/1455 1465/1465 1414/1414
f 1404/1404 1481/1481 1423/1423
f 1475/1475 1487/1487 1371/1371
f 1371/1371 1487/1487 1406/1406
f 1488/1488 1489/1489 1444/1444
f 1444/1444 1489/1489 1445/1445
f 1445/1445 1489/1489 1479/1479
f 1479/1479 1490/1490 1430/1430
f 1430/1430 1490/1490 1464/1464
f 1434/1434 1491/1491 1410/1410
f 1438/1438 1460/1460 1449/1449
f 1399/1399 1486/1486 1443/1443
f 1455/1455 1492/1492 1465/1465
f 1465/1465 1493/1493 1453/1453
f 1422/1422 1494/1494 1458/1458
f 1435/1435 1495/1495 1476/1476
f 1451/1451 1496/1496 1452/1452
f 1473/1473 1494/1494 1422/1422
f 1494/1494 1497/1497 1458/1458
f 1458/1458 1497/1497 1482/1482
f 1433/1433 1498/1498 1417/1417
f 1417/1417 1498/1498 1447/1447
f 1491/1491 1459/1459 1410/1410
f 1459/1459 1499/1499 1460/1460
f 1449/1449 1500/1500 1440/1440
f 1487/1487 1441/1441 1406/1406
f 1496/1496 1501/1501 1452/1452
f 1442/1442 1502/1502 1399/1399
f 1399/1399 1502/1502 1486/1486
f 1486/1486 1488/1488 1444/1444
f 1466/1466 1503/1503 1446/1446
f 1446/1446 1468/1468 1415/1415
f 1436/1436 1454/1454 1427/1427
f 1454/1454 1504/1504 1431/1431
f 1481/1481 1505/1505 1423/1423
f 1457/1457 1506/1506 1473/1473
f 1423/1423 1505/1505 1484/1484
f 1448/1448 1507/1507 1439/1439
f 1449/1449 1460/1460 1500/1500
f 1450/1450 1508/1508 1378/1378
f 1378/1378 1508/1508 1451/1451
f 1464/1464 1490/1490 1455/1455
f 1447/1447 1509/1509 1394/1394
f 1394/1394 1509/1509 1395/1395
f 1507/1507 1491/1491 1439/1439
f 1439/1439 1491/1491 1434/1434
f 1429/1429 1510/1510 1442/1442
f 1511/1511 1512/1512 1442/1442
f 1442/1442 1512/1512 1502/1502
f 1492/1492 1493/1493 1465/1465
f 1480/1480 1513/1513 1432/1432
f 1432/1432 1513/1513 1481/1481
f 1457/1457 1514/1514 1506/1506
f 1483/1483 1515/1515 1433/1433
f 1433/1433 1515/1515 1498/1498
f 1448/1448 1516/1516 1507/1507
f 1517/1517 1518/1518 1519/1519
f 1490/1490 1520/1520 1455/1455
f 1455/1455 1520/1520 1492/1492
f 1453/1453 1521/1521 1466/1466
f 1503/1503 1522/1522 1446/1446
f 1446/1446 1523/1523 1468/1468
f 1471/1471 1524/1524 1467/1467
f 1504/1504 1480/1480 1431/1431
f 1395/1395 1509/1509 1474/1474
f 1475/1475 1525/1525 1487/1487
f 1491/1491 1526/1526 1459/1459
f 1440/1440 1500/1500 1461/1461
f 1527/1527 1528/1528 1495/1495
f 1528/1528 1529/1529 1476/1476
f 1495/1495 1528/1528 1476/1476
f 1510/1510 1511/1511 1442/1442
f 1486/1486 1530/1530 1488/1488
f 1521/1521 1503/1503 1466/1466
f 1468/1468 1531/1531 1456/1456
f 1456/1456 1531/1531 1472/1472
f 1436/1436 1532/1532 1454/1454
f 1505/1505 1533/1533 1484/1484
f 1498/1498 1534/1534 1447/1447
f 1447/1447 1534/1534 1509/1509
f 1484/1484 1525/1525 1475/1475
f 1535/1535 1536/1536 1537/1537
f 1502/1502 1530/1530 1486/1486
f 1522/1522 1523/1523 1446/1446
f 1524/1524 1538/1538 1467/1467
f 1525/1525 1539/1539 1487/1487
f 1459/1459 1526/1526 1499/1499
f 1500/1500 1540/1540 1461/1461
f 1461/1461 1540/1540 1462/1462
f 1463/1463 1541/1541 1436/1436
f 1488/1488 1542/1542 1489/1489
f 1489/1489 1543/1543 1479/1479
f 1479/1479 1543/1543 1490/1490
f 1520/1520 1544/1544 1492/1492
f 1468/1468 1545/1545 1531/1531
f 1532/1532 1546/1546 1454/1454
f 1454/1454 1546/1546 1504/1504
f 1533/1533 1525/1525 1484/1484
f 1487/1487 1539/1539 1441/1441
f 1540/1540 1547/1547 1485/1485
f 1462/1462 1540/1540 1485/1485
f 1520/1520 1548/1548 1544/1544
f 1492/1492 1544/1544 1493/1493
f 1493/1493 1521/1521 1453/1453
f 1521/1521 1522/1522 1503/1503
f 1481/1481 1549/1549 1505/1505
f 1506/1506 1550/1550 1473/1473
f 1473/1473 1550/1550 1494/1494
f 1494/1494 1551/1551 1497/1497
f 1497/1497 1551/1551 1482/1482
f 1541/1541 1532/1532 1436/1436
f 1512/1512 1530/1530 1502/1502
f 1480/1480 1552/1552 1513/1513
f 1550/1550 1553/1553 1494/1494
f 1551/1551 1554/1554 1482/1482
f 1483/1483 1555/1555 1515/1515
f 1556/1556 1557/1557 1558/1558
f 1556/1556 1558/1558 1559/1559
f 1508/1508 1560/1560 1451/1451
f 1451/1451 1560/1560 1496/1496
f 1463/1463 1561/1561 1541/1541
f 1488/1488 1530/1530 1542/1542
f 1489/1489 1542/1542 1543/1543
f 1490/1490 1548/1548 1520/1520
f 1493/1493 1544/1544 1521/1521
f 1523/1523 1545/1545 1468/1468
f 1531/1531 1562/1562 1472/1472
f 1526/1526 1563/1563 1499/1499
f 1499/1499 1564/1564 1460/1460
f 1460/1460 1564/1564 1500/1500
f 1500/1500 1565/1565 1540/1540
f 1470/1470 1566/1566 1450/1450
f 1450/1450 1566/1566 1508/1508
f 1530/1530 1567/1567 1542/1542
f 1542/1542 1568/1568 1543/1543
f 1543/1543 1568/1568 1490/1490
f 1568/1568 1548/1548 1490/1490
f 1544/1544 1569/1569 1521/1521
f 1521/1521 1569/1569 1522/1522
f 1549/1549 1570/1570 1505/1505
f 1505/1505 1570/1570 1533/1533
f 1491/1491 1571/1571 1526/1526
f 1527/1527 1572/1572 1528/1528
f 1544/1544 1573/1573 1569/1569
f 1524/1524 1574/1574 1538/1538
f 1504/1504 1575/1575 1480/1480
f 1480/1480 1575/1575 1552/1552
f 1513/1513 1549/1549 1481/1481
f 1509/1509 1576/1576 1474/1474
f 1533/1533 1577/1577 1525/1525
f 1516/1516 1578/1578 1507/1507
f 1507/1507 1571/1571 1491/1491
f 1499/1499 1563/1563 1564/1564
f 1496/1496 1579/1579 1501/1501
f 1510/1510 1580/1580 1581/1581
f 1510/1510 1581/1581 1511/1511
f 1530/1530 1582/1582 1567/1567
f 1542/1542 1567/1567 1568/1568
f 1548/1548 1573/1573 1544/1544
f 1523/1523 1583/1583 1584/1584
f 1523/1523 1584/1584 1545/1545
f 1574/1574 1585/1585 1538/1538
f 1514/1514 1586/1586 1506/1506
f 1506/1506 1586/1586 1550/1550
f 1515/1515 1587/1587 1498/1498
f 1498/1498 1587/1587 1534/1534
f 1578/1578 1571/1571 1507/1507
f 1571/1571 1588/1588 1526/1526
f 1528/1528 1589/1589 1529/1529
f 1560/1560 1590/1590 1496/1496
f 1496/1496 1590/1590 1579/1579
f 1477/1477 1591/1591 1478/1478
f 1511/1511 1581/1581 1512/1512
f 1522/1522 1569/1569 1583/1583
f 1522/1522 1583/1583 1523/1523
f 1545/1545 1584/1584 1531/1531
f 1494/1494 1553/1553 1551/1551
f 1500/1500 1564/1564 1565/1565
f 1508/1508 1592/1592 1560/1560
f 1573/1573 1593/1593 1569/1569
f 1584/1584 1594/1594 1531/1531
f 1504/1504 1595/1595 1575/1575
f 1514/1514 1596/1596 1586/1586
f 1578/1578 1597/1597 1571/1571
f 1540/1540 1598/1598 1547/1547
f 1572/1572 1599/1599 1528/1528
f 1528/1528 1599/1599 1589/1589
f 1600/1600 1601/1601 1602/1602
f 1581/1581 1582/1582 1530/1530
f 1512/1512 1581/1581 1530/1530
f 1567/1567 1582/1582 1603/1603
f 1603/1603 1604/1604 1567/1567
f 1569/1569 1593/1593 1605/1605
f 1569/1569 1605/1605 1583/1583
f 1531/1531 1594/1594 1562/1562
f 1532/1532 1606/1606 1546/1546
f 1546/1546 1607/1607 1504/1504
f 1607/1607 1595/1595 1504/1504
f 1608/1608 1609/1609 1610/1610
f 1608/1608 1610/1610 1597/1597
f 1610/1610 1611/1611 1571/1571
f 1597/1597 1610/1610 1571/1571
f 1571/1571 1611/1611 1588/1588
f 1598/1598 1612/1612 1547/1547
f 1441/1441 1613/1613 1469/1469
f 1541/1541 1606/1606 1532/1532
f 1580/1580 1614/1614 1581/1581
f 1568/1568 1567/1567 1615/1615
f 1573/1573 1616/1616 1617/1617
f 1513/1513 1618/1618 1549/1549
f 1539/1539 1613/1613 1441/1441
f 1566/1566 1592/1592 1508/1508
f 1581/1581 1619/1619 1582/1582
f 1619/1619 1620/1620 1582/1582
f 1582/1582 1620/1620 1603/1603
f 1567/1567 1604/1604 1615/1615
f 1568/1568 1615/1615 1573/1573
f 1568/1568 1573/1573 1548/1548
f 1551/1551 1621/1621 1554/1554
f 1555/1555 1622/1622 1515/1515
f 1534/1534 1623/1623 1509/1509
f 1525/1525 1624/1624 1539/1539
f 1588/1588 1625/1625 1526/1526
f 1625/1625 1563/1563 1526/1526
f 1614/1614 1619/1619 1581/1581
f 1573/1573 1617/1617 1593/1593
f 1626/1626 1627/1627 1605/1605
f 1593/1593 1626/1626 1605/1605
f 1605/1605 1627/1627 1583/1583
f 1549/1549 1618/1618 1570/1570
f 1587/1587 1628/1628 1534/1534
f 1534/1534 1628/1628 1623/1623
f 1509/1509 1623/1623 1576/1576
f 1610/1610 1629/1629 1611/1611
f 1599/1599 1630/1630 1589/1589
f 1631/1631 1632/1632 1633/1633
f 1519/1519 1634/1634 1635/1635
f 1620/1620 1604/1604 1603/1603
f 1604/1604 1636/1636 1615/1615
f 1615/1615 1616/1616 1573/1573
f 1593/1593 1637/1637 1626/1626
f 1574/1574 1638/1638 1639/1639
f 1574/1574 1639/1639 1585/1585
f 1552/1552 1618/1618 1513/1513
f 1596/1596 1640/1640 1586/1586
f 1550/1550 1641/1641 1553/1553
f 1553/1553 1642/1642 1551/1551
f 1551/1551 1642/1642 1621/1621
f 1622/1622 1643/1643 1515/1515
f 1515/1515 1643/1643 1587/1587
f 1577/1577 1624/1624 1525/1525
f 1609/1609 1644/1644 1610/1610
f 1610/1610 1644/1644 1629/1629
f 1613/1613 1645/1645 1469/1469
f 1470/1470 1646/1646 1566/1566
f 1592/1592 1647/1647 1560/1560
f 1561/1561 1648/1648 1541/1541
f 1631/1631 1649/1649 1632/1632
f 1636/1636 1650/1650 1615/1615
f 1583/1583 1651/1651 1584/1584
f 1606/1606 1607/1607 1546/1546
f 1586/1586 1652/1652 1550/1550
f 1570/1570 1653/1653 1533/1533
f 1550/1550 1652/1652 1641/1641
f 1587/1587 1643/1643 1628/1628
f 1533/1533 1654/1654 1577/1577
f 1655/1655 1656/1656 1657/1657
f 1563/1563 1658/1658 1564/1564
f 1565/1565 1598/1598 1540/1540
f 1560/1560 1647/1647 1590/1590
f 1619/1619 1659/1659 1620/1620
f 1617/1617 1660/1660 1593/1593
f 1584/1584 1651/1651 1594/1594
f 1553/1553 1641/1641 1642/1642
f 1611/1611 1629/1629 1588/1588
f 1646/1646 1661/1661 1566/1566
f 1566/1566 1661/1661 1592/1592
f 1614/1614 1659/1659 1619/1619
f 1620/1620 1662/1662 1604/1604
f 1593/1593 1660/1660 1637/1637
f 1575/1575 1663/1663 1552/1552
f 1552/1552 1663/1663 1618/1618
f 1618/1618 1653/1653 1570/1570
f 1653/1653 1654/1654 1533/1533
f 1561/1561 1664/1664 1648/1648
f 1620/1620 1665/1665 1662/1662
f 1615/1615 1650/1650 1616/1616
f 1577/1577 1666/1666 1624/1624
f 1564/1564 1667/1667 1565/1565
f 1572/1572 1668/1668 1599/1599
f 1599/1599 1669/1669 1630/1630
f 1541/1541 1648/1648 1606/1606
f 1604/1604 1662/1662 1636/1636
f 1617/1617 1616/1616 1660/1660
f 1583/1583 1670/1670 1651/1651
f 1622/1622 1671/1671 1643/1643
f 1671/1671 1672/1672 1643/1643
f 1643/1643 1672/1672 1628/1628
f 1609/1609 1673/1673 1644/1644
f 1563/1563 1625/1625 1658/1658
f 1647/1647 1674/1674 1590/1590
f 1648/1648 1675/1675 1606/1606
f 1659/1659 1676/1676 1620/1620
f 1620/1620 1676/1676 1665/1665
f 1660/1660 1677/1677 1637/1637
f 1637/1637 1678/1678 1626/1626
f 1626/1626 1678/1678 1627/1627
f 1678/1678 1679/1679 1627/1627
f 1627/1627 1679/1679 1680/1680
f 1627/1627 1680/1680 1583/1583
f 1583/1583 1680/1680 1670/1670
f 1595/1595 1681/1681 1575/1575
f 1641/1641 1682/1682 1642/1642
f 1623/1623 1683/1683 1576/1576
f 1539/1539 1684/1684 1613/1613
f 1649/1649 1685/1685 1686/1686
f 1649/1649 1686/1686 1632/1632
f 1638/1638 1687/1687 1639/1639
f 1651/1651 1688/1688 1594/1594
f 1594/1594 1688/1688 1562/1562
f 1618/1618 1663/1663 1653/1653
f 1640/1640 1689/1689 1586/1586
f 1642/1642 1682/1682 1621/1621
f 1672/1672 1690/1690 1628/1628
f 1690/1690 1691/1691 1623/1623
f 1628/1628 1690/1690 1623/1623
f 1623/1623 1691/1691 1683/1683
f 1654/1654 1666/1666 1577/1577
f 1673/1673 1692/1692 1644/1644
f 1692/1692 1693/1693 1629/1629
f 1644/1644 1692/1692 1629/1629
f 1564/1564 1658/1658 1667/1667
f 1668/1668 1694/1694 1599/1599
f 1599/1599 1694/1694 1669/1669
f 1614/1614 1695/1695 1659/1659
f 1651/1651 1696/1696 1688/1688
f 1681/1681 1663/1663 1575/1575
f 1682/1682 1697/1697 1621/1621
f 1622/1622 1698/1698 1671/1671
f 1624/1624 1684/1684 1539/1539
f 1661/1661 1699/1699 1592/1592
f 1665/1665 1700/1700 1662/1662
f 1675/1675 1607/1607 1606/1606
f 1689/1689 1701/1701 1586/1586
f 1586/1586 1701/1701 1652/1652
f 1666/1666 1684/1684 1624/1624
f 1658/1658 1702/1702 1667/1667
f 1592/1592 1699/1699 1647/1647
f 1636/1636 1703/1703 1650/1650
f 1660/1660 1704/1704 1677/1677
f 1637/1637 1705/1705 1678/1678
f 1651/1651 1670/1670 1696/1696
f 1667/1667 1706/1706 1565/1565
f 1565/1565 1706/1706 1598/1598
f 1676/1676 1707/1707 1665/1665
f 1662/1662 1708/1708 1636/1636
f 1703/1703 1709/1709 1650/1650
f 1650/1650 1710/1710 1616/1616
f 1616/1616 1710/1710 1660/1660
f 1687/1687 1711/1711 1639/1639
f 1688/1688 1712/1712 1562/1562
f 1607/1607 1681/1681 1595/1595
f 1653/1653 1713/1713 1654/1654
f 1684/1684 1714/1714 1613/1613
f 1613/1613 1714/1714 1645/1645
f 1699/1699 1715/1715 1647/1647
f 1647/1647 1715/1715 1674/1674
f 1685/1685 1716/1716 1686/1686
f 1695/1695 1717/1717 1659/1659
f 1659/1659 1717/1717 1676/1676
f 1636/1636 1708/1708 1703/1703
f 1709/1709 1710/1710 1650/1650
f 1677/1677 1705/1705 1637/1637
f 1680/1680 1679/1679 1670/1670
f 1718/1718 1681/1681 1607/1607
f 1682/1682 1719/1719 1697/1697
f 1683/1683 1720/1720 1576/1576
f 1629/1629 1693/1693 1588/1588
f 1625/1625 1721/1721 1658/1658
f 1658/1658 1721/1721 1702/1702
f 1700/1700 1708/1708 1662/1662
f 1660/1660 1710/1710 1704/1704
f 1663/1663 1722/1722 1653/1653
f 1668/1668 1723/1723 1694/1694
f 1694/1694 1723/1723 1669/1669
f 1716/1716 1724/1724 1686/1686
f 1717/1717 1707/1707 1676/1676
f 1700/1700 1725/1725 1708/1708
f 1607/1607 1675/1675 1718/1718
f 1654/1654 1713/1713 1666/1666
f 1713/1713 1726/1726 1666/1666
f 1723/1723 1727/1727 1669/1669
f 1699/1699 1728/1728 1715/1715
f 1704/1704 1705/1705 1677/1677
f 1705/1705 1729/1729 1678/1678
f 1681/1681 1730/1730 1663/1663
f 1701/1701 1731/1731 1652/1652
f 1652/1652 1731/1731 1732/1732
f 1652/1652 1732/1732 1641/1641
f 1641/1641 1732/1732 1682/1682
f 1732/1732 1719/1719 1682/1682
f 1598/1598 1733/1733 1612/1612
f 1707/1707 1700/1700 1665/1665
f 1734/1734 1703/1703 1708/1708
f 1678/1678 1729/1729 1679/1679
f 1679/1679 1735/1735 1670/1670
f 1687/1687 1736/1736 1711/1711
f 1670/1670 1735/1735 1696/1696
f 1735/1735 1737/1737 1696/1696
f 1666/1666 1738/1738 1684/1684
f 1588/1588 1739/1739 1625/1625
f 1695/1695 1740/1740 1717/1717
f 1736/1736 1741/1741 1711/1711
f 1718/1718 1742/1742 1681/1681
f 1681/1681 1742/1742 1730/1730
f 1730/1730 1743/1743 1663/1663
f 1663/1663 1743/1743 1722/1722
f 1653/1653 1722/1722 1713/1713
f 1693/1693 1744/1744 1588/1588
f 1598/1598 1706/1706 1733/1733
f 1717/1717 1745/1745 1707/1707
f 1707/1707 1746/1746 1700/1700
f 1725/1725 1734/1734 1708/1708
f 1709/1709 1747/1747 1710/1710
f 1696/1696 1737/1737 1688/1688
f 1719/1719 1748/1748 1697/1697
f 1698/1698 1749/1749 1671/1671
f 1726/1726 1738/1738 1666/1666
f 1702/1702 1750/1750 1667/1667
f 1661/1661 1751/1751 1699/1699
f 1699/1699 1751/1751 1728/1728
f 1740/1740 1745/1745 1717/1717
f 1707/1707 1745/1745 1746/1746
f 1709/1709 1752/1752 1747/1747
f 1729/1729 1753/1753 1679/1679
f 1675/1675 1754/1754 1718/1718
f 1755/1755 1713/1713 1722/1722
f 1738/1738 1714/1714 1684/1684
f 1692/1692 1744/1744 1693/1693
f 1667/1667 1750/1750 1706/1706
f 1723/1723 1756/1756 1727/1727
f 1714/1714 1757/1757 1645/1645
f 1646/1646 1758/1758 1661/1661
f 1716/1716 1759/1759 1724/1724
f 1648/1648 1760/1760 1754/1754
f 1648/1648 1754/1754 1675/1675
f 1746/1746 1725/1725 1700/1700
f 1703/1703 1752/1752 1709/1709
f 1710/1710 1747/1747 1704/1704
f 1753/1753 1735/1735 1679/1679
f 1671/1671 1761/1761 1672/1672
f 1672/1672 1761/1761 1690/1690
f 1691/1691 1762/1762 1683/1683
f 1683/1683 1762/1762 1720/1720
f 1668/1668 1763/1763 1723/1723
f 1764/1764 1765/1765 1766/1766
f 1695/1695 1767/1767 1740/1740
f 1704/1704 1768/1768 1705/1705
f 1705/1705 1753/1753 1729/1729
f 1688/1688 1769/1769 1712/1712
f 1718/1718 1754/1754 1742/1742
f 1743/1743 1755/1755 1722/1722
f 1689/1689 1770/1770 1701/1701
f 1701/1701 1770/1770 1731/1731
f 1732/1732 1771/1771 1719/1719
f 1771/1771 1772/1772 1719/1719
f 1719/1719 1772/1772 1748/1748
f 1690/1690 1762/1762 1691/1691
f 1744/1744 1739/1739 1588/1588
f 1625/1625 1739/1739 1721/1721
f 1721/1721 1773/1773 1702/1702
f 1702/1702 1773/1773 1750/1750
f 1703/1703 1734/1734 1752/1752
f 1747/1747 1768/1768 1704/1704
f 1705/1705 1768/1768 1753/1753
f 1736/1736 1774/1774 1741/1741
f 1755/1755 1743/1743 1775/1775
f 1776/1776 1777/1777 1692/1692
f 1673/1673 1776/1776 1692/1692
f 1692/1692 1777/1777 1744/1744
f 1763/1763 1778/1778 1723/1723
f 1723/1723 1778/1778 1756/1756
f 1746/1746 1779/1779 1734/1734
f 1725/1725 1746/1746 1734/1734
f 1734/1734 1779/1779 1752/1752
f 1768/1768 1780/1780 1753/1753
f 1753/1753 1780/1780 1735/1735
f 1758/1758 1781/1781 1661/1661
f 1661/1661 1781/1781 1751/1751
f 1716/1716 1782/1782 1759/1759
f 1747/1747 1752/1752 1768/1768
f 1749/1749 1783/1783 1671/1671
f 1671/1671 1783/1783 1761/1761
f 1739/1739 1773/1773 1721/1721
f 1773/1773 1784/1784 1750/1750
f 1740/1740 1767/1767 1745/1745
f 1767/1767 1785/1785 1745/1745
f 1745/1745 1785/1785 1746/1746
f 1746/1746 1786/1786 1779/1779
f 1779/1779 1787/1787 1752/1752
f 1780/1780 1788/1788 1735/1735
f 1774/1774 1789/1789 1741/1741
f 1735/1735 1790/1790 1737/1737
f 1713/1713 1755/1755 1726/1726
f 1761/1761 1791/1791 1690/1690
f 1690/1690 1791/1791 1762/1762
f 1752/1752 1792/1792 1768/1768
f 1768/1768 1793/1793 1780/1780
f 1780/1780 1794/1794 1788/1788
f 1737/1737 1795/1795 1688/1688
f 1688/1688 1795/1795 1769/1769
f 1754/1754 1796/1796 1742/1742
f 1742/1742 1797/1797 1730/1730
f 1770/1770 1798/1798 1731/1731
f 1731/1731 1798/1798 1732/1732
f 1744/1744 1799/1799 1739/1739
f 1750/1750 1784/1784 1800/1800
f 1706/1706 1801/1801 1733/1733
f 1664/1664 1760/1760 1648/1648
f 1779/1779 1802/1802 1787/1787
f 1787/1787 1792/1792 1752/1752
f 1792/1792 1793/1793 1768/1768
f 1793/1793 1803/1803 1780/1780
f 1803/1803 1804/1804 1780/1780
f 1804/1804 1794/1794 1780/1780
f 1788/1788 1805/1805 1735/1735
f 1735/1735 1805/1805 1790/1790
f 1737/1737 1790/1790 1795/1795
f 1806/1806 1797/1797 1742/1742
f 1738/1738 1807/1807 1714/1714
f 1739/1739 1808/1808 1773/1773
f 1750/1750 1800/1800 1706/1706
f 1715/1715 1809/1809 1674/1674
f 1782/1782 1810/1810 1811/1811
f 1782/1782 1811/1811 1759/1759
f 1746/1746 1785/1785 1786/1786
f 1786/1786 1802/1802 1779/1779
f 1798/1798 1812/1812 1732/1732
f 1732/1732 1812/1812 1771/1771
f 1762/1762 1813/1813 1720/1720
f 1726/1726 1814/1814 1738/1738
f 1776/1776 1815/1815 1777/1777
f 1760/1760 1816/1816 1754/1754
f 1792/1792 1817/1817 1793/1793
f 1774/1774 1818/1818 1789/1789
f 1730/1730 1819/1819 1743/1743
f 1770/1770 1820/1820 1798/1798
f 1791/1791 1821/1821 1762/1762
f 1755/1755 1822/1822 1726/1726
f 1773/1773 1808/1808 1784/1784
f 1800/1800 1801/1801 1706/1706
f 1823/1823 1824/1824 1825/1825
f 1767/1767 1826/1826 1785/1785
f 1794/1794 1805/1805 1788/1788
f 1795/1795 1827/1827 1769/1769
f 1754/1754 1816/1816 1796/1796
f 1730/1730 1797/1797 1819/1819
f 1821/1821 1828/1828 1762/1762
f 1762/1762 1828/1828 1813/1813
f 1726/1726 1822/1822 1814/1814
f 1778/1778 1829/1829 1756/1756
f 1787/1787 1830/1830 1792/1792
f 1830/1830 1817/1817 1792/1792
f 1743/1743 1819/1819 1775/1775
f 1814/1814 1807/1807 1738/1738
f 1799/1799 1831/1831 1739/1739
f 1832/1832 1833/1833 1778/1778
f 1763/1763 1832/1832 1778/1778
f 1778/1778 1833/1833 1829/1829
f 1715/1715 1834/1834 1809/1809
f 1835/1835 1836/1836 1837/1837
f 1838/1838 1839/1839 1840/1840
f 1785/1785 1826/1826 1841/1841
f 1785/1785 1841/1841 1786/1786
f 1786/1786 1841/1841 1802/1802
f 1841/1841 1842/1842 1802/1802
f 1842/1842 1830/1830 1802/1802
f 1802/1802 1830/1830 1787/1787
f 1818/1818 1843/1843 1789/1789
f 1790/1790 1827/1827 1795/1795
f 1742/1742 1796/1796 1806/1806
f 1775/1775 1844/1844 1755/1755
f 1755/1755 1844/1844 1822/1822
f 1832/1832 1845/1845 1833/1833
f 1804/1804 1846/1846 1794/1794
f 1794/1794 1846/1846 1805/1805
f 1820/1820 1847/1847 1798/1798
f 1777/1777 1848/1848 1744/1744
f 1664/1664 1849/1849 1760/1760
f 1765/1765 1850/1850 1766/1766
f 1830/1830 1851/1851 1817/1817
f 1805/1805 1846/1846 1852/1852
f 1812/1812 1853/1853 1771/1771
f 1771/1771 1853/1853 1772/1772
f 1772/1772 1854/1854 1748/1748
f 1749/1749 1855/1855 1783/1783
f 1831/1831 1856/1856 1808/1808
f 1808/1808 1857/1857 1784/1784
f 1714/1714 1858/1858 1757/1757
f 1841/1841 1859/1859 1842/1842
f 1817/1817 1851/1851 1860/1860
f 1817/1817 1860/1860 1793/1793
f 1805/1805 1852/1852 1790/1790
f 1783/1783 1861/1861 1761/1761
f 1761/1761 1861/1861 1791/1791
f 1815/1815 1862/1862 1863/1863
f 1815/1815 1863/1863 1777/1777
f 1777/1777 1863/1863 1848/1848
f 1808/1808 1856/1856 1857/1857
f 1784/1784 1857/1857 1800/1800
f 1801/1801 1864/1864 1733/1733
f 1810/1810 1865/1865 1811/1811
f 1842/1842 1859/1859 1830/1830
f 1847/1847 1866/1866 1798/1798
f 1798/1798 1866/1866 1812/1812
f 1772/1772 1867/1867 1854/1854
f 1791/1791 1868/1868 1821/1821
f 1821/1821 1868/1868 1828/1828
f 1800/1800 1869/1869 1801/1801
f 1801/1801 1869/1869 1864/1864
f 1834/1834 1870/1870 1809/1809
f 1850/1850 1871/1871 1766/1766
f 1872/1872 1873/1873 1826/1826
f 1873/1873 1874/1874 1841/1841
f 1826/1826 1873/1873 1841/1841
f 1841/1841 1874/1874 1859/1859
f 1859/1859 1875/1875 1830/1830
f 1803/1803 1876/1876 1804/1804
f 1804/1804 1876/1876 1846/1846
f 1797/1797 1877/1877 1819/1819
f 1853/1853 1867/1867 1772/1772
f 1822/1822 1844/1844 1878/1878
f 1822/1822 1878/1878 1814/1814
f 1744/1744 1848/1848 1879/1879
f 1744/1744 1879/1879 1799/1799
f 1799/1799 1879/1879 1831/1831
f 1879/1879 1880/1880 1831/1831
f 1831/1831 1880/1880 1856/1856
f 1781/1781 1881/1881 1751/1751
f 1751/1751 1881/1881 1728/1728
f 1728/1728 1882/1882 1715/1715
f 1715/1715 1882/1882 1834/1834
f 1830/1830 1875/1875 1883/1883
f 1830/1830 1883/1883 1851/1851
f 1793/1793 1884/1884 1803/1803
f 1876/1876 1885/1885 1846/1846
f 1827/1827 1886/1886 1769/1769
f 1797/1797 1806/1806 1877/1877
f 1849/1849 1887/1887 1760/1760
f 1816/1816 1888/1888 1796/1796
f 1860/1860 1884/1884 1793/1793
f 1803/1803 1884/1884 1876/1876
f 1818/1818 1889/1889 1890/1890
f 1818/1818 1890/1890 1843/1843
f 1846/1846 1885/1885 1852/1852
f 1855/1855 1891/1891 1783/1783
f 1783/1783 1891/1891 1861/1861
f 1861/1861 1892/1892 1791/1791
f 1791/1791 1892/1892 1868/1868
f 1807/1807 1893/1893 1714/1714
f 1800/1800 1894/1894 1869/1869
f 1728/1728 1881/1881 1882/1882
f 1865/1865 1895/1895 1811/1811
f 1875/1875 1896/1896 1883/1883
f 1883/1883 1897/1897 1851/1851
f 1796/1796 1898/1898 1806/1806
f 1819/1819 1877/1877 1899/1899
f 1819/1819 1899/1899 1775/1775
f 1899/1899 1844/1844 1775/1775
f 1900/1900 1901/1901 1847/1847
f 1893/1893 1902/1902 1714/1714
f 1857/1857 1894/1894 1800/1800
f 1714/1714 1902/1902 1858/1858
f 1832/1832 1903/1903 1845/1845
f 1882/1882 1904/1904 1834/1834
f 1760/1760 1888/1888 1816/1816
f 1873/1873 1905/1905 1874/1874
f 1874/1874 1906/1906 1859/1859
f 1790/1790 1907/1907 1908/1908
f 1790/1790 1908/1908 1827/1827
f 1866/1866 1853/1853 1812/1812
f 1814/1814 1893/1893 1807/1807
f 1851/1851 1897/1897 1860/1860
f 1860/1860 1909/1909 1884/1884
f 1852/1852 1910/1910 1790/1790
f 1790/1790 1910/1910 1907/1907
f 1899/1899 1911/1911 1844/1844
f 1844/1844 1911/1911 1878/1878
f 1905/1905 1912/1912 1874/1874
f 1859/1859 1906/1906 1875/1875
f 1827/1827 1908/1908 1886/1886
f 1888/1888 1898/1898 1796/1796
f 1898/1898 1913/1913 1806/1806
f 1806/1806 1913/1913 1877/1877
f 1853/1853 1914/1914 1867/1867
f 1867/1867 1914/1914 1854/1854
f 1878/1878 1893/1893 1814/1814
f 1856/1856 1915/1915 1857/1857
f 1848/1848 1916/1916 1879/1879
f 1856/1856 1880/1880 1915/1915
f 1858/1858 1917/1917 1757/1757
f 1758/1758 1918/1918 1781/1781
f 1865/1865 1919/1919 1895/1895
f 1912/1912 1906/1906 1874/1874
f 1897/1897 1920/1920 1860/1860
f 1852/1852 1885/1885 1910/1910
f 1901/1901 1921/1921 1847/1847
f 1853/1853 1922/1922 1914/1914
f 1891/1891 1923/1923 1861/1861
f 1861/1861 1923/1923 1892/1892
f 1862/1862 1924/1924 1863/1863
f 1915/1915 1894/1894 1857/1857
f 1903/1903 1925/1925 1845/1845
f 1875/1875 1906/1906 1896/1896
f 1910/1910 1926/1926 1907/1907
f 1866/1866 1922/1922 1853/1853
f 1914/1914 1927/1927 1854/1854
f 1855/1855 1928/1928 1891/1891
f 1879/1879 1929/1929 1880/1880
f 1869/1869 1930/1930 1864/1864
f 1834/1834 1904/1904 1870/1870
f 1850/1850 1931/1931 1871/1871
f 1920/1920 1909/1909 1860/1860
f 1868/1868 1932/1932 1828/1828
f 1828/1828 1932/1932 1813/1813
f 1924/1924 1933/1933 1863/1863
f 1863/1863 1933/1933 1848/1848
f 1934/1934 1935/1935 1873/1873
f 1873/1873 1935/1935 1905/1905
f 1889/1889 1936/1936 1890/1890
f 1885/1885 1926/1926 1910/1910
f 1907/1907 1937/1937 1908/1908
f 1877/1877 1913/1913 1938/1938
f 1847/1847 1939/1939 1866/1866
f 1866/1866 1939/1939 1922/1922
f 1940/1940 1878/1878 1911/1911
f 1892/1892 1941/1941 1868/1868
f 1868/1868 1941/1941 1932/1932
f 1894/1894 1942/1942 1869/1869
f 1869/1869 1942/1942 1930/1930
f 1903/1903 1943/1943 1925/1925
f 1904/1904 1944/1944 1870/1870
f 1945/1945 1896/1896 1906/1906
f 1936/1936 1946/1946 1890/1890
f 1907/1907 1947/1947 1937/1937
f 1899/1899 1940/1940 1911/1911
f 1921/1921 1948/1948 1847/1847
f 1847/1847 1948/1948 1939/1939
f 1922/1922 1949/1949 1914/1914
f 1914/1914 1949/1949 1927/1927
f 1933/1933 1916/1916 1848/1848
f 1781/1781 1950/1950 1881/1881
f 1881/1881 1950/1950 1882/1882
f 1760/1760 1887/1887 1951/1951
f 1760/1760 1951/1951 1888/1888
f 1897/1897 1883/1883 1920/1920
f 1909/1909 1952/1952 1884/1884
f 1876/1876 1953/1953 1885/1885
f 1898/1898 1954/1954 1913/1913
f 1877/1877 1938/1938 1899/1899
f 1880/1880 1955/1955 1915/1915
f 1956/1956 1957/1957 1958/1958
f 1883/1883 1959/1959 1920/1920
f 1876/1876 1884/1884 1953/1953
f 1885/1885 1953/1953 1926/1926
f 1908/1908 1960/1960 1886/1886
f 1888/1888 1961/1961 1898/1898
f 1921/1921 1962/1962 1948/1948
f 1891/1891 1963/1963 1923/1923
f 1923/1923 1963/1963 1892/1892
f 1878/1878 1940/1940 1964/1964
f 1878/1878 1964/1964 1893/1893
f 1916/1916 1929/1929 1879/1879
f 1929/1929 1955/1955 1880/1880
f 1894/1894 1915/1915 1942/1942
f 1919/1919 1965/1965 1895/1895
f 1951/1951 1961/1961 1888/1888
f 1920/1920 1966/1966 1909/1909
f 1909/1909 1966/1966 1952/1952
f 1926/1926 1947/1947 1907/1907
f 1928/1928 1967/1967 1891/1891
f 1891/1891 1967/1967 1963/1963
f 1963/1963 1968/1968 1892/1892
f 1892/1892 1968/1968 1941/1941
f 1849/1849 1969/1969 1887/1887
f 1919/1919 1970/1970 1965/1965
f 1935/1935 1971/1971 1905/1905
f 1905/1905 1971/1971 1912/1912
f 1912/1912 1971/1971 1972/1972
f 1945/1945 1959/1959 1896/1896
f 1896/1896 1959/1959 1883/1883
f 1973/1973 1974/1974 1935/1935
f 1934/1934 1973/1973 1935/1935
f 1949/1949 1975/1975 1927/1927
f 1928/1928 1976/1976 1967/1967
f 1932/1932 1977/1977 1813/1813
f 1924/1924 1978/1978 1933/1933
f 1933/1933 1978/1978 1916/1916
f 1930/1930 1979/1979 1864/1864
f 1943/1943 1980/1980 1925/1925
f 1931/1931 1981/1981 1871/1871
f 1935/1935 1982/1982 1971/1971
f 1912/1912 1972/1972 1906/1906
f 1906/1906 1972/1972 1945/1945
f 1936/1936 1983/1983 1946/1946
f 1973/1973 1984/1984 1974/1974
f 1920/1920 1959/1959 1966/1966
f 1952/1952 1985/1985 1953/1953
f 1884/1884 1952/1952 1953/1953
f 1937/1937 1986/1986 1908/1908
f 1908/1908 1986/1986 1960/1960
f 1898/1898 1961/1961 1954/1954
f 1938/1938 1987/1987 1899/1899
f 1940/1940 1988/1988 1964/1964
f 1882/1882 1950/1950 1989/1989
f 1882/1882 1989/1989 1904/1904
f 1990/1990 1991/1991 1992/1992
f 1984/1984 1982/1982 1974/1974
f 1899/1899 1987/1987 1940/1940
f 1939/1939 1993/1993 1922/1922
f 1922/1922 1994/1994 1949/1949
f 1949/1949 1994/1994 1975/1975
f 1964/1964 1995/1995 1893/1893
f 1924/1924 1996/1996 1978/1978
f 1902/1902 1997/1997 1858/1858
f 1858/1858 1997/1997 1917/1917
f 1918/1918 1998/1998 1781/1781
f 1781/1781 1998/1998 1950/1950
f 1936/1936 1999/1999 1983/1983
f 1984/1984 2000/2000 1982/1982
f 1982/1982 2000/2000 1971/1971
f 1959/1959 1945/1945 2001/2001
f 1959/1959 2001/2001 1966/1966
f 1966/1966 2001/2001 1952/1952
f 1953/1953 1985/1985 1926/1926
f 1926/1926 2002/2002 1947/1947
f 1954/1954 2003/2003 1913/1913
f 1993/1993 1994/1994 1922/1922
f 1893/1893 1995/1995 1902/1902
f 1916/1916 1978/1978 1929/1929
f 1955/1955 2004/2004 1915/1915
f 1915/1915 2005/2005 1942/1942
f 1904/1904 1989/1989 1944/1944
f 1985/1985 2002/2002 1926/1926
f 1986/1986 2006/2006 1960/1960
f 1913/1913 2003/2003 1938/1938
f 1948/1948 1993/1993 1939/1939
f 1942/1942 2007/2007 1930/1930
f 1980/1980 2008/2008 1925/1925
f 2001/2001 1945/1945 2009/2009
f 2009/2009 2010/2010 2001/2001
f 2001/2001 2010/2010 1952/1952
f 1952/1952 2010/2010 1985/1985
f 1985/1985 2011/2011 2002/2002
f 1962/1962 2012/2012 1948/1948
f 1940/1940 2013/2013 1988/1988
f 1941/1941 2014/2014 1932/1932
f 1932/1932 2014/2014 1977/1977
f 1929/1929 2015/2015 1955/1955
f 1915/1915 2004/2004 2005/2005
f 1950/1950 2016/2016 1989/1989
f 2017/2017 1961/1961 1951/1951
f 1999/1999 2018/2018 1983/1983
f 1984/1984 2019/2019 2000/2000
f 2000/2000 2020/2020 1971/1971
f 1972/1972 2021/2021 1945/1945
f 2002/2002 2022/2022 1947/1947
f 1937/1937 2023/2023 1986/1986
f 1986/1986 2023/2023 2006/2006
f 1987/1987 2013/2013 1940/1940
f 1963/1963 1967/1967 1968/1968
f 1955/1955 2015/2015 2004/2004
f 1930/1930 2007/2007 1979/1979
f 2024/2024 2025/2025 2026/2026
f 2019/2019 2027/2027 2000/2000
f 2000/2000 2027/2027 2020/2020
f 1971/1971 2020/2020 2028/2028
f 1971/1971 2028/2028 1972/1972
f 1945/1945 2021/2021 2009/2009
f 2010/2010 2029/2029 1985/1985
f 1985/1985 2029/2029 2011/2011
f 2002/2002 2011/2011 2030/2030
f 1947/1947 2022/2022 1937/1937
f 1961/1961 2031/2031 1954/1954
f 2032/2032 2003/2003 1954/1954
f 1938/1938 2003/2003 1987/1987
f 1948/1948 2012/2012 1993/1993
f 1988/1988 2033/2033 1964/1964
f 1964/1964 2033/2033 1995/1995
f 1929/1929 2034/2034 2015/2015
f 1887/1887 2017/2017 1951/1951
f 1972/1972 2028/2028 2021/2021
f 2009/2009 2035/2035 2010/2010
f 2010/2010 2035/2035 2029/2029
f 2022/2022 2036/2036 1937/1937
f 1937/1937 2036/2036 2023/2023
f 2012/2012 2037/2037 1993/1993
f 1994/1994 2038/2038 1975/1975
f 1976/1976 2039/2039 1967/1967
f 1968/1968 2014/2014 1941/1941
f 1942/1942 2005/2005 2007/2007
f 1997/1997 2040/2040 1917/1917
f 1918/1918 2041/2041 1998/1998
f 1970/1970 2042/2042 1965/1965
f 2002/2002 2030/2030 2022/2022
f 2031/2031 2032/2032 1954/1954
f 2037/2037 2043/2043 1993/1993
f 1993/1993 2043/2043 1994/1994
f 1967/1967 2044/2044 1968/1968
f 1968/1968 2044/2044 2014/2014
f 1995/1995 2045/2045 1902/1902
f 1996/1996 2046/2046 1978/1978
f 1978/1978 2046/2046 1929/1929
f 1902/1902 2045/2045 1997/1997
f 1944/1944 1989/1989 2047/2047
f 2042/2042 2048/2048 1965/1965
f 2028/2028 2049/2049 2021/2021
f 2035/2035 2050/2050 2029/2029
f 2029/2029 2051/2051 2011/2011
f 2011/2011 2051/2051 2030/2030
f 2030/2030 2052/2052 2022/2022
f 2053/2053 2054/2054 2055/2055
f 2043/2043 2056/2056 1994/1994
f 1994/1994 2056/2056 2038/2038
f 1980/1980 2057/2057 2008/2008
f 2035/2035 2058/2058 2050/2050
f 2039/2039 2059/2059 1967/1967
f 1967/1967 2059/2059 2044/2044
f 2014/2014 2060/2060 1977/1977
f 1999/1999 2061/2061 2062/2062
f 1999/1999 2062/2062 2018/2018
f 2019/2019 2063/2063 2027/2027
f 2027/2027 2064/2064 2020/2020
f 2020/2020 2065/2065 2028/2028
f 2028/2028 2065/2065 2049/2049
f 2022/2022 2066/2066 2036/2036
f 1987/1987 2003/2003 2067/2067
f 2037/2037 2068/2068 2043/2043
f 2044/2044 2069/2069 2014/2014
f 2014/2014 2069/2069 2060/2060
f 1996/1996 2070/2070 2046/2046
f 2046/2046 2070/2070 1929/1929
f 1929/1929 2070/2070 2034/2034
f 1969/1969 2071/2071 1887/1887
f 2017/2017 2031/2031 1961/1961
f 2063/2063 2072/2072 2027/2027
f 2027/2027 2072/2072 2064/2064
f 2020/2020 2064/2064 2065/2065
f 2050/2050 2051/2051 2029/2029
f 2030/2030 2051/2051 2052/2052
f 2036/2036 2066/2066 2023/2023
f 1987/1987 2067/2067 2013/2013
f 2073/2073 2068/2068 2037/2037
f 2012/2012 2073/2073 2037/2037
f 2068/2068 2074/2074 2043/2043
f 2043/2043 2074/2074 2056/2056
f 2056/2056 2075/2075 2038/2038
f 2039/2039 2076/2076 2059/2059
f 2060/2060 2077/2077 1977/1977
f 2015/2015 2005/2005 2004/2004
f 2005/2005 2078/2078 2007/2007
f 2007/2007 2078/2078 1979/1979
f 2045/2045 2079/2079 1997/1997
f 1980/1980 2080/2080 2057/2057
f 1997/1997 2079/2079 2040/2040
f 1998/1998 2081/2081 1950/1950
f 1989/1989 2016/2016 2047/2047
f 2042/2042 2082/2082 2048/2048
f 2083/2083 2084/2084 2085/2085
f 2021/2021 2049/2049 2009/2009
f 2009/2009 2049/2049 2058/2058
f 2009/2009 2058/2058 2035/2035
f 2022/2022 2052/2052 2066/2066
f 2066/2066 2086/2086 2023/2023
f 2086/2086 2087/2087 2006/2006
f 2023/2023 2086/2086 2006/2006
f 2032/2032 2067/2067 2003/2003
f 2013/2013 2067/2067 2088/2088
f 2073/2073 2089/2089 2068/2068
f 2056/2056 2074/2074 2075/2075
f 2041/2041 2081/2081 1998/1998
f 1950/1950 2081/2081 2016/2016
f 2090/2090 2091/2091 2092/2092
f 2061/2061 2093/2093 2062/2062
f 2063/2063 2092/2092 2072/2072
f 2065/2065 2064/2064 2094/2094
f 2094/2094 2095/2095 2065/2065
f 2065/2065 2095/2095 2049/2049
f 2049/2049 2095/2095 2096/2096
f 2049/2049 2096/2096 2058/2058
f 2096/2096 2097/2097 2058/2058
f 2050/2050 2058/2058 2098/2098
f 2050/2050 2098/2098 2099/2099
f 2050/2050 2099/2099 2051/2051
f 2099/2099 2100/2100 2051/2051
f 2051/2051 2100/2100 2052/2052
f 2101/2101 2102/2102 2103/2103
f 2104/2104 2105/2105 2102/2102
f 2106/2106 2107/2107 2108/2108
f 2109/2109 2110/2110 2111/2111
f 2089/2089 2112/2112 2068/2068
f 2068/2068 2112/2112 2074/2074
f 2076/2076 2113/2113 2059/2059
f 2059/2059 2113/2113 2044/2044
f 2044/2044 2114/2114 2069/2069
f 2060/2060 2115/2115 2077/2077
f 2069/2069 2114/2114 2060/2060
f 2013/2013 2116/2116 1988/1988
f 1988/1988 2116/2116 2033/2033
f 1996/1996 2117/2117 2070/2070
f 2070/2070 2118/2118 2034/2034
f 2034/2034 2119/2119 2015/2015
f 2119/2119 2120/2120 2015/2015
f 2015/2015 2120/2120 2005/2005
f 2005/2005 2121/2121 2078/2078
f 2080/2080 2122/2122 2057/2057
f 2092/2092 2123/2123 2072/2072
f 2123/2123 2124/2124 2072/2072
f 2072/2072 2124/2124 2064/2064
f 2064/2064 2124/2124 2094/2094
f 2058/2058 2097/2097 2098/2098
f 2100/2100 2125/2125 2052/2052
f 2052/2052 2125/2125 2066/2066
f 2066/2066 2125/2125 2126/2126
f 2066/2066 2126/2126 2086/2086
f 2086/2086 2126/2126 2087/2087
f 2127/2127 2067/2067 2032/2032
f 2107/2107 2128/2128 2108/2108
f 2112/2112 2129/2129 2074/2074
f 2129/2129 2130/2130 2074/2074
f 2074/2074 2130/2130 2075/2075
f 2076/2076 2131/2131 2113/2113
f 2113/2113 2132/2132 2044/2044
f 2044/2044 2132/2132 2114/2114
f 2114/2114 2133/2133 2060/2060
f 2060/2060 2133/2133 2115/2115
f 2079/2079 2134/2134 2040/2040
f 2041/2041 2135/2135 2081/2081
f 2071/2071 2017/2017 1887/1887
f 2017/2017 2136/2136 2031/2031
f 2137/2137 2138/2138 2139/2139
f 2091/2091 2140/2140 2092/2092
f 2092/2092 2140/2140 2141/2141
f 2092/2092 2141/2141 2123/2123
f 2123/2123 2141/2141 2124/2124
f 2141/2141 2142/2142 2124/2124
f 2124/2124 2142/2142 2094/2094
f 2094/2094 2142/2142 2143/2143
f 2094/2094 2143/2143 2095/2095
f 2143/2143 2144/2144 2095/2095
f 2095/2095 2144/2144 2096/2096
f 2096/2096 2144/2144 2145/2145
f 2096/2096 2145/2145 2097/2097
f 2097/2097 2145/2145 2098/2098
f 2098/2098 2145/2145 2099/2099
f 2099/2099 2145/2145 2146/2146
f 2099/2099 2146/2146 2100/2100
f 2100/2100 2146/2146 2147/2147
f 2100/2100 2147/2147 2125/2125
f 2147/2147 2148/2148 2126/2126
f 2125/2125 2147/2147 2126/2126
f 2136/2136 2032/2032 2031/2031
f 2104/2104 2149/2149 2150/2150
f 2104/2104 2151/2151 2149/2149
f 2152/2152 2153/2153 2154/2154
f 2112/2112 2155/2155 2129/2129
f 2129/2129 2155/2155 2156/2156
f 2129/2129 2156/2156 2130/2130
f 2131/2131 2157/2157 2158/2158
f 2131/2131 2158/2158 2113/2113
f 2113/2113 2158/2158 2132/2132
f 2133/2133 2159/2159 2115/2115
f 2013/2013 2088/2088 2116/2116
f 2121/2121 2160/2160 2078/2078
f 2118/2118 2161/2161 2034/2034
f 2034/2034 2161/2161 2119/2119
f 2120/2120 2121/2121 2005/2005
f 2016/2016 2162/2162 2047/2047
f 1969/1969 2163/2163 2071/2071
f 2164/2164 2165/2165 2166/2166
f 2164/2164 2166/2166 2167/2167
f 2167/2167 2166/2166 2168/2168
f 2168/2168 2166/2166 2169/2169
f 2169/2169 2170/2170 2168/2168
f 2168/2168 2170/2170 2171/2171
f 2171/2171 2170/2170 2172/2172
f 2171/2171 2172/2172 2173/2173
f 2172/2172 2174/2174 2173/2173
f 2175/2175 2176/2176 2165/2165
f 2165/2165 2177/2177 2166/2166
f 2166/2166 2178/2178 2169/2169
f 2170/2170 2169/2169 2172/2172
f 2176/2176 2179/2179 2165/2165
f 2165/2165 2179/2179 2177/2177
f 2166/2166 2177/2177 2178/2178
f 2172/2172 2180/2180 2174/2174
f 2174/2174 2180/2180 2181/2181
f 2182/2182 2183/2183 2176/2176
f 2137/2137 2184/2184 2138/2138
f 2176/2176 2183/2183 2179/2179
f 2179/2179 2178/2178 2177/2177
f 2169/2169 2185/2185 2172/2172
f 2185/2185 2180/2180 2172/2172
f 2186/2186 2187/2187 2188/2188
f 2189/2189 2186/2186 2188/2188
f 2188/2188 2187/2187 2190/2190
f 2188/2188 2190/2190 2191/2191
f 2190/2190 2192/2192 2191/2191
f 2191/2191 2192/2192 2193/2193
f 2193/2193 2192/2192 2194/2194
f 2193/2193 2194/2194 2195/2195
f 2194/2194 2196/2196 2195/2195
f 2195/2195 2196/2196 2197/2197
f 2196/2196 2198/2198 2197/2197
f 2197/2197 2198/2198 2199/2199
f 2199/2199 2198/2198 2200/2200
f 2199/2199 2200/2200 2201/2201
f 2201/2201 2200/2200 2202/2202
f 2202/2202 2203/2203 2182/2182
f 2201/2201 2202/2202 2182/2182
f 2182/2182 2203/2203 2183/2183
f 2179/2179 2183/2183 2178/2178
f 2204/2204 2185/2185 2169/2169
f 2178/2178 2204/2204 2169/2169
f 2180/2180 2205/2205 2206/2206
f 2180/2180 2206/2206 2181/2181
f 2187/2187 2207/2207 2190/2190
f 2190/2190 2207/2207 2208/2208
f 2190/2190 2208/2208 2192/2192
f 2192/2192 2208/2208 2209/2209
f 2192/2192 2209/2209 2194/2194
f 2194/2194 2209/2209 2210/2210
f 2210/2210 2211/2211 2194/2194
f 2194/2194 2211/2211 2196/2196
f 2196/2196 2211/2211 2212/2212
f 2196/2196 2212/2212 2198/2198
f 2198/2198 2212/2212 2213/2213
f 2213/2213 2214/2214 2200/2200
f 2198/2198 2213/2213 2200/2200
f 2200/2200 2214/2214 2215/2215
f 2200/2200 2215/2215 2202/2202
f 2202/2202 2215/2215 2203/2203
f 2203/2203 2204/2204 2183/2183
f 2183/2183 2204/2204 2178/2178
f 2185/2185 2205/2205 2180/2180
f 2189/2189 2216/2216 2186/2186
f 2186/2186 2216/2216 2187/2187
f 2208/2208 2217/2217 2209/2209
f 2189/2189 2218/2218 2216/2216
f 2216/2216 2219/2219 2187/2187
f 2219/2219 2207/2207 2187/2187
f 2208/2208 2207/2207 2220/2220
f 2210/2210 2221/2221 2211/2211
f 2211/2211 2222/2222 2212/2212
f 2214/2214 2223/2223 2215/2215
f 2215/2215 2223/2223 2203/2203
f 2223/2223 2224/2224 2203/2203
f 2224/2224 2204/2204 2203/2203
f 2204/2204 2225/2225 2185/2185
f 2225/2225 2205/2205 2185/2185
f 2205/2205 2226/2226 2206/2206
f 2220/2220 2217/2217 2208/2208
f 2209/2209 2217/2217 2210/2210
f 2210/2210 2217/2217 2227/2227
f 2210/2210 2227/2227 2221/2221
f 2211/2211 2221/2221 2222/2222
f 2214/2214 2213/2213 2228/2228
f 2214/2214 2228/2228 2223/2223
f 2204/2204 2229/2229 2225/2225
f 2225/2225 2230/2230 2205/2205
f 2032/2032 2136/2136 2127/2127
f 2212/2212 2222/2222 2213/2213
f 2204/2204 2224/2224 2229/2229
f 2207/2207 2231/2231 2220/2220
f 2213/2213 2232/2232 2228/2228
f 2225/2225 2233/2233 2230/2230
f 2205/2205 2230/2230 2226/2226
f 2216/2216 2234/2234 2219/2219
f 2217/2217 2235/2235 2236/2236
f 2217/2217 2236/2236 2227/2227
f 2227/2227 2236/2236 2237/2237
f 2227/2227 2237/2237 2221/2221
f 2221/2221 2238/2238 2222/2222
f 2238/2238 2232/2232 2222/2222
f 2222/2222 2232/2232 2213/2213
f 2224/2224 2223/2223 2239/2239
f 2221/2221 2237/2237 2238/2238
f 2232/2232 2240/2240 2228/2228
f 2239/2239 2241/2241 2224/2224
f 2224/2224 2241/2241 2229/2229
f 2225/2225 2229/2229 2233/2233
f 2240/2240 2242/2242 2228/2228
f 2228/2228 2242/2242 2223/2223
f 2223/2223 2243/2243 2239/2239
f 2234/2234 2244/2244 2219/2219
f 2219/2219 2244/2244 2207/2207
f 2207/2207 2244/2244 2231/2231
f 2237/2237 2245/2245 2238/2238
f 2223/2223 2242/2242 2243/2243
f 2234/2234 2246/2246 2244/2244
f 2231/2231 2247/2247 2220/2220
f 2217/2217 2247/2247 2235/2235
f 2229/2229 2248/2248 2233/2233
f 2244/2244 2247/2247 2231/2231
f 2220/2220 2247/2247 2217/2217
f 2235/2235 2249/2249 2236/2236
f 2236/2236 2250/2250 2237/2237
f 2237/2237 2250/2250 2245/2245
f 2245/2245 2232/2232 2238/2238
f 2230/2230 2251/2251 2226/2226
f 2241/2241 2252/2252 2229/2229
f 2252/2252 2248/2248 2229/2229
f 2249/2249 2250/2250 2236/2236
f 2232/2232 2245/2245 2253/2253
f 2233/2233 2254/2254 2230/2230
f 2247/2247 2249/2249 2235/2235
f 2250/2250 2255/2255 2245/2245
f 2240/2240 2256/2256 2242/2242
f 2248/2248 2254/2254 2233/2233
f 2254/2254 2257/2257 2230/2230
f 2230/2230 2257/2257 2251/2251
f 2247/2247 2258/2258 2249/2249
f 2249/2249 2259/2259 2250/2250
f 2232/2232 2253/2253 2240/2240
f 2260/2260 2261/2261 2244/2244
f 2246/2246 2260/2260 2244/2244
f 2244/2244 2261/2261 2247/2247
f 2258/2258 2262/2262 2249/2249
f 2249/2249 2262/2262 2259/2259
f 2250/2250 2259/2259 2255/2255
f 2253/2253 2263/2263 2240/2240
f 2263/2263 2256/2256 2240/2240
f 2242/2242 2256/2256 2243/2243
f 2239/2239 2264/2264 2241/2241
f 2255/2255 2265/2265 2245/2245
f 2245/2245 2266/2266 2253/2253
f 2261/2261 2267/2267 2247/2247
f 2253/2253 2266/2266 2263/2263
f 2252/2252 2254/2254 2248/2248
f 2239/2239 2243/2243 2264/2264
f 2264/2264 2268/2268 2241/2241
f 2241/2241 2268/2268 2252/2252
f 2257/2257 2269/2269 2251/2251
f 2270/2270 2271/2271 2260/2260
f 2260/2260 2271/2271 2261/2261
f 2259/2259 2272/2272 2255/2255
f 2252/2252 2273/2273 2254/2254
f 2247/2247 2267/2267 2258/2258
f 2273/2273 2274/2274 2254/2254
f 2265/2265 2275/2275 2245/2245
f 2256/2256 2276/2276 2243/2243
f 2268/2268 2273/2273 2252/2252
f 2067/2067 2127/2127 2277/2277
f 2245/2245 2275/2275 2266/2266
f 2267/2267 2278/2278 2258/2258
f 2243/2243 2279/2279 2264/2264
f 2270/2270 2280/2280 2271/2271
f 2271/2271 2281/2281 2261/2261
f 2262/2262 2282/2282 2259/2259
f 2259/2259 2282/2282 2272/2272
f 2266/2266 2283/2283 2263/2263
f 2280/2280 2284/2284 2271/2271
f 2271/2271 2284/2284 2281/2281
f 2261/2261 2281/2281 2267/2267
f 2258/2258 2278/2278 2262/2262
f 2272/2272 2285/2285 2255/2255
f 2255/2255 2285/2285 2265/2265
f 2276/2276 2279/2279 2243/2243
f 2262/2262 2278/2278 2282/2282
f 2272/2272 2286/2286 2285/2285
f 2256/2256 2283/2283 2276/2276
f 2264/2264 2279/2279 2268/2268
f 2268/2268 2279/2279 2287/2287
f 2268/2268 2287/2287 2273/2273
f 2254/2254 2288/2288 2257/2257
f 2257/2257 2288/2288 2269/2269
f 2281/2281 2278/2278 2267/2267
f 2272/2272 2282/2282 2286/2286
f 2265/2265 2285/2285 2275/2275
f 2263/2263 2283/2283 2256/2256
f 2278/2278 2289/2289 2282/2282
f 2285/2285 2290/2290 2275/2275
f 2275/2275 2290/2290 2266/2266
f 2291/2291 2286/2286 2282/2282
f 2281/2281 2292/2292 2278/2278
f 2276/2276 2293/2293 2279/2279
f 2293/2293 2287/2287 2279/2279
f 2273/2273 2294/2294 2274/2274
f 2289/2289 2291/2291 2282/2282
f 2286/2286 2295/2295 2285/2285
f 2266/2266 2290/2290 2283/2283
f 2283/2283 2296/2296 2297/2297
f 2283/2283 2297/2297 2276/2276
f 2297/2297 2298/2298 2276/2276
f 2276/2276 2298/2298 2293/2293
f 2285/2285 2295/2295 2290/2290
f 2293/2293 2299/2299 2287/2287
f 2280/2280 2300/2300 2284/2284
f 2284/2284 2300/2300 2301/2301
f 2284/2284 2301/2301 2281/2281
f 2291/2291 2302/2302 2286/2286
f 2287/2287 2294/2294 2273/2273
f 2281/2281 2301/2301 2292/2292
f 2292/2292 2289/2289 2278/2278
f 2286/2286 2302/2302 2295/2295
f 2295/2295 2303/2303 2290/2290
f 2290/2290 2296/2296 2283/2283
f 2296/2296 2304/2304 2297/2297
f 2274/2274 2305/2305 2254/2254
f 2254/2254 2305/2305 2288/2288
f 2280/2280 2306/2306 2300/2300
f 2303/2303 2296/2296 2290/2290
f 2297/2297 2304/2304 2298/2298
f 2299/2299 2294/2294 2287/2287
f 2292/2292 2307/2307 2289/2289
f 2291/2291 2308/2308 2302/2302
f 2295/2295 2309/2309 2303/2303
f 2288/2288 2310/2310 2269/2269
f 2311/2311 2312/2312 2313/2313
f 2289/2289 2307/2307 2291/2291
f 2295/2295 2314/2314 2309/2309
f 2305/2305 2315/2315 2288/2288
f 2288/2288 2315/2315 2310/2310
f 2067/2067 2277/2277 2088/2088
f 2316/2316 2307/2307 2292/2292
f 2307/2307 2308/2308 2291/2291
f 2303/2303 2309/2309 2296/2296
f 2304/2304 2317/2317 2298/2298
f 2298/2298 2317/2317 2318/2318
f 2298/2298 2318/2318 2293/2293
f 2293/2293 2318/2318 2299/2299
f 2299/2299 2319/2319 2294/2294
f 2294/2294 2305/2305 2274/2274
f 2301/2301 2316/2316 2292/2292
f 2314/2314 2320/2320 2309/2309
f 2309/2309 2321/2321 2296/2296
f 2321/2321 2322/2322 2296/2296
f 2296/2296 2322/2322 2304/2304
f 2299/2299 2318/2318 2319/2319
f 2306/2306 2323/2323 2300/2300
f 2314/2314 2324/2324 2320/2320
f 2304/2304 2325/2325 2317/2317
f 2294/2294 2319/2319 2305/2305
f 2307/2307 2326/2326 2308/2308
f 2327/2327 2324/2324 2314/2314
f 2295/2295 2327/2327 2314/2314
f 2320/2320 2328/2328 2309/2309
f 2322/2322 2325/2325 2304/2304
f 2312/2312 2329/2329 2313/2313
f 2307/2307 2330/2330 2326/2326
f 2302/2302 2327/2327 2295/2295
f 2327/2327 2331/2331 2324/2324
f 2324/2324 2331/2331 2332/2332
f 2324/2324 2332/2332 2333/2333
f 2324/2324 2333/2333 2320/2320
f 2333/2333 2334/2334 2320/2320
f 2328/2328 2321/2321 2309/2309
f 2316/2316 2330/2330 2307/2307
f 2302/2302 2335/2335 2327/2327
f 2336/2336 2337/2337 2332/2332
f 2331/2331 2336/2336 2332/2332
f 2332/2332 2337/2337 2338/2338
f 2332/2332 2338/2338 2333/2333
f 2338/2338 2339/2339 2333/2333
f 2333/2333 2339/2339 2340/2340
f 2333/2333 2340/2340 2334/2334
f 2320/2320 2334/2334 2328/2328
f 2325/2325 2341/2341 2317/2317
f 2317/2317 2342/2342 2318/2318
f 2323/2323 2343/2343 2300/2300
f 2300/2300 2343/2343 2301/2301
f 2326/2326 2344/2344 2308/2308
f 2327/2327 2345/2345 2331/2331
f 2345/2345 2346/2346 2336/2336
f 2331/2331 2345/2345 2336/2336
f 2155/2155 2154/2154 2153/2153
f 2336/2336 2346/2346 2337/2337
f 2347/2347 2348/2348 2349/2349
f 2340/2340 2350/2350 2334/2334
f 2334/2334 2350/2350 2328/2328
f 2318/2318 2342/2342 2319/2319
f 2323/2323 2351/2351 2343/2343
f 2343/2343 2352/2352 2301/2301
f 2301/2301 2352/2352 2316/2316
f 2308/2308 2335/2335 2302/2302
f 2327/2327 2353/2353 2345/2345
f 2345/2345 2353/2353 2346/2346
f 2328/2328 2354/2354 2321/2321
f 2317/2317 2341/2341 2342/2342
f 2305/2305 2355/2355 2315/2315
f 2315/2315 2355/2355 2310/2310
f 2316/2316 2356/2356 2330/2330
f 2344/2344 2335/2335 2308/2308
f 2357/2357 2358/2358 2328/2328
f 2350/2350 2357/2357 2328/2328
f 2328/2328 2358/2358 2354/2354
f 2352/2352 2356/2356 2316/2316
f 2330/2330 2359/2359 2326/2326
f 2335/2335 2360/2360 2327/2327
f 2327/2327 2360/2360 2353/2353
f 2353/2353 2360/2360 2361/2361
f 2353/2353 2361/2361 2346/2346
f 2354/2354 2362/2362 2321/2321
f 2359/2359 2344/2344 2326/2326
f 2335/2335 2363/2363 2360/2360
f 2357/2357 2364/2364 2358/2358
f 2321/2321 2365/2365 2322/2322
f 2322/2322 2365/2365 2325/2325
f 2356/2356 2366/2366 2330/2330
f 2363/2363 2367/2367 2360/2360
f 2360/2360 2367/2367 2361/2361
f 2361/2361 2367/2367 2368/2368
f 2368/2368 2367/2367 2369/2369
f 2367/2367 2370/2370 2371/2371
f 2369/2369 2367/2367 2371/2371
f 2371/2371 2370/2370 2372/2372
f 2372/2372 2370/2370 2364/2364
f 2364/2364 2370/2370 2358/2358
f 2321/2321 2362/2362 2365/2365
f 2305/2305 2373/2373 2355/2355
f 2355/2355 2374/2374 2310/2310
f 2312/2312 2375/2375 2329/2329
f 2330/2330 2366/2366 2359/2359
f 2367/2367 2376/2376 2370/2370
f 2376/2376 2377/2377 2370/2370
f 2370/2370 2377/2377 2354/2354
f 2370/2370 2354/2354 2358/2358
f 2325/2325 2378/2378 2341/2341
f 2319/2319 2373/2373 2305/2305
f 2344/2344 2379/2379 2335/2335
f 2335/2335 2379/2379 2363/2363
f 2376/2376 2367/2367 2377/2377
f 2362/2362 2380/2380 2365/2365
f 2342/2342 2381/2381 2319/2319
f 2319/2319 2381/2381 2373/2373
f 2351/2351 2382/2382 2343/2343
f 2343/2343 2383/2383 2352/2352
f 2359/2359 2379/2379 2344/2344
f 2375/2375 2384/2384 2329/2329
f 2363/2363 2385/2385 2367/2367
f 2367/2367 2386/2386 2377/2377
f 2386/2386 2380/2380 2377/2377
f 2377/2377 2380/2380 2362/2362
f 2377/2377 2362/2362 2354/2354
f 2365/2365 2378/2378 2325/2325
f 2382/2382 2387/2387 2343/2343
f 2343/2343 2387/2387 2383/2383
f 2363/2363 2379/2379 2385/2385
f 2367/2367 2385/2385 2386/2386
f 2383/2383 2388/2388 2352/2352
f 2352/2352 2388/2388 2356/2356
f 2359/2359 2389/2389 2379/2379
f 2379/2379 2390/2390 2385/2385
f 2378/2378 2391/2391 2341/2341
f 2379/2379 2389/2389 2390/2390
f 2386/2386 2385/2385 2392/2392
f 2386/2386 2392/2392 2380/2380
f 2380/2380 2392/2392 2365/2365
f 2365/2365 2392/2392 2391/2391
f 2365/2365 2391/2391 2378/2378
f 2373/2373 2393/2393 2355/2355
f 2355/2355 2393/2393 2374/2374
f 2388/2388 2394/2394 2356/2356
f 2356/2356 2394/2394 2366/2366
f 2366/2366 2395/2395 2359/2359
f 2359/2359 2395/2395 2389/2389
f 2391/2391 2396/2396 2341/2341
f 2341/2341 2396/2396 2342/2342
f 2342/2342 2396/2396 2381/2381
f 2385/2385 2390/2390 2397/2397
f 2385/2385 2397/2397 2392/2392
f 2392/2392 2398/2398 2391/2391
f 2398/2398 2399/2399 2391/2391
f 2391/2391 2399/2399 2400/2400
f 2391/2391 2400/2400 2396/2396
f 2396/2396 2401/2401 2381/2381
f 2381/2381 2401/2401 2373/2373
f 2393/2393 2402/2402 2374/2374
f 2375/2375 2403/2403 2384/2384
f 2397/2397 2398/2398 2392/2392
f 2373/2373 2404/2404 2393/2393
f 2403/2403 2405/2405 2384/2384
f 2366/2366 2406/2406 2395/2395
f 2401/2401 2404/2404 2373/2373
f 2394/2394 2406/2406 2366/2366
f 2400/2400 2407/2407 2396/2396
f 2116/2116 2045/2045 2033/2033
f 2398/2398 2408/2408 2399/2399
f 2399/2399 2407/2407 2400/2400
f 2407/2407 2409/2409 2396/2396
f 2396/2396 2409/2409 2401/2401
f 2410/2410 2411/2411 2387/2387
f 2382/2382 2410/2410 2387/2387
f 2411/2411 2412/2412 2383/2383
f 2387/2387 2411/2411 2383/2383
f 2395/2395 2413/2413 2389/2389
f 2389/2389 2413/2413 2390/2390
f 2390/2390 2413/2413 2397/2397
f 2397/2397 2413/2413 2408/2408
f 2397/2397 2408/2408 2398/2398
f 2404/2404 2401/2401 2414/2414
f 2404/2404 2414/2414 2393/2393
f 2033/2033 2045/2045 1995/1995
f 2412/2412 2415/2415 2383/2383
f 2383/2383 2415/2415 2388/2388
f 2388/2388 2415/2415 2394/2394
f 2395/2395 2406/2406 2413/2413
f 2413/2413 2416/2416 2408/2408
f 2408/2408 2416/2416 2417/2417
f 2417/2417 2407/2407 2399/2399
f 2408/2408 2417/2417 2399/2399
f 2393/2393 2414/2414 2402/2402
f 2411/2411 2418/2418 2419/2419
f 2411/2411 2419/2419 2412/2412
f 2412/2412 2419/2419 2415/2415
f 2415/2415 2419/2419 2420/2420
f 2415/2415 2420/2420 2394/2394
f 2394/2394 2420/2420 2406/2406
f 2406/2406 2420/2420 2421/2421
f 2406/2406 2421/2421 2413/2413
f 2413/2413 2421/2421 2416/2416
f 2401/2401 2409/2409 2414/2414
f 2120/2120 2422/2422 2121/2121
f 2121/2121 2423/2423 2160/2160
f 2121/2121 2422/2422 2423/2423
f 2418/2418 2424/2424 2419/2419
f 2422/2422 2425/2425 2423/2423
f 2419/2419 2424/2424 2420/2420
f 2420/2420 2424/2424 2426/2426
f 2423/2423 2425/2425 2427/2427
f 2425/2425 2428/2428 2427/2427
f 2420/2420 2426/2426 2421/2421
f 2421/2421 2426/2426 2429/2429
f 2427/2427 2428/2428 2430/2430
f 2428/2428 2431/2431 2430/2430
f 2431/2431 2432/2432 2430/2430
f 2421/2421 2429/2429 2433/2433
f 2430/2430 2432/2432 2434/2434
f 2421/2421 2433/2433 2416/2416
f 2416/2416 2433/2433 2417/2417
f 2432/2432 2435/2435 2434/2434
f 2433/2433 2436/2436 2417/2417
f 2434/2434 2435/2435 2437/2437
f 2437/2437 2435/2435 2438/2438
f 2417/2417 2436/2436 2407/2407
f 2407/2407 2436/2436 2439/2439
f 2437/2437 2438/2438 2440/2440
f 2438/2438 2441/2441 2440/2440
f 2407/2407 2439/2439 2409/2409
f 2409/2409 2439/2439 2442/2442
f 2440/2440 2441/2441 2443/2443
f 2440/2440 2443/2443 2444/2444
f 2409/2409 2442/2442 2414/2414
f 2444/2444 2443/2443 2445/2445
f 2442/2442 2446/2446 2402/2402
f 2414/2414 2442/2442 2402/2402
f 2444/2444 2445/2445 2447/2447
f 2162/2162 2448/2448 2047/2047
f 2047/2047 2448/2448 2449/2449
f 2088/2088 2450/2450 2116/2116
f 2116/2116 2450/2450 2045/2045
f 2117/2117 2451/2451 2070/2070
f 2451/2451 2452/2452 2070/2070
f 2452/2452 2453/2453 2118/2118
f 2070/2070 2452/2452 2118/2118
f 2118/2118 2454/2454 2161/2161
f 2161/2161 2454/2454 2119/2119
f 2119/2119 2454/2454 2120/2120
f 2454/2454 2455/2455 2120/2120
f 2120/2120 2455/2455 2422/2422
f 2455/2455 2456/2456 2422/2422
f 2422/2422 2456/2456 2425/2425
f 2425/2425 2456/2456 2457/2457
f 2425/2425 2457/2457 2428/2428
f 2428/2428 2457/2457 2458/2458
f 2428/2428 2458/2458 2431/2431
f 2458/2458 2459/2459 2431/2431
f 2431/2431 2459/2459 2432/2432
f 2081/2081 2162/2162 2016/2016
f 2460/2460 2461/2461 2080/2080
f 2462/2462 2463/2463 2464/2464
f 2465/2465 2466/2466 2467/2467
f 2465/2465 2468/2468 2466/2466
f 2127/2127 2469/2469 2277/2277
f 2117/2117 2470/2470 2451/2451
f 2118/2118 2453/2453 2471/2471
f 2118/2118 2471/2471 2454/2454
f 2471/2471 2455/2455 2454/2454
f 2455/2455 2472/2472 2456/2456
f 2456/2456 2472/2472 2473/2473
f 2456/2456 2473/2473 2457/2457
f 2457/2457 2473/2473 2474/2474
f 2457/2457 2474/2474 2458/2458
f 2458/2458 2474/2474 2475/2475
f 2458/2458 2475/2475 2459/2459
f 2459/2459 2475/2475 2476/2476
f 2459/2459 2476/2476 2477/2477
f 2459/2459 2477/2477 2432/2432
f 2477/2477 2478/2478 2432/2432
f 2432/2432 2478/2478 2435/2435
f 2435/2435 2478/2478 2479/2479
f 2435/2435 2479/2479 2438/2438
f 2479/2479 2480/2480 2438/2438
f 2438/2438 2480/2480 2441/2441
f 2480/2480 2481/2481 2441/2441
f 2441/2441 2481/2481 2443/2443
f 2481/2481 2482/2482 2443/2443
f 2443/2443 2482/2482 2445/2445
f 2482/2482 2483/2483 2447/2447
f 2445/2445 2482/2482 2447/2447
f 2045/2045 2450/2450 2079/2079
f 2081/2081 2484/2484 2162/2162
f 2485/2485 2486/2486 2487/2487
f 2485/2485 2487/2487 2488/2488
f 2485/2485 2488/2488 2489/2489
f 2488/2488 2490/2490 2489/2489
f 2489/2489 2490/2490 2491/2491
f 2491/2491 2490/2490 2492/2492
f 2491/2491 2492/2492 2493/2493
f 2494/2494 2495/2495 2496/2496
f 2495/2495 2497/2497 2496/2496
f 2498/2498 2499/2499 2500/2500
f 2498/2498 2467/2467 2499/2499
f 2136/2136 2017/2017 2127/2127
f 2017/2017 2469/2469 2127/2127
f 2469/2469 2450/2450 2277/2277
f 2277/2277 2450/2450 2088/2088
f 2470/2470 2501/2501 2502/2502
f 2470/2470 2502/2502 2451/2451
f 2451/2451 2502/2502 2452/2452
f 2452/2452 2502/2502 2453/2453
f 2471/2471 2503/2503 2455/2455
f 2503/2503 2472/2472 2455/2455
f 2482/2482 2481/2481 2504/2504
f 2135/2135 2484/2484 2081/2081
f 2071/2071 2505/2505 2017/2017
f 2506/2506 2507/2507 2508/2508
f 2505/2505 2509/2509 2017/2017
f 2510/2510 2511/2511 2512/2512
f 2017/2017 2509/2509 2469/2469
f 2513/2513 2514/2514 2515/2515
f 2509/2509 2516/2516 2469/2469
f 2513/2513 2515/2515 2517/2517
f 2469/2469 2516/2516 2450/2450
f 2518/2518 2519/2519 2520/2520
f 2450/2450 2516/2516 2521/2521
f 2522/2522 2523/2523 2524/2524
f 2502/2502 2525/2525 2453/2453
f 2472/2472 2526/2526 2473/2473
f 2474/2474 2527/2527 2475/2475
f 2477/2477 2476/2476 2528/2528
f 2477/2477 2528/2528 2478/2478
f 2478/2478 2528/2528 2479/2479
f 2479/2479 2528/2528 2480/2480
f 2504/2504 2483/2483 2482/2482
f 2450/2450 2521/2521 2079/2079
f 2135/2135 2529/2529 2484/2484
f 2484/2484 2529/2529 2162/2162
f 2162/2162 2529/2529 2530/2530
f 2162/2162 2530/2530 2448/2448
f 2448/2448 2530/2530 2531/2531
f 2532/2532 2533/2533 2461/2461
f 2460/2460 2532/2532 2461/2461
f 2071/2071 2534/2534 2505/2505
f 2505/2505 2534/2534 2509/2509
f 2534/2534 2535/2535 2509/2509
f 2509/2509 2535/2535 2516/2516
f 2535/2535 2536/2536 2516/2516
f 2516/2516 2536/2536 2521/2521
f 2521/2521 2536/2536 2537/2537
f 2521/2521 2537/2537 2079/2079
f 2079/2079 2537/2537 2538/2538
f 2079/2079 2538/2538 2134/2134
f 2539/2539 2540/2540 2529/2529
f 2135/2135 2539/2539 2529/2529
f 2529/2529 2540/2540 2530/2530
f 2541/2541 2542/2542 2543/2543
f 2543/2543 2542/2542 2544/2544
f 2545/2545 2546/2546 2547/2547
f 2545/2545 2547/2547 2548/2548
f 2548/2548 2547/2547 2549/2549
f 2547/2547 2550/2550 2549/2549
f 2549/2549 2550/2550 2551/2551
f 2550/2550 2552/2552 2551/2551
f 2551/2551 2552/2552 2553/2553
f 2553/2553 2552/2552 2554/2554
f 2552/2552 2555/2555 2554/2554
f 2554/2554 2555/2555 2556/2556
f 2556/2556 2555/2555 2557/2557
f 2556/2556 2557/2557 2558/2558
f 2557/2557 2559/2559 2558/2558
f 2558/2558 2559/2559 2560/2560
f 2559/2559 2561/2561 2560/2560
f 2560/2560 2561/2561 2562/2562
f 2561/2561 2563/2563 2562/2562
f 2564/2564 2565/2565 2566/2566
f 2567/2567 2566/2566 2568/2568
f 2541/2541 2543/2543 2569/2569
f 2569/2569 2543/2543 2570/2570
f 2543/2543 2544/2544 2571/2571
f 2570/2570 2543/2543 2571/2571
f 2571/2571 2544/2544 2572/2572
f 2571/2571 2572/2572 2573/2573
f 2573/2573 2572/2572 2574/2574
f 2575/2575 2546/2546 2545/2545
f 2545/2545 2548/2548 2576/2576
f 2577/2577 2545/2545 2576/2576
f 2576/2576 2548/2548 2578/2578
f 2548/2548 2549/2549 2579/2579
f 2578/2578 2548/2548 2579/2579
f 2549/2549 2551/2551 2580/2580
f 2579/2579 2549/2549 2580/2580
f 2580/2580 2551/2551 2581/2581
f 2581/2581 2551/2551 2553/2553
f 2581/2581 2553/2553 2582/2582
f 2553/2553 2554/2554 2582/2582
f 2582/2582 2554/2554 2583/2583
f 2583/2583 2554/2554 2584/2584
f 2584/2584 2554/2554 2556/2556
f 2556/2556 2558/2558 2585/2585
f 2584/2584 2556/2556 2585/2585
f 2585/2585 2558/2558 2586/2586
f 2586/2586 2558/2558 2560/2560
f 2586/2586 2560/2560 2587/2587
f 2587/2587 2560/2560 2562/2562
f 2587/2587 2562/2562 2588/2588
f 2588/2588 2562/2562 2564/2564
f 2564/2564 2562/2562 2563/2563
f 2564/2564 2563/2563 2565/2565
f 2589/2589 2564/2564 2566/2566
f 2589/2589 2566/2566 2590/2590
f 2590/2590 2566/2566 2567/2567
f 2591/2591 2541/2541 2569/2569
f 2571/2571 2573/2573 2592/2592
f 2575/2575 2545/2545 2593/2593
f 2592/2592 2573/2573 2594/2594
f 2593/2593 2545/2545 2577/2577
f 2593/2593 2577/2577 2595/2595
f 2577/2577 2576/2576 326/326
f 2595/2595 2577/2577 326/326
f 2576/2576 2578/2578 327/327
f 326/326 2576/2576 327/327
f 2596/2596 2597/2597 2598/2598
f 2598/2598 2599/2599 2600/2600
f 2596/2596 2598/2598 2600/2600
f 2600/2600 2599/2599 2601/2601
f 2599/2599 2602/2602 2601/2601
f 2601/2601 2602/2602 2603/2603
f 2603/2603 2602/2602 2604/2604
f 2603/2603 2604/2604 2605/2605
f 2604/2604 2606/2606 2605/2605
f 2605/2605 2606/2606 2607/2607
f 2607/2607 2606/2606 2608/2608
f 2608/2608 2606/2606 2609/2609
f 2608/2608 2609/2609 2610/2610
f 2609/2609 2611/2611 2612/2612
f 2610/2610 2609/2609 2612/2612
f 2612/2612 2611/2611 2613/2613
f 2611/2611 2614/2614 2613/2613
f 2615/2615 2616/2616 2617/2617
f 2618/2618 2619/2619 2620/2620
f 2618/2618 2620/2620 2621/2621
f 2622/2622 2623/2623 2624/2624
f 2623/2623 2625/2625 2624/2624
f 2624/2624 2625/2625 2626/2626
f 2626/2626 2625/2625 2627/2627
f 2625/2625 2628/2628 2627/2627
f 2627/2627 2628/2628 2629/2629
f 2629/2629 2628/2628 2630/2630
f 2630/2630 2628/2628 2631/2631
f 2630/2630 2631/2631 2632/2632
f 2632/2632 2633/2633 2634/2634
f 291/291 290/290 309/309
f 2635/2635 2589/2589 2590/2590
f 2590/2590 2567/2567 2636/2636
f 2635/2635 2590/2590 2636/2636
f 2567/2567 2568/2568 2637/2637
f 2636/2636 2567/2567 2637/2637
f 2592/2592 2594/2594 2638/2638
f 348/348 2593/2593 2595/2595
f 348/348 2595/2595 349/349
f 349/349 2595/2595 326/326
f 349/349 326/326 2639/2639
f 2639/2639 326/326 328/328
f 2640/2640 2600/2600 2601/2601
f 2641/2641 2608/2608 2610/2610
f 2613/2613 2614/2614 2642/2642
f 2643/2643 2615/2615 2617/2617
f 2643/2643 2617/2617 2644/2644
f 2618/2618 2621/2621 377/377
f 2645/2645 2618/2618 377/377
f 2621/2621 2620/2620 2646/2646
f 377/377 2621/2621 2646/2646
f 2646/2646 2620/2620 2647/2647
f 2646/2646 2647/2647 2648/2648
f 2648/2648 2647/2647 2649/2649
f 2649/2649 2647/2647 2650/2650
f 2649/2649 2650/2650 2651/2651
f 2650/2650 2652/2652 2651/2651
f 2651/2651 2652/2652 2653/2653
f 2653/2653 2652/2652 2654/2654
f 2653/2653 2654/2654 2655/2655
f 2655/2655 2654/2654 2656/2656
f 2655/2655 2656/2656 2657/2657
f 2658/2658 2622/2622 2659/2659
f 2659/2659 2622/2622 2624/2624
f 2624/2624 2626/2626 2659/2659
f 2659/2659 2626/2626 2660/2660
f 2626/2626 2627/2627 2660/2660
f 2660/2660 2627/2627 2661/2661
f 2661/2661 2627/2627 2629/2629
f 2661/2661 2629/2629 2662/2662
f 2662/2662 2629/2629 2630/2630
f 2662/2662 2630/2630 2663/2663
f 2663/2663 2630/2630 2664/2664
f 2664/2664 2630/2630 2632/2632
f 2664/2664 2632/2632 2634/2634
f 306/306 330/330 291/291
f 310/310 294/294 311/311
f 338/338 336/336 337/337
f 338/338 320/320 319/319
f 320/320 341/341 321/321
f 321/321 341/341 323/323
f 341/341 344/344 323/323
f 344/344 368/368 323/323
f 2665/2665 2635/2635 2666/2666
f 2635/2635 2636/2636 2667/2667
f 2666/2666 2635/2635 2667/2667
f 2667/2667 2636/2636 2637/2637
f 2569/2569 2570/2570 2571/2571
f 2571/2571 2592/2592 2668/2668
f 2668/2668 2592/2592 2669/2669
f 2592/2592 2638/2638 2669/2669
f 2669/2669 2638/2638 2670/2670
f 351/351 349/349 2639/2639
f 2639/2639 328/328 2671/2671
f 2672/2672 2600/2600 2673/2673
f 2673/2673 2600/2600 2640/2640
f 2601/2601 2603/2603 2640/2640
f 2640/2640 2603/2603 2674/2674
f 2674/2674 2603/2603 2675/2675
f 2675/2675 2603/2603 2605/2605
f 2675/2675 2605/2605 2676/2676
f 2605/2605 2607/2607 2676/2676
f 2607/2607 2608/2608 2676/2676
f 2676/2676 2608/2608 2641/2641
f 2641/2641 2610/2610 2677/2677
f 2610/2610 2612/2612 2677/2677
f 2677/2677 2612/2612 2678/2678
f 2678/2678 2612/2612 2679/2679
f 2612/2612 2613/2613 2679/2679
f 2643/2643 2644/2644 2680/2680
f 2681/2681 2645/2645 377/377
f 377/377 2646/2646 2648/2648
f 2651/2651 2653/2653 2682/2682
f 2682/2682 2653/2653 2683/2683
f 2683/2683 2653/2653 2655/2655
f 2655/2655 2657/2657 2684/2684
f 2683/2683 2655/2655 2684/2684
f 2685/2685 2623/2623 2622/2622
f 2622/2622 2658/2658 2686/2686
f 2685/2685 2622/2622 2686/2686
f 2686/2686 2658/2658 2687/2687
f 2687/2687 2658/2658 2659/2659
f 2687/2687 2659/2659 2660/2660
f 2687/2687 2660/2660 2688/2688
f 2688/2688 2660/2660 2689/2689
f 2660/2660 2661/2661 2689/2689
f 2689/2689 2661/2661 2690/2690
f 2661/2661 2662/2662 2690/2690
f 2690/2690 2662/2662 2691/2691
f 2691/2691 2662/2662 2692/2692
f 2662/2662 2663/2663 2692/2692
f 2692/2692 2663/2663 2693/2693
f 2663/2663 2664/2664 2693/2693
f 354/354 305/305 369/369
f 2667/2667 2637/2637 2694/2694
f 2668/2668 2569/2569 2571/2571
f 2669/2669 2670/2670 2695/2695
f 351/351 2639/2639 2696/2696
f 2696/2696 2639/2639 2671/2671
f 445/445 2672/2672 2673/2673
f 2674/2674 2675/2675 2697/2697
f 2697/2697 2675/2675 2676/2676
f 2676/2676 2641/2641 2698/2698
f 2699/2699 2641/2641 2677/2677
f 377/377 2648/2648 378/378
f 2648/2648 2649/2649 2700/2700
f 378/378 2648/2648 2700/2700
f 2700/2700 2649/2649 2651/2651
f 2700/2700 2651/2651 2701/2701
f 2701/2701 2651/2651 2682/2682
f 2682/2682 2683/2683 2701/2701
f 2701/2701 2683/2683 2702/2702
f 2702/2702 2683/2683 2684/2684
f 379/379 2681/2681 377/377
f 2703/2703 376/376 2704/2704
f 2704/2704 376/376 375/375
f 2705/2705 2686/2686 2687/2687
f 2705/2705 2687/2687 2706/2706
f 2706/2706 2687/2687 2688/2688
f 2692/2692 2693/2693 2707/2707
f 2707/2707 2693/2693 2708/2708
f 2708/2708 2693/2693 2664/2664
f 2664/2664 2634/2634 2709/2709
f 2710/2710 2591/2591 2569/2569
f 2668/2668 2669/2669 2711/2711
f 2711/2711 2669/2669 2695/2695
f 2712/2712 350/350 385/385
f 2713/2713 2672/2672 445/445
f 2673/2673 2640/2640 2714/2714
f 2674/2674 2697/2697 2715/2715
f 2697/2697 2676/2676 2716/2716
f 2717/2717 2679/2679 2613/2613
f 2717/2717 2613/2613 2642/2642
f 2643/2643 2680/2680 2718/2718
f 2680/2680 2719/2719 2720/2720
f 2718/2718 2680/2680 2720/2720
f 375/375 374/374 2721/2721
f 2721/2721 374/374 2722/2722
f 2721/2721 2722/2722 2723/2723
f 2722/2722 2724/2724 2723/2723
f 2723/2723 2724/2724 2725/2725
f 2724/2724 2726/2726 2725/2725
f 2727/2727 2704/2704 375/375
f 2727/2727 375/375 2728/2728
f 2719/2719 2729/2729 2720/2720
f 375/375 2721/2721 2730/2730
f 2728/2728 375/375 2730/2730
f 2730/2730 2721/2721 2723/2723
f 2731/2731 2723/2723 2725/2725
f 2731/2731 2725/2725 2732/2732
f 2732/2732 2725/2725 2726/2726
f 2732/2732 2726/2726 2733/2733
f 2728/2728 2730/2730 2734/2734
f 2730/2730 2723/2723 2734/2734
f 2735/2735 2736/2736 2685/2685
f 2735/2735 2685/2685 2686/2686
f 2735/2735 2686/2686 2705/2705
f 2720/2720 2729/2729 2737/2737
f 2738/2738 2734/2734 2723/2723
f 2738/2738 2723/2723 2731/2731
f 2738/2738 2731/2731 388/388
f 388/388 2731/2731 2732/2732
f 387/387 386/386 2739/2739
f 2728/2728 2734/2734 2740/2740
f 2740/2740 2734/2734 2738/2738
f 2732/2732 386/386 388/388
f 2727/2727 2728/2728 2741/2741
f 2741/2741 2728/2728 2740/2740
f 2742/2742 2738/2738 388/388
f 2737/2737 2729/2729 2743/2743
f 2743/2743 2729/2729 2744/2744
f 2745/2745 2738/2738 2742/2742
f 2740/2740 2738/2738 2745/2745
f 2741/2741 2740/2740 2746/2746
f 2746/2746 2740/2740 2745/2745
f 2745/2745 2742/2742 2747/2747
f 2744/2744 2748/2748 2743/2743
f 2749/2749 2741/2741 2746/2746
f 2746/2746 2745/2745 2747/2747
f 2743/2743 2748/2748 2750/2750
f 2751/2751 2746/2746 2752/2752
f 2752/2752 2746/2746 2747/2747
f 2753/2753 2749/2749 2746/2746
f 2753/2753 2746/2746 2751/2751
f 2747/2747 2754/2754 389/389
f 2752/2752 2747/2747 2755/2755
f 2755/2755 2747/2747 389/389
f 2756/2756 2706/2706 2688/2688
f 2757/2757 2758/2758 2759/2759
f 2751/2751 2752/2752 2755/2755
f 2757/2757 2759/2759 2760/2760
f 2750/2750 2748/2748 2761/2761
f 2762/2762 2749/2749 2753/2753
f 2761/2761 2748/2748 2763/2763
f 2751/2751 2755/2755 2764/2764
f 2753/2753 2751/2751 2765/2765
f 2766/2766 2751/2751 2764/2764
f 2762/2762 2753/2753 2765/2765
f 2765/2765 2751/2751 2766/2766
f 2755/2755 389/389 391/391
f 2767/2767 2755/2755 391/391
f 2756/2756 2688/2688 2689/2689
f 2764/2764 2755/2755 2767/2767
f 2768/2768 2756/2756 2689/2689
f 2760/2760 2759/2759 2769/2769
f 2764/2764 2767/2767 2770/2770
f 2761/2761 2763/2763 2771/2771
f 2772/2772 2762/2762 2765/2765
f 2760/2760 2769/2769 2773/2773
f 2772/2772 2765/2765 2774/2774
f 2774/2774 2765/2765 2766/2766
f 2761/2761 2771/2771 2775/2775
f 2776/2776 2767/2767 391/391
f 2767/2767 2776/2776 2770/2770
f 2766/2766 2764/2764 2770/2770
f 2768/2768 2689/2689 2690/2690
f 2777/2777 2772/2772 2774/2774
f 2778/2778 2770/2770 2776/2776
f 2775/2775 2771/2771 2779/2779
f 2766/2766 2770/2770 2780/2780
f 2774/2774 2766/2766 2780/2780
f 2780/2780 2770/2770 2778/2778
f 2778/2778 2776/2776 2781/2781
f 2780/2780 2778/2778 2782/2782
f 2783/2783 2780/2780 2782/2782
f 2782/2782 2778/2778 2781/2781
f 2768/2768 2690/2690 2691/2691
f 2774/2774 2780/2780 2783/2783
f 2784/2784 2768/2768 2691/2691
f 2768/2768 2784/2784 2785/2785
f 2773/2773 2769/2769 2786/2786
f 2787/2787 2777/2777 2774/2774
f 2775/2775 2779/2779 2788/2788
f 2775/2775 2788/2788 2789/2789
f 2787/2787 2774/2774 2790/2790
f 2790/2790 2774/2774 2783/2783
f 2783/2783 2782/2782 2791/2791
f 2792/2792 2784/2784 2691/2691
f 2792/2792 2691/2691 2692/2692
f 2784/2784 2792/2792 2785/2785
f 2790/2790 2783/2783 2793/2793
f 2793/2793 2783/2783 2791/2791
f 2794/2794 2790/2790 2793/2793
f 2787/2787 2790/2790 2794/2794
f 2785/2785 2792/2792 2795/2795
f 2789/2789 2788/2788 2796/2796
f 2797/2797 2787/2787 2794/2794
f 2789/2789 2796/2796 2798/2798
f 2799/2799 2797/2797 2800/2800
f 2800/2800 2797/2797 2794/2794
f 2800/2800 2794/2794 2801/2801
f 2802/2802 2792/2792 2692/2692
f 2802/2802 2692/2692 2707/2707
f 2795/2795 2792/2792 2802/2802
f 2803/2803 2804/2804 2805/2805
f 2803/2803 2805/2805 2806/2806
f 399/399 398/398 2807/2807
f 2808/2808 2809/2809 2810/2810
f 2811/2811 2808/2808 2810/2810
f 2812/2812 2802/2802 2707/2707
f 2795/2795 2802/2802 2812/2812
f 2812/2812 2707/2707 2708/2708
f 2708/2708 2664/2664 2813/2813
f 354/354 369/369 408/408
f 2666/2666 2667/2667 432/432
f 432/432 2667/2667 2694/2694
f 432/432 2694/2694 430/430
f 2569/2569 2668/2668 2814/2814
f 2814/2814 2668/2668 2815/2815
f 2716/2716 2676/2676 2816/2816
f 2677/2677 2678/2678 2699/2699
f 2817/2817 2678/2678 2679/2679
f 2818/2818 2737/2737 2743/2743
f 388/388 387/387 2819/2819
f 2742/2742 388/388 2819/2819
f 387/387 2739/2739 2820/2820
f 2820/2820 2739/2739 2758/2758
f 2818/2818 2743/2743 2821/2821
f 2822/2822 2819/2819 387/387
f 2754/2754 2819/2819 2822/2822
f 2747/2747 2742/2742 2819/2819
f 2747/2747 2819/2819 2754/2754
f 2822/2822 387/387 2820/2820
f 2822/2822 2820/2820 2757/2757
f 2757/2757 2820/2820 2758/2758
f 2821/2821 2743/2743 2750/2750
f 2821/2821 2750/2750 2823/2823
f 389/389 2754/2754 2822/2822
f 390/390 2822/2822 2757/2757
f 389/389 2822/2822 390/390
f 390/390 2757/2757 2760/2760
f 2823/2823 2750/2750 2761/2761
f 2823/2823 2761/2761 2824/2824
f 391/391 390/390 2825/2825
f 2825/2825 390/390 2760/2760
f 2825/2825 2760/2760 2773/2773
f 2824/2824 2761/2761 2775/2775
f 2776/2776 391/391 2825/2825
f 2781/2781 2776/2776 2825/2825
f 2824/2824 2775/2775 2826/2826
f 2781/2781 2825/2825 2827/2827
f 2827/2827 2825/2825 2773/2773
f 2828/2828 2781/2781 2827/2827
f 2827/2827 2773/2773 2786/2786
f 2782/2782 2781/2781 2828/2828
f 2826/2826 2775/2775 2829/2829
f 2775/2775 2789/2789 2829/2829
f 2791/2791 2782/2782 2828/2828
f 2829/2829 2789/2789 2830/2830
f 2791/2791 2828/2828 2831/2831
f 2831/2831 2828/2828 2832/2832
f 2828/2828 2827/2827 2832/2832
f 2832/2832 2827/2827 2786/2786
f 2832/2832 2786/2786 2833/2833
f 2793/2793 2791/2791 2831/2831
f 2830/2830 2789/2789 2798/2798
f 2801/2801 2794/2794 2793/2793
f 2801/2801 2793/2793 2834/2834
f 2793/2793 2831/2831 2834/2834
f 2834/2834 2831/2831 2835/2835
f 2831/2831 2832/2832 2835/2835
f 2835/2835 2832/2832 2833/2833
f 394/394 2799/2799 2800/2800
f 394/394 2800/2800 395/395
f 2798/2798 2836/2836 2837/2837
f 2830/2830 2798/2798 2837/2837
f 2800/2800 2801/2801 396/396
f 395/395 2800/2800 396/396
f 396/396 2801/2801 2838/2838
f 2838/2838 2801/2801 2834/2834
f 2838/2838 2834/2834 399/399
f 399/399 2834/2834 400/400
f 2834/2834 2835/2835 2839/2839
f 400/400 2834/2834 2839/2839
f 2839/2839 2835/2835 2840/2840
f 2840/2840 2835/2835 2833/2833
f 2837/2837 2836/2836 2841/2841
f 2837/2837 2841/2841 2842/2842
f 2804/2804 2803/2803 2843/2843
f 2844/2844 2804/2804 2843/2843
f 2843/2843 2803/2803 2806/2806
f 2843/2843 2806/2806 2845/2845
f 396/396 2838/2838 402/402
f 402/402 2838/2838 2807/2807
f 2845/2845 2806/2806 2811/2811
f 2838/2838 399/399 2807/2807
f 2845/2845 2811/2811 2846/2846
f 2846/2846 2811/2811 2810/2810
f 403/403 400/400 2847/2847
f 2846/2846 2810/2810 2848/2848
f 2847/2847 400/400 2839/2839
f 2846/2846 2848/2848 2849/2849
f 2839/2839 2840/2840 2847/2847
f 2847/2847 2840/2840 2850/2850
f 2849/2849 2848/2848 2851/2851
f 2840/2840 2833/2833 2852/2852
f 2850/2850 2840/2840 2852/2852
f 2849/2849 2851/2851 2853/2853
f 2849/2849 2853/2853 2854/2854
f 2855/2855 2812/2812 2708/2708
f 2813/2813 2664/2664 2709/2709
f 2665/2665 2666/2666 2856/2856
f 2856/2856 2666/2666 432/432
f 417/417 351/351 2696/2696
f 2713/2713 445/445 448/448
f 446/446 2673/2673 2714/2714
f 2714/2714 2640/2640 2674/2674
f 2714/2714 2674/2674 2715/2715
f 2715/2715 2697/2697 2857/2857
f 2857/2857 2697/2697 2858/2858
f 2858/2858 2697/2697 2716/2716
f 2816/2816 2676/2676 2698/2698
f 2859/2859 2678/2678 2817/2817
f 2817/2817 2679/2679 2717/2717
f 2860/2860 2718/2718 2720/2720
f 2860/2860 2720/2720 2737/2737
f 2818/2818 2821/2821 2861/2861
f 2861/2861 2821/2821 2823/2823
f 2862/2862 2823/2823 2824/2824
f 2862/2862 2824/2824 2826/2826
f 2826/2826 2829/2829 2863/2863
f 2864/2864 2845/2845 2865/2865
f 2865/2865 2845/2845 2846/2846
f 2865/2865 2846/2846 2866/2866
f 2846/2846 2849/2849 2866/2866
f 2866/2866 2849/2849 2867/2867
f 2867/2867 2849/2849 2854/2854
f 2855/2855 2708/2708 2868/2868
f 427/427 354/354 408/408
f 485/485 2665/2665 2856/2856
f 485/485 2856/2856 457/457
f 457/457 2856/2856 432/432
f 2815/2815 2668/2668 2711/2711
f 2712/2712 385/385 425/425
f 417/417 2696/2696 2869/2869
f 2870/2870 2713/2713 448/448
f 445/445 2673/2673 446/446
f 2871/2871 2698/2698 2641/2641
f 2871/2871 2641/2641 2699/2699
f 2699/2699 2678/2678 2859/2859
f 2872/2872 2737/2737 2818/2818
f 2861/2861 2823/2823 2873/2873
f 2873/2873 2823/2823 2862/2862
f 2862/2862 2826/2826 2874/2874
f 2874/2874 2826/2826 2863/2863
f 2829/2829 2830/2830 2875/2875
f 2863/2863 2829/2829 2875/2875
f 2830/2830 2837/2837 2875/2875
f 2875/2875 2837/2837 2842/2842
f 2866/2866 2867/2867 2876/2876
f 2876/2876 2867/2867 2854/2854
f 2877/2877 2708/2708 2813/2813
f 457/457 432/432 431/431
f 433/433 417/417 2869/2869
f 2714/2714 2715/2715 2878/2878
f 2878/2878 2715/2715 2857/2857
f 2878/2878 2857/2857 2879/2879
f 2879/2879 2857/2857 2858/2858
f 2858/2858 2716/2716 2880/2880
f 2880/2880 2716/2716 2816/2816
f 2816/2816 2698/2698 2871/2871
f 2871/2871 2699/2699 2881/2881
f 2881/2881 2699/2699 2882/2882
f 2699/2699 2859/2859 2883/2883
f 2883/2883 2859/2859 2817/2817
f 2860/2860 2737/2737 2884/2884
f 2884/2884 2737/2737 2872/2872
f 2872/2872 2818/2818 2861/2861
f 2885/2885 2873/2873 2862/2862
f 2875/2875 2842/2842 2886/2886
f 2887/2887 2844/2844 2843/2843
f 2887/2887 2843/2843 2888/2888
f 2888/2888 2843/2843 2845/2845
f 2888/2888 2845/2845 2889/2889
f 2889/2889 2845/2845 2864/2864
f 2876/2876 2854/2854 2890/2890
f 2891/2891 2855/2855 2868/2868
f 2813/2813 2709/2709 2892/2892
f 2710/2710 2569/2569 2893/2893
f 2893/2893 2569/2569 2814/2814
f 2894/2894 2871/2871 2881/2881
f 2717/2717 2642/2642 2895/2895
f 2643/2643 2718/2718 2896/2896
f 2897/2897 2643/2643 2896/2896
f 2896/2896 2718/2718 2860/2860
f 2898/2898 2861/2861 2873/2873
f 2885/2885 2862/2862 2874/2874
f 2889/2889 2864/2864 2899/2899
f 2864/2864 2865/2865 2899/2899
f 2865/2865 2866/2866 2900/2900
f 427/427 408/408 451/451
f 2815/2815 2711/2711 2901/2901
f 2711/2711 2695/2695 2902/2902
f 2901/2901 2711/2711 2902/2902
f 2903/2903 2712/2712 425/425
f 2870/2870 448/448 2904/2904
f 2904/2904 448/448 447/447
f 446/446 2714/2714 2905/2905
f 2817/2817 2717/2717 2906/2906
f 2906/2906 2717/2717 2895/2895
f 2907/2907 2872/2872 2861/2861
f 2907/2907 2861/2861 2898/2898
f 2898/2898 2873/2873 2908/2908
f 2873/2873 2885/2885 2908/2908
f 2909/2909 2885/2885 2874/2874
f 2910/2910 2874/2874 2863/2863
f 2911/2911 2863/2863 2912/2912
f 2863/2863 2875/2875 2912/2912
f 2899/2899 2865/2865 2913/2913
f 2913/2913 2865/2865 2900/2900
f 2882/2882 2699/2699 2914/2914
f 2914/2914 2699/2699 2883/2883
f 2915/2915 2872/2872 2907/2907
f 2900/2900 2866/2866 2876/2876
f 2903/2903 425/425 465/465
f 2916/2916 2879/2879 2858/2858
f 2917/2917 2858/2858 2880/2880
f 2914/2914 2883/2883 2918/2918
f 2918/2918 2883/2883 2817/2817
f 2896/2896 2860/2860 2884/2884
f 2884/2884 2872/2872 2915/2915
f 2909/2909 2874/2874 2910/2910
f 2910/2910 2863/2863 2911/2911
f 2912/2912 2875/2875 2919/2919
f 2919/2919 2875/2875 2920/2920
f 2920/2920 2875/2875 2886/2886
f 2920/2920 2886/2886 2921/2921
f 2922/2922 2887/2887 2888/2888
f 2899/2899 2913/2913 2923/2923
f 2923/2923 2913/2913 2900/2900
f 2900/2900 2876/2876 2924/2924
f 2924/2924 2876/2876 2890/2890
f 466/466 427/427 451/451
f 475/475 433/433 2869/2869
f 475/475 2869/2869 2925/2925
f 2926/2926 2870/2870 2904/2904
f 447/447 446/446 2927/2927
f 2927/2927 446/446 2905/2905
f 2916/2916 2858/2858 2917/2917
f 2816/2816 2871/2871 2928/2928
f 2918/2918 2817/2817 2929/2929
f 2929/2929 2817/2817 2906/2906
f 2907/2907 2898/2898 2908/2908
f 2930/2930 2899/2899 2923/2923
f 2923/2923 2900/2900 2931/2931
f 2877/2877 2813/2813 2932/2932
f 2932/2932 2813/2813 2892/2892
f 466/466 451/451 481/481
f 485/485 457/457 486/486
f 486/486 457/457 458/458
f 2926/2926 2904/2904 2933/2933
f 2927/2927 2904/2904 447/447
f 2933/2933 2904/2904 2927/2927
f 2934/2934 2879/2879 2916/2916
f 2935/2935 2882/2882 2936/2936
f 2936/2936 2882/2882 2914/2914
f 2937/2937 2884/2884 2915/2915
f 2908/2908 2885/2885 2938/2938
f 2938/2938 2885/2885 2909/2909
f 2891/2891 2868/2868 2939/2939
f 2868/2868 2708/2708 2939/2939
f 2939/2939 2708/2708 2877/2877
f 486/486 458/458 493/493
f 493/493 458/458 482/482
f 2934/2934 2878/2878 2879/2879
f 2940/2940 2880/2880 2941/2941
f 2894/2894 2881/2881 2935/2935
f 2881/2881 2882/2882 2935/2935
f 2936/2936 2914/2914 2918/2918
f 2888/2888 2889/2889 2942/2942
f 2942/2942 2889/2889 2899/2899
f 466/466 481/481 2943/2943
f 2926/2926 2933/2933 2944/2944
f 2944/2944 2933/2933 2927/2927
f 2941/2941 2880/2880 2816/2816
f 2928/2928 2871/2871 2894/2894
f 2915/2915 2907/2907 2945/2945
f 2922/2922 2888/2888 2942/2942
f 2942/2942 2899/2899 2930/2930
f 2924/2924 2890/2890 2946/2946
f 2947/2947 2891/2891 2939/2939
f 488/488 493/493 2948/2948
f 2948/2948 493/493 482/482
f 2949/2949 2814/2814 2815/2815
f 475/475 2925/2925 2950/2950
f 2950/2950 2925/2925 2951/2951
f 2905/2905 2714/2714 2952/2952
f 2952/2952 2714/2714 2878/2878
f 2897/2897 2896/2896 2953/2953
f 2953/2953 2896/2896 2884/2884
f 2945/2945 2907/2907 2954/2954
f 2931/2931 2900/2900 2924/2924
f 2948/2948 482/482 496/496
f 2949/2949 2815/2815 2901/2901
f 2901/2901 2902/2902 2955/2955
f 2956/2956 2903/2903 465/465
f 2944/2944 2927/2927 2957/2957
f 2816/2816 2928/2928 2941/2941
f 2953/2953 2884/2884 2937/2937
f 2954/2954 2907/2907 2908/2908
f 466/466 2943/2943 2958/2958
f 490/490 466/466 2958/2958
f 517/517 488/488 2948/2948
f 2959/2959 2878/2878 2934/2934
f 2917/2917 2880/2880 2940/2940
f 2960/2960 2918/2918 2929/2929
f 2961/2961 2915/2915 2945/2945
f 515/515 517/517 2948/2948
f 2814/2814 2949/2949 2962/2962
f 2956/2956 465/465 507/507
f 506/506 475/475 2950/2950
f 2934/2934 2916/2916 2963/2963
f 2916/2916 2917/2917 2964/2964
f 2964/2964 2917/2917 2965/2965
f 2965/2965 2917/2917 2940/2940
f 2966/2966 2894/2894 2935/2935
f 2967/2967 2906/2906 2895/2895
f 2937/2937 2915/2915 2961/2961
f 2909/2909 2910/2910 2968/2968
f 2968/2968 2910/2910 2911/2911
f 2969/2969 2912/2912 2919/2919
f 2970/2970 2942/2942 2930/2930
f 2930/2930 2923/2923 2971/2971
f 515/515 2948/2948 528/528
f 528/528 2948/2948 496/496
f 2972/2972 2905/2905 2952/2952
f 2928/2928 2894/2894 2973/2973
f 2973/2973 2894/2894 2966/2966
f 2929/2929 2906/2906 2967/2967
f 2938/2938 2909/2909 2968/2968
f 2911/2911 2912/2912 2969/2969
f 2920/2920 2921/2921 2974/2974
f 2975/2975 2922/2922 2942/2942
f 2976/2976 2942/2942 2970/2970
f 2977/2977 2924/2924 2946/2946
f 2947/2947 2939/2939 2978/2978
f 2978/2978 2939/2939 2877/2877
f 2978/2978 2877/2877 2979/2979
f 2979/2979 2877/2877 2932/2932
f 516/516 515/515 528/528
f 2957/2957 2927/2927 2980/2980
f 2980/2980 2927/2927 2905/2905
f 2980/2980 2905/2905 2972/2972
f 2916/2916 2964/2964 2981/2981
f 2936/2936 2918/2918 2982/2982
f 540/540 2908/2908 2938/2938
f 2911/2911 2969/2969 2983/2983
f 2975/2975 2942/2942 2984/2984
f 2984/2984 2942/2942 2976/2976
f 2931/2931 2924/2924 2985/2985
f 2985/2985 2924/2924 2977/2977
f 490/490 2958/2958 2986/2986
f 2987/2987 2710/2710 2893/2893
f 2940/2940 2941/2941 2988/2988
f 2989/2989 2928/2928 2973/2973
f 2966/2966 2935/2935 2990/2990
f 2990/2990 2935/2935 2936/2936
f 2954/2954 2908/2908 540/540
f 2969/2969 2919/2919 2920/2920
f 2923/2923 2931/2931 2991/2991
f 2991/2991 2931/2931 2985/2985
f 544/544 490/490 2986/2986
f 544/544 2986/2986 2992/2992
f 539/539 519/519 528/528
f 2950/2950 2951/2951 2993/2993
f 2994/2994 2944/2944 2957/2957
f 2952/2952 2878/2878 2959/2959
f 2963/2963 2916/2916 2981/2981
f 2941/2941 2928/2928 2989/2989
f 2982/2982 2918/2918 2960/2960
f 2937/2937 2961/2961 2995/2995
f 2961/2961 2945/2945 2995/2995
f 2945/2945 2954/2954 2996/2996
f 540/540 2938/2938 541/541
f 541/541 2938/2938 2968/2968
f 539/539 528/528 2997/2997
f 2997/2997 528/528 496/496
f 2949/2949 2901/2901 2998/2998
f 2998/2998 2901/2901 2955/2955
f 2999/2999 2934/2934 2963/2963
f 2960/2960 2929/2929 2967/2967
f 2995/2995 2945/2945 2996/2996
f 3000/3000 2996/2996 2954/2954
f 2968/2968 2911/2911 2983/2983
f 2970/2970 2930/2930 2971/2971
f 2977/2977 2946/2946 3001/3001
f 3002/3002 2947/2947 2978/2978
f 544/544 2992/2992 3003/3003
f 537/537 539/539 2997/2997
f 506/506 2950/2950 3004/3004
f 3004/3004 2950/2950 2993/2993
f 2952/2952 2959/2959 3005/3005
f 2965/2965 2940/2940 3006/3006
f 2990/2990 2936/2936 2982/2982
f 3000/3000 2954/2954 542/542
f 542/542 2954/2954 540/540
f 2969/2969 2920/2920 3007/3007
f 2893/2893 2814/2814 3008/3008
f 3008/3008 2814/2814 2962/2962
f 2959/2959 2934/2934 2999/2999
f 3006/3006 2940/2940 2988/2988
f 2967/2967 2895/2895 3009/3009
f 3010/3010 2897/2897 2953/2953
f 2983/2983 2969/2969 3011/3011
f 3011/3011 2969/2969 3007/3007
f 3007/3007 2920/2920 2974/2974
f 2971/2971 2923/2923 3012/3012
f 2932/2932 2892/2892 3013/3013
f 549/549 537/537 2997/2997
f 2962/2962 2949/2949 3014/3014
f 3014/3014 2949/2949 2998/2998
f 2998/2998 2955/2955 3015/3015
f 2956/2956 507/507 550/550
f 3016/3016 2956/2956 550/550
f 2988/2988 2941/2941 3017/3017
f 3017/3017 2941/2941 2989/2989
f 3010/3010 2953/2953 3018/3018
f 3018/3018 2953/2953 2937/2937
f 3012/3012 2923/2923 2991/2991
f 3002/3002 2978/2978 3019/3019
f 2994/2994 2957/2957 2980/2980
f 2972/2972 2952/2952 3005/3005
f 3005/3005 2959/2959 2999/2999
f 2981/2981 2964/2964 2965/2965
f 2982/2982 2960/2960 3020/3020
f 3018/3018 2937/2937 3021/3021
f 3021/3021 2937/2937 2995/2995
f 2978/2978 2979/2979 3022/3022
f 3022/3022 2979/2979 2932/2932
f 549/549 2997/2997 573/573
f 2997/2997 496/496 553/553
f 573/573 2997/2997 553/553
f 3008/3008 2962/2962 3023/3023
f 506/506 3004/3004 3024/3024
f 3004/3004 2993/2993 3025/3025
f 3024/3024 3004/3004 3025/3025
f 3026/3026 2994/2994 2980/2980
f 2980/2980 2972/2972 3027/3027
f 2963/2963 2981/2981 2999/2999
f 3017/3017 2989/2989 2973/2973
f 3028/3028 2968/2968 2983/2983
f 3019/3019 2978/2978 3022/3022
f 545/545 544/544 3003/3003
f 2987/2987 2893/2893 3029/3029
f 3029/3029 2893/2893 3008/3008
f 559/559 506/506 3024/3024
f 2973/2973 2966/2966 3030/3030
f 3030/3030 2966/2966 3031/3031
f 3031/3031 2966/2966 2990/2990
f 3000/3000 542/542 3032/3032
f 3032/3032 542/542 3033/3033
f 542/542 541/541 3033/3033
f 3007/3007 2974/2974 3034/3034
f 3035/3035 2975/2975 2984/2984
f 2970/2970 2971/2971 3036/3036
f 545/545 3003/3003 3037/3037
f 3023/3023 2962/2962 3014/3014
f 3038/3038 2999/2999 2981/2981
f 3039/3039 2981/2981 2965/2965
f 2990/2990 2982/2982 3040/3040
f 3040/3040 2982/2982 3020/3020
f 3041/3041 2960/2960 2967/2967
f 2995/2995 2996/2996 3042/3042
f 3042/3042 2996/2996 3043/3043
f 3043/3043 2996/2996 3000/3000
f 3033/3033 541/541 2968/2968
f 3011/3011 3007/3007 3044/3044
f 3044/3044 3007/3007 3045/3045
f 3035/3035 2984/2984 3046/3046
f 3046/3046 2984/2984 2976/2976
f 2976/2976 2970/2970 3036/3036
f 2991/2991 2985/2985 3047/3047
f 3012/3012 2991/2991 3047/3047
f 3022/3022 2932/2932 3048/3048
f 3048/3048 2932/2932 3013/3013
f 3016/3016 550/550 567/567
f 3024/3024 3025/3025 3049/3049
f 3050/3050 3026/3026 2980/2980
f 3051/3051 2965/2965 3006/3006
f 3017/3017 2973/2973 3052/3052
f 3020/3020 2960/2960 3041/3041
f 3033/3033 2968/2968 3028/3028
f 3053/3053 2977/2977 3001/3001
f 3054/3054 3014/3014 2998/2998
f 3050/3050 2980/2980 3055/3055
f 3027/3027 2972/2972 3056/3056
f 3056/3056 2972/2972 3005/3005
f 3057/3057 3006/3006 2988/2988
f 3041/3041 2967/2967 3058/3058
f 3042/3042 3021/3021 2995/2995
f 3000/3000 3032/3032 3059/3059
f 3036/3036 2971/2971 3012/3012
f 3060/3060 3012/3012 3047/3047
f 3047/3047 2985/2985 2977/2977
f 3053/3053 3001/3001 3061/3061
f 3062/3062 3002/3002 3019/3019
f 3062/3062 3019/3019 3063/3063
f 3048/3048 3013/3013 3064/3064
f 3005/3005 2999/2999 3065/3065
f 3052/3052 2973/2973 3030/3030
f 2967/2967 3009/3009 3066/3066
f 3067/3067 3010/3010 3018/3018
f 3042/3042 3043/3043 3068/3068
f 3028/3028 2983/2983 3011/3011
f 3038/3038 2981/2981 3039/3039
f 3039/3039 2965/2965 3051/3051
f 3043/3043 3000/3000 3059/3059
f 2976/2976 3036/3036 3069/3069
f 3036/3036 3012/3012 3060/3060
f 3063/3063 3019/3019 3022/3022
f 573/573 553/553 585/585
f 3016/3016 567/567 587/587
f 559/559 3024/3024 3070/3070
f 3070/3070 3024/3024 3049/3049
f 3055/3055 2980/2980 3071/3071
f 3071/3071 2980/2980 3027/3027
f 3056/3056 3005/3005 3072/3072
f 3072/3072 3005/3005 3065/3065
f 3073/3073 2999/2999 3038/3038
f 3058/3058 2967/2967 3066/3066
f 3067/3067 3018/3018 3074/3074
f 3046/3046 2976/2976 3069/3069
f 3047/3047 2977/2977 3053/3053
f 563/563 573/573 3075/3075
f 3075/3075 573/573 585/585
f 3076/3076 2987/2987 3029/3029
f 3065/3065 2999/2999 3073/3073
f 3077/3077 3030/3030 3031/3031
f 3074/3074 3018/3018 3021/3021
f 3059/3059 3032/3032 3078/3078
f 3054/3054 2998/2998 3079/3079
f 3079/3079 2998/2998 3015/3015
f 3057/3057 2988/2988 3080/3080
f 2988/2988 3017/3017 3080/3080
f 3080/3080 3017/3017 3052/3052
f 3077/3077 3052/3052 3030/3030
f 3021/3021 3042/3042 3068/3068
f 3078/3078 3032/3032 3033/3033
f 3023/3023 3014/3014 3054/3054
f 3079/3079 3015/3015 3081/3081
f 3082/3082 3016/3016 587/587
f 597/597 559/559 3070/3070
f 3050/3050 3055/3055 3083/3083
f 3083/3083 3055/3055 3071/3071
f 3073/3073 3038/3038 3039/3039
f 3073/3073 3039/3039 3051/3051
f 3084/3084 3051/3051 3006/3006
f 3084/3084 3006/3006 3057/3057
f 3085/3085 3033/3033 3028/3028
f 668/668 3028/3028 3086/3086
f 3086/3086 3028/3028 3011/3011
f 3045/3045 3007/3007 3034/3034
f 545/545 3037/3037 3087/3087
f 3088/3088 563/563 3075/3075
f 3070/3070 3049/3049 3089/3089
f 3090/3090 3050/3050 3083/3083
f 3021/3021 3068/3068 3091/3091
f 3092/3092 3059/3059 3078/3078
f 3085/3085 3028/3028 668/668
f 3093/3093 3044/3044 3045/3045
f 3045/3045 3034/3034 3094/3094
f 3095/3095 3035/3035 3046/3046
f 3096/3096 3047/3047 3097/3097
f 3097/3097 3047/3047 3053/3053
f 3053/3053 3061/3061 3098/3098
f 3099/3099 3062/3062 3063/3063
f 595/595 545/545 3087/3087
f 3080/3080 3052/3052 3077/3077
f 3086/3086 3011/3011 3044/3044
f 3086/3086 3044/3044 3093/3093
f 3095/3095 3046/3046 3100/3100
f 3100/3100 3046/3046 3069/3069
f 3101/3101 3036/3036 3060/3060
f 3097/3097 3053/3053 3098/3098
f 3079/3079 3081/3081 3102/3102
f 609/609 3082/3082 587/587
f 609/609 587/587 603/603
f 3103/3103 3073/3073 3051/3051
f 3103/3103 3051/3051 3084/3084
f 3104/3104 3084/3084 3057/3057
f 3105/3105 3077/3077 3031/3031
f 3031/3031 2990/2990 3105/3105
f 3105/3105 2990/2990 3040/3040
f 3100/3100 3069/3069 3106/3106
f 3069/3069 3036/3036 3101/3101
f 3088/3088 3075/3075 3107/3107
f 3107/3107 3075/3075 585/585
f 3029/3029 3008/3008 3108/3108
f 3108/3108 3008/3008 3023/3023
f 3102/3102 3109/3109 3110/3110
f 597/597 3070/3070 3089/3089
f 597/597 3089/3089 615/615
f 3090/3090 3083/3083 3111/3111
f 615/615 3089/3089 3112/3112
f 3111/3111 3083/3083 3071/3071
f 3072/3072 3065/3065 3113/3113
f 3040/3040 3020/3020 3114/3114
f 3114/3114 3020/3020 3041/3041
f 3106/3106 3069/3069 3101/3101
f 3115/3115 3088/3088 3116/3116
f 3116/3116 3088/3088 3107/3107
f 3065/3065 3073/3073 3117/3117
f 3118/3118 3073/3073 3103/3103
f 3057/3057 3080/3080 3119/3119
f 3120/3120 3058/3058 3066/3066
f 3021/3021 3091/3091 3074/3074
f 3085/3085 3078/3078 3033/3033
f 618/618 564/564 627/627
f 3079/3079 3102/3102 3121/3121
f 3121/3121 3102/3102 3110/3110
f 3122/3122 610/610 621/621
f 3113/3113 3065/3065 3117/3117
f 3117/3117 3073/3073 3118/3118
f 3123/3123 3080/3080 3124/3124
f 3124/3124 3080/3080 3077/3077
f 3091/3091 3068/3068 3125/3125
f 3043/3043 3059/3059 3126/3126
f 3126/3126 3059/3059 3092/3092
f 3127/3127 3093/3093 3045/3045
f 3128/3128 3045/3045 3094/3094
f 3060/3060 3047/3047 3096/3096
f 3063/3063 3022/3022 3129/3129
f 3129/3129 3022/3022 3048/3048
f 3129/3129 3048/3048 3130/3130
f 3130/3130 3048/3048 3064/3064
f 3107/3107 585/585 626/626
f 3023/3023 3054/3054 3131/3131
f 628/628 608/608 615/615
f 628/628 615/615 3132/3132
f 3132/3132 615/615 3112/3112
f 3133/3133 3084/3084 3104/3104
f 3119/3119 3080/3080 3123/3123
f 3114/3114 3041/3041 3058/3058
f 3125/3125 3068/3068 3126/3126
f 3134/3134 3060/3060 3096/3096
f 3116/3116 3107/3107 3135/3135
f 3135/3135 3107/3107 626/626
f 3071/3071 3027/3027 3056/3056
f 3103/3103 3084/3084 3133/3133
f 3124/3124 3077/3077 3136/3136
f 3136/3136 3077/3077 3105/3105
f 3068/3068 3043/3043 3126/3126
f 3086/3086 3093/3093 3127/3127
f 3127/3127 3045/3045 3128/3128
f 3137/3137 3074/3074 3125/3125
f 3074/3074 3091/3091 3125/3125
f 3138/3138 3086/3086 3127/3127
f 3101/3101 3060/3060 3134/3134
f 3139/3139 3054/3054 3079/3079
f 3079/3079 3121/3121 3140/3140
f 3140/3140 3121/3121 3110/3110
f 3132/3132 3112/3112 3141/3141
f 3142/3142 3111/3111 3071/3071
f 3072/3072 3113/3113 3143/3143
f 3144/3144 3113/3113 3117/3117
f 3117/3117 3118/3118 3144/3144
f 3125/3125 3126/3126 3145/3145
f 3146/3146 3078/3078 670/670
f 3078/3078 3085/3085 670/670
f 670/670 3085/3085 668/668
f 3147/3147 3063/3063 3129/3129
f 3108/3108 3023/3023 3131/3131
f 3139/3139 3131/3131 3054/3054
f 3056/3056 3072/3072 3143/3143
f 3148/3148 3133/3133 3104/3104
f 3104/3104 3057/3057 3148/3148
f 3057/3057 3119/3119 3149/3149
f 3150/3150 3105/3105 3040/3040
f 3092/3092 3078/3078 684/684
f 668/668 3086/3086 3151/3151
f 3151/3151 3086/3086 3138/3138
f 3152/3152 3106/3106 3101/3101
f 3116/3116 3135/3135 3153/3153
f 3153/3153 3135/3135 626/626
f 3139/3139 3079/3079 3154/3154
f 3154/3154 3079/3079 3140/3140
f 3142/3142 3071/3071 3155/3155
f 3155/3155 3071/3071 3056/3056
f 3126/3126 3092/3092 684/684
f 3152/3152 3101/3101 3156/3156
f 3096/3096 3097/3097 3157/3157
f 3099/3099 3063/3063 3147/3147
f 3130/3130 3064/3064 3158/3158
f 3159/3159 3115/3115 3116/3116
f 3076/3076 3029/3029 3160/3160
f 3160/3160 3029/3029 3108/3108
f 628/628 3132/3132 3161/3161
f 3161/3161 3132/3132 3141/3141
f 3144/3144 3118/3118 3103/3103
f 3148/3148 3057/3057 3149/3149
f 3150/3150 3040/3040 3162/3162
f 3162/3162 3040/3040 3114/3114
f 3067/3067 3074/3074 3137/3137
f 3146/3146 684/684 3078/3078
f 3100/3100 3106/3106 3152/3152
f 3157/3157 3097/3097 3098/3098
f 3159/3159 3116/3116 3163/3163
f 3163/3163 3116/3116 3153/3153
f 3164/3164 618/618 627/627
f 3103/3103 3133/3133 3165/3165
f 3165/3165 3133/3133 3148/3148
f 3058/3058 3120/3120 3166/3166
f 3125/3125 3145/3145 3167/3167
f 3126/3126 684/684 686/686
f 3168/3168 3127/3127 3128/3128
f 3168/3168 3128/3128 3094/3094
f 3095/3095 3100/3100 3169/3169
f 3169/3169 3100/3100 3152/3152
f 3164/3164 627/627 663/663
f 3140/3140 3110/3110 3170/3170
f 665/665 3122/3122 621/621
f 3171/3171 3113/3113 3172/3172
f 3113/3113 3144/3144 3173/3173
f 3144/3144 3103/3103 3174/3174
f 3165/3165 3148/3148 3175/3175
f 3149/3149 3119/3119 3176/3176
f 3176/3176 3119/3119 3123/3123
f 3176/3176 3123/3123 3177/3177
f 3150/3150 3136/3136 3105/3105
f 3145/3145 3126/3126 686/686
f 3178/3178 3096/3096 3157/3157
f 664/664 628/628 3161/3161
f 3143/3143 3113/3113 3171/3171
f 3174/3174 3103/3103 3165/3165
f 3177/3177 3123/3123 3124/3124
f 3120/3120 3066/3066 3179/3179
f 3180/3180 3067/3067 3137/3137
f 3137/3137 3125/3125 3181/3181
f 684/684 3146/3146 685/685
f 669/669 3146/3146 670/670
f 3157/3157 3098/3098 3182/3182
f 3183/3183 3099/3099 3147/3147
f 3184/3184 3056/3056 3143/3143
f 3172/3172 3113/3113 3173/3173
f 3124/3124 3136/3136 3185/3185
f 3114/3114 3058/3058 3186/3186
f 669/669 668/668 3151/3151
f 3168/3168 3094/3094 3187/3187
f 3188/3188 3095/3095 3169/3169
f 3153/3153 626/626 676/676
f 3108/3108 3131/3131 3139/3139
f 3189/3189 3139/3139 3154/3154
f 3175/3175 3148/3148 3190/3190
f 3186/3186 3058/3058 3166/3166
f 3167/3167 3145/3145 686/686
f 685/685 3146/3146 3191/3191
f 3191/3191 3146/3146 669/669
f 3138/3138 3127/3127 3192/3192
f 3192/3192 3127/3127 3168/3168
f 3169/3169 3152/3152 3193/3193
f 3147/3147 3129/3129 3194/3194
f 3195/3195 3147/3147 3194/3194
f 3194/3194 3129/3129 3130/3130
f 3155/3155 3056/3056 3184/3184
f 3177/3177 3124/3124 3196/3196
f 3196/3196 3124/3124 3185/3185
f 3185/3185 3136/3136 3150/3150
f 3134/3134 3096/3096 3178/3178
f 3194/3194 3130/3130 3197/3197
f 3197/3197 3130/3130 3158/3158
f 3154/3154 3140/3140 3198/3198
f 3198/3198 3140/3140 3170/3170
f 3161/3161 3141/3141 3199/3199
f 3200/3200 3142/3142 3155/3155
f 3148/3148 3149/3149 3176/3176
f 3181/3181 3125/3125 3167/3167
f 3151/3151 3138/3138 3201/3201
f 3201/3201 3138/3138 3192/3192
f 3156/3156 3101/3101 3134/3134
f 3183/3183 3147/3147 3195/3195
f 3202/3202 3159/3159 3163/3163
f 701/701 3164/3164 663/663
f 3203/3203 3076/3076 3160/3160
f 3204/3204 3108/3108 3189/3189
f 3189/3189 3108/3108 3139/3139
f 3198/3198 3170/3170 3205/3205
f 3173/3173 3144/3144 3206/3206
f 3206/3206 3144/3144 3174/3174
f 3190/3190 3148/3148 3176/3176
f 3162/3162 3114/3114 3186/3186
f 3207/3207 3120/3120 3179/3179
f 3188/3188 3169/3169 3208/3208
f 3208/3208 3169/3169 3193/3193
f 3189/3189 3154/3154 3209/3209
f 3209/3209 3154/3154 3198/3198
f 690/690 664/664 3161/3161
f 690/690 3161/3161 3210/3210
f 3210/3210 3161/3161 3199/3199
f 3185/3185 3150/3150 3211/3211
f 3193/3193 3152/3152 3156/3156
f 3156/3156 3134/3134 3212/3212
f 3212/3212 3134/3134 3178/3178
f 3213/3213 3178/3178 3157/3157
f 3163/3163 3153/3153 3214/3214
f 3214/3214 3153/3153 676/676
f 3206/3206 3174/3174 3215/3215
f 3165/3165 3175/3175 3216/3216
f 3217/3217 3190/3190 3176/3176
f 3218/3218 3177/3177 3196/3196
f 3196/3196 3185/3185 3211/3211
f 3186/3186 3166/3166 3219/3219
f 3166/3166 3120/3120 3207/3207
f 3220/3220 3137/3137 3181/3181
f 3221/3221 686/686 685/685
f 3212/3212 3178/3178 3213/3213
f 3222/3222 3157/3157 3182/3182
f 3223/3223 3189/3189 3209/3209
f 3209/3209 3198/3198 3224/3224
f 690/690 3225/3225 682/682
f 3226/3226 3225/3225 690/690
f 3226/3226 690/690 3227/3227
f 3227/3227 690/690 3210/3210
f 3227/3227 3210/3210 3228/3228
f 3228/3228 3210/3210 3199/3199
f 3171/3171 3172/3172 3229/3229
f 3174/3174 3165/3165 3215/3215
f 3216/3216 3175/3175 3190/3190
f 3162/3162 3186/3186 3230/3230
f 3231/3231 3191/3191 669/669
f 3192/3192 3168/3168 3232/3232
f 3193/3193 3156/3156 3233/3233
f 3213/3213 3157/3157 3222/3222
f 3209/3209 3224/3224 3234/3234
f 709/709 3226/3226 3227/3227
f 709/709 3227/3227 710/710
f 710/710 3227/3227 3228/3228
f 3229/3229 3172/3172 3173/3173
f 3215/3215 3165/3165 3216/3216
f 3211/3211 3150/3150 3235/3235
f 3235/3235 3150/3150 3162/3162
f 685/685 3191/3191 3231/3231
f 3231/3231 669/669 3236/3236
f 3232/3232 3168/3168 3187/3187
f 3208/3208 3193/3193 3233/3233
f 3222/3222 3182/3182 3237/3237
f 3238/3238 3183/3183 3195/3195
f 3189/3189 3223/3223 3239/3239
f 3155/3155 3184/3184 3240/3240
f 3219/3219 3166/3166 3207/3207
f 3180/3180 3137/3137 3220/3220
f 669/669 3151/3151 773/773
f 3241/3241 3201/3201 3192/3192
f 3188/3188 3208/3208 3242/3242
f 3242/3242 3208/3208 3233/3233
f 3243/3243 3213/3213 3222/3222
f 3203/3203 3160/3160 3244/3244
f 3244/3244 3160/3160 3108/3108
f 3204/3204 3189/3189 3239/3239
f 3229/3229 3173/3173 3245/3245
f 3173/3173 3206/3206 3245/3245
f 3246/3246 3190/3190 3217/3217
f 3217/3217 3176/3176 3177/3177
f 3181/3181 3167/3167 3247/3247
f 3248/3248 3167/3167 686/686
f 3244/3244 3108/3108 3249/3249
f 3249/3249 3108/3108 3204/3204
f 710/710 3228/3228 3250/3250
f 3250/3250 3228/3228 3199/3199
f 3245/3245 3206/3206 3215/3215
f 3216/3216 3190/3190 3246/3246
f 3247/3247 3167/3167 3248/3248
f 3248/3248 686/686 3221/3221
f 3221/3221 685/685 3231/3231
f 3151/3151 3201/3201 3241/3241
f 3212/3212 3213/3213 3243/3243
f 3223/3223 3209/3209 3251/3251
f 3251/3251 3209/3209 3234/3234
f 716/716 710/710 3250/3250
f 3252/3252 3215/3215 3216/3216
f 3253/3253 3196/3196 3211/3211
f 3235/3235 3162/3162 3254/3254
f 3254/3254 3162/3162 3230/3230
f 3202/3202 3163/3163 757/757
f 759/759 3202/3202 757/757
f 757/757 3163/3163 3214/3214
f 3214/3214 676/676 721/721
f 3250/3250 3199/3199 3255/3255
f 3256/3256 3200/3200 3155/3155
f 3184/3184 3143/3143 3257/3257
f 3240/3240 3184/3184 3257/3257
f 3257/3257 3143/3143 3171/3171
f 3220/3220 3181/3181 3258/3258
f 3242/3242 3233/3233 3259/3259
f 3259/3259 3233/3233 3156/3156
f 757/757 3214/3214 3260/3260
f 3260/3260 3214/3214 721/721
f 3251/3251 3234/3234 3261/3261
f 3261/3261 3234/3234 3262/3262
f 3261/3261 3262/3262 3263/3263
f 3256/3256 3155/3155 3264/3264
f 3264/3264 3155/3155 3240/3240
f 3217/3217 3177/3177 3218/3218
f 3265/3265 3218/3218 3196/3196
f 3265/3265 3196/3196 3253/3253
f 3258/3258 3181/3181 3247/3247
f 3232/3232 3187/3187 3266/3266
f 3267/3267 3188/3188 3242/3242
f 3268/3268 3212/3212 3243/3243
f 3229/3229 3245/3245 3269/3269
f 3269/3269 3245/3245 3215/3215
f 3253/3253 3211/3211 3270/3270
f 3270/3270 3211/3211 3235/3235
f 3271/3271 3207/3207 3179/3179
f 3248/3248 3221/3221 3272/3272
f 3272/3272 3221/3221 3231/3231
f 775/775 3236/3236 669/669
f 775/775 669/669 773/773
f 773/773 3151/3151 3241/3241
f 3241/3241 3192/3192 3232/3232
f 3273/3273 3212/3212 3268/3268
f 3243/3243 3222/3222 3274/3274
f 3274/3274 3222/3222 3237/3237
f 3239/3239 3223/3223 3275/3275
f 3275/3275 3223/3223 3251/3251
f 3246/3246 3217/3217 3276/3276
f 3273/3273 3156/3156 3212/3212
f 3277/3277 3243/3243 3274/3274
f 3278/3278 3229/3229 3269/3269
f 3269/3269 3215/3215 3279/3279
f 3280/3280 3252/3252 3216/3216
f 3280/3280 3216/3216 3246/3246
f 3219/3219 3230/3230 3186/3186
f 3220/3220 3258/3258 3281/3281
f 3238/3238 3195/3195 3282/3282
f 3204/3204 3239/3239 3283/3283
f 741/741 716/716 3250/3250
f 3171/3171 3229/3229 3278/3278
f 3279/3279 3215/3215 3252/3252
f 3276/3276 3217/3217 3218/3218
f 3218/3218 3265/3265 3276/3276
f 3284/3284 3253/3253 3270/3270
f 3219/3219 3207/3207 3271/3271
f 3285/3285 3220/3220 3281/3281
f 3272/3272 3231/3231 3286/3286
f 3286/3286 3231/3231 3236/3236
f 3259/3259 3156/3156 3273/3273
f 720/720 3287/3287 760/760
f 3249/3249 3204/3204 3288/3288
f 741/741 3250/3250 3289/3289
f 3289/3289 3250/3250 3255/3255
f 3290/3290 3171/3171 3278/3278
f 3280/3280 3246/3246 3291/3291
f 3246/3246 3276/3276 3291/3291
f 3270/3270 3235/3235 3292/3292
f 3180/3180 3220/3220 3285/3285
f 3281/3281 3258/3258 3293/3293
f 3293/3293 3258/3258 3247/3247
f 3247/3247 3248/3248 3294/3294
f 3294/3294 3248/3248 3272/3272
f 3241/3241 3232/3232 3295/3295
f 3197/3197 3158/3158 3296/3296
f 3260/3260 721/721 751/751
f 3283/3283 3239/3239 3275/3275
f 3257/3257 3171/3171 3290/3290
f 3297/3297 3278/3278 3269/3269
f 3284/3284 3270/3270 3292/3292
f 3293/3293 3247/3247 3294/3294
f 3298/3298 3286/3286 3236/3236
f 3242/3242 3259/3259 3299/3299
f 758/758 757/757 3260/3260
f 758/758 3260/3260 3300/3300
f 3300/3300 3260/3260 751/751
f 3288/3288 3204/3204 3283/3283
f 3251/3251 3261/3261 3301/3301
f 741/741 3302/3302 733/733
f 3302/3302 741/741 3303/3303
f 3304/3304 3302/3302 3303/3303
f 3303/3303 741/741 3289/3289
f 3305/3305 3272/3272 3286/3286
f 3298/3298 3236/3236 775/775
f 773/773 3241/3241 3306/3306
f 3307/3307 773/773 3306/3306
f 3308/3308 3232/3232 3266/3266
f 3267/3267 3242/3242 3309/3309
f 3309/3309 3242/3242 3299/3299
f 3268/3268 3243/3243 3277/3277
f 3274/3274 3237/3237 3310/3310
f 3311/3311 3238/3238 3282/3282
f 3297/3297 3269/3269 3312/3312
f 3312/3312 3269/3269 3279/3279
f 3279/3279 3252/3252 3313/3313
f 3313/3313 3252/3252 3280/3280
f 3230/3230 3219/3219 3314/3314
f 3315/3315 3294/3294 3272/3272
f 3306/3306 3241/3241 3295/3295
f 3295/3295 3232/3232 3308/3308
f 3299/3299 3259/3259 3273/3273
f 3282/3282 3195/3195 3194/3194
f 3265/3265 3253/3253 3284/3284
f 3254/3254 3230/3230 3314/3314
f 3315/3315 3272/3272 3305/3305
f 3268/3268 3277/3277 3316/3316
f 3194/3194 3197/3197 3317/3317
f 3317/3317 3197/3197 3296/3296
f 3303/3303 3289/3289 3318/3318
f 3318/3318 3289/3289 3255/3255
f 3280/3280 3291/3291 3319/3319
f 3320/3320 3235/3235 3254/3254
f 3321/3321 775/775 774/774
f 774/774 773/773 3307/3307
f 3316/3316 3277/3277 3274/3274
f 3275/3275 3251/3251 3322/3322
f 3322/3322 3251/3251 3301/3301
f 3322/3322 3301/3301 3323/3323
f 3324/3324 3304/3304 3303/3303
f 3290/3290 3278/3278 3297/3297
f 3312/3312 3279/3279 3313/3313
f 3325/3325 3265/3265 3284/3284
f 3292/3292 3235/3235 3320/3320
f 3316/3316 3274/3274 3326/3326
f 3326/3326 3274/3274 3310/3310
f 3318/3318 3255/3255 3327/3327
f 3328/3328 3256/3256 3264/3264
f 3319/3319 3291/3291 3329/3329
f 3285/3285 3281/3281 3330/3330
f 3330/3330 3281/3281 3293/3293
f 3306/3306 3295/3295 3331/3331
f 3331/3331 3295/3295 3308/3308
f 3309/3309 3299/3299 3332/3332
f 3333/3333 3273/3273 3268/3268
f 3333/3333 3268/3268 3316/3316
f 758/758 3300/3300 3334/3334
f 3300/3300 751/751 787/787
f 3334/3334 3300/3300 787/787
f 3335/3335 3257/3257 3290/3290
f 3290/3290 3297/3297 3336/3336
f 3297/3297 3312/3312 3337/3337
f 3313/3313 3280/3280 3338/3338
f 3338/3338 3280/3280 3319/3319
f 3329/3329 3291/3291 3276/3276
f 3276/3276 3265/3265 3325/3325
f 3314/3314 3219/3219 3339/3339
f 3340/3340 3307/3307 3306/3306
f 3299/3299 3273/3273 3341/3341
f 3332/3332 3299/3299 3341/3341
f 3282/3282 3194/3194 3342/3342
f 3342/3342 3194/3194 3317/3317
f 793/793 758/758 3334/3334
f 3283/3283 3275/3275 3343/3343
f 3324/3324 3303/3303 3344/3344
f 3344/3344 3303/3303 3318/3318
f 3328/3328 3264/3264 3240/3240
f 3328/3328 3240/3240 3345/3345
f 3345/3345 3240/3240 3257/3257
f 3339/3339 3219/3219 3271/3271
f 3271/3271 3179/3179 3346/3346
f 3347/3347 3180/3180 3285/3285
f 3348/3348 3294/3294 3315/3315
f 3305/3305 3286/3286 3298/3298
f 3298/3298 775/775 3321/3321
f 3340/3340 3306/3306 3331/3331
f 3349/3349 3203/3203 3244/3244
f 3336/3336 3297/3297 3337/3337
f 3329/3329 3276/3276 3350/3350
f 3325/3325 3284/3284 3292/3292
f 3308/3308 3266/3266 3351/3351
f 3352/3352 3267/3267 3309/3309
f 3352/3352 3309/3309 3353/3353
f 3353/3353 3309/3309 3332/3332
f 3354/3354 752/752 768/768
f 3354/3354 768/768 815/815
f 3343/3343 3275/3275 3355/3355
f 3335/3335 3290/3290 3336/3336
f 3337/3337 3312/3312 3356/3356
f 3356/3356 3312/3312 3357/3357
f 3357/3357 3312/3312 3313/3313
f 3358/3358 3292/3292 3320/3320
f 3320/3320 3254/3254 3314/3314
f 3339/3339 3271/3271 3359/3359
f 3359/3359 3271/3271 3346/3346
f 774/774 3307/3307 3360/3360
f 3360/3360 3307/3307 3340/3340
f 3331/3331 3308/3308 3361/3361
f 3361/3361 3308/3308 3351/3351
f 3362/3362 3282/3282 3342/3342
f 3345/3345 3257/3257 3363/3363
f 3363/3363 3257/3257 3335/3335
f 3336/3336 3337/3337 3356/3356
f 3313/3313 3338/3338 3364/3364
f 3330/3330 3293/3293 3365/3365
f 3293/3293 3294/3294 3348/3348
f 3365/3365 3293/3293 3348/3348
f 3366/3366 3305/3305 3298/3298
f 3341/3341 3273/3273 3333/3333
f 3288/3288 3283/3283 3343/3343
f 3344/3344 3318/3318 3367/3367
f 3367/3367 3318/3318 3327/3327
f 3316/3316 3326/3326 3368/3368
f 3244/3244 3249/3249 3369/3369
f 3369/3369 3249/3249 3288/3288
f 3355/3355 3275/3275 3322/3322
f 3364/3364 3338/3338 3370/3370
f 3338/3338 3319/3319 3371/3371
f 3319/3319 3329/3329 3372/3372
f 3325/3325 3292/3292 3358/3358
f 3347/3347 3285/3285 3373/3373
f 3315/3315 3305/3305 3374/3374
f 3366/3366 3298/3298 3375/3375
f 3375/3375 3298/3298 3321/3321
f 3321/3321 774/774 3360/3360
f 3332/3332 3341/3341 3376/3376
f 3333/3333 3316/3316 3377/3377
f 3368/3368 3326/3326 3310/3310
f 3362/3362 3311/3311 3282/3282
f 3371/3371 3319/3319 3372/3372
f 3372/3372 3329/3329 3350/3350
f 3350/3350 3276/3276 3378/3378
f 3379/3379 3325/3325 3358/3358
f 3320/3320 3314/3314 3380/3380
f 3380/3380 3314/3314 3339/3339
f 3348/3348 3315/3315 3374/3374
f 3374/3374 3305/3305 3381/3381
f 3305/3305 3366/3366 3381/3381
f 3375/3375 3321/3321 3382/3382
f 3377/3377 3316/3316 3368/3368
f 3317/3317 3296/3296 3383/3383
f 3384/3384 3343/3343 3355/3355
f 3367/3367 3327/3327 3385/3385
f 3386/3386 3328/3328 3345/3345
f 3336/3336 3356/3356 3387/3387
f 3357/3357 3313/3313 3364/3364
f 3370/3370 3338/3338 3371/3371
f 3378/3378 3276/3276 3325/3325
f 3388/3388 3320/3320 3380/3380
f 3382/3382 3321/3321 3360/3360
f 826/826 793/793 3334/3334
f 3334/3334 787/787 827/827
f 3322/3322 3323/3323 3389/3389
f 3390/3390 3324/3324 3344/3344
f 3378/3378 3325/3325 3379/3379
f 3391/3391 3340/3340 3392/3392
f 3392/3392 3340/3340 3331/3331
f 3353/3353 3332/3332 3376/3376
f 3393/3393 3341/3341 3333/3333
f 3368/3368 3310/3310 3394/3394
f 3395/3395 3311/3311 3362/3362
f 826/826 3334/3334 3396/3396
f 3396/3396 3334/3334 827/827
f 3390/3390 3344/3344 3397/3397
f 3397/3397 3344/3344 3367/3367
f 3386/3386 3345/3345 3398/3398
f 3398/3398 3345/3345 3363/3363
f 3358/3358 3320/3320 3399/3399
f 3399/3399 3320/3320 3388/3388
f 3400/3400 3339/3339 3359/3359
f 3401/3401 3359/3359 3346/3346
f 3373/3373 3285/3285 3330/3330
f 3360/3360 3340/3340 3391/3391
f 3392/3392 3331/3331 3361/3361
f 3369/3369 3288/3288 3343/3343
f 3387/3387 3356/3356 3357/3357
f 3371/3371 3372/3372 3402/3402
f 3384/3384 3355/3355 3322/3322
f 3384/3384 3322/3322 3403/3403
f 3403/3403 3322/3322 3389/3389
f 3400/3400 3359/3359 3401/3401
f 3381/3381 3366/3366 3375/3375
f 3333/3333 3377/3377 3404/3404
f 3393/3393 3333/3333 3404/3404
f 3404/3404 3377/3377 3405/3405
f 3349/3349 3244/3244 3406/3406
f 3406/3406 3244/3244 3369/3369
f 3369/3369 3343/3343 3407/3407
f 3407/3407 3343/3343 3384/3384
f 3397/3397 3367/3367 3408/3408
f 3408/3408 3367/3367 3385/3385
f 3409/3409 3336/3336 3387/3387
f 3380/3380 3339/3339 3400/3400
f 3365/3365 3348/3348 898/898
f 3405/3405 3377/3377 3368/3368
f 3354/3354 815/815 844/844
f 3410/3410 3354/3354 844/844
f 3411/3411 3386/3386 3398/3398
f 3398/3398 3363/3363 3412/3412
f 3335/3335 3336/3336 3409/3409
f 3387/3387 3357/3357 3413/3413
f 3413/3413 3357/3357 3364/3364
f 3372/3372 3350/3350 3414/3414
f 3415/3415 3330/3330 3365/3365
f 3416/3416 3392/3392 3361/3361
f 3352/3352 3353/3353 3417/3417
f 3417/3417 3353/3353 3376/3376
f 3405/3405 3368/3368 3394/3394
f 3362/3362 3342/3342 3418/3418
f 3418/3418 3342/3342 3317/3317
f 3419/3419 3370/3370 3371/3371
f 3419/3419 3371/3371 3402/3402
f 3402/3402 3372/3372 3414/3414
f 3350/3350 3378/3378 3414/3414
f 898/898 3348/3348 3374/3374
f 3420/3420 3374/3374 3381/3381
f 3421/3421 3376/3376 3341/3341
f 3418/3418 3317/3317 3422/3422
f 3422/3422 3317/3317 3383/3383
f 848/848 826/826 3396/3396
f 3407/3407 3384/3384 3423/3423
f 3413/3413 3364/3364 3370/3370
f 3414/3414 3378/3378 3379/3379
f 3379/3379 3358/3358 3399/3399
f 3401/3401 3346/3346 3424/3424
f 3425/3425 3347/3347 3373/3373
f 898/898 3374/3374 3420/3420
f 3361/3361 3351/3351 3426/3426
f 3427/3427 3352/3352 3417/3417
f 3417/3417 3376/3376 3421/3421
f 3421/3421 3341/3341 3393/3393
f 3428/3428 3362/3362 3418/3418
f 3390/3390 3397/3397 3429/3429
f 3429/3429 3397/3397 3408/3408
f 3411/3411 3398/3398 3412/3412
f 3430/3430 3370/3370 3419/3419
f 3373/3373 3330/3330 3431/3431
f 3423/3423 3384/3384 3403/3403
f 3403/3403 3389/3389 3432/3432
f 3433/3433 3390/3390 3429/3429
f 3408/3408 3385/3385 3434/3434
f 3363/3363 3335/3335 3435/3435
f 3435/3435 3335/3335 3409/3409
f 3425/3425 3373/3373 3431/3431
f 3405/3405 3394/3394 3436/3436
f 3437/3437 3395/3395 3362/3362
f 3437/3437 3362/3362 3428/3428
f 3438/3438 3349/3349 3406/3406
f 3429/3429 3408/3408 3439/3439
f 3439/3439 3408/3408 3434/3434
f 3413/3413 3370/3370 3430/3430
f 3440/3440 3414/3414 3379/3379
f 3441/3441 3399/3399 3388/3388
f 3441/3441 3388/3388 3380/3380
f 3420/3420 3381/3381 3442/3442
f 3442/3442 3381/3381 3375/3375
f 3391/3391 3382/3382 3360/3360
f 3416/3416 3361/3361 3443/3443
f 3443/3443 3361/3361 3426/3426
f 3444/3444 3393/3393 3404/3404
f 3369/3369 3407/3407 3445/3445
f 3387/3387 3413/3413 3446/3446
f 3409/3409 3387/3387 3446/3446
f 3379/3379 3399/3399 3447/3447
f 3448/3448 3399/3399 3441/3441
f 3380/3380 3400/3400 3449/3449
f 3449/3449 3400/3400 3401/3401
f 3415/3415 3365/3365 898/898
f 3391/3391 3392/3392 3416/3416
f 3421/3421 3393/3393 3444/3444
f 3444/3444 3404/3404 3450/3450
f 3396/3396 827/827 869/869
f 3412/3412 3363/3363 3435/3435
f 3440/3440 3379/3379 3447/3447
f 898/898 3420/3420 3451/3451
f 3452/3452 3375/3375 3382/3382
f 3452/3452 3382/3382 3391/3391
f 3453/3453 3391/3391 3416/3416
f 3404/3404 3405/3405 3454/3454
f 3454/3454 3405/3405 3436/3436
f 3455/3455 3423/3423 3403/3403
f 3435/3435 3409/3409 3456/3456
f 3446/3446 3413/3413 3430/3430
f 3419/3419 3402/3402 3457/3457
f 3457/3457 3402/3402 3414/3414
f 3451/3451 3420/3420 3458/3458
f 3427/3427 3417/3417 3459/3459
f 3459/3459 3417/3417 3460/3460
f 848/848 3396/3396 3461/3461
f 3461/3461 3396/3396 869/869
f 3407/3407 3423/3423 3455/3455
f 3430/3430 3419/3419 3457/3457
f 3441/3441 3380/3380 3449/3449
f 3462/3462 3431/3431 3330/3330
f 3458/3458 3420/3420 3463/3463
f 3463/3463 3420/3420 3442/3442
f 3442/3442 3375/3375 3452/3452
f 3452/3452 3391/3391 3464/3464
f 3464/3464 3391/3391 3453/3453
f 3453/3453 3416/3416 3443/3443
f 3465/3465 3421/3421 3444/3444
f 3450/3450 3404/3404 3454/3454
f 3437/3437 3428/3428 3466/3466
f 3433/3433 3429/3429 3467/3467
f 3467/3467 3429/3429 3439/3439
f 3439/3439 3434/3434 3468/3468
f 3456/3456 3409/3409 3469/3469
f 3469/3469 3409/3409 3446/3446
f 3470/3470 3446/3446 3430/3430
f 3425/3425 3431/3431 3471/3471
f 3471/3471 3431/3431 3462/3462
f 3460/3460 3417/3417 3421/3421
f 3454/3454 3436/3436 3472/3472
f 3473/3473 3437/3437 3466/3466
f 3422/3422 3383/3383 3474/3474
f 3475/3475 3410/3410 844/844
f 3403/3403 3432/3432 3476/3476
f 3477/3477 3433/3433 3467/3467
f 3467/3467 3439/3439 3478/3478
f 3478/3478 3439/3439 3468/3468
f 3479/3479 3411/3411 3412/3412
f 3469/3469 3446/3446 3480/3480
f 3481/3481 3446/3446 3470/3470
f 3482/3482 3430/3430 3457/3457
f 3448/3448 3441/3441 3483/3483
f 3484/3484 3441/3441 3449/3449
f 3401/3401 3424/3424 3485/3485
f 3486/3486 3425/3425 3471/3471
f 3415/3415 898/898 897/897
f 896/896 3451/3451 3458/3458
f 3487/3487 3453/3453 3443/3443
f 3460/3460 3421/3421 3465/3465
f 3466/3466 3428/3428 3418/3418
f 924/924 848/848 3461/3461
f 3461/3461 869/869 893/893
f 3488/3488 3481/3481 3470/3470
f 3457/3457 3414/3414 3489/3489
f 3414/3414 3440/3440 3489/3489
f 3440/3440 3447/3447 3490/3490
f 3490/3490 3399/3399 3448/3448
f 3491/3491 3401/3401 3485/3485
f 3462/3462 3330/3330 3415/3415
f 896/896 898/898 3451/3451
f 3463/3463 3442/3442 3452/3452
f 3464/3464 3453/3453 3487/3487
f 3465/3465 3444/3444 3450/3450
f 3455/3455 3403/3403 3492/3492
f 3492/3492 3403/3403 3476/3476
f 3467/3467 3478/3478 3493/3493
f 3493/3493 3478/3478 3468/3468
f 3470/3470 3430/3430 3488/3488
f 3447/3447 3399/3399 3490/3490
f 3494/3494 3458/3458 3463/3463
f 3495/3495 3454/3454 3472/3472
f 3480/3480 3446/3446 3481/3481
f 3490/3490 3448/3448 3496/3496
f 3496/3496 3448/3448 3483/3483
f 3483/3483 3441/3441 3484/3484
f 3449/3449 3401/3401 3491/3491
f 3497/3497 896/896 3458/3458
f 3497/3497 3458/3458 3494/3494
f 3494/3494 3463/3463 3498/3498
f 3498/3498 3463/3463 3452/3452
f 3465/3465 3450/3450 3499/3499
f 3495/3495 3472/3472 3500/3500
f 3501/3501 3473/3473 3466/3466
f 3477/3477 3467/3467 3502/3502
f 3502/3502 3467/3467 3493/3493
f 3488/3488 3430/3430 3482/3482
f 3471/3471 3462/3462 3503/3503
f 897/897 896/896 3504/3504
f 3504/3504 896/896 3497/3497
f 3452/3452 3464/3464 3505/3505
f 3487/3487 3443/3443 3506/3506
f 3459/3459 3460/3460 3507/3507
f 3450/3450 3454/3454 3508/3508
f 3508/3508 3454/3454 3495/3495
f 3509/3509 3466/3466 3418/3418
f 3418/3418 3422/3422 3510/3510
f 3510/3510 3422/3422 3474/3474
f 924/924 3461/3461 3511/3511
f 3511/3511 3461/3461 893/893
f 3512/3512 3475/3475 844/844
f 3512/3512 844/844 912/912
f 3479/3479 3412/3412 3513/3513
f 3513/3513 3412/3412 3514/3514
f 3514/3514 3412/3412 3435/3435
f 3435/3435 3456/3456 3514/3514
f 3514/3514 3456/3456 3515/3515
f 3456/3456 3469/3469 3515/3515
f 3482/3482 3457/3457 3489/3489
f 3462/3462 3415/3415 3503/3503
f 3503/3503 3415/3415 3516/3516
f 3516/3516 3415/3415 897/897
f 3504/3504 3497/3497 953/953
f 3505/3505 3464/3464 3517/3517
f 3517/3517 3464/3464 3487/3487
f 3443/3443 3426/3426 3518/3518
f 3519/3519 3427/3427 3459/3459
f 3507/3507 3460/3460 3520/3520
f 3520/3520 3460/3460 3465/3465
f 3499/3499 3450/3450 3508/3508
f 883/883 882/882 919/919
f 3445/3445 3407/3407 3521/3521
f 3521/3521 3407/3407 3455/3455
f 3502/3502 3493/3493 3522/3522
f 3522/3522 3493/3493 3468/3468
f 3515/3515 3469/3469 3480/3480
f 3515/3515 3480/3480 3523/3523
f 3480/3480 3481/3481 3523/3523
f 3516/3516 897/897 3504/3504
f 3524/3524 3504/3504 953/953
f 953/953 3497/3497 954/954
f 3497/3497 3494/3494 3525/3525
f 954/954 3497/3497 3525/3525
f 3525/3525 3494/3494 3498/3498
f 3517/3517 3487/3487 3506/3506
f 3506/3506 3443/3443 3526/3526
f 3526/3526 3443/3443 3518/3518
f 3519/3519 3459/3459 3527/3527
f 3527/3527 3459/3459 3507/3507
f 3520/3520 3465/3465 3499/3499
f 3501/3501 3466/3466 3528/3528
f 3528/3528 3466/3466 3509/3509
f 925/925 924/924 3511/3511
f 3491/3491 3485/3485 3529/3529
f 3530/3530 3486/3486 3471/3471
f 3516/3516 3504/3504 3531/3531
f 3498/3498 3452/3452 3532/3532
f 3532/3532 3452/3452 3505/3505
f 3509/3509 3418/3418 3510/3510
f 3481/3481 3488/3488 3523/3523
f 3523/3523 3488/3488 3533/3533
f 3533/3533 3488/3488 3482/3482
f 3534/3534 3482/3482 3489/3489
f 3530/3530 3471/3471 1081/1081
f 1081/1081 3471/3471 3503/3503
f 3525/3525 3498/3498 3535/3535
f 3508/3508 3495/3495 3536/3536
f 3537/3537 3508/3508 3536/3536
f 3495/3495 3500/3500 3538/3538
f 3536/3536 3495/3495 3538/3538
f 3539/3539 3501/3501 3528/3528
f 3540/3540 3479/3479 3513/3513
f 3514/3514 3515/3515 3541/3541
f 3541/3541 3515/3515 3542/3542
f 3542/3542 3515/3515 3523/3523
f 3543/3543 3523/3523 3533/3533
f 3533/3533 3482/3482 3534/3534
f 3544/3544 3489/3489 3440/3440
f 3440/3440 3490/3490 3545/3545
f 3545/3545 3490/3490 3496/3496
f 3496/3496 3483/3483 3546/3546
f 3483/3483 3484/3484 3546/3546
f 3484/3484 3449/3449 3547/3547
f 3547/3547 3449/3449 3491/3491
f 3548/3548 3491/3491 3529/3529
f 3549/3549 3503/3503 3516/3516
f 3531/3531 3504/3504 3524/3524
f 977/977 3525/3525 3535/3535
f 3535/3535 3498/3498 3532/3532
f 3519/3519 3527/3527 3550/3550
f 3550/3550 3527/3527 3507/3507
f 3499/3499 3508/3508 3537/3537
f 3510/3510 3474/3474 3551/3551
f 3477/3477 3502/3502 3552/3552
f 3552/3552 3502/3502 3522/3522
f 3534/3534 3489/3489 3544/3544
f 3544/3544 3440/3440 3545/3545
f 3545/3545 3496/3496 3546/3546
f 3547/3547 3491/3491 3548/3548
f 1081/1081 3503/3503 967/967
f 967/967 3503/3503 3549/3549
f 3531/3531 3524/3524 952/952
f 3524/3524 953/953 952/952
f 954/954 3525/3525 977/977
f 3517/3517 3506/3506 3553/3553
f 3553/3553 3506/3506 3526/3526
f 3554/3554 3507/3507 3520/3520
f 3554/3554 3520/3520 3555/3555
f 3555/3555 3520/3520 3499/3499
f 883/883 919/919 937/937
f 3556/3556 3455/3455 3492/3492
f 3522/3522 3468/3468 3557/3557
f 3558/3558 3479/3479 3540/3540
f 3513/3513 3514/3514 3559/3559
f 3559/3559 3514/3514 3560/3560
f 3560/3560 3514/3514 3541/3541
f 3542/3542 3523/3523 3543/3543
f 3561/3561 3546/3546 3484/3484
f 3561/3561 3484/3484 3547/3547
f 982/982 977/977 3535/3535
f 982/982 3535/3535 3532/3532
f 988/988 3505/3505 3517/3517
f 988/988 3517/3517 3553/3553
f 3553/3553 3526/3526 3562/3562
f 3550/3550 3507/3507 3554/3554
f 3555/3555 3499/3499 3537/3537
f 3528/3528 3509/3509 3563/3563
f 3563/3563 3509/3509 3564/3564
f 3564/3564 3509/3509 3510/3510
f 3511/3511 893/893 958/958
f 3438/3438 3406/3406 3565/3565
f 3565/3565 3406/3406 3369/3369
f 3492/3492 3476/3476 3566/3566
f 3567/3567 3477/3477 3552/3552
f 3552/3552 3522/3522 3568/3568
f 3568/3568 3522/3522 3557/3557
f 3540/3540 3513/3513 3559/3559
f 3545/3545 3546/3546 3561/3561
f 967/967 3549/3549 965/965
f 965/965 3549/3549 3569/3569
f 3569/3569 3549/3549 3516/3516
f 3569/3569 3516/3516 3570/3570
f 3570/3570 3516/3516 3531/3531
f 3570/3570 3531/3531 3571/3571
f 3571/3571 3531/3531 952/952
f 985/985 982/982 3532/3532
f 985/985 3532/3532 3505/3505
f 985/985 3505/3505 988/988
f 988/988 3553/3553 990/990
f 3562/3562 990/990 3553/3553
f 3562/3562 3526/3526 3572/3572
f 3526/3526 3518/3518 3573/3573
f 3572/3572 3526/3526 3573/3573
f 3574/3574 3519/3519 3550/3550
f 3574/3574 3550/3550 3575/3575
f 3575/3575 3550/3550 3554/3554
f 3575/3575 3554/3554 3576/3576
f 3554/3554 3555/3555 3576/3576
f 3576/3576 3555/3555 3577/3577
f 3555/3555 3537/3537 3577/3577
f 3577/3577 3537/3537 3578/3578
f 3537/3537 3536/3536 3578/3578
f 3578/3578 3536/3536 3538/3538
f 3539/3539 3528/3528 3563/3563
f 3565/3565 3369/3369 3579/3579
f 3579/3579 3369/3369 3445/3445
f 3445/3445 3521/3521 3580/3580
f 3556/3556 3492/3492 3581/3581
f 3581/3581 3492/3492 3566/3566
f 3543/3543 3533/3533 3582/3582
f 3533/3533 3534/3534 3582/3582
f 3582/3582 3534/3534 3583/3583
f 3534/3534 3544/3544 3583/3583
f 3583/3583 3544/3544 3584/3584
f 3584/3584 3544/3544 3545/3545
f 3584/3584 3545/3545 3561/3561
f 3585/3585 3548/3548 3529/3529
f 1081/1081 967/967 966/966
f 965/965 3569/3569 3586/3586
f 3586/3586 3569/3569 3570/3570
f 969/969 968/968 3587/3587
f 3587/3587 968/968 3588/3588
f 3571/3571 952/952 3589/3589
f 3589/3589 952/952 3590/3590
f 968/968 974/974 3588/3588
f 3590/3590 952/952 976/976
f 1025/1025 3591/3591 1033/1033
f 3590/3590 976/976 3592/3592
f 1033/1033 3591/3591 3593/3593
f 3592/3592 976/976 981/981
f 1033/1033 3593/3593 3594/3594
f 3592/3592 981/981 984/984
f 3592/3592 984/984 3595/3595
f 3594/3594 3593/3593 3596/3596
f 984/984 986/986 3595/3595
f 1049/1049 3597/3597 1056/1056
f 3596/3596 3593/3593 3598/3598
f 3593/3593 3599/3599 3598/3598
f 3597/3597 3600/3600 1056/1056
f 1056/1056 3600/3600 1061/1061
f 990/990 3562/3562 3601/3601
f 3601/3601 3562/3562 3602/3602
f 3562/3562 3572/3572 3602/3602
f 3572/3572 3573/3573 3603/3603
f 3602/3602 3572/3572 3603/3603
f 3604/3604 3574/3574 3575/3575
f 3575/3575 3576/3576 3605/3605
f 3604/3604 3575/3575 3605/3605
f 3605/3605 3576/3576 3606/3606
f 3576/3576 3577/3577 3607/3607
f 3606/3606 3576/3576 3607/3607
f 3607/3607 3577/3577 3608/3608
f 3577/3577 3578/3578 3608/3608
f 3608/3608 3578/3578 3538/3538
f 3608/3608 3538/3538 3609/3609
f 3610/3610 3539/3539 3563/3563
f 3564/3564 3510/3510 3611/3611
f 3611/3611 3510/3510 3551/3551
f 925/925 3612/3612 949/949
f 3612/3612 925/925 3511/3511
f 994/994 911/911 3613/3613
f 3579/3579 3445/3445 3580/3580
f 3521/3521 3455/3455 3556/3556
f 3567/3567 3552/3552 3614/3614
f 3614/3614 3552/3552 3568/3568
f 3542/3542 3543/3543 3541/3541
f 3584/3584 3561/3561 3615/3615
f 3615/3615 3561/3561 3547/3547
f 3547/3547 3548/3548 3585/3585
f 3616/3616 3617/3617 3618/3618
f 3616/3616 3618/3618 3619/3619
f 3618/3618 1000/1000 3620/3620
f 3619/3619 3618/3618 3620/3620
f 966/966 965/965 3621/3621
f 3622/3622 3623/3623 3624/3624
f 3622/3622 3624/3624 3625/3625
f 3624/3624 3626/3626 3627/3627
f 3625/3625 3624/3624 3627/3627
f 3626/3626 3617/3617 3616/3616
f 3627/3627 3626/3626 3616/3616
f 3628/3628 3629/3629 1016/1016
f 1033/1033 3594/3594 1036/1036
f 1036/1036 3594/3594 3630/3630
f 3630/3630 3594/3594 3596/3596
f 3630/3630 3596/3596 3631/3631
f 3631/3631 3596/3596 3598/3598
f 3631/3631 3598/3598 3632/3632
f 3632/3632 3598/3598 3563/3563
f 3563/3563 3598/3598 3610/3610
f 3614/3614 3568/3568 3633/3633
f 3633/3633 3568/3568 3557/3557
f 3558/3558 3540/3540 3634/3634
f 3634/3634 3540/3540 3635/3635
f 3635/3635 3540/3540 3559/3559
f 3635/3635 3559/3559 3636/3636
f 3636/3636 3559/3559 3560/3560
f 3560/3560 3541/3541 3636/3636
f 3636/3636 3541/3541 3637/3637
f 3637/3637 3541/3541 3638/3638
f 3638/3638 3541/3541 3543/3543
f 3638/3638 3543/3543 3639/3639
f 3543/3543 3582/3582 3639/3639
f 3582/3582 3583/3583 3639/3639
f 3639/3639 3583/3583 3640/3640
f 3583/3583 3584/3584 3640/3640
f 3584/3584 3615/3615 3640/3640
f 3640/3640 3615/3615 3641/3641
f 3641/3641 3615/3615 3547/3547
f 3641/3641 3547/3547 1089/1089
f 1089/1089 3547/3547 3585/3585
f 1089/1089 3585/3585 3642/3642
f 3530/3530 1081/1081 1080/1080
f 1079/1079 966/966 3621/3621
f 3616/3616 3619/3619 3643/3643
f 3643/3643 3619/3619 1112/1112
f 1112/1112 3619/3619 3644/3644
f 3644/3644 3619/3619 3620/3620
f 1000/1000 1002/1002 1092/1092
f 1092/1092 1002/1002 3645/3645
f 3622/3622 3625/3625 3646/3646
f 3646/3646 3625/3625 3647/3647
f 3647/3647 3625/3625 3627/3627
f 3647/3647 3627/3627 3643/3643
f 3627/3627 3616/3616 3643/3643
f 3628/3628 1016/1016 3648/3648
f 3649/3649 1016/1016 1018/1018
f 3649/3649 1018/1018 1022/1022
f 3649/3649 1022/1022 3650/3650
f 1022/1022 1036/1036 3650/3650
f 3650/3650 1036/1036 3651/3651
f 1036/1036 3630/3630 3651/3651
f 3630/3630 3631/3631 3652/3652
f 3652/3652 3631/3631 3632/3632
f 3652/3652 3632/3632 3653/3653
f 3653/3653 3632/3632 3563/3563
f 3653/3653 3563/3563 3564/3564
f 3612/3612 3511/3511 958/958
f 3580/3580 3521/3521 3556/3556
f 3635/3635 3636/3636 1099/1099
f 1090/1090 1089/1089 3642/3642
f 3642/3642 3585/3585 3654/3654
f 3585/3585 3529/3529 3654/3654
f 1099/1099 3636/3636 1097/1097
f 1097/1097 3636/3636 3655/3655
f 1097/1097 3655/3655 1098/1098
f 3636/3636 3637/3637 3655/3655
f 3655/3655 3637/3637 3656/3656
f 3655/3655 3656/3656 1098/1098
f 1098/1098 3656/3656 1101/1101
f 3656/3656 3637/3637 3638/3638
f 1101/1101 3656/3656 1103/1103
f 3656/3656 3638/3638 3657/3657
f 3656/3656 3657/3657 1103/1103
f 3657/3657 3638/3638 3639/3639
f 3657/3657 3639/3639 3658/3658
f 1103/1103 3657/3657 3658/3658
f 1103/1103 3658/3658 1104/1104
f 3658/3658 3639/3639 3659/3659
f 3658/3658 3659/3659 1104/1104
f 1104/1104 3659/3659 1107/1107
f 3639/3639 3640/3640 3660/3660
f 3659/3659 3639/3639 3660/3660
f 1107/1107 3659/3659 3660/3660
f 3660/3660 3640/3640 3661/3661
f 1107/1107 3660/3660 3661/3661
f 1107/1107 3661/3661 1108/1108
f 3661/3661 3640/3640 3641/3641
f 3661/3661 3641/3641 1089/1089
f 3661/3661 1089/1089 1091/1091
f 1108/1108 3661/3661 1091/1091
f 1079/1079 3621/3621 3662/3662
f 3662/3662 3621/3621 3663/3663
f 3662/3662 3663/3663 3664/3664
f 3665/3665 3646/3646 3666/3666
f 3646/3646 3647/3647 3666/3666
f 3666/3666 3647/3647 1111/1111
f 3647/3647 3643/3643 1111/1111
f 1111/1111 3643/3643 1112/1112
f 3644/3644 3620/3620 1093/1093
f 1093/1093 3620/3620 1000/1000
f 1016/1016 3649/3649 3648/3648
f 3649/3649 3650/3650 3667/3667
f 3667/3667 3650/3650 3651/3651
f 3667/3667 3651/3651 3668/3668
f 3668/3668 3651/3651 3669/3669
f 3669/3669 3651/3651 3630/3630
f 3669/3669 3630/3630 3670/3670
f 3670/3670 3630/3630 3652/3652
f 3670/3670 3652/3652 3671/3671
f 3671/3671 3652/3652 3672/3672
f 3652/3652 3653/3653 3672/3672
f 3672/3672 3653/3653 3611/3611
f 3611/3611 3653/3653 3564/3564
f 3611/3611 3551/3551 3673/3673
f 1281/1281 3612/3612 958/958
f 3581/3581 3566/3566 3674/3674
f 3675/3675 3567/3567 3614/3614
f 3558/3558 3634/3634 3676/3676
f 3634/3634 3635/3635 3677/3677
f 3676/3676 3634/3634 3677/3677
f 3677/3677 3635/3635 1099/1099
f 3677/3677 1099/1099 3678/3678
f 1099/1099 1100/1100 3678/3678
f 3678/3678 1100/1100 3679/3679
f 1100/1100 1102/1102 3679/3679
f 3679/3679 1102/1102 3680/3680
f 3680/3680 1102/1102 1105/1105
f 3680/3680 1105/1105 3681/3681
f 1105/1105 1106/1106 3681/3681
f 3681/3681 1106/1106 3682/3682
f 3682/3682 1106/1106 3683/3683
f 1106/1106 1109/1109 3683/3683
f 3683/3683 1109/1109 3684/3684
f 3684/3684 1109/1109 1090/1090
f 3684/3684 1090/1090 3642/3642
f 3642/3642 3654/3654 3685/3685
f 3686/3686 1080/1080 1079/1079
f 3686/3686 1079/1079 3687/3687
f 3687/3687 1079/1079 3662/3662
f 3687/3687 3662/3662 3688/3688
f 3688/3688 3662/3662 3664/3664
f 1110/1110 1112/1112 3689/3689
f 1112/1112 3644/3644 3689/3689
f 3689/3689 3644/3644 1093/1093
f 3665/3665 3666/3666 3690/3690
f 3690/3690 3666/3666 1111/1111
f 3690/3690 1111/1111 3691/3691
f 3691/3691 1111/1111 1110/1110
f 3692/3692 3628/3628 3648/3648
f 3671/3671 3672/3672 3693/3693
f 3672/3672 3611/3611 3673/3673
f 3693/3693 3672/3672 3673/3673
f 1283/1283 3612/3612 1281/1281
f 1281/1281 958/958 3694/3694
f 3580/3580 3556/3556 3695/3695
f 3675/3675 3614/3614 3696/3696
f 3696/3696 3614/3614 3633/3633
f 3633/3633 3557/3557 3697/3697
f 3676/3676 3677/3677 3698/3698
f 3698/3698 3677/3677 3699/3699
f 3677/3677 3678/3678 3699/3699
f 3699/3699 3678/3678 3700/3700
f 3700/3700 3678/3678 3701/3701
f 3678/3678 3679/3679 3701/3701
f 3679/3679 3680/3680 3702/3702
f 3680/3680 3681/3681 3702/3702
f 3703/3703 3683/3683 3684/3684
f 3703/3703 3684/3684 3642/3642
f 3703/3703 3642/3642 3704/3704
f 3704/3704 3642/3642 3685/3685
f 1128/1128 1123/1123 3705/3705
f 1123/1123 1128/1128 1124/1124
f 1127/1127 1126/1126 3706/3706
f 1128/1128 3705/3705 3707/3707
f 1128/1128 3707/3707 3708/3708
f 1157/1157 1156/1156 3709/3709
f 1157/1157 3709/3709 3710/3710
f 1157/1157 3710/3710 3711/3711
f 3712/3712 3689/3689 1093/1093
f 3712/3712 1093/1093 1092/1092
f 3712/3712 1092/1092 3645/3645
f 1130/1130 1129/1129 3713/3713
f 1126/1126 1128/1128 3714/3714
f 3714/3714 1128/1128 3708/3708
f 3714/3714 3708/3708 1156/1156
f 3714/3714 1156/1156 1158/1158
f 1148/1148 1149/1149 3715/3715
f 1152/1152 1154/1154 3716/3716
f 1154/1154 1126/1126 3716/3716
f 1126/1126 3714/3714 3716/3716
f 3716/3716 3714/3714 1166/1166
f 1228/1228 3717/3717 3718/3718
f 3719/3719 1159/1159 3720/3720
f 1159/1159 1162/1162 1163/1163
f 1164/1164 1163/1163 3721/3721
f 1162/1162 3722/3722 3721/3721
f 1163/1163 1162/1162 3721/3721
f 3721/3721 3722/3722 3723/3723
f 3722/3722 1139/1139 3723/3723
f 3723/3723 1139/1139 3724/3724
f 3724/3724 1139/1139 1141/1141
f 3724/3724 1141/1141 3725/3725
f 3725/3725 1141/1141 1144/1144
f 3725/3725 1144/1144 3726/3726
f 3726/3726 1144/1144 1146/1146
f 1146/1146 1148/1148 3715/3715
f 3726/3726 1146/1146 3715/3715
f 3715/3715 1149/1149 3727/3727
f 1149/1149 1152/1152 3727/3727
f 1152/1152 3716/3716 3727/3727
f 1166/1166 3714/3714 1158/1158
f 1159/1159 1163/1163 1165/1165
f 3720/3720 1159/1159 1165/1165
f 3723/3723 3724/3724 3728/3728
f 3728/3728 3724/3724 3725/3725
f 3728/3728 3725/3725 3729/3729
f 3729/3729 3725/3725 3726/3726
f 3729/3729 3726/3726 3730/3730
f 3726/3726 3715/3715 3730/3730
f 3730/3730 3715/3715 3731/3731
f 3715/3715 3727/3727 3731/3731
f 3731/3731 3727/3727 3716/3716
f 3732/3732 3723/3723 3728/3728
f 3731/3731 3716/3716 3733/3733
f 3733/3733 3716/3716 1166/1166
f 3734/3734 3728/3728 3729/3729
f 3734/3734 3729/3729 3735/3735
f 3729/3729 3730/3730 3735/3735
f 3735/3735 3730/3730 3736/3736
f 3730/3730 3731/3731 3737/3737
f 3736/3736 3730/3730 3737/3737
f 3737/3737 3731/3731 3733/3733
f 3737/3737 3733/3733 3738/3738
f 1168/1168 3733/3733 1166/1166
f 3739/3739 3734/3734 3735/3735
f 3740/3740 3735/3735 3736/3736
f 3738/3738 3733/3733 1168/1168
f 3648/3648 3649/3649 3667/3667
f 3741/3741 3734/3734 3739/3739
f 3739/3739 3735/3735 3740/3740
f 3736/3736 3737/3737 3738/3738
f 3740/3740 3736/3736 3738/3738
f 1168/1168 1167/1167 3742/3742
f 3739/3739 3740/3740 3743/3743
f 3743/3743 3740/3740 3744/3744
f 3740/3740 3738/3738 3744/3744
f 3741/3741 3739/3739 3745/3745
f 3739/3739 3743/3743 3746/3746
f 3747/3747 1168/1168 3742/3742
f 3748/3748 3738/3738 1168/1168
f 3748/3748 1168/1168 3747/3747
f 3746/3746 3743/3743 3749/3749
f 3744/3744 3738/3738 3748/3748
f 3750/3750 3743/3743 3744/3744
f 3751/3751 3744/3744 3748/3748
f 3667/3667 3668/3668 3669/3669
f 3750/3750 3744/3744 3751/3751
f 3751/3751 3748/3748 3752/3752
f 3748/3748 3747/3747 3753/3753
f 3752/3752 3748/3748 3753/3753
f 3754/3754 3749/3749 3755/3755
f 3750/3750 3751/3751 3756/3756
f 3757/3757 3755/3755 3750/3750
f 3758/3758 3754/3754 3755/3755
f 3756/3756 3751/3751 3752/3752
f 3756/3756 3752/3752 3759/3759
f 3760/3760 3758/3758 3761/3761
f 3762/3762 3763/3763 3760/3760
f 3759/3759 3757/3757 3756/3756
f 3669/3669 3670/3670 3671/3671
f 3764/3764 3760/3760 3765/3765
f 3765/3765 3760/3760 3761/3761
f 3762/3762 3760/3760 3764/3764
f 3766/3766 3759/3759 3767/3767
f 3768/3768 3769/3769 3762/3762
f 3770/3770 3762/3762 3764/3764
f 3768/3768 3762/3762 3771/3771
f 3772/3772 3770/3770 3764/3764
f 3772/3772 3764/3764 3773/3773
f 3774/3774 3766/3766 3767/3767
f 3771/3771 3762/3762 3770/3770
f 3775/3775 3776/3776 3777/3777
f 3775/3775 3777/3777 3778/3778
f 3777/3777 3779/3779 3780/3780
f 3780/3780 3779/3779 3781/3781
f 3773/3773 3764/3764 3782/3782
f 3783/3783 3773/3773 3782/3782
f 3771/3771 3770/3770 3784/3784
f 3768/3768 3771/3771 3785/3785
f 3786/3786 3768/3768 3785/3785
f 3771/3771 3784/3784 3787/3787
f 3785/3785 3771/3771 3788/3788
f 3788/3788 3771/3771 3787/3787
f 3788/3788 3787/3787 3789/3789
f 3788/3788 3789/3789 3790/3790
f 3788/3788 3790/3790 3791/3791
f 3792/3792 3793/3793 3794/3794
f 3791/3791 3792/3792 3794/3794
f 3795/3795 3786/3786 3785/3785
f 3788/3788 3791/3791 3794/3794
f 3795/3795 3785/3785 3796/3796
f 3785/3785 3788/3788 3796/3796
f 3788/3788 3794/3794 3796/3796
f 3797/3797 3795/3795 3796/3796
f 3798/3798 3799/3799 3800/3800
f 3801/3801 1183/1183 1192/1192
f 3799/3799 3802/3802 3800/3800
f 3694/3694 958/958 1202/1202
f 3803/3803 3700/3700 3701/3701
f 3803/3803 3701/3701 3804/3804
f 3804/3804 3701/3701 3679/3679
f 3805/3805 3681/3681 3682/3682
f 3805/3805 3682/3682 3806/3806
f 3682/3682 3683/3683 3806/3806
f 3683/3683 3703/3703 3806/3806
f 3806/3806 3703/3703 3807/3807
f 3703/3703 3704/3704 3808/3808
f 1124/1124 3809/3809 1125/1125
f 1204/1204 3809/3809 1124/1124
f 1127/1127 1203/1203 1124/1124
f 3810/3810 3811/3811 3812/3812
f 3810/3810 3812/3812 3813/3813
f 3813/3813 3812/3812 3814/3814
f 3813/3813 3814/3814 3815/3815
f 1218/1218 1220/1220 3816/3816
f 3816/3816 1220/1220 1221/1221
f 3816/3816 1221/1221 1223/1223
f 1259/1259 1224/1224 1225/1225
f 1259/1259 1206/1206 1224/1224
f 1224/1224 1206/1206 3817/3817
f 3817/3817 1206/1206 1205/1205
f 3817/3817 1205/1205 3818/3818
f 3818/3818 1205/1205 3819/3819
f 1205/1205 1130/1130 3819/3819
f 3819/3819 1130/1130 3713/3713
f 3820/3820 1157/1157 3711/3711
f 3820/3820 3711/3711 3821/3821
f 3821/3821 3711/3711 3822/3822
f 1213/1213 1212/1212 3823/3823
f 1160/1160 3824/3824 1161/1161
f 3825/3825 1228/1228 1227/1227
f 3826/3826 3825/3825 1227/1227
f 1212/1212 1133/1133 3823/3823
f 3823/3823 1133/1133 1132/1132
f 1158/1158 1157/1157 3820/3820
f 3711/3711 3827/3827 3828/3828
f 1226/1226 1228/1228 3718/3718
f 1226/1226 3718/3718 1260/1260
f 3829/3829 3719/3719 3720/3720
f 3829/3829 3720/3720 1165/1165
f 1260/1260 3718/3718 3830/3830
f 3822/3822 3711/3711 3831/3831
f 3831/3831 3711/3711 3828/3828
f 3829/3829 1165/1165 3832/3832
f 3833/3833 3829/3829 3832/3832
f 3830/3830 1231/1231 1230/1230
f 1260/1260 3830/3830 1230/1230
f 1165/1165 1164/1164 3834/3834
f 3832/3832 1165/1165 3834/3834
f 3834/3834 1164/1164 3721/3721
f 3834/3834 3721/3721 3835/3835
f 3721/3721 3723/3723 3835/3835
f 3835/3835 3723/3723 3732/3732
f 3836/3836 1158/1158 3820/3820
f 3836/3836 3820/3820 3837/3837
f 3820/3820 3821/3821 3837/3837
f 1229/1229 1231/1231 3838/3838
f 3839/3839 3833/3833 3832/3832
f 3732/3732 3728/3728 3840/3840
f 3840/3840 3728/3728 3734/3734
f 1166/1166 1158/1158 3836/3836
f 3821/3821 3822/3822 3841/3841
f 3841/3841 3822/3822 3831/3831
f 3839/3839 3832/3832 3842/3842
f 3832/3832 3834/3834 3842/3842
f 3837/3837 3821/3821 3841/3841
f 3834/3834 3835/3835 3843/3843
f 3844/3844 3732/3732 3840/3840
f 1166/1166 3836/3836 1167/1167
f 1262/1262 1229/1229 3838/3838
f 1262/1262 3838/3838 3845/3845
f 3846/3846 3839/3839 3842/3842
f 3846/3846 3842/3842 3843/3843
f 3843/3843 3835/3835 3847/3847
f 3847/3847 3835/3835 3732/3732
f 3847/3847 3732/3732 3844/3844
f 1167/1167 3836/3836 3837/3837
f 1167/1167 3837/3837 3848/3848
f 3848/3848 3837/3837 3849/3849
f 3849/3849 3837/3837 3841/3841
f 3842/3842 3834/3834 3843/3843
f 3850/3850 3847/3847 3844/3844
f 3848/3848 3849/3849 3851/3851
f 3831/3831 3828/3828 3852/3852
f 3853/3853 1262/1262 3845/3845
f 3843/3843 3847/3847 3854/3854
f 3854/3854 3847/3847 3850/3850
f 3844/3844 3840/3840 3855/3855
f 3855/3855 3840/3840 3734/3734
f 3855/3855 3734/3734 3741/3741
f 3849/3849 3841/3841 3856/3856
f 3856/3856 3841/3841 3831/3831
f 1262/1262 3853/3853 3857/3857
f 3850/3850 3844/3844 3855/3855
f 3858/3858 3846/3846 3859/3859
f 3859/3859 3846/3846 3843/3843
f 3859/3859 3843/3843 3860/3860
f 3860/3860 3843/3843 3854/3854
f 3855/3855 3741/3741 3745/3745
f 3745/3745 3739/3739 3746/3746
f 3856/3856 3831/3831 3861/3861
f 3861/3861 3831/3831 3852/3852
f 1167/1167 3848/3848 3862/3862
f 3863/3863 3858/3858 3859/3859
f 3853/3853 3864/3864 3857/3857
f 3854/3854 3850/3850 3865/3865
f 3866/3866 3850/3850 3855/3855
f 3742/3742 1167/1167 3862/3862
f 3862/3862 3848/3848 3851/3851
f 3861/3861 3852/3852 3867/3867
f 3865/3865 3850/3850 3866/3866
f 3863/3863 3859/3859 3868/3868
f 3868/3868 3859/3859 3860/3860
f 3866/3866 3855/3855 3745/3745
f 3851/3851 3849/3849 3869/3869
f 3869/3869 3849/3849 3856/3856
f 3860/3860 3854/3854 3870/3870
f 3866/3866 3745/3745 3871/3871
f 3871/3871 3745/3745 3746/3746
f 3747/3747 3742/3742 3862/3862
f 3869/3869 3856/3856 3872/3872
f 3872/3872 3856/3856 3861/3861
f 3870/3870 3854/3854 3865/3865
f 3873/3873 3746/3746 3749/3749
f 3873/3873 3871/3871 3746/3746
f 3749/3749 3743/3743 3750/3750
f 3868/3868 3860/3860 3874/3874
f 3874/3874 3860/3860 3870/3870
f 3755/3755 3749/3749 3750/3750
f 3857/3857 3864/3864 3875/3875
f 3870/3870 3865/3865 3876/3876
f 3877/3877 3865/3865 3866/3866
f 3878/3878 3871/3871 3873/3873
f 3873/3873 3749/3749 3754/3754
f 3863/3863 3868/3868 3879/3879
f 3879/3879 3868/3868 3874/3874
f 3866/3866 3871/3871 3880/3880
f 3880/3880 3871/3871 3878/3878
f 3753/3753 3747/3747 3862/3862
f 3874/3874 3870/3870 3876/3876
f 3876/3876 3865/3865 3877/3877
f 3881/3881 3851/3851 3869/3869
f 3877/3877 3866/3866 3882/3882
f 3862/3862 3851/3851 3881/3881
f 3883/3883 3863/3863 3879/3879
f 3875/3875 3864/3864 3884/3884
f 3879/3879 3874/3874 3885/3885
f 3885/3885 3874/3874 3876/3876
f 3882/3882 3866/3866 3880/3880
f 3878/3878 3873/3873 3754/3754
f 3757/3757 3750/3750 3756/3756
f 3753/3753 3862/3862 3886/3886
f 3886/3886 3862/3862 3881/3881
f 3872/3872 3861/3861 3887/3887
f 3887/3887 3861/3861 3867/3867
f 3878/3878 3754/3754 3763/3763
f 3880/3880 3878/3878 3769/3769
f 3769/3769 3878/3878 3763/3763
f 3763/3763 3754/3754 3758/3758
f 3759/3759 3752/3752 3753/3753
f 3875/3875 3884/3884 3888/3888
f 3879/3879 3885/3885 3889/3889
f 3890/3890 3883/3883 3879/3879
f 3888/3888 3884/3884 3891/3891
f 3889/3889 3885/3885 3876/3876
f 3882/3882 3880/3880 3892/3892
f 3892/3892 3880/3880 3769/3769
f 3758/3758 3755/3755 3757/3757
f 3887/3887 3867/3867 3893/3893
f 3894/3894 3869/3869 3872/3872
f 3769/3769 3763/3763 3762/3762
f 3761/3761 3758/3758 3757/3757
f 3890/3890 3879/3879 3895/3895
f 3895/3895 3879/3879 3889/3889
f 3876/3876 3877/3877 3896/3896
f 3760/3760 3763/3763 3758/3758
f 3896/3896 3877/3877 3897/3897
f 3759/3759 3753/3753 3898/3898
f 3753/3753 3886/3886 3898/3898
f 3899/3899 3882/3882 3892/3892
f 3898/3898 3886/3886 3900/3900
f 3900/3900 3881/3881 3869/3869
f 3888/3888 3891/3891 3901/3901
f 3877/3877 3882/3882 3897/3897
f 3897/3897 3882/3882 3899/3899
f 3761/3761 3757/3757 3766/3766
f 3766/3766 3757/3757 3759/3759
f 3886/3886 3881/3881 3900/3900
f 3902/3902 3889/3889 3903/3903
f 3889/3889 3876/3876 3903/3903
f 3892/3892 3769/3769 3768/3768
f 3759/3759 3898/3898 3767/3767
f 3903/3903 3876/3876 3896/3896
f 3900/3900 3869/3869 3904/3904
f 3904/3904 3869/3869 3894/3894
f 3905/3905 3890/3890 3895/3895
f 3891/3891 3906/3906 3901/3901
f 3899/3899 3892/3892 3768/3768
f 3894/3894 3872/3872 3907/3907
f 3907/3907 3872/3872 3887/3887
f 3895/3895 3889/3889 3902/3902
f 3898/3898 3900/3900 3908/3908
f 3896/3896 3897/3897 3909/3909
f 3765/3765 3761/3761 3910/3910
f 3910/3910 3761/3761 3766/3766
f 3767/3767 3898/3898 3911/3911
f 3907/3907 3887/3887 3912/3912
f 3912/3912 3887/3887 3893/3893
f 3903/3903 3896/3896 3909/3909
f 3908/3908 3900/3900 3904/3904
f 3902/3902 3903/3903 3913/3913
f 3914/3914 3775/3775 3778/3778
f 3914/3914 3778/3778 3915/3915
f 3778/3778 3777/3777 3780/3780
f 3915/3915 3778/3778 3780/3780
f 3780/3780 3781/3781 3916/3916
f 3782/3782 3764/3764 3917/3917
f 3917/3917 3764/3764 3765/3765
f 3783/3783 3782/3782 3918/3918
f 3919/3919 3783/3783 3918/3918
f 3920/3920 3921/3921 3922/3922
f 3923/3923 3920/3920 3922/3922
f 3918/3918 3782/3782 3917/3917
f 3910/3910 3766/3766 3774/3774
f 3898/3898 3908/3908 3924/3924
f 3925/3925 3905/3905 3895/3895
f 3906/3906 3926/3926 3927/3927
f 3901/3901 3906/3906 3927/3927
f 3922/3922 3921/3921 3928/3928
f 3774/3774 3767/3767 3911/3911
f 3895/3895 3902/3902 3913/3913
f 3929/3929 3919/3919 3918/3918
f 3921/3921 3930/3930 3928/3928
f 3918/3918 3917/3917 3793/3793
f 3917/3917 3765/3765 3793/3793
f 3793/3793 3765/3765 3910/3910
f 3912/3912 3893/3893 3931/3931
f 3925/3925 3895/3895 3932/3932
f 3932/3932 3895/3895 3913/3913
f 3929/3929 3918/3918 3933/3933
f 3928/3928 3930/3930 1265/1265
f 3933/3933 3918/3918 3793/3793
f 3934/3934 3910/3910 3774/3774
f 3935/3935 3897/3897 3899/3899
f 3936/3936 3929/3929 3933/3933
f 1265/1265 3930/3930 3937/3937
f 1265/1265 3937/3937 1266/1266
f 3911/3911 3898/3898 3924/3924
f 3908/3908 3904/3904 3938/3938
f 3899/3899 3768/3768 3786/3786
f 3939/3939 3936/3936 3933/3933
f 3939/3939 3933/3933 3792/3792
f 1266/1266 3937/3937 3940/3940
f 1266/1266 3940/3940 1270/1270
f 3792/3792 3933/3933 3793/3793
f 3793/3793 3910/3910 3941/3941
f 3941/3941 3910/3910 3934/3934
f 3938/3938 3904/3904 3894/3894
f 3938/3938 3894/3894 3942/3942
f 3894/3894 3907/3907 3942/3942
f 3942/3942 3907/3907 3912/3912
f 3943/3943 3903/3903 3909/3909
f 1179/1179 1242/1242 1181/1181
f 1181/1181 1242/1242 1244/1244
f 3790/3790 3939/3939 3791/3791
f 3791/3791 3939/3939 3792/3792
f 3934/3934 3774/3774 3944/3944
f 3774/3774 3911/3911 3944/3944
f 3924/3924 3908/3908 3945/3945
f 3945/3945 3908/3908 3938/3938
f 3932/3932 3913/3913 3946/3946
f 3943/3943 3909/3909 3935/3935
f 3935/3935 3899/3899 3786/3786
f 3794/3794 3793/3793 3941/3941
f 3946/3946 3913/3913 3947/3947
f 3913/3913 3903/3903 3948/3948
f 3947/3947 3913/3913 3948/3948
f 3948/3948 3903/3903 3943/3943
f 3909/3909 3897/3897 3935/3935
f 3927/3927 3926/3926 1273/1273
f 3943/3943 3935/3935 3949/3949
f 3949/3949 3935/3935 3786/3786
f 3911/3911 3924/3924 3950/3950
f 3951/3951 3926/3926 3952/3952
f 1273/1273 3926/3926 3951/3951
f 3949/3949 3786/3786 3953/3953
f 3796/3796 3794/3794 3941/3941
f 3951/3951 3952/3952 3954/3954
f 3955/3955 3932/3932 3946/3946
f 3945/3945 3938/3938 3942/3942
f 3942/3942 3912/3912 3956/3956
f 3956/3956 3912/3912 3931/3931
f 3953/3953 3786/3786 3795/3795
f 3796/3796 3941/3941 3957/3957
f 3957/3957 3941/3941 3934/3934
f 3944/3944 3911/3911 3950/3950
f 3924/3924 3945/3945 3958/3958
f 3950/3950 3924/3924 3958/3958
f 3797/3797 3796/3796 3957/3957
f 3955/3955 3946/3946 3959/3959
f 3959/3959 3946/3946 3947/3947
f 3948/3948 3943/3943 3960/3960
f 3960/3960 3943/3943 3949/3949
f 3953/3953 3795/3795 3797/3797
f 3961/3961 3957/3957 3934/3934
f 1273/1273 3951/3951 1274/1274
f 1274/1274 3951/3951 3954/3954
f 3953/3953 3797/3797 3949/3949
f 3961/3961 3934/3934 3962/3962
f 3962/3962 3934/3934 3944/3944
f 3944/3944 3950/3950 3962/3962
f 3962/3962 3950/3950 3958/3958
f 3958/3958 3945/3945 3942/3942
f 3956/3956 3931/3931 3963/3963
f 1274/1274 3954/3954 3964/3964
f 3965/3965 3955/3955 3959/3959
f 3965/3965 3959/3959 3966/3966
f 3966/3966 3959/3959 3947/3947
f 3967/3967 3948/3948 3960/3960
f 3949/3949 3797/3797 3968/3968
f 3797/3797 3957/3957 3969/3969
f 3968/3968 3797/3797 3969/3969
f 3969/3969 3957/3957 3961/3961
f 3970/3970 3961/3961 3962/3962
f 3962/3962 3958/3958 3971/3971
f 3972/3972 3958/3958 3942/3942
f 1274/1274 3964/3964 3973/3973
f 1274/1274 3973/3973 1276/1276
f 3974/3974 3965/3965 3966/3966
f 3966/3966 3947/3947 3975/3975
f 3975/3975 3947/3947 3948/3948
f 3967/3967 3960/3960 3976/3976
f 3960/3960 3949/3949 3976/3976
f 1184/1184 3974/3974 3966/3966
f 1184/1184 3966/3966 1185/1185
f 1276/1276 3973/3973 3798/3798
f 1276/1276 3798/3798 3977/3977
f 1185/1185 3966/3966 3975/3975
f 1185/1185 3975/3975 1186/1186
f 3975/3975 3948/3948 3967/3967
f 3976/3976 3949/3949 3968/3968
f 3969/3969 3961/3961 3970/3970
f 3970/3970 3962/3962 3971/3971
f 3971/3971 3958/3958 3972/3972
f 3972/3972 3942/3942 3956/3956
f 3977/3977 3798/3798 3800/3800
f 1186/1186 3975/3975 3978/3978
f 3978/3978 3975/3975 3967/3967
f 3976/3976 3968/3968 3979/3979
f 3979/3979 3968/3968 3980/3980
f 3980/3980 3968/3968 3969/3969
f 3980/3980 3969/3969 3981/3981
f 3981/3981 3969/3969 3970/3970
f 3981/3981 3970/3970 3971/3971
f 3981/3981 3971/3971 3982/3982
f 3971/3971 3972/3972 3983/3983
f 3982/3982 3971/3971 3983/3983
f 3983/3983 3972/3972 3956/3956
f 3977/3977 3800/3800 3984/3984
f 3978/3978 3967/3967 3985/3985
f 3967/3967 3976/3976 3985/3985
f 3985/3985 3976/3976 3979/3979
f 3983/3983 3956/3956 3986/3986
f 3986/3986 3956/3956 3963/3963
f 1281/1281 3694/3694 3987/3987
f 3987/3987 3694/3694 1202/1202
f 3988/3988 3438/3438 3565/3565
f 3696/3696 3633/3633 3989/3989
f 3989/3989 3633/3633 3697/3697
f 3989/3989 3697/3697 3990/3990
f 3991/3991 3676/3676 3698/3698
f 3804/3804 3679/3679 3992/3992
f 3992/3992 3679/3679 3702/3702
f 3993/3993 3702/3702 3681/3681
f 3993/3993 3681/3681 3805/3805
f 3805/3805 3806/3806 3994/3994
f 3807/3807 3703/3703 3995/3995
f 3995/3995 3703/3703 3996/3996
f 3996/3996 3703/3703 3808/3808
f 3810/3810 3813/3813 1286/1286
f 3997/3997 3810/3810 1286/1286
f 1286/1286 3813/3813 3815/3815
f 3998/3998 3826/3826 1227/1227
f 3999/3999 1260/1260 1230/1230
f 3999/3999 1230/1230 1261/1261
f 1261/1261 1262/1262 4000/4000
f 4000/4000 1262/1262 3857/3857
f 4000/4000 3857/3857 4001/4001
f 4001/4001 3857/3857 3875/3875
f 4001/4001 3875/3875 4002/4002
f 4002/4002 3875/3875 3888/3888
f 4002/4002 3888/3888 4003/4003
f 4003/4003 3888/3888 4004/4004
f 3888/3888 3901/3901 4004/4004
f 4004/4004 3901/3901 4005/4005
f 4005/4005 3901/3901 4006/4006
f 1298/1298 3914/3914 3915/3915
f 1298/1298 3915/3915 1299/1299
f 3915/3915 3780/3780 1301/1301
f 1299/1299 3915/3915 1301/1301
f 1301/1301 3780/3780 3916/3916
f 1301/1301 3916/3916 1302/1302
f 3923/3923 3922/3922 4007/4007
f 4008/4008 3923/3923 4007/4007
f 4006/4006 3901/3901 3927/3927
f 3922/3922 3928/3928 4007/4007
f 4007/4007 3928/3928 1265/1265
f 4006/4006 3927/3927 4009/4009
f 1271/1271 1243/1243 1269/1269
f 4009/4009 3927/3927 1273/1273
f 3556/3556 3581/3581 4010/4010
f 4010/4010 3581/3581 3674/3674
f 3991/3991 3698/3698 4011/4011
f 4011/4011 3698/3698 4012/4012
f 4013/4013 3700/3700 3803/3803
f 3992/3992 3702/3702 4014/4014
f 3997/3997 4015/4015 3810/3810
f 3997/3997 1286/1286 1285/1285
f 1287/1287 1252/1252 1251/1251
f 1287/1287 1251/1251 1295/1295
f 3998/3998 1227/1227 4016/4016
f 4016/4016 1227/1227 1260/1260
f 4016/4016 1260/1260 3999/3999
f 3999/3999 1261/1261 4017/4017
f 1297/1297 1299/1299 4018/4018
f 4018/4018 1301/1301 1303/1303
f 1264/1264 1263/1263 4019/4019
f 1299/1299 1301/1301 4018/4018
f 4008/4008 4007/4007 4020/4020
f 4020/4020 4007/4007 1265/1265
f 4020/4020 1265/1265 4021/4021
f 1265/1265 1267/1267 4022/4022
f 4021/4021 1265/1265 4022/4022
f 4022/4022 1267/1267 4023/4023
f 4009/4009 1273/1273 1275/1275
f 1245/1245 1280/1280 1322/1322
f 1312/1312 994/994 3613/3613
f 1312/1312 3613/3613 4024/4024
f 4014/4014 3702/3702 3993/3993
f 3806/3806 3807/3807 3994/3994
f 4015/4015 3997/3997 4025/4025
f 4025/4025 3997/3997 1285/1285
f 4026/4026 4002/4002 4003/4003
f 1297/1297 4018/4018 1300/1300
f 1300/1300 4018/4018 4027/4027
f 4027/4027 4018/4018 1303/1303
f 4027/4027 1303/1303 4028/4028
f 1329/1329 1264/1264 4019/4019
f 4029/4029 4008/4008 4030/4030
f 4031/4031 4029/4029 4030/4030
f 4030/4030 4008/4008 4020/4020
f 4022/4022 4023/4023 4032/4032
f 4006/4006 4009/4009 4033/4033
f 1275/1275 1276/1276 4034/4034
f 4034/4034 1276/1276 3977/3977
f 3977/3977 3984/3984 4035/4035
f 4036/4036 1245/1245 1322/1322
f 1321/1321 1281/1281 3987/3987
f 3695/3695 3556/3556 4037/4037
f 4012/4012 3698/3698 4038/4038
f 4038/4038 3698/3698 3699/3699
f 4039/4039 3803/3803 3804/3804
f 4039/4039 3804/3804 4040/4040
f 4040/4040 3804/3804 3992/3992
f 3993/3993 3805/3805 3994/3994
f 1325/1325 1284/1284 4041/4041
f 3998/3998 4016/4016 4042/4042
f 4042/4042 4016/4016 3999/3999
f 4001/4001 4002/4002 4026/4026
f 4004/4004 4005/4005 4006/4006
f 3696/3696 3989/3989 4043/4043
f 4043/4043 3989/3989 3990/3990
f 4044/4044 3991/3991 4011/4011
f 4038/4038 3699/3699 3700/3700
f 4045/4045 3700/3700 4013/4013
f 4046/4046 4014/4014 3993/3993
f 3994/3994 3807/3807 4047/4047
f 1326/1326 1327/1327 1289/1289
f 1290/1290 1327/1327 1323/1323
f 1367/1367 3998/3998 4042/4042
f 4020/4020 4021/4021 4048/4048
f 4048/4048 4021/4021 4049/4049
f 4049/4049 4021/4021 4022/4022
f 4049/4049 4022/4022 4032/4032
f 4034/4034 3977/3977 4050/4050
f 4050/4050 3977/3977 4035/4035
f 4037/4037 3556/3556 4010/4010
f 4010/4010 3674/3674 4051/4051
f 4052/4052 3675/3675 3696/3696
f 4043/4043 3990/3990 4053/4053
f 4038/4038 3700/3700 4045/4045
f 4045/4045 4013/4013 4054/4054
f 4013/4013 3803/3803 4039/4039
f 4040/4040 3992/3992 4014/4014
f 4055/4055 3993/3993 3994/3994
f 4056/4056 3994/3994 4057/4057
f 4057/4057 3994/3994 4047/4047
f 4058/4058 3995/3995 3996/3996
f 4025/4025 1285/1285 4059/4059
f 1325/1325 4041/4041 4060/4060
f 4042/4042 3999/3999 4061/4061
f 4061/4061 3999/3999 4017/4017
f 4062/4062 4017/4017 1261/1261
f 1261/1261 4000/4000 4062/4062
f 4062/4062 4000/4000 4063/4063
f 4063/4063 4000/4000 4001/4001
f 4063/4063 4001/4001 4064/4064
f 4064/4064 4001/4001 4026/4026
f 4003/4003 4004/4004 4065/4065
f 4026/4026 4003/4003 4065/4065
f 4004/4004 4006/4006 4065/4065
f 4066/4066 1300/1300 4067/4067
f 1300/1300 4027/4027 4068/4068
f 4068/4068 4027/4027 4028/4028
f 4030/4030 4020/4020 4069/4069
f 4069/4069 4020/4020 4048/4048
f 4065/4065 4006/4006 4033/4033
f 4070/4070 4009/4009 1275/1275
f 4070/4070 1275/1275 4034/4034
f 4071/4071 4034/4034 4050/4050
f 1321/1321 3987/3987 4072/4072
f 3987/3987 1202/1202 1346/1346
f 4072/4072 3987/3987 1346/1346
f 4054/4054 4013/4013 4039/4039
f 4040/4040 4014/4014 4073/4073
f 4073/4073 4014/4014 4046/4046
f 4074/4074 4047/4047 3807/3807
f 3807/3807 3995/3995 4058/4058
f 4059/4059 1285/1285 1350/1350
f 4063/4063 4064/4064 4075/4075
f 4067/4067 1300/1300 4068/4068
f 4032/4032 4023/4023 4076/4076
f 4033/4033 4009/4009 4070/4070
f 4077/4077 3580/3580 3695/3695
f 4052/4052 3696/3696 4043/4043
f 4015/4015 4025/4025 4078/4078
f 4078/4078 4025/4025 4059/4059
f 1350/1350 1325/1325 4060/4060
f 4064/4064 4026/4026 4079/4079
f 4026/4026 4065/4065 4079/4079
f 4031/4031 4030/4030 4080/4080
f 4080/4080 4030/4030 4069/4069
f 4079/4079 4065/4065 4081/4081
f 4081/4081 4065/4065 4033/4033
f 4070/4070 4034/4034 4071/4071
f 4082/4082 1321/1321 4072/4072
f 3579/3579 3580/3580 4077/4077
f 4012/4012 4038/4038 4083/4083
f 4084/4084 3994/3994 4056/4056
f 4074/4074 3807/3807 4085/4085
f 4085/4085 3807/3807 4058/4058
f 4058/4058 3996/3996 4086/4086
f 4087/4087 4015/4015 4078/4078
f 1365/1365 1367/1367 4042/4042
f 4062/4062 4063/4063 4075/4075
f 4088/4088 4089/4089 4090/4090
f 4046/4046 3993/3993 4055/4055
f 4017/4017 4062/4062 4091/4091
f 4092/4092 4017/4017 4091/4091
f 4068/4068 4028/4028 4093/4093
f 4079/4079 4081/4081 4094/4094
f 4093/4093 4028/4028 4095/4095
f 4069/4069 4048/4048 4096/4096
f 4096/4096 4048/4048 4049/4049
f 4097/4097 4049/4049 4032/4032
f 4044/4044 4011/4011 4098/4098
f 4099/4099 4044/4044 4098/4098
f 4098/4098 4011/4011 4012/4012
f 4100/4100 4045/4045 4054/4054
f 4046/4046 4055/4055 4101/4101
f 4055/4055 3994/3994 4084/4084
f 4057/4057 4047/4047 4074/4074
f 4059/4059 1350/1350 4102/4102
f 4102/4102 1350/1350 4060/4060
f 1365/1365 4042/4042 4103/4103
f 4103/4103 4042/4042 4061/4061
f 4104/4104 4075/4075 4064/4064
f 4104/4104 4064/4064 4079/4079
f 4043/4043 4053/4053 4105/4105
f 4038/4038 4045/4045 4100/4100
f 4100/4100 4054/4054 4106/4106
f 4054/4054 4039/4039 4107/4107
f 4108/4108 4039/4039 4040/4040
f 4073/4073 4046/4046 4109/4109
f 1360/1360 1384/1384 1391/1391
f 1379/1379 1360/1360 1391/1391
f 4061/4061 4017/4017 4092/4092
f 4103/4103 4061/4061 4092/4092
f 4104/4104 4079/4079 4110/4110
f 4066/4066 4067/4067 4111/4111
f 4112/4112 4066/4066 4111/4111
f 4111/4111 4067/4067 4068/4068
f 4070/4070 4071/4071 4113/4113
f 4036/4036 1322/1322 1397/1397
f 3988/3988 3565/3565 4114/4114
f 4114/4114 3565/3565 3579/3579
f 4077/4077 3695/3695 4115/4115
f 4115/4115 3695/3695 4037/4037
f 4115/4115 4037/4037 4116/4116
f 4037/4037 4010/4010 4117/4117
f 4117/4117 4010/4010 4051/4051
f 4118/4118 4052/4052 4043/4043
f 4098/4098 4012/4012 4083/4083
f 4107/4107 4039/4039 4108/4108
f 4078/4078 4059/4059 1426/1426
f 1426/1426 4059/4059 4102/4102
f 4102/4102 4060/4060 4119/4119
f 4120/4120 4091/4091 4062/4062
f 4062/4062 4075/4075 4121/4121
f 4110/4110 4079/4079 4094/4094
f 4080/4080 4069/4069 4122/4122
f 4069/4069 4096/4096 4122/4122
f 4096/4096 4049/4049 4097/4097
f 4033/4033 4070/4070 4123/4123
f 4124/4124 4082/4082 4072/4072
f 4083/4083 4038/4038 4125/4125
f 4058/4058 4086/4086 4126/4126
f 4127/4127 4087/4087 4078/4078
f 1390/1390 1428/1428 1379/1379
f 1390/1390 1379/1379 1391/1391
f 1403/1403 1365/1365 4103/4103
f 4071/4071 4050/4050 4128/4128
f 4128/4128 4050/4050 4035/4035
f 4124/4124 4072/4072 4129/4129
f 4129/4129 4072/4072 1346/1346
f 1372/1372 4024/4024 4130/4130
f 4114/4114 3579/3579 4131/4131
f 4131/4131 3579/3579 4077/4077
f 4116/4116 4037/4037 4117/4117
f 4118/4118 4043/4043 4132/4132
f 4132/4132 4043/4043 4105/4105
f 4106/4106 4054/4054 4133/4133
f 4108/4108 4040/4040 4073/4073
f 4101/4101 4055/4055 4134/4134
f 4055/4055 4084/4084 4134/4134
f 4056/4056 4057/4057 4135/4135
f 4135/4135 4057/4057 4074/4074
f 4074/4074 4085/4085 4136/4136
f 4075/4075 4104/4104 4121/4121
f 4123/4123 4070/4070 4113/4113
f 4113/4113 4071/4071 4128/4128
f 4129/4129 1346/1346 1412/1412
f 4038/4038 4100/4100 4125/4125
f 4133/4133 4054/4054 4107/4107
f 4137/4137 4073/4073 4109/4109
f 4109/4109 4046/4046 4101/4101
f 4134/4134 4084/4084 4056/4056
f 4127/4127 4078/4078 1425/1425
f 1425/1425 4078/4078 1426/1426
f 1426/1426 4102/4102 1424/1424
f 1424/1424 4102/4102 4119/4119
f 1403/1403 4103/4103 1419/1419
f 4122/4122 4096/4096 4138/4138
f 4138/4138 4096/4096 4097/4097
f 4139/4139 4106/4106 4133/4133
f 4107/4107 4108/4108 4140/4140
f 4140/4140 4073/4073 4137/4137
f 4141/4141 1389/1389 1420/1420
f 1419/1419 4103/4103 4142/4142
f 4142/4142 4103/4103 4092/4092
f 4120/4120 4062/4062 4121/4121
f 4143/4143 4104/4104 4110/4110
f 4093/4093 4095/4095 4144/4144
f 4145/4145 4080/4080 4122/4122
f 4146/4146 4094/4094 4081/4081
f 4081/4081 4033/4033 4147/4147
f 4147/4147 4033/4033 4148/4148
f 4033/4033 4123/4123 4148/4148
f 4128/4128 4035/4035 4149/4149
f 1372/1372 4130/4130 4150/4150
f 4151/4151 4099/4099 4098/4098
f 4100/4100 4106/4106 4139/4139
f 4125/4125 4100/4100 4139/4139
f 4133/4133 4107/4107 4152/4152
f 4108/4108 4073/4073 4140/4140
f 4153/4153 4141/4141 1420/1420
f 4121/4121 4104/4104 4143/4143
f 4110/4110 4094/4094 4146/4146
f 4154/4154 4112/4112 4111/4111
f 4068/4068 4093/4093 4155/4155
f 4155/4155 4093/4093 4144/4144
f 4146/4146 4081/4081 4147/4147
f 1435/1435 1372/1372 4150/4150
f 4077/4077 4115/4115 4156/4156
f 4156/4156 4115/4115 4116/4116
f 4157/4157 4056/4056 4135/4135
f 4092/4092 4091/4091 4158/4158
f 4120/4120 4121/4121 4159/4159
f 4160/4160 4111/4111 4068/4068
f 4161/4161 4123/4123 4113/4113
f 4151/4151 4098/4098 1535/1535
f 4098/4098 4083/4083 4162/4162
f 4139/4139 4133/4133 4152/4152
f 4152/4152 4107/4107 4163/4163
f 4159/4159 4121/4121 4143/4143
f 4154/4154 4111/4111 4160/4160
f 4164/4164 4122/4122 4138/4138
f 4146/4146 4147/4147 4165/4165
f 4097/4097 4032/4032 4166/4166
f 4166/4166 4032/4032 4076/4076
f 4167/4167 4124/4124 4129/4129
f 4117/4117 4051/4051 4168/4168
f 4169/4169 4052/4052 4118/4118
f 4132/4132 4105/4105 4170/4170
f 4083/4083 4125/4125 4162/4162
f 4107/4107 4140/4140 4163/4163
f 4134/4134 4056/4056 4171/4171
f 4171/4171 4056/4056 4157/4157
f 4091/4091 4120/4120 4159/4159
f 4143/4143 4110/4110 4172/4172
f 4160/4160 4068/4068 4173/4173
f 4173/4173 4068/4068 4155/4155
f 4145/4145 4122/4122 4164/4164
f 4109/4109 4101/4101 4174/4174
f 4101/4101 4134/4134 4175/4175
f 4135/4135 4074/4074 4176/4176
f 4177/4177 3988/3988 4114/4114
f 4169/4169 4118/4118 4132/4132
f 4139/4139 4152/4152 4178/4178
f 4163/4163 4140/4140 4137/4137
f 1535/1535 4098/4098 4162/4162
f 4137/4137 4109/4109 4174/4174
f 4157/4157 4135/4135 4179/4179
f 4179/4179 4135/4135 4176/4176
f 4176/4176 4074/4074 4180/4180
f 4180/4180 4074/4074 4136/4136
f 4181/4181 4085/4085 4058/4058
f 4153/4153 1420/1420 1467/1467
f 4142/4142 4092/4092 4182/4182
f 4182/4182 4092/4092 4183/4183
f 4172/4172 4110/4110 4146/4146
f 4113/4113 4128/4128 4184/4184
f 4167/4167 4129/4129 4185/4185
f 4185/4185 4129/4129 1412/1412
f 4131/4131 4077/4077 4156/4156
f 1518/1518 4163/4163 4137/4137
f 1477/1477 1425/1425 1424/1424
f 1424/1424 4119/4119 4186/4186
f 4183/4183 4092/4092 4158/4158
f 4187/4187 4091/4091 4159/4159
f 4155/4155 4144/4144 4188/4188
f 4189/4189 4145/4145 4164/4164
f 4138/4138 4097/4097 4190/4190
f 4166/4166 4076/4076 4191/4191
f 4123/4123 4161/4161 4192/4192
f 4161/4161 4113/4113 4184/4184
f 4185/4185 1412/1412 1476/1476
f 4162/4162 4125/4125 4139/4139
f 4193/4193 4139/4139 4178/4178
f 4174/4174 4101/4101 4175/4175
f 4194/4194 4127/4127 1478/1478
f 4127/4127 1425/1425 1478/1478
f 1419/1419 4142/4142 4182/4182
f 1471/1471 1419/1419 4182/4182
f 4158/4158 4091/4091 4187/4187
f 4187/4187 4159/4159 4195/4195
f 4196/4196 4160/4160 4173/4173
f 4190/4190 4097/4097 4166/4166
f 4148/4148 4123/4123 4192/4192
f 4128/4128 4149/4149 4197/4197
f 4137/4137 4174/4174 4198/4198
f 4171/4171 4157/4157 4179/4179
f 4136/4136 4085/4085 4181/4181
f 4181/4181 4058/4058 4199/4199
f 4200/4200 4194/4194 1478/1478
f 1477/1477 1424/1424 4186/4186
f 4195/4195 4159/4159 4143/4143
f 4195/4195 4143/4143 4172/4172
f 4201/4201 4146/4146 4165/4165
f 4164/4164 4138/4138 4202/4202
f 4202/4202 4138/4138 4190/4190
f 4147/4147 4148/4148 1557/1557
f 1556/1556 4147/4147 1557/1557
f 4184/4184 4128/4128 4197/4197
f 4152/4152 4163/4163 1518/1518
f 4132/4132 4170/4170 4203/4203
f 4204/4204 4151/4151 1535/1535
f 4195/4195 4172/4172 4205/4205
f 4206/4206 4164/4164 4202/4202
f 4165/4165 4147/4147 1556/1556
f 4117/4117 4168/4168 4207/4207
f 4208/4208 4169/4169 4209/4209
f 4209/4209 4169/4169 4132/4132
f 4209/4209 4132/4132 4210/4210
f 4210/4210 4132/4132 4203/4203
f 4162/4162 4139/4139 4193/4193
f 4198/4198 4174/4174 4175/4175
f 4175/4175 4134/4134 4171/4171
f 4172/4172 4146/4146 4201/4201
f 4189/4189 4164/4164 4206/4206
f 1557/1557 4148/4148 4192/4192
f 4211/4211 4192/4192 4161/4161
f 1495/1495 1435/1435 4150/4150
f 4178/4178 4152/4152 1517/1517
f 1518/1518 4137/4137 4212/4212
f 4152/4152 1518/1518 1517/1517
f 4213/4213 4179/4179 4176/4176
f 4180/4180 4136/4136 4214/4214
f 4214/4214 4136/4136 4181/4181
f 1527/1527 1495/1495 4150/4150
f 4114/4114 4131/4131 4215/4215
f 4216/4216 4131/4131 4156/4156
f 4116/4116 4117/4117 4217/4217
f 4217/4217 4117/4117 4207/4207
f 4218/4218 4212/4212 4137/4137
f 4213/4213 4176/4176 4219/4219
f 4219/4219 4176/4176 4180/4180
f 4220/4220 1477/1477 4186/4186
f 4205/4205 4172/4172 4201/4201
f 4211/4211 4161/4161 4184/4184
f 4215/4215 4131/4131 4216/4216
f 4221/4221 4116/4116 4217/4217
f 4193/4193 4178/4178 4222/4222
f 4222/4222 4178/4178 1517/1517
f 4218/4218 4137/4137 4198/4198
f 4154/4154 4160/4160 4223/4223
f 4223/4223 4160/4160 4196/4196
f 4196/4196 4173/4173 4224/4224
f 4224/4224 4173/4173 4155/4155
f 1557/1557 4192/4192 4225/4225
f 4225/4225 4192/4192 4211/4211
f 4211/4211 4184/4184 4226/4226
f 1537/1537 4204/4204 1535/1535
f 4227/4227 4162/4162 4193/4193
f 4228/4228 4198/4198 4175/4175
f 4229/4229 4153/4153 1467/1467
f 4230/4230 4154/4154 4223/4223
f 4231/4231 4206/4206 4202/4202
f 4232/4232 4167/4167 4185/4185
f 4156/4156 4116/4116 4221/4221
f 1519/1519 1518/1518 4233/4233
f 4198/4198 4228/4228 4234/4234
f 4175/4175 4171/4171 4235/4235
f 1524/1524 1471/1471 4182/4182
f 4236/4236 4195/4195 4205/4205
f 4185/4185 1476/1476 1529/1529
f 4209/4209 4210/4210 4237/4237
f 4237/4237 4210/4210 4203/4203
f 4238/4238 4204/4204 4239/4239
f 4222/4222 1517/1517 4240/4240
f 4233/4233 1518/1518 4212/4212
f 4239/4239 4204/4204 1537/1537
f 4219/4219 4180/4180 4241/4241
f 4241/4241 4180/4180 4214/4214
f 1524/1524 4182/4182 4242/4242
f 4183/4183 4158/4158 4243/4243
f 4187/4187 4195/4195 4236/4236
f 4202/4202 4190/4190 4244/4244
f 4227/4227 4193/4193 4245/4245
f 4229/4229 1467/1467 1538/1538
f 4182/4182 4183/4183 4243/4243
f 4223/4223 4196/4196 4246/4246
f 4246/4246 4196/4196 4224/4224
f 4189/4189 4206/4206 4231/4231
f 4231/4231 4202/4202 4244/4244
f 4244/4244 4190/4190 4247/4247
f 4247/4247 4190/4190 4166/4166
f 4225/4225 4211/4211 4226/4226
f 4238/4238 4239/4239 1537/1537
f 4245/4245 4193/4193 4222/4222
f 4242/4242 4182/4182 4243/4243
f 4187/4187 4236/4236 4248/4248
f 1557/1557 4225/4225 1558/1558
f 4184/4184 4197/4197 4249/4249
f 4232/4232 4185/4185 4250/4250
f 4250/4250 4185/4185 1529/1529
f 4251/4251 1535/1535 4162/4162
f 4251/4251 4162/4162 4227/4227
f 4240/4240 1517/1517 1519/1519
f 4218/4218 4198/4198 1600/1600
f 4220/4220 4186/4186 4252/4252
f 4205/4205 4201/4201 4253/4253
f 4230/4230 4223/4223 4246/4246
f 4253/4253 4201/4201 4165/4165
f 4165/4165 1556/1556 1559/1559
f 4247/4247 4166/4166 4254/4254
f 4254/4254 4166/4166 4191/4191
f 4226/4226 4184/4184 4249/4249
f 4216/4216 4156/4156 4221/4221
f 4208/4208 4209/4209 4255/4255
f 4209/4209 4237/4237 4256/4256
f 4255/4255 4209/4209 4256/4256
f 4257/4257 4238/4238 1537/1537
f 4257/4257 1537/1537 4258/4258
f 4258/4258 1537/1537 1536/1536
f 1536/1536 1535/1535 4251/4251
f 1600/1600 4198/4198 4234/4234
f 4235/4235 4171/4171 4179/4179
f 4259/4259 4181/4181 4199/4199
f 4236/4236 4205/4205 4260/4260
f 4260/4260 4205/4205 4253/4253
f 4224/4224 4155/4155 4261/4261
f 4261/4261 4155/4155 4188/4188
f 4261/4261 4188/4188 4262/4262
f 4263/4263 4189/4189 4231/4231
f 4253/4253 4165/4165 1559/1559
f 4177/4177 4114/4114 4264/4264
f 4265/4265 4177/4177 4264/4264
f 4264/4264 4114/4114 4215/4215
f 4217/4217 4207/4207 4266/4266
f 4267/4267 4208/4208 4255/4255
f 1635/1635 4240/4240 1519/1519
f 4233/4233 4212/4212 4268/4268
f 4268/4268 4212/4212 4218/4218
f 4268/4268 4218/4218 1600/1600
f 4245/4245 4222/4222 4269/4269
f 4269/4269 4222/4222 4240/4240
f 4235/4235 4179/4179 4270/4270
f 4270/4270 4179/4179 4213/4213
f 4270/4270 4213/4213 4219/4219
f 4214/4214 4181/4181 4259/4259
f 4271/4271 4187/4187 4248/4248
f 4260/4260 4253/4253 4272/4272
f 1519/1519 4233/4233 4273/4273
f 4228/4228 4175/4175 4274/4274
f 4274/4274 4175/4175 4235/4235
f 1574/1574 1524/1524 4242/4242
f 4158/4158 4187/4187 4271/4271
f 4248/4248 4236/4236 4260/4260
f 1601/1601 1600/1600 4234/4234
f 4243/4243 4158/4158 4271/4271
f 4275/4275 4248/4248 4260/4260
f 4272/4272 4253/4253 1559/1559
f 4230/4230 4246/4246 4276/4276
f 4246/4246 4224/4224 4277/4277
f 4276/4276 4246/4246 4277/4277
f 4277/4277 4224/4224 4261/4261
f 4254/4254 4191/4191 4278/4278
f 4279/4279 1558/1558 4225/4225
f 4280/4280 4232/4232 4250/4250
f 4215/4215 4216/4216 4281/4281
f 4282/4282 4221/4221 4283/4283
f 4258/4258 1536/1536 4284/4284
f 1536/1536 4251/4251 4285/4285
f 4284/4284 1536/1536 4285/4285
f 4269/4269 4240/4240 1635/1635
f 4273/4273 4233/4233 4268/4268
f 1601/1601 4234/4234 4228/4228
f 4219/4219 4241/4241 4286/4286
f 4286/4286 4214/4214 4259/4259
f 1580/1580 1510/1510 4287/4287
f 1580/1580 4287/4287 4288/4288
f 4289/4289 4243/4243 4271/4271
f 4271/4271 4248/4248 4290/4290
f 1656/1656 1559/1559 1558/1558
f 4291/4291 4225/4225 4226/4226
f 4250/4250 1529/1529 1589/1589
f 4216/4216 4221/4221 4282/4282
f 4255/4255 4256/4256 4292/4292
f 4293/4293 4257/4257 4258/4258
f 4227/4227 4245/4245 4294/4294
f 4270/4270 4219/4219 4295/4295
f 4295/4295 4219/4219 4286/4286
f 4241/4241 4214/4214 4286/4286
f 1591/1591 1477/1477 4220/4220
f 4290/4290 4248/4248 4275/4275
f 4263/4263 4231/4231 4296/4296
f 4296/4296 4231/4231 4244/4244
f 4296/4296 4244/4244 4297/4297
f 1656/1656 1558/1558 4279/4279
f 4279/4279 4225/4225 4298/4298
f 4298/4298 4225/4225 4291/4291
f 4280/4280 4250/4250 4299/4299
f 4299/4299 4250/4250 1589/1589
f 4283/4283 4221/4221 4217/4217
f 4251/4251 4227/4227 4294/4294
f 1601/1601 4228/4228 4274/4274
f 4300/4300 4243/4243 4289/4289
f 4301/4301 4260/4260 4272/4272
f 4302/4302 4230/4230 4276/4276
f 4291/4291 4226/4226 4303/4303
f 4303/4303 4226/4226 4304/4304
f 4304/4304 4226/4226 4249/4249
f 4305/4305 4280/4280 4299/4299
f 4281/4281 4216/4216 4282/4282
f 4217/4217 4266/4266 4306/4306
f 4307/4307 4267/4267 4255/4255
f 4307/4307 4255/4255 4308/4308
f 4308/4308 4255/4255 4292/4292
f 4245/4245 4269/4269 4309/4309
f 4274/4274 4235/4235 4310/4310
f 4311/4311 4235/4235 4270/4270
f 4200/4200 1478/1478 1591/1591
f 1574/1574 4242/4242 4300/4300
f 1638/1638 1574/1574 4300/4300
f 4300/4300 4242/4242 4243/4243
f 4289/4289 4271/4271 4290/4290
f 4304/4304 4249/4249 4312/4312
f 4313/4313 4305/4305 4299/4299
f 4314/4314 4313/4313 4315/4315
f 4313/4313 4299/4299 1589/1589
f 4315/4315 4313/4313 1589/1589
f 1634/1634 1519/1519 4273/4273
f 1614/1614 1580/1580 4288/4288
f 4316/4316 4275/4275 4260/4260
f 4316/4316 4260/4260 4301/4301
f 4297/4297 4244/4244 4247/4247
f 1559/1559 1656/1656 1655/1655
f 4307/4307 4308/4308 1633/1633
f 4308/4308 4292/4292 4317/4317
f 1633/1633 4308/4308 4317/4317
f 4318/4318 4293/4293 4258/4258
f 4318/4318 4258/4258 4319/4319
f 4319/4319 4258/4258 4284/4284
f 4310/4310 4235/4235 4311/4311
f 4286/4286 4259/4259 4320/4320
f 4290/4290 4275/4275 4316/4316
f 4321/4321 1559/1559 1655/1655
f 4314/4314 4315/4315 4322/4322
f 1631/1631 1633/1633 4317/4317
f 1649/1649 1631/1631 4317/4317
f 4294/4294 4245/4245 4309/4309
f 4268/4268 1600/1600 1602/1602
f 4301/4301 4272/4272 4323/4323
f 4302/4302 4276/4276 4324/4324
f 4325/4325 4302/4302 4324/4324
f 4276/4276 4277/4277 4326/4326
f 4324/4324 4276/4276 4326/4326
f 4326/4326 4277/4277 4261/4261
f 4297/4297 4247/4247 4327/4327
f 1657/1657 1656/1656 4279/4279
f 4322/4322 4315/4315 1630/1630
f 4315/4315 1589/1589 1630/1630
f 4282/4282 4283/4283 4328/4328
f 4283/4283 4217/4217 4329/4329
f 4329/4329 4217/4217 4306/4306
f 4307/4307 1633/1633 1632/1632
f 4330/4330 4318/4318 4331/4331
f 4331/4331 4318/4318 4319/4319
f 4311/4311 4270/4270 4332/4332
f 4332/4332 4270/4270 4295/4295
f 4332/4332 4295/4295 4333/4333
f 4333/4333 4295/4295 4286/4286
f 4259/4259 4199/4199 4334/4334
f 4335/4335 4200/4200 1591/1591
f 1614/1614 4288/4288 4336/4336
f 4272/4272 1559/1559 4323/4323
f 4323/4323 1559/1559 4321/4321
f 4326/4326 4261/4261 4337/4337
f 4337/4337 4261/4261 4262/4262
f 4298/4298 1657/1657 4279/4279
f 4264/4264 4215/4215 4338/4338
f 4338/4338 4215/4215 4281/4281
f 4331/4331 4319/4319 4339/4339
f 4339/4339 4319/4319 4284/4284
f 4340/4340 4268/4268 1602/1602
f 4285/4285 4251/4251 4341/4341
f 4341/4341 4251/4251 4294/4294
f 4342/4342 4274/4274 4310/4310
f 4320/4320 4259/4259 4334/4334
f 4343/4343 4289/4289 4290/4290
f 4338/4338 4281/4281 4344/4344
f 4345/4345 4309/4309 4269/4269
f 4273/4273 4268/4268 4340/4340
f 1602/1602 1601/1601 4346/4346
f 4346/4346 1601/1601 4274/4274
f 4347/4347 4332/4332 4333/4333
f 4300/4300 4289/4289 4348/4348
f 4290/4290 4316/4316 4349/4349
f 4349/4349 4316/4316 4350/4350
f 4350/4350 4316/4316 4301/4301
f 4327/4327 4247/4247 4254/4254
f 4265/4265 4264/4264 4351/4351
f 4351/4351 4264/4264 4338/4338
f 4328/4328 4283/4283 4329/4329
f 4263/4263 4296/4296 4352/4352
f 4353/4353 4265/4265 4351/4351
f 4281/4281 4282/4282 4354/4354
f 4344/4344 4281/4281 4354/4354
f 4354/4354 4282/4282 4328/4328
f 4330/4330 4331/4331 4355/4355
f 4355/4355 4331/4331 4339/4339
f 4269/4269 1635/1635 4356/4356
f 4310/4310 4311/4311 4357/4357
f 4357/4357 4311/4311 4358/4358
f 4358/4358 4311/4311 4332/4332
f 4359/4359 4300/4300 4348/4348
f 4348/4348 4289/4289 4343/4343
f 4325/4325 4324/4324 4360/4360
f 4360/4360 4324/4324 4326/4326
f 4298/4298 4291/4291 4361/4361
f 4362/4362 1579/1579 1590/1590
f 4284/4284 4285/4285 4363/4363
f 4356/4356 1635/1635 1634/1634
f 4364/4364 1602/1602 4346/4346
f 4358/4358 4332/4332 4347/4347
f 4220/4220 4252/4252 4365/4365
f 4366/4366 4301/4301 4323/4323
f 4367/4367 4325/4325 4360/4360
f 4352/4352 4296/4296 4297/4297
f 1655/1655 1657/1657 4368/4368
f 4369/4369 4314/4314 4322/4322
f 4369/4369 4322/4322 4370/4370
f 4322/4322 1630/1630 1669/1669
f 4370/4370 4322/4322 1669/1669
f 4329/4329 4306/4306 4371/4371
f 4372/4372 4307/4307 1632/1632
f 4341/4341 4294/4294 4309/4309
f 4345/4345 4269/4269 4356/4356
f 1634/1634 4273/4273 4373/4373
f 4373/4373 4273/4273 4340/4340
f 4340/4340 1602/1602 4364/4364
f 4346/4346 4274/4274 4342/4342
f 1638/1638 4300/4300 4359/4359
f 4374/4374 4298/4298 4361/4361
f 4372/4372 1632/1632 1686/1686
f 4375/4375 4330/4330 4355/4355
f 4339/4339 4284/4284 4376/4376
f 4376/4376 4284/4284 4363/4363
f 4363/4363 4285/4285 4341/4341
f 4343/4343 4290/4290 4349/4349
f 4337/4337 4262/4262 4377/4377
f 4378/4378 4263/4263 4352/4352
f 1657/1657 4298/4298 4374/4374
f 4303/4303 4304/4304 4379/4379
f 4379/4379 4304/4304 4312/4312
f 4380/4380 4346/4346 4342/4342
f 4342/4342 4310/4310 4357/4357
f 4381/4381 4358/4358 4347/4347
f 1695/1695 1614/1614 4336/4336
f 4327/4327 4254/4254 4382/4382
f 4382/4382 4254/4254 4278/4278
f 4361/4361 4291/4291 4303/4303
f 4362/4362 1590/1590 1674/1674
f 4344/4344 4354/4354 4383/4383
f 4375/4375 4355/4355 4384/4384
f 4384/4384 4355/4355 4339/4339
f 4385/4385 4341/4341 4309/4309
f 4356/4356 1634/1634 4386/4386
f 4381/4381 4347/4347 4333/4333
f 4335/4335 1591/1591 1765/1765
f 1765/1765 1591/1591 4220/4220
f 1687/1687 1638/1638 4359/4359
f 4321/4321 1655/1655 4387/4387
f 4387/4387 1655/1655 4368/4368
f 4361/4361 4303/4303 4379/4379
f 4384/4384 4339/4339 4388/4388
f 4388/4388 4339/4339 4376/4376
f 4309/4309 4345/4345 4389/4389
f 4390/4390 4333/4333 4286/4286
f 4320/4320 4334/4334 4391/4391
f 1764/1764 4335/4335 1765/1765
f 4392/4392 4348/4348 4343/4343
f 4349/4349 4350/4350 4393/4393
f 4350/4350 4301/4301 4394/4394
f 4394/4394 4301/4301 4366/4366
f 4395/4395 4375/4375 4384/4384
f 4385/4385 4309/4309 4389/4389
f 4386/4386 1634/1634 4373/4373
f 4389/4389 4345/4345 4356/4356
f 4396/4396 4364/4364 4346/4346
f 1695/1695 4336/4336 4397/4397
f 4393/4393 4350/4350 4394/4394
f 4366/4366 4323/4323 4321/4321
f 4368/4368 1657/1657 4374/4374
f 4383/4383 4354/4354 4328/4328
f 4329/4329 4371/4371 4398/4398
f 4399/4399 4372/4372 1686/1686
f 4400/4400 4340/4340 4364/4364
f 4380/4380 4342/4342 4401/4401
f 4401/4401 4342/4342 4357/4357
f 4381/4381 4333/4333 4390/4390
f 4286/4286 4320/4320 4402/4402
f 4343/4343 4349/4349 4403/4403
f 4404/4404 4352/4352 4297/4297
f 4405/4405 4297/4297 4327/4327
f 4382/4382 4278/4278 4406/4406
f 4370/4370 1669/1669 4407/4407
f 4408/4408 4328/4328 4329/4329
f 4384/4384 4388/4388 4409/4409
f 4409/4409 4388/4388 4376/4376
f 4410/4410 4356/4356 4386/4386
f 4411/4411 4373/4373 4340/4340
f 4366/4366 4321/4321 4387/4387
f 4404/4404 4297/4297 4405/4405
f 4383/4383 4328/4328 4408/4408
f 4399/4399 1686/1686 1724/1724
f 4376/4376 4363/4363 4412/4412
f 4386/4386 4373/4373 4411/4411
f 4396/4396 4346/4346 4380/4380
f 4360/4360 4326/4326 4413/4413
f 4413/4413 4326/4326 4337/4337
f 4407/4407 1669/1669 1727/1727
f 4389/4389 4356/4356 4410/4410
f 4414/4414 4364/4364 4396/4396
f 1765/1765 4220/4220 4415/4415
f 4415/4415 4220/4220 4365/4365
f 1736/1736 1687/1687 4359/4359
f 4359/4359 4348/4348 4416/4416
f 4403/4403 4349/4349 4393/4393
f 4387/4387 4368/4368 4417/4417
f 4417/4417 4368/4368 4374/4374
f 4379/4379 4312/4312 4418/4418
f 4341/4341 4385/4385 4419/4419
f 4419/4419 4385/4385 4420/4420
f 4400/4400 4364/4364 4414/4414
f 4380/4380 4401/4401 4421/4421
f 4357/4357 4358/4358 4422/4422
f 4402/4402 4320/4320 4391/4391
f 4378/4378 4352/4352 4404/4404
f 4417/4417 4374/4374 4423/4423
f 4424/4424 4344/4344 4383/4383
f 4395/4395 4384/4384 4425/4425
f 4425/4425 4384/4384 4409/4409
f 4420/4420 4385/4385 4389/4389
f 4412/4412 4363/4363 4341/4341
f 1695/1695 4397/4397 4426/4426
f 1736/1736 4359/4359 4416/4416
f 4394/4394 4366/4366 4427/4427
f 4337/4337 4377/4377 4428/4428
f 4429/4429 4378/4378 4404/4404
f 4338/4338 4344/4344 4424/4424
f 4430/4430 4327/4327 4382/4382
f 4411/4411 4340/4340 1838/1838
f 4358/4358 4381/4381 4431/4431
f 4286/4286 4402/4402 4432/4432
f 4415/4415 4365/4365 4433/4433
f 4416/4416 4348/4348 4392/4392
f 4392/4392 4343/4343 4434/4434
f 4434/4434 4343/4343 4403/4403
f 4427/4427 4366/4366 4387/4387
f 4374/4374 4361/4361 4435/4435
f 4435/4435 4361/4361 4379/4379
f 4407/4407 1727/1727 1756/1756
f 4408/4408 4329/4329 4436/4436
f 4436/4436 4329/4329 4398/4398
f 4399/4399 1724/1724 1759/1759
f 4437/4437 4395/4395 4425/4425
f 4409/4409 4376/4376 4438/4438
f 4438/4438 4376/4376 4412/4412
f 4439/4439 4386/4386 4411/4411
f 1838/1838 4340/4340 4400/4400
f 4420/4420 4389/4389 1837/1837
f 1837/1837 4389/4389 4410/4410
f 4396/4396 4380/4380 4421/4421
f 4421/4421 4401/4401 4440/4440
f 4440/4440 4401/4401 4357/4357
f 4422/4422 4358/4358 4431/4431
f 4367/4367 4360/4360 4441/4441
f 4442/4442 4367/4367 4441/4441
f 4441/4441 4360/4360 4413/4413
f 4413/4413 4337/4337 4443/4443
f 4443/4443 4337/4337 4428/4428
f 4405/4405 4327/4327 4430/4430
f 4370/4370 4407/4407 4444/4444
f 4444/4444 4407/4407 1756/1756
f 4445/4445 4362/4362 1674/1674
f 4446/4446 4383/4383 4408/4408
f 4425/4425 4409/4409 4447/4447
f 4447/4447 4409/4409 4438/4438
f 4412/4412 4341/4341 4419/4419
f 4440/4440 4357/4357 4422/4422
f 4381/4381 4390/4390 4448/4448
f 4431/4431 4381/4381 4448/4448
f 4390/4390 4286/4286 4449/4449
f 4449/4449 4286/4286 4432/4432
f 1767/1767 1695/1695 4426/4426
f 4423/4423 4374/4374 4435/4435
f 4410/4410 4386/4386 1835/1835
f 1835/1835 4386/4386 4439/4439
f 4439/4439 4411/4411 1838/1838
f 1838/1838 4400/4400 1825/1825
f 1825/1825 4400/4400 4414/4414
f 1837/1837 4410/4410 1835/1835
f 4369/4369 4370/4370 4450/4450
f 4451/4451 4369/4369 4450/4450
f 4450/4450 4370/4370 4444/4444
f 4439/4439 1838/1838 1840/1840
f 4414/4414 4396/4396 1823/1823
f 1823/1823 4396/4396 4452/4452
f 4452/4452 4396/4396 4421/4421
f 4440/4440 4422/4422 4453/4453
f 4432/4432 4402/4402 4391/4391
f 1774/1774 1736/1736 4454/4454
f 4454/4454 1736/1736 4416/4416
f 4393/4393 4394/4394 4427/4427
f 4427/4427 4387/4387 4417/4417
f 4435/4435 4379/4379 4455/4455
f 4455/4455 4379/4379 4456/4456
f 4456/4456 4379/4379 4418/4418
f 4424/4424 4383/4383 4457/4457
f 4437/4437 4425/4425 4458/4458
f 4458/4458 4425/4425 4447/4447
f 4452/4452 4421/4421 4440/4440
f 4448/4448 4390/4390 4449/4449
f 4459/4459 4416/4416 4392/4392
f 4460/4460 4392/4392 4434/4434
f 4417/4417 4423/4423 4461/4461
f 4457/4457 4383/4383 4446/4446
f 4436/4436 4398/4398 4462/4462
f 4463/4463 4399/4399 1759/1759
f 4419/4419 4420/4420 1837/1837
f 4453/4453 4422/4422 4464/4464
f 4464/4464 4422/4422 4431/4431
f 1767/1767 4426/4426 4465/4465
f 4459/4459 4392/4392 4460/4460
f 4412/4412 4419/4419 4466/4466
f 4466/4466 4419/4419 4467/4467
f 4467/4467 4419/4419 1837/1837
f 1835/1835 4439/4439 4468/4468
f 4452/4452 4440/4440 4469/4469
f 4469/4469 4440/4440 4453/4453
f 4431/4431 4448/4448 4470/4470
f 4464/4464 4431/4431 4470/4470
f 4432/4432 4391/4391 4471/4471
f 4472/4472 1764/1764 1766/1766
f 4434/4434 4403/4403 4473/4473
f 4474/4474 4427/4427 4417/4417
f 4461/4461 4423/4423 4475/4475
f 4450/4450 4444/4444 1829/1829
f 1829/1829 4444/4444 1756/1756
f 4445/4445 1674/1674 1809/1809
f 4446/4446 4408/4408 4436/4436
f 4437/4437 4458/4458 4476/4476
f 4477/4477 4437/4437 4476/4476
f 4476/4476 4458/4458 4447/4447
f 4476/4476 4447/4447 4478/4478
f 4478/4478 4447/4447 4438/4438
f 1825/1825 4414/4414 1823/1823
f 4479/4479 4412/4412 4466/4466
f 4470/4470 4448/4448 4449/4449
f 4454/4454 4416/4416 4459/4459
f 4480/4480 4393/4393 4427/4427
f 4481/4481 4442/4442 4441/4441
f 4443/4443 4428/4428 4482/4482
f 4483/4483 4429/4429 4404/4404
f 4405/4405 4430/4430 4484/4484
f 4474/4474 4417/4417 4485/4485
f 4485/4485 4417/4417 4461/4461
f 4484/4484 4430/4430 4382/4382
f 4486/4486 4423/4423 4435/4435
f 4463/4463 1759/1759 1811/1811
f 1810/1810 1782/1782 4487/4487
f 1823/1823 4452/4452 4469/4469
f 1826/1826 1767/1767 4465/4465
f 4460/4460 4434/4434 4473/4473
f 4488/4488 4403/4403 4393/4393
f 4488/4488 4393/4393 4480/4480
f 4480/4480 4427/4427 4489/4489
f 4490/4490 4405/4405 4484/4484
f 4484/4484 4382/4382 4491/4491
f 4491/4491 4382/4382 4406/4406
f 4491/4491 4406/4406 4492/4492
f 4475/4475 4423/4423 4486/4486
f 4493/4493 4451/4451 4450/4450
f 4493/4493 4450/4450 4494/4494
f 4494/4494 4450/4450 1829/1829
f 4438/4438 4412/4412 4495/4495
f 4495/4495 4412/4412 4479/4479
f 1839/1839 1838/1838 1825/1825
f 4469/4469 4453/4453 4496/4496
f 1774/1774 4454/4454 1818/1818
f 4473/4473 4403/4403 4488/4488
f 4489/4489 4427/4427 4474/4474
f 4441/4441 4413/4413 4497/4497
f 4497/4497 4413/4413 4443/4443
f 1820/1820 1770/1770 1900/1900
f 4404/4404 4405/4405 4483/4483
f 4483/4483 4405/4405 4490/4490
f 4498/4498 4446/4446 4436/4436
f 4499/4499 4436/4436 4462/4462
f 1836/1836 1835/1835 4468/4468
f 4453/4453 4464/4464 4500/4500
f 4470/4470 4449/4449 4432/4432
f 1765/1765 4415/4415 1850/1850
f 1850/1850 4415/4415 4433/4433
f 4473/4473 4488/4488 4501/4501
f 4497/4497 4443/4443 4502/4502
f 4502/4502 4443/4443 4482/4482
f 4485/4485 4461/4461 4475/4475
f 4351/4351 4338/4338 4503/4503
f 4503/4503 4338/4338 4424/4424
f 1824/1824 1823/1823 4469/4469
f 1808/1808 1739/1739 1831/1831
f 4353/4353 4351/4351 4504/4504
f 4504/4504 4351/4351 4503/4503
f 4457/4457 4446/4446 4498/4498
f 4477/4477 4476/4476 4505/4505
f 4505/4505 4476/4476 4478/4478
f 4468/4468 4439/4439 1840/1840
f 4467/4467 1837/1837 1836/1836
f 1839/1839 1825/1825 1824/1824
f 4496/4496 4453/4453 4500/4500
f 4500/4500 4464/4464 4470/4470
f 4470/4470 4432/4432 4506/4506
f 1850/1850 4433/4433 4507/4507
f 1826/1826 4465/4465 4508/4508
f 4490/4490 4484/4484 4509/4509
f 4509/4509 4484/4484 4510/4510
f 4510/4510 4484/4484 4491/4491
f 4493/4493 4494/4494 4511/4511
f 1833/1833 4494/4494 1829/1829
f 4511/4511 4494/4494 1833/1833
f 4511/4511 1833/1833 1845/1845
f 4499/4499 4462/4462 4512/4512
f 4513/4513 4463/4463 1811/1811
f 4514/4514 4469/4469 4496/4496
f 4454/4454 4459/4459 4515/4515
f 4459/4459 4460/4460 4516/4516
f 1847/1847 1820/1820 1900/1900
f 4517/4517 4483/4483 4509/4509
f 4509/4509 4483/4483 4490/4490
f 4518/4518 4353/4353 4504/4504
f 4495/4495 4479/4479 4519/4519
f 4520/4520 4467/4467 1836/1836
f 4521/4521 4500/4500 4470/4470
f 4460/4460 4473/4473 4501/4501
f 4522/4522 4488/4488 4480/4480
f 4502/4502 4482/4482 4523/4523
f 4524/4524 4483/4483 4517/4517
f 4486/4486 4435/4435 4525/4525
f 4525/4525 4435/4435 4455/4455
f 4526/4526 4479/4479 4466/4466
f 4468/4468 1840/1840 4527/4527
f 1839/1839 1824/1824 1991/1991
f 1991/1991 1824/1824 4528/4528
f 1824/1824 4469/4469 4514/4514
f 4529/4529 4496/4496 4500/4500
f 4529/4529 4500/4500 4521/4521
f 4506/4506 4432/4432 4530/4530
f 4531/4531 4432/4432 4471/4471
f 1872/1872 1826/1826 4508/4508
f 1818/1818 4454/4454 4515/4515
f 4522/4522 4480/4480 4532/4532
f 4532/4532 4480/4480 4489/4489
f 4489/4489 4474/4474 4533/4533
f 4525/4525 4455/4455 4534/4534
f 4534/4534 4455/4455 4456/4456
f 4456/4456 4418/4418 4535/4535
f 4493/4493 4511/4511 4536/4536
f 4537/4537 4493/4493 4536/4536
f 4536/4536 4511/4511 1845/1845
f 1865/1865 1810/1810 4487/4487
f 4505/4505 4478/4478 4538/4538
f 4538/4538 4478/4478 4438/4438
f 4538/4538 4438/4438 4495/4495
f 1840/1840 1839/1839 4527/4527
f 4514/4514 4496/4496 4539/4539
f 4540/4540 4481/4481 4441/4441
f 4534/4534 4456/4456 4541/4541
f 4541/4541 4456/4456 4535/4535
f 4498/4498 4436/4436 4542/4542
f 4542/4542 4436/4436 4499/4499
f 4519/4519 4479/4479 4526/4526
f 4526/4526 4466/4466 4467/4467
f 4543/4543 1836/1836 4468/4468
f 4543/4543 4468/4468 4527/4527
f 4530/4530 4432/4432 4531/4531
f 4503/4503 4424/4424 4544/4544
f 4545/4545 4495/4495 4519/4519
f 4539/4539 4496/4496 4529/4529
f 4521/4521 4470/4470 4506/4506
f 4472/4472 1766/1766 1871/1871
f 4515/4515 4459/4459 4516/4516
f 4510/4510 4491/4491 4492/4492
f 4546/4546 4474/4474 4485/4485
f 4547/4547 4485/4485 4475/4475
f 4424/4424 4457/4457 4544/4544
f 4548/4548 1824/1824 4514/4514
f 1873/1873 1872/1872 4508/4508
f 4549/4549 1843/1843 1890/1890
f 4441/4441 4497/4497 4550/4550
f 4540/4540 4441/4441 4550/4550
f 4550/4550 4497/4497 4502/4502
f 4533/4533 4474/4474 4546/4546
f 4546/4546 4485/4485 4547/4547
f 4513/4513 1811/1811 1895/1895
f 1865/1865 4487/4487 4551/4551
f 4552/4552 4477/4477 4505/4505
f 4538/4538 4495/4495 4553/4553
f 4553/4553 4495/4495 4545/4545
f 4528/4528 1824/1824 4548/4548
f 4529/4529 4521/4521 4554/4554
f 4555/4555 4506/4506 4530/4530
f 1889/1889 1818/1818 4515/4515
f 4544/4544 4457/4457 4556/4556
f 4556/4556 4457/4457 4498/4498
f 1956/1956 4467/4467 4520/4520
f 4548/4548 4514/4514 4539/4539
f 4557/4557 4488/4488 4522/4522
f 4532/4532 4489/4489 4533/4533
f 4524/4524 4517/4517 4558/4558
f 4517/4517 4509/4509 4559/4559
f 4547/4547 4475/4475 4560/4560
f 4475/4475 4486/4486 4560/4560
f 4486/4486 4525/4525 4560/4560
f 4561/4561 4525/4525 4534/4534
f 4556/4556 4498/4498 4562/4562
f 4562/4562 4498/4498 4542/4542
f 4552/4552 4505/4505 4563/4563
f 4563/4563 4505/4505 4538/4538
f 4564/4564 1836/1836 4543/4543
f 1990/1990 4527/4527 1839/1839
f 4521/4521 4506/4506 4555/4555
f 1850/1850 4507/4507 4565/4565
f 4516/4516 4460/4460 4501/4501
f 4501/4501 4488/4488 4557/4557
f 4550/4550 4502/4502 4566/4566
f 4502/4502 4523/4523 4567/4567
f 4566/4566 4502/4502 4567/4567
f 4558/4558 4517/4517 4559/4559
f 4560/4560 4525/4525 4561/4561
f 4526/4526 4467/4467 1956/1956
f 1990/1990 1839/1839 1991/1991
f 1931/1931 1850/1850 4565/4565
f 4568/4568 4540/4540 4550/4550
f 1919/1919 1865/1865 4551/4551
f 4569/4569 4548/4548 4539/4539
f 4516/4516 4501/4501 4570/4570
f 4509/4509 4510/4510 4571/4571
f 4561/4561 4534/4534 4572/4572
f 4572/4572 4534/4534 4541/4541
f 4573/4573 4537/4537 4536/4536
f 4536/4536 1845/1845 1925/1925
f 1919/1919 4551/4551 4574/4574
f 4575/4575 4552/4552 4563/4563
f 4520/4520 1836/1836 4576/4576
f 4576/4576 1836/1836 4564/4564
f 4521/4521 4555/4555 4554/4554
f 1889/1889 4515/4515 4577/4577
f 4522/4522 4532/4532 4578/4578
f 4532/4532 4533/4533 4578/4578
f 4568/4568 4550/4550 4579/4579
f 4579/4579 4550/4550 4566/4566
f 4566/4566 4567/4567 4580/4580
f 4581/4581 4558/4558 4559/4559
f 4563/4563 4538/4538 4582/4582
f 4582/4582 4538/4538 4553/4553
f 4543/4543 4527/4527 1990/1990
f 4583/4583 4558/4558 4581/4581
f 4584/4584 4547/4547 4560/4560
f 4519/4519 4526/4526 1958/1958
f 1956/1956 4520/4520 4576/4576
f 4585/4585 4554/4554 4555/4555
f 4586/4586 4549/4549 1890/1890
f 4557/4557 4522/4522 4578/4578
f 4573/4573 4536/4536 4587/4587
f 4587/4587 4536/4536 1925/1925
f 4542/4542 4499/4499 4588/4588
f 4588/4588 4499/4499 4512/4512
f 4588/4588 4512/4512 4589/4589
f 4590/4590 4513/4513 1895/1895
f 4591/4591 4519/4519 1958/1958
f 1958/1958 4526/4526 1956/1956
f 4528/4528 4548/4548 4569/4569
f 4592/4592 4529/4529 4554/4554
f 4586/4586 1890/1890 1946/1946
f 4577/4577 4515/4515 4593/4593
f 4593/4593 4515/4515 4516/4516
f 4570/4570 4501/4501 4594/4594
f 4594/4594 4501/4501 4557/4557
f 4559/4559 4509/4509 4571/4571
f 4571/4571 4510/4510 4595/4595
f 4595/4595 4510/4510 4492/4492
f 4575/4575 4563/4563 4596/4596
f 4596/4596 4563/4563 4582/4582
f 4545/4545 4519/4519 4591/4591
f 4539/4539 4529/4529 4592/4592
f 1936/1936 1889/1889 4577/4577
f 4597/4597 4557/4557 4578/4578
f 4503/4503 4544/4544 4556/4556
f 4594/4594 4557/4557 4597/4597
f 4578/4578 4533/4533 4598/4598
f 4599/4599 4568/4568 4600/4600
f 4600/4600 4568/4568 4579/4579
f 4579/4579 4566/4566 4601/4601
f 4601/4601 4566/4566 4580/4580
f 4598/4598 4533/4533 4602/4602
f 4602/4602 4533/4533 4546/4546
f 4602/4602 4546/4546 4603/4603
f 4603/4603 4546/4546 4547/4547
f 4590/4590 1895/1895 1965/1965
f 1957/1957 1956/1956 4576/4576
f 4603/4603 4547/4547 4584/4584
f 4572/4572 4541/4541 4604/4604
f 4604/4604 4541/4541 4535/4535
f 4605/4605 4518/4518 4504/4504
f 4562/4562 4542/4542 4606/4606
f 4606/4606 4542/4542 4588/4588
f 1919/1919 4574/4574 4607/4607
f 1970/1970 1919/1919 4607/4607
f 4608/4608 4575/4575 4596/4596
f 4553/4553 4545/4545 4591/4591
f 4609/4609 4564/4564 4543/4543
f 2026/2026 4543/4543 1990/1990
f 1991/1991 4528/4528 1992/1992
f 4528/4528 4569/4569 4610/4610
f 4569/4569 4539/4539 4611/4611
f 4611/4611 4539/4539 4592/4592
f 4612/4612 4554/4554 4585/4585
f 1936/1936 4577/4577 2053/2053
f 4577/4577 4593/4593 2053/2053
f 4600/4600 4579/4579 4613/4613
f 4613/4613 4579/4579 4601/4601
f 4581/4581 4559/4559 4614/4614
f 4614/4614 4559/4559 4571/4571
f 4595/4595 4492/4492 4615/4615
f 4604/4604 4535/4535 4616/4616
f 4596/4596 4582/4582 4617/4617
f 4617/4617 4582/4582 4553/4553
f 1931/1931 4565/4565 4618/4618
f 1982/1982 1935/1935 1974/1974
f 4619/4619 4581/4581 4614/4614
f 4560/4560 4561/4561 4620/4620
f 4561/4561 4572/4572 4621/4621
f 4620/4620 4561/4561 4621/4621
f 4621/4621 4572/4572 4604/4604
f 4622/4622 4562/4562 4606/4606
f 4617/4617 4553/4553 4623/4623
f 4623/4623 4553/4553 4591/4591
f 4576/4576 4564/4564 4609/4609
f 2024/2024 1990/1990 1992/1992
f 1957/1957 4576/4576 4609/4609
f 2026/2026 4609/4609 4543/4543
f 2026/2026 1990/1990 2024/2024
f 1992/1992 4528/4528 4610/4610
f 4624/4624 4530/4530 4531/4531
f 4593/4593 4516/4516 4625/4625
f 4625/4625 4516/4516 4570/4570
f 4626/4626 4601/4601 4580/4580
f 4583/4583 4581/4581 4619/4619
f 4627/4627 4583/4583 4619/4619
f 4614/4614 4571/4571 4595/4595
f 4628/4628 4573/4573 4587/4587
f 4592/4592 4554/4554 4612/4612
f 4624/4624 4555/4555 4530/4530
f 4624/4624 4531/4531 4629/4629
f 4531/4531 4471/4471 4630/4630
f 4629/4629 4531/4531 4630/4630
f 4631/4631 4472/4472 1871/1871
f 4632/4632 4594/4594 4597/4597
f 4597/4597 4578/4578 4633/4633
f 4633/4633 4578/4578 4598/4598
f 4603/4603 4584/4584 4634/4634
f 4584/4584 4560/4560 4620/4620
f 4556/4556 4562/4562 4622/4622
f 4608/4608 4596/4596 4635/4635
f 4635/4635 4596/4596 4617/4617
f 1992/1992 4610/4610 4636/4636
f 4631/4631 1871/1871 1981/1981
f 1999/1999 1936/1936 2053/2053
f 4600/4600 4613/4613 4637/4637
f 4637/4637 4613/4613 4601/4601
f 4602/4602 4603/4603 4634/4634
f 4587/4587 1925/1925 2008/2008
f 4638/4638 4556/4556 4622/4622
f 4639/4639 1957/1957 4609/4609
f 4640/4640 4569/4569 4611/4611
f 4641/4641 4612/4612 4585/4585
f 4641/4641 4585/4585 4555/4555
f 1981/1981 1931/1931 2084/2084
f 2084/2084 1931/1931 4618/4618
f 2053/2053 4593/4593 4625/4625
f 4625/4625 4570/4570 4594/4594
f 4642/4642 4599/4599 4643/4643
f 4643/4643 4599/4599 4600/4600
f 4643/4643 4600/4600 4637/4637
f 4637/4637 4601/4601 4644/4644
f 4644/4644 4601/4601 4626/4626
f 4634/4634 4584/4584 4620/4620
f 4605/4605 4504/4504 4645/4645
f 4504/4504 4503/4503 4646/4646
f 4645/4645 4504/4504 4646/4646
f 4503/4503 4556/4556 4638/4638
f 2025/2025 4609/4609 2026/2026
f 4591/4591 1958/1958 4647/4647
f 1958/1958 1957/1957 4648/4648
f 4641/4641 4555/4555 4624/4624
f 2055/2055 1999/1999 2053/2053
f 1970/1970 4607/4607 4649/4649
f 4650/4650 4608/4608 4635/4635
f 4651/4651 4591/4591 4647/4647
f 4648/4648 1957/1957 4639/4639
f 4636/4636 4610/4610 4640/4640
f 4640/4640 4610/4610 4569/4569
f 4625/4625 4594/4594 4632/4632
f 4632/4632 4597/4597 4652/4652
f 4652/4652 4597/4597 4633/4633
f 4652/4652 4633/4633 4653/4653
f 4633/4633 4598/4598 4602/4602
f 4654/4654 4614/4614 4595/4595
f 4646/4646 4503/4503 4638/4638
f 4606/4606 4588/4588 4655/4655
f 4655/4655 4588/4588 4589/4589
f 4650/4650 4635/4635 4656/4656
f 4656/4656 4635/4635 4617/4617
f 4656/4656 4617/4617 4623/4623
f 4656/4656 4623/4623 4657/4657
f 4657/4657 4623/4623 4591/4591
f 4611/4611 4592/4592 4658/4658
f 4653/4653 4633/4633 4659/4659
f 4659/4659 4633/4633 4602/4602
f 4637/4637 4644/4644 4660/4660
f 4644/4644 4626/4626 4661/4661
f 4660/4660 4644/4644 4661/4661
f 4662/4662 4627/4627 4619/4619
f 2110/2110 4619/4619 4663/4663
f 4619/4619 4614/4614 4663/4663
f 4663/4663 4614/4614 4654/4654
f 4654/4654 4595/4595 4664/4664
f 4664/4664 4595/4595 4615/4615
f 4659/4659 4602/4602 4634/4634
f 4634/4634 4620/4620 4665/4665
f 4628/4628 4587/4587 4666/4666
f 4666/4666 4587/4587 2008/2008
f 4667/4667 1944/1944 2047/2047
f 2042/2042 1970/1970 4649/4649
f 4657/4657 4591/4591 4651/4651
f 2024/2024 1992/1992 4668/4668
f 4668/4668 1992/1992 4636/4636
f 4658/4658 4592/4592 4669/4669
f 4669/4669 4592/4592 4612/4612
f 2054/2054 2053/2053 4625/4625
f 4625/4625 4632/4632 4652/4652
f 4662/4662 4619/4619 2110/2110
f 4659/4659 4634/4634 4670/4670
f 4655/4655 4589/4589 4671/4671
f 4590/4590 1965/1965 2048/2048
f 4647/4647 1958/1958 4648/4648
f 4636/4636 4640/4640 4672/4672
f 4640/4640 4611/4611 4658/4658
f 4669/4669 4612/4612 4673/4673
f 4674/4674 4629/4629 4630/4630
f 4674/4674 4630/4630 4675/4675
f 2083/2083 4631/4631 1981/1981
f 2083/2083 1981/1981 2084/2084
f 1999/1999 2055/2055 2054/2054
f 4625/4625 4652/4652 4676/4676
f 4676/4676 4652/4652 4653/4653
f 4643/4643 4637/4637 2106/2106
f 2106/2106 4637/4637 4660/4660
f 4666/4666 2008/2008 2057/2057
f 4622/4622 4606/4606 4677/4677
f 4677/4677 4606/4606 4655/4655
f 4668/4668 2025/2025 2024/2024
f 4673/4673 4612/4612 4641/4641
f 4624/4624 4629/4629 4674/4674
f 2054/2054 4625/4625 2101/2101
f 4625/4625 4676/4676 2102/2102
f 4660/4660 4661/4661 4678/4678
f 2109/2109 4662/4662 2110/2110
f 4665/4665 4620/4620 4621/4621
f 4621/4621 4604/4604 4679/4679
f 4679/4679 4604/4604 4616/4616
f 2042/2042 4649/4649 4680/4680
f 4681/4681 4650/4650 4656/4656
f 4668/4668 4636/4636 4682/4682
f 4682/4682 4636/4636 4672/4672
f 4672/4672 4640/4640 4683/4683
f 4640/4640 4658/4658 4683/4683
f 2061/2061 1999/1999 2054/2054
f 4684/4684 2054/2054 2101/2101
f 4642/4642 4643/4643 4685/4685
f 4685/4685 4643/4643 2108/2108
f 2108/2108 4643/4643 2106/2106
f 4628/4628 4666/4666 2057/2057
f 4638/4638 4622/4622 4686/4686
f 4677/4677 4655/4655 4687/4687
f 4687/4687 4655/4655 4671/4671
f 4639/4639 4609/4609 2025/2025
f 2084/2084 4618/4618 2139/2139
f 2061/2061 2054/2054 4688/4688
f 4688/4688 2054/2054 4684/4684
f 2101/2101 4625/4625 2102/2102
f 4676/4676 4653/4653 4689/4689
f 4664/4664 4615/4615 4690/4690
f 4659/4659 4670/4670 4691/4691
f 4670/4670 4634/4634 4665/4665
f 4665/4665 4621/4621 4692/4692
f 4692/4692 4621/4621 4679/4679
f 2449/2449 4667/4667 2047/2047
f 2082/2082 2042/2042 4680/4680
f 4681/4681 4656/4656 4693/4693
f 4694/4694 4639/4639 2025/2025
f 4693/4693 4656/4656 4657/4657
f 4695/4695 4657/4657 4651/4651
f 4651/4651 4647/4647 4648/4648
f 4648/4648 4639/4639 4694/4694
f 4694/4694 2025/2025 4696/4696
f 4696/4696 2025/2025 4668/4668
f 4697/4697 4682/4682 4672/4672
f 4658/4658 4669/4669 4683/4683
f 4673/4673 4641/4641 4698/4698
f 4698/4698 4641/4641 4674/4674
f 4641/4641 4624/4624 4674/4674
f 2085/2085 2084/2084 4699/4699
f 4699/4699 2084/2084 2139/2139
f 2139/2139 4618/4618 4700/4700
f 2102/2102 4676/4676 4701/4701
f 4701/4701 4676/4676 4689/4689
f 4689/4689 4653/4653 4659/4659
f 4689/4689 4659/4659 4702/4702
f 4703/4703 4685/4685 2108/2108
f 2106/2106 4660/4660 2107/2107
f 4704/4704 4685/4685 4703/4703
f 2107/2107 4660/4660 4678/4678
f 2111/2111 2110/2110 4663/4663
f 4702/4702 4659/4659 4691/4691
f 4654/4654 4664/4664 4690/4690
f 4679/4679 4616/4616 4705/4705
f 2462/2462 4622/4622 4677/4677
f 2462/2462 4677/4677 4687/4687
f 2082/2082 4706/4706 2048/2048
f 2082/2082 4680/4680 4707/4707
f 4707/4707 4680/4680 4708/4708
f 4693/4693 4657/4657 4695/4695
f 4696/4696 4668/4668 4697/4697
f 4697/4697 4668/4668 4682/4682
f 2083/2083 2085/2085 4699/4699
f 4709/4709 2061/2061 4688/4688
f 4709/4709 4688/4688 4710/4710
f 4710/4710 4688/4688 4684/4684
f 2103/2103 2102/2102 2105/2105
f 2104/2104 2102/2102 4701/4701
f 4704/4704 4703/4703 4711/4711
f 4703/4703 2108/2108 4711/4711
f 2107/2107 4678/4678 4712/4712
f 4663/4663 4654/4654 4713/4713
f 4713/4713 4654/4654 4690/4690
f 4713/4713 4690/4690 4714/4714
f 4670/4670 4665/4665 4715/4715
f 4715/4715 4665/4665 4692/4692
f 4628/4628 2057/2057 4716/4716
f 4716/4716 2057/2057 2122/2122
f 4646/4646 4638/4638 4686/4686
f 4686/4686 4622/4622 2462/2462
f 4707/4707 4708/4708 4717/4717
f 4718/4718 4648/4648 4694/4694
f 4718/4718 4694/4694 4719/4719
f 4695/4695 4651/4651 4720/4720
f 4720/4720 4651/4651 4721/4721
f 4721/4721 4651/4651 4648/4648
f 4719/4719 4694/4694 4696/4696
f 4696/4696 4697/4697 4722/4722
f 4697/4697 4672/4672 4723/4723
f 4723/4723 4672/4672 4683/4683
f 4723/4723 4683/4683 4724/4724
f 4683/4683 4669/4669 4724/4724
f 4724/4724 4669/4669 4673/4673
f 4724/4724 4673/4673 4698/4698
f 4725/4725 4674/4674 4675/4675
f 4725/4725 4675/4675 4726/4726
f 4727/4727 2083/2083 4699/4699
f 4728/4728 4684/4684 4729/4729
f 4729/4729 4684/4684 2101/2101
f 2103/2103 4729/4729 2101/2101
f 2105/2105 2104/2104 2150/2150
f 2104/2104 4701/4701 2151/2151
f 4701/4701 4689/4689 4730/4730
f 2151/2151 4701/4701 4730/4730
f 4730/4730 4689/4689 4731/4731
f 4731/4731 4689/4689 4702/4702
f 4704/4704 4711/4711 4732/4732
f 4732/4732 4711/4711 4733/4733
f 4711/4711 2108/2108 2128/2128
f 4733/4733 4711/4711 2128/2128
f 2107/2107 4712/4712 4734/4734
f 4735/4735 2111/2111 2348/2348
f 2348/2348 2111/2111 4736/4736
f 4731/4731 4702/4702 4737/4737
f 4736/4736 2111/2111 4663/4663
f 4736/4736 4663/4663 4738/4738
f 4663/4663 4713/4713 4738/4738
f 4702/4702 4691/4691 4737/4737
f 4737/4737 4691/4691 4670/4670
f 4715/4715 4692/4692 4739/4739
f 4739/4739 4692/4692 4679/4679
f 4739/4739 4679/4679 4705/4705
f 2462/2462 4687/4687 2463/2463
f 4706/4706 2082/2082 4740/4740
f 4741/4741 4706/4706 4740/4740
f 4740/4740 2082/2082 4707/4707
f 4742/4742 4718/4718 4719/4719
f 4743/4743 4693/4693 4695/4695
f 4743/4743 4695/4695 4720/4720
f 4721/4721 4648/4648 4718/4718
f 4719/4719 4696/4696 4722/4722
f 4744/4744 4722/4722 4697/4697
f 4697/4697 4723/4723 4744/4744
f 4745/4745 4698/4698 4674/4674
f 4745/4745 4674/4674 4725/4725
f 4727/4727 4699/4699 4746/4746
f 4746/4746 4699/4699 2138/2138
f 2138/2138 4699/4699 2139/2139
f 2137/2137 2139/2139 4700/4700
f 2126/2126 4747/4747 2087/2087
f 4747/4747 2126/2126 2148/2148
f 4709/4709 4710/4710 4748/4748
f 4710/4710 4684/4684 4728/4728
f 4748/4748 4710/4710 4728/4728
f 4749/4749 4728/4728 4729/4729
f 4729/4729 2103/2103 4750/4750
f 4749/4749 4729/4729 4750/4750
f 4750/4750 2103/2103 2105/2105
f 4750/4750 2105/2105 4751/4751
f 2105/2105 2150/2150 4751/4751
f 2150/2150 2149/2149 4751/4751
f 4751/4751 2149/2149 4752/4752
f 4752/4752 2149/2149 2151/2151
f 2280/2280 2270/2270 2306/2306
f 4732/4732 4733/4733 4753/4753
f 4754/4754 4732/4732 4753/4753
f 4733/4733 2128/2128 4755/4755
f 4753/4753 4733/4733 4755/4755
f 2128/2128 2107/2107 4734/4734
f 4755/4755 2128/2128 4734/4734
f 4755/4755 4734/4734 4756/4756
f 2089/2089 2152/2152 2154/2154
f 2112/2112 2089/2089 2154/2154
f 2155/2155 2112/2112 2154/2154
f 2347/2347 4735/4735 2348/2348
f 2348/2348 4736/4736 2349/2349
f 4736/4736 4738/4738 4757/4757
f 2349/2349 4736/4736 4757/4757
f 4757/4757 4738/4738 4713/4713
f 4757/4757 4713/4713 4714/4714
f 4757/4757 4714/4714 4758/4758
f 4737/4737 4670/4670 4759/4759
f 4670/4670 4715/4715 4759/4759
f 4760/4760 4759/4759 4715/4715
f 4760/4760 4715/4715 4739/4739
f 4760/4760 4739/4739 4761/4761
f 4761/4761 4739/4739 4705/4705
f 4761/4761 4705/4705 4762/4762
f 4716/4716 2122/2122 4763/4763
f 4763/4763 2122/2122 2080/2080
f 4764/4764 4605/4605 4645/4645
f 4740/4740 4707/4707 4765/4765
f 4721/4721 4718/4718 4742/4742
f 4765/4765 4707/4707 4717/4717
f 4766/4766 4744/4744 4723/4723
f 4766/4766 4723/4723 4767/4767
f 4767/4767 4723/4723 4724/4724
f 4767/4767 4724/4724 4745/4745
f 4724/4724 4698/4698 4745/4745
f 4726/4726 4768/4768 4769/4769
f 4769/4769 4768/4768 4770/4770
f 4769/4769 4770/4770 4771/4771
f 4771/4771 4770/4770 4772/4772
f 4771/4771 4772/4772 4773/4773
f 4772/4772 4774/4774 4775/4775
f 4773/4773 4772/4772 4775/4775
f 2164/2164 2175/2175 2165/2165
f 4776/4776 4777/4777 2465/2465
f 4777/4777 4778/4778 2465/2465
f 4778/4778 4779/4779 2465/2465
f 2465/2465 4779/4779 2468/2468
f 2468/2468 2311/2311 4780/4780
f 4780/4780 2311/2311 4781/4781
f 4781/4781 2311/2311 2313/2313
f 4782/4782 4716/4716 4763/4763
f 4645/4645 4646/4646 4783/4783
f 4783/4783 4646/4646 4686/4686
f 4765/4765 4717/4717 4784/4784
f 4785/4785 4743/4743 4720/4720
f 2487/2487 4720/4720 4721/4721
f 2487/2487 4721/4721 2488/2488
f 2490/2490 4719/4719 4722/4722
f 2490/2490 4722/4722 4786/4786
f 4786/4786 4722/4722 4744/4744
f 4786/4786 4744/4744 4766/4766
f 4725/4725 4726/4726 4787/4787
f 4726/4726 4769/4769 4787/4787
f 4787/4787 4769/4769 4771/4771
f 4788/4788 4776/4776 2498/2498
f 4776/4776 2465/2465 4789/4789
f 2498/2498 4776/4776 4789/4789
f 2468/2468 4780/4780 2466/2466
f 4790/4790 4780/4780 4781/4781
f 4791/4791 2329/2329 2384/2384
f 4792/4792 2384/2384 2405/2405
f 4792/4792 2405/2405 4793/4793
f 4782/4782 4763/4763 4794/4794
f 4763/4763 2080/2080 2461/2461
f 4794/4794 4763/4763 2461/2461
f 4783/4783 4686/4686 4795/4795
f 4795/4795 4686/4686 2462/2462
f 4795/4795 2462/2462 2464/2464
f 4796/4796 4741/4741 4797/4797
f 4741/4741 4740/4740 4798/4798
f 4797/4797 4741/4741 4798/4798
f 4798/4798 4740/4740 4765/4765
f 4785/4785 4720/4720 4799/4799
f 4799/4799 4720/4720 4800/4800
f 4800/4800 4720/4720 2487/2487
f 4721/4721 4742/4742 2488/2488
f 2488/2488 4742/4742 4719/4719
f 2488/2488 4719/4719 2490/2490
f 2490/2490 4786/4786 2492/2492
f 4786/4786 4766/4766 2492/2492
f 2492/2492 4766/4766 4801/4801
f 4766/4766 4767/4767 4801/4801
f 4801/4801 4767/4767 4802/4802
f 4802/4802 4767/4767 4745/4745
f 4802/4802 4745/4745 4803/4803
f 4803/4803 4745/4745 4725/4725
f 4803/4803 4725/4725 4787/4787
f 4803/4803 4787/4787 4804/4804
f 4804/4804 4787/4787 4805/4805
f 4805/4805 4787/4787 4771/4771
f 4771/4771 4773/4773 4805/4805
f 4805/4805 4773/4773 2494/2494
f 2494/2494 4773/4773 2495/2495
f 2495/2495 4773/4773 4775/4775
f 2495/2495 4775/4775 4774/4774
f 2495/2495 4774/4774 2497/2497
f 2500/2500 4788/4788 2498/2498
f 2498/2498 4789/4789 2467/2467
f 4789/4789 2465/2465 2467/2467
f 2466/2466 4780/4780 4790/4790
f 4790/4790 4781/4781 4806/4806
f 4806/4806 4781/4781 4807/4807
f 4807/4807 4781/4781 2313/2313
f 4807/4807 2313/2313 2329/2329
f 4807/4807 2329/2329 4791/4791
f 4791/4791 2384/2384 4808/4808
f 2384/2384 4792/4792 4808/4808
f 4793/4793 2405/2405 4809/4809
f 4810/4810 4716/4716 4782/4782
f 4764/4764 4645/4645 4783/4783
f 4796/4796 4797/4797 4811/4811
f 4797/4797 4798/4798 4812/4812
f 4811/4811 4797/4797 4812/4812
f 4812/4812 4798/4798 4765/4765
f 4812/4812 4765/4765 4813/4813
f 2485/2485 2489/2489 2491/2491
f 4814/4814 4765/4765 4784/4784
f 4813/4813 4765/4765 4814/4814
f 4813/4813 4814/4814 4815/4815
f 4816/4816 4799/4799 4817/4817
f 4817/4817 4799/4799 4818/4818
f 4818/4818 4799/4799 4800/4800
f 4800/4800 2487/2487 2486/2486
f 4818/4818 4800/4800 2486/2486
f 2493/2493 2492/2492 4819/4819
f 4819/4819 2492/2492 4801/4801
f 4819/4819 4801/4801 4820/4820
f 4801/4801 4802/4802 4820/4820
f 4820/4820 4802/4802 4803/4803
f 4820/4820 4803/4803 4804/4804
f 4821/4821 2500/2500 2499/2499
f 2499/2499 2467/2467 4822/4822
f 2467/2467 2466/2466 4822/4822
f 4822/4822 2466/2466 4790/4790
f 4807/4807 4791/4791 4823/4823
f 4791/4791 4808/4808 4823/4823
f 4823/4823 4808/4808 4809/4809
f 4808/4808 4792/4792 4809/4809
f 4809/4809 4792/4792 4793/4793
f 4810/4810 4782/4782 4824/4824
f 4825/4825 4810/4810 4824/4824
f 4824/4824 4782/4782 4794/4794
f 4795/4795 2464/2464 4826/4826
f 4826/4826 2464/2464 4827/4827
f 4828/4828 4796/4796 4811/4811
f 4811/4811 4812/4812 4829/4829
f 4829/4829 4812/4812 4813/4813
f 4813/4813 4815/4815 4830/4830
f 4831/4831 4818/4818 4832/4832
f 4832/4832 4818/4818 2486/2486
f 2486/2486 2485/2485 4833/4833
f 4832/4832 2486/2486 4833/4833
f 2485/2485 2491/2491 4833/4833
f 4833/4833 2491/2491 4834/4834
f 4834/4834 2491/2491 2493/2493
f 4834/4834 2493/2493 4819/4819
f 4834/4834 4819/4819 4835/4835
f 4819/4819 4820/4820 4835/4835
f 4835/4835 4820/4820 4836/4836
f 4836/4836 4820/4820 4837/4837
f 4820/4820 4804/4804 4837/4837
f 4837/4837 4804/4804 4805/4805
f 4837/4837 4805/4805 4838/4838
f 4805/4805 2494/2494 4838/4838
f 4838/4838 2494/2494 2496/2496
f 4838/4838 2496/2496 4839/4839
f 4840/4840 4841/4841 4842/4842
f 4843/4843 4844/4844 4845/4845
f 4843/4843 4845/4845 4846/4846
f 4830/4830 4815/4815 4847/4847
f 4845/4845 2506/2506 2508/2508
f 4846/4846 4845/4845 2508/2508
f 4830/4830 4847/4847 4848/4848
f 4849/4849 4850/4850 4851/4851
f 4851/4851 4850/4850 4852/4852
f 4853/4853 4843/4843 4846/4846
f 4847/4847 4854/4854 4848/4848
f 4853/4853 4846/4846 4855/4855
f 4855/4855 4846/4846 2508/2508
f 4856/4856 4851/4851 4852/4852
f 4856/4856 4852/4852 4857/4857
f 4858/4858 4853/4853 4855/4855
f 4854/4854 4859/4859 4848/4848
f 4860/4860 4849/4849 4851/4851
f 2511/2511 4856/4856 4857/4857
f 2511/2511 4857/4857 4861/4861
f 4848/4848 4859/4859 4862/4862
f 4858/4858 4855/4855 4863/4863
f 4863/4863 4855/4855 2508/2508
f 4863/4863 2508/2508 4864/4864
f 4864/4864 2508/2508 4849/4849
f 4860/4860 4851/4851 4865/4865
f 4865/4865 4851/4851 4856/4856
f 4866/4866 4856/4856 2511/2511
f 2511/2511 4861/4861 2514/2514
f 4864/4864 4849/4849 4860/4860
f 4865/4865 4856/4856 4866/4866
f 4866/4866 2511/2511 2510/2510
f 2511/2511 2514/2514 2512/2512
f 4867/4867 4860/4860 4865/4865
f 4864/4864 4860/4860 4868/4868
f 4868/4868 4860/4860 4867/4867
f 4869/4869 4858/4858 4863/4863
f 4859/4859 4870/4870 4871/4871
f 4862/4862 4859/4859 4871/4871
f 4872/4872 4864/4864 4868/4868
f 4865/4865 4866/4866 4867/4867
f 4873/4873 4866/4866 2510/2510
f 4863/4863 4864/4864 4874/4874
f 4874/4874 4864/4864 4872/4872
f 4873/4873 2510/2510 4875/4875
f 4875/4875 2510/2510 2513/2513
f 2510/2510 2512/2512 2513/2513
f 4876/4876 4869/4869 4863/4863
f 4871/4871 4870/4870 4877/4877
f 4876/4876 4863/4863 4878/4878
f 4878/4878 4863/4863 4874/4874
f 4871/4871 4877/4877 4879/4879
f 2515/2515 2514/2514 4880/4880
f 4881/4881 4867/4867 4866/4866
f 4882/4882 4868/4868 4867/4867
f 4882/4882 4867/4867 4881/4881
f 4881/4881 4866/4866 4873/4873
f 4883/4883 4876/4876 4878/4878
f 4877/4877 4884/4884 4879/4879
f 4883/4883 4878/4878 4885/4885
f 4879/4879 4884/4884 4886/4886
f 4885/4885 4878/4878 4874/4874
f 4872/4872 4868/4868 4887/4887
f 4887/4887 4868/4868 4882/4882
f 4888/4888 4882/4882 4881/4881
f 4888/4888 4881/4881 2518/2518
f 4881/4881 4873/4873 2518/2518
f 2518/2518 4873/4873 4875/4875
f 4874/4874 4872/4872 4887/4887
f 2518/2518 4875/4875 2519/2519
f 4889/4889 4883/4883 4885/4885
f 4884/4884 4890/4890 4886/4886
f 4885/4885 4874/4874 4891/4891
f 4891/4891 4874/4874 4887/4887
f 4887/4887 4882/4882 4892/4892
f 4892/4892 4882/4882 4888/4888
f 4893/4893 4888/4888 2518/2518
f 4889/4889 4885/4885 4894/4894
f 4894/4894 4885/4885 4891/4891
f 4886/4886 4890/4890 4895/4895
f 4896/4896 4889/4889 4894/4894
f 4895/4895 4890/4890 4897/4897
f 4892/4892 4888/4888 4898/4898
f 4898/4898 4888/4888 4893/4893
f 4893/4893 2518/2518 2520/2520
f 4895/4895 4897/4897 4899/4899
f 4900/4900 4892/4892 4898/4898
f 4901/4901 4893/4893 2520/2520
f 4901/4901 2520/2520 4902/4902
f 4902/4902 2520/2520 4903/4903
f 4898/4898 4893/4893 4901/4901
f 4891/4891 4887/4887 4904/4904
f 4887/4887 4892/4892 4900/4900
f 4904/4904 4887/4887 4900/4900
f 4899/4899 4897/4897 4905/4905
f 4906/4906 4896/4896 4894/4894
f 4905/4905 4897/4897 4907/4907
f 4906/4906 4894/4894 4908/4908
f 4908/4908 4894/4894 4891/4891
f 4901/4901 4902/4902 4909/4909
f 4908/4908 4891/4891 4910/4910
f 4910/4910 4891/4891 4904/4904
f 4898/4898 4901/4901 4911/4911
f 4905/4905 4907/4907 4912/4912
f 4913/4913 4900/4900 4898/4898
f 4912/4912 4907/4907 4914/4914
f 4913/4913 4898/4898 4911/4911
f 4911/4911 4901/4901 4909/4909
f 4900/4900 4913/4913 4915/4915
f 4912/4912 4914/4914 4916/4916
f 4910/4910 4904/4904 4917/4917
f 4917/4917 4904/4904 4900/4900
f 4913/4913 4911/4911 4915/4915
f 4918/4918 4908/4908 4910/4910
f 4900/4900 4915/4915 4917/4917
f 4919/4919 4911/4911 4909/4909
f 4911/4911 4919/4919 4915/4915
f 4912/4912 4916/4916 4920/4920
f 4918/4918 4910/4910 2522/2522
f 2522/2522 4910/4910 4917/4917
f 4921/4921 4918/4918 2522/2522
f 4916/4916 4922/4922 4920/4920
f 4920/4920 4922/4922 4923/4923
f 4921/4921 2522/2522 2524/2524
f 4924/4924 4921/4921 2524/2524
f 4923/4923 4922/4922 4925/4925
f 4924/4924 2524/2524 4926/4926
f 4927/4927 4924/4924 4926/4926
f 4926/4926 2524/2524 2523/2523
f 2471/2471 4928/4928 2503/2503
f 2503/2503 4928/4928 2472/2472
f 4928/4928 2526/2526 2472/2472
f 4824/4824 4794/4794 2533/2533
f 2533/2533 4794/4794 2461/2461
f 4764/4764 4783/4783 4929/4929
f 4929/4929 4783/4783 4795/4795
f 4929/4929 4795/4795 4826/4826
f 4828/4828 4811/4811 4829/4829
f 4813/4813 4830/4830 4930/4930
f 4829/4829 4813/4813 4930/4930
f 4930/4930 4830/4830 4931/4931
f 4852/4852 4932/4932 4933/4933
f 4852/4852 4933/4933 4934/4934
f 4852/4852 4934/4934 4935/4935
f 4935/4935 4934/4934 4936/4936
f 4936/4936 4934/4934 4937/4937
f 4934/4934 4938/4938 4937/4937
f 4937/4937 4938/4938 4939/4939
f 4939/4939 4938/4938 4940/4940
f 4939/4939 4940/4940 4941/4941
f 4941/4941 4940/4940 4942/4942
f 4940/4940 4943/4943 4942/4942
f 4942/4942 4943/4943 4944/4944
f 4944/4944 4943/4943 4945/4945
f 4943/4943 4946/4946 4947/4947
f 4945/4945 4943/4943 4947/4947
f 4946/4946 4840/4840 4948/4948
f 4947/4947 4946/4946 4948/4948
f 4948/4948 4840/4840 4949/4949
f 4949/4949 4840/4840 4842/4842
f 2508/2508 2507/2507 4849/4849
f 4849/4849 2507/2507 4932/4932
f 4849/4849 4932/4932 4850/4850
f 4850/4850 4932/4932 4852/4852
f 4857/4857 4852/4852 4935/4935
f 4935/4935 4936/4936 4950/4950
f 4936/4936 4937/4937 4951/4951
f 4950/4950 4936/4936 4951/4951
f 4937/4937 4939/4939 4951/4951
f 4939/4939 4941/4941 4952/4952
f 4941/4941 4942/4942 4952/4952
f 4952/4952 4942/4942 4944/4944
f 4944/4944 4945/4945 4953/4953
f 4953/4953 4945/4945 4947/4947
f 4931/4931 4830/4830 4848/4848
f 4953/4953 4947/4947 4954/4954
f 4954/4954 4947/4947 4948/4948
f 4948/4948 4949/4949 4955/4955
f 4857/4857 4935/4935 4950/4950
f 4950/4950 4951/4951 4956/4956
f 4951/4951 4939/4939 4957/4957
f 4958/4958 4939/4939 4952/4952
f 4952/4952 4944/4944 4959/4959
f 4959/4959 4944/4944 4953/4953
f 4954/4954 4948/4948 4955/4955
f 4857/4857 4950/4950 4861/4861
f 4957/4957 4939/4939 4958/4958
f 4955/4955 4949/4949 4842/4842
f 4861/4861 4950/4950 4956/4956
f 4956/4956 4951/4951 4957/4957
f 4960/4960 4958/4958 4952/4952
f 4961/4961 4952/4952 4959/4959
f 4962/4962 4953/4953 4954/4954
f 4955/4955 4842/4842 4963/4963
f 4931/4931 4848/4848 4964/4964
f 4965/4965 4861/4861 4956/4956
f 4966/4966 4957/4957 4958/4958
f 4959/4959 4953/4953 4967/4967
f 4967/4967 4953/4953 4962/4962
f 4954/4954 4955/4955 4968/4968
f 4848/4848 4862/4862 4964/4964
f 4967/4967 4961/4961 4959/4959
f 2514/2514 4861/4861 4965/4965
f 4965/4965 4956/4956 4969/4969
f 4956/4956 4957/4957 4970/4970
f 4969/4969 4956/4956 4970/4970
f 4970/4970 4957/4957 4966/4966
f 4960/4960 4952/4952 4961/4961
f 4971/4971 4962/4962 4954/4954
f 4971/4971 4954/4954 4968/4968
f 4966/4966 4958/4958 4960/4960
f 4961/4961 4967/4967 4972/4972
f 4973/4973 4967/4967 4962/4962
f 4968/4968 4955/4955 4963/4963
f 2514/2514 4965/4965 4969/4969
f 4974/4974 4966/4966 4960/4960
f 4960/4960 4961/4961 4972/4972
f 4972/4972 4967/4967 4975/4975
f 4973/4973 4962/4962 4976/4976
f 4976/4976 4962/4962 4971/4971
f 2514/2514 4969/4969 4880/4880
f 4975/4975 4967/4967 4973/4973
f 4964/4964 4862/4862 4871/4871
f 4977/4977 4969/4969 4970/4970
f 4970/4970 4966/4966 4974/4974
f 4978/4978 4960/4960 4972/4972
f 4978/4978 4972/4972 4979/4979
f 4971/4971 4968/4968 4980/4980
f 4964/4964 4871/4871 4981/4981
f 4982/4982 4970/4970 4974/4974
f 4979/4979 4972/4972 4975/4975
f 4980/4980 4968/4968 4983/4983
f 4977/4977 4970/4970 4984/4984
f 4984/4984 4970/4970 4982/4982
f 4985/4985 4960/4960 4978/4978
f 4975/4975 4973/4973 4986/4986
f 4987/4987 4971/4971 4980/4980
f 4979/4979 4975/4975 4986/4986
f 4986/4986 4973/4973 4976/4976
f 4968/4968 4963/4963 4988/4988
f 4986/4986 4976/4976 4989/4989
f 4989/4989 4976/4976 4971/4971
f 4989/4989 4971/4971 4987/4987
f 4983/4983 4968/4968 4988/4988
f 4880/4880 4969/4969 4990/4990
f 4969/4969 4977/4977 4990/4990
f 4871/4871 4879/4879 4981/4981
f 2513/2513 2512/2512 2514/2514
f 4974/4974 4960/4960 4985/4985
f 4991/4991 4978/4978 4979/4979
f 4984/4984 4982/4982 4992/4992
f 4982/4982 4974/4974 4985/4985
f 4992/4992 4982/4982 4993/4993
f 4993/4993 4982/4982 4985/4985
f 4991/4991 4985/4985 4978/4978
f 4987/4987 4980/4980 4983/4983
f 4981/4981 4879/4879 4994/4994
f 4993/4993 4985/4985 4995/4995
f 4991/4991 4979/4979 4996/4996
f 4979/4979 4986/4986 4997/4997
f 4997/4997 4986/4986 4998/4998
f 4998/4998 4986/4986 4989/4989
f 4999/4999 4989/4989 4987/4987
f 4990/4990 4977/4977 5000/5000
f 5000/5000 4977/4977 4984/4984
f 4996/4996 4979/4979 4997/4997
f 4998/4998 4989/4989 4999/4999
f 4983/4983 4988/4988 5001/5001
f 2515/2515 4880/4880 2517/2517
f 2517/2517 4880/4880 4990/4990
f 4985/4985 4991/4991 4995/4995
f 5002/5002 4983/4983 5001/5001
f 4879/4879 4886/4886 4994/4994
f 4875/4875 2513/2513 2517/2517
f 2519/2519 4875/4875 2517/2517
f 4999/4999 4987/4987 5003/5003
f 5000/5000 4984/4984 4992/4992
f 5004/5004 4993/4993 4995/4995
f 5005/5005 4995/4995 4991/4991
f 4987/4987 4983/4983 5006/5006
f 5006/5006 4983/4983 5002/5002
f 2517/2517 4990/4990 5007/5007
f 4990/4990 5000/5000 5008/5008
f 5004/5004 4992/4992 4993/4993
f 5009/5009 4991/4991 4996/4996
f 4994/4994 4886/4886 5010/5010
f 5011/5011 2517/2517 5007/5007
f 4996/4996 4997/4997 5012/5012
f 5007/5007 4990/4990 5008/5008
f 5000/5000 4992/4992 5013/5013
f 5013/5013 4992/4992 5004/5004
f 4995/4995 5005/5005 5014/5014
f 5005/5005 4991/4991 5009/5009
f 2519/2519 2517/2517 5011/5011
f 5008/5008 5000/5000 5013/5013
f 5004/5004 4995/4995 5014/5014
f 5003/5003 4987/4987 5006/5006
f 5010/5010 4886/4886 4895/4895
f 2520/2520 2519/2519 5011/5011
f 5013/5013 5004/5004 5015/5015
f 5012/5012 4997/4997 4998/4998
f 4998/4998 4999/4999 5012/5012
f 5012/5012 4999/4999 5003/5003
f 5002/5002 5001/5001 5016/5016
f 5009/5009 4996/4996 5012/5012
f 5004/5004 5014/5014 5017/5017
f 2520/2520 5011/5011 4903/4903
f 4903/4903 5011/5011 5018/5018
f 5018/5018 5011/5011 5007/5007
f 5009/5009 5012/5012 5019/5019
f 5020/5020 5002/5002 5016/5016
f 5010/5010 4895/4895 4899/4899
f 5015/5015 5004/5004 5017/5017
f 5014/5014 5005/5005 5021/5021
f 5005/5005 5009/5009 5022/5022
f 5023/5023 5008/5008 5013/5013
f 5021/5021 5005/5005 5022/5022
f 5024/5024 5012/5012 5025/5025
f 5012/5012 5003/5003 5025/5025
f 5026/5026 5003/5003 5006/5006
f 5026/5026 5006/5006 5027/5027
f 5006/5006 5002/5002 5020/5020
f 5028/5028 5008/5008 5023/5023
f 5029/5029 5015/5015 5017/5017
f 5021/5021 5017/5017 5014/5014
f 5022/5022 5009/5009 5019/5019
f 5010/5010 4899/4899 5030/5030
f 5018/5018 5007/5007 5031/5031
f 5019/5019 5012/5012 5024/5024
f 5025/5025 5003/5003 5026/5026
f 5027/5027 5006/5006 5020/5020
f 5020/5020 5016/5016 5032/5032
f 4903/4903 5018/5018 5031/5031
f 5007/5007 5008/5008 5028/5028
f 5023/5023 5013/5013 5029/5029
f 5013/5013 5015/5015 5029/5029
f 5029/5029 5017/5017 5033/5033
f 5033/5033 5017/5017 5021/5021
f 5034/5034 5021/5021 5022/5022
f 5030/5030 4899/4899 4905/4905
f 5031/5031 5007/5007 5028/5028
f 5035/5035 5027/5027 5020/5020
f 5029/5029 5033/5033 5036/5036
f 5022/5022 5019/5019 5037/5037
f 5037/5037 5019/5019 5024/5024
f 4909/4909 4902/4902 5038/5038
f 4902/4902 4903/4903 5031/5031
f 5031/5031 5028/5028 5023/5023
f 5025/5025 5026/5026 5039/5039
f 5030/5030 4905/4905 4912/4912
f 5030/5030 4912/4912 5040/5040
f 5038/5038 4902/4902 5031/5031
f 5041/5041 5031/5031 5023/5023
f 5023/5023 5029/5029 5042/5042
f 5033/5033 5021/5021 5043/5043
f 5021/5021 5034/5034 5043/5043
f 5034/5034 5022/5022 5037/5037
f 5024/5024 5025/5025 5039/5039
f 5035/5035 5020/5020 5032/5032
f 5038/5038 5031/5031 5044/5044
f 5042/5042 5029/5029 5045/5045
f 5045/5045 5029/5029 5036/5036
f 5045/5045 5036/5036 5033/5033
f 5046/5046 5033/5033 5043/5043
f 5043/5043 5034/5034 5047/5047
f 5047/5047 5034/5034 5037/5037
f 5037/5037 5024/5024 5048/5048
f 5026/5026 5027/5027 5035/5035
f 5041/5041 5023/5023 5042/5042
f 5048/5048 5024/5024 5039/5039
f 5044/5044 5031/5031 5041/5041
f 5045/5045 5033/5033 5046/5046
f 5039/5039 5026/5026 5049/5049
f 5049/5049 5026/5026 5035/5035
f 5050/5050 4909/4909 5038/5038
f 4919/4919 4909/4909 5050/5050
f 5050/5050 5038/5038 5044/5044
f 5047/5047 5037/5037 5048/5048
f 5035/5035 5032/5032 5051/5051
f 5044/5044 5041/5041 5052/5052
f 5052/5052 5041/5041 5053/5053
f 5053/5053 5041/5041 5042/5042
f 5054/5054 5039/5039 5049/5049
f 4912/4912 4920/4920 5040/5040
f 5055/5055 5048/5048 5054/5054
f 5054/5054 5048/5048 5039/5039
f 4917/4917 4915/4915 5056/5056
f 5053/5053 5042/5042 5045/5045
f 5046/5046 5043/5043 5057/5057
f 5057/5057 5043/5043 5047/5047
f 5057/5057 5047/5047 5048/5048
f 5058/5058 5035/5035 5051/5051
f 5059/5059 5045/5045 5046/5046
f 5049/5049 5035/5035 5060/5060
f 4920/4920 4923/4923 5061/5061
f 5040/5040 4920/4920 5061/5061
f 5056/5056 4915/4915 5062/5062
f 5062/5062 4915/4915 5063/5063
f 4915/4915 4919/4919 5063/5063
f 5063/5063 4919/4919 5050/5050
f 5063/5063 5050/5050 5052/5052
f 5052/5052 5050/5050 5044/5044
f 5053/5053 5045/5045 5059/5059
f 5059/5059 5046/5046 5057/5057
f 5057/5057 5048/5048 5055/5055
f 5049/5049 5060/5060 5054/5054
f 5060/5060 5035/5035 5058/5058
f 4917/4917 5056/5056 5064/5064
f 5064/5064 5056/5056 5062/5062
f 5053/5053 5059/5059 5065/5065
f 5065/5065 5059/5059 5066/5066
f 5067/5067 5057/5057 5055/5055
f 5055/5055 5054/5054 5068/5068
f 5068/5068 5054/5054 5060/5060
f 2522/2522 4917/4917 2523/2523
f 2523/2523 4917/4917 5064/5064
f 5069/5069 5063/5063 5052/5052
f 5069/5069 5052/5052 5070/5070
f 5070/5070 5052/5052 5053/5053
f 5070/5070 5053/5053 5065/5065
f 5071/5071 5066/5066 5059/5059
f 5071/5071 5059/5059 5057/5057
f 5071/5071 5057/5057 5067/5067
f 5068/5068 5060/5060 5072/5072
f 5072/5072 5060/5060 5058/5058
f 5061/5061 4923/4923 4925/4925
f 5061/5061 4925/4925 5073/5073
f 2523/2523 5064/5064 5074/5074
f 5074/5074 5064/5064 5075/5075
f 5075/5075 5064/5064 5062/5062
f 5075/5075 5062/5062 5076/5076
f 5076/5076 5062/5062 5063/5063
f 5076/5076 5063/5063 5077/5077
f 5077/5077 5063/5063 5069/5069
f 5070/5070 5065/5065 5078/5078
f 5078/5078 5065/5065 5079/5079
f 5065/5065 5066/5066 5079/5079
f 5079/5079 5066/5066 5071/5071
f 5071/5071 5067/5067 5080/5080
f 5080/5080 5067/5067 5081/5081
f 5067/5067 5055/5055 5081/5081
f 5081/5081 5055/5055 5082/5082
f 5082/5082 5055/5055 5068/5068
f 5082/5082 5068/5068 5083/5083
f 5083/5083 5068/5068 5072/5072
f 5073/5073 4925/4925 4825/4825
f 5077/5077 5069/5069 5084/5084
f 5084/5084 5069/5069 5070/5070
f 5079/5079 5071/5071 5080/5080
f 5072/5072 5058/5058 5051/5051
f 5073/5073 4825/4825 4824/4824
f 5073/5073 4824/4824 2533/2533
f 5085/5085 5086/5086 5087/5087
f 5087/5087 5086/5086 5088/5088
f 5088/5088 5086/5086 5089/5089
f 5088/5088 5089/5089 5090/5090
f 5089/5089 5091/5091 5090/5090
f 5090/5090 5091/5091 5092/5092
f 5092/5092 5091/5091 5093/5093
f 5094/5094 5090/5090 5092/5092
f 5092/5092 5093/5093 5095/5095
f 5087/5087 5088/5088 5096/5096
f 5096/5096 5088/5088 5090/5090
f 5094/5094 5092/5092 5097/5097
f 5097/5097 5092/5092 5095/5095
f 5097/5097 5095/5095 5098/5098
f 5085/5085 5087/5087 5099/5099
f 5100/5100 5085/5085 5099/5099
f 5099/5099 5087/5087 5096/5096
f 5090/5090 5094/5094 5101/5101
f 5101/5101 5094/5094 5097/5097
f 5101/5101 5097/5097 5102/5102
f 5097/5097 5098/5098 5103/5103
f 5102/5102 5097/5097 5103/5103
f 5096/5096 5090/5090 5104/5104
f 5090/5090 5101/5101 5104/5104
f 5102/5102 5103/5103 5105/5105
f 5101/5101 5102/5102 5106/5106
f 5106/5106 5102/5102 5105/5105
f 5099/5099 5096/5096 5107/5107
f 5104/5104 5101/5101 5108/5108
f 5108/5108 5101/5101 5106/5106
f 5096/5096 5104/5104 5107/5107
f 5107/5107 5104/5104 5108/5108
f 5106/5106 5105/5105 5109/5109
f 5108/5108 5106/5106 5110/5110
f 5110/5110 5106/5106 5109/5109
f 5111/5111 5100/5100 5099/5099
f 5107/5107 5108/5108 5112/5112
f 5099/5099 5107/5107 5113/5113
f 5113/5113 5107/5107 5112/5112
f 5110/5110 5109/5109 5114/5114
f 5111/5111 5099/5099 5115/5115
f 5115/5115 5099/5099 5113/5113
f 5112/5112 5108/5108 5116/5116
f 5116/5116 5108/5108 5110/5110
f 5116/5116 5110/5110 5114/5114
f 5116/5116 5114/5114 5117/5117
f 5118/5118 5111/5111 5115/5115
f 5112/5112 5116/5116 5119/5119
f 5115/5115 5113/5113 5120/5120
f 5118/5118 5115/5115 5121/5121
f 5121/5121 5115/5115 5120/5120
f 5113/5113 5112/5112 5122/5122
f 5120/5120 5113/5113 5122/5122
f 5122/5122 5112/5112 5119/5119
f 5119/5119 5116/5116 5117/5117
f 5122/5122 5119/5119 5123/5123
f 5123/5123 5119/5119 5124/5124
f 5124/5124 5119/5119 5117/5117
f 5124/5124 5117/5117 5125/5125
f 5120/5120 5122/5122 5126/5126
f 5126/5126 5122/5122 5123/5123
f 5123/5123 5124/5124 5127/5127
f 5127/5127 5124/5124 5125/5125
f 5127/5127 5125/5125 5128/5128
f 5129/5129 5118/5118 5121/5121
f 5126/5126 5123/5123 5130/5130
f 5129/5129 5121/5121 5131/5131
f 5131/5131 5121/5121 5120/5120
f 5130/5130 5123/5123 5127/5127
f 5131/5131 5120/5120 5132/5132
f 5132/5132 5120/5120 5126/5126
f 5127/5127 5128/5128 5133/5133
f 5134/5134 5130/5130 5127/5127
f 5126/5126 5130/5130 5134/5134
f 5134/5134 5127/5127 5135/5135
f 5135/5135 5127/5127 5133/5133
f 5131/5131 5132/5132 5136/5136
f 5132/5132 5126/5126 5134/5134
f 5135/5135 5133/5133 5137/5137
f 5138/5138 5132/5132 5134/5134
f 5136/5136 5132/5132 5138/5138
f 5134/5134 5135/5135 5139/5139
f 5139/5139 5135/5135 5137/5137
f 5139/5139 5137/5137 5140/5140
f 5138/5138 5134/5134 5139/5139
f 5141/5141 5129/5129 5131/5131
f 5141/5141 5131/5131 5142/5142
f 5131/5131 5136/5136 5142/5142
f 5142/5142 5136/5136 5138/5138
f 5142/5142 5138/5138 5143/5143
f 5143/5143 5138/5138 5139/5139
f 5143/5143 5139/5139 5144/5144
f 5144/5144 5139/5139 5140/5140
# Vertices: 5144, normals: 0, texture coordinates: 5144, faces: 8762

