# File generated by ImageToStl.com - Free Image and 3D model conversion tools

mtllib object_0 (8).mtl

o obj1
v -0.49862137 0.09126308 0.11178309
v -0.49861699 0.09434345 0.11455497
v -0.50020647 0.09537067 0.11200061
v -0.49901003 0.10143373 0.11510486
v -0.50060648 0.10063275 0.11291883
v -0.50060648 0.10063275 0.11291883
v -0.49901003 0.10143373 0.11510486
v -0.49948546 0.10219976 0.11039896
v -0.49948573 0.08672614 0.10902634
v -0.50026643 0.08756069 0.10649034
v -0.49903628 0.08621357 0.08956654
v -0.49948546 0.10219976 0.11039896
v -0.49937192 0.10194138 0.08088735
v -0.50050062 0.10060226 0.05029029
v -0.50012243 0.08771948 0.06295842
v -0.50017256 0.09586021 0.03600862
v -0.49897587 0.08591646 0.03937047
v -0.49938864 0.1016802 0.01506014
v -0.50013828 0.08758035 -0.00100489
v -0.49902061 0.08600435 -0.00249134
v -0.50013947 0.09604464 -0.05062865
v -0.50047588 0.10061084 -0.0756697
v -0.49900973 0.08597433 -0.03394227
v -0.50015372 0.08765798 -0.06093368
v -0.49899209 0.08625151 -0.06809739
v -0.50047588 0.10061084 -0.0756697
v -0.49938864 0.1016802 0.01506014
v -0.49942523 0.1016866 -0.07615294
v -0.49910787 0.08626404 -0.08992049
v -0.50018746 0.0958515 -0.1083589
v -0.50024098 0.08771142 -0.09349687
v -0.49946526 0.10187308 -0.11539836
v -0.50059694 0.10062326 -0.11319181
v -0.49946526 0.10187308 -0.11539836
v -0.50042915 0.08809741 -0.11292814
v -0.49910787 0.08626404 -0.08992049
v -0.50042915 0.08809741 -0.11292814
v -0.4991861 0.08743601 -0.11533302
v -0.4991861 0.08743601 -0.11533302
v -0.49206343 -0.10140362 0.12778239
v -0.49222848 -0.09836193 0.12775534
v -0.49356678 -0.10000385 0.12388875
v -0.49268577 -0.10163534 0.119844
v -0.49240214 -0.09688217 0.12296949
v -0.48999125 -0.10093263 0.08900885
v -0.4901506 -0.10013147 0.08572838
v -0.49070609 -0.09854715 0.09361611
v -0.49948573 0.08672614 0.10902634
v -0.49903628 0.08621357 0.08956654
v -0.49505043 0.08693551 0.10813211
v -0.49538702 0.0860265 0.09165512
v -0.49451682 0.0865133 0.08582549
v -0.49420738 0.08612471 0.04387885
v -0.49897587 0.08591646 0.03937047
v -0.49428412 0.08618099 -0.00126791
v -0.49902061 0.08600435 -0.00249134
v -0.49393925 0.08634827 -0.02320061
v -0.49900973 0.08597433 -0.03394227
v -0.49464285 0.08621942 -0.05180855
v -0.49899209 0.08625151 -0.06809739
v -0.49449125 0.08634464 -0.08928867
v -0.4900941 -0.10134805 -0.06944644
v -0.49025601 -0.0999165 -0.06718183
v -0.49164188 -0.09664799 -0.10310271
v -0.49111795 -0.10222273 -0.10236761
v -0.4900941 -0.10134805 -0.06944644
v -0.49258986 -0.10022958 -0.11347715
v -0.4900941 -0.10134805 -0.06944644
v -0.49164188 -0.09664799 -0.10310271
v -0.49258986 -0.10022958 -0.11347715
v -0.49435067 0.08728042 -0.11443527
v -0.49111795 -0.10222273 -0.10236761
v -0.49258986 -0.10022958 -0.11347715
v -0.49219906 -0.10365041 -0.11795489
v -0.49155867 -0.09585562 -0.12166113
v -0.49320599 -0.10046446 -0.12526631
v -0.49320599 -0.10046446 -0.12526631
v -0.49233842 -0.10349342 -0.12592061
v -0.49320599 -0.10046446 -0.12526631
v -0.49155867 -0.09585562 -0.12166113
v -0.49139425 -0.09834301 -0.12758714
v -0.49134952 -0.10225519 -0.12901193
v -0.49134952 -0.10225519 -0.12901193
v -0.49095172 -0.09501193 0.12335183
v -0.48739949 -0.08773978 0.12301201
v -0.48787457 -0.08801387 0.12058733
v -0.48905405 -0.09352425 0.1119742
v -0.48823425 -0.09066043 0.11227128
v -0.4873808 -0.08728767 0.08987842
v -0.48864084 0.08696929 0.09660462
v -0.486678 0.0868643 0.09290281
v -0.48957491 0.08519351 0.08827353
v -0.48833805 -0.09588137 0.08498541
v -0.49047074 0.08745611 0.08431499
v -0.48841947 0.07520894 0.08681066
v -0.48957491 0.08519351 0.08827353
v -0.48923463 0.08455705 0.07887338
v -0.49047074 0.08745611 0.08431499
v -0.48679051 -0.10036795 0.0620249
v -0.48744881 0.07260782 0.08661468
v -0.48815677 0.07324791 0.06978901
v -0.48575458 -0.09587651 0.06158159
v -0.49019903 0.0871852 0.04644144
v -0.48895723 0.07589725 0.06287454
v -0.48927164 0.08412742 0.06048175
v -0.48991758 0.08484766 0.04364714
v -0.48984876 0.07289226 0.03624834
v -0.48980558 0.08007115 0.02392079
v -0.49006915 0.07523977 4.825E-05
v -0.48991758 0.08484766 0.04364714
v -0.49004626 0.08500573 -0.00158271
v -0.49004626 0.08500573 -0.00158271
v -0.49035722 0.08710613 -0.00376872
v -0.4897514 0.08006924 -0.03119674
v -0.48969886 0.07323588 -0.04702307
v -0.49035722 0.08710613 -0.00376872
v -0.49032077 0.08710176 -0.02044176
v -0.49005237 0.08540257 -0.0216524
v -0.49005237 0.08540257 -0.0216524
v -0.49011055 0.08537637 -0.02503107
v -0.49011055 0.08537637 -0.02503107
v -0.49041024 0.08692078 -0.02608534
v -0.48909205 0.07725058 -0.06463752
v -0.48934391 0.08516559 -0.07514429
v -0.49041024 0.08692078 -0.02608534
v -0.49017304 0.08758132 -0.08708686
v -0.48862678 -0.10057577 -0.05980907
v -0.49025601 -0.0999165 -0.06718183
v -0.48862678 -0.10057577 -0.05980907
v -0.48870862 -0.09677752 -0.05930379
v -0.49025601 -0.0999165 -0.06718183
v -0.48827899 0.07339618 -0.06775206
v -0.48870862 -0.09677752 -0.05930379
v -0.48768687 -0.09067091 -0.05996562
v -0.49025601 -0.0999165 -0.06718183
v -0.48970991 -0.09352053 -0.07619699
v -0.48823333 0.07803728 -0.08150912
v -0.48839492 -0.08951096 -0.07999627
v -0.48687765 0.07205716 -0.08572263
v -0.48737189 0.07324436 -0.09087326
v -0.48925439 0.08567552 -0.08899243
v -0.48794299 -0.08739437 -0.08895412
v -0.48764086 0.07959691 -0.09030059
v -0.48726174 0.08710562 -0.09535735
v -0.48925439 0.08567552 -0.08899243
v -0.48923066 -0.08905937 -0.10966709
v -0.48803747 -0.08778831 -0.11168152
v -0.49219906 -0.10365041 -0.11795489
v -0.49069512 -0.10295064 -0.1149652
v -0.48969194 -0.09071301 -0.12285963
v -0.48512828 0.08846432 -0.11508163
v -0.4991861 0.08743601 -0.11533302
v -0.49394321 0.10119643 -0.11525222
v -0.48512828 0.08846432 -0.11508163
v -0.48969194 -0.09071301 -0.12285963
v -0.4907051 -0.09571787 -0.12378481
v -0.4869816 -0.10158603 -0.13222018
v -0.49206343 -0.10140362 0.12778239
v -0.49268577 -0.10163534 0.119844
v -0.48749208 -0.10145353 0.11402711
v -0.49861699 0.09434345 0.11455497
v -0.49862137 0.09126308 0.11178309
v -0.48652118 0.09446921 0.11407102
v -0.48999125 -0.10093263 0.08900885
v -0.48080137 0.08742011 0.10773408
v -0.48732191 -0.09210573 0.08521339
v -0.48742184 0.08450121 0.08857931
v -0.48630813 -0.08671182 0.08374717
v -0.48473972 -0.08699761 0.07750813
v -0.48468825 0.06193963 0.08471018
v -0.48602507 0.06890111 0.08530911
v -0.48505241 0.06857076 0.06709161
v -0.48710531 0.07240765 0.06514042
v -0.48418269 -0.08966957 0.06153614
v -0.48439473 -0.09929347 0.06035322
v -0.48679051 -0.10036795 0.0620249
v -0.48575458 -0.09587651 0.06158159
v -0.48815677 0.07324791 0.06978901
v -0.48984876 0.07289226 0.03624834
v -0.48710531 0.07240765 0.06514042
v -0.48789823 0.0725076 -0.03940104
v -0.48969886 0.07323588 -0.04702307
v -0.48716292 0.07232942 -0.06470277
v -0.48716292 0.07232942 -0.06470277
v -0.48583916 -0.08802555 -0.06136639
v -0.48452824 -0.08595554 -0.06294124
v -0.48515224 -0.0867755 -0.07794645
v -0.48612121 0.07017186 -0.06664091
v -0.48475286 0.06340712 -0.07966146
v -0.48509419 0.06229341 -0.08773539
v -0.48617795 0.07076915 -0.08865759
v -0.48764086 0.07959691 -0.09030059
v -0.48925439 0.08567552 -0.08899243
v -0.48675346 0.08386912 -0.09015438
v -0.48679635 0.08615335 -0.09181437
v -0.48679635 0.08615335 -0.09181437
v -0.48737189 0.07324436 -0.09087326
v -0.48548871 0.07540088 -0.08951885
v -0.49233842 -0.10349342 -0.12592061
v -0.48744571 -0.102383 -0.12045591
v -0.48546636 -0.10301447 -0.13085894
v -0.49134952 -0.10225519 -0.12901193
v -0.4869816 -0.10158603 -0.13222018
v -0.4871614 -0.09814852 -0.1277786
v -0.48888934 -0.10078931 0.13111718
v -0.47677663 -0.10133065 0.13217662
v -0.47498646 0.09192827 0.11179937
v -0.48269367 0.08611452 0.08784442
v -0.48296356 -0.02771957 0.08037067
v -0.48313266 -0.00735968 0.08139016
v -0.48364511 -0.02600496 0.07990007
v -0.48364511 -0.02600496 0.07990007
v -0.48313266 -0.00735968 0.08139016
v -0.48362136 0.02615898 0.08150017
v -0.48303646 0.02225728 0.08314648
v -0.48314106 0.04749509 0.08401595
v -0.48399699 0.0530364 0.0817137
v -0.48359904 -0.08505008 0.07960387
v -0.48390016 -0.07343091 0.07770684
v -0.4830803 -0.0679363 0.07909726
v -0.48269415 -0.05746607 0.0782618
v -0.48370776 -0.05907792 0.07677575
v -0.48301256 -0.04996774 0.07836045
v -0.4837932 -0.04210636 0.07768532
v -0.48296356 -0.02771957 0.08037067
v -0.48342013 0.02920891 0.07673265
v -0.48401174 0.05911509 0.06652859
v -0.48361048 -0.03213452 0.06639892
v -0.48325089 0.02417721 0.06718589
v -0.48369497 0.04282441 0.06649137
v -0.4838008 -0.0836885 0.06676733
v -0.48362559 -0.05657253 0.06656459
v -0.4827424 -0.08293943 0.0628698
v -0.4827379 -0.07604924 0.06273892
v -0.48296607 -0.0648548 0.06339921
v -0.48264921 -0.05560125 0.0619702
v -0.48324507 -0.04181829 0.06211308
v -0.48286843 -0.0213903 0.06346805
v -0.48250771 0.02239264 0.06420582
v -0.48218715 0.02513348 0.06368936
v -0.48290294 0.03899894 0.06418691
v -0.48303527 0.05668736 0.06423406
v -0.48393941 0.06951212 0.06498501
v -0.4827379 -0.07604924 0.06273892
v -0.48296607 -0.0648548 0.06339921
v -0.48207897 -0.06703451 0.0625954
v -0.48227692 -0.02365761 0.0621754
v -0.48070821 0.02765863 0.06095551
v -0.48182786 0.03822124 0.06246087
v -0.48710531 0.07240765 0.06514042
v -0.4820852 0.07189391 0.06406513
v -0.48393941 0.06951212 0.06498501
v -0.48418269 -0.08966957 0.06153614
v -0.47981706 0.0376404 0.05431499
v -0.47687733 0.07237297 0.05183079
v -0.4820852 0.07189391 0.06406513
v -0.47917947 0.02547297 -0.05017749
v -0.47982001 0.03759076 -0.05145046
v -0.48092994 0.02550489 -0.06002241
v -0.48244113 0.0370014 -0.06456419
v -0.47233164 -0.1009048 -0.05988624
v -0.48583916 -0.08802555 -0.06136639
v -0.48118752 -0.0847677 -0.06269374
v -0.48452824 -0.08595554 -0.06294124
v -0.48225629 -0.07294413 -0.06287879
v -0.48260584 -0.04943261 -0.06304083
v -0.48324916 -0.07942491 -0.06380785
v -0.48333961 -0.03634939 -0.06364728
v -0.48266643 -0.03355704 -0.06282669
v -0.48184237 -0.01293081 -0.06381746
v -0.48277983 -0.01372045 -0.06415159
v -0.48234889 0.02505414 -0.06460346
v -0.48324916 -0.07942491 -0.06380785
v -0.48381779 -0.07868837 -0.06680834
v -0.48375198 -0.05133897 -0.06758516
v -0.48333961 -0.03634939 -0.06364728
v -0.48335439 -0.01409279 -0.06656143
v -0.48277983 -0.01372045 -0.06415159
v -0.48334476 0.02394722 -0.06786843
v -0.48262656 0.02265552 -0.06493413
v -0.48373553 0.05274671 -0.0666045
v -0.4828487 0.04159246 -0.06492185
v -0.48294249 0.05093818 -0.06485114
v -0.48389298 0.06499991 -0.06596285
v -0.48498797 0.06375661 -0.06754231
v -0.48370269 -0.05843431 -0.0772241
v -0.48408949 -0.04394168 -0.07811258
v -0.48391992 0.00471177 -0.08202158
v -0.48356611 0.02878717 -0.07202642
v -0.48427048 -0.08083782 -0.077883
v -0.48406294 0.01473792 -0.08429711
v -0.48436978 0.05845306 -0.08577759
v -0.48370364 -0.08498692 -0.0803135
v -0.4830907 -0.06635964 -0.08000736
v -0.48272163 -0.05817929 -0.07889605
v -0.48345479 -0.04125667 -0.0804038
v -0.48417327 -0.02889201 -0.08087526
v -0.48327413 -0.01226818 -0.08351375
v -0.48307014 0.00406661 -0.0842694
v -0.48307014 0.00406661 -0.0842694
v -0.48406294 0.01473792 -0.08429711
v -0.48336998 0.04294315 -0.08701399
v -0.48336998 0.04294315 -0.08701399
v -0.48364761 0.0594612 -0.08770298
v -0.48364761 0.0594612 -0.08770298
v -0.48509419 0.06229341 -0.08773539
v -0.48617795 0.07076915 -0.08865759
v -0.48171976 0.08746677 -0.08972088
v -0.47680971 -0.10252057 -0.11461824
v -0.47850791 -0.09660716 -0.12486853
v -0.47892767 -0.102662 -0.13356897
v -0.47755507 -0.09919333 -0.1324572
v -0.47018635 -0.10160258 0.11753371
v -0.48180988 0.08751599 0.0883849
v -0.46680862 -0.10034787 0.06193975
v -0.48679051 -0.10036795 0.0620249
v -0.4827424 -0.08293943 0.0628698
v -0.48015463 -0.0849233 0.06277255
v -0.48022854 -0.057255 0.06246857
v -0.48264921 -0.05560125 0.0619702
v -0.48015854 -0.0216309 0.06273273
v -0.48286843 -0.0213903 0.06346805
v -0.48022586 0.0054696 0.06389644
v -0.48250771 0.02239264 0.06420582
v -0.48303527 0.05668736 0.06423406
v -0.47568908 0.07122459 0.06428699
v -0.48439473 -0.09929347 0.06035322
v -0.46947032 -0.09953909 0.06049038
v -0.47949898 0.02523715 0.06147177
v -0.47953045 0.02548756 0.05727598
v -0.48182786 0.03822124 0.06246087
v -0.4789533 0.03883427 0.06026506
v -0.47981706 0.0376404 0.05431499
v -0.47953045 0.02548756 0.05727598
v -0.47886583 0.02547768 0.04978999
v -0.47748223 0.02534514 0.0522004
v -0.47886583 0.02547768 0.04978999
v -0.47812104 0.03850358 0.0503425
v -0.47878769 0.03715781 0.03925632
v -0.47812104 0.03850358 0.0503425
v -0.47786087 0.02546703 0.02859336
v -0.47846121 0.02611202 0.03017239
v -0.47786087 0.02546703 0.02859336
v -0.47729847 0.03853939 0.00025037
v -0.47749859 0.07239351 -0.04398668
v -0.47787732 0.03728095 -0.00096827
v -0.47779995 0.02734219 -0.00561638
v -0.47743356 0.02552789 -0.00340006
v -0.47884232 0.03699595 -0.04218051
v -0.47791836 0.0254415 -0.03998315
v -0.4785895 0.02707406 -0.04033376
v -0.47776708 0.03844691 -0.04422635
v -0.47791836 0.0254415 -0.03998315
v -0.47917947 0.02547297 -0.05017749
v -0.47913203 0.02529501 -0.06173385
v -0.48092994 0.02550489 -0.06002241
v -0.48007274 0.0385671 -0.05556415
v -0.48244113 0.0370014 -0.06456419
v -0.48007274 0.0385671 -0.05556415
v -0.47900414 0.03853496 -0.0621064
v -0.48234889 0.02505414 -0.06460346
v -0.48001519 0.03959334 -0.06457815
v -0.4832775 0.07182741 -0.06500697
v -0.47725284 0.07267088 -0.0619464
v -0.46622327 -0.1016266 -0.07130094
v -0.48370364 -0.08498692 -0.0803135
v -0.4830907 -0.06635964 -0.08000736
v -0.48017898 -0.08483736 -0.08072907
v -0.48272163 -0.05817929 -0.07889605
v -0.48345479 -0.04125667 -0.0804038
v -0.47730798 -0.05188444 -0.07896771
v -0.48327413 -0.01226818 -0.08351375
v -0.47956625 -0.02240291 -0.08252487
v -0.46819091 0.02768172 -0.08547566
v -0.47818261 0.06838167 -0.08804438
v -0.47923368 0.07714505 -0.08881624
v -0.48171976 0.08746677 -0.08972088
v -0.4683913 0.08773277 -0.11455831
v -0.46834829 0.10075705 -0.11542851
v -0.47370037 -0.08971076 -0.12320986
v -0.47892767 -0.102662 -0.13356897
v -0.47460976 -0.06574655 0.06314216
v -0.47755694 -0.04507994 0.06274705
v -0.48324507 -0.04181829 0.06211308
v -0.47719243 -0.0381551 0.06258067
v -0.4727391 -0.02441842 0.06310517
v -0.46475789 0.00739746 0.06397314
v -0.47136509 0.03894006 0.06415433
v -0.48290294 0.03899894 0.06418691
v -0.46472275 0.05298517 0.06376315
v -0.47695059 0.07256845 0.06171231
v -0.47568908 0.07122459 0.06428699
v -0.46614441 -0.09311336 0.06135133
v -0.47949898 0.02523715 0.06147177
v -0.47743356 0.02552789 -0.00340006
v -0.46445283 0.02552168 -0.04184372
v -0.47585708 0.07211906 -0.06478727
v -0.46638051 -0.06726741 -0.07965265
v -0.46523228 0.08763062 -0.08875843
v -0.46695971 -0.10313059 -0.12930875
v -0.46692443 -0.10150551 0.12810887
v -0.46621221 -0.10068288 0.0711517
v -0.47098005 -0.08708489 0.07968276
v -0.47395086 -0.08680891 0.08197108
v -0.46660689 -0.08716394 0.08361887
v -0.46639165 -0.08421466 0.06298234
v -0.46523362 -0.05686118 0.06292015
v -0.46542209 -0.03969307 0.06306575
v -0.46523073 -0.03015242 0.06297417
v -0.48218715 0.02513348 0.06368936
v -0.46242338 0.02474785 0.06440761
v -0.48218715 0.02513348 0.06368936
v -0.46242338 0.02474785 0.06440761
v -0.46299106 0.02502679 0.06333072
v -0.47362751 0.07672943 0.06372484
v -0.46272326 0.07196113 0.06435998
v -0.47281566 0.08497503 0.06334773
v -0.47426865 0.08544723 0.06036866
v -0.47050178 0.08739235 0.05970715
v -0.46947032 -0.09953909 0.06049038
v -0.47526342 0.08562518 0.04762996
v -0.47199106 0.08740437 0.02510752
v -0.47556919 0.08575181 0.0186161
v -0.46336409 0.02580842 -0.00887212
v -0.47289908 0.0874857 0.00941058
v -0.47203848 0.08738001 -0.0198614
v -0.47552314 0.08562584 -0.01851164
v -0.47530171 0.08552471 -0.04430693
v -0.47172591 0.08714572 -0.04738772
v -0.47401002 0.08513903 -0.06071007
v -0.47103932 0.08661812 -0.06111452
v -0.46309811 0.02513365 -0.06478342
v -0.47300988 0.08475157 -0.06385936
v -0.46659672 -0.05607723 -0.07842437
v -0.46730018 -0.04627763 -0.07916414
v -0.46690029 -0.08558714 -0.08045211
v -0.46555653 -0.01283268 -0.0830414
v -0.46370032 0.00876784 -0.08442324
v -0.46503294 0.07546566 -0.08830346
v -0.46534535 -0.0934255 -0.12424034
v -0.46551508 -0.09523311 -0.12511662
v -0.46792316 -0.10209759 -0.13211933
v -0.46792316 -0.10209759 -0.13211933
v -0.45268247 0.09431813 0.11393425
v -0.46596664 -0.08900601 0.08037198
v -0.46300927 0.02142434 0.06457215
v -0.46759152 0.0401032 0.06394214
v -0.46223655 0.07589124 0.06472284
v -0.46518546 0.08396559 0.0653592
v -0.47281566 0.08497503 0.06334773
v -0.46530098 0.08572125 0.06466389
v -0.46530098 0.08572125 0.06466389
v -0.46468493 0.02538507 0.05111539
v -0.46413025 0.02565561 0.00947509
v -0.46213958 0.08723199 0.03817534
v -0.46429974 0.0872052 -0.04101139
v -0.46390179 0.08727287 -0.06113178
v -0.46673939 -0.10034957 -0.06032332
v -0.46282127 0.08598356 -0.06455113
v -0.46386462 -0.03485359 -0.07964546
v -0.46359071 -0.03050207 -0.0806261
v -0.46523228 0.08763062 -0.08875843
v -0.44861007 0.08751665 -0.08865009
v -0.46588013 -0.09010771 -0.1224311
v -0.46862379 -0.09863518 -0.12956463
v -0.4659839 -0.09844855 -0.12904872
v -0.45131344 0.08739626 0.10774671
v -0.46246687 0.0846462 0.06820867
v -0.46614441 -0.09311336 0.06135133
v -0.46639165 -0.08421466 0.06298234
v -0.4657056 -0.08749218 0.06385325
v -0.46343717 -0.06504857 0.06365795
v -0.46343717 -0.06504857 0.06365795
v -0.46307436 -0.05338868 0.06390345
v -0.46311253 -0.03635541 0.06398667
v -0.46301892 -0.02992844 0.06364894
v -0.46199164 0.04041904 0.06422469
v -0.46217006 0.05643217 0.06412597
v -0.46246278 0.08730188 0.06065143
v -0.46680862 -0.10034787 0.06193975
v -0.46020272 0.02589032 0.00834879
v -0.46673939 -0.10034957 -0.06032332
v -0.46622327 -0.1016266 -0.07130094
v -0.46560156 -0.10050716 -0.07453674
v -0.46348634 -0.05370579 -0.07688326
v -0.46413621 -0.06395096 -0.07826854
v -0.46382853 -0.04927215 -0.07770669
v -0.46538213 -0.08827244 -0.07978054
v -0.46287534 0.00363372 -0.08342579
v -0.46270397 0.04160714 -0.08564361
v -0.46210033 0.06842147 -0.08734591
v -0.46602249 -0.102441 -0.12913977
v -0.39229038 0.09038541 -0.11517663
v -0.46792316 -0.10209759 -0.13211933
v -0.4659839 -0.09844855 -0.12904872
v -0.46602249 -0.102441 -0.12913977
v -0.45768103 0.07325576 0.08590493
v -0.46348348 0.06958855 0.08466713
v -0.46022639 0.0725119 0.08447737
v -0.46294042 -0.05651573 0.07708421
v -0.46255124 -0.05645433 0.07248331
v -0.45922032 -0.05465094 0.076184
v -0.46259546 -0.05430228 0.06972604
v -0.4619346 0.06978887 0.06870159
v -0.46194077 0.07269077 0.0667587
v -0.45997205 0.07377628 0.07679613
v -0.45969716 0.08197212 0.07151118
v -0.46246687 0.0846462 0.06820867
v -0.45853797 0.08405817 0.07435284
v -0.46246687 0.0846462 0.06820867
v -0.45899734 0.08699098 0.06852083
v -0.45853797 0.08405817 0.07435284
v -0.46272635 -0.03523207 0.06518003
v -0.46001667 -0.03540991 0.06431779
v -0.46311253 -0.03635541 0.06398667
v -0.46223655 0.07589124 0.06472284
v -0.45972711 0.0873066 0.06453556
v -0.46001667 -0.03540991 0.06431779
v -0.46299106 0.02502679 0.06333072
v -0.46253684 0.03924235 0.06240381
v -0.46242338 0.02474785 0.06440761
v -0.46199164 0.04041904 0.06422469
v -0.46336409 0.02580842 -0.00887212
v -0.46238303 0.02758361 -0.00983657
v -0.46032864 0.02584945 -0.0084551
v -0.46172535 0.03965008 -0.01041797
v -0.46058634 0.03961443 -0.00948401
v -0.46145099 0.08534315 -0.06747317
v -0.46044499 0.08738012 -0.0641326
v -0.46330151 -0.05439105 -0.06940675
v -0.46033081 -0.05358465 -0.07652223
v -0.46341416 -0.05329103 -0.06418062
v -0.46244299 0.07230129 -0.06746837
v -0.46184739 0.06921498 -0.07806782
v -0.46081635 0.07223857 -0.0722525
v -0.46348634 -0.05370579 -0.07688326
v -0.46033081 -0.05358465 -0.07652223
v -0.46256658 -0.03623072 -0.07772166
v -0.46053401 -0.04264822 -0.07769546
v -0.46323717 -0.0338198 -0.07744794
v -0.46097288 -0.03436931 -0.07672851
v -0.46230644 0.01806294 -0.08378781
v -0.46230644 0.01806294 -0.08378781
v -0.46270397 0.04160714 -0.08564361
v -0.46218285 0.05246486 -0.08409355
v -0.46210033 0.06842147 -0.08734591
v -0.46025938 0.07185029 -0.087607
v -0.43934649 0.08776429 -0.11139631
v -0.45753545 0.08762327 0.0879875
v -0.45706457 0.07455803 0.07573288
v -0.45997205 0.07377628 0.07679613
v -0.45969713 0.07644575 0.0715496
v -0.45683986 0.07662857 0.07279011
v -0.45853797 0.08405817 0.07435284
v -0.45597804 0.08532645 0.07271742
v -0.45688018 0.08155071 0.07303996
v -0.45969713 0.07644575 0.0715496
v -0.45969716 0.08197212 0.07151118
v -0.45683986 0.07662857 0.07279011
v -0.45597804 0.08532645 0.07271742
v -0.44161439 0.08740301 0.06938599
v -0.44291246 0.02709548 -0.00094874
v -0.46032864 0.02584945 -0.0084551
v -0.45445418 0.02871918 -0.00879929
v -0.45663109 0.03658251 -0.0087271
v -0.45612937 0.03979988 -0.00841212
v -0.45426181 0.08747172 -0.0672105
v -0.45231435 -0.05303742 -0.07638358
v -0.46010098 0.07529527 -0.06891431
v -0.45652395 0.07373945 -0.07170264
v -0.45671937 0.07796224 -0.06972431
v -0.45920637 0.08448301 -0.07081621
v -0.45231435 -0.05303742 -0.07638358
v -0.46081635 0.07223857 -0.0722525
v -0.46025938 0.07185029 -0.087607
v -0.45780498 0.07258631 -0.07352381
v -0.45617166 0.07244937 -0.08759319
v -0.45617166 0.07244937 -0.08759319
v -0.45054311 0.07448911 -0.08808497
v -0.43705541 0.08919688 0.10936362
v -0.45243934 0.07376339 0.08005247
v -0.45067036 0.07363472 0.07450347
v -0.4500832 0.07483717 0.0730582
v -0.45922032 -0.05465094 0.076184
v -0.44483438 -0.05297016 0.06967115
v -0.44746539 -0.05322788 0.07585537
v -0.46259546 -0.05430228 0.06972604
v -0.44910452 0.08063036 0.0722798
v -0.4500832 0.07483717 0.0730582
v -0.46307436 -0.05338868 0.06390345
v -0.44856367 -0.05270376 0.06685007
v -0.44856367 -0.05270376 0.06685007
v -0.4503226 -0.04158178 0.06612407
v -0.44047838 -0.03516212 0.06660444
v -0.44732517 0.07549772 -0.07128777
v -0.44809395 -0.05055831 -0.0770032
v -0.44948253 -0.0358353 -0.07734438
v -0.43701968 -0.03369704 -0.07675843
v -0.44861007 0.08751665 -0.08865009
v -0.36907399 0.10052373 -0.11546196
v -0.44675151 0.07642118 0.0711876
v -0.43800211 0.02720116 0.00714508
v -0.42768437 0.02762559 -0.00670588
v -0.42768437 0.02762559 -0.00670588
v -0.43257526 0.02846316 -0.00785577
v -0.44867009 -0.05257005 -0.06728087
v -0.43831632 0.08724695 -0.0702277
v -0.42553082 0.07235485 -0.08852801
v -0.43561918 0.07283185 0.08685153
v -0.4326531 0.0734975 0.08050142
v -0.43423054 -0.05277223 0.07570312
v -0.44023401 0.07411157 0.0729658
v -0.44675151 0.07642118 0.0711876
v -0.43735978 0.0852721 0.072201
v -0.43735978 0.0852721 0.072201
v -0.43936038 -0.04232081 0.06710271
v -0.42347547 0.08721836 -0.01842415
v -0.43613359 0.03130519 -0.0086171
v -0.39015031 0.08715433 -0.0527369
v -0.45022735 -0.03420652 -0.06680271
v -0.44374618 -0.03779864 -0.06784828
v -0.43484539 -0.03406586 -0.0674504
v -0.43439579 0.0855014 -0.07240228
v -0.4331615 -0.05246549 -0.07617003
v -0.42625859 0.08569739 -0.08931988
v -0.43322536 0.07535351 0.07119896
v -0.43828467 -0.05251155 0.067171
v -0.41755626 0.08713628 0.05815519
v -0.4262487 0.07429197 -0.08914389
v -0.42553833 0.08766581 0.10707541
v -0.41788477 0.08281958 0.07189117
v -0.43138039 0.08686702 0.06949833
v -0.43828467 -0.05251155 0.067171
v -0.43522438 0.087383 0.06569163
v -0.3978188 0.08709766 0.02577272
v -0.43625721 0.04126427 -0.00657589
v -0.44416997 0.04113638 0.00642628
v -0.42731774 0.04222349 -0.00162326
v -0.41589704 -0.05195486 -0.06803209
v -0.41117948 -0.05244201 -0.073911
v -0.4331615 -0.05246549 -0.07617003
v -0.38514927 -0.05050439 -0.077183
v -0.38985068 -0.0430042 -0.07735194
v -0.41612342 0.07243674 -0.07492077
v -0.39146656 0.08779429 0.08783913
v -0.42190358 0.08757704 -0.08984956
v -0.39913943 0.07332938 0.07511204
v -0.43322536 0.07535351 0.07119896
v -0.41504854 0.07874075 0.07059506
v -0.41966748 -0.05039993 0.06692085
v -0.4192867 -0.04095466 0.06675558
v -0.41820666 0.02770253 0.00691588
v -0.41416278 0.07618681 -0.07190911
v -0.39522749 0.08872906 0.10846258
v -0.41486198 0.07258166 0.08673993
v -0.38737625 -0.05254571 0.07246478
v -0.41691154 -0.03451209 0.06632694
v -0.3722468 0.03147405 -0.00856419
v -0.43544796 0.03988316 -0.00826231
v -0.41132817 0.04158618 -0.00821896
v -0.42190358 0.08757704 -0.08984956
v -0.40962666 0.07534384 0.07073407
v -0.41148999 0.08502913 0.07185984
v -0.41148999 0.08502913 0.07185984
v -0.40962666 0.07534384 0.07073407
v -0.38082838 0.08750653 -0.07039921
v -0.41205415 0.07442199 -0.07309619
v -0.38548753 -0.03573328 -0.0776808
v -0.3567625 0.07241201 -0.0826126
v -0.40302071 0.07390887 0.07326764
v -0.38570717 0.08726193 0.06587359
v -0.41098389 0.08555019 -0.07265555
v -0.3745144 0.08784659 -0.11087026
v -0.38964558 -0.05245034 0.07610001
v -0.39440411 -0.05213197 0.06731671
v -0.4326905 0.02837707 0.00790647
v -0.39002907 0.02765837 0.0074059
v -0.37164265 -0.03366059 -0.07697485
v -0.3871718 0.07427268 -0.08917671
v -0.37933326 0.0855315 -0.08925676
v -0.4683913 0.08773277 -0.11455831
v -0.31175679 0.08779427 -0.11470026
v -0.34912521 0.09461074 0.11415678
v -0.35437834 0.09222172 0.1116506
v -0.39822629 0.08764928 0.10706033
v -0.39425564 0.08770098 0.10505884
v -0.38360846 0.08698383 0.06970479
v -0.39440411 -0.05213197 0.06731671
v -0.38551164 -0.034591 0.06684408
v -0.38611057 0.0277221 -0.00629327
v -0.43257526 0.02846316 -0.00785577
v -0.3798562 0.0399407 -0.00818301
v -0.35539138 0.08705315 -0.02582764
v -0.36834809 0.07336847 0.08199213
v -0.36832929 0.07269005 0.08681002
v -0.37708703 0.08151875 0.07236762
v -0.38581848 -0.04443418 0.06727298
v -0.36417127 -0.05227316 -0.0763934
v -0.36417127 -0.05227316 -0.0763934
v -0.30998164 0.08849171 -0.11500325
v -0.36743632 0.08703235 0.05426657
v -0.36340973 0.02871978 -0.00767244
v -0.41132817 0.04158618 -0.00821896
v -0.42261794 0.0417272 -0.00785148
v -0.37933412 0.04179278 -0.00721811
v -0.36340973 0.02871978 -0.00767244
v -0.42553082 0.07235485 -0.08852801
v -0.37539452 0.08524538 0.07236137
v -0.37539452 0.08524538 0.07236137
v -0.35196084 0.08715736 -0.05729945
v -0.38076404 0.08569036 -0.07302794
v -0.38189861 0.08764444 -0.089595
v -0.38189861 0.08764444 -0.089595
v -0.38781375 -0.0522674 0.07709922
v -0.38899583 -0.05053383 0.0770307
v -0.38964558 -0.05245034 0.07610001
v -0.37646779 -0.05185145 -0.06785864
v -0.33605391 0.07243888 -0.07531287
v -0.36424133 0.0736073 0.07527997
v -0.37118012 0.07567722 0.07147364
v -0.37118012 0.07567722 0.07147364
v -0.36126646 -0.05031753 0.06689259
v -0.36969763 0.07735883 0.0714594
v -0.32390729 0.07230683 -0.08824421
v -0.39522749 0.08872906 0.10846258
v -0.33324298 0.08828023 0.1079946
v -0.32323775 -0.05227266 0.06743447
v -0.35831049 0.02804172 0.00648997
v -0.35673687 0.02813419 -0.00574998
v -0.36789912 0.08730578 -0.0700957
v -0.32390729 0.07230683 -0.08824421
v -0.35126123 0.08743133 -0.08993703
v -0.36225426 0.08765169 0.08805788
v -0.35802409 0.08164863 0.07219104
v -0.35126123 0.08743133 -0.08993703
v -0.35205719 0.08670579 0.06949237
v -0.33813822 0.08556046 -0.07292342
v -0.35680413 0.08506685 0.07214502
v -0.35680413 0.08506685 0.07214502
v -0.34006879 0.07787678 0.07123085
v -0.32833457 0.08691716 0.01535021
v -0.33324298 0.08828023 0.1079946
v -0.33451718 0.08755428 0.10521857
v -0.34171683 -0.04467044 0.06707199
v -0.33503553 0.04152377 -0.0074838
v -0.37933412 0.04179278 -0.00721811
v -0.33209044 0.04205333 -0.00657601
v -0.33952573 0.08733338 -0.06938075
v -0.31393242 -0.05237889 -0.0729591
v -0.32015008 0.07428601 -0.08896569
v -0.31002849 0.08786573 -0.11281948
v -0.38781375 -0.0522674 0.07709922
v -0.32769921 -0.05231396 0.07719035
v -0.31713185 0.08702923 0.06584392
v -0.31507477 -0.03564564 0.06676697
v -0.32686365 -0.03564543 -0.07746679
v -0.31924808 0.08547994 -0.08918899
v -0.27991971 0.09061801 -0.11523488
v -0.33158943 0.07340284 0.08244433
v -0.32591549 -0.05248834 0.07619916
v -0.32323775 -0.05227266 0.06743447
v -0.32419586 -0.0341037 0.06690007
v -0.36487031 0.02865344 0.00783253
v -0.31497142 0.02808767 0.00665751
v -0.3248122 -0.05043422 -0.07705323
v -0.33104414 0.07276372 0.08670509
v -0.29994574 -0.0527465 0.07190686
v -0.29453695 0.0281245 -0.00599221
v -0.3225731 0.08765839 0.08816545
v -0.33258468 0.07373533 0.07548586
v -0.30626196 0.08068101 0.07255668
v -0.30400276 0.02867991 0.00816929
v -0.28401718 0.02871476 -0.00787925
v -0.28401718 0.02871476 -0.00787925
v -0.30167061 0.08746032 -0.08962511
v -0.33182675 0.08757662 0.10701863
v -0.30950639 0.07608937 0.07162464
v -0.30950639 0.07608937 0.07162464
v -0.31134182 0.03970573 -0.00846836
v -0.3075701 -0.03331803 -0.07652252
v -0.29985985 0.0313199 -0.00874588
v -0.30729356 0.08529998 0.07242919
v -0.30729356 0.08529998 0.07242919
v -0.31107548 0.08685877 0.06963839
v -0.28508306 0.08678263 0.05672577
v -0.30217743 -0.05210424 -0.0671531
v -0.30107155 0.07482401 0.07578627
v -0.30167061 0.08746032 -0.08962511
v -0.2886177 -0.05051085 0.06668463
v -0.30040863 -0.04287991 0.06707098
v -0.30947906 0.04174311 -0.00797462
v -0.3021816 -0.05227463 -0.075808
v -0.3021816 -0.05227463 -0.075808
v -0.29811364 -0.03559905 -0.07675918
v -0.2579526 0.08796284 -0.11297238
v -0.30131325 -0.03344056 0.06688337
v -0.28989688 0.0868978 -0.0546116
v -0.29760966 0.08712211 -0.06973317
v -0.28951669 0.08732469 0.08905333
v -0.29934061 -0.05029147 -0.07650626
v -0.30123767 0.07338659 0.0872651
v -0.29710478 0.07449825 0.08087233
v -0.25747004 -0.05268615 0.07609954
v -0.28126323 0.08685361 -0.00406054
v -0.26285845 -0.05239426 0.06706663
v -0.26285845 -0.05239426 0.06706663
v -0.26850232 -0.03355851 0.06657694
v -0.25682384 0.09440922 0.11416583
v -0.25634935 0.07487454 0.07737982
v -0.25616446 0.02817557 0.00671172
v -0.30998164 0.08849171 -0.11500325
v -0.26035672 0.07541911 0.07370242
v -0.24968797 -0.03295659 -0.07635224
v -0.3075701 -0.03331803 -0.07652252
v -0.30223742 -0.03292272 -0.07577131
v -0.24968797 -0.03295659 -0.07635224
v -0.2679086 0.085426 -0.08908693
v -0.25829723 0.08738249 -0.09003977
v -0.21076314 0.0875672 -0.09879962
v -0.2536535 0.07465334 0.08085633
v -0.24867998 -0.04267851 0.06683891
v -0.25122631 0.02879404 0.00831239
v -0.25647831 -0.05239593 -0.07270942
v -0.25420308 -0.05024991 -0.07646392
v -0.249689 0.04216291 -0.00789007
v -0.25445104 0.0428444 -0.00658381
v -0.24400422 0.087165 -0.06984906
v -0.21024047 -0.05238596 -0.07547719
v -0.21024047 -0.05238596 -0.07547719
v -0.20514105 0.07431809 -0.08868379
v -0.25651899 0.08852659 -0.11490559
v -0.25651899 0.08852659 -0.11490559
v -0.21090454 0.10000656 -0.1155916
v -0.25500193 0.08717826 0.10767405
v -0.21282361 -0.05225544 -0.06671315
v -0.24379684 0.07354608 0.08702336
v -0.2412719 0.07607036 0.07187062
v -0.27430519 0.07699234 0.07169556
v -0.2412719 0.07607036 0.07187062
v -0.24353392 0.08689196 0.06496941
v -0.22170161 0.03599717 -0.00861945
v -0.2480877 0.04037006 -0.00830374
v -0.24720745 0.08693042 -0.01539905
v -0.20100866 0.07226254 -0.08797058
v -0.2380545 0.08539935 -0.0888708
v -0.31924808 0.08547994 -0.08918899
v -0.2679086 0.085426 -0.08908693
v -0.2380545 0.08539935 -0.0888708
v -0.25829723 0.08738249 -0.09003977
v -0.25009942 0.07239142 -0.07567262
v -0.25500193 0.08717826 0.10767405
v -0.22806759 0.08716432 0.10174458
v -0.20725481 0.08522496 0.07252721
v -0.20725481 0.08522496 0.07252721
v -0.23336309 0.02839034 -0.00532239
v -0.23689808 0.08556 -0.07355417
v -0.29399282 0.10114451 0.07992718
v -0.2623964 0.10106044 0.10712995
v -0.23701949 0.10097699 0.07844578
v -0.23886219 0.08002305 0.07257457
v -0.21273819 0.08671325 0.06967448
v -0.22650497 0.03138272 -0.00864471
v -0.24654983 -0.03535456 -0.07664068
v -0.20100866 0.07226254 -0.08797058
v -0.25489923 0.0878392 -0.1145748
v -0.30131325 -0.03344056 0.06688337
v -0.29976413 -0.03311619 0.07651193
v -0.2523405 -0.03312587 0.0765972
v -0.2446748 0.08902689 0.11277486
v -0.24298435 0.0877085 0.11074701
v -0.24121939 0.08744285 0.08872993
v -0.23031469 0.07427555 0.08517685
v -0.24478938 -0.05291231 0.07623047
v -0.21604271 -0.0528425 0.06994482
v -0.21315904 -0.05264956 -0.07249073
v -0.18878263 -0.05040922 0.06661966
v -0.21333243 0.0288766 -0.00770164
v -0.21333243 0.0288766 -0.00770164
v -0.21189375 0.07514688 0.07723276
v -0.20838994 0.08689157 0.06466234
v -0.19340257 0.02888637 0.00848329
v -0.20772626 0.08703358 -0.04716554
v -0.20995769 0.08741252 -0.08957134
v -0.21001054 0.08779186 0.1117284
v -0.23773801 0.07489404 0.08733198
v -0.20608747 -0.03342011 0.06662469
v -0.21372165 -0.04309383 0.06679053
v -0.20396627 0.02836691 0.00568154
v -0.20340426 -0.0503641 -0.07603443
v -0.22617538 -0.03293794 -0.07610653
v -0.25489923 0.0878392 -0.1145748
v -0.19852349 0.08779752 -0.11464838
v -0.19613864 0.08727758 0.10715903
v -0.2012216 -0.05301044 0.07602338
v -0.14338015 -0.05231605 0.0672019
v -0.14338015 -0.05231605 0.0672019
v -0.19705239 0.08792138 -0.11275064
v -0.20506516 0.07409903 0.08532646
v -0.20064154 0.07566804 0.07377543
v -0.20628491 0.08707373 -0.0090225
v -0.21095318 0.0420937 -0.00819135
v -0.21095318 0.0420937 -0.00819135
v -0.25445104 0.0428444 -0.00658381
v -0.19853531 0.04302966 -0.0069087
v -0.20978506 0.08719182 -0.0699807
v -0.20510872 0.08867007 0.11317556
v -0.19865762 0.07496702 0.08731839
v -0.20265552 0.0761489 0.07184228
v -0.21095318 0.0420937 -0.00819135
v -0.20125233 -0.03553795 -0.07621974
v -0.20995769 0.08741252 -0.08957134
v -0.2023042 -0.03314919 0.06922745
v -0.19468506 -0.03303881 0.07639122
v -0.19667213 0.08850584 -0.11494047
v -0.20027375 0.08049788 0.07286973
v -0.19051586 0.07448915 0.08337896
v -0.19724561 0.02835794 -0.00530343
v -0.17664127 0.07219093 -0.07552907
v -0.20127147 0.08537435 -0.08885077
v -0.1810976 0.09042881 -0.11524514
v -0.19058353 0.08722114 0.09803275
v -0.17535879 -0.04089631 0.0663706
v -0.17881335 -0.03280264 -0.07616949
v -0.18824516 0.08746084 0.08877748
v -0.1678596 -0.03310655 0.06595477
v -0.17091602 0.03132818 -0.0093355
v -0.19046728 0.08579424 -0.07358778
v -0.18213432 0.08764363 -0.08886028
v -0.19179143 0.07352393 0.08706465
v -0.17493793 0.08730406 0.02197253
v -0.17346555 0.08740333 0.06978087
v -0.19149925 0.08740694 -0.07004156
v -0.16398536 0.03548185 -0.00942563
v -0.16573931 0.03986657 -0.00904587
v -0.18257508 0.0423816 -0.00845609
v -0.16788407 0.08742082 -0.04572443
v -0.1720151 -0.05231006 -0.07245298
v -0.1749984 -0.05015678 -0.07622816
v -0.17941412 0.08547135 -0.08850457
v -0.17879796 0.0880422 -0.10835448
v -0.15968418 0.08700339 0.10725745
v -0.15965977 0.02856185 0.00527738
v -0.16387248 0.07190406 -0.08553284
v -0.1505836 0.08807141 -0.1129277
v -0.19667213 0.08850584 -0.11494047
v -0.16054299 0.08819504 0.11401206
v -0.15689111 0.08737057 0.11232268
v -0.16308416 -0.05262341 0.07588493
v -0.16026244 -0.05285712 0.07335776
v -0.16827995 0.08568431 0.0733139
v -0.16827995 0.08568431 0.0733139
v -0.14662465 0.02860991 -0.00572831
v -0.18880662 0.08753252 -0.07225779
v -0.16754024 0.08767836 -0.07281988
v -0.14904711 -0.03569098 -0.07658678
v -0.15856709 0.07427496 -0.08840548
v -0.18213432 0.08764363 -0.08886028
v -0.16053426 0.08685652 0.10164865
v -0.16413423 0.08722172 0.09010987
v -0.13805179 0.07307468 0.0875782
v -0.15690009 0.07566684 0.07435129
v -0.20064154 0.07566804 0.07377543
v -0.15690009 0.07566684 0.07435129
v -0.18824516 0.08746084 0.08877748
v -0.17123456 0.08538049 0.08849396
v -0.16413423 0.08722172 0.09010987
v -0.16533719 0.07993327 0.07372175
v -0.11519423 -0.05195383 -0.07534655
v -0.11519423 -0.05195383 -0.07534655
v -0.13779674 0.08766943 -0.08874828
v -0.15509501 0.02900322 -0.0081516
v -0.15509501 0.02900322 -0.0081516
v -0.14422421 0.08519159 -0.0884228
v -0.16800939 0.10069145 0.07812952
v -0.16408083 0.10051155 0.11300609
v -0.13133383 0.10055049 0.09295288
v -0.1338395 -0.0504353 0.06676897
v -0.12554984 0.0289434 0.00852504
v -0.13503535 0.08746493 0.0118338
v -0.13779674 0.08766943 -0.08874828
v -0.11992711 -0.05260434 0.07025252
v -0.12131146 0.08745003 0.06964612
v -0.12686597 0.08742702 0.04921664
v -0.17006652 0.08561134 -0.07466184
v -0.16869436 0.08401079 -0.07555437
v -0.1447542 0.08572512 -0.07449353
v -0.13157657 -0.05020271 -0.07611261
v -0.07969617 0.08856557 -0.11486928
v -0.07969617 0.08856557 -0.11486928
v -0.15007266 0.08553027 0.0883683
v -0.13492413 0.08731162 0.08965746
v -0.13524684 0.07562112 0.07410983
v -0.13990879 0.08559357 0.0730753
v -0.13990879 0.08559357 0.0730753
v -0.08814636 -0.05223516 -0.07264201
v -0.14313526 0.07437784 0.08323566
v -0.13868734 0.08022596 0.07335453
v -0.12090273 0.03126143 -0.00921012
v -0.13146463 0.03980514 -0.00899717
v -0.12895164 0.0425668 -0.00841749
v -0.12054648 -0.05187901 -0.06700173
v -0.14770892 0.08396247 -0.07545627
v -0.11679182 0.07193585 -0.08541845
v -0.11096513 0.07206309 -0.0877683
v -0.11096513 0.07206309 -0.0877683
v -0.13492413 0.08731162 0.08965746
v -0.12479117 0.03554364 -0.00929824
v -0.12067963 0.08773106 -0.07270478
v -0.14474018 0.08020351 -0.07498401
v -0.07574806 0.07201556 -0.07750732
v -0.11332771 0.08571652 0.08841992
v -0.13246742 -0.04102874 0.06670611
v -0.13003711 -0.03325833 0.06631721
v -0.04886044 0.09069318 -0.11524551
v -0.06849017 0.07210808 -0.07528934
v -0.12015479 0.07410101 0.08181644
v -0.09193323 -0.03286894 -0.07607698
v -0.17881335 -0.03280264 -0.07616949
v -0.13104992 -0.03276977 -0.07577422
v -0.09193323 -0.03286894 -0.07607698
v -0.11310179 0.08736411 0.10143029
v -0.13524684 0.07562112 0.07410983
v -0.10533521 0.08757415 -0.02912374
v -0.0774197 0.08872226 0.1143167
v -0.11139081 -0.05202375 0.06761277
v -0.11440141 0.087809 0.11226266
v -0.11139081 -0.05202375 0.06761277
v -0.1128481 -0.04208544 0.06757262
v -0.11552429 -0.03324749 0.06692991
v -0.0700758 0.02842496 0.00580518
v -0.09622249 -0.03623831 -0.07627663
v -0.17409308 0.09877206 0.11555424
v -0.16978349 0.09042232 0.11456478
v -0.06938601 0.09073073 0.11507695
v -0.07633788 0.02897233 -0.00815738
v -0.07633788 0.02897233 -0.00815738
v -0.09967906 0.08748196 0.08909167
v -0.09967906 0.08748196 0.08909167
v -0.10032392 0.07996003 0.07319515
v -0.07822029 0.07433314 -0.08837485
v -0.08925516 0.08548276 -0.08829681
v -0.07820111 0.08783139 -0.08864073
v -0.06044197 0.09889647 -0.1156519
v -0.08843883 0.09905389 0.11578526
v -0.10044029 0.0756045 0.07389565
v -0.10044029 0.0756045 0.07389565
v -0.13089488 0.08556972 -0.07451493
v -0.12966673 0.08390483 -0.07526906
v -0.08761235 0.08422645 -0.07569457
v -0.10215821 0.0863177 -0.0747937
v -0.07820111 0.08783139 -0.08864073
v -0.0880697 0.0741559 0.08263104
v -0.08572713 0.07480185 0.07788185
v -0.12079827 -0.03286274 0.06931929
v -0.12244067 -0.03291655 0.07563379
v -0.07879299 -0.03299221 0.06965113
v -0.07876218 0.08817359 -0.1130015
v 0.04505128 0.09986925 -0.11560391
v -0.06995297 -0.05286757 0.07306435
v -0.07385804 -0.05268401 0.07531525
v -0.09936428 0.08567816 0.07314256
v -0.09936428 0.08567816 0.07314256
v -0.08113347 0.08765389 0.02034712
v -0.08146137 0.08742021 0.10067542
v -0.07811332 0.07286405 0.08760203
v -0.09888475 0.07618765 0.07206386
v -0.07116927 0.02888002 0.00843503
v -0.07316178 0.04289924 -0.00859426
v -0.07804839 -0.05013162 0.06766664
v -0.07603062 -0.03345044 0.06697612
v -0.07268288 -0.04171151 0.06761621
v -0.0759519 0.08752233 0.06948376
v -0.00675214 0.02856124 -0.00590824
v -0.07612526 0.0400284 -0.0091269
v -0.07318506 -0.05022594 -0.07589336
v -0.07686579 0.07191388 -0.08567831
v -0.07419692 0.08576534 0.08839698
v -0.09888475 0.07618765 0.07206386
v -0.07944585 0.07601732 0.07166182
v -0.07675005 0.08068129 0.07309613
v -0.07801295 0.03575471 -0.0093881
v -0.05621722 -0.05248405 0.07000652
v -0.07138031 -0.03298303 0.07542656
v -0.07673917 0.03130379 -0.00937396
v -0.07365443 0.08771881 -0.02691237
v -0.08002705 0.08771931 -0.07285891
v -0.06301507 -0.05210331 -0.06737433
v -0.08185431 0.08583423 -0.07455706
v -0.05854421 0.08812893 0.11269873
v -0.07329693 0.08563127 0.07307166
v -0.07329693 0.08563127 0.07307166
v -0.0835627 0.07981814 -0.07497374
v -0.07238439 0.08754961 0.08874562
v -0.07238439 0.08754961 0.08874562
v -0.07293085 0.07409003 0.07832438
v -0.05835502 -0.052076 0.06815856
v -0.05835502 -0.052076 0.06815856
v -0.03763281 -0.05257064 -0.07499459
v -0.03763281 -0.05257064 -0.07499459
v -0.03341838 0.07151665 -0.08761051
v -0.03341838 0.07151665 -0.08761051
v -0.05587295 0.08781872 -0.08837039
v -0.05309429 0.09924625 0.11613718
v -0.06439119 0.07498671 0.07368823
v -0.06674007 0.08771104 0.07148742
v -0.063979 0.07969266 0.07312269
v -0.04743483 0.08796545 -0.05920267
v -0.02675398 -0.052936 -0.0728953
v -0.05395389 0.0723116 0.08758196
v -0.06040685 0.07308861 0.07731166
v -0.06562601 0.0761985 0.07202973
v -0.06400488 0.08601293 0.07307558
v -0.06674007 0.08771104 0.07148742
v -0.0572571 -0.03563416 0.06745559
v -0.04840831 0.08878458 0.11534949
v -0.05001665 0.08810129 0.09144382
v -0.05363814 0.07413714 0.07451537
v -0.06439119 0.07498671 0.07368823
v -0.05363814 0.07413714 0.07451537
v -0.05570829 -0.05046748 0.06830283
v -0.04412524 0.0879921 -0.073502
v -0.06851394 -0.03284444 -0.070283
v -0.03738116 -0.03272362 -0.06974599
v -0.06060932 0.08783302 -0.07342084
v -0.03233895 -0.05007228 -0.07581645
v -0.02777476 0.07130571 -0.08154206
v -0.03062015 0.08867277 -0.11287268
v -0.05015797 0.07249355 0.07582553
v -0.03717086 -0.05308376 0.07496264
v -0.04885812 0.07961106 0.07381988
v -0.0443584 0.08787442 0.07291994
v -0.0431782 -0.03815294 0.0680695
v -0.0443584 0.08787442 0.07291994
v -0.04543996 0.08591463 0.07420799
v -0.03216954 0.03130479 -0.00864183
v -0.01824119 -0.05296141 -0.06946746
v -0.02690908 -0.03556306 -0.076372
v -0.02171774 0.08917412 -0.11483274
v -0.02171774 0.08917412 -0.11483274
v -0.03721397 -0.05248759 0.07000602
v -0.05015797 0.07249355 0.07582553
v -0.04655895 0.0743931 0.07402001
v -0.05621722 -0.05248405 0.07000652
v -0.03721397 -0.05248759 0.07000602
v -0.03286926 -0.03335619 0.06751902
v -0.03145366 0.02893682 -0.00765361
v -0.03145366 0.02893682 -0.00765361
v -0.03088538 -0.0328384 -0.07597394
v -0.03137177 0.0745083 -0.08810753
v -0.03690907 -0.05042156 0.06822623
v -0.03634939 0.08793164 0.01616128
v -0.02927187 0.03889857 -0.00857966
v -0.01849127 0.07120705 -0.07694817
v -0.03320257 0.07112002 -0.08565138
v -0.03086768 0.08786983 -0.08815987
v -0.05587295 0.08781872 -0.08837039
v -0.03086768 0.08786983 -0.08815987
v -0.01214954 0.08840476 0.11278794
v -0.01809531 0.08815458 0.08842643
v -0.05198656 0.08694228 -0.07543639
v -0.06149505 0.08472466 -0.07568274
v -0.01927444 0.08447818 -0.07535701
v -0.03322679 0.07436084 0.07324842
v -0.03564735 -0.05203506 0.06807114
v -0.02189252 -0.03746942 0.06781258
v -0.01497081 0.08780588 0.07194088
v -0.01161127 0.04290784 -0.00804337
v -0.02619663 -0.05248855 -0.06694929
v -0.01382816 0.08827817 -0.09016565
v -0.01483036 0.08833676 0.10274307
v -0.01702705 0.07239628 0.07433207
v -0.0183308 0.08581002 0.07315252
v -0.02361266 -0.0475944 0.0681197
v -0.01478931 0.08786501 -0.07219192
v -0.01289995 0.07178125 -0.07441506
v 0.00360769 0.08881777 0.11488294
v -0.01615124 0.07209186 0.08795532
v -0.03322679 0.07436084 0.07324842
v -0.03564735 -0.05203506 0.06807114
v -0.0166925 -0.05227984 0.06748553
v -0.02213728 0.08751889 -0.07460161
v -0.02745789 0.07095354 -0.08752594
v -0.01702705 0.07239628 0.07433207
v -0.01562851 0.07428053 0.0731768
v -0.01497081 0.08780588 0.07194088
v -0.00898772 0.02890951 0.00835512
v -0.00660113 0.02844172 0.00619848
v -0.01083799 0.08793677 -0.05580688
v -0.01165144 -0.05285808 -0.07668799
v -0.01165144 -0.05285808 -0.07668799
v -0.02745789 0.07095354 -0.08752594
v -0.01675013 0.08583777 -0.08901639
v -0.01270726 -0.05346666 0.07620899
v -0.01271542 -0.0535934 0.07310726
v -0.0168495 -0.03330692 0.06671497
v -0.0104753 0.08789963 0.05052937
v -0.00894031 0.02897828 -0.00893373
v -0.00894031 0.02897828 -0.00893373
v -0.01273923 0.03122243 -0.00927375
v -0.02213728 0.08751889 -0.07460161
v -0.01085272 -0.03356235 -0.07695065
v -0.01335779 0.07037973 -0.0850709
v -0.01599402 0.07515631 -0.08906192
v -0.01379975 0.0884895 -0.10256573
v -0.01386986 -0.05018127 0.06727637
v -0.01380377 -0.04268904 0.06715798
v -0.01035846 0.0878208 0.01054883
v -0.01257924 -0.05295268 -0.06511582
v -0.0123958 -0.0536054 -0.07332625
v -0.0141206 0.08627777 -0.07336421
v -0.01392373 0.07897354 -0.07422929
v -0.01100004 -0.03644469 -0.07736031
v -0.01316344 0.07066946 -0.07708085
v -0.01601268 0.07154218 -0.08817305
v -0.01601268 0.07154218 -0.08817305
v -0.01382816 0.08827817 -0.09016565
v -0.01096997 -0.09865121 0.13207376
v -0.01162183 -0.09731684 0.13063625
v -0.01153325 -0.09933005 0.12912808
v -0.01126163 -0.08773766 0.12880118
v -0.01150746 -0.08424859 0.11987339
v -0.01187191 -0.09759771 0.10368611
v -0.01156221 -0.09962464 0.10114238
v -0.01152611 -0.08173454 0.09017101
v -0.01226377 0.08787528 0.09521128
v -0.01109908 -0.09719108 0.07071653
v -0.01177599 0.06440134 0.09404027
v -0.0122916 0.07220194 0.09530187
v -0.01179463 0.06931037 0.08798059
v -0.01287769 0.07157642 0.08883465
v -0.0132713 0.07497735 0.08962614
v -0.01228092 0.08603474 0.09353995
v -0.01403472 0.08789061 0.08911771
v -0.01403472 0.08789061 0.08911771
v -0.01226377 0.08787528 0.09521128
v -0.0106678 -0.09945112 0.06578826
v -0.01160807 0.04925844 0.09225285
v -0.01120149 0.04474105 0.07728327
v -0.010962 -0.08249193 0.07741359
v -0.01206414 0.02150579 0.08811104
v -0.01110729 0.02424813 0.0713762
v -0.01161915 -0.00158098 0.08523539
v -0.01161818 0.03294973 0.07476302
v -0.01235659 0.03019754 0.09020744
v -0.01059758 0.07087253 0.07304116
v -0.01099165 -0.02401561 0.08176523
v -0.01102286 -0.00279075 0.07276639
v -0.01205683 0.07191088 0.07366684
v -0.01287769 0.07157642 0.08883465
v -0.01205683 0.07191088 0.07366684
v -0.01061584 -0.08220908 0.0669626
v -0.01137126 -0.05620834 0.07602301
v -0.01075876 -0.03317977 0.07206818
v -0.01080745 0.02723663 0.06770653
v -0.01012405 -0.05378462 0.06825572
v -0.01205683 0.07191088 0.07366684
v -0.01112827 0.0750096 0.07185388
v -0.0113082 0.08455814 0.07180642
v -0.0113082 0.08455814 0.07180642
v -0.01207204 0.08740856 0.06853242
v -0.01066956 -0.09651587 0.06337903
v -0.0166925 -0.05227984 0.06748553
v -0.01012405 -0.05378462 0.06825572
v -0.00731395 -0.04062143 0.06582532
v -0.01022313 -0.03283945 0.06589616
v -0.01035094 -0.05427074 -0.0683172
v -0.0099038 -0.05487486 -0.06444576
v -0.01239181 0.08721933 -0.06973942
v -0.0141206 0.08627777 -0.07336421
v -0.01025068 -0.05531872 -0.07662702
v -0.0123958 -0.0536054 -0.07332625
v -0.01165144 -0.05285808 -0.07668799
v -0.01056611 -0.00749982 -0.06748779
v -0.01113289 0.0092629 -0.06849814
v -0.01114425 -0.01507865 -0.08255774
v -0.0115321 0.0685639 -0.07482563
v -0.01289995 0.07178125 -0.07441506
v -0.01316344 0.07066946 -0.07708085
v -0.01083331 -0.02881235 -0.07987396
v -0.01162657 0.00533554 -0.08499462
v -0.011265 0.02620828 -0.07035846
v -0.0123217 0.02575446 -0.08727013
v -0.01157985 0.04206836 -0.07712262
v -0.01216081 0.06778933 -0.08701944
v -0.01209149 0.04257418 -0.09095616
v -0.01184363 0.05730395 -0.09248718
v -0.01335779 0.07037973 -0.0850709
v -0.01106876 -0.09899691 -0.09723937
v -0.0104959 -0.09880152 -0.07182784
v -0.01144887 -0.09710334 -0.10167591
v -0.0123832 0.03333601 -0.08920656
v -0.01309281 0.07159548 -0.08989795
v -0.01309281 0.07159548 -0.08989795
v -0.01124793 -0.08107848 -0.08240277
v -0.01220635 0.0712577 -0.09550502
v -0.01231224 0.0739987 -0.0954699
v -0.01309281 0.07159548 -0.08989795
v -0.01382816 0.08827817 -0.09016565
v -0.01263881 0.08778683 -0.09541056
v -0.01263881 0.08778683 -0.09541056
v -0.01136158 -0.0832262 -0.12028578
v -0.01116126 -0.09881046 -0.12076766
v -0.01150516 -0.09700374 -0.12799484
v -0.0110756 -0.08772689 -0.12932864
v -0.01067594 -0.09817263 -0.13299353
v -0.01162183 -0.09731684 0.13063625
v -0.01096997 -0.09865121 0.13207376
v -0.00978459 -0.09234733 0.13091716
v -0.0097581 0.08800954 0.0990824
v -0.0097581 0.08800954 0.0990824
v -0.01088547 0.08487424 0.09567501
v -0.01012336 0.04180176 0.09195543
v -0.00991256 -0.03225337 0.08103319
v -0.01014334 -0.03681522 0.07852098
v -0.01042777 -0.08137945 0.07954559
v -0.0102156 -0.07738941 0.07846254
v -0.01031554 -0.06120522 0.07670485
v -0.0102156 -0.07738941 0.07846254
v -0.00868575 -0.06204655 0.07784496
v -0.01031554 -0.06120522 0.07670485
v -0.01090401 -0.03404503 0.07689442
v -0.01049519 -0.06104176 0.07253594
v -0.01066946 0.04186328 0.07231204
v -0.01012405 -0.05378462 0.06825572
v -0.01137126 -0.05620834 0.07602301
v -0.01022313 -0.03283945 0.06589616
v -0.01055744 0.0048744 0.06781933
v -0.0096482 0.011215 0.0663337
v -0.00988655 0.02530198 0.06783047
v -0.01026111 0.0320138 0.06369185
v -0.00982256 0.04397113 0.06941952
v -0.00991355 0.04715112 0.07068474
v -0.00976943 0.06984177 0.07060473
v -0.01018641 0.07201383 0.06942648
v -0.01112827 0.0750096 0.07185388
v -0.00999159 -0.08299033 0.06326872
v -0.00939417 -0.05384393 0.06540816
v -0.01386986 -0.05018127 0.06727637
v -0.00975735 -0.02044529 0.0653922
v -0.00962528 0.04321221 0.06597678
v -0.01047677 0.0742714 0.06467883
v -0.01029286 0.08036663 0.06531299
v -0.0113082 0.08455814 0.07180642
v -0.00956392 -0.09851715 0.06269153
v -0.01066956 -0.09651587 0.06337903
v -0.00999159 -0.08299033 0.06326872
v -0.00956392 -0.09851715 0.06269153
v -0.00939417 -0.05384393 0.06540816
v -0.0088133 0.02751522 0.05910454
v -0.00980445 0.08596123 0.05087213
v -0.01207204 0.08740856 0.06853242
v -0.0104753 0.08789963 0.05052937
v -0.00947892 0.03146735 0.04931877
v -0.00918071 0.04049909 0.04522388
v -0.00869277 0.02888878 0.04818245
v -0.00875431 0.04367705 0.04522368
v -0.0084283 0.07217024 0.03830277
v -0.00942116 0.07426336 0.04655807
v -0.00929147 0.08011394 0.01006575
v -0.01035846 0.0878208 0.01054883
v -0.00958967 0.08575168 0.01133067
v -0.00885712 0.04323903 0.01229169
v -0.00923186 0.07439239 0.00944443
v -0.00898772 0.02890951 0.00835512
v -0.00940958 0.0313291 0.00999424
v -0.00960254 0.04321149 0.00801242
v -0.00985126 0.08039229 -0.04867774
v -0.00940598 0.03105788 -0.01030671
v -0.00918052 0.04354696 -0.00903906
v -0.00940598 0.03105788 -0.01030671
v -0.00918052 0.04354696 -0.00903906
v -0.00906629 0.04052375 -0.02767893
v -0.00974351 0.07446478 -0.04509457
v -0.01083799 0.08793677 -0.05580688
v -0.00894031 0.02897828 -0.00893373
v -0.00834262 0.02899952 -0.04448563
v -0.00911001 0.03124394 -0.04252834
v -0.00880918 0.04363019 -0.04237244
v -0.00886591 0.07190929 -0.0416722
v -0.01012082 0.08587799 -0.04887569
v -0.01010827 0.03123584 -0.0639685
v -0.00954884 0.02811628 -0.06427075
v -0.01001378 0.04295627 -0.06532452
v -0.01013445 0.07183348 -0.07000194
v -0.01069618 0.0743139 -0.07191343
v -0.01040077 0.08050586 -0.06889336
v -0.01101353 0.08477024 -0.07183982
v -0.0091531 -0.09826557 -0.06269752
v -0.00977766 -0.09089924 -0.06215014
v -0.01018399 -0.09663464 -0.06476928
v -0.0100121 -0.0832141 -0.06251161
v -0.00981949 -0.08050171 -0.06346957
v -0.0099038 -0.05487486 -0.06444576
v -0.01035094 -0.05427074 -0.0683172
v -0.00974543 -0.02990648 -0.06429558
v -0.0100399 0.0053779 -0.06572441
v -0.01042086 -0.02974916 -0.06694229
v -0.00986545 0.01610185 -0.06653855
v -0.01012559 0.02530023 -0.06743583
v -0.01103495 0.04229167 -0.07190986
v -0.01239181 0.08721933 -0.06973942
v -0.01038943 -0.07690414 -0.0782853
v -0.01029552 -0.07173517 -0.07789017
v -0.01025068 -0.05531872 -0.07662702
v -0.01079931 -0.03282174 -0.06899605
v -0.01106117 -0.03284213 -0.06459612
v -0.00997936 0.04406942 -0.06892027
v -0.01009434 0.0468312 -0.06958726
v -0.01101353 0.08477024 -0.07183982
v -0.01069313 -0.0811269 -0.07931688
v -0.00976045 -0.06414398 -0.07803215
v -0.01085272 -0.03356235 -0.07695065
v -0.00798673 -0.04715776 -0.07763842
v -0.00798673 -0.04715776 -0.07763842
v -0.01100004 -0.03644469 -0.07736031
v -0.00952076 -0.02925712 -0.08080497
v -0.01083331 -0.02881235 -0.07987396
v -0.01114425 -0.01507865 -0.08255774
v -0.01162657 0.00533554 -0.08499462
v -0.01011725 0.00058696 -0.08509142
v -0.01068547 0.02246622 -0.08719702
v -0.0123217 0.02575446 -0.08727013
v -0.0123832 0.03333601 -0.08920656
v -0.01209149 0.04257418 -0.09095616
v -0.01184363 0.05730395 -0.09248718
v -0.00918218 0.05880354 -0.09349321
v -0.01220635 0.0712577 -0.09550502
v -0.01231224 0.0739987 -0.0954699
v -0.01054542 0.08563218 -0.09674317
v -0.01263881 0.08778683 -0.09541056
v -0.01020441 0.0880738 -0.09884318
v -0.00740936 0.08669052 -0.0975708
v -0.00740936 0.08669052 -0.0975708
v -0.0097581 0.08800954 0.0990824
v -0.01088547 0.08487424 0.09567501
v -0.00592823 0.08686181 0.09771786
v -0.00666809 0.08449296 0.09688251
v -0.00991256 -0.03225337 0.08103319
v -0.01014334 -0.03681522 0.07852098
v -0.00620943 -0.03674024 0.07990678
v -0.0096482 0.011215 0.0663337
v -0.00988655 0.02530198 0.06783047
v -0.00687632 0.01683708 0.06627095
v -0.00661468 0.0253286 0.06731759
v -0.00991355 0.04715112 0.07068474
v -0.00976943 0.06984177 0.07060473
v -0.00752037 0.05348235 0.07028671
v -0.00743719 -0.08117296 0.06308419
v -0.00655069 -0.05249784 0.065068
v -0.00975735 -0.02044529 0.0653922
v -0.00209319 -0.0966688 0.06182597
v -0.0088133 0.02751522 0.05910454
v -0.00869277 0.02888878 0.04818245
v -0.00642544 0.02833614 0.04911045
v -0.01018641 0.07201383 0.06942648
v -0.0084283 0.07217024 0.03830277
v -0.0072351 0.07165752 0.05994194
v -0.00564747 0.07195909 0.02992597
v -0.00886591 0.07190929 -0.0416722
v -0.00674783 0.02873798 -0.02229581
v -0.00834262 0.02899952 -0.04448563
v -0.00612645 0.0284804 -0.049284
v -0.00954884 0.02811628 -0.06427075
v -0.00717463 0.02700787 -0.06420013
v -0.01013445 0.07183348 -0.07000194
v -0.00715625 0.07146004 -0.05667008
v -0.00717671 0.07157514 -0.06819716
v -0.0091531 -0.09826557 -0.06269752
v -0.0104959 -0.09880152 -0.07182784
v -0.00091623 -0.09854914 -0.06275855
v -0.01012559 0.02530023 -0.06743583
v -0.00683524 0.02510707 -0.06653557
v -0.00976045 -0.06414398 -0.07803215
v -0.01025068 -0.05531872 -0.07662702
v -0.00670992 -0.0620167 -0.07824927
v -0.00670992 -0.0620167 -0.07824927
v -0.00670992 -0.0620167 -0.07824927
v -0.01069313 -0.0811269 -0.07931688
v -0.01038943 -0.07690414 -0.0782853
v -0.00719388 -0.08015127 -0.07944293
v -0.00798673 -0.04715776 -0.07763842
v -0.00654725 -0.01359293 -0.0834891
v -0.01116126 -0.09881046 -0.12076766
v -0.01067594 -0.09817263 -0.13299353
v -0.0033613 -0.09856158 -0.13388681
v -0.01096997 -0.09865121 0.13207376
v -0.01153325 -0.09933005 0.12912808
v 0.00329421 -0.09879778 0.13255122
v 0.01119233 -0.09923231 0.13122809
v 0.05698495 0.08869097 0.11531448
v -0.01156221 -0.09962464 0.10114238
v -0.0106678 -0.09945112 0.06578826
v 0.01183842 -0.09959528 0.10134853
v 0.00984029 -0.03268205 0.08106323
v 0.00665986 0.02565463 0.06745504
v 0.00707933 0.01813779 0.06628808
v -0.00661468 0.0253286 0.06731759
v -0.00988655 0.02530198 0.06783047
v -0.00161807 0.02678912 0.06524129
v 0.00665986 0.02565463 0.06745504
v -0.00982256 0.04397113 0.06941952
v -0.00124655 0.04694251 0.07074524
v 0.01017435 0.04426765 0.06928921
v -0.01018641 0.07201383 0.06942648
v 0.01027906 0.07188868 0.06865796
v -0.00956392 -0.09851715 0.06269153
v 0.01034166 -0.09861873 0.06271803
v 0.00724706 -0.08279579 0.06323589
v 0.00706626 -0.05972032 0.06457335
v 0.00543662 -0.03565886 0.06575198
v 0.01027906 0.07188868 0.06865796
v 0.01034166 -0.09861873 0.06271803
v 0.00802271 0.0278674 0.05517644
v 0.0076242 0.02849482 -0.00681243
v 0.00270772 0.02710253 -0.065068
v 0.00680046 0.07153488 -0.05908816
v 0.00270772 0.02710253 -0.065068
v -0.00683524 0.02510707 -0.06653557
v 0.00568141 0.02571586 -0.06624216
v 0.01123793 -0.09896977 -0.07936832
v 0.00064911 -0.04870602 -0.07800477
v 7.022E-05 -0.07823864 -0.07844532
v -0.01029552 -0.07173517 -0.07789017
v 0.00634847 -0.03378421 -0.08012512
v 0.0101494 0.03080797 -0.08892828
v 0.0054223 0.05288156 -0.09287428
v 0.00704958 0.07455671 -0.09635805
v 0.00785806 0.08476678 -0.09771343
v 0.00925936 0.08808837 -0.09918953
v 0.01357302 0.0884287 -0.1020477
v 0.01989187 0.08868454 -0.11295191
v -0.01106876 -0.09899691 -0.09723937
v 0.01180431 -0.09913811 -0.1027239
v 0.01153324 -0.09854025 -0.13277406
v -0.01067594 -0.09817263 -0.13299353
v -0.0110756 -0.08772689 -0.12932864
v 0.00151144 -0.08678029 -0.12934817
v 0.00469464 -0.09429678 -0.13197784
v -0.0033613 -0.09856158 -0.13388681
v -0.01235659 0.03019754 0.09020744
v -0.01206414 0.02150579 0.08811104
v 0.01054573 0.02242943 0.08814391
v 0.01098901 -0.09945447 0.07335957
v 0.00769347 0.04734667 0.07015753
v 0.00992168 0.06970731 0.06975935
v 0.01095906 -0.09906989 0.0653043
v 0.00628252 -0.05061565 0.06542088
v 0.0098356 0.01431969 0.06641404
v 0.00728203 0.07165287 0.06122702
v 0.01064075 -0.09113305 0.06214315
v 0.00842008 0.02862995 0.03944069
v 0.00633848 0.07197389 -0.03298432
v 0.00734468 0.02846174 0.00615022
v 0.00647799 0.02877906 -0.01883189
v 0.00654805 0.02849774 -0.04861988
v 0.00778083 -0.06462017 -0.07784944
v 0.01162935 -0.0261966 -0.08124519
v 0.01249155 0.01194623 -0.08649691
v 0.0127976 0.02362218 -0.08757044
v 0.01306608 0.08808956 0.09965288
v 0.01030719 0.08393548 0.09649425
v 0.01070377 0.0252454 0.06760271
v 0.01152118 0.0260134 0.06607097
v 0.01009231 -0.02151465 0.06550821
v 0.00778905 0.02726518 -0.06227874
v 0.01078681 -0.09841728 -0.06500959
v 0.00958235 -0.09801713 -0.06269775
v 0.00952167 0.02595715 -0.06488958
v 0.0076285 0.07133746 -0.06863466
v 0.00568141 0.02571586 -0.06624216
v 0.00961178 0.02249593 -0.06593585
v 0.00952167 0.02595715 -0.06488958
v 0.00865438 -0.04832622 -0.07757703
v 0.00781028 -0.08038145 -0.07989541
v 0.01029369 -0.07641716 -0.0783836
v 0.01013965 -0.06674435 -0.07763797
v 0.01202165 -0.01490299 -0.08314305
v 0.01209267 -0.00237176 -0.08459654
v 0.00925936 0.08808837 -0.09918953
v 0.01137026 -0.09668158 -0.1326569
v 0.01153324 -0.09854025 -0.13277406
v 0.01187896 -0.09930903 0.12763681
v 0.01250783 0.08789612 0.09757044
v 0.01072717 0.02175565 0.06802905
v 0.01070377 0.0252454 0.06760271
v 0.01040637 0.04775177 0.07071227
v 0.01032765 -0.08521748 0.063646
v 0.00984707 -0.06109263 0.06503028
v 0.00988959 -0.04945864 0.06667359
v 0.00977104 -0.03331288 0.06585024
v 0.01101697 -0.00326717 0.06615118
v 0.00957295 0.07214288 0.03621538
v 0.0093538 0.02842069 0.0562876
v 0.00924896 0.02885119 0.00900039
v 0.00884438 0.02893071 -0.0093817
v 0.00841056 0.02903069 -0.03701914
v 0.00940954 0.07211638 -0.04391887
v 0.00947678 0.02834524 -0.06040096
v 0.00999552 0.07173777 -0.07008711
v 0.01031686 -0.05313924 -0.07667889
v 0.0107117 -0.08103952 -0.07962386
v 0.010382 -0.03278825 -0.07945764
v 0.01260148 0.03311284 -0.08906725
v 0.01060273 0.05921653 -0.09363765
v 0.01208202 0.07132179 -0.09538588
v 0.01053786 0.08514354 -0.09673837
v 0.01141533 -0.08714878 -0.1290369
v 0.01225409 0.08586063 0.0957768
v 0.01159312 0.06951647 0.08110507
v 0.01086891 0.07122534 0.0720629
v 0.01222144 0.07091311 0.07825604
v 0.01222144 0.07091311 0.07825604
v 0.01086891 0.07122534 0.0720629
v 0.0128222 0.07201069 0.07033974
v 0.01133299 -0.06345814 0.07622083
v 0.01048054 -0.0538302 0.06932932
v 0.01215942 -0.05378288 0.07376003
v 0.01048054 -0.0538302 0.06932932
v 0.01275988 -0.05290231 0.07022642
v 0.01215942 -0.05378288 0.07376003
v 0.01230961 0.02480709 0.07219071
v 0.01070377 0.0252454 0.06760271
v 0.01152118 0.0260134 0.06607097
v 0.01027906 0.07188868 0.06865796
v 0.01048054 -0.0538302 0.06932932
v 0.01275988 -0.05290231 0.07022642
v 0.01101697 -0.00326717 0.06615118
v 0.01072717 0.02175565 0.06802905
v 0.01181747 0.01706841 0.06894448
v 0.01097719 0.02828539 0.06420349
v 0.01210907 0.03958733 0.07408847
v 0.0128222 0.07201069 0.07033974
v 0.01027906 0.07188868 0.06865796
v 0.01284119 0.07473675 0.06854092
v 0.01027906 0.07188868 0.06865796
v 0.01093233 0.07435799 0.06600708
v 0.01284119 0.07473675 0.06854092
v 0.01050387 0.08470783 0.0673073
v 0.0139935 0.08554073 0.06829219
v 0.01050387 0.08470783 0.0673073
v 0.01206375 0.0871712 0.06454311
v 0.0139935 0.08554073 0.06829219
v 0.01475895 -0.05037457 0.06807514
v 0.01677964 -0.03922583 0.06758476
v 0.01050387 0.08470783 0.0673073
v 0.010794 0.08609378 0.04833284
v 0.01206375 0.0871712 0.06454311
v 0.01144503 0.08782394 0.04735832
v 0.01144503 0.08782394 0.04735832
v 0.01050051 0.08783641 -0.03124197
v 0.01326321 0.08795697 -0.02868976
v 0.00884438 0.02893071 -0.0093817
v 0.00949842 0.03137647 -0.01033417
v 0.0125924 0.0312478 -0.00941002
v 0.00946081 0.041017 -0.00960011
v 0.01282574 0.03893837 -0.00890376
v 0.01454894 0.08789755 -0.0730696
v 0.01095174 0.0877099 -0.07015371
v 0.01020227 -0.06155219 -0.06414212
v 0.01117359 -0.05650971 -0.06639307
v 0.01170874 -0.0537709 -0.06496578
v 0.01022891 0.08595076 -0.06866659
v 0.01055417 0.08479541 -0.07243106
v 0.01380855 0.08597399 -0.07473276
v 0.01095174 0.0877099 -0.07015371
v 0.01085543 -0.03359047 -0.07788146
v 0.01102767 -0.03134637 -0.06529338
v 0.01275331 -0.03290397 -0.06823031
v 0.01266944 0.07183849 -0.07441525
v 0.01082066 0.07090177 -0.07394256
v 0.01247666 0.07119834 -0.07668277
v 0.01085543 -0.03359047 -0.07788146
v 0.01303045 -0.03588881 -0.07738161
v 0.01239868 -0.03359759 -0.0768021
v 0.0116582 0.06873149 -0.08768361
v 0.01222787 0.07414032 -0.09255237
v 0.01280962 0.07076922 -0.08812774
v 0.01280574 0.07439523 -0.09013825
v 0.01164503 0.05114935 -0.09189711
v 0.01180454 0.06251688 -0.09402404
v 0.01053786 0.08514354 -0.09673837
v 0.01203632 0.08563583 -0.09484455
v 0.01208202 0.07132179 -0.09538588
v 0.01267844 0.08798119 -0.09572204
v 0.01267844 0.08798119 -0.09572204
v 0.01250783 0.08789612 0.09757044
v 0.01387942 0.08797004 0.08963449
v 0.01652414 0.08771706 0.08752102
v 0.01376986 0.08470074 0.08606602
v 0.01658848 0.08549687 0.08500175
v 0.01289342 0.07191017 0.0844642
v 0.01590189 0.07151585 0.078049
v 0.01608353 0.08023837 0.06885482
v 0.01536583 0.08783727 0.06528682
v 0.01734729 -0.03349214 0.06675446
v 0.01241067 0.0391017 0.00867761
v 0.02275873 0.04265321 0.00803344
v 0.01054501 0.0431429 0.00742139
v 0.03077667 0.0289063 -0.00764345
v 0.03077667 0.0289063 -0.00764345
v 0.0239866 0.0879072 -0.06215406
v 0.01170874 -0.0537709 -0.06496578
v 0.01301249 -0.05385774 -0.07003743
v 0.01617414 -0.05273433 -0.06575982
v 0.01097105 -0.05432705 -0.07297944
v 0.01031686 -0.05313924 -0.07667889
v 0.01301249 -0.05385774 -0.07003743
v 0.01986095 -0.05055251 -0.07642598
v 0.01280962 0.07076922 -0.08812774
v 0.01615207 0.07099223 -0.08491424
v 0.01589766 0.07147238 -0.08806169
v 0.01743392 0.07060646 -0.08740012
v 0.01280962 0.07076922 -0.08812774
v 0.01280574 0.07439523 -0.09013825
v 0.01589766 0.07147238 -0.08806169
v 0.01593566 0.07466716 -0.08874524
v 0.01355854 0.08792562 -0.0898261
v 0.01580616 0.08501565 -0.08906055
v 0.01355854 0.08792562 -0.0898261
v 0.01874599 0.08833902 -0.09189948
v 0.05347928 0.08914824 -0.11461086
v 0.05347928 0.08914824 -0.11461086
v 0.05038821 0.08815403 0.10825872
v 0.04791049 0.08806385 0.08503981
v 0.02227016 0.07218032 0.08317637
v 0.01231563 -0.05312825 0.07692195
v 0.02504698 -0.05292339 0.0735015
v 0.03275191 -0.05270173 0.0750443
v 0.02051003 0.07433932 0.06801625
v 0.02511378 0.08010563 0.06833405
v 0.02812416 0.08629148 0.06795754
v 0.01536583 0.08783727 0.06528682
v 0.03535226 0.02883686 0.00745497
v 0.03554444 0.02843051 -0.0056135
v 0.02919074 -0.05273769 -0.07203662
v 0.01031686 -0.05313924 -0.07667889
v 0.03293527 -0.05243119 -0.07499635
v 0.01380855 0.08597399 -0.07473276
v 0.01377285 0.0841084 -0.07507921
v 0.02261811 0.08401872 -0.07531736
v 0.03293527 -0.05243119 -0.07499635
v 0.03487069 -0.03511892 -0.07629608
v 0.04752667 0.09067743 -0.11516012
v 0.02815709 0.08792368 0.08197352
v 0.01795891 0.08404575 0.08324771
v 0.02609333 0.0857331 0.08109791
v 0.03847347 0.07179403 0.07404044
v 0.02627499 -0.05227909 0.0680803
v 0.02532787 -0.0506488 0.06817884
v 0.02627499 -0.05227909 0.0680803
v 0.03177943 -0.03767464 0.06803526
v 0.0349105 -0.03337634 0.06746593
v 0.03902316 0.03551885 -0.0088535
v 0.01026846 0.0429359 -0.00802718
v 0.04108577 0.04256693 -0.00849373
v 0.03079712 -0.05240435 -0.06739935
v 0.02551757 0.08575185 -0.07482418
v 0.02510963 0.08050981 -0.0748424
v 0.02936919 -0.03292137 -0.07614708
v 0.03968701 0.08792111 -0.08850606
v 0.03968701 0.08792111 -0.08850606
v 0.0326797 0.07204318 0.0770173
v 0.02051003 0.07433932 0.06801625
v 0.03422149 0.07428776 0.06782037
v 0.03422149 0.07428776 0.06782037
v 0.04848196 0.08782569 0.05489846
v 0.04838765 0.08809576 -0.07325467
v 0.0387501 -0.05047804 -0.07563017
v 0.04019883 0.07135157 -0.07798178
v 0.05991906 0.0879688 0.11334224
v 0.05391355 -0.05286806 0.07272363
v 0.05974594 0.0721077 0.06902922
v 0.0541275 -0.05209966 0.06789976
v 0.03794065 0.08008175 0.06818826
v 0.0541275 -0.05209966 0.06789976
v 0.02891791 0.08789231 0.0669767
v 0.05329677 0.08786093 0.06393345
v 0.04397553 0.03125773 -0.00891026
v 0.04034229 -0.04569487 -0.07595706
v 0.01743392 0.07060646 -0.08740012
v 0.03910999 0.07114146 -0.08762725
v 0.04060543 0.07442392 -0.08827806
v 0.06928804 0.07229153 -0.07560387
v 0.04163926 0.07108846 -0.08551204
v 0.04586636 0.0883154 -0.09174193
v 0.04862168 0.08805221 0.07718838
v 0.030371 0.0878734 0.07795914
v 0.05041634 -0.04122309 0.06786918
v 0.05630554 0.08543933 0.0671782
v 0.02891791 0.08789231 0.0669767
v 0.04979669 0.08794278 -0.04591477
v 0.05982874 0.07427783 0.06651159
v 0.05982874 0.07427783 0.06651159
v 0.06731051 0.08714886 0.06549127
v 0.05801588 -0.03346932 0.06714459
v 0.06731051 0.08714886 0.06549127
v 0.07356311 -0.03279398 -0.07596517
v 0.0812218 0.08771764 -0.08924524
v 0.06982131 0.08856419 -0.11048751
v 0.0773771 0.07209328 0.07670353
v 0.06776334 -0.05239916 -0.06727988
v 0.06099471 0.08038039 0.06731302
v 0.08502466 0.02825813 0.00591864
v 0.0782763 0.08865921 -0.11252506
v 0.07180292 0.08763162 0.0773083
v 0.07647807 -0.05280207 -0.0722434
v 0.06160052 0.07228731 0.06648656
v 0.07264588 -0.03608534 0.06653915
v 0.08481278 0.08712635 0.05888113
v 0.08353052 0.08729112 0.0389562
v 0.07498926 0.02881888 0.00844604
v 0.0796135 0.02891265 -0.00888435
v 0.07909564 0.08744781 -0.05400731
v 0.0796135 0.02891265 -0.00888435
v 0.07803079 0.03530679 -0.01004023
v 0.08227708 0.09910209 -0.11536453
v 0.08069973 0.08765258 0.10798316
v 0.06915512 0.07205718 0.06930493
v 0.06687611 0.0723003 0.06647959
v 0.06687611 0.0723003 0.06647959
v 0.07119741 -0.05054513 0.06695694
v 0.07637747 0.0877071 -0.07249721
v 0.03910999 0.07114146 -0.08762725
v 0.07816728 0.072254 -0.088466
v 0.07816728 0.072254 -0.088466
v 0.08113438 0.0742761 -0.08922986
v 0.09298705 0.09100667 -0.11486613
v 0.0618088 0.10021558 -0.11526461
v 0.07901462 0.08757995 0.10040986
v 0.08137 0.08714212 0.0840351
v 0.10349453 -0.05248102 0.06996343
v 0.07120772 -0.05227379 0.06741536
v 0.06994607 0.07433318 0.06710415
v 0.07120772 -0.05227379 0.06741536
v 0.07731429 0.03995048 -0.00950645
v 0.06351487 0.04274385 -0.00877354
v 0.0787715 0.08015758 0.06789436
v 0.07926026 0.08518545 0.06752315
v 0.08172524 0.03122795 -0.01003051
v 0.08192924 0.08743585 0.00053823
v 0.0812218 0.08771764 -0.08924524
v 0.08621728 0.08754538 0.11437604
v 0.11525899 -0.03332403 0.06631102
v 0.0878932 0.08740515 0.06402642
v 0.12287378 -0.04722115 -0.07587907
v 0.10281726 0.08728138 0.07926381
v 0.07926026 0.08518545 0.06752315
v 0.12594698 -0.03538971 -0.0762414
v 0.1475077 -0.05246206 0.07552873
v 0.11306914 0.07210249 0.0696793
v 0.11871867 -0.05206356 0.06727257
v 0.06994607 0.07433318 0.06710415
v 0.10442129 0.08017162 0.06783852
v 0.11871867 -0.05206356 0.06727257
v 0.11399899 -0.05042946 0.06691688
v 0.11550154 -0.04105816 0.06668618
v 0.11540898 0.02850533 -0.00623435
v 0.10920472 0.0873295 -0.01769466
v 0.06817728 0.08565398 -0.07484251
v 0.07004982 0.0842112 -0.075713
v 0.11487659 0.08434499 -0.07576562
v 0.12354515 0.07248852 -0.07599832
v 0.10108536 0.08736235 0.07717051
v 0.14567563 -0.05039037 -0.07568628
v 0.12813777 -0.03272222 -0.07607476
v 0.11223694 0.07439993 0.06744135
v 0.11223694 0.07439993 0.06744135
v 0.12644795 0.02890132 0.00832087
v 0.11671682 0.02841756 0.00583674
v 0.13179855 0.04238746 -0.00856043
v 0.10168421 0.0864307 -0.07418712
v 0.12698467 0.07228346 -0.08826518
v 0.1307894 0.0885597 -0.11260136
v 0.16647705 0.07172086 0.07384293
v 0.12731373 0.03585947 -0.01006631
v 0.13095181 0.04026101 -0.00938912
v 0.12838472 -0.05237754 -0.06700218
v 0.12208972 0.08585823 -0.0890099
v 0.13495854 0.08714352 0.08325842
v 0.12853834 0.0850758 0.06755008
v 0.12853834 0.0850758 0.06755008
v 0.13098834 0.08681388 0.06538456
v 0.13106585 0.08765034 -0.08913188
v 0.13074277 0.08799172 -0.10057573
v 0.11038643 0.0872786 0.07965386
v 0.11011959 0.08576883 0.07697912
v 0.15680614 -0.05267721 0.07333014
v 0.13122298 0.08713298 0.05859131
v 0.16646692 0.08719243 -0.04787597
v 0.15392691 -0.05273048 -0.06987338
v 0.16388367 -0.05273879 -0.07294174
v 0.15525353 -0.0523861 -0.07491606
v 0.15525353 -0.0523861 -0.07491606
v 0.1738185 0.07265262 -0.08155012
v 0.12698467 0.07228346 -0.08826518
v 0.13721205 0.08927244 -0.11437161
v 0.13721205 0.08927244 -0.11437161
v 0.13586509 0.08743201 0.06373169
v 0.14680952 0.03135051 -0.01019932
v 0.12658933 0.08649016 -0.07363686
v 0.12355203 0.07431451 -0.08892881
v 0.13106585 0.08765034 -0.08913188
v 0.1391696 0.08722405 0.00945606
v 0.12876116 0.08749531 -0.07221868
v 0.17361552 0.02831777 -0.00074739
v 0.17116587 0.08758576 0.1142965
v 0.11242767 0.08752621 0.07733993
v 0.13934377 0.07436071 0.06705611
v 0.13706799 0.08039851 0.0677205
v 0.13934377 0.07436071 0.06705611
v 0.09547551 0.07437475 -0.07535184
v 0.12354515 0.07248852 -0.07599832
v 0.15367675 0.074772 -0.07535227
v 0.14167535 -0.03322117 0.06554876
v 0.14917411 0.07200722 0.06945919
v 0.13605642 -0.05019182 0.06629148
v 0.14404581 -0.04086733 0.06596759
v 0.16042919 0.0727645 -0.07643031
v 0.18933891 0.07432948 -0.0889826
v 0.18010192 0.08744559 0.1030833
v 0.21294968 0.02827105 0.00553052
v 0.17110884 0.07201735 0.07635859
v 0.16895302 0.08696234 0.05913727
v 0.17144381 0.02890762 -0.00898694
v 0.17144381 0.02890762 -0.00898694
v 0.15578976 0.08436003 -0.07594364
v 0.17880352 0.08589289 -0.08902279
v 0.1743533 -0.05031873 0.0661748
v 0.1721016 -0.03262519 -0.07616235
v 0.17614433 0.08807384 -0.10399621
v 0.18268766 0.09932847 -0.11498601
v 0.22851507 0.10064463 -0.11464289
v 0.17667443 0.07436113 0.06745907
v 0.17667443 0.07436113 0.06745907
v 0.1665787 0.08013923 0.06796435
v 0.12658933 0.08649016 -0.07363686
v 0.15578976 0.08436003 -0.07594364
v 0.16204768 0.08630902 -0.07369768
v 0.18351401 0.08868071 -0.11238695
v 0.19432601 -0.05268165 0.06948962
v 0.16639076 0.08511295 0.06773762
v 0.16639076 0.08511295 0.06773762
v 0.16885838 0.08669996 0.06511942
v 0.18991011 0.03597149 -0.00997503
v 0.16042919 0.0727645 -0.07643031
v 0.19297336 0.07239745 -0.08826548
v 0.17607753 0.08939352 -0.11425544
v 0.17698604 0.08692618 0.08524356
v 0.17913601 0.04210126 -0.00876228
v 0.16051151 0.08747376 -0.0716707
v 0.16559976 -0.04670102 -0.07585355
v 0.19297336 0.07239745 -0.08826548
v 0.18155745 0.08693451 0.07986131
v 0.17951624 0.08724222 0.07720843
v 0.20596887 -0.05229925 0.06662171
v 0.20596887 -0.05229925 0.06662171
v 0.16828963 0.08709145 0.06251061
v 0.17931892 0.08756906 -0.08928198
v 0.18202254 -0.04120253 0.06596037
v 0.18382788 -0.03540004 0.0656255
v 0.19172268 -0.03335735 0.06579111
v 0.17781594 0.08693341 0.03381428
v 0.17573082 0.08734875 -0.06968522
v 0.17766351 0.08557173 -0.0738176
v 0.16204768 0.08630902 -0.07369768
v 0.17554003 0.08396596 -0.0755607
v 0.17766351 0.08557173 -0.0738176
v 0.20084415 0.07271245 -0.07579242
v 0.17607753 0.08939352 -0.11425544
v 0.18129197 0.08692168 -0.05395659
v 0.17931892 0.08756906 -0.08928198
v 0.20868775 0.07229418 0.06919285
v 0.21487826 -0.05263366 -0.06628199
v 0.1866774 0.07433435 -0.07519126
v 0.17797709 0.08009009 -0.07501943
v 0.20412534 -0.03550101 -0.07584631
v 0.19650087 -0.03282405 -0.07575575
v 0.18255872 0.08535673 0.07671208
v 0.23290406 0.02882033 0.00831193
v 0.23031874 0.02826874 -0.00599336
v 0.20084415 0.07271245 -0.07579242
v 0.20618691 0.08524424 0.06478348
v 0.20473011 0.08613465 0.03378533
v 0.20209366 0.08508464 -0.08908302
v 0.20614174 0.08756249 -0.10268541
v 0.20317547 0.08957683 -0.11357641
v 0.20662792 0.08432918 0.06699903
v 0.20662792 0.08432918 0.06699903
v 0.20465173 0.08638468 -0.06971909
v 0.20308343 -0.05024114 -0.07543342
v 0.20216799 0.08681577 -0.09021298
v 0.20317547 0.08957683 -0.11357641
v 0.213715 0.08698256 0.10355962
v 0.20797823 0.07216549 0.07610505
v 0.20947661 0.07452167 0.06675212
v 0.20947661 0.07452167 0.06675212
v 0.21159542 0.08041354 0.06711085
v 0.22942249 -0.05038044 0.06570092
v 0.2034311 0.08569426 0.06096755
v 0.20566636 0.08620095 -0.01417468
v 0.21409453 0.03132146 -0.01006411
v 0.210796 0.04038723 -0.00910047
v 0.23037247 -0.05292204 -0.06990188
v 0.21115196 0.08509195 -0.07313535
v 0.21998224 -0.05275625 -0.07480491
v 0.21998224 -0.05275625 -0.07480491
v 0.19572106 0.09678075 0.11558069
v 0.17548686 0.088198 0.11523377
v 0.22958274 0.09253187 0.11514211
v 0.21557403 0.0858804 0.07955882
v 0.20526466 0.08615597 -0.04832553
v 0.20216799 0.08681577 -0.09021298
v 0.20714052 0.08721844 -0.09174789
v 0.21492982 0.08719479 0.11416894
v 0.21815933 0.0859432 0.08474637
v 0.22538435 0.08858729 -0.11181733
v 0.23176068 -0.03571596 0.06539335
v 0.24585527 0.08776826 -0.10856422
v 0.25203303 -0.05263395 0.07150999
v 0.21070188 0.07234222 0.06683911
v 0.22456358 0.07222299 0.0691148
v 0.23570681 0.08585693 0.03552712
v 0.23770346 0.0988114 -0.11477134
v 0.28282025 -0.05246916 0.07580752
v 0.22277485 0.07233528 0.06688341
v 0.21070188 0.07234222 0.06683911
v 0.22277485 0.07233528 0.06688341
v 0.23842613 0.08550787 0.05680734
v 0.23256314 0.08592708 -0.05020369
v 0.25570992 -0.03280773 -0.07608481
v 0.24774992 0.08677442 -0.09026735
v 0.24774992 0.08677442 -0.09026735
v 0.24337859 0.08959918 -0.11280776
v 0.25003159 0.08502918 0.07662245
v 0.22508936 0.07442883 0.06693011
v 0.28821367 0.07267352 -0.08175237
v 0.23799165 0.08031736 0.06727213
v 0.24189487 0.08610302 -0.06976012
v 0.29866171 0.07237521 -0.08822898
v 0.24975318 0.08516894 -0.08895025
v 0.24820162 0.08709722 -0.09139092
v 0.26111925 -0.03333479 0.06490728
v 0.25968152 0.08556917 0.06114453
v 0.24804242 -0.05032881 -0.07571939
v 0.24526004 0.08737505 -0.10324836
v 0.23949672 0.07222723 0.06926974
v 0.22508936 0.07442883 0.06693011
v 0.25639677 0.08433289 0.06706791
v 0.25639677 0.08433289 0.06706791
v 0.26040891 0.03633721 -0.00998137
v 0.2549738 0.07428948 -0.08880142
v 0.24337859 0.08959918 -0.11280776
v 0.27014956 0.02888057 -0.00911992
v 0.27014956 0.02888057 -0.00911992
v 0.29866171 0.07237521 -0.08822898
v 0.24000971 0.07457079 0.06683705
v 0.24102479 0.07233745 0.06685967
v 0.24000971 0.07457079 0.06683705
v 0.24830259 0.04057311 -0.00920765
v 0.25710446 0.08709475 0.10313973
v 0.28206885 0.08520588 0.06480478
v 0.26211745 -0.05034986 0.06521043
v 0.26247764 0.08616383 0.0848733
v 0.26563588 0.02829117 0.00683326
v 0.27628639 0.02825856 -0.00577273
v 0.27049482 0.03131953 -0.0101688
v 0.26563132 0.08596234 -0.05803662
v 0.27282408 0.08509878 -0.0732219
v 0.25668103 -0.03314683 -0.07630684
v 0.2597982 0.08698808 -0.10741071
v 0.25440598 0.09399081 -0.11402904
v 0.29464009 0.07229289 0.07622013
v 0.29215321 0.0721079 0.07379463
v 0.29989803 0.07607689 0.06673166
v 0.25831899 -0.0356761 0.06484307
v 0.27520686 0.08583044 -0.02471153
v 0.26425651 0.08621954 -0.0697211
v 0.29405972 -0.05270533 -0.07489997
v 0.25523111 0.08826562 -0.10884731
v 0.25523111 0.08826562 -0.10884731
v 0.29732469 0.08621369 0.07954621
v 0.26730067 0.08580098 0.04136647
v 0.28847355 0.07264098 -0.07589792
v 0.26771125 0.08662666 -0.09453882
v 0.28419638 0.07229679 0.06678363
v 0.23784679 0.0424619 -0.00811102
v 0.27126551 0.04263306 -0.0088586
v 0.29703665 -0.05016585 -0.07588985
v 0.27389649 0.08731871 0.11415199
v 0.31998315 -0.05243889 0.06620153
v 0.31998315 -0.05243889 0.06620153
v 0.24102479 0.07233745 0.06685967
v 0.28419638 0.07229679 0.06678363
v 0.28913572 0.04049912 -0.00955129
v 0.32856092 0.09414154 -0.11389977
v 0.31808832 0.09659977 0.11535681
v 0.34331086 -0.05274493 0.07269985
v 0.30235654 0.08633164 -0.09062435
v 0.30235654 0.08633164 -0.09062435
v 0.31546229 0.08516484 0.07638494
v 0.30831161 -0.03593645 0.0651017
v 0.31338874 0.08547978 0.05652342
v 0.29903153 -0.05264678 -0.06683537
v 0.30086538 0.08962516 -0.10961596
v 0.29726994 0.08615354 0.08444236
v 0.3125596 0.08700718 0.10143835
v 0.31129622 0.08664944 -0.09519251
v 0.30045438 0.08050861 0.06709295
v 0.30521286 0.08435037 0.06702401
v 0.30521286 0.08435037 0.06702401
v 0.3140327 -0.05058594 0.06539525
v 0.31809133 0.02873476 0.00826397
v 0.29405972 -0.05270533 -0.07489997
v 0.29869244 -0.03502521 -0.07630554
v 0.29798698 0.08494252 -0.08923545
v 0.2597982 0.08698808 -0.10741071
v 0.33266523 0.08767997 -0.10815053
v 0.3042804 -0.03350886 0.06520559
v 0.31294665 0.08562423 0.00100878
v 0.31203738 0.02828946 -0.00695642
v 0.29995438 0.07442226 -0.08897904
v 0.31846261 0.08673241 -0.1074833
v 0.34404197 -0.05272039 0.06886676
v 0.31297904 0.08557792 0.06116185
v 0.31278163 -0.03310743 -0.07634785
v 0.31508303 0.07217287 0.06661196
v 0.32764858 0.085829 -0.06964923
v 0.31846261 0.08673241 -0.1074833
v 0.31508303 0.07217287 0.06661196
v 0.3242358 -0.05253999 -0.07270005
v 0.36105266 0.09945891 -0.11476184
v 0.34357804 0.03550733 -0.00994418
v 0.34904549 0.08562076 -0.05746997
v 0.33507872 0.07223271 -0.07484599
v 0.32961741 0.07127853 0.07370523
v 0.32581341 0.08541891 0.06505634
v 0.35503089 0.02823386 0.00690942
v 0.32654887 0.02884116 -0.00917814
v 0.32654887 0.02884116 -0.00917814
v 0.3240006 -0.05218924 -0.06711135
v 0.33650166 0.08481742 -0.07276063
v 0.32587656 0.08651908 0.08503193
v 0.33082595 -0.03428546 0.06447458
v 0.3264403 0.03123286 -0.01024637
v 0.32757944 -0.05033867 -0.07687613
v 0.32665393 0.08490545 -0.08855376
v 0.33047277 0.08978031 -0.10935079
v 0.35485321 0.08724026 0.11421254
v 0.36736581 0.08720094 0.10800681
v 0.34498662 0.08661223 0.07927217
v 0.33235708 0.07176437 0.07620771
v 0.34473068 0.08551592 0.0558959
v 0.34119588 0.07216719 -0.08164693
v 0.33977023 0.07196919 -0.08772659
v 0.33977023 0.07196919 -0.08772659
v 0.33191445 0.07433335 -0.08817149
v 0.32872626 0.08072826 0.06754199
v 0.32873318 0.02929236 -0.01041888
v 0.3295981 0.04210047 -0.00863506
v 0.33674219 -0.05232953 -0.07606098
v 0.33674219 -0.05232953 -0.07606098
v 0.33166349 -0.03555065 -0.07731528
v 0.33595505 -0.03338862 -0.07682443
v 0.35449621 0.02827612 -0.00601245
v 0.35071108 0.04035537 -0.00932949
v 0.35153928 0.08561759 -0.01654693
v 0.37876755 0.08695848 0.0981075
v 0.35792708 0.08657608 0.08464952
v 0.37317771 0.02874359 0.00827267
v 0.35038966 0.03124725 -0.01023109
v 0.3804729 -0.05260881 0.07539383
v 0.36992463 0.07121536 0.07386141
v 0.35811982 0.0718455 0.06937713
v 0.3827084 -0.05060948 0.06527471
v 0.35051796 0.02886222 -0.00914379
v 0.32873318 0.02929236 -0.01041888
v 0.36860391 -0.05040194 -0.07696994
v 0.37166384 0.08981195 -0.1095261
v 0.40118977 0.10092431 -0.11476567
v 0.34842339 0.02930421 -0.01038484
v 0.38597518 -0.0520529 -0.06764978
v 0.38532928 -0.05251967 -0.07324074
v 0.36374736 0.08654793 -0.09598181
v 0.38276732 0.09394073 -0.11394137
v 0.36804458 0.08534808 0.07639551
v 0.35598665 0.07230248 0.0667515
v 0.35598665 0.07230248 0.0667515
v 0.36052686 0.08093949 0.06767435
v 0.38704097 0.08460851 0.06771241
v 0.38704097 0.08460851 0.06771241
v 0.36688119 -0.03426251 0.06483854
v 0.37892061 -0.03602427 0.06481638
v 0.40094039 0.08576648 0.06143695
v 0.4078182 0.08565139 -0.06968589
v 0.32665393 0.08490545 -0.08855376
v 0.36507535 0.08613335 -0.0903974
v 0.38111481 0.08557212 0.06518906
v 0.38100579 0.07434427 -0.08832575
v 0.35763127 0.0749159 0.06711315
v 0.38458887 0.08690304 -0.10757606
v 0.38023704 -0.03567748 -0.07726934
v 0.38456124 0.08508885 -0.08856241
v 0.38456124 0.08508885 -0.08856241
v 0.38458887 0.08690304 -0.10757606
v 0.35811982 0.0718455 0.06937713
v 0.37157193 0.07539923 0.06755526
v 0.38731101 0.08566347 0.02634528
v 0.38289994 0.04222637 -0.00915914
v 0.38696745 0.07223003 -0.08797294
v 0.38960785 0.08630547 0.07973821
v 0.38838097 0.08144436 0.06841784
v 0.38659894 0.02801946 0.00705973
v 0.38610497 0.02808059 -0.00638669
v 0.35051796 0.02886222 -0.00914379
v 0.38110369 0.03117818 -0.01036496
v 0.38251212 -0.03315454 -0.0766215
v 0.38128266 0.02874942 -0.00936906
v 0.39896214 0.08578464 -0.01474835
v 0.38128266 0.02874942 -0.00936906
v 0.38846582 0.04021337 -0.00973276
v 0.38446176 0.08683996 -0.09795124
v 0.42399341 0.0716288 0.07626244
v 0.39507779 0.07177202 0.069975
v 0.39507779 0.07177202 0.069975
v 0.38791364 -0.0339656 0.06482476
v 0.41294986 0.03600212 -0.01029544
v 0.40231785 0.08476301 -0.07292464
v 0.38696745 0.07223003 -0.08797294
v 0.38308167 0.02929453 -0.01043805
v 0.43804839 -0.05260357 -0.07617915
v 0.43804839 -0.05260357 -0.07617915
v 0.3843897 0.08651174 -0.09033626
v 0.39290273 0.07555455 0.06803541
v 0.41164497 0.09851392 -0.11483351
v 0.45424172 0.08703968 0.1049085
v 0.41937605 0.08522372 0.07649967
v 0.42355087 0.07230219 -0.07460246
v 0.42885438 0.08573491 0.05651786
v 0.40348983 -0.03571678 -0.07738695
v 0.39681971 -0.03330896 -0.07676975
v 0.43102875 -0.05299606 0.0704566
v 0.418199 0.07120755 0.07375663
v 0.41637233 0.02798725 -0.00616549
v 0.4293026 -0.0524135 -0.06771502
v 0.42599577 0.08636443 0.08497837
v 0.44376811 -0.0527458 0.06598841
v 0.44376811 -0.0527458 0.06598841
v 0.42080051 -0.03412829 0.06447341
v 0.4221203 0.02795819 0.00728731
v 0.42031437 0.08480179 -0.08851591
v 0.41816962 -0.05046101 0.065045
v 0.42023957 0.02866914 0.00845854
v 0.44870913 0.08563233 0.0484968
v 0.38308167 0.02929453 -0.01043805
v 0.42343819 0.02902782 -0.01067401
v 0.42343819 0.02902782 -0.01067401
v 0.4378548 -0.04164452 -0.07709491
v 0.4530057 0.07218356 -0.08519666
v 0.46033281 0.07223658 -0.08790269
v 0.46033281 0.07223658 -0.08790269
v 0.42543763 0.07431203 -0.08838715
v 0.43155682 0.08980766 -0.10964917
v 0.43031564 0.08639597 0.07962419
v 0.42306578 0.08138662 0.06735537
v 0.43979919 0.08568744 0.0646974
v 0.4496834 0.08683316 -0.10783239
v 0.45417887 0.0938402 -0.11388373
v 0.43069577 -0.05279823 0.07510806
v 0.42332178 0.07554451 0.06710849
v 0.43087533 0.08577102 -0.01769768
v 0.43946645 -0.05290496 -0.07546981
v 0.44907582 0.08614115 -0.0904054
v 0.42031437 0.08480179 -0.08851591
v 0.4496834 0.08683316 -0.10783239
v 0.43511349 0.07135464 0.06986599
v 0.43511349 0.07135464 0.06986599
v 0.42615378 0.08458512 0.06710107
v 0.42615378 0.08458512 0.06710107
v 0.42860472 0.04196889 -0.00955551
v 0.45623615 0.08559749 -0.04989081
v 0.43215632 0.08574032 -0.06984016
v 0.44117624 -0.05068125 -0.07694905
v 0.43997994 0.08666301 -0.09666835
v 0.45008168 0.08733535 0.11403926
v 0.42900711 0.02766129 -0.00847689
v 0.43694329 -0.03360585 -0.07667835
v 0.43563849 0.07001736 0.07398675
v 0.44344708 -0.05059421 0.06521422
v 0.44559053 0.03645544 -0.0101867
v 0.43593487 0.08482257 -0.07305058
v 0.44419339 0.07583446 0.06836326
v 0.44084299 -0.03610818 0.06481758
v 0.44091582 -0.03571452 -0.07717251
v 0.49901068 0.10129209 -0.11426105
v 0.45416608 0.08489722 0.0771018
v 0.43778914 0.06955425 0.07624244
v 0.44181746 0.08156125 0.06848117
v 0.44137228 0.08472536 0.06769382
v 0.44137228 0.08472536 0.06769382
v 0.45636588 0.02631051 -0.01008396
v 0.4472723 0.02881301 -0.01062609
v 0.45636588 0.02631051 -0.01008396
v 0.44381481 0.04039543 -0.00954623
v 0.45898071 0.07485879 -0.08837455
v 0.44725713 -0.05348127 0.07533377
v 0.45086533 -0.0537621 0.06738509
v 0.44650292 -0.04103358 0.06482812
v 0.44804019 -0.03501448 0.06475244
v 0.43965122 0.04166268 -0.00910364
v 0.45248842 0.08474406 -0.08861824
v 0.45248842 0.08474406 -0.08861824
v 0.45975047 0.08595622 0.08693257
v 0.45530385 0.06902044 0.07612329
v 0.45483309 0.06904501 0.07137658
v 0.4480865 0.06981391 0.0706972
v 0.4480865 0.06981391 0.0706972
v 0.45741272 -0.05357622 -0.06977822
v 0.45814213 0.08550846 -0.06900582
v 0.45876679 0.09002947 -0.10951886
v 0.45644385 0.08198341 0.0678027
v 0.45919266 0.02609176 0.00834078
v 0.46134028 0.0261922 -0.00050359
v 0.45630652 0.08460078 -0.07251836
v 0.45657071 -0.05322231 -0.07690017
v 0.45892036 -0.03645552 -0.07661086
v 0.4518365 0.07225578 -0.07429334
v 0.46397069 0.0861404 -0.09385541
v 0.48421335 0.0865483 -0.10774279
v 0.38141963 0.09982859 0.11538741
v 0.4499712 0.08805072 0.11470789
v 0.47617972 0.10035574 0.11522307
v 0.45619386 0.08579283 0.08064744
v 0.45680591 0.07116667 0.06900124
v 0.45680591 0.07116667 0.06900124
v 0.45883566 0.07644501 0.0669712
v 0.46074817 0.08432587 0.06654267
v 0.46216738 0.0848475 0.06417264
v 0.46074817 0.08432587 0.06654267
v 0.46068674 -0.04504723 0.06367674
v 0.45923334 0.02851962 -0.01123276
v 0.46270779 0.03953943 -0.01042656
v 0.45803636 0.08568193 -0.01161381
v 0.45257267 -0.05279746 -0.06676721
v 0.45657071 -0.05322231 -0.07690017
v 0.46043167 -0.03442729 -0.07593996
v 0.46490628 0.08636643 0.09082197
v 0.45997366 -0.05465102 0.07595392
v 0.46295252 -0.05334231 0.06373671
v 0.46399242 -0.05099204 0.06325389
v 0.46295252 -0.05334231 0.06373671
v 0.46555185 -0.03696566 0.06302007
v 0.46067396 -0.0348295 0.0639893
v 0.46469089 0.08524738 0.06108611
v 0.46269098 0.03789916 -0.01140112
v 0.46433377 -0.05484562 -0.07626388
v 0.45633298 0.07269653 -0.07431924
v 0.46144933 0.08424222 0.07762454
v 0.46210158 0.06952129 0.07768385
v 0.4619025 0.07987995 0.07933775
v 0.46080616 0.07238661 0.07715217
v 0.46144933 0.08424222 0.07762454
v 0.4569197 0.07156693 0.07600183
v 0.45959345 0.07073714 0.0720281
v 0.46080616 0.07238661 0.07715217
v 0.45959345 0.07073714 0.0720281
v 0.46214819 0.06859759 0.0722585
v 0.45959345 0.07073714 0.0720281
v 0.46094018 0.07145155 0.06695291
v 0.46094018 0.07145155 0.06695291
v 0.46243146 0.06993185 0.06461969
v 0.46252784 -0.05418243 0.06763966
v 0.46094018 0.07145155 0.06695291
v 0.45883566 0.07644501 0.0669712
v 0.46241313 0.081702 0.06496382
v 0.46243146 0.06993185 0.06461969
v 0.47124791 0.08563948 0.05205057
v 0.47246805 0.08568727 0.00951565
v 0.46423438 0.08516426 -0.06575675
v 0.46698967 -0.05378184 -0.06474161
v 0.45973715 0.08402593 -0.07373927
v 0.46073788 0.07319731 -0.07379829
v 0.46266779 0.08451466 -0.08927429
v 0.46266779 0.08451466 -0.08927429
v 0.46673238 0.08523897 -0.09120999
v 0.49534544 0.09923004 -0.11444025
v 0.46614423 -0.10108607 0.13242504
v 0.46593574 -0.0978768 0.13173337
v 0.46495309 -0.09752923 0.12772751
v 0.46458572 -0.10030587 0.11880723
v 0.46642989 -0.09136818 0.12777269
v 0.46554378 -0.09030343 0.11929706
v 0.46614423 -0.10108607 0.13242504
v 0.46458572 -0.10030587 0.11880723
v 0.4658711 -0.1015937 0.10358207
v 0.4642581 -0.0965579 0.11503087
v 0.46485916 -0.08877833 0.08522976
v 0.46409211 -0.09703809 0.06520833
v 0.4642812 -0.09263858 0.08540007
v 0.4658711 -0.1015937 0.10358207
v 0.46533972 -0.10094346 0.07325579
v 0.46406516 0.04417479 0.08426537
v 0.46298978 0.07763769 0.08617999
v 0.46274838 0.04656706 0.08397171
v 0.46274838 0.04656706 0.08397171
v 0.46298978 0.07763769 0.08617999
v 0.46214807 0.06704924 0.08421107
v 0.46269876 0.08428083 0.08489686
v 0.46510246 -0.08795831 0.08009166
v 0.4625006 0.01675055 0.08092214
v 0.46284723 -0.02099427 0.0802692
v 0.46243292 0.04972467 0.08161402
v 0.46269876 0.08428083 0.08489686
v 0.46420068 -0.04846074 0.07772262
v 0.46303195 -0.0338012 0.07894562
v 0.46235147 -0.03610356 0.07663067
v 0.46263975 0.04214761 0.06645058
v 0.46428552 -0.09156627 0.06124936
v 0.46481049 -0.08566074 0.07938704
v 0.4639695 -0.07545468 0.07876337
v 0.4626562 -0.05599166 0.07221177
v 0.46378481 -0.06451233 0.07861623
v 0.45997366 -0.05465102 0.07595392
v 0.46292362 -0.05605975 0.07691949
v 0.46235147 -0.03610356 0.07663067
v 0.46303195 -0.0338012 0.07894562
v 0.46297964 -0.03376427 0.06816223
v 0.46298099 -0.00644788 0.06401773
v 0.46293336 0.02493963 0.06675535
v 0.46571454 -0.10021075 0.06160665
v 0.46437895 -0.08501671 0.06370594
v 0.46363506 -0.06908039 0.06361084
v 0.46252784 -0.05418243 0.06763966
v 0.46295252 -0.05334231 0.06373671
v 0.46327999 -0.03433244 0.06360561
v 0.46367401 0.02508251 0.06436197
v 0.46281323 0.03958546 0.06414019
v 0.46289784 0.06758869 0.06423445
v 0.46216738 0.0848475 0.06417264
v 0.46327999 -0.03433244 0.06360561
v 0.46484897 0.02740256 0.05547855
v 0.46542439 0.02541981 0.05359429
v 0.46444747 0.0389872 0.05239697
v 0.46485478 0.03736534 0.04420548
v 0.46517283 0.03895485 0.03700168
v 0.46489841 0.02804239 0.01249226
v 0.46582878 0.02577084 0.01249468
v 0.46437371 0.03744896 0.01876791
v 0.46393025 0.03911348 0.00940606
v 0.46315804 0.03763282 0.01075236
v 0.46433046 0.02600648 0.00963558
v 0.46433046 0.02600648 0.00963558
v 0.46585104 0.02584421 -0.00953132
v 0.46585104 0.02584421 -0.00953132
v 0.46486631 0.02733106 -0.01088449
v 0.46336031 0.03342667 -0.01117523
v 0.46336031 0.03342667 -0.01117523
v 0.46269098 0.03789916 -0.01140112
v 0.46444893 0.03931826 -0.01538177
v 0.46270779 0.03953943 -0.01042656
v 0.46585104 0.02584421 -0.00953132
v 0.46486631 0.02733106 -0.01088449
v 0.46511713 0.02778196 -0.01685805
v 0.46508229 0.03889326 -0.04501731
v 0.4656747 0.02551883 -0.05947477
v 0.4717803 0.08564674 -0.05160126
v 0.46516129 0.02746941 -0.05785007
v 0.46426928 0.03892701 -0.06197177
v 0.46403527 0.02960924 -0.06872741
v 0.466452 -0.10042752 -0.0622132
v 0.46642241 -0.0922607 -0.06135918
v 0.46501344 -0.09751572 -0.06743824
v 0.46605569 -0.09265672 -0.06420286
v 0.46496734 0.02501292 -0.06537127
v 0.46656957 0.0856785 -0.06121486
v 0.46679777 -0.05501444 -0.06825099
v 0.46443924 -0.02362808 -0.06480389
v 0.46419826 0.00442989 -0.06615046
v 0.46439999 -0.03132027 -0.06516499
v 0.46414033 0.02099392 -0.07037777
v 0.46498355 0.0215391 -0.06613944
v 0.46400085 0.03987626 -0.06488473
v 0.46351883 0.04512908 -0.06547502
v 0.46357003 0.08440589 -0.06774063
v 0.46568942 -0.10111427 -0.07179737
v 0.4664728 -0.05514034 -0.07283065
v 0.46385011 -0.03359326 -0.06502187
v 0.46440217 -0.03375599 -0.07594269
v 0.46549922 -0.03112438 -0.07594708
v 0.46495858 -0.0236018 -0.07448689
v 0.4635762 0.06552638 -0.06575996
v 0.46413699 0.07984842 -0.06686307
v 0.46268386 0.0727649 -0.07112985
v 0.46255597 0.0841438 -0.07083556
v 0.46255597 0.0841438 -0.07083556
v 0.46357003 0.08440589 -0.06774063
v 0.46412113 -0.09304396 -0.09009171
v 0.46590257 -0.09019623 -0.07696114
v 0.46268386 0.0727649 -0.07112985
v 0.46319708 0.0713549 -0.08850802
v 0.46319708 0.0713549 -0.08850802
v 0.46408215 0.06459194 -0.08539239
v 0.4639228 -0.0975111 -0.09051044
v 0.46433377 -0.05484562 -0.07626388
v 0.4674969 -0.05358283 -0.07690862
v 0.46684459 -0.0362828 -0.07684785
v 0.46440217 -0.03375599 -0.07594269
v 0.46614993 -0.02557659 -0.08766855
v 0.46502772 -0.00799153 -0.08477106
v 0.4643918 0.03962982 -0.08462464
v 0.46555963 -0.00484504 -0.08906979
v 0.4650465 0.03814879 -0.08880379
v 0.46464726 0.06583886 -0.09033439
v 0.46518356 -0.10214093 -0.10885407
v 0.46411324 -0.10058941 -0.10344403
v 0.46435016 -0.08775469 -0.0969241
v 0.46603048 0.07836023 -0.09045197
v 0.46319708 0.0713549 -0.08850802
v 0.4794791 0.0863846 -0.09440978
v 0.46386266 -0.09130617 -0.11836736
v 0.46414629 -0.09931876 -0.12684844
v 0.46553016 -0.10240757 -0.12889573
v 0.46468315 -0.09490852 -0.12590879
v 0.46505988 -0.09731214 -0.12857898
v 0.46695524 -0.10149679 0.12411074
v 0.46485916 -0.08877833 0.08522976
v 0.46695319 -0.0877227 0.11446182
v 0.46669936 -0.08738149 0.08411191
v 0.46851629 0.08499453 0.08765469
v 0.46510246 -0.08795831 0.08009166
v 0.46851629 0.08499453 0.08765469
v 0.46269876 0.08428083 0.08489686
v 0.4657295 0.08396967 0.08645181
v 0.46428552 -0.09156627 0.06124936
v 0.46437895 -0.08501671 0.06370594
v 0.46562126 -0.08506706 0.06278612
v 0.46363506 -0.06908039 0.06361084
v 0.46572071 -0.05267221 0.06285934
v 0.4655633 -0.03238711 0.06275997
v 0.46298099 -0.00644788 0.06401773
v 0.46524072 -0.01135346 0.06335694
v 0.46559244 0.01383257 0.06378017
v 0.46367401 0.02508251 0.06436197
v 0.46281323 0.03958546 0.06414019
v 0.46289784 0.06758869 0.06423445
v 0.46448591 0.04016173 0.06397749
v 0.46963835 0.07212484 0.06412997
v 0.469208 0.08415589 0.06362451
v 0.469208 0.08415589 0.06362451
v 0.46571454 -0.10021075 0.06160665
v 0.46729696 -0.09952022 0.06025936
v 0.47957534 0.0256867 0.00448213
v 0.46730158 -0.08752001 -0.06342474
v 0.46793571 -0.05752428 -0.06462811
v 0.46698967 -0.05378184 -0.06474161
v 0.46679777 -0.05501444 -0.06825099
v 0.46413699 0.07984842 -0.06686307
v 0.46727705 0.08168065 -0.0662569
v 0.46357003 0.08440589 -0.06774063
v 0.46423438 0.08516426 -0.06575675
v 0.46784285 -0.08821352 -0.07514829
v 0.46828961 -0.08663927 -0.07560761
v 0.4681775 -0.07899235 -0.06501567
v 0.46845791 -0.0621847 -0.06480073
v 0.46798512 -0.05733625 -0.07616302
v 0.4664728 -0.05514034 -0.07283065
v 0.46798512 -0.05733625 -0.07616302
v 0.46835744 -0.06480747 -0.08063477
v 0.46672153 -0.08591521 -0.08846097
v 0.46856108 -0.05845423 -0.07606478
v 0.46798512 -0.05733625 -0.07616302
v 0.4674969 -0.05358283 -0.07690862
v 0.46842706 -0.04838957 -0.07956024
v 0.46684459 -0.0362828 -0.07684785
v 0.46549922 -0.03112438 -0.07594708
v 0.4669899 -0.0795076 -0.0886858
v 0.46744201 -0.03842581 -0.09073074
v 0.46568942 -0.10111427 -0.07179737
v 0.46518356 -0.10214093 -0.10885407
v 0.46693841 -0.10226986 -0.10375291
v 0.46611476 -0.08693084 -0.09122332
v 0.46873584 -0.0604859 -0.08906956
v 0.46803424 -0.04699796 -0.09080944
v 0.46854067 -0.06454343 -0.09069241
v 0.46737856 -0.07741231 -0.09052302
v 0.4671793 -0.0230943 -0.0903282
v 0.4671793 -0.0230943 -0.0903282
v 0.46555963 -0.00484504 -0.08906979
v 0.46742609 0.00763504 -0.09022298
v 0.46594456 0.03060777 -0.0902961
v 0.46594456 0.03060777 -0.0902961
v 0.46464726 0.06583886 -0.09033439
v 0.46673238 0.08523897 -0.09120999
v 0.46759608 -0.10357527 -0.12714617
v 0.46553016 -0.10240757 -0.12889573
v 0.46553016 -0.10240757 -0.12889573
v 0.46505988 -0.09731214 -0.12857898
v 0.46847504 -0.0997768 -0.12983289
v 0.47563809 -0.10111194 0.13283014
v 0.48605976 -0.10175607 0.11794919
v 0.4839609 0.08712251 0.11387566
v 0.48092943 0.08632679 0.0905215
v 0.47316653 0.0815083 0.08687431
v 0.46533972 -0.10094346 0.07325579
v 0.46571454 -0.10021075 0.06160665
v 0.47610736 -0.10052161 0.06077683
v 0.46572071 -0.05267221 0.06285934
v 0.46555185 -0.03696566 0.06302007
v 0.4655633 -0.03238711 0.06275997
v 0.4709655 0.02482836 0.06440956
v 0.46916535 0.04590167 0.0642201
v 0.47228155 0.08167963 0.06113208
v 0.46963835 0.07212484 0.06412997
v 0.47228155 0.08167963 0.06113208
v 0.47107416 0.07259842 0.06212021
v 0.47222158 0.08433609 0.05973574
v 0.469208 0.08415589 0.06362451
v 0.47222158 0.08433609 0.05973574
v 0.48409796 -0.09565451 0.0598594
v 0.46367401 0.02508251 0.06436197
v 0.46542439 0.02541981 0.05359429
v 0.47952276 0.02537092 0.06050891
v 0.46582878 0.02577084 0.01249468
v 0.4656747 0.02551883 -0.05947477
v 0.47920674 0.02556863 -0.05168844
v 0.47267026 0.08432758 -0.06386507
v 0.46496734 0.02501292 -0.06537127
v 0.47091043 0.02498941 -0.06650062
v 0.46943983 -0.07772396 -0.06422564
v 0.46879077 -0.06620175 -0.06721322
v 0.46963325 -0.0650873 -0.06420084
v 0.46888018 -0.07303675 -0.07363361
v 0.46877876 -0.05280877 -0.0888617
v 0.46957123 -0.08457598 -0.08960342
v 0.46998206 -0.05129478 -0.0907952
v 0.46966711 0.03627684 -0.09075774
v 0.4834621 0.08944493 -0.10940316
v 0.49026862 0.09393923 -0.113658
v 0.46895993 -0.09565466 -0.12573417
v 0.46468315 -0.09490852 -0.12590879
v 0.46588767 -0.09191952 -0.12232111
v 0.47225568 -0.1037282 -0.12981926
v 0.47225568 -0.1037282 -0.12981926
v 0.47870031 -0.10114889 0.12675379
v 0.48733994 -0.10162588 0.09871377
v 0.48214936 0.08655683 0.10147949
v 0.48214021 0.08501656 0.08828346
v 0.47678757 -0.08494419 0.06285846
v 0.47505325 -0.06050989 0.06303844
v 0.4783504 -0.04626347 0.06273111
v 0.47489327 -0.02338048 0.06310962
v 0.48065847 0.0216079 0.06406081
v 0.4709655 0.02482836 0.06440956
v 0.48003772 0.03962084 0.06437155
v 0.47499701 0.07063614 0.0642676
v 0.46963835 0.07212484 0.06412997
v 0.47107416 0.07259842 0.06212021
v 0.47499701 0.07063614 0.0642676
v 0.46729696 -0.09952022 0.06025936
v 0.48264235 -0.03016083 0.06226638
v 0.471533 0.07238728 0.059434
v 0.47434732 0.07156323 0.05719573
v 0.47265816 0.07611612 0.05765378
v 0.471533 0.07238728 0.059434
v 0.47434732 0.07156323 0.05719573
v 0.47488779 0.07572927 0.05001628
v 0.47508398 0.08184475 0.05174635
v 0.47436181 0.08476233 0.05112513
v 0.47436181 0.08476233 0.05112513
v 0.47715527 0.07212639 0.02972074
v 0.47759077 0.08144102 0.02957678
v 0.47613463 0.08478547 0.02902164
v 0.47613463 0.08478547 0.02902164
v 0.4771978 0.07214621 -0.0146793
v 0.47755346 0.0811661 -0.02392946
v 0.47606647 0.08483396 -0.01944434
v 0.47606647 0.08483396 -0.01944434
v 0.47690883 0.07211433 -0.03163137
v 0.47495383 0.08483709 -0.04761178
v 0.47495383 0.08483709 -0.04761178
v 0.47595459 0.08153792 -0.04653608
v 0.47563779 0.07525674 -0.04709208
v 0.47538567 0.07204663 -0.05465044
v 0.47378156 0.07718302 -0.06172321
v 0.4732582 0.08174185 -0.06430126
v 0.4673152 -0.09946661 -0.06042774
v 0.466452 -0.10042752 -0.0622132
v 0.47742665 -0.10057104 -0.06137079
v 0.47569683 0.07206231 -0.06194103
v 0.47267026 0.08432758 -0.06386507
v 0.47974589 0.02526066 -0.06600654
v 0.47431716 0.07175504 -0.06492849
v 0.46949247 0.04338427 -0.06628025
v 0.47096577 0.04005976 -0.06667594
v 0.47918275 0.04056671 -0.06702897
v 0.4868347 -0.10091823 -0.07107563
v 0.49088886 -0.10155684 -0.09164645
v 0.46957123 -0.08457598 -0.08960342
v 0.46737856 -0.07741231 -0.09052302
v 0.47472683 -0.08183634 -0.09028241
v 0.47806364 -0.08515845 -0.0914097
v 0.48338825 -0.07025418 -0.09099764
v 0.46854067 -0.06454343 -0.09069241
v 0.46744201 -0.03842581 -0.09073074
v 0.46803424 -0.04699796 -0.09080944
v 0.48330837 -0.00205587 -0.09058337
v 0.48564652 0.06873398 -0.09127724
v 0.48796687 0.08096068 -0.0916063
v 0.48453119 0.08488759 -0.09185228
v 0.48453119 0.08488759 -0.09185228
v 0.46595836 -0.08806531 -0.10483335
v 0.48347265 -0.08743684 -0.10392305
v 0.48015928 -0.08844084 -0.10799874
v 0.48029178 -0.10325319 -0.11632799
v 0.47968739 -0.09174126 -0.12205546
v 0.4822672 -0.09708 -0.13078995
v 0.48997942 -0.1012155 0.08191595
v 0.48027575 -0.07986 0.06269578
v 0.48307493 -0.08680557 0.0617898
v 0.48188099 -0.07087613 0.06268843
v 0.48287523 -0.07973002 0.06331219
v 0.48040316 -0.05416783 0.06261782
v 0.48270604 -0.05112702 0.06230186
v 0.48040545 -0.02523239 0.0627398
v 0.48272243 0.02542661 0.06372689
v 0.48272243 0.02542661 0.06372689
v 0.48312989 0.04644027 0.06443017
v 0.48049062 0.05660545 0.06396413
v 0.4799391 0.07026812 0.06469874
v 0.47610736 -0.10052161 0.06077683
v 0.48766565 -0.09958512 0.06009113
v 0.4799391 0.07026812 0.06469874
v 0.47875696 0.07174274 0.04634286
v 0.47715527 0.07212639 0.02972074
v 0.47885448 0.07199908 -0.01664297
v 0.4771978 0.07214621 -0.0146793
v 0.47690883 0.07211433 -0.03163137
v 0.47538567 0.07204663 -0.05465044
v 0.47957793 0.07171158 -0.06032213
v 0.48258057 0.02554416 -0.06551528
v 0.4673152 -0.09946661 -0.06042774
v 0.47742665 -0.10057104 -0.06137079
v 0.48519227 -0.09932271 -0.06028379
v 0.47569683 0.07206231 -0.06194103
v 0.48279962 -0.09037499 -0.06184879
v 0.48172083 -0.08395065 -0.06353854
v 0.4777073 -0.08793709 -0.0631781
v 0.47431716 0.07175504 -0.06492849
v 0.4825955 0.07115369 -0.06479951
v 0.47825673 0.01551494 -0.06607296
v 0.48258057 0.02554416 -0.06551528
v 0.47974589 0.02526066 -0.06600654
v 0.48300707 -0.08178318 -0.09052672
v 0.46998206 -0.05129478 -0.0907952
v 0.48335639 -0.0399152 -0.09112261
v 0.48356733 0.05941946 -0.09109
v 0.48421335 0.0865483 -0.10774279
v 0.48411509 -0.10388356 -0.12415755
v 0.47976935 -0.09545314 -0.12549855
v 0.48229027 -0.10397928 -0.1298447
v 0.48229027 -0.10397928 -0.1298447
v 0.48196429 -0.10121782 -0.13172546
v 0.47881603 -0.10039489 0.13492377
v 0.48560628 -0.10123177 0.13129292
v 0.4888159 -0.10046753 0.06278104
v 0.48316017 -0.05413153 0.06331003
v 0.48306793 -0.06979724 0.06332771
v 0.48288098 0.02214496 0.06429429
v 0.48311505 -0.02600615 0.06335045
v 0.48271123 0.03737176 0.06443535
v 0.48393881 0.06853763 0.06521162
v 0.487102 0.07146197 0.06502905
v 0.48766565 -0.09958512 0.06009113
v 0.48012 0.02555687 0.0447436
v 0.48817283 0.07209056 0.05662659
v 0.487102 0.07146197 0.06502905
v 0.49025556 0.07202353 -0.00123081
v 0.48783106 0.07224162 -0.05788706
v 0.48048511 0.02567465 -0.04689258
v 0.48341039 -0.08606431 -0.0915326
v 0.48631123 0.08552548 -0.09452242
v 0.48717433 -0.10321446 -0.11856919
v 0.48362207 -0.08946804 -0.10773406
v 0.48272333 -0.09149065 -0.1196362
v 0.48449871 -0.09561555 -0.12154453
v 0.48367932 -0.0959035 -0.12438055
v 0.49145448 0.08579282 0.10102051
v 0.49029323 0.08553471 0.09205836
v 0.48796037 0.08405798 0.08853927
v 0.48530841 0.0660364 0.07883271
v 0.48538348 0.06853689 0.06762422
v 0.48846731 0.07168484 0.08378176
v 0.48538348 0.06853689 0.06762422
v 0.48393881 0.06853763 0.06521162
v 0.48993954 0.07204386 0.05582814
v 0.48989102 0.07212304 -0.05174185
v 0.48732224 0.0720163 -0.06623457
v 0.48659632 -0.10016783 -0.06271136
v 0.48357189 0.06851463 -0.06655485
v 0.48581368 0.06857007 -0.06820804
v 0.48732224 0.0720163 -0.06623457
v 0.48486662 0.06512033 -0.06834525
v 0.48473331 0.06234829 -0.0898211
v 0.48697937 0.07407645 -0.09139249
v 0.48595876 -0.09473103 -0.10717904
v 0.48545337 -0.09211881 -0.10334295
v 0.48803002 -0.09345028 -0.10102623
v 0.49450147 0.08637215 -0.10835737
v 0.48545659 -0.09967146 -0.12585069
v 0.48367932 -0.0959035 -0.12438055
v 0.4877924 -0.09652174 -0.12388418
v 0.49190384 -0.1022977 0.12062308
v 0.49405986 -0.10153351 0.12518251
v 0.49509344 0.08644472 0.11368827
v 0.49110621 0.08461697 0.08857381
v 0.48634052 0.06756441 0.08646345
v 0.48879206 0.07152043 0.08724177
v 0.49038547 0.07321087 0.06813963
v 0.49010158 0.073118 0.0811337
v 0.49038547 0.07321087 0.06813963
v 0.49041498 0.07278313 0.05807092
v 0.49008444 0.07300758 -0.05376326
v 0.48877981 0.07337624 -0.06646654
v 0.49008444 0.07300758 -0.05376326
v 0.48713395 0.07372684 -0.08060696
v 0.48564652 0.06873398 -0.09127724
v 0.48697937 0.07407645 -0.09139249
v 0.48999661 0.08466114 -0.09194598
v 0.48999661 0.08466114 -0.09194598
v 0.49450147 0.08637215 -0.10835737
v 0.49246499 -0.09505842 -0.10790092
v 0.49334371 -0.10371481 -0.12297264
v 0.49567682 0.09018373 -0.11031801
v 0.48536929 -0.10249246 -0.12556072
v 0.48536929 -0.10249246 -0.12556072
v 0.4916276 -0.09960887 -0.12427978
v 0.49334371 -0.10371481 -0.12297264
v 0.49176183 -0.0964516 -0.12336429
v 0.49266139 -0.10197311 0.11397074
v 0.4983716 0.08419777 0.09935842
v 0.49608845 0.08451286 0.08953207
v 0.49803972 0.08352199 0.09030423
v 0.49200949 0.08432825 0.08501133
v 0.49064249 0.08374742 -0.02161577
v 0.48997986 0.08453882 -0.0625475
v 0.49908358 0.0853086 -0.05113992
v 0.49898496 0.08502254 -0.06838432
v 0.49500358 0.08464106 -0.06871852
v 0.48992091 0.08460943 -0.07596948
v 0.49348083 0.08457868 -0.0895728
v 0.49803162 0.08346894 -0.07047799
v 0.49672776 0.08319555 -0.09008862
v 0.49603641 0.08488356 -0.09688655
v 0.49863344 0.0833125 -0.09352796
v 0.49466443 -0.10270815 -0.11930393
v 0.49886656 0.08628488 -0.10945643
v 0.49894062 0.09461102 -0.11370397
v 0.49524599 -0.09750944 -0.1223312
v 0.49410927 -0.1003834 0.12254795
v 0.49370801 -0.0984927 0.12450089
v 0.49405986 -0.10153351 0.12518251
v 0.49907058 0.08500307 0.10070308
v 0.49958199 0.08660666 0.1146664
v 0.49943784 0.08493058 0.08968957
v 0.49915984 0.08583181 0.08045828
v 0.49112394 0.08430102 0.07422049
v 0.49061707 0.08443259 0.05597451
v 0.49911544 0.08569253 0.05390042
v 0.49038166 0.08392018 0.03413858
v 0.49906614 0.08526362 -0.00244739
v 0.49912867 0.08536792 -0.09696606
v 0.49886656 0.08628488 -0.10945643
v 0.49381697 -0.10013101 -0.10631957
v 0.49466443 -0.10270815 -0.11930393
v 0.49521554 -0.09650713 -0.1190713
v 0.4990924 0.09198903 -0.11133702
v -0.49465045 0.09923222 0.11508108
v -0.49901003 0.10143373 0.11510486
v -0.49201176 0.10184424 0.11267693
v -0.49019903 0.0871852 0.04644144
v -0.49165407 0.1015774 0.0382663
v -0.49937192 0.10194138 0.08088735
v -0.49032077 0.08710176 -0.02044176
v -0.49017304 0.08758132 -0.08708686
v -0.49222356 0.10151599 -0.08563172
v -0.49946526 0.10187308 -0.11539836
v -0.48888934 -0.10078931 0.13111718
v -0.48888934 -0.10078931 0.13111718
v -0.48746398 -0.09853014 0.13145779
v -0.49222848 -0.09836193 0.12775534
v -0.49095172 -0.09501193 0.12335183
v -0.49005088 0.08833812 0.10933996
v -0.49948573 0.08672614 0.10902634
v -0.49005088 0.08833812 0.10933996
v -0.48933148 0.10140271 -0.11289377
v -0.49394321 0.10119643 -0.11525222
v -0.48787457 -0.08801387 0.12058733
v -0.48739949 -0.08773978 0.12301201
v -0.4873808 -0.08728767 0.08987842
v -0.48630813 -0.08671182 0.08374717
v -0.48744881 0.07260782 0.08661468
v -0.48742184 0.08450121 0.08857931
v -0.48957491 0.08519351 0.08827353
v -0.48841947 0.07520894 0.08681066
v -0.48583916 -0.08802555 -0.06136639
v -0.48515224 -0.0867755 -0.07794645
v -0.4860478 -0.08665916 -0.08243067
v -0.48668474 -0.08875405 -0.11995214
v -0.47677663 -0.10133065 0.13217662
v -0.47789171 -0.09748774 0.13204655
v -0.48189196 -0.09531476 0.1270162
v -0.48324484 -0.08757473 0.12582953
v -0.48420671 -0.08683603 0.11016387
v -0.46452188 0.10115409 0.11475049
v -0.46452188 0.10115409 0.11475049
v -0.48353672 -0.08629081 0.08216189
v -0.48602507 0.06890111 0.08530911
v -0.48266247 0.07309518 0.08573937
v -0.48272097 0.07949122 0.08644472
v -0.48269367 0.08611452 0.08784442
v -0.48359904 -0.08505008 0.07960387
v -0.46401817 0.1016008 0.11278106
v -0.46830329 0.10137695 -0.05295029
v -0.47080109 -0.09165913 -0.06041938
v -0.48768687 -0.09067091 -0.05996562
v -0.48612121 0.07017186 -0.06664091
v -0.4832775 0.07182741 -0.06500697
v -0.48716292 0.07232942 -0.06470277
v -0.48370364 -0.08498692 -0.0803135
v -0.48310742 -0.08630539 -0.08296399
v -0.48411381 -0.08730601 -0.1094094
v -0.47648805 -0.09953664 0.13279893
v -0.47943881 -0.08771419 0.12642464
v -0.48227692 -0.02365761 0.0621754
v -0.47233164 -0.1009048 -0.05988624
v -0.48870862 -0.09677752 -0.05930379
v -0.48862678 -0.10057577 -0.05980907
v -0.47684631 -0.06559324 -0.0631066
v -0.48262656 0.02265552 -0.06493413
v -0.48244113 0.0370014 -0.06456419
v -0.48001519 0.03959334 -0.06457815
v -0.4828487 0.04159246 -0.06492185
v -0.48294249 0.05093818 -0.06485114
v -0.47913921 0.06843143 -0.06554898
v -0.48389298 0.06499991 -0.06596285
v -0.48017898 -0.08483736 -0.08072907
v -0.47108257 -0.08715256 -0.10325543
v -0.46834829 0.10075705 -0.11542851
v -0.46992546 -0.08882105 -0.12084535
v -0.47370037 -0.08971076 -0.12320986
v -0.47040832 -0.09556709 0.12805307
v -0.47464892 -0.08934034 0.12654358
v -0.46894026 -0.08711861 0.10987814
v -0.46984911 -0.08666628 0.08712132
v -0.48314106 0.04749509 0.08401595
v -0.46348348 0.06958855 0.08466713
v -0.48468825 0.06193963 0.08471018
v -0.46508309 0.08554892 0.08676672
v -0.48180988 0.08751599 0.0883849
v -0.46538231 0.00590223 0.08162361
v -0.48303646 0.02225728 0.08314648
v -0.46607623 0.0332085 0.08296753
v -0.47098005 -0.08708489 0.07968276
v -0.47372177 -0.08186658 0.07874
v -0.48359904 -0.08505008 0.07960387
v -0.4830803 -0.0679363 0.07909726
v -0.47181839 -0.06380217 0.07819946
v -0.48269415 -0.05746607 0.0782618
v -0.47515503 -0.04674226 0.07801758
v -0.48301256 -0.04996774 0.07836045
v -0.47136509 0.03894006 0.06415433
v -0.48290294 0.03899894 0.06418691
v -0.47695059 0.07256845 0.06171231
v -0.47581446 0.07549525 0.06138139
v -0.47362751 0.07672943 0.06372484
v -0.47568908 0.07122459 0.06428699
v -0.47426865 0.08544723 0.06036866
v -0.47281566 0.08497503 0.06334773
v -0.47687733 0.07237297 0.05183079
v -0.4761686 0.08068939 0.05671477
v -0.47526342 0.08562518 0.04762996
v -0.47666675 0.07453655 0.02788622
v -0.47666609 0.08029536 0.03049108
v -0.47547668 0.03858469 0.0170672
v -0.47729847 0.03853939 0.00025037
v -0.47556919 0.08575181 0.0186161
v -0.45893615 0.10139759 -0.01822916
v -0.47749859 0.07239351 -0.04398668
v -0.47679067 0.08023158 0.00050776
v -0.47537807 0.03900107 -0.00811417
v -0.4768351 0.07448485 -0.0290103
v -0.47552314 0.08562584 -0.01851164
v -0.47657242 0.08012955 -0.04486971
v -0.47776708 0.03844691 -0.04422635
v -0.47530171 0.08552471 -0.04430693
v -0.47579455 0.07449394 -0.05549382
v -0.47401002 0.08513903 -0.06071007
v -0.47725284 0.07267088 -0.0619464
v -0.47481129 0.08061752 -0.06158372
v -0.4659003 -0.09619079 -0.06002645
v -0.47573665 0.07506281 -0.06170795
v -0.47213212 -0.03886682 -0.06319985
v -0.47585708 0.07211906 -0.06478727
v -0.47390184 0.07627869 -0.06458958
v -0.47300988 0.08475157 -0.06385936
v -0.46256918 0.04343027 -0.06500525
v -0.47585708 0.07211906 -0.06478727
v -0.46690029 -0.08558714 -0.08045211
v -0.46672004 -0.0870675 -0.08260677
v -0.4684687 -0.09911787 0.13117433
v -0.46644625 -0.10015913 0.12928194
v -0.4684687 -0.09911787 0.13117433
v -0.46859616 -0.09367877 0.12779832
v -0.47010532 -0.08802995 0.12344415
v -0.41284508 0.09649691 0.11466376
v -0.46384487 0.07900789 0.0859382
v -0.45753545 0.08762327 0.0879875
v -0.46327037 -0.0165847 0.08017799
v -0.46580991 -0.08439916 0.07892416
v -0.46588942 -0.05755142 0.07798783
v -0.46489072 -0.0478179 0.07786176
v -0.46344721 -0.03658989 0.07856756
v -0.46310401 0.03891345 0.05386037
v -0.46310407 0.03895083 0.03013564
v -0.46286005 0.03942381 0.00972662
v -0.46284088 0.03891791 -0.03342756
v -0.4629235 0.03905643 -0.0619537
v -0.46673939 -0.10034957 -0.06032332
v -0.46682343 -0.08680288 -0.06275088
v -0.46277702 0.040165 -0.06463681
v -0.46646744 -0.0817614 -0.06330191
v -0.46557164 -0.06619871 -0.06319862
v -0.46707821 -0.05259566 -0.06314816
v -0.46541703 -0.02575529 -0.06319936
v -0.46541023 -0.00089044 -0.0644056
v -0.46339387 0.02296556 -0.06518029
v -0.48234889 0.02505414 -0.06460346
v -0.46277702 0.040165 -0.06463681
v -0.4654474 0.05348933 -0.06480703
v -0.47026452 0.07042149 -0.06518601
v -0.47390184 0.07627869 -0.06458958
v -0.466555 -0.08773767 -0.10929645
v -0.46634865 -0.09635039 0.12873231
v -0.46644625 -0.10015913 0.12928194
v -0.46634865 -0.09635039 0.12873231
v -0.4684687 -0.09911787 0.13117433
v -0.46769109 -0.09051315 0.12620401
v -0.46698001 -0.08773024 0.11672935
v -0.46656549 -0.09198494 0.12428058
v -0.46698001 -0.08773024 0.11672935
v -0.46769109 -0.09051315 0.12620401
v -0.46175721 0.10054243 0.11527503
v -0.46596664 -0.08900601 0.08037198
v -0.46660689 -0.08716394 0.08361887
v -0.46596664 -0.08900601 0.08037198
v -0.46592489 -0.09175833 0.07755168
v -0.46580991 -0.08439916 0.07892416
v -0.46253684 0.03924235 0.06240381
v -0.46253684 0.03924235 0.06240381
v -0.43941611 0.10144003 0.03937168
v -0.46172535 0.03965008 -0.01041797
v -0.4652977 -0.0861309 -0.06441331
v -0.46596709 -0.04466411 -0.06381264
v -0.46551219 -0.03598661 -0.06370487
v -0.46309811 0.02513365 -0.06478342
v -0.46306422 0.07418009 -0.06529947
v -0.46365649 0.08105402 -0.0656637
v -0.46282127 0.08598356 -0.06455113
v -0.47300988 0.08475157 -0.06385936
v -0.46538213 -0.08827244 -0.07978054
v -0.46672004 -0.0870675 -0.08260677
v -0.46690029 -0.08558714 -0.08045211
v -0.466555 -0.08773767 -0.10929645
v -0.46531406 -0.0887522 -0.08931535
v -0.46588013 -0.09010771 -0.1224311
v -0.46692443 -0.10150551 0.12810887
v -0.46588472 -0.09980887 0.09155817
v -0.46621221 -0.10068288 0.0711517
v -0.46257427 0.00984113 0.08120449
v -0.46137708 0.0696224 0.08423141
v -0.46460408 -0.07877079 0.0784234
v -0.4630914 -0.06493761 0.07808948
v -0.46489072 -0.0478179 0.07786176
v -0.46307451 -0.03419504 0.07733779
v -0.46344721 -0.03658989 0.07856756
v -0.46250924 -0.00171187 0.07726212
v -0.46327037 -0.0165847 0.08017799
v -0.46257427 0.00984113 0.08120449
v -0.46460408 -0.07877079 0.0784234
v -0.4630914 -0.06493761 0.07808948
v -0.46294042 -0.05651573 0.07708421
v -0.46307436 -0.05338868 0.06390345
v -0.46272635 -0.03523207 0.06518003
v -0.46301892 -0.02992844 0.06364894
v -0.46258631 0.01920491 0.06725574
v -0.46311253 -0.03635541 0.06398667
v -0.46300927 0.02142434 0.06457215
v -0.46217006 0.05643217 0.06412597
v -0.46272326 0.07196113 0.06435998
v -0.46680862 -0.10034787 0.06193975
v -0.46468493 0.02538507 0.05111539
v -0.46396449 0.02741282 0.05109653
v -0.46310401 0.03891345 0.05386037
v -0.46310407 0.03895083 0.03013564
v -0.46413025 0.02565561 0.00947509
v -0.46287861 0.02778202 0.0100541
v -0.46223858 0.03794863 0.01019247
v -0.46286005 0.03942381 0.00972662
v -0.46030334 0.04002357 -0.00723149
v -0.46238303 0.02758361 -0.00983657
v -0.46284088 0.03891791 -0.03342756
v -0.46172535 0.03965008 -0.01041797
v -0.46445283 0.02552168 -0.04184372
v -0.46348035 0.02750245 -0.04059506
v -0.46336409 0.02580842 -0.00887212
v -0.46253613 0.03709278 -0.06463423
v -0.4629235 0.03905643 -0.0619537
v -0.46252108 0.02710712 -0.0674594
v -0.46309811 0.02513365 -0.06478342
v -0.46513316 -0.09617548 -0.06684756
v -0.4659003 -0.09619079 -0.06002645
v -0.46277702 0.040165 -0.06463681
v -0.4652977 -0.0861309 -0.06441331
v -0.46437964 -0.06928347 -0.06384423
v -0.46341416 -0.05329103 -0.06418062
v -0.46437964 -0.06928347 -0.06384423
v -0.46330151 -0.05439105 -0.06940675
v -0.46341416 -0.05329103 -0.06418062
v -0.46331251 -0.03368241 -0.0643015
v -0.46313065 -0.02179456 -0.06408563
v -0.46288583 0.01031052 -0.06719268
v -0.46339387 0.02296556 -0.06518029
v -0.46313065 -0.02179456 -0.06408563
v -0.46256918 0.04343027 -0.06500525
v -0.46306422 0.07418009 -0.06529947
v -0.46365649 0.08105402 -0.0656637
v -0.46145099 0.08534315 -0.06747317
v -0.46282127 0.08598356 -0.06455113
v -0.46413621 -0.06395096 -0.07826854
v -0.46323717 -0.0338198 -0.07744794
v -0.46331251 -0.03368241 -0.0643015
v -0.46308163 -0.02314322 -0.08027694
v -0.46513656 -0.09681828 -0.08588136
v -0.46348634 -0.05370579 -0.07688326
v -0.46256658 -0.03623072 -0.07772166
v -0.46386462 -0.03485359 -0.07964546
v -0.46359071 -0.03050207 -0.0806261
v -0.46287534 0.00363372 -0.08342579
v -0.46532112 -0.08986671 -0.11049063
v -0.46533462 -0.09964413 -0.12606448
v -0.46534535 -0.0934255 -0.12424034
v -0.46588013 -0.09010771 -0.1224311
v -0.46551508 -0.09523311 -0.12511662
v -0.45768103 0.07325576 0.08590493
v -0.46384487 0.07900789 0.0859382
v -0.46348348 0.06958855 0.08466713
v -0.46206346 0.02235229 0.0814955
v -0.46182775 0.05294622 0.08302732
v -0.46164355 0.03961487 0.08053096
v -0.46137708 0.0696224 0.08423141
v -0.46022639 0.0725119 0.08447737
v -0.46022639 0.0725119 0.08447737
v -0.45922032 -0.05465094 0.076184
v -0.46021369 -0.05367546 0.07702138
v -0.46089983 -0.03654878 0.07693767
v -0.46307451 -0.03419504 0.07733779
v -0.46080893 -0.03528347 0.07622319
v -0.46080893 -0.03528347 0.07622319
v -0.46307451 -0.03419504 0.07733779
v -0.45969713 0.07644575 0.0715496
v -0.46020272 0.02589032 0.00834879
v -0.46287861 0.02778202 0.0100541
v -0.46413025 0.02565561 0.00947509
v -0.46223858 0.03794863 0.01019247
v -0.45972049 0.04004491 0.00894587
v -0.46286005 0.03942381 0.00972662
v -0.45972049 0.04004491 0.00894587
v -0.46058634 0.03961443 -0.00948401
v -0.46331251 -0.03368241 -0.0643015
v -0.46097288 -0.03436931 -0.07672851
v -0.46323717 -0.0338198 -0.07744794
v -0.46010098 0.07529527 -0.06891431
v -0.46044871 0.08094008 -0.0688389
v -0.45920637 0.08448301 -0.07081621
v -0.46189108 0.02726625 -0.08137373
v -0.46025938 0.07185029 -0.087607
v -0.41302261 0.10144337 0.11306406
v -0.45561233 0.03234432 0.00911202
v -0.45638344 0.03780661 0.00925908
v -0.45612937 0.03979988 -0.00841212
v -0.44867009 -0.05257005 -0.06728087
v -0.45438483 -0.04432051 -0.06670421
v -0.45022735 -0.03420652 -0.06680271
v -0.46044871 0.08094008 -0.0688389
v -0.45593658 0.08216057 -0.07110848
v -0.45920637 0.08448301 -0.07081621
v -0.45652395 0.07373945 -0.07170264
v -0.46010098 0.07529527 -0.06891431
v -0.41893896 0.10093166 -0.11320698
v -0.45131344 0.08739626 0.10774671
v -0.45768103 0.07325576 0.08590493
v -0.44154775 0.08012641 0.08700596
v -0.44746539 -0.05322788 0.07585537
v -0.44883591 -0.05056201 0.07647347
v -0.44532576 -0.03507469 0.07586741
v -0.44532576 -0.03507469 0.07586741
v -0.44047838 -0.03516212 0.06660444
v -0.43482739 -0.03347171 -0.07395437
v -0.44413859 0.07758664 -0.07136481
v -0.43701968 -0.03369704 -0.07675843
v -0.41512421 0.10119545 -0.05969282
v -0.43561918 0.07283185 0.08685153
v -0.44307601 0.08567268 0.08748409
v -0.4465135 -0.03637206 0.07674501
v -0.4326905 0.02837707 0.00790647
v -0.44490007 -0.04534001 -0.06786746
v -0.43242398 -0.05059868 0.07677068
v -0.4365837 0.03277599 0.00880622
v -0.43856409 0.04142148 0.00802441
v -0.43856409 0.04142148 0.00802441
v -0.43544796 0.03988316 -0.00826231
v -0.4332985 -0.05058844 -0.06764605
v -0.43427658 0.08104527 -0.07256482
v -0.43439579 0.0855014 -0.07240228
v -0.40072417 0.10055816 0.11539736
v -0.36025894 0.10109578 0.11493218
v -0.46175721 0.10054243 0.11527503
v -0.4251323 -0.03433093 0.07642427
v -0.38730314 0.1011849 0.00911809
v -0.40072417 0.10055816 0.11539736
v -0.39146656 0.08779429 0.08783913
v -0.43423054 -0.05277223 0.07570312
v -0.4251323 -0.03433093 0.07642427
v -0.42181203 0.03945402 0.00878471
v -0.42812407 -0.0431135 -0.06775313
v -0.43484539 -0.03406586 -0.0674504
v -0.42585671 -0.03353294 -0.06941196
v -0.43705541 0.08919688 0.10936362
v -0.42313275 -0.03598237 0.07725372
v -0.42261794 0.0417272 -0.00785148
v -0.41589704 -0.05195486 -0.06803209
v -0.40620434 0.08570786 0.08714344
v -0.40958798 0.03130861 0.00883335
v -0.41848293 0.04194075 0.00832806
v -0.41810465 -0.03385307 -0.06706194
v -0.41486198 0.07258166 0.08673993
v -0.4107171 0.08000275 0.08679454
v -0.41691154 -0.03451209 0.06632694
v -0.42261794 0.0417272 -0.00785148
v -0.41810465 -0.03385307 -0.06706194
v -0.41225716 0.07990256 -0.07279141
v -0.40154415 0.10131927 0.04545498
v -0.41848293 0.04194075 0.00832806
v -0.41200069 0.04262306 0.0067304
v -0.40905321 0.04287416 0.00255006
v -0.41612342 0.07243674 -0.07492077
v -0.40736237 0.0426297 -0.00294441
v -0.41098389 0.08555019 -0.07265555
v -0.35772851 -0.03392156 -0.06726307
v -0.31175679 0.08779427 -0.11470026
v -0.39002907 0.02765837 0.0074059
v -0.38592663 0.03584106 0.00875966
v -0.37164265 -0.03366059 -0.07697485
v -0.38939145 -0.03447316 0.07657525
v -0.38551164 -0.034591 0.06684408
v -0.38646731 0.04022247 0.00850557
v -0.37646779 -0.05185145 -0.06785864
v -0.38800773 -0.05047718 -0.06763935
v -0.39055136 -0.04099121 -0.06758232
v -0.38939145 -0.03447316 0.07657525
v -0.38845286 -0.03431886 0.07306802
v -0.38327664 0.04181821 0.008109
v -0.38327664 0.04181821 0.008109
v -0.36676359 -0.03359836 -0.06957433
v -0.38235411 0.08019492 -0.07371228
v -0.40736237 0.0426297 -0.00294441
v -0.38281825 -0.03552767 -0.06713586
v -0.35772851 -0.03392156 -0.06726307
v -0.37658215 0.07422675 -0.07391395
v -0.36832929 0.07269005 0.08681002
v -0.38030532 0.04229407 0.00662935
v -0.3791388 0.04242951 -0.00282466
v -0.38076404 0.08569036 -0.07302794
v -0.35009626 0.10080793 -0.11321758
v -0.36614329 -0.03602055 0.0774772
v -0.34810579 0.1012255 0.06582136
v -0.36487031 0.02865344 0.00783253
v -0.37766704 0.04257118 0.00246572
v -0.37933412 0.04179278 -0.00721811
v -0.36578941 0.10105366 -0.04048221
v -0.35644752 0.10095046 -0.08302052
v -0.36017299 -0.03344258 -0.07414105
v -0.33605391 0.07243888 -0.07531287
v -0.3699761 0.0801221 0.08684988
v -0.3657245 0.08567137 0.08722961
v -0.36225426 0.08765169 0.08805788
v -0.34708333 0.10131735 0.10355838
v -0.36776119 0.03133796 0.00879727
v -0.35510641 -0.04088411 -0.06697233
v -0.36907399 0.10052373 -0.11546196
v -0.33503553 0.04152377 -0.0074838
v -0.33813822 0.08556046 -0.07292342
v -0.33868644 0.04241636 0.00552814
v -0.3383311 0.08089252 -0.07354307
v -0.32861292 0.03871919 0.00883898
v -0.32305276 0.10099329 -0.01104385
v -0.27362767 0.10125676 0.11287121
v -0.32061899 -0.03377618 0.07648781
v -0.32543445 0.04203554 0.00828595
v -0.32543445 0.04203554 0.00828595
v -0.33470634 0.04239025 -0.00393177
v -0.30784017 -0.03311314 -0.06982345
v -0.36789912 0.08730578 -0.0700957
v -0.33952573 0.08733338 -0.06938075
v -0.38082838 0.08750653 -0.07039921
v -0.33277303 0.08005765 0.08675307
v -0.32769921 -0.05231396 0.07719035
v -0.3207441 -0.050347 -0.06691173
v -0.31967026 -0.03551907 -0.06672965
v -0.32994238 0.07435837 -0.0739691
v -0.31853092 0.09654506 0.11482156
v -0.3142699 0.10050623 0.11546321
v -0.33104414 0.07276372 0.08670509
v -0.33064127 0.08569928 0.08722635
v -0.32570612 -0.05045019 0.0771599
v -0.30876613 -0.03563476 0.07742259
v -0.3142699 0.10050623 0.11546321
v -0.30400276 0.02867991 0.00816929
v -0.31835243 -0.04180351 -0.06689675
v -0.3225731 0.08765839 0.08816545
v -0.32061899 -0.03377618 0.07648781
v -0.32419586 -0.0341037 0.06690007
v -0.30303389 0.03131843 0.00928869
v -0.29769769 0.10084688 -0.07872874
v -0.30123767 0.07338659 0.0872651
v -0.32591549 -0.05248834 0.07619916
v -0.30217743 -0.05210424 -0.0671531
v -0.29408008 0.10106881 0.04983602
v -0.29199442 0.0431082 0.00674543
v -0.29581326 0.04341219 0.00228361
v -0.30947906 0.04174311 -0.00797462
v -0.2965287 0.07945629 0.08761629
v -0.29982194 -0.03328472 -0.06671796
v -0.29982194 -0.03328472 -0.06671796
v -0.2928676 0.08552169 0.08830297
v -0.2593531 -0.0506235 0.07687498
v -0.29976413 -0.03311619 0.07651193
v -0.29890373 0.03938366 0.00913355
v -0.28951669 0.08732469 0.08905333
v -0.28236192 0.10098068 0.01067623
v -0.25747004 -0.05268615 0.07609954
v -0.29503 -0.05009119 -0.06592925
v -0.29074755 -0.03557166 -0.0660149
v -0.27025819 0.07439221 -0.07464504
v -0.22150069 0.10061155 -0.11339032
v -0.24807967 -0.04563137 0.07708374
v -0.25926113 0.04353753 -0.00307471
v -0.24324444 0.09595522 0.11483286
v -0.23315476 0.10016019 0.11546337
v -0.24121939 0.08744285 0.08872993
v -0.25663054 -0.0355146 0.07734638
v -0.25122631 0.02879404 0.00831239
v -0.24432392 -0.04126078 -0.06585866
v -0.25559646 -0.03293296 -0.06978069
v -0.25009942 0.07239142 -0.07567262
v -0.25283468 0.08011315 -0.07439182
v -0.23315476 0.10016019 0.11546337
v -0.22950758 0.1006615 0.11483973
v -0.2523405 -0.03312587 0.0765972
v -0.24278887 0.03125987 0.00936418
v -0.249689 0.04216291 -0.00789007
v -0.24198452 0.10083444 -0.0103853
v -0.24379684 0.07354608 0.08702336
v -0.23773801 0.07489404 0.08733198
v -0.24966767 0.07973794 0.0875923
v -0.24137464 0.10088798 0.04400922
v -0.24432625 0.04280658 0.00827812
v -0.24432625 0.04280658 0.00827812
v -0.21282361 -0.05225544 -0.06671315
v -0.18362923 0.10033318 -0.11524119
v -0.21090454 0.10000656 -0.1155916
v -0.24860081 0.08570149 0.08820637
v -0.24318862 -0.03327379 -0.06647406
v -0.24318862 -0.03327379 -0.06647406
v -0.23269971 0.03587377 0.00926228
v -0.23706877 0.04388589 0.00194369
v -0.23677534 -0.0502614 -0.06553386
v -0.24382529 -0.03549322 -0.06576763
v -0.23689808 0.08556 -0.07355417
v -0.23163532 0.0403646 0.00885405
v -0.23199899 0.10072644 -0.07651199
v -0.24765579 0.09172874 0.11376608
v -0.26850232 -0.03355851 0.06657694
v -0.2446748 0.08902689 0.11277486
v -0.24478938 -0.05291231 0.07623047
v -0.23688413 0.07433274 -0.07489256
v -0.21405466 0.10088512 0.11297835
v -0.20107567 -0.03544724 0.07699896
v -0.19340257 0.02888637 0.00848329
v -0.16396128 0.04395828 0.00626402
v -0.22617538 -0.03293794 -0.07610653
v -0.19194445 0.07977143 -0.07468466
v -0.19852349 0.08779752 -0.11464838
v -0.20181921 0.08536977 0.08812464
v -0.20608747 -0.03342011 0.06662469
v -0.19256344 0.1007615 0.0445784
v -0.1738393 0.10067068 -0.00795376
v -0.19173449 -0.03314407 -0.0663666
v -0.20271254 0.10081565 0.09416218
v -0.20123814 0.04379882 -0.00315215
v -0.20123814 0.04379882 -0.00315215
v -0.20510872 0.08867007 0.11317556
v -0.20629187 0.09910186 0.11526094
v -0.22950758 0.1006615 0.11483973
v -0.19865762 0.07496702 0.08731839
v -0.20265552 0.0761489 0.07184228
v -0.18431894 0.0430225 0.00842912
v -0.18431894 0.0430225 0.00842912
v -0.2102222 -0.04651282 -0.06540395
v -0.19263804 -0.03557587 -0.06550672
v -0.20332417 0.10037588 0.11519115
v -0.20332417 0.10037588 0.11519115
v -0.2012216 -0.05301044 0.07602338
v -0.18323906 -0.05033315 0.0766659
v -0.20220999 -0.04084163 -0.06568281
v -0.19468506 -0.03303881 0.07639122
v -0.17664127 0.07219093 -0.07552907
v -0.17708486 0.03992091 0.00941306
v -0.18687126 0.04415468 0.00204502
v -0.17626013 0.10043791 -0.11303794
v -0.19853531 0.04302966 -0.0069087
v -0.18257508 0.0423816 -0.00845609
v -0.19173449 -0.03314407 -0.0663666
v -0.18302812 0.07423083 -0.07478578
v -0.19046728 0.08579424 -0.07358778
v -0.16705072 0.10035674 0.11495508
v -0.16123144 0.03131871 0.01008583
v -0.16444066 0.03531801 0.01000618
v -0.1678596 -0.03310655 0.06595477
v -0.1355958 0.10053524 -0.08476017
v -0.14236018 -0.05023764 -0.06542849
v -0.17222978 -0.03277574 0.06863418
v -0.14934412 0.10057894 -0.03924861
v -0.16802351 -0.03262762 -0.0698699
v -0.18412954 0.08575613 -0.0742067
v -0.18880662 0.08753252 -0.07225779
v -0.16054299 0.08819504 0.11401206
v -0.19179143 0.07352393 0.08706465
v -0.16519295 0.07477093 0.0878474
v -0.13805179 0.07307468 0.0875782
v -0.16308416 -0.05262341 0.07588493
v -0.17075393 -0.03285922 0.07566579
v -0.14398913 0.04423042 -0.00280842
v -0.16754024 0.08767836 -0.07281988
v -0.1367611 -0.0357924 0.07699184
v -0.17018834 0.08061711 -0.07506866
v -0.14531271 -0.04104349 -0.06574699
v -0.14334862 -0.03314659 -0.06614787
v -0.14334862 -0.03314659 -0.06614787
v -0.12554984 0.0289434 0.00852504
v -0.13628779 0.04433682 0.00197216
v -0.14161709 -0.05036579 0.07668108
v -0.10416919 -0.03336373 0.07629441
v -0.10416919 -0.03336373 0.07629441
v -0.13003711 -0.03325833 0.06631721
v -0.12038867 0.10060358 0.05255898
v -0.1453591 -0.03548042 -0.0654133
v -0.13355389 0.07433514 -0.07472546
v -0.08812246 0.1005116 -0.05871306
v -0.12895164 0.0425668 -0.00841749
v -0.12054648 -0.05187901 -0.06700173
v -0.12343448 0.04353773 -0.00671737
v -0.07475303 0.03995903 0.00923965
v -0.14071643 0.08509235 -0.07486695
v -0.12067963 0.08773106 -0.07270478
v -0.09942788 0.10043227 -0.11316867
v -0.11661272 -0.03276704 -0.07026975
v -0.06849017 0.07210808 -0.07528934
v -0.13839112 0.08006795 -0.07496729
v -0.10446946 0.10053705 0.01487292
v -0.11271251 -0.05040706 0.07617714
v -0.06665234 0.10048349 0.08363769
v -0.11528753 0.03559069 0.00978146
v -0.0774197 0.08872226 0.1143167
v -0.09505069 0.10056209 0.1131377
v -0.11552429 -0.03324749 0.06692991
v -0.11330364 0.03128305 0.00975546
v -0.11606189 -0.05010667 -0.0659704
v -0.11132636 -0.03560505 -0.06616408
v -0.08434296 0.0745715 0.08800984
v -0.07305781 0.04379829 0.00651995
v -0.11274299 -0.04089041 -0.06649724
v -0.07926906 -0.0332998 -0.06686539
v -0.07926906 -0.0332998 -0.06686539
v -0.07203205 0.0428608 0.00840475
v -0.07203205 0.0428608 0.00840475
v 0.04505128 0.09986925 -0.11560391
v -0.03077751 0.10035415 0.11175652
v -0.07385804 -0.05268401 0.07531525
v -0.07085025 0.0442377 -0.00320325
v -0.06117758 0.1002541 0.11544383
v -0.06117758 0.1002541 0.11544383
v -0.07811332 0.07286405 0.08760203
v -0.07533452 -0.05057889 0.07604516
v -0.08222736 -0.03608036 0.07672609
v -0.07603062 -0.03345044 0.06697612
v -0.07116927 0.02888002 0.00843503
v -0.07316178 0.04289924 -0.00859426
v -0.05939472 -0.04116495 -0.06695978
v -0.07943482 0.03131511 0.00993089
v -0.07866295 0.03510439 0.00986224
v -0.07390852 -0.05019142 -0.06622038
v -0.07608613 0.07438398 -0.07459272
v -0.10215821 0.0863177 -0.0747937
v -0.06506618 0.04380756 -0.00688927
v -0.0558363 0.10045829 -0.0096295
v -0.05950315 0.04430839 0.00231631
v -0.06301507 -0.05210331 -0.06737433
v -0.08002705 0.08771931 -0.07285891
v -0.07944585 0.07601732 0.07166182
v -0.03892796 -0.05026162 0.07575376
v -0.02460142 0.1004039 -0.09136658
v -0.02987706 -0.03561083 0.0763319
v -0.01749724 0.10045038 0.0675868
v -0.06562601 0.0761985 0.07202973
v -0.05278365 -0.03552389 -0.06659712
v -0.06477119 0.08078305 -0.07507727
v 0.0618088 0.10021558 -0.11526461
v -0.04627361 0.07408647 0.08804837
v -0.03717086 -0.05308376 0.07496264
v -0.06060932 0.08783302 -0.07342084
v -0.04840831 0.08878458 0.11534949
v -0.0549541 -0.05038816 -0.06661741
v -0.03088538 -0.0328384 -0.07597394
v -0.05395389 0.0723116 0.08758196
v -0.04313513 -0.03289673 0.07048179
v -0.04318652 0.03125694 0.00886512
v -0.04795776 0.03853792 0.00880763
v -0.03836771 0.07486795 -0.07450498
v -0.026614 -0.03303143 0.07582121
v -0.03504904 0.04429225 -0.00282262
v -0.03205239 0.08569142 0.08785263
v -0.03286926 -0.03335619 0.06751902
v -0.05198656 0.08694228 -0.07543639
v 0.03319564 0.10030787 0.11549106
v -0.026614 -0.03303143 0.07582121
v -0.00858059 0.10043496 0.03032183
v -0.01918647 0.04260135 0.00790069
v -0.01918647 0.04260135 0.00790069
v -0.02292027 -0.05055787 -0.0661958
v -0.02523635 -0.03322451 -0.06679346
v -0.02523635 -0.03322451 -0.06679346
v -0.01809531 0.08815458 0.08842643
v -0.02352818 -0.04102075 -0.06658626
v -0.0239386 -0.03557613 -0.06630623
v -0.01198443 0.04024218 0.00833169
v -0.01735474 0.04400674 0.0019779
v -0.01161127 0.04290784 -0.00804337
v -0.02619663 -0.05248855 -0.06694929
v -0.0169553 0.04333131 0.00620688
v -0.01289995 0.07178125 -0.07441506
v -0.01626523 0.07459372 0.08862738
v -0.01258563 0.03171423 0.00882675
v -0.01615124 0.07209186 0.08795532
v -0.01403472 0.08789061 0.08911771
v -0.01270726 -0.05346666 0.07620899
v -0.02184354 -0.05055339 0.076208
v -0.0168495 -0.03330692 0.06671497
v -0.00898772 0.02890951 0.00835512
v 0.00410269 0.10041831 -0.03422764
v -0.01079931 -0.03282174 -0.06899605
v 0.03932283 0.10043561 0.11328549
v -0.0167841 0.08569061 0.08841056
v -0.00799395 0.04396796 -0.00089994
v -0.01381074 0.07473142 -0.07397237
v -0.01034146 -0.05139545 0.07703978
v -0.01311783 -0.03643143 0.07736049
v -0.01090401 -0.03404503 0.07689442
v -0.01090401 -0.03404503 0.07689442
v -0.01075876 -0.03317977 0.07206818
v -0.01257924 -0.05295268 -0.06511582
v -0.01085272 -0.03356235 -0.07695065
v -0.01478931 0.08786501 -0.07219192
v 0.03319564 0.10030787 0.11549106
v -0.01287769 0.07157642 0.08883465
v -0.0132713 0.07497735 0.08962614
v -0.01022313 -0.03283945 0.06589616
v -0.00960254 0.04321149 0.00801242
v -0.00960254 0.04321149 0.00801242
v -0.00952094 0.04346259 -0.00746613
v -0.01106117 -0.03284213 -0.06459612
v -0.01106117 -0.03284213 -0.06459612
v -0.01126163 -0.08773766 0.12880118
v -0.00965409 -0.0832922 0.12253559
v -0.01150746 -0.08424859 0.11987339
v -0.01126163 -0.08773766 0.12880118
v -0.01052506 -0.08140531 0.10229325
v -0.01052506 -0.08140531 0.10229325
v -0.01042777 -0.08137945 0.07954559
v -0.01152611 -0.08173454 0.09017101
v -0.01012336 0.04180176 0.09195543
v -0.01160807 0.04925844 0.09225285
v -0.00969221 -0.01463501 0.08391311
v -0.01161915 -0.00158098 0.08523539
v -0.01099165 -0.02401561 0.08176523
v -0.01031554 -0.06120522 0.07670485
v -0.01137126 -0.05620834 0.07602301
v -0.00774742 -0.04722232 0.07771152
v -0.00774742 -0.04722232 0.07771152
v -0.01311783 -0.03643143 0.07736049
v -0.01014334 -0.03681522 0.07852098
v -0.00940958 0.0313291 0.00999424
v -0.00918052 0.04354696 -0.00903906
v -0.0099038 -0.05487486 -0.06444576
v 0.02980709 0.1004179 -0.08288264
v -0.01025068 -0.05531872 -0.07662702
v -0.01069618 0.0743139 -0.07191343
v -0.01101353 0.08477024 -0.07183982
v -0.01069313 -0.0811269 -0.07931688
v -0.0105843 -0.08046117 -0.08637062
v -0.01124793 -0.08107848 -0.08240277
v -0.0105843 -0.08046117 -0.08637062
v -0.01019745 -0.08247865 -0.12191229
v -0.01136158 -0.0832262 -0.12028578
v 0.05444065 0.10041345 -0.11323065
v -0.01021088 -0.08378031 -0.12640914
v -0.01021088 -0.08378031 -0.12640914
v -0.00227603 -0.08773661 0.12960599
v -0.00827135 -0.08125278 0.10597897
v -0.00697777 -0.08068294 0.07953405
v 0.00043114 0.05501106 0.09366591
v -0.0122916 0.07220194 0.09530187
v -0.00714481 0.07680076 0.0961661
v -0.00661972 0.00554015 0.08653127
v -0.00697777 -0.08068294 0.07953405
v -0.01042777 -0.08137945 0.07954559
v -0.00868575 -0.06204655 0.07784496
v -0.00962528 0.04321221 0.06597678
v -0.00692295 0.0444806 0.03942363
v -0.00875431 0.04367705 0.04522368
v -0.00885712 0.04323903 0.01229169
v -0.00704423 0.04402092 0.00964425
v -0.00880918 0.04363019 -0.04237244
v -0.00712782 0.04436323 -0.04495757
v -0.00766493 0.04350907 -0.06593123
v -0.01001378 0.04295627 -0.06532452
v -0.0100121 -0.0832141 -0.06251161
v -0.00758083 -0.0786531 -0.0627176
v -0.00981949 -0.08050171 -0.06346957
v -0.00491317 -0.04813566 -0.06394371
v -0.00974543 -0.02990648 -0.06429558
v -0.00766965 -0.0139656 -0.06453068
v -0.0100399 0.0053779 -0.06572441
v -0.00986545 0.01610185 -0.06653855
v -0.00997936 0.04406942 -0.06892027
v -0.01012559 0.02530023 -0.06743583
v -0.00775672 0.05314418 -0.06907976
v -0.00734497 0.06910889 -0.06902429
v -0.01013445 0.07183348 -0.07000194
v -0.01009434 0.0468312 -0.06958726
v -0.00717671 0.07157514 -0.06819716
v -0.00719388 -0.08015127 -0.07944293
v -0.00726174 -0.08015707 -0.09145279
v -0.00760117 -0.08127788 -0.11274558
v 0.00329421 -0.09879778 0.13255122
v 2.016E-05 -0.09101585 0.13102569
v -0.00227603 -0.08773661 0.12960599
v 0.07405451 0.099405 0.11602195
v 0.0074785 -0.08212148 0.11553789
v -0.00018708 -0.08042648 0.08641915
v 0.00920277 -0.01651932 0.08369529
v 0.01007065 -0.07758546 0.07865345
v 0.01017435 0.04426765 0.06928921
v 0.00741419 0.0436615 0.06606103
v -0.00982256 0.04397113 0.06941952
v 0.00068173 0.04462219 0.04358428
v -0.00035487 0.04482967 0.02475368
v -0.00026914 0.04423369 0.0011988
v 0.00019077 0.04460622 -0.01345697
v -0.00107651 0.04472013 -0.04117025
v -0.00091623 -0.09854914 -0.06275855
v 0.0010819 -0.09697766 -0.06174208
v -0.0091531 -0.09826557 -0.06269752
v 0.00998405 -0.09240223 -0.06218371
v -0.00977766 -0.09089924 -0.06215014
v 0.00584276 -0.03912849 -0.06413744
v 0.00782946 -0.01935641 -0.06425697
v 0.00762 0.04423425 -0.06846282
v 0.00762 0.04423425 -0.06846282
v -0.00997936 0.04406942 -0.06892027
v -0.00281262 0.06581821 -0.06893064
v 0.00781028 -0.08038145 -0.07989541
v 0.00679216 -0.08013372 -0.08960582
v 0.00855943 -0.08349714 -0.12669618
v 0.00855943 -0.08349714 -0.12669618
v -0.01021088 -0.08378031 -0.12640914
v 0.01001764 -0.08365806 0.12334482
v 0.05698495 0.08869097 0.11531448
v 0.08653335 0.0951074 0.11581758
v 0.01000741 -0.08104043 0.10246211
v 0.01256991 0.0729791 0.09560833
v 0.01246924 0.03713313 0.09104604
v 0.00956166 -0.06095766 0.07781105
v 0.00808567 -0.04778078 0.07784498
v 0.00747184 0.04367707 -0.06548481
v 0.00939521 -0.08245678 -0.06295624
v 0.00772576 -0.06239665 -0.06337848
v 0.01003121 0.00671776 -0.06583251
v 0.00808286 0.04837746 -0.06890266
v 0.0076285 0.07133746 -0.06863466
v 0.00765618 -0.08151194 -0.11532386
v 0.01017981 -0.09368198 0.13105813
v 0.01168526 -0.08778869 0.12924968
v 0.01168526 -0.08778869 0.12924968
v -0.00592823 0.08686181 0.09771786
v 0.00750343 -0.08060712 0.07980248
v 0.01196178 0.05182692 0.09271493
v 0.00750343 -0.08060712 0.07980248
v 0.00824052 -0.03980968 0.07897969
v 0.00704254 0.04458744 0.03520287
v 0.00834085 0.04395904 0.00172315
v 0.0080383 0.04398618 -0.00250423
v 0.00715142 0.04444377 -0.04172483
v 0.00958235 -0.09801713 -0.06269775
v 0.00761312 0.06598708 -0.06932808
v 0.01119233 -0.09923231 0.13122809
v 0.01187662 -0.0832482 0.11809915
v 0.01061584 -0.08110061 0.0795508
v 0.01299786 0.02982968 0.08947024
v 0.0120194 -0.00360588 0.08484236
v 0.01174669 -0.08688931 0.07657608
v 0.01061584 -0.08110061 0.0795508
v 0.01196603 -0.08158584 0.08329108
v 0.01160334 -0.02398517 0.08213858
v 0.00984029 -0.03268205 0.08106323
v 0.01147357 -0.02883511 0.07965621
v 0.01160334 -0.02398517 0.08213858
v 0.01110379 -0.07801715 0.07672843
v 0.01061584 -0.08110061 0.0795508
v 0.01007065 -0.07758546 0.07865345
v 0.01133299 -0.06345814 0.07622083
v 0.01070427 -0.03676195 0.07754929
v 0.01070427 -0.03676195 0.07754929
v 0.01098036 -0.03428818 0.07663175
v 0.01125596 0.04505563 0.07247283
v 0.01183764 0.04662934 0.07835346
v 0.0116545 0.06521346 0.0771623
v 0.01130542 -0.08826497 0.06743945
v 0.01051946 -0.06651669 0.06717972
v 0.01057111 -0.03323967 0.06835808
v 0.01099686 -0.01328444 0.06740759
v 0.01080933 0.04085004 0.06508748
v 0.01017435 0.04426765 0.06928921
v 0.01040637 0.04775177 0.07071227
v 0.00992168 0.06970731 0.06975935
v 0.01027906 0.07188868 0.06865796
v 0.01064075 -0.09113305 0.06214315
v 0.01032765 -0.08521748 0.063646
v 0.00984707 -0.06109263 0.06503028
v 0.00988959 -0.04945864 0.06667359
v 0.00977104 -0.03331288 0.06585024
v 0.01009231 -0.02151465 0.06550821
v 0.0098356 0.01431969 0.06641404
v 0.01007166 0.04325017 0.06550457
v 0.01007166 0.04325017 0.06550457
v 0.00802271 0.0278674 0.05517644
v 0.0093538 0.02842069 0.0562876
v 0.01017748 0.03134471 0.05650048
v 0.00960954 0.04079127 0.04726956
v 0.00931627 0.04356649 0.04978861
v 0.00931627 0.04356649 0.04978861
v 0.00957295 0.07214288 0.03621538
v 0.01062363 0.07985567 0.04690505
v 0.00950978 0.03138838 0.04242554
v 0.00842008 0.02862995 0.03944069
v 0.009814 0.04055589 0.00948693
v 0.01039754 0.07440218 0.00994294
v 0.00940293 0.043637 0.00845915
v 0.00940293 0.043637 0.00845915
v 0.00924896 0.02885119 0.00900039
v 0.00978448 0.08578786 -0.00202952
v 0.01002571 0.03121461 0.00957911
v 0.00982116 0.0804742 -0.00716838
v 0.01054501 0.0431429 0.00742139
v 0.01050051 0.08783641 -0.03124197
v 0.0109191 0.04338169 -0.00681525
v 0.00912331 0.0435091 -0.01055915
v 0.0080383 0.04398618 -0.00250423
v 0.00946081 0.041017 -0.00960011
v 0.00912331 0.0435091 -0.01055915
v 0.01026846 0.0429359 -0.00802718
v 0.0109191 0.04338169 -0.00681525
v 0.01015796 0.07451034 -0.04575361
v 0.00841056 0.02903069 -0.03701914
v 0.00949842 0.03137647 -0.01033417
v 0.00884438 0.02893071 -0.0093817
v 0.00912331 0.0435091 -0.01055915
v 0.00944023 0.03133479 -0.0453972
v 0.00954304 0.04062739 -0.04733671
v 0.00929222 0.04354751 -0.05111336
v 0.00929222 0.04354751 -0.05111336
v 0.00940954 0.07211638 -0.04391887
v 0.01048522 0.0743972 -0.05575692
v 0.00947678 0.02834524 -0.06040096
v 0.01050813 0.02953896 -0.06455173
v 0.0100348 0.0805127 -0.06937021
v 0.01083305 0.03365212 -0.0661752
v 0.01102323 0.04157582 -0.07179496
v 0.00999552 0.07173777 -0.07008711
v 0.01078681 -0.09841728 -0.06500959
v 0.01108629 -0.0924312 -0.06400189
v 0.00958235 -0.09801713 -0.06269775
v 0.00998405 -0.09240223 -0.06218371
v 0.00939521 -0.08245678 -0.06295624
v 0.01108629 -0.0924312 -0.06400189
v 0.01020898 -0.08157884 -0.06357358
v 0.00939521 -0.08245678 -0.06295624
v 0.00952167 0.02595715 -0.06488958
v 0.01018123 0.04370901 -0.06922108
v 0.01018123 0.04370901 -0.06922108
v 0.01044312 0.07538845 -0.07233374
v 0.01076333 -0.07017343 -0.06675848
v 0.01020898 -0.08157884 -0.06357358
v 0.00772576 -0.06239665 -0.06337848
v 0.01020227 -0.06155219 -0.06414212
v 0.01107206 -0.03499778 -0.06483263
v 0.01021364 -0.02319995 -0.06445241
v 0.01136417 -0.02484895 -0.06813925
v 0.01123664 -0.01281928 -0.0657717
v 0.01021364 -0.02319995 -0.06445241
v 0.01123664 -0.01281928 -0.0657717
v 0.01144123 0.02503981 -0.06841934
v 0.00961178 0.02249593 -0.06593585
v 0.01196012 0.03169457 -0.07433129
v 0.01163908 -0.08694994 -0.07641906
v 0.01091586 -0.07367031 -0.07680511
v 0.01097399 -0.06434324 -0.07264873
v 0.01018123 0.04370901 -0.06922108
v 0.00999552 0.07173777 -0.07008711
v 0.01082066 0.07090177 -0.07394256
v 0.01013965 -0.06674435 -0.07763797
v 0.01085543 -0.03359047 -0.07788146
v 0.01162935 -0.0261966 -0.08124519
v 0.01102767 -0.03134637 -0.06529338
v 0.01151251 0.04549832 -0.07840212
v 0.0119928 -0.08182476 -0.08290514
v 0.0107117 -0.08103952 -0.07962386
v 0.01029369 -0.07641716 -0.0783836
v 0.010382 -0.03278825 -0.07945764
v 0.01180454 0.06251688 -0.09402404
v 0.0107117 -0.08103952 -0.07962386
v 0.01101948 -0.08132573 -0.10705844
v 0.01267844 0.08798119 -0.09572204
v 0.01166528 -0.08351547 -0.12364522
v 0.01141533 -0.08714878 -0.1290369
v 0.01187896 -0.09930903 0.12763681
v 0.01168526 -0.08778869 0.12924968
v 0.01119233 -0.09923231 0.13122809
v 0.01243261 -0.08221317 0.10226054
v 0.01187662 -0.0832482 0.11809915
v 0.01183842 -0.09959528 0.10134853
v 0.01221559 -0.09731872 0.10107895
v 0.01243261 -0.08221317 0.10226054
v 0.01196603 -0.08158584 0.08329108
v 0.01098901 -0.09945447 0.07335957
v 0.01196178 0.05182692 0.09271493
v 0.01247993 0.07130057 0.09120688
v 0.01256991 0.0729791 0.09560833
v 0.01225409 0.08586063 0.0957768
v 0.01387942 0.08797004 0.08963449
v 0.01250783 0.08789612 0.09757044
v 0.01376986 0.08470074 0.08606602
v 0.01306978 0.02259297 0.0876326
v 0.01246924 0.03713313 0.09104604
v 0.01289342 0.07191017 0.0844642
v 0.01355713 0.07567073 0.08604515
v 0.01095906 -0.09906989 0.0653043
v 0.01211033 0.00515592 0.07688894
v 0.0120194 -0.00360588 0.08484236
v 0.01306978 0.02259297 0.0876326
v 0.01299786 0.02982968 0.08947024
v 0.01231563 -0.05312825 0.07692195
v 0.01231563 -0.05312825 0.07692195
v 0.01034166 -0.09861873 0.06271803
v 0.05558285 0.10050081 0.04299635
v 0.0568459 0.1004955 0.00129185
v 0.01002571 0.03121461 0.00957911
v 0.009814 0.04055589 0.00948693
v 0.01054501 0.0431429 0.00742139
v 0.01170874 -0.0537709 -0.06496578
v 0.01170874 -0.0537709 -0.06496578
v 0.01617414 -0.05273433 -0.06575982
v 0.00772576 -0.06239665 -0.06337848
v 0.01617414 -0.05273433 -0.06575982
v 0.01240346 -0.03321909 -0.06526235
v 0.01102767 -0.03134637 -0.06529338
v 0.01240346 -0.03321909 -0.06526235
v 0.01192991 -0.09653773 -0.08523922
v 0.01192416 0.00907969 -0.07149006
v 0.01380855 0.08597399 -0.07473276
v 0.01239868 -0.03359759 -0.0768021
v 0.01202165 -0.01490299 -0.08314305
v 0.01266944 0.07183849 -0.07441525
v 0.01352164 0.07437741 -0.07408474
v 0.01044312 0.07538845 -0.07233374
v 0.01082066 0.07090177 -0.07394256
v 0.01055417 0.08479541 -0.07243106
v 0.01123793 -0.09896977 -0.07936832
v 0.01209267 -0.00237176 -0.08459654
v 0.01249155 0.01194623 -0.08649691
v 0.01260148 0.03311284 -0.08906725
v 0.0127976 0.02362218 -0.08757044
v 0.01164503 0.05114935 -0.09189711
v 0.01247666 0.07119834 -0.07668277
v 0.01225519 -0.09730279 -0.10236733
v 0.01180431 -0.09913811 -0.1027239
v 0.01355854 0.08792562 -0.0898261
v 0.01234741 -0.08195703 -0.10336674
v 0.0119928 -0.08182476 -0.08290514
v 0.01234741 -0.08195703 -0.10336674
v 0.01153324 -0.09854025 -0.13277406
v 0.01208684 -0.09695622 -0.12806523
v 0.01166528 -0.08351547 -0.12364522
v 0.01141533 -0.08714878 -0.1290369
v 0.01137026 -0.09668158 -0.1326569
v 0.01355713 0.07567073 0.08604515
v 0.01795891 0.08404575 0.08324771
v 0.01376986 0.08470074 0.08606602
v 0.01658848 0.08549687 0.08500175
v 0.02575507 -0.05062356 0.0759964
v 0.01057111 -0.03323967 0.06835808
v 0.01734729 -0.03349214 0.06675446
v 0.00977104 -0.03331288 0.06585024
v 0.02217485 0.03602133 0.00883845
v 0.02111365 -0.04113219 -0.06651007
v 0.06017026 0.10050848 -0.0603611
v 0.02936919 -0.03292137 -0.07614708
v 0.02227016 0.07218032 0.08317637
v 0.02120498 0.07536784 0.08434036
v 0.01289342 0.07191017 0.0844642
v 0.03275191 -0.05270173 0.0750443
v 0.02824035 -0.03573259 0.07645656
v 0.01098036 -0.03428818 0.07663175
v 0.07868232 0.10054706 0.07394004
v 0.03535226 0.02883686 0.00745497
v 0.00924896 0.02885119 0.00900039
v 0.02390991 -0.05064195 -0.06650402
v 0.02478571 0.07445718 0.08210895
v 0.02484893 0.07983407 0.08130683
v 0.02609333 0.0857331 0.08109791
v 0.02971672 -0.03310828 0.07582794
v 0.02971672 -0.03310828 0.07582794
v 0.01098036 -0.03428818 0.07663175
v 0.0349105 -0.03337634 0.06746593
v 0.03677708 0.03121222 0.00832268
v 0.03932639 0.0386368 0.00844022
v 0.05909097 0.04440235 -0.00313766
v 0.0109191 0.04338169 -0.00681525
v 0.04108577 0.04256693 -0.00849373
v 0.01026846 0.0429359 -0.00802718
v 0.03079712 -0.05240435 -0.06739935
v 0.0339456 -0.03546821 -0.06692699
v 0.03222879 -0.03317505 -0.06718903
v 0.03222879 -0.03317505 -0.06718903
v 0.01454894 0.08789755 -0.0730696
v 0.0326797 0.07204318 0.0770173
v 0.03225905 0.0746855 0.07777466
v 0.03029309 0.0811113 0.0779539
v 0.030371 0.0878734 0.07795914
v 0.04333575 -0.03281339 0.07050698
v 0.04763673 -0.03272308 -0.07007434
v 0.04391882 -0.05021368 0.07572604
v 0.02275873 0.04265321 0.00803344
v 0.05027299 0.04389689 0.00636309
v 0.04527594 -0.04063139 -0.06729855
v 0.03871158 0.08544353 0.07691262
v 0.05861956 0.04445379 0.0023581
v 0.05050349 -0.05038826 -0.06681192
v 0.06928804 0.07229153 -0.07560387
v 0.04838765 0.08809576 -0.07325467
v 0.06183214 -0.03582408 0.0764741
v 0.06459587 -0.03309572 0.07483155
v 0.05051376 0.08567767 0.07653718
v 0.04862168 0.08805221 0.07718838
v 0.06731422 0.0427779 0.00820754
v 0.06731422 0.0427779 0.00820754
v 0.06308152 0.04369444 -0.00701357
v 0.06315026 0.07436952 -0.07485835
v 0.0773771 0.07209328 0.07670353
v 0.05327634 0.07443648 0.07723133
v 0.05801588 -0.03346932 0.06714459
v 0.06351487 0.04274385 -0.00877354
v 0.06776334 -0.05239916 -0.06727988
v 0.09062243 0.10046729 0.09166461
v 0.06506644 -0.03352525 0.07594229
v 0.06506644 -0.03352525 0.07594229
v 0.07275525 0.03977286 0.00904017
v 0.07452048 -0.03318508 -0.06672734
v 0.07452048 -0.03318508 -0.06672734
v 0.06742155 0.0799543 -0.07504166
v 0.06827455 -0.05054471 0.07595182
v 0.07180292 0.08763162 0.0773083
v 0.07848476 -0.03550349 -0.06611011
v 0.07141685 -0.03308998 0.06923624
v 0.07498926 0.02881888 0.00844604
v 0.075729 0.03122613 0.0095448
v 0.07607301 0.0352541 0.00958576
v 0.09263805 0.08023617 0.07686559
v 0.06160052 0.07228731 0.06648656
v 0.07610829 -0.05033316 -0.06618024
v 0.08124626 -0.04083992 -0.0663638
v 0.07356311 -0.03279398 -0.07596517
v 0.06817728 0.08565398 -0.07484251
v 0.12273905 -0.03582801 0.07664823
v 0.11525899 -0.03332403 0.06631102
v 0.11012062 -0.03262503 -0.06973535
v 0.1051674 0.10056525 -0.11313834
v 0.08621728 0.08754538 0.11437604
v 0.1061779 0.08837485 0.11529183
v 0.10108536 0.08736235 0.07717051
v 0.11643712 0.10058959 0.03152261
v 0.11273708 0.10060042 -0.04732139
v 0.10255373 0.07962259 -0.07518326
v 0.1475077 -0.05246206 0.07552873
v 0.12477584 -0.03295713 0.07309344
v 0.1262469 -0.03334948 0.07596905
v 0.1262469 -0.03334948 0.07596905
v 0.12406381 0.04009943 0.00896874
v 0.12012692 0.043343 0.00628379
v 0.17490733 0.09966964 0.11585443
v 0.15195191 0.10042975 0.10175049
v 0.1098274 -0.05038366 0.07605692
v 0.13082525 0.07450275 0.07683823
v 0.12644795 0.02890132 0.00832087
v 0.13180658 0.04252824 0.0081631
v 0.13180658 0.04252824 0.0081631
v 0.13179855 0.04238746 -0.00856043
v 0.10168421 0.0864307 -0.07418712
v 0.12838472 -0.05237754 -0.06700218
v 0.17116587 0.08758576 0.1142965
v 0.12110768 -0.05043309 -0.06597319
v 0.11857041 -0.03538879 -0.06595368
v 0.12951748 -0.03309931 -0.06648677
v 0.12951748 -0.03309931 -0.06648677
v 0.11011959 0.08576883 0.07697912
v 0.13417163 0.0440613 0.00214821
v 0.14265424 0.03568485 0.00961571
v 0.13100052 -0.0409848 -0.0660608
v 0.12813777 -0.03272222 -0.07607476
v 0.20502886 0.10056959 0.08230099
v 0.1386376 0.04319717 -0.00678744
v 0.13464251 -0.0504801 0.0763374
v 0.14292876 0.08563514 0.07659374
v 0.11242767 0.08752621 0.07733993
v 0.13844241 0.07945002 -0.07511969
v 0.14415328 0.08040436 0.07640327
v 0.16539755 0.10061003 0.0457824
v 0.16307741 -0.0328234 0.06804603
v 0.14574742 0.03130893 0.00951805
v 0.13927056 0.04398732 -0.00284713
v 0.14167535 -0.03322117 0.06554876
v 0.16910192 -0.03251139 -0.06867958
v 0.17490733 0.09966964 0.11585443
v 0.21485089 0.10024483 0.11496893
v 0.14545065 0.04345826 0.00640332
v 0.17363195 0.10064815 -0.03037533
v 0.16070609 0.10053592 -0.10333881
v 0.17110884 0.07201735 0.07635859
v 0.17682023 -0.0504762 -0.06556551
v 0.16238889 -0.03544123 -0.0656924
v 0.16236825 0.10064518 -0.11305928
v 0.24874268 0.1004414 0.11296125
v 0.16893519 -0.03282669 0.07258526
v 0.18103404 -0.05058964 0.07638448
v 0.1853222 0.10072638 -0.08247805
v 0.22851507 0.10064463 -0.11464289
v 0.18989801 0.04371292 0.00220681
v 0.18632028 0.04360935 -0.00293939
v 0.17572375 -0.03566269 0.07666248
v 0.18406497 0.07462639 0.07663915
v 0.18255872 0.08535673 0.07671208
v 0.19172268 -0.03335735 0.06579111
v 0.18632028 0.04360935 -0.00293939
v 0.18485197 0.04278962 -0.00704008
v 0.1386376 0.04319717 -0.00678744
v 0.17913601 0.04210126 -0.00876228
v 0.17913601 0.04210126 -0.00876228
v 0.1721016 -0.03262519 -0.07616235
v 0.17951624 0.08724222 0.07720843
v 0.19846603 0.04029261 0.00881662
v 0.20454827 0.04241644 0.00805663
v 0.20454827 0.04241644 0.00805663
v 0.17761661 -0.04111544 -0.06577777
v 0.19158645 -0.03315552 -0.06607266
v 0.19158645 -0.03315552 -0.06607266
v 0.18805403 -0.03334072 0.07608091
v 0.18805403 -0.03334072 0.07608091
v 0.18381564 0.08042546 0.0763414
v 0.19721898 0.04306928 0.00647335
v 0.210177 0.1007668 -0.05637868
v 0.21487826 -0.05263366 -0.06628199
v 0.23290406 0.02882033 0.00831193
v 0.20356114 0.03129629 0.00956439
v 0.20282044 0.03585551 0.00954713
v 0.20538385 -0.03552049 -0.06499733
v 0.20766523 0.10090943 -0.11274902
v 0.20692736 -0.04427479 0.07678507
v 0.19661711 -0.03316955 0.07062183
v 0.19650087 -0.03282405 -0.07575575
v 0.21623795 0.09966515 0.11561874
v 0.21492982 0.08719479 0.11416894
v 0.21488804 0.0878625 0.11484611
v 0.1968212 -0.03284353 -0.06968977
v 0.21623795 0.09966515 0.11561874
v 0.20797823 0.07216549 0.07610505
v 0.23510444 0.10071017 0.01551954
v 0.2060425 -0.05041126 -0.06485984
v 0.20451859 -0.04085436 -0.06515573
v 0.21115196 0.08509195 -0.07313535
v 0.23176558 -0.03542461 0.07705516
v 0.21151295 0.07453081 -0.07479265
v 0.21329278 0.08009104 -0.07417385
v 0.26232538 0.10095206 -0.10198379
v 0.23784679 0.0424619 -0.00811102
v 0.18485197 0.04278962 -0.00704008
v 0.28282025 -0.05246916 0.07580752
v 0.25366601 0.03127229 0.00929901
v 0.2674813 0.04351947 -0.00301072
v 0.2554433 -0.05048135 -0.0651089
v 0.25666535 0.10092495 -0.07527734
v 0.25003159 0.08502918 0.07662245
v 0.25594366 0.03630909 0.0091984
v 0.23706086 0.03992764 0.00871618
v 0.24293409 0.04300775 0.00621675
v 0.25212768 -0.04094735 -0.06528644
v 0.25680581 -0.03315115 -0.06610391
v 0.25680581 -0.03315115 -0.06610391
v 0.24722488 -0.04414074 0.07691047
v 0.24912223 -0.03545131 -0.06509884
v 0.2523126 -0.03326681 0.07637448
v 0.2523126 -0.03326681 0.07637448
v 0.26111925 -0.03333479 0.06490728
v 0.29498047 0.10089298 -0.03792971
v 0.2524128 -0.03284047 -0.06962777
v 0.25527713 0.0744634 -0.07490162
v 0.27389649 0.08731871 0.11415199
v 0.26145491 0.07471241 0.07658356
v 0.26857644 0.10068595 0.06547959
v 0.25673643 0.04356781 0.00234589
v 0.24928387 -0.05051559 0.07659191
v 0.25774184 0.08062036 0.07629427
v 0.26665097 0.04261932 0.00826459
v 0.26665097 0.04261932 0.00826459
v 0.25570992 -0.03280773 -0.07608481
v 0.29464009 0.07229289 0.07622013
v 0.27282408 0.08509878 -0.0732219
v 0.28847355 0.07264098 -0.07589792
v 0.30039686 0.07995404 -0.07421679
v 0.3166607 0.10122453 -0.11299464
v 0.27126551 0.04263306 -0.0088586
v 0.29392815 -0.03545337 -0.06544335
v 0.31286997 0.10084674 0.00175926
v 0.30205968 0.04039023 0.00890917
v 0.28536052 0.04316838 0.00660375
v 0.28201538 0.04363588 0.00231762
v 0.2954044 -0.03278982 -0.0695063
v 0.33189839 0.08078583 0.07596195
v 0.31374243 0.03129099 0.00932373
v 0.38141963 0.09982859 0.11538741
v 0.3594074 0.08783549 0.1147413
v 0.3185266 -0.05056631 0.07661627
v 0.31164911 -0.04456759 0.07690028
v 0.30436921 -0.03338036 0.07635312
v 0.31546229 0.08516484 0.07638494
v 0.29903153 -0.05264678 -0.06683537
v 0.33753303 0.10069458 0.08879174
v 0.33216837 0.07467788 0.07643313
v 0.30436921 -0.03338036 0.07635312
v 0.29645267 -0.05041224 -0.06537805
v 0.32193172 0.1010589 -0.0819764
v 0.38621005 0.10031652 0.11493684
v 0.31809133 0.02873476 0.00826397
v 0.2969982 -0.04098189 -0.06556689
v 0.29999706 0.07464353 -0.07462672
v 0.30694366 -0.03550798 0.07701925
v 0.33279917 0.10082872 0.03255285
v 0.3042804 -0.03350886 0.06520559
v 0.30627546 0.03576707 0.00931035
v 0.31711671 0.04217219 0.00832939
v 0.31711671 0.04217219 0.00832939
v 0.31395757 0.04289898 -0.00337936
v 0.3295981 0.04210047 -0.00863506
v 0.31228811 -0.03331675 -0.06648791
v 0.31228811 -0.03331675 -0.06648791
v 0.39442962 0.10068087 0.11279693
v 0.31278163 -0.03310743 -0.07634785
v 0.33749169 0.10082211 0.06289972
v 0.3240006 -0.05218924 -0.06711135
v 0.32383826 -0.03548804 -0.06612132
v 0.33507872 0.07223271 -0.07484599
v 0.32144487 0.04275135 0.00241104
v 0.32566932 -0.05025133 -0.06613369
v 0.33650166 0.08481742 -0.07276063
v 0.35485321 0.08724026 0.11421254
v 0.32018501 -0.03400955 0.07639781
v 0.32018501 -0.03400955 0.07639781
v 0.32021302 -0.03391885 0.07102484
v 0.33082595 -0.03428546 0.06447458
v 0.33131939 0.0401051 0.0087345
v 0.33225358 0.04182164 0.00826394
v 0.33235708 0.07176437 0.07620771
v 0.33571717 0.08041502 -0.07368331
v 0.3559697 -0.03592284 0.07708035
v 0.34826073 0.04278249 -0.0029806
v 0.33647871 0.07452139 -0.07369789
v 0.3621445 -0.03327533 -0.07169574
v 0.33595505 -0.03338862 -0.07682443
v 0.367284 0.04263661 -0.00712211
v 0.37317771 0.02874359 0.00827267
v 0.36127952 0.03600261 0.00911976
v 0.3804729 -0.05260881 0.07539383
v 0.36688119 -0.03426251 0.06483854
v 0.33225358 0.04182164 0.00826394
v 0.37059471 0.04258563 0.00664757
v 0.34842339 0.02930421 -0.01038484
v 0.37384585 -0.03362419 -0.06702586
v 0.37384585 -0.03362419 -0.06702586
v 0.37256962 0.10109083 -0.06707628
v 0.39281499 0.10120933 -0.1130097
v 0.40118977 0.10092431 -0.11476567
v 0.39710504 0.04311993 0.00214921
v 0.3754451 0.10096189 -0.01512502
v 0.38597518 -0.0520529 -0.06764978
v 0.35766372 -0.05018899 -0.06646246
v 0.35310787 -0.03576195 -0.06635541
v 0.36804458 0.08534808 0.07639551
v 0.38241658 -0.05056231 0.07638871
v 0.41154715 0.0312571 0.00930618
v 0.36883798 -0.03419572 0.07622472
v 0.36883798 -0.03419572 0.07622472
v 0.42200342 0.10122701 -0.08182516
v 0.39802358 0.04009564 0.00871902
v 0.38828909 -0.03557843 -0.06698997
v 0.38289994 0.04222637 -0.00915914
v 0.39186239 -0.04085317 -0.06724317
v 0.37767595 0.07465464 -0.07369577
v 0.37272781 0.08040881 -0.07372536
v 0.42293221 0.10106028 0.04821955
v 0.38251212 -0.03315454 -0.0766215
v 0.41668254 0.08106498 0.07616655
v 0.42409506 0.04204164 0.00836642
v 0.42409506 0.04204164 0.00836642
v 0.40207916 -0.03592322 0.07648786
v 0.42399341 0.0716288 0.07626244
v 0.39497197 -0.0502356 -0.0671169
v 0.39463183 -0.03310174 -0.07074206
v 0.40231785 0.08476301 -0.07292464
v 0.38529909 -0.03403552 0.07599515
v 0.38529909 -0.03403552 0.07599515
v 0.38791364 -0.0339656 0.06482476
v 0.41234607 0.10107073 -0.00784641
v 0.40872204 0.10082498 0.08813427
v 0.41937605 0.08522372 0.07649967
v 0.42355087 0.07230219 -0.07460246
v 0.41729784 0.08033192 -0.07366741
v 0.41746587 0.07525149 0.07650266
v 0.39681971 -0.03330896 -0.07676975
v 0.42186606 0.04265535 -0.0073698
v 0.42186388 0.07459098 -0.07347791
v 0.42720187 0.10118845 -0.05028031
v 0.428413 -0.03318771 -0.07135093
v 0.48809749 0.10146526 -0.10231078
v 0.45008168 0.08733535 0.11403926
v 0.42023957 0.02866914 0.00845854
v 0.4277761 0.0426398 0.00658966
v 0.42187279 -0.0359304 0.07641517
v 0.42080051 -0.03412829 0.06447341
v 0.41713735 -0.04121706 -0.06725028
v 0.4186646 -0.03356245 -0.06692234
v 0.4186646 -0.03356245 -0.06692234
v 0.42850405 -0.03431738 0.07568517
v 0.4293026 -0.0524135 -0.06771502
v 0.43069577 -0.05279823 0.07510806
v 0.44576144 -0.05116198 0.07577753
v 0.45462099 0.03694514 0.0093942
v 0.42161715 -0.05043684 -0.06720623
v 0.44846496 0.10094833 0.10142925
v 0.44221315 0.10104027 0.0789608
v 0.44764277 0.04016901 0.00896932
v 0.42860472 0.04196889 -0.00955551
v 0.42850405 -0.03431738 0.07568517
v 0.43694329 -0.03360585 -0.07667835
v 0.44095692 0.03115735 0.00941947
v 0.43965122 0.04166268 -0.00910364
v 0.43935999 -0.03903078 -0.06755341
v 0.43719438 -0.03388426 -0.06729101
v 0.43719438 -0.03388426 -0.06729101
v 0.43593487 0.08482257 -0.07305058
v 0.44161987 0.07602442 0.07677668
v 0.46034986 0.02738673 0.00932364
v 0.46034986 0.02738673 0.00932364
v 0.44236389 -0.05066169 -0.06727351
v 0.4489108 0.07475496 -0.07343905
v 0.43883276 0.08042637 -0.07373754
v 0.49901068 0.10129209 -0.11426105
v 0.44590709 -0.03640819 0.07600291
v 0.43778914 0.06955425 0.07624244
v 0.4432047 0.08175407 0.07652007
v 0.45416608 0.08489722 0.0771018
v 0.4581784 0.10123897 -0.00341526
v 0.44470552 0.04142022 0.0081658
v 0.44722542 -0.03511987 0.07539816
v 0.44812873 -0.03476775 0.06942168
v 0.44804019 -0.03501448 0.06475244
v 0.44470552 0.04142022 0.0081658
v 0.44671026 -0.03406664 -0.06687462
v 0.4518365 0.07225578 -0.07429334
v 0.47617972 0.10035574 0.11522307
v 0.48801979 0.10108986 0.11284079
v 0.44725713 -0.05348127 0.07533377
v 0.44722542 -0.03511987 0.07539816
v 0.45530385 0.06902044 0.07612329
v 0.45208508 0.0716443 0.0767144
v 0.44495875 0.04117312 -0.00724527
v 0.44381481 0.04039543 -0.00954623
v 0.45257267 -0.05279746 -0.06676721
v 0.44671026 -0.03406664 -0.06687462
v 0.46022382 -0.03388383 -0.07233779
v 0.46504408 0.10133503 -0.07122693
v 0.45630652 0.08460078 -0.07251836
v 0.46143514 -0.03514944 0.07601461
v 0.45687816 0.0819201 0.0760279
v 0.47021359 0.10123689 0.05919508
v 0.4585388 0.04031631 0.00605745
v 0.46270779 0.03953943 -0.01042656
v 0.4597564 -0.04488799 -0.06614795
v 0.46043167 -0.03442729 -0.07593996
v 0.45677674 0.08162496 -0.07368467
v 0.45997366 -0.05465102 0.07595392
v 0.46128479 -0.05324093 0.0766574
v 0.46143514 -0.03514944 0.07601461
v 0.4569197 0.07156693 0.07600183
v 0.45530385 0.06902044 0.07612329
v 0.46067396 -0.0348295 0.0639893
v 0.46047795 0.03734843 0.00994499
v 0.46393025 0.03911348 0.00940606
v 0.46393025 0.03911348 0.00940606
v 0.44764277 0.04016901 0.00896932
v 0.46104717 -0.0340022 -0.06528809
v 0.45633298 0.07269653 -0.07431924
v 0.45973715 0.08402593 -0.07373927
v 0.4839609 0.08712251 0.11387566
v 0.46080616 0.07238661 0.07715217
v 0.46144933 0.08424222 0.07762454
v 0.46104717 -0.0340022 -0.06528809
v 0.46073788 0.07319731 -0.07379829
v 0.48907572 0.10132788 0.07949779
v 0.46292362 -0.05605975 0.07691949
v 0.46235147 -0.03610356 0.07663067
v 0.46297964 -0.03376427 0.06816223
v 0.46327999 -0.03433244 0.06360561
v 0.46433046 0.02600648 0.00963558
v 0.46315804 0.03763282 0.01075236
v 0.46698967 -0.05378184 -0.06474161
v 0.46625718 -0.04906466 -0.06460004
v 0.46385011 -0.03359326 -0.06502187
v 0.46440217 -0.03375599 -0.07594269
v 0.45973715 0.08402593 -0.07373927
v 0.46073788 0.07319731 -0.07379829
v 0.46845385 -0.09677652 0.13151404
v 0.46642989 -0.09136818 0.12777269
v 0.46593574 -0.0978768 0.13173337
v 0.4678624 -0.08878728 0.12369448
v 0.46695319 -0.0877227 0.11446182
v 0.46284723 -0.02099427 0.0802692
v 0.46496361 -0.02732655 0.08012448
v 0.46583802 -0.05862953 0.07828256
v 0.46378481 -0.06451233 0.07861623
v 0.46448591 0.04016173 0.06397749
v 0.46532419 0.03920516 0.06220391
v 0.46281323 0.03958546 0.06414019
v 0.46444747 0.0389872 0.05239697
v 0.46729642 0.03876801 0.00020294
v 0.46444893 0.03931826 -0.01538177
v 0.4673152 -0.09946661 -0.06042774
v 0.46788847 -0.03738434 -0.06360256
v 0.46385011 -0.03359326 -0.06502187
v 0.46439999 -0.03132027 -0.06516499
v 0.46443924 -0.02362808 -0.06480389
v 0.46636251 -0.00983759 -0.06557105
v 0.46419826 0.00442989 -0.06615046
v 0.46351883 0.04512908 -0.06547502
v 0.46981746 0.06982537 -0.06573775
v 0.4635762 0.06552638 -0.06575996
v 0.46435016 -0.08775469 -0.0969241
v 0.46386266 -0.09130617 -0.11836736
v 0.4994913 0.10177246 -0.11236151
v 0.46614423 -0.10108607 0.13242504
v 0.4735398 -0.09487175 0.12834242
v 0.49362162 0.08793776 0.11487629
v 0.47979233 0.06870074 0.08637504
v 0.47503719 0.01676395 0.08301599
v 0.46481049 -0.08566074 0.07938704
v 0.47365901 -0.08510376 0.07884561
v 0.4639695 -0.07545468 0.07876337
v 0.47228146 -0.04652216 0.07827884
v 0.46517283 0.03895485 0.03700168
v 0.47454143 0.03870648 -0.02253207
v 0.46508229 0.03889326 -0.04501731
v 0.47029474 -0.09472434 -0.06093636
v 0.46642241 -0.0922607 -0.06135918
v 0.46426928 0.03892701 -0.06197177
v 0.47096577 0.04005976 -0.06667594
v 0.46400085 0.03987626 -0.06488473
v 0.46845791 -0.0621847 -0.06480073
v 0.46963325 -0.0650873 -0.06420084
v 0.46793571 -0.05752428 -0.06462811
v 0.46991187 -0.04886775 -0.06372725
v 0.46498355 0.0215391 -0.06613944
v 0.47091043 0.02498941 -0.06650062
v 0.46496734 0.02501292 -0.06537127
v 0.46400085 0.03987626 -0.06488473
v 0.46351883 0.04512908 -0.06547502
v 0.4829635 0.05354376 -0.06633738
v 0.4732582 0.08174185 -0.06430126
v 0.47267026 0.08432758 -0.06386507
v 0.46957123 -0.08457598 -0.08960342
v 0.46611476 -0.08693084 -0.09122332
v 0.46672153 -0.08591521 -0.08846097
v 0.47968322 -0.08651116 -0.09489945
v 0.46505988 -0.09731214 -0.12857898
v 0.47881603 -0.10039489 0.13492377
v 0.48095125 -0.09782006 0.13292637
v 0.48134005 -0.08979939 0.12627672
v 0.48021623 -0.0883635 0.12420063
v 0.4678624 -0.08878728 0.12369448
v 0.48214021 0.08501656 0.08828346
v 0.48389348 -0.08764143 0.07987607
v 0.47961721 -0.02294055 0.08070612
v 0.4831658 0.01747166 0.08341765
v 0.48318774 0.03570765 0.08418275
v 0.48389348 -0.08764143 0.07987607
v 0.46510246 -0.08795831 0.08009166
v 0.47414929 -0.06636588 0.07865107
v 0.48290673 -0.0556663 0.0779555
v 0.48003772 0.03962084 0.06437155
v 0.47939947 0.03844877 0.06215018
v 0.48218018 0.03822321 0.05593334
v 0.48046055 0.03808704 0.04303879
v 0.4761866 0.03840936 0.0021663
v 0.48061717 0.03824396 -0.04099932
v 0.47917435 0.03855533 -0.06213877
v 0.46730158 -0.08752001 -0.06342474
v 0.47510892 0.03902138 -0.06571385
v 0.4748452 -0.081985 -0.06358898
v 0.46943983 -0.07772396 -0.06422564
v 0.4748908 -0.06045295 -0.06375125
v 0.48035541 -0.0383044 -0.06401434
v 0.4830038 -0.02626641 -0.06454882
v 0.48281273 -0.00860015 -0.06567413
v 0.48275459 0.00742461 -0.06614434
v 0.47510892 0.03902138 -0.06571385
v 0.46949247 0.04338427 -0.06628025
v 0.47918275 0.04056671 -0.06702897
v 0.46351883 0.04512908 -0.06547502
v 0.47918275 0.04056671 -0.06702897
v 0.47812605 0.06827916 -0.06595368
v 0.47431716 0.07175504 -0.06492849
v 0.47806364 -0.08515845 -0.0914097
v 0.4822672 -0.09708 -0.13078995
v 0.47992566 -0.09509182 0.12756275
v 0.48690471 -0.08770695 0.11280984
v 0.47987404 -0.08720201 0.08526993
v 0.482952 -0.08556741 0.07929999
v 0.48331136 -0.0681479 0.07926936
v 0.48323014 -0.03392683 0.08005404
v 0.48271123 0.03737176 0.06443535
v 0.48021418 0.03799282 0.00029686
v 0.4817403 0.03773849 -0.06474461
v 0.48194176 0.03798028 -0.05785565
v 0.48196539 0.0395418 -0.06609755
v 0.48196539 0.0395418 -0.06609755
v 0.4825955 0.07115369 -0.06479951
v 0.48370484 -0.09566416 0.12628326
v 0.48585236 -0.08759387 0.08532685
v 0.48433045 0.05698894 0.08457168
v 0.48328009 0.05858995 0.08559487
v 0.48634052 0.06756441 0.08646345
v 0.48796037 0.08405798 0.08853927
v 0.48326996 -0.00591515 0.08163533
v 0.48405549 -0.02087174 0.08008923
v 0.48405549 -0.02087174 0.08008923
v 0.48394671 0.03948146 0.08224641
v 0.48326996 -0.00591515 0.08163533
v 0.4831658 0.01747166 0.08341765
v 0.48318774 0.03570765 0.08418275
v 0.48433045 0.05698894 0.08457168
v 0.48389348 -0.08764143 0.07987607
v 0.48402661 -0.08536498 0.07723858
v 0.482952 -0.08556741 0.07929999
v 0.4837921 -0.07778078 0.07754219
v 0.4841426 -0.06508596 0.07755359
v 0.48331136 -0.0681479 0.07926936
v 0.48290673 -0.0556663 0.0779555
v 0.48404112 -0.05104778 0.07703625
v 0.48323014 -0.03392683 0.08005404
v 0.48403734 -0.03120806 0.07748898
v 0.48391467 0.05664916 0.07270692
v 0.48466924 -0.08820923 0.06346624
v 0.48345426 0.02816043 0.06694636
v 0.48367268 -0.08325128 0.06664874
v 0.48392576 -0.06463953 0.06687252
v 0.48356846 -0.04320534 0.06319087
v 0.48386076 -0.02702483 0.06642079
v 0.48389214 0.05492729 0.06622729
v 0.48287523 -0.07973002 0.06331219
v 0.48306793 -0.06979724 0.06332771
v 0.48316017 -0.05413153 0.06331003
v 0.48311505 -0.02600615 0.06335045
v 0.48288098 0.02214496 0.06429429
v 0.48272243 0.02542661 0.06372689
v 0.48271123 0.03737176 0.06443535
v 0.48312989 0.04644027 0.06443017
v 0.48393881 0.06853763 0.06521162
v 0.48466924 -0.08820923 0.06346624
v 0.48307493 -0.08680557 0.0617898
v 0.48287523 -0.07973002 0.06331219
v 0.48270604 -0.05112702 0.06230186
v 0.48264235 -0.03016083 0.06226638
v 0.48218018 0.03822321 0.05593334
v 0.48012 0.02555687 0.0447436
v 0.48076946 0.03590845 0.04350115
v 0.48046055 0.03808704 0.04303879
v 0.48048592 0.02751482 0.042767
v 0.48872954 0.10141799 -0.03395046
v 0.48028305 0.03232419 -0.0062488
v 0.48021418 0.03799282 0.00029686
v 0.47957534 0.0256867 0.00448213
v 0.48007172 0.02771526 -0.00774256
v 0.48103216 0.03610919 -0.04252749
v 0.48048511 0.02567465 -0.04689258
v 0.48077214 0.02768504 -0.04435968
v 0.48061717 0.03824396 -0.04099932
v 0.48194176 0.03798028 -0.05785565
v 0.48258057 0.02554416 -0.06551528
v 0.48519227 -0.09932271 -0.06028379
v 0.48359564 -0.08877128 -0.0640889
v 0.4830474 -0.08500978 -0.0638691
v 0.48293525 0.03618061 -0.06731154
v 0.4817403 0.03773849 -0.06474461
v 0.48359564 -0.08877128 -0.0640889
v 0.48389077 -0.0795847 -0.06643861
v 0.4830474 -0.08500978 -0.0638691
v 0.4830038 -0.02626641 -0.06454882
v 0.48385307 -0.04240402 -0.06676836
v 0.48357567 -0.00619069 -0.06743662
v 0.48281273 -0.00860015 -0.06567413
v 0.48275459 0.00742461 -0.06614434
v 0.48196539 0.0395418 -0.06609755
v 0.48196539 0.0395418 -0.06609755
v 0.483881 0.05755917 -0.06766236
v 0.4829635 0.05354376 -0.06633738
v 0.48357189 0.06851463 -0.06655485
v 0.48379913 -0.07495208 -0.07198065
v 0.48360804 0.01613314 -0.07012212
v 0.4835701 0.03199309 -0.07154274
v 0.48394516 -0.06972764 -0.08485112
v 0.48390129 0.04978465 -0.08573411
v 0.48393807 -0.08958357 -0.07609332
v 0.48403189 -0.08003353 -0.08860894
v 0.48387015 -0.03712377 -0.08560952
v 0.48482224 -0.09107479 -0.08169141
v 0.48430866 -0.08883785 -0.08858635
v 0.48423347 -0.06362318 -0.08940726
v 0.48400906 -0.0078365 -0.08911069
v 0.48419571 0.0482241 -0.08944544
v 0.48545337 -0.09211881 -0.10334295
v 0.48341039 -0.08606431 -0.0915326
v 0.48300707 -0.08178318 -0.09052672
v 0.48338825 -0.07025418 -0.09099764
v 0.48335639 -0.0399152 -0.09112261
v 0.48330837 -0.00205587 -0.09058337
v 0.48356733 0.05941946 -0.09109
v 0.48495862 -0.08917712 -0.10113737
v 0.48341039 -0.08606431 -0.0915326
v 0.48347265 -0.08743684 -0.10392305
v 0.48362207 -0.08946804 -0.10773406
v 0.48449871 -0.09561555 -0.12154453
v 0.48595876 -0.09473103 -0.10717904
v 0.48272333 -0.09149065 -0.1196362
v 0.4822672 -0.09708 -0.13078995
v 0.48229027 -0.10397928 -0.1298447
v 0.48196429 -0.10121782 -0.13172546
v 0.48560628 -0.10123177 0.13129292
v 0.48693019 -0.09974508 0.13073067
v 0.48892426 -0.09065355 0.12300664
v 0.48717436 -0.08888055 0.12055494
v 0.49955088 0.10084717 0.11543036
v 0.48830736 -0.08904836 0.09873831
v 0.48585236 -0.08759387 0.08532685
v 0.48690471 -0.08770695 0.11280984
v 0.48879206 0.07152043 0.08724177
v 0.48754427 -0.08969942 0.08080106
v 0.48466924 -0.08820923 0.06346624
v 0.48662648 -0.09116878 0.06094087
v 0.48754427 -0.08969942 0.08080106
v 0.48662648 -0.09116878 0.06094087
v 0.4852885 -0.09412049 -0.06169327
v 0.4852885 -0.09412049 -0.06169327
v 0.48674268 -0.0956377 -0.06795899
v 0.48732224 0.0720163 -0.06623457
v 0.48795295 -0.09444222 -0.08014395
v 0.48795295 -0.09444222 -0.08014395
v 0.48482224 -0.09107479 -0.08169141
v 0.4877924 -0.09652174 -0.12388418
v 0.49405986 -0.10153351 0.12518251
v 0.49168074 -0.09908459 0.12658021
v 0.49115884 -0.0957725 0.12299929
v 0.48892426 -0.09065355 0.12300664
v 0.48717436 -0.08888055 0.12055494
v 0.49185455 -0.09671505 0.10831298
v 0.49115884 -0.0957725 0.12299929
v 0.49509344 0.08644472 0.11368827
v 0.49955088 0.10084717 0.11543036
v 0.49025953 -0.09965002 0.08073484
v 0.49034879 0.07909119 0.08770062
v 0.49213192 0.07670544 0.08506015
v 0.49159172 0.08128229 0.0853143
v 0.49034879 0.07909119 0.08770062
v 0.49110621 0.08461697 0.08857381
v 0.49200949 0.08432825 0.08501133
v 0.49110621 0.08461697 0.08857381
v 0.49269789 0.07433442 0.0868547
v 0.4912363 0.07634559 0.074736
v 0.49081677 0.0807441 0.07096397
v 0.49112394 0.08430102 0.07422049
v 0.48997942 -0.1012155 0.08191595
v 0.4888159 -0.10046753 0.06278104
v 0.49041498 0.07278313 0.05807092
v 0.49061707 0.08443259 0.05597451
v 0.48766565 -0.09958512 0.06009113
v 0.49069884 0.07544108 0.04997255
v 0.49032381 0.08054689 0.04054094
v 0.49038166 0.08392018 0.03413858
v 0.4913438 0.07563372 -0.02453193
v 0.48993954 0.07204386 0.05582814
v 0.4910526 0.07274354 -0.02138642
v 0.49064249 0.08374742 -0.02161577
v 0.49025556 0.07202353 -0.00123081
v 0.4907248 0.08054595 -0.0216672
v 0.4910526 0.07274354 -0.02138642
v 0.48997483 0.08024436 -0.05346714
v 0.48989102 0.07212304 -0.05174185
v 0.48997986 0.08453882 -0.0625475
v 0.48975503 0.07633593 -0.0622496
v 0.48659632 -0.10016783 -0.06271136
v 0.48519227 -0.09932271 -0.06028379
v 0.48889551 0.08117835 -0.07480249
v 0.48992091 0.08460943 -0.07596948
v 0.49088886 -0.10155684 -0.09164645
v 0.49022439 -0.0995265 -0.08315832
v 0.48796687 0.08096068 -0.0916063
v 0.48999661 0.08466114 -0.09194598
v 0.49138677 -0.09532107 -0.09333842
v 0.49138677 -0.09532107 -0.09333842
v 0.49239767 -0.09499066 -0.10013317
v 0.49171925 -0.09558792 -0.11348728
v 0.49176183 -0.0964516 -0.12336429
v 0.49370801 -0.0984927 0.12450089
v 0.49266139 -0.10197311 0.11397074
v 0.49958199 0.08660666 0.1146664
v 0.49947366 0.10143334 0.11215245
v 0.49269789 0.07433442 0.0868547
v 0.49937084 0.10141407 0.00885624
v 0.49940401 0.10169103 -0.08134691
v 0.49391216 -0.09684592 -0.10923804
v 0.49239767 -0.09499066 -0.10013317
v 0.49391216 -0.09684592 -0.10923804
v 0.49521554 -0.09650713 -0.1190713
v 0.49334371 -0.10371481 -0.12297264
v 0.49524599 -0.09750944 -0.1223312
v 0.49524599 -0.09750944 -0.1223312
v 0.50058097 0.08762532 0.11283939
v 0.5008651 0.10033961 0.11301049
v 0.49958199 0.08660666 0.1146664
v 0.49955088 0.10084717 0.11543036
v 0.5008651 0.10033961 0.11301049
v 0.50016469 0.09022143 0.1075962
v 0.50060672 0.10049468 0.10898424
v 0.50060672 0.10049468 0.10898424
v 0.49907058 0.08500307 0.10070308
v 0.50032854 0.08722598 0.09382759
v 0.4983716 0.08419777 0.09935842
v 0.49943784 0.08493058 0.08968957
v 0.50027519 0.09290224 0.08195253
v 0.49915984 0.08583181 0.08045828
v 0.5001623 0.08806995 0.07170212
v 0.49911544 0.08569253 0.05390042
v 0.50012726 0.09445847 0.04485518
v 0.50050199 0.10051745 -0.03965377
v 0.50050199 0.10051745 -0.03965377
v 0.5000568 0.0944026 -0.00871142
v 0.49906614 0.08526362 -0.00244739
v 0.50005716 0.08775549 -0.01020403
v 0.49908358 0.0853086 -0.05113992
v 0.50014496 0.08788355 -0.07288649
v 0.5001651 0.09095992 -0.10833835
v 0.50026351 0.09649249 -0.07373378
v 0.49898496 0.08502254 -0.06838432
v 0.49803162 0.08346894 -0.07047799
v 0.4997327 0.08493148 -0.09068628
v 0.49863344 0.0833125 -0.09352796
v 0.50022972 0.08752554 -0.09701424
v 0.50039786 0.10062108 -0.10158721
v 0.49940401 0.10169103 -0.08134691
v 0.49912867 0.08536792 -0.09696606
v 0.4994913 0.10177246 -0.11236151
v 0.49886656 0.08628488 -0.10945643
v 0.50027376 0.08778656 -0.10805612
v 0.50067902 0.10004252 -0.11290787
v 0.4990924 0.09198903 -0.11133702
v 0.49894062 0.09461102 -0.11370397
v 0.50067902 0.10004252 -0.11290787
v 0.49901068 0.10129209 -0.11426105
vt 0.61523 0.56063
vt 0.61714 0.56316
vt 0.61507 0.56416
vt 0.61769 0.56883
vt 0.61573 0.56837
vt 0.73014 0.35719
vt 0.72873 0.35871
vt 0.72908 0.35505
vt 0.61298 0.55711
vt 0.61117 0.55796
vt 0.59923 0.55656
vt 0.61396 0.56991
vt 0.59315 0.56982
vt 0.57157 0.56845
vt 0.58048 0.55814
vt 0.56149 0.56468
vt 0.56384 0.55648
vt 0.54673 0.56973
vt 0.53538 0.55814
vt 0.53433 0.55661
vt 0.50041 0.56497
vt 0.48276 0.56867
vt 0.51216 0.55663
vt 0.49313 0.5583
vt 0.48808 0.55685
vt 0.73032 0.21203
vt 0.72913 0.28177
vt 0.72927 0.21165
vt 0.4727 0.55691
vt 0.45973 0.56491
vt 0.47018 0.55838
vt 0.72936 0.18149
vt 0.45636 0.56873
vt 0.45472 0.56991
vt 0.45645 0.55876
vt 0.0019 0.02366
vt 0.00036 0.00621
vt 0.00133 0.00438
vt 0.45451 0.55825
vt 0.19993 0.63101
vt 0.19987 0.63341
vt 0.19711 0.63211
vt 0.19436 0.63073
vt 0.19652 0.63457
vt 0.17318 0.63144
vt 0.17094 0.63218
vt 0.17636 0.63333
vt 0.00192 0.1675
vt 0.00272 0.15287
vt 0.00501 0.16697
vt 0.00517 0.15449
vt 0.00578 0.15016
vt 0.00612 0.11984
vt 0.00298 0.1166
vt 0.00587 0.08752
vt 0.00276 0.08669
vt 0.0059 0.07179
vt 0.00242 0.06412
vt 0.00508 0.05117
vt 0.00209 0.03944
vt 0.00504 0.02407
vt 0.85884 0.382
vt 0.86029 0.38033
vt 0.86029 0.40877
vt 0.12452 0.68876
vt 0.12544 0.66343
vt 0.12238 0.69721
vt 0.99097 0.92668
vt 0.98796 0.95306
vt 0.99066 0.96115
vt 0.0047 0.00495
vt 0.24238 0.10624
vt 0.2444 0.11482
vt 0.24152 0.1183
vt 0.98745 0.96756
vt 0.2444 0.12392
vt 0.99097 0.97038
vt 0.24172 0.12444
vt 0.73538 0.62837
vt 0.73422 0.63273
vt 0.73295 0.62833
vt 0.24254 0.12678
vt 0.73372 0.62534
vt 0.19681 0.63636
vt 0.19643 0.6425
vt 0.19474 0.6421
vt 0.18885 0.63774
vt 0.18902 0.63998
vt 0.17353 0.64229
vt 0.00975 0.15842
vt 0.01115 0.15562
vt 0.00909 0.15206
vt 0.17029 0.63566
vt 0.00846 0.14893
vt 0.16711 0.76805
vt 0.16813 0.77576
vt 0.16154 0.77523
vt 0.16536 0.77765
vt 0.15428 0.63196
vt 0.16698 0.76591
vt 0.1552 0.76649
vt 0.15386 0.63546
vt 0.1388 0.77732
vt 0.15034 0.76857
vt 0.14866 0.7749
vt 0.13683 0.7755
vt 0.13163 0.7663
vt 0.12298 0.77183
vt 0.1062 0.76811
vt 0.00902 0.11946
vt 0.00872 0.08747
vt 0.10505 0.77563
vt 0.00835 0.08554
vt 0.08424 0.77182
vt 0.07313 0.76655
vt 0.10352 0.77726
vt 0.0918 0.77725
vt 0.09095 0.77593
vt 0.00852 0.07271
vt 0.00846 0.07056
vt 0.08857 0.77592
vt 0.00806 0.06954
vt 0.06073 0.76958
vt 0.05332 0.77565
vt 0.08783 0.77713
vt 0.04493 0.77765
vt 0.12654 0.656
vt 0.12474 0.66151
vt 0.88412 0.67805
vt 0.887 0.67654
vt 0.887 0.68365
vt 0.05853 0.76656
vt 0.98576 0.91904
vt 0.98137 0.91985
vt 0.9885 0.92505
vt 0.98433 0.93236
vt 0.04883 0.77008
vt 0.98144 0.93549
vt 0.04586 0.76534
vt 0.04224 0.76635
vt 0.04358 0.77604
vt 0.98037 0.94249
vt 0.04262 0.77122
vt 0.0099 0.01929
vt 0.00861 0.02409
vt 0.98246 0.95829
vt 0.98133 0.95985
vt 0.12356 0.70079
vt 0.12475 0.69848
vt 0.98353 0.9685
vt 0.0111 0.00387
vt 0.85937 0.59538
vt 0.85561 0.6057
vt 0.84929 0.5961
vt 0.7318 0.63592
vt 0.73274 0.63193
vt 0.73004 0.62393
vt 0.70877 0.10838
vt 0.71441 0.10782
vt 0.71859 0.11178
vt 0.86753 0.08637
vt 0.8646 0.08638
vt 0.86744 0.09569
vt 0.73637 0.10961
vt 0.01492 0.16711
vt 0.17035 0.63862
vt 0.0105 0.15199
vt 0.16927 0.64273
vt 0.16477 0.64276
vt 0.16585 0.75741
vt 0.16611 0.76286
vt 0.15328 0.76205
vt 0.15197 0.76542
vt 0.15364 0.64032
vt 0.68489 0.43388
vt 0.687 0.43323
vt 0.68598 0.43664
vt 0.21769 0.39399
vt 0.2414 0.39534
vt 0.22098 0.39316
vt 0.29489 0.39392
vt 0.30027 0.39534
vt 0.31278 0.39337
vt 0.06064 0.7653
vt 0.06113 0.64095
vt 0.06007 0.64286
vt 0.0495 0.64237
vt 0.05924 0.76351
vt 0.05002 0.7584
vt 0.04432 0.75772
vt 0.04377 0.76427
vt 0.05455 0.82999
vt 0.05307 0.82577
vt 0.05512 0.82673
vt 0.01018 0.02203
vt 0.05511 0.82462
vt 0.05405 0.83472
vt 0.05585 0.83333
vt 0.1235 0.70693
vt 0.12709 0.70271
vt 0.12846 0.71073
vt 0.12413 0.70952
vt 0.12724 0.71213
vt 0.73007 0.62831
vt 0.70637 0.11085
vt 0.70578 0.12024
vt 0.86497 0.10458
vt 0.01382 0.15174
vt 0.76468 0.52433
vt 0.779 0.5239
vt 0.76589 0.52496
vt 0.16479 0.68968
vt 0.16542 0.70405
vt 0.16452 0.72982
vt 0.16584 0.72687
vt 0.16581 0.74626
vt 0.16398 0.75047
vt 0.16621 0.64451
vt 0.1645 0.65322
vt 0.16544 0.65746
vt 0.16469 0.66547
vt 0.16348 0.66418
vt 0.16449 0.67122
vt 0.16367 0.67724
vt 0.16536 0.68836
vt 0.16109 0.73202
vt 0.15316 0.75471
vt 0.15547 0.68457
vt 0.15451 0.72789
vt 0.15357 0.7422
vt 0.15712 0.64504
vt 0.15626 0.66581
vt 0.15429 0.64556
vt 0.15403 0.65078
vt 0.15422 0.65937
vt 0.15294 0.66641
vt 0.15272 0.677
vt 0.15307 0.69274
vt 0.15239 0.72642
vt 0.1519 0.72851
vt 0.15199 0.73918
vt 0.15153 0.75273
vt 0.15152 0.76239
vt 0.6836 0.45203
vt 0.68388 0.4607
vt 0.68309 0.45899
vt 0.15211 0.69097
vt 0.14954 0.73026
vt 0.15063 0.73851
vt 0.89061 0.11735
vt 0.89432 0.11723
vt 0.893 0.11522
vt 0.68469 0.44139
vt 0.14473 0.73798
vt 0.2304 0.38525
vt 0.22174 0.38926
vt 0.07078 0.72877
vt 0.0699 0.73814
vt 0.06371 0.72888
vt 0.06047 0.7378
vt 0.13827 0.65617
vt 0.02909 0.37047
vt 0.03229 0.37315
vt 0.02994 0.37237
vt 0.03166 0.38213
vt 0.03149 0.39997
vt 0.03074 0.37723
vt 0.0308 0.4099
vt 0.03157 0.412
vt 0.03219 0.42758
vt 0.03149 0.427
vt 0.06031 0.72859
vt 0.05959 0.64797
vt 0.05744 0.64854
vt 0.05719 0.66968
vt 0.06015 0.6812
vt 0.05835 0.69842
vt 0.0601 0.69868
vt 0.05787 0.72779
vt 0.05999 0.72675
vt 0.05908 0.74999
vt 0.06023 0.74136
vt 0.06038 0.74854
vt 0.05999 0.75931
vt 0.05855 0.75853
vt 0.05031 0.66432
vt 0.04985 0.67553
vt 0.04766 0.71312
vt 0.05499 0.73158
vt 0.04958 0.647
vt 0.04617 0.72089
vt 0.04562 0.75465
vt 0.04769 0.64389
vt 0.04818 0.65824
vt 0.04894 0.66454
vt 0.04816 0.67762
vt 0.04812 0.68718
vt 0.04631 0.70004
vt 0.04596 0.71264
vt 0.05613 0.88807
vt 0.05548 0.87991
vt 0.0567 0.85828
vt 0.04444 0.74269
vt 0.04414 0.75536
vt 0.05686 0.84565
vt 0.0559 0.84347
vt 0.05535 0.83694
vt 0.01382 0.02347
vt 0.13475 0.69827
vt 0.72394 0.63085
vt 0.13314 0.71288
vt 0.72325 0.62482
vt 0.71625 0.12519
vt 0.01471 0.15245
vt 0.75584 0.12726
vt 0.7556 0.11182
vt 0.68364 0.44669
vt 0.68182 0.44515
vt 0.68177 0.46656
vt 0.68347 0.4679
vt 0.68152 0.49413
vt 0.68348 0.49444
vt 0.68134 0.51515
vt 0.68278 0.52826
vt 0.89391 0.1052
vt 0.89892 0.11671
vt 0.75704 0.11365
vt 0.757 0.12519
vt 0.14958 0.72812
vt 0.14676 0.72862
vt 0.01264 0.0429
vt 0.01468 0.04462
vt 0.01381 0.04924
vt 0.719 0.49874
vt 0.71841 0.50449
vt 0.71748 0.50261
vt 0.14145 0.72864
vt 0.01521 0.05226
vt 0.13407 0.73775
vt 0.14186 0.73917
vt 0.71741 0.5208
vt 0.12762 0.7292
vt 0.12649 0.72855
vt 0.10646 0.73881
vt 0.29814 0.38585
vt 0.1056 0.73776
vt 0.10232 0.73007
vt 0.10388 0.72864
vt 0.07648 0.73764
vt 0.07803 0.7286
vt 0.07776 0.72996
vt 0.07511 0.73911
vt 0.71647 0.57359
vt 0.71722 0.58146
vt 0.71701 0.59037
vt 0.7183 0.58907
vt 0.06702 0.739
vt 0.01119 0.14026
vt 0.01329 0.13374
vt 0.01401 0.13878
vt 0.71923 0.59264
vt 0.01331 0.14086
vt 0.313 0.39035
vt 0.31084 0.38569
vt 0.1426 0.66501
vt 0.05407 0.95638
vt 0.05494 0.94218
vt 0.05654 0.95637
vt 0.0554 0.93588
vt 0.05518 0.9229
vt 0.0593 0.9312
vt 0.0557 0.90058
vt 0.05814 0.90844
vt 0.06693 0.87033
vt 0.06085 0.83897
vt 0.0603 0.83222
vt 0.05881 0.82425
vt 0.02272 0.00443
vt 0.83726 0.60543
vt 0.72032 0.63626
vt 0.72424 0.62204
vt 0.67783 0.45995
vt 0.67979 0.47597
vt 0.68377 0.47852
vt 0.6795 0.48131
vt 0.6763 0.49193
vt 0.67044 0.5165
vt 0.90261 0.09155
vt 0.89432 0.09137
vt 0.90713 0.10266
vt 0.22341 0.3853
vt 0.22159 0.38428
vt 0.67202 0.43862
vt 0.71902 0.49551
vt 0.71665 0.54542
vt 0.70701 0.57482
vt 0.31285 0.3846
vt 0.06651 0.94328
vt 0.07031 0.82457
vt 0.14176 0.70963
vt 0.70876 0.12781
vt 0.74929 0.12781
vt 0.50381 0.50425
vt 0.50565 0.5064
vt 0.50627 0.50055
vt 0.67214 0.44562
vt 0.67119 0.46677
vt 0.67122 0.48006
vt 0.67106 0.48744
vt 0.68254 0.53041
vt 0.66866 0.5299
vt 0.72094 0.49384
vt 0.7071 0.49295
vt 0.70748 0.49381
vt 0.9003 0.12107
vt 0.90822 0.11755
vt 0.8401 0.61224
vt 0.83786 0.61112
vt 0.83724 0.61432
vt 0.6744 0.43362
vt 0.82883 0.61039
vt 0.81305 0.61325
vt 0.8085 0.61019
vt 0.70671 0.54941
vt 0.80204 0.61263
vt 0.78151 0.61334
vt 0.78244 0.61033
vt 0.76433 0.61061
vt 0.76221 0.61367
vt 0.75278 0.61165
vt 0.75264 0.6142
vt 0.70573 0.59246
vt 0.75049 0.61243
vt 0.06669 0.93468
vt 0.06639 0.92708
vt 0.06575 0.95725
vt 0.06801 0.90134
vt 0.06967 0.88487
vt 0.07014 0.83389
vt 0.71444 0.63292
vt 0.71464 0.63132
vt 0.14112 0.71194
vt 0.71627 0.62351
vt 0.86718 0.12177
vt 0.50361 0.50005
vt 0.66909 0.52734
vt 0.90535 0.09245
vt 0.90851 0.12064
vt 0.90632 0.12695
vt 0.90062 0.12752
vt 0.90593 0.12836
vt 0.841 0.61811
vt 0.70849 0.50325
vt 0.70751 0.5353
vt 0.82224 0.6208
vt 0.7667 0.61935
vt 0.75258 0.6197
vt 0.14231 0.6565
vt 0.74994 0.62035
vt 0.06899 0.91839
vt 0.06915 0.91499
vt 0.02526 0.02399
vt 0.03678 0.02382
vt 0.71467 0.63592
vt 0.71689 0.62692
vt 0.71498 0.62734
vt 0.03537 0.16787
vt 0.90905 0.12791
vt 0.39747 0.12987
vt 0.39815 0.123
vt 0.39909 0.12546
vt 0.39862 0.10809
vt 0.66988 0.46043
vt 0.66951 0.46945
vt 0.66947 0.48264
vt 0.66943 0.48761
vt 0.90939 0.09289
vt 0.90891 0.10542
vt 0.83801 0.62045
vt 0.67227 0.43298
vt 0.70474 0.5361
vt 0.30244 0.55402
vt 0.31022 0.55332
vt 0.31248 0.55435
vt 0.06914 0.93297
vt 0.06832 0.94075
vt 0.06894 0.92953
vt 0.06689 0.95932
vt 0.0703 0.88885
vt 0.07106 0.85984
vt 0.07204 0.83938
vt 0.1426 0.70959
vt 0.78274 0.59764
vt 0.35343 0.5544
vt 0.35083 0.55719
vt 0.35093 0.5541
vt 0.03048 0.62839
vt 0.02563 0.62816
vt 0.0286 0.62734
vt 0.40787 0.10138
vt 0.40464 0.10123
vt 0.40722 0.09834
vt 0.40256 0.09984
vt 0.96959 0.05695
vt 0.97158 0.05532
vt 0.97287 0.06314
vt 0.97846 0.05854
vt 0.98011 0.05508
vt 0.98014 0.0607
vt 0.84375 0.62011
vt 0.84349 0.62327
vt 0.84801 0.6233
vt 0.23177 0.90589
vt 0.23367 0.90659
vt 0.23145 0.90719
vt 0.97368 0.05353
vt 0.84074 0.62259
vt 0.66728 0.48333
vt 0.93788 0.05427
vt 0.94787 0.05311
vt 0.93774 0.05523
vt 0.94877 0.05453
vt 0.78087 0.07859
vt 0.77931 0.07908
vt 0.78063 0.08093
vt 0.7706 0.07963
vt 0.77068 0.08075
vt 0.74778 0.62144
vt 0.75051 0.6224
vt 0.0174 0.54937
vt 0.01228 0.55191
vt 0.0213 0.54955
vt 0.16159 0.81008
vt 0.15759 0.80273
vt 0.15886 0.80764
vt 0.01191 0.5495
vt 0.07128 0.93304
vt 0.07044 0.91962
vt 0.07156 0.92462
vt 0.06997 0.91777
vt 0.07164 0.91809
vt 0.0711 0.87786
vt 0.17923 0.77078
vt 0.16695 0.78308
vt 0.16256 0.79006
vt 0.15325 0.79734
vt 0.07337 0.83682
vt 0.04294 0.00643
vt 0.03149 0.15274
vt 0.03086 0.62009
vt 0.0288 0.62114
vt 0.02883 0.61649
vt 0.03088 0.61716
vt 0.61295 0.6633
vt 0.61098 0.6639
vt 0.6119 0.66114
vt 0.6139 0.65718
vt 0.61408 0.66111
vt 0.61192 0.6574
vt 0.8467 0.62543
vt 0.84413 0.63648
vt 0.69246 0.543
vt 0.70459 0.54905
vt 0.77859 0.08547
vt 0.7729 0.08382
vt 0.77057 0.08426
vt 0.74842 0.62716
vt 0.01239 0.55808
vt 0.854 0.47345
vt 0.85559 0.47037
vt 0.85228 0.47069
vt 0.7453 0.6232
vt 0.07685 0.93301
vt 0.39819 0.61945
vt 0.39867 0.60755
vt 0.40035 0.61853
vt 0.40157 0.6076
vt 0.07622 0.8365
vt 0.08021 0.83509
vt 0.86223 0.13378
vt 0.03414 0.62365
vt 0.03542 0.61921
vt 0.03575 0.6177
vt 0.01068 0.64787
vt 0.00594 0.659
vt 0.01039 0.65699
vt 0.00604 0.64528
vt 0.60646 0.66007
vt 0.60746 0.65571
vt 0.00181 0.64494
vt 0.0039 0.65614
vt 0.65911 0.46992
vt 0.66038 0.47853
vt 0.65347 0.48349
vt 0.85423 0.46341
vt 0.0799 0.93125
vt 0.07954 0.91989
vt 0.08831 0.91875
vt 0.08193 0.82513
vt 0.7661 0.60533
vt 0.60486 0.65675
vt 0.68912 0.53669
vt 0.68171 0.54721
vt 0.77993 0.10607
vt 0.77896 0.1023
vt 0.01904 0.56089
vt 0.74631 0.63941
vt 0.09764 0.83762
vt 0.04594 0.62915
vt 0.04802 0.62402
vt 0.01025 0.66719
vt 0.04271 0.6179
vt 0.03808 0.61566
vt 0.59825 0.66329
vt 0.84658 0.63973
vt 0.65266 0.47795
vt 0.78263 0.65066
vt 0.77683 0.09957
vt 0.75865 0.67636
vt 0.05429 0.4114
vt 0.05884 0.40864
vt 0.06502 0.41151
vt 0.74431 0.64238
vt 0.09022 0.93353
vt 0.09757 0.82722
vt 0.04761 0.61614
vt 0.65189 0.47009
vt 0.83636 0.65501
vt 0.09721 0.83603
vt 0.05332 0.16796
vt 0.58483 0.66096
vt 0.84435 0.64434
vt 0.00412 0.66405
vt 0.84161 0.64141
vt 0.81369 0.67027
vt 0.04434 0.09609
vt 0.03876 0.08611
vt 0.05062 0.09225
vt 0.01849 0.58607
vt 0.01418 0.58969
vt 0.0125 0.57281
vt 0.12381 0.93403
vt 0.12083 0.92807
vt 0.42965 0.61766
vt 0.07738 0.15405
vt 0.05531 0.02258
vt 0.07146 0.61967
vt 0.59558 0.65553
vt 0.58296 0.65761
vt 0.63883 0.47177
vt 0.63858 0.47906
vt 0.67519 0.5366
vt 0.85402 0.43824
vt 0.86139 0.16599
vt 0.06047 0.62906
vt 0.00785 0.70328
vt 0.63693 0.48405
vt 0.77707 0.14867
vt 0.77063 0.10015
vt 0.76954 0.1187
vt 0.1007 0.82588
vt 0.06412 0.61579
vt 0.58035 0.6625
vt 0.8465 0.65963
vt 0.57928 0.65486
vt 0.74628 0.68355
vt 0.85542 0.43655
vt 0.12416 0.92268
vt 0.4714 0.61199
vt 0.06875 0.61813
vt 0.84185 0.67948
vt 0.7442 0.66039
vt 0.08801 0.006
vt 0.01046 0.70153
vt 0.62111 0.47046
vt 0.68537 0.53572
vt 0.65539 0.53602
vt 0.13391 0.92161
vt 0.1247 0.83752
vt 0.13061 0.82911
vt 0.83729 0.59545
vt 0.72501 0.59563
vt 0.86705 0.20154
vt 0.86461 0.19748
vt 0.07232 0.1685
vt 0.07513 0.16712
vt 0.84454 0.68109
vt 0.00415 0.69786
vt 0.61489 0.48402
vt 0.65257 0.54654
vt 0.68513 0.54837
vt 0.77091 0.14287
vt 0.77759 0.70301
vt 0.09302 0.62516
vt 0.09304 0.62906
vt 0.55647 0.65898
vt 0.6151 0.47642
vt 0.0124 0.62581
vt 0.13836 0.93644
vt 0.72374 0.59623
vt 0.83375 0.69355
vt 0.63663 0.54759
vt 0.17581 0.68223
vt 0.17519 0.67338
vt 0.17581 0.70735
vt 0.77922 0.15544
vt 0.4231 0.60703
vt 0.5552 0.66182
vt 0.84677 0.6874
vt 0.75552 0.70572
vt 0.74404 0.68361
vt 0.12888 0.82736
vt 0.08312 0.02228
vt 0.74495 0.45162
vt 0.74617 0.45254
vt 0.7447 0.45315
vt 0.01865 0.61636
vt 0.48592 0.61777
vt 0.09589 0.61976
vt 0.09104 0.61627
vt 0.55249 0.65421
vt 0.59788 0.47191
vt 0.55141 0.65549
vt 0.49451 0.60778
vt 0.0744 0.16984
vt 0.11773 0.17053
vt 0.00416 0.75265
vt 0.63313 0.53655
vt 0.63197 0.54599
vt 0.74646 0.69348
vt 0.16915 0.84164
vt 0.10441 0.02164
vt 0.09775 0.1547
vt 0.5431 0.65856
vt 0.15045 0.82865
vt 0.84449 0.70534
vt 0.7443 0.71638
vt 0.54216 0.66118
vt 0.84667 0.70169
vt 0.53058 0.65501
vt 0.80654 0.72371
vt 0.86069 0.21373
vt 0.11689 0.16828
vt 0.58419 0.47629
vt 0.11535 0.09641
vt 0.0843 0.09633
vt 0.11741 0.09559
vt 0.74707 0.7153
vt 0.01495 0.66441
vt 0.17188 0.84016
vt 0.13285 0.0037
vt 0.01119 0.70295
vt 0.01119 0.74923
vt 0.84199 0.7322
vt 0.56552 0.48328
vt 0.16506 0.92517
vt 0.17293 0.83153
vt 0.70219 0.5979
vt 0.11877 0.62548
vt 0.01047 0.7506
vt 0.57123 0.47035
vt 0.57191 0.48446
vt 0.63773 0.53542
vt 0.60271 0.53622
vt 0.16591 0.9366
vt 0.11917 0.62894
vt 0.00736 0.77059
vt 0.58831 0.54588
vt 0.12548 0.1554
vt 0.11805 0.6199
vt 0.50672 0.6563
vt 0.59501 0.53492
vt 0.58092 0.54735
vt 0.77967 0.21645
vt 0.13891 0.02129
vt 0.11876 0.16968
vt 0.13422 0.61633
vt 0.50914 0.65273
vt 0.77147 0.19553
vt 0.17863 0.92416
vt 0.77759 0.2043
vt 0.50732 0.65994
vt 0.84692 0.73974
vt 0.84466 0.73684
vt 0.83566 0.75686
vt 0.0192 0.67344
vt 0.14014 0.61982
vt 0.1854 0.83066
vt 0.54697 0.47183
vt 0.55524 0.47771
vt 0.13328 0.09655
vt 0.01288 0.67344
vt 0.18165 0.93916
vt 0.18516 0.92636
vt 0.16922 0.00304
vt 0.55588 0.48499
vt 0.75753 0.75343
vt 0.7469 0.74754
vt 0.14859 0.1565
vt 0.18372 0.93763
vt 0.14007 0.62913
vt 0.14294 0.6239
vt 0.01031 0.80329
vt 0.79302 0.75995
vt 0.00384 0.79914
vt 0.52892 0.47036
vt 0.53289 0.48491
vt 0.86653 0.27264
vt 0.17151 0.62092
vt 0.56143 0.53592
vt 0.13289 0.00196
vt 0.16869 0.61795
vt 0.21922 0.9264
vt 0.49333 0.63251
vt 0.49709 0.63194
vt 0.53406 0.63243
vt 0.20914 0.83367
vt 0.16919 0.02057
vt 0.2023 0.01345
vt 0.17341 0.6237
vt 0.519 0.47789
vt 0.55797 0.53458
vt 0.01517 0.70855
vt 0.21537 0.93954
vt 0.17519 0.09601
vt 0.17185 0.09503
vt 0.74695 0.78876
vt 0.01318 0.74408
vt 0.24611 0.94319
vt 0.253 0.84499
vt 0.17017 0.00146
vt 0.68541 0.59627
vt 0.65271 0.60509
vt 0.85957 0.27389
vt 0.0196 0.74209
vt 0.18034 0.62869
vt 0.18207 0.61634
vt 0.48421 0.65237
vt 0.46087 0.65067
vt 0.84155 0.78878
vt 0.77469 0.26439
vt 0.77137 0.24414
vt 0.78514 0.78616
vt 0.58087 0.60863
vt 0.2302 0.83501
vt 0.33971 0.82662
vt 0.37578 0.82741
vt 0.39675 0.82662
vt 0.216 0.83238
vt 0.54632 0.61794
vt 0.17253 0.17121
vt 0.19148 0.16698
vt 0.43655 0.65685
vt 0.84721 0.81665
vt 0.54539 0.54511
vt 0.74414 0.79424
vt 0.58518 0.33135
vt 0.56301 0.35221
vt 0.54528 0.33014
vt 0.45906 0.65374
vt 0.84492 0.81245
vt 0.77801 0.26067
vt 0.22132 0.9284
vt 0.25583 0.84685
vt 0.17135 0.0018
vt 0.34518 0.90512
vt 0.3463 0.89741
vt 0.37964 0.89749
vt 0.1797 0.17556
vt 0.18093 0.17374
vt 0.1824 0.15685
vt 0.18982 0.62717
vt 0.01039 0.81305
vt 0.00585 0.83514
vt 0.01537 0.74184
vt 0.47704 0.47196
vt 0.53132 0.54689
vt 0.78004 0.27077
vt 0.20273 0.62061
vt 0.84141 0.81581
vt 0.51739 0.53427
vt 0.76294 0.8166
vt 0.25011 0.83454
vt 0.20404 0.17488
vt 0.18465 0.62914
vt 0.48916 0.48504
vt 0.49451 0.47758
vt 0.5248 0.5365
vt 0.25099 0.94186
vt 0.23571 0.92741
vt 0.68425 0.59568
vt 0.64384 0.5957
vt 0.21382 0.17149
vt 0.01019 0.84654
vt 0.00375 0.891
vt 0.44524 0.47043
vt 0.2118 0.00266
vt 0.20758 0.62716
vt 0.21061 0.61772
vt 0.78971 0.81762
vt 0.20229 0.09594
vt 0.35222 0.72393
vt 0.38303 0.72788
vt 0.34332 0.72454
vt 0.74691 0.81507
vt 0.20746 0.17625
vt 0.21205 0.629
vt 0.20919 0.61612
vt 0.77033 0.27268
vt 0.25309 0.93051
vt 0.20292 0.0205
vt 0.4148 0.90355
vt 0.42018 0.89783
vt 0.64251 0.59631
vt 0.43168 0.65301
vt 0.21779 0.6254
vt 0.52004 0.54494
vt 0.59794 0.61843
vt 0.25617 0.83658
vt 0.63135 0.59783
vt 0.2178 0.16454
vt 0.46764 0.47929
vt 0.26894 0.92938
vt 0.21952 0.15746
vt 0.46238 0.4853
vt 0.77828 0.30338
vt 0.74417 0.82986
vt 0.26978 0.83566
vt 0.21692 0.62845
vt 0.81154 0.84164
vt 0.84508 0.84265
vt 0.74691 0.82916
vt 0.77533 0.30872
vt 0.77215 0.3074
vt 0.77022 0.29448
vt 0.76405 0.84725
vt 0.01542 0.77346
vt 0.27093 0.94292
vt 0.27161 0.83748
vt 0.22464 0.00594
vt 0.23943 0.1719
vt 0.49371 0.53665
vt 0.60696 0.61072
vt 0.24443 0.00232
vt 0.21208 0.00092
vt 0.23877 0.17724
vt 0.24135 0.17583
vt 0.01003 0.87587
vt 0.0082 0.87803
vt 0.40898 0.65699
vt 0.84786 0.84661
vt 0.48453 0.5451
vt 0.74544 0.8313
vt 0.74504 0.84759
vt 0.28971 0.93291
vt 0.28588 0.8471
vt 0.22238 0.02091
vt 0.23887 0.16758
vt 0.23641 0.15868
vt 0.25466 0.62853
vt 0.24133 0.61781
vt 0.43179 0.64915
vt 0.40092 0.64912
vt 0.84092 0.29592
vt 0.83919 0.28296
vt 0.84079 0.27748
vt 0.4069 0.65248
vt 0.01335 0.81713
vt 0.31281 0.94704
vt 0.25348 0.02084
vt 0.49047 0.54702
vt 0.78026 0.31551
vt 0.29645 0.83926
vt 0.497 0.3299
vt 0.49433 0.3567
vt 0.4713 0.34133
vt 0.43857 0.47193
vt 0.46978 0.53403
vt 0.80452 0.87235
vt 0.30109 0.8376
vt 0.0059 0.90903
vt 0.84512 0.88274
vt 0.83077 0.87853
vt 0.84739 0.24998
vt 0.84863 0.24887
vt 0.84722 0.23055
vt 0.30139 0.94487
vt 0.29418 0.00053
vt 0.55866 0.59642
vt 0.83891 0.26679
vt 0.8402 0.25519
vt 0.38562 0.64915
vt 0.38893 0.65698
vt 0.84781 0.86843
vt 0.01535 0.83792
vt 0.25105 0.62493
vt 0.38806 0.65278
vt 0.77862 0.34179
vt 0.77238 0.33373
vt 0.77035 0.33567
vt 0.01946 0.81301
vt 0.8486 0.23285
vt 0.64004 0.61103
vt 0.64414 0.60922
vt 0.31941 0.85097
vt 0.25694 0.1585
vt 0.7755 0.33883
vt 0.74524 0.88362
vt 0.85129 0.23052
vt 0.66884 0.61737
vt 0.83843 0.23874
vt 0.43759 0.47916
vt 0.43588 0.48515
vt 0.53655 0.59812
vt 0.67393 0.61913
vt 0.26719 0.62367
vt 0.32988 0.9332
vt 0.58394 0.63235
vt 0.61755 0.63209
vt 0.64507 0.63236
vt 0.27223 0.16769
vt 0.25653 0.61746
vt 0.77586 0.8953
vt 0.29729 0.17788
vt 0.42289 0.47063
vt 0.27126 0.17603
vt 0.00396 0.91559
vt 0.42387 0.47827
vt 0.42571 0.48509
vt 0.43085 0.53601
vt 0.32674 0.93562
vt 0.86979 0.33617
vt 0.86382 0.33948
vt 0.86412 0.41645
vt 0.43521 0.54681
vt 0.78065 0.37602
vt 0.28172 0.15826
vt 0.83951 0.22829
vt 0.36093 0.6526
vt 0.34263 0.85059
vt 0.33528 0.84144
vt 0.34319 0.84009
vt 0.54485 0.60437
vt 0.87007 0.40184
vt 0.28099 0.61701
vt 0.36115 0.64917
vt 0.8473 0.21987
vt 0.84861 0.2189
vt 0.84839 0.18666
vt 0.84676 0.19781
vt 0.2953 0.02072
vt 0.28974 0.62403
vt 0.29136 0.62016
vt 0.4721 0.90365
vt 0.47096 0.89859
vt 0.50162 0.90344
vt 0.29484 0.002
vt 0.46923 0.60516
vt 0.00785 0.94745
vt 0.00947 0.94445
vt 0.36036 0.65709
vt 0.84792 0.89961
vt 0.81063 0.91377
vt 0.29449 0.16725
vt 0.29678 0.62809
vt 0.35962 0.64967
vt 0.43163 0.53395
vt 0.77037 0.37851
vt 0.39964 0.47194
vt 0.39815 0.48475
vt 0.39586 0.47837
vt 0.84513 0.91762
vt 0.3864 0.54487
vt 0.77246 0.37622
vt 0.34236 0.94741
vt 0.66809 0.61101
vt 0.83778 0.20887
vt 0.28206 0.61545
vt 0.29572 0.61499
vt 0.34438 0.65416
vt 0.77554 0.37476
vt 0.00562 0.95799
vt 0.50683 0.89882
vt 0.77875 0.37572
vt 0.77749 0.91965
vt 0.74523 0.91488
vt 0.01923 0.85723
vt 0.84713 0.1822
vt 0.31059 0.17661
vt 0.34215 0.65812
vt 0.84801 0.91959
vt 0.85154 0.1835
vt 0.30092 0.15811
vt 0.83903 0.20746
vt 0.30039 0.62051
vt 0.00427 0.95635
vt 0.38594 0.47034
vt 0.01367 0.87674
vt 0.36722 0.95085
vt 0.69864 0.60971
vt 0.37415 0.85481
vt 0.35896 0.84112
vt 0.87019 0.42894
vt 0.30634 0.61656
vt 0.84653 0.92471
vt 0.33532 0.65394
vt 0.7549 0.9399
vt 0.0152 0.8851
vt 0.31379 0.62805
vt 0.30925 0.61973
vt 0.30544 0.61493
vt 0.33567 0.65889
vt 0.33774 0.66048
vt 0.38503 0.48293
vt 0.31772 0.17874
vt 0.31665 0.16027
vt 0.31392 0.6171
vt 0.33514 0.65023
vt 0.32762 0.65035
vt 0.38404 0.47145
vt 0.74487 0.94248
vt 0.66155 0.62785
vt 0.68346 0.62746
vt 0.74488 0.92981
vt 0.37104 0.94907
vt 0.70259 0.61448
vt 0.32872 0.00197
vt 0.31648 0.61857
vt 0.00914 0.97261
vt 0.32464 0.65496
vt 0.32206 0.66198
vt 0.3752 0.48085
vt 0.8476 0.94191
vt 0.32265 0.66009
vt 0.77891 0.4099
vt 0.01772 0.89165
vt 0.37542 0.93809
vt 0.33499 0.00039
vt 0.51709 0.59691
vt 0.00559 0.97257
vt 0.3251 0.64889
vt 0.32269 0.65109
vt 0.38428 0.46942
vt 0.37125 0.46931
vt 0.36797 0.48451
vt 0.40372 0.54631
vt 0.78076 0.41042
vt 0.37273 0.93581
vt 0.37572 0.85255
vt 0.3709 0.47135
vt 0.8078 0.94822
vt 0.77345 0.41216
vt 0.70909 0.6181
vt 0.69879 0.61126
vt 0.37662 0.8422
vt 0.31132 0.02091
vt 0.32858 0.02103
vt 0.34325 0.1768
vt 0.33912 0.15803
vt 0.84631 0.15918
vt 0.84793 0.16649
vt 0.84811 0.13405
vt 0.31337 0.65203
vt 0.36991 0.47023
vt 0.36033 0.48125
vt 0.84699 0.96451
vt 0.7706 0.42573
vt 0.01956 0.88552
vt 0.34056 0.01944
vt 0.34138 0.16906
vt 0.3398 0.61743
vt 0.30374 0.66197
vt 0.36159 0.47349
vt 0.74586 0.96503
vt 0.713 0.62018
vt 0.35435 0.17848
vt 0.3404 0.62842
vt 0.32837 0.61586
vt 0.00418 0.97376
vt 0.00379 0.98816
vt 0.84577 0.13617
vt 0.70283 0.60983
vt 0.30194 0.65148
vt 0.30105 0.65326
vt 0.30146 0.6639
vt 0.388 0.53386
vt 0.38631 0.53554
vt 0.75736 0.96803
vt 0.01236 0.89668
vt 0.38547 0.95207
vt 0.37832 0.85554
vt 0.38652 0.84441
vt 0.01002 0.99112
vt 0.00783 0.99126
vt 0.35673 0.48446
vt 0.83198 0.96802
vt 0.38794 0.54722
vt 0.78087 0.42765
vt 0.77908 0.42484
vt 0.74412 0.95939
vt 0.38677 0.93719
vt 0.71273 0.61174
vt 0.38665 0.85274
vt 0.34061 0.00991
vt 0.35482 0.47144
vt 0.3547 0.47719
vt 0.80392 0.96823
vt 0.02094 0.89596
vt 0.01488 0.89614
vt 0.84674 0.12985
vt 0.8521 0.12989
vt 0.38657 0.93943
vt 0.71286 0.61795
vt 0.71086 0.60918
vt 0.38639 0.85562
vt 0.38877 0.84258
vt 0.89422 0.34869
vt 0.89529 0.3476
vt 0.89635 0.34917
vt 0.89662 0.34018
vt 0.90292 0.33752
vt 0.91427 0.34793
vt 0.91606 0.34953
vt 0.92385 0.3357
vt 0.34321 0.16325
vt 0.9375 0.34774
vt 0.97958 0.39246
vt 0.98491 0.39361
vt 0.98314 0.38806
vt 0.98481 0.38881
vt 0.98708 0.38955
vt 0.9943 0.39315
vt 0.99579 0.38975
vt 0.34198 0.15856
vt 0.99554 0.39438
vt 0.94097 0.34953
vt 0.96925 0.39052
vt 0.96663 0.37914
vt 0.93285 0.33631
vt 0.95036 0.38648
vt 0.95275 0.37399
vt 0.93463 0.38357
vt 0.95862 0.37686
vt 0.95625 0.38835
vt 0.98473 0.37688
vt 0.91936 0.38021
vt 0.93417 0.37418
vt 0.34332 0.61691
vt 0.34273 0.62915
vt 0.9858 0.37769
vt 0.94022 0.33616
vt 0.01006 0.99329
vt 0.91338 0.37264
vt 0.95495 0.37135
vt 0.00438 0.9932
vt 0.29847 0.6515
vt 0.29783 0.65426
vt 0.29866 0.66161
vt 0.8474 0.96825
vt 0.84461 0.96678
vt 0.94267 0.34726
vt 0.35682 0.46986
vt 0.35223 0.46854
vt 0.35003 0.47875
vt 0.35205 0.48478
vt 0.01851 0.89779
vt 0.0213 0.8985
vt 0.74756 0.96696
vt 0.74477 0.96611
vt 0.13723 0.98457
vt 0.13899 0.98776
vt 0.1361 0.98668
vt 0.92711 0.26686
vt 0.93924 0.2665
vt 0.92204 0.25473
vt 0.98222 0.2631
vt 0.98473 0.26309
vt 0.98398 0.26118
vt 0.91206 0.25643
vt 0.93684 0.25338
vt 0.95151 0.26552
vt 0.95162 0.25215
vt 0.96313 0.26062
vt 0.9819 0.25344
vt 0.96383 0.24972
vt 0.97447 0.2489
vt 0.98389 0.25503
vt 0.45174 0.41639
vt 0.46978 0.41588
vt 0.44863 0.41801
vt 0.95713 0.25084
vt 0.71294 0.60788
vt 0.9848 0.25133
vt 0.4627 0.43004
vt 0.98454 0.24684
vt 0.98649 0.24691
vt 0.38874 0.85556
vt 0.99675 0.25112
vt 0.99636 0.24691
vt 0.34145 0.01542
vt 0.43576 0.42937
vt 0.43504 0.41714
vt 0.42997 0.41879
vt 0.42922 0.42609
vt 0.42635 0.41797
vt 0.89948 0.85664
vt 0.90072 0.85563
vt 0.89594 0.85476
vt 0.34496 0.16624
vt 0.9953 0.39771
vt 0.99339 0.39496
vt 0.96403 0.39064
vt 0.91368 0.3795
vt 0.91065 0.37742
vt 0.93134 0.33536
vt 0.93208 0.33232
vt 0.93351 0.31981
vt 0.61058 0.83132
vt 0.61012 0.81939
vt 0.61154 0.81877
vt 0.91264 0.37623
vt 0.93645 0.31972
vt 0.96482 0.37528
vt 0.93952 0.31413
vt 0.93393 0.31585
vt 0.9138 0.36801
vt 0.93956 0.37071
vt 0.94396 0.36964
vt 0.95352 0.37121
vt 0.95834 0.36847
vt 0.9664 0.37313
vt 0.96851 0.37417
vt 0.98401 0.37493
vt 0.98546 0.37408
vt 0.98762 0.3759
vt 0.94286 0.33678
vt 0.94159 0.31418
vt 0.93957 0.31003
vt 0.9223 0.36794
vt 0.96603 0.37055
vt 0.98701 0.37044
vt 0.99127 0.37082
vt 0.99428 0.37576
vt 0.94332 0.34897
vt 0.35263 0.43569
vt 0.35199 0.4461
vt 0.35175 0.43413
vt 0.3515 0.46855
vt 0.95534 0.3648
vt 0.995 0.35972
vt 0.99636 0.37327
vt 0.99644 0.35946
vt 0.95845 0.35768
vt 0.96477 0.35493
vt 0.95666 0.35672
vt 0.96696 0.35503
vt 0.98511 0.35024
vt 0.98677 0.35655
vt 0.99057 0.32855
vt 0.99607 0.32885
vt 0.99453 0.32947
vt 0.96769 0.33039
vt 0.98655 0.32811
vt 0.95799 0.32695
vt 0.95961 0.32826
vt 0.9678 0.32714
vt 0.99044 0.28356
vt 0.77917 0.42752
vt 0.77023 0.42773
vt 0.95361 0.3131
vt 0.96258 0.31441
vt 0.96083 0.29965
vt 0.9863 0.28632
vt 0.99576 0.27806
vt 0.95204 0.31412
vt 0.95282 0.28612
vt 0.95449 0.28771
vt 0.96342 0.28816
vt 0.98443 0.28897
vt 0.99429 0.28338
vt 0.95498 0.27079
vt 0.9527 0.27054
vt 0.96347 0.27003
vt 0.98439 0.2672
vt 0.98617 0.26577
vt 0.9905 0.26809
vt 0.9935 0.26581
vt 0.47638 0.41596
vt 0.4769 0.42178
vt 0.47484 0.41739
vt 0.47681 0.42781
vt 0.47621 0.42996
vt 0.47619 0.45005
vt 0.47344 0.45063
vt 0.91087 0.26877
vt 0.93636 0.26873
vt 0.91101 0.26662
vt 0.94413 0.26849
vt 0.95077 0.26796
vt 0.96317 0.26476
vt 0.99552 0.26733
vt 0.46578 0.4332
vt 0.4662 0.43723
vt 0.46751 0.45005
vt 0.90886 0.26486
vt 0.90862 0.26829
vt 0.96442 0.26728
vt 0.96639 0.26683
vt 0.74576 0.9688
vt 0.46492 0.42992
vt 0.46617 0.4432
vt 0.90855 0.25858
vt 0.38832 0.94781
vt 0.89856 0.25663
vt 0.90648 0.25816
vt 0.79543 0.05863
vt 0.79525 0.05737
vt 0.78544 0.05733
vt 0.77107 0.05687
vt 0.77435 0.05813
vt 0.759 0.05763
vt 0.75673 0.05632
vt 0.75127 0.05633
vt 0.74471 0.05654
vt 0.73438 0.05662
vt 0.73324 0.05873
vt 0.72443 0.05642
vt 0.72253 0.05626
vt 0.71437 0.05761
vt 0.71291 0.05569
vt 0.34318 0.0128
vt 0.71356 0.06005
vt 0.3452 0.01415
vt 0.61799 0.70252
vt 0.6189 0.70596
vt 0.61542 0.70399
vt 0.61584 0.70592
vt 0.61229 0.79615
vt 0.61241 0.80009
vt 0.60951 0.79955
vt 0.35151 0.51883
vt 0.35167 0.52978
vt 0.34953 0.52315
vt 0.34934 0.52975
vt 0.24357 0.37954
vt 0.22721 0.37919
vt 0.23902 0.37754
vt 0.35019 0.44748
vt 0.3495 0.46957
vt 0.35169 0.49436
vt 0.34651 0.43554
vt 0.38786 0.4947
vt 0.38782 0.50317
vt 0.38619 0.50243
vt 0.22491 0.06359
vt 0.203 0.06499
vt 0.21824 0.06588
vt 0.19711 0.06715
vt 0.14669 0.06478
vt 0.38639 0.55747
vt 0.38751 0.57449
vt 0.38597 0.57818
vt 0.38854 0.58953
vt 0.38673 0.58972
vt 0.12675 0.06385
vt 0.13614 0.06612
vt 0.12802 0.06613
vt 0.57497 0.67307
vt 0.56849 0.67207
vt 0.57498 0.6796
vt 0.3886 0.59264
vt 0.38643 0.592
vt 0.82005 0.05839
vt 0.81379 0.0579
vt 0.81856 0.06073
vt 0.13899 0.97828
vt 0.38881 0.95932
vt 0.83206 0.05756
vt 0.829 0.05784
vt 0.83145 0.06027
vt 0.80816 0.05981
vt 0.78432 0.06088
vt 0.5338 0.6719
vt 0.52514 0.67237
vt 0.52455 0.67817
vt 0.51909 0.3745
vt 0.52116 0.37406
vt 0.51877 0.38554
vt 0.51971 0.39165
vt 0.392 0.17891
vt 0.54084 0.37401
vt 0.56569 0.37467
vt 0.54072 0.39212
vt 0.59848 0.79539
vt 0.34002 0.52997
vt 0.33976 0.52411
vt 0.38633 0.48802
vt 0.38864 0.48776
vt 0.38281 0.48995
vt 0.377 0.48807
vt 0.24585 0.37947
vt 0.2438 0.37256
vt 0.24583 0.36334
vt 0.22563 0.37947
vt 0.22591 0.36295
vt 0.56787 0.37552
vt 0.56787 0.39092
vt 0.33993 0.44618
vt 0.34 0.46395
vt 0.34106 0.48255
vt 0.2244 0.07938
vt 0.33786 0.43391
vt 0.37605 0.49774
vt 0.37633 0.54557
vt 0.37982 0.59035
vt 0.13445 0.0769
vt 0.37183 0.45774
vt 0.3651 0.45589
vt 0.37391 0.45633
vt 0.56328 0.68935
vt 0.80924 0.06645
vt 0.82997 0.06584
vt 0.82536 0.05794
vt 0.79862 0.07078
vt 0.75301 0.07353
vt 0.73737 0.06989
vt 0.72204 0.0711
vt 0.71484 0.07173
vt 0.35691 0.01246
vt 0.35996 0.01024
vt 0.36441 0.00179
vt 0.55047 0.6718
vt 0.54673 0.68997
vt 0.52543 0.68997
vt 0.88073 0.31776
vt 0.88051 0.32672
vt 0.8898 0.32734
vt 0.8921 0.32087
vt 0.88613 0.31714
vt 0.61711 0.74798
vt 0.61646 0.75479
vt 0.60075 0.75286
vt 0.56039 0.39144
vt 0.24359 0.36533
vt 0.22749 0.36329
vt 0.56605 0.3914
vt 0.3405 0.47099
vt 0.33782 0.52116
vt 0.21916 0.07708
vt 0.33761 0.43969
vt 0.37577 0.50989
vt 0.15283 0.0765
vt 0.37652 0.53557
vt 0.37714 0.55481
vt 0.37711 0.57768
vt 0.82047 0.07182
vt 0.79324 0.07479
vt 0.76631 0.07537
vt 0.75812 0.07557
vt 0.36105 0.1667
vt 0.60396 0.70543
vt 0.37415 0.48789
vt 0.37359 0.48923
vt 0.33775 0.49347
vt 0.37626 0.58824
vt 0.57346 0.68889
vt 0.57509 0.68792
vt 0.37506 0.59048
vt 0.12773 0.07755
vt 0.37769 0.59156
vt 0.37665 0.45384
vt 0.37675 0.45661
vt 0.80902 0.07264
vt 0.83175 0.07177
vt 0.82877 0.07367
vt 0.82197 0.07361
vt 0.78522 0.07507
vt 0.7764 0.0751
vt 0.71227 0.07272
vt 0.89701 0.31883
vt 0.89711 0.3174
vt 0.52224 0.39218
vt 0.60276 0.70214
vt 0.33705 0.52704
vt 0.33716 0.52977
vt 0.24333 0.36315
vt 0.33773 0.44437
vt 0.33803 0.46292
vt 0.33785 0.47193
vt 0.33801 0.48436
vt 0.33703 0.50757
vt 0.20156 0.07889
vt 0.37503 0.49691
vt 0.37516 0.53336
vt 0.37547 0.54757
vt 0.37579 0.56878
vt 0.14514 0.07889
vt 0.37499 0.58669
vt 0.12671 0.07938
vt 0.81245 0.07395
vt 0.83213 0.07402
vt 0.79801 0.07393
vt 0.75141 0.07541
vt 0.73291 0.07384
vt 0.72438 0.07495
vt 0.71476 0.07392
vt 0.8971 0.32709
vt 0.60246 0.70404
vt 0.94848 0.98541
vt 0.9488 0.97831
vt 0.9494 0.98314
vt 0.24793 0.64397
vt 0.24693 0.6391
vt 0.24836 0.63768
vt 0.88227 0.12411
vt 0.87727 0.11671
vt 0.88044 0.11664
vt 0.85786 0.6331
vt 0.85723 0.63484
vt 0.85471 0.63436
vt 0.91637 0.98325
vt 0.91598 0.97951
vt 0.91673 0.97842
vt 0.24657 0.63636
vt 0.33732 0.4681
vt 0.33556 0.46845
vt 0.89622 0.98173
vt 0.91371 0.98025
vt 0.9106 0.98171
vt 0.91809 0.97668
vt 0.92689 0.98316
vt 0.18333 0.69945
vt 0.18121 0.69888
vt 0.18326 0.69688
vt 0.9306 0.60083
vt 0.92843 0.60237
vt 0.92829 0.59992
vt 0.18087 0.68922
vt 0.18341 0.68835
vt 0.64142 0.641
vt 0.64381 0.64265
vt 0.64079 0.64377
vt 0.33432 0.4711
vt 0.33298 0.47976
vt 0.92122 0.60042
vt 0.91852 0.61483
vt 0.91892 0.60223
vt 0.91711 0.61539
vt 0.65592 0.64225
vt 0.71127 0.64162
vt 0.70947 0.64375
vt 0.27762 0.99134
vt 0.27798 0.98939
vt 0.28023 0.98953
vt 0.27796 0.98207
vt 0.28043 0.98355
vt 0.74071 0.64479
vt 0.73867 0.64202
vt 0.60433 0.071
vt 0.60584 0.07502
vt 0.60462 0.07703
vt 0.90752 0.70491
vt 0.90804 0.70794
vt 0.9059 0.71009
vt 0.906 0.70577
vt 0.33356 0.02567
vt 0.33394 0.03589
vt 0.33232 0.03352
vt 0.59184 0.72437
vt 0.59314 0.72472
vt 0.59199 0.72261
vt 0.79876 0.07502
vt 0.80042 0.07669
vt 0.79872 0.07639
vt 0.9177 0.72121
vt 0.9135 0.72443
vt 0.91604 0.72128
vt 0.91347 0.72255
vt 0.73866 0.07473
vt 0.73059 0.07475
vt 0.90559 0.72709
vt 0.90538 0.72524
vt 0.91522 0.72681
vt 0.90361 0.7255
vt 0.35932 0.01514
vt 0.36066 0.16509
vt 0.36163 0.15898
vt 0.36349 0.15735
vt 0.3611 0.15531
vt 0.36323 0.1548
vt 0.2485 0.64889
vt 0.25055 0.64378
vt 0.18523 0.69236
vt 0.64329 0.64524
vt 0.33265 0.48424
vt 0.57584 0.91157
vt 0.56855 0.90872
vt 0.57708 0.90818
vt 0.36009 0.5463
vt 0.29303 0.99171
vt 0.73302 0.65203
vt 0.79531 0.12855
vt 0.79158 0.1296
vt 0.7948 0.13208
vt 0.61048 0.07685
vt 0.6131 0.0778
vt 0.60812 0.0778
vt 0.81099 0.08138
vt 0.59181 0.71378
vt 0.58944 0.71624
vt 0.58964 0.71383
vt 0.58856 0.71431
vt 0.29758 0.87559
vt 0.29711 0.8787
vt 0.29964 0.87641
vt 0.29953 0.87893
vt 0.29747 0.88913
vt 0.29917 0.88691
vt 0.35996 0.01971
vt 0.36363 0.01808
vt 0.38817 0.0004
vt 0.46319 0.59689
vt 0.38736 0.17337
vt 0.38562 0.15546
vt 0.25508 0.64781
vt 0.85248 0.63445
vt 0.85482 0.64428
vt 0.85368 0.6502
vt 0.18877 0.69669
vt 0.19167 0.69185
vt 0.19343 0.68679
vt 0.18414 0.68529
vt 0.35684 0.53457
vt 0.35673 0.5447
vt 0.79012 0.14206
vt 0.78664 0.12757
vt 0.78793 0.14495
vt 0.33905 0.96375
vt 0.33899 0.96525
vt 0.33287 0.96534
vt 0.8129 0.09137
vt 0.80068 0.09353
vt 0.46746 0.59816
vt 0.37169 0.15303
vt 0.36394 0.15294
vt 0.36982 0.15176
vt 0.26644 0.6405
vt 0.85867 0.64526
vt 0.32688 0.47102
vt 0.32617 0.4698
vt 0.32245 0.48109
vt 0.32029 0.48448
vt 0.29885 0.98635
vt 0.27872 0.98034
vt 0.3003 0.98089
vt 0.79354 0.14331
vt 0.33084 0.96394
vt 0.33113 0.96815
vt 0.79892 0.0894
vt 0.3159 0.88987
vt 0.37845 0.0207
vt 0.26237 0.64289
vt 0.25376 0.63502
vt 0.26342 0.63483
vt 0.19854 0.69577
vt 0.65056 0.67071
vt 0.74081 0.67079
vt 0.81164 0.09591
vt 0.57252 0.72148
vt 0.39408 0.1773
vt 0.85519 0.6665
vt 0.28142 0.63648
vt 0.85862 0.6667
vt 0.20082 0.69098
vt 0.30665 0.47014
vt 0.64208 0.65565
vt 0.6442 0.6744
vt 0.30233 0.98966
vt 0.80832 0.09732
vt 0.30076 0.87563
vt 0.31596 0.87687
vt 0.31692 0.87949
vt 0.55208 0.72319
vt 0.57154 0.71566
vt 0.38281 0.01817
vt 0.38614 0.14941
vt 0.37333 0.14999
vt 0.30933 0.47851
vt 0.21363 0.6855
vt 0.19391 0.68529
vt 0.72156 0.67185
vt 0.2813 0.63389
vt 0.2168 0.69409
vt 0.22137 0.68297
vt 0.30403 0.48459
vt 0.64302 0.68517
vt 0.80041 0.12338
vt 0.40784 0.02008
vt 0.39975 0.00362
vt 0.29386 0.6426
vt 0.79362 0.17171
vt 0.21727 0.6892
vt 0.32196 0.53591
vt 0.40573 0.00203
vt 0.40246 0.14951
vt 0.78995 0.1784
vt 0.28285 0.63464
vt 0.29372 0.48266
vt 0.64771 0.69864
vt 0.66175 0.69768
vt 0.329 0.53389
vt 0.32579 0.54734
vt 0.72722 0.69438
vt 0.32742 0.99151
vt 0.32629 0.98638
vt 0.44254 0.60456
vt 0.40874 0.17316
vt 0.28806 0.63671
vt 0.28635 0.63465
vt 0.2219 0.69522
vt 0.29465 0.47146
vt 0.74026 0.69231
vt 0.57333 0.71404
vt 0.5459 0.71323
vt 0.34343 0.87888
vt 0.34546 0.88063
vt 0.43487 0.59837
vt 0.45721 0.60536
vt 0.40755 0.16732
vt 0.40921 0.15469
vt 0.85682 0.70469
vt 0.85884 0.67986
vt 0.22398 0.69342
vt 0.29464 0.47008
vt 0.32576 0.98278
vt 0.31605 0.98064
vt 0.22997 0.68836
vt 0.23006 0.68441
vt 0.3289 0.98951
vt 0.68882 0.6965
vt 0.34515 0.89099
vt 0.41263 0.17809
vt 0.26376 0.48509
vt 0.64407 0.701
vt 0.81233 0.16075
vt 0.42431 0.15099
vt 0.64113 0.69437
vt 0.80411 0.16357
vt 0.85259 0.73853
vt 0.31901 0.637
vt 0.85864 0.71643
vt 0.28877 0.63429
vt 0.24819 0.68697
vt 0.26124 0.47054
vt 0.26456 0.47183
vt 0.26355 0.47909
vt 0.30064 0.54536
vt 0.70162 0.71748
vt 0.30098 0.96404
vt 0.29962 0.96528
vt 0.26843 0.96521
vt 0.51397 0.72262
vt 0.42307 0.14942
vt 0.81538 0.17817
vt 0.8023 0.16536
vt 0.31842 0.63447
vt 0.25403 0.69106
vt 0.29285 0.53412
vt 0.2997 0.53604
vt 0.36402 0.98041
vt 0.27763 0.96316
vt 0.37777 0.88036
vt 0.44294 0.00193
vt 0.35666 0.64027
vt 0.36091 0.98565
vt 0.36344 0.98218
vt 0.79379 0.21829
vt 0.37397 0.89076
vt 0.44697 0.15407
vt 0.26509 0.68185
vt 0.64105 0.73226
vt 0.643 0.73414
vt 0.38024 0.8924
vt 0.44291 0.01127
vt 0.42965 0.15123
vt 0.42933 0.1489
vt 0.85408 0.7457
vt 0.64787 0.73432
vt 0.72281 0.76154
vt 0.79164 0.23791
vt 0.78937 0.24556
vt 0.7879 0.23893
vt 0.81722 0.18545
vt 0.47868 0.7181
vt 0.51161 0.71315
vt 0.4475 0.00045
vt 0.40316 0.59698
vt 0.64424 0.73789
vt 0.37463 0.98902
vt 0.26027 0.96277
vt 0.3753 0.88191
vt 0.44314 0.02015
vt 0.68247 0.74049
vt 0.73999 0.73259
vt 0.25973 0.54127
vt 0.47249 0.17797
vt 0.43117 0.14953
vt 0.33753 0.63417
vt 0.27137 0.68503
vt 0.27328 0.68964
vt 0.28195 0.97319
vt 0.26239 0.97478
vt 0.24138 0.97291
vt 0.24515 0.48533
vt 0.34446 0.63682
vt 0.24904 0.47217
vt 0.24345 0.47941
vt 0.48806 0.72212
vt 0.42156 0.88379
vt 0.47878 0.16932
vt 0.23208 0.53652
vt 0.35992 0.64226
vt 0.64745 0.76332
vt 0.26128 0.54766
vt 0.39196 0.99099
vt 0.23989 0.96519
vt 0.41386 0.8924
vt 0.22211 0.47215
vt 0.80381 0.1992
vt 0.47515 0.00862
vt 0.37056 0.60471
vt 0.33771 0.60565
vt 0.36384 0.63441
vt 0.29973 0.6876
vt 0.2923 0.68364
vt 0.74122 0.73092
vt 0.74332 0.75339
vt 0.7412 0.75819
vt 0.48039 0.00208
vt 0.85655 0.77461
vt 0.29192 0.67978
vt 0.64105 0.76138
vt 0.64322 0.76325
vt 0.4049 0.98522
vt 0.23668 0.97474
vt 0.46526 0.71283
vt 0.4751 0.00053
vt 0.47658 0.15555
vt 0.3973 0.98045
vt 0.73957 0.75699
vt 0.81349 0.19364
vt 0.42416 0.88231
vt 0.47979 0.1514
vt 0.47826 0.14943
vt 0.85852 0.7836
vt 0.19986 0.4706
vt 0.64508 0.76281
vt 0.41417 0.89373
vt 0.21673 0.47923
vt 0.21547 0.48374
vt 0.20992 0.48534
vt 0.66527 0.77017
vt 0.73816 0.76868
vt 0.74131 0.77022
vt 0.23548 0.96295
vt 0.22623 0.96568
vt 0.2246 0.96407
vt 0.45967 0.72241
vt 0.3753 0.59707
vt 0.72708 0.77295
vt 0.47739 0.02007
vt 0.3864 0.63654
vt 0.79425 0.28475
vt 0.21832 0.97327
vt 0.22443 0.96864
vt 0.80699 0.22373
vt 0.80483 0.21797
vt 0.48062 0.14874
vt 0.21805 0.53437
vt 0.2199 0.54546
vt 0.20839 0.97472
vt 0.6434 0.79196
vt 0.66526 0.79087
vt 0.43025 0.89241
vt 0.49648 0.0097
vt 0.49438 0.00095
vt 0.32042 0.67827
vt 0.64172 0.79231
vt 0.73816 0.79093
vt 0.81734 0.22236
vt 0.43026 0.894
vt 0.35587 0.59707
vt 0.50248 0.16967
vt 0.38582 0.64199
vt 0.38677 0.63392
vt 0.32291 0.68572
vt 0.32411 0.68104
vt 0.18336 0.47224
vt 0.64611 0.78984
vt 0.69904 0.79165
vt 0.42193 0.98869
vt 0.41956 0.98161
vt 0.79156 0.29665
vt 0.7407 0.79595
vt 0.78796 0.28866
vt 0.81978 0.23527
vt 0.8689 0.61962
vt 0.86276 0.60412
vt 0.86593 0.64559
vt 0.50383 0.15113
vt 0.72309 0.79138
vt 0.49364 0.01946
vt 0.49718 0.01822
vt 0.50333 0.17785
vt 0.50564 0.15515
vt 0.51019 0.00257
vt 0.18173 0.4836
vt 0.52477 0.00516
vt 0.85474 0.81902
vt 0.38801 0.63494
vt 0.39759 0.63693
vt 0.66399 0.81469
vt 0.33112 0.60431
vt 0.8515 0.84269
vt 0.39628 0.6353
vt 0.32388 0.68734
vt 0.33237 0.68668
vt 0.649 0.81675
vt 0.72439 0.81237
vt 0.80686 0.26357
vt 0.46226 0.89524
vt 0.52608 0.01949
vt 0.52299 0.00156
vt 0.52809 0.14887
vt 0.33389 0.68494
vt 0.39833 0.71739
vt 0.34267 0.6797
vt 0.73816 0.81957
vt 0.49835 0.88507
vt 0.46371 0.89369
vt 0.5264 0.01858
vt 0.16107 0.4855
vt 0.64592 0.83309
vt 0.81898 0.25698
vt 0.52433 0.00932
vt 0.40805 0.63745
vt 0.39818 0.63461
vt 0.3554 0.67562
vt 0.64163 0.83056
vt 0.45446 0.98453
vt 0.46764 0.88546
vt 0.32705 0.59694
vt 0.19193 0.54803
vt 0.46135 0.9904
vt 0.39102 0.71234
vt 0.40825 0.63484
vt 0.40936 0.63582
vt 0.34437 0.68403
vt 0.44593 0.98127
vt 0.53303 0.16944
vt 0.6433 0.8503
vt 0.16037 0.47233
vt 0.53685 0.15537
vt 0.19506 0.53566
vt 0.1876 0.54542
vt 0.46158 0.98835
vt 0.72986 0.83781
vt 0.74066 0.84336
vt 0.80718 0.2643
vt 0.53473 0.00614
vt 0.31915 0.60053
vt 0.4465 0.6445
vt 0.44482 0.64251
vt 0.38631 0.67966
vt 0.16304 0.48369
vt 0.70638 0.84513
vt 0.73809 0.83677
vt 0.78784 0.34558
vt 0.53146 0.00469
vt 0.31854 0.59503
vt 0.56139 0.15137
vt 0.65985 0.83897
vt 0.39812 0.7219
vt 0.54033 0.01622
vt 0.4394 0.63677
vt 0.43856 0.97966
vt 0.46206 0.97951
vt 0.82062 0.29472
vt 0.54482 0.17796
vt 0.85806 0.87136
vt 0.11967 0.47045
vt 0.34519 0.6857
vt 0.37549 0.68341
vt 0.47463 0.98112
vt 0.26599 0.60067
vt 0.86899 0.71346
vt 0.8533 0.88928
vt 0.5006 0.89644
vt 0.56505 0.01941
vt 0.57416 0.14883
vt 0.12785 0.48339
vt 0.64913 0.87439
vt 0.79378 0.34941
vt 0.28583 0.59626
vt 0.56134 0.15514
vt 0.57205 0.16828
vt 0.57145 0.01586
vt 0.38649 0.67621
vt 0.38964 0.67301
vt 0.64158 0.86809
vt 0.12386 0.47203
vt 0.15819 0.53463
vt 0.82243 0.29231
vt 0.81001 0.29659
vt 0.49759 0.89481
vt 0.31526 0.59374
vt 0.26303 0.59448
vt 0.13068 0.48528
vt 0.68822 0.87411
vt 0.16248 0.54643
vt 0.4992 0.88677
vt 0.57661 0.00628
vt 0.85601 0.88987
vt 0.64586 0.87407
vt 0.80914 0.30752
vt 0.39712 0.68184
vt 0.73797 0.8855
vt 0.27321 0.5936
vt 0.46114 0.63745
vt 0.78944 0.36877
vt 0.2427 0.60488
vt 0.51293 0.98464
vt 0.72937 0.90193
vt 0.36538 0.72247
vt 0.47123 0.64349
vt 0.6431 0.88393
vt 0.13223 0.53584
vt 0.15229 0.54823
vt 0.50093 0.99009
vt 0.79357 0.36859
vt 0.74026 0.89231
vt 0.58145 0.1557
vt 0.11199 0.48462
vt 0.50091 0.98806
vt 0.82184 0.31824
vt 0.51769 0.89537
vt 0.2646 0.59633
vt 0.60176 0.17823
vt 0.61057 0.17348
vt 0.59491 0.15134
vt 0.4731 0.64559
vt 0.64953 0.89848
vt 0.36111 0.7172
vt 0.36214 0.71252
vt 0.52711 0.8857
vt 0.52157 0.88737
vt 0.40622 0.67454
vt 0.50257 0.98949
vt 0.50306 0.97948
vt 0.78695 0.37837
vt 0.82373 0.32519
vt 0.81157 0.32199
vt 0.81016 0.32538
vt 0.13265 0.54582
vt 0.51791 0.9808
vt 0.70055 0.9038
vt 0.6186 0.16589
vt 0.60399 0.15549
vt 0.11948 0.53475
vt 0.51774 0.9879
vt 0.85115 0.91786
vt 0.4997 0.64469
vt 0.49147 0.64079
vt 0.07553 0.4718
vt 0.13546 0.54826
vt 0.15076 0.54926
vt 0.82344 0.34982
vt 0.23508 0.59643
vt 0.21392 0.60601
vt 0.13693 0.54927
vt 0.79315 0.4162
vt 0.78901 0.41571
vt 0.60897 0.01541
vt 0.22713 0.60056
vt 0.61111 0.14901
vt 0.49002 0.63862
vt 0.42557 0.67959
vt 0.42843 0.67276
vt 0.44673 0.66845
vt 0.64104 0.93099
vt 0.08662 0.48452
vt 0.07816 0.48311
vt 0.64557 0.94169
vt 0.73791 0.94713
vt 0.58242 0.02143
vt 0.60992 0.01981
vt 0.64295 0.92644
vt 0.55587 0.88836
vt 0.42676 0.67764
vt 0.22581 0.5938
vt 0.8135 0.35939
vt 0.55817 0.89665
vt 0.62386 0.02158
vt 0.62389 0.00636
vt 0.42754 0.68041
vt 0.43648 0.67638
vt 0.6703 0.93125
vt 0.54053 0.97913
vt 0.56007 0.88683
vt 0.62626 0.15176
vt 0.44783 0.6708
vt 0.11005 0.53586
vt 0.11044 0.54624
vt 0.51791 0.98991
vt 0.53933 0.98776
vt 0.81175 0.36125
vt 0.11384 0.54857
vt 0.69923 0.94026
vt 0.53941 0.98979
vt 0.54445 0.9807
vt 0.62379 0.01387
vt 0.53786 0.64808
vt 0.51758 0.64224
vt 0.45298 0.67804
vt 0.07182 0.48468
vt 0.56169 0.98382
vt 0.74028 0.94291
vt 0.32899 0.7121
vt 0.54076 0.98916
vt 0.78682 0.45621
vt 0.82773 0.40322
vt 0.62374 0.01981
vt 0.45125 0.67498
vt 0.20643 0.60423
vt 0.67162 0.17126
vt 0.64718 0.14919
vt 0.30324 0.72223
vt 0.64901 0.96315
vt 0.81441 0.37731
vt 0.8124 0.37227
vt 0.8543 0.95681
vt 0.53384 0.64585
vt 0.08916 0.54619
vt 0.79309 0.4495
vt 0.65181 0.15589
vt 0.85739 0.96665
vt 0.03257 0.46982
vt 0.04866 0.48447
vt 0.08508 0.53582
vt 0.58314 0.89705
vt 0.05057 0.47182
vt 0.08641 0.53478
vt 0.65464 0.97843
vt 0.11259 0.54951
vt 0.08424 0.54984
vt 0.56909 0.98915
vt 0.81989 0.40353
vt 0.28259 0.71392
vt 0.27746 0.7118
vt 0.61125 0.88807
vt 0.58688 0.88911
vt 0.19214 0.59649
vt 0.65485 0.1518
vt 0.47154 0.66867
vt 0.64323 0.97156
vt 0.17914 0.59385
vt 0.17594 0.60052
vt 0.85101 0.95652
vt 0.47199 0.67302
vt 0.70127 0.96479
vt 0.78736 0.45731
vt 0.66988 0.01978
vt 0.64937 0.02166
vt 0.67032 0.00615
vt 0.54588 0.64315
vt 0.48028 0.67606
vt 0.4735 0.66611
vt 0.64138 0.96106
vt 0.57265 0.97907
vt 0.72391 0.98433
vt 0.73799 0.96584
vt 0.82639 0.40572
vt 0.6634 0.01487
vt 0.66868 0.17826
vt 0.08028 0.54799
vt 0.81414 0.40317
vt 0.54619 0.64657
vt 0.03276 0.4716
vt 0.58462 0.98324
vt 0.74033 0.96876
vt 0.48626 0.672
vt 0.03454 0.48286
vt 0.81583 0.40613
vt 0.1438 0.60624
vt 0.6716 0.14978
vt 0.54767 0.64841
vt 0.48438 0.66781
vt 0.48393 0.66538
vt 0.64102 0.97278
vt 0.06106 0.54931
vt 0.58587 0.98916
vt 0.59227 0.99114
vt 0.58332 0.98018
vt 0.61032 0.89009
vt 0.85073 0.96927
vt 0.85633 0.97211
vt 0.03057 0.479
vt 0.02947 0.48371
vt 0.5804 0.97914
vt 0.60563 0.89755
vt 0.67234 0.02151
vt 0.67553 0.15742
vt 0.55989 0.64889
vt 0.5596 0.64522
vt 0.55496 0.64433
vt 0.48919 0.67668
vt 0.79155 0.47113
vt 0.73737 0.98582
vt 0.17264 0.59665
vt 0.49427 0.66667
vt 0.05901 0.53511
vt 0.05754 0.54195
vt 0.73994 0.98443
vt 0.82875 0.41749
vt 0.81701 0.41998
vt 0.28337 0.72233
vt 0.68052 0.01712
vt 0.69496 0.00621
vt 0.8714 0.76203
vt 0.86314 0.81463
vt 0.87194 0.8347
vt 0.67299 0.15261
vt 0.5612 0.64295
vt 0.4951 0.67493
vt 0.49627 0.67062
vt 0.49713 0.66459
vt 0.64355 0.98877
vt 0.64183 0.98769
vt 0.02056 0.47585
vt 0.59429 0.98925
vt 0.59659 0.98052
vt 0.69695 0.98566
vt 0.7938 0.46738
vt 0.78592 0.47042
vt 0.81557 0.42123
vt 0.67914 0.16048
vt 0.85018 0.97906
vt 0.85884 0.98144
vt 0.01823 0.47123
vt 0.01901 0.46941
vt 0.01708 0.4821
vt 0.02055 0.48383
vt 0.64575 0.9907
vt 0.59665 0.98199
vt 0.7867 0.47648
vt 0.28021 0.72229
vt 0.67672 0.15013
vt 0.1091 0.90548
vt 0.10176 0.90657
vt 0.10698 0.9048
vt 0.09875 0.90514
vt 0.49709 0.70555
vt 0.50072 0.70735
vt 0.49903 0.70261
vt 0.10778 0.90097
vt 0.11006 0.90131
vt 0.56309 0.64554
vt 0.56426 0.64146
vt 0.10811 0.89711
vt 0.10954 0.89536
vt 0.85606 0.98108
vt 0.49816 0.67411
vt 0.10443 0.89692
vt 0.49893 0.6664
vt 0.49945 0.67544
vt 0.65211 0.99575
vt 0.68206 0.99673
vt 0.73509 0.99051
vt 0.79531 0.47846
vt 0.74085 0.98711
vt 0.27711 0.72269
vt 0.61276 0.89757
vt 0.67962 0.02097
vt 0.6825 0.01931
vt 0.14643 0.60473
vt 0.19964 0.79385
vt 0.20026 0.79137
vt 0.20318 0.7913
vt 0.20937 0.7938
vt 0.20326 0.78643
vt 0.20931 0.78603
vt 0.87938 0.48423
vt 0.87834 0.49475
vt 0.87936 0.50647
vt 0.21215 0.79104
vt 0.23334 0.78589
vt 0.2472 0.79287
vt 0.23312 0.78889
vt 0.22005 0.79562
vt 0.24144 0.79581
vt 0.27389 0.73173
vt 0.27317 0.70582
vt 0.27476 0.72983
vt 0.12507 0.91141
vt 0.10316 0.91193
vt 0.11065 0.91062
vt 0.09856 0.91076
vt 0.237 0.7854
vt 0.14622 0.91053
vt 0.17286 0.91193
vt 0.12296 0.90944
vt 0.67776 0.15562
vt 0.27795 0.80345
vt 0.27809 0.79199
vt 0.27964 0.79388
vt 0.12898 0.89814
vt 0.25018 0.78883
vt 0.23758 0.78365
vt 0.23839 0.77581
vt 0.24366 0.76106
vt 0.23886 0.76743
vt 0.24108 0.75869
vt 0.24034 0.76107
vt 0.18375 0.90989
vt 0.18195 0.91155
vt 0.18242 0.90324
vt 0.16335 0.89867
vt 0.1411 0.8992
vt 0.24973 0.79562
vt 0.24866 0.78372
vt 0.24925 0.77148
vt 0.24697 0.75994
vt 0.24974 0.75947
vt 0.18304 0.89974
vt 0.14115 0.89726
vt 0.13089 0.89649
vt 0.11122 0.89506
vt 0.49886 0.6639
vt 0.01869 0.48417
vt 0.13988 0.89026
vt 0.14139 0.88888
vt 0.13184 0.8874
vt 0.1333 0.88116
vt 0.13244 0.87554
vt 0.1411 0.85713
vt 0.14282 0.85731
vt 0.13418 0.86153
vt 0.13324 0.85427
vt 0.13437 0.85529
vt 0.14254 0.85491
vt 0.0554 0.53416
vt 0.05441 0.54892
vt 0.59892 0.99171
vt 0.59825 0.99014
vt 0.59716 0.98544
vt 0.92036 0.56216
vt 0.92112 0.56552
vt 0.92432 0.56572
vt 0.92081 0.56695
vt 0.91805 0.55647
vt 0.91924 0.55753
vt 0.92342 0.55679
vt 0.94459 0.56009
vt 0.95232 0.54744
vt 0.72509 0.99627
vt 0.95155 0.54924
vt 0.95626 0.55712
vt 0.95943 0.54893
vt 0.9344 0.45225
vt 0.93526 0.45848
vt 0.93857 0.45341
vt 0.93716 0.45766
vt 0.95631 0.54606
vt 0.73186 0.99229
vt 0.79257 0.47844
vt 0.94825 0.50957
vt 0.95366 0.53043
vt 0.94728 0.50372
vt 0.9592 0.54215
vt 0.95624 0.54334
vt 0.95841 0.55733
vt 0.95966 0.56119
vt 0.73662 0.99011
vt 0.94082 0.44982
vt 0.78921 0.47816
vt 0.94677 0.502
vt 0.95423 0.49985
vt 0.95477 0.50197
vt 0.95494 0.50789
vt 0.96313 0.57649
vt 0.96595 0.58716
vt 0.96798 0.58106
vt 0.96956 0.58969
vt 0.73881 0.9893
vt 0.96735 0.59044
vt 0.95466 0.45246
vt 0.94621 0.4571
vt 0.27573 0.72472
vt 0.27545 0.7113
vt 0.97973 0.57698
vt 0.97652 0.57236
vt 0.95418 0.44908
vt 0.83029 0.42339
vt 0.82942 0.42589
vt 0.8172 0.4261
vt 0.81523 0.42431
vt 0.96372 0.50409
vt 0.9645 0.51784
vt 0.97199 0.55369
vt 0.96798 0.51944
vt 0.97467 0.55183
vt 0.98014 0.57239
vt 0.96572 0.44191
vt 0.9624 0.44435
vt 0.9602 0.45513
vt 0.61546 0.89294
vt 0.61324 0.88747
vt 0.69158 0.01661
vt 0.97413 0.44841
vt 0.97846 0.44085
vt 0.97935 0.43799
vt 0.9787 0.44431
vt 0.98014 0.44193
vt 0.88001 0.49063
vt 0.93966 0.62982
vt 0.96031 0.62823
vt 0.93913 0.63174
vt 0.68171 0.15789
vt 0.93612 0.63098
vt 0.26887 0.70024
vt 0.27338 0.70063
vt 0.271 0.70104
vt 0.01818 0.43965
vt 0.01832 0.44497
vt 0.01725 0.44482
vt 0.01864 0.45723
vt 0.01697 0.46993
vt 0.01696 0.48565
vt 0.01872 0.50578
vt 0.0171 0.50196
vt 0.01675 0.52148
vt 0.01807 0.53021
vt 0.50093 0.69862
vt 0.49989 0.67723
vt 0.50207 0.69811
vt 0.50438 0.67345
vt 0.50369 0.66427
vt 0.64388 0.99423
vt 0.01757 0.43291
vt 0.01611 0.43344
vt 0.04474 0.5382
vt 0.93744 0.46175
vt 0.94308 0.484
vt 0.94374 0.48685
vt 0.94598 0.48542
vt 0.87236 0.00582
vt 0.87434 0.00394
vt 0.87112 0.00256
vt 0.87208 0.00129
vt 0.94531 0.45937
vt 0.94587 0.46045
vt 0.93986 0.46788
vt 0.94245 0.4805
vt 0.95093 0.48212
vt 0.9491 0.48468
vt 0.78653 0.47986
vt 0.9528 0.47573
vt 0.95473 0.45862
vt 0.95065 0.48123
vt 0.83213 0.42615
vt 0.95186 0.48489
vt 0.95467 0.48822
vt 0.95464 0.49782
vt 0.81346 0.42533
vt 0.95596 0.46332
vt 0.96385 0.49388
vt 0.33803 0.75291
vt 0.31199 0.75237
vt 0.31556 0.75378
vt 0.95644 0.45725
vt 0.95927 0.47751
vt 0.9626 0.48742
vt 0.95967 0.4742
vt 0.95749 0.46467
vt 0.96609 0.50542
vt 0.61904 0.8152
vt 0.61716 0.82913
vt 0.61835 0.83876
vt 0.61672 0.85634
vt 0.97462 0.54585
vt 0.61487 0.88329
vt 0.61585 0.89829
vt 0.29913 0.75418
vt 0.29788 0.75238
vt 0.35442 0.75185
vt 0.35848 0.75158
vt 0.35643 0.75441
vt 0.88613 0.48386
vt 0.89364 0.49526
vt 0.69238 0.17822
vt 0.69034 0.16036
vt 0.26583 0.70329
vt 0.87916 0.52987
vt 0.87949 0.53885
vt 0.88688 0.53943
vt 0.08989 0.84558
vt 0.10107 0.84637
vt 0.10433 0.84558
vt 0.01293 0.52999
vt 0.50511 0.69352
vt 0.50658 0.66591
vt 0.2935 0.48718
vt 0.29052 0.49475
vt 0.29177 0.4875
vt 0.64663 0.99656
vt 0.29299 0.49724
vt 0.28954 0.4969
vt 0.0043 0.43627
vt 0.05558 0.49203
vt 0.05441 0.50033
vt 0.0445 0.49509
vt 0.05433 0.53196
vt 0.05473 0.58736
vt 0.04522 0.58143
vt 0.73378 0.99707
vt 0.05525 0.59191
vt 0.0511 0.59281
vt 0.9392 0.46918
vt 0.94338 0.47706
vt 0.94142 0.47843
vt 0.94667 0.47086
vt 0.96039 0.48331
vt 0.95698 0.45907
vt 0.96223 0.48391
vt 0.61919 0.86079
vt 0.15493 0.5962
vt 0.15007 0.60057
vt 0.7339 0.53473
vt 0.73392 0.53135
vt 0.73717 0.53209
vt 0.2972 0.75773
vt 0.35318 0.75738
vt 0.88834 0.48852
vt 0.89466 0.51009
vt 0.69115 0.16873
vt 0.69124 0.15842
vt 0.00939 0.44486
vt 0.01044 0.46379
vt 0.00804 0.47481
vt 0.01035 0.49259
vt 0.00611 0.52745
vt 0.05047 0.49201
vt 0.51293 0.69784
vt 0.50818 0.67434
vt 0.43775 0.83847
vt 0.43927 0.83945
vt 0.43763 0.84275
vt 0.88061 0.53989
vt 0.00492 0.48726
vt 0.44114 0.83991
vt 0.44264 0.84223
vt 0.28825 0.49007
vt 0.28995 0.48719
vt 0.2876 0.48618
vt 0.28256 0.48964
vt 0.28367 0.49465
vt 0.65273 0.99824
vt 0.28331 0.4971
vt 0.26813 0.48668
vt 0.268 0.49425
vt 0.66832 0.99961
vt 0.26766 0.49721
vt 0.23682 0.48665
vt 0.23031 0.49398
vt 0.70245 0.99961
vt 0.23344 0.49724
vt 0.22485 0.48664
vt 0.7223 0.99881
vt 0.21352 0.49715
vt 0.21434 0.49436
vt 0.21389 0.48925
vt 0.20854 0.48665
vt 0.20345 0.49092
vt 0.20165 0.49468
vt 0.34621 0.75419
vt 0.34478 0.75353
vt 0.34533 0.76202
vt 0.2034 0.48646
vt 0.20191 0.49685
vt 0.0449 0.59247
vt 0.20108 0.48654
vt 0.91212 0.57426
vt 0.90994 0.57229
vt 0.91227 0.56597
vt 0.33847 0.76924
vt 0.32401 0.77231
vt 0.62233 0.76814
vt 0.62065 0.7736
vt 0.6259 0.7704
vt 0.62838 0.76787
vt 0.63166 0.77955
vt 0.62112 0.78349
vt 0.61963 0.80346
vt 0.6203 0.79691
vt 0.62974 0.83181
vt 0.6295 0.88613
vt 0.6308 0.89558
vt 0.62831 0.8985
vt 0.69525 0.01881
vt 0.74932 0.53078
vt 0.7513 0.54394
vt 0.74817 0.54179
vt 0.30665 0.76404
vt 0.73829 0.54249
vt 0.3582 0.7658
vt 0.89663 0.52303
vt 0.00687 0.44875
vt 0.00496 0.44328
vt 0.0057 0.4557
vt 0.00499 0.44887
vt 0.00662 0.46867
vt 0.00499 0.47103
vt 0.00646 0.49112
vt 0.00464 0.53041
vt 0.04224 0.49263
vt 0.51482 0.69249
vt 0.51255 0.68485
vt 0.51165 0.67443
vt 0.00994 0.43246
vt 0.00181 0.43322
vt 0.43731 0.84656
vt 0.45028 0.84564
vt 0.46198 0.84434
vt 0.49465 0.8455
vt 0.49326 0.84422
vt 0.50519 0.84393
vt 0.52139 0.84266
vt 0.5254 0.84586
vt 0.04291 0.59208
vt 0.70036 0.36087
vt 0.70747 0.35979
vt 0.71292 0.3611
vt 0.5265 0.84284
vt 0.71119 0.36806
vt 0.71041 0.3732
vt 0.70757 0.37012
vt 0.52859 0.84177
vt 0.52859 0.84814
vt 0.70764 0.45
vt 0.71069 0.45774
vt 0.70867 0.45752
vt 0.6317 0.77071
vt 0.62177 0.79368
vt 0.63082 0.8028
vt 0.6283 0.87893
vt 0.15439 0.59364
vt 0.30108 0.76698
vt 0.7348 0.54306
vt 0.29711 0.76545
vt 0.35271 0.76553
vt 0.35492 0.76553
vt 0.88836 0.48223
vt 0.89323 0.48498
vt 0.89591 0.5378
vt 0.00461 0.46863
vt 0.00475 0.45653
vt 0.00453 0.52784
vt 0.00449 0.49055
vt 0.51489 0.69945
vt 0.51455 0.67556
vt 0.51661 0.67314
vt 0.89509 0.53989
vt 0.04415 0.50722
vt 0.44308 0.85297
vt 0.43715 0.85216
vt 0.48383 0.85436
vt 0.52373 0.85227
vt 0.0443 0.57774
vt 0.63213 0.76738
vt 0.6965 0.0166
vt 0.30507 0.76936
vt 0.74841 0.54455
vt 0.7401 0.54467
vt 0.73752 0.54713
vt 0.7356 0.54615
vt 0.69767 0.16837
vt 0.6969 0.16153
vt 0.69538 0.15853
vt 0.98483 0.76234
vt 0.98659 0.77092
vt 0.98928 0.75841
vt 0.43508 0.84979
vt 0.43686 0.84886
vt 0.44367 0.85432
vt 0.5194 0.85385
vt 0.5296 0.85181
vt 0.34437 0.76911
vt 0.98686 0.87295
vt 0.98747 0.87489
vt 0.99008 0.87343
vt 0.98489 0.87504
vt 0.98337 0.89173
vt 0.63029 0.89027
vt 0.74774 0.55017
vt 0.75108 0.54979
vt 0.75212 0.55263
vt 0.14702 0.59366
vt 0.44984 0.02686
vt 0.45044 0.0233
vt 0.44764 0.02422
vt 0.89778 0.49316
vt 0.89928 0.48963
vt 0.70017 0.17807
vt 0.69757 0.15881
vt 0.98598 0.75648
vt 0.98915 0.75579
vt 0.99137 0.77034
vt 0.991 0.76029
vt 0.43502 0.85506
vt 0.44207 0.85479
vt 0.52089 0.85422
vt 0.99146 0.87349
vt 0.99129 0.86375
vt 0.99147 0.88438
vt 0.98795 0.8927
vt 0.9918 0.89269
vt 0.63213 0.89848
vt 0.6992 0.01868
vt 0.70232 0.0057
vt 0.74644 0.55529
vt 0.30197 0.77412
vt 0.14618 0.59698
vt 0.29985 0.76817
vt 0.44952 0.02914
vt 0.44514 0.02678
vt 0.44366 0.03
vt 0.44481 0.02424
vt 0.89836 0.49828
vt 0.70259 0.16705
vt 0.70102 0.15966
vt 0.7023 0.16045
vt 0.69826 0.15609
vt 0.69878 0.07338
vt 0.6991 0.04163
vt 0.70536 0.05065
vt 0.7056 0.03731
vt 0.70277 0.03684
vt 0.69916 0.03115
vt 0.70169 0.02054
vt 0.70502 0.03536
vt 0.7042 0.0202
vt 0.70355 0.01477
vt 0.70553 0.01756
vt 0.3046 0.77528
vt 0.14389 0.59385
vt 0.14385 0.60109
vt 0.44224 0.02513
vt 0.03551 0.06433
vt 0.03428 0.06264
vt 0.03357 0.06503
vt 0.70317 0.1682
vt 0.70328 0.17891
vt 0.70344 0.15982
vt 0.70347 0.15266
vt 0.69775 0.14773
vt 0.69764 0.13358
vt 0.70375 0.1321
vt 0.69774 0.11663
vt 0.70454 0.0884
vt 0.70578 0.01452
vt 0.70542 0.0048
vt 0.86602 0.90848
vt 0.86355 0.91849
vt 0.86801 0.91867
vt 0.14373 0.59857
vt 0.87098 0.08946
vt 0.87256 0.08613
vt 0.72384 0.35679
vt 0.00872 0.12185
vt 0.72368 0.29959
vt 0.72904 0.33237
vt 0.00817 0.07389
vt 0.00795 0.02585
vt 0.72424 0.20436
vt 0.85957 0.60624
vt 0.20325 0.63143
vt 0.54838 0.51297
vt 0.54688 0.51168
vt 0.54552 0.51609
vt 0.54138 0.5159
vt 0.86189 0.09297
vt 0.86082 0.0857
vt 0.00847 0.16835
vt 0.72225 0.18339
vt 0.72547 0.18155
vt 0.53429 0.51359
vt 0.53596 0.51291
vt 0.51241 0.51619
vt 0.50794 0.51589
vt 0.83543 0.52511
vt 0.84388 0.5248
vt 0.84438 0.52646
vt 0.83727 0.52581
vt 0.9791 0.92102
vt 0.97839 0.93394
vt 0.97878 0.9375
vt 0.98098 0.96622
vt 0.54838 0.50301
vt 0.54559 0.50445
vt 0.54227 0.50833
vt 0.53693 0.50935
vt 0.52645 0.51173
vt 0.87235 0.11267
vt 0.70457 0.35839
vt 0.50658 0.51384
vt 0.83266 0.52404
vt 0.83555 0.52136
vt 0.84006 0.52122
vt 0.8448 0.52105
vt 0.50453 0.51419
vt 0.70423 0.35683
vt 0.70744 0.22944
vt 0.03937 0.36752
vt 0.02779 0.36826
vt 0.49576 0.13209
vt 0.49685 0.12953
vt 0.49793 0.13231
vt 0.97681 0.93574
vt 0.97663 0.93805
vt 0.97853 0.9583
vt 0.54695 0.50308
vt 0.53706 0.50674
vt 0.68301 0.49251
vt 0.0383 0.36056
vt 0.02708 0.36366
vt 0.02714 0.36079
vt 0.03542 0.38768
vt 0.03173 0.45449
vt 0.47184 0.13231
vt 0.47346 0.13018
vt 0.47515 0.13218
vt 0.48181 0.13137
vt 0.49395 0.12678
vt 0.49191 0.13078
vt 0.97443 0.93615
vt 0.96907 0.95431
vt 0.70755 0.18138
vt 0.96922 0.96799
vt 0.97203 0.96977
vt 0.54156 0.49913
vt 0.53748 0.50317
vt 0.52505 0.50014
vt 0.509 0.50279
vt 0.81754 0.52241
vt 0.83256 0.50675
vt 0.82773 0.5232
vt 0.84387 0.5076
vt 0.84585 0.52035
vt 0.78786 0.50994
vt 0.79982 0.52303
vt 0.80706 0.50972
vt 0.72253 0.51685
vt 0.72634 0.51877
vt 0.72435 0.52646
vt 0.73636 0.52555
vt 0.73898 0.51677
vt 0.74372 0.52493
vt 0.75105 0.51883
vt 0.749 0.52495
vt 0.02001 0.04165
vt 0.01191 0.04142
vt 0.48707 0.50916
vt 0.48689 0.5067
vt 0.48901 0.50537
vt 0.48917 0.50987
vt 0.48614 0.49882
vt 0.4885 0.49895
vt 0.48014 0.50928
vt 0.48351 0.50274
vt 0.47709 0.49886
vt 0.4632 0.50772
vt 0.46501 0.50322
vt 0.0169 0.07788
vt 0.01552 0.09081
vt 0.45659 0.49895
vt 0.70083 0.25612
vt 0.41239 0.50986
vt 0.44382 0.50343
vt 0.01685 0.09726
vt 0.42296 0.50804
vt 0.43036 0.49918
vt 0.41176 0.50363
vt 0.01497 0.12503
vt 0.41212 0.49931
vt 0.40423 0.50796
vt 0.40048 0.49958
vt 0.39972 0.50984
vt 0.39989 0.50317
vt 0.04271 0.3641
vt 0.39979 0.5076
vt 0.03883 0.40792
vt 0.39748 0.50987
vt 0.39747 0.50634
vt 0.39813 0.49973
vt 0.47469 0.11635
vt 0.49629 0.12385
vt 0.96505 0.93664
vt 0.96498 0.93865
vt 0.54479 0.49685
vt 0.70754 0.12836
vt 0.7059 0.12693
vt 0.53989 0.49787
vt 0.53469 0.50004
vt 0.86867 0.15246
vt 0.83924 0.50679
vt 0.84541 0.50179
vt 0.77199 0.50893
vt 0.72433 0.51279
vt 0.74321 0.51204
vt 0.75004 0.511
vt 0.7579 0.50959
vt 0.02575 0.04964
vt 0.02564 0.06789
vt 0.02572 0.0836
vt 0.02549 0.11681
vt 0.02528 0.13876
vt 0.04214 0.36097
vt 0.04225 0.37147
vt 0.0254 0.141
vt 0.04255 0.37536
vt 0.04322 0.38715
vt 0.04226 0.39747
vt 0.0435 0.41783
vt 0.04359 0.43664
vt 0.04502 0.45469
vt 0.03192 0.45632
vt 0.47237 0.11682
vt 0.4821 0.11762
vt 0.49457 0.11972
vt 0.49906 0.12197
vt 0.96617 0.95926
vt 0.54176 0.49566
vt 0.44537 0.13431
vt 0.44494 0.13137
vt 0.44729 0.13342
vt 0.53707 0.49762
vt 0.52975 0.498
vt 0.44176 0.12806
vt 0.43641 0.12485
vt 0.44318 0.12672
vt 0.87179 0.11481
vt 0.41083 0.12632
vt 0.4131 0.12479
vt 0.72094 0.51307
vt 0.40887 0.12847
vt 0.4098 0.12279
vt 0.90905 0.09123
vt 0.0262 0.04305
vt 0.68709 0.30037
vt 0.02642 0.09911
vt 0.04371 0.37213
vt 0.04312 0.4035
vt 0.04345 0.41009
vt 0.04523 0.45635
vt 0.49659 0.11381
vt 0.50152 0.11358
vt 0.50505 0.11256
vt 0.50502 0.12053
vt 0.3159 0.5639
vt 0.31787 0.56533
vt 0.31625 0.5663
vt 0.33667 0.56526
vt 0.32262 0.56375
vt 0.96637 0.96964
vt 0.44457 0.13543
vt 0.41883 0.13447
vt 0.4045 0.13547
vt 0.79053 0.50763
vt 0.83252 0.50511
vt 0.72826 0.51167
vt 0.73794 0.51012
vt 0.887 0.06871
vt 0.89665 0.06758
vt 0.89501 0.06866
vt 0.91954 0.06623
vt 0.90916 0.06912
vt 0.92781 0.06886
vt 0.40919 0.1184
vt 0.40868 0.10771
vt 0.74386 0.50964
vt 0.39851 0.09918
vt 0.89548 0.0582
vt 0.89916 0.0568
vt 0.93391 0.05763
vt 0.89464 0.05726
vt 0.93536 0.05542
vt 0.96004 0.05389
vt 0.97094 0.05344
vt 0.39802 0.13543
vt 0.93766 0.04473
vt 0.93918 0.04467
vt 0.94738 0.04648
vt 0.94679 0.02809
vt 0.93666 0.01246
vt 0.93842 0.01282
vt 0.9456 0.01263
vt 0.94672 0.01224
vt 0.02747 0.09667
vt 0.21262 0.81537
vt 0.19508 0.80922
vt 0.2065 0.82188
vt 0.19734 0.79707
vt 0.19691 0.79898
vt 0.21408 0.81472
vt 0.17994 0.79167
vt 0.18038 0.79421
vt 0.18329 0.78453
vt 0.18565 0.78482
vt 0.30699 0.55751
vt 0.30217 0.55729
vt 0.17849 0.79344
vt 0.30504 0.56516
vt 0.04412 0.3848
vt 0.0449 0.39692
vt 0.30424 0.57812
vt 0.30781 0.58974
vt 0.30411 0.59044
vt 0.04505 0.41183
vt 0.04517 0.42083
vt 0.1915 0.77515
vt 0.18652 0.78342
vt 0.20849 0.75857
vt 0.1767 0.79504
vt 0.16195 0.81231
vt 0.15945 0.81663
vt 0.15624 0.81811
vt 0.15772 0.81993
vt 0.31427 0.58259
vt 0.20736 0.7447
vt 0.21408 0.75171
vt 0.2008 0.74927
vt 0.32038 0.55747
vt 0.31306 0.59044
vt 0.20858 0.74327
vt 0.2067 0.74289
vt 0.20412 0.74487
vt 0.18634 0.76279
vt 0.33754 0.56338
vt 0.3487 0.55623
vt 0.34729 0.56097
vt 0.34595 0.56352
vt 0.34798 0.55962
vt 0.99242 0.65777
vt 0.99675 0.65284
vt 0.99675 0.66074
vt 0.93663 0.06854
vt 0.95819 0.06866
vt 0.94873 0.06719
vt 0.96997 0.069
vt 0.83454 0.50418
vt 0.97216 0.06912
vt 0.74495 0.50667
vt 0.7458 0.5075
vt 0.75791 0.50754
vt 0.75958 0.50921
vt 0.75891 0.50733
vt 0.23316 0.89706
vt 0.23141 0.89613
vt 0.97464 0.05904
vt 0.50508 0.87221
vt 0.50724 0.87063
vt 0.50794 0.87243
vt 0.50657 0.86279
vt 0.50471 0.86108
vt 0.50694 0.86159
vt 0.02787 0.08422
vt 0.02724 0.09842
vt 0.38375 0.62283
vt 0.38539 0.63253
vt 0.3838 0.6331
vt 0.15891 0.81108
vt 0.15696 0.8147
vt 0.15431 0.8159
vt 0.17606 0.77726
vt 0.15126 0.79934
vt 0.66851 0.35698
vt 0.50187 0.86715
vt 0.5024 0.8629
vt 0.03038 0.09764
vt 0.05537 0.39743
vt 0.05141 0.40372
vt 0.39296 0.62479
vt 0.85008 0.47354
vt 0.84915 0.46982
vt 0.84742 0.4722
vt 0.40128 0.62018
vt 0.399 0.62283
vt 0.67293 0.18305
vt 0.86054 0.12279
vt 0.83514 0.50215
vt 0.83979 0.48969
vt 0.74574 0.49765
vt 0.7477 0.49864
vt 0.75873 0.4955
vt 0.24403 0.8974
vt 0.2474 0.90484
vt 0.40379 0.6304
vt 0.85273 0.46096
vt 0.40225 0.63258
vt 0.67019 0.22419
vt 0.83458 0.48527
vt 0.84373 0.49076
vt 0.75765 0.49645
vt 0.48572 0.87034
vt 0.05803 0.40292
vt 0.74725 0.486
vt 0.48845 0.86685
vt 0.4898 0.8601
vt 0.04269 0.08486
vt 0.04487 0.09779
vt 0.0661 0.3989
vt 0.85032 0.45339
vt 0.84713 0.45341
vt 0.65989 0.35897
vt 0.63156 0.35835
vt 0.70264 0.359
vt 0.75867 0.47993
vt 0.65062 0.27705
vt 0.87158 0.16182
vt 0.84438 0.45121
vt 0.7456 0.48746
vt 0.25822 0.89703
vt 0.47802 0.86174
vt 0.06971 0.4046
vt 0.40378 0.62531
vt 0.41011 0.62685
vt 0.04526 0.16988
vt 0.75733 0.47843
vt 0.05391 0.09696
vt 0.07825 0.39781
vt 0.84309 0.46253
vt 0.46946 0.86811
vt 0.47567 0.85979
vt 0.41556 0.62502
vt 0.83404 0.4694
vt 0.83916 0.46609
vt 0.26396 0.90514
vt 0.76931 0.11002
vt 0.07671 0.41169
vt 0.85139 0.43667
vt 0.66055 0.30499
vt 0.05677 0.08451
vt 0.06133 0.08576
vt 0.06342 0.08897
vt 0.8574 0.43964
vt 0.06462 0.09315
vt 0.84733 0.43564
vt 0.45805 0.62523
vt 0.1316 0.0023
vt 0.45572 0.87126
vt 0.4528 0.86472
vt 0.44825 0.63281
vt 0.75767 0.45238
vt 0.28601 0.90486
vt 0.45315 0.86132
vt 0.10582 0.39789
vt 0.09775 0.39897
vt 0.09597 0.40622
vt 0.28332 0.89705
vt 0.28397 0.89986
vt 0.4509 0.86006
vt 0.08144 0.08449
vt 0.45169 0.62703
vt 0.85144 0.41361
vt 0.17148 0.68547
vt 0.10138 0.41041
vt 0.11894 0.41164
vt 0.8558 0.40918
vt 0.83332 0.4338
vt 0.08355 0.08566
vt 0.08441 0.09294
vt 0.84741 0.41238
vt 0.6247 0.18296
vt 0.75584 0.43452
vt 0.62309 0.32058
vt 0.43803 0.87055
vt 0.08542 0.08886
vt 0.7694 0.14329
vt 0.63561 0.23889
vt 0.62911 0.20618
vt 0.45632 0.63061
vt 0.85737 0.37794
vt 0.83856 0.43492
vt 0.84239 0.43157
vt 0.84383 0.42887
vt 0.62233 0.34958
vt 0.44004 0.86832
vt 0.12078 0.4063
vt 0.63799 0.18124
vt 0.76987 0.17733
vt 0.84747 0.37956
vt 0.11273 0.0863
vt 0.85089 0.3797
vt 0.41248 0.86282
vt 0.60563 0.26147
vt 0.57088 0.35663
vt 0.33164 0.89737
vt 0.41023 0.86022
vt 0.122 0.08399
vt 0.11557 0.09355
vt 0.49315 0.62728
vt 0.61252 0.13547
vt 0.63285 0.13468
vt 0.60325 0.13468
vt 0.83787 0.40648
vt 0.7434 0.40537
vt 0.14484 0.39904
vt 0.14558 0.41042
vt 0.85565 0.37323
vt 0.8684 0.22512
vt 0.87125 0.22842
vt 0.83274 0.40529
vt 0.8418 0.40476
vt 0.74463 0.40375
vt 0.75467 0.39029
vt 0.59934 0.35882
vt 0.39523 0.87092
vt 0.1465 0.4056
vt 0.84316 0.39855
vt 0.75644 0.39936
vt 0.32909 0.90504
vt 0.39453 0.8687
vt 0.58795 0.2094
vt 0.83276 0.38249
vt 0.74304 0.4039
vt 0.15783 0.39758
vt 0.58527 0.30822
vt 0.14546 0.08506
vt 0.14281 0.08853
vt 0.76997 0.19697
vt 0.83695 0.37879
vt 0.15946 0.41219
vt 0.49879 0.62486
vt 0.84117 0.37588
vt 0.74287 0.35259
vt 0.75634 0.38327
vt 0.3916 0.86247
vt 0.84248 0.37329
vt 0.5771 0.27811
vt 0.74127 0.3512
vt 0.16284 0.39933
vt 0.16581 0.41042
vt 0.85565 0.3272
vt 0.5346 0.18264
vt 0.74612 0.34376
vt 0.16846 0.09242
vt 0.86775 0.28312
vt 0.87077 0.29088
vt 0.84174 0.33639
vt 0.75348 0.35009
vt 0.35813 0.871
vt 0.19826 0.40613
vt 0.52991 0.6273
vt 0.85722 0.31164
vt 0.85147 0.31377
vt 0.54253 0.35874
vt 0.53998 0.35811
vt 0.75514 0.34671
vt 0.35219 0.86897
vt 0.77003 0.24292
vt 0.54884 0.26188
vt 0.83195 0.3386
vt 0.83282 0.33394
vt 0.83641 0.34297
vt 0.54836 0.30369
vt 0.35324 0.85995
vt 0.17886 0.08346
vt 0.22027 0.39743
vt 0.50807 0.18115
vt 0.52714 0.18081
vt 0.84059 0.34206
vt 0.19904 0.41233
vt 0.53865 0.62472
vt 0.34509 0.86543
vt 0.18399 0.08838
vt 0.20354 0.39925
vt 0.1986 0.41054
vt 0.84743 0.30148
vt 0.34433 0.86194
vt 0.54191 0.21102
vt 0.86468 0.27975
vt 0.36825 0.90549
vt 0.86267 0.28206
vt 0.74084 0.34142
vt 0.85568 0.30146
vt 0.52915 0.35662
vt 0.75216 0.30724
vt 0.31754 0.87129
vt 0.23521 0.08453
vt 0.55061 0.63226
vt 0.85166 0.2668
vt 0.21073 0.00124
vt 0.83961 0.30633
vt 0.41214 0.90564
vt 0.51418 0.3041
vt 0.50108 0.26369
vt 0.57485 0.62468
vt 0.52127 0.34219
vt 0.20902 0.09197
vt 0.34506 0.72788
vt 0.86239 0.31237
vt 0.87 0.31148
vt 0.87129 0.29369
vt 0.83226 0.30409
vt 0.4336 0.64966
vt 0.31108 0.85996
vt 0.22092 0.08289
vt 0.2221 0.40209
vt 0.23441 0.41046
vt 0.8709 0.31375
vt 0.52158 0.35835
vt 0.73969 0.30782
vt 0.7412 0.29388
vt 0.22771 0.40643
vt 0.75376 0.30224
vt 0.85725 0.25501
vt 0.30602 0.86251
vt 0.21918 0.08795
vt 0.50289 0.18284
vt 0.21116 0.09543
vt 0.22233 0.09653
vt 0.23504 0.41243
vt 0.85568 0.25993
vt 0.84719 0.26568
vt 0.49649 0.3582
vt 0.29493 0.86927
vt 0.29716 0.86617
vt 0.43903 0.90628
vt 0.47433 0.20456
vt 0.26953 0.39916
vt 0.43596 0.9041
vt 0.48393 0.2396
vt 0.59153 0.62744
vt 0.84731 0.26079
vt 0.84552 0.26445
vt 0.86218 0.34656
vt 0.83112 0.29887
vt 0.83165 0.27853
vt 0.82998 0.25785
vt 0.73899 0.2784
vt 0.43701 0.89847
vt 0.24931 0.09154
vt 0.84537 0.24806
vt 0.75035 0.25764
vt 0.85105 0.25006
vt 0.26751 0.40621
vt 0.26892 0.41233
vt 0.6089 0.62455
vt 0.2699 0.87166
vt 0.25467 0.08779
vt 0.74018 0.26178
vt 0.75131 0.23244
vt 0.48379 0.898
vt 0.46561 0.90606
vt 0.46358 0.31024
vt 0.2675 0.41047
vt 0.85556 0.2219
vt 0.44099 0.22456
vt 0.25981 0.09584
vt 0.28479 0.39744
vt 0.26367 0.09428
vt 0.23418 0.8632
vt 0.84773 0.22743
vt 0.84518 0.21205
vt 0.44898 0.18265
vt 0.62771 0.6278
vt 0.85721 0.1719
vt 0.85138 0.22561
vt 0.45242 0.28122
vt 0.73941 0.23948
vt 0.42586 0.33418
vt 0.26266 0.86632
vt 0.86261 0.41029
vt 0.44581 0.3569
vt 0.4758 0.90559
vt 0.26129 0.86968
vt 0.28794 0.39901
vt 0.29137 0.41012
vt 0.83013 0.21683
vt 0.29893 0.0835
vt 0.29034 0.40606
vt 0.31391 0.41162
vt 0.65399 0.62516
vt 0.23224 0.8609
vt 0.29963 0.08187
vt 0.34755 0.18049
vt 0.40064 0.35584
vt 0.73679 0.20957
vt 0.30056 0.09089
vt 0.87102 0.42274
vt 0.42196 0.35871
vt 0.82879 0.21211
vt 0.73839 0.21065
vt 0.74882 0.21559
vt 0.50355 0.90562
vt 0.23175 0.87205
vt 0.299 0.09533
vt 0.32779 0.40535
vt 0.23754 0.86984
vt 0.23697 0.86693
vt 0.31751 0.39857
vt 0.85549 0.17774
vt 0.74351 0.89787
vt 0.30465 0.09373
vt 0.41829 0.26233
vt 0.30847 0.08649
vt 0.32515 0.39682
vt 0.84528 0.18081
vt 0.34607 0.65028
vt 0.73773 0.18256
vt 0.39643 0.19935
vt 0.74787 0.17519
vt 0.39134 0.32179
vt 0.33648 0.65108
vt 0.33249 0.40964
vt 0.85082 0.16902
vt 0.33578 0.18085
vt 0.82913 0.18778
vt 0.73562 0.18129
vt 0.84513 0.16589
vt 0.86275 0.43253
vt 0.33083 0.3982
vt 0.68803 0.63233
vt 0.828 0.19368
vt 0.52668 0.90284
vt 0.21206 0.87028
vt 0.21536 0.86457
vt 0.85515 0.1487
vt 0.5383 0.8986
vt 0.32566 0.09022
vt 0.837 0.17672
vt 0.53389 0.90526
vt 0.74332 0.93644
vt 0.87122 0.49503
vt 0.74967 0.17262
vt 0.3851 0.29308
vt 0.19511 0.86162
vt 0.33668 0.08167
vt 0.35337 0.39779
vt 0.35186 0.41117
vt 0.69201 0.62515
vt 0.83856 0.16603
vt 0.353 0.40513
vt 0.35277 0.40932
vt 0.19008 0.8635
vt 0.33802 0.08636
vt 0.34215 0.09409
vt 0.35103 0.39626
vt 0.33827 0.08306
vt 0.8574 0.12909
vt 0.82897 0.16486
vt 0.19052 0.87012
vt 0.82715 0.16488
vt 0.83824 0.1629
vt 0.73482 0.16244
vt 0.73711 0.16939
vt 0.54515 0.90592
vt 0.18809 0.87243
vt 0.37623 0.24334
vt 0.70217 0.62689
vt 0.35141 0.35697
vt 0.83673 0.16507
vt 0.34461 0.08849
vt 0.8552 0.1297
vt 0.73626 0.1605
vt 0.7469 0.16226
vt 0.74859 0.16052
vt 0.54937 0.89771
vt 0.54944 0.90164
vt 0.36067 0.39587
vt 0.70212 0.6331
vt 0.84523 0.13015
vt 0.35571 0.35867
vt 0.8268 0.16233
vt 0.82921 0.16245
vt 0.54982 0.90659
vt 0.18845 0.86121
vt 0.34342 0.08161
vt 0.34365 0.09358
vt 0.36193 0.41131
vt 0.70199 0.62346
vt 0.8922 0.85608
vt 0.32786 0.42788
vt 0.3296 0.42963
vt 0.32908 0.42196
vt 0.32873 0.44367
vt 0.91529 0.33514
vt 0.3289 0.46149
vt 0.3296 0.45315
vt 0.61613 0.73889
vt 0.6176 0.7333
vt 0.61301 0.78248
vt 0.61502 0.77256
vt 0.61356 0.7899
vt 0.72933 0.16064
vt 0.73285 0.16158
vt 0.73917 0.15837
vt 0.61008 0.8079
vt 0.61466 0.80013
vt 0.74634 0.15986
vt 0.18815 0.87031
vt 0.34394 0.09478
vt 0.3626 0.39437
vt 0.35822 0.20584
vt 0.01243 0.89819
vt 0.85536 0.12678
vt 0.8478 0.12715
vt 0.24007 0.71896
vt 0.23504 0.71915
vt 0.23788 0.71853
vt 0.4599 0.43081
vt 0.20985 0.71959
vt 0.21091 0.7184
vt 0.34095 0.18243
vt 0.20654 0.71955
vt 0.43131 0.42924
vt 0.89223 0.84885
vt 0.32706 0.44084
vt 0.3264 0.46154
vt 0.60943 0.72816
vt 0.61913 0.71568
vt 0.61578 0.71184
vt 0.61188 0.76676
vt 0.60815 0.83384
vt 0.61056 0.83452
vt 0.72873 0.15913
vt 0.3436 0.03691
vt 0.34548 0.05744
vt 0.34407 0.05298
vt 0.34393 0.07833
vt 0.34531 0.08037
vt 0.34505 0.12042
vt 0.3464 0.12235
vt 0.34635 0.13852
vt 0.34464 0.13811
vt 0.36241 0.3725
vt 0.36412 0.37602
vt 0.3624 0.37468
vt 0.36619 0.39951
vt 0.36289 0.41356
vt 0.36442 0.42581
vt 0.36282 0.44072
vt 0.36293 0.44899
vt 0.3449 0.141
vt 0.36271 0.45609
vt 0.58336 0.46378
vt 0.59478 0.46339
vt 0.59675 0.46556
vt 0.57886 0.46564
vt 0.59654 0.46324
vt 0.23997 0.72181
vt 0.23146 0.72179
vt 0.21639 0.72161
vt 0.90071 0.84423
vt 0.89486 0.84697
vt 0.32268 0.42141
vt 0.87054 0.52632
vt 0.31589 0.43351
vt 0.32153 0.45622
vt 0.59974 0.7829
vt 0.59628 0.83057
vt 0.35768 0.03436
vt 0.35581 0.03696
vt 0.34355 0.03444
vt 0.35085 0.05426
vt 0.35006 0.06875
vt 0.35004 0.08689
vt 0.35031 0.09818
vt 0.35002 0.11929
vt 0.36871 0.36044
vt 0.37012 0.36187
vt 0.3629 0.3609
vt 0.37641 0.36532
vt 0.36252 0.36659
vt 0.37381 0.40638
vt 0.37529 0.42159
vt 0.35718 0.13958
vt 0.57692 0.45183
vt 0.57687 0.46556
vt 0.59241 0.45987
vt 0.23967 0.73357
vt 0.2328 0.73277
vt 0.20644 0.73429
vt 0.89502 0.33057
vt 0.88116 0.33057
vt 0.31416 0.42737
vt 0.86288 0.51327
vt 0.86751 0.5359
vt 0.31419 0.44377
vt 0.60188 0.71372
vt 0.60016 0.7413
vt 0.59731 0.81773
vt 0.59885 0.80755
vt 0.35691 0.13727
vt 0.37605 0.37299
vt 0.37499 0.38844
vt 0.37695 0.44169
vt 0.57988 0.45145
vt 0.59632 0.4517
vt 0.21461 0.73353
vt 0.89664 0.83884
vt 0.89206 0.83768
vt 0.31278 0.42186
vt 0.34767 0.16488
vt 0.31614 0.46147
vt 0.60124 0.73004
vt 0.59796 0.83319
vt 0.59912 0.80123
vt 0.35529 0.06074
vt 0.35608 0.08653
vt 0.35585 0.08978
vt 0.35535 0.11948
vt 0.37612 0.36098
vt 0.59249 0.45174
vt 0.90072 0.83781
vt 0.31267 0.43137
vt 0.31391 0.46169
vt 0.59942 0.74698
vt 0.5984 0.77284
vt 0.88277 0.14228
vt 0.88481 0.13775
vt 0.88748 0.13809
vt 0.59766 0.78859
vt 0.87711 0.99645
vt 0.87979 0.99475
vt 0.88339 0.99614
vt 0.88278 0.13539
vt 0.59573 0.83334
vt 0.88413 0.13503
vt 0.5955 0.81951
vt 0.59693 0.79907
vt 0.87401 0.99395
vt 0.87569 0.99304
vt 0.9306 0.98133
vt 0.93224 0.98568
vt 0.9451 0.98286
vt 0.8763 0.14345
vt 0.87588 0.12658
vt 0.8756 0.98662
vt 0.88938 0.98376
vt 0.92693 0.97609
vt 0.92979 0.97884
vt 0.93231 0.97959
vt 0.94751 0.97657
vt 0.94901 0.97562
vt 0.87256 0.14573
vt 0.87356 0.14112
vt 0.87429 0.12239
vt 0.87533 0.11335
vt 0.87528 0.98462
vt 0.88345 0.98311
vt 0.90839 0.97959
vt 0.3577 0.03739
vt 0.92871 0.97611
vt 0.91648 0.96962
vt 0.91742 0.97054
vt 0.91954 0.97047
vt 0.92529 0.9625
vt 0.35714 0.04953
vt 0.92746 0.96414
vt 0.92739 0.62559
vt 0.92279 0.61655
vt 0.91831 0.95973
vt 0.91599 0.95774
vt 0.92178 0.93377
vt 0.92319 0.64558
vt 0.3569 0.08135
vt 0.92385 0.93269
vt 0.91352 0.93455
vt 0.91405 0.65364
vt 0.9153 0.93474
vt 0.9173 0.65814
vt 0.92319 0.93167
vt 0.90973 0.67589
vt 0.29928 0.95647
vt 0.29711 0.95379
vt 0.29711 0.96011
vt 0.94451 0.66508
vt 0.94268 0.66555
vt 0.94338 0.66352
vt 0.94322 0.66243
vt 0.91781 0.68848
vt 0.95037 0.68709
vt 0.95113 0.66663
vt 0.95297 0.66617
vt 0.35629 0.09649
vt 0.94786 0.69319
vt 0.94122 0.69368
vt 0.35714 0.12612
vt 0.93882 0.69622
vt 0.91975 0.68732
vt 0.91691 0.69617
vt 0.94854 0.70484
vt 0.94725 0.70791
vt 0.91131 0.70599
vt 0.94423 0.70873
vt 0.93816 0.71213
vt 0.91744 0.70745
vt 0.60584 0.0424
vt 0.60503 0.04704
vt 0.60398 0.04258
vt 0.60352 0.04694
vt 0.60325 0.0547
vt 0.13177 0.0391
vt 0.12409 0.03815
vt 0.12474 0.03741
vt 0.94981 0.70835
vt 0.35907 0.13991
vt 0.93691 0.70988
vt 0.91465 0.70879
vt 0.60642 0.06439
vt 0.60436 0.05547
vt 0.11052 0.03594
vt 0.10988 0.03793
vt 0.37755 0.40955
vt 0.37696 0.41863
vt 0.98448 0.71689
vt 0.97642 0.71375
vt 0.98375 0.71379
vt 0.3779 0.42666
vt 0.94998 0.71145
vt 0.95206 0.70944
vt 0.94476 0.71519
vt 0.61371 0.0516
vt 0.61361 0.06195
vt 0.61045 0.06907
vt 0.57653 0.44984
vt 0.5966 0.44986
vt 0.91763 0.71054
vt 0.61407 0.06735
vt 0.98953 0.72523
vt 0.98405 0.72693
vt 0.98927 0.71549
vt 0.93478 0.71671
vt 0.61825 0.05567
vt 0.61581 0.05634
vt 0.61495 0.05993
vt 0.98888 0.72643
vt 0.92142 0.72665
vt 0.23986 0.73592
vt 0.22045 0.73614
vt 0.7133 0.07612
vt 0.2086 0.73677
vt 0.20397 0.73736
vt 0.91912 0.15132
vt 0.92015 0.14237
vt 0.92166 0.15122
vt 0.90095 0.13836
vt 0.91219 0.13898
vt 0.90048 0.15185
vt 0.90027 0.15009
vt 0.31227 0.4439
vt 0.31287 0.45878
vt 0.88061 0.15205
vt 0.93722 0.99612
vt 0.95068 0.99298
vt 0.95222 0.9962
vt 0.96122 0.99529
vt 0.96228 0.99028
vt 0.96282 0.99645
vt 0.95969 0.98787
vt 0.59896 0.75266
vt 0.92681 0.99637
vt 0.95061 0.98776
vt 0.95339 0.98861
vt 0.87489 0.15185
vt 0.90312 0.98903
vt 0.89782 0.99603
vt 0.91636 0.99532
vt 0.92156 0.99595
vt 0.59567 0.81159
vt 0.88268 0.11609
vt 0.87304 0.15152
vt 0.34004 0.3028
vt 0.33918 0.27066
vt 0.57747 0.91789
vt 0.57784 0.91061
vt 0.3577 0.08213
vt 0.10433 0.0391
vt 0.10072 0.55473
vt 0.10289 0.55174
vt 0.10289 0.56201
vt 0.38115 0.39588
vt 0.37856 0.41089
vt 0.37776 0.41237
vt 0.33243 0.03594
vt 0.62014 0.0443
vt 0.96069 0.7156
vt 0.74232 0.64376
vt 0.33253 0.02656
vt 0.97605 0.72709
vt 0.33976 0.97513
vt 0.33924 0.97305
vt 0.34173 0.97228
vt 0.34103 0.97591
vt 0.34188 0.96479
vt 0.61601 0.04226
vt 0.96725 0.72678
vt 0.95716 0.7266
vt 0.94227 0.72617
vt 0.94898 0.72611
vt 0.9295 0.72629
vt 0.9165 0.71266
vt 0.63226 0.044
vt 0.63254 0.04254
vt 0.90421 0.7211
vt 0.63272 0.05593
vt 0.23753 0.73709
vt 0.22304 0.73736
vt 0.65379 0.04354
vt 0.65042 0.04472
vt 0.6471 0.05509
vt 0.65098 0.05237
vt 0.6537 0.04501
vt 0.59725 0.74592
vt 0.59377 0.7392
vt 0.59726 0.73875
vt 0.59523 0.73793
vt 0.58626 0.80959
vt 0.32078 0.92975
vt 0.32554 0.93098
vt 0.32022 0.93167
vt 0.56895 0.914
vt 0.3847 0.40479
vt 0.33689 0.22316
vt 0.32063 0.02711
vt 0.59092 0.74878
vt 0.5919 0.74624
vt 0.59747 0.74921
vt 0.58133 0.81122
vt 0.58465 0.79812
vt 0.59673 0.79705
vt 0.32379 0.32662
vt 0.55964 0.91975
vt 0.57798 0.91983
vt 0.38665 0.39745
vt 0.58903 0.74692
vt 0.58878 0.74253
vt 0.58796 0.73778
vt 0.58363 0.79604
vt 0.33419 0.92394
vt 0.32101 0.92334
vt 0.33786 0.93039
vt 0.55866 0.91774
vt 0.5569 0.91184
vt 0.39165 0.09051
vt 0.35785 0.09315
vt 0.37899 0.09482
vt 0.35738 0.09414
vt 0.39152 0.39598
vt 0.39374 0.40916
vt 0.39254 0.41094
vt 0.31862 0.03436
vt 0.33853 0.96171
vt 0.58254 0.74888
vt 0.58296 0.74669
vt 0.58431 0.74148
vt 0.58426 0.73605
vt 0.34377 0.92798
vt 0.30779 0.032
vt 0.57352 0.80911
vt 0.36625 0.08137
vt 0.3855 0.08312
vt 0.40174 0.40517
vt 0.57841 0.738
vt 0.39134 0.08627
vt 0.40544 0.39763
vt 0.30021 0.97486
vt 0.31482 0.96169
vt 0.56109 0.79782
vt 0.35868 0.92459
vt 0.57016 0.73775
vt 0.5715 0.73578
vt 0.53725 0.90838
vt 0.39747 0.08166
vt 0.39442 0.09356
vt 0.3045 0.97311
vt 0.55128 0.74866
vt 0.5682 0.74684
vt 0.35409 0.93055
vt 0.39471 0.09511
vt 0.41763 0.39599
vt 0.3154 0.34027
vt 0.55884 0.79597
vt 0.35901 0.92368
vt 0.53341 0.91081
vt 0.42237 0.41106
vt 0.2889 0.03473
vt 0.3015 0.96864
vt 0.55642 0.80909
vt 0.55523 0.736
vt 0.42518 0.40922
vt 0.36349 0.92887
vt 0.5318 0.91968
vt 0.53128 0.91759
vt 0.53105 0.91439
vt 0.54059 0.74198
vt 0.21816 0.69554
vt 0.42353 0.39777
vt 0.42713 0.40511
vt 0.28958 0.02721
vt 0.74253 0.68604
vt 0.51833 0.79717
vt 0.39427 0.93095
vt 0.26387 0.03224
vt 0.30533 0.18246
vt 0.86186 0.53567
vt 0.86276 0.55097
vt 0.53469 0.73618
vt 0.29731 0.29391
vt 0.29996 0.23317
vt 0.27701 0.969
vt 0.50077 0.80983
vt 0.40093 0.92568
vt 0.51589 0.79515
vt 0.40195 0.92344
vt 0.49735 0.91024
vt 0.43449 0.08349
vt 0.87092 0.60365
vt 0.27233 0.348
vt 0.52725 0.80853
vt 0.51377 0.74648
vt 0.49561 0.91937
vt 0.49192 0.90817
vt 0.44269 0.08196
vt 0.4426 0.0956
vt 0.74165 0.71178
vt 0.46043 0.39604
vt 0.86195 0.60081
vt 0.45529 0.39775
vt 0.45349 0.40936
vt 0.46121 0.4112
vt 0.25023 0.03489
vt 0.52835 0.73743
vt 0.44432 0.08679
vt 0.48426 0.91367
vt 0.46227 0.40506
vt 0.25121 0.02708
vt 0.23507 0.33297
vt 0.44741 0.09394
vt 0.50982 0.80831
vt 0.50532 0.73743
vt 0.52673 0.73596
vt 0.252 0.96916
vt 0.50444 0.74165
vt 0.26292 0.30486
vt 0.42783 0.9294
vt 0.48206 0.91712
vt 0.44787 0.09066
vt 0.41282 0.93143
vt 0.2224 0.03304
vt 0.25619 0.359
vt 0.22815 0.35814
vt 0.45225 0.08355
vt 0.25719 0.24618
vt 0.26632 0.18996
vt 0.48549 0.74832
vt 0.49469 0.39775
vt 0.48446 0.4094
vt 0.26516 0.18247
vt 0.20435 0.35656
vt 0.43193 0.92589
vt 0.47723 0.8079
vt 0.24902 0.20602
vt 0.21871 0.18118
vt 0.4834 0.08702
vt 0.48136 0.09094
vt 0.48111 0.79645
vt 0.4764 0.74612
vt 0.4775 0.73742
vt 0.44795 0.93102
vt 0.06534 0.38349
vt 0.06662 0.37997
vt 0.09928 0.38349
vt 0.07077 0.37875
vt 0.47602 0.09529
vt 0.22029 0.02698
vt 0.47965 0.73586
vt 0.44505 0.90963
vt 0.44078 0.90782
vt 0.4937 0.0823
vt 0.49523 0.40501
vt 0.50508 0.41133
vt 0.20659 0.0352
vt 0.47247 0.79446
vt 0.44534 0.92312
vt 0.4766 0.74142
vt 0.48855 0.08366
vt 0.23155 0.22611
vt 0.52159 0.3959
vt 0.42078 0.9188
vt 0.44142 0.91678
vt 0.44197 0.91317
vt 0.51484 0.4094
vt 0.23335 0.18268
vt 0.4591 0.80275
vt 0.45137 0.92729
vt 0.20313 0.02734
vt 0.87098 0.63535
vt 0.8619 0.63437
vt 0.86257 0.63433
vt 0.20291 0.03226
vt 0.22717 0.35881
vt 0.45957 0.74803
vt 0.21399 0.28149
vt 0.51535 0.39792
vt 0.51424 0.40529
vt 0.20108 0.9645
vt 0.44173 0.79566
vt 0.20087 0.97312
vt 0.19959 0.96862
vt 0.19496 0.19094
vt 0.51723 0.09489
vt 0.47989 0.09428
vt 0.40569 0.80837
vt 0.4062 0.91659
vt 0.53809 0.09072
vt 0.55023 0.39804
vt 0.19891 0.21152
vt 0.43005 0.73732
vt 0.40461 0.91258
vt 0.4179 0.90975
vt 0.52075 0.08365
vt 0.54785 0.40539
vt 0.55113 0.41159
vt 0.1607 0.03516
vt 0.43079 0.8022
vt 0.54571 0.40963
vt 0.42732 0.79368
vt 0.49047 0.92267
vt 0.49669 0.93145
vt 0.17198 0.24026
vt 0.16379 0.03229
vt 0.17003 0.97342
vt 0.86208 0.67959
vt 0.42196 0.74563
vt 0.19045 0.31996
vt 0.5305 0.08662
vt 0.42928 0.8071
vt 0.4246 0.74086
vt 0.3971 0.90747
vt 0.53746 0.08194
vt 0.16148 0.02705
vt 0.39861 0.74743
vt 0.15761 0.96481
vt 0.14664 0.9753
vt 0.13819 0.96918
vt 0.15681 0.18242
vt 0.54078 0.09527
vt 0.57734 0.40977
vt 0.15939 0.27083
vt 0.3722 0.90915
vt 0.55065 0.08319
vt 0.54831 0.08654
vt 0.13357 0.03235
vt 0.37244 0.74032
vt 0.36394 0.91632
vt 0.11118 0.35851
vt 0.86282 0.74517
vt 0.38062 0.80639
vt 0.38551 0.80183
vt 0.39074 0.7932
vt 0.38402 0.73685
vt 0.58103 0.3962
vt 0.14201 0.33787
vt 0.37222 0.74528
vt 0.52702 0.9225
vt 0.57918 0.39823
vt 0.15309 0.20631
vt 0.10781 0.358
vt 0.36087 0.91849
vt 0.57953 0.40551
vt 0.13849 0.97348
vt 0.3889 0.79489
vt 0.14538 0.29454
vt 0.527 0.93106
vt 0.36921 0.91281
vt 0.36162 0.9076
vt 0.57301 0.08156
vt 0.57084 0.09083
vt 0.58188 0.09487
vt 0.59031 0.41159
vt 0.1217 0.03481
vt 0.10204 0.35633
vt 0.12136 0.02679
vt 0.14206 0.31792
vt 0.59867 0.3968
vt 0.59847 0.4099
vt 0.11376 0.97569
vt 0.57609 0.08633
vt 0.59983 0.3985
vt 0.11271 0.96524
vt 0.86225 0.74168
vt 0.37961 0.79351
vt 0.53813 0.92241
vt 0.53817 0.92654
vt 0.54564 0.93153
vt 0.35163 0.90921
vt 0.35098 0.9078
vt 0.37207 0.74765
vt 0.11328 0.96887
vt 0.35444 0.79473
vt 0.595 0.09037
vt 0.11276 0.97363
vt 0.08666 0.03054
vt 0.10507 0.02639
vt 0.60843 0.09348
vt 0.32215 0.91819
vt 0.33055 0.91233
vt 0.33706 0.80753
vt 0.57095 0.9311
vt 0.58367 0.08111
vt 0.6107 0.08248
vt 0.51632 0.98935
vt 0.6338 0.41158
vt 0.07843 0.03432
vt 0.11752 0.21774
vt 0.10334 0.18234
vt 0.09747 0.18095
vt 0.62939 0.08615
vt 0.11546 0.25777
vt 0.64244 0.39727
vt 0.62243 0.3987
vt 0.61915 0.40982
vt 0.34703 0.7364
vt 0.33571 0.80576
vt 0.29519 0.91583
vt 0.3454 0.79316
vt 0.57228 0.92234
vt 0.08282 0.20634
vt 0.30474 0.90888
vt 0.64401 0.41011
vt 0.61944 0.09511
vt 0.64656 0.40604
vt 0.08365 0.97368
vt 0.08713 0.969
vt 0.08207 0.30654
vt 0.07235 0.02653
vt 0.3128 0.73961
vt 0.28642 0.90719
vt 0.64841 0.08107
vt 0.32202 0.79428
vt 0.3076 0.74722
vt 0.64879 0.3988
vt 0.06383 0.03128
vt 0.06621 0.9655
vt 0.33383 0.79289
vt 0.58383 0.92245
vt 0.58571 0.93102
vt 0.08954 0.26335
vt 0.09202 0.33731
vt 0.31092 0.73622
vt 0.05123 0.9759
vt 0.05563 0.96917
vt 0.31221 0.74432
vt 0.06229 0.0264
vt 0.64688 0.09339
vt 0.05241 0.97383
vt 0.07914 0.23064
vt 0.0401 0.0308
vt 0.03643 0.19049
vt 0.86245 0.81471
vt 0.28907 0.91795
vt 0.65099 0.08256
vt 0.3081 0.79411
vt 0.60879 0.93114
vt 0.66442 0.40587
vt 0.66547 0.41179
vt 0.04695 0.0344
vt 0.30345 0.79272
vt 0.67306 0.39723
vt 0.30175 0.80717
vt 0.29118 0.80563
vt 0.26493 0.91112
vt 0.66762 0.39877
vt 0.0641 0.34753
vt 0.06851 0.33022
vt 0.26986 0.90863
vt 0.65166 0.09507
vt 0.61415 0.92249
vt 0.03411 0.02649
vt 0.27451 0.91579
vt 0.65944 0.09465
vt 0.6801 0.40765
vt 0.67856 0.41162
vt 0.03393 0.03412
vt 0.04245 0.96554
vt 0.29523 0.74356
vt 0.0583 0.53379
vt 0.26088 0.91873
vt 0.68228 0.39869
vt 0.0333 0.97378
vt 0.04041 0.96915
vt 0.02878 0.18122
vt 0.2912 0.79426
vt 0.2979 0.74882
vt 0.29412 0.7389
vt 0.28641 0.73623
vt 0.05735 0.26672
vt 0.66294 0.08127
vt 0.29029 0.79315
vt 0.62795 0.92721
vt 0.62791 0.9308
vt 0.27193 0.90745
vt 0.02724 0.03444
vt 0.03123 0.97591
vt 0.04464 0.35821
vt 0.03632 0.3563
vt 0.29012 0.80744
vt 0.6273 0.92262
vt 0.28561 0.74921
vt 0.2879 0.74707
vt 0.66319 0.09319
vt 0.66246 0.09511
vt 0.68951 0.3971
vt 0.68529 0.41153
vt 0.01775 0.03001
vt 0.05259 0.21446
vt 0.02806 0.96568
vt 0.63726 0.92208
vt 0.28455 0.73879
vt 0.04885 0.31497
vt 0.67272 0.08284
vt 0.67576 0.09558
vt 0.69454 0.40324
vt 0.01761 0.02706
vt 0.0277 0.96826
vt 0.28124 0.80822
vt 0.28024 0.8071
vt 0.28031 0.79303
vt 0.28446 0.74713
vt 0.49567 0.70735
vt 0.63678 0.93132
vt 0.26078 0.91083
vt 0.25847 0.90917
vt 0.67661 0.08024
vt 0.6651 0.08037
vt 0.01718 0.03572
vt 0.02804 0.97553
vt 0.02555 0.96638
vt 0.86225 0.8407
vt 0.28162 0.74641
vt 0.28123 0.73679
vt 0.69547 0.41166
vt 0.02491 0.97515
vt 0.03559 0.3306
vt 0.27918 0.80929
vt 0.63808 0.92141
vt 0.6386 0.92814
vt 0.63863 0.93167
vt 0.25812 0.91983
vt 0.25881 0.9107
vt 0.6998 0.39642
vt 0.69928 0.40007
vt 0.01519 0.03594
vt 0.0148 0.02711
vt 0.97235 0.58896
vt 0.97033 0.58084
vt 0.97517 0.62705
vt 0.97026 0.6263
vt 0.97557 0.62489
vt 0.20612 0.78406
vt 0.21275 0.78382
vt 0.27764 0.78203
vt 0.27641 0.78701
vt 0.27707 0.8114
vt 0.2787 0.81585
vt 0.67694 0.03785
vt 0.67752 0.03939
vt 0.67574 0.03789
vt 0.67693 0.04698
vt 0.67901 0.08735
vt 0.67701 0.09941
vt 0.93321 0.45333
vt 0.70046 0.40911
vt 0.69745 0.41204
vt 0.6978 0.41381
vt 0.69799 0.41974
vt 0.69931 0.4304
vt 0.69773 0.44141
vt 0.87601 0.03239
vt 0.87763 0.01271
vt 0.87372 0.01679
vt 0.75456 0.52883
vt 0.73969 0.53014
vt 0.02844 0.18273
vt 0.97788 0.62441
vt 0.97328 0.63158
vt 0.86315 0.84811
vt 0.26173 0.7135
vt 0.26737 0.75342
vt 0.27876 0.83216
vt 0.27255 0.83204
vt 0.27898 0.82426
vt 0.27212 0.80228
vt 0.67744 0.05889
vt 0.68414 0.10492
vt 0.67752 0.12233
vt 0.70242 0.36456
vt 0.69967 0.36644
vt 0.67697 0.13545
vt 0.68168 0.13921
vt 0.67677 0.13782
vt 0.70081 0.38994
vt 0.70179 0.38772
vt 0.70049 0.39354
vt 0.70193 0.40025
vt 0.69826 0.4546
vt 0.70243 0.45729
vt 0.69817 0.45734
vt 0.90794 0.57777
vt 0.91199 0.57938
vt 0.88884 0.02354
vt 0.87879 0.00311
vt 0.87822 0.00118
vt 0.76062 0.53227
vt 0.75862 0.52968
vt 0.76067 0.52972
vt 0.75721 0.54031
vt 0.73143 0.53189
vt 0.98014 0.63452
vt 0.97804 0.63649
vt 0.97003 0.63779
vt 0.96837 0.63724
vt 0.96694 0.62787
vt 0.25931 0.70096
vt 0.93801 0.6456
vt 0.2659 0.78432
vt 0.26162 0.75325
vt 0.2608 0.73917
vt 0.26548 0.83452
vt 0.27865 0.83404
vt 0.27151 0.81769
vt 0.26498 0.80978
vt 0.68765 0.03743
vt 0.68746 0.03941
vt 0.68943 0.04422
vt 0.68824 0.0542
vt 0.68528 0.08581
vt 0.68846 0.11919
vt 0.68748 0.13555
vt 0.70025 0.37041
vt 0.68437 0.13794
vt 0.70554 0.37471
vt 0.7017 0.37798
vt 0.7055 0.39133
vt 0.70927 0.40846
vt 0.71109 0.41776
vt 0.71091 0.43141
vt 0.71083 0.44377
vt 0.90995 0.56884
vt 0.93971 0.40728
vt 0.93899 0.41509
vt 0.93899 0.40245
vt 0.88769 0.03395
vt 0.88372 0.01286
vt 0.8806 0.01061
vt 0.75966 0.5388
vt 0.73105 0.54532
vt 0.97371 0.63671
vt 0.96137 0.64384
vt 0.94138 0.64181
vt 0.26606 0.83281
vt 0.26514 0.81945
vt 0.26386 0.79298
vt 0.68989 0.03762
vt 0.68813 0.08725
vt 0.68938 0.13756
vt 0.68946 0.13223
vt 0.68868 0.13914
vt 0.91199 0.56359
vt 0.88643 0.00984
vt 0.97379 0.63999
vt 0.94209 0.64646
vt 0.25885 0.72288
vt 0.25971 0.72149
vt 0.25718 0.71469
vt 0.25526 0.70197
vt 0.26257 0.77135
vt 0.26251 0.78298
vt 0.92379 0.76116
vt 0.96617 0.75968
vt 0.93429 0.75982
vt 0.95072 0.75858
vt 0.96351 0.75809
vt 0.97846 0.75796
vt 0.87687 0.76134
vt 0.8785 0.76331
vt 0.87843 0.76154
vt 0.88385 0.76305
vt 0.89275 0.76305
vt 0.8906 0.76161
vt 0.89936 0.76227
vt 0.9026 0.76341
vt 0.91462 0.76107
vt 0.91653 0.76312
vt 0.97819 0.76705
vt 0.87649 0.77386
vt 0.95817 0.7714
vt 0.88003 0.77144
vt 0.89307 0.77123
vt 0.90809 0.77403
vt 0.91944 0.77162
vt 0.97699 0.77204
vt 0.88251 0.77404
vt 0.88946 0.77401
vt 0.90043 0.77404
vt 0.92014 0.77405
vt 0.95394 0.77347
vt 0.95624 0.77393
vt 0.96463 0.77347
vt 0.971 0.77343
vt 0.98652 0.77305
vt 0.07836 0.05864
vt 0.07978 0.0572
vt 0.07814 0.05174
vt 0.90253 0.77493
vt 0.91723 0.77498
vt 0.96518 0.78001
vt 0.95619 0.78866
vt 0.96349 0.78962
vt 0.96503 0.78999
vt 0.95758 0.79019
vt 0.03591 0.24317
vt 0.96104 0.8279
vt 0.96501 0.82285
vt 0.95629 0.81967
vt 0.9578 0.82907
vt 0.96392 0.85577
vt 0.95661 0.85924
vt 0.95801 0.85726
vt 0.96543 0.85456
vt 0.96544 0.86752
vt 0.95684 0.87368
vt 0.34621 0.76808
vt 0.71237 0.36983
vt 0.71144 0.37249
vt 0.9644 0.87487
vt 0.96556 0.87274
vt 0.87588 0.87508
vt 0.88245 0.8767
vt 0.87856 0.8747
vt 0.92017 0.87401
vt 0.90879 0.87616
vt 0.93443 0.8759
vt 0.93269 0.87446
vt 0.94403 0.87447
vt 0.96676 0.87367
vt 0.88989 0.03436
vt 0.9795 0.87473
vt 0.97663 0.87374
vt 0.88758 0.01204
vt 0.88584 0.8809
vt 0.95027 0.87751
vt 0.96152 0.87827
vt 0.88981 0.89075
vt 0.97438 0.88886
vt 0.87554 0.88442
vt 0.88258 0.89391
vt 0.9129 0.89062
vt 0.87452 0.88883
vt 0.87631 0.89411
vt 0.89422 0.89414
vt 0.93368 0.89271
vt 0.97335 0.89179
vt 0.8741 0.9056
vt 0.8784 0.89637
vt 0.88141 0.89565
vt 0.88956 0.89565
vt 0.91103 0.89508
vt 0.93781 0.89384
vt 0.98128 0.89298
vt 0.87614 0.90382
vt 0.75977 0.5429
vt 0.87774 0.90596
vt 0.87641 0.90898
vt 0.87238 0.91986
vt 0.87232 0.90865
vt 0.87554 0.91831
vt 0.45451 0.02598
vt 0.45287 0.0312
vt 0.45451 0.02934
vt 0.97978 0.64086
vt 0.97848 0.64166
vt 0.96949 0.64406
vt 0.967 0.64308
vt 0.0282 0.3583
vt 0.05338 0.05682
vt 0.06303 0.0562
vt 0.04374 0.05373
vt 0.25526 0.71172
vt 0.939 0.64889
vt 0.92599 0.6478
vt 0.07976 0.06173
vt 0.06591 0.05888
vt 0.00247 0.4398
vt 0.713 0.36523
vt 0.87187 0.87331
vt 0.8706 0.87826
vt 0.88989 0.00902
vt 0.87121 0.88781
vt 0.76715 0.55727
vt 0.76683 0.55328
vt 0.73541 0.5495
vt 0.97751 0.64889
vt 0.97647 0.64617
vt 0.97294 0.64636
vt 0.03626 0.05546
vt 0.0382 0.05374
vt 0.04587 0.06244
vt 0.03571 0.05986
vt 0.86178 0.84921
vt 0.87235 0.85262
vt 0.06506 0.06704
vt 0.2538 0.70596
vt 0.99393 0.75716
vt 0.99719 0.75712
vt 0.99584 0.75501
vt 0.25302 0.70169
vt 0.99931 0.75744
vt 0.99964 0.75474
vt 0.99238 0.75565
vt 0.99356 0.76522
vt 0.99665 0.76815
vt 0.99916 0.76566
vt 0.06414 0.06823
vt 0.07766 0.06912
vt 0.9911 0.77806
vt 0.99928 0.77964
vt 0.07976 0.06852
vt 0.99299 0.78427
vt 0.9966 0.79149
vt 0.99898 0.7964
vt 0.99322 0.84141
vt 0.99048 0.77978
vt 0.99118 0.839
vt 0.99894 0.83919
vt 0.99048 0.82354
vt 0.99669 0.83923
vt 0.49803 0.85506
vt 0.99636 0.86356
vt 0.99065 0.86221
vt 0.99931 0.87052
vt 0.99358 0.87024
vt 0.86748 0.87408
vt 0.86825 0.87197
vt 0.99684 0.8799
vt 0.99935 0.88077
vt 0.86545 0.89676
vt 0.86728 0.89024
vt 0.99668 0.89281
vt 0.99964 0.89299
vt 0.75698 0.55727
vt 0.86993 0.89838
vt 0.75198 0.55652
vt 0.74246 0.55406
vt 0.73531 0.55272
vt 0.97533 0.64818
vt 0.04148 0.06637
vt 0.86222 0.85269
vt 0.02828 0.35575
vt 0.25235 0.70979
vt 0.02839 0.27615
vt 0.02847 0.20663
vt 0.86825 0.9109
vt 0.86992 0.90376
vt 0.74512 0.55682
vt 0.73794 0.55607
vt 0.86245 0.92141
vt 0.86712 0.92116
vt 0.73548 0.55577
vt 0.94334 0.07534
vt 0.95239 0.07521
vt 0.94247 0.07383
vt 0.95271 0.07306
vt 0.02708 0.35648
vt 0.94516 0.07936
vt 0.95249 0.07832
vt 0.02723 0.35332
vt 0.94112 0.08461
vt 0.94294 0.0899
vt 0.94035 0.08564
vt 0.94117 0.09307
vt 0.94693 0.09906
vt 0.94169 0.10018
vt 0.94343 0.10691
vt 0.94149 0.12058
vt 0.94786 0.12758
vt 0.95178 0.19256
vt 0.02738 0.23876
vt 0.94756 0.16875
vt 0.94093 0.16388
vt 0.94281 0.16986
vt 0.94072 0.2013
vt 0.9426 0.21803
vt 0.94463 0.24529
vt 0.94874 0.21873
vt 0.94042 0.21455
vt 0.93909 0.21614
vt 0.94039 0.2317
vt 0.93899 0.23388
vt 0.94223 0.23658
vt 0.95156 0.24016
vt 0.95271 0.22461
vt 0.94049 0.23656
vt 0.95257 0.24846
vt 0.9411 0.24619
vt 0.94242 0.24497
vt 0.95108 0.24887
vt 0.94518 0.2478
vt 0.94703 0.24967
vt 0.1426 0.60499
vt 0.9525 0.25
usemtl mat0
f 1/1 2/2 3/3
f 2/2 4/4 5/5
f 2/2 5/5 3/3
f 6/6 7/7 8/8
f 9/9 1/1 10/10
f 1/1 3/3 10/10
f 9/9 10/10 11/11
f 5/5 12/12 13/13
f 3/3 5/5 14/14
f 5/5 13/13 14/14
f 11/11 10/10 15/15
f 10/10 3/3 16/16
f 3/3 14/14 16/16
f 10/10 16/16 15/15
f 11/11 15/15 17/17
f 14/14 13/13 18/18
f 17/17 15/15 19/19
f 15/15 16/16 19/19
f 17/17 19/19 20/20
f 19/19 16/16 21/21
f 16/16 14/14 21/21
f 21/21 14/14 22/22
f 14/14 18/18 22/22
f 20/20 19/19 23/23
f 19/19 21/21 24/24
f 23/23 19/19 24/24
f 23/23 24/24 25/25
f 26/26 27/27 28/28
f 25/25 24/24 29/29
f 24/24 21/21 30/30
f 21/21 22/22 30/30
f 29/29 24/24 31/31
f 24/24 30/30 31/31
f 26/26 28/28 32/32
f 30/30 22/22 33/33
f 22/22 34/34 33/33
f 29/29 31/31 35/35
f 31/31 30/30 35/35
f 36/36 37/37 38/38
f 35/35 30/30 33/33
f 35/35 33/33 39/39
f 39/39 33/33 34/34
f 40/40 41/41 42/42
f 40/40 42/42 43/43
f 42/42 41/41 44/44
f 43/43 42/42 45/45
f 45/45 42/42 46/46
f 42/42 44/44 47/47
f 42/42 47/47 46/46
f 48/48 49/49 50/50
f 50/50 49/49 51/51
f 49/49 52/52 51/51
f 52/52 49/49 53/53
f 49/49 54/54 53/53
f 53/53 54/54 55/55
f 54/54 56/56 55/55
f 56/56 57/57 55/55
f 56/56 58/58 57/57
f 58/58 59/59 57/57
f 58/58 60/60 59/59
f 60/60 36/36 59/59
f 59/59 36/36 61/61
f 62/62 63/63 64/64
f 65/65 66/66 67/67
f 68/68 69/69 70/70
f 61/61 36/36 71/71
f 36/36 38/38 71/71
f 72/72 73/73 74/74
f 70/70 69/69 75/75
f 74/74 73/73 76/76
f 70/70 75/75 77/77
f 74/74 76/76 78/78
f 79/79 80/80 81/81
f 78/78 76/76 82/82
f 83/83 79/79 81/81
f 84/84 85/85 86/86
f 84/84 86/86 87/87
f 87/87 86/86 88/88
f 88/88 86/86 89/89
f 50/50 51/51 90/90
f 90/90 51/51 91/91
f 51/51 92/92 91/91
f 46/46 47/47 93/93
f 51/51 52/52 92/92
f 92/92 52/52 94/94
f 95/95 96/96 97/97
f 96/96 98/98 97/97
f 45/45 46/46 99/99
f 100/100 95/95 101/101
f 46/46 93/93 102/102
f 97/97 98/98 103/103
f 101/101 95/95 104/104
f 95/95 97/97 105/105
f 95/95 105/105 104/104
f 97/97 103/103 105/105
f 46/46 102/102 99/99
f 105/105 103/103 106/106
f 101/101 104/104 107/107
f 104/104 105/105 107/107
f 107/107 105/105 108/108
f 105/105 106/106 108/108
f 107/107 108/108 109/109
f 53/53 55/55 110/110
f 110/110 55/55 111/111
f 108/108 106/106 112/112
f 55/55 113/113 111/111
f 109/109 108/108 114/114
f 108/108 112/112 114/114
f 107/107 109/109 115/115
f 112/112 116/116 117/117
f 114/114 112/112 118/118
f 112/112 117/117 118/118
f 119/119 57/57 120/120
f 114/114 118/118 121/121
f 109/109 114/114 115/115
f 57/57 122/122 120/120
f 115/115 114/114 123/123
f 114/114 121/121 123/123
f 123/123 121/121 124/124
f 121/121 125/125 124/124
f 124/124 125/125 126/126
f 127/127 128/128 66/66
f 129/129 130/130 131/131
f 115/115 123/123 132/132
f 133/133 134/134 135/135
f 135/135 134/134 136/136
f 123/123 124/124 137/137
f 136/136 134/134 138/138
f 132/132 123/123 139/139
f 139/139 123/123 137/137
f 139/139 137/137 140/140
f 137/137 124/124 141/141
f 124/124 126/126 141/141
f 136/136 138/138 142/142
f 140/140 137/137 143/143
f 137/137 141/141 143/143
f 61/61 144/144 145/145
f 136/136 142/142 69/69
f 61/61 71/71 144/144
f 69/69 142/142 146/146
f 146/146 142/142 147/147
f 65/65 148/148 149/149
f 69/69 146/146 150/150
f 69/69 150/150 75/75
f 71/71 38/38 151/151
f 152/152 153/153 154/154
f 80/80 155/155 156/156
f 83/83 81/81 157/157
f 158/158 159/159 160/160
f 161/161 162/162 163/163
f 159/159 164/164 160/160
f 50/50 90/90 165/165
f 88/88 89/89 166/166
f 91/91 92/92 167/167
f 166/166 89/89 168/168
f 166/166 168/168 169/169
f 166/166 169/169 93/93
f 170/170 171/171 172/172
f 171/171 100/100 172/172
f 102/102 93/93 169/169
f 100/100 101/101 173/173
f 172/172 100/100 173/173
f 102/102 169/169 174/174
f 175/175 176/176 177/177
f 178/178 179/179 180/180
f 179/179 181/181 180/180
f 179/179 182/182 181/181
f 181/181 182/182 183/183
f 115/115 132/132 184/184
f 185/185 186/186 187/187
f 132/132 139/139 184/184
f 188/188 184/184 139/139
f 189/189 188/188 139/139
f 189/189 139/139 190/190
f 190/190 139/139 191/191
f 139/139 140/140 191/191
f 192/192 193/193 194/194
f 145/145 144/144 195/195
f 193/193 196/196 194/194
f 197/197 192/192 198/198
f 149/149 199/199 200/200
f 200/200 199/199 201/201
f 199/199 202/202 201/201
f 202/202 203/203 201/201
f 157/157 81/81 204/204
f 205/205 158/158 206/206
f 158/158 160/160 206/206
f 163/163 162/162 207/207
f 91/91 167/167 208/208
f 209/209 210/210 211/211
f 212/212 213/213 214/214
f 213/213 215/215 214/214
f 215/215 216/216 214/214
f 214/214 216/216 217/217
f 216/216 170/170 217/217
f 169/169 218/218 219/219
f 218/218 220/220 219/219
f 220/220 221/221 219/219
f 219/219 221/221 222/222
f 221/221 223/223 224/224
f 221/221 224/224 222/222
f 223/223 225/225 224/224
f 225/225 212/212 224/224
f 212/212 214/214 226/226
f 214/214 217/217 226/226
f 217/217 227/227 226/226
f 217/217 170/170 227/227
f 224/224 212/212 228/228
f 212/212 229/229 228/228
f 212/212 226/226 229/229
f 229/229 226/226 230/230
f 230/230 226/226 227/227
f 227/227 170/170 172/172
f 169/169 231/231 174/174
f 169/169 219/219 231/231
f 219/219 222/222 231/231
f 222/222 232/232 231/231
f 222/222 224/224 232/232
f 224/224 228/228 232/232
f 174/174 231/231 233/233
f 233/233 231/231 234/234
f 231/231 232/232 234/234
f 234/234 232/232 235/235
f 232/232 236/236 235/235
f 232/232 237/237 236/236
f 232/232 228/228 237/237
f 237/237 228/228 238/238
f 228/228 229/229 238/238
f 229/229 239/239 238/238
f 239/239 229/229 240/240
f 229/229 230/230 240/240
f 240/240 230/230 241/241
f 230/230 227/227 241/241
f 241/241 227/227 242/242
f 227/227 172/172 242/242
f 242/242 172/172 243/243
f 172/172 173/173 243/243
f 244/244 245/245 246/246
f 237/237 238/238 247/247
f 240/240 241/241 248/248
f 241/241 249/249 248/248
f 250/250 251/251 252/252
f 175/175 177/177 253/253
f 248/248 249/249 254/254
f 180/180 255/255 256/256
f 257/257 258/258 259/259
f 259/259 258/258 260/260
f 127/127 66/66 261/261
f 262/262 263/263 264/264
f 265/265 266/266 267/267
f 266/266 268/268 267/267
f 266/266 269/269 268/268
f 269/269 270/270 268/268
f 268/268 270/270 271/271
f 259/259 260/260 272/272
f 186/186 273/273 274/274
f 274/274 273/273 275/275
f 273/273 276/276 275/275
f 276/276 277/277 275/275
f 276/276 278/278 277/277
f 278/278 279/279 277/277
f 278/278 280/280 279/279
f 280/280 272/272 279/279
f 272/272 260/260 279/279
f 279/279 260/260 281/281
f 260/260 282/282 281/281
f 282/282 283/283 281/281
f 283/283 284/284 281/281
f 281/281 284/284 285/285
f 284/284 188/188 285/285
f 186/186 274/274 187/187
f 274/274 275/275 286/286
f 275/275 277/277 287/287
f 277/277 288/288 287/287
f 277/277 279/279 288/288
f 279/279 281/281 289/289
f 281/281 285/285 189/189
f 188/188 189/189 285/285
f 187/187 274/274 290/290
f 274/274 286/286 290/290
f 275/275 287/287 286/286
f 288/288 279/279 289/289
f 291/291 289/289 292/292
f 289/289 281/281 292/292
f 281/281 189/189 292/292
f 187/187 290/290 293/293
f 290/290 294/294 293/293
f 290/290 286/286 294/294
f 294/294 286/286 295/295
f 286/286 287/287 296/296
f 286/286 296/296 295/295
f 287/287 297/297 296/296
f 287/287 288/288 297/297
f 288/288 289/289 291/291
f 297/297 298/298 296/296
f 297/297 288/288 298/298
f 288/288 299/299 298/298
f 288/288 291/291 299/299
f 300/300 301/301 302/302
f 291/291 292/292 303/303
f 292/292 304/304 303/303
f 292/292 190/190 304/304
f 305/305 306/306 307/307
f 144/144 71/71 308/308
f 149/149 309/309 65/65
f 149/149 200/200 309/309
f 156/156 155/155 310/310
f 201/201 203/203 311/311
f 157/157 204/204 312/312
f 206/206 160/160 313/313
f 165/165 90/90 314/314
f 90/90 91/91 314/314
f 160/160 164/164 315/315
f 160/160 315/315 313/313
f 164/164 316/316 315/315
f 317/317 244/244 318/318
f 246/246 245/245 319/319
f 245/245 320/320 319/319
f 321/321 322/322 323/323
f 322/322 324/324 323/323
f 325/325 252/252 326/326
f 252/252 251/251 326/326
f 316/316 327/327 328/328
f 253/253 317/317 318/318
f 240/240 248/248 329/329
f 329/329 248/248 330/330
f 330/330 248/248 254/254
f 331/331 332/332 333/333
f 334/334 335/335 336/336
f 330/330 254/254 337/337
f 333/333 332/332 338/338
f 337/337 254/254 339/339
f 254/254 340/340 339/339
f 336/336 335/335 341/341
f 337/337 342/342 343/343
f 337/337 339/339 342/342
f 339/339 340/340 344/344
f 255/255 180/180 345/345
f 342/342 339/339 346/346
f 339/339 344/344 346/346
f 343/343 342/342 347/347
f 342/342 346/346 347/347
f 343/343 347/347 348/348
f 180/180 181/181 345/345
f 347/347 346/346 349/349
f 346/346 344/344 349/349
f 348/348 347/347 350/350
f 350/350 347/347 351/351
f 347/347 349/349 351/351
f 349/349 344/344 352/352
f 351/351 257/257 350/350
f 257/257 351/351 349/349
f 349/349 258/258 257/257
f 349/349 352/352 258/258
f 353/353 354/354 355/355
f 354/354 356/356 355/355
f 258/258 352/352 357/357
f 181/181 183/183 345/345
f 358/358 359/359 360/360
f 356/356 361/361 355/355
f 358/358 360/360 362/362
f 183/183 363/363 364/364
f 261/261 66/66 365/365
f 66/66 65/65 365/365
f 366/366 367/367 368/368
f 369/369 370/370 371/371
f 370/370 372/372 373/373
f 300/300 302/302 374/374
f 302/302 305/305 375/375
f 305/305 307/307 375/375
f 307/307 198/198 376/376
f 307/307 376/376 375/375
f 198/198 194/194 377/377
f 198/198 377/377 376/376
f 194/194 196/196 377/377
f 65/65 309/309 365/365
f 308/308 71/71 378/378
f 309/309 200/200 201/201
f 154/154 153/153 379/379
f 310/310 155/155 380/380
f 381/381 157/157 312/312
f 244/244 246/246 382/382
f 244/244 382/382 318/318
f 246/246 319/319 382/382
f 319/319 383/383 382/382
f 383/383 384/384 385/385
f 385/385 321/321 386/386
f 321/321 323/323 386/386
f 323/323 324/324 387/387
f 388/388 389/389 390/390
f 389/389 325/325 390/390
f 256/256 391/391 392/392
f 316/316 328/328 315/315
f 175/175 253/253 393/393
f 393/393 253/253 318/318
f 391/391 256/256 255/255
f 334/334 336/336 394/394
f 336/336 341/341 395/395
f 353/353 355/355 396/396
f 345/345 183/183 364/364
f 364/364 363/363 397/397
f 368/368 367/367 398/398
f 367/367 369/369 398/398
f 374/374 302/302 375/375
f 376/376 377/377 399/399
f 71/71 151/151 378/378
f 201/201 311/311 400/400
f 206/206 313/313 401/401
f 313/313 315/315 402/402
f 403/403 404/404 405/405
f 318/318 382/382 406/406
f 382/382 407/407 406/406
f 382/382 383/383 407/407
f 407/407 383/383 408/408
f 383/383 385/385 408/408
f 385/385 386/386 409/409
f 385/385 409/409 408/408
f 386/386 323/323 387/387
f 324/324 410/410 411/411
f 412/412 394/394 413/413
f 413/413 394/394 414/414
f 325/325 326/326 390/390
f 326/326 415/415 416/416
f 417/417 418/418 419/419
f 175/175 393/393 420/420
f 393/393 318/318 406/406
f 394/394 336/336 414/414
f 418/418 421/421 419/419
f 419/419 421/421 422/422
f 421/421 423/423 422/422
f 336/336 395/395 424/424
f 422/422 423/423 425/425
f 425/425 423/423 426/426
f 423/423 427/427 426/426
f 395/395 353/353 424/424
f 427/427 428/428 426/426
f 428/428 429/429 426/426
f 428/428 430/430 429/429
f 430/430 431/431 429/429
f 396/396 355/355 432/432
f 355/355 361/361 432/432
f 430/430 433/433 431/431
f 369/369 371/371 434/434
f 434/434 371/371 435/435
f 368/368 398/398 436/436
f 398/398 369/369 434/434
f 371/371 370/370 435/435
f 309/309 400/400 365/365
f 370/370 373/373 435/435
f 435/435 373/373 437/437
f 373/373 372/372 437/437
f 437/437 372/372 438/438
f 372/372 300/300 438/438
f 300/300 374/374 438/438
f 375/375 439/439 374/374
f 375/375 376/376 439/439
f 376/376 399/399 439/439
f 309/309 201/201 400/400
f 310/310 380/380 440/440
f 310/310 440/440 441/441
f 400/400 311/311 442/442
f 381/381 312/312 443/443
f 163/163 207/207 444/444
f 401/401 313/313 402/402
f 403/403 405/405 445/445
f 386/386 387/387 409/409
f 387/387 324/324 446/446
f 324/324 411/411 446/446
f 388/388 390/390 447/447
f 390/390 326/326 416/416
f 416/416 415/415 448/448
f 415/415 449/449 448/448
f 415/415 450/450 449/449
f 449/449 450/450 451/451
f 417/417 419/419 452/452
f 414/414 336/336 453/453
f 453/453 336/336 454/454
f 419/419 422/422 455/455
f 336/336 424/424 454/454
f 422/422 425/425 455/455
f 426/426 456/456 425/425
f 353/353 396/396 424/424
f 426/426 429/429 456/456
f 429/429 457/457 456/456
f 429/429 431/431 457/457
f 261/261 365/365 458/458
f 431/431 433/433 459/459
f 431/431 459/459 457/457
f 460/460 435/435 461/461
f 435/435 437/437 461/461
f 462/462 308/308 463/463
f 440/440 380/380 464/464
f 443/443 465/465 466/466
f 165/165 314/314 467/467
f 449/449 451/451 468/468
f 469/469 470/470 471/471
f 470/470 472/472 471/471
f 406/406 407/407 473/473
f 473/473 407/407 474/474
f 407/407 408/408 474/474
f 408/408 409/409 475/475
f 409/409 476/476 475/475
f 409/409 387/387 476/476
f 387/387 446/446 476/476
f 447/447 390/390 477/477
f 390/390 478/478 477/477
f 390/390 416/416 478/478
f 452/452 419/419 479/479
f 420/420 393/393 480/480
f 419/419 455/455 479/479
f 454/454 424/424 481/481
f 425/425 456/456 455/455
f 482/482 483/483 484/484
f 434/434 485/485 486/486
f 434/434 435/435 487/487
f 434/434 487/487 485/485
f 436/436 398/398 488/488
f 488/488 398/398 486/486
f 461/461 437/437 489/489
f 437/437 438/438 489/489
f 438/438 374/374 490/490
f 374/374 439/439 490/490
f 490/490 439/439 491/491
f 400/400 492/492 365/365
f 308/308 378/378 463/463
f 154/154 379/379 493/493
f 400/400 442/442 492/492
f 494/494 495/495 496/496
f 497/497 498/498 499/499
f 500/500 501/501 502/502
f 501/501 503/503 502/502
f 504/504 505/505 506/506
f 507/507 508/508 509/509
f 510/510 511/511 512/512
f 513/513 514/514 515/515
f 516/516 508/508 507/507
f 510/510 452/452 517/517
f 510/510 517/517 511/511
f 474/474 408/408 518/518
f 408/408 475/475 518/518
f 519/519 520/520 521/521
f 520/520 522/522 521/521
f 452/452 479/479 517/517
f 479/479 455/455 517/517
f 523/523 524/524 525/525
f 524/524 526/526 525/525
f 525/525 526/526 527/527
f 459/459 528/528 529/529
f 530/530 531/531 532/532
f 533/533 534/534 535/535
f 530/530 536/536 531/531
f 485/485 487/487 537/537
f 487/487 538/538 539/539
f 538/538 540/540 541/541
f 489/489 438/438 542/542
f 543/543 544/544 545/545
f 544/544 546/546 545/545
f 491/491 439/439 547/547
f 463/463 378/378 548/548
f 314/314 549/549 467/467
f 499/499 550/550 497/497
f 499/499 551/551 550/550
f 551/551 552/552 550/550
f 550/550 552/552 553/553
f 554/554 555/555 556/556
f 557/557 558/558 556/556
f 557/557 556/556 559/559
f 512/512 511/511 560/560
f 511/511 517/517 561/561
f 481/481 424/424 562/562
f 424/424 563/563 562/562
f 564/564 525/525 565/565
f 525/525 527/527 565/565
f 527/527 566/566 565/565
f 529/529 528/528 567/567
f 532/532 531/531 568/568
f 569/569 570/570 571/571
f 528/528 572/572 567/567
f 537/537 487/487 573/573
f 574/574 575/575 576/576
f 576/576 575/575 577/577
f 547/547 439/439 578/578
f 439/439 399/399 579/579
f 207/207 580/580 444/444
f 497/497 550/550 581/581
f 550/550 582/582 581/581
f 550/550 553/553 583/583
f 550/550 583/583 582/582
f 584/584 585/585 586/586
f 584/584 587/587 585/585
f 559/559 556/556 588/588
f 559/559 588/588 589/589
f 556/556 555/555 588/588
f 560/560 511/511 561/561
f 587/587 590/590 585/585
f 585/585 590/590 591/591
f 474/474 518/518 592/592
f 518/518 593/593 592/592
f 593/593 518/518 594/594
f 571/571 570/570 595/595
f 573/573 487/487 596/596
f 487/487 597/597 596/596
f 487/487 539/539 597/597
f 539/539 538/538 597/597
f 538/538 541/541 598/598
f 578/578 439/439 579/579
f 579/579 399/399 599/599
f 493/493 379/379 600/600
f 589/589 588/588 601/601
f 481/481 562/562 602/602
f 562/562 563/563 603/603
f 525/525 564/564 604/604
f 604/604 564/564 605/605
f 564/564 565/565 566/566
f 532/532 568/568 606/606
f 567/567 572/572 607/607
f 538/538 598/598 597/597
f 578/578 579/579 608/608
f 497/497 581/581 609/609
f 609/609 581/581 610/610
f 581/581 582/582 610/610
f 586/586 585/585 611/611
f 582/582 583/583 612/612
f 583/583 613/613 612/612
f 588/588 555/555 614/614
f 560/560 561/561 615/615
f 592/592 593/593 616/616
f 593/593 594/594 616/616
f 455/455 456/456 617/617
f 605/605 564/564 618/618
f 564/564 566/566 618/618
f 457/457 529/529 619/619
f 529/529 567/567 619/619
f 620/620 621/621 622/622
f 607/607 572/572 623/623
f 573/573 596/596 624/624
f 579/579 599/599 625/625
f 612/612 613/613 626/626
f 592/592 616/616 627/627
f 517/517 455/455 628/628
f 608/608 579/579 629/629
f 629/629 579/579 625/625
f 467/467 549/549 630/630
f 588/588 614/614 631/631
f 615/615 561/561 632/632
f 585/585 591/591 633/633
f 632/632 561/561 634/634
f 628/628 455/455 635/635
f 636/636 637/637 638/638
f 606/606 568/568 639/639
f 639/639 568/568 640/640
f 568/568 641/641 640/640
f 624/624 596/596 642/642
f 596/596 597/597 642/642
f 642/642 597/597 643/643
f 576/576 577/577 644/644
f 630/630 549/549 645/645
f 456/456 457/457 619/619
f 646/646 463/463 548/548
f 610/610 582/582 647/647
f 582/582 612/612 647/647
f 648/648 601/601 649/649
f 627/627 616/616 650/650
f 616/616 594/594 651/651
f 602/602 562/562 652/652
f 562/562 603/603 652/652
f 595/595 570/570 653/653
f 444/444 580/580 654/654
f 609/609 610/610 655/655
f 611/611 585/585 656/656
f 585/585 633/633 656/656
f 616/616 651/651 650/650
f 651/651 594/594 657/657
f 455/455 617/617 635/635
f 618/618 566/566 658/658
f 566/566 659/659 658/658
f 658/658 659/659 660/660
f 625/625 599/599 661/661
f 612/612 626/626 662/662
f 631/631 614/614 663/663
f 615/615 632/632 664/664
f 648/648 649/649 665/665
f 634/634 517/517 628/628
f 619/619 567/567 666/666
f 653/653 570/570 667/667
f 643/643 597/597 668/668
f 597/597 598/598 668/668
f 644/644 577/577 669/669
f 647/647 612/612 670/670
f 612/612 662/662 670/670
f 632/632 634/634 671/671
f 634/634 628/628 671/671
f 617/617 456/456 619/619
f 607/607 623/623 672/672
f 646/646 548/548 673/673
f 611/611 656/656 674/674
f 627/627 650/650 675/675
f 676/676 652/652 677/677
f 605/605 618/618 658/658
f 668/668 598/598 678/678
f 608/608 629/629 679/679
f 629/629 625/625 679/679
f 625/625 661/661 680/680
f 681/681 154/154 682/682
f 683/683 444/444 684/684
f 444/444 654/654 684/684
f 685/685 630/630 686/686
f 630/630 645/645 686/686
f 664/664 632/632 687/687
f 656/656 633/633 688/688
f 632/632 671/671 687/687
f 651/651 657/657 689/689
f 652/652 603/603 690/690
f 603/603 691/691 690/690
f 658/658 660/660 692/692
f 617/617 619/619 693/693
f 655/655 610/610 694/694
f 655/655 694/694 695/695
f 610/610 647/647 694/694
f 631/631 663/663 696/696
f 675/675 650/650 697/697
f 650/650 651/651 697/697
f 640/640 641/641 698/698
f 624/624 642/642 699/699
f 625/625 680/680 679/679
f 682/682 154/154 700/700
f 154/154 493/493 700/700
f 671/671 628/628 701/701
f 677/677 652/652 690/690
f 635/635 617/617 693/693
f 690/690 691/691 702/702
f 703/703 704/704 705/705
f 605/605 658/658 706/706
f 607/607 672/672 666/666
f 577/577 707/707 669/669
f 696/696 663/663 708/708
f 664/664 687/687 709/709
f 651/651 689/689 697/697
f 619/619 666/666 710/710
f 666/666 672/672 711/711
f 680/680 661/661 712/712
f 713/713 646/646 673/673
f 714/714 715/715 716/716
f 639/639 640/640 717/717
f 644/644 669/669 718/718
f 647/647 670/670 719/719
f 670/670 662/662 719/719
f 719/719 662/662 720/720
f 665/665 649/649 721/721
f 675/675 697/697 722/722
f 721/721 649/649 723/723
f 669/669 707/707 724/724
f 725/725 686/686 726/726
f 694/694 647/647 719/719
f 656/656 688/688 727/727
f 628/628 635/635 701/701
f 677/677 690/690 728/728
f 690/690 702/702 729/729
f 666/666 711/711 730/730
f 608/608 679/679 731/731
f 713/713 673/673 732/732
f 686/686 645/645 733/733
f 696/696 708/708 734/734
f 680/680 712/712 735/735
f 709/709 687/687 736/736
f 687/687 671/671 736/736
f 728/728 690/690 729/729
f 730/730 711/711 737/737
f 734/734 708/708 738/738
f 709/709 736/736 739/739
f 721/721 723/723 740/740
f 635/635 693/693 741/741
f 684/684 654/654 742/742
f 686/686 733/733 743/743
f 722/722 697/697 744/744
f 697/697 689/689 744/744
f 701/701 635/635 741/741
f 745/745 746/746 747/747
f 710/710 666/666 748/748
f 717/717 640/640 749/749
f 731/731 679/679 750/750
f 679/679 680/680 750/750
f 673/673 751/751 732/732
f 752/752 674/674 753/753
f 736/736 671/671 754/754
f 744/744 689/689 755/755
f 730/730 737/737 748/748
f 642/642 643/643 756/756
f 643/643 668/668 756/756
f 680/680 735/735 757/757
f 493/493 600/600 758/758
f 726/726 686/686 743/743
f 695/695 694/694 759/759
f 753/753 674/674 760/760
f 694/694 719/719 759/759
f 674/674 656/656 760/760
f 675/675 722/722 761/761
f 755/755 689/689 762/762
f 763/763 728/728 764/764
f 699/699 642/642 765/765
f 750/750 680/680 757/757
f 695/695 759/759 766/766
f 760/760 656/656 767/767
f 656/656 727/727 767/767
f 671/671 701/701 754/754
f 729/729 702/702 768/768
f 693/693 619/619 710/710
f 640/640 698/698 749/749
f 642/642 756/756 765/765
f 743/743 733/733 769/769
f 759/759 719/719 770/770
f 719/719 720/720 770/770
f 734/734 738/738 771/771
f 763/763 764/764 772/772
f 728/728 729/729 764/764
f 768/768 702/702 773/773
f 706/706 658/658 774/774
f 732/732 751/751 775/775
f 700/700 493/493 758/758
f 776/776 726/726 743/743
f 770/770 720/720 777/777
f 721/721 740/740 778/778
f 658/658 692/692 779/779
f 668/668 678/678 780/780
f 668/668 780/780 756/756
f 774/774 658/658 781/781
f 658/658 779/779 781/781
f 771/771 738/738 782/782
f 739/739 736/736 783/783
f 783/783 736/736 784/784
f 736/736 754/754 784/784
f 754/754 701/701 785/785
f 701/701 741/741 785/785
f 717/717 749/749 786/786
f 759/759 770/770 787/787
f 764/764 729/729 768/768
f 757/757 735/735 788/788
f 743/743 769/769 776/776
f 761/761 722/722 789/789
f 722/722 744/744 789/789
f 744/744 755/755 790/790
f 745/745 747/747 791/791
f 749/749 698/698 792/792
f 699/699 765/765 793/793
f 765/765 756/756 794/794
f 775/775 751/751 795/795
f 789/789 744/744 790/790
f 755/755 762/762 796/796
f 693/693 710/710 797/797
f 748/748 737/737 798/798
f 776/776 769/769 799/799
f 770/770 777/777 787/787
f 710/710 748/748 797/797
f 793/793 765/765 800/800
f 765/765 794/794 800/800
f 756/756 780/780 794/794
f 766/766 759/759 801/801
f 759/759 787/787 802/802
f 801/801 759/759 802/802
f 760/760 767/767 803/803
f 748/748 798/798 797/797
f 785/785 741/741 804/804
f 767/767 727/727 805/805
f 761/761 789/789 806/806
f 790/790 755/755 807/807
f 755/755 796/796 807/807
f 741/741 693/693 797/797
f 683/683 684/684 808/808
f 684/684 742/742 808/808
f 802/802 787/787 809/809
f 772/772 764/764 810/810
f 741/741 797/797 804/804
f 751/751 811/811 795/795
f 809/809 787/787 812/812
f 787/787 777/777 812/812
f 794/794 780/780 813/813
f 814/814 815/815 816/816
f 757/757 788/788 817/817
f 818/818 775/775 819/819
f 775/775 795/795 819/819
f 801/801 802/802 820/820
f 802/802 809/809 820/820
f 790/790 807/807 821/821
f 772/772 810/810 822/822
f 786/786 749/749 823/823
f 749/749 792/792 823/823
f 793/793 800/800 824/824
f 764/764 768/768 810/810
f 791/791 747/747 825/825
f 825/825 747/747 826/826
f 797/797 798/798 827/827
f 798/798 737/737 827/827
f 823/823 792/792 828/828
f 793/793 824/824 829/829
f 800/800 794/794 824/824
f 731/731 750/750 830/830
f 750/750 757/757 830/830
f 795/795 811/811 831/831
f 700/700 758/758 832/832
f 758/758 600/600 833/833
f 808/808 742/742 834/834
f 803/803 767/767 805/805
f 786/786 823/823 835/835
f 801/801 820/820 836/836
f 812/812 777/777 837/837
f 778/778 838/838 839/839
f 789/789 790/790 821/821
f 754/754 785/785 840/840
f 781/781 779/779 841/841
f 779/779 842/842 841/841
f 843/843 804/804 797/797
f 669/669 724/724 844/844
f 830/830 757/757 845/845
f 846/846 847/847 848/848
f 817/817 788/788 849/849
f 718/718 669/669 850/850
f 776/776 799/799 851/851
f 851/851 799/799 852/852
f 771/771 782/782 853/853
f 783/783 784/784 854/854
f 810/810 768/768 855/855
f 827/827 737/737 856/856
f 857/857 858/858 859/859
f 771/771 853/853 860/860
f 854/854 784/784 861/861
f 784/784 754/754 861/861
f 774/774 781/781 862/862
f 781/781 841/841 862/862
f 794/794 863/863 824/824
f 794/794 813/813 863/863
f 731/731 830/830 864/864
f 861/861 754/754 840/840
f 785/785 804/804 843/843
f 768/768 773/773 855/855
f 850/850 669/669 844/844
f 865/865 795/795 831/831
f 866/866 867/867 868/868
f 869/869 851/851 870/870
f 799/799 871/871 852/852
f 817/817 849/849 845/845
f 820/820 809/809 872/872
f 809/809 812/812 837/837
f 803/803 805/805 873/873
f 873/873 805/805 874/874
f 823/823 828/828 875/875
f 836/836 820/820 872/872
f 806/806 789/789 876/876
f 789/789 821/821 876/876
f 855/855 773/773 877/877
f 774/774 862/862 878/878
f 835/835 823/823 875/875
f 872/872 809/809 879/879
f 809/809 837/837 879/879
f 840/840 785/785 880/880
f 785/785 843/843 880/880
f 822/822 810/810 881/881
f 843/843 797/797 882/882
f 845/845 849/849 883/883
f 869/869 870/870 884/884
f 885/885 836/836 872/872
f 821/821 807/807 886/886
f 821/821 886/886 887/887
f 881/881 810/810 888/888
f 888/888 810/810 855/855
f 889/889 824/824 863/863
f 863/863 813/813 890/890
f 891/891 832/832 892/892
f 851/851 852/852 893/893
f 873/873 874/874 894/894
f 874/874 805/805 895/895
f 806/806 876/876 896/896
f 829/829 824/824 889/889
f 819/819 795/795 897/897
f 885/885 872/872 898/898
f 879/879 837/837 899/899
f 880/880 843/843 900/900
f 825/825 826/826 901/901
f 902/902 903/903 904/904
f 827/827 856/856 905/905
f 869/869 884/884 906/906
f 885/885 898/898 907/907
f 899/899 837/837 908/908
f 876/876 821/821 887/887
f 841/841 842/842 909/909
f 797/797 905/905 882/882
f 797/797 827/827 905/905
f 863/863 890/890 910/910
f 911/911 818/818 819/819
f 912/912 868/868 913/913
f 861/861 840/840 880/880
f 889/889 863/863 910/910
f 892/892 832/832 914/914
f 832/832 758/758 914/914
f 860/860 853/853 915/915
f 900/900 843/843 882/882
f 898/898 872/872 916/916
f 872/872 879/879 916/916
f 888/888 855/855 917/917
f 850/850 844/844 918/918
f 830/830 845/845 919/919
f 845/845 883/883 919/919
f 758/758 833/833 920/920
f 893/893 852/852 921/921
f 887/887 886/886 922/922
f 855/855 877/877 917/917
f 910/910 890/890 923/923
f 914/914 758/758 920/920
f 852/852 871/871 924/924
f 922/922 886/886 925/925
f 878/878 862/862 926/926
f 862/862 841/841 926/926
f 905/905 856/856 927/927
f 919/919 883/883 928/928
f 852/852 924/924 921/921
f 907/907 898/898 929/929
f 887/887 922/922 876/876
f 880/880 900/900 930/930
f 861/861 880/880 931/931
f 880/880 930/930 931/931
f 905/905 927/927 932/932
f 854/854 861/861 931/931
f 926/926 841/841 933/933
f 841/841 909/909 933/933
f 933/933 909/909 934/934
f 909/909 935/935 934/934
f 900/900 882/882 936/936
f 835/835 875/875 937/937
f 889/889 910/910 938/938
f 919/919 928/928 939/939
f 819/819 897/897 940/940
f 884/884 893/893 941/941
f 881/881 888/888 942/942
f 888/888 917/917 942/942
f 882/882 932/932 936/936
f 875/875 828/828 937/937
f 918/918 844/844 943/943
f 830/830 919/919 939/939
f 940/940 897/897 944/944
f 897/897 945/945 944/944
f 906/906 884/884 946/946
f 946/946 884/884 947/947
f 884/884 941/941 947/947
f 948/948 894/894 949/949
f 894/894 874/874 949/949
f 915/915 853/853 950/950
f 854/854 931/931 951/951
f 942/942 917/917 952/952
f 917/917 877/877 952/952
f 900/900 936/936 930/930
f 932/932 953/953 954/954
f 829/829 889/889 938/938
f 938/938 910/910 955/955
f 910/910 923/923 955/955
f 864/864 830/830 956/956
f 830/830 939/939 956/956
f 911/911 819/819 957/957
f 819/819 940/940 957/957
f 941/941 893/893 958/958
f 893/893 921/921 958/958
f 921/921 924/924 959/959
f 929/929 916/916 960/960
f 916/916 879/879 961/961
f 879/879 899/899 961/961
f 962/962 915/915 963/963
f 958/958 921/921 959/959
f 964/964 965/965 966/966
f 963/963 915/915 967/967
f 915/915 950/950 967/967
f 937/937 828/828 968/968
f 829/829 938/938 969/969
f 957/957 940/940 970/970
f 952/952 877/877 971/971
f 878/878 926/926 972/972
f 936/936 932/932 954/954
f 939/939 928/928 973/973
f 974/974 975/975 976/976
f 876/876 922/922 977/977
f 881/881 942/942 978/978
f 930/930 936/936 979/979
f 973/973 928/928 980/980
f 949/949 874/874 981/981
f 951/951 931/931 982/982
f 874/874 895/895 981/981
f 896/896 876/876 977/977
f 931/931 930/930 983/983
f 930/930 979/979 983/983
f 984/984 985/985 986/986
f 969/969 938/938 987/987
f 944/944 945/945 988/988
f 914/914 920/920 989/989
f 966/966 965/965 990/990
f 966/966 990/990 991/991
f 963/963 967/967 992/992
f 967/967 950/950 993/993
f 951/951 982/982 994/994
f 835/835 937/937 995/995
f 956/956 939/939 973/973
f 960/960 916/916 996/996
f 992/992 967/967 997/997
f 967/967 993/993 997/997
f 972/972 926/926 998/998
f 926/926 933/933 998/998
f 933/933 934/934 999/999
f 934/934 935/935 999/999
f 999/999 935/935 1000/1000
f 835/835 995/995 1001/1001
f 986/986 985/985 1002/1002
f 918/918 943/943 1003/1003
f 943/943 844/844 1004/1004
f 864/864 956/956 1005/1005
f 958/958 959/959 1006/1006
f 916/916 961/961 996/996
f 998/998 933/933 1007/1007
f 933/933 999/999 1007/1007
f 954/954 1008/1008 936/936
f 1009/1009 986/986 1002/1002
f 918/918 1003/1003 1010/1010
f 943/943 1004/1004 1003/1003
f 991/991 990/990 1011/1011
f 977/977 922/922 1012/1012
f 922/922 925/925 1013/1013
f 922/922 1013/1013 1012/1012
f 931/931 983/983 982/982
f 970/970 940/940 944/944
f 989/989 920/920 1014/1014
f 937/937 968/968 995/995
f 918/918 1010/1010 1015/1015
f 987/987 938/938 955/955
f 960/960 996/996 1016/1016
f 955/955 923/923 1017/1017
f 1018/1018 1019/1019 1020/1020
f 941/941 958/958 1021/1021
f 996/996 961/961 1016/1016
f 961/961 1022/1022 1016/1016
f 979/979 936/936 1023/1023
f 946/946 947/947 1024/1024
f 896/896 977/977 1025/1025
f 1024/1024 947/947 1026/1026
f 981/981 895/895 1027/1027
f 1025/1025 977/977 1028/1028
f 977/977 1012/1012 1028/1028
f 1012/1012 1013/1013 1029/1029
f 1012/1012 1029/1029 1028/1028
f 978/978 942/942 1030/1030
f 942/942 952/952 1030/1030
f 955/955 1017/1017 1031/1031
f 1032/1032 1033/1033 1034/1034
f 952/952 971/971 1035/1035
f 972/972 998/998 1036/1036
f 955/955 1031/1031 987/987
f 958/958 1006/1006 1037/1037
f 991/991 1011/1011 1038/1038
f 992/992 997/997 1039/1039
f 997/997 993/993 1039/1039
f 1005/1005 956/956 1040/1040
f 956/956 973/973 1041/1041
f 956/956 1041/1041 1040/1040
f 973/973 980/980 1042/1042
f 973/973 1042/1042 1041/1041
f 1014/1014 920/920 1043/1043
f 920/920 833/833 1043/1043
f 1032/1032 1034/1034 1044/1044
f 958/958 1037/1037 1021/1021
f 1016/1016 1022/1022 1045/1045
f 992/992 1039/1039 1046/1046
f 1047/1047 1048/1048 1049/1049
f 1047/1047 1049/1049 1050/1050
f 970/970 944/944 1051/1051
f 1052/1052 1016/1016 1053/1053
f 1016/1016 1045/1045 1053/1053
f 1054/1054 1055/1055 1056/1056
f 1051/1051 944/944 1057/1057
f 944/944 988/988 1057/1057
f 833/833 1058/1058 1043/1043
f 948/948 949/949 1059/1059
f 948/948 1059/1059 1060/1060
f 949/949 981/981 1059/1059
f 1039/1039 993/993 1061/1061
f 994/994 982/982 1062/1062
f 979/979 1023/1023 1063/1063
f 1026/1026 1021/1021 1064/1064
f 960/960 1016/1016 1065/1065
f 1065/1065 1016/1016 1052/1052
f 1046/1046 1039/1039 1066/1066
f 978/978 1030/1030 1067/1067
f 999/999 1000/1000 1068/1068
f 1025/1025 1028/1028 1069/1069
f 1028/1028 1029/1029 1070/1070
f 1028/1028 1070/1070 1071/1071
f 982/982 983/983 1072/1072
f 952/952 1035/1035 1073/1073
f 1007/1007 999/999 1074/1074
f 999/999 1068/1068 1074/1074
f 969/969 987/987 1075/1075
f 987/987 1031/1031 1075/1075
f 1010/1010 1003/1003 1076/1076
f 1003/1003 1004/1004 1076/1076
f 1021/1021 1037/1037 1064/1064
f 1038/1038 1011/1011 1077/1077
f 1045/1045 1078/1078 1079/1079
f 1039/1039 1061/1061 1080/1080
f 1062/1062 982/982 1072/1072
f 1028/1028 1071/1071 1069/1069
f 983/983 979/979 1072/1072
f 998/998 1007/1007 1081/1081
f 1007/1007 1074/1074 1081/1081
f 1053/1053 1045/1045 1079/1079
f 1059/1059 981/981 1082/1082
f 1056/1056 1055/1055 1083/1083
f 981/981 1027/1027 1082/1082
f 1036/1036 998/998 1084/1084
f 998/998 1081/1081 1084/1084
f 1023/1023 1085/1085 1063/1063
f 1023/1023 936/936 1086/1086
f 1001/1001 995/995 1087/1087
f 1050/1050 1049/1049 1088/1088
f 1024/1024 1026/1026 1089/1089
f 1026/1026 1064/1064 1089/1089
f 1080/1080 1061/1061 1090/1090
f 1062/1062 1072/1072 1091/1091
f 936/936 1008/1008 1086/1086
f 1092/1092 1088/1088 1049/1049
f 1064/1064 1037/1037 1093/1093
f 1038/1038 1077/1077 1094/1094
f 1072/1072 979/979 1063/1063
f 1023/1023 1086/1086 1085/1085
f 1065/1065 1052/1052 1095/1095
f 1052/1052 1053/1053 1095/1095
f 1082/1082 1027/1027 1096/1096
f 1025/1025 1069/1069 1097/1097
f 995/995 968/968 1098/1098
f 969/969 1075/1075 1099/1099
f 1076/1076 1004/1004 1100/1100
f 1005/1005 1040/1040 1101/1101
f 1041/1041 1042/1042 1102/1102
f 1044/1044 1034/1034 1103/1103
f 1053/1053 1079/1079 1095/1095
f 1095/1095 1079/1079 1104/1104
f 1091/1091 1072/1072 1105/1105
f 1080/1080 1090/1090 1106/1106
f 1069/1069 1071/1071 1097/1097
f 1030/1030 952/952 1073/1073
f 1085/1085 1086/1086 1107/1107
f 995/995 1098/1098 1108/1108
f 1065/1065 1095/1095 1109/1109
f 1109/1109 1095/1095 1110/1110
f 1095/1095 1104/1104 1110/1110
f 1104/1104 1079/1079 1111/1111
f 1106/1106 1090/1090 1112/1112
f 1090/1090 1113/1113 1112/1112
f 1071/1071 1070/1070 1114/1114
f 1024/1024 1089/1089 1115/1115
f 1064/1064 1093/1093 1089/1089
f 1089/1089 1093/1093 1116/1116
f 1110/1110 1104/1104 1117/1117
f 1118/1118 1106/1106 1119/1119
f 1097/1097 1071/1071 1120/1120
f 1107/1107 1086/1086 1121/1121
f 1122/1122 1123/1123 1020/1020
f 1086/1086 1124/1124 1121/1121
f 1099/1099 1075/1075 1125/1125
f 1010/1010 1076/1076 1126/1126
f 1040/1040 1041/1041 1102/1102
f 1057/1057 988/988 1127/1127
f 1110/1110 1117/1117 1128/1128
f 1060/1060 1059/1059 1129/1129
f 1119/1119 1106/1106 1130/1130
f 1106/1106 1112/1112 1130/1130
f 1112/1112 1113/1113 1131/1131
f 1120/1120 1071/1071 1132/1132
f 1071/1071 1114/1114 1132/1132
f 1072/1072 1063/1063 1133/1133
f 1063/1063 1085/1085 1107/1107
f 1063/1063 1107/1107 1133/1133
f 1130/1130 1112/1112 1134/1134
f 1112/1112 1131/1131 1134/1134
f 1105/1105 1072/1072 1133/1133
f 1036/1036 1084/1084 1135/1135
f 1084/1084 1081/1081 1135/1135
f 1087/1087 995/995 1136/1136
f 995/995 1108/1108 1136/1136
f 1075/1075 1031/1031 1125/1125
f 1125/1125 1031/1031 1137/1137
f 1031/1031 1017/1017 1137/1137
f 1127/1127 988/988 1138/1138
f 989/989 1014/1014 1139/1139
f 1110/1110 1128/1128 1109/1109
f 1059/1059 1082/1082 1140/1140
f 1141/1141 1119/1119 1142/1142
f 1119/1119 1130/1130 1142/1142
f 1143/1143 1120/1120 1144/1144
f 1114/1114 1070/1070 1145/1145
f 1073/1073 1035/1035 1146/1146
f 1036/1036 1135/1135 1147/1147
f 1137/1137 1017/1017 1148/1148
f 1101/1101 1040/1040 1149/1149
f 1040/1040 1102/1102 1149/1149
f 1051/1051 1057/1057 1127/1127
f 1144/1144 1120/1120 1150/1150
f 1133/1133 1107/1107 1151/1151
f 1135/1135 1081/1081 1152/1152
f 1081/1081 1074/1074 1152/1152
f 1074/1074 1068/1068 1152/1152
f 1015/1015 1010/1010 1153/1153
f 1010/1010 1126/1126 1153/1153
f 1126/1126 1076/1076 1154/1154
f 1076/1076 1100/1100 1154/1154
f 1149/1149 1102/1102 1155/1155
f 1156/1156 1051/1051 1157/1157
f 1089/1089 1116/1116 1158/1158
f 1116/1116 1093/1093 1159/1159
f 1059/1059 1140/1140 1129/1129
f 1160/1160 1161/1161 1162/1162
f 1115/1115 1089/1089 1158/1158
f 1141/1141 1142/1142 1163/1163
f 1142/1142 1130/1130 1163/1163
f 1144/1144 1150/1150 1164/1164
f 1132/1132 1114/1114 1165/1165
f 1114/1114 1145/1145 1165/1165
f 1133/1133 1151/1151 1166/1166
f 1152/1152 1068/1068 1167/1167
f 1087/1087 1136/1136 1168/1168
f 1157/1157 1051/1051 1169/1169
f 1051/1051 1127/1127 1169/1169
f 1158/1158 1116/1116 1170/1170
f 1116/1116 1159/1159 1170/1170
f 1109/1109 1128/1128 1171/1171
f 1163/1163 1130/1130 1172/1172
f 1130/1130 1134/1134 1172/1172
f 1134/1134 1131/1131 1172/1172
f 1150/1150 1120/1120 1173/1173
f 1120/1120 1132/1132 1173/1173
f 1173/1173 1132/1132 1165/1165
f 1107/1107 1121/1121 1174/1174
f 1015/1015 1153/1153 1175/1175
f 1115/1115 1158/1158 1176/1176
f 1109/1109 1171/1171 1177/1177
f 1128/1128 1178/1178 1171/1171
f 1140/1140 1179/1179 1180/1180
f 1151/1151 1107/1107 1174/1174
f 1160/1160 1162/1162 1181/1181
f 1126/1126 1154/1154 1182/1182
f 1129/1129 1140/1140 1180/1180
f 1183/1183 1163/1163 1184/1184
f 1163/1163 1172/1172 1184/1184
f 1172/1172 1131/1131 1185/1185
f 1067/1067 1030/1030 1186/1186
f 1186/1186 1030/1030 1187/1187
f 1030/1030 1073/1073 1187/1187
f 1151/1151 1174/1174 1188/1188
f 1108/1108 1098/1098 1189/1189
f 1099/1099 1125/1125 1190/1190
f 1101/1101 1149/1149 1191/1191
f 1149/1149 1155/1155 1192/1192
f 1193/1193 1129/1129 1194/1194
f 1129/1129 1180/1180 1194/1194
f 1165/1165 1145/1145 1195/1195
f 1151/1151 1196/1196 1166/1166
f 1196/1196 1151/1151 1188/1188
f 1073/1073 1146/1146 1197/1197
f 1147/1147 1135/1135 1198/1198
f 1135/1135 1152/1152 1199/1199
f 1152/1152 1167/1167 1199/1199
f 1121/1121 1200/1200 1174/1174
f 1137/1137 1148/1148 1201/1201
f 1126/1126 1182/1182 1202/1202
f 1191/1191 1149/1149 1203/1203
f 1149/1149 1192/1192 1203/1203
f 1169/1169 1127/1127 1204/1204
f 1205/1205 1173/1173 1206/1206
f 1173/1173 1165/1165 1206/1206
f 1165/1165 1195/1195 1206/1206
f 1196/1196 1188/1188 1207/1207
f 1198/1198 1135/1135 1199/1199
f 1168/1168 1136/1136 1208/1208
f 1136/1136 1108/1108 1209/1209
f 1108/1108 1189/1189 1209/1209
f 1181/1181 1162/1162 1210/1210
f 1211/1211 1210/1210 1162/1162
f 1125/1125 1137/1137 1212/1212
f 1125/1125 1212/1212 1190/1190
f 1153/1153 1126/1126 1213/1213
f 1126/1126 1202/1202 1213/1213
f 1202/1202 1182/1182 1214/1214
f 1191/1191 1203/1203 1215/1215
f 1192/1192 1155/1155 1216/1216
f 1217/1217 1218/1218 1219/1219
f 1218/1218 1220/1220 1221/1221
f 1219/1219 1218/1218 1222/1222
f 1218/1218 1221/1221 1222/1222
f 1219/1219 1222/1222 1223/1223
f 1221/1221 1224/1224 1222/1222
f 1170/1170 1159/1159 1225/1225
f 1222/1222 1224/1224 1226/1226
f 1227/1227 1228/1228 1229/1229
f 1229/1229 1228/1228 1230/1230
f 1228/1228 1231/1231 1230/1230
f 1228/1228 1232/1232 1231/1231
f 1231/1231 1232/1232 1233/1233
f 1159/1159 1234/1234 1225/1225
f 1232/1232 1235/1235 1233/1233
f 1223/1223 1222/1222 1236/1236
f 1236/1236 1222/1222 1226/1226
f 1237/1237 1227/1227 1238/1238
f 1226/1226 1224/1224 1239/1239
f 1240/1240 1241/1241 1242/1242
f 1240/1240 1243/1243 1241/1241
f 1240/1240 1244/1244 1243/1243
f 1244/1244 1237/1237 1238/1238
f 1244/1244 1238/1238 1243/1243
f 1227/1227 1229/1229 1245/1245
f 1246/1246 1242/1242 1247/1247
f 1242/1242 1241/1241 1247/1247
f 1177/1177 1171/1171 1248/1248
f 1177/1177 1248/1248 1249/1249
f 1229/1229 1230/1230 1250/1250
f 1229/1229 1250/1250 1245/1245
f 1226/1226 1239/1239 1251/1251
f 1252/1252 1193/1193 1194/1194
f 1246/1246 1247/1247 1253/1253
f 1241/1241 1243/1243 1254/1254
f 1194/1194 1180/1180 1255/1255
f 1183/1183 1184/1184 1256/1256
f 1256/1256 1184/1184 1257/1257
f 1257/1257 1184/1184 1258/1258
f 1184/1184 1172/1172 1258/1258
f 1172/1172 1185/1185 1258/1258
f 1259/1259 1166/1166 1260/1260
f 1236/1236 1226/1226 1261/1261
f 1226/1226 1251/1251 1261/1261
f 1262/1262 1205/1205 1263/1263
f 1205/1205 1206/1206 1264/1264
f 1260/1260 1166/1166 1196/1196
f 1206/1206 1195/1195 1265/1265
f 1208/1208 1136/1136 1266/1266
f 1267/1267 1208/1208 1266/1266
f 1188/1188 1174/1174 1268/1268
f 1136/1136 1209/1209 1266/1266
f 1268/1268 1174/1174 1269/1269
f 1270/1270 1271/1271 1272/1272
f 1273/1273 1274/1274 1275/1275
f 1175/1175 1153/1153 1213/1213
f 1276/1276 1277/1277 1278/1278
f 1137/1137 1201/1201 1212/1212
f 1279/1279 1273/1273 1275/1275
f 1275/1275 1274/1274 1280/1280
f 1274/1274 1281/1281 1280/1280
f 1280/1280 1281/1281 1282/1282
f 1282/1282 1281/1281 1283/1283
f 1276/1276 1278/1278 1284/1284
f 1283/1283 1276/1276 1285/1285
f 1276/1276 1286/1286 1285/1285
f 1284/1284 1278/1278 1287/1287
f 1288/1288 1289/1289 1290/1290
f 1282/1282 1283/1283 1291/1291
f 1291/1291 1283/1283 1285/1285
f 1276/1276 1284/1284 1286/1286
f 1202/1202 1214/1214 1292/1292
f 1284/1284 1287/1287 1293/1293
f 1289/1289 1294/1294 1290/1290
f 1286/1286 1284/1284 1295/1295
f 1284/1284 1293/1293 1296/1296
f 1284/1284 1296/1296 1295/1295
f 1215/1215 1203/1203 1297/1297
f 1203/1203 1192/1192 1297/1297
f 1297/1297 1192/1192 1216/1216
f 1293/1293 1298/1298 1299/1299
f 1293/1293 1299/1299 1296/1296
f 1169/1169 1204/1204 1300/1300
f 1290/1290 1294/1294 1301/1301
f 1288/1288 1290/1290 1302/1302
f 1302/1302 1290/1290 1303/1303
f 1303/1303 1290/1290 1301/1301
f 1303/1303 1301/1301 1304/1304
f 1302/1302 1303/1303 1305/1305
f 1303/1303 1304/1304 1305/1305
f 1306/1306 1307/1307 1308/1308
f 1170/1170 1225/1225 1309/1309
f 1310/1310 1235/1235 1311/1311
f 1312/1312 1228/1228 1227/1227
f 1311/1311 1235/1235 1232/1232
f 1313/1313 1246/1246 1314/1314
f 1315/1315 1316/1316 1239/1239
f 1239/1239 1316/1316 1317/1317
f 1318/1318 1319/1319 1320/1320
f 1314/1314 1246/1246 1321/1321
f 1238/1238 1227/1227 1245/1245
f 1239/1239 1317/1317 1322/1322
f 1321/1321 1246/1246 1253/1253
f 1238/1238 1245/1245 1323/1323
f 1239/1239 1324/1324 1251/1251
f 1239/1239 1322/1322 1324/1324
f 1317/1317 1325/1325 1324/1324
f 1317/1317 1324/1324 1322/1322
f 1252/1252 1194/1194 1255/1255
f 1253/1253 1247/1247 1326/1326
f 1326/1326 1247/1247 1327/1327
f 1247/1247 1241/1241 1327/1327
f 1327/1327 1241/1241 1328/1328
f 1241/1241 1329/1329 1328/1328
f 1241/1241 1254/1254 1329/1329
f 1243/1243 1323/1323 1330/1330
f 1331/1331 1323/1323 1332/1332
f 1323/1323 1333/1333 1332/1332
f 1323/1323 1245/1245 1333/1333
f 1333/1333 1245/1245 1334/1334
f 1250/1250 1335/1335 1245/1245
f 1334/1334 1245/1245 1335/1335
f 1261/1261 1251/1251 1336/1336
f 1251/1251 1337/1337 1336/1336
f 1251/1251 1324/1324 1337/1337
f 1324/1324 1338/1338 1337/1337
f 1326/1326 1327/1327 1339/1339
f 1339/1339 1327/1327 1328/1328
f 1254/1254 1243/1243 1330/1330
f 1323/1323 1331/1331 1340/1340
f 1334/1334 1335/1335 1341/1341
f 1341/1341 1335/1335 1342/1342
f 1335/1335 1343/1343 1342/1342
f 1236/1236 1261/1261 1344/1344
f 1345/1345 1346/1346 1347/1347
f 1205/1205 1264/1264 1348/1348
f 1206/1206 1265/1265 1264/1264
f 1329/1329 1254/1254 1349/1349
f 1254/1254 1330/1330 1349/1349
f 1342/1342 1343/1343 1350/1350
f 1351/1351 1352/1352 1343/1343
f 1343/1343 1352/1352 1350/1350
f 1349/1349 1330/1330 1353/1353
f 1330/1330 1323/1323 1353/1353
f 1353/1353 1323/1323 1354/1354
f 1323/1323 1340/1340 1354/1354
f 1349/1349 1353/1353 1355/1355
f 1354/1354 1340/1340 1356/1356
f 1334/1334 1341/1341 1357/1357
f 1357/1357 1341/1341 1358/1358
f 1341/1341 1342/1342 1358/1358
f 1342/1342 1350/1350 1358/1358
f 1358/1358 1350/1350 1359/1359
f 1350/1350 1352/1352 1360/1360
f 1359/1359 1350/1350 1361/1361
f 1350/1350 1360/1360 1361/1361
f 1354/1354 1362/1362 1353/1353
f 1354/1354 1356/1356 1362/1362
f 1357/1357 1358/1358 1363/1363
f 1358/1358 1359/1359 1363/1363
f 1355/1355 1353/1353 1364/1364
f 1364/1364 1353/1353 1365/1365
f 1353/1353 1362/1362 1365/1365
f 1365/1365 1362/1362 1366/1366
f 1363/1363 1359/1359 1367/1367
f 1359/1359 1361/1361 1367/1367
f 1198/1198 1199/1199 1368/1368
f 1368/1368 1199/1199 1369/1369
f 1199/1199 1167/1167 1369/1369
f 1370/1370 1371/1371 1372/1372
f 1357/1357 1363/1363 1373/1373
f 1363/1363 1367/1367 1373/1373
f 1361/1361 1360/1360 1374/1374
f 1375/1375 1370/1370 1376/1376
f 1376/1376 1370/1370 1377/1377
f 1370/1370 1372/1372 1377/1377
f 1372/1372 1371/1371 1378/1378
f 1357/1357 1373/1373 1379/1379
f 1367/1367 1361/1361 1380/1380
f 1361/1361 1374/1374 1380/1380
f 1377/1377 1372/1372 1378/1378
f 1376/1376 1377/1377 1381/1381
f 1376/1376 1381/1381 1382/1382
f 1377/1377 1378/1378 1381/1381
f 1381/1381 1378/1378 1383/1383
f 1379/1379 1373/1373 1384/1384
f 1384/1384 1373/1373 1385/1385
f 1373/1373 1367/1367 1386/1386
f 1373/1373 1386/1386 1385/1385
f 1367/1367 1380/1380 1387/1387
f 1367/1367 1387/1387 1386/1386
f 1380/1380 1374/1374 1387/1387
f 1388/1388 1389/1389 1390/1390
f 1390/1390 1389/1389 1391/1391
f 1388/1388 1390/1390 1289/1289
f 1392/1392 1393/1393 1394/1394
f 1395/1395 1396/1396 1397/1397
f 1396/1396 1273/1273 1397/1397
f 1273/1273 1396/1396 1274/1274
f 1396/1396 1398/1398 1274/1274
f 1399/1399 1382/1382 1281/1281
f 1382/1382 1381/1381 1281/1281
f 1381/1381 1400/1400 1281/1281
f 1381/1381 1383/1383 1400/1400
f 1374/1374 1401/1401 1387/1387
f 1390/1390 1391/1391 1289/1289
f 1289/1289 1391/1391 1402/1402
f 1391/1391 1392/1392 1402/1402
f 1402/1402 1392/1392 1403/1403
f 1392/1392 1394/1394 1403/1403
f 1403/1403 1394/1394 1404/1404
f 1405/1405 1406/1406 1397/1397
f 1398/1398 1281/1281 1274/1274
f 1398/1398 1399/1399 1281/1281
f 1383/1383 1407/1407 1400/1400
f 1407/1407 1408/1408 1400/1400
f 1408/1408 1384/1384 1400/1400
f 1400/1400 1384/1384 1276/1276
f 1384/1384 1385/1385 1276/1276
f 1385/1385 1386/1386 1387/1387
f 1268/1268 1269/1269 1409/1409
f 1289/1289 1402/1402 1410/1410
f 1403/1403 1404/1404 1411/1411
f 1405/1405 1397/1397 1412/1412
f 1412/1412 1397/1397 1279/1279
f 1397/1397 1273/1273 1279/1279
f 1400/1400 1276/1276 1283/1283
f 1289/1289 1410/1410 1294/1294
f 1190/1190 1212/1212 1413/1413
f 1414/1414 1415/1415 1279/1279
f 1415/1415 1412/1412 1279/1279
f 1416/1416 1417/1417 1418/1418
f 1418/1418 1419/1419 1420/1420
f 1419/1419 1421/1421 1420/1420
f 1419/1419 1422/1422 1421/1421
f 1422/1422 1423/1423 1421/1421
f 1424/1424 1425/1425 1426/1426
f 1425/1425 1427/1427 1426/1426
f 1427/1427 1428/1428 1429/1429
f 1428/1428 1430/1430 1429/1429
f 1300/1300 1204/1204 1431/1431
f 1429/1429 1430/1430 1432/1432
f 1433/1433 1300/1300 1431/1431
f 1434/1434 1435/1435 1436/1436
f 1436/1436 1435/1435 1437/1437
f 1438/1438 1439/1439 1440/1440
f 1441/1441 1442/1442 1443/1443
f 1443/1443 1442/1442 1444/1444
f 1445/1445 1446/1446 1447/1447
f 1346/1346 1348/1348 1448/1448
f 1448/1448 1348/1348 1449/1449
f 1348/1348 1264/1264 1449/1449
f 1264/1264 1265/1265 1450/1450
f 1347/1347 1346/1346 1451/1451
f 1452/1452 1453/1453 1454/1454
f 1455/1455 1456/1456 1457/1457
f 1457/1457 1456/1456 1458/1458
f 1453/1453 1187/1187 1454/1454
f 1453/1453 1186/1186 1187/1187
f 1458/1458 1456/1456 1459/1459
f 1197/1197 1460/1460 1073/1073
f 1197/1197 1461/1461 1460/1460
f 1461/1461 1462/1462 1460/1460
f 1461/1461 1463/1463 1462/1462
f 1462/1462 1463/1463 1464/1464
f 1459/1459 1465/1465 1466/1466
f 1466/1466 1465/1465 1467/1467
f 1468/1468 1469/1469 1470/1470
f 1471/1471 1472/1472 1464/1464
f 1473/1473 1474/1474 1475/1475
f 1270/1270 1272/1272 1476/1476
f 1477/1477 1190/1190 1413/1413
f 1478/1478 1479/1479 1480/1480
f 1417/1417 1416/1416 1481/1481
f 1418/1418 1482/1482 1416/1416
f 1418/1418 1420/1420 1482/1482
f 1427/1427 1429/1429 1432/1432
f 1483/1483 1484/1484 1485/1485
f 1486/1486 1487/1487 1488/1488
f 1488/1488 1487/1487 1489/1489
f 1115/1115 1176/1176 1490/1490
f 1491/1491 1492/1492 1493/1493
f 1438/1438 1440/1440 1494/1494
f 1443/1443 1444/1444 1495/1495
f 1443/1443 1495/1495 1496/1496
f 1497/1497 1498/1498 1499/1499
f 1497/1497 1499/1499 1500/1500
f 1501/1501 1445/1445 1502/1502
f 1501/1501 1502/1502 1503/1503
f 1445/1445 1447/1447 1502/1502
f 1446/1446 1504/1504 1505/1505
f 1492/1492 1506/1506 1507/1507
f 1448/1448 1449/1449 1508/1508
f 1508/1508 1449/1449 1509/1509
f 1264/1264 1510/1510 1449/1449
f 1264/1264 1450/1450 1510/1510
f 1455/1455 1457/1457 1511/1511
f 1347/1347 1451/1451 1512/1512
f 1499/1499 1452/1452 1513/1513
f 1452/1452 1454/1454 1513/1513
f 1187/1187 1073/1073 1514/1514
f 1462/1462 1464/1464 1515/1515
f 1466/1466 1467/1467 1516/1516
f 1464/1464 1472/1472 1515/1515
f 1517/1517 1518/1518 1519/1519
f 1470/1470 1469/1469 1520/1520
f 1475/1475 1481/1481 1521/1521
f 1480/1480 1479/1479 1522/1522
f 1479/1479 1523/1523 1522/1522
f 1481/1481 1524/1524 1521/1521
f 1481/1481 1416/1416 1524/1524
f 1423/1423 1424/1424 1525/1525
f 1424/1424 1426/1426 1526/1526
f 1426/1426 1427/1427 1527/1527
f 1427/1427 1432/1432 1528/1528
f 1427/1427 1528/1528 1527/1527
f 1433/1433 1431/1431 1529/1529
f 1431/1431 1204/1204 1530/1530
f 1431/1431 1530/1530 1529/1529
f 1204/1204 1127/1127 1530/1530
f 1530/1530 1127/1127 1531/1531
f 1532/1532 1483/1483 1533/1533
f 1127/1127 1138/1138 1531/1531
f 1483/1483 1485/1485 1534/1534
f 1483/1483 1534/1534 1533/1533
f 1535/1535 1536/1536 1537/1537
f 1535/1535 1537/1537 1538/1538
f 1539/1539 1535/1535 1538/1538
f 1487/1487 1491/1491 1493/1493
f 1540/1540 1541/1541 1542/1542
f 1493/1493 1492/1492 1543/1543
f 1502/1502 1447/1447 1544/1544
f 1447/1447 1545/1545 1544/1544
f 1447/1447 1446/1446 1545/1545
f 1446/1446 1505/1505 1545/1545
f 1492/1492 1507/1507 1546/1546
f 1509/1509 1449/1449 1547/1547
f 1449/1449 1510/1510 1547/1547
f 1441/1441 1548/1548 1450/1450
f 1511/1511 1457/1457 1549/1549
f 1451/1451 1346/1346 1550/1550
f 1346/1346 1508/1508 1550/1550
f 1457/1457 1458/1458 1549/1549
f 1454/1454 1551/1551 1513/1513
f 1551/1551 1454/1454 1187/1187
f 1458/1458 1459/1459 1552/1552
f 1187/1187 1514/1514 1553/1553
f 1514/1514 1073/1073 1554/1554
f 1073/1073 1460/1460 1554/1554
f 1460/1460 1462/1462 1554/1554
f 1554/1554 1462/1462 1555/1555
f 1462/1462 1515/1515 1555/1555
f 1469/1469 1532/1532 1520/1520
f 1523/1523 1473/1473 1556/1556
f 1524/1524 1416/1416 1557/1557
f 1416/1416 1482/1482 1557/1557
f 1482/1482 1420/1420 1558/1558
f 1420/1420 1421/1421 1558/1558
f 1421/1421 1559/1559 1558/1558
f 1423/1423 1525/1525 1421/1421
f 1424/1424 1526/1526 1525/1525
f 1014/1014 1043/1043 1058/1058
f 1489/1489 1487/1487 1493/1493
f 1170/1170 1309/1309 1560/1560
f 1436/1436 1437/1437 1561/1561
f 1492/1492 1546/1546 1543/1543
f 1500/1500 1499/1499 1562/1562
f 1562/1562 1499/1499 1563/1563
f 1503/1503 1502/1502 1544/1544
f 1510/1510 1450/1450 1564/1564
f 1564/1564 1450/1450 1548/1548
f 1499/1499 1513/1513 1563/1563
f 1451/1451 1550/1550 1512/1512
f 1187/1187 1553/1553 1551/1551
f 1458/1458 1552/1552 1549/1549
f 1459/1459 1466/1466 1552/1552
f 1466/1466 1516/1516 1552/1552
f 1555/1555 1515/1515 1565/1565
f 1470/1470 1566/1566 1567/1567
f 1565/1565 1515/1515 1568/1568
f 1516/1516 1467/1467 1569/1569
f 1470/1470 1520/1520 1566/1566
f 1515/1515 1570/1570 1568/1568
f 1571/1571 1572/1572 1519/1519
f 1475/1475 1521/1521 1556/1556
f 1556/1556 1521/1521 1573/1573
f 1480/1480 1522/1522 1574/1574
f 1574/1574 1522/1522 1575/1575
f 1522/1522 1523/1523 1575/1575
f 1575/1575 1523/1523 1576/1576
f 1523/1523 1556/1556 1576/1576
f 1521/1521 1524/1524 1573/1573
f 1557/1557 1482/1482 1577/1577
f 1577/1577 1482/1482 1578/1578
f 1532/1532 1533/1533 1520/1520
f 1482/1482 1558/1558 1578/1578
f 1421/1421 1525/1525 1559/1559
f 1526/1526 1426/1426 1527/1527
f 1432/1432 1579/1579 1528/1528
f 1539/1539 1580/1580 1581/1581
f 1539/1539 1538/1538 1580/1580
f 1489/1489 1493/1493 1582/1582
f 1170/1170 1560/1560 1158/1158
f 1436/1436 1561/1561 1583/1583
f 1496/1496 1495/1495 1584/1584
f 1495/1495 1585/1585 1584/1584
f 1503/1503 1544/1544 1586/1586
f 1544/1544 1545/1545 1586/1586
f 1587/1587 1508/1508 1588/1588
f 1508/1508 1509/1509 1588/1588
f 1509/1509 1547/1547 1588/1588
f 1588/1588 1547/1547 1589/1589
f 1547/1547 1510/1510 1589/1589
f 1589/1589 1510/1510 1590/1590
f 1510/1510 1564/1564 1590/1590
f 1564/1564 1548/1548 1591/1591
f 1511/1511 1549/1549 1592/1592
f 1513/1513 1551/1551 1593/1593
f 1551/1551 1553/1553 1594/1594
f 1549/1549 1552/1552 1592/1592
f 1514/1514 1554/1554 1595/1595
f 1595/1595 1554/1554 1596/1596
f 1552/1552 1597/1597 1592/1592
f 1554/1554 1555/1555 1596/1596
f 1555/1555 1598/1598 1596/1596
f 1552/1552 1516/1516 1597/1597
f 1555/1555 1565/1565 1598/1598
f 1516/1516 1569/1569 1599/1599
f 1516/1516 1599/1599 1597/1597
f 1576/1576 1556/1556 1600/1600
f 1556/1556 1573/1573 1600/1600
f 1574/1574 1575/1575 1601/1601
f 1573/1573 1524/1524 1602/1602
f 1524/1524 1557/1557 1602/1602
f 1603/1603 1525/1525 1604/1604
f 1525/1525 1526/1526 1604/1604
f 1526/1526 1527/1527 1604/1604
f 1604/1604 1527/1527 1605/1605
f 1527/1527 1528/1528 1605/1605
f 1605/1605 1528/1528 1606/1606
f 1606/1606 1528/1528 1579/1579
f 1538/1538 1537/1537 1607/1607
f 1538/1538 1607/1607 1580/1580
f 1583/1583 1561/1561 1608/1608
f 1609/1609 1610/1610 1611/1611
f 1612/1612 1613/1613 1614/1614
f 1615/1615 1616/1616 1617/1617
f 1618/1618 1619/1619 1620/1620
f 1621/1621 1622/1622 1623/1623
f 1613/1613 1624/1624 1614/1614
f 1625/1625 1589/1589 1626/1626
f 1627/1627 1628/1628 1629/1629
f 1630/1630 1631/1631 1623/1623
f 1632/1632 1633/1633 1634/1634
f 1635/1635 1636/1636 1637/1637
f 1638/1638 1639/1639 1634/1634
f 1640/1640 1641/1641 1642/1642
f 1589/1589 1590/1590 1643/1643
f 1643/1643 1590/1590 1644/1644
f 1645/1645 1646/1646 1647/1647
f 1647/1647 1646/1646 1648/1648
f 1649/1649 1650/1650 1651/1651
f 1652/1652 1653/1653 1654/1654
f 1653/1653 1655/1655 1654/1654
f 1654/1654 1655/1655 1656/1656
f 1651/1651 1650/1650 1657/1657
f 1650/1650 1658/1658 1657/1657
f 1659/1659 1660/1660 1661/1661
f 1662/1662 1663/1663 1664/1664
f 1662/1662 1664/1664 1665/1665
f 1666/1666 1667/1667 1668/1668
f 1669/1669 1670/1670 1671/1671
f 1573/1573 1672/1672 1600/1600
f 1600/1600 1672/1672 1673/1673
f 1672/1672 1674/1674 1673/1673
f 1559/1559 1525/1525 1603/1603
f 1675/1675 1676/1676 1677/1677
f 1677/1677 1676/1676 1678/1678
f 1603/1603 1604/1604 1679/1679
f 1604/1604 1605/1605 1680/1680
f 1681/1681 1682/1682 1683/1683
f 1681/1681 1684/1684 1682/1682
f 1685/1685 1529/1529 1530/1530
f 1686/1686 1687/1687 1560/1560
f 1688/1688 1689/1689 1690/1690
f 1691/1691 1612/1612 1692/1692
f 1612/1612 1614/1614 1692/1692
f 1626/1626 1589/1589 1643/1643
f 1634/1634 1639/1639 1693/1693
f 1642/1642 1641/1641 1694/1694
f 1644/1644 1590/1590 1695/1695
f 1696/1696 1697/1697 1698/1698
f 1514/1514 1595/1595 1699/1699
f 1652/1652 1654/1654 1700/1700
f 1651/1651 1657/1657 1701/1701
f 1702/1702 1703/1703 1704/1704
f 1705/1705 1706/1706 1707/1707
f 1600/1600 1673/1673 1708/1708
f 1671/1671 1709/1709 1710/1710
f 1709/1709 1711/1711 1710/1710
f 1712/1712 1710/1710 1711/1711
f 1713/1713 1714/1714 1715/1715
f 1715/1715 1714/1714 1716/1716
f 1714/1714 1717/1717 1718/1718
f 1714/1714 1718/1718 1716/1716
f 1719/1719 1685/1685 1720/1720
f 1685/1685 1530/1530 1720/1720
f 1531/1531 1138/1138 1721/1721
f 1139/1139 1014/1014 1722/1722
f 1158/1158 1560/1560 1723/1723
f 1560/1560 1687/1687 1724/1724
f 1724/1724 1687/1687 1688/1688
f 1691/1691 1692/1692 1725/1725
f 1726/1726 1620/1620 1727/1727
f 1726/1726 1727/1727 1728/1728
f 1620/1620 1619/1619 1727/1727
f 1632/1632 1634/1634 1729/1729
f 1634/1634 1693/1693 1729/1729
f 1729/1729 1693/1693 1730/1730
f 1693/1693 1639/1639 1730/1730
f 1730/1730 1639/1639 1731/1731
f 1639/1639 1732/1732 1731/1731
f 1649/1649 1651/1651 1694/1694
f 1594/1594 1553/1553 1733/1733
f 1553/1553 1514/1514 1734/1734
f 1514/1514 1699/1699 1734/1734
f 1704/1704 1703/1703 1735/1735
f 1703/1703 1736/1736 1735/1735
f 1735/1735 1736/1736 1737/1737
f 1738/1738 1739/1739 1740/1740
f 1600/1600 1708/1708 1741/1741
f 1708/1708 1673/1673 1742/1742
f 1673/1673 1674/1674 1742/1742
f 1720/1720 1530/1530 1531/1531
f 1014/1014 1058/1058 1743/1743
f 1560/1560 1724/1724 1723/1723
f 1688/1688 1744/1744 1724/1724
f 1690/1690 1745/1745 1744/1744
f 1744/1744 1745/1745 1746/1746
f 1692/1692 1614/1614 1747/1747
f 1727/1727 1619/1619 1748/1748
f 1626/1626 1643/1643 1749/1749
f 1626/1626 1749/1749 1750/1750
f 1643/1643 1644/1644 1751/1751
f 1644/1644 1695/1695 1751/1751
f 1751/1751 1695/1695 1752/1752
f 1654/1654 1656/1656 1753/1753
f 1656/1656 1754/1754 1755/1755
f 1704/1704 1735/1735 1756/1756
f 1738/1738 1740/1740 1757/1757
f 1758/1758 1757/1757 1740/1740
f 1742/1742 1674/1674 1759/1759
f 1718/1718 1717/1717 1760/1760
f 1719/1719 1720/1720 1761/1761
f 1725/1725 1692/1692 1762/1762
f 1692/1692 1747/1747 1762/1762
f 1643/1643 1751/1751 1749/1749
f 1614/1614 1763/1763 1764/1764
f 1729/1729 1730/1730 1765/1765
f 1766/1766 1694/1694 1651/1651
f 1701/1701 1657/1657 1767/1767
f 1741/1741 1708/1708 1768/1768
f 1671/1671 1710/1710 1769/1769
f 1722/1722 1014/1014 1743/1743
f 1176/1176 1158/1158 1770/1770
f 1158/1158 1723/1723 1770/1770
f 1727/1727 1748/1748 1771/1771
f 1747/1747 1614/1614 1772/1772
f 1748/1748 1773/1773 1771/1771
f 1614/1614 1764/1764 1772/1772
f 1765/1765 1730/1730 1774/1774
f 1730/1730 1731/1731 1774/1774
f 1750/1750 1749/1749 1775/1775
f 1776/1776 1694/1694 1766/1766
f 1776/1776 1766/1766 1777/1777
f 1700/1700 1654/1654 1778/1778
f 1654/1654 1753/1753 1778/1778
f 1753/1753 1656/1656 1755/1755
f 1669/1669 1671/1671 1769/1769
f 1768/1768 1708/1708 1779/1779
f 1779/1779 1708/1708 1742/1742
f 1780/1780 1715/1715 1781/1781
f 1715/1715 1716/1716 1782/1782
f 1716/1716 1718/1718 1782/1782
f 1718/1718 1760/1760 1782/1782
f 1669/1669 1769/1769 1783/1783
f 1769/1769 1710/1710 1784/1784
f 1715/1715 1782/1782 1781/1781
f 1761/1761 1720/1720 1785/1785
f 1720/1720 1531/1531 1785/1785
f 1724/1724 1744/1744 1786/1786
f 1744/1744 1787/1787 1786/1786
f 1749/1749 1751/1751 1788/1788
f 1774/1774 1731/1731 1789/1789
f 1731/1731 1790/1790 1789/1789
f 1751/1751 1752/1752 1788/1788
f 1766/1766 1651/1651 1791/1791
f 1651/1651 1701/1701 1791/1791
f 1701/1701 1767/1767 1791/1791
f 1176/1176 1770/1770 1490/1490
f 1728/1728 1727/1727 1771/1771
f 1772/1772 1764/1764 1792/1792
f 1765/1765 1774/1774 1793/1793
f 1789/1789 1790/1790 1794/1794
f 1749/1749 1788/1788 1775/1775
f 1788/1788 1752/1752 1795/1795
f 1776/1776 1777/1777 1796/1796
f 1742/1742 1759/1759 1797/1797
f 1761/1761 1785/1785 1798/1798
f 1785/1785 1531/1531 1799/1799
f 1762/1762 1747/1747 1800/1800
f 1756/1756 1735/1735 1801/1801
f 1793/1793 1774/1774 1802/1802
f 1774/1774 1789/1789 1802/1802
f 1733/1733 1553/1553 1803/1803
f 1553/1553 1734/1734 1803/1803
f 1799/1799 1531/1531 1804/1804
f 1531/1531 1721/1721 1804/1804
f 1724/1724 1786/1786 1805/1805
f 1735/1735 1737/1737 1806/1806
f 1772/1772 1792/1792 1807/1807
f 1788/1788 1795/1795 1808/1808
f 1809/1809 1766/1766 1810/1810
f 1733/1733 1803/1803 1811/1811
f 1766/1766 1791/1791 1810/1810
f 1734/1734 1699/1699 1812/1812
f 1810/1810 1791/1791 1813/1813
f 1700/1700 1778/1778 1814/1814
f 1778/1778 1753/1753 1815/1815
f 1753/1753 1755/1755 1815/1815
f 1791/1791 1767/1767 1813/1813
f 1743/1743 1058/1058 1816/1816
f 1770/1770 1723/1723 1817/1817
f 1747/1747 1772/1772 1818/1818
f 1772/1772 1807/1807 1818/1818
f 1818/1818 1807/1807 1819/1819
f 1793/1793 1802/1802 1820/1820
f 1775/1775 1788/1788 1808/1808
f 1775/1775 1808/1808 1821/1821
f 1777/1777 1766/1766 1809/1809
f 1813/1813 1767/1767 1822/1822
f 1784/1784 1823/1823 1824/1824
f 1781/1781 1782/1782 1825/1825
f 1825/1825 1782/1782 1826/1826
f 1782/1782 1760/1760 1826/1826
f 1722/1722 1743/1743 1827/1827
f 1743/1743 1816/1816 1827/1827
f 1058/1058 1828/1828 1816/1816
f 1723/1723 1724/1724 1817/1817
f 1817/1817 1724/1724 1829/1829
f 1829/1829 1724/1724 1830/1830
f 1724/1724 1805/1805 1830/1830
f 1771/1771 1773/1773 1831/1831
f 1831/1831 1773/1773 1832/1832
f 1820/1820 1802/1802 1833/1833
f 1775/1775 1821/1821 1834/1834
f 1815/1815 1755/1755 1835/1835
f 1755/1755 1836/1836 1835/1835
f 1801/1801 1735/1735 1806/1806
f 1783/1783 1769/1769 1824/1824
f 1769/1769 1784/1784 1824/1824
f 1785/1785 1799/1799 1798/1798
f 1833/1833 1802/1802 1837/1837
f 1802/1802 1789/1789 1838/1838
f 1802/1802 1838/1838 1837/1837
f 1789/1789 1794/1794 1838/1838
f 1814/1814 1778/1778 1839/1839
f 1778/1778 1815/1815 1839/1839
f 1810/1810 1813/1813 1840/1840
f 1826/1826 1760/1760 1841/1841
f 1770/1770 1817/1817 1842/1842
f 1808/1808 1795/1795 1843/1843
f 1796/1796 1777/1777 1844/1844
f 1777/1777 1809/1809 1844/1844
f 1768/1768 1779/1779 1845/1845
f 1779/1779 1742/1742 1845/1845
f 1830/1830 1805/1805 1846/1846
f 1847/1847 1796/1796 1844/1844
f 1845/1845 1742/1742 1848/1848
f 1742/1742 1797/1797 1848/1848
f 1728/1728 1771/1771 1849/1849
f 1747/1747 1818/1818 1850/1850
f 1831/1831 1832/1832 1851/1851
f 1818/1818 1852/1852 1850/1850
f 1833/1833 1837/1837 1853/1853
f 1837/1837 1838/1838 1853/1853
f 1834/1834 1821/1821 1854/1854
f 1821/1821 1808/1808 1855/1855
f 1855/1855 1808/1808 1856/1856
f 1803/1803 1734/1734 1857/1857
f 1734/1734 1812/1812 1857/1857
f 1840/1840 1813/1813 1858/1858
f 1859/1859 1860/1860 1861/1861
f 1783/1783 1824/1824 1862/1862
f 1846/1846 1805/1805 1863/1863
f 1840/1840 1858/1858 1810/1810
f 1741/1741 1768/1768 1864/1864
f 1768/1768 1845/1845 1864/1864
f 1848/1848 1797/1797 1865/1865
f 1850/1850 1852/1852 1866/1866
f 1833/1833 1853/1853 1867/1867
f 1811/1811 1803/1803 1868/1868
f 1868/1868 1803/1803 1869/1869
f 1835/1835 1836/1836 1870/1870
f 1859/1859 1861/1861 1871/1871
f 1825/1825 1826/1826 1872/1872
f 1804/1804 1721/1721 1873/1873
f 1800/1800 1747/1747 1874/1874
f 1747/1747 1850/1850 1874/1874
f 1854/1854 1821/1821 1855/1855
f 1803/1803 1857/1857 1869/1869
f 1839/1839 1815/1815 1875/1875
f 1815/1815 1835/1835 1875/1875
f 1875/1875 1835/1835 1876/1876
f 1835/1835 1870/1870 1876/1876
f 1801/1801 1806/1806 1877/1877
f 1826/1826 1841/1841 1878/1878
f 1830/1830 1846/1846 1879/1879
f 1853/1853 1838/1838 1880/1880
f 1847/1847 1844/1844 1881/1881
f 1881/1881 1844/1844 1882/1882
f 1856/1856 1808/1808 1843/1843
f 1878/1878 1841/1841 1883/1883
f 1799/1799 1804/1804 1884/1884
f 1879/1879 1846/1846 1885/1885
f 1846/1846 1863/1863 1886/1886
f 1846/1846 1886/1886 1885/1885
f 1849/1849 1771/1771 1887/1887
f 1771/1771 1831/1831 1887/1887
f 1809/1809 1810/1810 1888/1888
f 1858/1858 1813/1813 1889/1889
f 1877/1877 1806/1806 1890/1890
f 1890/1890 1806/1806 1891/1891
f 1806/1806 1737/1737 1891/1891
f 1891/1891 1737/1737 1892/1892
f 1741/1741 1864/1864 1893/1893
f 1862/1862 1824/1824 1894/1894
f 1894/1894 1824/1824 1895/1895
f 1884/1884 1804/1804 1873/1873
f 1873/1873 1721/1721 1896/1896
f 1722/1722 1827/1827 1897/1897
f 1882/1882 1844/1844 1898/1898
f 1814/1814 1839/1839 1899/1899
f 1839/1839 1875/1875 1899/1899
f 1871/1871 1861/1861 1900/1900
f 1872/1872 1826/1826 1901/1901
f 1826/1826 1878/1878 1901/1901
f 1798/1798 1799/1799 1884/1884
f 1798/1798 1884/1884 1902/1902
f 1810/1810 1858/1858 1903/1903
f 1813/1813 1822/1822 1904/1904
f 1869/1869 1857/1857 1905/1905
f 1842/1842 1817/1817 1906/1906
f 1885/1885 1907/1907 1879/1879
f 1850/1850 1866/1866 1908/1908
f 1867/1867 1853/1853 1909/1909
f 1867/1867 1909/1909 1910/1910
f 1853/1853 1880/1880 1909/1909
f 1810/1810 1903/1903 1888/1888
f 1889/1889 1813/1813 1904/1904
f 1911/1911 1912/1912 1913/1913
f 1856/1856 1843/1843 1914/1914
f 1874/1874 1850/1850 1915/1915
f 1850/1850 1908/1908 1915/1915
f 1854/1854 1855/1855 1916/1916
f 1855/1855 1856/1856 1917/1917
f 1855/1855 1917/1917 1916/1916
f 1856/1856 1914/1914 1917/1917
f 1903/1903 1858/1858 1889/1889
f 1845/1845 1848/1848 1864/1864
f 1862/1862 1894/1894 1918/1918
f 1872/1872 1901/1901 1919/1919
f 1827/1827 1816/1816 1897/1897
f 1906/1906 1817/1817 1920/1920
f 1868/1868 1869/1869 1921/1921
f 1869/1869 1905/1905 1921/1921
f 1800/1800 1874/1874 1922/1922
f 1898/1898 1888/1888 1923/1923
f 1857/1857 1812/1812 1924/1924
f 1814/1814 1899/1899 1925/1925
f 1900/1900 1861/1861 1926/1926
f 1901/1901 1878/1878 1927/1927
f 1878/1878 1883/1883 1927/1927
f 1854/1854 1916/1916 1928/1928
f 1829/1829 1879/1879 1920/1920
f 1928/1928 1916/1916 1917/1917
f 1848/1848 1865/1865 1929/1929
f 1919/1919 1901/1901 1927/1927
f 1902/1902 1884/1884 1930/1930
f 1897/1897 1816/1816 1931/1931
f 1816/1816 1828/1828 1931/1931
f 1931/1931 1828/1828 1932/1932
f 1817/1817 1829/1829 1920/1920
f 1915/1915 1908/1908 1933/1933
f 1910/1910 1909/1909 1934/1934
f 1934/1934 1909/1909 1935/1935
f 1909/1909 1880/1880 1935/1935
f 1936/1936 1937/1937 1938/1938
f 1873/1873 1896/1896 1939/1939
f 1887/1887 1831/1831 1940/1940
f 1831/1831 1851/1851 1940/1940
f 1935/1935 1880/1880 1941/1941
f 1881/1881 1882/1882 1942/1942
f 1942/1942 1882/1882 1943/1943
f 1882/1882 1898/1898 1943/1943
f 1899/1899 1875/1875 1944/1944
f 1875/1875 1876/1876 1944/1944
f 1913/1913 1912/1912 1945/1945
f 1864/1864 1848/1848 1929/1929
f 1894/1894 1895/1895 1946/1946
f 1884/1884 1873/1873 1930/1930
f 1873/1873 1939/1939 1930/1930
f 1939/1939 1896/1896 1947/1947
f 1879/1879 1948/1948 1920/1920
f 1888/1888 1903/1903 1923/1923
f 1923/1923 1903/1903 1889/1889
f 1876/1876 1870/1870 1949/1949
f 1904/1904 1950/1950 1889/1889
f 1864/1864 1929/1929 1951/1951
f 1872/1872 1919/1919 1952/1952
f 1879/1879 1953/1953 1948/1948
f 1879/1879 1954/1954 1953/1953
f 1879/1879 1907/1907 1954/1954
f 1940/1940 1851/1851 1955/1955
f 1854/1854 1928/1928 1956/1956
f 1943/1943 1898/1898 1957/1957
f 1898/1898 1923/1923 1957/1957
f 1944/1944 1876/1876 1949/1949
f 1927/1927 1883/1883 1958/1958
f 1928/1928 1917/1917 1959/1959
f 1917/1917 1914/1914 1960/1960
f 1917/1917 1960/1960 1959/1959
f 1914/1914 1961/1961 1960/1960
f 1923/1923 1889/1889 1962/1962
f 1950/1950 1938/1938 1963/1963
f 1963/1963 1938/1938 1964/1964
f 1965/1965 1926/1926 1966/1966
f 1965/1965 1966/1966 1967/1967
f 1918/1918 1894/1894 1968/1968
f 1897/1897 1931/1931 1969/1969
f 1950/1950 1963/1963 1970/1970
f 1902/1902 1930/1930 1971/1971
f 1874/1874 1915/1915 1972/1972
f 1915/1915 1933/1933 1972/1972
f 1877/1877 1890/1890 1973/1973
f 1913/1913 1945/1945 1974/1974
f 1975/1975 1967/1967 1966/1966
f 1951/1951 1929/1929 1976/1976
f 1929/1929 1977/1977 1976/1976
f 1953/1953 1954/1954 1978/1978
f 1868/1868 1921/1921 1979/1979
f 1905/1905 1857/1857 1980/1980
f 1857/1857 1924/1924 1980/1980
f 1962/1962 1889/1889 1970/1970
f 1974/1974 1945/1945 1981/1981
f 1942/1942 1943/1943 1982/1982
f 1943/1943 1957/1957 1982/1982
f 1923/1923 1962/1962 1983/1983
f 1919/1919 1927/1927 1984/1984
f 1930/1930 1939/1939 1985/1985
f 1939/1939 1947/1947 1986/1986
f 1935/1935 1941/1941 1987/1987
f 1942/1942 1982/1982 1988/1988
f 1970/1970 1963/1963 1989/1989
f 1963/1963 1964/1964 1989/1989
f 1893/1893 1864/1864 1990/1990
f 1864/1864 1951/1951 1990/1990
f 1951/1951 1976/1976 1990/1990
f 1927/1927 1958/1958 1991/1991
f 1969/1969 1931/1931 1992/1992
f 1906/1906 1920/1920 1993/1993
f 1922/1922 1874/1874 1994/1994
f 1972/1972 1933/1933 1995/1995
f 1934/1934 1935/1935 1996/1996
f 1996/1996 1935/1935 1997/1997
f 1935/1935 1987/1987 1997/1997
f 1956/1956 1928/1928 1998/1998
f 1928/1928 1959/1959 1998/1998
f 1982/1982 1957/1957 1999/1999
f 1957/1957 1923/1923 1999/1999
f 1923/1923 1983/1983 1999/1999
f 1983/1983 1962/1962 2000/2000
f 1925/1925 1899/1899 2001/2001
f 1899/1899 1944/1944 2001/2001
f 1944/1944 1949/1949 2002/2002
f 2000/2000 1962/1962 1970/1970
f 1973/1973 1890/1890 2003/2003
f 1890/1890 1891/1891 2003/2003
f 1989/1989 1964/1964 2004/2004
f 1891/1891 1892/1892 2005/2005
f 1893/1893 1990/1990 2006/2006
f 1927/1927 1991/1991 1984/1984
f 1971/1971 1930/1930 1985/1985
f 2007/2007 2008/2008 2009/2009
f 1948/1948 1953/1953 2010/2010
f 1953/1953 1978/1978 2010/2010
f 1874/1874 1972/1972 1994/1994
f 2000/2000 1970/1970 2011/2011
f 2011/2011 1970/1970 1989/1989
f 2012/2012 1971/1971 2013/2013
f 1971/1971 1985/1985 2013/2013
f 1906/1906 1993/1993 2014/2014
f 1920/1920 2015/2015 1993/1993
f 1920/1920 1948/1948 2015/2015
f 1939/1939 1986/1986 2016/2016
f 1948/1948 2010/2010 2015/2015
f 1998/1998 1959/1959 2017/2017
f 1959/1959 1960/1960 2017/2017
f 2003/2003 1891/1891 2005/2005
f 1985/1985 1939/1939 2018/2018
f 1939/1939 2016/2016 2018/2018
f 1849/1849 1887/1887 2019/2019
f 1887/1887 1940/1940 2019/2019
f 1972/1972 1995/1995 2020/2020
f 1960/1960 1961/1961 2017/2017
f 1994/1994 1972/1972 2021/2021
f 1972/1972 2020/2020 2021/2021
f 1999/1999 1983/1983 2022/2022
f 1992/1992 1931/1931 2023/2023
f 1931/1931 1932/1932 2023/2023
f 1849/1849 2019/2019 2024/2024
f 2021/2021 2020/2020 2025/2025
f 2026/2026 1996/1996 2027/2027
f 1999/1999 2022/2022 2028/2028
f 2022/2022 1983/1983 2000/2000
f 1921/1921 1905/1905 1980/1980
f 2011/2011 1989/1989 2029/2029
f 1976/1976 1977/1977 2030/2030
f 1984/1984 1991/1991 2031/2031
f 2012/2012 2013/2013 2032/2032
f 2016/2016 1986/1986 2033/2033
f 2010/2010 1978/1978 2034/2034
f 1996/1996 1997/1997 2035/2035
f 1968/1968 1894/1894 2036/2036
f 1894/1894 1946/1946 2036/2036
f 1940/1940 1955/1955 2019/2019
f 2035/2035 1997/1997 2037/2037
f 1997/1997 1987/1987 2037/2037
f 1989/1989 2004/2004 2038/2038
f 1952/1952 1919/1919 2039/2039
f 1919/1919 1984/1984 2040/2040
f 1984/1984 2031/2031 2040/2040
f 2032/2032 2013/2013 2041/2041
f 2017/2017 1961/1961 2042/2042
f 1982/1982 1999/1999 2043/2043
f 1999/1999 2028/2028 2043/2043
f 1990/1990 1976/1976 2044/2044
f 2013/2013 1985/1985 2045/2045
f 1985/1985 2018/2018 2045/2045
f 1994/1994 2021/2021 2046/2046
f 2021/2021 2047/2047 2046/2046
f 2037/2037 1987/1987 2048/2048
f 1988/1988 1982/1982 2049/2049
f 2001/2001 1944/1944 2050/2050
f 1944/1944 2002/2002 2050/2050
f 2000/2000 2011/2011 2022/2022
f 2029/2029 1989/1989 2038/2038
f 2006/2006 1990/1990 2044/2044
f 2039/2039 1919/1919 2051/2051
f 2051/2051 1919/1919 2040/2040
f 2041/2041 2013/2013 2045/2045
f 1992/1992 2023/2023 2052/2052
f 1980/1980 1924/1924 2053/2053
f 1925/1925 2001/2001 2054/2054
f 2036/2036 1946/1946 2055/2055
f 2018/2018 2016/2016 2033/2033
f 2046/2046 2047/2047 2056/2056
f 2046/2046 2056/2056 2057/2057
f 2035/2035 2037/2037 2058/2058
f 2050/2050 2002/2002 2059/2059
f 2011/2011 2029/2029 2022/2022
f 1993/1993 2015/2015 2060/2060
f 2049/2049 1982/1982 2061/2061
f 1956/1956 1998/1998 2062/2062
f 1998/1998 2017/2017 2062/2062
f 1982/1982 2043/2043 2061/2061
f 2015/2015 2010/2010 2063/2063
f 1979/1979 1921/1921 2064/2064
f 1980/1980 2053/2053 2065/2065
f 2054/2054 2001/2001 2066/2066
f 2001/2001 2050/2050 2066/2066
f 2029/2029 2038/2038 2067/2067
f 2038/2038 2004/2004 2068/2068
f 2044/2044 1976/1976 2069/2069
f 1976/1976 2030/2030 2069/2069
f 2070/2070 2045/2045 2018/2018
f 2052/2052 2023/2023 2071/2071
f 2060/2060 2015/2015 2063/2063
f 2072/2072 1994/1994 2073/2073
f 1994/1994 2046/2046 2073/2073
f 2058/2058 2037/2037 2074/2074
f 2017/2017 2075/2075 2062/2062
f 2017/2017 2042/2042 2075/2075
f 2022/2022 2029/2029 2076/2076
f 2067/2067 2038/2038 2077/2077
f 2003/2003 2005/2005 2078/2078
f 2038/2038 2068/2068 2077/2077
f 2041/2041 2045/2045 2070/2070
f 2018/2018 2033/2033 2079/2079
f 2052/2052 2071/2071 2080/2080
f 2014/2014 1993/1993 2060/2060
f 2063/2063 2010/2010 2081/2081
f 2010/2010 2034/2034 2081/2081
f 2028/2028 2022/2022 2082/2082
f 1968/1968 2036/2036 2083/2083
f 2032/2032 2041/2041 2084/2084
f 2041/2041 2070/2070 2084/2084
f 2070/2070 2018/2018 2079/2079
f 2073/2073 2046/2046 2085/2085
f 2046/2046 2057/2057 2085/2085
f 1921/1921 1980/1980 2065/2065
f 2059/2059 2086/2086 2087/2087
f 2082/2082 2022/2022 2076/2076
f 2044/2044 2069/2069 2088/2088
f 2014/2014 2060/2060 2089/2089
f 2019/2019 1955/1955 2090/2090
f 1956/1956 2062/2062 2091/2091
f 2028/2028 2082/2082 2043/2043
f 1921/1921 2065/2065 2064/2064
f 2076/2076 2029/2029 2067/2067
f 2092/2092 2058/2058 2093/2093
f 2050/2050 2059/2059 2094/2094
f 2059/2059 2087/2087 2094/2094
f 2071/2071 2023/2023 2095/2095
f 2007/2007 2009/2009 2096/2096
f 2024/2024 2019/2019 2097/2097
f 2040/2040 2031/2031 2098/2098
f 2032/2032 2084/2084 2099/2099
f 2081/2081 2034/2034 2100/2100
f 2075/2075 2042/2042 2101/2101
f 2043/2043 2082/2082 2102/2102
f 1973/1973 2003/2003 2103/2103
f 2080/2080 2071/2071 2104/2104
f 2060/2060 2063/2063 2105/2105
f 2060/2060 2105/2105 2106/2106
f 2063/2063 2081/2081 2105/2105
f 2006/2006 2044/2044 2088/2088
f 2084/2084 2070/2070 2107/2107
f 2074/2074 2037/2037 2108/2108
f 2037/2037 2048/2048 2109/2109
f 2037/2037 2109/2109 2108/2108
f 2049/2049 2061/2061 2110/2110
f 2062/2062 2075/2075 2111/2111
f 2075/2075 2101/2101 2111/2111
f 1979/1979 2064/2064 2112/2112
f 2006/2006 2088/2088 2113/2113
f 2088/2088 2069/2069 2114/2114
f 2051/2051 2040/2040 2115/2115
f 2116/2116 2080/2080 2117/2117
f 2080/2080 2104/2104 2117/2117
f 2101/2101 2042/2042 2118/2118
f 2082/2082 2076/2076 2119/2119
f 2065/2065 2053/2053 2120/2120
f 2003/2003 2078/2078 2103/2103
f 2039/2039 2051/2051 2121/2121
f 2051/2051 2115/2115 2121/2121
f 2040/2040 2098/2098 2115/2115
f 2107/2107 2070/2070 2122/2122
f 2097/2097 2019/2019 2123/2123
f 2019/2019 2090/2090 2123/2123
f 2091/2091 2062/2062 2111/2111
f 2061/2061 2043/2043 2124/2124
f 2043/2043 2102/2102 2124/2124
f 2114/2114 2069/2069 2125/2125
f 2069/2069 2030/2030 2125/2125
f 2104/2104 2071/2071 2095/2095
f 2093/2093 2074/2074 2126/2126
f 2077/2077 2068/2068 2127/2127
f 2116/2116 2117/2117 2128/2128
f 2089/2089 2060/2060 2106/2106
f 2102/2102 2082/2082 2119/2119
f 2067/2067 2077/2077 2127/2127
f 2099/2099 2084/2084 2107/2107
f 2073/2073 2085/2085 2129/2129
f 2103/2103 2078/2078 2130/2130
f 2095/2095 2023/2023 2131/2131
f 2023/2023 1932/1932 2131/2131
f 2066/2066 2050/2050 2132/2132
f 2050/2050 2094/2094 2132/2132
f 2067/2067 2127/2127 2133/2133
f 2083/2083 2036/2036 2134/2134
f 2072/2072 2073/2073 2135/2135
f 2073/2073 2129/2129 2135/2135
f 2110/2110 2061/2061 2136/2136
f 2061/2061 2124/2124 2136/2136
f 2112/2112 2064/2064 2137/2137
f 2064/2064 2065/2065 2137/2137
f 2120/2120 2053/2053 2138/2138
f 2054/2054 2066/2066 2139/2139
f 2140/2140 2103/2103 2130/2130
f 2127/2127 2068/2068 2141/2141
f 2106/2106 2105/2105 2142/2142
f 2105/2105 2081/2081 2142/2142
f 2101/2101 2118/2118 2143/2143
f 2139/2139 2066/2066 2144/2144
f 2066/2066 2132/2132 2144/2144
f 2076/2076 2067/2067 2133/2133
f 2088/2088 2114/2114 2145/2145
f 2115/2115 2098/2098 2146/2146
f 2117/2117 2104/2104 2147/2147
f 2104/2104 2095/2095 2147/2147
f 2148/2148 2089/2089 2149/2149
f 2089/2089 2106/2106 2149/2149
f 2142/2142 2081/2081 2150/2150
f 2081/2081 2100/2100 2150/2150
f 2072/2072 2135/2135 2151/2151
f 2124/2124 2102/2102 2152/2152
f 2102/2102 2119/2119 2152/2152
f 2076/2076 2133/2133 2119/2119
f 2113/2113 2088/2088 2145/2145
f 2134/2134 2036/2036 2153/2153
f 2036/2036 2055/2055 2153/2153
f 2153/2153 2055/2055 2154/2154
f 2039/2039 2121/2121 2155/2155
f 2155/2155 2121/2121 2156/2156
f 2121/2121 2115/2115 2146/2146
f 2121/2121 2146/2146 2156/2156
f 2074/2074 2108/2108 2126/2126
f 2126/2126 2108/2108 2157/2157
f 2108/2108 2109/2109 2157/2157
f 2139/2139 2144/2144 2158/2158
f 2094/2094 2087/2087 2159/2159
f 2130/2130 2078/2078 2160/2160
f 2113/2113 2145/2145 2161/2161
f 2145/2145 2114/2114 2162/2162
f 2114/2114 2125/2125 2162/2162
f 2162/2162 2125/2125 2163/2163
f 2111/2111 2101/2101 2143/2143
f 2065/2065 2120/2120 2164/2164
f 2132/2132 2094/2094 2165/2165
f 2094/2094 2159/2159 2165/2165
f 2120/2120 2138/2138 2164/2164
f 2119/2119 2133/2133 2166/2166
f 2149/2149 2106/2106 2167/2167
f 2106/2106 2142/2142 2167/2167
f 2142/2142 2150/2150 2168/2168
f 2119/2119 2166/2166 2152/2152
f 2112/2112 2137/2137 2169/2169
f 2144/2144 2132/2132 2170/2170
f 2024/2024 2097/2097 2171/2171
f 2151/2151 2135/2135 2172/2172
f 2135/2135 2129/2129 2172/2172
f 2172/2172 2129/2129 2173/2173
f 2091/2091 2111/2111 2174/2174
f 2111/2111 2143/2143 2174/2174
f 2137/2137 2065/2065 2164/2164
f 2164/2164 2138/2138 2175/2175
f 2138/2138 2176/2176 2175/2175
f 2161/2161 2145/2145 2177/2177
f 2117/2117 2147/2147 2178/2178
f 2147/2147 2095/2095 2178/2178
f 2131/2131 1932/1932 2179/2179
f 2142/2142 2168/2168 2167/2167
f 2175/2175 2176/2176 2180/2180
f 2140/2140 2130/2130 2181/2181
f 2181/2181 2130/2130 2182/2182
f 2107/2107 2122/2122 2183/2183
f 2095/2095 2131/2131 2184/2184
f 2150/2150 2100/2100 2185/2185
f 2173/2173 2129/2129 2186/2186
f 2187/2187 2157/2157 2188/2188
f 2157/2157 2109/2109 2189/2189
f 2157/2157 2189/2189 2188/2188
f 2110/2110 2136/2136 2190/2190
f 2143/2143 2191/2191 2192/2192
f 2136/2136 2124/2124 2193/2193
f 2124/2124 2152/2152 2193/2193
f 2127/2127 2141/2141 2194/2194
f 2130/2130 2160/2160 2182/2182
f 2145/2145 2162/2162 2177/2177
f 2195/2195 2099/2099 2196/2196
f 2099/2099 2107/2107 2183/2183
f 2099/2099 2183/2183 2196/2196
f 2190/2190 2136/2136 2197/2197
f 2174/2174 2143/2143 2192/2192
f 2136/2136 2193/2193 2197/2197
f 2156/2156 2146/2146 2198/2198
f 2187/2187 2188/2188 2199/2199
f 2128/2128 2117/2117 2200/2200
f 2177/2177 2162/2162 2201/2201
f 2162/2162 2163/2163 2201/2201
f 2198/2198 2146/2146 2202/2202
f 2195/2195 2196/2196 2203/2203
f 2183/2183 2122/2122 2204/2204
f 2205/2205 2199/2199 2206/2206
f 2199/2199 2188/2188 2206/2206
f 2152/2152 2166/2166 2207/2207
f 2165/2165 2159/2159 2208/2208
f 2133/2133 2127/2127 2194/2194
f 2155/2155 2156/2156 2209/2209
f 2168/2168 2150/2150 2210/2210
f 2150/2150 2185/2185 2210/2210
f 2206/2206 2188/2188 2211/2211
f 2188/2188 2189/2189 2211/2211
f 2169/2169 2137/2137 2212/2212
f 2137/2137 2164/2164 2213/2213
f 2137/2137 2213/2213 2212/2212
f 2164/2164 2175/2175 2213/2213
f 2214/2214 2170/2170 2215/2215
f 2170/2170 2132/2132 2215/2215
f 2201/2201 2163/2163 2216/2216
f 2209/2209 2156/2156 2198/2198
f 2213/2213 2175/2175 2217/2217
f 2207/2207 2166/2166 2218/2218
f 2214/2214 2215/2215 2219/2219
f 2132/2132 2165/2165 2220/2220
f 2165/2165 2208/2208 2220/2220
f 2183/2183 2204/2204 2221/2221
f 2178/2178 2095/2095 2184/2184
f 2151/2151 2172/2172 2222/2222
f 2172/2172 2173/2173 2223/2223
f 2205/2205 2206/2206 2224/2224
f 2192/2192 2191/2191 2225/2225
f 2215/2215 2132/2132 2226/2226
f 2132/2132 2220/2220 2226/2226
f 2194/2194 2141/2141 2227/2227
f 2134/2134 2153/2153 2228/2228
f 2153/2153 2154/2154 2228/2228
f 2196/2196 2183/2183 2221/2221
f 2219/2219 2215/2215 2229/2229
f 2182/2182 2160/2160 2230/2230
f 2161/2161 2177/2177 2231/2231
f 2203/2203 2196/2196 2232/2232
f 2196/2196 2221/2221 2232/2232
f 2224/2224 2206/2206 2233/2233
f 2206/2206 2211/2211 2233/2233
f 2184/2184 2131/2131 2234/2234
f 2149/2149 2167/2167 2235/2235
f 2210/2210 2185/2185 2236/2236
f 2215/2215 2226/2226 2229/2229
f 2218/2218 2166/2166 2133/2133
f 2134/2134 2228/2228 2237/2237
f 2238/2238 2152/2152 2207/2207
f 2201/2201 2216/2216 2239/2239
f 2239/2239 2216/2216 2240/2240
f 2171/2171 2097/2097 2241/2241
f 2222/2222 2172/2172 2242/2242
f 2097/2097 2123/2123 2241/2241
f 2172/2172 2223/2223 2242/2242
f 2193/2193 2152/2152 2238/2238
f 2212/2212 2213/2213 2243/2243
f 2181/2181 2182/2182 2244/2244
f 2167/2167 2168/2168 2245/2245
f 2168/2168 2210/2210 2245/2245
f 2123/2123 2090/2090 2246/2246
f 2091/2091 2174/2174 2247/2247
f 2174/2174 2192/2192 2248/2248
f 2212/2212 2243/2243 2249/2249
f 2213/2213 2217/2217 2243/2243
f 2218/2218 2133/2133 2194/2194
f 2198/2198 2202/2202 2250/2250
f 2123/2123 2246/2246 2241/2241
f 2247/2247 2174/2174 2251/2251
f 2174/2174 2248/2248 2251/2251
f 2192/2192 2225/2225 2248/2248
f 2169/2169 2212/2212 2249/2249
f 2169/2169 2249/2249 2252/2252
f 2207/2207 2218/2218 2253/2253
f 2217/2217 2254/2254 2255/2255
f 2229/2229 2226/2226 2256/2256
f 2177/2177 2201/2201 2257/2257
f 2201/2201 2239/2239 2257/2257
f 2258/2258 2228/2228 2259/2259
f 2209/2209 2198/2198 2260/2260
f 2260/2260 2198/2198 2261/2261
f 2198/2198 2250/2250 2261/2261
f 2178/2178 2184/2184 2262/2262
f 2245/2245 2210/2210 2263/2263
f 2210/2210 2236/2236 2263/2263
f 2233/2233 2211/2211 2264/2264
f 2211/2211 2189/2189 2264/2264
f 2190/2190 2197/2197 2265/2265
f 2197/2197 2193/2193 2265/2265
f 2237/2237 2228/2228 2258/2258
f 2200/2200 2117/2117 2266/2266
f 2262/2262 2184/2184 2267/2267
f 2184/2184 2234/2234 2267/2267
f 2131/2131 2179/2179 2234/2234
f 2243/2243 2217/2217 2255/2255
f 2117/2117 2178/2178 2266/2266
f 2266/2266 2178/2178 2262/2262
f 2171/2171 2241/2241 2268/2268
f 2224/2224 2233/2233 2269/2269
f 2233/2233 2264/2264 2269/2269
f 2207/2207 2253/2253 2238/2238
f 2253/2253 2218/2218 2270/2270
f 2218/2218 2194/2194 2270/2270
f 2244/2244 2182/2182 2271/2271
f 2182/2182 2230/2230 2271/2271
f 2203/2203 2232/2232 2272/2272
f 2203/2203 2272/2272 2273/2273
f 2232/2232 2221/2221 2272/2272
f 2221/2221 2204/2204 2274/2274
f 2242/2242 2223/2223 2275/2275
f 2224/2224 2269/2269 2276/2276
f 2264/2264 2189/2189 2277/2277
f 2190/2190 2265/2265 2278/2278
f 2226/2226 2220/2220 2279/2279
f 2220/2220 2208/2208 2279/2279
f 2194/2194 2280/2280 2270/2270
f 2194/2194 2281/2281 2280/2280
f 2177/2177 2257/2257 2282/2282
f 2221/2221 2274/2274 2283/2283
f 2148/2148 2149/2149 2284/2284
f 2235/2235 2167/2167 2245/2245
f 2243/2243 2285/2285 2249/2249
f 2243/2243 2255/2255 2285/2285
f 2194/2194 2227/2227 2281/2281
f 2239/2239 2240/2240 2286/2286
f 2272/2272 2221/2221 2283/2283
f 2222/2222 2242/2242 2287/2287
f 2242/2242 2275/2275 2287/2287
f 2247/2247 2251/2251 2288/2288
f 2251/2251 2248/2248 2288/2288
f 2256/2256 2226/2226 2289/2289
f 2226/2226 2279/2279 2289/2289
f 2281/2281 2227/2227 2290/2290
f 2231/2231 2177/2177 2282/2282
f 2149/2149 2235/2235 2284/2284
f 2276/2276 2269/2269 2291/2291
f 2269/2269 2264/2264 2291/2291
f 2288/2288 2248/2248 2292/2292
f 2193/2193 2238/2238 2265/2265
f 2257/2257 2239/2239 2293/2293
f 2239/2239 2286/2286 2293/2293
f 2234/2234 2179/2179 2294/2294
f 2263/2263 2236/2236 2295/2295
f 2222/2222 2287/2287 2296/2296
f 2291/2291 2264/2264 2297/2297
f 2264/2264 2277/2277 2297/2297
f 2297/2297 2277/2277 2298/2298
f 2278/2278 2265/2265 2299/2299
f 2285/2285 2255/2255 2300/2300
f 2256/2256 2301/2301 2302/2302
f 2256/2256 2289/2289 2301/2301
f 2289/2289 2279/2279 2303/2303
f 2261/2261 2250/2250 2304/2304
f 2305/2305 2268/2268 2306/2306
f 2268/2268 2241/2241 2306/2306
f 2241/2241 2246/2246 2306/2306
f 2288/2288 2292/2292 2307/2307
f 2292/2292 2248/2248 2308/2308
f 2303/2303 2279/2279 2309/2309
f 2260/2260 2261/2261 2304/2304
f 2304/2304 2250/2250 2310/2310
f 2273/2273 2272/2272 2311/2311
f 2235/2235 2245/2245 2312/2312
f 2245/2245 2263/2263 2312/2312
f 2313/2313 2296/2296 2314/2314
f 2296/2296 2287/2287 2315/2315
f 2296/2296 2315/2315 2314/2314
f 2287/2287 2275/2275 2315/2315
f 2276/2276 2291/2291 2316/2316
f 2244/2244 2271/2271 2317/2317
f 2281/2281 2290/2290 2318/2318
f 2266/2266 2262/2262 2319/2319
f 2291/2291 2297/2297 2320/2320
f 2297/2297 2298/2298 2320/2320
f 2265/2265 2238/2238 2253/2253
f 2321/2321 2249/2249 2322/2322
f 2249/2249 2285/2285 2322/2322
f 2281/2281 2318/2318 2280/2280
f 2318/2318 2290/2290 2323/2323
f 2231/2231 2282/2282 2324/2324
f 2282/2282 2257/2257 2324/2324
f 2257/2257 2293/2293 2325/2325
f 2293/2293 2286/2286 2325/2325
f 2237/2237 2258/2258 2326/2326
f 2272/2272 2283/2283 2327/2327
f 2283/2283 2274/2274 2328/2328
f 2262/2262 2267/2267 2319/2319
f 2329/2329 2330/2330 2331/2331
f 2312/2312 2263/2263 2332/2332
f 2263/2263 2295/2295 2332/2332
f 2314/2314 2315/2315 2333/2333
f 2316/2316 2291/2291 2334/2334
f 2334/2334 2291/2291 2335/2335
f 2291/2291 2320/2320 2335/2335
f 2320/2320 2298/2298 2336/2336
f 2299/2299 2265/2265 2337/2337
f 2299/2299 2337/2337 2338/2338
f 2288/2288 2307/2307 2339/2339
f 2302/2302 2301/2301 2340/2340
f 2289/2289 2303/2303 2341/2341
f 2270/2270 2280/2280 2342/2342
f 2343/2343 2244/2244 2317/2317
f 2271/2271 2230/2230 2344/2344
f 2325/2325 2286/2286 2345/2345
f 2235/2235 2312/2312 2346/2346
f 2305/2305 2306/2306 2347/2347
f 2306/2306 2246/2246 2348/2348
f 2247/2247 2288/2288 2349/2349
f 2247/2247 2349/2349 2350/2350
f 2288/2288 2339/2339 2349/2349
f 2307/2307 2292/2292 2351/2351
f 2307/2307 2351/2351 2339/2339
f 2292/2292 2308/2308 2352/2352
f 2292/2292 2352/2352 2351/2351
f 2337/2337 2265/2265 2353/2353
f 2265/2265 2253/2253 2353/2353
f 2253/2253 2270/2270 2342/2342
f 2322/2322 2285/2285 2300/2300
f 2301/2301 2289/2289 2354/2354
f 2289/2289 2341/2341 2354/2354
f 2317/2317 2271/2271 2355/2355
f 2271/2271 2344/2344 2355/2355
f 2324/2324 2257/2257 2325/2325
f 2326/2326 2258/2258 2356/2356
f 2312/2312 2332/2332 2357/2357
f 2358/2358 2359/2359 2360/2360
f 2360/2360 2359/2359 2361/2361
f 2332/2332 2295/2295 2357/2357
f 2362/2362 2363/2363 2364/2364
f 2358/2358 2360/2360 2365/2365
f 2358/2358 2365/2365 2366/2366
f 2367/2367 2333/2333 2368/2368
f 2366/2366 2365/2365 2369/2369
f 2366/2366 2369/2369 2370/2370
f 2306/2306 2348/2348 2371/2371
f 2334/2334 2335/2335 2372/2372
f 2369/2369 2373/2373 2370/2370
f 2335/2335 2320/2320 2336/2336
f 2335/2335 2336/2336 2374/2374
f 2335/2335 2374/2374 2375/2375
f 2353/2353 2253/2253 2376/2376
f 2253/2253 2342/2342 2377/2377
f 2340/2340 2301/2301 2354/2354
f 2280/2280 2318/2318 2378/2378
f 2343/2343 2317/2317 2379/2379
f 2318/2318 2323/2323 2380/2380
f 2356/2356 2258/2258 2259/2259
f 2356/2356 2259/2259 2381/2381
f 2304/2304 2310/2310 2382/2382
f 2311/2311 2272/2272 2383/2383
f 2383/2383 2272/2272 2384/2384
f 2272/2272 2327/2327 2384/2384
f 2267/2267 2234/2234 2385/2385
f 2234/2234 2294/2294 2385/2385
f 2386/2386 2387/2387 2388/2388
f 2386/2386 2388/2388 2389/2389
f 2388/2388 2387/2387 2390/2390
f 2388/2388 2390/2390 2391/2391
f 2392/2392 2393/2393 2394/2394
f 2389/2389 2388/2388 2395/2395
f 2388/2388 2391/2391 2395/2395
f 2395/2395 2391/2391 2396/2396
f 2389/2389 2395/2395 2397/2397
f 2397/2397 2395/2395 2398/2398
f 2395/2395 2396/2396 2398/2398
f 2399/2399 2389/2389 2400/2400
f 2389/2389 2397/2397 2400/2400
f 2401/2401 2402/2402 2403/2403
f 2404/2404 2405/2405 2406/2406
f 2406/2406 2405/2405 2407/2407
f 2398/2398 2396/2396 2408/2408
f 2404/2404 2409/2409 2410/2410
f 2409/2409 2404/2404 2411/2411
f 2411/2411 2404/2404 2406/2406
f 2406/2406 2407/2407 2359/2359
f 2312/2312 2357/2357 2412/2412
f 2407/2407 2361/2361 2359/2359
f 2413/2413 2414/2414 2415/2415
f 2409/2409 2411/2411 2416/2416
f 2411/2411 2406/2406 2366/2366
f 2406/2406 2358/2358 2366/2366
f 2397/2397 2398/2398 2417/2417
f 2398/2398 2408/2408 2417/2417
f 2408/2408 2418/2418 2417/2417
f 2419/2419 2420/2420 2418/2418
f 2419/2419 2421/2421 2420/2420
f 2422/2422 2420/2420 2423/2423
f 2421/2421 2423/2423 2420/2420
f 2424/2424 2425/2425 2426/2426
f 2425/2425 2410/2410 2426/2426
f 2410/2410 2409/2409 2427/2427
f 2409/2409 2428/2428 2427/2427
f 2409/2409 2416/2416 2428/2428
f 2411/2411 2366/2366 2416/2416
f 2400/2400 2397/2397 2429/2429
f 2417/2417 2418/2418 2430/2430
f 2418/2418 2431/2431 2430/2430
f 2418/2418 2420/2420 2431/2431
f 2420/2420 2432/2432 2431/2431
f 2422/2422 2432/2432 2420/2420
f 2410/2410 2427/2427 2426/2426
f 2416/2416 2366/2366 2370/2370
f 2431/2431 2432/2432 2433/2433
f 2434/2434 2426/2426 2427/2427
f 2427/2427 2428/2428 2435/2435
f 2428/2428 2416/2416 2436/2436
f 2416/2416 2437/2437 2436/2436
f 2416/2416 2370/2370 2437/2437
f 2374/2374 2336/2336 2438/2438
f 2429/2429 2397/2397 2417/2417
f 2351/2351 2352/2352 2439/2439
f 2435/2435 2428/2428 2440/2440
f 2435/2435 2440/2440 2441/2441
f 2428/2428 2436/2436 2440/2440
f 2436/2436 2442/2442 2440/2440
f 2440/2440 2442/2442 2443/2443
f 2443/2443 2442/2442 2444/2444
f 2441/2441 2440/2440 2445/2445
f 2441/2441 2445/2445 2446/2446
f 2440/2440 2443/2443 2445/2445
f 2376/2376 2253/2253 2377/2377
f 2445/2445 2443/2443 2447/2447
f 2443/2443 2444/2444 2447/2447
f 2447/2447 2444/2444 2448/2448
f 2445/2445 2447/2447 2449/2449
f 2447/2447 2448/2448 2449/2449
f 2446/2446 2445/2445 2450/2450
f 2445/2445 2449/2449 2450/2450
f 2321/2321 2322/2322 2451/2451
f 2300/2300 2452/2452 2322/2322
f 2302/2302 2340/2340 2453/2453
f 2453/2453 2340/2340 2454/2454
f 2340/2340 2455/2455 2454/2454
f 2456/2456 2457/2457 2458/2458
f 2457/2457 2459/2459 2458/2458
f 2460/2460 2461/2461 2462/2462
f 2461/2461 2456/2456 2462/2462
f 2456/2456 2458/2458 2462/2462
f 2462/2462 2458/2458 2463/2463
f 2460/2460 2462/2462 2464/2464
f 2342/2342 2280/2280 2465/2465
f 2464/2464 2462/2462 2466/2466
f 2462/2462 2463/2463 2466/2466
f 2466/2466 2463/2463 2467/2467
f 2464/2464 2466/2466 2468/2468
f 2469/2469 2470/2470 2471/2471
f 2471/2471 2470/2470 2472/2472
f 2464/2464 2468/2468 2473/2473
f 2466/2466 2467/2467 2468/2468
f 2280/2280 2378/2378 2474/2474
f 2379/2379 2317/2317 2475/2475
f 2476/2476 2477/2477 2478/2478
f 2478/2478 2477/2477 2479/2479
f 2477/2477 2480/2480 2468/2468
f 2480/2480 2473/2473 2468/2468
f 2467/2467 2481/2481 2468/2468
f 2481/2481 2482/2482 2468/2468
f 2378/2378 2318/2318 2483/2483
f 2469/2469 2471/2471 2484/2484
f 2317/2317 2485/2485 2475/2475
f 2486/2486 2478/2478 2487/2487
f 2487/2487 2478/2478 2488/2488
f 2488/2488 2478/2478 2489/2489
f 2478/2478 2479/2479 2489/2489
f 2477/2477 2468/2468 2479/2479
f 2468/2468 2482/2482 2490/2490
f 2490/2490 2491/2491 2492/2492
f 2492/2492 2491/2491 2493/2493
f 2318/2318 2380/2380 2494/2494
f 2318/2318 2494/2494 2483/2483
f 2491/2491 2495/2495 2493/2493
f 2471/2471 2472/2472 2496/2496
f 2472/2472 2497/2497 2496/2496
f 2317/2317 2355/2355 2485/2485
f 2498/2498 2381/2381 2499/2499
f 2490/2490 2492/2492 2500/2500
f 2490/2490 2500/2500 2501/2501
f 2484/2484 2471/2471 2502/2502
f 2471/2471 2496/2496 2502/2502
f 2503/2503 2324/2324 2504/2504
f 2324/2324 2325/2325 2504/2504
f 2325/2325 2505/2505 2504/2504
f 2325/2325 2345/2345 2506/2506
f 2325/2325 2506/2506 2505/2505
f 2488/2488 2489/2489 2507/2507
f 2489/2489 2479/2479 2508/2508
f 2468/2468 2509/2509 2479/2479
f 2468/2468 2490/2490 2509/2509
f 2509/2509 2490/2490 2501/2501
f 2381/2381 2259/2259 2499/2499
f 2507/2507 2489/2489 2508/2508
f 2508/2508 2479/2479 2509/2509
f 2507/2507 2508/2508 2510/2510
f 2508/2508 2509/2509 2510/2510
f 2510/2510 2509/2509 2511/2511
f 2509/2509 2512/2512 2511/2511
f 2509/2509 2501/2501 2512/2512
f 2501/2501 2500/2500 2512/2512
f 2513/2513 2484/2484 2514/2514
f 2484/2484 2502/2502 2514/2514
f 2496/2496 2497/2497 2515/2515
f 2260/2260 2304/2304 2516/2516
f 2260/2260 2516/2516 2517/2517
f 2304/2304 2382/2382 2516/2516
f 2327/2327 2283/2283 2518/2518
f 2496/2496 2515/2515 2519/2519
f 2283/2283 2328/2328 2518/2518
f 2502/2502 2496/2496 2519/2519
f 2514/2514 2502/2502 2520/2520
f 2502/2502 2519/2519 2520/2520
f 2513/2513 2514/2514 2520/2520
f 2513/2513 2520/2520 2521/2521
f 2520/2520 2519/2519 2522/2522
f 2520/2520 2522/2522 2523/2523
f 2520/2520 2523/2523 2521/2521
f 2392/2392 2394/2394 2524/2524
f 2525/2525 2526/2526 2527/2527
f 2346/2346 2312/2312 2528/2528
f 2525/2525 2527/2527 2529/2529
f 2312/2312 2412/2412 2528/2528
f 2530/2530 2531/2531 2532/2532
f 2533/2533 2534/2534 2535/2535
f 2534/2534 2536/2536 2535/2535
f 2536/2536 2537/2537 2535/2535
f 2536/2536 2350/2350 2537/2537
f 2350/2350 2349/2349 2537/2537
f 2339/2339 2351/2351 2349/2349
f 2351/2351 2439/2439 2538/2538
f 2439/2439 2539/2539 2538/2538
f 2538/2538 2539/2539 2540/2540
f 2540/2540 2539/2539 2541/2541
f 2539/2539 2542/2542 2541/2541
f 2543/2543 2544/2544 2545/2545
f 2375/2375 2374/2374 2546/2546
f 2375/2375 2546/2546 2544/2544
f 2374/2374 2438/2438 2547/2547
f 2337/2337 2353/2353 2548/2548
f 2549/2549 2533/2533 2550/2550
f 2451/2451 2322/2322 2551/2551
f 2551/2551 2322/2322 2452/2452
f 2280/2280 2474/2474 2465/2465
f 2472/2472 2470/2470 2552/2552
f 2553/2553 2554/2554 2555/2555
f 2556/2556 2557/2557 2558/2558
f 2557/2557 2559/2559 2558/2558
f 2472/2472 2560/2560 2497/2497
f 2472/2472 2552/2552 2561/2561
f 2472/2472 2561/2561 2560/2560
f 2552/2552 2562/2562 2561/2561
f 2563/2563 2553/2553 2564/2564
f 2553/2553 2555/2555 2564/2564
f 2564/2564 2555/2555 2565/2565
f 2485/2485 2355/2355 2566/2566
f 2561/2561 2567/2567 2568/2568
f 2569/2569 2564/2564 2567/2567
f 2503/2503 2504/2504 2570/2570
f 2571/2571 2572/2572 2564/2564
f 2571/2571 2573/2573 2572/2572
f 2506/2506 2574/2574 2505/2505
f 2488/2488 2507/2507 2573/2573
f 2560/2560 2561/2561 2568/2568
f 2568/2568 2567/2567 2575/2575
f 2572/2572 2573/2573 2576/2576
f 2573/2573 2507/2507 2576/2576
f 2577/2577 2578/2578 2579/2579
f 2560/2560 2568/2568 2580/2580
f 2575/2575 2567/2567 2581/2581
f 2572/2572 2576/2576 2582/2582
f 2575/2575 2583/2583 2584/2584
f 2575/2575 2581/2581 2583/2583
f 2576/2576 2507/2507 2585/2585
f 2507/2507 2510/2510 2585/2585
f 2586/2586 2587/2587 2588/2588
f 2587/2587 2589/2589 2588/2588
f 2510/2510 2511/2511 2590/2590
f 2590/2590 2511/2511 2512/2512
f 2591/2591 2517/2517 2516/2516
f 2516/2516 2382/2382 2592/2592
f 2578/2578 2593/2593 2579/2579
f 2578/2578 2594/2594 2593/2593
f 2595/2595 2596/2596 2597/2597
f 2392/2392 2524/2524 2598/2598
f 2524/2524 2394/2394 2599/2599
f 2284/2284 2235/2235 2600/2600
f 2235/2235 2346/2346 2601/2601
f 2346/2346 2528/2528 2601/2601
f 2602/2602 2530/2530 2532/2532
f 2603/2603 2604/2604 2605/2605
f 2349/2349 2351/2351 2537/2537
f 2606/2606 2607/2607 2608/2608
f 2541/2541 2542/2542 2609/2609
f 2545/2545 2544/2544 2610/2610
f 2546/2546 2374/2374 2547/2547
f 2546/2546 2547/2547 2611/2611
f 2612/2612 2613/2613 2614/2614
f 2548/2548 2353/2353 2615/2615
f 2613/2613 2616/2616 2617/2617
f 2550/2550 2533/2533 2618/2618
f 2615/2615 2353/2353 2376/2376
f 2619/2619 2620/2620 2621/2621
f 2620/2620 2622/2622 2551/2551
f 2620/2620 2551/2551 2621/2621
f 2622/2622 2451/2451 2551/2551
f 2377/2377 2342/2342 2465/2465
f 2452/2452 2623/2623 2624/2624
f 2474/2474 2625/2625 2465/2465
f 2623/2623 2626/2626 2627/2627
f 2474/2474 2378/2378 2625/2625
f 2562/2562 2628/2628 2629/2629
f 2630/2630 2563/2563 2629/2629
f 2628/2628 2630/2630 2629/2629
f 2561/2561 2562/2562 2631/2631
f 2562/2562 2629/2629 2631/2631
f 2631/2631 2629/2629 2569/2569
f 2563/2563 2564/2564 2569/2569
f 2563/2563 2569/2569 2629/2629
f 2564/2564 2572/2572 2567/2567
f 2567/2567 2572/2572 2581/2581
f 2581/2581 2572/2572 2632/2632
f 2572/2572 2582/2582 2632/2632
f 2568/2568 2575/2575 2633/2633
f 2575/2575 2584/2584 2633/2633
f 2581/2581 2632/2632 2634/2634
f 2581/2581 2634/2634 2583/2583
f 2632/2632 2582/2582 2634/2634
f 2589/2589 2635/2635 2588/2588
f 2589/2589 2591/2591 2635/2635
f 2384/2384 2327/2327 2518/2518
f 2266/2266 2319/2319 2636/2636
f 2267/2267 2385/2385 2637/2637
f 2638/2638 2639/2639 2640/2640
f 2593/2593 2594/2594 2641/2641
f 2595/2595 2597/2597 2642/2642
f 2598/2598 2524/2524 2643/2643
f 2524/2524 2599/2599 2643/2643
f 2599/2599 2394/2394 2644/2644
f 2235/2235 2601/2601 2645/2645
f 2601/2601 2528/2528 2646/2646
f 2647/2647 2535/2535 2648/2648
f 2535/2535 2537/2537 2648/2648
f 2537/2537 2649/2649 2648/2648
f 2538/2538 2540/2540 2650/2650
f 2540/2540 2541/2541 2651/2651
f 2540/2540 2651/2651 2650/2650
f 2541/2541 2609/2609 2651/2651
f 2652/2652 2619/2619 2621/2621
f 2545/2545 2610/2610 2653/2653
f 2544/2544 2546/2546 2654/2654
f 2655/2655 2656/2656 2657/2657
f 2604/2604 2658/2658 2605/2605
f 2533/2533 2647/2647 2618/2618
f 2533/2533 2535/2535 2647/2647
f 2537/2537 2538/2538 2649/2649
f 2649/2649 2538/2538 2659/2659
f 2656/2656 2660/2660 2661/2661
f 2656/2656 2661/2661 2657/2657
f 2614/2614 2613/2613 2662/2662
f 2663/2663 2662/2662 2664/2664
f 2664/2664 2662/2662 2665/2665
f 2662/2662 2613/2613 2666/2666
f 2662/2662 2666/2666 2665/2665
f 2615/2615 2376/2376 2667/2667
f 2613/2613 2617/2617 2668/2668
f 2613/2613 2668/2668 2666/2666
f 2664/2664 2665/2665 2669/2669
f 2665/2665 2666/2666 2670/2670
f 2666/2666 2668/2668 2670/2670
f 2665/2665 2670/2670 2669/2669
f 2667/2667 2376/2376 2671/2671
f 2670/2670 2668/2668 2672/2672
f 2376/2376 2377/2377 2671/2671
f 2669/2669 2670/2670 2673/2673
f 2673/2673 2670/2670 2674/2674
f 2671/2671 2377/2377 2675/2675
f 2670/2670 2672/2672 2676/2676
f 2670/2670 2676/2676 2674/2674
f 2377/2377 2465/2465 2675/2675
f 2452/2452 2624/2624 2551/2551
f 2673/2673 2674/2674 2677/2677
f 2675/2675 2465/2465 2678/2678
f 2674/2674 2676/2676 2679/2679
f 2677/2677 2674/2674 2680/2680
f 2674/2674 2679/2679 2680/2680
f 2677/2677 2680/2680 2681/2681
f 2677/2677 2681/2681 2682/2682
f 2682/2682 2681/2681 2683/2683
f 2681/2681 2680/2680 2683/2683
f 2683/2683 2680/2680 2684/2684
f 2680/2680 2679/2679 2684/2684
f 2685/2685 2686/2686 2687/2687
f 2682/2682 2683/2683 2688/2688
f 2465/2465 2625/2625 2678/2678
f 2684/2684 2679/2679 2689/2689
f 2623/2623 2627/2627 2690/2690
f 2688/2688 2683/2683 2691/2691
f 2683/2683 2684/2684 2691/2691
f 2686/2686 2577/2577 2687/2687
f 2692/2692 2693/2693 2694/2694
f 2577/2577 2695/2695 2687/2687
f 2577/2577 2696/2696 2695/2695
f 2577/2577 2579/2579 2696/2696
f 2697/2697 2698/2698 2699/2699
f 2697/2697 2699/2699 2700/2700
f 2698/2698 2701/2701 2699/2699
f 2698/2698 2702/2702 2701/2701
f 2703/2703 2586/2586 2704/2704
f 2586/2586 2588/2588 2705/2705
f 2635/2635 2591/2591 2706/2706
f 2591/2591 2516/2516 2706/2706
f 2706/2706 2516/2516 2707/2707
f 2516/2516 2592/2592 2708/2708
f 2516/2516 2708/2708 2707/2707
f 2384/2384 2518/2518 2709/2709
f 2710/2710 2711/2711 2712/2712
f 2579/2579 2593/2593 2713/2713
f 2636/2636 2319/2319 2637/2637
f 2319/2319 2267/2267 2637/2637
f 2713/2713 2593/2593 2641/2641
f 2638/2638 2640/2640 2714/2714
f 2597/2597 2596/2596 2715/2715
f 2235/2235 2645/2645 2600/2600
f 2394/2394 2716/2716 2644/2644
f 2394/2394 2603/2603 2716/2716
f 2603/2603 2605/2605 2716/2716
f 2647/2647 2717/2717 2718/2718
f 2647/2647 2648/2648 2717/2717
f 2717/2717 2719/2719 2720/2720
f 2717/2717 2648/2648 2719/2719
f 2719/2719 2648/2648 2721/2721
f 2648/2648 2649/2649 2721/2721
f 2721/2721 2649/2649 2722/2722
f 2538/2538 2650/2650 2659/2659
f 2650/2650 2723/2723 2659/2659
f 2723/2723 2650/2650 2651/2651
f 2609/2609 2724/2724 2651/2651
f 2652/2652 2621/2621 2725/2725
f 2653/2653 2610/2610 2726/2726
f 2610/2610 2727/2727 2726/2726
f 2610/2610 2544/2544 2727/2727
f 2727/2727 2544/2544 2728/2728
f 2544/2544 2654/2654 2728/2728
f 2729/2729 2550/2550 2730/2730
f 2657/2657 2661/2661 2731/2731
f 2550/2550 2618/2618 2730/2730
f 2661/2661 2732/2732 2731/2731
f 2661/2661 2733/2733 2732/2732
f 2732/2732 2733/2733 2734/2734
f 2733/2733 2735/2735 2734/2734
f 2735/2735 2736/2736 2734/2734
f 2736/2736 2737/2737 2734/2734
f 2734/2734 2737/2737 2738/2738
f 2624/2624 2623/2623 2739/2739
f 2740/2740 2741/2741 2742/2742
f 2737/2737 2743/2743 2738/2738
f 2744/2744 2745/2745 2746/2746
f 2623/2623 2690/2690 2739/2739
f 2743/2743 2747/2747 2738/2738
f 2738/2738 2747/2747 2748/2748
f 2749/2749 2750/2750 2751/2751
f 2700/2700 2699/2699 2752/2752
f 2699/2699 2701/2701 2752/2752
f 2702/2702 2753/2753 2701/2701
f 2701/2701 2753/2753 2754/2754
f 2753/2753 2704/2704 2754/2754
f 2704/2704 2586/2586 2754/2754
f 2754/2754 2586/2586 2705/2705
f 2588/2588 2635/2635 2705/2705
f 2635/2635 2706/2706 2755/2755
f 2756/2756 2266/2266 2636/2636
f 2713/2713 2641/2641 2757/2757
f 2638/2638 2714/2714 2758/2758
f 2757/2757 2641/2641 2759/2759
f 2760/2760 2642/2642 2761/2761
f 2642/2642 2597/2597 2761/2761
f 2597/2597 2715/2715 2761/2761
f 2762/2762 2598/2598 2763/2763
f 2605/2605 2764/2764 2716/2716
f 2719/2719 2721/2721 2765/2765
f 2719/2719 2765/2765 2766/2766
f 2721/2721 2722/2722 2765/2765
f 2723/2723 2767/2767 2768/2768
f 2723/2723 2651/2651 2767/2767
f 2651/2651 2724/2724 2767/2767
f 2653/2653 2726/2726 2769/2769
f 2726/2726 2727/2727 2770/2770
f 2727/2727 2728/2728 2770/2770
f 2770/2770 2728/2728 2771/2771
f 2605/2605 2772/2772 2764/2764
f 2618/2618 2647/2647 2718/2718
f 2649/2649 2659/2659 2722/2722
f 2725/2725 2621/2621 2773/2773
f 2731/2731 2732/2732 2774/2774
f 2731/2731 2774/2774 2775/2775
f 2621/2621 2551/2551 2773/2773
f 2732/2732 2734/2734 2774/2774
f 2774/2774 2734/2734 2776/2776
f 2776/2776 2734/2734 2777/2777
f 2551/2551 2624/2624 2778/2778
f 2734/2734 2738/2738 2777/2777
f 2624/2624 2739/2739 2778/2778
f 2738/2738 2748/2748 2777/2777
f 2700/2700 2752/2752 2779/2779
f 2635/2635 2755/2755 2705/2705
f 2709/2709 2518/2518 2780/2780
f 2579/2579 2713/2713 2781/2781
f 2712/2712 2711/2711 2782/2782
f 2714/2714 2783/2783 2784/2784
f 2758/2758 2714/2714 2785/2785
f 2598/2598 2643/2643 2763/2763
f 2643/2643 2599/2599 2763/2763
f 2600/2600 2645/2645 2786/2786
f 2645/2645 2601/2601 2786/2786
f 2786/2786 2601/2601 2787/2787
f 2601/2601 2646/2646 2788/2788
f 2601/2601 2788/2788 2787/2787
f 2789/2789 2790/2790 2791/2791
f 2792/2792 2793/2793 2775/2775
f 2794/2794 2774/2774 2776/2776
f 2777/2777 2795/2795 2776/2776
f 2777/2777 2748/2748 2796/2796
f 2687/2687 2695/2695 2797/2797
f 2798/2798 2799/2799 2800/2800
f 2801/2801 2802/2802 2799/2799
f 2706/2706 2707/2707 2803/2803
f 2780/2780 2518/2518 2328/2328
f 2579/2579 2781/2781 2696/2696
f 2804/2804 2805/2805 2806/2806
f 2756/2756 2636/2636 2807/2807
f 2808/2808 2809/2809 2810/2810
f 2763/2763 2811/2811 2812/2812
f 2763/2763 2599/2599 2811/2811
f 2599/2599 2644/2644 2811/2811
f 2600/2600 2786/2786 2813/2813
f 2811/2811 2644/2644 2716/2716
f 2787/2787 2788/2788 2814/2814
f 2815/2815 2791/2791 2816/2816
f 2791/2791 2817/2817 2818/2818
f 2819/2819 2775/2775 2820/2820
f 2775/2775 2774/2774 2820/2820
f 2795/2795 2777/2777 2821/2821
f 2777/2777 2796/2796 2821/2821
f 2800/2800 2822/2822 2823/2823
f 2797/2797 2695/2695 2696/2696
f 2800/2800 2824/2824 2822/2822
f 2824/2824 2825/2825 2826/2826
f 2707/2707 2708/2708 2827/2827
f 2709/2709 2780/2780 2828/2828
f 2780/2780 2328/2328 2829/2829
f 2780/2780 2829/2829 2828/2828
f 2804/2804 2806/2806 2830/2830
f 2781/2781 2831/2831 2696/2696
f 2636/2636 2637/2637 2832/2832
f 2757/2757 2833/2833 2831/2831
f 2834/2834 2808/2808 2835/2835
f 2834/2834 2835/2835 2836/2836
f 2808/2808 2810/2810 2837/2837
f 2808/2808 2837/2837 2835/2835
f 2812/2812 2811/2811 2838/2838
f 2786/2786 2839/2839 2813/2813
f 2811/2811 2716/2716 2838/2838
f 2786/2786 2787/2787 2839/2839
f 2839/2839 2787/2787 2840/2840
f 2841/2841 2839/2839 2840/2840
f 2787/2787 2814/2814 2840/2840
f 2814/2814 2842/2842 2840/2840
f 2843/2843 2844/2844 2845/2845
f 2844/2844 2846/2846 2845/2845
f 2844/2844 2847/2847 2846/2846
f 2844/2844 2848/2848 2847/2847
f 2847/2847 2848/2848 2849/2849
f 2850/2850 2847/2847 2849/2849
f 2848/2848 2828/2828 2849/2849
f 2850/2850 2849/2849 2851/2851
f 2828/2828 2852/2852 2849/2849
f 2851/2851 2849/2849 2852/2852
f 2851/2851 2852/2852 2853/2853
f 2828/2828 2829/2829 2852/2852
f 2696/2696 2831/2831 2854/2854
f 2636/2636 2832/2832 2807/2807
f 2807/2807 2832/2832 2855/2855
f 2832/2832 2637/2637 2856/2856
f 2856/2856 2637/2637 2385/2385
f 2836/2836 2835/2835 2857/2857
f 2835/2835 2837/2837 2857/2857
f 2858/2858 2859/2859 2860/2860
f 2813/2813 2861/2861 2862/2862
f 2813/2813 2839/2839 2861/2861
f 2841/2841 2840/2840 2863/2863
f 2840/2840 2842/2842 2863/2863
f 2863/2863 2842/2842 2864/2864
f 2842/2842 2865/2865 2864/2864
f 2865/2865 2866/2866 2867/2867
f 2865/2865 2867/2867 2864/2864
f 2866/2866 2868/2868 2867/2867
f 2868/2868 2869/2869 2867/2867
f 2868/2868 2843/2843 2869/2869
f 2869/2869 2843/2843 2845/2845
f 2850/2850 2851/2851 2853/2853
f 2853/2853 2852/2852 2870/2870
f 2852/2852 2871/2871 2870/2870
f 2852/2852 2829/2829 2871/2871
f 2872/2872 2873/2873 2874/2874
f 2855/2855 2832/2832 2875/2875
f 2832/2832 2856/2856 2875/2875
f 2385/2385 2294/2294 2856/2856
f 161/161 2876/2876 2877/2877
f 7/7 2878/2878 8/8
f 52/52 2879/2879 94/94
f 53/53 2879/2879 52/52
f 2880/2880 27/27 2881/2881
f 57/57 2882/2882 113/113
f 57/57 113/113 55/55
f 59/59 122/122 57/57
f 59/59 2883/2883 122/122
f 2884/2884 28/28 27/27
f 61/61 2883/2883 59/59
f 152/152 2885/2885 153/153
f 40/40 2886/2886 41/41
f 2887/2887 2888/2888 2889/2889
f 2888/2888 2890/2890 2889/2889
f 41/41 84/84 44/44
f 84/84 87/87 44/44
f 161/161 163/163 2876/2876
f 2891/2891 162/162 2892/2892
f 87/87 47/47 44/44
f 50/50 2893/2893 48/48
f 87/87 93/93 47/47
f 8/8 2878/2878 2881/2881
f 2878/2878 2880/2880 2881/2881
f 110/110 2879/2879 53/53
f 2880/2880 2884/2884 27/27
f 119/119 2882/2882 57/57
f 2884/2884 2894/2894 28/28
f 136/136 69/69 135/135
f 145/145 2883/2883 61/61
f 28/28 2894/2894 32/32
f 2894/2894 2895/2895 32/32
f 148/148 199/199 149/149
f 156/156 81/81 80/80
f 2896/2896 2897/2897 2898/2898
f 2897/2897 2899/2899 2898/2898
f 165/165 2893/2893 50/50
f 88/88 166/166 87/87
f 166/166 93/93 87/87
f 2900/2900 2901/2901 2902/2902
f 2900/2900 2902/2902 2903/2903
f 2904/2904 2905/2905 138/138
f 2904/2904 138/138 134/134
f 2905/2905 2906/2906 138/138
f 2906/2906 142/142 138/138
f 197/197 198/198 307/307
f 194/194 198/198 192/192
f 2906/2906 147/147 142/142
f 147/147 2907/2907 150/150
f 147/147 150/150 146/146
f 156/156 204/204 81/81
f 2908/2908 2888/2888 2887/2887
f 2909/2909 2910/2910 2888/2888
f 2888/2888 2910/2910 2890/2890
f 2910/2910 2911/2911 2890/2890
f 2890/2890 2911/2911 2897/2897
f 2911/2911 2912/2912 2897/2897
f 2876/2876 2913/2913 2877/2877
f 2914/2914 2878/2878 7/7
f 2891/2891 207/207 162/162
f 2897/2897 2912/2912 2899/2899
f 2912/2912 2915/2915 2899/2899
f 208/208 314/314 91/91
f 2916/2916 2917/2917 2900/2900
f 2917/2917 2918/2918 2900/2900
f 2900/2900 2918/2918 2901/2901
f 2918/2918 2919/2919 2901/2901
f 2915/2915 2920/2920 2899/2899
f 168/168 218/218 169/169
f 2921/2921 2880/2880 2878/2878
f 2880/2880 2922/2922 2884/2884
f 2923/2923 262/262 2924/2924
f 2925/2925 2926/2926 2927/2927
f 2905/2905 2928/2928 2906/2906
f 2928/2928 2929/2929 2906/2906
f 292/292 189/189 190/190
f 2929/2929 2930/2930 2906/2906
f 144/144 308/308 195/195
f 2906/2906 2930/2930 147/147
f 310/310 204/204 156/156
f 2908/2908 2931/2931 2888/2888
f 2931/2931 2909/2909 2888/2888
f 2910/2910 2932/2932 2911/2911
f 2932/2932 2912/2912 2911/2911
f 320/320 384/384 383/383
f 320/320 383/383 319/319
f 384/384 2933/2933 385/385
f 385/385 2933/2933 321/321
f 321/321 2933/2933 322/322
f 2934/2934 2935/2935 2936/2936
f 2935/2935 2923/2923 2924/2924
f 357/357 260/260 258/258
f 2923/2923 263/263 262/262
f 2937/2937 266/266 265/265
f 264/264 263/263 267/267
f 263/263 265/265 267/267
f 270/270 2938/2938 271/271
f 2939/2939 2940/2940 2941/2941
f 2942/2942 2943/2943 2944/2944
f 2944/2944 2943/2943 2925/2925
f 2943/2943 2926/2926 2925/2925
f 2945/2945 2929/2929 2928/2928
f 2929/2929 2946/2946 2930/2930
f 2930/2930 2907/2907 147/147
f 2894/2894 2947/2947 2895/2895
f 2948/2948 2949/2949 2907/2907
f 2907/2907 2949/2949 150/150
f 2909/2909 2950/2950 2910/2910
f 2950/2950 2951/2951 2910/2910
f 2910/2910 2951/2951 2932/2932
f 2932/2932 2952/2952 2912/2912
f 2914/2914 2921/2921 2878/2878
f 2952/2952 2953/2953 2912/2912
f 2912/2912 2953/2953 2915/2915
f 2953/2953 404/404 2915/2915
f 2954/2954 2955/2955 2956/2956
f 2956/2956 2955/2955 2916/2916
f 2955/2955 2917/2917 2916/2916
f 2918/2918 2957/2957 2919/2919
f 2957/2957 2958/2958 2919/2919
f 404/404 403/403 2920/2920
f 404/404 2920/2920 2915/2915
f 209/209 2959/2959 210/210
f 2959/2959 2960/2960 210/210
f 2961/2961 2954/2954 2960/2960
f 2962/2962 2963/2963 2964/2964
f 2963/2963 2965/2965 2964/2964
f 2963/2963 2966/2966 2965/2965
f 2966/2966 2967/2967 2965/2965
f 2968/2968 209/209 2969/2969
f 2967/2967 2968/2968 2969/2969
f 2970/2970 331/331 2971/2971
f 2972/2972 2973/2973 2974/2974
f 2972/2972 2974/2974 2975/2975
f 2973/2973 2976/2976 2974/2974
f 2974/2974 2976/2976 2977/2977
f 2970/2970 332/332 331/331
f 2978/2978 2973/2973 2972/2972
f 2979/2979 2976/2976 2973/2973
f 2979/2979 2980/2980 2976/2976
f 2978/2978 2981/2981 2973/2973
f 2981/2981 2982/2982 2973/2973
f 2973/2973 2982/2982 2979/2979
f 2982/2982 2980/2980 2979/2979
f 338/338 2983/2983 2984/2984
f 2982/2982 2985/2985 2980/2980
f 2880/2880 2986/2986 2922/2922
f 2987/2987 2981/2981 2978/2978
f 2981/2981 2988/2988 2982/2982
f 2988/2988 2985/2985 2982/2982
f 2983/2983 2989/2989 2984/2984
f 2987/2987 2990/2990 2981/2981
f 2990/2990 2988/2988 2981/2981
f 2988/2988 2991/2991 2985/2985
f 2990/2990 2992/2992 2988/2988
f 2992/2992 2991/2991 2988/2988
f 2989/2989 2993/2993 2984/2984
f 2992/2992 2994/2994 2991/2991
f 2987/2987 2995/2995 2990/2990
f 2995/2995 2992/2992 2990/2990
f 2992/2992 2996/2996 2994/2994
f 2997/2997 2995/2995 2987/2987
f 2995/2995 2998/2998 2992/2992
f 2998/2998 2996/2996 2992/2992
f 2934/2934 2999/2999 2935/2935
f 2999/2999 2923/2923 2935/2935
f 2997/2997 3000/3000 2995/2995
f 3000/3000 2998/2998 2995/2995
f 266/266 3001/3001 269/269
f 3002/3002 3003/3003 2997/2997
f 2997/2997 3003/3003 3000/3000
f 3003/3003 3004/3004 3000/3000
f 3000/3000 3004/3004 2998/2998
f 3004/3004 2996/2996 2998/2998
f 263/263 2937/2937 265/265
f 2940/2940 3005/3005 2941/2941
f 3005/3005 2942/2942 2941/2941
f 2943/2943 3006/3006 2926/2926
f 3007/3007 3008/3008 2945/2945
f 2945/2945 3008/3008 2929/2929
f 2930/2930 2948/2948 2907/2907
f 310/310 465/465 204/204
f 465/465 312/312 204/204
f 2908/2908 3009/3009 2931/2931
f 401/401 3010/3010 206/206
f 206/206 3010/3010 3011/3011
f 3009/3009 2909/2909 2931/2931
f 3009/3009 2950/2950 2909/2909
f 3012/3012 2951/2951 2950/2950
f 2951/2951 3013/3013 2932/2932
f 3013/3013 2952/2952 2932/2932
f 3014/3014 2876/2876 163/163
f 2953/2953 405/405 404/404
f 2917/2917 3015/3015 2918/2918
f 3015/3015 2957/2957 2918/2918
f 2957/2957 3016/3016 2958/2958
f 3017/3017 2959/2959 209/209
f 2960/2960 2959/2959 2961/2961
f 3018/3018 2963/2963 2962/2962
f 2963/2963 3019/3019 2966/2966
f 3020/3020 3021/3021 2968/2968
f 3021/3021 209/209 2968/2968
f 2966/2966 3019/3019 2967/2967
f 2967/2967 3019/3019 2968/2968
f 3019/3019 3020/3020 2968/2968
f 2970/2970 3022/3022 332/332
f 332/332 3022/3022 338/338
f 338/338 3023/3023 2983/2983
f 2983/2983 3024/3024 2989/2989
f 3025/3025 2993/2993 2989/2989
f 2993/2993 3026/3026 359/359
f 3027/3027 2999/2999 2934/2934
f 359/359 3026/3026 360/360
f 2923/2923 3028/3028 263/263
f 3026/3026 3029/3029 360/360
f 360/360 3029/3029 362/362
f 3028/3028 3030/3030 263/263
f 3030/3030 2937/2937 263/263
f 3030/3030 3031/3031 2937/2937
f 3031/3031 3032/3032 2937/2937
f 3032/3032 266/266 2937/2937
f 3032/3032 3001/3001 266/266
f 3001/3001 3033/3033 269/269
f 269/269 3033/3033 270/270
f 3033/3033 3034/3034 270/270
f 3034/3034 2938/2938 270/270
f 3034/3034 3035/3035 2938/2938
f 3035/3035 3036/3036 2938/2938
f 3037/3037 3005/3005 2940/2940
f 3005/3005 3038/3038 2942/2942
f 2942/2942 3038/3038 2943/2943
f 3039/3039 3006/3006 2943/2943
f 3039/3039 3040/3040 3006/3006
f 2929/2929 3008/3008 2946/2946
f 2946/2946 3041/3041 2930/2930
f 3041/3041 2948/2948 2930/2930
f 441/441 465/465 310/310
f 465/465 443/443 312/312
f 3009/3009 3042/3042 2950/2950
f 3043/3043 3044/3044 3045/3045
f 3042/3042 3012/3012 2950/2950
f 3042/3042 3046/3046 3012/3012
f 3012/3012 3046/3046 2951/2951
f 3046/3046 3013/3013 2951/2951
f 3046/3046 3047/3047 3013/3013
f 3048/3048 3049/3049 3050/3050
f 3013/3013 3047/3047 2952/2952
f 444/444 3014/3014 163/163
f 3014/3014 3051/3051 2876/2876
f 3051/3051 2913/2913 2876/2876
f 2891/2891 580/580 207/207
f 467/467 2893/2893 165/165
f 3048/3048 3052/3052 3049/3049
f 3047/3047 405/405 2952/2952
f 3052/3052 3053/3053 3049/3049
f 2952/2952 405/405 2953/2953
f 2955/2955 3015/3015 2917/2917
f 2961/2961 2955/2955 2954/2954
f 3054/3054 3018/3018 2962/2962
f 3055/3055 3056/3056 3052/3052
f 3018/3018 3019/3019 2963/2963
f 3021/3021 3017/3017 209/209
f 447/447 3057/3057 388/388
f 3058/3058 3022/3022 2970/2970
f 3022/3022 3023/3023 338/338
f 3059/3059 2986/2986 2880/2880
f 3023/3023 3024/3024 2983/2983
f 3024/3024 3060/3060 2989/2989
f 3060/3060 3025/3025 2989/2989
f 3025/3025 3026/3026 2993/2993
f 2999/2999 3028/3028 2923/2923
f 2999/2999 3061/3061 3028/3028
f 3032/3032 3062/3062 3001/3001
f 3062/3062 3063/3063 3001/3001
f 3063/3063 3033/3033 3001/3001
f 3035/3035 3064/3064 3036/3036
f 3038/3038 3065/3065 3039/3039
f 3038/3038 3039/3039 2943/2943
f 3065/3065 3066/3066 3039/3039
f 3039/3039 3066/3066 3040/3040
f 3066/3066 3067/3067 3068/3068
f 3066/3066 3068/3068 3040/3040
f 435/435 460/460 487/487
f 3069/3069 3070/3070 3071/3071
f 3008/3008 3041/3041 2946/2946
f 3072/3072 3070/3070 3073/3073
f 3041/3041 3074/3074 2948/2948
f 2948/2948 3074/3074 2949/2949
f 441/441 466/466 465/465
f 3044/3044 3048/3048 3050/3050
f 3075/3075 3076/3076 3043/3043
f 3043/3043 3076/3076 3044/3044
f 3076/3076 3048/3048 3044/3044
f 3076/3076 3052/3052 3048/3048
f 3077/3077 3076/3076 3075/3075
f 3076/3076 3055/3055 3052/3052
f 3017/3017 3078/3078 2959/2959
f 3078/3078 2961/2961 2959/2959
f 3078/3078 2955/2955 2961/2961
f 3078/3078 3079/3079 2955/2955
f 3080/3080 3081/3081 3019/3019
f 3080/3080 3019/3019 3018/3018
f 3082/3082 3083/3083 3084/3084
f 3083/3083 3085/3085 3084/3084
f 3084/3084 3085/3085 3086/3086
f 3086/3086 3085/3085 3087/3087
f 3077/3077 3055/3055 3076/3076
f 3077/3077 3088/3088 3055/3055
f 3055/3055 3088/3088 3056/3056
f 3088/3088 501/501 3089/3089
f 3081/3081 3090/3090 3019/3019
f 501/501 500/500 3089/3089
f 3077/3077 471/471 3088/3088
f 3088/3088 471/471 501/501
f 471/471 472/472 501/501
f 472/472 3091/3091 501/501
f 3091/3091 503/503 501/501
f 3092/3092 3093/3093 3083/3083
f 3093/3093 3085/3085 3083/3083
f 3093/3093 3094/3094 3085/3085
f 469/469 471/471 3077/3077
f 3092/3092 3095/3095 3093/3093
f 3093/3093 3096/3096 3094/3094
f 3096/3096 521/521 3094/3094
f 3097/3097 3098/3098 504/504
f 3098/3098 505/505 504/504
f 3098/3098 516/516 505/505
f 468/468 448/448 449/449
f 3099/3099 469/469 3077/3077
f 477/477 3057/3057 447/447
f 3100/3100 3101/3101 519/519
f 3101/3101 520/520 519/519
f 2921/2921 3059/3059 2880/2880
f 3101/3101 3102/3102 520/520
f 3101/3101 3103/3103 3102/3102
f 3104/3104 3101/3101 3100/3100
f 3104/3104 3105/3105 3101/3101
f 3105/3105 3103/3103 3101/3101
f 3105/3105 3106/3106 3103/3103
f 3106/3106 3107/3107 3103/3103
f 3024/3024 3108/3108 3060/3060
f 3109/3109 3110/3110 3111/3111
f 3112/3112 3113/3113 3109/3109
f 3112/3112 3109/3109 3114/3114
f 3113/3113 3110/3110 3109/3109
f 3113/3113 3115/3115 3110/3110
f 3115/3115 3116/3116 3110/3110
f 3112/3112 3117/3117 3113/3113
f 3113/3113 3117/3117 3115/3115
f 3118/3118 3117/3117 3112/3112
f 482/482 3119/3119 3120/3120
f 3115/3115 3121/3121 3116/3116
f 459/459 529/529 457/457
f 484/484 3119/3119 482/482
f 3119/3119 3122/3122 3120/3120
f 3028/3028 3061/3061 3030/3030
f 3061/3061 3123/3123 3030/3030
f 3123/3123 3031/3031 3030/3030
f 3123/3123 3124/3124 3031/3031
f 3125/3125 3126/3126 3127/3127
f 3124/3124 3032/3032 3031/3031
f 3063/3063 3128/3128 3033/3033
f 3128/3128 3129/3129 3033/3033
f 3033/3033 3129/3129 3034/3034
f 3034/3034 3129/3129 3035/3035
f 3130/3130 3131/3131 3132/3132
f 3130/3130 3117/3117 3131/3131
f 3131/3131 3117/3117 3118/3118
f 3115/3115 3133/3133 3121/3121
f 3005/3005 3065/3065 3038/3038
f 533/533 3134/3134 3133/3133
f 3135/3135 3136/3136 3137/3137
f 3122/3122 3138/3138 3125/3125
f 3138/3138 3126/3126 3125/3125
f 3139/3139 3132/3132 3140/3140
f 3132/3132 3141/3141 3130/3130
f 3115/3115 545/545 3133/3133
f 3133/3133 534/534 533/533
f 484/484 3142/3142 3119/3119
f 3119/3119 3069/3069 3122/3122
f 3069/3069 3138/3138 3122/3122
f 3138/3138 3143/3143 3126/3126
f 3139/3139 3141/3141 3132/3132
f 543/543 3117/3117 3130/3130
f 434/434 486/486 398/398
f 487/487 460/460 538/538
f 3144/3144 3145/3145 3139/3139
f 3145/3145 3146/3146 3139/3139
f 3146/3146 3141/3141 3139/3139
f 3141/3141 3147/3147 3130/3130
f 3147/3147 543/543 3130/3130
f 3069/3069 3073/3073 3070/3070
f 3142/3142 3073/3073 3069/3069
f 3142/3142 3069/3069 3119/3119
f 3146/3146 3147/3147 3141/3141
f 438/438 490/490 542/542
f 496/496 484/484 483/483
f 3073/3073 3148/3148 3072/3072
f 484/484 3149/3149 3142/3142
f 3149/3149 3148/3148 3142/3142
f 3142/3142 3148/3148 3073/3073
f 496/496 3149/3149 484/484
f 3149/3149 3150/3150 3148/3148
f 3072/3072 3148/3148 3151/3151
f 3150/3150 3151/3151 3148/3148
f 3149/3149 3152/3152 3150/3150
f 496/496 495/495 3149/3149
f 3149/3149 495/495 3152/3152
f 3153/3153 3154/3154 3155/3155
f 3156/3156 3157/3157 3087/3087
f 3158/3158 3157/3157 3156/3156
f 3157/3157 3159/3159 3087/3087
f 3079/3079 3160/3160 2955/2955
f 3085/3085 3156/3156 3087/3087
f 3159/3159 506/506 3161/3161
f 3162/3162 3163/3163 3090/3090
f 3090/3090 3163/3163 3019/3019
f 3163/3163 3020/3020 3019/3019
f 3163/3163 3164/3164 3165/3165
f 3163/3163 3165/3165 3020/3020
f 3164/3164 3166/3166 3165/3165
f 3085/3085 3094/3094 3156/3156
f 3094/3094 521/521 3156/3156
f 521/521 3158/3158 3156/3156
f 521/521 522/522 3158/3158
f 522/522 3097/3097 3158/3158
f 3158/3158 3097/3097 3157/3157
f 3097/3097 504/504 3157/3157
f 3157/3157 504/504 3159/3159
f 504/504 506/506 3159/3159
f 3167/3167 513/513 3168/3168
f 505/505 516/516 3169/3169
f 505/505 3169/3169 506/506
f 516/516 507/507 3169/3169
f 3170/3170 3171/3171 3172/3172
f 3170/3170 3173/3173 3171/3171
f 3173/3173 3174/3174 3175/3175
f 3176/3176 3108/3108 3024/3024
f 3177/3177 3060/3060 3108/3108
f 3178/3178 3179/3179 3180/3180
f 533/533 3181/3181 3134/3134
f 535/535 3181/3181 533/533
f 3181/3181 3182/3182 3134/3134
f 3134/3134 3182/3182 3135/3135
f 3182/3182 3136/3136 3135/3135
f 3183/3183 3136/3136 3182/3182
f 3184/3184 3115/3115 3117/3117
f 3184/3184 545/545 3115/3115
f 543/543 3184/3184 3117/3117
f 545/545 534/534 3133/3133
f 546/546 3185/3185 534/534
f 534/534 3185/3185 535/535
f 543/543 545/545 3184/3184
f 545/545 546/546 534/534
f 2914/2914 3186/3186 2921/2921
f 554/554 556/556 558/558
f 3167/3167 514/514 513/513
f 3170/3170 3187/3187 3173/3173
f 3187/3187 3188/3188 3173/3173
f 3188/3188 3174/3174 3173/3173
f 3108/3108 3189/3189 3177/3177
f 3124/3124 3190/3190 3032/3032
f 3190/3190 3191/3191 3062/3062
f 3190/3190 3062/3062 3032/3032
f 3191/3191 3063/3063 3062/3062
f 3063/3063 620/620 3128/3128
f 3192/3192 3179/3179 3178/3178
f 569/569 571/571 3193/3193
f 571/571 3194/3194 3195/3195
f 571/571 3195/3195 3193/3193
f 576/576 3196/3196 574/574
f 574/574 3196/3196 3197/3197
f 2922/2922 3198/3198 2884/2884
f 3198/3198 2894/2894 2884/2884
f 3199/3199 580/580 2891/2891
f 3200/3200 3201/3201 3015/3015
f 3201/3201 2957/2957 3015/3015
f 3202/3202 3163/3163 3162/3162
f 3202/3202 3203/3203 3163/3163
f 3203/3203 3164/3164 3163/3163
f 3164/3164 3204/3204 3166/3166
f 3167/3167 3205/3205 514/514
f 3205/3205 3206/3206 514/514
f 637/637 3108/3108 3176/3176
f 3191/3191 620/620 3063/3063
f 3192/3192 3207/3207 3179/3179
f 595/595 3208/3208 571/571
f 3208/3208 3194/3194 571/571
f 3207/3207 3209/3209 3179/3179
f 3210/3210 3198/3198 2922/2922
f 3211/3211 3201/3201 3200/3200
f 3201/3201 3212/3212 2957/2957
f 3212/3212 3016/3016 2957/2957
f 3203/3203 3213/3213 3164/3164
f 3213/3213 3204/3204 3164/3164
f 602/602 676/676 481/481
f 3214/3214 3187/3187 3170/3170
f 637/637 636/636 3108/3108
f 3190/3190 3215/3215 3191/3191
f 3215/3215 621/621 3191/3191
f 621/621 620/620 3191/3191
f 3198/3198 2947/2947 2894/2894
f 3202/3202 3216/3216 3203/3203
f 3216/3216 3213/3213 3203/3203
f 3187/3187 3217/3217 3188/3188
f 3217/3217 3218/3218 3174/3174
f 3217/3217 3174/3174 3188/3188
f 3219/3219 637/637 3176/3176
f 636/636 3220/3220 3108/3108
f 3108/3108 3220/3220 3189/3189
f 3221/3221 3215/3215 3190/3190
f 3208/3208 3222/3222 3194/3194
f 3222/3222 3223/3223 3195/3195
f 3222/3222 3195/3195 3194/3194
f 3224/3224 3225/3225 3226/3226
f 3226/3226 3225/3225 2914/2914
f 3225/3225 3186/3186 2914/2914
f 3213/3213 3227/3227 3204/3204
f 3214/3214 3217/3217 3187/3187
f 3059/3059 3228/3228 2986/2986
f 3228/3228 3210/3210 2986/2986
f 2986/2986 3210/3210 2922/2922
f 3014/3014 3229/3229 3051/3051
f 3212/3212 3230/3230 3016/3016
f 3231/3231 3216/3216 3202/3202
f 3232/3232 3206/3206 3205/3205
f 631/631 601/601 588/588
f 634/634 561/561 517/517
f 3217/3217 3233/3233 3218/3218
f 3219/3219 638/638 637/637
f 3221/3221 3234/3234 3215/3215
f 3235/3235 3236/3236 3192/3192
f 3234/3234 621/621 3215/3215
f 3236/3236 3207/3207 3192/3192
f 644/644 3196/3196 576/576
f 630/630 3237/3237 467/467
f 3216/3216 3238/3238 3213/3213
f 3238/3238 3227/3227 3213/3213
f 3239/3239 3220/3220 636/636
f 3240/3240 3221/3221 3190/3190
f 3234/3234 622/622 621/621
f 3201/3201 3241/3241 3212/3212
f 3241/3241 3230/3230 3212/3212
f 631/631 649/649 601/601
f 652/652 676/676 602/602
f 3214/3214 3242/3242 3217/3217
f 3242/3242 3233/3233 3217/3217
f 3233/3233 3243/3243 3218/3218
f 638/638 3239/3239 636/636
f 3244/3244 3236/3236 3235/3235
f 653/653 3208/3208 595/595
f 3245/3245 3246/3246 3211/3211
f 3211/3211 3246/3246 3201/3201
f 3246/3246 3241/3241 3201/3201
f 3186/3186 3059/3059 2921/2921
f 3232/3232 3247/3247 3206/3206
f 3248/3248 660/660 659/659
f 3234/3234 3249/3249 622/622
f 3208/3208 3250/3250 3222/3222
f 3250/3250 3223/3223 3222/3222
f 683/683 3014/3014 444/444
f 3251/3251 3228/3228 3059/3059
f 3252/3252 3253/3253 3219/3219
f 3253/3253 3254/3254 3219/3219
f 3219/3219 3254/3254 638/638
f 3255/3255 667/667 570/570
f 685/685 725/725 630/630
f 630/630 725/725 3237/3237
f 3254/3254 3256/3256 638/638
f 3256/3256 3239/3239 638/638
f 653/653 3250/3250 3208/3208
f 607/607 666/666 567/567
f 3250/3250 3257/3257 3223/3223
f 716/716 715/715 3231/3231
f 3231/3231 715/715 3216/3216
f 3258/3258 3236/3236 3244/3244
f 667/667 3250/3250 653/653
f 3259/3259 673/673 378/378
f 378/378 673/673 548/548
f 3260/3260 3242/3242 3214/3214
f 3242/3242 3261/3261 3233/3233
f 3207/3207 3262/3262 3209/3209
f 667/667 3257/3257 3250/3250
f 3238/3238 3263/3263 3227/3227
f 3232/3232 3264/3264 3247/3247
f 3261/3261 3265/3265 3233/3233
f 3265/3265 3243/3243 3233/3233
f 3266/3266 3267/3267 3240/3240
f 3240/3240 3267/3267 3221/3221
f 3221/3221 3268/3268 3234/3234
f 3268/3268 3249/3249 3234/3234
f 715/715 3238/3238 3216/3216
f 3269/3269 3270/3270 3232/3232
f 3270/3270 3264/3264 3232/3232
f 696/696 649/649 631/631
f 3265/3265 3271/3271 3243/3243
f 3272/3272 3253/3253 3252/3252
f 3267/3267 3268/3268 3221/3221
f 3258/3258 3273/3273 3236/3236
f 3273/3273 3207/3207 3236/3236
f 667/667 3274/3274 3257/3257
f 685/685 686/686 725/725
f 3275/3275 705/705 704/704
f 3268/3268 3276/3276 3249/3249
f 3276/3276 3277/3277 3249/3249
f 3255/3255 3278/3278 667/667
f 3278/3278 3274/3274 667/667
f 3279/3279 3246/3246 3245/3245
f 3272/3272 3280/3280 3253/3253
f 3280/3280 3254/3254 3253/3253
f 3254/3254 3281/3281 3256/3256
f 3281/3281 746/746 3256/3256
f 3274/3274 3282/3282 3257/3257
f 3283/3283 2947/2947 3198/3198
f 3284/3284 3263/3263 3238/3238
f 3186/3186 3285/3285 3059/3059
f 3285/3285 3251/3251 3059/3059
f 3286/3286 3242/3242 3260/3260
f 3280/3280 3287/3287 3254/3254
f 3287/3287 3281/3281 3254/3254
f 3288/3288 692/692 660/660
f 3289/3289 3290/3290 3210/3210
f 3273/3273 3291/3291 3207/3207
f 3291/3291 3262/3262 3207/3207
f 3292/3292 3278/3278 3255/3255
f 3279/3279 3293/3293 3246/3246
f 3293/3293 3294/3294 3241/3241
f 3293/3293 3241/3241 3246/3246
f 3294/3294 3295/3295 3230/3230
f 3294/3294 3230/3230 3241/3241
f 3285/3285 3186/3186 3296/3296
f 715/715 3284/3284 3238/3238
f 3289/3289 3210/3210 3228/3228
f 3210/3210 3290/3290 3198/3198
f 696/696 723/723 649/649
f 3286/3286 3297/3297 3242/3242
f 3297/3297 3261/3261 3242/3242
f 3267/3267 3298/3298 3268/3268
f 3298/3298 3276/3276 3268/3268
f 3290/3290 3283/3283 3198/3198
f 3283/3283 3299/3299 2947/2947
f 734/734 723/723 696/696
f 728/728 763/763 677/677
f 3300/3300 692/692 3288/3288
f 3274/3274 3301/3301 3282/3282
f 734/734 740/740 723/723
f 3272/3272 3302/3302 3280/3280
f 3302/3302 3287/3287 3280/3280
f 3278/3278 3303/3303 3274/3274
f 3303/3303 3301/3301 3274/3274
f 3259/3259 751/751 673/673
f 3285/3285 3228/3228 3251/3251
f 3297/3297 3304/3304 3261/3261
f 3304/3304 3265/3265 3261/3261
f 3305/3305 3289/3289 3228/3228
f 3225/3225 3306/3306 3186/3186
f 3306/3306 3296/3296 3186/3186
f 3269/3269 3307/3307 3270/3270
f 3307/3307 3264/3264 3270/3270
f 3265/3265 3308/3308 3271/3271
f 3309/3309 3302/3302 3272/3272
f 3302/3302 3310/3310 3281/3281
f 3302/3302 3281/3281 3287/3287
f 3310/3310 747/747 746/746
f 3310/3310 746/746 3281/3281
f 3258/3258 3311/3311 3273/3273
f 3311/3311 3291/3291 3273/3273
f 3312/3312 3313/3313 3314/3314
f 3279/3279 3315/3315 3293/3293
f 3315/3315 3294/3294 3293/3293
f 3316/3316 715/715 714/714
f 3266/3266 3317/3317 3267/3267
f 3317/3317 3298/3298 3267/3267
f 3298/3298 3318/3318 3276/3276
f 3318/3318 3277/3277 3276/3276
f 3292/3292 3319/3319 3278/3278
f 3319/3319 3303/3303 3278/3278
f 683/683 3320/3320 3014/3014
f 3320/3320 3321/3321 3229/3229
f 3320/3320 3229/3229 3014/3014
f 3322/3322 3315/3315 3279/3279
f 3315/3315 3323/3323 3294/3294
f 3323/3323 3295/3295 3294/3294
f 3316/3316 3324/3324 715/715
f 3304/3304 3308/3308 3265/3265
f 3324/3324 3284/3284 715/715
f 3325/3325 3263/3263 3284/3284
f 3285/3285 3305/3305 3228/3228
f 3326/3326 3225/3225 3224/3224
f 3324/3324 3325/3325 3284/3284
f 771/771 740/740 734/734
f 3327/3327 3297/3297 3286/3286
f 3317/3317 3328/3328 3298/3298
f 3328/3328 3318/3318 3298/3298
f 3323/3323 3329/3329 3295/3295
f 3325/3325 3330/3330 3263/3263
f 3307/3307 3331/3331 3264/3264
f 3327/3327 3332/3332 3297/3297
f 3332/3332 3304/3304 3297/3297
f 3300/3300 779/779 692/692
f 3305/3305 3290/3290 3289/3289
f 3291/3291 814/814 3262/3262
f 3333/3333 3283/3283 3290/3290
f 3334/3334 3315/3315 3322/3322
f 3335/3335 3324/3324 3316/3316
f 3336/3336 3317/3317 3266/3266
f 857/857 3285/3285 3296/3296
f 3337/3337 3305/3305 3285/3285
f 3309/3309 3338/3338 3302/3302
f 3338/3338 3339/3339 3302/3302
f 3339/3339 3310/3310 3302/3302
f 3305/3305 3333/3333 3290/3290
f 771/771 778/778 740/740
f 3340/3340 779/779 3300/3300
f 3334/3334 3341/3341 3315/3315
f 3341/3341 3323/3323 3315/3315
f 867/867 3331/3331 3307/3307
f 3318/3318 3342/3342 3277/3277
f 3343/3343 3311/3311 3258/3258
f 3311/3311 815/815 3291/3291
f 815/815 814/814 3291/3291
f 3341/3341 3344/3344 3323/3323
f 3344/3344 3329/3329 3323/3323
f 3335/3335 3345/3345 3324/3324
f 3325/3325 3346/3346 3330/3330
f 867/867 866/866 3331/3331
f 3332/3332 3347/3347 3304/3304
f 3347/3347 3308/3308 3304/3304
f 3259/3259 811/811 751/751
f 3344/3344 3348/3348 3329/3329
f 3337/3337 3349/3349 3305/3305
f 3350/3350 3345/3345 3335/3335
f 771/771 838/838 778/778
f 857/857 3337/3337 3285/3285
f 3351/3351 3352/3352 3328/3328
f 3351/3351 3328/3328 3317/3317
f 3352/3352 3318/3318 3328/3328
f 3336/3336 3351/3351 3317/3317
f 3352/3352 3342/3342 3318/3318
f 3292/3292 3353/3353 3319/3319
f 3353/3353 3303/3303 3319/3319
f 3333/3333 3354/3354 3283/3283
f 3345/3345 3355/3355 3324/3324
f 3355/3355 3325/3325 3324/3324
f 3306/3306 858/858 3296/3296
f 3296/3296 858/858 857/857
f 3339/3339 3356/3356 3310/3310
f 3356/3356 747/747 3310/3310
f 683/683 3357/3357 3320/3320
f 3357/3357 3358/3358 3321/3321
f 3357/3357 3321/3321 3320/3320
f 3340/3340 842/842 779/779
f 3344/3344 3359/3359 3348/3348
f 3355/3355 3360/3360 3325/3325
f 3360/3360 3346/3346 3325/3325
f 3361/3361 3332/3332 3327/3327
f 3351/3351 3362/3362 3352/3352
f 3311/3311 3363/3363 815/815
f 3364/3364 3353/3353 3292/3292
f 3353/3353 3365/3365 3303/3303
f 3365/3365 3301/3301 3303/3303
f 3366/3366 3367/3367 3225/3225
f 3366/3366 3225/3225 3326/3326
f 808/808 3357/3357 683/683
f 3367/3367 3306/3306 3225/3225
f 3360/3360 3368/3368 3346/3346
f 3361/3361 3369/3369 3332/3332
f 3369/3369 3347/3347 3332/3332
f 3356/3356 826/826 747/747
f 3370/3370 842/842 3340/3340
f 3349/3349 3371/3371 3305/3305
f 3371/3371 3333/3333 3305/3305
f 3343/3343 3363/3363 3311/3311
f 3372/3372 3373/3373 3334/3334
f 3373/3373 3374/3374 3334/3334
f 3334/3334 3374/3374 3341/3341
f 3374/3374 3344/3344 3341/3341
f 3337/3337 3375/3375 3349/3349
f 3347/3347 3376/3376 3308/3308
f 3377/3377 3338/3338 3309/3309
f 3378/3378 3351/3351 3336/3336
f 3283/3283 3379/3379 3299/3299
f 3379/3379 3380/3380 3299/3299
f 776/776 851/851 726/726
f 3363/3363 816/816 815/815
f 3374/3374 3381/3381 3344/3344
f 3381/3381 3359/3359 3344/3344
f 3352/3352 3382/3382 3342/3342
f 3383/3383 3363/3363 3343/3343
f 3354/3354 3379/3379 3283/3283
f 859/859 3337/3337 857/857
f 3375/3375 3371/3371 3349/3349
f 3369/3369 3384/3384 3347/3347
f 3338/3338 3385/3385 3339/3339
f 3385/3385 3356/3356 3339/3339
f 3378/3378 3386/3386 3351/3351
f 3386/3386 3362/3362 3351/3351
f 3362/3362 3387/3387 3352/3352
f 3387/3387 3382/3382 3352/3352
f 3365/3365 3388/3388 3301/3301
f 860/860 838/838 771/771
f 859/859 3375/3375 3337/3337
f 3384/3384 3389/3389 3347/3347
f 3389/3389 3376/3376 3347/3347
f 3390/3390 3333/3333 3371/3371
f 3391/3391 3357/3357 808/808
f 834/834 3391/3391 808/808
f 912/912 3392/3392 866/866
f 3390/3390 3354/3354 3333/3333
f 834/834 3393/3393 3391/3391
f 3394/3394 3345/3345 3350/3350
f 868/868 912/912 866/866
f 860/860 839/839 838/838
f 3364/3364 3395/3395 3353/3353
f 3395/3395 3365/3365 3353/3353
f 3306/3306 3396/3396 858/858
f 3355/3355 3397/3397 3360/3360
f 3397/3397 3368/3368 3360/3360
f 3398/3398 3369/3369 3361/3361
f 3377/3377 3399/3399 3338/3338
f 3399/3399 3385/3385 3338/3338
f 3367/3367 3396/3396 3306/3306
f 851/851 884/884 870/870
f 3396/3396 859/859 858/858
f 3363/3363 3400/3400 816/816
f 3395/3395 3401/3401 3365/3365
f 3401/3401 3388/3388 3365/3365
f 3402/3402 897/897 865/865
f 865/865 897/897 795/795
f 893/893 884/884 851/851
f 3374/3374 3403/3403 3381/3381
f 3403/3403 3359/3359 3381/3381
f 912/912 3404/3404 3392/3392
f 3375/3375 3405/3405 3371/3371
f 3406/3406 3390/3390 3371/3371
f 3383/3383 3407/3407 3363/3363
f 3407/3407 3400/3400 3363/3363
f 3408/3408 859/859 3396/3396
f 859/859 3405/3405 3375/3375
f 3385/3385 3409/3409 3356/3356
f 3410/3410 904/904 903/903
f 3409/3409 826/826 3356/3356
f 909/909 842/842 3370/3370
f 3411/3411 3391/3391 3393/3393
f 3357/3357 3412/3412 3358/3358
f 3412/3412 3413/3413 3358/3358
f 3414/3414 3374/3374 3373/3373
f 860/860 3415/3415 839/839
f 3389/3389 3416/3416 3376/3376
f 3417/3417 3399/3399 3377/3377
f 3418/3418 3362/3362 3386/3386
f 3362/3362 3419/3419 3387/3387
f 3419/3419 3382/3382 3387/3387
f 3391/3391 3412/3412 3357/3357
f 3412/3412 3420/3420 3413/3413
f 3421/3421 3396/3396 3367/3367
f 3422/3422 3423/3423 3394/3394
f 3394/3394 3423/3423 3345/3345
f 3423/3423 3355/3355 3345/3345
f 3418/3418 3424/3424 3362/3362
f 3424/3424 3419/3419 3362/3362
f 3414/3414 3403/3403 3374/3374
f 3397/3397 3425/3425 3368/3368
f 915/915 3415/3415 860/860
f 3426/3426 3395/3395 3364/3364
f 3423/3423 3397/3397 3355/3355
f 3405/3405 3406/3406 3371/3371
f 3411/3411 1033/1033 3391/3391
f 1033/1033 3412/3412 3391/3391
f 3408/3408 3405/3405 859/859
f 3384/3384 3427/3427 3389/3389
f 3427/3427 3416/3416 3389/3389
f 3399/3399 3428/3428 3385/3385
f 3428/3428 3409/3409 3385/3385
f 3390/3390 3429/3429 3354/3354
f 3403/3403 964/964 3359/3359
f 962/962 3415/3415 915/915
f 3430/3430 3431/3431 901/901
f 3419/3419 3432/3432 3382/3382
f 3407/3407 1018/1018 3400/3400
f 3426/3426 3433/3433 3395/3395
f 3433/3433 3401/3401 3395/3395
f 3401/3401 3434/3434 3388/3388
f 3435/3435 3396/3396 3421/3421
f 916/916 929/929 898/898
f 3398/3398 3436/3436 3369/3369
f 3436/3436 3384/3384 3369/3369
f 3402/3402 945/945 897/897
f 974/974 3405/3405 3408/3408
f 3436/3436 3437/3437 3384/3384
f 3437/3437 3427/3427 3384/3384
f 932/932 882/882 905/905
f 1032/1032 3420/3420 3412/3412
f 3435/3435 975/975 3396/3396
f 975/975 3408/3408 3396/3396
f 3414/3414 965/965 3403/3403
f 965/965 964/964 3403/3403
f 912/912 3438/3438 3404/3404
f 3406/3406 3439/3439 3390/3390
f 3378/3378 3440/3440 3386/3386
f 3440/3440 3418/3418 3386/3386
f 927/927 953/953 932/932
f 3439/3439 3429/3429 3390/3390
f 1033/1033 1032/1032 3412/3412
f 913/913 3441/3441 912/912
f 3441/3441 3438/3438 912/912
f 3442/3442 3439/3439 3406/3406
f 3440/3440 3424/3424 3418/3418
f 3407/3407 3443/3443 1018/1018
f 3401/3401 3444/3444 3434/3434
f 3444/3444 3445/3445 3434/3434
f 3446/3446 1033/1033 3411/3411
f 3447/3447 3448/3448 3414/3414
f 3429/3429 3379/3379 3354/3354
f 3449/3449 3448/3448 3447/3447
f 3450/3450 3423/3423 3422/3422
f 3451/3451 3441/3441 913/913
f 3428/3428 3452/3452 3409/3409
f 3452/3452 3430/3430 3409/3409
f 3444/3444 3453/3453 3445/3445
f 3448/3448 965/965 3414/3414
f 3454/3454 3397/3397 3423/3423
f 3433/3433 3455/3455 3401/3401
f 3455/3455 984/984 3401/3401
f 3401/3401 984/984 3444/3444
f 984/984 3453/3453 3444/3444
f 975/975 974/974 3408/3408
f 985/985 984/984 3455/3455
f 3454/3454 3425/3425 3397/3397
f 3440/3440 3456/3456 3424/3424
f 3456/3456 3419/3419 3424/3424
f 3419/3419 3457/3457 3432/3432
f 3458/3458 3443/3443 3407/3407
f 3459/3459 3436/3436 3398/3398
f 3399/3399 3460/3460 3428/3428
f 3460/3460 3452/3452 3428/3428
f 3461/3461 3454/3454 3423/3423
f 3454/3454 3462/3462 3425/3425
f 3463/3463 3451/3451 913/913
f 3441/3441 3464/3464 3438/3438
f 974/974 3465/3465 3405/3405
f 3456/3456 3466/3466 3419/3419
f 3466/3466 3457/3457 3419/3419
f 3443/3443 1019/1019 1018/1018
f 3426/3426 3467/3467 3433/3433
f 3467/3467 1009/1009 3455/3455
f 3467/3467 3455/3455 3433/3433
f 1009/1009 985/985 3455/3455
f 986/986 3453/3453 984/984
f 3448/3448 990/990 965/965
f 3442/3442 3468/3468 3439/3439
f 3450/3450 3461/3461 3423/3423
f 3405/3405 3465/3465 3406/3406
f 3430/3430 3469/3469 3431/3431
f 3470/3470 3440/3440 3378/3378
f 1009/1009 1002/1002 985/985
f 3452/3452 3471/3471 3430/3430
f 3471/3471 3469/3469 3430/3430
f 3463/3463 1055/1055 3451/3451
f 3451/3451 1054/1054 3441/3441
f 1054/1054 3464/3464 3441/3441
f 3437/3437 3472/3472 3427/3427
f 3472/3472 3416/3416 3427/3427
f 3473/3473 986/986 1009/1009
f 986/986 3474/3474 3453/3453
f 3475/3475 3379/3379 3429/3429
f 1044/1044 3420/3420 1032/1032
f 3458/3458 3476/3476 3443/3443
f 3476/3476 1019/1019 3443/3443
f 3477/3477 3467/3467 3426/3426
f 3467/3467 3478/3478 1009/1009
f 3478/3478 3473/3473 1009/1009
f 3473/3473 3474/3474 986/986
f 3439/3439 3475/3475 3429/3429
f 1055/1055 1054/1054 3451/3451
f 3465/3465 3479/3479 3406/3406
f 1021/1021 947/947 941/941
f 3448/3448 1011/1011 990/990
f 3450/3450 3480/3480 3461/3461
f 976/976 3481/3481 974/974
f 3481/3481 3465/3465 974/974
f 3436/3436 3482/3482 3437/3437
f 3482/3482 3472/3472 3437/3437
f 3467/3467 1048/1048 3478/3478
f 1048/1048 1047/1047 3478/3478
f 3478/3478 1047/1047 3473/3473
f 1047/1047 3474/3474 3473/3473
f 3483/3483 1033/1033 3446/3446
f 3435/3435 3484/3484 975/975
f 1021/1021 1026/1026 947/947
f 1054/1054 3485/3485 3464/3464
f 3459/3459 3486/3486 3436/3436
f 3486/3486 3482/3482 3436/3436
f 3487/3487 3456/3456 3440/3440
f 3456/3456 3488/3488 3466/3466
f 3488/3488 3457/3457 3466/3466
f 3449/3449 3489/3489 3448/3448
f 3489/3489 1011/1011 3448/3448
f 3480/3480 3454/3454 3461/3461
f 3479/3479 3442/3442 3406/3406
f 3470/3470 3487/3487 3440/3440
f 3417/3417 3490/3490 3399/3399
f 3490/3490 3460/3460 3399/3399
f 3487/3487 3491/3491 3456/3456
f 3491/3491 3488/3488 3456/3456
f 3488/3488 3492/3492 3457/3457
f 3493/3493 3476/3476 3458/3458
f 3484/3484 976/976 975/975
f 3472/3472 3494/3494 3416/3416
f 3495/3495 3490/3490 3417/3417
f 3379/3379 3496/3496 3380/3380
f 3483/3483 1034/1034 1033/1033
f 3484/3484 3497/3497 976/976
f 3476/3476 1020/1020 1019/1019
f 1050/1050 3474/3474 1047/1047
f 1056/1056 3485/3485 1054/1054
f 3467/3467 1092/1092 1048/1048
f 1092/1092 1049/1049 1048/1048
f 3498/3498 3480/3480 3450/3450
f 3460/3460 3499/3499 3452/3452
f 3499/3499 3471/3471 3452/3452
f 3479/3479 3468/3468 3442/3442
f 1044/1044 3500/3500 3420/3420
f 3501/3501 3435/3435 3421/3421
f 3502/3502 3489/3489 3449/3449
f 3498/3498 3503/3503 3480/3480
f 3480/3480 3504/3504 3454/3454
f 3504/3504 3462/3462 3454/3454
f 1056/1056 3505/3505 3485/3485
f 3506/3506 3486/3486 3459/3459
f 3471/3471 3507/3507 3469/3469
f 3508/3508 3488/3488 3491/3491
f 3506/3506 3509/3509 3486/3486
f 3509/3509 3510/3510 3486/3486
f 3486/3486 3510/3510 3482/3482
f 3510/3510 3472/3472 3482/3482
f 3487/3487 3511/3511 3491/3491
f 3511/3511 3508/3508 3491/3491
f 3477/3477 3512/3512 3467/3467
f 3512/3512 1092/1092 3467/3467
f 3513/3513 1086/1086 1008/1008
f 3489/3489 1077/1077 1011/1011
f 3503/3503 3504/3504 3480/3480
f 3463/3463 1083/1083 1055/1055
f 1080/1080 1066/1066 1039/1039
f 3499/3499 3514/3514 3471/3471
f 3514/3514 3507/3507 3471/3471
f 3515/3515 3468/3468 3479/3479
f 3493/3493 1122/1122 3476/3476
f 1122/1122 1020/1020 3476/3476
f 3501/3501 3484/3484 3435/3435
f 3490/3490 3516/3516 3460/3460
f 3516/3516 3499/3499 3460/3460
f 3517/3517 3511/3511 3487/3487
f 3517/3517 3487/3487 3470/3470
f 1088/1088 3518/3518 1050/1050
f 3497/3497 3481/3481 976/976
f 1080/1080 3519/3519 1066/1066
f 3503/3503 3520/3520 3504/3504
f 3468/3468 3521/3521 3439/3439
f 3522/3522 3462/3462 3504/3504
f 3465/3465 3523/3523 3479/3479
f 3521/3521 3475/3475 3439/3439
f 3520/3520 3522/3522 3504/3504
f 1106/1106 3524/3524 1080/1080
f 1080/1080 3524/3524 3519/3519
f 3479/3479 3523/3523 3515/3515
f 3508/3508 3525/3525 3488/3488
f 3525/3525 3492/3492 3488/3488
f 3512/3512 3526/3526 1092/1092
f 3526/3526 1088/1088 1092/1092
f 3475/3475 3527/3527 3379/3379
f 3527/3527 3496/3496 3379/3379
f 1103/1103 3500/3500 1044/1044
f 3502/3502 3528/3528 3489/3489
f 3528/3528 1077/1077 3489/3489
f 3529/3529 3503/3503 3498/3498
f 1118/1118 3524/3524 1106/1106
f 3481/3481 3523/3523 3465/3465
f 3526/3526 1161/1161 1088/1088
f 1161/1161 3530/3530 1088/1088
f 1088/1088 3530/3530 3518/3518
f 3531/3531 1034/1034 3483/3483
f 3517/3517 3532/3532 3511/3511
f 3511/3511 3532/3532 3508/3508
f 1123/1123 3533/3533 1020/1020
f 1160/1160 3530/3530 1161/1161
f 3531/3531 1103/1103 1034/1034
f 3534/3534 3528/3528 3502/3502
f 3535/3535 1056/1056 1083/1083
f 1097/1097 1120/1120 1143/1143
f 3535/3535 3505/3505 1056/1056
f 3506/3506 3536/3536 3509/3509
f 3536/3536 3537/3537 3509/3509
f 3509/3509 3537/3537 3510/3510
f 3537/3537 3472/3472 3510/3510
f 3512/3512 3538/3538 3526/3526
f 3538/3538 1161/1161 3526/3526
f 3501/3501 3497/3497 3484/3484
f 3463/3463 3539/3539 1083/1083
f 3539/3539 3535/3535 1083/1083
f 3537/3537 3494/3494 3472/3472
f 3516/3516 3540/3540 3499/3499
f 3540/3540 3514/3514 3499/3499
f 3493/3493 1123/1123 1122/1122
f 3541/3541 1077/1077 3528/3528
f 3529/3529 3520/3520 3503/3503
f 3535/3535 3542/3542 3505/3505
f 3477/3477 3538/3538 3512/3512
f 3543/3543 1121/1121 1124/1124
f 1103/1103 3544/3544 3500/3500
f 3541/3541 1094/1094 1077/1077
f 3522/3522 3545/3545 3462/3462
f 3546/3546 3515/3515 3523/3523
f 3537/3537 3547/3547 3494/3494
f 3548/3548 3490/3490 3495/3495
f 3517/3517 3549/3549 3532/3532
f 3525/3525 3550/3550 3492/3492
f 3551/3551 1123/1123 3493/3493
f 3541/3541 3552/3552 1094/1094
f 3532/3532 3553/3553 3508/3508
f 3553/3553 3554/3554 3525/3525
f 3553/3553 3525/3525 3508/3508
f 3554/3554 3550/3550 3525/3525
f 3555/3555 3547/3547 3537/3537
f 3490/3490 3556/3556 3516/3516
f 3556/3556 3540/3540 3516/3516
f 3514/3514 3557/3557 3507/3507
f 3558/3558 3549/3549 3517/3517
f 3549/3549 3553/3553 3532/3532
f 1173/1173 1164/1164 1150/1150
f 3548/3548 3559/3559 3490/3490
f 3559/3559 3556/3556 3490/3490
f 3540/3540 3557/3557 3514/3514
f 3560/3560 3538/3538 3477/3477
f 3538/3538 1162/1162 1161/1161
f 3534/3534 3561/3561 3528/3528
f 3561/3561 3541/3541 3528/3528
f 1173/1173 1262/1262 1164/1164
f 3536/3536 3562/3562 3537/3537
f 3562/3562 3555/3555 3537/3537
f 1200/1200 1121/1121 3543/3543
f 1100/1100 1182/1182 1154/1154
f 3563/3563 3561/3561 3534/3534
f 3541/3541 3564/3564 3552/3552
f 3565/3565 3566/3566 3529/3529
f 3529/3529 3566/3566 3520/3520
f 3566/3566 3522/3522 3520/3520
f 3539/3539 3567/3567 3535/3535
f 3567/3567 3542/3542 3535/3535
f 3568/3568 3562/3562 3506/3506
f 3506/3506 3562/3562 3536/3536
f 3569/3569 3468/3468 3515/3515
f 3551/3551 3570/3570 1123/1123
f 3570/3570 3533/3533 1123/1123
f 1211/1211 1162/1162 3538/3538
f 3501/3501 3571/3571 3497/3497
f 3561/3561 3572/3572 3541/3541
f 3572/3572 3564/3564 3541/3541
f 1205/1205 1262/1262 1173/1173
f 3556/3556 3573/3573 3540/3540
f 3546/3546 3569/3569 3515/3515
f 3573/3573 3557/3557 3540/3540
f 3560/3560 3574/3574 3538/3538
f 3574/3574 1211/1211 3538/3538
f 3565/3565 3575/3575 3566/3566
f 3575/3575 3576/3576 3566/3566
f 3566/3566 3576/3576 3522/3522
f 3576/3576 3577/3577 3545/3545
f 3576/3576 3545/3545 3522/3522
f 3578/3578 3579/3579 3539/3539
f 3579/3579 3567/3567 3539/3539
f 3580/3580 3549/3549 3558/3558
f 3580/3580 3553/3553 3549/3549
f 3570/3570 3581/3581 3533/3533
f 1210/1210 3582/3582 1181/1181
f 3583/3583 3571/3571 3501/3501
f 3584/3584 3585/3585 3563/3563
f 3563/3563 3585/3585 3561/3561
f 3585/3585 3572/3572 3561/3561
f 3585/3585 3564/3564 3572/3572
f 3579/3579 3586/3586 3567/3567
f 3555/3555 3587/3587 3547/3547
f 3588/3588 3559/3559 3548/3548
f 3573/3573 3589/3589 3557/3557
f 3569/3569 3521/3521 3468/3468
f 3580/3580 3590/3590 3553/3553
f 3590/3590 3554/3554 3553/3553
f 3590/3590 3550/3550 3554/3554
f 3591/3591 3570/3570 3551/3551
f 1306/1306 1308/1308 3592/3592
f 3593/3593 3594/3594 3595/3595
f 3593/3593 3596/3596 3594/3594
f 1221/1221 3597/3597 1224/1224
f 1311/1311 1232/1232 1228/1228
f 3596/3596 3598/3598 3599/3599
f 1540/1540 3600/3600 3601/3601
f 1312/1312 1227/1227 1237/1237
f 1315/1315 1239/1239 1224/1224
f 3602/3602 3603/3603 3604/3604
f 3497/3497 3523/3523 3481/3481
f 3605/3605 3575/3575 3606/3606
f 3606/3606 3575/3575 3565/3565
f 3607/3607 3576/3576 3575/3575
f 3608/3608 1439/1439 3609/3609
f 3610/3610 3577/3577 3576/3576
f 1238/1238 1323/1323 1243/1243
f 3568/3568 3611/3611 3562/3562
f 3611/3611 3587/3587 3555/3555
f 3611/3611 3555/3555 3562/3562
f 3588/3588 3573/3573 3556/3556
f 3588/3588 3556/3556 3559/3559
f 3589/3589 3612/3612 3557/3557
f 3613/3613 3590/3590 3580/3580
f 1395/1395 1397/1397 1406/1406
f 3569/3569 3614/3614 3521/3521
f 3615/3615 1266/1266 1209/1209
f 1276/1276 1385/1385 1277/1277
f 3560/3560 3616/3616 3574/3574
f 3616/3616 3617/3617 1211/1211
f 3616/3616 1211/1211 3574/3574
f 3617/3617 1210/1210 1211/1211
f 1400/1400 1283/1283 1281/1281
f 3618/3618 3619/3619 3620/3620
f 3621/3621 1301/1301 1294/1294
f 3619/3619 3622/3622 3623/3623
f 3624/3624 3527/3527 3475/3475
f 3622/3622 3625/3625 3623/3623
f 3626/3626 1304/1304 1301/1301
f 1308/1308 3627/3627 3592/3592
f 3593/3593 3628/3628 3596/3596
f 3628/3628 3629/3629 3596/3596
f 3630/3630 3631/3631 3600/3600
f 3630/3630 3632/3632 3631/3631
f 3631/3631 3632/3632 1435/1435
f 3632/3632 1437/1437 1435/1435
f 3596/3596 3629/3629 3598/3598
f 3602/3602 3633/3633 3603/3603
f 3633/3633 1541/1541 3603/3603
f 1438/1438 3602/3602 3604/3604
f 3634/3634 1318/1318 3635/3635
f 3608/3608 1440/1440 1439/1439
f 3636/3636 3575/3575 3605/3605
f 3636/3636 3607/3607 3575/3575
f 1508/1508 1346/1346 1448/1448
f 1452/1452 1499/1499 1498/1498
f 3637/3637 3638/3638 3639/3639
f 3638/3638 3640/3640 3639/3639
f 3638/3638 3641/3641 3640/3640
f 3641/3641 3588/3588 3640/3640
f 3641/3641 3573/3573 3588/3588
f 3589/3589 3573/3573 3612/3612
f 3612/3612 3573/3573 3642/3642
f 3573/3573 3643/3643 3642/3642
f 3643/3643 3644/3644 3642/3642
f 3642/3642 3644/3644 3645/3645
f 3646/3646 3647/3647 3648/3648
f 3647/3647 3613/3613 3648/3648
f 3647/3647 3649/3649 3613/3613
f 3613/3613 3649/3649 3590/3590
f 3649/3649 3650/3650 3590/3590
f 3650/3650 3651/3651 3652/3652
f 3652/3652 1518/1518 3653/3653
f 1471/1471 1464/1464 1463/1463
f 3644/3644 3654/3654 3645/3645
f 1518/1518 3655/3655 3653/3653
f 3656/3656 3657/3657 3658/3658
f 3656/3656 3658/3658 3659/3659
f 3657/3657 3660/3660 3658/3658
f 3661/3661 3619/3619 3618/3618
f 3661/3661 3662/3662 3619/3619
f 3662/3662 3663/3663 3619/3619
f 3619/3619 3663/3663 3622/3622
f 3521/3521 3624/3624 3475/3475
f 3664/3664 3665/3665 1308/1308
f 3664/3664 1308/1308 1307/1307
f 3665/3665 3627/3627 1308/1308
f 3666/3666 3593/3593 3595/3595
f 3667/3667 3544/3544 1103/1103
f 3593/3593 3668/3668 3628/3628
f 3628/3628 3669/3669 3629/3629
f 3670/3670 3633/3633 3602/3602
f 3633/3633 1542/1542 1541/1541
f 3634/3634 3671/3671 1318/1318
f 3671/3671 1319/1319 1318/1318
f 3672/3672 3673/3673 3674/3674
f 3674/3674 3673/3673 3637/3637
f 3673/3673 3675/3675 3637/3637
f 3675/3675 3638/3638 3637/3637
f 3675/3675 3676/3676 3638/3638
f 3638/3638 3676/3676 3641/3641
f 3676/3676 3677/3677 3641/3641
f 3641/3641 3677/3677 3573/3573
f 3677/3677 3678/3678 3573/3573
f 3678/3678 3679/3679 3573/3573
f 3679/3679 3643/3643 3573/3573
f 3679/3679 3644/3644 3643/3643
f 3680/3680 3681/3681 3682/3682
f 3681/3681 3683/3683 3684/3684
f 3681/3681 3684/3684 3682/3682
f 3646/3646 3684/3684 3647/3647
f 3685/3685 3650/3650 3649/3649
f 3685/3685 3686/3686 3650/3650
f 3652/3652 1519/1519 1518/1518
f 3644/3644 3687/3687 3654/3654
f 3688/3688 3659/3659 3689/3689
f 3656/3656 3690/3690 3657/3657
f 3691/3691 3692/3692 3662/3662
f 3691/3691 3662/3662 3661/3661
f 3692/3692 3663/3663 3662/3662
f 3622/3622 3693/3693 3625/3625
f 3694/3694 1537/1537 3695/3695
f 3695/3695 1537/1537 1536/1536
f 3666/3666 3696/3696 3593/3593
f 3696/3696 3668/3668 3593/3593
f 3697/3697 3698/3698 3531/3531
f 3531/3531 3698/3698 1103/1103
f 3698/3698 3667/3667 1103/1103
f 3699/3699 3669/3669 3628/3628
f 3630/3630 3700/3700 3632/3632
f 1540/1540 3701/3701 3600/3600
f 1438/1438 3670/3670 3602/3602
f 3671/3671 3702/3702 1319/1319
f 3703/3703 1440/1440 3608/3608
f 3702/3702 3608/3608 1319/1319
f 1496/1496 1548/1548 1443/1443
f 1443/1443 1548/1548 1441/1441
f 3679/3679 3704/3704 3644/3644
f 3705/3705 3647/3647 3684/3684
f 3706/3706 3649/3649 3647/3647
f 3686/3686 3651/3651 3650/3650
f 3686/3686 3652/3652 3651/3651
f 3707/3707 1519/1519 3652/3652
f 3659/3659 3708/3708 3656/3656
f 3708/3708 3690/3690 3656/3656
f 3690/3690 3709/3709 3657/3657
f 3709/3709 3660/3660 3657/3657
f 1475/1475 1556/1556 1473/1473
f 3710/3710 3622/3622 3663/3663
f 3664/3664 3711/3711 3665/3665
f 3711/3711 3712/3712 3665/3665
f 3665/3665 3712/3712 3627/3627
f 3713/3713 3696/3696 3666/3666
f 3668/3668 3699/3699 3628/3628
f 3714/3714 1560/1560 1309/1309
f 3700/3700 1561/1561 3632/3632
f 1561/1561 1437/1437 3632/3632
f 3699/3699 3715/3715 3669/3669
f 1542/1542 3701/3701 1540/1540
f 3701/3701 3716/3716 3600/3600
f 3600/3600 3716/3716 3630/3630
f 3715/3715 3629/3629 3669/3669
f 3670/3670 1542/1542 3633/3633
f 1494/1494 3670/3670 1438/1438
f 3717/3717 3671/3671 3634/3634
f 3703/3703 3718/3718 1440/1440
f 3718/3718 1494/1494 1440/1440
f 3702/3702 3703/3703 3608/3608
f 3673/3673 3719/3719 3675/3675
f 3719/3719 3676/3676 3675/3675
f 3719/3719 3720/3720 3676/3676
f 3720/3720 3677/3677 3676/3676
f 3720/3720 3721/3721 3677/3677
f 3677/3677 3721/3721 3678/3678
f 3721/3721 3722/3722 3678/3678
f 3678/3678 3722/3722 3679/3679
f 3679/3679 3722/3722 3704/3704
f 3680/3680 3723/3723 3681/3681
f 3723/3723 3683/3683 3681/3681
f 3683/3683 3705/3705 3684/3684
f 3705/3705 3706/3706 3647/3647
f 3706/3706 3685/3685 3649/3649
f 3686/3686 3707/3707 3652/3652
f 3707/3707 1571/1571 1519/1519
f 3704/3704 3687/3687 3644/3644
f 3688/3688 3708/3708 3659/3659
f 3708/3708 3724/3724 3690/3690
f 3724/3724 3709/3709 3690/3690
f 3692/3692 3710/3710 3663/3663
f 3710/3710 3693/3693 3622/3622
f 1607/1607 1537/1537 3694/3694
f 3725/3725 3711/3711 3664/3664
f 3696/3696 3726/3726 3668/3668
f 3726/3726 3699/3699 3668/3668
f 1686/1686 1560/1560 3714/3714
f 3716/3716 3700/3700 3630/3630
f 3699/3699 3727/3727 3715/3715
f 3728/3728 3701/3701 1542/1542
f 3729/3729 1542/1542 3670/3670
f 3730/3730 3731/3731 3732/3732
f 1494/1494 3733/3733 3670/3670
f 3734/3734 3735/3735 3736/3736
f 3730/3730 3737/3737 3731/3731
f 3738/3738 3671/3671 3717/3717
f 3737/3737 3739/3739 3731/3731
f 3737/3737 1615/1615 3739/3739
f 3740/3740 3702/3702 3671/3671
f 3703/3703 3741/3741 3718/3718
f 3742/3742 3743/3743 3734/3734
f 3741/3741 1494/1494 3718/3718
f 3743/3743 3735/3735 3734/3734
f 1631/1631 3744/3744 3745/3745
f 3745/3745 3744/3744 3746/3746
f 3744/3744 1610/1610 3746/3746
f 1610/1610 1609/1609 3746/3746
f 3730/3730 3747/3747 3737/3737
f 3747/3747 3748/3748 3737/3737
f 3737/3737 3748/3748 1615/1615
f 3748/3748 1616/1616 1615/1615
f 3743/3743 3749/3749 3735/3735
f 3749/3749 3750/3750 3735/3735
f 1629/1629 1628/1628 1621/1621
f 1628/1628 1622/1622 1621/1621
f 3751/3751 3752/3752 1631/1631
f 1631/1631 3752/3752 3744/3744
f 3752/3752 3753/3753 3744/3744
f 3753/3753 1610/1610 3744/3744
f 3753/3753 3754/3754 1610/1610
f 3754/3754 3755/3755 1610/1610
f 3756/3756 3757/3757 3747/3747
f 3757/3757 3758/3758 3747/3747
f 3747/3747 3758/3758 3748/3748
f 3758/3758 1616/1616 3748/3748
f 3758/3758 3759/3759 1616/1616
f 3760/3760 3761/3761 3749/3749
f 3761/3761 3750/3750 3749/3749
f 3761/3761 1627/1627 3750/3750
f 3762/3762 1628/1628 1627/1627
f 1584/1584 1548/1548 1496/1496
f 1630/1630 3751/3751 1631/1631
f 3672/3672 3763/3763 3673/3673
f 3751/3751 3764/3764 3752/3752
f 1587/1587 1550/1550 1508/1508
f 3765/3765 1630/1630 1623/1623
f 3765/3765 3766/3766 1630/1630
f 3766/3766 3767/3767 1630/1630
f 3767/3767 3768/3768 3751/3751
f 3767/3767 3751/3751 1630/1630
f 3763/3763 3769/3769 3673/3673
f 3768/3768 3770/3770 3751/3751
f 3751/3751 3770/3770 3764/3764
f 3771/3771 1636/1636 1635/1635
f 1636/1636 3772/3772 1645/1645
f 3772/3772 1646/1646 1645/1645
f 3766/3766 3773/3773 3767/3767
f 3773/3773 3768/3768 3767/3767
f 3769/3769 3719/3719 3673/3673
f 3774/3774 3773/3773 3766/3766
f 3775/3775 3768/3768 3773/3773
f 3771/3771 3776/3776 1636/1636
f 3776/3776 3772/3772 1636/1636
f 3769/3769 3777/3777 3719/3719
f 3775/3775 3778/3778 3768/3768
f 3768/3768 3778/3778 3770/3770
f 3779/3779 3773/3773 3774/3774
f 3772/3772 3780/3780 1646/1646
f 3780/3780 1648/1648 1646/1646
f 3779/3779 3781/3781 3773/3773
f 3781/3781 3775/3775 3773/3773
f 3719/3719 3777/3777 3720/3720
f 3776/3776 3782/3782 3772/3772
f 3782/3782 3780/3780 3772/3772
f 3783/3783 3778/3778 3775/3775
f 3780/3780 3784/3784 1648/1648
f 3785/3785 3786/3786 3787/3787
f 3788/3788 3789/3789 3790/3790
f 3790/3790 3789/3789 3791/3791
f 3771/3771 3792/3792 3776/3776
f 3792/3792 3782/3782 3776/3776
f 3793/3793 3794/3794 3795/3795
f 3796/3796 3722/3722 3721/3721
f 3797/3797 3788/3788 3794/3794
f 3793/3793 3797/3797 3794/3794
f 3797/3797 3798/3798 3788/3788
f 3796/3796 3799/3799 3722/3722
f 3798/3798 3800/3800 3789/3789
f 3798/3798 3789/3789 3788/3788
f 3801/3801 3792/3792 3771/3771
f 3792/3792 1662/1662 3780/3780
f 3792/3792 3780/3780 3782/3782
f 1662/1662 3784/3784 3780/3780
f 3801/3801 3802/3802 3792/3792
f 3803/3803 3797/3797 3793/3793
f 3803/3803 3804/3804 3797/3797
f 3799/3799 3704/3704 3722/3722
f 3802/3802 3805/3805 3792/3792
f 3805/3805 1662/1662 3792/3792
f 3804/3804 3806/3806 3797/3797
f 3806/3806 3807/3807 3797/3797
f 3797/3797 3807/3807 3798/3798
f 3807/3807 3800/3800 3798/3798
f 3808/3808 3802/3802 3801/3801
f 1662/1662 1665/1665 3784/3784
f 3809/3809 3810/3810 3811/3811
f 3811/3811 3810/3810 3812/3812
f 3810/3810 3813/3813 3812/3812
f 3814/3814 3815/3815 3816/3816
f 3817/3817 3804/3804 3803/3803
f 1568/1568 1598/1598 1565/1565
f 3799/3799 3818/3818 3704/3704
f 3807/3807 3819/3819 3800/3800
f 3808/3808 3820/3820 3802/3802
f 3820/3820 3805/3805 3802/3802
f 3810/3810 3821/3821 3822/3822
f 3816/3816 3815/3815 3823/3823
f 3815/3815 3824/3824 3823/3823
f 3821/3821 1659/1659 3822/3822
f 3821/3821 1660/1660 1659/1659
f 3685/3685 3825/3825 3686/3686
f 3825/3825 3826/3826 3686/3686
f 3827/3827 3828/3828 3829/3829
f 3826/3826 3707/3707 3686/3686
f 3826/3826 3830/3830 3707/3707
f 3830/3830 1571/1571 3707/3707
f 3828/3828 3831/3831 3832/3832
f 3831/3831 3817/3817 3832/3832
f 3831/3831 3804/3804 3817/3817
f 3833/3833 3807/3807 3806/3806
f 3818/3818 3687/3687 3704/3704
f 3834/3834 3835/3835 3810/3810
f 3810/3810 3835/3835 3821/3821
f 3835/3835 3836/3836 3821/3821
f 3821/3821 3836/3836 1660/1660
f 3836/3836 1705/1705 1660/1660
f 3804/3804 3831/3831 3806/3806
f 3831/3831 3833/3833 3806/3806
f 3688/3688 3837/3837 3708/3708
f 3837/3837 3838/3838 3708/3708
f 3807/3807 3808/3808 3819/3819
f 3708/3708 3838/3838 3724/3724
f 3807/3807 3839/3839 3808/3808
f 3838/3838 3709/3709 3724/3724
f 3839/3839 3820/3820 3808/3808
f 3820/3820 1663/1663 3805/3805
f 1663/1663 1662/1662 3805/3805
f 3835/3835 3840/3840 3836/3836
f 3840/3840 1706/1706 3836/3836
f 1706/1706 1705/1705 3836/3836
f 3841/3841 3842/3842 3843/3843
f 3842/3842 3827/3827 3843/3843
f 3833/3833 3844/3844 3807/3807
f 3844/3844 3839/3839 3807/3807
f 3845/3845 3846/3846 3834/3834
f 3834/3834 3846/3846 3835/3835
f 3846/3846 3847/3847 3835/3835
f 3847/3847 3840/3840 3835/3835
f 1602/1602 1672/1672 1573/1573
f 3841/3841 3848/3848 3842/3842
f 3849/3849 3839/3839 3844/3844
f 3849/3849 1675/1675 3839/3839
f 3691/3691 3850/3850 3692/3692
f 3850/3850 3851/3851 3692/3692
f 1679/1679 1604/1604 1680/1680
f 1579/1579 3852/3852 1606/1606
f 3692/3692 3851/3851 3710/3710
f 3851/3851 3853/3853 3710/3710
f 3710/3710 3853/3853 3693/3693
f 3854/3854 3693/3693 3853/3853
f 3725/3725 3712/3712 3711/3711
f 3855/3855 3856/3856 3857/3857
f 3855/3855 3858/3858 3856/3856
f 3713/3713 3726/3726 3696/3696
f 3858/3858 3859/3859 3856/3856
f 3860/3860 3861/3861 3855/3855
f 3861/3861 3858/3858 3855/3855
f 3726/3726 3862/3862 3699/3699
f 3862/3862 3863/3863 3699/3699
f 3864/3864 3861/3861 3860/3860
f 3699/3699 3863/3863 3727/3727
f 3865/3865 3866/3866 3867/3867
f 3700/3700 1608/1608 1561/1561
f 3868/3868 3869/3869 3870/3870
f 3866/3866 3868/3868 3867/3867
f 3871/3871 3869/3869 3868/3868
f 3861/3861 3730/3730 3858/3858
f 3730/3730 3732/3732 3858/3858
f 3729/3729 3872/3872 1542/1542
f 3872/3872 3728/3728 1542/1542
f 1631/1631 3745/3745 3873/3873
f 3873/3873 3745/3745 3865/3865
f 3865/3865 3746/3746 3866/3866
f 3746/3746 1609/1609 3866/3866
f 1609/1609 3874/3874 3866/3866
f 3874/3874 3875/3875 3866/3866
f 3875/3875 3871/3871 3866/3866
f 3866/3866 3871/3871 3868/3868
f 3876/3876 3730/3730 3861/3861
f 3733/3733 3729/3729 3670/3670
f 3736/3736 3877/3877 3878/3878
f 3878/3878 3877/3877 3879/3879
f 1621/1621 3880/3880 3879/3879
f 3880/3880 1631/1631 3873/3873
f 3745/3745 3746/3746 3865/3865
f 1609/1609 1611/1611 3874/3874
f 3735/3735 3877/3877 3736/3736
f 3877/3877 1621/1621 3879/3879
f 1621/1621 1631/1631 3880/3880
f 3864/3864 3876/3876 3861/3861
f 3740/3740 3881/3881 3702/3702
f 1615/1615 1617/1617 3882/3882
f 3702/3702 3881/3881 3703/3703
f 3881/3881 3741/3741 3703/3703
f 3735/3735 3750/3750 3877/3877
f 3750/3750 1629/1629 3877/3877
f 1629/1629 1621/1621 3877/3877
f 3747/3747 3730/3730 3876/3876
f 1627/1627 1629/1629 3750/3750
f 1623/1623 1631/1631 1621/1621
f 3883/3883 3756/3756 3876/3876
f 3876/3876 3756/3756 3747/3747
f 1637/1637 1636/1636 1645/1645
f 1649/1649 1694/1694 1641/1641
f 3884/3884 3546/3546 3523/3523
f 3885/3885 3569/3569 3546/3546
f 3886/3886 1696/1696 3887/3887
f 1696/1696 1698/1698 3887/3887
f 3888/3888 3720/3720 3777/3777
f 1754/1754 1656/1656 1655/1655
f 3889/3889 3823/3823 3824/3824
f 1660/1660 1707/1707 1661/1661
f 3890/3890 3891/3891 3892/3892
f 3706/3706 3893/3893 3685/3685
f 3894/3894 3895/3895 3825/3825
f 1668/1668 1667/1667 3896/3896
f 3895/3895 3826/3826 3825/3825
f 3843/3843 3827/3827 3829/3829
f 3809/3809 3897/3897 3810/3810
f 3897/3897 3834/3834 3810/3810
f 1705/1705 1707/1707 1660/1660
f 3827/3827 3898/3898 3828/3828
f 3898/3898 3831/3831 3828/3828
f 3899/3899 1657/1657 1658/1658
f 1668/1668 3900/3900 1666/1666
f 3901/3901 3898/3898 3827/3827
f 3898/3898 3833/3833 3831/3831
f 3902/3902 3903/3903 3904/3904
f 3902/3902 3904/3904 3905/3905
f 3903/3903 1739/1739 3904/3904
f 3904/3904 1739/1739 3906/3906
f 1739/1739 1738/1738 3906/3906
f 3907/3907 3897/3897 3809/3809
f 3901/3901 3827/3827 3842/3842
f 3901/3901 3908/3908 3898/3898
f 3908/3908 3909/3909 3898/3898
f 3909/3909 3833/3833 3898/3898
f 3910/3910 3844/3844 3833/3833
f 3897/3897 3845/3845 3834/3834
f 3909/3909 3911/3911 3833/3833
f 3911/3911 3910/3910 3833/3833
f 3844/3844 3912/3912 3849/3849
f 1675/1675 1677/1677 3913/3913
f 1675/1675 3913/3913 3839/3839
f 3907/3907 3914/3914 3897/3897
f 3910/3910 3912/3912 3844/3844
f 3915/3915 3914/3914 3907/3907
f 1678/1678 1676/1676 3916/3916
f 1676/1676 1682/1682 3916/3916
f 3897/3897 3917/3917 3845/3845
f 3918/3918 3919/3919 3851/3851
f 3918/3918 3851/3851 3850/3850
f 3849/3849 1676/1676 1675/1675
f 3849/3849 1683/1683 1676/1676
f 1683/1683 1682/1682 1676/1676
f 1682/1682 1684/1684 3916/3916
f 3914/3914 3917/3917 3897/3897
f 3920/3920 3921/3921 3914/3914
f 3920/3920 3914/3914 3915/3915
f 3921/3921 3917/3917 3914/3914
f 3919/3919 3853/3853 3851/3851
f 3921/3921 3922/3922 3917/3917
f 3923/3923 3922/3922 3921/3921
f 3920/3920 3924/3924 3921/3921
f 3924/3924 3923/3923 3921/3921
f 1688/1688 1687/1687 1689/1689
f 3925/3925 3926/3926 3927/3927
f 3926/3926 3928/3928 3927/3927
f 3929/3929 3741/3741 3881/3881
f 3930/3930 3931/3931 3932/3932
f 3886/3886 3933/3933 1696/1696
f 3893/3893 3934/3934 3685/3685
f 3934/3934 3825/3825 3685/3685
f 3569/3569 3935/3935 3614/3614
f 3936/3936 3900/3900 1668/1668
f 3614/3614 3624/3624 3521/3521
f 3937/3937 3938/3938 3925/3925
f 3937/3937 3925/3925 3939/3939
f 3938/3938 3926/3926 3925/3925
f 3940/3940 3929/3929 3881/3881
f 3929/3929 3941/3941 3741/3741
f 3941/3941 3942/3942 3741/3741
f 3943/3943 3884/3884 3523/3523
f 3944/3944 3886/3886 3945/3945
f 3933/3933 1697/1697 1696/1696
f 3946/3946 3934/3934 3893/3893
f 3903/3903 1758/1758 1739/1739
f 1758/1758 1740/1740 1739/1739
f 3937/3937 3947/3947 3938/3938
f 3938/3938 3948/3948 3926/3926
f 3947/3947 3948/3948 3938/3938
f 1690/1690 1744/1744 1688/1688
f 3948/3948 3949/3949 3926/3926
f 3941/3941 3950/3950 3942/3942
f 3951/3951 3930/3930 3952/3952
f 3930/3930 3953/3953 3931/3931
f 1732/1732 1790/1790 1731/1731
f 3884/3884 3885/3885 3546/3546
f 3944/3944 3954/3954 3886/3886
f 3954/3954 3933/3933 3886/3886
f 3933/3933 3955/3955 1697/1697
f 3720/3720 3956/3956 3721/3721
f 3956/3956 3957/3957 3721/3721
f 3957/3957 3958/3958 3959/3959
f 3960/3960 3946/3946 3893/3893
f 3934/3934 3961/3961 3825/3825
f 3961/3961 3962/3962 3894/3894
f 3961/3961 3894/3894 3825/3825
f 3963/3963 1668/1668 3896/3896
f 1757/1757 3964/3964 1738/1738
f 3965/3965 3966/3966 3947/3947
f 3965/3965 3947/3947 3937/3937
f 3966/3966 3967/3967 3947/3947
f 3947/3947 3967/3967 3948/3948
f 3967/3967 3949/3949 3948/3948
f 3967/3967 3968/3968 3949/3949
f 1746/1746 1787/1787 1744/1744
f 3951/3951 3969/3969 3930/3930
f 3969/3969 3953/3953 3930/3930
f 3963/3963 3970/3970 1668/1668
f 3970/3970 3936/3936 1668/1668
f 3940/3940 3971/3971 3929/3929
f 3972/3972 3973/3973 3888/3888
f 3973/3973 3720/3720 3888/3888
f 3946/3946 3974/3974 3934/3934
f 3974/3974 3961/3961 3934/3934
f 1823/1823 1710/1710 1712/1712
f 3966/3966 3975/3975 3967/3967
f 3967/3967 3975/3975 3968/3968
f 3954/3954 3955/3955 3933/3933
f 3973/3973 3976/3976 3720/3720
f 3976/3976 3956/3956 3720/3720
f 3960/3960 3977/3977 3946/3946
f 3977/3977 3974/3974 3946/3946
f 3978/3978 3903/3903 3902/3902
f 1823/1823 1784/1784 1710/1710
f 3571/3571 3523/3523 3497/3497
f 3971/3971 3941/3941 3929/3929
f 1757/1757 3979/3979 3964/3964
f 3971/3971 3980/3980 3941/3941
f 3980/3980 3950/3950 3941/3941
f 3981/3981 3969/3969 3951/3951
f 3966/3966 3982/3982 3975/3975
f 3982/3982 3983/3983 3968/3968
f 3982/3982 3968/3968 3975/3975
f 3955/3955 3984/3984 1697/1697
f 3985/3985 3973/3973 3972/3972
f 3956/3956 3986/3986 3957/3957
f 3986/3986 3958/3958 3957/3957
f 3978/3978 3987/3987 3903/3903
f 3987/3987 1758/1758 3903/3903
f 1758/1758 1859/1859 1757/1757
f 1859/1859 3979/3979 1757/1757
f 3988/3988 3989/3989 3966/3966
f 3988/3988 3966/3966 3965/3965
f 3989/3989 3982/3982 3966/3966
f 3969/3969 3990/3990 3953/3953
f 3986/3986 3991/3991 3958/3958
f 3992/3992 3977/3977 3960/3960
f 3993/3993 3943/3943 3523/3523
f 3980/3980 3994/3994 3950/3950
f 3995/3995 3981/3981 3951/3951
f 3996/3996 3984/3984 3955/3955
f 3885/3885 3935/3935 3569/3569
f 3961/3961 3997/3997 3962/3962
f 3998/3998 3970/3970 3963/3963
f 3987/3987 3999/3999 1758/1758
f 3999/3999 1859/1859 1758/1758
f 4000/4000 3980/3980 3971/3971
f 3982/3982 4001/4001 3983/3983
f 3974/3974 4002/4002 3961/3961
f 4002/4002 3997/3997 3961/3961
f 3981/3981 4003/4003 3969/3969
f 4003/4003 3990/3990 3969/3969
f 4004/4004 4005/4005 3944/3944
f 3944/3944 4005/4005 3954/3954
f 4005/4005 4006/4006 3954/3954
f 3954/3954 4006/4006 3955/3955
f 4006/4006 3996/3996 3955/3955
f 3571/3571 3993/3993 3523/3523
f 3940/3940 4000/4000 3971/3971
f 3989/3989 4007/4007 3982/3982
f 1820/1820 4008/4008 1793/1793
f 3992/3992 4009/4009 3977/3977
f 4009/4009 4010/4010 3974/3974
f 4009/4009 3974/3974 3977/3977
f 4010/4010 4002/4002 3974/3974
f 3970/3970 4011/4011 3936/3936
f 4012/4012 1822/1822 1767/1767
f 1842/1842 1490/1490 1770/1770
f 1819/1819 1852/1852 1818/1818
f 1860/1860 1859/1859 3999/3999
f 3935/3935 3624/3624 3614/3614
f 4013/4013 3980/3980 4000/4000
f 3978/3978 1911/1911 3987/3987
f 1911/1911 3999/3999 3987/3987
f 4003/4003 4014/4014 3990/3990
f 3998/3998 4015/4015 3970/3970
f 4015/4015 4011/4011 3970/3970
f 4016/4016 3527/3527 3624/3624
f 4017/4017 4018/4018 3697/3697
f 4013/4013 3994/3994 3980/3980
f 4007/4007 4019/4019 3982/3982
f 4019/4019 4001/4001 3982/3982
f 3943/3943 4020/4020 3884/3884
f 3885/3885 4021/4021 3935/3935
f 1911/1911 4022/4022 3999/3999
f 4022/4022 1860/1860 3999/3999
f 4018/4018 3698/3698 3697/3697
f 4023/4023 4000/4000 3940/3940
f 3995/3995 4024/4024 3981/3981
f 4024/4024 4003/4003 3981/3981
f 4020/4020 3885/3885 3884/3884
f 4013/4013 4025/4025 3994/3994
f 4026/4026 4024/4024 3995/3995
f 4006/4006 4027/4027 3996/3996
f 4027/4027 3984/3984 3996/3996
f 3985/3985 4028/4028 3973/3973
f 4028/4028 3976/3976 3973/3973
f 4022/4022 1861/1861 1860/1860
f 3935/3935 4016/4016 3624/3624
f 3667/3667 4029/4029 3544/3544
f 4030/4030 3993/3993 3571/3571
f 4023/4023 4031/4031 4000/4000
f 4031/4031 4013/4013 4000/4000
f 3988/3988 4032/4032 3989/3989
f 4032/4032 4007/4007 3989/3989
f 4033/4033 4005/4005 4004/4004
f 4027/4027 4034/4034 3984/3984
f 4035/4035 4028/4028 3985/3985
f 3986/3986 4036/4036 3991/3991
f 4037/4037 1822/1822 4012/4012
f 4020/4020 4021/4021 3885/3885
f 4038/4038 4009/4009 3992/3992
f 1912/1912 1911/1911 3978/3978
f 4021/4021 4016/4016 3935/3935
f 4039/4039 4018/4018 4017/4017
f 4038/4038 4040/4040 4009/4009
f 4040/4040 4010/4010 4009/4009
f 4010/4010 4041/4041 4002/4002
f 4041/4041 4042/4042 4002/4002
f 4002/4002 4042/4042 3997/3997
f 4043/4043 4015/4015 3998/3998
f 4007/4007 4044/4044 4019/4019
f 4028/4028 4045/4045 3976/3976
f 4045/4045 3956/3956 3976/3976
f 4037/4037 1904/1904 1822/1822
f 1886/1886 1907/1907 1885/1885
f 4005/4005 4046/4046 4006/4006
f 4046/4046 4027/4027 4006/4006
f 4040/4040 4047/4047 4010/4010
f 4047/4047 4041/4041 4010/4010
f 4015/4015 4048/4048 4011/4011
f 1936/1936 1904/1904 4037/4037
f 1879/1879 1829/1829 1830/1830
f 4049/4049 3943/3943 3993/3993
f 1809/1809 1898/1898 1844/1844
f 3956/3956 4050/4050 3986/3986
f 4050/4050 4036/4036 3986/3986
f 4051/4051 4013/4013 4031/4031
f 4007/4007 4052/4052 4044/4044
f 4052/4052 4053/4053 4044/4044
f 1888/1888 1898/1898 1809/1809
f 1911/1911 4054/4054 4022/4022
f 4054/4054 1861/1861 4022/4022
f 4023/4023 4051/4051 4031/4031
f 4032/4032 4055/4055 4007/4007
f 4055/4055 4052/4052 4007/4007
f 4049/4049 4056/4056 3943/3943
f 4024/4024 4057/4057 4003/4003
f 4057/4057 4014/4014 4003/4003
f 4056/4056 4020/4020 3943/3943
f 4033/4033 4058/4058 4005/4005
f 4058/4058 4046/4046 4005/4005
f 4045/4045 4059/4059 3956/3956
f 4059/4059 4050/4050 3956/3956
f 1913/1913 4054/4054 1911/1911
f 2008/2008 3698/3698 4018/4018
f 4057/4057 4060/4060 4014/4014
f 4043/4043 4061/4061 4015/4015
f 4061/4061 4048/4048 4015/4015
f 4054/4054 1926/1926 1861/1861
f 4062/4062 4063/4063 3583/3583
f 4063/4063 3571/3571 3583/3583
f 4030/4030 4049/4049 3993/3993
f 4035/4035 4064/4064 4028/4028
f 4064/4064 4045/4045 4028/4028
f 4020/4020 4065/4065 4021/4021
f 4021/4021 4066/4066 4016/4016
f 4067/4067 4032/4032 3988/3988
f 4068/4068 4047/4047 4040/4040
f 4047/4047 4069/4069 4041/4041
f 4069/4069 4042/4042 4041/4041
f 4070/4070 3527/3527 4016/4016
f 4039/4039 2008/2008 4018/4018
f 4063/4063 4071/4071 3571/3571
f 4071/4071 4030/4030 3571/3571
f 4026/4026 4072/4072 4024/4024
f 4072/4072 4057/4057 4024/4024
f 4066/4066 4070/4070 4016/4016
f 3698/3698 4029/4029 3667/3667
f 4023/4023 4073/4073 4051/4051
f 4073/4073 4013/4013 4051/4051
f 1936/1936 1950/1950 1904/1904
f 4065/4065 4074/4074 4021/4021
f 4074/4074 4066/4066 4021/4021
f 4070/4070 4075/4075 3527/3527
f 4064/4064 4076/4076 4045/4045
f 4076/4076 4059/4059 4045/4045
f 1938/1938 1950/1950 1936/1936
f 4076/4076 4077/4077 4059/4059
f 4056/4056 4065/4065 4020/4020
f 4077/4077 4050/4050 4059/4059
f 4073/4073 4078/4078 4013/4013
f 4067/4067 4079/4079 4032/4032
f 4079/4079 4055/4055 4032/4032
f 4055/4055 4080/4080 4052/4052
f 4080/4080 4053/4053 4052/4052
f 4057/4057 4081/4081 4060/4060
f 4082/4082 4083/4083 4084/4084
f 4083/4083 4085/4085 4084/4084
f 4050/4050 4086/4086 4036/4036
f 4038/4038 4068/4068 4040/4040
f 4061/4061 4087/4087 4048/4048
f 4080/4080 4088/4088 4053/4053
f 4046/4046 4089/4089 4027/4027
f 4089/4089 4090/4090 4027/4027
f 4027/4027 4090/4090 4034/4034
f 4091/4091 4064/4064 4035/4035
f 4068/4068 4092/4092 4047/4047
f 4092/4092 4069/4069 4047/4047
f 4069/4069 4093/4093 4042/4042
f 4094/4094 4061/4061 4043/4043
f 1913/1913 1975/1975 4054/4054
f 1975/1975 1926/1926 4054/4054
f 2008/2008 2007/2007 3698/3698
f 2007/2007 4029/4029 3698/3698
f 4078/4078 4095/4095 4025/4025
f 4078/4078 4025/4025 4013/4013
f 4096/4096 4072/4072 4026/4026
f 4079/4079 4097/4097 4055/4055
f 4097/4097 4080/4080 4055/4055
f 1975/1975 1966/1966 1926/1926
f 1970/1970 1889/1889 1950/1950
f 4091/4091 4098/4098 4064/4064
f 4098/4098 4076/4076 4064/4064
f 4099/4099 4074/4074 4065/4065
f 4100/4100 4068/4068 4038/4038
f 1974/1974 1975/1975 1913/1913
f 4101/4101 4102/4102 4058/4058
f 4101/4101 4058/4058 4033/4033
f 4102/4102 4103/4103 4046/4046
f 4102/4102 4046/4046 4058/4058
f 4103/4103 4089/4089 4046/4046
f 4092/4092 4104/4104 4069/4069
f 4104/4104 4093/4093 4069/4069
f 4105/4105 4075/4075 4070/4070
f 4106/4106 4078/4078 4073/4073
f 4072/4072 4107/4107 4057/4057
f 4107/4107 4081/4081 4057/4057
f 4061/4061 4108/4108 4087/4087
f 2007/2007 4109/4109 4029/4029
f 4110/4110 4111/4111 4039/4039
f 4039/4039 4111/4111 2008/2008
f 4096/4096 4107/4107 4072/4072
f 4061/4061 4112/4112 4108/4108
f 4066/4066 4105/4105 4070/4070
f 4113/4113 4063/4063 4062/4062
f 4114/4114 4079/4079 4067/4067
f 4049/4049 4115/4115 4056/4056
f 4100/4100 4116/4116 4068/4068
f 4116/4116 4117/4117 4068/4068
f 4068/4068 4117/4117 4092/4092
f 4117/4117 4104/4104 4092/4092
f 4094/4094 4112/4112 4061/4061
f 1975/1975 4118/4118 1967/1967
f 4111/4111 2009/2009 2008/2008
f 4071/4071 4049/4049 4030/4030
f 4106/4106 4119/4119 4078/4078
f 4119/4119 4095/4095 4078/4078
f 4056/4056 4115/4115 4065/4065
f 1981/1981 4120/4120 1974/1974
f 4120/4120 4121/4121 1974/1974
f 1974/1974 4121/4121 1975/1975
f 4121/4121 4118/4118 1975/1975
f 4074/4074 4122/4122 4066/4066
f 4122/4122 4105/4105 4066/4066
f 2002/2002 1949/1949 2086/2086
f 4123/4123 4086/4086 4124/4124
f 4125/4125 4073/4073 4023/4023
f 4101/4101 4126/4126 4102/4102
f 4126/4126 4103/4103 4102/4102
f 4076/4076 4127/4127 4077/4077
f 4127/4127 4124/4124 4077/4077
f 4100/4100 4128/4128 4116/4116
f 4099/4099 4129/4129 4074/4074
f 4129/4129 4122/4122 4074/4074
f 4097/4097 4130/4130 4080/4080
f 2035/2035 2027/2027 1996/1996
f 4126/4126 4131/4131 4103/4103
f 4131/4131 4132/4132 4103/4103
f 4103/4103 4132/4132 4089/4089
f 4132/4132 4090/4090 4089/4089
f 4091/4091 4133/4133 4098/4098
f 4133/4133 4076/4076 4098/4098
f 4127/4127 4123/4123 4124/4124
f 4116/4116 4134/4134 4117/4117
f 4134/4134 4104/4104 4117/4117
f 4104/4104 4135/4135 4093/4093
f 4136/4136 4112/4112 4094/4094
f 4073/4073 4137/4137 4106/4106
f 2025/2025 2047/2047 2021/2021
f 4134/4134 4138/4138 4104/4104
f 4138/4138 4135/4135 4104/4104
f 4119/4119 4139/4139 4095/4095
f 4140/4140 4107/4107 4096/4096
f 4107/4107 4141/4141 4081/4081
f 4142/4142 4099/4099 4065/4065
f 4136/4136 4143/4143 4112/4112
f 4143/4143 4108/4108 4112/4112
f 1981/1981 4144/4144 4120/4120
f 4144/4144 4121/4121 4120/4120
f 4145/4145 4111/4111 4110/4110
f 4137/4137 4119/4119 4106/4106
f 4114/4114 4146/4146 4079/4079
f 4146/4146 4097/4097 4079/4079
f 4140/4140 4141/4141 4107/4107
f 4049/4049 4147/4147 4115/4115
f 4133/4133 4148/4148 4076/4076
f 4148/4148 4127/4127 4076/4076
f 4115/4115 4142/4142 4065/4065
f 4128/4128 4134/4134 4116/4116
f 4125/4125 4149/4149 4073/4073
f 4149/4149 4137/4137 4073/4073
f 4146/4146 4150/4150 4097/4097
f 4150/4150 4130/4130 4097/4097
f 4132/4132 4151/4151 4090/4090
f 4152/4152 4133/4133 4091/4091
f 2086/2086 2059/2059 2002/2002
f 4143/4143 4153/4153 4108/4108
f 4154/4154 4146/4146 4114/4114
f 4121/4121 4155/4155 4118/4118
f 4156/4156 4144/4144 1981/1981
f 4142/4142 4129/4129 4099/4099
f 4144/4144 4157/4157 4121/4121
f 4157/4157 4155/4155 4121/4121
f 4122/4122 4158/4158 4105/4105
f 4158/4158 4075/4075 4105/4105
f 4127/4127 4159/4159 4123/4123
f 4134/4134 4160/4160 4138/4138
f 4160/4160 4135/4135 4138/4138
f 4147/4147 4161/4161 4115/4115
f 4131/4131 4162/4162 4132/4132
f 4162/4162 4151/4151 4132/4132
f 4152/4152 4163/4163 4133/4133
f 4163/4163 4164/4164 4133/4133
f 4133/4133 4164/4164 4148/4148
f 4164/4164 4127/4127 4148/4148
f 4165/4165 4153/4153 4143/4143
f 2096/2096 4109/4109 2007/2007
f 4071/4071 4147/4147 4049/4049
f 4146/4146 4166/4166 4150/4150
f 4166/4166 4130/4130 4150/4150
f 2074/2074 2093/2093 2058/2058
f 4101/4101 4167/4167 4126/4126
f 4167/4167 4131/4131 4126/4126
f 4168/4168 4063/4063 4113/4113
f 4145/4145 4169/4169 4111/4111
f 4169/4169 2009/2009 4111/4111
f 4125/4125 4170/4170 4149/4149
f 4170/4170 4137/4137 4149/4149
f 4171/4171 4119/4119 4137/4137
f 4119/4119 4172/4172 4139/4139
f 4166/4166 4173/4173 4130/4130
f 4174/4174 4128/4128 4100/4100
f 4071/4071 4175/4175 4147/4147
f 4154/4154 4176/4176 4146/4146
f 4176/4176 4166/4166 4146/4146
f 4177/4177 4141/4141 4140/4140
f 4174/4174 4178/4178 4128/4128
f 4136/4136 4165/4165 4143/4143
f 4129/4129 4179/4179 4122/4122
f 4168/4168 4180/4180 4063/4063
f 4180/4180 4071/4071 4063/4063
f 4181/4181 4167/4167 4101/4101
f 4161/4161 4142/4142 4115/4115
f 4178/4178 4182/4182 4128/4128
f 4128/4128 4182/4182 4134/4134
f 4182/4182 4160/4160 4134/4134
f 4156/4156 4183/4183 4144/4144
f 4183/4183 4157/4157 4144/4144
f 4170/4170 4171/4171 4137/4137
f 4171/4171 4184/4184 4119/4119
f 4184/4184 4172/4172 4119/4119
f 4147/4147 4185/4185 4161/4161
f 4177/4177 4186/4186 4141/4141
f 4167/4167 4187/4187 4131/4131
f 4187/4187 4162/4162 4131/4131
f 4162/4162 4188/4188 4151/4151
f 4189/4189 4163/4163 4152/4152
f 4164/4164 4190/4190 4127/4127
f 4190/4190 4191/4191 4127/4127
f 4127/4127 4191/4191 4159/4159
f 4160/4160 4192/4192 4135/4135
f 4193/4193 4165/4165 4136/4136
f 4194/4194 4175/4175 4071/4071
f 4165/4165 4195/4195 4153/4153
f 4169/4169 2096/2096 2009/2009
f 4175/4175 4196/4196 4147/4147
f 4196/4196 4185/4185 4147/4147
f 4142/4142 4179/4179 4129/4129
f 4197/4197 4178/4178 4174/4174
f 4180/4180 4194/4194 4071/4071
f 4182/4182 4198/4198 4160/4160
f 4198/4198 4192/4192 4160/4160
f 4199/4199 4183/4183 4156/4156
f 4189/4189 4200/4200 4163/4163
f 4163/4163 4200/4200 4164/4164
f 4200/4200 4190/4190 4164/4164
f 4197/4197 4201/4201 4178/4178
f 4157/4157 4202/4202 4155/4155
f 2096/2096 2329/2329 4109/4109
f 4203/4203 4169/4169 4145/4145
f 4184/4184 4204/4204 4172/4172
f 4205/4205 4206/4206 4177/4177
f 4177/4177 4206/4206 4186/4186
f 4206/4206 4207/4207 4186/4186
f 4187/4187 4208/4208 4162/4162
f 4208/4208 4209/4209 4162/4162
f 4162/4162 4209/4209 4188/4188
f 4201/4201 4182/4182 4178/4178
f 4210/4210 4176/4176 4154/4154
f 4201/4201 4198/4198 4182/4182
f 4183/4183 4211/4211 4157/4157
f 4211/4211 4202/4202 4157/4157
f 4171/4171 4212/4212 4184/4184
f 4212/4212 4204/4204 4184/4184
f 4200/4200 4213/4213 4190/4190
f 4213/4213 4191/4191 4190/4190
f 4199/4199 4214/4214 4183/4183
f 4214/4214 4211/4211 4183/4183
f 4193/4193 4215/4215 4165/4165
f 4215/4215 4195/4195 4165/4165
f 4215/4215 4216/4216 4195/4195
f 4213/4213 4217/4217 4191/4191
f 2157/2157 2187/2187 2126/2126
f 4218/4218 4167/4167 4181/4181
f 4167/4167 4219/4219 4187/4187
f 4219/4219 4208/4208 4187/4187
f 2170/2170 2158/2158 2144/2144
f 4220/4220 4170/4170 4125/4125
f 4206/4206 4221/4221 4207/4207
f 4222/4222 4223/4223 4189/4189
f 4223/4223 4200/4200 4189/4189
f 2170/2170 4224/4224 2158/2158
f 4198/4198 4225/4225 4192/4192
f 4226/4226 4215/4215 4193/4193
f 4227/4227 4228/4228 4179/4179
f 4228/4228 4122/4122 4179/4179
f 4228/4228 4158/4158 4122/4122
f 4158/4158 4229/4229 4075/4075
f 4223/4223 4230/4230 4200/4200
f 4230/4230 4213/4213 4200/4200
f 4161/4161 4231/4231 4142/4142
f 4232/4232 4233/4233 4201/4201
f 4232/4232 4201/4201 4197/4197
f 4201/4201 4234/4234 4198/4198
f 4234/4234 4225/4225 4198/4198
f 4166/4166 4235/4235 4173/4173
f 4224/4224 2170/2170 2214/2214
f 4231/4231 4227/4227 4142/4142
f 4233/4233 4234/4234 4201/4201
f 4142/4142 4227/4227 4179/4179
f 4170/4170 4236/4236 4171/4171
f 4236/4236 4212/4212 4171/4171
f 4218/4218 4237/4237 4167/4167
f 4237/4237 4219/4219 4167/4167
f 4185/4185 4231/4231 4161/4161
f 4220/4220 4236/4236 4170/4170
f 4212/4212 4238/4238 4204/4204
f 4205/4205 4239/4239 4206/4206
f 4239/4239 4221/4221 4206/4206
f 2187/2187 2199/2199 2205/2205
f 4240/4240 4228/4228 4227/4227
f 4219/4219 4241/4241 4208/4208
f 4241/4241 4209/4209 4208/4208
f 4242/4242 4225/4225 4234/4234
f 4217/4217 4243/4243 4191/4191
f 4233/4233 4244/4244 4234/4234
f 4244/4244 4242/4242 4234/4234
f 4199/4199 4245/4245 4214/4214
f 4245/4245 4246/4246 4214/4214
f 4214/4214 4246/4246 4211/4211
f 4246/4246 4202/4202 4211/4211
f 4169/4169 2329/2329 2096/2096
f 4196/4196 4247/4247 4185/4185
f 4215/4215 4248/4248 4216/4216
f 4176/4176 4249/4249 4166/4166
f 4249/4249 4235/4235 4166/4166
f 4241/4241 4250/4250 4209/4209
f 4251/4251 4223/4223 4222/4222
f 4236/4236 4252/4252 4212/4212
f 4252/4252 4238/4238 4212/4212
f 4253/4253 4176/4176 4210/4210
f 4247/4247 4231/4231 4185/4185
f 4232/4232 4254/4254 4233/4233
f 4226/4226 4255/4255 4215/4215
f 4255/4255 4248/4248 4215/4215
f 4246/4246 4256/4256 4202/4202
f 4252/4252 4257/4257 4238/4238
f 4258/4258 4259/4259 4221/4221
f 4258/4258 4221/4221 4239/4239
f 4230/4230 4217/4217 4213/4213
f 4228/4228 4229/4229 4158/4158
f 4247/4247 4260/4260 4231/4231
f 4254/4254 4244/4244 4233/4233
f 4194/4194 4261/4261 4175/4175
f 4249/4249 4262/4262 4235/4235
f 4237/4237 4241/4241 4219/4219
f 4263/4263 4245/4245 4199/4199
f 4245/4245 4264/4264 4246/4246
f 4264/4264 4256/4256 4246/4246
f 4253/4253 4265/4265 4176/4176
f 4265/4265 4249/4249 4176/4176
f 4255/4255 4266/4266 4248/4248
f 4175/4175 4247/4247 4196/4196
f 4230/4230 4267/4267 4217/4217
f 4267/4267 4243/4243 4217/4217
f 4263/4263 4268/4268 4245/4245
f 4268/4268 4264/4264 4245/4245
f 4269/4269 4240/4240 4227/4227
f 4231/4231 4269/4269 4227/4227
f 4226/4226 4270/4270 4255/4255
f 4240/4240 4271/4271 4228/4228
f 4272/4272 4169/4169 4203/4203
f 4169/4169 2330/2330 2329/2329
f 4273/4273 4237/4237 4218/4218
f 4251/4251 4274/4274 4223/4223
f 4274/4274 4230/4230 4223/4223
f 4236/4236 4275/4275 4252/4252
f 4258/4258 4276/4276 4259/4259
f 4254/4254 4277/4277 4244/4244
f 4277/4277 4278/4278 4242/4242
f 4277/4277 4242/4242 4244/4244
f 4278/4278 4225/4225 4242/4242
f 4279/4279 4270/4270 4226/4226
f 4270/4270 4266/4266 4255/4255
f 4272/4272 2330/2330 4169/4169
f 4275/4275 4280/4280 4252/4252
f 4252/4252 4280/4280 4257/4257
f 4261/4261 4247/4247 4175/4175
f 4260/4260 4269/4269 4231/4231
f 4281/4281 4254/4254 4232/4232
f 4282/4282 4283/4283 4236/4236
f 4282/4282 4236/4236 4220/4220
f 4283/4283 4275/4275 4236/4236
f 4284/4284 4241/4241 4237/4237
f 4281/4281 4285/4285 4254/4254
f 4285/4285 4277/4277 4254/4254
f 4194/4194 4286/4286 4261/4261
f 4287/4287 4247/4247 4261/4261
f 4284/4284 4288/4288 4241/4241
f 4288/4288 4250/4250 4241/4241
f 4274/4274 4267/4267 4230/4230
f 4267/4267 4289/4289 4243/4243
f 4290/4290 4276/4276 4258/4258
f 4270/4270 4291/4291 4266/4266
f 4273/4273 4292/4292 4237/4237
f 4292/4292 4284/4284 4237/4237
f 4274/4274 4293/4293 4267/4267
f 4285/4285 4294/4294 4277/4277
f 4294/4294 4295/4295 4278/4278
f 4294/4294 4278/4278 4277/4277
f 4296/4296 4270/4270 4279/4279
f 4264/4264 4297/4297 4256/4256
f 4286/4286 4287/4287 4261/4261
f 4253/4253 4298/4298 4265/4265
f 4298/4298 4249/4249 4265/4265
f 2249/2249 4299/4299 2252/2252
f 4300/4300 4292/4292 4273/4273
f 4293/4293 4289/4289 4267/4267
f 4301/4301 4294/4294 4285/4285
f 4263/4263 4302/4302 4268/4268
f 4302/4302 4303/4303 4268/4268
f 4268/4268 4303/4303 4264/4264
f 4303/4303 4297/4297 4264/4264
f 4228/4228 4304/4304 4229/4229
f 4305/4305 4280/4280 4275/4275
f 4306/4306 4298/4298 4253/4253
f 4298/4298 4307/4307 4249/4249
f 4307/4307 4308/4308 4262/4262
f 4307/4307 4262/4262 4249/4249
f 4247/4247 4309/4309 4260/4260
f 4251/4251 4310/4310 4274/4274
f 4281/4281 4301/4301 4285/4285
f 4283/4283 4305/4305 4275/4275
f 4305/4305 4311/4311 4280/4280
f 4290/4290 4312/4312 4276/4276
f 4312/4312 4313/4313 4276/4276
f 2321/2321 4299/4299 2249/2249
f 4288/4288 4314/4314 4250/4250
f 4274/4274 4310/4310 4293/4293
f 4296/4296 4315/4315 4270/4270
f 4316/4316 4302/4302 4263/4263
f 4317/4317 4180/4180 4168/4168
f 4180/4180 4318/4318 4194/4194
f 4318/4318 4286/4286 4194/4194
f 4319/4319 4283/4283 4282/4282
f 4320/4320 4312/4312 4290/4290
f 4321/4321 4322/4322 4306/4306
f 4322/4322 4298/4298 4306/4306
f 4310/4310 4323/4323 4293/4293
f 4324/4324 4293/4293 4323/4323
f 4309/4309 4269/4269 4260/4260
f 4325/4325 4301/4301 4281/4281
f 4294/4294 4326/4326 4295/4295
f 4315/4315 4327/4327 4270/4270
f 4327/4327 4291/4291 4270/4270
f 4269/4269 4328/4328 4240/4240
f 4303/4303 4329/4329 4297/4297
f 4320/4320 4330/4330 4312/4312
f 4322/4322 4331/4331 4307/4307
f 4322/4322 4307/4307 4298/4298
f 4331/4331 4308/4308 4307/4307
f 4287/4287 4332/4332 4247/4247
f 4332/4332 4309/4309 4247/4247
f 4333/4333 4323/4323 4310/4310
f 4323/4323 4334/4334 4324/4324
f 4325/4325 4335/4335 4301/4301
f 4301/4301 4335/4335 4294/4294
f 4335/4335 4326/4326 4294/4294
f 4327/4327 4336/4336 4291/4291
f 4302/4302 4337/4337 4303/4303
f 4337/4337 4329/4329 4303/4303
f 4338/4338 4339/4339 4319/4319
f 4319/4319 4339/4339 4283/4283
f 4339/4339 2415/2415 4283/4283
f 4283/4283 2415/2415 4305/4305
f 2415/2415 4340/4340 4305/4305
f 4305/4305 4340/4340 4311/4311
f 4321/4321 4341/4341 4322/4322
f 2314/2314 2367/2367 2313/2313
f 4342/4342 2363/2363 2362/2362
f 4341/4341 4331/4331 4322/4322
f 2306/2306 2371/2371 2347/2347
f 4330/4330 4343/4343 4312/4312
f 2314/2314 2333/2333 2367/2367
f 4312/4312 4343/4343 4313/4313
f 4300/4300 4344/4344 4292/4292
f 4344/4344 4284/4284 4292/4292
f 4284/4284 4345/4345 4288/4288
f 4346/4346 4333/4333 4347/4347
f 4347/4347 4333/4333 4310/4310
f 4333/4333 4334/4334 4323/4323
f 4309/4309 4328/4328 4269/4269
f 4348/4348 4327/4327 4315/4315
f 4349/4349 4302/4302 4316/4316
f 4349/4349 4337/4337 4302/4302
f 4350/4350 4329/4329 4337/4337
f 4328/4328 4271/4271 4240/4240
f 4351/4351 2330/2330 4272/4272
f 4352/4352 4353/4353 4341/4341
f 4341/4341 4353/4353 4331/4331
f 4331/4331 4353/4353 4308/4308
f 4344/4344 4345/4345 4284/4284
f 2340/2340 2354/2354 2455/2455
f 4335/4335 4354/4354 4326/4326
f 4355/4355 4350/4350 4349/4349
f 4349/4349 4350/4350 4337/4337
f 4286/4286 4356/4356 4287/4287
f 4356/4356 4332/4332 4287/4287
f 2406/2406 2359/2359 2358/2358
f 4357/4357 4339/4339 4338/4338
f 2413/2413 2415/2415 4339/4339
f 4358/4358 4359/4359 4330/4330
f 4330/4330 4359/4359 4343/4343
f 4359/4359 4360/4360 4343/4343
f 2451/2451 4299/4299 2321/2321
f 4361/4361 4362/4362 4300/4300
f 4300/4300 4362/4362 4344/4344
f 4362/4362 4345/4345 4344/4344
f 4346/4346 4334/4334 4333/4333
f 4363/4363 4364/4364 4325/4325
f 4364/4364 4335/4335 4325/4325
f 4364/4364 4354/4354 4335/4335
f 4365/4365 4366/4366 4348/4348
f 4348/4348 4366/4366 4327/4327
f 4366/4366 4336/4336 4327/4327
f 2492/2492 2493/2493 4367/4367
f 2492/2492 4367/4367 4368/4368
f 4369/4369 4370/4370 4371/4371
f 4372/4372 2391/2391 2390/2390
f 4372/4372 4373/4373 2391/2391
f 4317/4317 4318/4318 4180/4180
f 2391/2391 4373/4373 2396/2396
f 4374/4374 4375/4375 2403/2403
f 4375/4375 2401/2401 2403/2403
f 2402/2402 2532/2532 2531/2531
f 4375/4375 2414/2414 2413/2413
f 2414/2414 4375/4375 4374/4374
f 4376/4376 4357/4357 4377/4377
f 4376/4376 2413/2413 4339/4339
f 4376/4376 4339/4339 4357/4357
f 4378/4378 4379/4379 4380/4380
f 4379/4379 4381/4381 4380/4380
f 4346/4346 4382/4382 4334/4334
f 4382/4382 4383/4383 4334/4334
f 2469/2469 4384/4384 2470/2470
f 4385/4385 4354/4354 4364/4364
f 4385/4385 4386/4386 4354/4354
f 4385/4385 4387/4387 4386/4386
f 4385/4385 4388/4388 4387/4387
f 4389/4389 4390/4390 4388/4388
f 4391/4391 4392/4392 4393/4393
f 4393/4393 4392/4392 2556/2556
f 2560/2560 2580/2580 2497/2497
f 2497/2497 2580/2580 2515/2515
f 4394/4394 2710/2710 4395/4395
f 4271/4271 4396/4396 4228/4228
f 2710/2710 2640/2640 4395/4395
f 2640/2640 2639/2639 4395/4395
f 4397/4397 4369/4369 4371/4371
f 4369/4369 4398/4398 4370/4370
f 4351/4351 4399/4399 2330/2330
f 2401/2401 4400/4400 2402/2402
f 4400/4400 2602/2602 2402/2402
f 2602/2602 2532/2532 2402/2402
f 4401/4401 2401/2401 4375/4375
f 4402/4402 4403/4403 4404/4404
f 4403/4403 4377/4377 4404/4404
f 2413/2413 4405/4405 4375/4375
f 4376/4376 4405/4405 2413/2413
f 4381/4381 4382/4382 4406/4406
f 4382/4382 4346/4346 4406/4406
f 4407/4407 4383/4383 4382/4382
f 4407/4407 4408/4408 4383/4383
f 2740/2740 4409/4409 4410/4410
f 4411/4411 4412/4412 4413/4413
f 2552/2552 2628/2628 2562/2562
f 4414/4414 4415/4415 4416/4416
f 4415/4415 4417/4417 4416/4416
f 4416/4416 4417/4417 4363/4363
f 4363/4363 4417/4417 4364/4364
f 4417/4417 4385/4385 4364/4364
f 4385/4385 4389/4389 4388/4388
f 4390/4390 4389/4389 4418/4418
f 4418/4418 4419/4419 4420/4420
f 2693/2693 2692/2692 4421/4421
f 4421/4421 2692/2692 4422/4422
f 4423/4423 4392/4392 4391/4391
f 4392/4392 2557/2557 2556/2556
f 4424/4424 4425/4425 2557/2557
f 2557/2557 4425/4425 2559/2559
f 2561/2561 2631/2631 2567/2567
f 2631/2631 2569/2569 2567/2567
f 4426/4426 4427/4427 4428/4428
f 4427/4427 4429/4429 4394/4394
f 4429/4429 2710/2710 4394/4394
f 4396/4396 4304/4304 4228/4228
f 2638/2638 4430/4430 2639/2639
f 2598/2598 2762/2762 2392/2392
f 4431/4431 4432/4432 4369/4369
f 4431/4431 4369/4369 4397/4397
f 4432/4432 4398/4398 4369/4369
f 4398/4398 4433/4433 4370/4370
f 4433/4433 4434/4434 4370/4370
f 4370/4370 4434/4434 4435/4435
f 4434/4434 2526/2526 4435/4435
f 4399/4399 2331/2331 2330/2330
f 4318/4318 4356/4356 4286/4286
f 2602/2602 4436/4436 2530/2530
f 2527/2527 4437/4437 2529/2529
f 4438/4438 4401/4401 4375/4375
f 4401/4401 4439/4439 2401/2401
f 4439/4439 4440/4440 2401/2401
f 4441/4441 4403/4403 4442/4442
f 4442/4442 4403/4403 4402/4402
f 4403/4403 4443/4443 4377/4377
f 4377/4377 4443/4443 4376/4376
f 4443/4443 4444/4444 4376/4376
f 4405/4405 4438/4438 4375/4375
f 4376/4376 4444/4444 4405/4405
f 4445/4445 4446/4446 4379/4379
f 4445/4445 4379/4379 4378/4378
f 4446/4446 4447/4447 4379/4379
f 4379/4379 4447/4447 4381/4381
f 2614/2614 2662/2662 2663/2663
f 4447/4447 4448/4448 4381/4381
f 4448/4448 4449/4449 4381/4381
f 4449/4449 4382/4382 4381/4381
f 4449/4449 4407/4407 4382/4382
f 4407/4407 4450/4450 4408/4408
f 4450/4450 4411/4411 4408/4408
f 4450/4450 4451/4451 4411/4411
f 4409/4409 2746/2746 4410/4410
f 2746/2746 4452/4452 4410/4410
f 4451/4451 4453/4453 4412/4412
f 4451/4451 4412/4412 4411/4411
f 2746/2746 4454/4454 4452/4452
f 4452/4452 4454/4454 4455/4455
f 4454/4454 4456/4456 4455/4455
f 4455/4455 4456/4456 4415/4415
f 4456/4456 4417/4417 4415/4415
f 4417/4417 4457/4457 4385/4385
f 4457/4457 4458/4458 4385/4385
f 4385/4385 4458/4458 4389/4389
f 4458/4458 4459/4459 4389/4389
f 4460/4460 2749/2749 4389/4389
f 4389/4389 2749/2749 4418/4418
f 4461/4461 2694/2694 2693/2693
f 4462/4462 4463/4463 4464/4464
f 4465/4465 4423/4423 4391/4391
f 4423/4423 4466/4466 4392/4392
f 4466/4466 4467/4467 4392/4392
f 4392/4392 4467/4467 2557/2557
f 4467/4467 4424/4424 2557/2557
f 2749/2749 4419/4419 4418/4418
f 4426/4426 4468/4468 4427/4427
f 4468/4468 4429/4429 4427/4427
f 4429/4429 2711/2711 2710/2710
f 2712/2712 2714/2714 2710/2710
f 2710/2710 2714/2714 2640/2640
f 2758/2758 4469/4469 2638/2638
f 2638/2638 4469/4469 4430/4430
f 4432/4432 4470/4470 4398/4398
f 4470/4470 4433/4433 4398/4398
f 2526/2526 4471/4471 2527/2527
f 4471/4471 4472/4472 2527/2527
f 2401/2401 4440/4440 4400/4400
f 4472/4472 4437/4437 2527/2527
f 4438/4438 4439/4439 4401/4401
f 4441/4441 4473/4473 4403/4403
f 4473/4473 4474/4474 4403/4403
f 4474/4474 4443/4443 4403/4403
f 4474/4474 4444/4444 4443/4443
f 4475/4475 4438/4438 4405/4405
f 4476/4476 4446/4446 4445/4445
f 4447/4447 4446/4446 4476/4476
f 4448/4448 4477/4477 4449/4449
f 4477/4477 4450/4450 4407/4407
f 4477/4477 4407/4407 4449/4449
f 2740/2740 2742/2742 4409/4409
f 4478/4478 4451/4451 4479/4479
f 2742/2742 2744/2744 4409/4409
f 4409/4409 2744/2744 2746/2746
f 4451/4451 4480/4480 4453/4453
f 4478/4478 4480/4480 4451/4451
f 2746/2746 2745/2745 4454/4454
f 4454/4454 2745/2745 4456/4456
f 2745/2745 4457/4457 4456/4456
f 4457/4457 4417/4417 4456/4456
f 4459/4459 4460/4460 4389/4389
f 4481/4481 2694/2694 4461/4461
f 4466/4466 4482/4482 4467/4467
f 2749/2749 2751/2751 4419/4419
f 4432/4432 4483/4483 4470/4470
f 4483/4483 4433/4433 4470/4470
f 4434/4434 4471/4471 2526/2526
f 4471/4471 4484/4484 4472/4472
f 4440/4440 4485/4485 4486/4486
f 4440/4440 4486/4486 4400/4400
f 4485/4485 4487/4487 4486/4486
f 4486/4486 4487/4487 4400/4400
f 4400/4400 4488/4488 2602/2602
f 4488/4488 4436/4436 2602/2602
f 4484/4484 4437/4437 4472/4472
f 4475/4475 4489/4489 4438/4438
f 4475/4475 4490/4490 4489/4489
f 4438/4438 4489/4489 4439/4439
f 4491/4491 4492/4492 4493/4493
f 4492/4492 4494/4494 4493/4493
f 4492/4492 4495/4495 4494/4494
f 4492/4492 4496/4496 4495/4495
f 4497/4497 4498/4498 4499/4499
f 4498/4498 4500/4500 4499/4499
f 4500/4500 4501/4501 4499/4499
f 4499/4499 4501/4501 4502/4502
f 4502/4502 4501/4501 4503/4503
f 4501/4501 4504/4504 4503/4503
f 4444/4444 4475/4475 4405/4405
f 4504/4504 4505/4505 4503/4503
f 4504/4504 4506/4506 4505/4505
f 4505/4505 4506/4506 4491/4491
f 4492/4492 4507/4507 4496/4496
f 4507/4507 2789/2789 4496/4496
f 4508/4508 4498/4498 4497/4497
f 4491/4491 4509/4509 4492/4492
f 4509/4509 4507/4507 4492/4492
f 4507/4507 2790/2790 2789/2789
f 4508/4508 4510/4510 4498/4498
f 4498/4498 4510/4510 4500/4500
f 4510/4510 4511/4511 4501/4501
f 4510/4510 4501/4501 4500/4500
f 4511/4511 4504/4504 4501/4501
f 4511/4511 4512/4512 4504/4504
f 4512/4512 4513/4513 4504/4504
f 4513/4513 4506/4506 4504/4504
f 4506/4506 4513/4513 4491/4491
f 4513/4513 4509/4509 4491/4491
f 4509/4509 4514/4514 4507/4507
f 4514/4514 2790/2790 4507/4507
f 4508/4508 4515/4515 4510/4510
f 4515/4515 4516/4516 4510/4510
f 4510/4510 4516/4516 4511/4511
f 4516/4516 4517/4517 4511/4511
f 4511/4511 4517/4517 4512/4512
f 4512/4512 4518/4518 4513/4513
f 4518/4518 4519/4519 4513/4513
f 4519/4519 4509/4509 4513/4513
f 4519/4519 4520/4520 4509/4509
f 4509/4509 4521/4521 4514/4514
f 4521/4521 4522/4522 4514/4514
f 4522/4522 4523/4523 4514/4514
f 4514/4514 4523/4523 2790/2790
f 2720/2720 2718/2718 2717/2717
f 4524/4524 4525/4525 4526/4526
f 2720/2720 2719/2719 2766/2766
f 4517/4517 4527/4527 4512/4512
f 4527/4527 4528/4528 4512/4512
f 2768/2768 2659/2659 2723/2723
f 4528/4528 4518/4518 4512/4512
f 4520/4520 4521/4521 4509/4509
f 4520/4520 4529/4529 4521/4521
f 4530/4530 4531/4531 4520/4520
f 4531/4531 4529/4529 4520/4520
f 4531/4531 4532/4532 4529/4529
f 4533/4533 4531/4531 4530/4530
f 4356/4356 4534/4534 4332/4332
f 4533/4533 4535/4535 4531/4531
f 4531/4531 4536/4536 4532/4532
f 4537/4537 4533/4533 4530/4530
f 4535/4535 4536/4536 4531/4531
f 4537/4537 4538/4538 4533/4533
f 4538/4538 4535/4535 4533/4533
f 4534/4534 4309/4309 4332/4332
f 4535/4535 4539/4539 4536/4536
f 4540/4540 4541/4541 4538/4538
f 4540/4540 4538/4538 4537/4537
f 4541/4541 4535/4535 4538/4538
f 4539/4539 4542/4542 4536/4536
f 4541/4541 4539/4539 4535/4535
f 4534/4534 4328/4328 4309/4309
f 4540/4540 4543/4543 4539/4539
f 4540/4540 4539/4539 4541/4541
f 4450/4450 4479/4479 4451/4451
f 4543/4543 4542/4542 4539/4539
f 4544/4544 4543/4543 4540/4540
f 2797/2797 4545/4545 2687/2687
f 4546/4546 2745/2745 2744/2744
f 4546/4546 4547/4547 2745/2745
f 4544/4544 4548/4548 4543/4543
f 4543/4543 4548/4548 4549/4549
f 4550/4550 4551/4551 4552/4552
f 4547/4547 4458/4458 4457/4457
f 4547/4547 4457/4457 2745/2745
f 4552/4552 4551/4551 4553/4553
f 4551/4551 4554/4554 4553/4553
f 4554/4554 4555/4555 4553/4553
f 4553/4553 4555/4555 4556/4556
f 4556/4556 4555/4555 4557/4557
f 4460/4460 2750/2750 2749/2749
f 4555/4555 4544/4544 4557/4557
f 4548/4548 4558/4558 4549/4549
f 4559/4559 4423/4423 4465/4465
f 4548/4548 4560/4560 4558/4558
f 4558/4558 4560/4560 4561/4561
f 4423/4423 4562/4562 4466/4466
f 4560/4560 2801/2801 2798/2798
f 4560/4560 2798/2798 4561/4561
f 2801/2801 2799/2799 2798/2798
f 4562/4562 4482/4482 4466/4466
f 4563/4563 4554/4554 4551/4551
f 4555/4555 4564/4564 4544/4544
f 4564/4564 4565/4565 4544/4544
f 4565/4565 4548/4548 4544/4544
f 4565/4565 4560/4560 4548/4548
f 4566/4566 4554/4554 4563/4563
f 4565/4565 4567/4567 4560/4560
f 4568/4568 4569/4569 4550/4550
f 4550/4550 4569/4569 4551/4551
f 4569/4569 4563/4563 4551/4551
f 4569/4569 4566/4566 4563/4563
f 4566/4566 4570/4570 4554/4554
f 4554/4554 4570/4570 4555/4555
f 4570/4570 4564/4564 4555/4555
f 4564/4564 4567/4567 4565/4565
f 4567/4567 2802/2802 4560/4560
f 2802/2802 2801/2801 4560/4560
f 4571/4571 4572/4572 4568/4568
f 4568/4568 4572/4572 4569/4569
f 4570/4570 4567/4567 4564/4564
f 4569/4569 4573/4573 4566/4566
f 4566/4566 4573/4573 4570/4570
f 4573/4573 4574/4574 4570/4570
f 4570/4570 4574/4574 4567/4567
f 4574/4574 4575/4575 4567/4567
f 4575/4575 2802/2802 4567/4567
f 4576/4576 4572/4572 4571/4571
f 4577/4577 4578/4578 4569/4569
f 4577/4577 4569/4569 4572/4572
f 4578/4578 4579/4579 4569/4569
f 4569/4569 4579/4579 4573/4573
f 4579/4579 4580/4580 4573/4573
f 4580/4580 4574/4574 4573/4573
f 4580/4580 4581/4581 4574/4574
f 4581/4581 4575/4575 4574/4574
f 4581/4581 4582/4582 4575/4575
f 4582/4582 2802/2802 4575/4575
f 4582/4582 2825/2825 2802/2802
f 4534/4534 4271/4271 4328/4328
f 4576/4576 4583/4583 4572/4572
f 4584/4584 4429/4429 4468/4468
f 4583/4583 4577/4577 4572/4572
f 4584/4584 2711/2711 4429/4429
f 4583/4583 4585/4585 4577/4577
f 4576/4576 4586/4586 4583/4583
f 4586/4586 4585/4585 4583/4583
f 4587/4587 4576/4576 4588/4588
f 2782/2782 2783/2783 2712/2712
f 4587/4587 4589/4589 4586/4586
f 4587/4587 4586/4586 4576/4576
f 2783/2783 2714/2714 2712/2712
f 2757/2757 2781/2781 2713/2713
f 2784/2784 2785/2785 2714/2714
f 2785/2785 4469/4469 2758/2758
f 2808/2808 4590/4590 2809/2809
f 4591/4591 4592/4592 2834/2834
f 2759/2759 2833/2833 2757/2757
f 4592/4592 2808/2808 2834/2834
f 4592/4592 4590/4590 2808/2808
f 4593/4593 4594/4594 4431/4431
f 4594/4594 4432/4432 4431/4431
f 4483/4483 4595/4595 4433/4433
f 4595/4595 4596/4596 4434/4434
f 4595/4595 4434/4434 4433/4433
f 4434/4434 4596/4596 4471/4471
f 4597/4597 4318/4318 4317/4317
f 4598/4598 4599/4599 4600/4600
f 4487/4487 4601/4601 4400/4400
f 4601/4601 4488/4488 4400/4400
f 4602/4602 4437/4437 4484/4484
f 4496/4496 2789/2789 2815/2815
f 2789/2789 2791/2791 2815/2815
f 4602/4602 4603/4603 4437/4437
f 4604/4604 4524/4524 4605/4605
f 2790/2790 2817/2817 2791/2791
f 2792/2792 2775/2775 2819/2819
f 4524/4524 4604/4604 4525/4525
f 4606/4606 2618/2618 2718/2718
f 2730/2730 2618/2618 4606/4606
f 2742/2742 4607/4607 2744/2744
f 4607/4607 4546/4546 2744/2744
f 4608/4608 4609/4609 4550/4550
f 4610/4610 4482/4482 4562/4562
f 4609/4609 4568/4568 4550/4550
f 2799/2799 2824/2824 2800/2800
f 4609/4609 4611/4611 4568/4568
f 4568/4568 4611/4611 4571/4571
f 2802/2802 2825/2825 2799/2799
f 2825/2825 2824/2824 2799/2799
f 4612/4612 2806/2806 4613/4613
f 4613/4613 2806/2806 2805/2805
f 2804/2804 4614/4614 2784/2784
f 2784/2784 4614/4614 2785/2785
f 4615/4615 4616/4616 4594/4594
f 4615/4615 4594/4594 4593/4593
f 4594/4594 4616/4616 4432/4432
f 4616/4616 4483/4483 4432/4432
f 4616/4616 4617/4617 4483/4483
f 4617/4617 4595/4595 4483/4483
f 4618/4618 4600/4600 4619/4619
f 4620/4620 4618/4618 4621/4621
f 4622/4622 4399/4399 4351/4351
f 4399/4399 4623/4623 2331/2331
f 4618/4618 4598/4598 4600/4600
f 4620/4620 4598/4598 4618/4618
f 4620/4620 4605/4605 4598/4598
f 4624/4624 4605/4605 4620/4620
f 4598/4598 4605/4605 4599/4599
f 4601/4601 4625/4625 4488/4488
f 4626/4626 4627/4627 4628/4628
f 4625/4625 4629/4629 4488/4488
f 4627/4627 4630/4630 4628/4628
f 4628/4628 4630/4630 4631/4631
f 2791/2791 2818/2818 4632/4632
f 2791/2791 4632/4632 2816/2816
f 2818/2818 4626/4626 4632/4632
f 2818/2818 4633/4633 4626/4626
f 4633/4633 4634/4634 4627/4627
f 4633/4633 4627/4627 4626/4626
f 4634/4634 4635/4635 4627/4627
f 4627/4627 4635/4635 4630/4630
f 4636/4636 4637/4637 4624/4624
f 4637/4637 4604/4604 4605/4605
f 4637/4637 4605/4605 4624/4624
f 2817/2817 4633/4633 2818/2818
f 4638/4638 4633/4633 2817/2817
f 4634/4634 4639/4639 4635/4635
f 4640/4640 4604/4604 4637/4637
f 4638/4638 4641/4641 4633/4633
f 4641/4641 4634/4634 4633/4633
f 2794/2794 2820/2820 2774/2774
f 4641/4641 4642/4642 4634/4634
f 4642/4642 4643/4643 4639/4639
f 4642/4642 4639/4639 4634/4634
f 4638/4638 4644/4644 4641/4641
f 4644/4644 4642/4642 4641/4641
f 4645/4645 4646/4646 4638/4638
f 4646/4646 4644/4644 4638/4638
f 4642/4642 4647/4647 4643/4643
f 4648/4648 4646/4646 4645/4645
f 4644/4644 4649/4649 4642/4642
f 4649/4649 4647/4647 4642/4642
f 2795/2795 4650/4650 2776/2776
f 4644/4644 4651/4651 4649/4649
f 4651/4651 4647/4647 4649/4649
f 4652/4652 2823/2823 4646/4646
f 2823/2823 4644/4644 4646/4646
f 4651/4651 4653/4653 4647/4647
f 2823/2823 4654/4654 4644/4644
f 4654/4654 4651/4651 4644/4644
f 4655/4655 4608/4608 4656/4656
f 2822/2822 4654/4654 2823/2823
f 4654/4654 4657/4657 4651/4651
f 4657/4657 4653/4653 4651/4651
f 4655/4655 4609/4609 4608/4608
f 2824/2824 4654/4654 2822/2822
f 4657/4657 4658/4658 4653/4653
f 4659/4659 4660/4660 4655/4655
f 4660/4660 4609/4609 4655/4655
f 4660/4660 4611/4611 4609/4609
f 2824/2824 4657/4657 4654/4654
f 2826/2826 4661/4661 4657/4657
f 2826/2826 4657/4657 2824/2824
f 4661/4661 4662/4662 4657/4657
f 4657/4657 4662/4662 4658/4658
f 4612/4612 4663/4663 2806/2806
f 4664/4664 4611/4611 4660/4660
f 4663/4663 4665/4665 2806/2806
f 4665/4665 2830/2830 2806/2806
f 2830/2830 4666/4666 4614/4614
f 2830/2830 4614/4614 2804/2804
f 4666/4666 4667/4667 4614/4614
f 2757/2757 2831/2831 2781/2781
f 4668/4668 4617/4617 4616/4616
f 4669/4669 2858/2858 2860/2860
f 2859/2859 4620/4620 4621/4621
f 2858/2858 4620/4620 2859/2859
f 4670/4670 4399/4399 4622/4622
f 4597/4597 4671/4671 4318/4318
f 4669/4669 4624/4624 2858/2858
f 4624/4624 4620/4620 2858/2858
f 4636/4636 4624/4624 4669/4669
f 4671/4671 4356/4356 4318/4318
f 4672/4672 4625/4625 4601/4601
f 4632/4632 4626/4626 4628/4628
f 4356/4356 4673/4673 4534/4534
f 4673/4673 4674/4674 4534/4534
f 4659/4659 2872/2872 4660/4660
f 2872/2872 4664/4664 4660/4660
f 2873/2873 2872/2872 4659/4659
f 2872/2872 4675/4675 4664/4664
f 4675/4675 4676/4676 4664/4664
f 4677/4677 2830/2830 4665/4665
f 4677/4677 4666/4666 2830/2830
f 4677/4677 4678/4678 4666/4666
f 4666/4666 4678/4678 4667/4667
f 4679/4679 4680/4680 2873/2873
f 4678/4678 4681/4681 4667/4667
f 4615/4615 4668/4668 4616/4616
f 4670/4670 4623/4623 4399/4399
f 4682/4682 4683/4683 4684/4684
f 4684/4684 4683/4683 4685/4685
f 4686/4686 4671/4671 4597/4597
f 4687/4687 4688/4688 4682/4682
f 4682/4682 4688/4688 4683/4683
f 4689/4689 4671/4671 4686/4686
f 4690/4690 4691/4691 4682/4682
f 4690/4690 4682/4682 4684/4684
f 4691/4691 4687/4687 4682/4682
f 4692/4692 4693/4693 4690/4690
f 4693/4693 4691/4691 4690/4690
f 4687/4687 4694/4694 4688/4688
f 2841/2841 2863/2863 2839/2839
f 4691/4691 4694/4694 4687/4687
f 4695/4695 4691/4691 4693/4693
f 4695/4695 4696/4696 4691/4691
f 4696/4696 4694/4694 4691/4691
f 4697/4697 4696/4696 4695/4695
f 4696/4696 4698/4698 4694/4694
f 4698/4698 4688/4688 4694/4694
f 4698/4698 4699/4699 4688/4688
f 4671/4671 4673/4673 4356/4356
f 4700/4700 4673/4673 4689/4689
f 4689/4689 4673/4673 4671/4671
f 4701/4701 4699/4699 4698/4698
f 4702/4702 4696/4696 4697/4697
f 4702/4702 4703/4703 4696/4696
f 4703/4703 4701/4701 4696/4696
f 4696/4696 4701/4701 4698/4698
f 4700/4700 4674/4674 4673/4673
f 4704/4704 4705/4705 4702/4702
f 4702/4702 4705/4705 4703/4703
f 4705/4705 4701/4701 4703/4703
f 4705/4705 4706/4706 4701/4701
f 4706/4706 4707/4707 4701/4701
f 4707/4707 4699/4699 4701/4701
f 4708/4708 4705/4705 4704/4704
f 2850/2850 2846/2846 2847/2847
f 4709/4709 4710/4710 4708/4708
f 4710/4710 4705/4705 4708/4708
f 4674/4674 4271/4271 4534/4534
f 4711/4711 4710/4710 4709/4709
f 4710/4710 4712/4712 4705/4705
f 4712/4712 4706/4706 4705/4705
f 4707/4707 4713/4713 4699/4699
f 4713/4713 4714/4714 4699/4699
f 4706/4706 4713/4713 4707/4707
f 4711/4711 4715/4715 4710/4710
f 4715/4715 4712/4712 4710/4710
f 4674/4674 4396/4396 4271/4271
f 4713/4713 4716/4716 4714/4714
f 4717/4717 4718/4718 4715/4715
f 4715/4715 4718/4718 4712/4712
f 4718/4718 4706/4706 4712/4712
f 4706/4706 4719/4719 4713/4713
f 4719/4719 4716/4716 4713/4713
f 2872/2872 2874/2874 4675/4675
f 4717/4717 4720/4720 4718/4718
f 4718/4718 4720/4720 4706/4706
f 4720/4720 4719/4719 4706/4706
f 4721/4721 4719/4719 4720/4720
f 2856/2856 2294/2294 4722/4722
f 4719/4719 4723/4723 4716/4716
f 2873/2873 4680/4680 2874/2874
# Vertices: 4723, normals: 0, texture coordinates: 4723, faces: 6318

