# File generated by ImageToStl.com - Free Image and 3D model conversion tools

mtllib object_0 (1).mtl

o obj1
v -0.25571501 0.0342174 0.17502774
v -0.25588134 0.0375924 0.17842115
v -0.26368806 0.03865839 0.17738773
v -0.26725185 0.03674622 0.17652112
v -0.26709387 0.03465097 0.1752162
v -0.26754609 0.05254652 -0.02318305
v -0.2650795 0.05235736 -0.0137367
v -0.26459935 0.05999726 -0.01711901
v -0.26469654 0.05527652 -0.01430998
v -0.26428264 0.06030655 -0.03004053
v -0.26511836 0.05273927 -0.03087026
v -0.26398948 0.05555006 -0.03217087
v -0.2645779 0.06287438 -0.02281526
v -0.24341038 0.32504532 -0.29483002
v -0.23965412 0.3316671 -0.2860373
v -0.2537232 0.32903883 -0.28423238
v -0.23652618 0.3275156 -0.29631078
v -0.23854645 0.32932004 -0.29185262
v -0.24150278 0.3332406 -0.27863294
v -0.251627 0.32840729 -0.27574411
v -0.24875776 0.33188072 -0.27400941
v -0.23303886 0.33191237 -0.28114447
v -0.23277342 0.3291328 -0.29329813
v -0.23609646 0.33617395 -0.27585214
v -0.24223582 0.33266097 -0.27257776
v -0.24494967 0.31775472 -0.29796943
v -0.24868169 0.32140708 -0.29721323
v -0.23101158 0.3335788 -0.28707424
v -0.23983034 0.32056737 -0.29745194
v -0.25362134 0.32466486 -0.29165602
v -0.25185433 0.32524857 -0.29518554
v -0.24868169 0.32140708 -0.29721323
v -0.25362134 0.32466486 -0.29165602
v -0.23546675 0.30983892 -0.28518102
v -0.24363662 0.30317739 -0.28220615
v -0.23593567 0.305453 -0.281416
v -0.19002001 0.02139047 0.20632586
v -0.19349165 0.02387893 0.20800492
v -0.19647422 0.01924275 0.20469049
v -0.20543011 0.02984406 0.20517807
v -0.22173055 0.02827139 0.19222927
v -0.22388315 0.02620122 0.18921429
v -0.22086443 0.02662399 0.19499305
v -0.22453168 0.01119688 0.19792169
v -0.21614918 0.01289724 0.20323728
v -0.21918744 0.02173387 0.19308178
v -0.21187709 0.0241713 0.20138362
v -0.20933676 0.01604583 0.20397976
v -0.22353478 0.01845749 0.18952756
v -0.21918744 0.02173387 0.19308178
v -0.21831682 0.02350615 0.19514111
v -0.21187709 0.0241713 0.20138362
v -0.21919192 0.02834859 0.2013299
v -0.21614918 0.01289724 0.20323728
v -0.21393847 0.03115853 0.20217225
v -0.21904652 0.01013638 0.20208545
v -0.22434241 0.02295454 0.18605131
v -0.21919192 0.02834859 0.2013299
v -0.21614918 0.01289724 0.20323728
v -0.22353478 0.01845749 0.18952756
v -0.22707067 0.21840301 -0.24993995
v -0.21745472 0.22262757 -0.24555816
v -0.22381526 0.22709751 -0.25109893
v -0.06375257 0.00264332 0.21223983
v -0.05676867 0.00544695 0.21135893
v -0.06935062 0.00634506 0.20992295
v -0.06254631 0.01805511 0.19799626
v -0.06743181 0.01552521 0.20566443
v -0.04076639 -0.01028659 0.22275268
v -0.0361932 -0.00048953 0.21542165
v -0.03773578 0.00467769 0.21297476
v -0.0617637 -0.0073794 0.22016999
v 0.0672432 0.00578053 0.20596659
v 0.05757328 -0.00074199 0.21871307
v 0.06489772 -0.00407246 0.2164489
v -0.02331826 0.01098179 0.20657599
v -0.01038739 0.01881369 0.20149043
v -0.04887404 0.0192217 0.19881521
v 0.01105533 0.01808845 0.20288976
v 0.00457218 0.00231534 0.2159048
v -0.01928692 -0.00338506 0.21765324
v -0.001854 0.01858585 0.20257588
v 0.01855247 0.02020461 0.2004807
v 0.04331736 0.02002774 0.20158251
v 0.02285974 0.01115385 0.20527738
v 0.04226669 0.00511138 0.21373332
v 0.0182689 0.01690308 0.20332441
v 0.05728045 0.0187124 0.20142232
v 0.01105533 0.01808845 0.20288976
v -0.001854 0.01858585 0.20257588
v -0.01038739 0.01881369 0.20149043
v 0.01855247 0.02020461 0.2004807
v 0.02209803 0.01471755 0.20425066
v 0.02285974 0.01115385 0.20527738
v 0.06495807 0.01647163 0.20288646
v 0.02590944 -0.00395161 0.22090437
v 0.0183501 0.00555939 0.21092553
v 0.02209803 0.01471755 0.20425066
v -0.06513841 -0.00386206 0.21543761
v 0.00622388 -0.01085038 0.22363105
v -0.06976617 0.01163962 0.20809695
v -0.06935062 0.00634506 0.20992295
v -0.06743181 0.01552521 0.20566443
v 0.06876785 0.01215581 0.20420112
v 0.19390391 0.02433003 0.17805177
v 0.19348769 0.0281103 0.17756966
v 0.19197467 0.01975407 0.18357874
v 0.17247081 0.02363839 0.19581516
v 0.18147285 0.03145349 0.20121045
v 0.16972449 0.02809918 0.20491506
v 0.18687008 0.01428915 0.19201414
v 0.18285242 0.02599225 0.18678167
v 0.1807311 0.0213066 0.19153699
v 0.19099973 0.03058003 0.18899773
v 0.18285242 0.02599225 0.18678167
v 0.19197467 0.01975407 0.18357874
v 0.18188435 0.02807559 0.19043033
v 0.16234288 0.02104873 0.20467015
v 0.16972449 0.02809918 0.20491506
v 0.16116564 0.02553642 0.20472358
v 0.17282338 0.02114175 0.19544011
v 0.17851028 0.01192075 0.19665368
v 0.18188435 0.02807559 0.19043033
v 0.18750308 0.03065516 0.19976181
v 0.16222337 0.01804651 0.20359841
v 0.16211855 0.01370317 0.20243968
v 0.16522582 0.01131454 0.20202194
v 0.16522582 0.01131454 0.20202194
v 0.17247081 0.02363839 0.19581516
v 0.16234288 0.02104873 0.20467015
v 0.19099973 0.03058003 0.18899773
v 0.19197467 0.01975407 0.18357874
v 0.1745635 0.07682668 -0.20249358
v 0.17847279 0.07877123 -0.20045798
v 0.1777588 0.07496746 -0.20448528
v 0.18147519 0.07687782 -0.20226812
v 0.25152421 0.03811644 0.17179112
v 0.24601549 0.04281565 0.16804025
v 0.24732149 0.03312783 0.17280826
v 0.2436939 0.02940371 0.17301707
v 0.22026758 0.03822831 0.18165536
v 0.21280798 0.03570997 0.17358737
v 0.22025231 0.03756891 0.17182201
v 0.21763816 0.02980745 0.17277266
v 0.21280798 0.03570997 0.17358737
v 0.21412857 0.03290189 0.17221512
v 0.25270188 0.04623566 0.1626661
v 0.23382036 0.04409486 0.16966353
v 0.25031313 0.04788171 0.16363166
v 0.24391748 0.04662109 0.17394795
v 0.24601549 0.04281565 0.16804025
v 0.25270188 0.04623566 0.1626661
v 0.23382036 0.04409486 0.16966353
v 0.22832656 0.02766008 0.17300351
v 0.22025231 0.03756891 0.17182201
v 0.24601549 0.04281565 0.16804025
v 0.24391748 0.04662109 0.17394795
v 0.21763816 0.02980745 0.17277266
v 0.21280798 0.03570997 0.17358737
v 0.27328244 -0.49998388 0.36984009
v 0.28525418 -0.49994117 0.37077269
v 0.27390885 -0.49911797 0.37042031
v 0.31512997 -0.49944234 0.33229315
v 0.3166731 -0.49936688 0.34356081
v 0.31537586 -0.50050008 0.33860603
v 0.31475583 -0.50009465 0.3499397
v 0.31157374 -0.46457678 -0.2580224
v 0.31158537 -0.47281083 -0.25773561
v 0.31948003 -0.47512233 -0.26835039
v 0.31914181 -0.4684912 -0.26917443
v 0.31581452 -0.47754914 -0.26329154
v 0.31570977 -0.46993747 -0.27422386
v 0.31948003 -0.47512233 -0.26835039
v 0.31492516 -0.47703516 -0.2740919
v 0.31526604 -0.46306625 -0.26880348
v 0.31157374 -0.46457678 -0.2580224
v 0.31914181 -0.4684912 -0.26917443
v 0.31554291 -0.48056334 -0.2658371
v 0.30747613 -0.482851 -0.25950328
v 0.31451645 -0.49454641 0.34171161
v 0.3166731 -0.49936688 0.34356081
v 0.31512997 -0.49944234 0.33229315
v 0.31451645 -0.49454641 0.34171161
v 0.31475583 -0.50009465 0.3499397
v 0.3166731 -0.49936688 0.34356081
v 0.31053773 -0.4943637 0.35277393
v 0.31101063 -0.46626258 -0.27331164
v 0.31526604 -0.46306625 -0.26880348
v 0.31570977 -0.46993747 -0.27422386
v 0.30487883 -0.4610498 -0.26840711
v 0.30473533 -0.45992553 -0.26100394
v 0.30636415 -0.47687578 -0.25805464
v 0.30984676 -0.50020617 0.32338968
v 0.30220026 -0.49042371 0.32066277
v 0.31046733 -0.49140948 0.32965186
v 0.31046733 -0.49140948 0.32965186
v 0.30983296 -0.49002764 0.34489518
v 0.31180748 -0.49987161 0.35575989
v 0.30245239 -0.46273434 -0.25491375
v 0.30328143 -0.46515286 -0.25314564
v 0.30328143 -0.46515286 -0.25314564
v 0.30451748 -0.47297457 -0.25433168
v 0.30178645 -0.48500621 0.34075457
v 0.30407044 -0.49147999 0.35772955
v 0.30756193 -0.49994552 0.36072293
v 0.30556971 -0.48151642 -0.271079
v 0.3018218 -0.48254356 -0.27217647
v 0.30301848 -0.47744614 -0.26841855
v 0.29982594 -0.46177369 -0.25864869
v 0.30451748 -0.47297457 -0.25433168
v 0.30747613 -0.482851 -0.25950328
v 0.30636415 -0.47687578 -0.25805464
v 0.30192041 -0.48418859 -0.24389185
v 0.29999298 -0.48355204 0.32968634
v 0.29999298 -0.48355204 0.32968634
v 0.29866338 -0.48244801 0.33526921
v 0.29813814 -0.49965715 0.36723831
v 0.30160034 -0.46872631 -0.26844636
v 0.29699534 -0.46410674 -0.26545534
v 0.30039111 -0.4630059 -0.26426181
v 0.29982594 -0.46177369 -0.25864869
v 0.30179563 -0.45896882 -0.25187981
v 0.30328143 -0.46515286 -0.25314564
v 0.30245239 -0.46273434 -0.25491375
v 0.30051303 -0.43407932 -0.24487047
v 0.30143642 -0.44886065 -0.24726708
v 0.30143642 -0.44886065 -0.24726708
v 0.30059624 -0.46746248 -0.2484583
v 0.30179563 -0.45896882 -0.25187981
v 0.30179563 -0.45896882 -0.25187981
v 0.30059624 -0.46746248 -0.2484583
v 0.29784706 -0.47089034 -0.24150981
v 0.3010222 -0.41115391 -0.237701
v 0.3000938 -0.42543799 -0.24050838
v 0.30051303 -0.43407932 -0.24487047
v 0.30092171 -0.37394443 -0.22817965
v 0.30134398 -0.34698614 -0.22073178
v 0.3006582 -0.362896 -0.22484431
v 0.29960394 -0.29911894 -0.21017373
v 0.3003791 -0.30032519 -0.20589982
v 0.30068958 -0.31410772 -0.21155031
v 0.30081686 -0.27813047 -0.20096345
v 0.29995954 -0.2500743 -0.19415468
v 0.29581925 -0.26260197 -0.18599448
v 0.30081686 -0.27813047 -0.20096345
v 0.30021551 -0.19230117 -0.17868616
v 0.30023456 -0.20963851 -0.18212025
v 0.30043229 -0.22429757 -0.18684787
v 0.29961073 -0.13449718 -0.16297887
v 0.29481491 -0.14044662 -0.15350059
v 0.2999666 -0.15617964 -0.168102
v 0.29650491 -0.48555213 0.32207605
v 0.29083708 -0.48173007 0.34526271
v 0.2980006 -0.49004307 0.3599512
v 0.29509661 -0.48342142 -0.27672592
v 0.29190063 -0.47861245 -0.27712131
v 0.29651904 -0.4482426 -0.25819305
v 0.2956329 -0.42682588 -0.25229198
v 0.29574445 -0.40002573 -0.24602191
v 0.3010222 -0.41115391 -0.237701
v 0.29566887 -0.37908927 -0.24161327
v 0.30136904 -0.39632159 -0.23372769
v 0.29720721 -0.46478248 -0.24029028
v 0.29614514 -0.44483665 -0.23381536
v 0.29662341 -0.48343354 -0.23895752
v 0.29580298 -0.34994012 -0.23324119
v 0.30092171 -0.37394443 -0.22817965
v 0.30134398 -0.34698614 -0.22073178
v 0.30136904 -0.39632159 -0.23372769
v 0.29609382 -0.4262656 -0.22900315
v 0.29619911 -0.32263637 -0.22662182
v 0.29573089 -0.40877101 -0.2244418
v 0.29632127 -0.30556098 -0.22169822
v 0.30144119 -0.3342436 -0.21678109
v 0.29614156 -0.36870033 -0.21349052
v 0.29542857 -0.38423711 -0.21729743
v 0.29595855 -0.26440278 -0.21053033
v 0.29573226 -0.28562841 -0.2160404
v 0.30144119 -0.3342436 -0.21678109
v 0.2958253 -0.33305231 -0.20463896
v 0.29585534 -0.3548781 -0.21000883
v 0.29631549 -0.24836279 -0.2042378
v 0.30068958 -0.31410772 -0.21155031
v 0.3003791 -0.30032519 -0.20589982
v 0.29578325 -0.31356528 -0.19869147
v 0.29585037 -0.19807611 -0.19046973
v 0.30043229 -0.22429757 -0.18684787
v 0.29531029 -0.22673725 -0.19990876
v 0.29995954 -0.2500743 -0.19415468
v 0.29561827 -0.29180679 -0.19377699
v 0.29261401 -0.29202339 -0.19029115
v 0.30021551 -0.19230117 -0.17868616
v 0.29576132 -0.23192373 -0.17876488
v 0.29388115 -0.1560235 -0.18171012
v 0.29280207 -0.21367922 -0.16906105
v 0.29479486 -0.13672921 -0.1739902
v 0.29559755 -0.18685406 -0.16652942
v 0.29522908 -0.10972687 -0.16544922
v 0.29943681 -0.11877069 -0.15788139
v 0.29272795 -0.16328254 -0.15550607
v 0.29581001 -0.07602241 -0.15414056
v 0.29895988 -0.08702001 -0.14911024
v 0.29907939 -0.10000976 -0.15172911
v 0.29848978 -0.07243553 -0.14487523
v 0.29820436 -0.05858474 -0.14090559
v 0.29205304 -0.07482864 -0.13361418
v 0.29762906 -0.04555769 -0.13642082
v 0.29284656 -0.03434059 -0.14781673
v 0.29677451 -0.01809208 -0.12938687
v 0.2920934 -0.04688453 -0.1273849
v 0.29685238 -0.22146979 0.27104315
v 0.29285899 -0.19412947 0.26990089
v 0.2975843 -0.23884238 0.27451748
v 0.29056633 -0.24356201 0.28705472
v 0.29759398 -0.25804079 0.27865937
v 0.29010794 -0.25849 0.29092512
v 0.29780254 -0.27823988 0.28354016
v 0.29820365 -0.32453361 0.29189712
v 0.29852599 -0.31430709 0.29072815
v 0.29795802 -0.33726734 0.29575011
v 0.29819027 -0.35753402 0.30144277
v 0.29578537 -0.36551976 0.30751872
v 0.29833451 -0.37201181 0.30404148
v 0.29845566 -0.38603434 0.3070012
v 0.29529235 -0.40455791 0.31768644
v 0.29808897 -0.40134844 0.31056798
v 0.29798672 -0.41953373 0.31618345
v 0.29827833 -0.43615648 0.31992707
v 0.29123372 -0.48577589 0.3170498
v 0.29890341 -0.46152171 0.32696754
v 0.29796344 -0.45371693 0.32105947
v 0.29757139 -0.48108658 0.32660419
v 0.29233474 -0.43274096 0.33282128
v 0.29896489 -0.47968656 0.33187497
v 0.29353985 -0.45621625 0.33716899
v 0.29313362 -0.467024 0.34031218
v 0.29866338 -0.48244801 0.33526921
v 0.29495671 -0.48174012 0.34232879
v 0.29201418 -0.46185842 -0.26657066
v 0.2984291 -0.47106996 -0.26901034
v 0.29286516 -0.44150153 -0.25964364
v 0.28625137 -0.42477518 -0.25973681
v 0.29229811 -0.41166165 -0.25331885
v 0.29246536 -0.3858324 -0.24666438
v 0.29193941 -0.35471243 -0.23899423
v 0.29614514 -0.44483665 -0.23381536
v 0.28288329 -0.46499306 -0.23246394
v 0.29720721 -0.46478248 -0.24029028
v 0.29784706 -0.47089034 -0.24150981
v 0.29034188 -0.48410097 -0.23601025
v 0.29662341 -0.48343354 -0.23895752
v 0.2929655 -0.32307267 -0.22955282
v 0.29609382 -0.4262656 -0.22900315
v 0.28744483 -0.43929267 -0.22754051
v 0.29573089 -0.40877101 -0.2244418
v 0.29218942 -0.28307563 -0.21920988
v 0.29542857 -0.38423711 -0.21729743
v 0.29311574 -0.40021569 -0.21963888
v 0.28735453 -0.36115384 -0.20649928
v 0.29614156 -0.36870033 -0.21349052
v 0.29256102 -0.23649131 -0.20659016
v 0.29585534 -0.3548781 -0.21000883
v 0.29239234 -0.19785433 -0.19514218
v 0.29293433 -0.33798057 -0.20303878
v 0.29578325 -0.31356528 -0.19869147
v 0.28405213 -0.32761401 -0.19589077
v 0.29293433 -0.33798057 -0.20303878
v 0.29261401 -0.29202339 -0.19029115
v 0.28687394 -0.30695719 -0.19187409
v 0.29230824 -0.16663042 -0.18736455
v 0.29200628 -0.26948196 -0.18298568
v 0.29388115 -0.1560235 -0.18171012
v 0.29228422 -0.25177607 -0.17850681
v 0.29216194 -0.13049215 -0.17656694
v 0.29266843 -0.23286955 -0.17395429
v 0.28993732 -0.22636345 -0.1706548
v 0.29228422 -0.25177607 -0.17850681
v 0.29266843 -0.23286955 -0.17395429
v 0.29244083 -0.10462372 -0.16870645
v 0.29280207 -0.21367922 -0.16906105
v 0.29255003 -0.08382956 -0.1622449
v 0.29139605 -0.20593885 -0.16551907
v 0.29255003 -0.08382956 -0.1622449
v 0.28907797 -0.06209151 -0.15910308
v 0.29249257 -0.05642698 -0.15495056
v 0.29249257 -0.05642698 -0.15495056
v 0.29209486 -0.1347661 -0.1477651
v 0.29245338 -0.09800838 -0.13894759
v 0.29265338 -0.01586473 -0.14017364
v 0.29244721 0.00482066 -0.13140498
v 0.29302499 0.01080091 -0.12398098
v 0.29618162 -0.00448526 -0.12385224
v 0.29246908 -0.01872971 -0.12001575
v 0.29541484 0.0054862 -0.11906212
v 0.29314107 0.02136285 -0.10507234
v 0.29356495 -0.1012873 0.2397635
v 0.2948505 -0.1233553 0.24429798
v 0.29337725 -0.10541993 0.23874718
v 0.29528156 -0.14455369 0.24952734
v 0.29512835 -0.15606387 0.25124735
v 0.29250452 -0.15706532 0.2453227
v 0.28960413 -0.13056561 0.25571045
v 0.29570979 -0.16384016 0.25617152
v 0.29636919 -0.18677911 0.2594831
v 0.29254553 -0.18349221 0.25171012
v 0.29282236 -0.21741928 0.25756046
v 0.29636335 -0.18403077 0.26046571
v 0.28926849 -0.15361233 0.26237082
v 0.29644105 -0.20583203 0.26682207
v 0.29257226 -0.23395303 0.26126248
v 0.29184663 -0.25744125 0.26680803
v 0.29220554 -0.28342116 0.27219605
v 0.28983009 -0.21429323 0.27948982
v 0.29248747 -0.30074254 0.27481633
v 0.29811049 -0.29369399 0.28733882
v 0.29230133 -0.34197158 0.28415054
v 0.29010794 -0.25849 0.29092512
v 0.28999823 -0.27429402 0.29524717
v 0.29130718 -0.28957683 0.29850605
v 0.29130718 -0.28957683 0.29850605
v 0.29206529 -0.3718538 0.29005826
v 0.29193714 -0.30906776 0.30250561
v 0.29252446 -0.40742847 0.30033106
v 0.29073444 -0.33538821 0.30928627
v 0.2927559 -0.43305829 0.30517882
v 0.29104197 -0.35358489 0.31405491
v 0.29215813 -0.38442132 0.32066917
v 0.29251841 -0.44533587 0.30750138
v 0.29265288 -0.46449909 0.31299025
v 0.29383844 -0.48356599 0.3186765
v 0.29197568 -0.4065243 0.32623488
v 0.29051003 -0.41967529 0.33090264
v 0.29495671 -0.48174012 0.34232879
v 0.29313362 -0.467024 0.34031218
v 0.28327584 -0.44053563 -0.26427323
v 0.28409392 -0.3776449 -0.24877644
v 0.28394777 -0.32420656 -0.23552042
v 0.28421378 -0.47443968 -0.23470379
v 0.28492686 -0.29684737 -0.2272319
v 0.28306419 -0.41813123 -0.21976067
v 0.2832585 -0.43173268 -0.22360525
v 0.28338468 -0.37714392 -0.20875581
v 0.28319237 -0.40394837 -0.21598932
v 0.28705898 -0.2120501 -0.20246524
v 0.28331599 -0.34447241 -0.20023365
v 0.29200628 -0.26948196 -0.18298568
v 0.28306958 -0.27740318 -0.18232031
v 0.28276658 -0.25729385 -0.17675756
v 0.28751901 -0.09017309 -0.16756874
v 0.29244083 -0.10462372 -0.16870645
v 0.28799394 -0.12028947 -0.17599289
v 0.29139605 -0.20593885 -0.16551907
v 0.29014608 -0.19077009 -0.1611381
v 0.28255647 -0.19553718 -0.16026106
v 0.28949153 -0.03642082 -0.15193853
v 0.29284656 -0.03434059 -0.14781673
v 0.28944606 -0.01331144 -0.14500003
v 0.29209486 -0.1347661 -0.1477651
v 0.2899062 -0.15288427 -0.15094605
v 0.29272795 -0.16328254 -0.15550607
v 0.28944606 -0.01331144 -0.14500003
v 0.29265338 -0.01586473 -0.14017364
v 0.29284656 -0.03434059 -0.14781673
v 0.29245338 -0.09800838 -0.13894759
v 0.289543 -0.10582388 -0.13888848
v 0.29034927 0.00573644 -0.13562721
v 0.29244721 0.00482066 -0.13140498
v 0.28912377 -0.08236664 -0.13261151
v 0.28160548 -0.11030104 -0.13649996
v 0.29205304 -0.07482864 -0.13361418
v 0.28977534 0.02112174 -0.12318953
v 0.29302499 0.01080091 -0.12398098
v 0.28847265 -0.05358673 -0.12524304
v 0.28847265 -0.05358673 -0.12524304
v 0.29199836 0.02112259 -0.11577579
v 0.28967783 -0.02283424 -0.11741284
v 0.28963813 0.03007502 -0.10916059
v 0.29199836 0.02112259 -0.11577579
v 0.28971273 -0.00503609 -0.11197706
v 0.28963813 0.03007502 -0.10916059
v 0.28895229 0.00494886 -0.10625452
v 0.28813162 0.01800427 -0.09771635
v 0.28858933 0.03805623 -0.0908007
v 0.28937563 0.03232758 -0.08422679
v 0.2882126 0.0094651 0.20104758
v 0.28803721 0.00256894 0.21016537
v 0.28870988 -0.00677589 0.21132289
v 0.28952706 -0.0247488 0.21745925
v 0.28863689 -0.02539299 0.22308293
v 0.29066944 -0.04155058 0.22333296
v 0.28909889 -0.06066443 0.2231881
v 0.29162472 -0.0581085 0.22722694
v 0.28656629 -0.04041015 0.23311311
v 0.29272115 -0.07407871 0.2309496
v 0.28871137 -0.10444532 0.22920978
v 0.28837591 -0.07085181 0.23981038
v 0.28893048 -0.13338971 0.23659752
v 0.28856727 -0.08789105 0.24394207
v 0.28940815 -0.15740044 0.24101406
v 0.28865695 -0.17928432 0.24460675
v 0.28781676 -0.10205736 0.24871266
v 0.28852087 -0.1159376 0.25213566
v 0.2892673 -0.20677774 0.25168827
v 0.2887266 -0.21993159 0.25412306
v 0.28960413 -0.13056561 0.25571045
v 0.28580841 -0.14724167 0.26256764
v 0.28926849 -0.15361233 0.26237082
v 0.28920087 -0.24488635 0.25967512
v 0.28874728 -0.26147923 0.26342878
v 0.28924215 -0.17654401 0.26930717
v 0.28849724 -0.27865213 0.2675198
v 0.28939232 -0.19935146 0.27506468
v 0.28890342 -0.29921892 0.27179819
v 0.28901762 -0.3199946 0.27544278
v 0.28857344 -0.3360472 0.27905607
v 0.28983009 -0.21429323 0.27948982
v 0.28952137 -0.22728853 0.28333223
v 0.29056633 -0.24356201 0.28705472
v 0.28868541 -0.35823488 0.28473929
v 0.28889585 -0.3829124 0.29042849
v 0.28877869 -0.40129355 0.29557607
v 0.29193714 -0.30906776 0.30250561
v 0.28990906 -0.32446152 0.30711788
v 0.29073444 -0.33538821 0.30928627
v 0.29104197 -0.35358489 0.31405491
v 0.28985003 -0.3693147 0.31836188
v 0.29215813 -0.38442132 0.32066917
v 0.28970149 -0.39251992 0.32429865
v 0.29197568 -0.4065243 0.32623488
v 0.29051003 -0.41967529 0.33090264
v 0.29233474 -0.43274096 0.33282128
v 0.27946314 -0.44795063 0.34163153
v 0.29353985 -0.45621625 0.33716899
v 0.28045568 -0.48110664 0.34911314
v 0.28122121 -0.46567002 -0.27320498
v 0.28081214 -0.47242317 -0.27813211
v 0.28330329 0.21153098 -0.2497718
v 0.28481966 0.20226559 -0.23297672
v 0.28340355 0.20251513 -0.24707417
v 0.28234836 -0.4831531 -0.23419185
v 0.28263476 -0.44678587 -0.22771424
v 0.28345081 0.21516977 -0.2302509
v 0.28395316 0.20386755 -0.22573267
v 0.28284457 -0.38842028 -0.21205193
v 0.28184441 -0.36221066 -0.20514736
v 0.28307152 -0.30613104 -0.1906729
v 0.28189296 -0.24596716 -0.17335168
v 0.28121141 -0.23109743 -0.16964872
v 0.28137711 -0.21387081 -0.16538137
v 0.27982455 -0.07855096 -0.16745704
v 0.27838176 -0.05258754 -0.1604114
v 0.28129393 -0.1765992 -0.15418345
v 0.28029522 -0.16066392 -0.14947474
v 0.28053531 -0.14641069 -0.14558698
v 0.28588331 0.00055239 -0.14142713
v 0.28688446 -0.01826307 -0.1478193
v 0.2806727 -0.1333071 -0.14194623
v 0.28624552 0.01326211 -0.13369465
v 0.28565541 0.02260438 -0.12615454
v 0.27912539 -0.08801129 -0.12983936
v 0.27930668 -0.07427701 -0.1263586
v 0.27948159 -0.04435701 -0.11842313
v 0.27874011 -0.05928311 -0.12221292
v 0.28967783 -0.02283424 -0.11741284
v 0.27843791 -0.03340478 -0.11511987
v 0.28971273 -0.00503609 -0.11197706
v 0.27854213 -0.01823782 -0.11035779
v 0.28895229 0.00494886 -0.10625452
v 0.27610403 -0.00426864 -0.10299768
v 0.28649673 0.03726091 -0.10304015
v 0.28858933 0.03805623 -0.0908007
v 0.28430697 0.01122837 -0.09784696
v 0.2863853 0.04157571 -0.09303771
v 0.28235421 0.01941023 -0.08622243
v 0.28862202 0.03614048 -0.07672867
v 0.28567097 0.04532042 -0.08043929
v 0.28567097 0.04532042 -0.08043929
v 0.28580391 0.04562338 -0.06606649
v 0.28745982 0.0406852 -0.06628875
v 0.28654015 0.03762337 -0.06418882
v 0.28596064 0.04502822 -0.0372928
v 0.2856355 0.04081251 -0.01425303
v 0.28524947 0.04579559 -0.0040595
v 0.2858454 0.04338827 0.09307068
v 0.28630668 0.04037115 0.13632309
v 0.28550586 0.03872035 0.0969373
v 0.28592831 0.03647213 0.1316759
v 0.28563401 0.04274246 0.14324147
v 0.28710386 0.03517728 0.15834348
v 0.28592193 0.03356183 0.14718997
v 0.28639647 0.02790191 0.16699633
v 0.28560075 0.03745671 0.1697651
v 0.28717729 0.02758576 0.17953286
v 0.28633267 0.01946418 0.18171239
v 0.28541502 0.02699531 0.19213529
v 0.28740644 0.01730925 0.1976779
v 0.28141201 0.03200037 0.19198504
v 0.2845836 0.02079657 0.20194572
v 0.28453952 0.00587015 0.19374219
v 0.28577107 -0.0041349 0.20405185
v 0.28606433 0.01067818 0.20956023
v 0.28040886 0.02275104 0.2049208
v 0.28563055 -0.01255596 0.20787445
v 0.2850664 -0.04663814 0.21480413
v 0.2857109 -0.00195001 0.21954288
v 0.28206509 0.00463514 0.21884733
v 0.28178388 -0.06374931 0.21563935
v 0.28530034 -0.00999068 0.22417517
v 0.28492042 -0.09992146 0.22510505
v 0.2859064 -0.02655126 0.22897628
v 0.28530034 -0.00999068 0.22417517
v 0.28090855 -0.02173341 0.23071595
v 0.2859064 -0.02655126 0.22897628
v 0.2848438 -0.12219831 0.22956973
v 0.28457552 -0.14556499 0.23493746
v 0.28538519 -0.05174809 0.23713905
v 0.28837591 -0.07085181 0.23981038
v 0.27639243 -0.08069722 0.24860616
v 0.28856727 -0.08789105 0.24394207
v 0.28852087 -0.1159376 0.25213566
v 0.27640086 -0.12192679 0.25949931
v 0.28924215 -0.17654401 0.26930717
v 0.28939232 -0.19935146 0.27506468
v 0.27924526 -0.19657843 0.27935892
v 0.27819395 -0.22459166 0.28656042
v 0.27891013 -0.24270369 0.29168433
v 0.27803364 -0.25805667 0.29575467
v 0.27878562 -0.28917032 0.30292696
v 0.27752531 -0.3092536 0.30824855
v 0.27876103 -0.33225852 0.31331116
v 0.27939194 -0.48157868 0.31259203
v 0.29262328 -0.49907297 0.31436861
v 0.28277868 -0.50001937 0.31352565
v 0.28403226 -0.48981512 0.31426385
v 0.27797136 -0.35341823 0.31889609
v 0.27862453 -0.38507512 0.32654598
v 0.27812204 -0.40376502 0.3307696
v 0.27822196 -0.41925773 0.33495289
v 0.2789259 -0.45874357 0.34370384
v 0.28014821 -0.47724363 0.3473098
v 0.27990845 -0.49014822 0.36474937
v 0.2793062 0.23006614 -0.26140583
v 0.28015503 0.23094882 -0.25549918
v 0.27966106 0.22336543 -0.26021689
v 0.28153008 0.20544301 -0.25128922
v 0.27987689 0.2375513 -0.24249113
v 0.28244877 0.22263171 -0.23633872
v 0.27653259 0.23322363 -0.23235305
v 0.28038692 0.195656 -0.2324885
v 0.28036827 0.19533096 -0.2416372
v 0.27948204 -0.4740943 -0.23491079
v 0.2824682 0.20184417 -0.22343293
v 0.27981934 0.20943376 -0.21308248
v 0.27965638 -0.29141128 -0.18708366
v 0.27923146 -0.11289064 -0.13671021
v 0.27818039 0.02319137 -0.12897703
v 0.27875277 0.03070444 -0.12026715
v 0.28579292 0.03089331 -0.11549652
v 0.27861348 0.03998908 -0.10606465
v 0.27568394 -0.01623818 -0.10889498
v 0.28430697 0.01122837 -0.09784696
v 0.27991107 0.04624201 -0.09036505
v 0.28235421 0.01941023 -0.08622243
v 0.2719394 0.00635639 -0.09285256
v 0.27917564 0.04920536 -0.08027804
v 0.28014269 0.02276077 -0.07710291
v 0.28205726 0.0496515 -0.06608445
v 0.28580391 0.04562338 -0.06606649
v 0.27753517 0.02404931 -0.06420638
v 0.28316474 0.04971618 -0.04720968
v 0.28304783 0.03354449 -0.05656857
v 0.28205726 0.0496515 -0.06608445
v 0.28028065 0.05191005 -0.0141206
v 0.28316474 0.04971618 -0.04720968
v 0.28390735 0.03608713 -0.0236765
v 0.28596064 0.04502822 -0.0372928
v 0.28524947 0.04579559 -0.0040595
v 0.28531304 0.04374125 0.03847596
v 0.28513893 0.04024587 0.03859117
v 0.28242362 0.05044411 0.07166371
v 0.28242362 0.05044411 0.07166371
v 0.28447086 0.04730245 0.08569951
v 0.28447086 0.04730245 0.08569951
v 0.28372097 0.03619133 0.04943643
v 0.28342929 0.03353548 0.12079377
v 0.28178808 0.04949552 0.12200285
v 0.28563401 0.04274246 0.14324147
v 0.28230935 0.04540202 0.15600009
v 0.28178808 0.04949552 0.12200285
v 0.27767417 0.04975059 0.14460872
v 0.28230935 0.04540202 0.15600009
v 0.27915248 0.02039043 0.15257761
v 0.27689868 0.04717531 0.16195434
v 0.28230935 0.04540202 0.15600009
v 0.28227443 0.01763961 0.16853811
v 0.28066117 0.03978235 0.17839374
v 0.28066117 0.03978235 0.17839374
v 0.28133273 0.01087365 0.17922135
v 0.28141201 0.03200037 0.19198504
v 0.28040886 0.02275104 0.2049208
v 0.2845836 0.02079657 0.20194572
v 0.27561775 -0.03013949 0.20006981
v 0.27768955 -0.03896106 0.20533234
v 0.27692568 0.01004644 0.21818092
v 0.28206509 0.00463514 0.21884733
v 0.28656629 -0.04041015 0.23311311
v 0.27131236 -0.03878457 0.23923124
v 0.28538519 -0.05174809 0.23713905
v 0.27331197 -0.06707697 0.24587817
v 0.28781676 -0.10205736 0.24871266
v 0.27544475 -0.09517188 0.25211197
v 0.27670923 -0.22952068 0.2508333
v 0.27735329 -0.24526532 0.25477853
v 0.27703366 -0.13824756 0.26412496
v 0.27710429 -0.15400985 0.26802602
v 0.27730486 -0.1698067 0.27259251
v 0.27782282 -0.18546073 0.27661863
v 0.27809259 -0.27391779 0.29931831
v 0.27309322 -0.49896392 0.31411093
v 0.27826008 -0.37165159 0.32313025
v 0.2786417 -0.44103354 0.34021041
v 0.28386059 -0.48287925 -0.28039742
v 0.26983362 -0.48240358 -0.27842903
v 0.27562168 0.25593591 -0.27110356
v 0.27629077 0.25825119 -0.26839772
v 0.27646801 0.2702584 -0.25772899
v 0.2777285 0.2573154 -0.25244477
v 0.27274537 -0.44159469 -0.22911875
v 0.27056366 -0.4648957 -0.237159
v 0.27217928 -0.48414239 -0.23653023
v 0.27423218 -0.41864264 -0.22284524
v 0.27564502 0.22200745 -0.21570097
v 0.2824682 0.20184417 -0.22343293
v 0.2747255 0.20013516 -0.21563779
v 0.28038692 0.195656 -0.2324885
v 0.27406564 -0.38848168 -0.21442455
v 0.27569336 0.20629007 -0.20765975
v 0.27569336 0.20629007 -0.20765975
v 0.27442023 -0.33055872 -0.1991163
v 0.27428064 -0.3581022 -0.2065341
v 0.27059153 -0.18137497 -0.19026905
v 0.27899015 -0.16330455 -0.19026323
v 0.28013575 -0.17690931 -0.1941011
v 0.2734834 -0.30782524 -0.1936287
v 0.27474999 -0.27386776 -0.18338977
v 0.27458954 -0.24849203 -0.17615815
v 0.27435142 -0.22682011 -0.1700042
v 0.27427331 -0.2121658 -0.16610456
v 0.27445784 -0.18954055 -0.1603896
v 0.27521327 -0.15877831 -0.15115073
v 0.27469668 -0.11991558 -0.14090039
v 0.27597314 -0.09149013 -0.13222723
v 0.28014269 0.02276077 -0.07710291
v 0.27595893 0.02103291 -0.07359277
v 0.28235421 0.01941023 -0.08622243
v 0.27917564 0.04920536 -0.08027804
v 0.27434868 0.05244572 -0.06188799
v 0.27753693 0.02724792 -0.03729559
v 0.27761799 0.05341459 -0.00608705
v 0.27705833 0.02785141 0.02632856
v 0.27494979 0.05403677 0.08961455
v 0.27511609 0.02380384 0.09208122
v 0.27631518 0.05215799 0.12207088
v 0.27718303 0.02237266 0.1316801
v 0.2743226 0.00907473 0.16356745
v 0.2721599 0.00076913 0.17330796
v 0.27558511 0.04498115 0.17054321
v 0.2751039 0.03935608 0.18409069
v 0.27344835 -1.133E-05 0.17602949
v 0.27113658 -0.01078855 0.18314603
v 0.27370104 0.03192705 0.19651361
v 0.27176869 -0.01856638 0.18982254
v 0.27390939 -0.02620289 0.19665352
v 0.2734296 0.01857613 0.21205533
v 0.27563217 -0.05274615 0.20832017
v 0.27450025 -0.06814803 0.21207599
v 0.27838242 -0.08142002 0.21661748
v 0.27582234 -0.09027945 0.21705189
v 0.27291495 -0.00089186 0.22671093
v 0.28206509 0.00463514 0.21884733
v 0.27291495 -0.00089186 0.22671093
v 0.27273789 -0.01017115 0.23080155
v 0.27605677 -0.21008812 0.28191099
v 0.27646977 -0.29549435 0.30440524
v 0.27570489 -0.33430374 0.31339562
v 0.27437311 -0.48061144 0.34768653
v 0.27212283 0.29257068 -0.28257194
v 0.2743971 0.27389655 -0.27484897
v 0.27279809 0.27427232 -0.27830335
v 0.27209041 0.31376293 -0.27240279
v 0.27417767 0.29340786 -0.26545703
v 0.27279809 0.27427232 -0.27830335
v 0.27562168 0.25593591 -0.27110356
v 0.27275965 0.25195804 -0.27218506
v 0.26826382 -0.47413403 -0.27370414
v 0.26711848 -0.46807137 -0.26714355
v 0.27490762 0.28349593 -0.26106274
v 0.26730362 0.27932629 -0.24291524
v 0.27080306 0.25578433 -0.23717116
v 0.26992601 -0.47597784 -0.23908634
v 0.27146477 0.23821841 -0.22656815
v 0.2698085 -0.41224036 -0.22357702
v 0.2654638 0.22590159 -0.20183502
v 0.27255398 0.21362358 -0.20190687
v 0.27061176 -0.36276963 -0.20975687
v 0.26729524 0.21224019 -0.19593368
v 0.2696777 -0.29766905 -0.19353683
v 0.2670545 0.01871161 -0.13174434
v 0.26748446 0.02847753 -0.12217737
v 0.27818039 0.02319137 -0.12897703
v 0.27875277 0.03070444 -0.12026715
v 0.26854074 -0.03167893 -0.12207571
v 0.26644206 0.03764505 -0.11018793
v 0.27861348 0.03998908 -0.10606465
v 0.27145714 -0.02380452 -0.11590093
v 0.27232137 -0.00354279 -0.10144271
v 0.26634479 0.04498217 -0.09669057
v 0.27991107 0.04624201 -0.09036505
v 0.27450812 0.01625581 -0.08215141
v 0.26910353 0.05427877 -0.04941036
v 0.26978058 0.05504097 -0.00913926
v 0.27705833 0.02785141 0.02632856
v 0.27511609 0.02380384 0.09208122
v 0.27352229 0.02326466 0.06658921
v 0.26814511 0.05317758 0.12833455
v 0.27718303 0.02237266 0.1316801
v 0.27915248 0.02039043 0.15257761
v 0.27462152 0.0184258 0.14545768
v 0.27014768 0.02728106 0.20269841
v 0.2717225 0.01049848 0.21891189
v 0.26647535 -0.15149561 0.26210707
v 0.26663244 -0.19657812 0.27366954
v 0.26591048 -0.24137032 0.28526461
v 0.2666924 -0.27549052 0.29421383
v 0.26598051 -0.36445495 0.31562513
v 0.2659497 -0.39530131 0.32339627
v 0.26595673 -0.41158423 0.32758015
v 0.26810843 -0.48085737 0.34569758
v 0.26748011 0.33164796 -0.29675487
v 0.27021441 0.30846524 -0.28713256
v 0.26894706 0.30086333 -0.28886726
v 0.26894706 0.30086333 -0.28886726
v 0.2697511 0.28252351 -0.28265867
v 0.27021545 0.33093372 -0.27653795
v 0.26551345 0.32610849 -0.26238638
v 0.26826382 -0.47413403 -0.27370414
v 0.26281694 -0.47367793 -0.26759443
v 0.26711848 -0.46807137 -0.26714355
v 0.26153126 0.28209868 -0.23677394
v 0.26991871 -0.43922442 -0.23011315
v 0.2657176 0.2394419 -0.21786419
v 0.27048334 -0.38674009 -0.21597838
v 0.27040359 -0.3305715 -0.20134377
v 0.26729524 0.21224019 -0.19593368
v 0.26858306 0.20554715 -0.20372629
v 0.26950195 -0.30890307 -0.19649127
v 0.2704879 -0.27847117 -0.18774739
v 0.27002472 -0.15894352 -0.18317059
v 0.27027735 -0.11937606 -0.1738735
v 0.268206 -0.11130363 -0.16948621
v 0.2670826 -0.09195867 -0.16502823
v 0.2672931 -0.06361955 -0.13263632
v 0.27058601 -0.08014807 -0.1335054
v 0.26586562 0.05106986 -0.07933021
v 0.27917564 0.04920536 -0.08027804
v 0.26681331 0.05298736 -0.06747222
v 0.27434868 0.05244572 -0.06188799
v 0.26910353 0.05427877 -0.04941036
v 0.26695189 0.0553622 0.04785816
v 0.26289526 0.05499918 0.09535691
v 0.26517522 0.04913384 0.16133003
v 0.26688993 0.04248078 0.17760898
v 0.26739201 0.03398356 0.19237779
v 0.26729661 0.01800322 0.21073365
v 0.26773587 -0.00861371 0.22919387
v 0.27273789 -0.01017115 0.23080155
v 0.26773587 -0.00861371 0.22919387
v 0.26565468 -0.07690185 0.24389732
v 0.26702088 -0.10391279 0.24989974
v 0.26567903 -0.1310209 0.25611931
v 0.26560026 -0.17226833 0.26718783
v 0.2660138 -0.21621253 0.27810115
v 0.26599038 -0.29850084 0.29955566
v 0.26647922 -0.33442929 0.30816141
v 0.2660099 -0.43564373 0.33335766
v 0.26576865 -0.464764 0.33987761
v 0.26353297 -0.48921555 0.35854724
v 0.26298258 -0.49964184 0.36661097
v 0.26646751 0.3517684 -0.29495406
v 0.26488236 0.34302625 -0.30441913
v 0.263006 0.36303419 -0.31083912
v 0.26488236 0.34302625 -0.30441913
v 0.26748011 0.33164796 -0.29675487
v 0.26512021 0.32355341 -0.29736376
v 0.26686135 0.3669987 -0.2892656
v 0.26855403 0.34875962 -0.28375617
v 0.26116881 0.35250777 -0.26606026
v 0.26416719 -0.48341227 -0.27505666
v 0.26001248 0.32978165 -0.25446594
v 0.26438949 0.30430526 -0.24869132
v 0.26662591 -0.47123307 -0.24310143
v 0.26328021 -0.48403394 -0.24361537
v 0.2606349 0.25570634 -0.22250544
v 0.26761809 -0.3546164 -0.21206154
v 0.26638904 -0.38945621 -0.22392049
v 0.27048334 -0.38674009 -0.21597838
v 0.26423827 -0.29204652 -0.20525543
v 0.26421756 -0.31769541 -0.21042393
v 0.26950195 -0.30890307 -0.19649127
v 0.26553184 0.21688379 -0.1936903
v 0.26468715 -0.27460855 -0.19931202
v 0.2696777 -0.29766905 -0.19353683
v 0.26436394 -0.25645411 -0.19536281
v 0.2704879 -0.27847117 -0.18774739
v 0.26338163 -0.15923369 -0.16868617
v 0.2638517 -0.17588335 -0.17306991
v 0.26435986 -0.19640057 -0.17818896
v 0.27049339 -0.19602503 -0.16514939
v 0.2672931 -0.06361955 -0.13263632
v 0.26235825 -0.07193237 -0.14420511
v 0.27058601 -0.08014807 -0.1335054
v 0.26854074 -0.03167893 -0.12207571
v 0.26224533 -0.02522465 -0.12871742
v 0.26092848 0.00043291 -0.10346595
v 0.26014611 -0.01572464 -0.11785167
v 0.2585282 0.00845574 -0.09588664
v 0.26892382 0.01393146 -0.0850011
v 0.26126096 0.05437009 -0.0501732
v 0.26126096 0.05437009 -0.0501732
v 0.2597203 0.05529085 0.023231
v 0.25567025 0.0515957 0.1481286
v 0.2596862 0.02127877 0.20129317
v 0.26066142 0.00298847 0.21953906
v 0.26273078 -0.02016857 0.2305925
v 0.26197973 -0.04429275 0.23581445
v 0.26565468 -0.07690185 0.24389732
v 0.26225087 -0.10361882 0.24533637
v 0.26702088 -0.10391279 0.24989974
v 0.26567903 -0.1310209 0.25611931
v 0.26247251 -0.1431848 0.25659978
v 0.26647535 -0.15149561 0.26210707
v 0.26595673 -0.41158423 0.32758015
v 0.26304334 -0.41712421 0.32542837
v 0.2660099 -0.43564373 0.33335766
v 0.26407984 -0.48164812 0.34286949
v 0.26028612 -0.49350435 0.36050197
v 0.26117906 0.37786701 -0.31356117
v 0.26020694 0.37256497 -0.31621546
v 0.26020694 0.37256497 -0.31621546
v 0.263006 0.36303419 -0.31083912
v 0.26185393 0.35543877 -0.31062052
v 0.2649439 0.37904525 -0.29310125
v 0.26006129 0.40206552 -0.30218652
v 0.25922716 0.37180319 -0.27351844
v 0.2574389 0.36873671 -0.26885721
v 0.25447696 0.24513231 -0.21258654
v 0.25303733 0.19650437 -0.21266633
v 0.26861387 0.19568883 -0.22150086
v 0.25439209 0.22949442 -0.19281612
v 0.25248316 0.20103158 -0.2024079
v 0.25792405 0.21850748 -0.18678762
v 0.25792405 0.21850748 -0.18678762
v 0.25256693 0.2110936 -0.1893149
v 0.25702539 0.01691248 -0.12734172
v 0.25457782 0.0260914 -0.11774767
v 0.24722613 0.04362672 -0.09150764
v 0.25323436 0.04849592 -0.08145528
v 0.2564027 0.0542805 0.1031188
v 0.25655761 0.05318927 0.12951148
v 0.2544575 0.04922053 0.16084549
v 0.25409624 0.04536606 0.16821666
v 0.25447088 0.03924314 0.17502059
v 0.25782412 0.00812998 0.21293403
v 0.25806946 -0.01312599 0.2263917
v 0.26273078 -0.02016857 0.2305925
v 0.25841916 -0.03254838 0.22979178
v 0.26197973 -0.04429275 0.23581445
v 0.26171142 -0.07495425 0.24049842
v 0.26263919 -0.20068909 0.27035066
v 0.26067555 -0.23869058 0.27136642
v 0.26368651 -0.22850005 0.27813464
v 0.26372772 -0.28633878 0.29239956
v 0.2608918 -0.30724648 0.28998902
v 0.26323146 -0.31456017 0.29940271
v 0.25968614 -0.49914569 0.32165015
v 0.25978774 -0.48949888 0.32449073
v 0.26491812 -0.48637649 0.31974608
v 0.26125476 -0.48263758 0.33702761
v 0.25648019 -0.48683155 0.34263745
v 0.25619656 -0.49061576 0.35282123
v 0.2573539 0.38852179 -0.31822503
v 0.25507271 0.40575793 -0.31526974
v 0.25368708 0.40551734 -0.28538904
v 0.25048718 0.37525249 -0.26471931
v 0.25208664 0.34559205 -0.25363615
v 0.25510225 0.29166207 -0.23419087
v 0.25224814 0.21776086 -0.18415718
v 0.26654696 0.00414548 -0.14151967
v 0.25419319 -0.00085536 -0.13799131
v 0.25262693 0.00570379 -0.13282269
v 0.26129329 -0.02250734 -0.12645189
v 0.26014611 -0.01572464 -0.11785167
v 0.25684902 -0.02107477 -0.12808421
v 0.25019014 0.0330576 -0.11004727
v 0.24825628 0.0517439 -0.06242147
v 0.25088331 0.05391298 -0.00724494
v 0.2597203 0.05529085 0.023231
v 0.25288448 0.05453146 0.01959687
v 0.26289526 0.05499918 0.09535691
v 0.25457045 0.05434446 0.08276247
v 0.2564027 0.0542805 0.1031188
v 0.25912213 0.06738214 0.16171294
v 0.26051807 0.07025325 0.20782629
v 0.26014262 0.06578565 0.20206296
v 0.25819659 0.08361315 0.20356873
v 0.25454444 0.03193816 0.18192723
v 0.25484973 0.02138665 0.19288179
v 0.2577284 0.08333696 0.21826111
v 0.25064766 -0.00446391 0.21569903
v 0.25806946 -0.01312599 0.2263917
v 0.25947493 0.0671032 0.2407328
v 0.25876287 0.05942858 0.24381037
v 0.2567206 -0.02026152 0.22614029
v 0.25892788 0.05840116 0.25525478
v 0.25552306 0.07620833 0.25282249
v 0.25527677 0.06528205 0.26629892
v 0.25803724 0.04821433 0.26552048
v 0.26009017 -0.4852981 0.33006683
v 0.25479466 -0.48988992 0.33417255
v 0.26125476 -0.48263758 0.33702761
v 0.25228554 0.40295112 -0.32288319
v 0.25104177 0.42130983 -0.31361738
v 0.25029489 0.42609432 -0.30794373
v 0.25160414 0.42295325 -0.30052349
v 0.24625102 0.40020266 -0.27280948
v 0.2504819 0.31197408 -0.23899131
v 0.2606349 0.25570634 -0.22250544
v 0.25510225 0.29166207 -0.23419087
v 0.24850941 0.25959587 -0.21672091
v 0.25447696 0.24513231 -0.21258654
v 0.24901997 0.23843439 -0.19963117
v 0.24861473 0.22121388 -0.18187867
v 0.24861473 0.22121388 -0.18187867
v 0.25224814 0.21776086 -0.18415718
v 0.25792405 0.21850748 -0.18678762
v 0.24867742 0.01329404 -0.12300607
v 0.25510547 -0.01329782 -0.1175618
v 0.25194484 -0.01685298 -0.12098337
v 0.24674925 0.04832993 -0.08057232
v 0.24875331 0.05327843 -0.04334345
v 0.25399452 0.07421779 0.06940711
v 0.25800464 0.07201149 0.14205864
v 0.25373179 0.06810263 0.05613768
v 0.25538275 0.0613096 0.08624104
v 0.25457045 0.05434446 0.08276247
v 0.25556165 0.05570631 0.10725246
v 0.2564027 0.0542805 0.1031188
v 0.25571588 0.07961625 0.11697892
v 0.25215089 0.08501193 0.07543612
v 0.25337693 0.09029368 0.12275794
v 0.25808212 0.06359441 0.15264982
v 0.25573584 0.05441692 0.12981062
v 0.25655761 0.05318927 0.12951148
v 0.25443104 0.09104616 0.15423234
v 0.25667858 0.08336437 0.15199734
v 0.25567025 0.0515957 0.1481286
v 0.25553679 0.05532545 0.15012351
v 0.25563157 0.05576641 0.17957443
v 0.25270188 0.04623566 0.1626661
v 0.25441423 0.09312559 0.20328231
v 0.25662723 0.05605804 0.19801892
v 0.24995515 0.01407541 0.19197012
v 0.24918588 0.00504433 0.20487377
v 0.25478393 0.09100408 0.21984428
v 0.25045541 -0.01024515 0.21983732
v 0.25253797 -0.01779817 0.22369082
v 0.25539404 -0.02626198 0.22348954
v 0.25205618 -0.02378067 0.22317646
v 0.25453469 -0.03094724 0.21815248
v 0.25253797 -0.01779817 0.22369082
v 0.25205618 -0.02378067 0.22317646
v 0.25539404 -0.02626198 0.22348954
v 0.2557078 0.05413794 0.23776445
v 0.25575462 0.08468167 0.23505078
v 0.24988572 0.09138256 0.25024012
v 0.25554004 0.0500387 0.25472456
v 0.24985503 0.07962074 0.26767406
v 0.25451925 0.03722497 0.26610923
v 0.25704402 0.03498462 0.27495608
v 0.25350767 0.0459599 0.27994582
v 0.25616628 0.02649703 0.27883703
v 0.25384504 0.02018042 0.27532393
v 0.25246906 0.00510817 0.28289804
v 0.25407279 0.0134096 0.28310943
v 0.25019473 0.00291874 0.28709194
v 0.2508873 -0.50039262 0.33330965
v 0.25619656 -0.49061576 0.35282123
v 0.25212285 -0.49901366 0.35601303
v 0.26028612 -0.49350435 0.36050197
v 0.25624165 -0.5000037 0.36083931
v 0.2479903 0.42345965 -0.31945193
v 0.24785425 0.42276958 -0.29103911
v 0.2504819 0.31197408 -0.23899131
v 0.23846826 0.28758982 -0.22346255
v 0.24384305 0.24660121 -0.20757678
v 0.24901997 0.23843439 -0.19963117
v 0.24595724 0.22925301 -0.18718679
v 0.25439209 0.22949442 -0.19281612
v 0.24514586 0.00805542 -0.10718924
v 0.24545532 0.00428094 -0.10990486
v 0.25298148 -0.00606731 -0.11329816
v 0.25088331 0.05391298 -0.00724494
v 0.25171462 0.05608791 0.01471072
v 0.25288448 0.05453146 0.01959687
v 0.24840613 0.08594143 0.00982177
v 0.25126362 0.07091558 0.00468922
v 0.25154194 0.06248906 0.00737428
v 0.24984917 0.09082016 0.06982624
v 0.25001737 0.09424267 0.09901451
v 0.25045425 0.09639673 0.13412637
v 0.25181267 0.09600762 0.16148692
v 0.25265068 0.05006364 0.16511206
v 0.2544575 0.04922053 0.16084549
v 0.25265068 0.05006364 0.16511206
v 0.25270188 0.04623566 0.1626661
v 0.25181267 0.09600762 0.16148692
v 0.25045425 0.09639673 0.13412637
v 0.25163248 0.09644536 0.21386765
v 0.25256109 0.05074311 0.18791071
v 0.25152421 0.03811644 0.17179112
v 0.246764 0.03224266 0.17512338
v 0.25034618 0.02136812 0.18495624
v 0.24828827 0.01734151 0.18677533
v 0.25163248 0.09644536 0.21386765
v 0.25256109 0.05074311 0.18791071
v 0.2557078 0.05413794 0.23776445
v 0.25005525 0.04879124 0.2194307
v 0.24479933 -0.02895724 0.21768589
v 0.25453469 -0.03094724 0.21815248
v 0.25087336 0.09497818 0.23417956
v 0.24792141 0.04677287 0.23922133
v 0.25554004 0.0500387 0.25472456
v 0.24776579 0.0371431 0.25713158
v 0.24995211 0.02794419 0.26524222
v 0.2476715 0.00807041 0.27336451
v 0.24907078 0.06474043 0.28102928
v 0.24663386 0.04004352 0.29284242
v 0.24783035 -0.00736472 0.2844258
v 0.24513347 -0.01063896 0.28688684
v 0.24575159 0.02066793 0.29502475
v 0.24829961 -0.49872452 0.34247184
v 0.24999075 -0.50007159 0.35204646
v 0.24260293 0.41497833 -0.33036438
v 0.25228554 0.40295112 -0.32288319
v 0.24777986 0.39940256 -0.32761717
v 0.24260293 0.41497833 -0.33036438
v 0.24239315 0.44022855 -0.30832836
v 0.24138382 0.43785372 -0.29771754
v 0.23943533 0.42335162 -0.27988827
v 0.24625102 0.40020266 -0.27280948
v 0.2376726 0.37800309 -0.25694355
v 0.25048718 0.37525249 -0.26471931
v 0.25208664 0.34559205 -0.25363615
v 0.2504819 0.31197408 -0.23899131
v 0.23813738 0.30508345 -0.22984891
v 0.23896144 0.27247059 -0.21769804
v 0.23958343 0.2582545 -0.21175951
v 0.23761559 0.2170765 -0.18077126
v 0.23761559 0.2170765 -0.18077126
v 0.23195103 -0.01008118 -0.11357145
v 0.24340548 0.03559297 -0.10994175
v 0.2430498 0.03949831 -0.10463163
v 0.24722613 0.04362672 -0.09150764
v 0.2430498 0.03949831 -0.10463163
v 0.24384503 0.04679098 -0.08901392
v 0.24825628 0.0517439 -0.06242147
v 0.24656601 0.05237115 -0.07115395
v 0.24781564 0.05472827 -0.04340889
v 0.24875331 0.05327843 -0.04334345
v 0.24768116 0.06513444 -0.05177863
v 0.24819906 0.07781683 -0.03014094
v 0.24558309 0.08682307 -0.04144698
v 0.24602559 0.09238388 0.00596431
v 0.24540801 0.09496982 0.02162015
v 0.24712695 0.09682022 0.08413544
v 0.24712695 0.09682022 0.08413544
v 0.24315475 0.09869262 0.08032767
v 0.24390419 0.1003211 0.15484726
v 0.24042776 0.02896831 0.17550357
v 0.24097674 0.01281535 0.19017927
v 0.24536324 0.09913635 0.21472362
v 0.24434054 0.00441749 0.20338526
v 0.25087336 0.09497818 0.23417956
v 0.24324879 0.09634625 0.24985339
v 0.24988572 0.09138256 0.25024012
v 0.24602583 0.04117735 0.25046223
v 0.24434137 0.09057364 0.26464337
v 0.24398656 0.07756133 0.28041103
v 0.2431024 -0.00682936 0.27806887
v 0.241203 0.06190511 0.29362717
v 0.25019473 0.00291874 0.28709194
v 0.24108975 -0.00158956 0.29475981
v 0.24513347 -0.01063896 0.28688684
v 0.24031207 0.43393233 -0.32243067
v 0.23737302 0.44178024 -0.31924012
v 0.23234545 0.44318169 -0.2881934
v 0.2376726 0.37800309 -0.25694355
v 0.23716025 0.33315104 -0.23906247
v 0.23953123 0.2455617 -0.20589732
v 0.23799892 0.23279688 -0.18912642
v 0.23787008 0.2213639 -0.1801645
v 0.23456727 0.2090926 -0.18789011
v 0.23900598 0.00547193 -0.1358095
v 0.23678169 0.01414734 -0.12364446
v 0.22907744 -0.01644017 -0.11872854
v 0.24105589 0.07993898 -0.11160996
v 0.24641635 0.06711853 -0.07828428
v 0.24336375 0.06849831 -0.10491627
v 0.24520268 0.08028702 -0.0720126
v 0.24205004 0.08799981 -0.08563814
v 0.24356173 0.05678095 -0.10093114
v 0.24674925 0.04832993 -0.08057232
v 0.24017401 0.09388964 -0.07762448
v 0.24271667 0.09436514 -0.04113942
v 0.24222043 0.09686802 -0.00909495
v 0.24222043 0.09686802 -0.00909495
v 0.24327876 0.09776669 0.03734753
v 0.24540801 0.09496982 0.02162015
v 0.2436939 0.02940371 0.17301707
v 0.2307898 0.02217712 0.17912744
v 0.23683551 0.10213584 0.21025294
v 0.23329639 -0.00552465 0.21512827
v 0.23538357 0.10119191 0.23829636
v 0.23448296 0.10000282 0.25072479
v 0.24214961 0.043266 0.23790997
v 0.24434137 0.09057364 0.26464337
v 0.24115917 -0.01750103 0.28535756
v 0.23884478 -0.01352408 0.29084021
v 0.23207638 0.04354396 0.3079972
v 0.24575159 0.02066793 0.29502475
v 0.23447679 0.01179983 0.30338922
v 0.22870822 0.45752484 -0.3090007
v 0.23258774 0.44895935 -0.29749134
v 0.23943533 0.42335162 -0.27988827
v 0.22959876 0.41776228 -0.27052179
v 0.23189327 0.38488024 -0.25656998
v 0.23457858 0.36285028 -0.24928987
v 0.23872982 0.07303379 -0.13151421
v 0.2395066 0.05952704 -0.13202123
v 0.24075305 0.04841208 -0.11757004
v 0.23800898 0.04539918 -0.13306867
v 0.23834009 0.08141398 -0.12240055
v 0.23693477 0.01865593 -0.1202463
v 0.24609295 0.0181182 -0.11831115
v 0.23651166 0.09358307 -0.10812721
v 0.23948567 0.03774179 -0.11289396
v 0.24340548 0.03559297 -0.10994175
v 0.24065591 0.0311182 -0.11475553
v 0.2289933 0.00304554 -0.10983544
v 0.24100439 0.04321088 -0.10580023
v 0.23681748 0.09728044 -0.0818417
v 0.23681748 0.09728044 -0.0818417
v 0.24271667 0.09436514 -0.04113942
v 0.23558554 0.1002473 0.01014283
v 0.23425055 0.10174777 0.09408583
v 0.23599032 0.10219467 0.13646223
v 0.24879512 0.04770934 0.20756827
v 0.23801374 0.0432757 0.22011088
v 0.23514597 0.04239128 0.19141924
v 0.23162679 0.00316909 0.20337042
v 0.21561749 -0.01952137 0.22457305
v 0.23428142 0.09671947 0.26538476
v 0.23333867 0.09160961 0.27889812
v 0.23579291 0.08820881 0.28138104
v 0.23579291 0.08820881 0.28138104
v 0.23302157 0.07884866 0.29381609
v 0.23413773 0.07087906 0.29780307
v 0.24115917 -0.01750103 0.28535756
v 0.23585483 -0.02313837 0.28585938
v 0.22320397 -0.00320321 0.30514032
v 0.23027299 0.05788978 0.30714437
v 0.23207638 0.04354396 0.3079972
v 0.2357275 0.02859771 0.30489123
v 0.22470076 0.45465425 -0.32541335
v 0.23145442 0.44020674 -0.28463405
v 0.23145442 0.44020674 -0.28463405
v 0.23189327 0.38488024 -0.25656998
v 0.22309859 0.30043119 -0.22887242
v 0.22225341 0.27539125 -0.2203276
v 0.23250872 0.2441943 -0.20617537
v 0.22821799 0.21283267 -0.18406896
v 0.23568508 0.06133845 -0.15690275
v 0.23486257 0.08736391 -0.12476969
v 0.23543052 0.04097325 -0.15393886
v 0.23499979 0.03822495 -0.14539663
v 0.23215137 0.02794488 -0.12671132
v 0.22919552 0.0093454 -0.13600436
v 0.2372213 0.0384561 -0.1176854
v 0.22967269 0.09349701 -0.12626229
v 0.23651166 0.09358307 -0.10812721
v 0.22967269 0.09349701 -0.12626229
v 0.23132545 0.09643177 -0.1131317
v 0.22862646 0.00842171 -0.10682653
v 0.23179442 0.0999282 -0.05894143
v 0.22974479 0.10195837 0.01429867
v 0.23131405 0.10220089 0.21003504
v 0.22893248 0.02724434 0.1755099
v 0.24042776 0.02896831 0.17550357
v 0.22893248 0.02724434 0.1755099
v 0.21220244 -0.02306189 0.22433414
v 0.22572164 0.40807256 -0.26390982
v 0.2175602 0.35230061 -0.24516045
v 0.22489782 0.24002607 -0.20529641
v 0.22604677 0.22605005 -0.18936586
v 0.22453079 0.21593334 -0.18256755
v 0.22453079 0.21593334 -0.18256755
v 0.22886965 0.06502035 -0.16978601
v 0.23186235 0.05805326 -0.17098397
v 0.23166038 0.04428903 -0.17020552
v 0.23146833 0.0337958 -0.15995754
v 0.22821474 0.07776799 -0.15399833
v 0.2285704 0.0200057 -0.13502271
v 0.2288529 0.09004739 -0.13478288
v 0.22919552 0.0093454 -0.13600436
v 0.2316158 0.01561611 -0.12571616
v 0.23678169 0.01414734 -0.12364446
v 0.23693477 0.01865593 -0.1202463
v 0.23148744 0.02035073 -0.12441363
v 0.21948422 0.10079472 -0.10931513
v 0.22167616 0.10171957 -0.08698073
v 0.23530735 0.02223829 -0.06455414
v 0.23043574 0.0185026 -0.06255231
v 0.23388033 0.01912188 -0.07872911
v 0.22783862 0.10202918 0.15525465
v 0.20062758 -0.01498156 0.22339177
v 0.21561749 -0.01952137 0.22457305
v 0.20783161 -0.02738626 0.22196585
v 0.22313426 0.10127056 0.25078619
v 0.22299533 0.09890667 0.26844344
v 0.22221439 -0.02583635 0.29271808
v 0.22582956 -0.03067015 0.28588155
v 0.21874863 0.02070073 0.31566611
v 0.21900079 0.00923623 0.31227335
v 0.21729432 0.03431997 0.31856066
v 0.21747616 0.46280017 -0.29485625
v 0.22388266 0.45320499 -0.28988039
v 0.21736018 0.44779181 -0.2818633
v 0.23082949 0.29374409 -0.28509402
v 0.23228551 0.26648179 -0.27551627
v 0.22027642 0.2802051 -0.2860305
v 0.21926039 0.42715722 -0.27043286
v 0.23205604 0.25044924 -0.27008006
v 0.23168935 0.23389179 -0.26391935
v 0.22297691 0.22907035 -0.27018386
v 0.22962943 0.21998791 -0.25814289
v 0.22332959 0.2149557 -0.26516739
v 0.23095715 0.2143867 -0.25353533
v 0.22628409 0.20669296 -0.25255573
v 0.21825175 0.38067403 -0.25448728
v 0.21836647 0.33705932 -0.24031886
v 0.22167625 0.25328028 -0.21202362
v 0.22566926 0.06040685 -0.18947138
v 0.2242682 0.05637537 -0.1969849
v 0.22310147 0.05042976 -0.19863352
v 0.22202373 0.04332707 -0.19622512
v 0.22482125 0.03410474 -0.18003128
v 0.22664295 0.02564994 -0.15904079
v 0.22524472 0.01880832 -0.1455911
v 0.22914518 3.38E-06 -0.1408605
v 0.22209254 0.00711066 -0.14075415
v 0.22919552 0.0093454 -0.13600436
v 0.2284961 0.01390054 -0.13310656
v 0.22850567 0.01420279 -0.08794699
v 0.22419746 0.01470635 -0.06140098
v 0.22572596 0.10184885 -0.0305458
v 0.21043101 0.0176457 0.18355219
v 0.22199385 0.09555946 0.28130075
v 0.21964669 0.08913038 0.29481086
v 0.22128527 -0.01426235 0.30051783
v 0.22014743 0.0738086 0.30878589
v 0.22111686 0.06300519 0.31343883
v 0.23027299 0.05788978 0.30714437
v 0.22111686 0.06300519 0.31343883
v 0.21795559 0.05063042 0.31791872
v 0.21777396 0.44701779 -0.33931908
v 0.22818191 0.43572211 -0.33472911
v 0.21819277 0.4549005 -0.33200023
v 0.21386184 0.46508005 -0.3272554
v 0.21589155 0.46972612 -0.30956021
v 0.22388266 0.45320499 -0.28988039
v 0.22163616 0.2465969 -0.27581552
v 0.22572164 0.40807256 -0.26390982
v 0.22332959 0.2149557 -0.26516739
v 0.22962943 0.21998791 -0.25814289
v 0.22224355 0.19830327 -0.25971767
v 0.22628409 0.20669296 -0.25255573
v 0.22185519 0.18790463 -0.25425425
v 0.22423148 0.19715461 -0.24287787
v 0.22330609 0.19538693 -0.24830602
v 0.21897987 0.30584556 -0.23116013
v 0.21952711 0.26664662 -0.21785904
v 0.22079638 0.07080591 -0.20169276
v 0.22191967 0.06612729 -0.20758444
v 0.22264478 0.06639179 -0.18803212
v 0.22296181 0.071273 -0.17253065
v 0.22046778 0.08674169 -0.15376066
v 0.2288529 0.09004739 -0.13478288
v 0.22046778 0.08674169 -0.15376066
v 0.22319579 0.01328513 -0.14016712
v 0.21386768 0.0971396 -0.13697079
v 0.198696 0.00850368 -0.10852876
v 0.20568478 0.10112205 0.05100345
v 0.22503482 0.01332755 0.14559437
v 0.22357258 0.01067592 0.15984669
v 0.22016194 0.01204899 0.14104742
v 0.21219784 0.00432775 0.20188957
v 0.21533526 0.03634502 0.22483292
v 0.21618858 -0.03624202 0.28681448
v 0.23302157 0.07884866 0.29381609
v 0.21912697 0.08164129 0.30313411
v 0.22014743 0.0738086 0.30878589
v 0.21685292 0.25834838 -0.28107917
v 0.21926039 0.42715722 -0.27043286
v 0.21058469 0.40068543 -0.26136366
v 0.21876837 0.19712897 -0.26456803
v 0.21791601 0.16444059 -0.25947043
v 0.22012787 0.15645327 -0.25217927
v 0.22104618 0.18322214 -0.24923457
v 0.22035927 0.14889511 -0.24579732
v 0.21974474 0.12567252 -0.24443398
v 0.21812071 0.12541519 -0.24917509
v 0.22036053 0.19433768 -0.24043414
v 0.21881841 0.18289837 -0.24179915
v 0.21855338 0.15518613 -0.23666812
v 0.22040166 0.12384116 -0.23621911
v 0.21746244 0.08761451 -0.23713376
v 0.22027369 0.09825409 -0.23178519
v 0.21829012 0.1293925 -0.22972733
v 0.2200608 0.08539012 -0.22890349
v 0.21935216 0.09905855 -0.22373633
v 0.21824747 0.0664093 -0.22402591
v 0.21473408 0.13869153 -0.22521937
v 0.21805155 0.10905258 -0.22245511
v 0.22045591 0.07872579 -0.21440805
v 0.22077985 0.07256292 -0.21957369
v 0.21856794 0.0902207 -0.21523678
v 0.21805155 0.10905258 -0.22245511
v 0.21569063 0.10442064 -0.21712531
v 0.21856794 0.0902207 -0.21523678
v 0.22101752 0.2357014 -0.20482576
v 0.21877098 0.07924087 -0.20793597
v 0.21817596 0.0501228 -0.21093601
v 0.21583113 0.03966579 -0.20125771
v 0.21004185 0.22366993 -0.20657064
v 0.21890561 0.21614742 -0.18696663
v 0.21275344 0.07857567 -0.19637018
v 0.21326081 0.0755445 -0.18586354
v 0.22264478 0.06639179 -0.18803212
v 0.21275344 0.07857567 -0.19637018
v 0.21452591 0.21120027 -0.18825924
v 0.21452591 0.21120027 -0.18825924
v 0.21635778 0.07571293 -0.17560624
v 0.21635778 0.07571293 -0.17560624
v 0.22482125 0.03410474 -0.18003128
v 0.22664295 0.02564994 -0.15904079
v 0.21464042 0.02952239 -0.18487707
v 0.21822013 0.01980382 -0.1590219
v 0.21209423 0.08182589 -0.17167832
v 0.22524472 0.01880832 -0.1455911
v 0.22319579 0.01328513 -0.14016712
v 0.21553941 0.01297028 -0.14673167
v 0.20609444 0.09433046 -0.15529287
v 0.19810538 -0.00999365 -0.11378929
v 0.20608477 0.10129921 0.09790147
v 0.21055113 0.02982421 0.17531617
v 0.21055113 0.02982421 0.17531617
v 0.19925262 0.02307016 0.17892791
v 0.20770352 0.10167323 0.25290444
v 0.22582956 -0.03067015 0.28588155
v 0.21294884 -0.03860575 0.28495389
v 0.21346608 -0.03327107 0.27865282
v 0.20701721 0.00292464 0.31510195
v 0.20783955 0.05802992 0.32204056
v 0.20452875 0.47812387 -0.31081009
v 0.21747616 0.46280017 -0.29485625
v 0.21589155 0.46972612 -0.30956021
v 0.21364675 0.20025633 -0.26916492
v 0.21876837 0.19712897 -0.26456803
v 0.21360604 0.17122895 -0.26468205
v 0.21791601 0.16444059 -0.25947043
v 0.21546611 0.15297209 -0.25958303
v 0.21332493 0.13372584 -0.25705209
v 0.21412584 0.11059993 -0.24969245
v 0.21265315 0.37406197 -0.25276044
v 0.21398515 0.08307929 -0.23987707
v 0.20782936 0.31514153 -0.23770142
v 0.22036053 0.19433768 -0.24043414
v 0.21224381 0.19397007 -0.23088428
v 0.21578021 0.18589202 -0.23561832
v 0.21578021 0.18589202 -0.23561832
v 0.22036053 0.19433768 -0.24043414
v 0.21865259 0.19459945 -0.23514529
v 0.21224381 0.19397007 -0.23088428
v 0.2157639 0.162633 -0.23255202
v 0.21376467 0.06775822 -0.23116165
v 0.20324248 0.26995525 -0.22691616
v 0.21424814 0.05845777 -0.22375369
v 0.21473408 0.13869153 -0.22521937
v 0.21416113 0.05108441 -0.21717308
v 0.19660614 0.23664548 -0.22005899
v 0.2114595 0.09733517 -0.21090457
v 0.20608321 0.2354112 -0.21409377
v 0.21877098 0.07924087 -0.20793597
v 0.21042196 0.08535712 -0.2034864
v 0.21275344 0.07857567 -0.19637018
v 0.22079638 0.07080591 -0.20169276
v 0.20590298 0.21816041 -0.20722635
v 0.19120753 0.00782211 -0.1098301
v 0.2110263 0.10095587 -0.11365151
v 0.20457841 0.10095754 -0.03200119
v 0.21412857 0.03290189 0.17221512
v 0.20271021 0.10242108 0.22231798
v 0.24479933 -0.02895724 0.21768589
v 0.18453394 -0.03237769 0.21568011
v 0.23434427 -0.03073637 0.21439356
v 0.20528153 0.10045804 0.26587191
v 0.20814647 0.09730847 0.2818599
v 0.20866117 -0.03444127 0.29176396
v 0.2089165 -0.01957405 0.30202621
v 0.20383959 -0.00843397 0.3103807
v 0.20573324 0.07991181 0.31215793
v 0.20279419 0.0209732 0.32237813
v 0.20874697 0.45213568 -0.34394941
v 0.20409262 0.47274831 -0.32833314
v 0.20409262 0.47274831 -0.32833314
v 0.20334822 0.47254375 -0.29586276
v 0.204504 0.46489865 -0.28924209
v 0.20420261 0.45203143 -0.27947927
v 0.20398334 0.42588243 -0.26997229
v 0.21177454 0.1512709 -0.26110587
v 0.1990823 0.33402142 -0.24475455
v 0.21044998 0.0976436 -0.247154
v 0.21398515 0.08307929 -0.23987707
v 0.20584866 0.08775258 -0.24452496
v 0.21102655 0.17765237 -0.22931848
v 0.2157639 0.162633 -0.23255202
v 0.20424993 0.17526804 -0.22345331
v 0.21122755 0.12393811 -0.21819182
v 0.20335336 0.08046297 -0.18386704
v 0.20152029 0.0892707 -0.17006791
v 0.20215897 0.09662884 -0.15112591
v 0.20449296 0.10056654 -0.12609591
v 0.20137888 0.10126201 -0.09831573
v 0.20778885 0.03128218 0.17578232
v 0.21412857 0.03290189 0.17221512
v 0.20778885 0.03128218 0.17578232
v 0.19603263 0.00685993 0.19991346
v 0.1912286 -0.00371577 0.21391496
v 0.20240565 -0.04305926 0.2865206
v 0.21294884 -0.03860575 0.28495389
v 0.20494702 0.09069505 0.29849136
v 0.20573324 0.07991181 0.31215793
v 0.20372027 0.06956542 0.31940892
v 0.22014743 0.0738086 0.30878589
v 0.20616627 0.04522345 0.3243455
v 0.20420261 0.45203143 -0.27947927
v 0.19551952 0.36067978 -0.25263813
v 0.20648518 0.18515228 -0.22647503
v 0.19763061 0.16428515 -0.217934
v 0.20141104 0.14407219 -0.21625279
v 0.20078717 0.12341549 -0.21262081
v 0.20479073 0.10118746 -0.20906697
v 0.20213409 0.08937266 -0.20296578
v 0.21416113 0.05108441 -0.21717308
v 0.21583113 0.03966579 -0.20125771
v 0.20105034 0.04013991 -0.21132106
v 0.20190655 0.08378684 -0.19716138
v 0.20190655 0.08378684 -0.19716138
v 0.21209423 0.08182589 -0.17167832
v 0.19990066 0.09913479 -0.13967249
v 0.17410605 -0.01364484 -0.11679662
v 0.17848702 0.10151885 0.1725987
v 0.20775102 0.03453159 0.17785169
v 0.19925262 0.02307016 0.17892791
v 0.20168364 0.45525566 -0.34683147
v 0.19877577 0.4672924 -0.33781618
v 0.19418076 0.47871742 -0.32891479
v 0.19873764 0.29508379 -0.23540273
v 0.20627372 0.19381191 -0.22416435
v 0.19769964 0.18203337 -0.2206161
v 0.20946121 0.19800334 -0.20886661
v 0.19931434 0.19051845 -0.20869155
v 0.20627372 0.19381191 -0.22416435
v 0.19767293 0.10108046 -0.20749016
v 0.20065792 0.19508794 -0.20159405
v 0.19877779 0.20532984 -0.20642789
v 0.20370932 0.20274107 -0.19902503
v 0.20831168 0.20430903 -0.19479346
v 0.20065792 0.19508794 -0.20159405
v 0.20831168 0.20430903 -0.19479346
v 0.21032134 0.20193967 -0.19815062
v 0.19826147 0.03039338 0.17847897
v 0.19329353 -0.02475996 0.30284667
v 0.19365698 0.06542793 0.32392356
v 0.19070099 0.4853636 -0.31133071
v 0.19426939 0.45826861 -0.2813794
v 0.19684562 0.39977205 -0.26344979
v 0.19715425 0.25034913 -0.22383645
v 0.19838475 0.18671729 -0.21870229
v 0.19346394 0.17635891 -0.21927704
v 0.19451062 0.1492205 -0.21578231
v 0.19490731 0.12695818 -0.21268657
v 0.19474716 0.09461232 -0.20581156
v 0.19437464 0.08492386 -0.19952464
v 0.19437464 0.08492386 -0.19952464
v 0.18092002 0.09820426 -0.15677115
v 0.17653112 0.10021918 -0.12478008
v 0.19826147 0.03039338 0.17847897
v 0.19197467 0.01975407 0.18357874
v 0.12626439 -0.00764969 0.21880651
v 0.1735473 0.10127976 0.25279319
v 0.18298163 0.09788793 0.28167123
v 0.19009966 -0.04157872 0.29164335
v 0.18592076 0.09053167 0.30030462
v 0.19033612 0.07304301 0.31956905
v 0.19186278 0.05107681 0.32882616
v 0.19189222 0.03474617 0.32792246
v 0.19162777 0.02169749 0.32527176
v 0.18343961 0.48562971 -0.32433841
v 0.18916975 0.4794367 -0.29748747
v 0.19105658 0.4688758 -0.28882244
v 0.19426939 0.45826861 -0.2813794
v 0.18530104 0.44635123 -0.27786565
v 0.18722847 0.27492988 -0.23245122
v 0.19186808 0.16204022 -0.21832414
v 0.18829402 0.20800655 -0.21656209
v 0.19838475 0.18671729 -0.21870229
v 0.19310369 0.18134569 -0.2086727
v 0.18602864 0.18999571 -0.21067832
v 0.1925714 0.11083922 -0.21118803
v 0.19440337 0.19043623 -0.20398925
v 0.19931434 0.19051845 -0.20869155
v 0.19456099 0.18690579 -0.20543057
v 0.19310369 0.18134569 -0.2086727
v 0.19474716 0.09461232 -0.20581156
v 0.19164675 0.08979325 -0.20637657
v 0.19437464 0.08492386 -0.19952464
v 0.19057722 0.08314268 -0.19362722
v 0.19111308 0.08432024 -0.18665147
v 0.18696679 0.09297261 -0.17283435
v 0.19115317 0.01155828 -0.10724426
v 0.19348769 0.0281103 0.17756966
v 0.19390391 0.02433003 0.17805177
v 0.19390391 0.02433003 0.17805177
v 0.12585407 -0.01296341 0.22256179
v 0.17980494 0.09347875 0.29384708
v 0.19178854 -0.0053625 0.31475559
v 0.18644032 0.08127639 0.31301561
v 0.19033612 0.07304301 0.31956905
v 0.19177324 0.00690117 0.32060039
v 0.18346126 0.48120087 -0.33480233
v 0.18891399 0.21974815 -0.2193788
v 0.19346394 0.17635891 -0.21927704
v 0.19045508 0.17147784 -0.22134428
v 0.19186808 0.16204022 -0.21832414
v 0.19191663 0.13809162 -0.21719062
v 0.19346394 0.17635891 -0.21927704
v 0.1925714 0.11083922 -0.21118803
v 0.19041841 0.10646413 -0.21414615
v 0.18671864 0.17937413 -0.2073407
v 0.18851332 0.08180327 -0.20305951
v 0.18136366 0.08397651 -0.19258974
v 0.17647795 0.0966747 -0.16746762
v 0.18346225 0.09973708 -0.14247082
v 0.18309474 0.00020196 -0.11162823
v 0.16250068 0.0986995 -0.07871506
v 0.16816786 0.09890558 0.02927414
v 0.15755579 0.09950382 0.08924755
v 0.14808944 0.10026038 0.1585314
v 0.18687008 0.01428915 0.19201414
v 0.17623711 0.00634377 0.20354143
v 0.18711336 -0.04750362 0.28681567
v 0.20011103 -0.04556141 0.28351924
v 0.17456283 0.46921057 -0.35123715
v 0.17276701 0.47920054 -0.34279048
v 0.19877577 0.4672924 -0.33781618
v 0.18210807 0.48863876 -0.31379199
v 0.17376798 0.48645252 -0.30166718
v 0.17829724 0.46138808 -0.28289303
v 0.17829724 0.46138808 -0.28289303
v 0.1719474 0.37994197 -0.26116541
v 0.17994675 0.33698633 -0.24866405
v 0.18464914 0.16745488 -0.21120466
v 0.18712692 0.16797206 -0.21685578
v 0.19346394 0.17635891 -0.21927704
v 0.18637767 0.07150535 -0.21578379
v 0.18296577 0.07748248 -0.20490594
v 0.18692017 0.07896793 -0.20866874
v 0.18259849 0.16847265 -0.20746134
v 0.18692017 0.07896793 -0.20866874
v 0.18296577 0.07748248 -0.20490594
v 0.1842076 0.08224533 -0.19505149
v 0.16362098 0.09823452 -0.03836667
v 0.16288324 -0.01933542 0.22412476
v 0.16288324 -0.01933542 0.22412476
v 0.15954386 -0.0265771 0.22183293
v 0.17264192 -0.00497451 0.31648657
v 0.17432486 0.0667298 0.32475746
v 0.17220062 0.03164095 0.32917494
v 0.17107782 0.44615844 -0.27866456
v 0.16987894 0.10170718 0.22268695
v 0.17851028 0.01192075 0.19665368
v 0.18453394 -0.03237769 0.21568011
v 0.15077157 -0.02345061 0.22343583
v 0.17690994 -0.03032664 0.30005386
v 0.17523453 0.0102086 0.32332847
v 0.17288014 0.05119748 0.33010739
v 0.16565447 0.24034013 -0.22943793
v 0.1725857 0.19652008 -0.21878986
v 0.18712692 0.16797206 -0.21685578
v 0.17900579 0.15975243 -0.21500683
v 0.18525143 0.1667119 -0.22029504
v 0.17900579 0.15975243 -0.21500683
v 0.17306228 0.15995924 -0.20855735
v 0.18184963 0.06946074 -0.2113235
v 0.17675853 0.06938133 -0.20906338
v 0.18296577 0.07748248 -0.20490594
v 0.16849034 0.09014007 -0.18683146
v 0.17351174 0.01306021 -0.10981642
v 0.15355729 0.00165422 0.20982145
v 0.16497664 0.48730025 -0.33679458
v 0.16284332 0.49218792 -0.3243995
v 0.16011004 0.49412969 -0.31639281
v 0.16210283 0.47297704 -0.28958943
v 0.16001119 0.34235036 -0.25333053
v 0.16408585 0.28487003 -0.23951378
v 0.17212309 0.15589575 -0.22026265
v 0.17158169 0.16181882 -0.20870468
v 0.15760541 0.09465306 -0.18034081
v 0.20836727 -0.02012911 -0.12635349
v 0.15144789 -0.02051361 -0.12669757
v 0.18010429 -0.02032169 -0.13102312
v 0.16522582 0.01131454 0.20202194
v 0.14412695 0.0848258 0.30866864
v 0.16335882 0.4845736 -0.34215704
v 0.1629886 0.44604281 -0.27940825
v 0.17647435 0.16328409 -0.22606495
v 0.16615616 0.15400176 -0.22861524
v 0.16029796 0.14954844 -0.21199124
v 0.15479891 -0.00651098 -0.11393163
v 0.15877362 0.01043183 -0.11126418
v 0.15942234 0.09946433 -0.12047714
v 0.15532954 0.47218692 -0.35605782
v 0.16210283 0.47297704 -0.28958943
v 0.15790056 0.46276155 -0.28543088
v 0.16154166 0.40722632 -0.26962596
v 0.16278553 0.38057464 -0.26274717
v 0.16408168 0.31394032 -0.2462125
v 0.16241235 0.14717117 -0.22131371
v 0.16649632 0.15080804 -0.21638231
v 0.15813082 0.08188976 -0.20141375
v 0.15285328 0.09920242 -0.15810569
v 0.16047758 0.09964343 -0.14433159
v 0.15287153 0.09740027 -0.01200689
v 0.10677963 -0.04846914 0.28731057
v 0.15995103 -0.05231713 0.28237095
v 0.11055262 -0.00766497 0.3151806
v 0.14596203 0.07364719 0.31990668
v 0.17432486 0.0667298 0.32475746
v 0.14307047 0.01948788 0.32684922
v 0.15251477 0.01104748 0.32423237
v 0.16937384 0.46540144 -0.35542738
v 0.15076271 0.49246711 -0.33277878
v 0.15696923 0.48984551 -0.3041665
v 0.15944508 0.33934727 -0.29187799
v 0.18612318 0.3287915 -0.28506774
v 0.15704149 0.31956118 -0.28590012
v 0.1533822 0.14871831 -0.21169324
v 0.1765651 0.06192262 -0.21254434
v 0.15057176 0.06414135 -0.21773785
v 0.14214861 0.09018286 -0.19352171
v 0.14699227 0.09704071 -0.17422853
v 0.13225238 0.10063379 0.23156312
v 0.14460145 0.48779786 -0.34530923
v 0.15230025 0.47170147 -0.28942448
v 0.14763571 0.22310886 -0.22920612
v 0.15609531 0.17305614 -0.21724062
v 0.16038711 0.06165117 -0.21595429
v 0.15546311 0.02059671 0.2068861
v 0.15956199 0.02344719 0.21069291
v 0.11403617 0.10028324 0.2531485
v 0.10574476 0.0993297 0.26773235
v 0.11623324 0.09362443 0.29331335
v 0.0901202 -0.0269087 0.30283198
v 0.14460145 0.48779786 -0.34530923
v 0.16335882 0.4845736 -0.34215704
v 0.13293748 0.4977349 -0.32489279
v 0.17179476 0.24697453 -0.26091728
v 0.15807796 0.20391785 -0.24927953
v 0.15187664 0.25268874 -0.26590106
v 0.14759609 0.30786154 -0.24683288
v 0.15794349 0.15014829 -0.2315028
v 0.15006061 0.13902579 -0.22469461
v 0.12290913 0.09784928 0.10130242
v 0.14058524 0.00723536 0.20607455
v 0.09808708 0.08149417 0.31291857
v 0.15062474 0.46605438 -0.3606756
v 0.13772176 0.47201374 -0.36052638
v 0.12155208 0.49676409 -0.31438076
v 0.14353785 0.26219839 -0.23783994
v 0.13729398 0.18107659 -0.22246842
v 0.14273296 0.13952357 -0.21574417
v 0.15360692 0.14140239 -0.22131586
v 0.12331098 0.09869453 -0.14854194
v 0.11948521 -0.01183063 -0.11645444
v 0.10801274 0.01356991 -0.11124803
v 0.12330151 0.09697149 -0.10736552
v 0.10943136 -0.01552387 0.22384106
v 0.12573193 -0.03956309 0.29414505
v 0.13826445 0.05697762 0.3285242
v 0.12854233 0.0503416 0.33057091
v 0.12791915 0.48904556 -0.30324614
v 0.13005909 0.47599196 -0.29269782
v 0.13005909 0.47599196 -0.29269782
v 0.11823114 0.43333417 -0.27926329
v 0.13167413 0.07484277 -0.21349461
v 0.11944073 -0.01569831 -0.11883723
v 0.10273721 -0.01814346 -0.12184954
v 0.18912333 -0.01714589 -0.11965075
v 0.1058797 -0.00390245 -0.11455795
v 0.13241799 0.0966175 -0.08742502
v 0.11980974 0.09411023 -0.04501222
v 0.12989883 0.09545819 -0.00480423
v 0.13399175 0.01439827 0.20628206
v 0.13393384 0.01043385 0.20574577
v 0.13393384 0.01043385 0.20574577
v 0.09194319 0.09044376 0.30044749
v 0.12749612 0.49325034 -0.30820495
v 0.115454 0.45853797 -0.28646979
v 0.11938599 0.37715334 -0.26591107
v 0.12409539 0.3332952 -0.25520185
v 0.13742895 0.13991055 -0.21419945
v 0.13118722 0.06436559 -0.22185552
v 0.13167413 0.07484277 -0.21349461
v 0.1777588 0.07496746 -0.20448528
v 0.12286772 0.09555674 -0.18518293
v 0.11053421 0.09855046 -0.16210067
v 0.10041208 0.09741736 -0.14159065
v 0.11924819 0.09446932 -0.06340869
v 0.13169858 0.09661047 0.0347581
v 0.11245199 0.09623062 0.06575387
v 0.10481697 -0.02677424 0.22205558
v 0.11026724 0.09741367 0.28223187
v 0.11954485 0.2424171 -0.23717076
v 0.13212995 0.15592477 -0.21882841
v 0.13270642 0.08494673 -0.20257576
v 0.12948389 0.00128297 0.21091907
v 0.10971508 -0.03301351 0.21585467
v 0.1422556 0.46320063 -0.36324474
v 0.11759185 0.46751073 -0.36566526
v 0.12567189 0.49559531 -0.33517131
v 0.123151 0.20960662 -0.23027067
v 0.1059035 0.09815502 -0.17386188
v 0.1108621 0.0108661 -0.11284313
v 0.13085032 0.02002573 0.21245782
v 0.13051391 0.01755252 0.20920575
v 0.10943136 -0.01552387 0.22384106
v 0.05213919 -0.01961371 0.22498338
v 0.07786632 0.06693288 0.32493159
v 0.0888338 0.03336208 0.3303811
v 0.0689703 0.02929422 0.32996005
v 0.12319016 0.47506401 -0.36012065
v 0.11748553 0.49328151 -0.34255385
v 0.10678595 0.4748221 -0.29345945
v 0.12839271 0.13416672 -0.21605869
v 0.10306947 0.09521022 -0.18928066
v 0.12521374 0.48844475 -0.34890011
v 0.10975072 0.26399171 -0.24228954
v 0.07786632 0.06693288 0.32493159
v 0.107893 0.29855156 -0.24960421
v 0.1162932 0.12497102 -0.22481841
v 0.12799005 0.12885047 -0.2249739
v 0.11798279 0.13214363 -0.21618153
v 0.08315308 -0.00773273 -0.11559612
v 0.11886226 0.10021813 0.22040123
v 0.10809763 0.01535691 0.21035284
v 0.1094874 0.00449856 0.21022502
v 0.10573937 0.49895394 -0.32627353
v 0.09522553 0.32361215 -0.25604555
v 0.1086214 0.19142909 -0.22849478
v 0.12164827 0.12609631 -0.22819357
v 0.10602027 0.14355463 -0.22080903
v 0.10380697 0.07614496 -0.21538845
v 0.10563897 0.08211168 -0.20869541
v 0.10312479 0.08931061 -0.20008327
v 0.13599454 0.02837614 -0.19241138
v 0.0996924 0.02501973 -0.19758601
v 0.12447 0.02956828 -0.20332925
v 0.08431379 0.09663148 0.13356552
v 0.09698638 0.09844554 0.16702385
v 0.09248672 0.48892123 -0.35183766
v 0.10345055 0.49676353 -0.33581141
v 0.10966985 0.12895341 -0.21797971
v 0.09661561 0.09277981 -0.06681084
v 0.10377771 0.09283197 -0.01036104
v 0.08357391 0.09246824 0.02402341
v 0.11065306 0.01026348 0.2086001
v 0.11065306 0.01026348 0.2086001
v 0.07638638 0.07366011 0.31973597
v 0.09248672 0.48892123 -0.35183766
v 0.12521374 0.48844475 -0.34890011
v 0.09517727 0.38284248 -0.26951388
v 0.09442518 0.20625925 -0.23298588
v 0.07645127 0.09506908 -0.12460767
v 0.11393173 0.015338 -0.09008569
v 0.12041827 0.01622916 -0.03555096
v 0.09737813 0.01467346 -0.04443331
v 0.0858294 0.01897149 0.22386983
v 0.10608184 0.01800147 0.21417589
v 0.13085032 0.02002573 0.21245782
v 0.09183685 0.01033862 0.3241089
v 0.06840958 0.47787076 -0.29721451
v 0.08541923 0.09626405 -0.18604644
v 0.04073377 0.09917341 0.25395933
v 0.04011237 0.04927771 0.33106446
v 0.07769795 0.49666023 -0.31363818
v 0.07635925 0.44551349 -0.28579408
v 0.09407704 0.12750061 -0.21906769
v 0.09347574 0.01254062 -0.11324824
v 0.08209723 0.09120438 -0.04156262
v 0.08211335 0.00734428 0.21048161
v 0.07899748 0.09922945 0.22668177
v 0.07836644 -0.03944427 0.29450035
v 0.05552612 -0.00042872 0.31929201
v 0.06840958 0.47787076 -0.29721451
v 0.05920999 0.4194496 -0.28067487
v 0.0827271 0.3575421 -0.26451218
v 0.08906803 0.16385458 -0.22649822
v 0.09407704 0.12750061 -0.21906769
v 0.08771739 0.1243468 -0.22217029
v 0.1162932 0.12497102 -0.22481841
v 0.10966985 0.12895341 -0.21797971
v 0.08096087 0.09770993 -0.16764314
v 0.04960613 0.09658072 -0.15995392
v 0.08202089 0.01240305 0.21052884
v 0.08211335 0.00734428 0.21048161
v 0.06522156 -0.00582426 0.21924628
v 0.06712394 0.45877895 -0.29003006
v 0.0683118 0.37755904 -0.27034953
v 0.1062979 0.12224152 -0.22886218
v 0.03463269 0.05282812 0.33044642
v 0.06604927 0.4893938 -0.30581856
v 0.07313947 0.29616114 -0.25287467
v 0.04722302 -0.01462864 -0.11954441
v 0.06961752 0.09808879 0.20040722
v 0.10608184 0.01800147 0.21417589
v 0.05130209 0.49954391 -0.32978556
v 0.07145473 0.01661128 0.21543424
v 0.07060029 0.00122789 0.21360715
v 0.01725848 -0.0069213 0.31600809
v 0.07672601 0.26398456 -0.24577376
v 0.066222 0.15917483 -0.22815226
v 0.07121679 0.13930966 -0.22387534
v 0.07694067 0.12675293 -0.22044446
v 0.10801274 0.01356991 -0.11124803
v 0.05615626 0.01294749 -0.11112074
v 0.09347574 0.01254062 -0.11324824
v 0.0670407 0.0925538 -0.09710602
v 0.04739564 0.09256543 0.08916417
v 0.04906775 0.09331046 0.29336938
v 0.03668487 0.49201959 -0.35174274
v 0.04882037 0.49806833 -0.31817493
v 0.07039972 0.33495811 -0.26062611
v 0.0769218 0.22249041 -0.23782119
v 0.07558762 0.19046581 -0.23232132
v 0.07694067 0.12675293 -0.22044446
v 0.06439559 0.09099149 -0.07065128
v 0.06754144 0.09086269 -0.00163089
v 0.07040777 0.05746165 -0.23135056
v 0.07113868 0.06850491 -0.22346412
v 0.10567228 0.061031 -0.22755578
v 0.06074845 0.12308151 -0.2221583
v 0.06948038 0.01360878 0.2100244
v 0.05590522 -0.01106754 0.22292919
v 0.02100045 -0.02849661 0.22005963
v 0.0369373 -0.02270437 0.22427508
v 0.02391252 -0.02574421 0.22249012
v 0.0091509 0.08154175 0.31319162
v 0.04395481 0.49943399 -0.32675096
v 0.04544486 0.09531956 -0.1908052
v 0.04740671 0.00618073 -0.11456104
v 0.06987544 0.01094121 0.2082772
v 0.07014448 0.00657445 0.2091855
v 0.07014448 0.00657445 0.2091855
v 0.03094519 0.01109899 0.32488599
v 0.04437627 0.49753603 -0.34129506
v 0.0489612 0.23781998 -0.24424297
v 0.03908712 -0.00374101 -0.11572409
v 0.04432163 -0.00944806 -0.11688537
v 0.0519024 0.01194238 -0.11336631
v 0.06347005 0.01679848 0.21117288
v 0.04705867 -0.01575979 0.22502822
v 0.04705867 -0.01575979 0.22502822
v 0.00095618 0.09675616 0.2826395
v 0.03750937 -0.04323936 0.29238456
v 0.06410384 0.36784172 -0.30674008
v 0.10734123 0.31582871 -0.29120904
v 0.0547342 0.3152374 -0.29454768
v 0.04608738 0.09748944 -0.17539209
v 0.0519024 0.01194238 -0.11336631
v 0.03593868 0.09770066 0.22631352
v 0.04597971 -0.04937678 0.28753859
v 0.03568303 0.4596141 -0.29163763
v 0.04471176 0.43884352 -0.28626442
v 0.041652 0.08989175 -0.20161244
v 0.04008948 0.09307792 -0.12134994
v 0.02746595 -0.01776372 -0.12220792
v 0.0026743 0.09815351 0.2682474
v 0.04983618 -0.04330944 0.27257827
v 0.02705874 -0.03838451 0.27330473
v 0.0549689 -0.02274213 0.27957308
v 0.03339321 -0.01967823 0.30762491
v 0.0077774 0.06721326 0.3251895
v 0.03382617 0.47650006 -0.29766849
v 0.04498715 0.39572406 -0.2760978
v 0.04482736 0.26725474 -0.25040755
v 0.04360141 0.19493331 -0.23727879
v 0.03859651 0.14157717 -0.22717105
v 0.01403389 0.06775565 -0.22562626
v 0.03959543 0.09001711 -0.07568828
v 0.03381259 0.0886959 -0.03988862
v 0.02661058 0.48846379 -0.35600525
v 0.03913202 0.34038934 -0.26411662
v 0.04273131 0.3031773 -0.25711089
v 0.03594536 0.07984794 -0.21362302
v 0.03608013 0.08929618 0.00083976
v 0.03251526 0.09310982 0.1275925
v 0.04052041 0.0963856 0.19496323
v 0.04685505 -0.03513916 0.29786745
v -0.04159069 0.49765536 -0.31676793
v 0.01205746 0.49632502 -0.31386581
v 0.03382617 0.47650006 -0.29766849
v 0.03907588 0.23125559 -0.24388435
v 0.03188236 0.12538718 -0.22252125
v 0.06074845 0.12308151 -0.2221583
v 0.00220089 0.09585341 -0.18911026
v 0.0077774 0.06721326 0.3251895
v 0.02887729 0.26823515 -0.25165954
v -0.01527197 0.09048196 0.30018803
v -0.00130558 0.08533891 0.30784068
v 0.00432394 0.35007742 -0.26787165
v 0.00853764 0.09295757 -0.12668291
v 0.02766545 -0.03050856 0.27602032
v 0.02394096 -0.02179411 0.27840477
v 0.00202655 -0.05399783 0.28275913
v 0.0881937 -0.05302626 0.28266081
v 0.00352004 0.13565759 -0.22714281
v 0.05290271 0.45843187 -0.35653478
v 0.05990448 0.44695228 -0.34263593
v 0.01680108 0.4579213 -0.35615772
v -0.0098278 0.49769023 -0.34217918
v 0.01937342 0.4055858 -0.27908033
v 0.01723808 0.2968697 -0.25729024
v 0.01367181 0.17394534 -0.23530862
v 0.01660021 0.0091425 -0.11412676
v 0.00687566 0.01192744 -0.11178913
v 0.00306143 0.09084683 -0.10125347
v -0.00148049 0.08794415 0.00267531
v 0.00989437 0.08973952 0.05327743
v -0.01859536 0.48910734 -0.30610502
v -0.044904 0.47997153 -0.30035299
v 0.01785208 0.22468479 -0.24376161
v -0.00596496 0.09024604 -0.2014299
v -0.00312337 -0.0104448 -0.11811136
v -0.00080689 0.09595498 0.22998218
v -0.02773763 -0.00028508 0.31951919
v -0.02286878 0.02918825 0.33016202
v -0.00536076 0.45835942 -0.29172981
v 0.00567895 0.2418609 -0.24702127
v 0.00081349 0.09747149 -0.17543668
v 0.00280858 0.08899342 -0.06949732
v 0.00485085 -0.01726256 0.22552824
v -0.00021715 0.09790128 0.25291994
v -0.02848261 0.0732602 0.32035309
v 0.05048428 0.47438058 -0.36522323
v -0.00306826 0.47404748 -0.36587983
v 0.040834 0.48200291 -0.35980034
v -0.01657493 0.35633463 -0.26950562
v 0.00433238 0.32916689 -0.2636205
v -0.00967161 0.08036806 -0.2133664
v -0.00339401 0.09003656 0.09457946
v -0.00307604 0.09292144 0.18702494
v 0.00485085 -0.01726256 0.22552824
v -0.05978302 0.03321633 0.33053997
v -0.03751011 0.43423826 -0.2860857
v -0.00330381 0.1226972 -0.22258405
v -0.00327741 0.09121616 0.13969165
v -0.05093444 -0.04942361 0.28762147
v -0.00664579 0.4020023 -0.27863413
v -0.00094954 0.17863557 -0.23658533
v -0.00140584 0.16144516 -0.23311368
v -0.03569102 0.09638757 -0.16005786
v -0.00127446 0.08781332 -0.03826882
v -0.03833484 -0.03787344 0.27280879
v -0.0062655 0.28674042 -0.25604686
v -0.01547234 -0.00536776 -0.11684694
v -0.04015691 0.49717212 -0.31556597
v -0.00578684 0.24848777 -0.24841937
v -0.06277349 0.09331713 0.29331991
v -0.05631156 0.01035799 0.32447636
v -0.05286031 0.01987286 0.32751986
v -0.04439061 0.05040695 0.3310084
v -0.02640394 0.16405009 -0.23287582
v -0.03817592 -0.01697695 -0.12238911
v -0.02649497 0.33203292 -0.26450339
v -0.03636312 0.21778953 -0.24275203
v -0.01768001 0.09311987 0.17680261
v -0.02421362 0.09818482 0.2511279
v -0.0246477 0.09831627 0.26723021
v -0.04646279 0.49251485 -0.35128599
v -0.02922854 0.0929862 -0.12584955
v -0.0152544 0.0093729 -0.11430883
v -0.0392897 0.09075548 -0.09205366
v -0.02676517 0.08880156 0.00207953
v -0.03428847 -0.01534481 0.22481765
v -0.03428847 -0.01534481 0.22481765
v -0.04437898 -0.01936012 0.22482935
v -0.05564104 -0.00744749 0.31549326
v -0.05237 0.49770266 -0.3417342
v -0.06122584 0.49947622 -0.32870117
v -0.09990662 0.09513097 -0.19060028
v -0.03051205 0.09014419 0.04941599
v -0.03172673 0.09177887 0.11643687
v -0.06539566 0.05702719 0.32880613
v -0.05089272 0.488491 -0.35569513
v -0.044904 0.47997153 -0.30035299
v -0.08115025 0.47497013 -0.29762086
v -0.04999619 0.123249 -0.22209343
v -0.01949992 0.01793372 -0.15098806
v -0.01505684 0.0163212 -0.14844218
v -0.01854672 0.01379417 -0.14862958
v -0.04890445 0.08942296 -0.03969343
v -0.0494304 0.09696356 0.21354409
v -0.04840598 -0.02304773 0.22372299
v -0.05917861 0.40551487 -0.27965075
v -0.04613863 0.2813217 -0.25495487
v -0.03776003 0.24346687 -0.24719045
v -0.06399786 0.06723408 -0.22587493
v -0.00967161 0.08036806 -0.2133664
v -0.04823563 -0.00924802 -0.11796561
v -0.041131 0.01103267 -0.10895698
v -0.0429636 0.01030487 -0.11179669
v -0.04371705 0.09893359 0.25390354
v -0.06574991 0.09751936 -0.17592861
v -0.04254144 0.00916636 -0.1140224
v -0.04501616 -0.00144018 -0.1161439
v -0.05743771 0.09039545 -0.07034335
v -0.04453794 0.18241927 -0.23592907
v -0.06600651 -0.02663937 0.22140761
v -0.11941624 0.06736575 0.32456598
v -0.0611339 0.33006445 -0.2639001
v -0.06351997 0.13401361 -0.22511989
v -0.05574443 0.09014617 -0.20116994
v -0.08977771 0.09592266 -0.18859012
v -0.05343304 0.0931332 -0.12270245
v -0.0659163 0.09682113 0.19100659
v 0.02708204 -0.03286903 0.21501827
v -0.08239686 -0.03057461 0.21766581
v -0.08853074 -0.03288351 0.21467179
v -0.07839928 0.09844446 0.21771298
v -0.07399885 0.09731252 0.28159001
v -0.06559581 0.09478824 0.13685961
v -0.06510057 -0.05336947 0.28276885
v -0.05094925 -0.04295045 0.29251087
v -0.0849985 0.45772085 -0.29177383
v -0.06182588 0.23160854 -0.2441089
v -0.00869924 0.11764822 -0.23112717
v -0.07705288 0.12268661 -0.22170745
v -0.05356238 0.11646246 -0.2368027
v -0.0624861 0.08014455 -0.21313334
v -0.07122335 0.09099314 0.00405177
v -0.06201868 0.09254695 0.07717155
v -0.07345892 0.48912925 -0.30610377
v -0.06300097 0.36324385 -0.27090195
v -0.07359196 0.30358696 -0.25836217
v -0.07311944 0.27192846 -0.25228813
v -0.06299731 0.17679562 -0.23411931
v -0.03817592 -0.01697695 -0.12238911
v -0.07707931 -0.02009091 -0.12709354
v -0.01593092 -0.02034118 -0.1265718
v -0.11941624 0.06736575 0.32456598
v -0.10372472 0.10010536 0.25409561
v -0.09242201 0.08211944 0.31228727
v -0.07963239 0.0971025 -0.16085413
v -0.14400767 0.09972156 0.26723263
v -0.0528017 0.47301668 -0.36580777
v -0.05089272 0.488491 -0.35569513
v -0.0254906 0.48063636 -0.36104125
v -0.08526917 -0.01610812 -0.12306216
v -0.09317538 0.0097545 -0.11535843
v -0.08451565 0.00676579 -0.11646724
v -0.07658265 0.09269184 -0.10069466
v -0.07520151 -0.01405317 0.22335222
v -0.07520151 -0.01405317 0.22335222
v -0.1092414 0.09995957 0.22963594
v -0.10295836 0.43728507 -0.28646842
v -0.09120151 0.09263161 0.02313004
v -0.08054645 -0.02036569 0.22356908
v -0.10627414 0.09046535 0.3004081
v -0.11257768 0.49399421 -0.34507531
v -0.07893707 0.18001007 -0.23366188
v -0.08284171 -0.01167976 -0.12054371
v -0.08335399 -0.00578604 -0.11864973
v -0.08850257 0.09162685 -0.04605489
v -0.06911305 -0.00406094 0.21760534
v -0.08100672 -0.0488255 0.28738445
v -0.10752868 0.49678835 -0.34013373
v -0.09531604 0.49474332 -0.31288594
v -0.10588944 0.40046874 -0.27787161
v -0.07778735 0.34859174 -0.26729774
v -0.08026192 0.23870717 -0.24430206
v -0.09035953 0.13418852 -0.22359148
v -0.09428022 0.12606665 -0.2209257
v -0.07705288 0.12268661 -0.22170745
v -0.07455942 0.01022506 0.21162589
v -0.07357956 0.0055707 0.21197085
v -0.07357956 0.0055707 0.21197085
v -0.09412833 -0.00669173 0.21970837
v -0.08431579 -0.04069879 0.29334286
v -0.09455133 0.48097306 -0.30046445
v -0.08100203 0.04860852 -0.23561066
v -0.08269176 0.0584102 -0.23161289
v -0.05189722 0.05236158 -0.23582934
v -0.09783712 0.08938115 -0.20101355
v -0.12454103 0.02896079 0.32949564
v -0.11787926 0.49839368 -0.32753491
v -0.09455133 0.48097306 -0.30046445
v -0.1040175 0.09715953 -0.14649275
v -0.09706431 0.09267253 -0.06686532
v -0.09555457 0.09763364 0.16795905
v -0.11701152 -0.00280292 0.31773517
v -0.12729257 0.49624911 -0.31551591
v -0.0930054 0.12349012 -0.22169523
v -0.09087051 0.0055531 0.21261424
v -0.09087051 0.0055531 0.21261424
v -0.10409714 0.48887089 -0.35307527
v -0.11511738 0.48952299 -0.30576891
v -0.10502592 0.33604035 -0.26292676
v -0.10489186 0.28786823 -0.25269723
v -0.10759517 0.16906705 -0.22808604
v -0.11121135 0.09611368 0.0871574
v -0.11026049 0.09726781 0.12550323
v -0.06769761 0.01915019 0.227072
v -0.11240385 0.02015582 0.21890295
v -0.06464756 0.01783943 0.221597
v -0.1147683 0.35349256 -0.26628816
v -0.09934751 0.20932268 -0.23664658
v -0.11929721 0.09686992 -0.12462956
v -0.14385982 -0.02005246 -0.13001499
v -0.05647824 -0.02091919 -0.12858348
v -0.13674523 -0.00754069 -0.11972736
v -0.1054659 0.09307055 0.00020354
v -0.07333962 0.01538328 0.21431892
v -0.12419547 0.0180727 0.21434385
v -0.121883 0.01458502 0.21214685
v -0.1184474 -0.04180216 0.29254618
v -0.11648421 0.01073552 0.32437703
v -0.11834259 0.25649562 -0.24411845
v -0.12018546 0.09826008 -0.17441697
v -0.12539791 0.01075899 0.2111242
v -0.11591426 -0.01555401 0.22351059
v -0.13748766 0.05181157 0.3301551
v -0.13499747 0.0341441 0.33000955
v -0.13425462 -0.01214185 0.22264373
v -0.11591426 -0.01555401 0.22351059
v -0.11578497 -0.05277069 0.28259945
v -0.1360987 0.47046399 -0.29403269
v -0.11775743 0.14268789 -0.22154047
v -0.10929624 0.1276499 -0.21934164
v -0.09557799 0.07514183 -0.21728887
v -0.12083287 0.08857687 -0.20019804
v -0.09783712 0.08938115 -0.20101355
v -0.12803626 0.09865361 -0.16360001
v -0.11069997 0.09333709 -0.04699602
v -0.11999443 -0.04220701 0.27312356
v -0.10111785 -0.02989293 0.27651611
v -0.1551989 0.07365968 0.31957981
v -0.10199402 0.47005975 -0.36524314
v -0.12486412 0.48299196 -0.35551354
v -0.10409714 0.48887089 -0.35307527
v -0.10929624 0.1276499 -0.21934164
v -0.11329556 0.126497 -0.22185306
v -0.0930054 0.12349012 -0.22169523
v -0.1000459 0.06589573 -0.22514454
v -0.1196613 0.07600428 -0.21397007
v -0.17596996 -0.01718905 -0.12722331
v -0.07707931 -0.02009091 -0.12709354
v -0.1340297 0.00104402 -0.11757256
v -0.130749 0.09516437 -0.00717095
v -0.13992321 0.10002294 0.18192305
v -0.14148811 0.00582627 0.2121581
v -0.14148811 0.00582627 0.2121581
v -0.13836437 0.24220842 -0.23899089
v -0.13390268 0.20557383 -0.23181608
v -0.13894477 0.00670677 -0.11596506
v -0.14592604 -0.02506164 0.22144128
v -0.13380633 -0.01745735 0.281488
v -0.09485004 -0.02008099 0.27877912
v -0.16596879 -0.0478868 0.28709513
v -0.19654326 0.09381676 0.29307705
v -0.16380486 -0.00719774 0.31466326
v -0.1435082 0.49333438 -0.31117684
v -0.16192074 0.47471419 -0.29406577
v -0.13244858 0.45725194 -0.28992051
v -0.13005663 0.40201148 -0.27726078
v -0.13573113 0.33622459 -0.26028857
v -0.12560929 0.1326129 -0.21838088
v -0.14089347 0.0972192 -0.09372521
v -0.18986288 -0.01924217 0.22244841
v -0.14928851 0.09773844 0.28125635
v -0.13752177 0.15919431 -0.22250342
v -0.12083287 0.08857687 -0.20019804
v -0.13397717 0.09572697 -0.18453169
v -0.13394941 0.48783755 -0.35061118
v -0.13131888 0.42628863 -0.28315166
v -0.13145919 0.28785676 -0.24985252
v -0.14568038 0.0939372 -0.18759862
v -0.13379842 0.46707305 -0.36328581
v -0.1354166 0.47091696 -0.36155376
v -0.14102812 0.4933435 -0.34129754
v -0.14874384 0.49625739 -0.32681394
v -0.15191977 0.09902615 -0.13779311
v -0.14422864 -0.01270308 -0.12214315
v -0.14741009 0.09712628 0.03171726
v -0.15141523 0.09874958 0.09703904
v -0.16162753 0.10145918 0.22740583
v -0.16196777 0.10119326 0.25273329
v -0.16560091 -0.00591161 0.21954052
v -0.15061758 0.48186186 -0.35263044
v -0.13394941 0.48783755 -0.35061118
v -0.15944156 0.48909521 -0.30535901
v -0.15683381 0.48423994 -0.30094033
v -0.16192074 0.47471419 -0.29406577
v -0.14845359 0.09705523 -0.05958887
v -0.12507837 0.01987961 0.21636222
v -0.15625344 0.01860322 0.21065909
v -0.12419547 0.0180727 0.21434385
v -0.15625344 0.01860322 0.21065909
v -0.16640311 0.01210158 0.32394198
v -0.15603068 0.49290428 -0.33687449
v -0.14519481 0.14334823 -0.21872899
v -0.14231883 0.13905555 -0.21908136
v -0.15386561 0.08303209 -0.20205428
v -0.14728342 0.0096009 -0.1141859
v -0.16518997 0.03127406 0.32900253
v -0.16747484 0.36023968 -0.26325664
v -0.15983097 0.29996529 -0.24937478
v -0.17423496 -0.03067718 0.29936764
v -0.16497557 0.00471458 0.32080483
v -0.16172843 0.45802838 -0.28791168
v -0.16457367 0.44650462 -0.28440997
v -0.16614236 0.39598417 -0.27241015
v -0.16960725 0.09009811 -0.19038592
v -0.16294503 0.0993996 -0.15927346
v -0.16408312 0.09793134 -0.01297097
v -0.16741164 0.00892452 0.21005669
v -0.19765136 0.09061705 0.30022073
v -0.15625606 0.46673951 -0.3601639
v -0.17097709 0.49251032 -0.31435794
v -0.17667194 0.4593235 -0.28713039
v -0.15850841 0.2488787 -0.23780279
v -0.16757867 0.21164878 -0.22816634
v -0.17072822 0.19504017 -0.22426146
v -0.16827248 0.15396993 -0.21674155
v -0.12614533 0.06511869 -0.22192417
v -0.1802146 0.0712017 -0.20843571
v -0.15386561 0.08303209 -0.20205428
v -0.17317744 0.09887027 0.03977054
v -0.16596954 0.0204234 0.21117836
v -0.17267776 0.05215279 0.32922664
v -0.16171968 0.48772436 -0.34433982
v -0.15928504 0.14726153 -0.21763887
v -0.14625268 0.06203135 -0.22015022
v -0.17083617 0.09654195 -0.17569962
v -0.17360134 0.09940581 -0.09029343
v -0.17376202 0.10008235 0.11446574
v -0.2046511 0.08121711 0.31250444
v -0.17464963 0.49229726 -0.32599592
v -0.16519623 0.17032865 -0.22073944
v -0.17389882 -0.00965411 -0.12099625
v -0.17541774 0.09873053 -0.03337218
v -0.14275879 0.01414386 0.21021982
v -0.17951338 -0.01250788 0.22220932
v -0.13425462 -0.01214185 0.22264373
v -0.19210041 -0.01605414 0.222441
v -0.1446822 -0.04239861 0.27392936
v -0.18115297 -0.02594363 0.28005701
v -0.14556043 -0.02813662 0.27888039
v -0.18276741 0.01515485 0.20786664
v -0.17902447 0.06646558 0.32400829
v -0.18013175 0.48488957 -0.30246416
v -0.18157278 0.32548535 -0.25297239
v -0.174891 0.26880816 -0.24019206
v -0.16827248 0.15396993 -0.21674155
v -0.17461026 0.15447873 -0.2185756
v -0.15928504 0.14726153 -0.21763887
v -0.18630448 0.09518231 -0.17542563
v -0.17596996 -0.01718905 -0.12722331
v -0.1828223 -0.01979005 -0.13080858
v -0.18933029 -0.04155871 0.29141295
v -0.1551989 0.07365968 0.31957981
v -0.20409222 0.07406046 0.31835297
v -0.17802317 0.4876532 -0.33681029
v -0.18384138 0.48619875 -0.30546406
v -0.18692803 0.47328541 -0.29337248
v -0.18714079 0.4079859 -0.27258408
v -0.18875605 0.35465321 -0.25929257
v -0.18202543 0.07853539 -0.20168582
v -0.18567757 0.00900729 -0.11443787
v -0.18230803 -0.0019497 -0.11791352
v -0.16741164 0.00892452 0.21005669
v -0.18267596 0.0025322 0.21339285
v -0.19914617 -0.02876577 0.21798164
v -0.17951338 -0.01250788 0.22220932
v -0.19155467 -0.02297091 0.22146451
v -0.2010361 0.09830636 0.28115955
v -0.18284895 0.03083859 0.32788274
v -0.1745535 0.48407146 -0.34425047
v -0.19015259 0.29183641 -0.24328421
v -0.1892397 0.1909339 -0.22051658
v -0.18607293 0.16444229 -0.21541069
v -0.20493954 0.10082895 -0.10955098
v -0.19912018 0.0998164 0.03709812
v -0.16596954 0.0204234 0.21117836
v -0.18655463 0.01956306 0.20801459
v -0.18692803 0.47328541 -0.29337248
v -0.18990441 0.16909651 -0.21585526
v -0.20824713 0.10205174 0.18182501
v -0.20012079 0.10244392 0.22809038
v -0.17238773 0.47850606 -0.35001883
v -0.19046502 0.47760218 -0.34360391
v -0.1745535 0.48407146 -0.34425047
v -0.19101149 0.44284624 -0.28104624
v -0.19107273 0.22706053 -0.22766544
v -0.19486779 0.09876088 -0.15621962
v -0.20195523 0.10031524 -0.13818918
v -0.20242442 0.10131211 0.13553746
v -0.20215324 0.10198072 0.25286105
v -0.20409222 0.07406046 0.31835297
v -0.18759249 0.0082233 0.32095262
v -0.20311287 0.05285923 0.32700917
v -0.19046502 0.47760218 -0.34360391
v -0.19098341 0.48191065 -0.3377558
v -0.19309369 0.48592034 -0.3265067
v -0.194546 0.48593092 -0.31376949
v -0.20049705 0.45977706 -0.28665093
v -0.18592227 0.07328624 -0.21022664
v -0.18640634 0.07830448 -0.2047793
v -0.19359493 0.08623736 -0.19016217
v -0.20286366 0.09980226 -0.02657175
v -0.20227198 0.10056691 0.08823002
v -0.19632557 0.00859266 0.2086919
v -0.19632557 0.00859266 0.2086919
v -0.20409192 -0.00775091 0.21874724
v -0.1909539 -0.04718486 0.2864725
v -0.19739263 -0.00613762 0.31306919
v -0.20241567 0.02185608 0.32384944
v -0.20690693 0.41090065 -0.27130869
v -0.18995273 0.1646575 -0.22512583
v -0.19001339 0.16102107 -0.22943133
v -0.18550985 0.15834717 -0.23262908
v -0.18162434 0.05696438 -0.21677539
v -0.18560413 0.06033704 -0.21690348
v -0.18640634 0.07830448 -0.2047793
v -0.19147514 0.08449797 -0.19589047
v -0.1874519 0.08569262 -0.19224872
v -0.20453292 -0.01341772 -0.12185762
v -0.20749947 -0.00742393 -0.11851167
v -0.21492571 0.1006364 0.26618597
v -0.19117707 -0.02623195 0.30156133
v -0.20028374 0.4785732 -0.30215824
v -0.20464177 0.46273988 -0.28894365
v -0.18995273 0.1646575 -0.22512583
v -0.19383723 0.16633859 -0.22282282
v -0.19001339 0.16102107 -0.22943133
v -0.19001339 0.16102107 -0.22943133
v -0.19164364 0.13637713 -0.23019488
v -0.18941659 0.1595699 -0.23471253
v -0.19150132 0.14315884 -0.23287651
v -0.19587116 0.17095445 -0.22145544
v -0.19141282 0.06521819 -0.22346072
v -0.18560413 0.06033704 -0.21690348
v -0.1977779 0.06200134 -0.23237218
v -0.18678318 0.05468558 -0.21766415
v -0.1907846 0.07644988 -0.21787229
v -0.19143574 0.08219154 -0.21294127
v -0.18592227 0.07328624 -0.21022664
v -0.19089758 0.08212543 -0.2079131
v -0.18640634 0.07830448 -0.2047793
v -0.19089758 0.08212543 -0.2079131
v -0.19480915 0.0856941 -0.20218974
v -0.2053466 0.09669352 -0.15904146
v -0.18059179 0.02362815 0.21362236
v -0.19349165 0.02387893 0.20800492
v -0.18655463 0.01956306 0.20801459
v -0.20465326 -0.00040588 0.284044
v -0.17328332 -0.00475893 0.28542015
v -0.18976921 -0.00827988 0.28459537
v -0.20323755 0.01037334 0.32012728
v -0.2035017 0.03359961 0.32611242
v -0.20225485 0.48155019 -0.3258872
v -0.19125991 0.4039906 -0.31861573
v -0.19056617 0.39048693 -0.31143323
v -0.19862759 0.39954293 -0.32234243
v -0.19363987 0.36349365 -0.30274683
v -0.19530489 0.38121542 -0.31055659
v -0.20259288 0.47298414 -0.2966226
v -0.20651904 0.44465104 -0.28079951
v -0.19056539 0.28600276 -0.27742702
v -0.19056746 0.27225515 -0.27318397
v -0.19482605 0.27423778 -0.2754643
v -0.20690373 0.36894074 -0.26072964
v -0.20776334 0.32636708 -0.24942273
v -0.19405262 0.1793154 -0.24813436
v -0.19136648 0.16921896 -0.24214293
v -0.19194472 0.16037643 -0.23951119
v -0.21416499 0.28787199 -0.23794515
v -0.20640065 0.24505813 -0.22873743
v -0.19565754 0.14805716 -0.24368893
v -0.19880046 0.11627077 -0.24301037
v -0.19445276 0.10916345 -0.23145811
v -0.19454274 0.10121646 -0.22440647
v -0.19520813 0.08569118 -0.22973812
v -0.20707428 0.21723069 -0.22244999
v -0.19587116 0.17095445 -0.22145544
v -0.19896559 0.17117375 -0.22109151
v -0.19383723 0.16633859 -0.22282282
v -0.19383723 0.16633859 -0.22282282
v -0.19421135 0.15015508 -0.22192962
v -0.19350538 0.13276356 -0.2242839
v -0.19640297 0.07745499 -0.23292619
v -0.1980626 0.0512915 -0.22610694
v -0.20192415 0.18198583 -0.21581967
v -0.19881056 0.15487397 -0.21853016
v -0.19421135 0.15015508 -0.22192962
v -0.19688529 0.14023732 -0.2192121
v -0.19470535 0.10824272 -0.21905266
v -0.19385761 0.09269788 -0.21728
v -0.20192415 0.18198583 -0.21581967
v -0.1961727 0.17478716 -0.21660234
v -0.18990441 0.16909651 -0.21585526
v -0.19511309 0.08936571 -0.21008734
v -0.19480915 0.0856941 -0.20218974
v -0.19871978 0.08994787 -0.20448357
v -0.18716708 0.03848673 -0.20791733
v -0.18387896 0.03245514 -0.19780587
v -0.19619933 0.03839394 -0.21335796
v -0.20211187 0.08636563 -0.19460934
v -0.20366521 0.08499347 -0.18762963
v -0.20477293 0.09257405 -0.17148392
v -0.18600975 0.01518451 -0.15092053
v -0.19336359 0.01158942 -0.1507473
v -0.18901338 0.01727032 -0.16133021
v -0.20333679 -0.01740115 -0.12609074
v -0.21360934 -0.01926957 -0.13027908
v -0.20333679 -0.01740115 -0.12609074
v -0.19210041 -0.01605414 0.222441
v -0.20458728 0.06739592 0.32205394
v -0.18785125 0.45952484 -0.35513309
v -0.20633441 0.45340383 -0.35099706
v -0.19845134 0.45998663 -0.35199374
v -0.20443627 0.36559111 -0.31495574
v -0.19864348 0.36621344 -0.30836987
v -0.19389552 0.34662223 -0.29729816
v -0.1938829 0.32921782 -0.29163834
v -0.19904825 0.31553066 -0.29165736
v -0.20464177 0.46273988 -0.28894365
v -0.19388397 0.30286926 -0.28382415
v -0.19869432 0.29202673 -0.28495863
v -0.19482605 0.27423778 -0.2754643
v -0.19865921 0.24634917 -0.27008778
v -0.1950331 0.24622934 -0.26673386
v -0.19466363 0.22243966 -0.26002711
v -0.19838077 0.21647158 -0.26118383
v -0.19470166 0.2005727 -0.25461406
v -0.19862941 0.1841152 -0.2545197
v -0.20377454 0.12810305 -0.25487551
v -0.20076373 0.07618167 -0.24014144
v -0.20027651 0.176557 -0.22160123
v -0.20188767 0.15916409 -0.21884446
v -0.19688529 0.14023732 -0.2192121
v -0.20195009 0.13897964 -0.2159477
v -0.19938946 0.11705597 -0.2141718
v -0.19938946 0.11705597 -0.2141718
v -0.1991004 0.09719583 -0.20930119
v -0.19871978 0.08994787 -0.20448357
v -0.20397615 0.0906231 -0.20189758
v -0.19480915 0.0856941 -0.20218974
v -0.20397615 0.0906231 -0.20189758
v -0.20527177 0.09985436 -0.14114623
v -0.21909307 -0.01439336 0.2197203
v -0.21909307 -0.01439336 0.2197203
v -0.2149376 -0.02119157 0.22027643
v -0.21105689 -0.03296286 0.29378411
v -0.20367748 0.47424853 -0.33849069
v -0.19874662 0.40596989 -0.32494527
v -0.20486724 0.39307675 -0.32405013
v -0.21011531 0.47812939 -0.31313136
v -0.21601839 0.47028279 -0.30156839
v -0.20477477 0.34155551 -0.30793986
v -0.20748278 0.25856474 -0.28760251
v -0.20778841 0.24367115 -0.28394675
v -0.203784 0.21158464 -0.26909018
v -0.20230795 0.19547942 -0.26231056
v -0.20780493 0.15460674 -0.26651141
v -0.20413461 0.09296731 -0.24855652
v -0.20395505 0.07443787 -0.24364626
v -0.20542333 0.06350216 -0.23989925
v -0.20607167 0.04618761 -0.22718626
v -0.2075614 0.18278316 -0.22375691
v -0.20620988 0.17488843 -0.22316067
v -0.20716082 0.20353906 -0.21898983
v -0.20617665 0.18566728 -0.21543092
v -0.20427854 0.11774427 -0.21218647
v -0.20210966 0.11359505 -0.21162893
v -0.1991004 0.09719583 -0.20930119
v -0.20525697 0.09841071 -0.20684873
v -0.20868014 0.00881708 -0.11276518
v -0.21866946 0.00773325 0.20530289
v -0.2350373 0.10244489 0.23077233
v -0.21627665 -0.039373 0.28722298
v -0.20218717 -0.04680672 0.28283843
v -0.21786973 0.45987719 -0.34101972
v -0.21796678 0.46502778 -0.33554652
v -0.20367748 0.47424853 -0.33849069
v -0.21525028 0.47321656 -0.32617044
v -0.20740472 0.37425008 -0.32014254
v -0.2094474 0.35877007 -0.3165369
v -0.20933461 0.34258887 -0.31250584
v -0.214459 0.46930018 -0.29838735
v -0.21644554 0.45727667 -0.28849506
v -0.20790625 0.3092106 -0.30121109
v -0.20851588 0.28029743 -0.29467613
v -0.20815443 0.20730868 -0.27557567
v -0.20843077 0.17801382 -0.27079681
v -0.20821211 0.10278888 -0.255741
v -0.20842928 0.07854193 -0.24855292
v -0.21098544 0.17512004 -0.22617677
v -0.20937565 0.15222852 -0.22082826
v -0.2090494 0.19089875 -0.21496916
v -0.20950575 0.13196936 -0.21675798
v -0.21175466 0.19056174 -0.21368705
v -0.20832857 0.11406629 -0.21206023
v -0.21237941 0.08230753 -0.18589643
v -0.21451496 0.08215343 -0.1817136
v -0.22120583 0.09703398 -0.14233543
v -0.20291987 0.01118786 -0.03861786
v -0.22139911 0.01164289 -0.07913429
v -0.19814502 0.01092215 -0.0913515
v -0.21987513 0.10109163 0.12040942
v -0.22260882 0.09779814 0.28127816
v -0.2178423 0.09021017 0.29977313
v -0.21926266 0.07923694 0.31261241
v -0.22093548 0.01105471 0.31616363
v -0.21831924 0.05361535 0.32344162
v -0.21017529 0.32660228 -0.30807179
v -0.21199088 0.3096934 -0.30435064
v -0.21253976 0.28945088 -0.2996327
v -0.21644554 0.45727667 -0.28849506
v -0.21321988 0.26332206 -0.29319626
v -0.21283229 0.24601825 -0.28904155
v -0.21983701 0.44123802 -0.28087568
v -0.21290091 0.22970329 -0.28484815
v -0.21288012 0.20754008 -0.2797012
v -0.22013059 0.42233765 -0.27381015
v -0.21143031 0.18930921 -0.27556849
v -0.21268964 0.17053831 -0.27320725
v -0.21221368 0.15109761 -0.26926482
v -0.22109468 0.39789829 -0.266927
v -0.21239857 0.13197428 -0.26544419
v -0.21281451 0.11414844 -0.26135969
v -0.22414495 0.25923797 -0.22721359
v -0.21442695 0.18848419 -0.23077743
v -0.2157401 0.18250991 -0.23372941
v -0.21849377 0.24121019 -0.22275588
v -0.21013683 0.22784919 -0.22329602
v -0.21329387 0.2122357 -0.21036705
v -0.21309304 0.19331132 -0.20960735
v -0.21360804 0.11223154 -0.21428393
v -0.21767211 0.20100795 -0.20050335
v -0.21347125 0.09997743 -0.20980741
v -0.21338058 0.09164643 -0.20514344
v -0.21387695 0.08451224 -0.19684763
v -0.21387695 0.08451224 -0.19684763
v -0.22002824 0.08869419 -0.1641707
v -0.22100836 0.09378123 -0.15272444
v -0.22131513 0.0999426 -0.12403023
v -0.24828976 -0.01651521 -0.12749113
v -0.22347809 0.09994206 -0.02112581
v -0.22391982 -0.00377062 0.21345608
v -0.21579 -0.02828121 0.21675515
v -0.23419905 0.10152621 0.25392666
v -0.22125413 -0.01070836 0.30583307
v -0.21796678 0.46502778 -0.33554652
v -0.22234264 0.3477183 -0.25333741
v -0.21872419 0.23464672 -0.21579126
v -0.21495594 0.22181126 -0.21210784
v -0.21376558 0.14186333 -0.22306399
v -0.21591832 0.19565414 -0.20476064
v -0.21744451 0.08504246 -0.20239963
v -0.21703151 0.07940276 -0.18807541
v -0.21974693 0.07759764 -0.18218192
v -0.24493852 -0.01158261 -0.12180022
v -0.22227408 0.10078288 -0.10956868
v -0.22307658 0.10064694 -0.07061618
v -0.22240822 0.1001659 0.04924914
v -0.21866946 0.00773325 0.20530289
v -0.22798391 -0.02989986 0.29133198
v -0.21926266 0.07923694 0.31261241
v -0.21856728 0.06644675 0.3197127
v -0.22424957 0.03897008 0.32148641
v -0.21879046 0.02826749 0.32180923
v -0.22432245 0.46506572 -0.3270199
v -0.22054794 0.4709478 -0.31248981
v -0.21794645 0.23893626 -0.2459452
v -0.22338168 0.24351622 -0.24672884
v -0.22325893 0.23844393 -0.24968338
v -0.22072689 0.14048953 -0.23533358
v -0.21777861 0.13257155 -0.22703989
v -0.2181088 0.10339339 -0.21747212
v -0.2179964 0.09218573 -0.21076569
v -0.22125071 0.21814546 -0.20231707
v -0.22700486 0.2250517 -0.20153424
v -0.22624049 0.20834954 -0.19458985
v -0.21744451 0.08504246 -0.20239963
v -0.23566569 0.00296454 -0.1133261
v -0.22432245 0.46506572 -0.3270199
v -0.23093309 0.46174648 -0.31288886
v -0.21525028 0.47321656 -0.32617044
v -0.2168228 0.40872967 -0.32808739
v -0.21833588 0.39800918 -0.32324207
v -0.22398828 0.3997499 -0.32521853
v -0.22054794 0.4709478 -0.31248981
v -0.21601839 0.47028279 -0.30156839
v -0.23124993 0.45752808 -0.30026472
v -0.214459 0.46930018 -0.29838735
v -0.229608 0.4497515 -0.29044545
v -0.23092487 0.42760891 -0.27795619
v -0.23339823 0.41309267 -0.27299994
v -0.23031652 0.37060559 -0.25941268
v -0.23211882 0.33684725 -0.24950233
v -0.22633751 0.21468237 -0.24561715
v -0.218641 0.18674858 -0.23852299
v -0.22340475 0.18622611 -0.24268879
v -0.22355607 0.17769316 -0.2475125
v -0.23425239 0.31289965 -0.24198216
v -0.23630883 0.28759158 -0.23401435
v -0.22568585 0.21538164 -0.23644456
v -0.21838385 0.22109066 -0.2380068
v -0.21838385 0.22109066 -0.2380068
v -0.22568585 0.21538164 -0.23644456
v -0.2218062 0.22309966 -0.23343706
v -0.21777861 0.13257155 -0.22703989
v -0.22072689 0.14048953 -0.23533358
v -0.22185661 0.1014768 -0.22546148
v -0.2353569 0.24547376 -0.21926488
v -0.22773853 0.23572436 -0.21117587
v -0.22596063 0.20360132 -0.19488384
v -0.22221114 0.07541178 -0.19816534
v -0.22562723 0.06967347 -0.18615146
v -0.21703151 0.07940276 -0.18807541
v -0.22597943 0.08069356 -0.1681748
v -0.23670058 0.08945714 -0.14213218
v -0.23874666 0.10115361 0.14195246
v -0.2456481 -0.00397249 0.17613603
v -0.20447209 -0.00714492 0.18006882
v -0.24863149 -0.01135589 0.18061502
v -0.22173055 0.02827139 0.19222927
v -0.22563612 0.02859403 0.19367634
v -0.22388315 0.02620122 0.18921429
v -0.24649855 -0.01123277 0.21362114
v -0.2392239 0.09971137 0.26413438
v -0.23389167 0.08927423 0.29518872
v -0.23093498 0.06744045 0.31457967
v -0.23148514 0.05342415 0.31858367
v -0.229608 0.4497515 -0.29044545
v -0.23187101 0.43946287 -0.28447133
v -0.23187101 0.43946287 -0.28447133
v -0.23552871 0.09299593 -0.13500899
v -0.23518147 0.09636854 -0.12421388
v -0.23831387 0.09830326 -0.02038983
v -0.23260713 0.09918932 -0.01032215
v -0.23550853 0.09949449 0.03563952
v -0.22931591 0.02656178 0.18560223
v -0.23112445 0.01944102 0.18616231
v -0.22434241 0.02295454 0.18605131
v -0.22563612 0.02859403 0.19367634
v -0.22931591 0.02656178 0.18560223
v -0.22434241 0.02295454 0.18605131
v -0.23112445 0.01944102 0.18616231
v -0.2384802 0.00030641 0.20569488
v -0.23238638 -0.0175036 0.21801059
v -0.23342934 -0.0230014 0.2167163
v -0.23768383 -0.02993863 0.28695121
v -0.22661561 -0.0384212 0.28257552
v -0.22931953 0.08047483 0.30715862
v -0.23133747 0.02505875 0.3169319
v -0.23202881 0.43194613 -0.34324577
v -0.23465803 0.43624777 -0.3410503
v -0.22068951 0.44708574 -0.34697184
v -0.2288039 0.20285557 -0.24380076
v -0.23239233 0.202668 -0.24137239
v -0.22885123 0.20692581 -0.23898433
v -0.23717958 0.25898632 -0.22405441
v -0.23653693 0.24115789 -0.21322446
v -0.2346251 0.23224056 -0.20335363
v -0.23391485 0.22532155 -0.19838977
v -0.23483177 0.21350814 -0.19267324
v -0.23802976 0.21034057 -0.19164567
v -0.23625007 0.20417482 -0.19395499
v -0.23073032 0.05996038 -0.2072413
v -0.23378585 0.05355778 -0.19406368
v -0.23108351 0.06124378 -0.18863297
v -0.22597943 0.08069356 -0.1681748
v -0.2346343 0.08301599 -0.15460059
v -0.22002824 0.08869419 -0.1641707
v -0.23670058 0.08945714 -0.14213218
v -0.23872928 0.09720707 -0.10768972
v -0.25003782 0.0064908 -0.11014709
v -0.23362775 0.09909347 -0.08835305
v -0.23375607 0.02392709 0.18229792
v -0.25379437 0.1021003 0.21270061
v -0.23238638 -0.0175036 0.21801059
v -0.23612341 0.0963205 0.28070065
v -0.23510247 -0.00926198 0.3023515
v -0.23564622 0.00897097 0.31048352
v -0.23315106 0.37312502 -0.31651682
v -0.22676635 0.36743119 -0.31200492
v -0.23505858 0.3603788 -0.31136307
v -0.23243795 0.32541069 -0.29518104
v -0.2297572 0.32732767 -0.29716158
v -0.23243795 0.32541069 -0.29518104
v -0.23983034 0.32056737 -0.29745194
v -0.23240325 0.31202739 -0.28743345
v -0.23546675 0.30983892 -0.28518102
v -0.23346215 0.31192443 -0.28163677
v -0.23346215 0.31192443 -0.28163677
v -0.23226492 0.29867885 -0.27905452
v -0.23651192 0.29635012 -0.28145722
v -0.24455975 0.3715077 -0.26276329
v -0.24572711 0.3456125 -0.25469914
v -0.23239233 0.202668 -0.24137239
v -0.23702705 0.20161834 -0.23617084
v -0.23355776 0.20564444 -0.22211792
v -0.24302621 0.01292748 0.18892345
v -0.24807134 -0.01494662 0.21503013
v -0.25631714 -0.02462811 0.21185221
v -0.23156282 -0.02828855 0.21314798
v -0.22931953 0.08047483 0.30715862
v -0.24129154 0.0684642 0.30867636
v -0.23927496 0.03801301 0.31468573
v -0.25077015 0.3583726 -0.32033432
v -0.24001332 0.4390609 -0.29060391
v -0.24228074 0.41917703 -0.27975273
v -0.23546675 0.30983892 -0.28518102
v -0.23933262 0.30624628 -0.28509218
v -0.24363662 0.30317739 -0.28220615
v -0.24612886 0.30782843 -0.24189721
v -0.23261707 0.19730075 -0.24434933
v -0.24375689 0.19775364 -0.2475609
v -0.23655424 0.19961809 -0.24324977
v -0.24243191 0.20126262 -0.22402018
v -0.24781588 0.24478795 -0.21855353
v -0.23797837 0.20444407 -0.21978633
v -0.24775024 0.23256999 -0.20375971
v -0.24703655 0.2250123 -0.19824068
v -0.24301542 0.09089865 -0.12591739
v -0.2475176 0.09012774 -0.11218919
v -0.25084543 -0.00565023 -0.11765044
v -0.24260697 0.09685919 -0.08157703
v -0.2445059 0.09814472 0.03434813
v -0.24920076 0.0994014 0.09392176
v -0.23432091 0.03003766 0.18249483
v -0.24139775 0.03346623 0.18228905
v -0.24512012 0.0279644 0.17864776
v -0.23375607 0.02392709 0.18229792
v -0.24542993 0.01909097 0.18248118
v -0.25401294 -0.01991653 0.2142574
v -0.25401294 -0.01991653 0.2142574
v -0.25209627 0.09664316 0.2668514
v -0.24768272 0.09230354 0.28059742
v -0.24746156 -0.01983721 0.28981608
v -0.2464314 0.08228707 0.29464352
v -0.24129154 0.0684642 0.30867636
v -0.24668874 0.05240645 0.30979621
v -0.24752946 0.02110823 0.30773884
v -0.25165871 0.33951819 -0.31370997
v -0.23929237 0.32846713 -0.30101055
v -0.2445174 0.30452654 -0.28516433
v -0.24912415 0.29728079 -0.28245127
v -0.24597783 0.39445195 -0.27162659
v -0.24677309 0.20072155 -0.24415717
v -0.24589057 0.20164968 -0.23532425
v -0.24891564 0.28468969 -0.23430668
v -0.24853967 0.25972068 -0.22486481
v -0.2441301 0.20453329 -0.21929356
v -0.2441301 0.20453329 -0.21929356
v -0.24713314 0.21149944 -0.21819472
v -0.23788087 0.2086921 -0.21763965
v -0.24644804 0.21661788 -0.19365412
v -0.24406722 0.08072467 -0.1424395
v -0.25125885 0.09003366 -0.0853831
v -0.24497125 0.09668916 -0.0209668
v -0.24512012 0.0279644 0.17864776
v -0.25311166 0.10091561 0.15746413
v -0.23156282 -0.02828855 0.21314798
v -0.25631714 -0.02462811 0.21185221
v -0.24931599 -0.02803425 0.20824328
v -0.25138742 0.10079642 0.2470818
v -0.24954487 -0.003307 0.29838994
v -0.24494967 0.31775472 -0.29796943
v -0.24868169 0.32140708 -0.29721323
v -0.25005728 0.31319004 -0.2955541
v -0.24418767 0.44270143 -0.30059168
v -0.2462699 0.42726493 -0.28761366
v -0.2445174 0.30452654 -0.28516433
v -0.24835213 0.30516186 -0.28791341
v -0.25034299 0.30657899 -0.28461355
v -0.25034299 0.30657899 -0.28461355
v -0.25039706 0.30251807 -0.28268242
v -0.24363662 0.30317739 -0.28220615
v -0.24103551 0.27819824 -0.25113541
v -0.24646387 0.27160081 -0.24911393
v -0.2467899 0.28579995 -0.25498337
v -0.24895342 0.32086793 -0.24761026
v -0.25110087 0.20054233 -0.25014785
v -0.24977322 0.20516424 -0.2316387
v -0.24857658 0.2048043 -0.22176379
v -0.24673682 0.21742131 -0.22129701
v -0.23864093 0.21410502 -0.21725741
v -0.25378796 0.2072992 -0.1969578
v -0.24301542 0.09089865 -0.12591739
v -0.2511431 0.08282934 -0.12532277
v -0.2475176 0.09012774 -0.11218919
v -0.25024694 0.09264211 -0.03446091
v -0.25019476 0.09656892 0.02923001
v -0.24139775 0.03346623 0.18228905
v -0.25337452 0.03830747 0.18250476
v -0.24670988 0.03334044 0.1789695
v -0.257976 0.01023703 0.18917435
v -0.25720778 -0.0050855 0.20627095
v -0.25408393 0.01121505 0.3008143
v -0.25255778 0.03518062 0.30586269
v -0.2444265 0.32688624 -0.30332285
v -0.24494967 0.31775472 -0.29796943
v -0.25399974 0.32034722 -0.3070226
v -0.24494967 0.31775472 -0.29796943
v -0.25100219 0.31215581 -0.29873255
v -0.25367674 0.31198949 -0.30223364
v -0.25185433 0.32524857 -0.29518554
v -0.25005728 0.31319004 -0.2955541
v -0.25063896 0.31131434 -0.29295301
v -0.24835213 0.30516186 -0.28791341
v -0.25034299 0.30657899 -0.28461355
v -0.25156662 0.29932144 -0.2814005
v -0.25068116 0.29540375 -0.28527835
v -0.25237018 -0.48276815 -0.27747968
v -0.25174242 -0.47679442 -0.26547405
v -0.24850214 -0.48291433 -0.26494157
v -0.25504348 -0.47741044 -0.27651915
v -0.2516343 0.35494715 -0.26101956
v -0.25164795 0.27772883 -0.25482249
v -0.25148237 0.2033802 -0.24873579
v -0.25054404 0.24916355 -0.24208902
v -0.24678698 0.24605457 -0.23747946
v -0.25033453 0.2300574 -0.23463529
v -0.24620309 0.22560345 -0.22954743
v -0.24568069 0.22154443 -0.22652817
v -0.25046173 0.21700551 -0.23015991
v -0.24673682 0.21742131 -0.22129701
v -0.25004813 0.21280935 -0.22411931
v -0.25419492 0.24290952 -0.21929704
v -0.24713314 0.21149944 -0.21819472
v -0.24857658 0.2048043 -0.22176379
v -0.25517637 0.2364012 -0.21151708
v -0.25613049 0.22206919 -0.19994253
v -0.23625007 0.20417482 -0.19395499
v -0.25378796 0.2072992 -0.1969578
v -0.25314084 0.20055595 -0.20252599
v -0.25746241 0.08327177 -0.08385465
v -0.25125885 0.09003366 -0.0853831
v -0.25379395 0.09689619 0.06476104
v -0.24670988 0.03334044 0.1789695
v -0.25572023 0.03283446 0.17681019
v -0.25638056 0.02698674 0.17791408
v -0.25696489 0.01782546 0.18264116
v -0.25612828 -0.01464713 0.28723481
v -0.25403595 -0.02082762 0.28264505
v -0.25625202 -0.00798062 0.29179949
v -0.25479919 0.06933678 0.29666278
v -0.25479919 0.06933678 0.29666278
v -0.25838366 0.29087114 -0.29511547
v -0.25407627 0.42606565 -0.29989764
v -0.25562045 0.41089764 -0.28881258
v -0.25362134 0.32466486 -0.29165602
v -0.25362134 0.32466486 -0.29165602
v -0.24835213 0.30516186 -0.28791341
v -0.25068116 0.29540375 -0.28527835
v -0.25838366 0.29087114 -0.29511547
v -0.25306943 0.31227839 -0.27783599
v -0.25068116 0.29540375 -0.28527835
v -0.25787389 0.28164569 -0.28910166
v -0.2537232 0.32903883 -0.28423238
v -0.25522113 0.28515747 -0.28287709
v -0.25156662 0.29932144 -0.2814005
v -0.25039706 0.30251807 -0.28268242
v -0.25398907 0.29876301 -0.27582723
v -0.251627 0.32840729 -0.27574411
v -0.25095773 0.31030723 -0.2673009
v -0.25387385 0.29969829 -0.27082714
v -0.25104779 0.29019856 -0.25970322
v -0.25164795 0.27772883 -0.25482249
v -0.25496432 0.27690715 -0.25935262
v -0.25825533 -0.47516242 -0.25528827
v -0.25355735 -0.48338857 -0.25570408
v -0.25843111 0.3221854 -0.25363562
v -0.2506749 0.26454407 -0.24942566
v -0.25511119 0.24919686 -0.24997494
v -0.25890592 0.28598824 -0.23981427
v -0.25446656 0.22750685 -0.24203111
v -0.2537787 0.21407774 -0.23804647
v -0.25478193 0.20987295 -0.24680689
v -0.24977322 0.20516424 -0.2316387
v -0.25148237 0.2033802 -0.24873579
v -0.25860858 0.25808096 -0.22846557
v -0.25517637 0.2364012 -0.21151708
v -0.25613049 0.22206919 -0.19994253
v -0.24775024 0.23256999 -0.20375971
v -0.26036102 0.21015181 -0.20028648
v -0.24644804 0.21661788 -0.19365412
v -0.25378796 0.2072992 -0.1969578
v -0.25475541 0.08235586 -0.10946262
v -0.25387818 0.09035817 -0.03906965
v -0.25740325 0.08954639 -0.00987718
v -0.26531366 0.09012908 0.0745913
v -0.25960156 0.09686849 0.10533506
v -0.26043662 0.0983893 0.14081259
v -0.25588134 0.0375924 0.17842115
v -0.25638056 0.02698674 0.17791408
v -0.26375589 -0.01469153 0.21152286
v -0.26303127 0.10017968 0.22455877
v -0.26304713 0.09072989 0.26518735
v -0.25806955 0.08385545 0.28139976
v -0.26100916 0.0528027 0.2962572
v -0.25367674 0.31198949 -0.30223364
v -0.26068398 0.29699993 -0.29945397
v -0.2507323 0.41179624 -0.28261667
v -0.26024291 0.39282534 -0.28449529
v -0.25956333 0.2701498 -0.28380838
v -0.25237018 -0.48276815 -0.27747968
v -0.26666102 -0.4825874 -0.29005253
v -0.26418984 -0.47342044 -0.2837542
v -0.25667372 0.37589434 -0.27217209
v -0.25746289 0.27972072 -0.27480751
v -0.25565898 -0.47152042 -0.26480028
v -0.26102826 -0.47083813 -0.27809718
v -0.25685474 0.27318522 -0.26404774
v -0.26302579 0.33186442 -0.26187557
v -0.25843111 0.3221854 -0.25363562
v -0.2516343 0.35494715 -0.26101956
v -0.25815675 0.24745387 -0.25730509
v -0.26029158 -0.46640545 -0.26451468
v -0.26168054 0.22346242 -0.26213893
v -0.25727752 0.21605512 -0.25143266
v -0.25964659 0.20342302 -0.2573489
v -0.25110087 0.20054233 -0.25014785
v -0.25355735 -0.48338857 -0.25570408
v -0.25825533 -0.47516242 -0.25528827
v -0.26347673 -0.4832792 -0.24826314
v -0.25419492 0.24290952 -0.21929704
v -0.26404053 0.23955172 -0.22354321
v -0.26291838 0.20006661 -0.20768192
v -0.25430328 0.02260581 -0.14018691
v -0.26219454 0.01813847 -0.14040732
v -0.2593579 0.02499407 -0.13195223
v -0.25499776 0.03320097 -0.12778336
v -0.26140523 0.03534805 -0.11780492
v -0.25818935 0.03893552 -0.11466832
v -0.26690707 -0.01008277 -0.12103005
v -0.26470435 0.01076523 -0.10507479
v -0.27009064 -0.00328235 -0.11579773
v -0.25209567 0.01064245 -0.10588985
v -0.27086115 0.01584418 -0.09917887
v -0.26049024 0.0825406 -0.0435714
v -0.25740325 0.08954639 -0.00987718
v -0.25387818 0.09035817 -0.03906965
v -0.26072323 0.08978894 0.03887046
v -0.26451218 0.10023594 0.1993866
v -0.25571501 0.0342174 0.17502774
v -0.26750812 0.03260344 0.17743737
v -0.26456112 0.02704842 0.17884153
v -0.26652887 -0.00603506 0.20626941
v -0.26818699 -0.01767298 0.21248411
v -0.26818699 -0.01767298 0.21248411
v -0.26429984 -0.02463148 0.21144833
v -0.2635307 0.09672564 0.25002432
v -0.26412842 -0.00695552 0.28314254
v -0.2613273 0.02924547 0.29735497
v -0.26051173 -0.49118531 0.330221
v -0.25845888 -0.50016189 0.3302058
v -0.25965992 -0.49898493 0.32139203
v -0.25959119 -0.49932298 0.34039539
v -0.25838366 0.29087114 -0.29511547
v -0.26544806 0.28344285 -0.29580671
v -0.26031595 0.41208282 -0.29973066
v -0.26282257 0.27091902 -0.29024616
v -0.26344508 0.25845197 -0.28561783
v -0.26111633 0.25815007 -0.27911794
v -0.26350313 0.24654047 -0.27959257
v -0.26418984 -0.47342044 -0.2837542
v -0.26204008 0.36390743 -0.27320907
v -0.26257062 0.23659141 -0.27039969
v -0.26637736 -0.46192384 -0.27361113
v -0.26273748 0.21016486 -0.2610566
v -0.26426551 -0.46760911 -0.25383002
v -0.26426551 -0.46760911 -0.25383002
v -0.26380122 0.22376055 -0.20736861
v -0.26832831 0.20180513 -0.20955633
v -0.26832831 0.20180513 -0.20955633
v -0.26345283 0.02533629 -0.13011426
v -0.26470858 -0.01887077 -0.12986735
v -0.26463079 0.04080577 -0.10917418
v -0.25968271 0.04503082 -0.09734189
v -0.26251021 0.05104048 -0.06481948
v -0.26555532 0.05220985 -0.0391073
v -0.26324451 0.05269199 -0.04324521
v -0.26372325 0.07663931 -0.03488378
v -0.26276699 0.0825399 -0.01642701
v -0.26551875 0.08056349 -0.00210107
v -0.26774728 0.08229187 0.04210247
v -0.26072323 0.08978894 0.03887046
v -0.27055636 0.09028304 0.1238112
v -0.26653591 0.09656542 0.14720768
v -0.26709387 0.03465097 0.1752162
v -0.26456112 0.02704842 0.17884153
v -0.26586336 0.01813895 0.184374
v -0.26364034 0.00979405 0.19001462
v -0.26408988 0.07998563 0.27808446
v -0.26032281 0.00557876 0.29399905
v -0.26605248 0.00540516 0.28742409
v -0.26210171 -0.50011569 0.31424266
v -0.26886043 -0.48691911 0.31007418
v -0.26335469 -0.49003527 0.31675482
v -0.26611003 -0.48522893 0.31493044
v -0.26641625 -0.48295975 0.32785815
v -0.26372316 -0.49081695 0.34448525
v -0.26241255 -0.50015724 0.34694073
v -0.26282257 0.27091902 -0.29024616
v -0.26790121 0.26823357 -0.29125315
v -0.26344508 0.25845197 -0.28561783
v -0.26749894 0.24710333 -0.28345785
v -0.26747519 0.23159774 -0.27738339
v -0.27118659 -0.46155652 -0.27841973
v -0.26102826 -0.47083813 -0.27809718
v -0.27118659 -0.46155652 -0.27841973
v -0.26748458 0.21823071 -0.27180037
v -0.26820594 0.34120402 -0.27271548
v -0.26350918 -0.45876235 -0.26377743
v -0.26170725 -0.46426564 -0.26442984
v -0.26646969 0.20054668 -0.26335463
v -0.26644385 -0.43634111 -0.26451623
v -0.26459917 -0.44676113 -0.25347224
v -0.26474833 0.27345994 -0.23990187
v -0.26921162 0.27942488 -0.24786521
v -0.26605636 -0.45197392 -0.25049254
v -0.26775452 -0.47004232 -0.25016314
v -0.26513243 -0.42512786 -0.24622747
v -0.27224746 -0.47581142 -0.24784917
v -0.26536301 -0.40034255 -0.24425991
v -0.26594809 -0.39594504 -0.23796405
v -0.26999813 -0.42328981 -0.23861469
v -0.25860858 0.25808096 -0.22846557
v -0.27184522 0.23605658 -0.23015425
v -0.26918724 0.20952706 -0.20799166
v -0.26513174 -0.01302751 -0.1501271
v -0.26056832 -0.0165533 -0.14591968
v -0.26637957 -0.01755633 -0.14899448
v -0.27292055 0.0200256 -0.13914697
v -0.26263401 -0.02050046 -0.13942648
v -0.26634848 -0.02079615 -0.1326156
v -0.26656646 -0.02574199 -0.13971524
v -0.27134141 0.00421813 -0.11102735
v -0.26754609 0.05254652 -0.02318305
v -0.26511836 0.05273927 -0.03087026
v -0.26531366 0.09012908 0.0745913
v -0.27248669 0.09683614 0.19883421
v -0.2667166 0.00939593 0.19234416
v -0.2686882 -0.0034638 0.20547915
v -0.26815921 -0.02518039 0.21362717
v -0.27175009 0.09677675 0.21926719
v -0.26888388 0.09663184 0.23510945
v -0.26808703 -0.42085469 0.29327023
v -0.26549539 -0.4220576 0.29955667
v -0.26585647 -0.4374359 0.29584533
v -0.26295933 -0.44048968 0.30063629
v -0.26587564 -0.4474099 0.29863438
v -0.26655534 -0.4591276 0.30711138
v -0.26424295 -0.45497903 0.31103277
v -0.26593095 -0.42627013 0.31285331
v -0.26340872 -0.4451434 0.3095898
v -0.26701933 -0.47704557 0.31529233
v -0.26610807 -0.44579962 0.31836861
v -0.26639733 -0.46722099 0.32075539
v -0.26653796 -0.47869864 0.3192586
v -0.26924789 -0.48571983 0.34434414
v -0.27147111 -0.49169204 0.35375136
v -0.26971671 -0.50001544 0.35473135
v -0.27147326 0.21894568 -0.27500263
v -0.27266157 0.19775812 -0.26694241
v -0.26881605 -0.42891774 -0.26662707
v -0.26939687 -0.44816232 -0.2732664
v -0.26910913 -0.40208381 -0.25858387
v -0.26738217 -0.41174501 -0.25742668
v -0.27115616 0.29654449 -0.25821719
v -0.26793626 -0.39450756 -0.25389338
v -0.26901007 -0.36254451 -0.24730317
v -0.26714328 -0.37960929 -0.24770631
v -0.26912591 -0.45891365 -0.24790727
v -0.26775452 -0.47004232 -0.25016314
v -0.26912591 -0.45891365 -0.24790727
v -0.27380654 -0.46998888 -0.24718377
v -0.26613191 -0.37784576 -0.23599496
v -0.27106965 -0.44937748 -0.24395171
v -0.2773158 -0.48280644 -0.24512134
v -0.26947683 -0.33845124 -0.2403153
v -0.26632905 -0.36149317 -0.23131976
v -0.27139467 0.24626996 -0.23524417
v -0.26882911 -0.31605056 -0.23266001
v -0.26743802 -0.33281302 -0.23126653
v -0.26844767 -0.38896307 -0.2320312
v -0.26753226 -0.30919909 -0.21977818
v -0.26728982 -0.33043805 -0.22166172
v -0.26988837 -0.37085959 -0.22710299
v -0.26912501 -0.34634629 -0.2221007
v -0.27225247 0.21931951 -0.21495013
v -0.26782775 -0.27723664 -0.21423325
v -0.26772961 -0.29381731 -0.21481895
v -0.27073008 -0.31311446 -0.21251555
v -0.26968655 -0.25051299 -0.21517512
v -0.26881179 -0.24587314 -0.20602389
v -0.26868969 -0.25965941 -0.20636965
v -0.26967332 -0.27147889 -0.20548283
v -0.27035293 -0.21370915 -0.20494664
v -0.26845893 -0.23511928 -0.20026426
v -0.26917037 -0.19826594 -0.19770426
v -0.26877904 -0.21724969 -0.19609636
v -0.26863432 -0.18324414 -0.18701772
v -0.27090132 -0.2440438 -0.19619352
v -0.26981223 -0.21047467 -0.1895873
v -0.26857474 -0.16090716 -0.18343626
v -0.27045515 -0.16962019 -0.17770523
v -0.26941335 -0.14539756 -0.18319944
v -0.26963568 -0.14710623 -0.17234679
v -0.26891875 -0.13200493 -0.17052692
v -0.27339518 -0.14211665 -0.16420068
v -0.26869667 -0.0991186 -0.16748688
v -0.27052236 -0.11333869 -0.16048594
v -0.27017489 -0.04393689 -0.15895559
v -0.26828322 -0.02389206 -0.15261
v -0.2679686 -0.04479757 -0.15085828
v -0.2683765 -0.06459223 -0.15408279
v -0.26884082 -0.08342092 -0.15622425
v -0.27271575 -0.08622679 -0.14831533
v -0.26976168 -0.09616518 -0.15690455
v -0.26873133 -0.00935254 -0.15276185
v -0.26513174 -0.01302751 -0.1501271
v -0.26637957 -0.01755633 -0.14899448
v -0.26873133 -0.00935254 -0.15276185
v -0.26637957 -0.01755633 -0.14899448
v -0.26992771 -0.05706127 -0.14467756
v -0.26857218 -0.03010658 -0.13742574
v -0.27299878 -0.04520754 -0.13711314
v -0.27103749 -0.02577783 -0.1325767
v -0.27453607 -0.01770977 -0.12506761
v -0.27103749 -0.02577783 -0.1325767
v -0.26634848 -0.02079615 -0.1326156
v -0.26470858 -0.01887077 -0.12986735
v -0.27453607 -0.01770977 -0.12506761
v -0.26634848 -0.02079615 -0.1326156
v -0.28859755 0.03650792 -0.11950941
v -0.27974886 0.00553916 -0.11199716
v -0.2616429 0.04845039 -0.08439154
v -0.28594977 0.04932098 -0.07280815
v -0.27282634 0.05220061 -0.0103502
v -0.2650795 0.05235736 -0.0137367
v -0.26763973 0.05322264 0.00935232
v -0.27320868 0.03928339 0.17995046
v -0.26725185 0.03674622 0.17652112
v -0.26750812 0.03260344 0.17743737
v -0.26709387 0.03465097 0.1752162
v -0.26725185 0.03674622 0.17652112
v -0.27320868 0.03928339 0.17995046
v -0.26750812 0.03260344 0.17743737
v -0.27466357 0.04458319 0.18212686
v -0.26753518 0.04174673 0.18260109
v -0.26750812 0.03260344 0.17743737
v -0.27783191 0.03337589 0.18608539
v -0.26586336 0.01813895 0.184374
v -0.26871088 -0.03190995 0.19389746
v -0.26664579 -0.03270714 0.20151924
v -0.26936609 -0.04873004 0.20114367
v -0.26626676 -0.0305546 0.20767541
v -0.26679301 -0.04703815 0.20918792
v -0.26908037 -0.07265673 0.20991056
v -0.26728129 -0.06580298 0.21506724
v -0.26815921 -0.02518039 0.21362717
v -0.26910102 -0.05301166 0.22223364
v -0.26736593 -0.05680541 0.21811105
v -0.26897299 -0.09492988 0.21903028
v -0.26799634 -0.09048478 0.22353522
v -0.26905605 -0.08136728 0.22826977
v -0.26901603 -0.11504138 0.22626595
v -0.26892081 -0.11589217 0.23444432
v -0.26966292 -0.14674096 0.23612085
v -0.27084005 -0.13037398 0.24270304
v -0.2695038 -0.15243918 0.2403484
v -0.27213225 0.08912297 0.25016165
v -0.26935878 -0.18753152 0.25068921
v -0.26914245 -0.21759178 0.25408885
v -0.2697807 -0.20065451 0.24821134
v -0.26888534 -0.23732379 0.26311761
v -0.2686421 -0.27153084 0.26665649
v -0.27018034 -0.2519514 0.25810704
v -0.26914176 -0.24357052 0.26697627
v -0.26839766 -0.26413763 0.26880017
v -0.26992437 -0.26117608 0.27474761
v -0.26808789 -0.28735211 0.2735202
v -0.26908481 -0.30241781 0.27110776
v -0.26408988 0.07998563 0.27808446
v -0.2726649 0.0786538 0.26536992
v -0.26888698 0.06512142 0.28121433
v -0.26856861 -0.29406565 0.28062862
v -0.26824528 -0.31942028 0.27800998
v -0.2700038 -0.34294844 0.27741656
v -0.26787451 -0.3084991 0.28084671
v -0.26764303 -0.32949266 0.28423163
v -0.2673277 -0.34362787 0.28526163
v -0.26749361 -0.35504612 0.28527668
v -0.2698079 -0.31519151 0.28844976
v -0.26763642 -0.37734389 0.28966373
v -0.26906386 -0.38600791 0.28782535
v -0.26856938 -0.35351148 0.29644978
v -0.2674703 -0.35712427 0.29349595
v -0.26692608 -0.37128574 0.29326203
v -0.26674065 -0.39760682 0.29521292
v -0.26650518 -0.39338079 0.29938629
v -0.26953733 -0.36589262 0.30130592
v -0.26587564 -0.4474099 0.29863438
v -0.26655534 -0.4591276 0.30711138
v -0.27031696 -0.4605478 0.30335373
v -0.2689769 -0.39462516 0.30888999
v -0.26652277 -0.4143433 0.30949664
v -0.2691319 -0.47983098 0.31189659
v -0.26888672 -0.43930617 0.32216743
v -0.26901239 -0.47778228 0.32985821
v -0.27355948 -0.4783695 0.33636415
v -0.27338225 -0.4735955 -0.28830281
v -0.27838877 -0.46172446 -0.28178248
v -0.27446711 -0.42664188 -0.271016
v -0.26881605 -0.42891774 -0.26662707
v -0.26939687 -0.44816232 -0.2732664
v -0.27398908 -0.39998117 -0.26269233
v -0.27390751 -0.37599972 -0.25660169
v -0.26910913 -0.40208381 -0.25858387
v -0.27409267 0.26652414 -0.24948524
v -0.27368632 -0.35553643 -0.2508665
v -0.27390751 -0.37599972 -0.25660169
v -0.27253556 -0.33645958 -0.24389116
v -0.27106965 -0.44937748 -0.24395171
v -0.27904874 -0.46007833 -0.24316794
v -0.27336311 -0.31773892 -0.2399735
v -0.27336311 -0.31773892 -0.2399735
v -0.27691907 -0.29687017 -0.23684144
v -0.2728374 -0.29788896 -0.23411849
v -0.2728374 -0.29788896 -0.23411849
v -0.26999813 -0.42328981 -0.23861469
v -0.27489117 -0.4367719 -0.238555
v -0.27005601 -0.29312804 -0.22873655
v -0.27313921 -0.2717872 -0.22706729
v -0.26844767 -0.38896307 -0.2320312
v -0.27382374 -0.40519094 -0.2307031
v -0.27241674 -0.25568697 -0.22181651
v -0.27033025 -0.2727741 -0.22202846
v -0.27374262 -0.37370315 -0.22339663
v -0.27374262 -0.37370315 -0.22339663
v -0.27829215 -0.38603497 -0.22387862
v -0.27322188 -0.23939568 -0.21870761
v -0.27384382 -0.3365832 -0.21430956
v -0.27384382 -0.3365832 -0.21430956
v -0.27917472 -0.35920084 -0.21653053
v -0.27283978 -0.21795243 -0.21192916
v -0.27056813 -0.2319248 -0.21161416
v -0.2731165 -0.19780439 -0.20667733
v -0.2732102 -0.30999237 -0.20881818
v -0.2731165 -0.19780439 -0.20667733
v -0.2772198 -0.20018783 -0.21053064
v -0.27318117 -0.17099629 -0.19932167
v -0.27318117 -0.17099629 -0.19932167
v -0.27104309 -0.17592484 -0.19660489
v -0.27388546 -0.28626013 -0.20272361
v -0.27372256 -0.26229858 -0.19647399
v -0.27329919 -0.14480545 -0.19181854
v -0.27110538 -0.15415193 -0.19011135
v -0.27316183 -0.22965337 -0.18925117
v -0.27294016 -0.12048291 -0.18422467
v -0.27098086 -0.12303685 -0.18079755
v -0.27303314 -0.1937402 -0.17903182
v -0.27377069 -0.20794652 -0.18240754
v -0.27362928 -0.09818923 -0.17865375
v -0.2706553 -0.10469881 -0.17502359
v -0.2722193 -0.07268599 -0.17003632
v -0.26943162 -0.08367874 -0.16737702
v -0.27297732 -0.17303757 -0.17366317
v -0.27297732 -0.17303757 -0.17366317
v -0.28318787 -0.18349777 -0.16954271
v -0.27303314 -0.1937402 -0.17903182
v -0.27340278 -0.15894395 -0.16919594
v -0.2722193 -0.07268599 -0.17003632
v -0.27714232 -0.0550053 -0.16906781
v -0.27224958 -0.05131986 -0.16451751
v -0.27224958 -0.05131986 -0.16451751
v -0.2702935 -0.06095594 -0.16302544
v -0.27271226 -0.02564588 -0.15873736
v -0.2730729 -0.10955197 -0.15499203
v -0.2730729 -0.10955197 -0.15499203
v -0.28208879 -0.14036918 -0.15806179
v -0.27339518 -0.14211665 -0.16420068
v -0.27483335 -0.01080977 -0.15645938
v -0.27271226 -0.02564588 -0.15873736
v -0.27290213 -0.06831946 -0.14333087
v -0.27299878 -0.04520754 -0.13711314
v -0.28165886 -0.05568194 -0.13467398
v -0.27290213 -0.06831946 -0.14333087
v -0.27688253 -0.02778368 -0.12951198
v -0.27782044 0.05253436 0.01967718
v -0.27101102 0.05379295 0.04774597
v -0.28297487 0.05222005 0.06268038
v -0.27429155 0.05367577 0.07517523
v -0.27754486 0.09020657 0.1748645
v -0.27738813 0.04012726 0.18050238
v -0.27738813 0.04012726 0.18050238
v -0.27783191 0.03337589 0.18608539
v -0.27339542 0.0194202 0.19304794
v -0.26586336 0.01813895 0.184374
v -0.2667166 0.00939593 0.19234416
v -0.27293232 -0.02867767 0.1875872
v -0.26871088 -0.03190995 0.19389746
v -0.27355447 -0.04314378 0.19414948
v -0.26936609 -0.04873004 0.20114367
v -0.27339542 0.0194202 0.19304794
v -0.28027794 0.01933111 0.19963218
v -0.27335972 -0.00083893 0.20957814
v -0.27335972 -0.00083893 0.20957814
v -0.2686882 -0.0034638 0.20547915
v -0.27313131 -0.06771841 0.20305456
v -0.27313131 -0.06771841 0.20305456
v -0.27337837 -0.09257659 0.21064581
v -0.27255547 -0.01736063 0.21719764
v -0.26818699 -0.01767298 0.21248411
v -0.27255556 -0.11570858 0.21924794
v -0.27299115 -0.04079427 0.22457862
v -0.27080563 -0.12954508 0.22692363
v -0.27374899 -0.13803045 0.22483201
v -0.27226657 -0.0663012 0.23077731
v -0.27299115 -0.04079427 0.22457862
v -0.27865574 -0.05368651 0.23222451
v -0.27226657 -0.0663012 0.23077731
v -0.27254629 -0.15501396 0.23130916
v -0.27033502 -0.09440299 0.23367088
v -0.27300963 -0.10465986 0.24007937
v -0.27076539 -0.17169747 0.23960638
v -0.27312338 -0.1868355 0.23919593
v -0.27671939 0.08950576 0.23378335
v -0.2730374 -0.13743047 0.24825095
v -0.27017877 -0.15732659 0.24655443
v -0.2697466 -0.18109608 0.24639115
v -0.27257115 -0.21668376 0.2460891
v -0.27042121 -0.17951235 0.25258461
v -0.26960215 -0.23294303 0.25560549
v -0.27325547 -0.23571475 0.24992406
v -0.26304713 0.09072989 0.26518735
v -0.27213225 0.08912297 0.25016165
v -0.27778766 0.08168829 0.24982502
v -0.27321517 -0.16697772 0.25519785
v -0.27346677 -0.26336241 0.25581416
v -0.27230141 -0.19076589 0.26061538
v -0.2698158 -0.21507803 0.26189119
v -0.27010822 -0.27833366 0.26398349
v -0.27372521 -0.28962183 0.26160941
v -0.27563953 -0.19116355 0.26401058
v -0.2728101 -0.22437531 0.26957437
v -0.27374378 -0.32306123 0.26937816
v -0.2728101 -0.22437531 0.26957437
v -0.27651742 -0.22364378 0.27253762
v -0.27320731 -0.25115517 0.27760139
v -0.27320731 -0.25115517 0.27760139
v -0.2700038 -0.34294844 0.27741656
v -0.27309719 -0.34723461 0.27472562
v -0.27374378 -0.32306123 0.26937816
v -0.27057201 -0.27460313 0.27992788
v -0.27385348 -0.37673813 0.28137118
v -0.27337292 -0.27693167 0.28436273
v -0.26906386 -0.38600791 0.28782535
v -0.27309561 -0.30789849 0.29209027
v -0.27431825 -0.40314591 0.28664598
v -0.26808703 -0.42085469 0.29327023
v -0.27278203 -0.4223063 0.29034719
v -0.27342376 -0.34504125 0.30152169
v -0.2730585 -0.37604928 0.30951172
v -0.27354991 -0.47759366 0.30712008
v -0.2691319 -0.47983098 0.31189659
v -0.26886043 -0.48691911 0.31007418
v -0.27318037 -0.40053692 0.31606901
v -0.27321243 -0.42055285 0.32176855
v -0.27336964 -0.4586772 0.33131862
v -0.27355948 -0.4783695 0.33636415
v -0.27927116 -0.47696379 0.33917636
v -0.26924789 -0.48571983 0.34434414
v -0.27147111 -0.49169204 0.35375136
v -0.2766116 -0.49781737 0.35783812
v -0.26971671 -0.50001544 0.35473135
v -0.27644935 0.34180707 -0.30099908
v -0.27750772 0.32955998 -0.29747882
v -0.27537876 0.32929355 -0.2835418
v -0.27894878 -0.38993749 -0.26252761
v -0.27933487 -0.41409734 -0.26954255
v -0.27810654 -0.3380481 -0.24857399
v -0.2779128 -0.31763846 -0.24273708
v -0.27955878 -0.47399428 -0.24670175
v -0.28037968 -0.44580981 -0.23944759
v -0.27857751 -0.42115924 -0.23274687
v -0.27745637 -0.26071468 -0.22704542
v -0.27313921 -0.2717872 -0.22706729
v -0.27772886 -0.28195047 -0.23287421
v -0.27947068 -0.40297088 -0.22788882
v -0.27322188 -0.23939568 -0.21870761
v -0.27595702 0.20278172 -0.21745723
v -0.28216347 0.19837551 -0.23015645
v -0.27804437 0.19573614 -0.22710156
v -0.27923521 -0.37028122 -0.2194863
v -0.27283978 -0.21795243 -0.21192916
v -0.2769652 -0.23252621 -0.21963939
v -0.28048179 -0.34203464 -0.2123889
v -0.2732102 -0.30999237 -0.20881818
v -0.28101346 -0.32498336 -0.20810808
v -0.27806529 -0.17209949 -0.20329835
v -0.28150034 -0.30799243 -0.20378152
v -0.27388546 -0.28626013 -0.20272361
v -0.28203288 -0.28783959 -0.19840917
v -0.27372256 -0.26229858 -0.19647399
v -0.2822288 -0.26558992 -0.19270436
v -0.27775314 -0.11889501 -0.18745132
v -0.27294016 -0.12048291 -0.18422467
v -0.27329919 -0.14480545 -0.19181854
v -0.27637225 -0.14397855 -0.19390304
v -0.27316183 -0.22965337 -0.18925117
v -0.28192887 -0.25042149 -0.1890533
v -0.28413603 -0.22639494 -0.18136297
v -0.2840361 -0.23729682 -0.18452975
v -0.28303853 -0.2034647 -0.17536199
v -0.27377069 -0.20794652 -0.18240754
v -0.27340278 -0.15894395 -0.16919594
v -0.28373027 -0.16111206 -0.163582
v -0.28340968 -0.12871321 -0.15415341
v -0.28406683 0.00377633 -0.15505044
v -0.27192202 0.01021215 -0.14713399
v -0.27300054 0.00012532 -0.15300781
v -0.27271575 -0.08622679 -0.14831533
v -0.28315908 -0.10635761 -0.14814804
v -0.28271648 -0.07795039 -0.14025642
v -0.28300092 -0.04085997 -0.13063295
v -0.28962243 0.03338837 -0.12475736
v -0.28018382 -0.02423523 -0.12743802
v -0.27951911 -0.0180041 -0.12542617
v -0.28162161 -0.00402412 -0.11899795
v -0.28718752 0.04119892 -0.10972103
v -0.2839691 0.04604933 -0.09320727
v -0.28321606 0.05080679 -0.03482908
v -0.27738154 0.0535849 0.09822571
v -0.28554869 0.05184799 0.10264268
v -0.27893478 0.05262703 0.14061709
v -0.27754486 0.09020657 0.1748645
v -0.27972636 0.08962929 0.20455882
v -0.27248669 0.09683614 0.19883421
v -0.27829611 -0.06581704 0.19937468
v -0.27836683 -0.08842606 0.2062587
v -0.27337837 -0.09257659 0.21064581
v -0.28327397 0.00994478 0.20846529
v -0.28229222 0.00132732 0.21413052
v -0.27943707 -0.00943557 0.21842119
v -0.27255547 -0.01736063 0.21719764
v -0.27858344 -0.02783765 0.22488536
v -0.27255556 -0.11570858 0.21924794
v -0.27374899 -0.13803045 0.22483201
v -0.2791658 -0.14043567 0.221937
v -0.27799198 -0.11484174 0.2146766
v -0.28122258 -0.03892056 0.22933918
v -0.27855611 -0.07043886 0.23638225
v -0.27857974 -0.08726583 0.24031168
v -0.27300963 -0.10465986 0.24007937
v -0.27735454 -0.11207087 0.24561045
v -0.28108707 -0.10198846 0.24518576
v -0.27257115 -0.21668376 0.2460891
v -0.27791566 -0.23855147 0.24698895
v -0.27682844 -0.20607568 0.24025859
v -0.2730374 -0.13743047 0.24825095
v -0.28131109 -0.12224688 0.25032324
v -0.27833509 -0.13333796 0.25178459
v -0.27965841 -0.14887135 0.2562961
v -0.27321517 -0.16697772 0.25519785
v -0.27785039 0.06672385 0.26309401
v -0.27810776 -0.16692065 0.25965497
v -0.27563953 -0.19116355 0.26401058
v -0.27826297 -0.30898795 0.26364928
v -0.27809641 -0.32915798 0.26843482
v -0.28177977 -0.18911466 0.26667178
v -0.28156668 -0.21146543 0.2721597
v -0.27936506 -0.24985117 0.28143498
v -0.27337292 -0.27693167 0.28436273
v -0.28103152 -0.27183679 0.28780711
v -0.27863228 -0.29080573 0.29175082
v -0.27309561 -0.30789849 0.29209027
v -0.28077173 -0.3123953 0.29826567
v -0.28101584 -0.33437216 0.303451
v -0.27342376 -0.34504125 0.30152169
v -0.28148857 -0.35466763 0.30884621
v -0.2730585 -0.37604928 0.30951172
v -0.27971432 -0.3754364 0.31338674
v -0.27318037 -0.40053692 0.31606901
v -0.28106534 -0.3972697 0.31943163
v -0.27321243 -0.42055285 0.32176855
v -0.27939039 -0.41497329 0.32353359
v -0.28113922 -0.42987484 0.32771575
v -0.27336964 -0.4586772 0.33131862
v -0.28072876 -0.44481713 0.33130389
v -0.2790232 -0.46333095 0.33546901
v -0.2791943 -0.4887141 0.35550886
v -0.28341258 -0.3402766 -0.25108996
v -0.27791134 -0.35825583 -0.25424206
v -0.28485015 -0.30380452 -0.24125652
v -0.28180373 -0.42336512 -0.23362073
v -0.28221306 -0.3877421 -0.22426113
v -0.28325972 -0.22298451 -0.2198821
v -0.28563473 -0.23879893 -0.22492656
v -0.28485015 -0.199439 -0.21379428
v -0.28683504 0.01371876 -0.14888759
v -0.28854603 0.02525941 -0.13688524
v -0.28130403 0.04909359 0.1661658
v -0.28665972 0.04343268 0.17259851
v -0.2808696 0.04492597 0.17581412
v -0.28477818 0.03109771 0.18985647
v -0.28572974 0.01916583 0.20105025
v -0.28253371 -0.01791766 0.22280359
v -0.2778891 -0.16949642 0.23057187
v -0.28438887 -0.16519509 0.22718169
v -0.2825619 -0.05793155 0.23448732
v -0.28242657 -0.083826 0.24074318
v -0.28170419 -0.16366126 0.26057848
v -0.2814444 -0.22613414 0.27601397
v -0.28391355 -0.2474895 0.28189784
v -0.28251663 -0.29461357 0.29399291
v -0.28384018 -0.37952435 0.31521061
v -0.28355488 -0.41424152 0.32401767
v -0.28364065 -0.46273249 0.33615071
v -0.28356579 -0.47638628 0.33984846
v -0.28963709 -0.49404362 0.3587589
v -0.28726748 -0.49967843 0.35927576
v -0.28735298 -0.44591293 -0.24203314
v -0.28829792 -0.47346365 -0.24972995
v -0.29123017 -0.48336431 -0.24942632
v -0.28757751 -0.42056891 -0.23587896
v -0.28781798 -0.39576554 -0.22923197
v -0.28676769 -0.36165309 -0.21987493
v -0.28703317 -0.33647907 -0.21257412
v -0.28713551 -0.31647107 -0.20726702
v -0.28681406 -0.28608665 -0.19877551
v -0.28564042 -0.25107357 -0.18935674
v -0.28624845 -0.21490651 -0.17874727
v -0.28622651 -0.1933209 -0.17323644
v -0.28639647 -0.17045835 -0.16630445
v -0.28588536 -0.1556201 -0.16204129
v -0.28627533 -0.02003752 -0.16329733
v -0.2869122 0.00168429 -0.15560155
v -0.28406683 0.00377633 -0.15505044
v -0.28642249 -0.14108329 -0.15816584
v -0.28630531 -0.12134157 -0.15237251
v -0.28555697 -0.09876154 -0.14624628
v -0.28590551 -0.07712825 -0.14051327
v -0.28600335 -0.05396611 -0.13440454
v -0.28896412 -0.01860253 -0.12800097
v -0.29306126 0.00538997 -0.11771543
v -0.29341248 -0.00198051 -0.12249783
v -0.28831035 0.04674188 -0.08699191
v -0.28057206 0.01967558 -0.09221357
v -0.28924954 0.02265846 -0.08849703
v -0.28963733 0.01873554 -0.09870153
v -0.28594977 0.04932098 -0.07280815
v -0.28803346 0.04941922 -0.01707263
v -0.28321606 0.05080679 -0.03482908
v -0.28297487 0.05222005 0.06268038
v -0.29043812 0.04916505 0.02197916
v -0.28554869 0.05184799 0.10264268
v -0.2885837 0.05005841 0.12807642
v -0.28124374 0.05154488 0.14816
v -0.2885837 0.05005841 0.12807642
v -0.28902107 0.04717856 0.15301578
v -0.28130403 0.04909359 0.1661658
v -0.28665972 0.04343268 0.17259851
v -0.2927188 0.03650416 0.17596774
v -0.29190344 0.02898143 0.18800227
v -0.28847629 0.00176927 0.21273613
v -0.28500909 0.08094661 0.1990418
v -0.28647488 0.07465517 0.21087699
v -0.28448173 0.07995683 0.21756484
v -0.28840858 -0.01301627 0.21985117
v -0.28276426 -0.14655031 0.22245003
v -0.28638637 -0.14270194 0.22144945
v -0.28244212 -0.11393178 0.21318792
v -0.28656849 -0.03467201 0.2275455
v -0.28497681 0.07264511 0.23304226
v -0.2875202 -0.0648165 0.23549557
v -0.28590804 -0.09240428 0.24271269
v -0.28758419 -0.11782301 0.24887089
v -0.2885114 -0.13536391 0.25294334
v -0.28735456 -0.15363675 0.25783285
v -0.28377861 -0.27916092 0.25503844
v -0.27852795 -0.28562486 0.25802004
v -0.28453603 -0.3009336 0.2605508
v -0.28790906 -0.17943458 0.26440033
v -0.28808862 -0.19511956 0.26814428
v -0.28610653 -0.21613179 0.27352431
v -0.2858353 -0.27552122 0.28894728
v -0.28585654 -0.3060416 0.29688451
v -0.28665739 -0.34197465 0.30543268
v -0.28813931 -0.39876461 0.319179
v -0.28656045 -0.43721825 0.32901716
v -0.29324746 -0.48819658 0.35532233
v -0.29272524 -0.47696817 -0.28856248
v -0.2951394 -0.46361855 -0.27808812
v -0.28501469 -0.46141434 -0.2824164
v -0.28419361 -0.39811602 -0.26580706
v -0.29214746 -0.39473677 -0.26200035
v -0.28406373 -0.37124494 -0.25912705
v -0.29117587 -0.18434067 -0.20713735
v -0.29158551 -0.16180339 -0.20054728
v -0.2863408 -0.1625111 -0.20360389
v -0.2907072 -0.26338494 -0.19482499
v -0.29065415 -0.24155945 -0.18954499
v -0.29147139 -0.03038508 -0.13277407
v -0.29295108 -0.01368148 -0.127638
v -0.28859755 0.03650792 -0.11950941
v -0.29373062 0.03676533 -0.11093165
v -0.28718752 0.04119892 -0.10972103
v -0.2921595 0.04226526 -0.09731728
v -0.28831035 0.04674188 -0.08699191
v -0.29286772 0.04510396 -0.07278012
v -0.29182655 0.04672951 -0.01427604
v -0.29033208 0.05001111 0.0772801
v -0.29394543 0.04620026 0.11514215
v -0.29397714 0.04278113 0.15222412
v -0.2927188 0.03650416 0.17596774
v -0.29245186 0.01907306 0.19808416
v -0.29243612 0.00652869 0.20780239
v -0.29163587 -0.03688072 0.22624515
v -0.29175186 -0.07077152 0.23513268
v -0.291392 -0.09495097 0.24172111
v -0.29195908 -0.12160659 0.24786729
v -0.29150912 -0.16196087 0.25849342
v -0.29187199 -0.21390894 0.27126777
v -0.2908923 -0.23710971 0.27783376
v -0.29095307 -0.25982782 0.28357151
v -0.29004833 -0.28265268 0.2898916
v -0.29131514 -0.3061159 0.29537523
v -0.29161212 -0.32489103 0.29979512
v -0.29087842 -0.34329087 0.30458224
v -0.29118878 -0.3692407 0.31084618
v -0.29125786 -0.38824001 0.31531543
v -0.2914364 -0.4212521 0.32340711
v -0.2915065 -0.44804102 0.33006051
v -0.29092059 -0.47629574 0.33787042
v -0.2924405 -0.32348713 -0.24357903
v -0.29527172 -0.30912417 -0.23756717
v -0.28485015 -0.30380452 -0.24125652
v -0.29161075 -0.28818896 -0.20294705
v -0.29136133 -0.31989035 -0.21052495
v -0.29143149 -0.11902004 -0.155341
v -0.29180443 -0.17133576 -0.17067218
v -0.29140767 -0.05455173 -0.13789587
v -0.29667607 -0.08389264 -0.15028773
v -0.29631051 -0.03970765 -0.13865921
v -0.28854603 0.02525941 -0.13688524
v -0.29626346 0.02604787 -0.12519901
v -0.28962243 0.03338837 -0.12475736
v -0.29311958 0.02769765 -0.08172207
v -0.2937198 0.02248317 -0.10038879
v -0.28924954 0.02265846 -0.08849703
v -0.29495266 0.0443492 0.01754529
v -0.29632995 0.00727921 0.20268965
v -0.29305962 -0.01054471 0.21626504
v -0.2959367 -0.03849865 0.22235836
v -0.2924085 -0.18822585 0.26445949
v -0.29634845 -0.20050107 0.26394907
v -0.29546127 -0.2242415 0.27101806
v -0.29542783 -0.28118715 0.28609711
v -0.28520879 -0.49938834 0.30405807
v -0.29514062 -0.50033867 0.30719268
v -0.28445217 -0.48535568 0.30615899
v -0.29542318 -0.40992099 0.31756386
v -0.29698759 -0.43853337 0.3226158
v -0.2965003 -0.47696456 0.33350143
v -0.29769439 -0.48058593 0.34180567
v -0.29911894 -0.49881348 0.35765508
v -0.29582095 -0.41311938 -0.26312032
v -0.29667032 -0.38026747 -0.25403872
v -0.29496717 -0.43702418 -0.24835895
v -0.29949179 -0.42297471 -0.25537831
v -0.29718527 -0.47004288 -0.25756633
v -0.29559094 -0.18124838 -0.20229959
v -0.29934007 -0.177746 -0.19569172
v -0.29631558 -0.1491586 -0.1933127
v -0.29611629 -0.13239165 -0.16426125
v -0.29657251 -0.16952184 -0.17574215
v -0.29180443 -0.17133576 -0.17067218
v -0.29667607 -0.08389264 -0.15028773
v -0.29143149 -0.11902004 -0.155341
v -0.29608941 -0.02249224 -0.134864
v -0.29723424 0.03868308 0.03077486
v -0.29814357 0.04010934 0.07187285
v -0.29719082 0.04043863 0.03195467
v -0.29752296 0.04006425 0.12533183
v -0.29739735 0.03661373 0.15426409
v -0.29773647 0.02877896 0.17417184
v -0.29633573 -0.00931249 0.21216664
v -0.2966038 -0.08909786 0.23495224
v -0.29680318 -0.11210174 0.24074093
v -0.29637757 -0.14961819 0.25012705
v -0.29597357 -0.1749377 0.25778466
v -0.29645288 -0.25438806 0.27746582
v -0.29631802 -0.29966709 0.28967169
v -0.29619405 -0.32979804 0.29701436
v -0.29565585 -0.35412493 0.30365738
v -0.3043212 -0.49006346 0.35320869
v -0.29549533 -0.48262823 -0.28913867
v -0.3026675 -0.4828206 -0.28050762
v -0.29881668 -0.4729431 -0.28161946
v -0.29944316 -0.44808453 -0.26240355
v -0.30043942 -0.46876091 -0.2680493
v -0.29958656 -0.47390428 -0.26079312
v -0.30073878 -0.48344809 -0.25997069
v -0.29567891 -0.31825754 -0.21525653
v -0.30122477 -0.30700547 -0.22514297
v -0.29963189 -0.34161937 -0.23104447
v -0.29907143 -0.2551522 -0.21859793
v -0.30127448 -0.24791226 -0.210107
v -0.2995398 -0.23726682 -0.21182494
v -0.30094916 -0.26347473 -0.21116456
v -0.30012354 -0.29741588 -0.21871626
v -0.29645503 -0.2804369 -0.20776723
v -0.30018649 -0.13579373 -0.17180541
v -0.29990777 -0.18266284 -0.18541665
v -0.29855418 -0.04450634 -0.14472391
v -0.29996848 -0.02615237 -0.14488621
v -0.30064332 -0.04179859 -0.15278402
v -0.29608941 -0.02249224 -0.134864
v -0.30058929 0.00263319 -0.136925
v -0.29559347 0.01655569 -0.13750571
v -0.30021411 0.01588115 -0.12790826
v -0.29937798 -0.04145801 0.21458071
v -0.29951546 -0.06259977 0.21562831
v -0.29826978 -0.05951196 0.22354259
v -0.29927659 -0.15645565 0.24474154
v -0.2998676 -0.18557094 0.24980003
v -0.29847911 -0.17314647 0.25235316
v -0.29645288 -0.25438806 0.27746582
v -0.29959795 -0.26383451 0.27370316
v -0.29956603 -0.29056537 0.28162333
v -0.30354255 -0.49065742 0.31371367
v -0.30895647 -0.49086383 0.3197349
v -0.30067101 -0.48069933 0.31988996
v -0.31369305 -0.49098024 0.32915968
v -0.30084506 -0.47871938 0.32518014
v -0.30690253 -0.48530245 0.33730176
v -0.29769439 -0.48058593 0.34180567
v -0.31297538 -0.4902761 0.34288844
v -0.30851191 -0.50002342 0.35276583
v -0.3043212 -0.49006346 0.35320869
v -0.3149341 -0.49325699 0.33902764
v -0.31524241 -0.50018644 0.3427752
v 0.31914181 -0.4684912 -0.26917443
v 0.31526604 -0.46306625 -0.26880348
v 0.31359699 -0.48056382 -0.27092111
v 0.31554291 -0.48056334 -0.2658371
v 0.30849737 -0.47402158 -0.27340156
v 0.31492516 -0.47703516 -0.2740919
v 0.30487883 -0.4610498 -0.26840711
v 0.31492516 -0.47703516 -0.2740919
v 0.31359699 -0.48056382 -0.27092111
v 0.30556971 -0.48151642 -0.271079
v 0.31554291 -0.48056334 -0.2658371
v 0.30494067 -0.48390231 -0.26418653
v 0.30747613 -0.482851 -0.25950328
v 0.30984676 -0.50020617 0.32338968
v 0.31180748 -0.49987161 0.35575989
v 0.30756193 -0.49994552 0.36072293
v 0.3018218 -0.48254356 -0.27217647
v 0.30192041 -0.48418859 -0.24389185
v 0.29509661 -0.48342142 -0.27672592
v 0.30039111 -0.4630059 -0.26426181
v 0.29757497 -0.50034153 0.31707364
v 0.29662341 -0.48343354 -0.23895752
v 0.29034188 -0.48410097 -0.23601025
v 0.28565121 -0.24159411 -0.21166094
v 0.28548989 -0.26640669 -0.21859093
v 0.28806585 -0.1837081 -0.19360907
v 0.28999811 -0.1498733 -0.18368721
v 0.29216194 -0.13049215 -0.17656694
v 0.28741378 -0.4224264 0.30043131
v 0.28525418 -0.49994117 0.37077269
v 0.29813814 -0.49965715 0.36723831
v 0.28129855 -0.45664814 -0.2696878
v 0.27937311 -0.48375681 -0.27675685
v 0.28308043 -0.35818484 -0.24416229
v 0.28215897 -0.19158886 -0.19840199
v 0.281111 -0.13536969 -0.1828479
v 0.29034927 0.00573644 -0.13562721
v 0.28588331 0.00055239 -0.14142713
v 0.28453165 -0.19202819 0.24521132
v 0.28386059 -0.48287925 -0.28039742
v 0.2826165 -0.42347762 -0.26099047
v 0.28203389 -0.40610057 -0.25645798
v 0.2828556 -0.38776103 -0.25185958
v 0.27217928 -0.48414239 -0.23653023
v 0.28296807 -0.30882058 -0.2311268
v 0.28234836 -0.4831531 -0.23419185
v 0.28326508 -0.28297955 -0.22373329
v 0.28306714 -0.25774086 -0.21692809
v 0.28323615 -0.23821148 -0.21110138
v 0.28274521 -0.20825493 -0.20242806
v 0.28013575 -0.17690931 -0.1941011
v 0.27899015 -0.16330455 -0.19026323
v 0.27947012 -0.15127872 -0.18698449
v 0.28050721 -0.1205078 -0.17866494
v 0.2799083 -0.10668811 -0.17499433
v 0.28031978 -0.09326448 -0.17104952
v 0.27827382 0.00972469 -0.13961372
v 0.27545261 -0.15155829 0.23177569
v 0.27713928 -0.17891255 0.23882639
v 0.27654797 -0.26262215 0.2590237
v 0.27629796 -0.28078243 0.26306441
v 0.27752745 -0.29351139 0.26614007
v 0.27848655 -0.31269509 0.27028972
v 0.27722442 -0.33514217 0.27487576
v 0.27713853 -0.34998277 0.27836683
v 0.27772403 -0.36228946 0.28141415
v 0.27817684 -0.38011289 0.28606001
v 0.27710342 -0.3965258 0.29018265
v 0.27851912 -0.41942272 0.29656732
v 0.27806878 -0.43922374 0.30151543
v 0.27813169 -0.45435098 0.30522388
v 0.29757497 -0.50034153 0.31707364
v 0.26558208 -0.50030291 0.31756288
v 0.27328244 -0.49998388 0.36984009
v 0.28005624 -0.43971273 -0.26388708
v 0.28340355 0.20251513 -0.24707417
v 0.28036827 0.19533096 -0.2416372
v 0.28153008 0.20544301 -0.25128922
v 0.28036827 0.19533096 -0.2416372
v 0.27531064 0.1932777 -0.23809262
v 0.27648336 -0.01686696 -0.15038635
v 0.27827382 0.00972469 -0.13961372
v 0.27559659 -0.11423683 0.22353549
v 0.27404594 -0.13463499 0.22808643
v 0.27636874 -0.16366114 0.23484595
v 0.27627125 -0.19634162 0.24317515
v 0.27569896 -0.21527803 0.24744587
v 0.27781194 -0.4897764 0.31438884
v 0.27966106 0.22336543 -0.26021689
v 0.26698443 -0.4439173 -0.25845921
v 0.2737579 0.22216026 -0.26031891
v 0.26978335 -0.41658774 -0.25398594
v 0.27341801 0.20620069 -0.2519491
v 0.26999593 -0.3709836 -0.24196309
v 0.26328021 -0.48403394 -0.24361537
v 0.27313301 -0.31553772 -0.22841915
v 0.26959121 -0.35500142 -0.23726359
v 0.27300516 -0.26504433 -0.21496992
v 0.27431101 -0.21842276 -0.20181985
v 0.28215897 -0.19158886 -0.19840199
v 0.27027735 -0.11937606 -0.1738735
v 0.2670826 -0.09195867 -0.16502823
v 0.27439949 -0.02904898 -0.15308894
v 0.27435732 0.00479981 -0.14249474
v 0.27450812 0.01625581 -0.08215141
v 0.27753517 0.02404931 -0.06420638
v 0.27418971 0.02414493 -0.04005664
v 0.27753693 0.02724792 -0.03729559
v 0.27414766 0.01292453 0.15732364
v 0.2743226 0.00907473 0.16356745
v 0.27505511 -0.04173975 0.20487528
v 0.2771216 -0.41640881 0.295596
v 0.28277868 -0.50001937 0.31352565
v 0.27309322 -0.49896392 0.31411093
v 0.26416719 -0.48341227 -0.27505666
v 0.26983362 -0.48240358 -0.27842903
v 0.26965663 -0.46226585 -0.26585737
v 0.2693693 -0.43170062 -0.2569716
v 0.26999128 -0.40213779 -0.25005287
v 0.26999199 0.19436587 -0.24177118
v 0.2698819 -0.29712245 -0.22243382
v 0.2699984 -0.23742655 -0.20539133
v 0.26960194 -0.19539797 -0.19349448
v 0.26960194 -0.19539797 -0.19349448
v 0.281111 -0.13536969 -0.1828479
v 0.27947012 -0.15127872 -0.18698449
v 0.27011582 -0.13890317 -0.17826076
v 0.28050721 -0.1205078 -0.17866494
v 0.26621002 -0.07085786 -0.15940548
v 0.26563638 -0.04846689 -0.15384285
v 0.27045634 -0.00647309 -0.14676411
v 0.27113658 -0.14847998 -0.15168467
v 0.26674774 0.01151514 -0.13748437
v 0.27827382 0.00972469 -0.13961372
v 0.27435732 0.00479981 -0.14249474
v 0.27352649 0.02408508 0.00203782
v 0.27283117 0.0207275 0.11821914
v 0.26842386 0.01930875 0.12421834
v 0.27390939 -0.02620289 0.19665352
v 0.27561775 -0.03013949 0.20006981
v 0.27026391 -0.02807239 0.20017351
v 0.27505511 -0.04173975 0.20487528
v 0.27563217 -0.05274615 0.20832017
v 0.27035147 -0.05020758 0.21084417
v 0.27450025 -0.06814803 0.21207599
v 0.27582234 -0.09027945 0.21705189
v 0.27559659 -0.11423683 0.22353549
v 0.27167639 -0.10895726 0.22468056
v 0.27404594 -0.13463499 0.22808643
v 0.27713928 -0.17891255 0.23882639
v 0.27627125 -0.19634162 0.24317515
v 0.27214336 -0.18080065 0.2419287
v 0.27569896 -0.21527803 0.24744587
v 0.27670923 -0.22952068 0.2508333
v 0.27735329 -0.24526532 0.25477853
v 0.27100551 -0.24827135 0.25874069
v 0.27654797 -0.26262215 0.2590237
v 0.27629796 -0.28078243 0.26306441
v 0.27752745 -0.29351139 0.26614007
v 0.26619825 -0.29836446 0.27367353
v 0.27848655 -0.31269509 0.27028972
v 0.27722442 -0.33514217 0.27487576
v 0.26636863 -0.34009439 0.28364789
v 0.27713853 -0.34998277 0.27836683
v 0.27772403 -0.36228946 0.28141415
v 0.27817684 -0.38011289 0.28606001
v 0.27710342 -0.3965258 0.29018265
v 0.26583406 -0.36975095 0.29058883
v 0.2771216 -0.41640881 0.295596
v 0.26625615 -0.40473244 0.2996361
v 0.26369506 -0.43124598 0.30747736
v 0.27806878 -0.43922374 0.30151543
v 0.26462328 -0.47796091 0.31858787
v 0.27939194 -0.48157868 0.31259203
v 0.27781194 -0.4897764 0.31438884
v 0.26690859 0.2740421 -0.28062412
v 0.26509982 0.25480986 -0.27341953
v 0.26880345 -0.37977687 -0.24304202
v 0.26999593 -0.3709836 -0.24196309
v 0.26999128 -0.40213779 -0.25005287
v 0.26999199 0.19436587 -0.24177118
v 0.26954973 -0.3174288 -0.22689122
v 0.27313301 -0.31553772 -0.22841915
v 0.26908082 -0.34007367 -0.23207954
v 0.26959121 -0.35500142 -0.23726359
v 0.26707214 0.19337361 -0.23109171
v 0.2698819 -0.29712245 -0.22243382
v 0.27300516 -0.26504433 -0.21496992
v 0.26959994 -0.27563545 -0.21569686
v 0.26969907 -0.25564429 -0.21040507
v 0.2699984 -0.23742655 -0.20539133
v 0.26897195 -0.21483527 -0.19779329
v 0.27431101 -0.21842276 -0.20181985
v 0.27032322 -0.24959344 -0.17969026
v 0.27107769 -0.22321056 -0.17219836
v 0.27049339 -0.19602503 -0.16514939
v 0.27045634 -0.00647309 -0.14676411
v 0.27439949 -0.02904898 -0.15308894
v 0.26705477 -0.02565425 -0.14886379
v 0.27045634 -0.00647309 -0.14676411
v 0.27055585 -0.11284784 -0.14268748
v 0.26567096 0.01929439 -0.07555431
v 0.26892382 0.01393146 -0.0850011
v 0.26738033 0.02161754 -0.06074221
v 0.26779816 0.02232351 -0.01291343
v 0.26849231 0.0217084 0.02145865
v 0.26807645 0.02117877 0.07691557
v 0.26889297 0.01746619 0.14538594
v 0.26581547 -0.03452471 0.20829122
v 0.26741451 -0.1154367 0.22978319
v 0.27545261 -0.15155829 0.23177569
v 0.27636874 -0.16366114 0.23484595
v 0.26332629 -0.15967576 0.24304685
v 0.26645786 -0.20632103 0.25165018
v 0.26677915 -0.27109122 0.26725379
v 0.26584047 -0.31404844 0.27786893
v 0.27813169 -0.45435098 0.30522388
v 0.26338074 -0.44714242 0.31208193
v 0.26588923 -0.46004599 0.31322089
v 0.27309322 -0.49896392 0.31411093
v 0.26077327 0.33625126 -0.30331406
v 0.26340371 0.30693963 -0.29268849
v 0.26983362 -0.48240358 -0.27842903
v 0.25823027 -0.4835332 -0.26612321
v 0.2669096 -0.46261343 -0.26266408
v 0.26965663 -0.46226585 -0.26585737
v 0.26698443 -0.4439173 -0.25845921
v 0.24983244 0.21586387 -0.2546379
v 0.26786307 -0.41157573 -0.2491955
v 0.26978335 -0.41658774 -0.25398594
v 0.2667734 -0.44292286 -0.23663957
v 0.26783627 -0.32536381 -0.22527309
v 0.26706371 -0.41299978 -0.22741857
v 0.2667734 -0.44292286 -0.23663957
v 0.26991871 -0.43922442 -0.23011315
v 0.2698085 -0.41224036 -0.22357702
v 0.25377983 0.19378145 -0.22216934
v 0.26744193 -0.2852945 -0.21216227
v 0.27061176 -0.36276963 -0.20975687
v 0.26473033 -0.26834208 -0.19997072
v 0.27040359 -0.3305715 -0.20134377
v 0.26435998 -0.24460959 -0.1918685
v 0.2639403 -0.20851757 -0.18242805
v 0.26410723 -0.22243427 -0.18557583
v 0.26744038 -0.174514 -0.18311292
v 0.26441047 -0.19156963 -0.18066452
v 0.27032322 -0.24959344 -0.17969026
v 0.26727042 -0.15523592 -0.17923988
v 0.26776147 -0.13426398 -0.17394595
v 0.27107769 -0.22321056 -0.17219836
v 0.26282275 -0.13585347 -0.16326503
v 0.263055 -0.14948396 -0.16580595
v 0.27113658 -0.14847998 -0.15168467
v 0.26682052 -0.12751694 -0.15213044
v 0.26563638 -0.04846689 -0.15384285
v 0.26525703 -0.01091609 -0.14472751
v 0.27055585 -0.11284784 -0.14268748
v 0.26129329 -0.02250734 -0.12645189
v 0.25739041 0.01221273 0.16067535
v 0.2743226 0.00907473 0.16356745
v 0.2721599 0.00076913 0.17330796
v 0.26135996 0.00319986 0.17313197
v 0.26258525 -0.00745007 0.18387617
v 0.27113658 -0.01078855 0.18314603
v 0.27176869 -0.01856638 0.18982254
v 0.25763354 -0.02980829 0.21228775
v 0.2617847 -0.05698642 0.22065328
v 0.2626107 -0.08114575 0.22496729
v 0.26231501 -0.1354612 0.23906177
v 0.26327789 -0.17502126 0.2473117
v 0.26336136 -0.19715559 0.25272098
v 0.26343319 -0.23440264 0.26071903
v 0.26346225 -0.24998504 0.26499265
v 0.26296717 -0.27071586 0.27150479
v 0.26558208 -0.50030291 0.31756288
v 0.2508873 -0.50039262 0.33330965
v 0.25624165 -0.5000037 0.36083931
v 0.26298258 -0.49964184 0.36661097
v 0.2563695 0.3715755 -0.31769666
v 0.26010862 0.29646921 -0.28934535
v 0.26054499 0.27337304 -0.28022495
v 0.2492715 0.23138042 -0.2617768
v 0.26188806 -0.4710857 -0.25641397
v 0.25825423 -0.4837926 -0.25332931
v 0.26207513 -0.45795023 -0.2501404
v 0.24423921 0.20813115 -0.24978477
v 0.26269245 -0.43886995 -0.24385111
v 0.26290736 -0.424624 -0.24065876
v 0.26170635 -0.47007167 -0.25294033
v 0.26662591 -0.47123307 -0.24310143
v 0.26306894 -0.41048676 -0.23663808
v 0.2528308 0.19424751 -0.23959677
v 0.25599647 0.19228609 -0.2360526
v 0.26301014 -0.38814464 -0.22972782
v 0.26338765 -0.36951196 -0.22562172
v 0.26375729 -0.34653795 -0.21929102
v 0.26366726 -0.32426679 -0.21345374
v 0.26415056 -0.30361339 -0.20905252
v 0.26376498 -0.17874691 -0.17571799
v 0.26267773 -0.11355899 -0.15807594
v 0.26621002 -0.07085786 -0.15940548
v 0.26230046 -0.10457742 -0.15393452
v 0.26208353 -0.07690156 -0.14804195
v 0.26167846 -0.05779072 -0.14303972
v 0.26360121 -0.03487289 -0.14589328
v 0.26227573 -0.02212243 -0.14178851
v 0.26230469 -0.09667104 -0.15055642
v 0.25863615 -0.00924467 -0.1414113
v 0.25863615 -0.00924467 -0.1414113
v 0.26078486 -0.01646688 -0.13992019
v 0.26219523 -0.04164624 -0.13370292
v 0.26129329 -0.02250734 -0.12645189
v 0.25579685 0.02115252 -0.06053657
v 0.25541264 0.02154996 -0.00604785
v 0.25478262 0.01902685 0.12831739
v 0.25007749 0.00600737 0.17166793
v 0.26135996 0.00319986 0.17313197
v 0.25606754 -0.02455223 0.20532461
v 0.25763178 -0.03710589 0.21853578
v 0.26128852 -0.12112 0.23818123
v 0.26043823 -0.0990501 0.23453949
v 0.26288176 -0.12072945 0.25073791
v 0.26308203 -0.16571096 0.26181859
v 0.26560026 -0.17226833 0.26718783
v 0.26663244 -0.19657812 0.27366954
v 0.26365471 -0.30734178 0.27870136
v 0.2660138 -0.21621253 0.27810115
v 0.26591048 -0.24137032 0.28526461
v 0.26322696 -0.26722619 0.28825733
v 0.26319686 -0.34685254 0.28864187
v 0.2666924 -0.27549052 0.29421383
v 0.2635881 -0.37204933 0.29373592
v 0.26599038 -0.29850084 0.29955566
v 0.2627812 -0.40280369 0.30290109
v 0.26647922 -0.33442929 0.30816141
v 0.26337013 -0.35011938 0.3067919
v 0.26598051 -0.36445495 0.31562513
v 0.26283482 -0.39056906 0.31871238
v 0.2659497 -0.39530131 0.32339627
v 0.26185668 -0.48574582 0.32465425
v 0.26089662 -0.47541666 0.32907096
v 0.26319504 -0.44953293 0.33335474
v 0.26576865 -0.464764 0.33987761
v 0.26266888 -0.47291508 0.33830628
v 0.26407984 -0.48164812 0.34286949
v 0.25437844 0.35588896 -0.31124693
v 0.25505543 0.31355661 -0.29469314
v 0.25951457 -0.47830698 -0.26539418
v 0.25823027 -0.4835332 -0.26612321
v 0.25747451 -0.48294047 -0.25666177
v 0.25747451 -0.48294047 -0.25666177
v 0.25825423 -0.4837926 -0.25332931
v 0.2528308 0.19424751 -0.23959677
v 0.26328021 -0.48403394 -0.24361537
v 0.25530529 -0.0163003 -0.13738036
v 0.26129779 -0.02547438 -0.13717544
v 0.26138082 -0.04483048 -0.13789473
v 0.25981078 -0.02077592 -0.13336173
v 0.25530529 -0.0163003 -0.13738036
v 0.26078486 -0.01646688 -0.13992019
v 0.25981078 -0.02077592 -0.13336173
v 0.2585282 0.00845574 -0.09588664
v 0.24855654 0.01403155 -0.09136172
v 0.24705489 0.02060607 -0.07907429
v 0.25425878 0.02081413 0.07692432
v 0.24657518 0.01875676 0.14110114
v 0.24283959 0.01732117 0.14702287
v 0.2482637 -0.00577386 0.18755291
v 0.25077316 -0.01189689 0.19472839
v 0.25884742 -0.05474236 0.2240236
v 0.25955406 -0.07073527 0.22831288
v 0.2567206 -0.02026152 0.22614029
v 0.25929207 -0.06378405 0.23470843
v 0.25881407 -0.0434808 0.23188423
v 0.25978023 -0.07942197 0.2369816
v 0.26132309 -0.11578937 0.24217206
v 0.26151821 -0.14256407 0.24501546
v 0.26158839 -0.1405264 0.25258875
v 0.26132333 -0.16236575 0.25171372
v 0.26083916 -0.17929006 0.25593588
v 0.26117793 -0.19692646 0.25891492
v 0.2609542 -0.2211813 0.26728621
v 0.26123735 -0.26009884 0.27375457
v 0.26103085 -0.25098491 0.27517501
v 0.2609579 -0.27458283 0.28054011
v 0.26063412 -0.2929633 0.28574103
v 0.2609686 -0.32307395 0.2901518
v 0.26067236 -0.3422879 0.29630369
v 0.26051357 -0.36285537 0.30191398
v 0.26097998 -0.37491524 0.30582404
v 0.2609522 -0.39949721 0.30948424
v 0.26128104 -0.40792316 0.30937812
v 0.260492 -0.44370216 0.32011208
v 0.26052523 -0.42617601 0.31884411
v 0.26052675 -0.45865095 0.32568058
v 0.25968614 -0.49914569 0.32165015
v 0.25648019 -0.48683155 0.34263745
v 0.2573539 0.38852179 -0.31822503
v 0.24938728 0.39057314 -0.32505664
v 0.25307122 0.33361137 -0.30167061
v 0.24880269 0.29480749 -0.28635004
v 0.24665277 0.26425925 -0.2742824
v 0.23995133 0.19358858 -0.22819394
v 0.25098079 -0.00675115 -0.14071049
v 0.25863615 -0.00924467 -0.1414113
v 0.24322867 -0.01271052 -0.14022833
v 0.23810686 -0.01940011 -0.13088354
v 0.24667716 0.02161269 -0.06197847
v 0.2482637 -0.00577386 0.18755291
v 0.25606754 -0.02455223 0.20532461
v 0.25763354 -0.02980829 0.21228775
v 0.2517471 -0.02913254 0.21394955
v 0.25453469 -0.03094724 0.21815248
v 0.2561796 -0.0349064 0.22055139
v 0.24999075 -0.50007159 0.35204646
v 0.26298258 -0.49964184 0.36661097
v 0.23642246 0.33843759 -0.30021402
v 0.23578751 -0.01830663 -0.13451058
v 0.24221635 -0.01967371 -0.12659279
v 0.25194484 -0.01685298 -0.12098337
v 0.24724168 0.02799904 -0.11394732
v 0.24231315 0.01092878 -0.10402089
v 0.24231315 0.01092878 -0.10402089
v 0.24633257 0.02216075 -0.00947468
v 0.24544242 0.02154258 0.03195659
v 0.24783453 0.02080582 0.09214342
v 0.24063918 0.02073764 0.12017606
v 0.25031313 0.04788171 0.16363166
v 0.25265068 0.05006364 0.16511206
v 0.248421 0.04805662 0.17764407
v 0.24710925 -0.02630104 0.20804641
v 0.24710925 -0.02630104 0.20804641
v 0.24479933 -0.02895724 0.21768589
v 0.24602583 0.04117735 0.25046223
v 0.24995211 0.02794419 0.26524222
v 0.2476715 0.00807041 0.27336451
v 0.24476589 0.01176472 0.27063102
v 0.24829961 -0.49872452 0.34247184
v 0.24153756 0.4118174 -0.33164957
v 0.23951051 0.38569766 -0.32159904
v 0.23449941 0.30956548 -0.28916463
v 0.23729582 0.2453364 -0.26684895
v 0.22982636 0.19362938 -0.23645626
v 0.23993647 0.19438785 -0.21991016
v 0.23646837 0.19967873 -0.20201267
v 0.25098079 -0.00675115 -0.14071049
v 0.25863615 -0.00924467 -0.1414113
v 0.24322867 -0.01271052 -0.14022833
v 0.22907744 -0.01644017 -0.11872854
v 0.23587885 0.01430376 -0.09131632
v 0.23825882 0.02271545 -0.0685509
v 0.23819186 0.02226482 0.09620077
v 0.24732149 0.03312783 0.17280826
v 0.24776579 0.0371431 0.25713158
v 0.24451518 0.02278217 0.26628801
v 0.22922085 0.36926204 -0.31109113
v 0.23687816 0.29171282 -0.28373149
v 0.23535152 0.27070019 -0.2760523
v 0.23626535 0.23069227 -0.261298
v 0.23075254 0.19500567 -0.23962787
v 0.24724168 0.02799904 -0.11394732
v 0.23986492 0.02311613 -0.01525933
v 0.2394888 0.02250077 0.05362697
v 0.23801291 0.01809382 0.14238314
v 0.2350366 0.0121018 0.16103704
v 0.23436107 0.00564463 0.1722393
v 0.2517471 -0.02913254 0.21394955
v 0.23745607 0.03758639 0.25317547
v 0.24776579 0.0371431 0.25713158
v 0.23745607 0.03758639 0.25317547
v 0.23974797 0.03236099 0.25927624
v 0.24105269 0.02528271 0.26476681
v 0.24026303 -0.00374819 0.2752201
v 0.2431024 -0.00682936 0.27806887
v 0.22720313 0.43142995 -0.33690199
v 0.22839932 0.42542136 -0.33696204
v 0.23293628 0.40460256 -0.33032122
v 0.23146877 0.35284901 -0.30490342
v 0.23075254 0.19500567 -0.23962787
v 0.22755109 -0.00679758 -0.14179371
v 0.22914518 3.38E-06 -0.1408605
v 0.23591763 0.02248649 -0.02369701
v 0.23654167 0.02237942 0.05095172
v 0.23562363 0.01902702 0.12687595
v 0.21006709 -0.00132217 0.18130895
v 0.20896456 -0.01673739 0.1967838
v 0.25077316 -0.01189689 0.19472839
v 0.23434427 -0.03073637 0.21439356
v 0.22305445 -0.0289664 0.20830187
v 0.22976822 -0.02146551 0.27802008
v 0.24115917 -0.01750103 0.28535756
v 0.23585483 -0.02313837 0.28585938
v 0.22818191 0.43572211 -0.33472911
v 0.2237471 0.42354205 -0.33822182
v 0.22706206 0.41435677 -0.33471033
v 0.22717763 0.38248998 -0.31635588
v 0.23111461 0.32732934 -0.29585934
v 0.22968948 0.20697191 -0.2489828
v 0.23900598 0.00547193 -0.1358095
v 0.22483598 0.01250315 -0.09231272
v 0.23058179 0.01870673 -0.01926648
v 0.2317926 0.01876522 0.08770004
v 0.22231005 0.00722593 0.16816068
v 0.2482637 -0.00577386 0.18755291
v 0.23974797 0.03236099 0.25927624
v 0.22368315 0.02888192 0.2632688
v 0.22376335 0.01699414 0.27243415
v 0.22589618 0.00895326 0.27519229
v 0.23443066 -0.00377611 0.2755754
v 0.22423148 0.19715461 -0.24287787
v 0.22137396 0.19473417 -0.22328465
v 0.21949875 0.19939901 -0.20237432
v 0.22862646 0.00842171 -0.10682653
v 0.22227046 0.01082285 -0.10308417
v 0.22156499 0.01328111 0.10832386
v 0.21037145 -0.00951634 0.18927242
v 0.21783051 0.03625808 0.23667389
v 0.22329254 0.03512741 0.25328031
v 0.22284146 0.02340868 0.26841047
v 0.22284146 0.02340868 0.26841047
v 0.22820933 -0.01611168 0.27682501
v 0.20971824 0.41056371 -0.3265028
v 0.21805465 0.39952022 -0.32284325
v 0.21978985 0.37452668 -0.31402341
v 0.22023785 0.35876405 -0.30927843
v 0.21985254 0.3431958 -0.30478543
v 0.21863678 0.30733311 -0.29390737
v 0.22423148 0.19715461 -0.24287787
v 0.21545506 -0.00641922 -0.14269543
v 0.22362536 0.01487398 -0.00536786
v 0.22159612 0.01359355 0.07437117
v 0.20656104 -0.03252697 0.21316989
v 0.22107393 -0.00051625 0.27875826
v 0.21777396 0.44701779 -0.33931908
v 0.21727434 0.42663243 -0.33976638
v 0.21944658 0.32706779 -0.29973242
v 0.21554981 0.0034106 -0.14301006
v 0.22319579 0.01328513 -0.14016712
v 0.22052568 0.01276458 -0.08433935
v 0.22009207 0.01332148 -0.06119161
v 0.21997277 0.01337948 0.00843123
v 0.21006709 -0.00132217 0.18130895
v 0.21544856 0.02946902 0.26211205
v 0.20776278 0.01828522 0.2748358
v 0.21549702 -0.02701011 0.27707249
v 0.21474457 0.43957892 -0.34254953
v 0.21647212 0.28425553 -0.28801444
v 0.21500769 0.24190153 -0.27738529
v 0.21413328 0.21951345 -0.27290896
v 0.21546611 0.15297209 -0.25958303
v 0.21470155 0.00960997 -0.14389387
v 0.21470155 0.00960997 -0.14389387
v 0.18889271 -0.0102114 -0.14256197
v 0.21453249 0.01220302 0.015484
v 0.2164429 0.01222786 0.09994868
v 0.20432059 0.00429467 0.17389253
v 0.20917439 0.00192552 0.28232354
v 0.2074742 -0.00402324 0.28281921
v 0.20874697 0.45213568 -0.34394941
v 0.20420885 0.43890268 -0.34632188
v 0.19710162 0.36180776 -0.30920061
v 0.21332493 0.13372584 -0.25705209
v 0.21412584 0.11059993 -0.24969245
v 0.20814508 0.11545011 -0.25376666
v 0.198696 0.00850368 -0.10852876
v 0.2000166 0.01085696 -0.10439298
v 0.20556128 0.01183035 -0.03221107
v 0.20658144 0.01118973 0.13077414
v 0.20629683 0.00922754 0.15982337
v 0.20190434 0.03344623 0.193152
v 0.20656104 -0.03252697 0.21316989
v 0.18536763 0.02885662 0.24754502
v 0.19122519 0.02854461 0.25593522
v 0.19992214 0.02845767 0.26156899
v 0.20244721 0.00674379 0.2821624
v 0.20414126 -0.01312825 0.28239161
v 0.20208317 0.31220585 -0.29424357
v 0.2016139 0.27185997 -0.28285262
v 0.20086592 0.24650566 -0.27697971
v 0.20725363 0.22696228 -0.27493593
v 0.20692743 0.19265017 -0.26942742
v 0.20405203 0.02167689 -0.1770889
v 0.2040323 0.01550727 -0.16222028
v 0.20396693 0.00970773 -0.14659527
v 0.20396693 0.00970773 -0.14659527
v 0.19745223 0.01210953 -0.07878058
v 0.19868779 -0.02969326 0.20822288
v 0.20093185 0.02278484 0.27209187
v 0.20093185 0.02278484 0.27209187
v 0.20312992 -0.03549597 0.27670819
v 0.20011103 -0.04556141 0.28351924
v 0.20120706 0.42216977 -0.33237696
v 0.1973222 0.41823053 -0.32785803
v 0.19815981 0.40292934 -0.32243329
v 0.19591957 0.33853996 -0.30128229
v 0.20059228 0.29648674 -0.29001167
v 0.2003846 0.16805145 -0.26577339
v 0.20102558 0.12696789 -0.25731948
v 0.20118763 0.06580231 -0.23422112
v 0.21376467 0.06775822 -0.23116165
v 0.20131852 0.05674578 -0.2278609
v 0.21424814 0.05845777 -0.22375369
v 0.19936189 0.0470215 -0.21962185
v 0.21416113 0.05108441 -0.21717308
v 0.20105034 0.04013991 -0.21132106
v 0.20191729 0.03292825 -0.19967759
v 0.19393067 0.00994568 -0.14648175
v 0.18213941 -0.01856016 -0.13568971
v 0.20294681 0.01127595 0.02213967
v 0.19593301 0.0252363 0.26888901
v 0.19692107 -0.04326399 0.27824336
v 0.20168364 0.45525566 -0.34683147
v 0.19097595 0.45286125 -0.35207221
v 0.19281541 0.43170422 -0.33907863
v 0.20007284 0.26092467 -0.27948585
v 0.20264961 0.22228973 -0.27378383
v 0.20061147 0.19665478 -0.26956698
v 0.20050888 0.14945991 -0.26158968
v 0.2003846 0.16805145 -0.26577339
v 0.20102558 0.12696789 -0.25731948
v 0.20090058 0.10638466 -0.25169244
v 0.20109566 0.08565434 -0.24411672
v 0.1363903 -0.01460301 -0.14032406
v 0.19903071 0.01094463 0.13715029
v 0.18754016 -0.00191003 0.18514951
v 0.18896638 0.45830268 -0.35160807
v 0.19321692 0.44652081 -0.3506254
v 0.19654006 0.37848347 -0.31423959
v 0.19487596 0.35091069 -0.30503461
v 0.19608121 0.3251774 -0.29690123
v 0.19616364 0.31367981 -0.29288581
v 0.19635372 0.26381567 -0.27676716
v 0.2016139 0.27185997 -0.28285262
v 0.20007284 0.26092467 -0.27948585
v 0.20086592 0.24650566 -0.27697971
v 0.19604389 0.22153449 -0.2696273
v 0.19668116 0.06432593 -0.23184289
v 0.19794728 0.05276242 -0.22411889
v 0.19456099 0.18690579 -0.20543057
v 0.18800603 0.01904682 -0.15729776
v 0.19432919 0.01311681 -0.14996064
v 0.19115317 0.01155828 -0.10724426
v 0.1962958 0.01156103 -0.0241365
v 0.19444649 0.0090953 0.161226
v 0.18701431 0.0039898 0.17678884
v 0.19387642 0.03021596 0.18234479
v 0.18705511 -0.00975395 0.19256771
v 0.18681045 -0.0169266 0.19823816
v 0.1813979 0.02884697 0.23364675
v 0.18942906 0.010133 0.28179529
v 0.18577032 0.00412285 0.28552932
v 0.18545389 -0.00510805 0.28553778
v 0.1825619 0.44225201 -0.34722137
v 0.18346126 0.48120087 -0.33480233
v 0.19137205 0.40131074 -0.31975222
v 0.1959061 0.29172286 -0.28597704
v 0.1959061 0.29172286 -0.28597704
v 0.1956142 0.25096717 -0.27281916
v 0.19604389 0.22153449 -0.2696273
v 0.20061147 0.19665478 -0.26956698
v 0.19641127 0.19859377 -0.26556727
v 0.19646367 0.1627616 -0.26105177
v 0.19666882 0.12057842 -0.25259334
v 0.20090058 0.10638466 -0.25169244
v 0.1964765 0.08744799 -0.24233738
v 0.1964765 0.08744799 -0.24233738
v 0.19936189 0.0470215 -0.21962185
v 0.1873477 0.04370397 -0.20992568
v 0.18621205 0.0263642 -0.17454027
v 0.19393067 0.00994568 -0.14648175
v 0.18889271 -0.0102114 -0.14256197
v 0.18912333 -0.01714589 -0.11965075
v 0.19156258 0.01164951 0.05741481
v 0.19118471 0.01150327 0.12335663
v 0.18174416 0.00740365 0.17014085
v 0.19348769 0.0281103 0.17756966
v 0.18754016 -0.00191003 0.18514951
v 0.1830231 0.02895431 0.21262185
v 0.18739724 -0.04544849 0.27585053
v 0.19160984 -0.03934867 0.27603778
v 0.18559739 -0.02169292 0.2818177
v 0.18346126 0.48120087 -0.33480233
v 0.18625058 0.419929 -0.32578486
v 0.19137205 0.40131074 -0.31975222
v 0.19654006 0.37848347 -0.31423959
v 0.1936087 0.38652861 -0.31518856
v 0.18643826 0.3893064 -0.30756488
v 0.19223151 0.37069359 -0.30781156
v 0.19710162 0.36180776 -0.30920061
v 0.19487596 0.35091069 -0.30503461
v 0.19591957 0.33853996 -0.30128229
v 0.19087137 0.33803302 -0.2947515
v 0.19608121 0.3251774 -0.29690123
v 0.19616364 0.31367981 -0.29288581
v 0.18915653 0.31817064 -0.28387451
v 0.18951355 0.30890724 -0.28063825
v 0.18992463 0.29222515 -0.27607009
v 0.18672289 0.30572107 -0.27792254
v 0.18951355 0.30890724 -0.28063825
v 0.18992463 0.29222515 -0.27607009
v 0.19071411 0.2705709 -0.27030879
v 0.19014376 0.25160733 -0.26263738
v 0.18677868 0.26422355 -0.26604924
v 0.19071411 0.2705709 -0.27030879
v 0.19014376 0.25160733 -0.26263738
v 0.19027305 0.23369981 -0.25783077
v 0.19027305 0.23369981 -0.25783077
v 0.18659215 0.24268362 -0.25848806
v 0.1899766 0.21174091 -0.2510733
v 0.19134936 0.19139671 -0.25008827
v 0.19330832 0.15825847 -0.25355306
v 0.18892251 0.18925083 -0.2392665
v 0.1918496 0.15467155 -0.24701595
v 0.1938145 0.12573011 -0.24789177
v 0.18963785 0.18086465 -0.23584762
v 0.19141001 0.12325586 -0.23982412
v 0.19375475 0.10099274 -0.24236789
v 0.18935098 0.17350043 -0.22850086
v 0.18998344 0.12577553 -0.23330985
v 0.19088027 0.10012504 -0.23497128
v 0.19436093 0.08305311 -0.23717192
v 0.19095957 0.07470012 -0.22627163
v 0.19668116 0.06432593 -0.23184289
v 0.18944101 0.0620569 -0.22000165
v 0.19133802 0.05178144 -0.21817243
v 0.19133802 0.05178144 -0.21817243
v 0.19045508 0.17147784 -0.22134428
v 0.18356228 0.04169813 -0.20681241
v 0.18851332 0.08180327 -0.20305951
v 0.18417625 0.0359979 -0.19512549
v 0.18775316 0.01283596 -0.09523813
v 0.19025324 0.0122279 -0.03110814
v 0.18689303 0.01157565 0.14387923
v 0.1824469 -0.05194023 0.28120339
v 0.17905304 0.44834784 -0.35270134
v 0.18381947 0.41372135 -0.32071859
v 0.18576805 0.40155497 -0.31294662
v 0.18666483 0.36899242 -0.30086759
v 0.18741541 0.35780033 -0.29727226
v 0.18692234 0.34955221 -0.29351687
v 0.18619059 0.33954889 -0.28922996
v 0.18612318 0.3287915 -0.28506774
v 0.18647368 0.31701112 -0.28105742
v 0.18647368 0.31701112 -0.28105742
v 0.186014 0.29070583 -0.27345011
v 0.18729214 0.27510211 -0.26951739
v 0.18625511 0.22830708 -0.25397301
v 0.1863066 0.21649249 -0.24972412
v 0.1863066 0.21649249 -0.24972412
v 0.18723804 0.20687459 -0.24586509
v 0.18723804 0.20687459 -0.24586509
v 0.18892251 0.18925083 -0.2392665
v 0.18783115 0.19708459 -0.24238782
v 0.185225 0.1894265 -0.23870061
v 0.18566893 0.18192717 -0.23442914
v 0.18963785 0.18086465 -0.23584762
v 0.18883823 0.17735517 -0.23050344
v 0.18883823 0.17735517 -0.23050344
v 0.18935098 0.17350043 -0.22850086
v 0.18645877 0.17286782 -0.22759391
v 0.18922628 0.17172472 -0.22422495
v 0.18994771 0.14393842 -0.22222924
v 0.18976377 0.12292715 -0.22057159
v 0.18994339 0.08308188 -0.22454834
v 0.18922628 0.17172472 -0.22422495
v 0.19045508 0.17147784 -0.22134428
v 0.18898724 0.08737734 -0.21846922
v 0.19191663 0.13809162 -0.21719062
v 0.18923588 0.09062133 -0.214045
v 0.18271601 0.06127192 -0.21389933
v 0.1873477 0.04370397 -0.20992568
v 0.1694587 -0.00147241 -0.14538836
v 0.18653509 0.01293274 0.00073113
v 0.18618752 0.01265385 0.1140058
v 0.18394545 0.01057649 0.16136999
v 0.18750308 0.03065516 0.19976181
v 0.19099973 0.03058003 0.18899773
v 0.1830231 0.02895431 0.21262185
v 0.17922021 0.02861547 0.20750464
v 0.15827169 0.00981061 0.28308263
v 0.18403715 -0.04498612 0.27489936
v 0.1824469 -0.05194023 0.28120339
v 0.1744374 9.014E-05 0.2863639
v 0.17357308 0.45438161 -0.35597748
v 0.16823366 0.42175615 -0.3229312
v 0.18220517 0.40807745 -0.31470671
v 0.18381947 0.41372135 -0.32071859
v 0.18220517 0.40807745 -0.31470671
v 0.18576805 0.40155497 -0.31294662
v 0.1819652 0.39446494 -0.3088809
v 0.18643826 0.3893064 -0.30756488
v 0.18224654 0.3782112 -0.30301812
v 0.18666483 0.36899242 -0.30086759
v 0.18063462 0.36504441 -0.29894775
v 0.18741541 0.35780033 -0.29727226
v 0.18692234 0.34955221 -0.29351687
v 0.18155959 0.35377288 -0.29459044
v 0.18619059 0.33954889 -0.28922996
v 0.17759505 0.3091501 -0.27942255
v 0.17548496 0.27214777 -0.2685107
v 0.17473346 0.2245176 -0.25335443
v 0.17535891 0.1961351 -0.24338336
v 0.18184963 0.06946074 -0.2113235
v 0.18318456 0.05271025 -0.21256135
v 0.18318456 0.05271025 -0.21256135
v 0.18356228 0.04169813 -0.20681241
v 0.18090788 0.03962307 -0.20367076
v 0.1729489 0.01842625 -0.15083231
v 0.18130206 0.01596496 -0.10256692
v 0.18322854 0.01520346 -0.08426224
v 0.18366776 0.01442007 -0.02466088
v 0.18331116 0.01444528 0.03541579
v 0.18290454 0.01385334 0.14079334
v 0.17889905 0.01589568 0.15298218
v 0.17322415 -0.02749816 0.20650576
v 0.16680108 0.02609224 0.24649264
v 0.16148131 0.01929976 0.27407137
v 0.1700875 -0.04270972 0.27446043
v 0.17173098 -0.04867343 0.27490282
v 0.17547528 0.00669737 0.28577644
v 0.17435212 0.41644135 -0.31910142
v 0.17207487 0.1736815 -0.23414773
v 0.18271601 0.06127192 -0.21389933
v 0.17587179 0.05337709 -0.21145201
v 0.18318456 0.05271025 -0.21256135
v 0.17719658 0.04302778 -0.20735341
v 0.17719658 0.04302778 -0.20735341
v 0.17719658 0.04302778 -0.20735341
v 0.17847279 0.07877123 -0.20045798
v 0.18296577 0.07748248 -0.20490594
v 0.18147519 0.07687782 -0.20226812
v 0.17235036 0.02706945 -0.17677629
v 0.16990085 0.01385231 -0.14797856
v 0.17351174 0.01306021 -0.10981642
v 0.17759983 0.01816041 -0.07999714
v 0.18057466 0.01858058 -0.07296592
v 0.17924331 0.01917864 -0.02510139
v 0.17606643 0.01938127 -0.0556603
v 0.1786844 0.01915001 0.01403011
v 0.17858024 0.01926789 0.09663438
v 0.17746384 0.01904104 0.14404196
v 0.1757869 0.01554335 0.15901989
v 0.15946998 0.01006638 0.17343844
v 0.16647215 0.00282576 0.18590111
v 0.16516045 0.02497722 0.25710475
v 0.15827169 0.00981061 0.28308263
v 0.15142891 -0.02779148 0.27949187
v 0.17063136 -0.05240446 0.27944851
v 0.16737515 -0.0078578 0.28537524
v 0.16465773 0.43629977 -0.33733428
v 0.16456632 0.1823028 -0.24043879
v 0.17414774 0.03872797 -0.20529145
v 0.16990085 0.01385231 -0.14797856
v 0.16895616 0.01550292 -0.10594942
v 0.17449827 0.0196864 -0.01450866
v 0.17359351 0.02039746 0.07551041
v 0.17399846 0.02012342 0.13339324
v 0.1733698 0.01802317 0.15399073
v 0.16647215 0.00282576 0.18590111
v 0.16372941 -0.01586384 0.19869111
v 0.16136448 0.02294963 0.26674712
v 0.16285874 0.46039763 -0.35894737
v 0.15989274 0.45795819 -0.35890681
v 0.1623259 0.40219232 -0.31305149
v 0.16299208 0.36378267 -0.29962116
v 0.16649632 0.15080804 -0.21638231
v 0.15830195 0.02987708 -0.18981892
v 0.14386815 -0.00967365 -0.14344984
v 0.14197131 0.01526297 -0.1054846
v 0.16357459 0.01814524 0.15477379
v 0.15689704 -6.04E-06 0.18984
v 0.16116564 0.02553642 0.20472358
v 0.1615473 0.02543412 0.22933915
v 0.15130307 0.41794458 -0.31999019
v 0.16168173 0.02788738 -0.18130316
v 0.14844254 0.01708406 -0.0802275
v 0.15914887 0.01580639 0.16355538
v 0.15956199 0.02344719 0.21069291
v 0.13613887 -0.03364816 0.21282201
v 0.13613887 -0.03364816 0.21282201
v 0.14668782 -0.01792706 0.28249612
v 0.15315636 0.45075983 -0.35110745
v 0.15335138 0.16590826 -0.23862888
v 0.1494665 0.05056231 -0.21679388
v 0.15101942 0.03867326 -0.21165593
v 0.15117903 0.03422463 -0.20363379
v 0.13638733 0.01660241 -0.14819781
v 0.14606369 -0.00359645 0.19280535
v 0.15395544 -0.04668908 0.27405059
v 0.1401713 0.00521863 0.28557223
v 0.1405983 0.42698053 -0.32443288
v 0.12309198 0.38049355 -0.30744597
v 0.16241235 0.14717117 -0.22131371
v 0.14930449 0.0192939 -0.15056953
v 0.14106388 -0.00172337 -0.1456351
v 0.14830267 0.01785729 -0.00491854
v 0.14766504 0.01831611 0.07389478
v 0.14939329 0.01822582 0.13376659
v 0.14008087 0.00832328 0.18085463
v 0.14487481 0.00393763 0.18700185
v 0.15956199 0.02344719 0.21069291
v 0.13975529 0.02323177 0.25352606
v 0.13161722 0.40096971 -0.31392959
v 0.13718726 0.34234947 -0.29501805
v 0.1336982 0.28107843 -0.27791736
v 0.15006061 0.13902579 -0.22469461
v 0.12411204 -0.0192677 -0.1357026
v 0.10699465 -0.0209479 -0.1297618
v 0.14487481 0.00393763 0.18700185
v 0.14376047 0.02293241 0.22337465
v 0.13445491 0.01897078 0.27235743
v 0.14006014 0.43741155 -0.33496413
v 0.13443273 0.18223995 -0.24827746
v 0.13018993 0.141433 -0.23662175
v 0.13997313 0.13511126 -0.22805156
v 0.14386815 -0.00967365 -0.14344984
v 0.14802569 0.01592887 0.1648905
v 0.08719236 -0.05395763 0.27953568
v 0.17063136 -0.05240446 0.27944851
v 0.1824469 -0.05194023 0.28120339
v 0.11380567 0.46482524 -0.36484912
v 0.13997827 0.1404293 -0.23317279
v 0.13638733 0.01660241 -0.14819781
v 0.10273721 -0.01814346 -0.12184954
v 0.14111085 0.02358609 0.23733573
v 0.11740588 -0.00281476 0.28501087
v 0.12781249 0.21994488 -0.26037216
v 0.13383953 0.03564049 -0.21282278
v 0.128529 0.02239209 -0.16481659
v 0.10783478 0.01576927 0.15147343
v 0.11341441 -0.02153736 0.20226818
v 0.08250348 -0.02904573 0.20800871
v 0.10971508 -0.03301351 0.21585467
v 0.09236389 -0.05261433 0.27784306
v 0.08719236 -0.05395763 0.27953568
v 0.1114557 0.35573629 -0.30107376
v 0.11964805 0.05252556 -0.22464457
v 0.12608841 0.04595402 -0.22135623
v 0.15101942 0.03867326 -0.21165593
v 0.12718266 0.03856075 -0.21804686
v 0.11194745 0.01866009 -0.15081674
v 0.1074066 0.01570055 -0.00643595
v 0.15995103 -0.05231713 0.28237095
v 0.12799005 0.12885047 -0.2249739
v 0.12164827 0.12609631 -0.22819357
v 0.12190849 0.05977508 -0.22496685
v 0.12718266 0.03856075 -0.21804686
v 0.11647344 0.01503387 0.16538785
v 0.12442439 0.01290228 0.17260985
v 0.10791162 0.00275458 0.18831366
v 0.12031724 -0.00315467 0.19273588
v 0.1146051 -0.04252436 0.27421147
v 0.10382096 0.00732989 0.28282288
v 0.10780642 0.14250854 -0.24280569
v 0.11346327 0.02428511 -0.1833266
v 0.09776422 -0.02044726 -0.12588882
v 0.0873317 0.02001981 0.23428783
v 0.11677247 0.01925072 0.26871106
v 0.10776789 -0.02159074 0.28092378
v 0.10382096 0.00732989 0.28282288
v 0.10069051 0.43575603 -0.3300716
v 0.07228258 0.42353269 -0.32456011
v 0.11076649 0.28541294 -0.28264916
v 0.10838848 0.06807861 -0.22239681
v 0.09345154 0.03080816 -0.22123256
v 0.09034275 -0.01261031 -0.14335792
v 0.1067882 0.01594182 0.12229716
v 0.10095117 0.01926333 0.2636441
v 0.11616243 0.00248694 0.28501213
v 0.10271543 0.45417345 -0.35239318
v 0.11397935 0.43126503 -0.32681856
v 0.10987122 0.2395259 -0.26910365
v 0.11451703 0.12823732 -0.23415513
v 0.10730241 0.03406698 -0.22089657
v 0.10086907 0.01423005 -0.1484977
v 0.11614591 -0.00135753 -0.14635785
v 0.08248541 0.01408173 -0.10832476
v 0.10744061 0.01600869 0.06456081
v 0.10791162 0.00275458 0.18831366
v 0.08554738 0.01992241 0.24784306
v 0.09130467 -0.04927127 0.27454075
v 0.10614358 0.15771532 -0.24771026
v 0.10112408 -0.01592586 -0.1403455
v 0.09156502 0.01232873 0.17401588
v 0.08789828 -0.0468955 0.27350354
v 0.09580284 0.01218592 0.27615678
v 0.0881937 -0.05302626 0.28266081
v 0.11158347 0.20293924 -0.25868222
v 0.12164827 0.12609631 -0.22819357
v 0.10380697 0.07614496 -0.21538845
v 0.10378271 0.02047978 -0.16195247
v 0.10895989 -0.01988153 -0.13573582
v 0.07956338 -0.03356713 0.21312191
v 0.07985518 0.01349273 0.27220273
v 0.10278662 0.39829814 -0.31392291
v 0.10312477 0.12274665 -0.23160905
v 0.1062979 0.12224152 -0.22886218
v 0.08582124 0.02474063 -0.20682845
v 0.08400041 -0.0113774 0.19567411
v 0.09744494 0.05505453 -0.22998069
v 0.0961111 0.04131776 -0.22767577
v 0.0831661 0.02389768 -0.19825317
v 0.07453186 0.01729279 -0.14994334
v 0.07453186 0.01729279 -0.14994334
v 0.07453304 -0.00536988 -0.14615992
v 0.09034275 -0.01261031 -0.14335792
v 0.09374909 0.0141106 0.16204718
v 0.07842221 -0.00684379 0.28300801
v 0.06718022 0.46797428 -0.36743227
v 0.06299479 0.38602373 -0.31179175
v 0.08206861 0.24683501 -0.27430111
v 0.0928136 0.03579411 -0.22627656
v 0.0928136 0.03579411 -0.22627656
v 0.08602087 0.0285304 -0.21949421
v 0.08518861 0.02164365 -0.17681868
v 0.08073231 -0.0055025 0.19190623
v 0.08175129 -0.02491076 0.27909675
v 0.07121038 0.19085459 -0.26109907
v 0.07814716 0.14369304 -0.24825045
v 0.09193037 0.12509134 -0.2370837
v 0.0938578 0.01475884 0.05478524
v 0.09554905 0.01489986 0.14141138
v 0.08286811 -0.02178855 0.20205919
v 0.06921502 0.43654212 -0.33025789
v 0.08122417 0.00809286 0.18001895
v 0.07956338 -0.03356713 0.21312191
v 0.06462874 0.48713872 -0.35522863
v 0.06268042 0.4001269 -0.31633419
v 0.08701756 0.29357427 -0.28694996
v 0.07505953 0.11859933 -0.23185763
v 0.10312477 0.12274665 -0.23160905
v 0.08044562 0.01427481 -0.09094737
v 0.08479442 0.01446727 -4.559E-05
v 0.07371844 0.01896263 0.25516295
v 0.07612089 0.00485194 0.28290442
v 0.07284894 0.12718761 -0.24245638
v 0.06965031 0.12017763 -0.23711053
v 0.08004157 0.05524051 -0.23148184
v 0.05079719 0.01828475 -0.15134157
v 0.08416684 0.01455033 0.11313353
v 0.07145473 0.01661128 0.21543424
v 0.07047633 0.0081884 0.2801221
v 0.05098548 0.2582927 -0.27980334
v 0.06965031 0.12017763 -0.23711053
v 0.0729188 0.04195757 -0.23042205
v 0.06034669 0.03191894 -0.22734213
v 0.06543705 0.02468033 -0.21156435
v 0.0723215 0.01369546 -0.14849637
v 0.0575353 0.01196134 0.17325826
v 0.06586299 0.46970797 -0.36732134
v 0.06235008 0.05211383 -0.23297872
v 0.05297694 0.02276556 -0.20739374
v 0.08122417 0.00809286 0.18001895
v 0.07010709 0.01926518 0.23075725
v 0.06850382 0.01664038 0.26337153
v 0.07612089 0.00485194 0.28290442
v 0.02602267 0.4399938 -0.334342
v 0.04316626 -0.02150494 -0.13300155
v 0.02949045 -0.02051014 -0.1257541
v 0.04102074 -0.05155915 0.27442768
v 0.06292618 0.24649875 -0.27592525
v 0.06347582 0.14353608 -0.24983028
v 0.06653482 0.11794221 -0.23378655
v 0.03779106 -0.01512225 -0.14290643
v 0.04030448 -0.02034923 -0.13736048
v 0.03847968 -0.02151767 -0.12874562
v 0.06101607 0.00892665 0.17909141
v 0.04800627 0.03479773 -0.23041146
v 0.04800627 0.03479773 -0.23041146
v 0.04696093 0.02818348 -0.22418056
v 0.04166973 0.02545646 -0.21831918
v 0.06101607 0.00892665 0.17909141
v 0.05122051 -0.00801003 0.28303868
v 0.04138247 0.12019095 -0.24107641
v 0.06266567 0.01628458 -0.1485109
v 0.03449465 0.00277663 -0.1482438
v 0.03223521 -0.01113379 -0.14546505
v 0.04838362 0.01281121 0.07998782
v 0.04672899 0.005869 0.18087147
v 0.03958814 -0.02480625 0.19896102
v 0.06495807 0.01647163 0.20288646
v 0.06876785 0.01215581 0.20420112
v 0.06347005 0.01679848 0.21117288
v 0.0453232 -0.02831525 0.20308174
v 0.06948038 0.01360878 0.2100244
v 0.06876785 0.01215581 0.20420112
v 0.06987544 0.01094121 0.2082772
v 0.06948038 0.01360878 0.2100244
v 0.0672432 0.00578053 0.20596659
v 0.07014448 0.00657445 0.2091855
v 0.04910853 0.00134969 0.28358603
v 0.04907021 0.22263804 -0.27101606
v 0.0527429 0.11758343 -0.23613989
v 0.03208531 0.05069463 -0.23516613
v 0.02746595 -0.01776372 -0.12220792
v 0.04015933 -0.01268302 0.19119743
v 0.05728045 0.0187124 0.20142232
v 0.04605359 -0.03263342 0.20860012
v 0.05049661 0.01813783 0.21941145
v 0.03404595 0.01079193 0.27449182
v 0.01575506 0.42192304 -0.32478115
v 0.03630784 0.17181298 -0.25882643
v 0.04240231 0.12816997 -0.24541095
v 0.03996429 0.02049863 -0.18764362
v 0.06266567 0.01628458 -0.1485109
v 0.0352651 -0.00608575 -0.1472218
v 0.03503619 0.01283952 -0.09462679
v 0.03875532 0.01279957 -0.0004801
v 0.03917044 0.01272992 0.14488024
v 0.03186203 0.00981657 0.17586647
v 0.04578593 0.01948482 0.23168004
v 0.03338625 0.01748974 0.25770649
v 0.04634282 0.00612645 0.28235987
v 0.04634282 0.00612645 0.28235987
v 0.04332212 0.46945924 -0.36794242
v 0.02661058 0.48846379 -0.35600525
v 0.06462874 0.48713872 -0.35522863
v 0.0087799 0.36947942 -0.30823609
v 0.02182578 0.35509315 -0.30492875
v 0.04385097 0.05747474 -0.23179062
v 0.04274506 0.01923003 -0.16382232
v 0.02708204 -0.03286903 0.21501827
v 0.03251835 0.00841992 0.27906835
v 0.00598296 0.39989945 -0.31710562
v 0.02671047 0.14289467 -0.25190693
v 0.03594536 0.07984794 -0.21362302
v 0.03404677 0.01619415 -0.14880466
v 0.03223521 -0.01113379 -0.14546505
v 0.03433592 0.01172575 0.17006299
v 0.03186203 0.00981657 0.17586647
v 0.04331736 0.02002774 0.20158251
v 0.04138247 0.12019095 -0.24107641
v 0.03404677 0.01619415 -0.14880466
v 0.00202655 -0.05399783 0.28275913
v 0.01000581 0.43654025 -0.33094078
v 0.01283916 0.38652271 -0.31289995
v 0.02610218 0.01970097 0.21004969
v 0.02445246 0.01901207 0.23245004
v 0.03000421 0.01893622 0.24598312
v 0.03342636 0.00446333 0.28197825
v 0.03234293 -0.00216242 0.28209066
v 0.02460634 0.21367811 -0.26986063
v 0.00992988 0.12325133 -0.24436797
v -0.00618112 0.12071703 -0.22521342
v 0.00034502 0.00567613 0.17535512
v 0.00139331 -0.03416735 0.21164042
v 0.00139331 -0.03416735 0.21164042
v -0.01671987 -0.04674344 0.27171189
v 0.03251835 0.00841992 0.27906835
v 0.0257477 -0.01011249 0.28066865
v -0.04010486 0.46638027 -0.36557448
v 0.01488427 0.32902804 -0.29876271
v -0.00639269 0.02144077 -0.20678324
v 0.00470933 0.01145787 0.16387849
v -0.00055029 0.46953556 -0.36799082
v 0.00891213 0.25660557 -0.28047782
v 0.01881428 0.04855327 -0.23590548
v -0.01636452 0.06066233 -0.23159271
v 0.02055746 0.01623987 -0.14878699
v 0.0061445 0.01177815 0.09443359
v -0.00056019 0.0117697 0.14844926
v 0.00246451 -0.03357194 0.2081895
v 0.01855247 0.02020461 0.2004807
v -0.01125607 -0.05233827 0.27453309
v 0.01052784 0.29659697 -0.29082945
v 0.00174558 0.14382668 -0.2528356
v -0.00068764 0.11772808 -0.24084324
v -0.00866096 0.02751631 -0.22747521
v -0.01232354 0.02301995 -0.21344365
v -0.0359966 -0.01035888 -0.14695746
v -0.0073554 -0.02061328 -0.13801625
v -0.01010501 0.01722875 0.2201539
v 0.01415311 0.00290477 0.28120404
v -0.01976051 0.05284587 -0.23618849
v -0.00330381 0.1226972 -0.22258405
v -0.0234874 0.01986305 -0.18927789
v 0.02055746 0.01623987 -0.14878699
v -0.00670161 -0.02141087 -0.13406394
v 0.00687566 0.01192744 -0.11178913
v -0.00459898 0.01182329 0.00491478
v 0.01323897 -0.01577735 0.18941729
v -0.00192485 0.11572406 -0.23681991
v 0.00058049 0.03612883 -0.23363148
v 0.00349485 0.0319362 -0.23128925
v 0.00349485 0.0319362 -0.23128925
v 0.00440239 0.00931401 0.17294988
v 0.00440239 0.00931401 0.17294988
v 0.00178214 -0.00077245 -0.14816619
v -0.00237588 -0.01440959 0.1858791
v -0.01007089 -0.0234927 0.19399093
v -0.00260842 0.0168236 0.25838631
v 0.00531112 0.00815715 0.27879858
v -0.03844529 -0.01769624 0.27832237
v -0.04163646 0.43927529 -0.33365309
v -0.03677042 0.42382517 -0.32577902
v -0.02310742 0.02382547 -0.21817848
v -0.01949992 0.01793372 -0.15098806
v -0.01505684 0.0163212 -0.14844218
v 0.00531112 0.00815715 0.27879858
v -0.00208479 0.20808136 -0.2689105
v -0.00068764 0.11772808 -0.24084324
v -0.02311226 0.0432975 -0.23614125
v -0.02689303 -0.01594249 -0.14372891
v -0.02674649 0.01158849 -0.09419884
v -0.03238805 -0.05492772 0.27926248
v -0.03238805 -0.05492772 0.27926248
v -0.03236725 0.01076391 0.08905356
v -0.01038739 0.01881369 0.20149043
v -0.0245607 0.01868853 0.24595223
v -0.03830861 -0.04276729 0.27174228
v -0.01840762 0.00939602 0.17167832
v -0.0285884 0.00950213 0.27471322
v -0.03752388 0.34803447 -0.30371785
v -0.0405774 0.14142551 -0.25217554
v -0.02615948 0.04876606 -0.23709589
v -0.03189787 0.03241184 -0.23192309
v -0.04318215 0.01805329 -0.15311879
v -0.01904709 -0.0172891 0.18727176
v -0.04235261 0.01738596 0.2555019
v -0.03869762 -0.00209976 0.27958819
v -0.06313801 0.40102646 -0.31792492
v -0.03590943 0.01022404 0.16775577
v -0.01840762 0.00939602 0.17167832
v -0.01671346 -0.00911175 0.18189695
v -0.03672088 -0.03163217 0.20556937
v -0.01955476 0.01852499 0.23111206
v -0.04267532 0.00328256 0.27907509
v -0.0424491 0.28537679 -0.28805944
v -0.04048842 0.22862977 -0.27387258
v -0.03189787 0.03241184 -0.23192309
v -0.01892465 0.00536843 0.17491776
v -0.09261847 0.46718135 -0.36593956
v -0.0433911 0.45398536 -0.35114169
v -0.0382177 0.03610874 -0.23379247
v -0.04999619 0.123249 -0.22209343
v -0.08853074 -0.03288351 0.21467179
v -0.04400634 -0.00970416 0.27941296
v -0.03750434 0.43611541 -0.33090132
v -0.07112172 0.38632119 -0.31327015
v -0.05255866 0.26495653 -0.28264868
v -0.03817179 0.17281339 -0.2602255
v -0.04658005 0.1245423 -0.24458663
v -0.04176134 -0.00600177 -0.14828387
v -0.02689303 -0.01594249 -0.14372891
v -0.04005744 0.0114084 -0.05915708
v -0.04630433 -0.02762209 0.27606112
v -0.05225176 0.11915374 -0.24080914
v -0.0152544 0.0093729 -0.11430883
v -0.09089083 -0.0336149 0.21240425
v -0.09089083 -0.0336149 0.21240425
v -0.05779276 0.01773568 0.2196337
v -0.04458873 0.00652306 0.27797645
v -0.06510057 -0.05336947 0.28276885
v -0.05554081 0.02338278 -0.21212026
v -0.05636803 0.02186904 -0.20657359
v -0.04398599 0.02000587 -0.1893497
v -0.04467079 0.00249956 -0.14881995
v -0.08568376 -0.02166732 -0.13463937
v -0.04254144 0.00916636 -0.1140224
v -0.05819919 0.01028179 0.14905941
v -0.03991215 0.00554657 0.1776232
v -0.04075223 -0.02410924 0.19672045
v -0.04458873 0.00652306 0.27797645
v -0.05301006 0.47015792 -0.36721942
v -0.04670867 0.0280172 -0.22678514
v -0.05471593 -0.01223111 0.18930191
v -0.04887404 0.0192217 0.19881521
v -0.04394443 0.01942803 0.20641868
v -0.05225176 0.11915374 -0.24080914
v -0.0542675 0.01674067 -0.14992747
v -0.0542675 0.01674067 -0.14992747
v -0.0683746 0.01440615 -0.14913189
v -0.05484438 0.00832327 0.17629686
v -0.05484438 0.00832327 0.17629686
v -0.05824321 -0.01540987 0.19173573
v -0.1197387 -0.04987822 0.27400172
v -0.06189201 -0.05247435 0.27553532
v -0.07662699 0.36558786 -0.30747432
v -0.0624861 0.08014455 -0.21313334
v -0.06994089 0.01975232 0.23709156
v -0.07344681 0.42193004 -0.32549688
v -0.07407624 0.33967993 -0.30144316
v -0.06324547 0.14203933 -0.25183746
v -0.07155792 0.01082497 -0.10669272
v -0.07615258 0.01103747 -0.05495012
v -0.08431794 0.45967233 -0.35944355
v -0.06912095 0.01829165 -0.15103555
v -0.0774061 -0.0177229 -0.14316005
v -0.08692963 -0.02140602 -0.13846798
v -0.08261279 -0.03269212 0.2094264
v -0.08392749 0.01114626 0.271348
v -0.08473927 0.44762713 -0.34593526
v -0.07758921 0.43433711 -0.33087894
v -0.07532774 0.2425375 -0.27660394
v -0.07333239 0.12760575 -0.24494922
v -0.07960687 0.02141276 -0.18962939
v -0.08200718 0.01984397 -0.16361284
v -0.08319534 -0.01263665 -0.14747874
v -0.09068237 0.01020011 0.12587388
v -0.06911542 0.00493657 0.18091956
v -0.0703542 -0.02519699 0.1996773
v -0.06254631 0.01805511 0.19799626
v -0.07598649 0.01903213 0.25161818
v -0.11731333 -0.04690983 0.27277851
v -0.0727317 0.20011237 -0.26640368
v -0.08109464 0.0354406 -0.23066913
v -0.08109464 0.0354406 -0.23066913
v -0.07881608 0.03133652 -0.22702977
v -0.07393893 0.02649824 -0.21932183
v -0.09317538 0.0097545 -0.11535843
v -0.08824442 0.40320995 -0.31843758
v -0.07585488 0.2916649 -0.28911513
v -0.07318788 0.11776806 -0.23674712
v -0.08564008 -0.00192735 -0.14975785
v -0.08319534 -0.01263665 -0.14747874
v -0.07198657 -0.00471656 0.18673052
v -0.08052109 0.01558915 0.26184741
v -0.08096753 0.12326618 -0.24157564
v -0.06743181 0.01552521 0.20566443
v -0.06658529 0.01578363 0.21302891
v -0.09057564 0.00726152 0.27796492
v -0.09308986 0.00175439 0.28011769
v -0.08602561 0.0090614 0.16820341
v -0.08477173 -0.02875334 0.20347059
v -0.06976617 0.01163962 0.20809695
v -0.09057564 0.00726152 0.27796492
v -0.09690994 -0.01150902 0.28005746
v -0.10103425 0.43361109 -0.33086714
v -0.0787615 0.14257166 -0.25128818
v -0.07318788 0.11776806 -0.23674712
v -0.08804528 -0.00702858 -0.14911282
v -0.09123263 -0.01282972 0.19128157
v -0.07333962 0.01538328 0.21431892
v -0.10282769 -0.05349194 0.27919921
v -0.10282769 -0.05349194 0.27919921
v -0.03238805 -0.05492772 0.27926248
v -0.09968917 0.38598341 -0.31232977
v -0.09190898 0.0280893 -0.218978
v -0.09540856 0.02431316 -0.20704414
v -0.10366204 0.0106335 0.04721463
v -0.09065352 -0.00312443 0.18606953
v -0.10305007 0.25734746 -0.27844787
v -0.10227512 0.02696122 -0.21162862
v -0.12263281 0.0109546 -0.04077559
v -0.09403393 0.12959506 -0.24329428
v -0.09325675 0.12025648 -0.23613089
v -0.11999175 0.02249381 0.23558988
v -0.13229708 0.46025842 -0.3595846
v -0.10345591 0.42919368 -0.32813808
v -0.10026562 0.20018515 -0.26437184
v -0.09325675 0.12025648 -0.23613089
v -0.09552559 0.12080032 -0.23190165
v -0.09478008 0.04746916 -0.23302564
v -0.09612202 0.03733804 -0.22874284
v -0.09612202 0.03733804 -0.22874284
v -0.09633674 0.0344375 -0.22680452
v -0.09482019 0.02279621 -0.19546175
v -0.10909781 0.01712925 -0.14933987
v -0.10909781 0.01712925 -0.14933987
v -0.11009624 0.01062538 -0.11222458
v -0.10049083 0.02122709 0.2445921
v -0.12656942 -0.05204203 0.27661589
v -0.11210533 0.44987732 -0.34919521
v -0.1035261 0.41910058 -0.32371813
v -0.10923136 0.36784762 -0.30693313
v -0.10734788 0.33721775 -0.29949921
v -0.10636981 0.17110044 -0.25615931
v -0.10488396 0.14742731 -0.24983101
v -0.09626508 0.05829351 -0.23039515
v -0.10318583 0.05128381 -0.23177028
v -0.11864676 0.02064925 -0.16436702
v -0.11829851 0.01884373 -0.15076479
v -0.10000493 0.0075746 0.1761812
v -0.06911542 0.00493657 0.18091956
v -0.11949728 0.3002688 -0.28910688
v -0.10822872 0.12218191 -0.2341149
v -0.11937859 0.00289745 -0.14962722
v -0.13007835 -0.01654276 -0.14388894
v -0.14189091 0.00960556 0.15785766
v -0.11834757 0.01998188 0.25510931
v -0.13034983 0.26343676 -0.27786663
v -0.10822872 0.12218191 -0.2341149
v -0.11501786 0.00341728 0.28191206
v -0.12282123 0.23147705 -0.27009529
v -0.11201104 0.13910979 -0.24434873
v -0.11925788 0.03161192 -0.21391088
v -0.12622666 0.01096663 -0.09764758
v -0.14240859 0.0088645 0.16619964
v -0.13817903 -0.00393185 0.18558995
v -0.1193189 0.02224123 0.24058886
v -0.13138938 0.44009754 -0.33980078
v -0.12115352 0.04857891 -0.22648266
v -0.13377278 -0.01148168 -0.14776054
v -0.13377278 -0.01148168 -0.14776054
v -0.15132719 -0.02476963 0.19871841
v -0.15413171 -0.02865721 0.20325464
v -0.15352525 -0.03199758 0.20883355
v -0.12059481 0.00685978 0.27951556
v -0.11501786 0.00341728 0.28191206
v -0.11709042 -0.00194675 0.28288853
v -0.12086917 -0.00813207 0.28275183
v -0.11832611 0.42926794 -0.32800782
v -0.12597381 0.20258586 -0.26221925
v -0.12014458 0.12563583 -0.23303613
v -0.12732837 0.05954683 -0.22491069
v -0.12480837 0.05351777 -0.22684844
v -0.12471595 0.02595635 -0.19982457
v -0.15436813 -0.02046113 -0.13842173
v -0.12318829 0.0397074 -0.22185756
v -0.12318829 0.0397074 -0.22185756
v -0.13716008 0.01033143 0.12780604
v -0.14540577 0.00398567 0.17972343
v -0.14140078 -0.01219772 0.18970041
v -0.12902731 0.01942006 0.25800356
v -0.1237042 0.01423232 0.26842362
v -0.14509185 0.46369305 -0.3611868
v -0.12014458 0.12563583 -0.23303613
v -0.10822872 0.12218191 -0.2341149
v -0.12285166 0.12759292 -0.22526196
v -0.12285166 0.12759292 -0.22526196
v -0.12794703 0.03602438 -0.21753643
v -0.12560929 0.1326129 -0.21838088
v -0.13048236 0.02445489 -0.19235304
v -0.13851222 0.022852 -0.17906089
v -0.14599936 0.01063084 0.05534398
v -0.14540577 0.00398567 0.17972343
v -0.13912684 0.42258456 -0.32372248
v -0.14342837 0.39880636 -0.31403154
v -0.14047803 0.20209265 -0.25997812
v -0.12675177 0.16393907 -0.25115526
v -0.14728342 0.0096009 -0.1141859
v -0.18359433 0.01026728 0.14057422
v -0.14601099 -0.03256939 0.21312773
v -0.14513341 0.37513387 -0.30639839
v -0.14174415 0.32039255 -0.29241207
v -0.14026318 0.15178795 -0.24172172
v -0.13518043 0.13311292 -0.23158976
v -0.13099578 0.13035366 -0.22899796
v -0.1688866 0.01360053 -0.1497793
v -0.14601099 -0.03256939 0.21312773
v -0.14529839 0.02350632 0.22310185
v -0.14601099 -0.03256939 0.21312773
v -0.14665051 0.15952988 -0.24428061
v -0.13518043 0.13311292 -0.23158976
v -0.14814022 0.04132003 -0.21640398
v -0.14814022 0.04132003 -0.21640398
v -0.14127767 0.13597403 -0.22326216
v -0.12560929 0.1326129 -0.21838088
v -0.15334624 0.01056415 -0.10702896
v -0.15747888 0.01485636 0.27323437
v -0.14451036 0.17220822 -0.25045505
v -0.14231883 0.13905555 -0.21908136
v -0.15228663 0.02886638 -0.19817086
v -0.15362458 0.01833517 -0.15083444
v -0.19338082 -0.00289028 -0.1496674
v -0.15201096 0.00732854 0.17311895
v -0.15650883 0.02396029 0.24901848
v -0.1704634 -0.05189933 0.28136557
v -0.15321709 0.44390461 -0.34422335
v -0.16235763 0.43631661 -0.33880988
v -0.15013346 0.41402975 -0.319745
v -0.14456396 0.13733958 -0.23051591
v -0.14211883 0.13544865 -0.22742201
v -0.14425617 0.0532125 -0.22243065
v -0.15133098 0.0344047 -0.20835774
v -0.15064368 0.02572517 -0.19065954
v -0.15746424 0.02182757 -0.17147306
v -0.2007326 -0.01704601 -0.1427353
v -0.15510722 0.00145455 0.28514671
v -0.15644392 0.42482927 -0.32868308
v -0.17128946 0.35464293 -0.29940113
v -0.15462756 0.24000603 -0.26845247
v -0.14456396 0.13733958 -0.23051591
v -0.15677416 0.03896695 -0.21296601
v -0.19759496 -0.00751749 -0.14917672
v -0.18060343 -0.01306514 -0.14670061
v -0.17242229 0.01094723 -0.0377632
v -0.18181637 -0.0517836 0.27971813
v -0.16369069 0.00759711 0.28297374
v -0.16369069 0.00759711 0.28297374
v -0.18181637 -0.0517836 0.27971813
v -0.16204776 0.45624164 -0.35536766
v -0.15362458 0.01833517 -0.15083444
v -0.16573924 -0.00605908 0.18488407
v -0.15689108 -0.01689908 0.19234158
v -0.17796043 0.02610904 0.23978931
v -0.16670787 0.01925182 0.26750523
v -0.16075011 0.418331 -0.32248479
v -0.17221968 0.39607683 -0.31263572
v -0.16445415 0.30119896 -0.28483522
v -0.17226328 0.17942464 -0.24885558
v -0.16021104 0.14790173 -0.23356152
v -0.15478927 0.14163157 -0.22918053
v -0.15478927 0.14163157 -0.22918053
v -0.16749351 0.02424102 -0.18199904
v -0.19082429 0.01042769 0.13007735
v -0.16630991 0.02397686 0.21898936
v -0.1708909 0.02274824 0.25843564
v -0.16171968 0.48772436 -0.34433982
v -0.17450306 0.19595675 -0.2539143
v -0.17441311 -0.04225784 0.27415299
v -0.16560696 0.46291143 -0.35922697
v -0.18044801 0.45082462 -0.35132742
v -0.17824316 0.41003507 -0.31911546
v -0.17884623 0.37032408 -0.30340925
v -0.16325203 0.16422762 -0.24330735
v -0.16395357 0.14719631 -0.22172938
v -0.17012064 0.057603 -0.21725959
v -0.16712223 0.05418685 -0.2176276
v -0.17681137 0.06561603 -0.2125497
v -0.21527596 -0.01979342 -0.13709839
v -0.19451275 0.00750361 0.16457993
v -0.17052609 0.00446201 0.17607336
v -0.1832651 -0.0478863 0.27439195
v -0.16436668 0.14591053 -0.22956781
v -0.17473473 0.04371229 -0.21221128
v -0.19340362 0.0102973 -0.11052693
v -0.17685233 0.42469218 -0.33222866
v -0.18193601 0.25890157 -0.27024215
v -0.18809065 0.16203448 -0.23781402
v -0.16436668 0.14591053 -0.22956781
v -0.17473473 0.04371229 -0.21221128
v -0.1726646 0.03733682 -0.20798136
v -0.18078189 0.02728806 -0.19002134
v -0.18041369 0.02179823 -0.17471936
v -0.17853323 0.01742638 -0.15347481
v -0.18600975 0.01518451 -0.15092053
v -0.19713785 0.00924648 0.1549373
v -0.18637305 -0.01695942 0.18801193
v -0.17557076 0.46423909 -0.35716304
v -0.18341579 0.41305158 -0.32474574
v -0.18821369 0.24055283 -0.26420039
v -0.17362852 0.15017222 -0.23082209
v -0.17740683 0.15317015 -0.23291376
v -0.17362852 0.15017222 -0.23082209
v -0.18202543 0.07853539 -0.20168582
v -0.17052609 0.00446201 0.17607336
v -0.18445626 -0.00109017 0.17896138
v -0.18135312 -0.02318346 0.194244
v -0.19414319 -0.03249912 0.21263102
v -0.18243915 0.00431093 0.28530797
v -0.19136648 0.16921896 -0.24214293
v -0.20819312 -0.01311268 -0.14722256
v -0.20819312 -0.01311268 -0.14722256
v -0.21370853 0.02691478 0.2490811
v -0.18755861 0.43878579 -0.34295967
v -0.18934567 0.32973143 -0.29068124
v -0.19077422 0.18253 -0.2481209
v -0.18607293 0.16444229 -0.21541069
v -0.18609488 0.04556938 -0.21232265
v -0.18625745 0.02758065 -0.19165705
v -0.18865509 0.02150465 -0.17685713
v -0.18567757 0.00900729 -0.11443787
v -0.19730903 0.01069641 0.06245872
v -0.20555735 -0.03144102 0.20316179
v -0.21135198 -0.02870572 0.19764407
v -0.20307092 -0.03307444 0.20778671
v -0.15352525 -0.03199758 0.20883355
v -0.19414319 -0.03249912 0.21263102
v -0.19414319 -0.03249912 0.21263102
v -0.20010424 0.01589161 0.2757726
v -0.19056617 0.39048693 -0.31143323
v -0.18911329 0.3642728 -0.30147216
v -0.18550985 0.15834717 -0.23262908
v -0.17740683 0.15317015 -0.23291376
v -0.18542816 0.1620332 -0.2174482
v -0.18609488 0.04556938 -0.21232265
v -0.19336359 0.01158942 -0.1507473
v -0.19972308 0.00406096 0.17155001
v -0.19972308 0.00406096 0.17155001
v -0.20307092 -0.03307444 0.20778671
v -0.19413024 0.02607991 0.21739636
v -0.19189623 0.01973027 0.26939663
v -0.20227972 -0.03758898 0.27480885
v -0.19202957 0.00941685 0.28199771
v -0.19199347 0.45118415 -0.35150596
v -0.19196758 0.41365063 -0.32731882
v -0.19125991 0.4039906 -0.31861573
v -0.18974562 0.30465293 -0.28330955
v -0.18975577 0.20278397 -0.25435194
v -0.18809065 0.16203448 -0.23781402
v -0.18717802 0.15972689 -0.23517877
v -0.18809065 0.16203448 -0.23781402
v -0.18550985 0.15834717 -0.23262908
v -0.18678318 0.05468558 -0.21766415
v -0.18162434 0.05696438 -0.21677539
v -0.18609488 0.04556938 -0.21232265
v -0.20205517 -0.01390487 0.18391025
v -0.20010424 0.01589161 0.2757726
v -0.20831285 0.43705449 -0.34536469
v -0.20501696 0.42491764 -0.33598143
v -0.19239523 0.25800174 -0.26941466
v -0.18809065 0.16203448 -0.23781402
v -0.18717802 0.15972689 -0.23517877
v -0.18941659 0.1595699 -0.23471253
v -0.20364062 0.02763888 0.22240898
v -0.19984284 -0.04367306 0.27466023
v -0.20366268 -0.02423722 0.27963796
v -0.19874662 0.40596989 -0.32494527
v -0.19363987 0.36349365 -0.30274683
v -0.19389552 0.34662223 -0.29729816
v -0.1938829 0.32921782 -0.29163834
v -0.19388397 0.30286926 -0.28382415
v -0.1950331 0.24622934 -0.26673386
v -0.19466363 0.22243966 -0.26002711
v -0.19470166 0.2005727 -0.25461406
v -0.19405262 0.1793154 -0.24813436
v -0.19194472 0.16037643 -0.23951119
v -0.18809065 0.16203448 -0.23781402
v -0.18716708 0.03848673 -0.20791733
v -0.19619933 0.03839394 -0.21335796
v -0.22481124 0.01059519 -0.10749093
v -0.21073718 0.00874897 0.1584592
v -0.20961863 -0.02371394 0.19159141
v -0.19002001 0.02139047 0.20632586
v -0.20761341 0.02814863 0.23576999
v -0.20216614 -0.0467716 0.27920747
v -0.20668124 0.0337952 -0.21239923
v -0.20489092 0.02111747 -0.18961528
v -0.20484598 0.01379777 -0.17227955
v -0.20488197 0.00884801 -0.15295334
v -0.20532657 -0.01267857 0.28239462
v -0.20346028 0.00791351 0.28213444
v -0.20216614 -0.0467716 0.27920747
v -0.18181637 -0.0517836 0.27971813
v -0.20218717 -0.04680672 0.28283843
v -0.21131994 0.4445706 -0.34823439
v -0.20027651 0.176557 -0.22160123
v -0.20527299 0.0076822 -0.15069921
v -0.20527299 0.0076822 -0.15069921
v -0.20868014 0.00881708 -0.11276518
v -0.2063935 -0.00062969 0.17574017
v -0.20543011 0.02984406 0.20517807
v -0.20517744 0.02723155 0.20891067
v -0.22125141 0.02432316 0.25923747
v -0.21424699 -0.03954532 0.27484301
v -0.20892482 0.41110232 -0.32798278
v -0.20486724 0.39307675 -0.32405013
v -0.20875335 0.05108643 -0.23230836
v -0.20542333 0.06350216 -0.23989925
v -0.20607167 0.04618761 -0.22718626
v -0.2075614 0.18278316 -0.22375691
v -0.20607167 0.04618761 -0.22718626
v -0.21737966 0.01167577 0.0055125
v -0.21292394 0.01097462 0.12727988
v -0.21986479 0.01067898 0.14532913
v -0.21049088 0.00372554 0.28261691
v -0.21275695 0.0934251 -0.25513524
v -0.20821211 0.10278888 -0.255741
v -0.20842928 0.07854193 -0.24855292
v -0.21013242 0.06624915 -0.2429966
v -0.20617665 0.18566728 -0.21543092
v -0.20875335 0.05108643 -0.23230836
v -0.21436079 0.02209231 -0.1856004
v -0.21747737 0.00866925 -0.15078367
v -0.21775159 0.01153393 0.05587776
v -0.21528201 0.02915336 0.20579767
v -0.21857224 0.02977859 0.22311012
v -0.2190019 0.02923808 0.23796463
v -0.22428645 0.01953625 0.26947847
v -0.22170377 0.42516732 -0.34062007
v -0.20740472 0.37425008 -0.32014254
v -0.2094474 0.35877007 -0.3165369
v -0.20933461 0.34258887 -0.31250584
v -0.21245863 0.34181327 -0.31211513
v -0.21017529 0.32660228 -0.30807179
v -0.2130776 0.32653943 -0.30839452
v -0.21199088 0.3096934 -0.30435064
v -0.21288012 0.20754008 -0.2797012
v -0.21143031 0.18930921 -0.27556849
v -0.21620269 0.19351012 -0.27781451
v -0.21268964 0.17053831 -0.27320725
v -0.21221368 0.15109761 -0.26926482
v -0.21568505 0.14830816 -0.26952204
v -0.21239857 0.13197428 -0.26544419
v -0.21281451 0.11414844 -0.26135969
v -0.21764645 0.07588146 -0.24768427
v -0.21705934 0.06408806 -0.24062617
v -0.21710154 0.0546893 -0.23290935
v -0.21686827 0.04351364 -0.22113782
v -0.21343009 0.1903066 -0.22776316
v -0.21442695 0.18848419 -0.23077743
v -0.21686827 0.04351364 -0.22113782
v -0.21175466 0.19056174 -0.21368705
v -0.21723376 0.03700275 -0.21133347
v -0.21175466 0.19056174 -0.21368705
v -0.2090494 0.19089875 -0.21496916
v -0.21309304 0.19331132 -0.20960735
v -0.21943796 0.0336251 -0.20435722
v -0.22321878 0.01429603 -0.15977205
v -0.21558683 0.01026164 -0.15428685
v -0.2477304 -0.01253659 -0.14743356
v -0.23550603 0.00898826 0.15909764
v -0.22446699 0.00461303 0.1688918
v -0.21393847 0.03115853 0.20217225
v -0.22103252 0.02917833 0.20816711
v -0.22606488 -0.02911931 0.27469325
v -0.23156688 -0.00980184 0.27868915
v -0.21945871 -0.04159568 0.2804597
v -0.22613521 0.43032041 -0.34325323
v -0.21952026 0.38026094 -0.31753573
v -0.22077848 0.3639707 -0.31202528
v -0.21539068 0.31525937 -0.30493739
v -0.21689701 0.29723591 -0.3009707
v -0.21253976 0.28945088 -0.2996327
v -0.21709123 0.28112859 -0.29744163
v -0.21321988 0.26332206 -0.29319626
v -0.21741317 0.26375762 -0.29345438
v -0.21725701 0.24423115 -0.28917971
v -0.21283229 0.24601825 -0.28904155
v -0.21676151 0.22888447 -0.28513253
v -0.21290091 0.22970329 -0.28484815
v -0.21727142 0.21066904 -0.28072855
v -0.21820749 0.17241915 -0.27404219
v -0.21855758 0.13087937 -0.26541635
v -0.21804123 0.11488093 -0.26186478
v -0.21790649 0.09681739 -0.25624213
v -0.21343009 0.1903066 -0.22776316
v -0.21714178 0.19189045 -0.21911202
v -0.2289 -0.00689143 -0.14931323
v -0.24828976 -0.01651521 -0.12749113
v -0.21919192 0.02834859 0.2013299
v -0.23004448 0.00764609 0.27756977
v -0.2207457 0.0006185 0.2806766
v -0.21945871 -0.04159568 0.2804597
v -0.21945871 -0.04159568 0.2804597
v -0.22461456 0.34821519 -0.30550593
v -0.2251213 0.33024132 -0.29963988
v -0.22174084 0.22023731 -0.27862769
v -0.22177731 0.17904922 -0.27255058
v -0.21925674 0.15492617 -0.27000946
v -0.22123873 0.24284771 -0.24148229
v -0.21826296 0.2371103 -0.24148434
v -0.2164685 0.22792479 -0.24323182
v -0.21757883 0.22766526 -0.2368729
v -0.22242226 0.23747298 -0.23674273
v -0.21757883 0.22766526 -0.2368729
v -0.22232996 0.23061772 -0.23348263
v -0.218641 0.18674858 -0.23852299
v -0.22153671 0.06218245 -0.23574615
v -0.22249566 0.1895518 -0.23027715
v -0.22394942 0.02585477 -0.18369804
v -0.22633086 0.00734809 -0.14952193
v -0.22633086 0.00734809 -0.14952193
v -0.23943999 0.01315606 0.12128586
v -0.24561623 -0.00020546 0.17297763
v -0.24707329 -0.02479831 0.19161557
v -0.22362979 -0.03188986 0.20709045
v -0.22180465 0.02859237 0.2022984
v -0.22362979 -0.03188986 0.20709045
v -0.21579 -0.02828121 0.21675515
v -0.22954921 0.01535461 0.27362454
v -0.22954921 0.01535461 0.27362454
v -0.22897604 0.4521099 -0.33710465
v -0.23000346 0.41206419 -0.33586475
v -0.22534862 0.38601363 -0.31939849
v -0.22483693 0.31568253 -0.29544416
v -0.22164799 0.27238867 -0.2914353
v -0.22156669 0.24839073 -0.2865988
v -0.22221468 0.1364349 -0.26398596
v -0.22185914 0.1079596 -0.25738692
v -0.22188632 0.08225284 -0.24777158
v -0.22730145 0.24711215 -0.24214606
v -0.22123873 0.24284771 -0.24148229
v -0.21826296 0.2371103 -0.24148434
v -0.2157401 0.18250991 -0.23372941
v -0.22355607 0.17769316 -0.2475125
v -0.22399625 0.15709983 -0.24835676
v -0.218641 0.18674858 -0.23852299
v -0.22340475 0.18622611 -0.24268879
v -0.22137094 0.04567283 -0.21893296
v -0.2181088 0.10339339 -0.21747212
v -0.22156617 0.08597367 -0.21327479
v -0.22137094 0.04567283 -0.21893296
v -0.23101895 0.19465175 -0.21381965
v -0.22156617 0.08597367 -0.21327479
v -0.22493511 0.03373022 -0.19731054
v -0.22221114 0.07541178 -0.19816534
v -0.21591832 0.19565414 -0.20476064
v -0.21767211 0.20100795 -0.20050335
v -0.22596063 0.20360132 -0.19488384
v -0.21744451 0.08504246 -0.20239963
v -0.21974693 0.07759764 -0.18218192
v -0.22853246 0.01834078 -0.16251323
v -0.24726835 -0.01641421 -0.14315793
v -0.22086443 0.02662399 0.19499305
v -0.23401649 0.02968828 0.24801636
v -0.23701859 -0.02786518 0.27512091
v -0.23074701 -0.03589926 0.27919018
v -0.23576875 0.41209385 -0.33737308
v -0.21796678 0.46502778 -0.33554652
v -0.21786973 0.45987719 -0.34101972
v -0.22897604 0.4521099 -0.33710465
v -0.22963969 0.34545061 -0.30390865
v -0.23027173 0.31934786 -0.29254413
v -0.22730842 0.29748869 -0.28782687
v -0.22483693 0.31568253 -0.29544416
v -0.22164799 0.27238867 -0.2914353
v -0.22630206 0.28142622 -0.28422236
v -0.22392347 0.25327066 -0.28313401
v -0.22156669 0.24839073 -0.2865988
v -0.22174084 0.22023731 -0.27862769
v -0.22704826 0.25207108 -0.26765999
v -0.22771616 0.28066608 -0.2772238
v -0.22462426 0.23628806 -0.27603173
v -0.22627045 0.22164807 -0.26725179
v -0.22439635 0.20512512 -0.27134705
v -0.22177731 0.17904922 -0.27255058
v -0.22475226 0.17349677 -0.26697558
v -0.22702694 0.2072629 -0.26105791
v -0.22538839 0.15217328 -0.26219574
v -0.22221468 0.1364349 -0.26398596
v -0.22603327 0.18729764 -0.25983953
v -0.22682171 0.24147764 -0.25396851
v -0.22666398 0.2227024 -0.25743702
v -0.22604749 0.2308694 -0.25620133
v -0.22552171 0.17556892 -0.25483751
v -0.22599091 0.14297751 -0.25586396
v -0.22514474 0.1179404 -0.25472653
v -0.22185914 0.1079596 -0.25738692
v -0.22682171 0.24147764 -0.25396851
v -0.22604749 0.2308694 -0.25620133
v -0.22666398 0.2227024 -0.25743702
v -0.22381526 0.22709751 -0.25109893
v -0.22666398 0.2227024 -0.25743702
v -0.22707067 0.21840301 -0.24993995
v -0.22767802 0.20670198 -0.24683979
v -0.22587018 0.18836091 -0.24687795
v -0.22487786 0.09545355 -0.24818802
v -0.2273494 0.24770445 -0.24766311
v -0.22598836 0.11542638 -0.2489036
v -0.22612582 0.09580315 -0.24306057
v -0.22188632 0.08225284 -0.24777158
v -0.2273494 0.24770445 -0.24766311
v -0.22338168 0.24351622 -0.24672884
v -0.22730145 0.24711215 -0.24214606
v -0.22788794 0.18879598 -0.24565035
v -0.22587018 0.18836091 -0.24687795
v -0.22340475 0.18622611 -0.24268879
v -0.22340475 0.18622611 -0.24268879
v -0.22494675 0.12071859 -0.2433084
v -0.22730145 0.24711215 -0.24214606
v -0.22845346 0.24394298 -0.23752064
v -0.22611161 0.09752417 -0.23733158
v -0.2251538 0.06699274 -0.23352663
v -0.22153671 0.06218245 -0.23574615
v -0.23463076 0.22870378 -0.23009205
v -0.23048693 0.22329408 -0.23016216
v -0.2218062 0.22309966 -0.23343706
v -0.22568585 0.21538164 -0.23644456
v -0.22852241 0.2165532 -0.23055975
v -0.22852241 0.2165532 -0.23055975
v -0.23453149 0.18503942 -0.24422969
v -0.22727588 0.07849208 -0.23080592
v -0.22508006 0.08450458 -0.22417656
v -0.22511514 0.05593322 -0.22358216
v -0.22137094 0.04567283 -0.21893296
v -0.22550394 0.07669542 -0.21572521
v -0.22662745 0.04102081 -0.20426893
v -0.22493511 0.03373022 -0.19731054
v -0.2269851 0.06864575 -0.20329091
v -0.22764632 0.19913585 -0.1991524
v -0.22931345 0.06771857 -0.17706768
v -0.23092398 0.01311273 -0.150481
v -0.2477304 -0.01253659 -0.14743356
v -0.24718934 -0.01927922 -0.13639413
v -0.2383382 0.01313435 -0.05603426
v -0.23827754 0.0135252 0.05727663
v -0.24561623 -0.00020546 0.17297763
v -0.23250154 0.03344823 0.20968422
v -0.2328063 0.03360572 0.22411263
v -0.23411658 0.03269836 0.23561251
v -0.23699893 0.01884889 0.27016124
v -0.24254453 -0.00273752 0.27716503
v -0.22661561 -0.0384212 0.28257552
v -0.23524353 0.45378542 -0.32601243
v -0.24027088 0.39492846 -0.3304939
v -0.23240325 0.31202739 -0.28743345
v -0.23135281 0.29806587 -0.28314936
v -0.23240325 0.31202739 -0.28743345
v -0.23135281 0.29806587 -0.28314936
v -0.23337151 0.30378506 -0.28511041
v -0.2301653 0.29177403 -0.28083643
v -0.23048417 0.30114794 -0.27455217
v -0.22920789 0.29017302 -0.26946843
v -0.23144209 0.30543214 -0.26901135
v -0.23083195 0.2926634 -0.26345003
v -0.22961472 0.27189219 -0.26071849
v -0.23063444 0.26269662 -0.25186566
v -0.2280501 0.25279638 -0.25348452
v -0.22682171 0.24147764 -0.25396851
v -0.23495118 0.26296043 -0.24516305
v -0.23059134 0.2538791 -0.24457976
v -0.22633751 0.21468237 -0.24561715
v -0.23261707 0.19730075 -0.24434933
v -0.22788794 0.18879598 -0.24565035
v -0.2324857 0.18558745 -0.24602823
v -0.23059134 0.2538791 -0.24457976
v -0.2288039 0.20285557 -0.24380076
v -0.2288039 0.20285557 -0.24380076
v -0.22587018 0.18836091 -0.24687795
v -0.22340475 0.18622611 -0.24268879
v -0.23431808 0.24683881 -0.23661986
v -0.22922099 0.21126583 -0.22863969
v -0.2283929 0.0673966 -0.22003902
v -0.23008226 0.05689729 -0.21113847
v -0.23160174 0.04751577 -0.19895963
v -0.22998567 0.02675586 -0.17490086
v -0.24085127 0.03580094 -0.16354561
v -0.22998567 0.02675586 -0.17490086
v -0.23602939 0.07173054 -0.1624939
v -0.2385882 0.01714681 -0.14802888
v -0.23464841 0.01198562 -0.14784846
v -0.23092398 0.01311273 -0.150481
v -0.24054007 0.00186976 -0.14935984
v -0.22481124 0.01059519 -0.10749093
v -0.2440103 0.01062606 -0.10660668
v -0.23887978 0.01215658 -0.08780426
v -0.23840931 0.01344357 -0.00888313
v -0.24858885 0.01311244 0.14026675
v -0.2493805 -0.02904888 0.20135128
v -0.23709811 0.02670344 0.25728464
v -0.23982504 0.43695113 -0.33566916
v -0.23277342 0.3291328 -0.29329813
v -0.23243795 0.32541069 -0.29518104
v -0.23027173 0.31934786 -0.29254413
v -0.23187202 0.3220726 -0.28658211
v -0.23101158 0.3335788 -0.28707424
v -0.23546675 0.30983892 -0.28518102
v -0.23303886 0.33191237 -0.28114447
v -0.23651192 0.29635012 -0.28145722
v -0.23495217 0.32391515 -0.27655476
v -0.23379324 0.31665954 -0.27640873
v -0.23226492 0.29867885 -0.27905452
v -0.23135281 0.29806587 -0.28314936
v -0.23226492 0.29867885 -0.27905452
v -0.23651192 0.29635012 -0.28145722
v -0.23384136 0.30847642 -0.26486954
v -0.23932305 0.32145488 -0.26851112
v -0.23736775 0.31314293 -0.26476663
v -0.23384136 0.30847642 -0.26486954
v -0.23533235 0.30490258 -0.26110414
v -0.23533235 0.30490258 -0.26110414
v -0.23408495 0.2896302 -0.25778544
v -0.23408495 0.2896302 -0.25778544
v -0.23880917 0.29136443 -0.25628594
v -0.23497656 0.27972952 -0.25360674
v -0.23497656 0.27972952 -0.25360674
v -0.23481768 0.27189249 -0.24976684
v -0.23495118 0.26296043 -0.24516305
v -0.23913445 0.25702509 -0.24161319
v -0.2324857 0.18558745 -0.24602823
v -0.23355776 0.20564444 -0.22211792
v -0.23707017 0.22240867 -0.22587161
v -0.23285824 0.2136009 -0.22136214
v -0.23285824 0.2136009 -0.22136214
v -0.23836738 0.21922171 -0.22149889
v -0.23788087 0.2086921 -0.21763965
v -0.23722427 0.03988238 -0.17675894
v -0.23677444 0.05413855 -0.17973931
v -0.23632173 0.02473754 -0.15989532
v -0.2385882 0.01714681 -0.14802888
v -0.2440103 0.01062606 -0.10660668
v -0.24879073 0.00647532 0.16223186
v -0.23432091 0.03003766 0.18249483
v -0.23432091 0.03003766 0.18249483
v -0.24527077 0.03695226 0.19047873
v -0.24699926 0.02277146 0.26571679
v -0.24430327 -0.01884377 0.27532136
v -0.2405894 -0.03128872 0.28197712
v -0.2405894 -0.03128872 0.28197712
v -0.24160844 0.42313769 -0.33920765
v -0.23982504 0.43695113 -0.33566916
v -0.24717546 0.43566862 -0.32638097
v -0.24856912 0.37259677 -0.32430071
v -0.23187101 0.43946287 -0.28447133
v -0.23933262 0.30624628 -0.28509218
v -0.24497673 0.30101132 -0.28497875
v -0.23609646 0.33617395 -0.27585214
v -0.24003027 0.3270025 -0.2715759
v -0.23609646 0.33617395 -0.27585214
v -0.24003027 0.3270025 -0.2715759
v -0.24223582 0.33266097 -0.27257776
v -0.23932305 0.32145488 -0.26851112
v -0.24250799 0.31522715 -0.26484805
v -0.24210753 0.30677631 -0.26037699
v -0.23481768 0.27189249 -0.24976684
v -0.24375689 0.19775364 -0.2475609
v -0.23261707 0.19730075 -0.24434933
v -0.24195501 0.18596123 -0.2483055
v -0.2324857 0.18558745 -0.24602823
v -0.24195501 0.18596123 -0.2483055
v -0.24235941 0.24742663 -0.23642686
v -0.24399953 0.23379789 -0.23208961
v -0.25310481 0.19190678 -0.22498803
v -0.23355776 0.20564444 -0.22211792
v -0.23797837 0.20444407 -0.21978633
v -0.23714553 0.04683215 -0.18165013
v -0.24152318 0.05454136 -0.16585895
v -0.23632173 0.02473754 -0.15989532
v -0.24408773 0.01833673 -0.14589658
v -0.24699533 0.01418518 -0.14579734
v -0.25016809 0.0121247 0.14664389
v -0.2493805 -0.02904888 0.20135128
v -0.25314033 0.02675695 0.26212037
v -0.23699893 0.01884889 0.27016124
v -0.24869512 0.41678762 -0.33515364
v -0.2535477 0.4015961 -0.3331328
v -0.24787739 0.39580002 -0.33198267
v -0.25199175 0.37711233 -0.32649216
v -0.24621253 0.44249016 -0.31333733
v -0.2445174 0.30452654 -0.28516433
v -0.24228074 0.41917703 -0.27975273
v -0.24653813 0.32180309 -0.26870403
v -0.24626866 0.25870532 -0.24342296
v -0.24805853 0.18515143 -0.24892931
v -0.24620309 0.22560345 -0.22954743
v -0.24568069 0.22154443 -0.22652817
v -0.241639 0.04284829 -0.16811389
v -0.24563374 0.06136771 -0.1541265
v -0.2464191 0.0252412 -0.1458676
v -0.2385882 0.01714681 -0.14802888
v -0.25440118 -0.00492596 -0.15026964
v -0.24408773 0.01833673 -0.14589658
v -0.24685754 0.01442526 -0.08392654
v -0.24484155 0.01550217 -0.05249136
v -0.24590985 0.01604585 0.06225108
v -0.25840989 0.01880341 0.10449454
v -0.25055802 0.01570731 0.12503532
v -0.26247939 0.04356769 0.20122671
v -0.25325194 0.03794197 0.23712218
v -0.25586319 0.01908914 0.26916948
v -0.25641516 0.00691499 0.27322137
v -0.25647885 -0.00578062 0.27507594
v -0.25115255 -0.01877669 0.27698383
v -0.24835213 0.30516186 -0.28791341
v -0.24497673 0.30101132 -0.28497875
v -0.25068116 0.29540375 -0.28527835
v -0.24912415 0.29728079 -0.28245127
v -0.24875776 0.33188072 -0.27400941
v -0.25095773 0.31030723 -0.2673009
v -0.24717212 0.30755383 -0.26244864
v -0.25104779 0.29019856 -0.25970322
v -0.25437075 0.18963531 -0.25394729
v -0.24805853 0.18515143 -0.24892931
v -0.24646387 0.27160081 -0.24911393
v -0.24626866 0.25870532 -0.24342296
v -0.24678698 0.24605457 -0.23747946
v -0.2650362 0.19022398 -0.23477262
v -0.25033453 0.2300574 -0.23463529
v -0.24857658 0.2048043 -0.22176379
v -0.26571599 0.19485518 -0.21867943
v -0.25064012 0.05635827 -0.14348121
v -0.24513048 0.04196033 -0.1585969
v -0.24990197 0.07060345 -0.14113224
v -0.25311688 0.00674527 -0.14804326
v -0.25115234 0.03024401 -0.14118584
v -0.25115234 0.03024401 -0.14118584
v -0.2531884 0.01309508 -0.10092105
v -0.25688645 0.02081219 -0.04932496
v -0.25590333 0.02038907 -0.00358766
v -0.25323901 0.04038379 0.21785739
v -0.25304723 0.03278548 0.25253567
v -0.24699926 0.02277146 0.26571679
v -0.25403595 -0.02082762 0.28264505
v -0.25610244 0.38792488 -0.3298955
v -0.25659439 0.41791657 -0.32433018
v -0.25659439 0.41791657 -0.32433018
v -0.24597783 0.39445195 -0.27162659
v -0.24875776 0.33188072 -0.27400941
v -0.24653813 0.32180309 -0.26870403
v -0.24717212 0.30755383 -0.26244864
v -0.26324549 -0.00101215 -0.15057361
v -0.25154647 0.04261748 -0.14171416
v -0.25565049 0.01515583 -0.14373292
v -0.25164017 0.07883789 -0.13068217
v -0.25209567 0.01064245 -0.10588985
v -0.25935432 0.02001772 -0.08079781
v -0.25752211 0.02067785 0.05101895
v -0.25786683 0.0194793 0.07269392
v -0.26958996 -0.00053658 0.16489741
v -0.26227573 -0.02858754 0.20608106
v -0.25741658 0.35325193 -0.31945005
v -0.25536439 0.4261637 -0.31374124
v -0.2566376 0.32471472 -0.3095845
v -0.25237018 -0.48276815 -0.27747968
v -0.24850214 -0.48291433 -0.26494157
v -0.25355735 -0.48338857 -0.25570408
v -0.26263401 -0.02050046 -0.13942648
v -0.25591195 0.06387356 -0.12664509
v -0.25583479 0.04632799 -0.12617713
v -0.25499776 0.03320097 -0.12778336
v -0.25430328 0.02260581 -0.14018691
v -0.25590512 0.03839349 -0.12093636
v -0.26117125 0.01890086 -0.09111422
v -0.25930822 0.01752201 0.12200963
v -0.25965205 0.01575384 0.13196319
v -0.26705608 0.00809879 0.15310739
v -0.26958996 -0.00053658 0.16489741
v -0.26267168 -0.00631596 0.17393593
v -0.25588134 0.0375924 0.17842115
v -0.26491794 -0.02508271 0.18917434
v -0.26177242 -0.02950065 0.20024049
v -0.26227573 -0.02858754 0.20608106
v -0.24931599 -0.02803425 0.20824328
v -0.26020101 0.03298423 0.25662738
v -0.26192933 0.40212327 -0.32425278
v -0.26355651 0.38549241 -0.3261255
v -0.26258636 0.37896624 -0.32654822
v -0.26470152 0.35955474 -0.32095698
v -0.26595759 0.33947051 -0.31467864
v -0.26761535 0.31451184 -0.30651709
v -0.26487285 0.29993412 -0.30161998
v -0.26474068 0.19049659 -0.25910482
v -0.26474068 0.19049659 -0.25910482
v -0.26309857 0.18712161 -0.25299132
v -0.26577592 0.00564444 -0.14870039
v -0.2591556 0.06761924 -0.10837872
v -0.25818935 0.03893552 -0.11466832
v -0.25857553 0.04599791 -0.10613363
v -0.25968271 0.04503082 -0.09734189
v -0.26111439 0.05343375 -0.07953209
v -0.27086115 0.01584418 -0.09917887
v -0.25951833 0.02120834 -0.00781013
v -0.26904732 0.01221018 0.14438365
v -0.25588134 0.0375924 0.17842115
v -0.25571501 0.0342174 0.17502774
v -0.25572023 0.03283446 0.17681019
v -0.26430908 -0.02897277 0.19612789
v -0.26177242 -0.02950065 0.20024049
v -0.26840302 0.04515246 0.22800165
v -0.27207717 0.04298317 0.24456821
v -0.25314033 0.02675695 0.26212037
v -0.26802459 0.0239697 0.26664263
v -0.26724556 0.01318354 0.27150244
v -0.26522577 0.00050185 0.27513036
v -0.26442671 -0.00578651 0.27921113
v -0.26292363 0.40838015 -0.31358829
v -0.26404053 0.23955172 -0.22354321
v -0.26042423 0.06949139 -0.09589651
v -0.26211584 0.0705967 -0.07757824
v -0.2616429 0.04845039 -0.08439154
v -0.26343918 0.06138092 -0.0584513
v -0.26251021 0.05104048 -0.06481948
v -0.2675631 0.02102028 -0.06632637
v -0.26301742 0.07149182 -0.06015481
v -0.26324451 0.05269199 -0.04324521
v -0.26945892 0.02171965 -0.00779213
v -0.27003911 0.00370725 0.15978533
v -0.26753518 0.04174673 0.18260109
v -0.26368806 0.03865839 0.17738773
v -0.2701689 0.04651465 0.20247115
v -0.2711311 0.03365098 0.26015878
v -0.2711311 0.03365098 0.26015878
v -0.26442671 -0.00578651 0.27921113
v -0.25403595 -0.02082762 0.28264505
v -0.26412842 -0.00695552 0.28314254
v -0.26423723 0.07153692 0.28435212
v -0.25479919 0.06933678 0.29666278
v -0.26423723 0.07153692 0.28435212
v -0.26100916 0.0528027 0.2962572
v -0.25845888 -0.50016189 0.3302058
v -0.25959119 -0.49932298 0.34039539
v -0.26241255 -0.50015724 0.34694073
v -0.26801634 0.35842472 -0.31935796
v -0.26192933 0.40212327 -0.32425278
v -0.26951975 0.33124629 -0.31077147
v -0.26535046 0.39623183 -0.29772204
v -0.27000359 0.29115799 -0.29851168
v -0.26890254 0.36853564 -0.28639823
v -0.26749894 0.24710333 -0.28345785
v -0.2723017 0.23722373 -0.28081539
v -0.26747519 0.23159774 -0.27738339
v -0.26666102 -0.4825874 -0.29005253
v -0.28589776 -0.48282903 -0.29348963
v -0.27573293 0.19353597 -0.26395857
v -0.25890592 0.28598824 -0.23981427
v -0.26539895 0.06245966 -0.03336853
v -0.26587105 0.07133201 -0.02740881
v -0.26592237 0.06458654 -0.02500379
v -0.26673383 0.06163603 -0.01411334
v -0.26754037 0.05514738 0.01330881
v -0.26763973 0.05322264 0.00935232
v -0.27076802 0.0208822 0.05623218
v -0.27114305 -0.01234082 0.17624855
v -0.26664579 -0.03270714 0.20151924
v -0.26177242 -0.02950065 0.20024049
v -0.26227573 -0.02858754 0.20608106
v -0.26429984 -0.02463148 0.21144833
v -0.27338439 0.04033399 0.25265741
v -0.26711091 0.02272358 0.289572
v -0.26831123 -0.43850994 0.29444531
v -0.26585647 -0.4374359 0.29584533
v -0.27106929 -0.44852591 0.2969586
v -0.26765436 0.04125248 0.28897807
v -0.2613273 0.02924547 0.29735497
v -0.26711091 0.02272358 0.289572
v -0.26210171 -0.50011569 0.31424266
v -0.27065116 -0.49943545 0.30624253
v -0.26923889 0.38236898 -0.31751043
v -0.26355651 0.38549241 -0.3261255
v -0.27067977 0.36534041 -0.31762218
v -0.27067977 0.36534041 -0.31762218
v -0.26923156 0.38721657 -0.31334499
v -0.27296418 0.30647275 -0.3018409
v -0.2686947 0.38295963 -0.29652846
v -0.27304205 0.28367537 -0.29511821
v -0.27348238 0.25641602 -0.287027
v -0.27560598 -0.482306 -0.29318553
v -0.27147326 0.21894568 -0.27500263
v -0.27573293 0.19353597 -0.26395857
v -0.27266157 0.19775812 -0.26694241
v -0.26474068 0.19049659 -0.25910482
v -0.28060415 0.19076787 -0.25341132
v -0.27789655 0.19210042 -0.2379851
v -0.28068051 0.02208546 -0.07393152
v -0.27711213 0.02276239 -0.02869892
v -0.27013445 0.07064914 0.03160336
v -0.26914224 0.07753714 0.03773532
v -0.2706522 0.06247403 0.03853569
v -0.27101102 0.05379295 0.04774597
v -0.27270338 0.0811228 0.08031381
v -0.27189162 0.01969315 0.09050999
v -0.27055636 0.09028304 0.1238112
v -0.27510467 0.01670893 0.12872967
v -0.27466357 0.04458319 0.18212686
v -0.27383482 0.0325251 0.26343507
v -0.27284449 0.02127419 0.27103555
v -0.26896 0.00225257 0.27990851
v -0.26896 0.00225257 0.27990851
v -0.27413926 0.05114858 0.27707493
v -0.27202812 0.0168017 0.28072092
v -0.26605248 0.00540516 0.28742409
v -0.27221251 0.37272966 -0.31234312
v -0.27303302 0.33858249 -0.30938891
v -0.27291128 0.36462399 -0.29886866
v -0.27203056 0.35355234 -0.28586501
v -0.27702916 0.26523104 -0.28819516
v -0.27768475 0.23189722 -0.27846146
v -0.2773346 -0.44739959 -0.27762309
v -0.27908137 0.2079166 -0.27182308
v -0.27402121 0.31134194 -0.26996467
v -0.30073878 -0.48344809 -0.25997069
v -0.27368632 -0.35553643 -0.2508665
v -0.27253556 -0.33645958 -0.24389116
v -0.27595702 0.20278172 -0.21745723
v -0.27729902 -0.07986844 -0.17594527
v -0.27362928 -0.09818923 -0.17865375
v -0.28683624 0.01250153 -0.10727835
v -0.27902389 0.02264429 0.00760308
v -0.283205 0.02185166 0.06044937
v -0.27362821 0.07200804 0.06691374
v -0.27423167 0.062061 0.06945429
v -0.27429155 0.05367577 0.07517523
v -0.27425924 0.07707033 0.08027835
v -0.27740881 0.0806548 0.12463454
v -0.2855241 0.02036972 0.09688552
v -0.2850298 0.01318936 0.14415929
v -0.2831254 0.00906637 0.15244873
v -0.28206912 0.00358894 0.16014215
v -0.27972579 -0.00760536 0.17119043
v -0.27954134 -0.01776973 0.17861152
v -0.2800093 -0.0366079 0.18838564
v -0.27746904 0.04989327 0.19678025
v -0.28143924 0.05196991 0.22621721
v -0.27814594 0.04885654 0.23505321
v -0.27254629 -0.15501396 0.23130916
v -0.27312338 -0.1868355 0.23919593
v -0.27325547 -0.23571475 0.24992406
v -0.27346677 -0.26336241 0.25581416
v -0.27372521 -0.28962183 0.26160941
v -0.27383482 0.0325251 0.26343507
v -0.27250126 0.01465086 0.27671322
v -0.27284449 0.02127419 0.27103555
v -0.28044561 -0.3594158 0.27460548
v -0.27491242 0.03168704 0.27680033
v -0.2774094 -0.3837792 0.28129697
v -0.27984893 -0.42941582 0.29088873
v -0.27668634 -0.45792845 0.30023253
v -0.27749267 -0.48560962 0.30656406
v -0.27771249 -0.50031257 0.30439654
v -0.27771249 -0.50031257 0.30439654
v -0.27065116 -0.49943545 0.30624253
v -0.26210171 -0.50011569 0.31424266
v -0.30356476 -0.50020254 0.31186602
v -0.27411103 0.35829186 -0.30879742
v -0.27600965 0.3339884 -0.30405504
v -0.27600965 0.3339884 -0.30405504
v -0.27639687 0.30886555 -0.29918191
v -0.2787165 0.27964321 -0.28984022
v -0.28347096 -0.47555843 -0.29142919
v -0.27560598 -0.482306 -0.29318553
v -0.27828637 0.30726013 -0.28373778
v -0.27996364 0.23732807 -0.27870107
v -0.27769437 0.28420991 -0.26654398
v -0.28321624 0.20177995 -0.268069
v -0.27862716 0.25667736 -0.25380838
v -0.27828038 0.23593479 -0.2415805
v -0.27881739 0.21487075 -0.22320208
v -0.28034079 0.20653054 -0.22287892
v -0.28342941 -0.15505685 -0.20082818
v -0.28600997 -0.08799346 -0.18251047
v -0.28656319 -0.07361756 -0.17832436
v -0.27793211 -0.03224856 -0.1633864
v -0.28631681 -0.05095429 -0.17189938
v -0.28627533 -0.02003752 -0.16329733
v -0.2770142 0.06566682 0.09401696
v -0.2771408 0.05543197 0.10150524
v -0.27738154 0.0535849 0.09822571
v -0.27767742 0.07694059 0.11753182
v -0.27960351 0.0713542 0.13340475
v -0.28555337 0.01724637 0.12833515
v -0.27972126 0.06057814 0.13481359
v -0.27893478 0.05262703 0.14061709
v -0.27969551 0.05517212 0.14413585
v -0.28163144 0.0809343 0.15813541
v -0.28206912 0.00358894 0.16014215
v -0.27900505 0.04854237 0.17761669
v -0.2808696 0.04492597 0.17581412
v -0.27466357 0.04458319 0.18212686
v -0.27466357 0.04458319 0.18212686
v -0.28076702 -0.02908334 0.18500803
v -0.27900505 0.04854237 0.17761669
v -0.28240249 0.05372792 0.19495161
v -0.28114343 -0.04919546 0.19294865
v -0.27972636 0.08962929 0.20455882
v -0.27944249 0.08940412 0.21786804
v -0.28202197 -0.193276 0.2347905
v -0.27997461 0.04728676 0.24978507
v -0.27671939 0.08950576 0.23378335
v -0.28120646 0.08233668 0.23530053
v -0.28163815 -0.25468382 0.2492425
v -0.27997461 0.04728676 0.24978507
v -0.27338439 0.04033399 0.25265741
v -0.27798417 0.03994633 0.26141647
v -0.27383482 0.0325251 0.26343507
v -0.27588698 0.03004654 0.27110571
v -0.27891633 -0.40580469 0.2858187
v -0.2811327 -0.44543895 0.29570475
v -0.28110436 -0.47872779 0.3055447
v -0.27639687 0.30886555 -0.29918191
v -0.27897036 0.30613953 -0.29285008
v -0.28589776 -0.48282903 -0.29348963
v -0.28347096 -0.47555843 -0.29142919
v -0.27560598 -0.482306 -0.29318553
v -0.2787165 0.27964321 -0.28984022
v -0.27993608 0.28807241 -0.28853479
v -0.28501469 -0.46141434 -0.2824164
v -0.28094471 0.25105387 -0.27951872
v -0.28102955 0.27504838 -0.27794269
v -0.28094471 0.25105387 -0.27951872
v -0.28146359 0.26091227 -0.27910703
v -0.28414616 -0.43350673 -0.2755416
v -0.28361806 0.21647076 -0.27209866
v -0.28419361 -0.39811602 -0.26580706
v -0.28220314 0.25887874 -0.26952127
v -0.28446254 0.19391885 -0.25744006
v -0.28406373 -0.37124494 -0.25912705
v -0.28446254 0.19391885 -0.25744006
v -0.2841225 -0.31718281 -0.24486703
v -0.26347673 -0.4832792 -0.24826314
v -0.29123017 -0.48336431 -0.24942632
v -0.28181678 0.23337293 -0.24955225
v -0.2773158 -0.48280644 -0.24512134
v -0.28399926 0.19445093 -0.24185081
v -0.28518468 -0.28196904 -0.23505776
v -0.28552932 -0.2574994 -0.22928689
v -0.28334421 0.21515845 -0.23339918
v -0.28216347 0.19837551 -0.23015645
v -0.28537431 -0.21212624 -0.21739988
v -0.28630933 -0.1843483 -0.20967521
v -0.2863408 -0.1625111 -0.20360389
v -0.28677815 -0.12783311 -0.19358242
v -0.28640997 -0.1420535 -0.19766727
v -0.28430298 -0.11088225 -0.18831931
v -0.28585097 -0.10103825 -0.18648884
v -0.28633216 -0.0333734 -0.16701195
v -0.29217613 0.01311675 -0.10952713
v -0.2853767 0.02399379 -0.05961966
v -0.28536534 0.02462222 -0.02112105
v -0.28124374 0.05154488 0.14816
v -0.28311768 0.05947562 0.16471262
v -0.28024921 0.05200117 0.15526552
v -0.28130403 0.04909359 0.1661658
v -0.28254849 0.05409122 0.1767166
v -0.2806583 0.05107551 0.17064182
v -0.28240249 0.05372792 0.19495161
v -0.28227946 -0.07695829 0.20207472
v -0.28414652 -0.18093611 0.231391
v -0.27944249 0.08940412 0.21786804
v -0.2825729 -0.21871668 0.2407438
v -0.279432 0.04742816 0.26381528
v -0.28174001 0.07174432 0.24795516
v -0.28197777 0.06178401 0.25330833
v -0.28426969 -0.32447627 0.26622853
v -0.28375515 -0.34119624 0.27020481
v -0.2830615 -0.4004204 0.28421026
v -0.28326824 -0.46359068 0.30169728
v -0.29514062 -0.50033867 0.30719268
v -0.28379059 0.24170731 -0.27082762
v -0.28634113 0.22254744 -0.26633781
v -0.28361806 0.21647076 -0.27209866
v -0.28403428 0.23909439 -0.26450554
v -0.28497228 0.22657953 -0.25617319
v -0.28702199 -0.32965973 -0.24731094
v -0.2841225 -0.31718281 -0.24486703
v -0.28341258 -0.3402766 -0.25108996
v -0.28683504 0.01371876 -0.14888759
v -0.28683624 0.01250153 -0.10727835
v -0.28934813 0.02601181 -0.06152248
v -0.28842965 0.02403236 0.05680767
v -0.29038963 0.01856731 0.13207617
v -0.28124374 0.05154488 0.14816
v -0.29186177 0.01528898 0.14844045
v -0.28475043 0.0698927 0.17382397
v -0.2914944 0.00798859 0.1631445
v -0.28461477 0.07824735 0.18066713
v -0.2914944 0.00798859 0.1631445
v -0.28837067 -0.00661611 0.17549248
v -0.28552869 0.05901735 0.19912949
v -0.28779349 -0.02564961 0.18626396
v -0.28689709 -0.04169763 0.19230406
v -0.28631029 -0.0683759 0.20047639
v -0.28680283 -0.08841518 0.20619197
v -0.28619686 -0.11419363 0.21351948
v -0.28143924 0.05196991 0.22621721
v -0.28414491 0.05694815 0.2397784
v -0.28677571 -0.19575439 0.23530641
v -0.28602892 -0.21779442 0.24044788
v -0.28561145 0.06564388 0.2328849
v -0.28661478 -0.25596851 0.24940108
v -0.28696617 -0.36523983 0.27661294
v -0.28693265 -0.39062303 0.28264621
v -0.2867775 -0.42860392 0.29203671
v -0.28752112 -0.4492158 0.29858983
v -0.28722599 -0.47761276 0.30633366
v -0.28520879 -0.49938834 0.30405807
v -0.30851191 -0.50002342 0.35276583
v -0.26971671 -0.50001544 0.35473135
v -0.28726748 -0.49967843 0.35927576
v -0.29205772 -0.44845754 -0.27608204
v -0.28414616 -0.43350673 -0.2755416
v -0.29187077 -0.42499834 -0.27033401
v -0.28802273 0.20311914 -0.26249757
v -0.28802273 0.20311914 -0.26249757
v -0.29209873 -0.37016779 -0.2559506
v -0.28713733 0.19761612 -0.25101379
v -0.28446254 0.19391885 -0.25744006
v -0.2921589 -0.34464484 -0.24953485
v -0.28804463 0.2058991 -0.25007379
v -0.28713733 0.19761612 -0.25101379
v -0.28650549 0.20672837 -0.23967257
v -0.29201725 -0.28440776 -0.23371369
v -0.28518468 -0.28196904 -0.23505776
v -0.28399926 0.19445093 -0.24185081
v -0.2915 -0.25686064 -0.22715521
v -0.28552932 -0.2574994 -0.22928689
v -0.28563473 -0.23879893 -0.22492656
v -0.29193604 -0.21788734 -0.21632925
v -0.28537431 -0.21212624 -0.21739988
v -0.28485015 -0.199439 -0.21379428
v -0.28630933 -0.1843483 -0.20967521
v -0.28640997 -0.1420535 -0.19766727
v -0.28656319 -0.07361756 -0.17832436
v -0.28600997 -0.08799346 -0.18251047
v -0.29349849 -0.08335345 -0.17531702
v -0.28633216 -0.0333734 -0.16701195
v -0.28631681 -0.05095429 -0.17189938
v -0.29455903 -0.05419257 -0.1664001
v -0.29554525 0.00321564 -0.14700565
v -0.29217613 0.01311675 -0.10952713
v -0.28943291 0.0275292 -0.01692923
v -0.29188386 0.02488747 0.08552019
v -0.29264095 -0.0098683 0.18193373
v -0.28668585 0.06651603 0.21005036
v -0.29166257 -0.0654191 0.20242786
v -0.29187706 -0.09288653 0.21014509
v -0.29154393 -0.11606187 0.21621111
v -0.29130235 -0.13805722 0.22200616
v -0.29120156 -0.1632906 0.22853243
v -0.29162121 -0.19036493 0.23603767
v -0.29087144 -0.21745907 0.24191746
v -0.29125687 -0.24285655 0.2479452
v -0.29115254 -0.26769117 0.25398079
v -0.29118019 -0.29282358 0.26040104
v -0.29120693 -0.32178482 0.26777506
v -0.29139468 -0.35354376 0.27562183
v -0.29169238 -0.38282803 0.28305078
v -0.29181802 -0.41853249 0.29190391
v -0.29168728 -0.44643041 0.30003542
v -0.29260388 -0.46802977 0.30640042
v -0.29213381 -0.48310953 0.30928707
v -0.29549533 -0.48262823 -0.28913867
v -0.3026675 -0.4828206 -0.28050762
v -0.29222402 -0.45448163 -0.24803424
v -0.2945047 -0.47202349 -0.25419036
v -0.29266626 -0.41242301 -0.23866852
v -0.2921814 -0.38345608 -0.22980629
v -0.29167265 -0.35104191 -0.22109616
v -0.2958979 -0.23291807 -0.21688204
v -0.28677815 -0.12783311 -0.19358242
v -0.295881 -0.10380823 -0.17938267
v -0.28585097 -0.10103825 -0.18648884
v -0.29650313 -0.12137025 -0.18366063
v -0.29150209 -0.20954156 -0.18145119
v -0.29526588 -0.04040689 -0.16111802
v -0.29321709 -0.01620315 -0.15667963
v -0.29217613 0.01311675 -0.10952713
v -0.28963733 0.01873554 -0.09870153
v -0.28934813 0.02601181 -0.06152248
v -0.29276502 0.0312022 -0.03751436
v -0.29481798 0.04355675 -0.04062819
v -0.28943291 0.0275292 -0.01692923
v -0.29274487 0.03080608 0.00321209
v -0.29274487 0.03080608 0.00321209
v -0.29310268 0.02832796 0.05721165
v -0.29592383 0.02419921 0.1255554
v -0.29230163 -0.0021771 0.17584451
v -0.29250404 -0.02582536 0.19001471
v -0.29206488 -0.0473379 0.19715595
v -0.29636112 -0.05958963 0.20644216
v -0.29605305 -0.11035493 0.21920224
v -0.29577956 -0.16401727 0.23247343
v -0.29595739 -0.19463371 0.24064642
v -0.29595825 -0.22720322 0.24795716
v -0.29571939 -0.26416963 0.25678134
v -0.29594886 -0.30408633 0.26740357
v -0.29564339 -0.34275034 0.27629849
v -0.29644391 -0.49082071 0.30917424
v -0.29836538 -0.48467737 0.31325662
v -0.29597175 -0.4413912 -0.27083135
v -0.30396256 -0.48312837 -0.26936784
v -0.29571944 -0.35427839 -0.24842885
v -0.29222402 -0.45448163 -0.24803424
v -0.2945047 -0.47202349 -0.25419036
v -0.29565093 -0.41406748 -0.24394117
v -0.29266626 -0.41242301 -0.23866852
v -0.2994369 -0.38900283 -0.24479699
v -0.29545105 -0.25574178 -0.22417839
v -0.29553035 -0.3702448 -0.2310899
v -0.2921814 -0.38345608 -0.22980629
v -0.29624996 -0.34834537 -0.22657315
v -0.29167265 -0.35104191 -0.22109616
v -0.29572594 -0.20677313 -0.20997453
v -0.29136133 -0.31989035 -0.21052495
v -0.29161075 -0.28818896 -0.20294705
v -0.29578578 -0.24223424 -0.19522978
v -0.2907072 -0.26338494 -0.19482499
v -0.29502881 -0.20972098 -0.18600191
v -0.29065415 -0.24155945 -0.18954499
v -0.29150209 -0.20954156 -0.18145119
v -0.30012512 -0.06968971 -0.16395067
v -0.29668215 -0.06170793 -0.14494154
v -0.29668215 -0.06170793 -0.14494154
v -0.29631051 -0.03970765 -0.13865921
v -0.29648721 -0.00826552 -0.13090381
v -0.29295108 -0.01368148 -0.127638
v -0.29341248 -0.00198051 -0.12249783
v -0.29594773 0.01113776 -0.11967621
v -0.29306126 0.00538997 -0.11771543
v -0.29963729 0.02322944 -0.11956622
v -0.29772547 0.03613918 -0.09527165
v -0.29795653 0.03361239 -0.0954363
v -0.29740319 0.03966669 -0.07707348
v -0.29719722 0.0393519 -0.06401202
v -0.29561257 0.0368494 -0.0443094
v -0.29600996 0.04008687 -0.01700773
v -0.29579699 0.03652587 0.01019103
v -0.29310268 0.02832796 0.05721165
v -0.29745355 0.03580644 0.05925085
v -0.29834419 0.03275249 0.08909204
v -0.29188386 0.02488747 0.08552019
v -0.29592383 0.02419921 0.1255554
v -0.29679433 0.01894196 0.15527134
v -0.29186177 0.01528898 0.14844045
v -0.2914944 0.00798859 0.1631445
v -0.29749379 0.01307999 0.17169838
v -0.29230163 -0.0021771 0.17584451
v -0.29708087 0.00047168 0.18619016
v -0.29649609 0.01980568 0.19135323
v -0.29264095 -0.0098683 0.18193373
v -0.29190344 0.02898143 0.18800227
v -0.29605189 -0.01992228 0.19248396
v -0.29605189 -0.01992228 0.19248396
v -0.29245186 0.01907306 0.19808416
v -0.29632995 0.00727921 0.20268965
v -0.29858673 -0.04019477 0.20660989
v -0.29636112 -0.05958963 0.20644216
v -0.2962037 -0.0835503 0.21195506
v -0.29654723 -0.13545908 0.22615977
v -0.29627308 -0.07302018 0.23114824
v -0.29677945 -0.12673195 0.2443614
v -0.29637843 -0.37701213 0.28615838
v -0.29606435 -0.40940657 0.29346699
v -0.29629996 -0.44526348 0.30401325
v -0.29669333 -0.38184345 0.30889776
v -0.29672292 -0.47956559 0.31298664
v -0.31145322 -0.50025398 0.31947953
v -0.29689732 -0.45890182 0.32756969
v -0.29911894 -0.49881348 0.35765508
v -0.29903358 -0.42935407 -0.26163062
v -0.29883766 -0.39642549 -0.25349873
v -0.29123017 -0.48336431 -0.24942632
v -0.29990426 -0.37094551 -0.2443767
v -0.29948914 -0.40174034 -0.24956027
v -0.29917058 -0.34558287 -0.24085189
v -0.29901162 -0.32308576 -0.2355355
v -0.30011854 -0.36302182 -0.23948781
v -0.29941717 -0.29745919 -0.22781919
v -0.29906049 -0.20541477 -0.20389974
v -0.30113491 -0.23593573 -0.20369026
v -0.29894546 -0.15163684 -0.18954296
v -0.30063912 -0.20813429 -0.19538331
v -0.29955688 -0.12878098 -0.18136479
v -0.29979235 -0.09964805 -0.17253307
v -0.30122682 -0.1056392 -0.16941459
v -0.30052349 -0.05913309 -0.15818299
v -0.29970828 -0.1105779 -0.16278647
v -0.29957905 -0.08485683 -0.1549952
v -0.30034199 -0.01234628 -0.14335546
v -0.2989766 -0.06294012 -0.14963688
v -0.29876131 0.03021214 -0.10924134
v -0.29918712 0.03585086 0.09093971
v -0.30002326 0.03091156 0.13043562
v -0.3000592 0.03223927 0.13861902
v -0.29951891 0.02368531 0.15676059
v -0.29962626 0.02934403 0.15815017
v -0.29981598 0.02292546 0.16897039
v -0.29918149 0.01797595 0.18347433
v -0.29910755 0.00375113 0.19118723
v -0.29918149 0.01797595 0.18347433
v -0.29981598 0.02292546 0.16897039
v -0.29910755 0.00375113 0.19118723
v -0.29936633 -0.00105055 0.20028326
v -0.29890224 0.00888949 0.19400799
v -0.29890224 0.00888949 0.19400799
v -0.29850346 -0.02271652 0.19981721
v -0.29936633 -0.00105055 0.20028326
v -0.29964316 -0.01558526 0.20337704
v -0.29850346 -0.02271652 0.19981721
v -0.29868591 -0.01287927 0.20816833
v -0.29858673 -0.04019477 0.20660989
v -0.29632995 0.00727921 0.20268965
v -0.29633573 -0.00931249 0.21216664
v -0.29951546 -0.06259977 0.21562831
v -0.2962037 -0.0835503 0.21195506
v -0.2959367 -0.03849865 0.22235836
v -0.29914758 -0.0930825 0.22127077
v -0.29605305 -0.11035493 0.21920224
v -0.29950714 -0.06477966 0.2198775
v -0.29959428 -0.1106471 0.22698659
v -0.29654723 -0.13545908 0.22615977
v -0.29627308 -0.07302018 0.23114824
v -0.29945216 -0.09314953 0.2282711
v -0.2966038 -0.08909786 0.23495224
v -0.29925731 -0.14858437 0.23562293
v -0.29577956 -0.16401727 0.23247343
v -0.29965544 -0.12460643 0.23621361
v -0.2981298 -0.16693392 0.23771176
v -0.29680318 -0.11210174 0.24074093
v -0.29942676 -0.17313883 0.2426891
v -0.29595739 -0.19463371 0.24064642
v -0.29677945 -0.12673195 0.2443614
v -0.29925731 -0.14858437 0.23562293
v -0.29637757 -0.14961819 0.25012705
v -0.29942676 -0.17313883 0.2426891
v -0.29973602 -0.20711662 0.25035667
v -0.29973602 -0.20711662 0.25035667
v -0.29595825 -0.22720322 0.24795716
v -0.29958281 -0.2374081 0.25758293
v -0.29597357 -0.1749377 0.25778466
v -0.29947421 -0.19851336 0.25697801
v -0.29571939 -0.26416963 0.25678134
v -0.29937577 -0.27724221 0.26598525
v -0.29634845 -0.20050107 0.26394907
v -0.29951951 -0.23150988 0.26561975
v -0.29594886 -0.30408633 0.26740357
v -0.29546127 -0.2242415 0.27101806
v -0.29935691 -0.31327742 0.27522099
v -0.29564339 -0.34275034 0.27629849
v -0.29542783 -0.28118715 0.28609711
v -0.29946783 -0.34951785 0.28470087
v -0.29631802 -0.29966709 0.28967169
v -0.2995041 -0.322548 0.2892212
v -0.29637843 -0.37701213 0.28615838
v -0.29938948 -0.37849525 0.29206267
v -0.29606435 -0.40940657 0.29346699
v -0.29619405 -0.32979804 0.29701436
v -0.30003279 -0.40200326 0.30009803
v -0.29950604 -0.34717664 0.29544207
v -0.29956135 -0.43623826 0.30792907
v -0.29565585 -0.35412493 0.30365738
v -0.29940626 -0.37175822 0.3010506
v -0.29629996 -0.44526348 0.30401325
v -0.29669333 -0.38184345 0.30889776
v -0.29944259 -0.39993155 0.30789495
v -0.29672292 -0.47956559 0.31298664
v -0.30354255 -0.49065742 0.31371367
v -0.29985216 -0.46468705 0.31567156
v -0.30067101 -0.48069933 0.31988996
v -0.29836538 -0.48467737 0.31325662
v -0.30354255 -0.49065742 0.31371367
v -0.29542318 -0.40992099 0.31756386
v -0.29973653 -0.4277198 0.31397241
v -0.29698759 -0.43853337 0.3226158
v -0.29980114 -0.45655161 0.32008031
v -0.29689732 -0.45890182 0.32756969
v -0.2965003 -0.47696456 0.33350143
v -0.3030555 -0.4769617 -0.26900068
v -0.30396256 -0.48312837 -0.26936784
v -0.30042842 -0.33275986 -0.23213317
v -0.30123025 -0.28645986 -0.21974501
v -0.30142105 -0.2674112 -0.21472989
v -0.30101886 -0.22233045 -0.20324254
v -0.3011311 -0.19943783 -0.19556792
v -0.30092323 -0.18027753 -0.1906828
v -0.30118245 -0.16346464 -0.18384482
v -0.30113173 -0.13624869 -0.17581131
v -0.30081657 -0.08319186 -0.16406861
v -0.29914758 -0.0930825 0.22127077
v -0.29959428 -0.1106471 0.22698659
v -0.3001087 -0.21932001 0.25733414
v -0.29958281 -0.2374081 0.25758293
v -0.3002069 -0.25000677 0.26517299
v -0.29937577 -0.27724221 0.26598525
v -0.30045199 -0.27456701 0.27073997
v -0.30053127 -0.30170125 0.27849674
v -0.29935691 -0.31327742 0.27522099
v -0.30050528 -0.33334729 0.28514272
v -0.29946783 -0.34951785 0.28470087
v -0.30030203 -0.36352876 0.29415986
v -0.29938948 -0.37849525 0.29206267
v -0.30003279 -0.40200326 0.30009803
v -0.29956135 -0.43623826 0.30792907
v -0.30003539 -0.42034188 0.30823097
v -0.30356476 -0.50020254 0.31186602
v -0.29985216 -0.46468705 0.31567156
v -0.31145322 -0.50025398 0.31947953
v -0.31145322 -0.50025398 0.31947953
v -0.31620649 -0.50015795 0.33172405
v -0.31524241 -0.50018644 0.3427752
v -0.30851191 -0.50002342 0.35276583
v -0.31620649 -0.50015795 0.33172405
vt 0.04868 0.22251
vt 0.04981 0.22511
vt 0.05397 0.22342
vt 0.05542 0.22148
vt 0.0548 0.22016
vt 0.67904 0.40979
vt 0.68112 0.41475
vt 0.68427 0.41141
vt 0.68251 0.41386
vt 0.68203 0.40459
vt 0.67793 0.40551
vt 0.67919 0.40423
vt 0.6846 0.40792
vt 0.35367 0.91038
vt 0.349 0.91514
vt 0.34555 0.90754
vt 0.35498 0.9141
vt 0.35241 0.91419
vt 0.34456 0.91577
vt 0.34124 0.9099
vt 0.34073 0.91256
vt 0.34784 0.91976
vt 0.35456 0.91666
vt 0.34377 0.91966
vt 0.34114 0.91628
vt 0.35708 0.90736
vt 0.35432 0.90649
vt 0.35139 0.91966
vt 0.35709 0.91068
vt 0.39213 0.39644
vt 0.39447 0.39771
vt 0.39447 0.40119
vt 0.34993 0.90553
vt 0.78232 0.51984
vt 0.786 0.52481
vt 0.78575 0.52009
vt 0.91394 0.09559
vt 0.91208 0.09738
vt 0.91521 0.09933
vt 0.90921 0.10454
vt 0.07758 0.18385
vt 0.07976 0.185
vt 0.07757 0.18196
vt 0.17643 0.88098
vt 0.1821 0.8822
vt 0.18002 0.87447
vt 0.91257 0.10865
vt 0.91728 0.10661
vt 0.08372 0.18285
vt 0.08057 0.18079
vt 0.07903 0.18012
vt 0.07681 0.17544
vt 0.07438 0.17964
vt 0.91924 0.11043
vt 0.90849 0.1096
vt 0.1799 0.88299
vt 0.08229 0.1858
vt 0.90999 0.11265
vt 0.08372 0.17352
vt 0.17633 0.87447
vt 0.85685 0.85122
vt 0.85242 0.85532
vt 0.85733 0.85659
vt 0.26873 0.88733
vt 0.27265 0.88556
vt 0.2655 0.88504
vt 0.26941 0.87505
vt 0.26627 0.8793
vt 0.28184 0.89654
vt 0.28433 0.88958
vt 0.28337 0.88638
vt 0.26998 0.89457
vt 0.34204 0.8829
vt 0.33619 0.89024
vt 0.34066 0.89087
vt 0.2914 0.88126
vt 0.29858 0.87594
vt 0.27708 0.87491
vt 0.31051 0.87665
vt 0.30706 0.88819
vt 0.29378 0.89152
vt 0.30334 0.87646
vt 0.31471 0.87482
vt 0.32834 0.87538
vt 0.3171 0.88052
vt 0.3278 0.88605
vt 0.3145 0.87727
vt 0.33595 0.87589
vt 0.22469 0.4913
vt 0.23217 0.49209
vt 0.23715 0.4913
vt 0.76519 0.20356
vt 0.76938 0.20435
vt 0.77142 0.20356
vt 0.34026 0.87691
vt 0.31889 0.89254
vt 0.31466 0.88489
vt 0.31657 0.87856
vt 0.26799 0.89137
vt 0.30804 0.89676
vt 0.91866 0.02686
vt 0.92154 0.02754
vt 0.91683 0.0249
vt 0.34254 0.87919
vt 0.00781 0.17504
vt 0.00662 0.17317
vt 0.01207 0.17589
vt 0.51032 0.92708
vt 0.50455 0.93097
vt 0.51106 0.93278
vt 0.42792 0.92993
vt 0.43567 0.92926
vt 0.43243 0.92672
vt 0.49927 0.92429
vt 0.50418 0.92249
vt 0.50016 0.91761
vt 0.43653 0.92708
vt 0.43113 0.91353
vt 0.43653 0.91613
vt 0.43339 0.912
vt 0.43197 0.92155
vt 0.42628 0.92452
vt 0.50443 0.92487
vt 0.50132 0.93023
vt 0.81953 0.91325
vt 0.82208 0.9135
vt 0.8236 0.91186
vt 0.42562 0.9163
vt 0.4334 0.92128
vt 0.81774 0.91306
vt 0.01207 0.16877
vt 0.43215 0.93478
vt 0.51482 0.61093
vt 0.51277 0.61251
vt 0.51307 0.60953
vt 0.51127 0.6111
vt 0.90196 0.03591
vt 0.90606 0.03379
vt 0.89995 0.03281
vt 0.89867 0.03021
vt 0.48254 0.92029
vt 0.48682 0.91574
vt 0.48264 0.91476
vt 0.31893 0.35692
vt 0.31893 0.36166
vt 0.31815 0.35972
vt 0.90849 0.03834
vt 0.47439 0.9136
vt 0.05605 0.43827
vt 0.05724 0.43123
vt 0.05413 0.43405
vt 0.05473 0.43942
vt 0.90849 0.02734
vt 0.90024 0.02178
vt 0.90696 0.01902
vt 0.46777 0.91208
vt 0.46871 0.91608
vt 0.90307 0.01641
vt 0.90706 0.01462
vt 0.04348 0.59899
vt 0.04096 0.59663
vt 0.04348 0.59865
vt 0.7874 0.67513
vt 0.79011 0.68095
vt 0.78839 0.67858
vt 0.78996 0.68476
vt 0.50307 0.21328
vt 0.49866 0.21493
vt 0.49997 0.22253
vt 0.5035 0.2213
vt 0.49748 0.2197
vt 0.38887 0.44235
vt 0.39172 0.44696
vt 0.39301 0.44229
vt 0.45873 0.37399
vt 0.46378 0.37826
vt 0.456 0.37676
vt 0.49604 0.2212
vt 0.4926 0.21613
vt 0.58044 0.30882
vt 0.58217 0.31016
vt 0.57837 0.31243
vt 0.03899 0.58458
vt 0.03699 0.58664
vt 0.03739 0.58473
vt 0.03873 0.5879
vt 0.47959 0.17676
vt 0.47759 0.17496
vt 0.48113 0.17499
vt 0.46364 0.37036
vt 0.46609 0.3738
vt 0.49543 0.21387
vt 0.57474 0.31417
vt 0.5709 0.31102
vt 0.5755 0.31
vt 0.04164 0.58198
vt 0.04037 0.58605
vt 0.03707 0.58857
vt 0.46905 0.3764
vt 0.46924 0.37826
vt 0.50062 0.20831
vt 0.49681 0.21091
vt 0.0432 0.58603
vt 0.04 0.58986
vt 0.03744 0.59047
vt 0.48519 0.17998
vt 0.48588 0.18168
vt 0.4833 0.18112
vt 0.46919 0.37345
vt 0.038 0.30449
vt 0.03076 0.30821
vt 0.03406 0.30527
vt 0.04009 0.31538
vt 0.57175 0.30665
vt 0.04498 0.58345
vt 0.04481 0.58509
vt 0.03876 0.5935
vt 0.47965 0.18124
vt 0.47689 0.18321
vt 0.47669 0.18162
vt 0.47459 0.18049
vt 0.47246 0.1775
vt 0.47552 0.17697
vt 0.47468 0.17822
vt 0.45974 0.17738
vt 0.46707 0.1766
vt 0.05162 0.29276
vt 0.04426 0.30372
vt 0.0452 0.29722
vt 0.5035 0.20593
vt 0.49844 0.20598
vt 0.04743 0.30861
vt 0.07101 0.27336
vt 0.0643 0.28115
vt 0.05853 0.28474
vt 0.09001 0.25426
vt 0.10379 0.24055
vt 0.09593 0.24884
vt 0.38721 0.17601
vt 0.38727 0.17352
vt 0.39523 0.17462
vt 0.37487 0.1738
vt 0.15237 0.19165
vt 0.15346 0.20219
vt 0.13897 0.20598
vt 0.17969 0.16234
vt 0.17226 0.17145
vt 0.1649 0.17859
vt 0.20632 0.1331
vt 0.2106 0.13992
vt 0.19681 0.14429
vt 0.56888 0.30867
vt 0.04555 0.58861
vt 0.04115 0.59115
vt 0.48694 0.1852
vt 0.48491 0.18684
vt 0.46815 0.18262
vt 0.45707 0.18253
vt 0.44314 0.18244
vt 0.44773 0.17634
vt 0.4322 0.18266
vt 0.43992 0.17594
vt 0.05051 0.30543
vt 0.0617 0.29575
vt 0.0448 0.31739
vt 0.41646 0.182
vt 0.42803 0.17581
vt 0.41343 0.17517
vt 0.07864 0.26572
vt 0.07127 0.2862
vt 0.40162 0.18188
vt 0.08036 0.27729
vt 0.3921 0.18155
vt 0.40638 0.17465
vt 0.10106 0.25678
vt 0.0934 0.26498
vt 0.36888 0.18137
vt 0.38089 0.18147
vt 0.11052 0.23419
vt 0.11881 0.23835
vt 0.10802 0.24969
vt 0.35944 0.18023
vt 0.12069 0.22403
vt 0.12868 0.21767
vt 0.12898 0.22858
vt 0.33014 0.18006
vt 0.34397 0.17366
vt 0.34715 0.18113
vt 0.35896 0.17412
vt 0.13928 0.21721
vt 0.14183 0.21905
vt 0.32528 0.17373
vt 0.16773 0.18625
vt 0.18835 0.13938
vt 0.17957 0.17884
vt 0.19876 0.13054
vt 0.18892 0.16333
vt 0.21181 0.1174
vt 0.21389 0.12536
vt 0.20289 0.15311
vt 0.22828 0.10118
vt 0.22822 0.10934
vt 0.22291 0.11615
vt 0.23484 0.10202
vt 0.241 0.09505
vt 0.24155 0.10732
vt 0.24718 0.08868
vt 0.24346 0.07861
vt 0.2587 0.07466
vt 0.25284 0.09255
vt 0.51735 0.19651
vt 0.51431 0.18331
vt 0.52086 0.20436
vt 0.52805 0.20476
vt 0.52488 0.21292
vt 0.5315 0.2113
vt 0.52936 0.22182
vt 0.53832 0.24194
vt 0.53666 0.23747
vt 0.54141 0.24726
vt 0.54609 0.25571
vt 0.54988 0.25846
vt 0.54881 0.26182
vt 0.55158 0.26764
vt 0.55838 0.27446
vt 0.55473 0.27397
vt 0.55912 0.28119
vt 0.56251 0.28793
vt 0.56583 0.3099
vt 0.56814 0.29789
vt 0.56485 0.29526
vt 0.57004 0.30614
vt 0.56801 0.28478
vt 0.57207 0.30489
vt 0.57222 0.2943
vt 0.57468 0.29844
vt 0.5737 0.30562
vt 0.04485 0.58733
vt 0.47576 0.18578
vt 0.48055 0.18296
vt 0.46507 0.18501
vt 0.4569 0.18884
vt 0.44972 0.18533
vt 0.43618 0.18508
vt 0.41959 0.18516
vt 0.49331 0.43818
vt 0.48735 0.4461
vt 0.49393 0.44672
vt 0.49416 0.44918
vt 0.49022 0.45425
vt 0.49296 0.45417
vt 0.40222 0.18415
vt 0.49339 0.43034
vt 0.48935 0.43531
vt 0.49338 0.4229
vt 0.37998 0.18432
vt 0.49325 0.41233
vt 0.49198 0.41897
vt 0.4895 0.40181
vt 0.49361 0.40565
vt 0.35339 0.18387
vt 0.49362 0.39967
vt 0.33068 0.18341
vt 0.11866 0.2425
vt 0.49372 0.3814
vt 0.48808 0.38689
vt 0.49218 0.39197
vt 0.49215 0.37142
vt 0.48942 0.37785
vt 0.31223 0.18341
vt 0.15365 0.20797
vt 0.30548 0.1815
vt 0.16199 0.19873
vt 0.1988 0.12576
vt 0.1707 0.18879
vt 0.49113 0.34102
vt 0.49214 0.35294
vt 0.49248 0.34425
vt 0.21109 0.11309
vt 0.49271 0.33528
vt 0.22094 0.10292
vt 0.18432 0.17559
vt 0.25953 0.18115
vt 0.24569 0.18356
vt 0.24161 0.18072
vt 0.23309 0.08924
vt 0.21601 0.13862
vt 0.23177 0.11944
vt 0.25286 0.07006
vt 0.26329 0.06057
vt 0.26903 0.05915
vt 0.26534 0.06821
vt 0.26442 0.07785
vt 0.27056 0.06365
vt 0.28221 0.05762
vt 0.48976 0.14076
vt 0.49424 0.15144
vt 0.48963 0.14297
vt 0.49901 0.16142
vt 0.50098 0.16695
vt 0.49796 0.16818
vt 0.50122 0.15347
vt 0.50415 0.17027
vt 0.5082 0.18108
vt 0.5037 0.18051
vt 0.51028 0.19616
vt 0.50836 0.17965
vt 0.50696 0.16409
vt 0.51368 0.18949
vt 0.51375 0.20366
vt 0.51873 0.21425
vt 0.52421 0.22578
vt 0.52149 0.19161
vt 0.52751 0.2334
vt 0.53282 0.22853
vt 0.53628 0.25096
vt 0.10062 0.53056
vt 0.09631 0.53544
vt 0.09178 0.53957
vt 0.53816 0.22497
vt 0.5422 0.26357
vt 0.542 0.23347
vt 0.55049 0.27804
vt 0.54796 0.24457
vt 0.55555 0.28846
vt 0.55191 0.25222
vt 0.55785 0.26522
vt 0.55787 0.2934
vt 0.56215 0.30097
vt 0.56677 0.3084
vt 0.56249 0.27426
vt 0.56613 0.27922
vt 0.57683 0.30442
vt 0.04828 0.58484
vt 0.46513 0.19048
vt 0.43232 0.1899
vt 0.40355 0.18985
vt 0.48794 0.45018
vt 0.38826 0.18905
vt 0.48747 0.42608
vt 0.48753 0.43188
vt 0.48768 0.40852
vt 0.48754 0.42003
vt 0.33948 0.18716
vt 0.48775 0.39429
vt 0.49187 0.36103
vt 0.4878 0.36428
vt 0.48772 0.35506
vt 0.26416 0.18519
vt 0.27316 0.18182
vt 0.28368 0.18541
vt 0.49189 0.33143
vt 0.49142 0.32414
vt 0.48779 0.32611
vt 0.22881 0.18288
vt 0.2269 0.17975
vt 0.21348 0.18244
vt 0.49291 0.29736
vt 0.49159 0.30593
vt 0.49303 0.31118
vt 0.26002 0.11036
vt 0.26169 0.11346
vt 0.25273 0.11976
vt 0.49342 0.27949
vt 0.49172 0.28306
vt 0.27003 0.10449
vt 0.27181 0.10645
vt 0.49164 0.27148
vt 0.48766 0.28479
vt 0.4936 0.26813
vt 0.27994 0.10065
vt 0.27693 0.10579
vt 0.25302 0.0977
vt 0.49157 0.25725
vt 0.28353 0.10281
vt 0.26536 0.08134
vt 0.28879 0.09942
vt 0.2761 0.05519
vt 0.27289 0.07212
vt 0.28182 0.05134
vt 0.27857 0.06758
vt 0.28637 0.06176
vt 0.2938 0.0506
vt 0.29649 0.05517
vt 0.46005 0.08562
vt 0.46521 0.08899
vt 0.46636 0.09398
vt 0.471 0.10314
vt 0.47404 0.10298
vt 0.47555 0.11153
vt 0.47694 0.12169
vt 0.47915 0.11984
vt 0.48083 0.10975
vt 0.48266 0.12771
vt 0.48422 0.14363
vt 0.48722 0.12487
vt 0.49063 0.15756
vt 0.49108 0.13314
vt 0.49544 0.16899
vt 0.49935 0.17944
vt 0.49512 0.1397
vt 0.49816 0.14642
vt 0.5057 0.19198
vt 0.50817 0.19811
vt 0.13861 0.48754
vt 0.13475 0.49512
vt 0.13162 0.49602
vt 0.5137 0.20928
vt 0.51716 0.21675
vt 0.51271 0.17452
vt 0.52084 0.22443
vt 0.51792 0.18491
vt 0.52523 0.23341
vt 0.52944 0.24231
vt 0.53271 0.2492
vt 0.11338 0.51671
vt 0.10972 0.52105
vt 0.10469 0.52582
vt 0.53763 0.25852
vt 0.54297 0.26871
vt 0.54707 0.27625
vt 0.08639 0.54488
vt 0.08285 0.54984
vt 0.07979 0.55262
vt 0.0751 0.55751
vt 0.07149 0.56201
vt 0.0672 0.56519
vt 0.06586 0.56804
vt 0.06198 0.57079
vt 0.05927 0.57457
vt 0.05594 0.57716
vt 0.05535 0.584
vt 0.05048 0.58221
vt 0.04757 0.59131
vt 0.47841 0.1918
vt 0.48226 0.19206
vt 0.78778 0.86945
vt 0.77905 0.87546
vt 0.78262 0.86843
vt 0.48714 0.45369
vt 0.48729 0.43831
vt 0.78466 0.88001
vt 0.77796 0.8794
vt 0.4874 0.4134
vt 0.48711 0.40207
vt 0.48773 0.37736
vt 0.48737 0.3498
vt 0.48712 0.34295
vt 0.48724 0.33489
vt 0.25693 0.19024
vt 0.23995 0.19073
vt 0.48727 0.31689
vt 0.48688 0.30919
vt 0.48702 0.30231
vt 0.20429 0.18455
vt 0.21697 0.18438
vt 0.48711 0.29594
vt 0.27274 0.10048
vt 0.27868 0.09808
vt 0.48654 0.27371
vt 0.48668 0.26692
vt 0.48696 0.25192
vt 0.48648 0.25942
vt 0.49285 0.24194
vt 0.48653 0.24628
vt 0.49402 0.23286
vt 0.48701 0.23809
vt 0.49416 0.22722
vt 0.48643 0.22973
vt 0.29327 0.09625
vt 0.29973 0.09843
vt 0.2856 0.06657
vt 0.29914 0.09583
vt 0.29399 0.06394
vt 0.30149 0.05413
vt 0.30634 0.09557
vt 0.30087 0.04783
vt 0.30898 0.05003
vt 0.30819 0.05303
vt 0.30908 0.05512
vt 0.32534 0.05307
vt 0.33829 0.05753
vt 0.34453 0.05539
vt 0.40011 0.06328
vt 0.42453 0.06745
vt 0.40203 0.06622
vt 0.42172 0.06948
vt 0.42855 0.06637
vt 0.43663 0.07124
vt 0.43032 0.07184
vt 0.44125 0.07554
vt 0.44298 0.07014
vt 0.44815 0.07585
vt 0.44931 0.08041
vt 0.45508 0.07598
vt 0.45809 0.08136
vt 0.45542 0.07248
vt 0.46053 0.07908
vt 0.45587 0.0881
vt 0.46196 0.09313
vt 0.46466 0.08451
vt 0.46274 0.07717
vt 0.46446 0.09754
vt 0.47075 0.11527
vt 0.47063 0.09062
vt 0.47055 0.08658
vt 0.47194 0.12453
vt 0.47372 0.09449
vt 0.48089 0.14205
vt 0.47751 0.10288
vt 0.17839 0.44145
vt 0.17634 0.44835
vt 0.17277 0.44814
vt 0.48531 0.15293
vt 0.49014 0.16422
vt 0.4844 0.11499
vt 0.15767 0.46513
vt 0.15908 0.47378
vt 0.15223 0.47169
vt 0.14354 0.48254
vt 0.14585 0.48942
vt 0.12469 0.50419
vt 0.11784 0.51181
vt 0.12185 0.51459
vt 0.11384 0.52395
vt 0.10831 0.52947
vt 0.10417 0.53436
vt 0.09527 0.54332
vt 0.09015 0.54936
vt 0.08368 0.55537
vt 0.56009 0.31016
vt 0.56728 0.3154
vt 0.56371 0.31674
vt 0.56315 0.3126
vt 0.07838 0.56125
vt 0.07027 0.56921
vt 0.06584 0.57393
vt 0.0621 0.57765
vt 0.05307 0.58653
vt 0.04866 0.59037
vt 0.04423 0.59532
vt 0.80009 0.8683
vt 0.79899 0.87154
vt 0.79647 0.86713
vt 0.78527 0.8668
vt 0.79902 0.87984
vt 0.78991 0.879
vt 0.79448 0.88457
vt 0.77496 0.87378
vt 0.77728 0.86903
vt 0.48594 0.45007
vt 0.77615 0.88014
vt 0.77766 0.88742
vt 0.48626 0.37074
vt 0.48652 0.286
vt 0.27675 0.09411
vt 0.28291 0.09294
vt 0.28574 0.09669
vt 0.29202 0.09143
vt 0.48554 0.23674
vt 0.4918 0.22215
vt 0.30128 0.09162
vt 0.49071 0.21518
vt 0.48476 0.22192
vt 0.30708 0.0913
vt 0.30002 0.06369
vt 0.31474 0.09383
vt 0.31421 0.09697
vt 0.30784 0.06488
vt 0.32514 0.09611
vt 0.31315 0.0589
vt 0.465 0.72991
vt 0.46308 0.75801
vt 0.46534 0.74014
vt 0.33247 0.05978
vt 0.33011 0.10027
vt 0.34872 0.10309
vt 0.36882 0.05948
vt 0.36866 0.06155
vt 0.39143 0.10772
vt 0.46348 0.80447
vt 0.39888 0.11133
vt 0.39615 0.06045
vt 0.37461 0.06481
vt 0.41531 0.07099
vt 0.41945 0.11312
vt 0.43054 0.11976
vt 0.43808 0.1187
vt 0.46269 0.83174
vt 0.46012 0.84391
vt 0.46303 0.85034
vt 0.43261 0.08056
vt 0.45976 0.85333
vt 0.4358 0.06475
vt 0.44175 0.08181
vt 0.44812 0.06797
vt 0.46232 0.86299
vt 0.44754 0.08586
vt 0.46301 0.87166
vt 0.46241 0.88048
vt 0.46534 0.87983
vt 0.45989 0.10839
vt 0.46366 0.1126
vt 0.45996 0.89033
vt 0.46292 0.89308
vt 0.16808 0.45372
vt 0.17442 0.45899
vt 0.16493 0.45888
vt 0.16454 0.4695
vt 0.14816 0.4776
vt 0.15477 0.47966
vt 0.50426 0.20475
vt 0.50804 0.21173
vt 0.14048 0.49515
vt 0.13555 0.5007
vt 0.13056 0.50616
vt 0.12563 0.5113
vt 0.09972 0.53907
vt 0.55996 0.31739
vt 0.07371 0.56589
vt 0.05705 0.58259
vt 0.48715 0.19074
vt 0.48657 0.19735
vt 0.81562 0.86984
vt 0.81607 0.87184
vt 0.81946 0.8803
vt 0.81157 0.87977
vt 0.48316 0.43638
vt 0.48196 0.44646
vt 0.48318 0.45427
vt 0.48371 0.42661
vt 0.78465 0.88998
vt 0.03544 0.35886
vt 0.04025 0.35494
vt 0.03746 0.36489
vt 0.48369 0.41367
vt 0.77453 0.89024
vt 0.03896 0.3494
vt 0.4839 0.38844
vt 0.48382 0.40053
vt 0.79865 0.98081
vt 0.789 0.97522
vt 0.79682 0.97465
vt 0.48351 0.37839
vt 0.4841 0.36289
vt 0.48405 0.35121
vt 0.48401 0.34111
vt 0.484 0.33421
vt 0.48399 0.32346
vt 0.48436 0.30856
vt 0.48414 0.28972
vt 0.48492 0.27561
vt 0.89421 0.0405
vt 0.89152 0.04219
vt 0.8951 0.03507
vt 0.4638 0.72213
vt 0.46056 0.73208
vt 0.32383 0.06523
vt 0.46138 0.76233
vt 0.3606 0.06947
vt 0.45883 0.81407
vt 0.39805 0.07648
vt 0.45943 0.83166
vt 0.42073 0.07903
vt 0.43819 0.08801
vt 0.44339 0.09305
vt 0.45918 0.85811
vt 0.45922 0.86599
vt 0.44509 0.09317
vt 0.44897 0.09929
vt 0.4587 0.87377
vt 0.45301 0.10319
vt 0.45748 0.1067
vt 0.45838 0.88467
vt 0.46567 0.11999
vt 0.4685 0.12798
vt 0.47324 0.13396
vt 0.47355 0.13882
vt 0.45727 0.89769
vt 0.18427 0.43597
vt 0.18614 0.44247
vt 0.18326 0.44673
vt 0.11892 0.51991
vt 0.09418 0.54576
vt 0.08398 0.55672
vt 0.04925 0.59245
vt 0.83694 0.87307
vt 0.82559 0.8724
vt 0.82673 0.87056
vt 0.8451 0.88347
vt 0.83311 0.88203
vt 0.38543 0.71656
vt 0.39024 0.72697
vt 0.3888 0.72948
vt 0.48221 0.19828
vt 0.47818 0.19935
vt 0.82702 0.88186
vt 0.82081 0.89139
vt 0.80733 0.88842
vt 0.48175 0.45109
vt 0.79576 0.88966
vt 0.48167 0.42415
vt 0.78354 0.89981
vt 0.77715 0.89519
vt 0.48212 0.40277
vt 0.77496 0.89921
vt 0.48156 0.37413
vt 0.40453 0.82157
vt 0.40466 0.81417
vt 0.39859 0.81854
vt 0.39862 0.81218
vt 0.48065 0.24652
vt 0.40589 0.80599
vt 0.39943 0.80278
vt 0.48258 0.24177
vt 0.48443 0.2288
vt 0.40672 0.79755
vt 0.39956 0.7933
vt 0.48625 0.21461
vt 0.45742 0.73876
vt 0.45716 0.76057
vt 0.89499 0.0982
vt 0.89386 0.13511
vt 0.89253 0.12085
vt 0.45499 0.83497
vt 0.89522 0.15731
vt 0.89681 0.16876
vt 0.89349 0.1653
vt 0.4569 0.87788
vt 0.45721 0.89021
vt 0.14068 0.50302
vt 0.12662 0.51827
vt 0.11332 0.5327
vt 0.10317 0.54269
vt 0.07916 0.56713
vt 0.07129 0.5748
vt 0.06724 0.57867
vt 0.05084 0.59371
vt 0.8602 0.87543
vt 0.84612 0.87461
vt 0.84284 0.8716
vt 0.37894 0.70131
vt 0.38221 0.71196
vt 0.85479 0.88555
vt 0.84915 0.89228
vt 0.96483 0.97928
vt 0.9646 0.98361
vt 0.9612 0.98231
vt 0.82088 0.89643
vt 0.48187 0.43555
vt 0.7945 0.89555
vt 0.48202 0.41313
vt 0.48199 0.38869
vt 0.04303 0.34155
vt 0.04305 0.34739
vt 0.48151 0.37915
vt 0.48187 0.36537
vt 0.78558 0.98129
vt 0.76307 0.98044
vt 0.75809 0.98206
vt 0.74709 0.98192
vt 0.47951 0.2627
vt 0.48173 0.27051
vt 0.40802 0.78743
vt 0.40052 0.78742
vt 0.4082 0.78071
vt 0.40425 0.77719
vt 0.40801 0.77037
vt 0.45498 0.79138
vt 0.45233 0.81707
vt 0.45348 0.8529
vt 0.45471 0.86229
vt 0.45533 0.87141
vt 0.45514 0.88427
vt 0.45388 0.90169
vt 0.45645 0.90319
vt 0.1859 0.44758
vt 0.16486 0.47574
vt 0.15569 0.48558
vt 0.14762 0.496
vt 0.13448 0.51046
vt 0.12093 0.52479
vt 0.0969 0.54948
vt 0.08698 0.55921
vt 0.06154 0.5842
vt 0.05499 0.59067
vt 0.04853 0.59753
vt 0.04623 0.6004
vt 0.86979 0.88133
vt 0.86793 0.87432
vt 0.87945 0.87624
vt 0.37024 0.67688
vt 0.37446 0.68362
vt 0.37339 0.68836
vt 0.87579 0.88797
vt 0.86547 0.88629
vt 0.86339 0.897
vt 0.97002 0.98029
vt 0.84926 0.89811
vt 0.83493 0.89447
vt 0.47956 0.44943
vt 0.47885 0.45448
vt 0.80413 0.89802
vt 0.89398 0.99627
vt 0.91407 0.99504
vt 0.91147 0.99957
vt 0.85988 0.99015
vt 0.87423 0.99118
vt 0.86752 0.99814
vt 0.77701 0.9015
vt 0.84972 0.99081
vt 0.86113 0.99809
vt 0.83946 0.99024
vt 0.85009 0.99852
vt 0.78357 0.99035
vt 0.79313 0.99045
vt 0.80489 0.99071
vt 0.80283 0.99872
vt 0.72738 0.99704
vt 0.73341 0.99108
vt 0.73636 0.9996
vt 0.7089 0.99867
vt 0.70627 0.99289
vt 0.4783 0.22729
vt 0.47657 0.23828
vt 0.47785 0.22154
vt 0.48363 0.21633
vt 0.41239 0.77128
vt 0.45324 0.73823
vt 0.45139 0.77796
vt 0.44834 0.84571
vt 0.45077 0.87934
vt 0.45076 0.89316
vt 0.1844 0.45403
vt 0.17694 0.4641
vt 0.92107 0.76541
vt 0.92569 0.75063
vt 0.92205 0.74961
vt 0.92345 0.73378
vt 0.92595 0.72706
vt 0.92322 0.72159
vt 0.92835 0.57144
vt 0.93089 0.56891
vt 0.92902 0.55808
vt 0.05199 0.59454
vt 0.04843 0.5991
vt 0.88748 0.87874
vt 0.88574 0.87589
vt 0.36345 0.65982
vt 0.36686 0.6653
vt 0.36655 0.66969
vt 0.88258 0.88907
vt 0.89599 0.89056
vt 0.87477 0.89793
vt 0.87224 0.89995
vt 0.79684 0.90294
vt 0.05226 0.35354
vt 0.04396 0.35871
vt 0.78375 0.90809
vt 0.05222 0.34736
vt 0.77651 0.90734
vt 0.04747 0.33467
vt 0.05135 0.33824
vt 0.41046 0.8209
vt 0.4122 0.81376
vt 0.41764 0.79631
vt 0.41493 0.78972
vt 0.44883 0.82127
vt 0.44881 0.83558
vt 0.44777 0.85277
vt 0.44778 0.85727
vt 0.44771 0.86222
vt 0.44926 0.88866
vt 0.1891 0.45229
vt 0.91783 0.79832
vt 0.92218 0.79229
vt 0.92067 0.78469
vt 0.92367 0.76723
vt 0.92733 0.69341
vt 0.9327 0.67253
vt 0.92717 0.67702
vt 0.92838 0.64342
vt 0.93319 0.63255
vt 0.92907 0.62717
vt 0.94404 0.52634
vt 0.94165 0.53084
vt 0.94486 0.53358
vt 0.05371 0.59457
vt 0.05307 0.59673
vt 0.05082 0.5985
vt 0.89422 0.87912
vt 0.90173 0.88529
vt 0.89419 0.90022
vt 0.87476 0.90514
vt 0.85717 0.90408
vt 0.82524 0.90148
vt 0.05084 0.33354
vt 0.40484 0.83101
vt 0.41229 0.83233
vt 0.41326 0.82762
vt 0.97675 0.94664
vt 0.98248 0.94543
vt 0.97606 0.94401
vt 0.41503 0.8081
vt 0.41894 0.77918
vt 0.4214 0.74743
vt 0.4185 0.72928
vt 0.42221 0.73189
vt 0.42201 0.68669
vt 0.42595 0.6947
vt 0.4264 0.68261
vt 0.82779 0.58558
vt 0.83489 0.56068
vt 0.8318 0.56327
vt 0.84165 0.56466
vt 0.44729 0.86772
vt 0.44708 0.87587
vt 0.84332 0.55663
vt 0.4437 0.89474
vt 0.44797 0.90241
vt 0.83726 0.54236
vt 0.8335 0.53966
vt 0.1879 0.45621
vt 0.83459 0.53332
vt 0.84395 0.53691
vt 0.83997 0.52823
vt 0.83075 0.52623
vt 0.9384 0.53272
vt 0.93641 0.52901
vt 0.93458 0.53356
vt 0.90307 0.88069
vt 0.90868 0.89049
vt 0.90938 0.89438
vt 0.906 0.89699
vt 0.88924 0.90716
vt 0.83671 0.90482
vt 0.84978 0.19929
vt 0.82992 0.20438
vt 0.84989 0.20689
vt 0.85728 0.20255
vt 0.79063 0.90907
vt 0.77732 0.91344
vt 0.87682 0.20308
vt 0.87821 0.20047
vt 0.8772 0.19723
vt 0.41578 0.82099
vt 0.47407 0.23706
vt 0.47236 0.23956
vt 0.4186 0.78967
vt 0.41999 0.76829
vt 0.82056 0.63734
vt 0.82794 0.59696
vt 0.81566 0.64391
vt 0.81554 0.62648
vt 0.81134 0.62758
vt 0.81495 0.61422
vt 0.81353 0.61628
vt 0.82913 0.61175
vt 0.82723 0.63539
vt 0.83576 0.60995
vt 0.82461 0.59011
vt 0.81687 0.60163
vt 0.81604 0.60163
vt 0.83996 0.59272
vt 0.83535 0.59292
vt 0.81738 0.59122
vt 0.81962 0.5905
vt 0.82325 0.57432
vt 0.44638 0.8545
vt 0.84712 0.56607
vt 0.82577 0.56424
vt 0.44305 0.87798
vt 0.44298 0.88651
vt 0.84795 0.55672
vt 0.44322 0.89877
vt 0.44403 0.90357
vt 0.92453 0.79705
vt 0.92478 0.79927
vt 0.92812 0.79573
vt 0.19122 0.45609
vt 0.1901 0.46002
vt 0.18742 0.4607
vt 0.82946 0.54221
vt 0.84626 0.54762
vt 0.85243 0.53999
vt 0.82955 0.53241
vt 0.84827 0.52907
vt 0.82472 0.52414
vt 0.82554 0.51898
vt 0.83224 0.51788
vt 0.82199 0.51538
vt 0.81799 0.51587
vt 0.81215 0.50882
vt 0.81628 0.51054
vt 0.81173 0.50592
vt 0.93743 0.52362
vt 0.92731 0.52832
vt 0.92613 0.52382
vt 0.92298 0.52783
vt 0.92314 0.52415
vt 0.9117 0.88849
vt 0.90418 0.90209
vt 0.81897 0.208
vt 0.83488 0.21435
vt 0.85879 0.20871
vt 0.8644 0.20537
vt 0.87234 0.20552
vt 0.86934 0.2013
vt 0.46964 0.22451
vt 0.46962 0.22683
vt 0.47324 0.23262
vt 0.80041 0.6771
vt 0.80422 0.66531
vt 0.80382 0.66238
vt 0.81997 0.67172
vt 0.81107 0.67261
vt 0.80682 0.67011
vt 0.8299 0.63929
vt 0.83534 0.62366
vt 0.84091 0.60462
vt 0.84392 0.58947
vt 0.8181 0.58154
vt 0.81703 0.58395
vt 0.05724 0.43992
vt 0.81568 0.58223
vt 0.47157 0.81796
vt 0.47236 0.80258
vt 0.47174 0.8474
vt 0.82098 0.56901
vt 0.44548 0.86119
vt 0.44253 0.86464
vt 0.44355 0.87274
vt 0.4422 0.87483
vt 0.85073 0.56075
vt 0.46344 0.92393
vt 0.46067 0.95188
vt 0.46512 0.94167
vt 0.193 0.46698
vt 0.18615 0.46522
vt 0.85237 0.54929
vt 0.46652 0.95293
vt 0.46172 0.96147
vt 0.82161 0.52957
vt 0.81912 0.52307
vt 0.81062 0.51474
vt 0.84244 0.51986
vt 0.83196 0.50928
vt 0.80575 0.5055
vt 0.80403 0.50342
vt 0.82258 0.50432
vt 0.93279 0.52338
vt 0.9281 0.52292
vt 0.34846 0.637
vt 0.35608 0.64301
vt 0.35266 0.64542
vt 0.91267 0.88038
vt 0.91685 0.89825
vt 0.91355 0.90296
vt 0.90293 0.90967
vt 0.8844 0.58149
vt 0.9008 0.57782
vt 0.89554 0.57047
vt 0.9103 0.55889
vt 0.92874 0.54743
vt 0.82466 0.2153
vt 0.84377 0.21331
vt 0.85229 0.21209
vt 0.059 0.33162
vt 0.88049 0.20824
vt 0.46222 0.23405
vt 0.41901 0.80751
vt 0.41964 0.80402
vt 0.7842 0.7215
vt 0.78125 0.72881
vt 0.78706 0.72138
vt 0.79259 0.70712
vt 0.79208 0.71209
vt 0.79665 0.69714
vt 0.79573 0.69686
vt 0.80128 0.70297
vt 0.8107 0.69264
vt 0.81432 0.70003
vt 0.82318 0.67472
vt 0.82663 0.66649
vt 0.83535 0.63233
vt 0.47435 0.77455
vt 0.4768 0.77244
vt 0.47652 0.81423
vt 0.43877 0.86582
vt 0.4383 0.8776
vt 0.47554 0.84784
vt 0.44018 0.88608
vt 0.47206 0.85902
vt 0.47667 0.86783
vt 0.47204 0.86854
vt 0.46888 0.95961
vt 0.85473 0.53159
vt 0.84971 0.52141
vt 0.80351 0.50926
vt 0.84388 0.51173
vt 0.30958 0.937
vt 0.30227 0.93588
vt 0.3057 0.92926
vt 0.91853 0.89012
vt 0.92151 0.89388
vt 0.91541 0.91051
vt 0.78222 0.21745
vt 0.80854 0.21686
vt 0.86018 0.21118
vt 0.87121 0.20988
vt 0.87832 0.20845
vt 0.06126 0.33741
vt 0.42078 0.82906
vt 0.42212 0.82095
vt 0.46054 0.23834
vt 0.80234 0.73758
vt 0.79922 0.71772
vt 0.79694 0.73249
vt 0.80708 0.71592
vt 0.80974 0.72441
vt 0.79109 0.72899
vt 0.78852 0.71656
vt 0.81411 0.72091
vt 0.8187 0.70093
vt 0.8243 0.68375
vt 0.47723 0.72225
vt 0.47668 0.74832
vt 0.47491 0.73946
vt 0.44005 0.86399
vt 0.43322 0.86952
vt 0.48054 0.84528
vt 0.4339 0.89466
vt 0.48144 0.86102
vt 0.48196 0.86801
vt 0.47034 0.95228
vt 0.47535 0.87688
vt 0.79954 0.50314
vt 0.30106 0.92851
vt 0.83798 0.49926
vt 0.30668 0.9485
vt 0.29787 0.94481
vt 0.92734 0.90329
vt 0.92014 0.90676
vt 0.87501 0.59292
vt 0.8831 0.59581
vt 0.7789 0.22111
vt 0.79149 0.21908
vt 0.79642 0.74767
vt 0.78912 0.74639
vt 0.78468 0.73724
vt 0.78136 0.74554
vt 0.802 0.74379
vt 0.42208 0.8178
vt 0.41714 0.81751
vt 0.81047 0.73771
vt 0.77923 0.73334
vt 0.77842 0.73059
vt 0.77539 0.73289
vt 0.46112 0.2267
vt 0.78315 0.73021
vt 0.816 0.72391
vt 0.48054 0.68145
vt 0.47651 0.70423
vt 0.48123 0.73309
vt 0.48198 0.78017
vt 0.48102 0.80393
vt 0.46604 0.93499
vt 0.47248 0.9421
vt 0.47409 0.92587
vt 0.43316 0.88643
vt 0.2155 0.46582
vt 0.48198 0.87643
vt 0.4822 0.88465
vt 0.48034 0.88679
vt 0.85709 0.52122
vt 0.85412 0.51286
vt 0.8502 0.50979
vt 0.30339 0.92495
vt 0.29983 0.92194
vt 0.29058 0.93699
vt 0.84544 0.502
vt 0.2978 0.96351
vt 0.29942 0.95445
vt 0.93165 0.89509
vt 0.91336 0.91216
vt 0.86914 0.60252
vt 0.8999 0.58308
vt 0.82779 0.22354
vt 0.84252 0.22298
vt 0.86128 0.2152
vt 0.06446 0.33413
vt 0.78742 0.76023
vt 0.80523 0.74618
vt 0.77693 0.75649
vt 0.77616 0.75165
vt 0.77187 0.74061
vt 0.4264 0.82806
vt 0.77885 0.73637
vt 0.80909 0.74852
vt 0.48031 0.66643
vt 0.48442 0.65622
vt 0.48378 0.66385
vt 0.46121 0.22339
vt 0.48351 0.69436
vt 0.48458 0.73544
vt 0.48361 0.84515
vt 0.89877 0.02168
vt 0.89759 0.02815
vt 0.43243 0.86605
vt 0.21694 0.46909
vt 0.89017 0.59428
vt 0.7981 0.22824
vt 0.86412 0.21938
vt 0.87504 0.21584
vt 0.88137 0.21529
vt 0.06638 0.33208
vt 0.78835 0.76853
vt 0.78415 0.76783
vt 0.77684 0.76582
vt 0.7722 0.75926
vt 0.79729 0.7617
vt 0.76648 0.74447
vt 0.80619 0.75278
vt 0.76051 0.74264
vt 0.76562 0.73864
vt 0.76491 0.73565
vt 0.76793 0.7349
vt 0.76811 0.73868
vt 0.49065 0.66626
vt 0.48932 0.67873
vt 0.86943 0.04845
vt 0.86614 0.04953
vt 0.86811 0.04061
vt 0.48552 0.81446
vt 0.41562 0.90106
vt 0.42378 0.90395
vt 0.21867 0.47353
vt 0.48823 0.86793
vt 0.48838 0.87784
vt 0.2908 0.92213
vt 0.29373 0.91763
vt 0.28765 0.95155
vt 0.28781 0.94491
vt 0.28704 0.95933
vt 0.92935 0.91344
vt 0.92232 0.91325
vt 0.87099 0.61182
vt 0.3588 0.71159
vt 0.36395 0.72772
vt 0.35415 0.72044
vt 0.88234 0.60401
vt 0.36641 0.73737
vt 0.36906 0.7475
vt 0.36294 0.75059
vt 0.37059 0.75621
vt 0.36523 0.75894
vt 0.37259 0.7599
vt 0.37049 0.7646
vt 0.78174 0.22859
vt 0.80683 0.22738
vt 0.85584 0.22215
vt 0.78318 0.77885
vt 0.77998 0.78251
vt 0.7765 0.78275
vt 0.77281 0.78071
vt 0.7697 0.77068
vt 0.76712 0.75828
vt 0.7644 0.75032
vt 0.61332 0.28259
vt 0.61473 0.28768
vt 0.6183 0.28475
vt 0.76348 0.74252
vt 0.86443 0.03521
vt 0.86217 0.05018
vt 0.4869 0.71031
vt 0.42208 0.87254
vt 0.48893 0.88519
vt 0.49002 0.89352
vt 0.2897 0.93015
vt 0.85589 0.50156
vt 0.85065 0.49763
vt 0.29791 0.97211
vt 0.29155 0.97564
vt 0.28829 0.96846
vt 0.935 0.88612
vt 0.92624 0.88461
vt 0.93571 0.89214
vt 0.93946 0.89767
vt 0.93609 0.90734
vt 0.86441 0.61049
vt 0.35972 0.74026
vt 0.76571 0.22505
vt 0.8523 0.84625
vt 0.85709 0.84292
vt 0.84488 0.8401
vt 0.85085 0.83778
vt 0.84051 0.83522
vt 0.84773 0.83108
vt 0.8456 0.83342
vt 0.82469 0.22608
vt 0.84774 0.22413
vt 0.78726 0.78734
vt 0.78381 0.78978
vt 0.78696 0.77928
vt 0.79216 0.77184
vt 0.80334 0.76414
vt 0.48446 0.65102
vt 0.48891 0.64006
vt 0.76157 0.74701
vt 0.49369 0.6507
vt 0.44522 0.2225
vt 0.49781 0.75605
vt 0.86554 0.16568
vt 0.86479 0.17397
vt 0.86262 0.16324
vt 0.42258 0.88503
vt 0.48567 0.94468
vt 0.28773 0.9149
vt 0.4809 0.89589
vt 0.48968 0.89977
vt 0.48817 0.90512
vt 0.35512 0.73367
vt 0.75478 0.22904
vt 0.7703 0.23331
vt 0.84295 0.84285
vt 0.82711 0.83394
vt 0.82435 0.82847
vt 0.83892 0.83162
vt 0.82147 0.82378
vt 0.80953 0.81915
vt 0.80853 0.82175
vt 0.84617 0.82879
vt 0.84002 0.82737
vt 0.82633 0.81991
vt 0.80992 0.81447
vt 0.79062 0.80923
vt 0.79721 0.80788
vt 0.81399 0.81181
vt 0.79087 0.80428
vt 0.79894 0.80368
vt 0.78144 0.79899
vt 0.81987 0.81057
vt 0.80448 0.80455
vt 0.78957 0.79543
vt 0.7855 0.79727
vt 0.79566 0.79764
vt 0.55775 0.48261
vt 0.56099 0.48001
vt 0.56864 0.48218
vt 0.86663 0.22167
vt 0.79102 0.79195
vt 0.77436 0.78984
vt 0.76912 0.78386
vt 0.87283 0.22841
vt 0.88072 0.21896
vt 0.49316 0.61471
vt 0.49163 0.62061
vt 0.48455 0.61884
vt 0.79396 0.78617
vt 0.88299 0.2216
vt 0.07221 0.33582
vt 0.48974 0.62628
vt 0.79534 0.77538
vt 0.97465 0.40544
vt 0.98716 0.40672
vt 0.97341 0.39875
vt 0.98855 0.40113
vt 0.79994 0.77501
vt 0.99553 0.40589
vt 0.99961 0.40415
vt 0.99635 0.39949
vt 0.49792 0.64032
vt 0.44425 0.23299
vt 0.49754 0.78233
vt 0.90331 0.01214
vt 0.42246 0.86438
vt 0.41617 0.86839
vt 0.49671 0.86903
vt 0.17572 0.27831
vt 0.18315 0.27418
vt 0.18382 0.27884
vt 0.28083 0.94207
vt 0.28242 0.973
vt 0.85212 0.62789
vt 0.86072 0.61668
vt 0.85216 0.62006
vt 0.36005 0.76791
vt 0.36405 0.76944
vt 0.36288 0.78446
vt 0.36686 0.78814
vt 0.36612 0.79481
vt 0.811 0.82819
vt 0.80026 0.82019
vt 0.7856 0.23155
vt 0.78739 0.8105
vt 0.81909 0.23298
vt 0.50974 0.48261
vt 0.51099 0.47555
vt 0.51487 0.47959
vt 0.84267 0.82419
vt 0.07145 0.36844
vt 0.07184 0.36531
vt 0.07524 0.36265
vt 0.83108 0.81865
vt 0.7805 0.80364
vt 0.84498 0.23454
vt 0.7766 0.79833
vt 0.54156 0.47935
vt 0.77339 0.79388
vt 0.86405 0.23783
vt 0.56575 0.47665
vt 0.86545 0.23161
vt 0.57569 0.48121
vt 0.57356 0.47514
vt 0.57907 0.47486
vt 0.58139 0.48131
vt 0.87569 0.23099
vt 0.44114 0.22285
vt 0.49531 0.66388
vt 0.49859 0.70956
vt 0.90523 0.01475
vt 0.4994 0.85197
vt 0.34154 0.83597
vt 0.30776 0.83435
vt 0.33565 0.83378
vt 0.49806 0.87624
vt 0.49652 0.88525
vt 0.28294 0.91723
vt 0.28255 0.9276
vt 0.27929 0.9352
vt 0.49731 0.9049
vt 0.27837 0.95268
vt 0.94141 0.88561
vt 0.94604 0.89975
vt 0.84211 0.62766
vt 0.86055 0.62625
vt 0.86528 0.62339
vt 0.8736 0.61956
vt 0.75582 0.23753
vt 0.36398 0.79601
vt 0.80824 0.23845
vt 0.36929 0.82704
vt 0.37329 0.83553
vt 0.36796 0.8332
vt 0.52006 0.47583
vt 0.52776 0.48047
vt 0.52212 0.4709
vt 0.5504 0.47657
vt 0.49786 0.62225
vt 0.5 0.63145
vt 0.5002 0.64285
vt 0.49894 0.65697
vt 0.50055 0.67248
vt 0.49055 0.91606
vt 0.48718 0.91394
vt 0.90429 0.01061
vt 0.41381 0.88296
vt 0.41075 0.89263
vt 0.27956 0.91121
vt 0.28612 0.91284
vt 0.49817 0.89515
vt 0.28394 0.98696
vt 0.28108 0.98
vt 0.29239 0.98265
vt 0.28071 0.96591
vt 0.74054 0.23795
vt 0.79303 0.24103
vt 0.51636 0.47212
vt 0.5288 0.46689
vt 0.53985 0.46971
vt 0.55146 0.46979
vt 0.56392 0.47243
vt 0.57122 0.4703
vt 0.95193 0.39907
vt 0.96282 0.39962
vt 0.95787 0.39088
vt 0.57546 0.46938
vt 0.49963 0.61468
vt 0.49309 0.62937
vt 0.50148 0.64937
vt 0.43117 0.23476
vt 0.51274 0.82416
vt 0.48974 0.91805
vt 0.89981 0.00508
vt 0.94602 0.88524
vt 0.94884 0.89344
vt 0.8427 0.63418
vt 0.83038 0.23787
vt 0.51168 0.47048
vt 0.51887 0.46632
vt 0.07615 0.34987
vt 0.08319 0.35039
vt 0.07839 0.35878
vt 0.56413 0.46822
vt 0.08151 0.34596
vt 0.88268 0.23505
vt 0.88523 0.23071
vt 0.88518 0.22724
vt 0.88894 0.23348
vt 0.07595 0.34091
vt 0.07517 0.34337
vt 0.49545 0.91828
vt 0.27375 0.925
vt 0.27478 0.97782
vt 0.85275 0.63617
vt 0.87286 0.62646
vt 0.77072 0.24106
vt 0.85611 0.23784
vt 0.51617 0.46557
vt 0.52225 0.46421
vt 0.53724 0.46555
vt 0.54963 0.46631
vt 0.56766 0.46646
vt 0.57363 0.46554
vt 0.50372 0.61362
vt 0.51195 0.63986
vt 0.5143 0.65777
vt 0.90417 0.00489
vt 0.41208 0.87139
vt 0.37477 0.89478
vt 0.51547 0.86896
vt 0.51026 0.88514
vt 0.27231 0.91349
vt 0.50855 0.89627
vt 0.27367 0.98319
vt 0.27284 0.96956
vt 0.2725 0.9607
vt 0.27226 0.95349
vt 0.84629 0.64072
vt 0.86053 0.63475
vt 0.86695 0.631
vt 0.73715 0.24361
vt 0.74413 0.24838
vt 0.84186 0.24407
vt 0.53014 0.46364
vt 0.87987 0.2427
vt 0.08451 0.35628
vt 0.08928 0.35115
vt 0.89027 0.24334
vt 0.55854 0.46509
vt 0.89085 0.23744
vt 0.89201 0.23408
vt 0.89286 0.23776
vt 0.89644 0.23828
vt 0.1902 0.09934
vt 0.19286 0.09779
vt 0.19572 0.10158
vt 0.5058 0.61705
vt 0.50542 0.62123
vt 0.50843 0.6304
vt 0.44135 0.22037
vt 0.90311 0.00198
vt 0.90086 0.00205
vt 0.41328 0.86746
vt 0.37441 0.89843
vt 0.51195 0.89234
vt 0.27254 0.93762
vt 0.50813 0.90505
vt 0.50583 0.91093
vt 0.27235 0.94505
vt 0.84003 0.64076
vt 0.87324 0.24243
vt 0.1456 0.10158
vt 0.14786 0.09909
vt 0.15327 0.09977
vt 0.54331 0.46367
vt 0.09073 0.35758
vt 0.18125 0.09759
vt 0.18324 0.09521
vt 0.89637 0.24272
vt 0.50701 0.61176
vt 0.51117 0.6179
vt 0.51439 0.63381
vt 0.51053 0.64788
vt 0.4365 0.22685
vt 0.52194 0.68355
vt 0.51858 0.74394
vt 0.52434 0.77752
vt 0.52951 0.8163
vt 0.40905 0.87677
vt 0.4028 0.88422
vt 0.27075 0.90913
vt 0.27847 0.90877
vt 0.30641 0.60918
vt 0.30648 0.60178
vt 0.32168 0.60758
vt 0.85214 0.64106
vt 0.85935 0.64388
vt 0.87443 0.63563
vt 0.73555 0.25257
vt 0.78201 0.2547
vt 0.80648 0.24936
vt 0.90376 0.2436
vt 0.90546 0.2406
vt 0.90231 0.23543
vt 0.20187 0.09031
vt 0.20032 0.09716
vt 0.19856 0.09485
vt 0.90218 0.24536
vt 0.50785 0.60845
vt 0.51036 0.61
vt 0.5095 0.61611
vt 0.52124 0.7061
vt 0.39471 0.90286
vt 0.251 0.47936
vt 0.25131 0.48552
vt 0.26214 0.93804
vt 0.26382 0.97943
vt 0.26188 0.9594
vt 0.74436 0.25633
vt 0.51748 0.85216
vt 0.40433 0.87936
vt 0.23228 0.48494
vt 0.25813 0.48534
vt 0.26477 0.92127
vt 0.26343 0.94721
vt 0.26254 0.97019
vt 0.86118 0.25605
vt 0.88591 0.25167
vt 0.33181 0.79853
vt 0.32799 0.8037
vt 0.32965 0.79797
vt 0.90876 0.24644
vt 0.90656 0.25075
vt 0.2558 0.15063
vt 0.25873 0.151
vt 0.25554 0.15613
vt 0.51866 0.62226
vt 0.43173 0.21942
vt 0.39011 0.88809
vt 0.84093 0.65183
vt 0.84828 0.65229
vt 0.85282 0.6531
vt 0.8706 0.64671
vt 0.80334 0.26078
vt 0.83595 0.25752
vt 0.32283 0.80449
vt 0.90558 0.25149
vt 0.5248 0.62653
vt 0.97693 0.91689
vt 0.9772 0.88517
vt 0.97457 0.9011
vt 0.39675 0.8813
vt 0.53153 0.90204
vt 0.83762 0.65296
vt 0.74444 0.26086
vt 0.32355 0.79864
vt 0.31726 0.80328
vt 0.91224 0.25795
vt 0.42094 0.22989
vt 0.4236 0.22053
vt 0.52371 0.66022
vt 0.29564 0.60825
vt 0.72861 0.26193
vt 0.73476 0.26404
vt 0.76648 0.26104
vt 0.78161 0.25989
vt 0.81945 0.25801
vt 0.31724 0.80922
vt 0.32131 0.80903
vt 0.52415 0.61278
vt 0.52741 0.63923
vt 0.52318 0.6469
vt 0.52712 0.72086
vt 0.22612 0.90846
vt 0.25569 0.90523
vt 0.22807 0.93622
vt 0.53045 0.91095
vt 0.5147 0.9156
vt 0.24595 0.95271
vt 0.25109 0.94782
vt 0.30324 0.61191
vt 0.84494 0.65956
vt 0.85988 0.65302
vt 0.30497 0.69415
vt 0.32027 0.69976
vt 0.30452 0.70581
vt 0.91247 0.26181
vt 0.25856 0.1463
vt 0.27331 0.14565
vt 0.53326 0.61873
vt 0.53066 0.63016
vt 0.53819 0.85715
vt 0.83807 0.66403
vt 0.7295 0.26737
vt 0.8707 0.26612
vt 0.89881 0.26077
vt 0.26768 0.14493
vt 0.8172 0.91713
vt 0.43049 0.90949
vt 0.5482 0.86924
vt 0.55275 0.87742
vt 0.54695 0.89216
vt 0.21687 0.92337
vt 0.29055 0.59723
vt 0.30128 0.59848
vt 0.85141 0.6685
vt 0.31596 0.74801
vt 0.31025 0.77348
vt 0.30461 0.74499
vt 0.8229 0.26723
vt 0.31245 0.80506
vt 0.30971 0.81309
vt 0.54346 0.78429
vt 0.38308 0.88409
vt 0.55694 0.90518
vt 0.29284 0.61219
vt 0.28592 0.60911
vt 0.85835 0.67326
vt 0.84866 0.26891
vt 0.89418 0.2715
vt 0.91786 0.26783
vt 0.91929 0.26108
vt 0.54363 0.64462
vt 0.40147 0.23201
vt 0.39601 0.21706
vt 0.54361 0.66763
vt 0.36524 0.89975
vt 0.23657 0.91486
vt 0.24365 0.97395
vt 0.23822 0.97013
vt 0.86468 0.66806
vt 0.87329 0.66456
vt 0.72708 0.27991
vt 0.75192 0.28573
vt 0.53851 0.60439
vt 0.4013 0.23453
vt 0.39204 0.23609
vt 0.43913 0.23772
vt 0.39426 0.22703
vt 0.53857 0.67876
vt 0.54549 0.70249
vt 0.53981 0.72493
vt 0.82026 0.92944
vt 0.82256 0.92962
vt 0.3794 0.88229
vt 0.56034 0.89657
vt 0.86131 0.66916
vt 0.73754 0.2877
vt 0.7837 0.28422
vt 0.80853 0.28088
vt 0.91717 0.27084
vt 0.28414 0.14441
vt 0.28389 0.15195
vt 0.25832 0.15504
vt 0.54393 0.62405
vt 0.55068 0.63707
vt 0.55624 0.64854
vt 0.54582 0.69222
vt 0.53872 0.74706
vt 0.54929 0.76441
vt 0.28845 0.49957
vt 0.55024 0.88561
vt 0.85973 0.28224
vt 0.90815 0.27412
vt 0.5383 0.61276
vt 0.37679 0.88816
vt 0.28291 0.50439
vt 0.28834 0.61397
vt 0.27512 0.6124
vt 0.84656 0.67352
vt 0.87815 0.27981
vt 0.55325 0.63052
vt 0.39743 0.21892
vt 0.81547 0.93133
vt 0.81782 0.93145
vt 0.28829 0.49025
vt 0.3262 0.50766
vt 0.21035 0.98031
vt 0.21625 0.96087
vt 0.20531 0.95862
vt 0.27815 0.60733
vt 0.84321 0.6788
vt 0.72797 0.29289
vt 0.92037 0.27594
vt 0.55481 0.62178
vt 0.83814 0.67526
vt 0.84763 0.28801
vt 0.5681 0.91581
vt 0.82816 0.28952
vt 0.92758 0.28244
vt 0.92607 0.27566
vt 0.92138 0.28172
vt 0.38166 0.22853
vt 0.54558 0.85092
vt 0.81852 0.94413
vt 0.36574 0.88606
vt 0.85385 0.68326
vt 0.81406 0.29701
vt 0.88831 0.28776
vt 0.92874 0.27901
vt 0.91496 0.28868
vt 0.5541 0.60356
vt 0.55319 0.60863
vt 0.5547 0.6149
vt 0.96981 0.35374
vt 0.96775 0.33318
vt 0.96387 0.34712
vt 0.56472 0.80236
vt 0.55769 0.82108
vt 0.84043 0.69363
vt 0.84887 0.68563
vt 0.92334 0.28638
vt 0.55831 0.69037
vt 0.55427 0.72187
vt 0.56533 0.7411
vt 0.82167 0.94278
vt 0.36644 0.8827
vt 0.56893 0.91104
vt 0.26129 0.5987
vt 0.27944 0.59766
vt 0.78055 0.29792
vt 0.88001 0.29593
vt 0.56944 0.6581
vt 0.80022 0.03545
vt 0.8043 0.06582
vt 0.79154 0.0611
vt 0.55803 0.94279
vt 0.5468 0.93742
vt 0.53308 0.93681
vt 0.2178 0.94746
vt 0.87892 0.6987
vt 0.56453 0.62366
vt 0.58865 0.86978
vt 0.18944 0.96995
vt 0.86425 0.69682
vt 0.74515 0.3094
vt 0.92399 0.29512
vt 0.38795 0.21747
vt 0.56628 0.70449
vt 0.3506 0.88422
vt 0.56756 0.85447
vt 0.2104 0.91492
vt 0.19784 0.94088
vt 0.72638 0.31443
vt 0.76001 0.31864
vt 0.79495 0.30453
vt 0.90365 0.29846
vt 0.03073 0.8172
vt 0.0283 0.81357
vt 0.02694 0.82962
vt 0.03154 0.82598
vt 0.56697 0.63401
vt 0.58424 0.63835
vt 0.81969 0.95896
vt 0.82261 0.95886
vt 0.34069 0.89282
vt 0.73762 0.31478
vt 0.78367 0.31293
vt 0.02422 0.82397
vt 0.18643 0.972
vt 0.87145 0.70179
vt 0.82955 0.30908
vt 0.36165 0.23178
vt 0.57276 0.83976
vt 0.81587 0.94533
vt 0.85861 0.71318
vt 0.81584 0.96487
vt 0.34405 0.88778
vt 0.17678 0.93679
vt 0.84767 0.30661
vt 0.90632 0.31123
vt 0.91742 0.30815
vt 0.92449 0.30473
vt 0.79673 0.02357
vt 0.76818 0.02426
vt 0.7887 0.02253
vt 0.57462 0.67351
vt 0.58516 0.77753
vt 0.58404 0.89228
vt 0.84767 0.72396
vt 0.86523 0.71308
vt 0.80775 0.31114
vt 0.87095 0.30597
vt 0.88885 0.30633
vt 0.03014 0.80757
vt 0.57606 0.68829
vt 0.57422 0.72679
vt 0.31704 0.13708
vt 0.31702 0.14468
vt 0.29804 0.14086
vt 0.02806 0.79844
vt 0.81933 0.96607
vt 0.33543 0.89646
vt 0.34482 0.52279
vt 0.33576 0.51373
vt 0.34375 0.5195
vt 0.6061 0.90531
vt 0.86115 0.7168
vt 0.58655 0.62096
vt 0.36245 0.21963
vt 0.82111 0.96585
vt 0.8236 0.96544
vt 0.34408 0.8839
vt 0.18434 0.94809
vt 0.85315 0.71838
vt 0.86235 0.32193
vt 0.35754 0.22496
vt 0.36024 0.22841
vt 0.7658 0.02295
vt 0.8177 0.96957
vt 0.33051 0.89933
vt 0.33063 0.50628
vt 0.61063 0.88596
vt 0.18785 0.91251
vt 0.25126 0.68067
vt 0.27712 0.70909
vt 0.24824 0.71106
vt 0.58619 0.62971
vt 0.36512 0.21649
vt 0.59133 0.85428
vt 0.19252 0.90812
vt 0.7374 0.3324
vt 0.7491 0.32705
vt 0.58864 0.6142
vt 0.58947 0.66001
vt 0.35054 0.23336
vt 0.60968 0.87783
vt 0.27393 0.27573
vt 0.28637 0.27887
vt 0.27073 0.28778
vt 0.18563 0.92823
vt 0.17164 0.98064
vt 0.88356 0.7175
vt 0.77352 0.32629
vt 0.84583 0.32465
vt 0.88634 0.32441
vt 0.9163 0.32649
vt 0.34824 0.14193
vt 0.58971 0.68553
vt 0.59285 0.70551
vt 0.84583 0.73011
vt 0.80484 0.32879
vt 0.82569 0.32629
vt 0.59177 0.6054
vt 0.59154 0.72821
vt 0.59332 0.79902
vt 0.58883 0.83671
vt 0.19303 0.91798
vt 0.87699 0.76212
vt 0.87222 0.73254
vt 0.72755 0.33371
vt 0.86607 0.32741
vt 0.92571 0.32997
vt 0.92674 0.31378
vt 0.61039 0.62203
vt 0.60686 0.91581
vt 0.84537 0.33362
vt 0.6196 0.89645
vt 0.61188 0.90162
vt 0.79964 0.34845
vt 0.60683 0.65707
vt 0.2859 0.28353
vt 0.28781 0.28867
vt 0.16825 0.90444
vt 0.21584 0.90474
vt 0.91995 0.34602
vt 0.24083 0.62219
vt 0.24534 0.63181
vt 0.22131 0.62399
vt 0.85926 0.74797
vt 0.7682 0.34078
vt 0.82942 0.34051
vt 0.89828 0.34089
vt 0.34549 0.21686
vt 0.74106 0.02444
vt 0.60981 0.67131
vt 0.61219 0.72927
vt 0.60587 0.7575
vt 0.88165 0.74793
vt 0.89063 0.76097
vt 0.86991 0.33921
vt 0.61491 0.61446
vt 0.3338 0.22747
vt 0.61163 0.85632
vt 0.15199 0.94108
vt 0.15471 0.95872
vt 0.7386 0.35536
vt 0.86043 0.34626
vt 0.61113 0.62973
vt 0.60991 0.68904
vt 0.30732 0.90053
vt 0.61129 0.86922
vt 0.62689 0.91145
vt 0.23871 0.6103
vt 0.20966 0.61282
vt 0.23317 0.60546
vt 0.79635 0.36025
vt 0.81142 0.34817
vt 0.61699 0.60578
vt 0.61315 0.78057
vt 0.61291 0.83223
vt 0.35909 0.51805
vt 0.13439 0.96104
vt 0.75267 0.37302
vt 0.9276 0.34965
vt 0.61305 0.80577
vt 0.13904 0.90831
vt 0.77052 0.3553
vt 0.89581 0.34911
vt 0.90546 0.34913
vt 0.63122 0.6384
vt 0.61212 0.70646
vt 0.32235 0.28001
vt 0.83534 0.35355
vt 0.32712 0.22405
vt 0.87754 0.76118
vt 0.85685 0.35277
vt 0.64584 0.89229
vt 0.13629 0.94773
vt 0.1382 0.95333
vt 0.14285 0.97068
vt 0.90442 0.36313
vt 0.31396 0.23059
vt 0.81017 0.36548
vt 0.87446 0.36945
vt 0.62096 0.82654
vt 0.62456 0.86823
vt 0.6248 0.87727
vt 0.85805 0.76922
vt 0.6276 0.65759
vt 0.3278 0.2156
vt 0.63307 0.6765
vt 0.62609 0.72897
vt 0.2855 0.8996
vt 0.38634 0.52677
vt 0.3922 0.53218
vt 0.1366 0.93653
vt 0.86465 0.77106
vt 0.87282 0.77426
vt 0.66667 0.6213
vt 0.62812 0.75539
vt 0.62874 0.79282
vt 0.13125 0.97457
vt 0.85539 0.77239
vt 0.72625 0.3778
vt 0.72987 0.39799
vt 0.92796 0.37576
vt 0.55153 0.39946
vt 0.55183 0.3967
vt 0.54975 0.39761
vt 0.63829 0.7057
vt 0.63848 0.84717
vt 0.39399 0.53589
vt 0.76919 0.38477
vt 0.83891 0.37581
vt 0.86012 0.3706
vt 0.39088 0.13898
vt 0.36177 0.15103
vt 0.30865 0.22508
vt 0.71468 0.02657
vt 0.71364 0.02496
vt 0.63534 0.86979
vt 0.64782 0.62957
vt 0.31261 0.21457
vt 0.31078 0.22063
vt 0.64301 0.68862
vt 0.89442 0.37353
vt 0.40499 0.54333
vt 0.10138 0.98075
vt 0.81175 0.38487
vt 0.92197 0.38345
vt 0.64236 0.61466
vt 0.66108 0.62248
vt 0.6409 0.65938
vt 0.64758 0.83457
vt 0.33899 0.52587
vt 0.41489 0.55129
vt 0.41816 0.55549
vt 0.65447 0.84952
vt 0.65204 0.88534
vt 0.64742 0.80429
vt 0.13118 0.90486
vt 0.13906 0.91286
vt 0.73995 0.39992
vt 0.86719 0.38392
vt 0.02213 0.75965
vt 0.02799 0.72141
vt 0.01875 0.7346
vt 0.64614 0.60595
vt 0.65055 0.73011
vt 0.64547 0.77093
vt 0.88816 0.77784
vt 0.79306 0.38636
vt 0.82685 0.3915
vt 0.84464 0.39079
vt 0.8979 0.38377
vt 0.98188 0.77938
vt 0.97896 0.75762
vt 0.97879 0.79178
vt 0.67713 0.91543
vt 0.66843 0.86987
vt 0.6622 0.9047
vt 0.65542 0.63804
vt 0.69063 0.8772
vt 0.18275 0.61561
vt 0.18278 0.60528
vt 0.19711 0.60931
vt 0.28722 0.22821
vt 0.284 0.21207
vt 0.28876 0.21434
vt 0.65359 0.6717
vt 0.2625 0.89902
vt 0.41463 0.53661
vt 0.67147 0.8562
vt 0.75182 0.4097
vt 0.66155 0.74077
vt 0.41665 0.54241
vt 0.66983 0.89656
vt 0.86983 0.80436
vt 0.89644 0.39274
vt 0.28885 0.22537
vt 0.28884 0.22176
vt 0.66008 0.70218
vt 0.26573 0.89233
vt 0.12243 0.90863
vt 0.87216 0.80086
vt 0.88588 0.79076
vt 0.77271 0.41086
vt 0.80157 0.39446
vt 0.86358 0.39437
vt 0.92241 0.39847
vt 0.92716 0.40058
vt 0.92874 0.39088
vt 0.91895 0.03022
vt 0.92161 0.0299
vt 0.26306 0.88605
vt 0.25168 0.89464
vt 0.12066 0.91432
vt 0.896 0.78819
vt 0.39939 0.12661
vt 0.40066 0.1324
vt 0.38364 0.1294
vt 0.66561 0.61463
vt 0.09882 0.95858
vt 0.88024 0.80483
vt 0.72634 0.40555
vt 0.66881 0.64611
vt 0.66481 0.69057
vt 0.66393 0.82172
vt 0.10292 0.93967
vt 0.88786 0.80847
vt 0.9286 0.39979
vt 0.92184 0.03933
vt 0.2533 0.88647
vt 0.86357 0.80108
vt 0.89284 0.80053
vt 0.8092 0.40959
vt 0.83639 0.40888
vt 0.90335 0.40869
vt 0.6726 0.77657
vt 0.67207 0.79801
vt 0.64306 0.94233
vt 0.66757 0.93719
vt 0.64131 0.93919
vt 0.79951 0.41527
vt 0.88057 0.40467
vt 0.67717 0.65834
vt 0.97779 0.72031
vt 0.97791 0.76912
vt 0.25815 0.2202
vt 0.66941 0.72798
vt 0.91561 0.0298
vt 0.91465 0.05817
vt 0.91702 0.05688
vt 0.10183 0.91377
vt 0.10324 0.94805
vt 0.85451 0.41605
vt 0.67777 0.63057
vt 0.91932 0.05883
vt 0.44216 0.54825
vt 0.09159 0.97125
vt 0.09308 0.96144
vt 0.22903 0.89888
vt 0.23947 0.90059
vt 0.10317 0.90547
vt 0.73347 0.42868
vt 0.91844 0.41402
vt 0.92667 0.40906
vt 0.40865 0.14406
vt 0.42373 0.15493
vt 0.41097 0.15613
vt 0.68206 0.63661
vt 0.67231 0.70165
vt 0.36731 0.27823
vt 0.35687 0.28531
vt 0.69689 0.91088
vt 0.15628 0.61981
vt 0.14268 0.61275
vt 0.15359 0.60762
vt 0.03015 0.70317
vt 0.02846 0.70101
vt 0.02811 0.71248
vt 0.41052 0.13706
vt 0.42207 0.14443
vt 0.2349 0.22525
vt 0.2916 0.23193
vt 0.26018 0.21519
vt 0.68338 0.72388
vt 0.68838 0.82957
vt 0.92251 0.0678
vt 0.22458 0.88699
vt 0.86309 0.42713
vt 0.88363 0.42407
vt 0.25768 0.2115
vt 0.46028 0.56282
vt 0.37484 0.29282
vt 0.35337 0.29095
vt 0.07551 0.90966
vt 0.71954 0.89202
vt 0.0773 0.93696
vt 0.89236 0.81663
vt 0.7315 0.44317
vt 0.74106 0.42649
vt 0.77225 0.42441
vt 0.80979 0.42686
vt 0.92432 0.41829
vt 0.68901 0.67558
vt 0.49197 0.57007
vt 0.69353 0.8851
vt 0.90971 0.42536
vt 0.67833 0.61504
vt 0.68538 0.6248
vt 0.86873 0.81717
vt 0.7585 0.42543
vt 0.83707 0.42385
vt 0.69184 0.62294
vt 0.13932 0.62321
vt 0.13813 0.62106
vt 0.87563 0.81925
vt 0.88446 0.82131
vt 0.69512 0.65103
vt 0.25354 0.22311
vt 0.69258 0.74562
vt 0.69478 0.78215
vt 0.70029 0.85497
vt 0.70048 0.86908
vt 0.21112 0.89539
vt 0.12856 0.61496
vt 0.13704 0.60983
vt 0.89781 0.82449
vt 0.9011 0.8225
vt 0.90794 0.82429
vt 0.69316 0.69462
vt 0.67445 0.93547
vt 0.69126 0.93123
vt 0.67386 0.93401
vt 0.91514 0.07632
vt 0.07605 0.94873
vt 0.87995 0.82676
vt 0.91877 0.42942
vt 0.92108 0.42773
vt 0.44187 0.15011
vt 0.25309 0.20908
vt 0.07669 0.9596
vt 0.79686 0.44496
vt 0.83094 0.44002
vt 0.07127 0.92158
vt 0.07678 0.94434
vt 0.74128 0.44291
vt 0.74794 0.44436
vt 0.77652 0.44459
vt 0.70508 0.6209
vt 0.7012 0.63909
vt 0.70179 0.72064
vt 0.92099 0.0825
vt 0.7202 0.89636
vt 0.12719 0.62474
vt 0.89386 0.83156
vt 0.74089 0.45128
vt 0.8599 0.43862
vt 0.88127 0.44321
vt 0.89071 0.44468
vt 0.91356 0.44262
vt 0.425 0.13647
vt 0.45599 0.1413
vt 0.69671 0.61304
vt 0.70681 0.75014
vt 0.69665 0.93169
vt 0.07235 0.97094
vt 0.87621 0.83147
vt 0.91701 0.43742
vt 0.43627 0.13464
vt 0.70558 0.62984
vt 0.70701 0.67748
vt 0.70709 0.79193
vt 0.7242 0.90496
vt 0.88836 0.83502
vt 0.9043 0.44111
vt 0.23663 0.2196
vt 0.70804 0.70923
vt 0.91763 0.06868
vt 0.20331 0.89972
vt 0.45565 0.55062
vt 0.49435 0.56846
vt 0.38085 0.27829
vt 0.40073 0.28815
vt 0.3813 0.28671
vt 0.91755 0.09133
vt 0.06845 0.97915
vt 0.90199 0.83526
vt 0.81698 0.45256
vt 0.84908 0.44817
vt 0.54577 0.10972
vt 0.5477 0.11288
vt 0.54655 0.10343
vt 0.7141 0.62988
vt 0.98004 0.70238
vt 0.97761 0.69854
vt 0.06272 0.91426
vt 0.08132 0.98431
vt 0.05417 0.98358
vt 0.883 0.83899
vt 0.90058 0.83748
vt 0.91039 0.8383
vt 0.77032 0.45653
vt 0.80059 0.45689
vt 0.71226 0.61234
vt 0.23105 0.20726
vt 0.23227 0.2142
vt 0.20978 0.88525
vt 0.20121 0.88967
vt 0.49564 0.57989
vt 0.48663 0.56269
vt 0.49212 0.57321
vt 0.72192 0.88493
vt 0.0672 0.95913
vt 0.87797 0.83899
vt 0.83642 0.45712
vt 0.89365 0.45501
vt 0.90834 0.45282
vt 0.7242 0.66673
vt 0.72113 0.74865
vt 0.91393 0.08176
vt 0.91499 0.09344
vt 0.73256 0.45713
vt 0.90585 0.45502
vt 0.72598 0.82961
vt 0.72142 0.85538
vt 0.11682 0.61822
vt 0.10632 0.61917
vt 0.1145 0.61422
vt 0.75067 0.45911
vt 0.87345 0.45682
vt 0.71869 0.64079
vt 0.72254 0.65083
vt 0.72286 0.80375
vt 0.72249 0.86912
vt 0.72401 0.91019
vt 0.06465 0.94629
vt 0.05594 0.97072
vt 0.88066 0.84859
vt 0.88438 0.84684
vt 0.89084 0.84526
vt 0.89757 0.84406
vt 0.74096 0.46458
vt 0.45949 0.14141
vt 0.45989 0.14544
vt 0.71862 0.62033
vt 0.72318 0.71301
vt 0.72284 0.77728
vt 0.92173 0.09882
vt 0.19329 0.88549
vt 0.18922 0.89674
vt 0.06166 0.91009
vt 0.05913 0.93749
vt 0.05676 0.95385
vt 0.76914 0.46763
vt 0.9155 0.76676
vt 0.91233 0.76691
vt 0.90992 0.76403
vt 0.45622 0.13193
vt 0.45869 0.13337
vt 0.71456 0.61098
vt 0.71751 0.6168
vt 0.71513 0.61896
vt 0.21856 0.21991
vt 0.21728 0.21566
vt 0.72946 0.87653
vt 0.06205 0.92459
vt 0.90527 0.84632
vt 0.73898 0.46697
vt 0.55142 0.12321
vt 0.55128 0.12592
vt 0.55407 0.12151
vt 0.60924 0.41023
vt 0.60549 0.39705
vt 0.60623 0.41021
vt 0.60491 0.40107
vt 0.54923 0.12801
vt 0.60018 0.35714
vt 0.60395 0.35324
vt 0.59393 0.35691
vt 0.60248 0.35048
vt 0.60467 0.36243
vt 0.60795 0.36502
vt 0.6088 0.35932
vt 0.6105 0.36435
vt 0.61202 0.3613
vt 0.7178 0.61015
vt 0.71958 0.61357
vt 0.7245 0.63909
vt 0.70483 0.93304
vt 0.71176 0.92977
vt 0.70753 0.92878
vt 0.41337 0.30255
vt 0.3964 0.30023
vt 0.40532 0.29827
vt 0.05627 0.94735
vt 0.05612 0.96028
vt 0.89266 0.8505
vt 0.59361 0.55595
vt 0.59553 0.54741
vt 0.58872 0.55377
vt 0.59534 0.53114
vt 0.59309 0.54198
vt 0.90966 0.84739
vt 0.74993 0.46777
vt 0.11469 0.73849
vt 0.11518 0.74653
vt 0.11258 0.74526
vt 0.79292 0.46723
vt 0.81721 0.46738
vt 0.60086 0.42255
vt 0.60336 0.41634
vt 0.6034 0.41121
vt 0.83945 0.47081
vt 0.86383 0.46603
vt 0.59915 0.40503
vt 0.59527 0.38765
vt 0.6012 0.38233
vt 0.60406 0.37708
vt 0.59913 0.36925
vt 0.87976 0.4657
vt 0.62918 0.263
vt 0.63089 0.26328
vt 0.62812 0.26031
vt 0.61409 0.41187
vt 0.6121 0.40315
vt 0.60831 0.39421
vt 0.5962 0.36521
vt 0.59468 0.35021
vt 0.89916 0.46199
vt 0.63209 0.25411
vt 0.62909 0.25129
vt 0.61258 0.39737
vt 0.60789 0.38021
vt 0.60692 0.37147
vt 0.54537 0.13473
vt 0.54615 0.12959
vt 0.54578 0.12482
vt 0.6106 0.36885
vt 0.61409 0.36595
vt 0.6141 0.36901
vt 0.96208 0.17229
vt 0.96848 0.17426
vt 0.95965 0.16705
vt 0.72366 0.61742
vt 0.72453 0.62159
vt 0.72444 0.63177
vt 0.99635 0.17377
vt 0.99706 0.1693
vt 0.99059 0.17194
vt 0.98062 0.6871
vt 0.97811 0.68136
vt 0.21889 0.22344
vt 0.19615 0.90186
vt 0.05437 0.97914
vt 0.11043 0.63047
vt 0.10051 0.63463
vt 0.10447 0.63068
vt 0.58634 0.53379
vt 0.59133 0.53331
vt 0.59596 0.52105
vt 0.59674 0.51064
vt 0.59349 0.50298
vt 0.91692 0.84854
vt 0.59758 0.49501
vt 0.59427 0.4891
vt 0.59806 0.47809
vt 0.59632 0.46194
vt 0.59907 0.46149
vt 0.59983 0.44756
vt 0.59736 0.44441
vt 0.59997 0.43492
vt 0.59702 0.42594
vt 0.58956 0.39555
vt 0.59151 0.36559
vt 0.63114 0.26637
vt 0.63345 0.25672
vt 0.63158 0.2459
vt 0.63497 0.24537
vt 0.63462 0.23302
vt 0.6125 0.38425
vt 0.61247 0.37313
vt 0.63494 0.21723
vt 0.63802 0.21689
vt 0.63308 0.21455
vt 0.72467 0.6129
vt 0.72436 0.64918
vt 0.18066 0.90063
vt 0.51333 0.5751
vt 0.50853 0.57857
vt 0.05074 0.91954
vt 0.88595 0.85513
vt 0.58819 0.55771
vt 0.58486 0.55026
vt 0.90066 0.85301
vt 0.90867 0.85572
vt 0.58693 0.51951
vt 0.58681 0.47089
vt 0.58685 0.4622
vt 0.59158 0.44271
vt 0.59351 0.43309
vt 0.58577 0.41134
vt 0.5886 0.37575
vt 0.58878 0.36519
vt 0.58839 0.35888
vt 0.59033 0.34744
vt 0.63448 0.27065
vt 0.63468 0.26614
vt 0.88742 0.46541
vt 0.89726 0.46444
vt 0.63751 0.23344
vt 0.63652 0.23099
vt 0.63495 0.22185
vt 0.63869 0.22205
vt 0.21781 0.20544
vt 0.92251 0.11156
vt 0.74053 0.85698
vt 0.04742 0.91456
vt 0.05508 0.90907
vt 0.09237 0.63062
vt 0.09085 0.62673
vt 0.09861 0.62123
vt 0.89479 0.85887
vt 0.58382 0.53924
vt 0.58307 0.53013
vt 0.58339 0.52062
vt 0.91051 0.85453
vt 0.91946 0.85568
vt 0.58561 0.50064
vt 0.58548 0.48379
vt 0.58684 0.44117
vt 0.58599 0.42459
vt 0.58518 0.38196
vt 0.58559 0.36803
vt 0.63776 0.267
vt 0.6384 0.25368
vt 0.89454 0.46626
vt 0.63976 0.24208
vt 0.89488 0.46789
vt 0.63997 0.23156
vt 0.72969 0.62233
vt 0.73105 0.62461
vt 0.73319 0.64837
vt 0.62648 0.06773
vt 0.61585 0.04529
vt 0.62852 0.0382
vt 0.73251 0.79532
vt 0.73362 0.88496
vt 0.73124 0.89602
vt 0.73247 0.90548
vt 0.04659 0.94715
vt 0.04757 0.9707
vt 0.58344 0.51115
vt 0.58274 0.50126
vt 0.58264 0.48945
vt 0.742 0.47361
vt 0.58268 0.47418
vt 0.58304 0.46411
vt 0.75182 0.47517
vt 0.58326 0.45461
vt 0.58338 0.4418
vt 0.76286 0.47509
vt 0.58397 0.43134
vt 0.58271 0.42085
vt 0.58265 0.4098
vt 0.77678 0.47543
vt 0.58237 0.39896
vt 0.58217 0.38881
vt 0.85639 0.47662
vt 0.63891 0.27521
vt 0.64146 0.27238
vt 0.86698 0.47353
vt 0.87404 0.46793
vt 0.88433 0.47205
vt 0.89402 0.46998
vt 0.64332 0.23113
vt 0.8913 0.4761
vt 0.64354 0.22365
vt 0.64343 0.21812
vt 0.64288 0.21204
vt 0.73004 0.61634
vt 0.73335 0.63525
vt 0.73333 0.6423
vt 0.73314 0.65867
vt 0.19242 0.22029
vt 0.73455 0.71603
vt 0.17773 0.89355
vt 0.50712 0.58437
vt 0.73996 0.86981
vt 0.04585 0.93396
vt 0.88985 0.86417
vt 0.80537 0.47574
vt 0.87214 0.47501
vt 0.87928 0.47315
vt 0.64243 0.24862
vt 0.89349 0.47313
vt 0.64566 0.21412
vt 0.73254 0.62107
vt 0.73464 0.62374
vt 0.195 0.21605
vt 0.73367 0.66669
vt 0.73423 0.68838
vt 0.73398 0.75546
vt 0.18037 0.88525
vt 0.04112 0.92082
vt 0.04443 0.98625
vt 0.04646 0.97801
vt 0.0447 0.96255
vt 0.04788 0.95693
vt 0.89565 0.8658
vt 0.90316 0.85967
vt 0.85385 0.86348
vt 0.85621 0.86664
vt 0.85741 0.86326
vt 0.65024 0.25017
vt 0.6469 0.24444
vt 0.64759 0.22719
vt 0.64716 0.21996
vt 0.88273 0.47839
vt 0.87957 0.48152
vt 0.88839 0.48189
vt 0.73153 0.61336
vt 0.20169 0.20671
vt 0.64569 0.38486
vt 0.6508 0.3921
vt 0.64946 0.37905
vt 0.09493 0.66292
vt 0.0938 0.66954
vt 0.09068 0.66803
vt 0.65482 0.3855
vt 0.6612 0.38742
vt 0.65597 0.39721
vt 0.66316 0.38828
vt 0.92197 0.86421
vt 0.75951 0.48127
vt 0.76794 0.48246
vt 0.7924 0.48035
vt 0.81176 0.48116
vt 0.85405 0.84919
vt 0.64393 0.27545
vt 0.64738 0.27628
vt 0.6507 0.27191
vt 0.82558 0.48227
vt 0.8402 0.48341
vt 0.84876 0.84862
vt 0.84852 0.85399
vt 0.30586 0.32292
vt 0.3099 0.3258
vt 0.30513 0.3261
vt 0.67914 0.27988
vt 0.68036 0.27346
vt 0.66443 0.28878
vt 0.86494 0.48357
vt 0.87239 0.48052
vt 0.89076 0.48156
vt 0.65896 0.30886
vt 0.65879 0.31651
vt 0.6646 0.31217
vt 0.73795 0.63159
vt 0.74275 0.64765
vt 0.74289 0.80741
vt 0.22672 0.50098
vt 0.24418 0.51617
vt 0.22265 0.50398
vt 0.72682 0.92037
vt 0.7289 0.92119
vt 0.72803 0.91841
vt 0.16476 0.8977
vt 0.74266 0.87553
vt 0.74005 0.89369
vt 0.03893 0.97822
vt 0.04003 0.97015
vt 0.66037 0.40271
vt 0.92874 0.86601
vt 0.7521 0.48225
vt 0.7416 0.65207
vt 0.74099 0.6584
vt 0.7428 0.71643
vt 0.73962 0.72208
vt 0.74123 0.74784
vt 0.19445 0.87969
vt 0.19417 0.88419
vt 0.1912 0.88086
vt 0.07662 0.18489
vt 0.08024 0.18868
vt 0.17573 0.87117
vt 0.17174 0.87303
vt 0.16893 0.88932
vt 0.52155 0.58125
vt 0.52073 0.58551
vt 0.0352 0.91982
vt 0.04099 0.91371
vt 0.73824 0.90226
vt 0.04088 0.95463
vt 0.08652 0.64706
vt 0.08463 0.64467
vt 0.09273 0.63856
vt 0.70718 0.25141
vt 0.70728 0.25367
vt 0.71036 0.25261
vt 0.85689 0.48419
vt 0.86888 0.48489
vt 0.87573 0.48501
vt 0.87983 0.48521
vt 0.88601 0.48622
vt 0.88743 0.48776
vt 0.89065 0.48698
vt 0.64791 0.30861
vt 0.64755 0.31717
vt 0.6531 0.31792
vt 0.66832 0.3236
vt 0.67137 0.33213
vt 0.67413 0.32227
vt 0.67719 0.33743
vt 0.7429 0.66763
vt 0.19367 0.20287
vt 0.74005 0.67845
vt 0.19715 0.88196
vt 0.75093 0.84702
vt 0.1729 0.90201
vt 0.74094 0.8848
vt 0.03803 0.93423
vt 0.03826 0.94526
vt 0.08433 0.68333
vt 0.08771 0.68757
vt 0.08269 0.69094
vt 0.35671 0.91573
vt 0.08353 0.71147
vt 0.08209 0.71301
vt 0.07734 0.71416
vt 0.74517 0.19964
vt 0.74446 0.20188
vt 0.74685 0.2023
vt 0.78269 0.51739
vt 0.79036 0.51884
vt 0.79089 0.52182
vt 0.79149 0.48847
vt 0.80638 0.48891
vt 0.22745 0.15238
vt 0.22517 0.14916
vt 0.22923 0.14173
vt 0.16512 0.87744
vt 0.16388 0.9
vt 0.53613 0.59391
vt 0.51794 0.58966
vt 0.03769 0.98696
vt 0.03205 0.97855
vt 0.03591 0.96133
vt 0.07285 0.68913
vt 0.65574 0.40968
vt 0.76364 0.48805
vt 0.98403 0.66522
vt 0.98727 0.66443
vt 0.99104 0.66522
vt 0.82828 0.48892
vt 0.22626 0.15534
vt 0.21994 0.15515
vt 0.22451 0.15338
vt 0.22365 0.14198
vt 0.86489 0.49055
vt 0.22682 0.13988
vt 0.87472 0.49154
vt 0.87939 0.49165
vt 0.74622 0.65702
vt 0.74902 0.66478
vt 0.19206 0.21128
vt 0.74517 0.68219
vt 0.74626 0.74711
vt 0.74876 0.7805
vt 0.19803 0.87834
vt 0.20215 0.87676
vt 0.20406 0.88089
vt 0.16999 0.86966
vt 0.16333 0.87244
vt 0.16029 0.90266
vt 0.53583 0.58954
vt 0.74981 0.87738
vt 0.74752 0.88541
vt 0.02992 0.9261
vt 0.74779 0.89502
vt 0.74693 0.90656
vt 0.03046 0.96894
vt 0.0311 0.95136
vt 0.07105 0.70011
vt 0.07812 0.70937
vt 0.99043 0.66285
vt 0.78854 0.52873
vt 0.77802 0.48973
vt 0.21847 0.15244
vt 0.22024 0.14756
vt 0.84159 0.49046
vt 0.85611 0.4905
vt 0.22337 0.13874
vt 0.31641 0.34019
vt 0.31288 0.34116
vt 0.31475 0.33681
vt 0.88416 0.49185
vt 0.67182 0.34068
vt 0.75121 0.67992
vt 0.74659 0.71609
vt 0.16329 0.86685
vt 0.75078 0.81612
vt 0.07502 0.41116
vt 0.07413 0.42532
vt 0.07706 0.42144
vt 0.74939 0.86616
vt 0.02951 0.93674
vt 0.24805 0.85458
vt 0.24913 0.85156
vt 0.25273 0.85573
vt 0.65048 0.40639
vt 0.65363 0.41696
vt 0.50144 0.25346
vt 0.4988 0.25257
vt 0.49805 0.25494
vt 0.7828 0.5281
vt 0.78536 0.52869
vt 0.50273 0.25494
vt 0.27301 0.33583
vt 0.27688 0.33918
vt 0.26793 0.33921
vt 0.82051 0.49067
vt 0.21532 0.15534
vt 0.21802 0.14462
vt 0.2204 0.13952
vt 0.30976 0.34065
vt 0.31235 0.33709
vt 0.88877 0.49596
vt 0.68082 0.34654
vt 0.67564 0.35008
vt 0.68291 0.35444
vt 0.75018 0.7085
vt 0.7495 0.74422
vt 0.73748 0.91441
vt 0.74447 0.91418
vt 0.74002 0.9121
vt 0.15667 0.87933
vt 0.15819 0.89262
vt 0.02678 0.94499
vt 0.02733 0.95892
vt 0.07484 0.70933
vt 0.07431 0.71524
vt 0.06838 0.71114
vt 0.90095 0.75349
vt 0.89824 0.74969
vt 0.89578 0.74982
vt 0.25037 0.84837
vt 0.90017 0.74946
vt 0.90091 0.74778
vt 0.9014 0.74314
vt 0.90329 0.74292
vt 0.78703 0.53
vt 0.79036 0.53004
vt 0.27298 0.02731
vt 0.26897 0.02201
vt 0.27209 0.02076
vt 0.27005 0.02766
vt 0.80049 0.4927
vt 0.27229 0.34269
vt 0.21456 0.15378
vt 0.91264 0.70294
vt 0.9153 0.70027
vt 0.91225 0.69136
vt 0.91478 0.68801
vt 0.91546 0.68545
vt 0.91168 0.68358
vt 0.9168 0.68189
vt 0.91378 0.68
vt 0.86523 0.49408
vt 0.91706 0.67811
vt 0.91362 0.67521
vt 0.87011 0.49498
vt 0.87971 0.49654
vt 0.38413 0.56758
vt 0.38123 0.57747
vt 0.38611 0.57832
vt 0.68388 0.37159
vt 0.68813 0.36867
vt 0.75148 0.76413
vt 0.20549 0.87783
vt 0.21045 0.87932
vt 0.15679 0.86754
vt 0.15686 0.87353
vt 0.02443 0.92838
vt 0.02479 0.92368
vt 0.02497 0.93299
vt 0.75498 0.90002
vt 0.02161 0.97852
vt 0.89366 0.73727
vt 0.64582 0.41573
vt 0.64812 0.42571
vt 0.25273 0.84783
vt 0.90581 0.75375
vt 0.04341 0.16877
vt 0.04773 0.16482
vt 0.05413 0.16877
vt 0.90842 0.7436
vt 0.89993 0.73749
vt 0.8947 0.73031
vt 0.91062 0.7535
vt 0.89889 0.73109
vt 0.90294 0.73833
vt 0.90301 0.74039
vt 0.90573 0.73635
vt 0.91449 0.75059
vt 0.91299 0.7396
vt 0.90845 0.73561
vt 0.9122 0.72821
vt 0.91213 0.72064
vt 0.90912 0.72126
vt 0.26522 0.01734
vt 0.26966 0.01612
vt 0.81881 0.4967
vt 0.91238 0.71257
vt 0.90787 0.70477
vt 0.83989 0.49653
vt 0.90732 0.69172
vt 0.90663 0.68382
vt 0.90117 0.68338
vt 0.90842 0.67742
vt 0.89945 0.67987
vt 0.85601 0.49635
vt 0.65517 0.53249
vt 0.65738 0.54266
vt 0.66078 0.53556
vt 0.65405 0.54891
vt 0.66316 0.54696
vt 0.65773 0.55137
vt 0.6784 0.35848
vt 0.75253 0.7059
vt 0.75458 0.7222
vt 0.75897 0.76948
vt 0.75471 0.78687
vt 0.75502 0.80678
vt 0.21092 0.87628
vt 0.21006 0.88296
vt 0.15472 0.89922
vt 0.756 0.85374
vt 0.75686 0.87745
vt 0.75458 0.88776
vt 0.01935 0.96846
vt 0.06819 0.71652
vt 0.06284 0.72417
vt 0.65245 0.4262
vt 0.64594 0.43603
vt 0.89481 0.72327
vt 0.23187 0.3242
vt 0.22293 0.33232
vt 0.22981 0.33443
vt 0.64989 0.44713
vt 0.90166 0.7262
vt 0.2658 0.02263
vt 0.26625 0.02997
vt 0.90572 0.72037
vt 0.64553 0.47237
vt 0.64918 0.47905
vt 0.65348 0.46026
vt 0.90338 0.7055
vt 0.26232 0.02351
vt 0.89539 0.6941
vt 0.89984 0.68777
vt 0.89396 0.68241
vt 0.89891 0.67882
vt 0.09806 0.52372
vt 0.09722 0.51799
vt 0.09094 0.52151
vt 0.65348 0.52703
vt 0.64748 0.52882
vt 0.38683 0.58454
vt 0.48794 0.50674
vt 0.48404 0.50974
vt 0.48988 0.51165
vt 0.49527 0.51124
vt 0.49745 0.51737
vt 0.5005 0.51704
vt 0.18206 0.21327
vt 0.18565 0.19771
vt 0.1809 0.20778
vt 0.19289 0.19924
vt 0.18296 0.19249
vt 0.69147 0.39275
vt 0.70275 0.40846
vt 0.69767 0.39275
vt 0.75652 0.74947
vt 0.75702 0.83963
vt 0.21071 0.87796
vt 0.21678 0.88117
vt 0.15207 0.86813
vt 0.15282 0.8934
vt 0.15222 0.90108
vt 0.54634 0.59216
vt 0.54172 0.59608
vt 0.75633 0.86813
vt 0.01834 0.93165
vt 0.02082 0.95472
vt 0.93641 0.20312
vt 0.93484 0.1989
vt 0.93105 0.20114
vt 0.93981 0.19771
vt 0.06378 0.72845
vt 0.05897 0.73144
vt 0.64215 0.42313
vt 0.89079 0.72472
vt 0.89085 0.7175
vt 0.8944 0.71594
vt 0.89134 0.70999
vt 0.26746 0.03328
vt 0.64589 0.45328
vt 0.89393 0.70278
vt 0.26046 0.02974
vt 0.89288 0.68697
vt 0.26042 0.01773
vt 0.09529 0.51235
vt 0.65177 0.5406
vt 0.64641 0.55217
vt 0.38612 0.58791
vt 0.48952 0.514
vt 0.18241 0.22101
vt 0.50141 0.52168
vt 0.50863 0.52273
vt 0.52348 0.53303
vt 0.53476 0.54152
vt 0.53349 0.53924
vt 0.68987 0.39869
vt 0.69679 0.40707
vt 0.69833 0.41521
vt 0.70811 0.43818
vt 0.71263 0.43415
vt 0.76204 0.79703
vt 0.75855 0.81034
vt 0.2169 0.87931
vt 0.21448 0.88419
vt 0.15174 0.87432
vt 0.15348 0.88008
vt 0.75901 0.88705
vt 0.0223 0.94078
vt 0.01742 0.93953
vt 0.92748 0.20212
vt 0.9274 0.20957
vt 0.93043 0.20634
vt 0.93026 0.20925
vt 0.93709 0.20832
vt 0.9432 0.20134
vt 0.94326 0.19665
vt 0.05922 0.73917
vt 0.05613 0.73984
vt 0.05763 0.74632
vt 0.8884 0.71105
vt 0.88852 0.70164
vt 0.23467 0.34248
vt 0.23415 0.3337
vt 0.26041 0.0334
vt 0.8888 0.69367
vt 0.64064 0.46536
vt 0.25767 0.02445
vt 0.26089 0.02387
vt 0.88864 0.6828
vt 0.24612 0.02822
vt 0.24992 0.02077
vt 0.64536 0.50766
vt 0.64136 0.50298
vt 0.25208 0.01821
vt 0.09197 0.513
vt 0.23775 0.02012
vt 0.08774 0.51509
vt 0.22465 0.02271
vt 0.22145 0.01995
vt 0.23567 0.0155
vt 0.65021 0.51793
vt 0.64148 0.5296
vt 0.6477 0.54792
vt 0.96628 0.65266
vt 0.9695 0.6549
vt 0.96848 0.65136
vt 0.48201 0.51559
vt 0.00468 0.02398
vt 0.00464 0.02001
vt 0.00812 0.0232
vt 0.18095 0.20232
vt 0.54171 0.54684
vt 0.53877 0.54356
vt 0.71947 0.45332
vt 0.76186 0.83934
vt 0.15161 0.8813
vt 0.15137 0.89203
vt 0.54467 0.59768
vt 0.76124 0.85093
vt 0.75951 0.85982
vt 0.92737 0.24483
vt 0.93067 0.2432
vt 0.9264 0.2359
vt 0.9288 0.23364
vt 0.92654 0.23032
vt 0.92946 0.22329
vt 0.93215 0.22502
vt 0.93688 0.23924
vt 0.93264 0.23014
vt 0.93156 0.21329
vt 0.93714 0.22866
vt 0.93559 0.21756
vt 0.93338 0.21188
vt 0.9449 0.20453
vt 0.94899 0.20063
vt 0.94852 0.19644
vt 0.88625 0.69479
vt 0.88435 0.68285
vt 0.24258 0.03073
vt 0.25327 0.03171
vt 0.22763 0.03047
vt 0.23245 0.02819
vt 0.63893 0.49186
vt 0.22299 0.02894
vt 0.20521 0.03026
vt 0.21428 0.02772
vt 0.25505 0.01514
vt 0.26092 0.01478
vt 0.09391 0.50611
vt 0.08815 0.51119
vt 0.21165 0.02156
vt 0.2497 0.01417
vt 0.08304 0.51814
vt 0.19137 0.03021
vt 0.20229 0.0215
vt 0.64098 0.52313
vt 0.17823 0.02935
vt 0.18701 0.02591
vt 0.21692 0.01744
vt 0.17263 0.02319
vt 0.1843 0.02097
vt 0.20659 0.01717
vt 0.19282 0.01842
vt 0.64522 0.54159
vt 0.1546 0.02503
vt 0.16362 0.02279
vt 0.17361 0.01805
vt 0.14028 0.02983
vt 0.13637 0.0254
vt 0.14388 0.02338
vt 0.15014 0.02091
vt 0.11877 0.03002
vt 0.12966 0.02388
vt 0.10928 0.02828
vt 0.11933 0.02435
vt 0.09949 0.02468
vt 0.13386 0.0199
vt 0.11465 0.02171
vt 0.08685 0.02618
vt 0.09067 0.02145
vt 0.07845 0.02853
vt 0.07769 0.02219
vt 0.06928 0.0236
vt 0.07375 0.01786
vt 0.05121 0.02702
vt 0.05775 0.02082
vt 0.02078 0.031
vt 0.00929 0.0306
vt 0.01996 0.02627
vt 0.03091 0.025
vt 0.04118 0.02328
vt 0.04149 0.01802
vt 0.04804 0.02161
vt 0.46786 0.50362
vt 0.46752 0.50067
vt 0.46532 0.49957
vt 0.00195 0.03321
vt 0.00542 0.02958
vt 0.02555 0.02092
vt 0.01034 0.02111
vt 0.01827 0.01793
vt 0.00775 0.01851
vt 0.17664 0.21773
vt 0.17884 0.2247
vt 0.18233 0.22221
vt 0.97904 0.65284
vt 0.98248 0.64783
vt 0.97738 0.65164
vt 0.48981 0.53011
vt 0.17599 0.20116
vt 0.51442 0.52726
vt 0.51336 0.542
vt 0.54631 0.55292
vt 0.54683 0.54828
vt 0.55703 0.55586
vt 0.05948 0.22241
vt 0.39836 0.73004
vt 0.39836 0.73241
vt 0.39681 0.73102
vt 0.02355 0.2989
vt 0.0189 0.29897
vt 0.0241 0.30152
vt 0.06144 0.22511
vt 0.05727 0.22569
vt 0.14992 0.86504
vt 0.01602 0.30437
vt 0.02609 0.31149
vt 0.93194 0.47279
vt 0.93624 0.47123
vt 0.93333 0.46232
vt 0.94003 0.47171
vt 0.93834 0.46208
vt 0.9346 0.44752
vt 0.93869 0.45059
vt 0.94447 0.4736
vt 0.94492 0.45661
vt 0.94182 0.45516
vt 0.93626 0.43357
vt 0.93955 0.43537
vt 0.94373 0.43973
vt 0.9372 0.42111
vt 0.94168 0.41934
vt 0.93776 0.40173
vt 0.94418 0.40987
vt 0.93925 0.39786
vt 0.76273 0.86908
vt 0.9395 0.37654
vt 0.93671 0.35934
vt 0.93608 0.36963
vt 0.93867 0.34705
vt 0.93538 0.32779
vt 0.93359 0.33981
vt 0.93986 0.34303
vt 0.93769 0.33148
vt 0.94149 0.33219
vt 0.93669 0.31818
vt 0.93305 0.31042
vt 0.75602 0.56539
vt 0.75124 0.55815
vt 0.7481 0.56965
vt 0.93952 0.31347
vt 0.93428 0.30023
vt 0.93027 0.28772
vt 0.93747 0.30565
vt 0.93615 0.29389
vt 0.93461 0.28619
vt 0.93295 0.28014
vt 0.94073 0.30091
vt 0.93196 0.26779
vt 0.92957 0.26355
vt 0.93914 0.27929
vt 0.93697 0.27782
vt 0.93477 0.27043
vt 0.93192 0.25643
vt 0.93471 0.258
vt 0.94001 0.27208
vt 0.04528 0.66509
vt 0.04038 0.67006
vt 0.0387 0.66796
vt 0.93965 0.25598
vt 0.93689 0.24577
vt 0.92927 0.21245
vt 0.94024 0.2314
vt 0.93908 0.21097
vt 0.94305 0.21001
vt 0.22535 0.33915
vt 0.23124 0.34625
vt 0.25197 0.35734
vt 0.25406 0.35301
vt 0.24292 0.34642
vt 0.26693 0.36693
vt 0.27984 0.37593
vt 0.2688 0.36305
vt 0.63707 0.50956
vt 0.20201 0.03428
vt 0.21365 0.03439
vt 0.19083 0.03309
vt 0.09488 0.49943
vt 0.08735 0.5035
vt 0.18022 0.03397
vt 0.31165 0.39738
vt 0.32087 0.40711
vt 0.32249 0.40443
vt 0.16868 0.03362
vt 0.10231 0.4838
vt 0.0956 0.49021
vt 0.16533 0.03082
vt 0.15357 0.03369
vt 0.11223 0.4632
vt 0.10403 0.47077
vt 0.14408 0.03313
vt 0.15336 0.03029
vt 0.20749 0.01383
vt 0.11201 0.45113
vt 0.10598 0.45726
vt 0.1348 0.03408
vt 0.18639 0.01464
vt 0.12104 0.42754
vt 0.11195 0.43994
vt 0.12215 0.03359
vt 0.12968 0.03087
vt 0.11041 0.0339
vt 0.17134 0.01597
vt 0.37462 0.44112
vt 0.37122 0.44254
vt 0.38824 0.45073
vt 0.09474 0.034
vt 0.097 0.03138
vt 0.15764 0.01623
vt 0.14377 0.01666
vt 0.07943 0.03394
vt 0.08422 0.03121
vt 0.12498 0.01787
vt 0.06518 0.03342
vt 0.06604 0.03085
vt 0.10394 0.01799
vt 0.11216 0.01741
vt 0.05241 0.03398
vt 0.05533 0.03049
vt 0.03757 0.03289
vt 0.043 0.02937
vt 0.0919 0.01827
vt 0.15669 0.32124
vt 0.14753 0.32482
vt 0.15286 0.3348
vt 0.08359 0.01794
vt 0.43745 0.48407
vt 0.44342 0.49252
vt 0.44745 0.49129
vt 0.02551 0.03312
vt 0.03035 0.03056
vt 0.01133 0.03439
vt 0.05489 0.01795
vt 0.16667 0.2792
vt 0.15555 0.29682
vt 0.16141 0.30055
vt 0.46476 0.50597
vt 0.45897 0.50012
vt 0.03129 0.01797
vt 0.17544 0.23704
vt 0.16814 0.24181
vt 0.17258 0.25218
vt 0.17448 0.22459
vt 0.5591 0.5636
vt 0.5742 0.56808
vt 0.57792 0.578
vt 0.58623 0.57726
vt 0.76596 0.82569
vt 0.06192 0.22201
vt 0.01617 0.29884
vt 0.94455 0.51344
vt 0.94379 0.50359
vt 0.9368 0.50447
vt 0.93937 0.49773
vt 0.20533 0.50398
vt 0.20558 0.50851
vt 0.19938 0.51053
vt 0.19924 0.5159
vt 0.01977 0.31378
vt 0.0145 0.31643
vt 0.01965 0.32986
vt 0.94805 0.48829
vt 0.94405 0.48751
vt 0.19053 0.52154
vt 0.93064 0.4513
vt 0.93116 0.43613
vt 0.9487 0.47739
vt 0.94493 0.47805
vt 0.93264 0.42179
vt 0.94899 0.46305
vt 0.93512 0.41283
vt 0.93212 0.40835
vt 0.94807 0.44775
vt 0.02082 0.35632
vt 0.01677 0.36535
vt 0.02186 0.37254
vt 0.93343 0.39781
vt 0.94484 0.43153
vt 0.94725 0.4247
vt 0.93573 0.38716
vt 0.93278 0.37876
vt 0.76551 0.85961
vt 0.9465 0.405
vt 0.94199 0.39413
vt 0.93811 0.38081
vt 0.93199 0.36111
vt 0.94186 0.38072
vt 0.93519 0.35063
vt 0.93106 0.35001
vt 0.75974 0.55654
vt 0.75423 0.54809
vt 0.74907 0.54907
vt 0.94571 0.38731
vt 0.92999 0.33396
vt 0.9448 0.3732
vt 0.94144 0.35951
vt 0.93274 0.32452
vt 0.92904 0.3188
vt 0.94745 0.37244
vt 0.94473 0.35318
vt 0.92811 0.29965
vt 0.02361 0.47173
vt 0.02077 0.47178
vt 0.02324 0.48796
vt 0.94511 0.33724
vt 0.08531 0.62925
vt 0.08238 0.62862
vt 0.09171 0.62006
vt 0.94234 0.32411
vt 0.07062 0.63847
vt 0.94493 0.32216
vt 0.06873 0.64444
vt 0.94431 0.30426
vt 0.06015 0.64716
vt 0.05523 0.65593
vt 0.05311 0.65402
vt 0.94392 0.28301
vt 0.9434 0.26554
vt 0.03096 0.67229
vt 0.03177 0.67556
vt 0.0289 0.67714
vt 0.94331 0.25194
vt 0.94352 0.24096
vt 0.94313 0.22037
vt 0.02352 0.60601
vt 0.02083 0.6063
vt 0.02537 0.60997
vt 0.02465 0.61451
vt 0.02291 0.61767
vt 0.02609 0.61776
vt 0.62513 0.45932
vt 0.62432 0.4665
vt 0.63164 0.46951
vt 0.27004 0.37341
vt 0.25668 0.3646
vt 0.29836 0.39242
vt 0.30945 0.39992
vt 0.08364 0.51223
vt 0.09011 0.49426
vt 0.09716 0.47921
vt 0.33973 0.42067
vt 0.33613 0.41423
vt 0.32846 0.41301
vt 0.10109 0.46757
vt 0.3529 0.42618
vt 0.38798 0.59396
vt 0.39428 0.59977
vt 0.39437 0.59648
vt 0.10924 0.44698
vt 0.36442 0.43364
vt 0.35451 0.43076
vt 0.1154 0.42877
vt 0.12799 0.41082
vt 0.11919 0.41773
vt 0.38517 0.45299
vt 0.12292 0.40666
vt 0.13314 0.39526
vt 0.12725 0.39347
vt 0.13851 0.37959
vt 0.13205 0.37897
vt 0.4122 0.4713
vt 0.41384 0.46821
vt 0.40144 0.46002
vt 0.40029 0.46195
vt 0.14606 0.35859
vt 0.13551 0.36917
vt 0.13903 0.3528
vt 0.13695 0.35995
vt 0.14402 0.33802
vt 0.14968 0.34394
vt 0.15871 0.31172
vt 0.15116 0.31012
vt 0.1566 0.28888
vt 0.46824 0.51468
vt 0.47627 0.51145
vt 0.47046 0.50862
vt 0.1702 0.26394
vt 0.16018 0.27442
vt 0.1645 0.25602
vt 0.16912 0.23207
vt 0.48668 0.52897
vt 0.17262 0.22172
vt 0.17357 0.21758
vt 0.17369 0.20802
vt 0.49526 0.53235
vt 0.50419 0.53545
vt 0.53195 0.55114
vt 0.59628 0.58516
vt 0.59607 0.5904
vt 0.61588 0.59786
vt 0.73865 0.50725
vt 0.74426 0.52324
vt 0.74827 0.51794
vt 0.18916 0.51824
vt 0.18091 0.52787
vt 0.18138 0.53207
vt 0.01269 0.3242
vt 0.01341 0.33033
vt 0.01541 0.33713
vt 0.02051 0.34113
vt 0.01632 0.34889
vt 0.17325 0.54254
vt 0.16429 0.55104
vt 0.16128 0.54923
vt 0.17136 0.53919
vt 0.01476 0.3562
vt 0.01714 0.37599
vt 0.01747 0.38668
vt 0.02216 0.39698
vt 0.01878 0.40231
vt 0.01599 0.39628
vt 0.13434 0.58238
vt 0.12375 0.58759
vt 0.13683 0.57603
vt 0.02259 0.41777
vt 0.01616 0.40916
vt 0.01829 0.41595
vt 0.01761 0.42586
vt 0.02301 0.43632
vt 0.74399 0.55902
vt 0.01902 0.43701
vt 0.02102 0.45184
vt 0.09578 0.6129
vt 0.08786 0.62008
vt 0.01685 0.4511
vt 0.01725 0.46481
vt 0.01897 0.48784
vt 0.02326 0.50312
vt 0.01816 0.50089
vt 0.01977 0.51163
vt 0.02361 0.52073
vt 0.01868 0.52395
vt 0.0188 0.53603
vt 0.02355 0.5412
vt 0.0187 0.54701
vt 0.02375 0.55772
vt 0.01983 0.55791
vt 0.02354 0.57028
vt 0.0192 0.56916
vt 0.02332 0.58015
vt 0.02009 0.57781
vt 0.01935 0.58491
vt 0.0232 0.59773
vt 0.01958 0.59182
vt 0.02054 0.60017
vt 0.02133 0.61431
vt 0.29491 0.39437
vt 0.28748 0.38478
vt 0.31394 0.40862
vt 0.09468 0.47987
vt 0.10321 0.45739
vt 0.35671 0.43744
vt 0.34755 0.43291
vt 0.36831 0.44669
vt 0.47284 0.51923
vt 0.48015 0.52456
vt 0.0126 0.28814
vt 0.00966 0.29382
vt 0.01389 0.29466
vt 0.0116 0.30703
vt 0.01108 0.31712
vt 0.01362 0.34288
vt 0.15065 0.5614
vt 0.14996 0.55692
vt 0.01433 0.3683
vt 0.01488 0.38474
vt 0.01655 0.43527
vt 0.01747 0.47374
vt 0.01625 0.48664
vt 0.01755 0.514
vt 0.01773 0.56016
vt 0.01811 0.57755
vt 0.01849 0.60008
vt 0.01879 0.6064
vt 0.01761 0.61722
vt 0.01882 0.61937
vt 0.08554 0.49295
vt 0.07799 0.50998
vt 0.07444 0.5155
vt 0.09133 0.47704
vt 0.09732 0.4614
vt 0.10634 0.44
vt 0.11256 0.42386
vt 0.11731 0.41101
vt 0.12462 0.39139
vt 0.13303 0.36883
vt 0.13989 0.34498
vt 0.14374 0.33087
vt 0.1479 0.3158
vt 0.15071 0.30616
vt 0.48622 0.06115
vt 0.48023 0.05046
vt 0.48092 0.04868
vt 0.15272 0.29659
vt 0.156 0.28368
vt 0.15976 0.26917
vt 0.16261 0.25513
vt 0.16572 0.24019
vt 0.16758 0.21757
vt 0.16749 0.20172
vt 0.16642 0.20677
vt 0.50594 0.53922
vt 0.58269 0.03873
vt 0.57775 0.04099
vt 0.5778 0.03494
vt 0.43441 0.02295
vt 0.40305 0.01936
vt 0.41342 0.01805
vt 0.35885 0.00882
vt 0.38096 0.01715
vt 0.33619 0.00658
vt 0.60719 0.59916
vt 0.3106 0.00075
vt 0.32156 0.00637
vt 0.30729 0.00558
vt 0.30015 0.0004
vt 0.29589 0.00442
vt 0.00547 0.29835
vt 0.00677 0.30719
vt 0.00965 0.32978
vt 0.73782 0.52245
vt 0.73688 0.52993
vt 0.74112 0.53232
vt 0.00992 0.33958
vt 0.15764 0.55018
vt 0.15774 0.54731
vt 0.17003 0.53702
vt 0.01137 0.35349
vt 0.74034 0.54188
vt 0.01133 0.37265
vt 0.01284 0.39024
vt 0.0122 0.4064
vt 0.01189 0.41746
vt 0.01293 0.42903
vt 0.10578 0.59991
vt 0.10496 0.60448
vt 0.09691 0.60745
vt 0.01301 0.44518
vt 0.01311 0.45488
vt 0.0146 0.46775
vt 0.01547 0.50311
vt 0.01584 0.52051
vt 0.01586 0.54025
vt 0.01573 0.56989
vt 0.01691 0.58833
vt 0.01586 0.61479
vt 0.59346 0.27505
vt 0.58697 0.27019
vt 0.59116 0.26684
vt 0.57665 0.23905
vt 0.57212 0.23913
vt 0.57066 0.22696
vt 0.5232 0.14183
vt 0.51755 0.13114
vt 0.52058 0.13043
vt 0.12691 0.37608
vt 0.13124 0.36194
vt 0.16433 0.22499
vt 0.16559 0.2143
vt 0.45947 0.03287
vt 0.4542 0.03408
vt 0.45439 0.02966
vt 0.44709 0.03032
vt 0.44195 0.02616
vt 0.43371 0.02751
vt 0.40109 0.02179
vt 0.34998 0.01177
vt 0.32826 0.01129
vt 0.30721 0.00942
vt 0.29319 0.00945
vt 0.00663 0.31605
vt 0.00696 0.32583
vt 0.00806 0.35463
vt 0.00855 0.37623
vt 0.00932 0.39171
vt 0.0093 0.40859
vt 0.01036 0.43411
vt 0.01099 0.46624
vt 0.01198 0.48031
vt 0.01224 0.4938
vt 0.01314 0.50715
vt 0.01274 0.52041
vt 0.01286 0.53078
vt 0.01356 0.54086
vt 0.01375 0.55463
vt 0.01394 0.56446
vt 0.01434 0.58073
vt 0.0147 0.59321
vt 0.01537 0.60617
vt 0.55562 0.20689
vt 0.55061 0.20085
vt 0.55472 0.19633
vt 0.12029 0.392
vt 0.11344 0.41247
vt 0.15245 0.28184
vt 0.14344 0.31594
vt 0.16171 0.24027
vt 0.15318 0.25895
vt 0.15954 0.23071
vt 0.46894 0.03894
vt 0.46162 0.0403
vt 0.46214 0.03495
vt 0.43721 0.0394
vt 0.44748 0.04318
vt 0.44037 0.04363
vt 0.38288 0.02132
vt 0.0035 0.32379
vt 0.00667 0.33743
vt 0.00433 0.35498
vt 0.01015 0.4504
vt 0.00724 0.45755
vt 0.00843 0.47216
vt 0.00955 0.50594
vt 0.01903 0.6747
vt 0.01554 0.67118
vt 0.02443 0.67036
vt 0.01181 0.57503
vt 0.01121 0.5884
vt 0.01233 0.60573
vt 0.01308 0.60913
vt 0.01381 0.61919
vt 0.57398 0.2481
vt 0.56596 0.23356
vt 0.56902 0.26152
vt 0.57113 0.25386
vt 0.57728 0.27591
vt 0.51957 0.14126
vt 0.51538 0.14046
vt 0.51161 0.12601
vt 0.49427 0.12101
vt 0.50398 0.13872
vt 0.50082 0.14065
vt 0.4824 0.09738
vt 0.48752 0.11553
vt 0.16138 0.22004
vt 0.37492 0.02368
vt 0.3519 0.01947
vt 0.3744 0.0226
vt 0.32189 0.01438
vt 0.30535 0.01321
vt 0.29325 0.01492
vt 0.00376 0.33578
vt 0.00464 0.3873
vt 0.00496 0.40195
vt 0.00579 0.42567
vt 0.00696 0.44174
vt 0.00801 0.49002
vt 0.0091 0.51635
vt 0.0097 0.53309
vt 0.0106 0.54632
vt 0.01138 0.61536
vt 0.59386 0.27791
vt 0.58914 0.27975
vt 0.58896 0.27487
vt 0.57726 0.26495
vt 0.5823 0.27417
vt 0.57937 0.27734
vt 0.57994 0.28172
vt 0.5398 0.20846
vt 0.54374 0.20153
vt 0.55043 0.21774
vt 0.53497 0.17673
vt 0.52989 0.17417
vt 0.52971 0.16861
vt 0.5321 0.18176
vt 0.5395 0.19761
vt 0.53182 0.19081
vt 0.49897 0.12167
vt 0.51061 0.14414
vt 0.47602 0.07713
vt 0.47456 0.06737
vt 0.48006 0.0749
vt 0.4686 0.06649
vt 0.46822 0.05277
vt 0.46836 0.04492
vt 0.46293 0.04615
vt 0.84173 0.01026
vt 0.82853 0.01358
vt 0.82897 0.00797
vt 0.76695 0.01272
vt 0.7492 0.01481
vt 0.75593 0.01105
vt 0.70623 0.01014
vt 0.70175 0.01418
vt 0.6863 0.01416
vt 0.58864 0.02648
vt 0.5864 0.02439
vt 0.59089 0.02237
vt 0.58401 0.0214
vt 0.59078 0.02
vt 0.58557 0.01729
vt 0.5879 0.01368
vt 0.58223 0.01697
vt 0.00943 0.61931
vt 0.58208 0.01204
vt 0.58165 0.01863
vt 0.57877 0.01815
vt 0.38791 0.44626
vt 0.38512 0.44497
vt 0.39525 0.4436
vt 0.39525 0.44704
vt 0.48239 0.17809
vt 0.48395 0.17568
vt 0.47686 0.17916
vt 0.96463 0.53399
vt 0.96528 0.53128
vt 0.96979 0.53079
vt 0.96379 0.5286
vt 0.96976 0.52666
vt 0.96785 0.52429
vt 0.78304 0.67131
vt 0.78936 0.68838
vt 0.78793 0.69176
vt 0.97205 0.53098
vt 0.96973 0.51509
vt 0.97623 0.53284
vt 0.46734 0.37047
vt 0.56951 0.31552
vt 0.97217 0.5118
vt 0.97547 0.50971
vt 0.35684 0.18828
vt 0.37105 0.18851
vt 0.32262 0.18616
vt 0.3022 0.1846
vt 0.28989 0.18265
vt 0.55104 0.28512
vt 0.77783 0.70088
vt 0.78404 0.69684
vt 0.47363 0.19162
vt 0.98492 0.53152
vt 0.42197 0.1904
vt 0.32765 0.18993
vt 0.29359 0.19014
vt 0.20003 0.18066
vt 0.26526 0.10345
vt 0.49989 0.1861
vt 0.98276 0.53399
vt 0.45639 0.19081
vt 0.44734 0.19107
vt 0.43772 0.19062
vt 0.98555 0.50848
vt 0.39503 0.19025
vt 0.97972 0.50791
vt 0.38049 0.18992
vt 0.3662 0.18985
vt 0.35492 0.18964
vt 0.33738 0.1897
vt 0.31889 0.19096
vt 0.3107 0.19154
vt 0.3034 0.19119
vt 0.28415 0.19038
vt 0.27523 0.19058
vt 0.26647 0.19017
vt 0.26797 0.09729
vt 0.48656 0.16874
vt 0.49327 0.18139
vt 0.51163 0.21963
vt 0.5155 0.2277
vt 0.51874 0.23304
vt 0.52317 0.24119
vt 0.52745 0.25102
vt 0.53067 0.25729
vt 0.53361 0.26233
vt 0.53773 0.26964
vt 0.54099 0.27657
vt 0.54661 0.28558
vt 0.55062 0.29363
vt 0.55382 0.29965
vt 0.77555 0.66996
vt 0.75879 0.67556
vt 0.77138 0.70237
vt 0.46466 0.19217
vt 0.40382 0.75903
vt 0.40341 0.76456
vt 0.40186 0.75653
vt 0.03749 0.37016
vt 0.0405 0.36813
vt 0.2164 0.19134
vt 0.19821 0.18934
vt 0.47872 0.15071
vt 0.48237 0.1609
vt 0.48957 0.17432
vt 0.49679 0.18968
vt 0.5007 0.19847
vt 0.56079 0.31344
vt 0.39762 0.74564
vt 0.4659 0.19953
vt 0.39453 0.7472
vt 0.45217 0.19786
vt 0.39725 0.75728
vt 0.42809 0.19788
vt 0.99105 0.51168
vt 0.39809 0.19615
vt 0.41942 0.19822
vt 0.36972 0.1959
vt 0.34278 0.19495
vt 0.80529 0.97352
vt 0.28258 0.19744
vt 0.26453 0.19933
vt 0.22428 0.19298
vt 0.20168 0.19211
vt 0.89026 0.03678
vt 0.89279 0.04763
vt 0.89139 0.06115
vt 0.89392 0.06265
vt 0.89293 0.17271
vt 0.89287 0.1768
vt 0.46283 0.1145
vt 0.5454 0.28465
vt 0.76718 0.67051
vt 0.76207 0.67225
vt 0.99318 0.52931
vt 0.99037 0.53178
vt 0.4755 0.19804
vt 0.45987 0.19812
vt 0.44458 0.19786
vt 0.39776 0.76654
vt 0.38762 0.19789
vt 0.35354 0.19771
vt 0.80662 0.98142
vt 0.32901 0.19785
vt 0.77302 0.97392
vt 0.78211 0.97492
vt 0.77414 0.98096
vt 0.76448 0.97411
vt 0.25076 0.1996
vt 0.23616 0.19953
vt 0.20926 0.19498
vt 0.48197 0.30399
vt 0.4046 0.8265
vt 0.39836 0.82794
vt 0.40054 0.83107
vt 0.89175 0.08471
vt 0.89236 0.14986
vt 0.8899 0.1533
vt 0.94389 0.80131
vt 0.94404 0.79826
vt 0.94117 0.79985
vt 0.94272 0.79126
vt 0.94269 0.7847
vt 0.9392 0.78578
vt 0.9423 0.77562
vt 0.94338 0.76259
vt 0.94346 0.74834
vt 0.94074 0.75103
vt 0.94331 0.73636
vt 0.94575 0.7104
vt 0.94567 0.70018
vt 0.9426 0.70883
vt 0.9459 0.68913
vt 0.94673 0.68086
vt 0.94736 0.67168
vt 0.94344 0.66936
vt 0.94729 0.66157
vt 0.94761 0.65108
vt 0.94848 0.64374
vt 0.94141 0.63983
vt 0.94949 0.6328
vt 0.94957 0.62
vt 0.94243 0.6159
vt 0.94987 0.61153
vt 0.95037 0.60454
vt 0.95083 0.59439
vt 0.95056 0.58509
vt 0.94292 0.59907
vt 0.95077 0.57387
vt 0.94362 0.57926
vt 0.94269 0.56426
vt 0.95156 0.56115
vt 0.94411 0.53831
vt 0.95288 0.53777
vt 0.95252 0.53342
vt 0.38189 0.71725
vt 0.3841 0.72899
vt 0.91176 0.98211
vt 0.90698 0.98112
vt 0.92451 0.98139
vt 0.04341 0.37036
vt 0.87646 0.98146
vt 0.8757 0.97913
vt 0.88923 0.98206
vt 0.89789 0.98144
vt 0.04498 0.36417
vt 0.86505 0.98088
vt 0.8469 0.97911
vt 0.85265 0.98138
vt 0.84124 0.9813
vt 0.83081 0.98122
vt 0.81763 0.9821
vt 0.82015 0.97861
vt 0.48174 0.35211
vt 0.48201 0.3398
vt 0.48176 0.32694
vt 0.69901 0.97767
vt 0.71193 0.97622
vt 0.70938 0.98072
vt 0.40301 0.83755
vt 0.4816 0.28671
vt 0.88564 0.04122
vt 0.88708 0.03498
vt 0.88708 0.04968
vt 0.88819 0.07644
vt 0.889 0.09567
vt 0.88945 0.12672
vt 0.89019 0.16536
vt 0.9368 0.79502
vt 0.93773 0.74662
vt 0.94449 0.72649
vt 0.94514 0.71938
vt 0.9361 0.72015
vt 0.93943 0.69327
vt 0.94099 0.65559
vt 0.94146 0.63075
vt 0.95182 0.55278
vt 0.94264 0.55536
vt 0.94456 0.5485
vt 0.95148 0.52827
vt 0.36884 0.68125
vt 0.37477 0.69827
vt 0.9692 0.97683
vt 0.99572 0.52382
vt 0.95783 0.98389
vt 0.95798 0.98157
vt 0.94753 0.98358
vt 0.38265 0.75572
vt 0.92932 0.98363
vt 0.93262 0.98148
vt 0.47942 0.43771
vt 0.88044 0.98374
vt 0.92693 0.99663
vt 0.94386 0.99616
vt 0.94098 0.9996
vt 0.92597 0.99913
vt 0.0521 0.359
vt 0.85728 0.985
vt 0.89793 0.99931
vt 0.84648 0.98948
vt 0.8797 0.99896
vt 0.83264 0.99037
vt 0.812 0.99016
vt 0.81989 0.99048
vt 0.79389 0.98421
vt 0.80266 0.98859
vt 0.83354 0.99859
vt 0.783 0.98352
vt 0.77102 0.98312
vt 0.81838 0.99899
vt 0.77028 0.98989
vt 0.77793 0.99047
vt 0.77544 0.99944
vt 0.76427 0.99538
vt 0.72228 0.98192
vt 0.70085 0.98124
vt 0.75512 0.9992
vt 0.47558 0.24351
vt 0.88361 0.17438
vt 0.95288 0.82727
vt 0.94927 0.82084
vt 0.94377 0.82386
vt 0.94158 0.81552
vt 0.94606 0.81283
vt 0.94461 0.8072
vt 0.93147 0.79737
vt 0.93248 0.78053
vt 0.9338 0.76637
vt 0.93441 0.73407
vt 0.93621 0.71107
vt 0.9367 0.69808
vt 0.93801 0.67653
vt 0.93816 0.66741
vt 0.93779 0.65512
vt 0.9476 0.52668
vt 0.75362 0.68647
vt 0.76094 0.70038
vt 0.76543 0.70237
vt 0.36121 0.66066
vt 0.37458 0.70487
vt 0.37851 0.71867
vt 0.37951 0.74623
vt 0.96162 0.98918
vt 0.99464 0.51668
vt 0.95374 0.99065
vt 0.38106 0.76178
vt 0.94284 0.99112
vt 0.93493 0.99075
vt 0.96061 0.99105
vt 0.95941 0.99714
vt 0.92695 0.99081
vt 0.05298 0.36904
vt 0.05114 0.36682
vt 0.91424 0.9912
vt 0.90386 0.99066
vt 0.89079 0.99062
vt 0.87815 0.99048
vt 0.86657 0.98981
vt 0.79505 0.98941
vt 0.75762 0.98943
vt 0.73502 0.98208
vt 0.75223 0.99038
vt 0.73661 0.98964
vt 0.72568 0.98962
vt 0.71384 0.98445
vt 0.70637 0.98503
vt 0.74753 0.99107
vt 0.69899 0.98506
vt 0.41018 0.83749
vt 0.70307 0.98549
vt 0.71574 0.99243
vt 0.70437 0.9935
vt 0.8807 0.05009
vt 0.88147 0.08047
vt 0.88236 0.15564
vt 0.87948 0.18138
vt 0.88573 0.183
vt 0.93266 0.80224
vt 0.9296 0.79211
vt 0.93259 0.74213
vt 0.93105 0.75494
vt 0.92547 0.74031
vt 0.92644 0.71389
vt 0.92409 0.70943
vt 0.92397 0.6951
vt 0.93952 0.6342
vt 0.92481 0.6837
vt 0.92496 0.66889
vt 0.92787 0.65441
vt 0.94006 0.61151
vt 0.9252 0.64898
vt 0.94114 0.59737
vt 0.92606 0.63576
vt 0.94084 0.57975
vt 0.92679 0.61516
vt 0.93041 0.60701
vt 0.92755 0.59805
vt 0.93047 0.58379
vt 0.92806 0.58058
vt 0.94157 0.53318
vt 0.93781 0.53816
vt 0.93168 0.55095
vt 0.93006 0.54216
vt 0.93263 0.53826
vt 0.93125 0.53331
vt 0.36238 0.67036
vt 0.36919 0.69565
vt 0.96692 0.9857
vt 0.96969 0.98603
vt 0.99553 0.51845
vt 0.96818 0.99094
vt 0.9681 0.99287
vt 0.38851 0.77004
vt 0.96627 0.99854
vt 0.70211 0.98868
vt 0.70752 0.98816
vt 0.71802 0.99051
vt 0.70441 0.98957
vt 0.96999 0.943
vt 0.96891 0.94611
vt 0.97315 0.94558
vt 0.88114 0.02838
vt 0.87557 0.03235
vt 0.87525 0.04015
vt 0.88184 0.12684
vt 0.8778 0.16277
vt 0.87571 0.16611
vt 0.93338 0.81755
vt 0.93279 0.81206
vt 0.92963 0.78127
vt 0.92993 0.77163
vt 0.92181 0.79959
vt 0.92526 0.7744
vt 0.92324 0.78601
vt 0.92658 0.76542
vt 0.9295 0.74444
vt 0.93223 0.72922
vt 0.92777 0.72915
vt 0.93164 0.71731
vt 0.93194 0.70737
vt 0.93305 0.69724
vt 0.93222 0.6827
vt 0.93475 0.66054
vt 0.93255 0.66527
vt 0.93333 0.65162
vt 0.93331 0.64088
vt 0.93549 0.62402
vt 0.93508 0.61279
vt 0.9352 0.601
vt 0.93495 0.59404
vt 0.93675 0.58051
vt 0.93808 0.5761
vt 0.93775 0.55594
vt 0.93584 0.5652
vt 0.93716 0.54737
vt 0.75615 0.67863
vt 0.93216 0.53031
vt 0.36073 0.65089
vt 0.35467 0.65032
vt 0.36502 0.68407
vt 0.36862 0.70806
vt 0.37238 0.72686
vt 0.0598 0.36202
vt 0.4141 0.83589
vt 0.96549 0.94484
vt 0.9675 0.93625
vt 0.97427 0.93347
vt 0.87568 0.04958
vt 0.87843 0.19249
vt 0.45544 0.67749
vt 0.45362 0.68239
vt 0.4503 0.68102
vt 0.45013 0.68419
vt 0.92779 0.79299
vt 0.75621 0.69669
vt 0.91917 0.52571
vt 0.35513 0.68428
vt 0.97213 0.93217
vt 0.97671 0.93576
vt 0.98035 0.94104
vt 0.41636 0.81179
vt 0.46857 0.22211
vt 0.87151 0.02532
vt 0.87642 0.07869
vt 0.87646 0.10183
vt 0.87842 0.13539
vt 0.87453 0.15106
vt 0.46521 0.91028
vt 0.46348 0.91115
vt 0.46612 0.91815
vt 0.92727 0.80219
vt 0.45004 0.67629
vt 0.44577 0.68033
vt 0.82216 0.53401
vt 0.16083 0.31363
vt 0.16349 0.30164
vt 0.165 0.30435
vt 0.7535 0.69191
vt 0.34777 0.63891
vt 0.34995 0.65485
vt 0.3585 0.70187
vt 0.3704 0.73985
vt 0.06562 0.36637
vt 0.05959 0.35738
vt 0.06094 0.3469
vt 0.6163 0.27093
vt 0.61733 0.2668
vt 0.61153 0.27272
vt 0.98141 0.92846
vt 0.86849 0.03302
vt 0.87092 0.04625
vt 0.87311 0.1377
vt 0.44264 0.86325
vt 0.16147 0.32069
vt 0.16434 0.31116
vt 0.3466 0.66705
vt 0.36254 0.712
vt 0.36508 0.72487
vt 0.37243 0.74891
vt 0.3763 0.77324
vt 0.77383 0.72921
vt 0.87274 0.07558
vt 0.87338 0.11398
vt 0.8731 0.1635
vt 0.87126 0.1744
vt 0.87079 0.18167
vt 0.3454 0.83391
vt 0.47387 0.96112
vt 0.46863 0.96399
vt 0.16724 0.32292
vt 0.16627 0.31828
vt 0.16615 0.31306
vt 0.16832 0.29527
vt 0.1666 0.29295
vt 0.33815 0.62881
vt 0.33907 0.63215
vt 0.34383 0.64397
vt 0.35026 0.67654
vt 0.06526 0.36835
vt 0.60984 0.28145
vt 0.42602 0.83312
vt 0.87042 0.07096
vt 0.87173 0.11253
vt 0.87172 0.15488
vt 0.85729 0.18811
vt 0.4364 0.65662
vt 0.4581 0.6679
vt 0.44139 0.67611
vt 0.43779 0.66944
vt 0.17473 0.28543
vt 0.1669 0.28554
vt 0.17 0.28241
vt 0.339 0.62617
vt 0.33646 0.6335
vt 0.33937 0.63865
vt 0.34356 0.65936
vt 0.3539 0.69173
vt 0.37327 0.76496
vt 0.61877 0.27927
vt 0.86214 0.03271
vt 0.8669 0.07351
vt 0.86897 0.13309
vt 0.86408 0.17913
vt 0.45989 0.66246
vt 0.47315 0.96571
vt 0.48219 0.9676
vt 0.17676 0.30802
vt 0.17603 0.30304
vt 0.17163 0.29544
vt 0.37211 0.77227
vt 0.06995 0.35865
vt 0.07028 0.34651
vt 0.8638 0.02387
vt 0.86041 0.02658
vt 0.86298 0.14483
vt 0.44043 0.65198
vt 0.48441 0.95143
vt 0.48175 0.96096
vt 0.17671 0.31239
vt 0.48307 0.9717
vt 0.17549 0.28854
vt 0.3301 0.64481
vt 0.33619 0.6503
vt 0.34056 0.66501
vt 0.34298 0.67421
vt 0.34493 0.68337
vt 0.34938 0.70467
vt 0.06907 0.37016
vt 0.60669 0.28703
vt 0.86274 0.08136
vt 0.86252 0.12584
vt 0.42791 0.6671
vt 0.17926 0.29755
vt 0.33218 0.62033
vt 0.33249 0.63226
vt 0.347 0.69294
vt 0.61111 0.28975
vt 0.61773 0.289
vt 0.85979 0.03729
vt 0.85982 0.05033
vt 0.86077 0.0891
vt 0.44395 0.6463
vt 0.48663 0.96641
vt 0.18577 0.30915
vt 0.18273 0.28252
vt 0.33018 0.6248
vt 0.3514 0.71846
vt 0.35619 0.74355
vt 0.35828 0.75672
vt 0.82085 0.83244
vt 0.99871 0.39868
vt 0.61358 0.29195
vt 0.59755 0.29781
vt 0.85782 0.0931
vt 0.85996 0.14021
vt 0.85397 0.18288
vt 0.18605 0.29904
vt 0.1871 0.29581
vt 0.3263 0.61789
vt 0.32394 0.62562
vt 0.32974 0.67569
vt 0.36674 0.80593
vt 0.37002 0.81933
vt 0.36582 0.81684
vt 0.84727 0.02361
vt 0.84799 0.02629
vt 0.85224 0.06669
vt 0.85489 0.15759
vt 0.85498 0.17427
vt 0.49307 0.92668
vt 0.32008 0.83281
vt 0.50296 0.95732
vt 0.49987 0.96218
vt 0.49519 0.96556
vt 0.18954 0.30191
vt 0.18902 0.29081
vt 0.3395 0.70426
vt 0.34482 0.72799
vt 0.34772 0.74277
vt 0.35358 0.7531
vt 0.35697 0.77283
vt 0.97914 0.39257
vt 0.98793 0.39266
vt 0.99712 0.39272
vt 0.61081 0.29698
vt 0.84707 0.04081
vt 0.42591 0.66175
vt 0.49518 0.97235
vt 0.18923 0.3126
vt 0.18975 0.27791
vt 0.19061 0.27063
vt 0.32398 0.6383
vt 0.32221 0.64202
vt 0.3247 0.65114
vt 0.33235 0.68974
vt 0.34089 0.71365
vt 0.35583 0.78749
vt 0.3606 0.81092
vt 0.36847 0.84701
vt 0.37547 0.84522
vt 0.37005 0.85294
vt 0.37747 0.85161
vt 0.37088 0.86013
vt 0.37893 0.85698
vt 0.37362 0.86561
vt 0.96538 0.39135
vt 0.60797 0.30144
vt 0.97182 0.90222
vt 0.85154 0.09697
vt 0.49772 0.96987
vt 0.19313 0.27336
vt 0.32194 0.61628
vt 0.31546 0.61826
vt 0.31838 0.63232
vt 0.34528 0.73466
vt 0.35151 0.75633
vt 0.35306 0.77123
vt 0.15491 0.07282
vt 0.14452 0.07287
vt 0.16737 0.07233
vt 0.36289 0.82281
vt 0.36565 0.83493
vt 0.96865 0.87668
vt 0.85076 0.16125
vt 0.43211 0.64041
vt 0.31428 0.61529
vt 0.31711 0.62172
vt 0.32713 0.66593
vt 0.33002 0.68259
vt 0.33431 0.69766
vt 0.33593 0.70452
vt 0.09167 0.07874
vt 0.08663 0.07474
vt 0.09296 0.07593
vt 0.10105 0.07537
vt 0.34737 0.75794
vt 0.36627 0.84901
vt 0.36908 0.85637
vt 0.08664 0.34901
vt 0.98974 0.38328
vt 0.99476 0.38713
vt 0.84297 0.02493
vt 0.84729 0.07132
vt 0.84823 0.17515
vt 0.84418 0.18477
vt 0.49776 0.92053
vt 0.42838 0.64551
vt 0.42535 0.64993
vt 0.50499 0.9494
vt 0.1964 0.30437
vt 0.19873 0.3007
vt 0.19908 0.29567
vt 0.31171 0.62562
vt 0.95911 0.89927
vt 0.32106 0.6534
vt 0.33869 0.71758
vt 0.07521 0.07749
vt 0.09916 0.0795
vt 0.11545 0.07788
vt 0.12879 0.07401
vt 0.12824 0.07739
vt 0.14792 0.07575
vt 0.17128 0.07537
vt 0.17894 0.07292
vt 0.18997 0.07681
vt 0.36273 0.83506
vt 0.95194 0.38974
vt 0.9575 0.3829
vt 0.97942 0.38219
vt 0.99739 0.38706
vt 0.9658 0.90594
vt 0.98115 0.90625
vt 0.84574 0.11678
vt 0.84626 0.15355
vt 0.84104 0.18058
vt 0.49833 0.91767
vt 0.84479 0.19058
vt 0.50392 0.93753
vt 0.19858 0.27258
vt 0.19619 0.27592
vt 0.19922 0.2863
vt 0.31353 0.599
vt 0.31578 0.64291
vt 0.00954 0.07468
vt 0.0233 0.07286
vt 0.01856 0.07439
vt 0.01793 0.08074
vt 0.02843 0.07664
vt 0.03331 0.07327
vt 0.03991 0.07502
vt 0.04733 0.07515
vt 0.04839 0.07986
vt 0.05532 0.07578
vt 0.06221 0.07645
vt 0.06084 0.08342
vt 0.06639 0.08386
vt 0.07617 0.08409
vt 0.32162 0.71323
vt 0.32327 0.71097
vt 0.32422 0.7206
vt 0.08875 0.08422
vt 0.10001 0.08601
vt 0.32346 0.73732
vt 0.3256 0.73304
vt 0.32591 0.74445
vt 0.11024 0.08644
vt 0.32697 0.75475
vt 0.3243 0.75006
vt 0.12284 0.08756
vt 0.13388 0.08555
vt 0.15118 0.0797
vt 0.13626 0.09138
vt 0.15384 0.08293
vt 0.1691 0.0789
vt 0.14114 0.09217
vt 0.17135 0.08319
vt 0.18282 0.07894
vt 0.14592 0.0953
vt 0.17077 0.0871
vt 0.18416 0.08313
vt 0.1929 0.07934
vt 0.1987 0.08449
vt 0.20347 0.07901
vt 0.20625 0.08624
vt 0.21181 0.08507
vt 0.36559 0.85995
vt 0.90537 0.23688
vt 0.95963 0.38086
vt 0.19773 0.09816
vt 0.96684 0.38108
vt 0.84138 0.03183
vt 0.84388 0.06752
vt 0.84401 0.16507
vt 0.26828 0.90496
vt 0.3092 0.62135
vt 0.31489 0.64772
vt 0.01025 0.07983
vt 0.03022 0.08165
vt 0.03697 0.08189
vt 0.04207 0.08296
vt 0.0482 0.08417
vt 0.05471 0.08502
vt 0.06177 0.08558
vt 0.321 0.70669
vt 0.32187 0.722
vt 0.32325 0.73092
vt 0.32478 0.75847
vt 0.32534 0.76547
vt 0.12035 0.0899
vt 0.12598 0.0904
vt 0.32633 0.77118
vt 0.32823 0.78144
vt 0.32715 0.77689
vt 0.32624 0.78175
vt 0.32713 0.7865
vt 0.32947 0.78615
vt 0.32929 0.78956
vt 0.1436 0.09474
vt 0.32999 0.79171
vt 0.32863 0.7927
vt 0.14736 0.09742
vt 0.16239 0.09526
vt 0.17376 0.09367
vt 0.19448 0.08665
vt 0.33071 0.79401
vt 0.3321 0.79495
vt 0.19293 0.09057
vt 0.16612 0.09752
vt 0.19171 0.09343
vt 0.20775 0.09094
vt 0.36504 0.86689
vt 0.59606 0.30909
vt 0.84228 0.0853
vt 0.84334 0.14834
vt 0.84215 0.17511
vt 0.52064 0.06295
vt 0.52142 0.05652
vt 0.52142 0.07075
vt 0.50599 0.93461
vt 0.21346 0.30508
vt 0.20043 0.27289
vt 0.20081 0.26759
vt 0.20489 0.29872
vt 0.30575 0.618
vt 0.30559 0.64429
vt 0.00601 0.08109
vt 0.00195 0.07838
vt 0.31418 0.6525
vt 0.31655 0.6561
vt 0.31477 0.66086
vt 0.31751 0.66361
vt 0.31573 0.67051
vt 0.31862 0.67558
vt 0.31548 0.6783
vt 0.31959 0.68211
vt 0.3197 0.6872
vt 0.31654 0.68503
vt 0.31978 0.69331
vt 0.31645 0.71154
vt 0.31689 0.73317
vt 0.3186 0.7611
vt 0.32032 0.77785
vt 0.20397 0.09325
vt 0.21223 0.09034
vt 0.36083 0.8629
vt 0.36347 0.86945
vt 0.96164 0.37926
vt 0.99325 0.37484
vt 0.8372 0.02797
vt 0.8388 0.03811
vt 0.84019 0.07122
vt 0.84071 0.10463
vt 0.84159 0.16322
vt 0.83867 0.16987
vt 0.41451 0.65212
vt 0.51336 0.95652
vt 0.51699 0.97264
vt 0.20799 0.27427
vt 0.20713 0.27092
vt 0.20419 0.30229
vt 0.30931 0.64762
vt 0.31989 0.79166
vt 0.25516 0.14624
vt 0.25826 0.14134
vt 0.25428 0.14176
vt 0.25644 0.13533
vt 0.35985 0.86996
vt 0.95871 0.37738
vt 0.4817 0.2083
vt 0.4778 0.2083
vt 0.47945 0.20988
vt 0.97814 0.37438
vt 0.99632 0.37332
vt 0.83299 0.02348
vt 0.8353 0.04061
vt 0.83681 0.0445
vt 0.83666 0.07106
vt 0.8346 0.05413
vt 0.83685 0.09281
vt 0.83758 0.13869
vt 0.83746 0.16482
vt 0.837 0.17318
vt 0.82849 0.18232
vt 0.83276 0.19026
vt 0.51445 0.96253
vt 0.51932 0.97984
vt 0.21791 0.2833
vt 0.20761 0.26761
vt 0.20887 0.29447
vt 0.3025 0.63303
vt 0.31496 0.78623
vt 0.96109 0.37536
vt 0.60301 0.31334
vt 0.83043 0.02607
vt 0.83418 0.077
vt 0.8346 0.12703
vt 0.83547 0.15898
vt 0.83546 0.17026
vt 0.4229 0.63188
vt 0.41437 0.64216
vt 0.51677 0.96801
vt 0.29954 0.61506
vt 0.29808 0.61655
vt 0.3035 0.65697
vt 0.30579 0.67967
vt 0.91338 0.25381
vt 0.97085 0.36636
vt 0.96542 0.88085
vt 0.81553 0.02657
vt 0.83018 0.17089
vt 0.41678 0.63102
vt 0.51597 0.93274
vt 0.51611 0.94676
vt 0.29655 0.64799
vt 0.97567 0.36834
vt 0.81928 0.04067
vt 0.82796 0.17596
vt 0.51717 0.93618
vt 0.39383 0.64446
vt 0.28064 0.83286
vt 0.22031 0.2891
vt 0.29511 0.62271
vt 0.30914 0.79572
vt 0.27286 0.13789
vt 0.95779 0.36236
vt 0.96286 0.36232
vt 0.99545 0.35439
vt 0.41011 0.6298
vt 0.21684 0.2723
vt 0.22344 0.3023
vt 0.29016 0.64301
vt 0.28303 0.67129
vt 0.91711 0.25557
vt 0.99337 0.3616
vt 0.58794 0.32168
vt 0.8199 0.0826
vt 0.82039 0.12642
vt 0.82211 0.15956
vt 0.81786 0.18687
vt 0.41255 0.62476
vt 0.81425 0.91503
vt 0.5285 0.9602
vt 0.28671 0.65895
vt 0.29252 0.69302
vt 0.2932 0.72866
vt 0.92185 0.26269
vt 0.97232 0.86985
vt 0.97588 0.86035
vt 0.82067 0.19103
vt 0.52598 0.94319
vt 0.53182 0.97097
vt 0.28912 0.63487
vt 0.29778 0.78622
vt 0.2971 0.80998
vt 0.30364 0.8147
vt 0.58511 0.31806
vt 0.82191 0.17684
vt 0.03112 0.42706
vt 0.03135 0.38016
vt 0.03246 0.37352
vt 0.27317 0.61404
vt 0.30276 0.81068
vt 0.59475 0.32908
vt 0.98065 0.85806
vt 0.52755 0.95106
vt 0.23603 0.29821
vt 0.29255 0.7644
vt 0.95776 0.35255
vt 0.98552 0.34982
vt 0.79967 0.17005
vt 0.38797 0.62922
vt 0.37007 0.62387
vt 0.26587 0.83487
vt 0.25067 0.26896
vt 0.25353 0.26776
vt 0.27774 0.68602
vt 0.28981 0.13695
vt 0.28556 0.13361
vt 0.27056 0.13086
vt 0.28407 0.12926
vt 0.99371 0.34063
vt 0.79746 0.08218
vt 0.03307 0.38616
vt 0.29809 0.82011
vt 0.29385 0.82049
vt 0.28911 0.14113
vt 0.95424 0.349
vt 0.80462 0.17769
vt 0.80909 0.1818
vt 0.39421 0.61371
vt 0.39785 0.62131
vt 0.23833 0.27524
vt 0.24338 0.30426
vt 0.28438 0.80934
vt 0.97542 0.34111
vt 0.97812 0.85524
vt 0.5573 0.94871
vt 0.54149 0.96855
vt 0.24167 0.28765
vt 0.54929 0.97843
vt 0.26808 0.6393
vt 0.25329 0.64798
vt 0.28027 0.72657
vt 0.2967 0.14574
vt 0.95432 0.32952
vt 0.96671 0.851
vt 0.79865 0.15383
vt 0.55015 0.96548
vt 0.23663 0.3012
vt 0.26791 0.6234
vt 0.27552 0.64167
vt 0.28171 0.75328
vt 0.2891 0.81815
vt 0.95385 0.33745
vt 0.58369 0.34428
vt 0.58109 0.33294
vt 0.78271 0.02555
vt 0.79826 0.12171
vt 0.8002 0.19249
vt 0.55846 0.95635
vt 0.25121 0.27163
vt 0.28283 0.80055
vt 0.96918 0.85701
vt 0.79099 0.18302
vt 0.25305 0.27315
vt 0.55341 0.9735
vt 0.0331 0.4265
vt 0.28414 0.77444
vt 0.02522 0.83281
vt 0.29935 0.15169
vt 0.98754 0.33592
vt 0.97252 0.86139
vt 0.3665 0.6263
vt 0.5621 0.97069
vt 0.27109 0.66169
vt 0.28336 0.82242
vt 0.2855 0.82341
vt 0.96293 0.32526
vt 0.37766 0.61377
vt 0.30229 0.13705
vt 0.30207 0.12925
vt 0.96768 0.3239
vt 0.99482 0.31961
vt 0.5777 0.35699
vt 0.56754 0.35037
vt 0.56864 0.34108
vt 0.79204 0.17621
vt 0.25756 0.2965
vt 0.24796 0.61366
vt 0.24989 0.67026
vt 0.26603 0.74969
vt 0.30342 0.12579
vt 0.95037 0.32941
vt 0.95568 0.32531
vt 0.97953 0.32529
vt 0.37832 0.6093
vt 0.25604 0.28607
vt 0.26222 0.78216
vt 0.26786 0.80909
vt 0.27664 0.82036
vt 0.79068 0.11643
vt 0.79274 0.16465
vt 0.37322 0.61938
vt 0.25103 0.6403
vt 0.78535 0.18723
vt 0.24896 0.83352
vt 0.24607 0.60102
vt 0.24912 0.66207
vt 0.26684 0.72251
vt 0.02193 0.80642
vt 0.0225 0.8223
vt 0.78177 0.03529
vt 0.7851 0.08598
vt 0.56512 0.96036
vt 0.25865 0.3031
vt 0.26575 0.81906
vt 0.26458 0.82419
vt 0.31174 0.13626
vt 0.99405 0.30627
vt 0.78611 0.14905
vt 0.56587 0.93774
vt 0.56753 0.97581
vt 0.24845 0.74396
vt 0.01859 0.80358
vt 0.31486 0.12843
vt 0.95088 0.31103
vt 0.96053 0.31386
vt 0.57537 0.35688
vt 0.77224 0.183
vt 0.24718 0.61276
vt 0.32122 0.13366
vt 0.96308 0.30694
vt 0.38418 0.60057
vt 0.5668 0.94649
vt 0.56815 0.96511
vt 0.56457 0.97844
vt 0.22743 0.63918
vt 0.97464 0.82473
vt 0.97885 0.81716
vt 0.27888 0.27111
vt 0.25549 0.75039
vt 0.25979 0.80953
vt 0.02077 0.80168
vt 0.96796 0.82167
vt 0.97217 0.8231
vt 0.97703 0.82215
vt 0.7742 0.18666
vt 0.32814 0.12303
vt 0.94839 0.30418
vt 0.95343 0.30351
vt 0.95698 0.30057
vt 0.37485 0.59357
vt 0.27254 0.29631
vt 0.24876 0.82446
vt 0.57377 0.36193
vt 0.55986 0.37065
vt 0.55294 0.36755
vt 0.76603 0.13102
vt 0.36691 0.59074
vt 0.35221 0.60567
vt 0.5692 0.93069
vt 0.5661 0.93165
vt 0.5702 0.93529
vt 0.35331 0.61012
vt 0.12999 0.45652
vt 0.13279 0.45892
vt 0.13004 0.45829
vt 0.56643 0.93502
vt 0.12999 0.46206
vt 0.12812 0.46027
vt 0.27357 0.30157
vt 0.24879 0.76449
vt 0.01938 0.79399
vt 0.33776 0.13146
vt 0.98135 0.81606
vt 0.35704 0.59888
vt 0.57355 0.9297
vt 0.35153 0.61378
vt 0.5775 0.93977
vt 0.58746 0.97146
vt 0.22268 0.65105
vt 0.24376 0.79409
vt 0.2489 0.81933
vt 0.97411 0.29986
vt 0.99588 0.31295
vt 0.55615 0.36774
vt 0.75674 0.03372
vt 0.75981 0.08625
vt 0.76179 0.16736
vt 0.75812 0.18495
vt 0.58027 0.94668
vt 0.5875 0.96125
vt 0.58089 0.97691
vt 0.27505 0.30436
vt 0.235 0.6137
vt 0.22512 0.60182
vt 0.84148 0.70931
vt 0.22097 0.68177
vt 0.22865 0.68946
vt 0.33156 0.13611
vt 0.98722 0.30165
vt 0.21959 0.83518
vt 0.5884 0.97432
vt 0.21825 0.66432
vt 0.23962 0.81102
vt 0.33672 0.15215
vt 0.56565 0.37471
vt 0.96534 0.81857
vt 0.75944 0.18151
vt 0.36168 0.58299
vt 0.58125 0.92957
vt 0.01597 0.78774
vt 0.99597 0.29691
vt 0.03297 0.47493
vt 0.21894 0.64251
vt 0.22252 0.67182
vt 0.59084 0.93408
vt 0.59207 0.94681
vt 0.58919 0.95453
vt 0.28221 0.3035
vt 0.28288 0.29978
vt 0.23571 0.77043
vt 0.23125 0.82343
vt 0.02594 0.76105
vt 0.34559 0.57443
vt 0.3288 0.60174
vt 0.20518 0.83322
vt 0.31056 0.27475
vt 0.28278 0.30624
vt 0.28664 0.29533
vt 0.18997 0.61928
vt 0.22588 0.70461
vt 0.96396 0.27384
vt 0.74306 0.17843
vt 0.21124 0.61546
vt 0.22544 0.7464
vt 0.34493 0.12971
vt 0.36458 0.13577
vt 0.56186 0.38076
vt 0.743 0.13961
vt 0.73997 0.16986
vt 0.3304 0.60036
vt 0.59487 0.92858
vt 0.30762 0.27118
vt 0.22476 0.72334
vt 0.22589 0.81135
vt 0.01614 0.76416
vt 0.95209 0.27243
vt 0.96024 0.27049
vt 0.53404 0.39843
vt 0.97221 0.79648
vt 0.61098 0.93934
vt 0.2929 0.30282
vt 0.36615 0.13059
vt 0.02782 0.76266
vt 0.97372 0.26443
vt 0.99605 0.28935
vt 0.97445 0.79687
vt 0.34023 0.21446
vt 0.73605 0.08976
vt 0.34365 0.59101
vt 0.01871 0.76344
vt 0.35436 0.12175
vt 0.35252 0.11918
vt 0.94888 0.27923
vt 0.74298 0.1837
vt 0.34889 0.57359
vt 0.54904 0.38428
vt 0.33716 0.58448
vt 0.32979 0.58795
vt 0.60742 0.96116
vt 0.6034 0.97379
vt 0.32219 0.29175
vt 0.19077 0.64241
vt 0.19404 0.65185
vt 0.95768 0.26445
vt 0.99476 0.26691
vt 0.99639 0.26942
vt 0.29778 0.30607
vt 0.22129 0.7746
vt 0.22568 0.82753
vt 0.36766 0.12504
vt 0.9682 0.78553
vt 0.72276 0.03465
vt 0.31929 0.26839
vt 0.03076 0.49427
vt 0.72176 0.13707
vt 0.61085 0.92879
vt 0.61939 0.95373
vt 0.32239 0.27721
vt 0.73041 0.18316
vt 0.62204 0.97085
vt 0.19648 0.69567
vt 0.20279 0.81435
vt 0.3695 0.12804
vt 0.37214 0.11818
vt 0.99376 0.25364
vt 0.32836 0.58077
vt 0.62937 0.95893
vt 0.32217 0.30056
vt 0.18052 0.66614
vt 0.72075 0.18109
vt 0.33817 0.56594
vt 0.33244 0.5768
vt 0.31277 0.58626
vt 0.61639 0.9454
vt 0.32431 0.30364
vt 0.19618 0.73179
vt 0.19945 0.7643
vt 0.94869 0.25935
vt 0.33631 0.5683
vt 0.1615 0.62086
vt 0.18893 0.62988
vt 0.37573 0.12037
vt 0.02814 0.73655
vt 0.15486 0.83597
vt 0.32518 0.29634
vt 0.19317 0.64454
vt 0.1767 0.67498
vt 0.19143 0.74394
vt 0.20289 0.79622
vt 0.20015 0.82491
vt 0.5344 0.40233
vt 0.53382 0.39249
vt 0.71583 0.05438
vt 0.32663 0.28612
vt 0.01597 0.73525
vt 0.72882 0.02293
vt 0.28485 0.57225
vt 0.15352 0.83458
vt 0.6374 0.93812
vt 0.32534 0.30558
vt 0.03307 0.51265
vt 0.9612 0.24641
vt 0.96436 0.246
vt 0.97379 0.253
vt 0.53734 0.4061
vt 0.97476 0.75276
vt 0.71383 0.02355
vt 0.70827 0.17091
vt 0.32576 0.56232
vt 0.31449 0.57935
vt 0.63092 0.97311
vt 0.1828 0.61739
vt 0.95269 0.2512
vt 0.31217 0.5681
vt 0.63195 0.92657
vt 0.62941 0.93094
vt 0.19724 0.82878
vt 0.99578 0.24747
vt 0.54099 0.41455
vt 0.53589 0.42017
vt 0.71042 0.18617
vt 0.31959 0.55613
vt 0.30922 0.56896
vt 0.36723 0.27381
vt 0.33546 0.27136
vt 0.17445 0.68714
vt 0.39076 0.14922
vt 0.64444 0.94799
vt 0.17414 0.65417
vt 0.1768 0.70185
vt 0.19036 0.81492
vt 0.69797 0.02818
vt 0.69603 0.05714
vt 0.16636 0.62596
vt 0.99498 0.23914
vt 0.96929 0.75731
vt 0.97266 0.75204
vt 0.28976 0.57339
vt 0.65251 0.96806
vt 0.16681 0.63595
vt 0.17144 0.64681
vt 0.17981 0.75775
vt 0.18534 0.82415
vt 0.97374 0.2331
vt 0.98809 0.23187
vt 0.51961 0.41896
vt 0.69013 0.15834
vt 0.31105 0.55431
vt 0.29949 0.57126
vt 0.63941 0.92578
vt 0.64796 0.95614
vt 0.36587 0.27558
vt 0.18289 0.78197
vt 0.39945 0.1187
vt 0.94925 0.23167
vt 0.95219 0.23315
vt 0.9571 0.23607
vt 0.68598 0.02352
vt 0.16674 0.66577
vt 0.17764 0.72951
vt 0.01895 0.72361
vt 0.52376 0.42322
vt 0.96564 0.75402
vt 0.30623 0.55889
vt 0.65056 0.96219
vt 0.18127 0.82739
vt 0.64243 0.92996
vt 0.64239 0.93405
vt 0.35069 0.30657
vt 0.3522 0.30329
vt 0.69319 0.18195
vt 0.29098 0.56923
vt 0.64475 0.93094
vt 0.65621 0.97232
vt 0.35445 0.29585
vt 0.15871 0.64793
vt 0.18187 0.81529
vt 0.18566 0.83139
vt 0.5208 0.42282
vt 0.29416 0.55738
vt 0.646 0.93487
vt 0.35804 0.26993
vt 0.11029 0.90332
vt 0.14922 0.90237
vt 0.16109 0.67631
vt 0.95723 0.22602
vt 0.96413 0.2242
vt 0.68207 0.11455
vt 0.29785 0.5522
vt 0.16401 0.75054
vt 0.96136 0.22027
vt 0.67063 0.0656
vt 0.17389 0.82414
vt 0.1744 0.83073
vt 0.67203 0.9465
vt 0.14039 0.62742
vt 0.15755 0.65089
vt 0.16777 0.78328
vt 0.01961 0.7123
vt 0.02207 0.71107
vt 0.40698 0.12578
vt 0.40806 0.11957
vt 0.94994 0.22302
vt 0.95186 0.22317
vt 0.97054 0.22456
vt 0.99652 0.21681
vt 0.52553 0.43925
vt 0.67672 0.02554
vt 0.66141 0.95181
vt 0.37103 0.27202
vt 0.15181 0.6348
vt 0.15785 0.65699
vt 0.15652 0.68717
vt 0.15867 0.70465
vt 0.16558 0.80036
vt 0.16737 0.81393
vt 0.40804 0.13209
vt 0.41162 0.12791
vt 0.9878 0.21136
vt 0.99535 0.21165
vt 0.68559 0.18664
vt 0.70261 0.18946
vt 0.15336 0.72649
vt 0.16597 0.83062
vt 0.5163 0.43976
vt 0.96916 0.72786
vt 0.66235 0.17683
vt 0.67135 0.95758
vt 0.14876 0.74837
vt 0.02105 0.70388
vt 0.36435 0.30451
vt 0.15413 0.76645
vt 0.16365 0.81959
vt 0.95947 0.21051
vt 0.66801 0.03387
vt 0.66217 0.18151
vt 0.27512 0.53743
vt 0.67173 0.94932
vt 0.14179 0.64294
vt 0.42199 0.12635
vt 0.50573 0.44202
vt 0.96568 0.72571
vt 0.26117 0.54515
vt 0.258 0.54716
vt 0.25629 0.55049
vt 0.67263 0.97317
vt 0.66953 0.97546
vt 0.36559 0.30149
vt 0.36771 0.29805
vt 0.14945 0.65133
vt 0.15351 0.7833
vt 0.15916 0.82943
vt 0.42541 0.13284
vt 0.42388 0.12929
vt 0.96802 0.20774
vt 0.97319 0.71438
vt 0.42376 0.1208
vt 0.95338 0.20767
vt 0.66459 0.15998
vt 0.66064 0.18966
vt 0.2707 0.54082
vt 0.67724 0.95916
vt 0.67435 0.96571
vt 0.13337 0.62579
vt 0.55374 0.07777
vt 0.55371 0.07075
vt 0.54954 0.07993
vt 0.02678 0.69555
vt 0.95677 0.20537
vt 0.03154 0.69368
vt 0.97227 0.20456
vt 0.97972 0.20012
vt 0.65888 0.11959
vt 0.27475 0.53042
vt 0.13834 0.65633
vt 0.13673 0.67066
vt 0.14549 0.78445
vt 0.1546 0.80579
vt 0.65624 0.02482
vt 0.6392 0.16769
vt 0.12266 0.83575
vt 0.13656 0.68456
vt 0.14037 0.71596
vt 0.14727 0.81458
vt 0.5537 0.08726
vt 0.552 0.08458
vt 0.50696 0.4651
vt 0.2585 0.55498
vt 0.68572 0.93912
vt 0.4575 0.57079
vt 0.14353 0.81016
vt 0.15035 0.82642
vt 0.43802 0.12206
vt 0.95624 0.19371
vt 0.54925 0.09137
vt 0.54542 0.08278
vt 0.65299 0.02893
vt 0.69291 0.96793
vt 0.14438 0.80217
vt 0.54666 0.09279
vt 0.9687 0.19214
vt 0.99562 0.19189
vt 0.4927 0.47136
vt 0.65697 0.18557
vt 0.69227 0.9534
vt 0.0729 0.90579
vt 0.12973 0.64042
vt 0.12498 0.64584
vt 0.13261 0.66184
vt 0.14488 0.82482
vt 0.55162 0.09151
vt 0.43504 0.12941
vt 0.96227 0.19241
vt 0.9732 0.19319
vt 0.98412 0.18952
vt 0.97072 0.68842
vt 0.38646 0.30367
vt 0.12867 0.65416
vt 0.12288 0.69751
vt 0.13623 0.76329
vt 0.55349 0.09309
vt 0.95891 0.18912
vt 0.48944 0.47191
vt 0.96735 0.69959
vt 0.64327 0.06786
vt 0.40147 0.27165
vt 0.69622 0.97475
vt 0.39111 0.30746
vt 0.06653 0.90515
vt 0.12449 0.63149
vt 0.51348 0.45967
vt 0.26177 0.52933
vt 0.26172 0.53852
vt 0.70394 0.94791
vt 0.69799 0.96397
vt 0.12668 0.65932
vt 0.12102 0.67318
vt 0.12855 0.72824
vt 0.1287 0.79956
vt 0.13602 0.81904
vt 0.13891 0.82339
vt 0.55307 0.09937
vt 0.97823 0.18375
vt 0.63509 0.16191
vt 0.69714 0.93644
vt 0.70024 0.95854
vt 0.12123 0.61096
vt 0.12689 0.78993
vt 0.39712 0.27848
vt 0.12237 0.62736
vt 0.11463 0.63562
vt 0.11731 0.66473
vt 0.11819 0.6887
vt 0.13411 0.8084
vt 0.54925 0.10561
vt 0.44982 0.1323
vt 0.44817 0.13022
vt 0.45379 0.13748
vt 0.97435 0.68037
vt 0.63351 0.18136
vt 0.6468 0.18782
vt 0.402 0.2754
vt 0.13353 0.82134
vt 0.45294 0.12386
vt 0.63093 0.02741
vt 0.11727 0.65362
vt 0.12042 0.75385
vt 0.12033 0.81143
vt 0.55366 0.10525
vt 0.95801 0.17887
vt 0.96208 0.18036
vt 0.97362 0.17612
vt 0.98268 0.17657
vt 0.99458 0.17796
vt 0.50284 0.47329
vt 0.63194 0.17593
vt 0.24865 0.52787
vt 0.11685 0.62721
vt 0.11397 0.66158
vt 0.11763 0.76487
vt 0.12837 0.81905
vt 0.12631 0.81699
vt 0.55466 0.11094
vt 0.45739 0.1469
vt 0.26372 0.52129
vt 0.2553 0.51987
vt 0.24832 0.53364
vt 0.23581 0.53941
vt 0.40138 0.30518
vt 0.11841 0.80679
vt 0.48379 0.47496
vt 0.96752 0.68418
vt 0.7237 0.95269
vt 0.11103 0.64391
vt 0.11379 0.71288
vt 0.11836 0.79862
vt 0.54577 0.12138
vt 0.45911 0.12522
vt 0.97284 0.17295
vt 0.98174 0.17187
vt 0.63513 0.02502
vt 0.63072 0.12417
vt 0.23315 0.53195
vt 0.23229 0.52722
vt 0.08008 0.39519
vt 0.08139 0.36719
vt 0.07757 0.38993
vt 0.49059 0.58325
vt 0.71621 0.96896
vt 0.11101 0.67687
vt 0.11272 0.69259
vt 0.55575 0.11903
vt 0.55587 0.11363
vt 0.54717 0.12026
vt 0.95754 0.17257
vt 0.49914 0.47554
vt 0.63071 0.18575
vt 0.25073 0.51094
vt 0.23283 0.53507
vt 0.7124 0.93507
vt 0.71175 0.96481
vt 0.41239 0.28121
vt 0.40672 0.30833
vt 0.10833 0.63554
vt 0.10901 0.66067
vt 0.11009 0.6682
vt 0.11447 0.72752
vt 0.11822 0.78673
vt 0.5588 0.12134
vt 0.25273 0.39913
vt 0.25195 0.40119
vt 0.25195 0.39723
vt 0.45878 0.13013
vt 0.60532 0.35164
vt 0.60349 0.34485
vt 0.24286 0.52058
vt 0.41143 0.31312
vt 0.09953 0.64423
vt 0.10155 0.65279
vt 0.1147 0.75484
vt 0.90693 0.76676
vt 0.90879 0.76579
vt 0.90925 0.76719
vt 0.71776 0.93773
vt 0.41109 0.27776
vt 0.41296 0.28914
vt 0.10518 0.66528
vt 0.1101 0.69293
vt 0.11058 0.7029
vt 0.11123 0.71316
vt 0.11217 0.72854
vt 0.11363 0.76168
vt 0.11476 0.77549
vt 0.11554 0.78805
vt 0.11653 0.80039
vt 0.1179 0.81193
vt 0.60557 0.4124
vt 0.60368 0.34032
vt 0.59804 0.34095
vt 0.61369 0.02946
vt 0.62452 0.17811
vt 0.2355 0.52405
vt 0.70976 0.92835
vt 0.72021 0.94517
vt 0.41275 0.27482
vt 0.96162 0.1611
vt 0.97558 0.16235
vt 0.98563 0.16247
vt 0.9964 0.16268
vt 0.41378 0.29572
vt 0.41287 0.30726
vt 0.90771 0.1751
vt 0.89603 0.17385
vt 0.90785 0.17273
vt 0.09788 0.63977
vt 0.54901 0.13202
vt 0.99775 0.16247
vt 0.49403 0.47977
vt 0.62249 0.02614
vt 0.24572 0.51188
vt 0.7186 0.9277
vt 0.7183 0.93015
vt 0.72783 0.9586
vt 0.41897 0.2802
vt 0.09944 0.66185
vt 0.10131 0.6725
vt 0.09361 0.86383
vt 0.09602 0.85657
vt 0.0948 0.86753
vt 0.55011 0.13745
vt 0.95121 0.16121
vt 0.61903 0.09256
vt 0.62287 0.16063
vt 0.61929 0.17084
vt 0.41662 0.30479
vt 0.09325 0.83917
vt 0.096 0.83462
vt 0.09509 0.84757
vt 0.09375 0.85437
vt 0.54516 0.1379
vt 0.94743 0.15951
vt 0.97738 0.157
vt 0.99786 0.1556
vt 0.61939 0.12072
vt 0.72379 0.92812
vt 0.72609 0.93782
vt 0.72657 0.94623
vt 0.72939 0.96495
vt 0.09207 0.65132
vt 0.09938 0.68339
vt 0.09783 0.69235
vt 0.09745 0.70176
vt 0.0957 0.70216
vt 0.09654 0.71102
vt 0.09494 0.71096
vt 0.09534 0.72059
vt 0.09363 0.77791
vt 0.09457 0.78782
vt 0.09192 0.78544
vt 0.09395 0.79787
vt 0.09421 0.80831
vt 0.09237 0.80971
vt 0.09401 0.81855
vt 0.09366 0.82809
vt 0.0904 0.84871
vt 0.09017 0.85564
vt 0.08953 0.86174
vt 0.08843 0.86996
vt 0.55186 0.14301
vt 0.55386 0.14261
vt 0.95485 0.15514
vt 0.544 0.14204
vt 0.9613 0.15507
vt 0.40131 0.55841
vt 0.40211 0.55692
vt 0.39847 0.55852
vt 0.96555 0.1539
vt 0.99206 0.15213
vt 0.99563 0.15661
vt 0.47274 0.49294
vt 0.61096 0.17885
vt 0.61716 0.18462
vt 0.72289 0.92597
vt 0.72699 0.92936
vt 0.42538 0.28605
vt 0.42829 0.2971
vt 0.91783 0.1751
vt 0.08971 0.64803
vt 0.0924 0.68005
vt 0.09091 0.68972
vt 0.09347 0.71749
vt 0.09264 0.72771
vt 0.09497 0.7321
vt 0.0924 0.7368
vt 0.09427 0.74693
vt 0.09201 0.74661
vt 0.09187 0.75751
vt 0.09427 0.75665
vt 0.0918 0.76607
vt 0.09387 0.76574
vt 0.09132 0.77614
vt 0.09107 0.79683
vt 0.09084 0.81908
vt 0.091 0.82759
vt 0.09075 0.83726
vt 0.40818 0.5624
vt 0.40279 0.56257
vt 0.48079 0.48621
vt 0.98022 0.66203
vt 0.72586 0.92571
vt 0.42772 0.30705
vt 0.42233 0.30304
vt 0.42252 0.27757
vt 0.04481 0.91091
vt 0.08779 0.69908
vt 0.0865 0.70974
vt 0.0882 0.77133
vt 0.08874 0.79354
vt 0.09048 0.80626
vt 0.85277 0.86703
vt 0.85116 0.86341
vt 0.85139 0.85804
vt 0.84774 0.85806
vt 0.29752 0.32651
vt 0.3024 0.32351
vt 0.30137 0.32679
vt 0.5588 0.14348
vt 0.08731 0.85763
vt 0.40777 0.56773
vt 0.97752 0.15125
vt 0.99961 0.15084
vt 0.48786 0.48915
vt 0.60812 0.15759
vt 0.22822 0.49873
vt 0.21791 0.51261
vt 0.22354 0.52806
vt 0.72725 0.92609
vt 0.07943 0.40688
vt 0.0736 0.40208
vt 0.73221 0.96824
vt 0.42784 0.31198
vt 0.08601 0.63515
vt 0.08717 0.65894
vt 0.08941 0.67638
vt 0.08618 0.71824
vt 0.08901 0.74216
vt 0.08896 0.75557
vt 0.08855 0.8164
vt 0.08859 0.83159
vt 0.08802 0.84565
vt 0.85527 0.87075
vt 0.29398 0.3251
vt 0.29687 0.32318
vt 0.70104 0.26313
vt 0.69434 0.25704
vt 0.68445 0.26244
vt 0.41313 0.56738
vt 0.41439 0.57074
vt 0.0857 0.8696
vt 0.66784 0.29237
vt 0.66019 0.29879
vt 0.95528 0.15207
vt 0.39698 0.5689
vt 0.6507 0.21778
vt 0.96894 0.15032
vt 0.64782 0.2083
vt 0.3951 0.55906
vt 0.39113 0.55859
vt 0.38649 0.56216
vt 0.66287 0.30391
vt 0.6646 0.31578
vt 0.98984 0.14876
vt 0.97092 0.6624
vt 0.72619 0.92207
vt 0.73502 0.95175
vt 0.43134 0.28681
vt 0.42847 0.28145
vt 0.08392 0.65842
vt 0.64195 0.38017
vt 0.63773 0.38033
vt 0.63671 0.38825
vt 0.08483 0.70056
vt 0.0827 0.71655
vt 0.73768 0.20304
vt 0.74302 0.19377
vt 0.72489 0.20859
vt 0.73155 0.20956
vt 0.71888 0.21826
vt 0.71543 0.21787
vt 0.70483 0.22968
vt 0.72293 0.2259
vt 0.73335 0.21309
vt 0.71317 0.2265
vt 0.70904 0.23491
vt 0.70017 0.23768
vt 0.68755 0.24429
vt 0.68683 0.24884
vt 0.70421 0.242
vt 0.67825 0.25714
vt 0.67005 0.26027
vt 0.69529 0.2483
vt 0.82827 0.69605
vt 0.83917 0.69605
vt 0.83446 0.69526
vt 0.69125 0.25403
vt 0.67568 0.2627
vt 0.66417 0.27006
vt 0.6584 0.27111
vt 0.86098 0.86473
vt 0.86094 0.85827
vt 0.86098 0.8534
vt 0.71652 0.24075
vt 0.71234 0.23917
vt 0.71253 0.24391
vt 0.70804 0.24881
vt 0.69946 0.25406
vt 0.65523 0.27913
vt 0.85838 0.86968
vt 0.66455 0.27354
vt 0.65677 0.28157
vt 0.64866 0.28239
vt 0.72657 0.23647
vt 0.72407 0.23833
vt 0.7277 0.23923
vt 0.03466 0.79249
vt 0.03621 0.79322
vt 0.03466 0.79644
vt 0.69964 0.25696
vt 0.66859 0.27481
vt 0.29133 0.32815
vt 0.29402 0.32965
vt 0.65908 0.28388
vt 0.64518 0.29338
vt 0.64174 0.29306
vt 0.30284 0.33359
vt 0.30558 0.33108
vt 0.71973 0.24898
vt 0.7152 0.25093
vt 0.71741 0.25377
vt 0.30886 0.32952
vt 0.41317 0.57702
vt 0.65156 0.29202
vt 0.65631 0.29376
vt 0.64181 0.30078
vt 0.63686 0.3049
vt 0.65462 0.29996
vt 0.63821 0.31374
vt 0.63512 0.31849
vt 0.65364 0.30827
vt 0.38949 0.56418
vt 0.65947 0.32218
vt 0.99708 0.14767
vt 0.96774 0.66218
vt 0.97503 0.66248
vt 0.60676 0.05841
vt 0.60805 0.12173
vt 0.60566 0.18823
vt 0.7337 0.92994
vt 0.73426 0.93803
vt 0.73512 0.94453
vt 0.73623 0.96564
vt 0.43453 0.30096
vt 0.42701 0.27846
vt 0.64214 0.39285
vt 0.08086 0.66863
vt 0.0806 0.7211
vt 0.73995 0.2054
vt 0.81347 0.76324
vt 0.81619 0.75546
vt 0.816 0.75905
vt 0.73766 0.20819
vt 0.74369 0.20862
vt 0.73998 0.21401
vt 0.74719 0.20997
vt 0.74291 0.21611
vt 0.73416 0.2234
vt 0.73262 0.23026
vt 0.72736 0.23231
vt 0.72196 0.23532
vt 0.73537 0.23361
vt 0.73062 0.23617
vt 0.71212 0.247
vt 0.53622 0.32444
vt 0.54184 0.32534
vt 0.54273 0.32213
vt 0.28735 0.32983
vt 0.22936 0.15361
vt 0.53388 0.32767
vt 0.54252 0.32625
vt 0.544 0.32767
vt 0.29261 0.33294
vt 0.7154 0.25608
vt 0.6487 0.30019
vt 0.64548 0.30725
vt 0.64324 0.31567
vt 0.63554 0.3319
vt 0.64395 0.3375
vt 0.98173 0.14713
vt 0.6639 0.33045
vt 0.99749 0.14269
vt 0.48765 0.49427
vt 0.48953 0.49268
vt 0.4814 0.49404
vt 0.20863 0.20147
vt 0.60316 0.03011
vt 0.60612 0.04063
vt 0.60726 0.08476
vt 0.60332 0.16839
vt 0.21364 0.51694
vt 0.7366 0.95728
vt 0.08056 0.64405
vt 0.75099 0.1917
vt 0.74879 0.19192
vt 0.74678 0.19503
vt 0.74989 0.19691
vt 0.75489 0.19316
vt 0.8159 0.76266
vt 0.75598 0.19645
vt 0.81945 0.75534
vt 0.75394 0.20119
vt 0.75051 0.20335
vt 0.74139 0.20694
vt 0.67562 0.99249
vt 0.67562 0.99486
vt 0.67251 0.99389
vt 0.75 0.21107
vt 0.75597 0.20597
vt 0.2507 0.33272
vt 0.25329 0.33019
vt 0.25622 0.33169
vt 0.74969 0.214
vt 0.74368 0.21995
vt 0.26554 0.33109
vt 0.26472 0.3342
vt 0.27179 0.33199
vt 0.7406 0.22495
vt 0.73804 0.22891
vt 0.28249 0.3326
vt 0.28628 0.33517
vt 0.41454 0.57625
vt 0.71459 0.26125
vt 0.30686 0.33526
vt 0.71851 0.25942
vt 0.31223 0.33383
vt 0.30946 0.33645
vt 0.71748 0.26362
vt 0.64363 0.32941
vt 0.6509 0.32498
vt 0.9897 0.14295
vt 0.48908 0.49736
vt 0.19751 0.20004
vt 0.60377 0.18127
vt 0.07945 0.19249
vt 0.73323 0.91468
vt 0.74035 0.9189
vt 0.74174 0.96268
vt 0.43539 0.29178
vt 0.43445 0.2833
vt 0.03268 0.91751
vt 0.08097 0.65204
vt 0.63227 0.39779
vt 0.63617 0.40313
vt 0.07504 0.68112
vt 0.66144 0.40959
vt 0.8187 0.76157
vt 0.82286 0.76007
vt 0.75974 0.19765
vt 0.7577 0.20309
vt 0.23481 0.33101
vt 0.24108 0.33391
vt 0.23745 0.33531
vt 0.24505 0.33369
vt 0.24941 0.33598
vt 0.25519 0.33591
vt 0.2768 0.33221
vt 0.9023 0.67619
vt 0.90837 0.67387
vt 0.901 0.66956
vt 0.90609 0.66759
vt 0.41395 0.58179
vt 0.29212 0.33733
vt 0.29966 0.33861
vt 0.3988 0.58288
vt 0.31737 0.33469
vt 0.317 0.33721
vt 0.64656 0.32551
vt 0.65384 0.33294
vt 0.63777 0.34065
vt 0.48803 0.50031
vt 0.48541 0.50069
vt 0.6026 0.17205
vt 0.08119 0.42179
vt 0.74525 0.96011
vt 0.43229 0.31427
vt 0.07661 0.65562
vt 0.07383 0.66405
vt 0.07669 0.66755
vt 0.0734 0.67816
vt 0.64413 0.40365
vt 0.82184 0.76179
vt 0.65767 0.42234
vt 0.24457 0.33828
vt 0.28484 0.33926
vt 0.41289 0.58514
vt 0.30408 0.3401
vt 0.30659 0.33991
vt 0.64717 0.33399
vt 0.65956 0.33856
vt 0.64179 0.34929
vt 0.63563 0.34816
vt 0.47429 0.49838
vt 0.63797 0.35037
vt 0.60162 0.04296
vt 0.60301 0.0605
vt 0.60368 0.12459
vt 0.59706 0.14836
vt 0.60184 0.15978
vt 0.75071 0.92426
vt 0.74611 0.94477
vt 0.44286 0.31374
vt 0.44269 0.30637
vt 0.44236 0.29902
vt 0.43928 0.29162
vt 0.82414 0.76324
vt 0.04322 0.16536
vt 0.82749 0.76005
vt 0.82602 0.75851
vt 0.23745 0.33965
vt 0.25122 0.3421
vt 0.2542 0.33916
vt 0.26447 0.3423
vt 0.89434 0.67386
vt 0.89754 0.66977
vt 0.9153 0.71616
vt 0.91542 0.7082
vt 0.29246 0.33992
vt 0.40165 0.59114
vt 0.30082 0.34269
vt 0.31624 0.34269
vt 0.39275 0.58822
vt 0.65885 0.34565
vt 0.6485 0.33962
vt 0.66657 0.3443
vt 0.48011 0.50134
vt 0.64573 0.35159
vt 0.49221 0.50658
vt 0.59804 0.03345
vt 0.59585 0.06247
vt 0.59698 0.08794
vt 0.74589 0.93386
vt 0.7457 0.95388
vt 0.43814 0.31701
vt 0.44203 0.2891
vt 0.0718 0.67166
vt 0.06935 0.65458
vt 0.63171 0.41347
vt 0.65663 0.43722
vt 0.91696 0.75156
vt 0.91706 0.74512
vt 0.91557 0.73714
vt 0.47336 0.50364
vt 0.65205 0.3491
vt 0.48379 0.50528
vt 0.67255 0.3483
vt 0.59876 0.03038
vt 0.59423 0.04506
vt 0.59672 0.11842
vt 0.59691 0.13055
vt 0.59231 0.18491
vt 0.07785 0.42885
vt 0.06891 0.69152
vt 0.63908 0.41243
vt 0.06724 0.70818
vt 0.91861 0.20073
vt 0.91484 0.20701
vt 0.90919 0.2083
vt 0.97369 0.65376
vt 0.6657 0.35351
vt 0.65681 0.35687
vt 0.64974 0.35832
vt 0.64191 0.35405
vt 0.65365 0.36101
vt 0.59326 0.0394
vt 0.5969 0.15817
vt 0.59695 0.16383
vt 0.59345 0.17671
vt 0.21886 0.48867
vt 0.21881 0.49566
vt 0.7455 0.91171
vt 0.20998 0.50615
vt 0.20821 0.51288
vt 0.5387 0.6004
vt 0.52998 0.59576
vt 0.7496 0.95614
vt 0.06716 0.6636
vt 0.06711 0.67294
vt 0.06773 0.67654
vt 0.06539 0.6875
vt 0.0633 0.69894
vt 0.06053 0.71322
vt 0.06079 0.72189
vt 0.88842 0.67656
vt 0.41472 0.59657
vt 0.41164 0.59394
vt 0.4758 0.50701
vt 0.67096 0.3623
vt 0.65502 0.36444
vt 0.6603 0.36746
vt 0.66149 0.37224
vt 0.66918 0.37992
vt 0.5882 0.03445
vt 0.59489 0.08563
vt 0.59209 0.17134
vt 0.07516 0.58142
vt 0.07516 0.58458
vt 0.0736 0.58439
vt 0.20804 0.51024
vt 0.08139 0.42883
vt 0.75494 0.93899
vt 0.75701 0.94831
vt 0.44173 0.3198
vt 0.44989 0.31643
vt 0.44902 0.30968
vt 0.44745 0.30227
vt 0.44752 0.29801
vt 0.63431 0.42187
vt 0.86572 0.5
vt 0.67428 0.36838
vt 0.67835 0.37766
vt 0.66566 0.37841
vt 0.67731 0.3894
vt 0.67072 0.38807
vt 0.58982 0.05313
vt 0.68221 0.38654
vt 0.67567 0.39899
vt 0.58942 0.08576
vt 0.59199 0.18124
vt 0.75233 0.91359
vt 0.74968 0.91068
vt 0.75525 0.92465
vt 0.75541 0.95827
vt 0.45199 0.32292
vt 0.71122 0.58764
vt 0.7039 0.59565
vt 0.71204 0.58988
vt 0.76068 0.893
vt 0.75582 0.57894
vt 0.75282 0.57051
vt 0.74613 0.58142
vt 0.24337 0.42675
vt 0.24873 0.42882
vt 0.25187 0.4313
vt 0.0634 0.68811
vt 0.62741 0.42192
vt 0.06061 0.7036
vt 0.6392 0.43178
vt 0.05724 0.72656
vt 0.6388 0.44838
vt 0.05414 0.75202
vt 0.05058 0.75699
vt 0.05262 0.76089
vt 0.91861 0.19006
vt 0.91304 0.18069
vt 0.41454 0.60366
vt 0.64936 0.50096
vt 0.68267 0.40236
vt 0.68846 0.40378
vt 0.6854 0.4064
vt 0.68604 0.41273
vt 0.68794 0.42849
vt 0.68614 0.42681
vt 0.58953 0.12152
vt 0.21292 0.49551
vt 0.20521 0.5126
vt 0.93578 0.47437
vt 0.93894 0.47421
vt 0.94258 0.4751
vt 0.75741 0.95303
vt 0.01597 0.94984
vt 0.04812 0.66099
vt 0.04929 0.6619
vt 0.04339 0.66315
vt 0.7378 0.5794
vt 0.73438 0.5878
vt 0.72863 0.58447
vt 0.02707 0.68419
vt 0.02346 0.68003
vt 0.62595 0.43432
vt 0.6219 0.42978
vt 0.62161 0.44299
vt 0.06149 0.68438
vt 0.62918 0.43294
vt 0.05676 0.71775
vt 0.63666 0.43887
vt 0.05481 0.73072
vt 0.05197 0.74607
vt 0.21924 0.3371
vt 0.04921 0.76724
vt 0.04389 0.78117
vt 0.04624 0.77893
vt 0.04883 0.78566
vt 0.40787 0.60323
vt 0.40044 0.59859
vt 0.58256 0.04901
vt 0.58493 0.07419
vt 0.69972 0.43515
vt 0.70461 0.43695
vt 0.69677 0.44044
vt 0.69399 0.44702
vt 0.71479 0.45895
vt 0.58942 0.14073
vt 0.72903 0.4797
vt 0.58831 0.16231
vt 0.75643 0.91308
vt 0.45366 0.32121
vt 0.45275 0.31373
vt 0.45092 0.30188
vt 0.71572 0.58479
vt 0.73944 0.57004
vt 0.72314 0.58075
vt 0.71939 0.58812
vt 0.62626 0.44065
vt 0.05846 0.6996
vt 0.63125 0.44785
vt 0.63568 0.4563
vt 0.0508 0.74098
vt 0.04716 0.75956
vt 0.23948 0.3511
vt 0.04425 0.77246
vt 0.63525 0.4817
vt 0.89381 0.18686
vt 0.29106 0.38344
vt 0.30226 0.38978
vt 0.64048 0.54999
vt 0.43151 0.48429
vt 0.42434 0.47628
vt 0.1728 0.19546
vt 0.58432 0.09447
vt 0.58273 0.12404
vt 0.70729 0.45375
vt 0.70255 0.45706
vt 0.69923 0.46172
vt 0.71254 0.45986
vt 0.72313 0.48283
vt 0.58196 0.1445
vt 0.5832 0.17147
vt 0.58455 0.17661
vt 0.5855 0.18175
vt 0.2114 0.48944
vt 0.20714 0.49517
vt 0.19937 0.50447
vt 0.7595 0.92126
vt 0.76285 0.93741
vt 0.7609 0.94248
vt 0.15838 0.55878
vt 0.14583 0.57092
vt 0.12662 0.5891
vt 0.11556 0.59901
vt 0.105 0.60827
vt 0.75671 0.96026
vt 0.721 0.57934
vt 0.72246 0.57456
vt 0.07527 0.62955
vt 0.72945 0.57455
vt 0.06673 0.63923
vt 0.04822 0.6535
vt 0.03788 0.66422
vt 0.02658 0.67319
vt 0.02096 0.67768
vt 0.2267 0.43365
vt 0.22869 0.43003
vt 0.23422 0.42648
vt 0.22712 0.44889
vt 0.62476 0.44893
vt 0.05543 0.70247
vt 0.62177 0.4627
vt 0.05435 0.71654
vt 0.05066 0.73301
vt 0.22033 0.34374
vt 0.91666 0.18513
vt 0.62686 0.4811
vt 0.04627 0.75646
vt 0.63119 0.49678
vt 0.04155 0.77557
vt 0.63216 0.51397
vt 0.6344 0.52748
vt 0.63906 0.54238
vt 0.63743 0.54676
vt 0.39157 0.46163
vt 0.42397 0.48575
vt 0.43081 0.49076
vt 0.45373 0.5004
vt 0.44174 0.49812
vt 0.45627 0.50812
vt 0.7092 0.46952
vt 0.70524 0.4755
vt 0.7036 0.47414
vt 0.71974 0.47982
vt 0.71987 0.48946
vt 0.58249 0.16226
vt 0.71444 0.49234
vt 0.7113 0.49693
vt 0.71333 0.49838
vt 0.72975 0.50079
vt 0.21568 0.48188
vt 0.71581 0.51778
vt 0.71338 0.51726
vt 0.71519 0.52192
vt 0.01904 0.29691
vt 0.20204 0.5006
vt 0.75958 0.9106
vt 0.76285 0.92013
vt 0.19414 0.50979
vt 0.76752 0.84281
vt 0.76726 0.85044
vt 0.13997 0.56877
vt 0.76216 0.95057
vt 0.75053 0.539
vt 0.7462 0.54119
vt 0.11616 0.59186
vt 0.73068 0.55636
vt 0.72615 0.55982
vt 0.72965 0.56432
vt 0.72573 0.56745
vt 0.72713 0.57202
vt 0.05767 0.64609
vt 0.04151 0.65827
vt 0.02815 0.66947
vt 0.61886 0.47693
vt 0.62186 0.4798
vt 0.59808 0.27558
vt 0.59685 0.27211
vt 0.60164 0.27244
vt 0.61779 0.49429
vt 0.62037 0.4902
vt 0.22901 0.3499
vt 0.04611 0.74897
vt 0.62313 0.49929
vt 0.61712 0.51148
vt 0.61954 0.50646
vt 0.24432 0.35986
vt 0.04235 0.76776
vt 0.26355 0.37309
vt 0.62409 0.5096
vt 0.03824 0.78149
vt 0.27803 0.38311
vt 0.40899 0.60666
vt 0.30706 0.40332
vt 0.90252 0.20688
vt 0.89291 0.19477
vt 0.62928 0.52722
vt 0.89619 0.20222
vt 0.40078 0.60293
vt 0.32546 0.4168
vt 0.338 0.42598
vt 0.6334 0.54024
vt 0.63199 0.54977
vt 0.36154 0.4424
vt 0.37559 0.45273
vt 0.38672 0.46045
vt 0.40414 0.4726
vt 0.39711 0.46755
vt 0.41341 0.47723
vt 0.41757 0.48135
vt 0.45003 0.50386
vt 0.16946 0.19536
vt 0.58001 0.05706
vt 0.58037 0.07851
vt 0.71204 0.50132
vt 0.71974 0.50861
vt 0.71381 0.50497
vt 0.71422 0.51137
vt 0.71914 0.51606
vt 0.71611 0.51344
vt 0.72231 0.52597
vt 0.18358 0.52153
vt 0.14398 0.56314
vt 0.74685 0.53045
vt 0.12988 0.57817
vt 0.73415 0.56359
vt 0.74312 0.54991
vt 0.73909 0.55474
vt 0.08771 0.6159
vt 0.08132 0.62195
vt 0.05846 0.64264
vt 0.03355 0.66352
vt 0.22577 0.4436
vt 0.61975 0.51837
vt 0.61796 0.52942
vt 0.61332 0.53109
vt 0.62249 0.5211
vt 0.62414 0.52947
vt 0.5597 0.20862
vt 0.55815 0.20231
vt 0.56384 0.21274
vt 0.47603 0.04443
vt 0.5797 0.02915
vt 0.57755 0.05607
vt 0.5796 0.12204
vt 0.57965 0.1643
vt 0.61877 0.60119
vt 0.57916 0.17355
vt 0.72702 0.51143
vt 0.57976 0.18243
vt 0.73272 0.51335
vt 0.21158 0.47787
vt 0.20669 0.48707
vt 0.72636 0.52697
vt 0.1997 0.49681
vt 0.19417 0.50455
vt 0.18489 0.51653
vt 0.17755 0.52484
vt 0.16844 0.53579
vt 0.72779 0.5429
vt 0.73368 0.5487
vt 0.13729 0.56789
vt 0.12901 0.57648
vt 0.73671 0.54322
vt 0.11393 0.59039
vt 0.07078 0.62909
vt 0.06092 0.63783
vt 0.04621 0.65065
vt 0.03778 0.65714
vt 0.02652 0.66666
vt 0.22547 0.43771
vt 0.24856 0.45741
vt 0.25506 0.43641
vt 0.25506 0.44668
vt 0.58474 0.26286
vt 0.58493 0.25471
vt 0.57935 0.25253
vt 0.61567 0.54039
vt 0.03777 0.77555
vt 0.56659 0.22807
vt 0.62051 0.54581
vt 0.61613 0.54671
vt 0.56075 0.2165
vt 0.62267 0.54159
vt 0.40452 0.60751
vt 0.62823 0.54329
vt 0.54679 0.18876
vt 0.54947 0.18623
vt 0.62494 0.54952
vt 0.54073 0.17587
vt 0.54377 0.17494
vt 0.53937 0.16625
vt 0.53106 0.15778
vt 0.53295 0.15372
vt 0.53006 0.14762
vt 0.52581 0.14085
vt 0.51555 0.12063
vt 0.49885 0.08761
vt 0.50255 0.0945
vt 0.49674 0.09372
vt 0.4893 0.06781
vt 0.49349 0.07646
vt 0.48909 0.07965
vt 0.47392 0.05143
vt 0.57668 0.0281
vt 0.57767 0.0809
vt 0.57776 0.13808
vt 0.20234 0.48792
vt 0.73251 0.53115
vt 0.18325 0.51353
vt 0.17346 0.52501
vt 0.16532 0.53472
vt 0.15732 0.54371
vt 0.1479 0.55372
vt 0.13729 0.56402
vt 0.12719 0.57454
vt 0.11718 0.58381
vt 0.10751 0.59295
vt 0.09759 0.60202
vt 0.08612 0.61231
vt 0.0736 0.62335
vt 0.06202 0.63333
vt 0.04814 0.64538
vt 0.03719 0.65463
vt 0.02832 0.66136
vt 0.02254 0.66641
vt 0.90776 0.17826
vt 0.90159 0.17844
vt 0.07963 0.49743
vt 0.0736 0.50769
vt 0.08884 0.47103
vt 0.09667 0.45285
vt 0.10488 0.43239
vt 0.53217 0.16564
vt 0.51188 0.11389
vt 0.50028 0.10412
vt 0.50587 0.10078
vt 0.5041 0.11275
vt 0.13661 0.34097
vt 0.48498 0.07302
vt 0.48084 0.06056
vt 0.4523 0.04874
vt 0.44597 0.04608
vt 0.42557 0.03967
vt 0.41268 0.03402
vt 0.41552 0.02646
vt 0.40073 0.03514
vt 0.38979 0.03087
vt 0.57516 0.09214
vt 0.57612 0.12226
vt 0.57556 0.1604
vt 0.20563 0.48406
vt 0.19667 0.49557
vt 0.18935 0.50542
vt 0.18183 0.50927
vt 0.16454 0.53062
vt 0.14512 0.55219
vt 0.13332 0.56386
vt 0.12086 0.57606
vt 0.10654 0.58974
vt 0.09063 0.60398
vt 0.07575 0.6178
vt 0.01844 0.66754
vt 0.01967 0.66418
vt 0.58073 0.2606
vt 0.89652 0.18202
vt 0.56062 0.22162
vt 0.57045 0.26996
vt 0.57552 0.27724
vt 0.56446 0.25114
vt 0.56146 0.25118
vt 0.56234 0.23891
vt 0.53823 0.17614
vt 0.55336 0.23177
vt 0.55388 0.2385
vt 0.54871 0.22174
vt 0.54577 0.22409
vt 0.52596 0.15334
vt 0.53704 0.21022
vt 0.52969 0.19557
vt 0.52141 0.17333
vt 0.52278 0.18431
vt 0.51314 0.15814
vt 0.51763 0.17413
vt 0.5103 0.15886
vt 0.48843 0.08842
vt 0.15611 0.24468
vt 0.47755 0.08625
vt 0.47219 0.07528
vt 0.46538 0.05918
vt 0.46353 0.06264
vt 0.46011 0.05655
vt 0.4583 0.04928
vt 0.45709 0.05279
vt 0.45842 0.04234
vt 0.44541 0.03477
vt 0.4454 0.0362
vt 0.43556 0.03178
vt 0.42828 0.031
vt 0.417 0.03095
vt 0.40195 0.02674
vt 0.38635 0.02663
vt 0.35921 0.02814
vt 0.35866 0.02302
vt 0.34157 0.02221
vt 0.34292 0.02833
vt 0.32019 0.02435
vt 0.30258 0.02387
vt 0.30612 0.02803
vt 0.29656 0.03017
vt 0.2922 0.02462
vt 0.28731 0.03356
vt 0.28157 0.02931
vt 0.28235 0.01709
vt 0.28218 0.03676
vt 0.2853 0.01155
vt 0.27344 0.03979
vt 0.19569 0.49178
vt 0.27812 0.01548
vt 0.27394 0.02197
vt 0.25958 0.04759
vt 0.25442 0.05924
vt 0.17399 0.51949
vt 0.15517 0.54059
vt 0.00463 0.37706
vt 0.00522 0.41122
vt 0.06177 0.62922
vt 0.04948 0.64045
vt 0.03529 0.65225
vt 0.0102 0.56073
vt 0.02182 0.66314
vt 0.23013 0.4543
vt 0.01158 0.59762
vt 0.25253 0.45295
vt 0.57475 0.25616
vt 0.56728 0.24145
vt 0.57367 0.28261
vt 0.56009 0.23033
vt 0.56602 0.24444
vt 0.55562 0.21849
vt 0.55064 0.20815
vt 0.55689 0.22708
vt 0.5441 0.19649
vt 0.5224 0.15354
vt 0.52546 0.16892
vt 0.50965 0.12783
vt 0.51831 0.15594
vt 0.50322 0.11702
vt 0.49583 0.10297
vt 0.49477 0.10641
vt 0.48449 0.08346
vt 0.49185 0.10965
vt 0.48531 0.0972
vt 0.47269 0.06018
vt 0.48037 0.08632
vt 0.45286 0.03852
vt 0.34079 0.02022
vt 0.31809 0.01936
vt 0.31362 0.01774
vt 0.30234 0.02051
vt 0.30228 0.01708
vt 0.29532 0.01916
vt 0.2865 0.0197
vt 0.27932 0.02619
vt 0.88461 0.01823
vt 0.89058 0.02648
vt 0.87421 0.01619
vt 0.86944 0.01137
vt 0.87688 0.01334
vt 0.27915 0.02294
vt 0.26831 0.03932
vt 0.27394 0.02734
vt 0.85984 0.0123
vt 0.8561 0.01602
vt 0.86059 0.00869
vt 0.844 0.01507
vt 0.87419 0.00769
vt 0.86204 0.00512
vt 0.24788 0.05797
vt 0.24379 0.0719
vt 0.84208 0.00435
vt 0.23492 0.07425
vt 0.23069 0.08571
vt 0.82641 0.01134
vt 0.22556 0.08271
vt 0.21732 0.09847
vt 0.81931 0.00545
vt 0.80759 0.01137
vt 0.80883 0.00616
vt 0.20646 0.1026
vt 0.20285 0.11375
vt 0.78732 0.01221
vt 0.19821 0.11312
vt 0.79399 0.00684
vt 0.19259 0.11479
vt 0.18538 0.12946
vt 0.7846 0.0073
vt 0.77317 0.01683
vt 0.77002 0.00789
vt 0.75757 0.01686
vt 0.73678 0.01814
vt 0.17369 0.13253
vt 0.16707 0.14667
vt 0.15627 0.14832
vt 0.75395 0.00777
vt 0.74056 0.01285
vt 0.14551 0.16608
vt 0.13349 0.16955
vt 0.73826 0.0087
vt 0.72066 0.01343
vt 0.12111 0.18649
vt 0.72378 0.00852
vt 0.11159 0.18812
vt 0.09795 0.20697
vt 0.69055 0.00958
vt 0.08905 0.20669
vt 0.68029 0.01082
vt 0.66857 0.01509
vt 0.07574 0.22404
vt 0.07094 0.22166
vt 0.05566 0.24134
vt 0.66366 0.01168
vt 0.05458 0.23277
vt 0.65518 0.01565
vt 0.03319 0.25101
vt 0.65046 0.01197
vt 0.6422 0.01648
vt 0.0317 0.25927
vt 0.63613 0.01375
vt 0.62765 0.0172
vt 0.00929 0.27683
vt 0.01604 0.66439
vt 0.01444 0.26546
vt 0.00381 0.27345
vt 0.00599 0.27962
vt 0.00039 0.28261
vt 0.62162 0.0135
vt 0.61404 0.01822
vt 0.60806 0.01549
vt 0.6006 0.01929
vt 0.59864 0.01614
vt 0.59065 0.01598
vt 0.58356 0.27811
vt 0.58426 0.28087
vt 0.54998 0.21329
vt 0.53884 0.19208
vt 0.53428 0.18329
vt 0.52375 0.16217
vt 0.51749 0.15151
vt 0.51304 0.14234
vt 0.5079 0.13449
vt 0.50109 0.12145
vt 0.48981 0.09541
vt 0.80889 0.0157
vt 0.79729 0.01533
vt 0.72881 0.01614
vt 0.71868 0.01893
vt 0.71062 0.01671
vt 0.69574 0.02063
vt 0.69645 0.01755
vt 0.68096 0.01761
vt 0.67542 0.02118
vt 0.66366 0.01891
vt 0.65554 0.02158
vt 0.64722 0.01877
vt 0.6402 0.02199
vt 0.62772 0.02127
vt 0.61102 0.02208
vt 0.61819 0.01988
vt 0.01279 0.66758
vt 0.5977 0.02221
vt 0.58335 0.02644
vt 0.00974 0.66343
vt 0.23609 0.45864
vt 0.24221 0.45968
vt 0.57827 0.0135
vt 0.58048 0.02224
usemtl mat0
f 1/1 2/2 3/3
f 3/3 4/4 5/5
f 3/3 5/5 1/1
f 6/6 7/7 8/8
f 7/7 9/9 8/8
f 10/10 11/11 6/6
f 10/10 12/12 11/11
f 6/6 13/13 10/10
f 6/6 8/8 13/13
f 14/14 15/15 16/16
f 17/17 18/18 14/14
f 16/16 19/19 20/20
f 21/21 20/20 19/19
f 19/19 15/15 22/22
f 23/23 18/18 17/17
f 24/24 25/25 19/19
f 26/26 14/14 27/27
f 15/15 18/18 28/28
f 29/29 14/14 26/26
f 30/30 31/31 32/32
f 18/18 23/23 28/28
f 14/14 16/16 33/33
f 27/27 14/14 33/33
f 14/14 18/18 15/15
f 15/15 28/28 22/22
f 19/19 22/22 24/24
f 19/19 25/25 21/21
f 17/17 14/14 29/29
f 15/15 19/19 16/16
f 34/34 35/35 36/36
f 37/37 38/38 39/39
f 39/39 38/38 40/40
f 41/41 42/42 43/43
f 44/44 45/45 46/46
f 47/47 48/48 40/40
f 49/49 50/50 42/42
f 51/51 43/43 50/50
f 52/52 53/53 51/51
f 50/50 52/52 51/51
f 47/47 54/54 48/48
f 55/55 47/47 40/40
f 50/50 43/43 42/42
f 56/56 45/45 44/44
f 42/42 57/57 49/49
f 47/47 55/55 58/58
f 48/48 39/39 40/40
f 43/43 51/51 53/53
f 52/52 50/50 59/59
f 46/46 60/60 44/44
f 61/61 62/62 63/63
f 64/64 65/65 66/66
f 67/67 68/68 65/65
f 69/69 70/70 71/71
f 65/65 72/72 69/69
f 73/73 74/74 75/75
f 76/76 77/77 78/78
f 79/79 77/77 80/80
f 76/76 81/81 77/77
f 82/82 79/79 83/83
f 84/84 85/85 86/86
f 83/83 79/79 87/87
f 88/88 84/84 86/86
f 89/89 90/90 91/91
f 73/73 88/88 74/74
f 92/92 93/93 94/94
f 71/71 78/78 65/65
f 73/73 95/95 88/88
f 88/88 86/86 74/74
f 69/69 81/81 70/70
f 81/81 80/80 77/77
f 80/80 96/96 97/97
f 86/86 85/85 96/96
f 98/98 79/79 97/97
f 67/67 65/65 78/78
f 96/96 85/85 97/97
f 64/64 66/66 99/99
f 100/100 80/80 81/81
f 98/98 87/87 79/79
f 70/70 76/76 71/71
f 81/81 76/76 70/70
f 65/65 64/64 72/72
f 83/83 77/77 82/82
f 65/65 68/68 66/66
f 74/74 86/86 96/96
f 99/99 72/72 64/64
f 101/101 102/102 103/103
f 65/65 69/69 71/71
f 98/98 83/83 87/87
f 96/96 80/80 100/100
f 95/95 73/73 104/104
f 71/71 76/76 78/78
f 97/97 79/79 80/80
f 69/69 100/100 81/81
f 98/98 97/97 85/85
f 83/83 85/85 84/84
f 105/105 106/106 107/107
f 108/108 109/109 110/110
f 111/111 112/112 113/113
f 114/114 115/115 116/116
f 112/112 117/117 113/113
f 118/118 119/119 120/120
f 113/113 121/121 122/122
f 109/109 123/123 124/124
f 125/125 126/126 127/127
f 121/121 118/118 128/128
f 109/109 108/108 123/123
f 113/113 129/129 121/121
f 127/127 130/130 125/125
f 119/119 118/118 121/121
f 124/124 123/123 114/114
f 111/111 113/113 122/122
f 114/114 123/123 115/115
f 106/106 131/131 107/107
f 129/129 113/113 117/117
f 111/111 132/132 112/112
f 121/121 129/129 119/119
f 128/128 122/122 121/121
f 133/133 134/134 135/135
f 134/134 136/136 135/135
f 137/137 138/138 139/139
f 139/139 138/138 140/140
f 141/141 142/142 143/143
f 144/144 145/145 146/146
f 137/137 147/147 138/138
f 143/143 148/148 141/141
f 149/149 150/150 151/151
f 152/152 149/149 151/151
f 140/140 138/138 153/153
f 154/154 140/140 153/153
f 155/155 154/154 153/153
f 156/156 157/157 148/148
f 155/155 158/158 154/154
f 159/159 158/158 155/155
f 160/160 161/161 162/162
f 163/163 164/164 165/165
f 164/164 166/166 165/165
f 167/167 168/168 169/169
f 170/170 167/167 169/169
f 169/169 168/168 171/171
f 172/172 173/173 174/174
f 175/175 176/176 177/177
f 169/169 171/171 178/178
f 168/168 179/179 171/171
f 180/180 181/181 182/182
f 183/183 184/184 185/185
f 183/183 186/186 184/184
f 187/187 188/188 189/189
f 175/175 190/190 191/191
f 175/175 191/191 176/176
f 168/168 192/192 179/179
f 193/193 194/194 195/195
f 195/195 182/182 193/193
f 195/195 180/180 182/182
f 183/183 196/196 197/197
f 197/197 186/186 183/183
f 186/186 198/198 184/184
f 176/176 191/191 199/199
f 199/199 200/200 176/176
f 167/167 201/201 202/202
f 167/167 202/202 168/168
f 196/196 203/203 197/197
f 197/197 204/204 186/186
f 186/186 204/204 205/205
f 198/198 186/186 205/205
f 206/206 207/207 208/208
f 191/191 209/209 199/199
f 210/210 211/211 212/212
f 210/210 213/213 211/211
f 194/194 214/214 195/195
f 196/196 215/215 216/216
f 196/196 216/216 203/203
f 197/197 203/203 204/204
f 205/205 204/204 217/217
f 218/218 219/219 220/220
f 220/220 219/219 221/221
f 222/222 223/223 224/224
f 225/225 226/226 222/222
f 227/227 228/228 229/229
f 230/230 231/231 201/201
f 201/201 231/231 202/202
f 228/228 232/232 210/210
f 232/232 213/213 210/210
f 233/233 234/234 235/235
f 235/235 234/234 227/227
f 236/236 237/237 238/238
f 239/239 240/240 241/241
f 242/242 240/240 239/239
f 243/243 244/244 245/245
f 246/246 247/247 248/248
f 249/249 250/250 251/251
f 194/194 252/252 214/214
f 203/203 253/253 204/204
f 253/253 254/254 204/204
f 204/204 254/254 217/217
f 255/255 256/256 207/207
f 257/257 222/222 221/221
f 257/257 258/258 222/222
f 258/258 259/259 260/260
f 258/258 260/260 225/225
f 261/261 262/262 259/259
f 259/259 262/262 260/260
f 227/227 263/263 228/228
f 228/228 263/263 232/232
f 234/234 264/264 227/227
f 227/227 264/264 263/263
f 213/213 232/232 265/265
f 266/266 267/267 261/261
f 261/261 267/267 262/262
f 233/233 264/264 234/234
f 266/266 268/268 267/267
f 233/233 269/269 270/270
f 233/233 270/270 264/264
f 271/271 268/268 266/266
f 269/269 272/272 270/270
f 273/273 274/274 271/271
f 238/238 275/275 236/236
f 236/236 276/276 269/269
f 269/269 276/276 272/272
f 273/273 241/241 274/274
f 238/238 237/237 275/275
f 275/275 276/276 236/236
f 277/277 239/239 278/278
f 278/278 239/239 273/273
f 273/273 239/239 241/241
f 237/237 279/279 275/275
f 279/279 280/280 281/281
f 279/279 281/281 275/275
f 277/277 282/282 242/242
f 283/283 280/280 279/279
f 284/284 285/285 283/283
f 283/283 285/285 280/280
f 245/245 285/285 284/284
f 286/286 287/287 288/288
f 288/288 287/287 282/282
f 282/282 287/287 289/289
f 245/245 244/244 290/290
f 245/245 290/290 285/285
f 290/290 291/291 285/285
f 286/286 292/292 287/287
f 248/248 244/244 243/243
f 248/248 293/293 244/244
f 294/294 251/251 246/246
f 247/247 295/295 293/293
f 247/247 293/293 248/248
f 296/296 251/251 294/294
f 246/246 295/295 247/247
f 246/246 297/297 295/295
f 296/296 298/298 249/249
f 296/296 249/249 251/251
f 246/246 251/251 297/297
f 298/298 299/299 249/249
f 251/251 300/300 297/297
f 298/298 301/301 299/299
f 301/301 302/302 303/303
f 301/301 303/303 299/299
f 299/299 250/250 249/249
f 299/299 303/303 250/250
f 301/301 304/304 302/302
f 301/301 305/305 304/304
f 305/305 306/306 304/304
f 307/307 308/308 309/309
f 309/309 310/310 307/307
f 311/311 312/312 313/313
f 313/313 314/314 315/315
f 315/315 316/316 317/317
f 318/318 319/319 320/320
f 321/321 320/320 322/322
f 321/321 322/322 323/323
f 323/323 322/322 324/324
f 324/324 325/325 326/326
f 326/326 327/327 328/328
f 326/326 325/325 327/327
f 325/325 328/328 327/327
f 194/194 329/329 252/252
f 328/328 330/330 331/331
f 331/331 330/330 332/332
f 252/252 332/332 214/214
f 328/328 333/333 330/330
f 330/330 334/334 332/332
f 332/332 334/334 214/214
f 330/330 335/335 336/336
f 330/330 336/336 334/334
f 334/334 337/337 214/214
f 216/216 338/338 203/203
f 203/203 338/338 253/253
f 339/339 219/219 340/340
f 257/257 221/221 339/339
f 341/341 257/257 339/339
f 339/339 221/221 219/219
f 341/341 342/342 343/343
f 341/341 343/343 258/258
f 341/341 258/258 257/257
f 344/344 259/259 343/343
f 343/343 259/259 258/258
f 344/344 261/261 259/259
f 345/345 261/261 344/344
f 345/345 266/266 261/261
f 346/346 347/347 348/348
f 349/349 350/350 351/351
f 352/352 266/266 345/345
f 352/352 271/271 266/266
f 353/353 354/354 346/346
f 352/352 273/273 271/271
f 355/355 354/354 353/353
f 356/356 278/278 273/273
f 357/357 358/358 355/355
f 359/359 357/357 360/360
f 277/277 361/361 282/282
f 362/362 359/359 360/360
f 361/361 363/363 288/288
f 361/361 288/288 282/282
f 363/363 286/286 288/288
f 285/285 364/364 280/280
f 365/365 366/366 367/367
f 368/368 369/369 365/365
f 370/370 286/286 363/363
f 290/290 244/244 291/291
f 244/244 371/371 291/291
f 370/370 372/372 292/292
f 370/370 292/292 286/286
f 244/244 373/373 371/371
f 294/294 374/374 296/296
f 293/293 373/373 244/244
f 293/293 295/295 375/375
f 293/293 375/375 373/373
f 376/376 377/377 378/378
f 379/379 298/298 374/374
f 374/374 298/298 296/296
f 380/380 376/376 378/378
f 381/381 298/298 379/379
f 297/297 382/382 295/295
f 383/383 384/384 385/385
f 381/381 301/301 298/298
f 297/297 300/300 382/382
f 386/386 301/301 381/381
f 250/250 387/387 300/300
f 308/308 305/305 386/386
f 386/386 305/305 301/301
f 302/302 388/388 303/303
f 303/303 388/388 250/250
f 250/250 388/388 387/387
f 308/308 307/307 305/305
f 302/302 304/304 388/388
f 389/389 309/309 308/308
f 304/304 306/306 388/388
f 390/390 309/309 389/389
f 307/307 310/310 306/306
f 307/307 306/306 305/305
f 390/390 391/391 392/392
f 390/390 392/392 309/309
f 309/309 393/393 310/310
f 391/391 394/394 392/392
f 309/309 392/392 393/393
f 394/394 393/393 392/392
f 391/391 395/395 394/394
f 396/396 397/397 398/398
f 399/399 400/400 401/401
f 397/397 399/399 401/401
f 397/397 402/402 399/399
f 399/399 403/403 400/400
f 400/400 403/403 401/401
f 401/401 403/403 404/404
f 401/401 404/404 405/405
f 405/405 404/404 406/406
f 404/404 403/403 407/407
f 403/403 408/408 312/312
f 403/403 312/312 407/407
f 404/404 407/407 409/409
f 404/404 409/409 406/406
f 409/409 311/311 406/406
f 311/311 410/410 406/406
f 407/407 312/312 409/409
f 313/313 315/315 411/411
f 409/409 312/312 311/311
f 411/411 315/315 412/412
f 312/312 413/413 313/313
f 413/413 314/314 313/313
f 412/412 317/317 414/414
f 415/415 319/319 414/414
f 414/414 319/319 416/416
f 314/314 316/316 315/315
f 319/319 318/318 416/416
f 316/316 415/415 317/317
f 318/318 320/320 416/416
f 417/417 418/418 419/419
f 316/316 420/420 415/415
f 416/416 321/321 421/421
f 420/420 422/422 415/415
f 415/415 422/422 319/319
f 422/422 320/320 319/319
f 321/321 323/323 421/421
f 421/421 323/323 423/423
f 422/422 424/424 320/320
f 323/323 324/324 423/423
f 324/324 326/326 423/423
f 326/326 425/425 423/423
f 424/424 426/426 320/320
f 320/320 426/426 322/322
f 326/326 328/328 425/425
f 426/426 427/427 322/322
f 322/322 427/427 324/324
f 328/328 428/428 425/425
f 428/428 331/331 429/429
f 324/324 427/427 325/325
f 331/331 430/430 429/429
f 427/427 431/431 325/325
f 430/430 332/332 252/252
f 430/430 252/252 329/329
f 325/325 431/431 328/328
f 431/431 432/432 333/333
f 431/431 333/333 328/328
f 333/333 335/335 330/330
f 336/336 433/433 334/334
f 334/334 433/433 337/337
f 434/434 253/253 338/338
f 339/339 340/340 256/256
f 435/435 341/341 339/339
f 436/436 344/344 343/343
f 345/345 437/437 352/352
f 348/348 347/347 349/349
f 347/347 438/438 349/349
f 349/349 438/438 350/350
f 354/354 347/347 346/346
f 437/437 439/439 352/352
f 355/355 358/358 354/354
f 358/358 440/440 354/354
f 440/440 441/441 354/354
f 357/357 442/442 358/358
f 442/442 443/443 358/358
f 359/359 442/442 357/357
f 444/444 363/363 361/361
f 367/367 445/445 359/359
f 367/367 359/359 362/362
f 366/366 445/445 367/367
f 365/365 369/369 366/366
f 446/446 447/447 368/368
f 377/377 448/448 446/446
f 449/449 450/450 451/451
f 449/449 383/383 450/450
f 380/380 452/452 376/376
f 384/384 383/383 449/449
f 453/453 454/454 452/452
f 384/384 455/455 385/385
f 455/455 456/456 385/385
f 457/457 456/456 455/455
f 458/458 459/459 460/460
f 461/461 462/462 463/463
f 464/464 465/465 458/458
f 461/461 466/466 462/462
f 466/466 467/467 462/462
f 468/468 469/469 465/465
f 464/464 468/468 465/465
f 470/470 468/468 464/464
f 471/471 472/472 466/466
f 466/466 472/472 467/467
f 310/310 473/473 306/306
f 470/470 474/474 468/468
f 471/471 475/475 472/472
f 393/393 476/476 310/310
f 310/310 476/476 473/473
f 477/477 475/475 471/471
f 478/478 395/395 391/391
f 394/394 479/479 393/393
f 393/393 479/479 476/476
f 480/480 395/395 478/478
f 394/394 395/395 481/481
f 394/394 481/481 479/479
f 395/395 482/482 481/481
f 480/480 483/483 395/395
f 483/483 484/484 395/395
f 395/395 484/484 482/482
f 485/485 486/486 487/487
f 487/487 486/486 488/488
f 486/486 489/489 488/488
f 488/488 489/489 490/490
f 488/488 490/490 491/491
f 490/490 492/492 491/491
f 489/489 493/493 490/490
f 490/490 493/493 492/492
f 492/492 494/494 491/491
f 491/491 494/494 495/495
f 492/492 493/493 494/494
f 494/494 398/398 495/495
f 493/493 496/496 494/494
f 496/496 396/396 494/494
f 398/398 397/397 495/495
f 495/495 397/397 497/497
f 496/496 498/498 396/396
f 396/396 498/498 397/397
f 397/397 401/401 497/497
f 497/497 401/401 499/499
f 499/499 401/401 500/500
f 498/498 501/501 397/397
f 401/401 405/405 500/500
f 501/501 502/502 397/397
f 502/502 402/402 397/397
f 500/500 405/405 503/503
f 405/405 406/406 503/503
f 402/402 403/403 399/399
f 503/503 406/406 504/504
f 402/402 408/408 403/403
f 505/505 506/506 507/507
f 406/406 410/410 508/508
f 504/504 406/406 508/508
f 410/410 411/411 508/508
f 411/411 509/509 508/508
f 408/408 510/510 312/312
f 509/509 411/411 511/511
f 411/411 412/412 511/511
f 412/412 414/414 511/511
f 510/510 512/512 312/312
f 513/513 414/414 514/514
f 512/512 413/413 312/312
f 514/514 414/414 416/416
f 514/514 416/416 515/515
f 516/516 517/517 518/518
f 515/515 416/416 519/519
f 519/519 421/421 520/520
f 520/520 421/421 521/521
f 421/421 423/423 521/521
f 522/522 523/523 524/524
f 525/525 526/526 527/527
f 527/527 526/526 528/528
f 527/527 528/528 529/529
f 529/529 528/528 530/530
f 531/531 532/532 533/533
f 533/533 532/532 434/434
f 253/253 534/534 254/254
f 535/535 339/339 536/536
f 537/537 538/538 539/539
f 438/438 540/540 350/350
f 354/354 541/541 347/347
f 538/538 542/542 543/543
f 441/441 541/541 354/354
f 358/358 443/443 440/440
f 442/442 544/544 443/443
f 545/545 442/442 359/359
f 445/445 545/545 359/359
f 369/369 546/546 366/366
f 368/368 447/447 369/369
f 447/447 546/546 369/369
f 448/448 447/447 446/446
f 547/547 448/448 377/377
f 376/376 548/548 547/547
f 376/376 547/547 377/377
f 452/452 549/549 376/376
f 549/549 548/548 376/376
f 384/384 550/550 551/551
f 454/454 549/549 452/452
f 460/460 459/459 453/453
f 459/459 552/552 453/453
f 552/552 454/454 453/453
f 553/553 552/552 459/459
f 458/458 554/554 459/459
f 459/459 554/554 553/553
f 555/555 457/457 556/556
f 458/458 557/557 554/554
f 465/465 557/557 458/458
f 465/465 469/469 557/557
f 558/558 559/559 466/466
f 560/560 469/469 468/468
f 474/474 561/561 468/468
f 562/562 563/563 474/474
f 563/563 561/561 474/474
f 564/564 562/562 474/474
f 564/564 565/565 562/562
f 566/566 567/567 564/564
f 568/568 569/569 566/566
f 570/570 571/571 477/477
f 482/482 572/572 481/481
f 570/570 573/573 571/571
f 482/482 574/574 572/572
f 483/483 575/575 484/484
f 484/484 574/574 482/482
f 573/573 576/576 571/571
f 484/484 575/575 574/574
f 577/577 578/578 483/483
f 578/578 579/579 483/483
f 483/483 579/579 575/575
f 579/579 580/580 575/575
f 578/578 581/581 579/579
f 581/581 582/582 579/579
f 579/579 582/582 580/580
f 581/581 583/583 582/582
f 584/584 585/585 586/586
f 585/585 587/587 586/586
f 584/584 588/588 585/585
f 585/585 589/589 587/587
f 589/589 590/590 587/587
f 585/585 588/588 589/589
f 590/590 589/589 591/591
f 588/588 592/592 589/589
f 592/592 593/593 589/589
f 589/589 593/593 591/591
f 591/591 593/593 594/594
f 592/592 595/595 593/593
f 594/594 593/593 485/485
f 595/595 596/596 593/593
f 595/595 597/597 598/598
f 593/593 596/596 485/485
f 595/595 598/598 596/596
f 599/599 485/485 600/600
f 598/598 601/601 596/596
f 596/596 601/601 485/485
f 485/485 487/487 600/600
f 598/598 602/602 601/601
f 601/601 486/486 485/485
f 600/600 487/487 603/603
f 603/603 487/487 604/604
f 601/601 605/605 486/486
f 601/601 606/606 605/605
f 487/487 488/488 604/604
f 488/488 491/491 604/604
f 486/486 605/605 489/489
f 604/604 491/491 607/607
f 605/605 608/608 489/489
f 607/607 491/491 609/609
f 608/608 610/610 489/489
f 611/611 612/612 613/613
f 609/609 495/495 614/614
f 610/610 493/493 489/489
f 495/495 497/497 614/614
f 614/614 497/497 615/615
f 493/493 616/616 496/496
f 617/617 618/618 619/619
f 620/620 621/621 505/505
f 505/505 621/621 506/506
f 507/507 506/506 622/622
f 623/623 624/624 516/516
f 517/517 625/625 518/518
f 518/518 626/626 417/417
f 417/417 627/627 418/418
f 418/418 628/628 419/419
f 419/419 628/628 522/522
f 628/628 523/523 522/522
f 628/628 629/629 523/523
f 523/523 630/630 524/524
f 428/428 429/429 631/631
f 524/524 630/630 525/525
f 632/632 633/633 634/634
f 525/525 635/635 526/526
f 528/528 636/636 637/637
f 528/528 637/637 530/530
f 530/530 638/638 531/531
f 638/638 532/532 531/531
f 434/434 532/532 639/639
f 639/639 640/640 434/434
f 434/434 640/640 253/253
f 640/640 534/534 253/253
f 254/254 534/534 641/641
f 641/641 217/217 254/254
f 217/217 641/641 161/161
f 642/642 643/643 537/537
f 642/642 537/537 644/644
f 644/644 537/537 645/645
f 645/645 537/537 539/539
f 643/643 646/646 647/647
f 643/643 647/647 537/537
f 647/647 538/538 537/537
f 646/646 648/648 647/647
f 647/647 542/542 538/538
f 538/538 649/649 650/650
f 347/347 651/651 438/438
f 438/438 651/651 540/540
f 538/538 543/543 652/652
f 538/538 652/652 649/649
f 542/542 653/653 543/543
f 543/543 653/653 652/652
f 447/447 654/654 546/546
f 469/469 655/655 557/557
f 558/558 656/656 559/559
f 560/560 655/655 469/469
f 468/468 561/561 560/560
f 559/559 656/656 657/657
f 559/559 657/657 658/658
f 658/658 657/657 659/659
f 564/564 567/567 565/565
f 659/659 570/570 658/658
f 566/566 569/569 567/567
f 569/569 660/660 567/567
f 659/659 573/573 570/570
f 568/568 661/661 569/569
f 573/573 659/659 662/662
f 663/663 664/664 661/661
f 662/662 576/576 573/573
f 576/576 662/662 665/665
f 575/575 666/666 574/574
f 576/576 665/665 667/667
f 576/576 667/667 668/668
f 575/575 669/669 666/666
f 575/575 580/580 669/669
f 667/667 670/670 668/668
f 580/580 671/671 669/669
f 672/672 673/673 674/674
f 580/580 675/675 671/671
f 670/670 676/676 668/668
f 670/670 677/677 676/676
f 583/583 678/678 582/582
f 678/678 679/679 582/582
f 582/582 679/679 675/675
f 670/670 680/680 677/677
f 674/674 673/673 681/681
f 680/680 682/682 677/677
f 583/583 683/683 678/678
f 679/679 684/684 675/675
f 683/683 584/584 678/678
f 584/584 586/586 679/679
f 678/678 584/584 679/679
f 679/679 586/586 684/684
f 586/586 685/685 684/684
f 680/680 686/686 682/682
f 683/683 588/588 584/584
f 682/682 686/686 687/687
f 586/586 587/587 685/685
f 587/587 590/590 685/685
f 686/686 688/688 687/687
f 689/689 690/690 691/691
f 591/591 692/692 590/590
f 690/690 693/693 691/691
f 694/694 592/592 588/588
f 591/591 695/695 692/692
f 694/694 696/696 592/592
f 691/691 693/693 697/697
f 695/695 594/594 698/698
f 696/696 595/595 592/592
f 594/594 485/485 698/698
f 696/696 597/597 595/595
f 699/699 700/700 701/701
f 702/702 604/604 703/703
f 703/703 604/604 607/607
f 602/602 606/606 601/601
f 700/700 704/704 705/705
f 606/606 608/608 605/605
f 613/613 612/612 706/706
f 612/612 707/707 706/706
f 706/706 707/707 708/708
f 708/708 709/709 617/617
f 617/617 709/709 618/618
f 619/619 618/618 710/710
f 710/710 618/618 711/711
f 710/710 711/711 621/621
f 710/710 621/621 620/620
f 712/712 504/504 713/713
f 621/621 714/714 506/506
f 506/506 714/714 715/715
f 506/506 715/715 622/622
f 715/715 716/716 622/622
f 622/622 716/716 717/717
f 622/622 717/717 623/623
f 717/717 624/624 623/623
f 624/624 625/625 516/516
f 516/516 625/625 517/517
f 625/625 626/626 518/518
f 626/626 627/627 417/417
f 627/627 718/718 418/418
f 718/718 628/628 418/418
f 629/629 630/630 523/523
f 633/633 719/719 634/634
f 630/630 635/635 525/525
f 635/635 720/720 526/526
f 720/720 636/636 526/526
f 526/526 636/636 528/528
f 637/637 638/638 530/530
f 638/638 721/721 532/532
f 641/641 162/162 161/161
f 722/722 723/723 536/536
f 724/724 725/725 642/642
f 724/724 642/642 644/644
f 726/726 643/643 725/725
f 725/725 643/643 642/642
f 726/726 727/727 643/643
f 646/646 643/643 727/727
f 347/347 728/728 729/729
f 347/347 729/729 651/651
f 651/651 730/730 540/540
f 648/648 542/542 647/647
f 541/541 728/728 347/347
f 441/441 731/731 728/728
f 441/441 728/728 541/541
f 648/648 732/732 542/542
f 732/732 653/653 542/542
f 733/733 734/734 735/735
f 440/440 731/731 441/441
f 443/443 736/736 440/440
f 440/440 736/736 731/731
f 653/653 737/737 652/652
f 733/733 738/738 734/734
f 544/544 736/736 443/443
f 442/442 545/545 736/736
f 442/442 736/736 544/544
f 739/739 740/740 445/445
f 445/445 740/740 545/545
f 366/366 739/739 445/445
f 741/741 742/742 743/743
f 546/546 744/744 739/739
f 546/546 739/739 366/366
f 654/654 744/744 546/546
f 447/447 745/745 654/654
f 448/448 746/746 447/447
f 447/447 746/746 745/745
f 547/547 746/746 448/448
f 548/548 747/747 746/746
f 548/548 746/746 547/547
f 549/549 748/748 548/548
f 548/548 748/748 747/747
f 454/454 749/749 549/549
f 549/549 749/749 748/748
f 552/552 749/749 454/454
f 552/552 750/750 749/749
f 553/553 750/750 552/552
f 554/554 750/750 553/553
f 557/557 751/751 750/750
f 557/557 750/750 554/554
f 655/655 751/751 557/557
f 560/560 752/752 655/655
f 561/561 752/752 560/560
f 562/562 565/565 563/563
f 567/567 660/660 565/565
f 753/753 754/754 755/755
f 672/672 756/756 757/757
f 671/671 758/758 669/669
f 672/672 757/757 759/759
f 672/672 759/759 673/673
f 671/671 675/675 758/758
f 675/675 684/684 760/760
f 673/673 759/759 681/681
f 681/681 759/759 761/761
f 684/684 685/685 762/762
f 761/761 763/763 689/689
f 681/681 761/761 689/689
f 685/685 764/764 762/762
f 685/685 590/590 764/764
f 689/689 763/763 690/690
f 590/590 692/692 764/764
f 695/695 765/765 692/692
f 695/695 766/766 765/765
f 693/693 767/767 697/697
f 695/695 698/698 766/766
f 767/767 768/768 697/697
f 698/698 769/769 766/766
f 599/599 770/770 769/769
f 698/698 599/599 769/769
f 697/697 768/768 699/699
f 768/768 771/771 699/699
f 699/699 771/771 700/700
f 770/770 600/600 772/772
f 600/600 603/603 772/772
f 772/772 603/603 773/773
f 603/603 702/702 773/773
f 700/700 774/774 704/704
f 775/775 607/607 776/776
f 777/777 609/609 778/778
f 705/705 704/704 779/779
f 780/780 781/781 611/611
f 611/611 781/781 782/782
f 611/611 782/782 612/612
f 612/612 782/782 707/707
f 707/707 709/709 708/708
f 624/624 717/717 783/783
f 624/624 783/783 625/625
f 628/628 718/718 784/784
f 628/628 784/784 629/629
f 629/629 785/785 630/630
f 630/630 785/785 635/635
f 532/532 721/721 639/639
f 639/639 786/786 640/640
f 640/640 786/786 534/534
f 534/534 786/786 641/641
f 787/787 788/788 789/789
f 790/790 791/791 787/787
f 787/787 791/791 788/788
f 789/789 788/788 724/724
f 792/792 793/793 794/794
f 536/536 795/795 796/796
f 791/791 725/725 788/788
f 788/788 725/725 724/724
f 791/791 797/797 726/726
f 791/791 726/726 725/725
f 726/726 798/798 727/727
f 727/727 798/798 646/646
f 798/798 799/799 646/646
f 729/729 800/800 651/651
f 651/651 800/800 730/730
f 799/799 648/648 646/646
f 801/801 732/732 648/648
f 736/736 802/802 731/731
f 732/732 803/803 804/804
f 804/804 653/653 732/732
f 740/740 805/805 545/545
f 545/545 805/805 736/736
f 653/653 804/804 737/737
f 804/804 806/806 737/737
f 654/654 745/745 807/807
f 654/654 807/807 744/744
f 808/808 809/809 810/810
f 810/810 809/809 811/811
f 563/563 812/812 752/752
f 809/809 813/813 811/811
f 811/811 813/813 814/814
f 660/660 815/815 565/565
f 569/569 816/816 660/660
f 664/664 816/816 569/569
f 814/814 817/817 818/818
f 663/663 819/819 664/664
f 757/757 820/820 759/759
f 821/821 761/761 759/759
f 822/822 823/823 824/824
f 763/763 761/761 825/825
f 826/826 827/827 828/828
f 763/763 825/825 690/690
f 771/771 829/829 700/700
f 700/700 829/829 774/774
f 774/774 830/830 704/704
f 830/830 779/779 704/704
f 618/618 709/709 711/711
f 714/714 831/831 715/715
f 717/717 832/832 783/783
f 626/626 833/833 627/627
f 627/627 834/834 718/718
f 635/635 835/835 720/720
f 720/720 836/836 636/636
f 637/637 837/837 638/638
f 639/639 838/838 786/786
f 839/839 840/840 841/841
f 841/841 840/840 787/787
f 841/841 787/787 789/789
f 842/842 792/792 843/843
f 844/844 790/790 840/840
f 840/840 790/790 787/787
f 723/723 795/795 536/536
f 844/844 845/845 790/790
f 846/846 847/847 848/848
f 790/790 845/845 791/791
f 845/845 797/797 791/791
f 797/797 798/798 726/726
f 798/798 849/849 799/799
f 850/850 729/729 728/728
f 731/731 802/802 728/728
f 851/851 732/732 801/801
f 736/736 852/852 802/802
f 851/851 803/803 732/732
f 853/853 805/805 740/740
f 738/738 854/854 855/855
f 744/744 807/807 856/856
f 745/745 857/857 807/807
f 742/742 741/741 858/858
f 859/859 860/860 861/861
f 812/812 862/862 863/863
f 814/814 813/813 817/817
f 817/817 864/864 818/818
f 818/818 864/864 865/865
f 864/864 866/866 867/867
f 865/865 864/864 867/867
f 866/866 868/868 867/867
f 820/820 821/821 759/759
f 821/821 869/869 761/761
f 761/761 869/869 870/870
f 761/761 870/870 825/825
f 690/690 825/825 871/871
f 690/690 871/871 693/693
f 693/693 871/871 767/767
f 767/767 871/871 872/872
f 767/767 872/872 768/768
f 766/766 769/769 770/770
f 768/768 872/872 873/873
f 768/768 873/873 771/771
f 771/771 873/873 829/829
f 829/829 874/874 774/774
f 774/774 874/874 830/830
f 779/779 875/875 876/876
f 782/782 877/877 707/707
f 707/707 878/878 709/709
f 709/709 878/878 711/711
f 711/711 879/879 621/621
f 879/879 880/880 621/621
f 880/880 831/831 714/714
f 831/831 881/881 715/715
f 715/715 881/881 716/716
f 881/881 832/832 716/716
f 716/716 832/832 717/717
f 832/832 882/882 783/783
f 783/783 833/833 625/625
f 625/625 833/833 626/626
f 627/627 833/833 834/834
f 784/784 834/834 883/883
f 784/784 883/883 629/629
f 883/883 884/884 629/629
f 629/629 884/884 785/785
f 785/785 835/835 635/635
f 720/720 835/835 836/836
f 637/637 836/836 837/837
f 837/837 885/885 638/638
f 885/885 886/886 721/721
f 786/786 838/838 887/887
f 786/786 887/887 641/641
f 641/641 887/887 162/162
f 162/162 888/888 160/160
f 889/889 839/839 890/890
f 891/891 889/889 890/890
f 892/892 893/893 894/894
f 889/889 895/895 896/896
f 889/889 896/896 839/839
f 894/894 893/893 842/842
f 896/896 844/844 839/839
f 844/844 840/840 839/839
f 895/895 897/897 896/896
f 897/897 844/844 896/896
f 898/898 847/847 846/846
f 897/897 845/845 844/844
f 845/845 899/899 900/900
f 845/845 900/900 797/797
f 797/797 900/900 798/798
f 901/901 902/902 800/800
f 800/800 902/902 730/730
f 799/799 903/903 648/648
f 648/648 903/903 801/801
f 903/903 851/851 801/801
f 904/904 905/905 906/906
f 907/907 908/908 909/909
f 910/910 804/804 803/803
f 911/911 907/907 912/912
f 804/804 910/910 806/806
f 913/913 911/911 914/914
f 915/915 916/916 917/917
f 915/915 917/917 918/918
f 919/919 920/920 921/921
f 922/922 923/923 919/919
f 660/660 924/924 925/925
f 660/660 925/925 815/815
f 926/926 924/924 664/664
f 927/927 926/926 664/664
f 866/866 928/928 868/868
f 820/820 929/929 821/821
f 929/929 930/930 821/821
f 821/821 930/930 869/869
f 825/825 931/931 871/871
f 873/873 932/932 829/829
f 874/874 933/933 830/830
f 830/830 933/933 779/779
f 779/779 933/933 875/875
f 877/877 934/934 707/707
f 707/707 934/934 935/935
f 707/707 935/935 878/878
f 711/711 878/878 879/879
f 936/936 937/937 938/938
f 939/939 940/940 941/941
f 882/882 833/833 783/783
f 884/884 835/835 785/785
f 942/942 943/943 944/944
f 886/886 945/945 838/838
f 838/838 945/945 887/887
f 887/887 946/946 162/162
f 946/946 888/888 162/162
f 947/947 891/891 948/948
f 949/949 950/950 951/951
f 947/947 952/952 891/891
f 953/953 952/952 947/947
f 952/952 889/889 891/891
f 952/952 954/954 895/895
f 954/954 897/897 895/895
f 954/954 955/955 897/897
f 897/897 899/899 845/845
f 900/900 849/849 798/798
f 849/849 903/903 799/799
f 903/903 956/956 851/851
f 734/734 957/957 958/958
f 851/851 956/956 959/959
f 960/960 957/957 734/734
f 851/851 959/959 803/803
f 803/803 959/959 910/910
f 910/910 959/959 961/961
f 962/962 963/963 854/854
f 910/910 961/961 806/806
f 808/808 964/964 965/965
f 813/813 966/966 817/817
f 817/817 967/967 864/864
f 869/869 930/930 870/870
f 870/870 968/968 969/969
f 870/870 969/969 825/825
f 825/825 969/969 931/931
f 931/931 970/970 871/871
f 871/871 970/970 971/971
f 871/871 971/971 872/872
f 872/872 972/972 873/873
f 829/829 932/932 874/874
f 874/874 973/973 933/933
f 877/877 974/974 934/934
f 975/975 976/976 977/977
f 936/936 978/978 937/937
f 979/979 980/980 981/981
f 982/982 983/983 984/984
f 985/985 986/986 987/987
f 988/988 989/989 945/945
f 945/945 989/989 990/990
f 945/945 990/990 887/887
f 991/991 947/947 948/948
f 992/992 947/947 991/991
f 992/992 953/953 947/947
f 953/953 993/993 952/952
f 993/993 954/954 952/952
f 955/955 994/994 897/897
f 897/897 995/995 899/899
f 899/899 996/996 900/900
f 900/900 996/996 849/849
f 996/996 903/903 849/849
f 962/962 997/997 963/963
f 998/998 999/999 1000/1000
f 1001/1001 1002/1002 1003/1003
f 813/813 1004/1004 966/966
f 864/864 1005/1005 866/866
f 866/866 1005/1005 928/928
f 928/928 1006/1006 1007/1007
f 1006/1006 1008/1008 1007/1007
f 1007/1007 1008/1008 1009/1009
f 1009/1009 1008/1008 1010/1010
f 1009/1009 1010/1010 1011/1011
f 971/971 972/972 872/872
f 1012/1012 1013/1013 1014/1014
f 1012/1012 1015/1015 1013/1013
f 972/972 1016/1016 873/873
f 1016/1016 1017/1017 932/932
f 1015/1015 1018/1018 1013/1013
f 933/933 1019/1019 1020/1020
f 1013/1013 1021/1021 1014/1014
f 1014/1014 1021/1021 1022/1022
f 934/934 974/974 1023/1023
f 1018/1018 1021/1021 1013/1013
f 1021/1021 1024/1024 1022/1022
f 1025/1025 1024/1024 1021/1021
f 1024/1024 1026/1026 1027/1027
f 1028/1028 1029/1029 1030/1030
f 887/887 990/990 946/946
f 1031/1031 992/992 991/991
f 1032/1032 953/953 992/992
f 1032/1032 1033/1033 953/953
f 1033/1033 1034/1034 953/953
f 1034/1034 993/993 953/953
f 993/993 955/955 954/954
f 993/993 1035/1035 955/955
f 994/994 995/995 897/897
f 995/995 1036/1036 899/899
f 899/899 1036/1036 996/996
f 1037/1037 1038/1038 1039/1039
f 1037/1037 1039/1039 1040/1040
f 956/956 1041/1041 959/959
f 959/959 1042/1042 961/961
f 1043/1043 1044/1044 1045/1045
f 1000/1000 1046/1046 964/964
f 1047/1047 1048/1048 925/925
f 817/817 966/966 967/967
f 966/966 1049/1049 967/967
f 928/928 1005/1005 1050/1050
f 928/928 1050/1050 1006/1006
f 1051/1051 1052/1052 1053/1053
f 1053/1053 1052/1052 1054/1054
f 1055/1055 1056/1056 1057/1057
f 1058/1058 1052/1052 1051/1051
f 1059/1059 1060/1060 1058/1058
f 1052/1052 1061/1061 1054/1054
f 1054/1054 1061/1061 1056/1056
f 1061/1061 1062/1062 1056/1056
f 1056/1056 1062/1062 1063/1063
f 1056/1056 1063/1063 1057/1057
f 1064/1064 1065/1065 1060/1060
f 1060/1060 1065/1065 1058/1058
f 1052/1052 1012/1012 1061/1061
f 1063/1063 1062/1062 1066/1066
f 1065/1065 1052/1052 1058/1058
f 1061/1061 1067/1067 1062/1062
f 1064/1064 1015/1015 1065/1065
f 1061/1061 1068/1068 1067/1067
f 970/970 1069/1069 971/971
f 1065/1065 1015/1015 1052/1052
f 1015/1015 1012/1012 1052/1052
f 1012/1012 1014/1014 1061/1061
f 1014/1014 1068/1068 1061/1061
f 1070/1070 1015/1015 1064/1064
f 1014/1014 1071/1071 1068/1068
f 1017/1017 1072/1072 1073/1073
f 1074/1074 1018/1018 1015/1015
f 1070/1070 1074/1074 1015/1015
f 1019/1019 1075/1075 1076/1076
f 1077/1077 1078/1078 1079/1079
f 974/974 1080/1080 1023/1023
f 1080/1080 1081/1081 1023/1023
f 1023/1023 1081/1081 1082/1082
f 1014/1014 1022/1022 1071/1071
f 1071/1071 1022/1022 1083/1083
f 1074/1074 1084/1084 1018/1018
f 1084/1084 1021/1021 1018/1018
f 1084/1084 1025/1025 1021/1021
f 1084/1084 1085/1085 1025/1025
f 1022/1022 1086/1086 1083/1083
f 1025/1025 1026/1026 1024/1024
f 1022/1022 1027/1027 1086/1086
f 1025/1025 1087/1087 1026/1026
f 1086/1086 1027/1027 1088/1088
f 1027/1027 1026/1026 1089/1089
f 1027/1027 1089/1089 1088/1088
f 1090/1090 1089/1089 1026/1026
f 1090/1090 1091/1091 1089/1089
f 1089/1089 1091/1091 1092/1092
f 1091/1091 1093/1093 1092/1092
f 1091/1091 1094/1094 1093/1093
f 1094/1094 1095/1095 1093/1093
f 986/986 1096/1096 1029/1029
f 1097/1097 1098/1098 1099/1099
f 1099/1099 1098/1098 1100/1100
f 1101/1101 992/992 1031/1031
f 1101/1101 1032/1032 992/992
f 1102/1102 993/993 1034/1034
f 1035/1035 994/994 955/955
f 1103/1103 1104/1104 1038/1038
f 1038/1038 1104/1104 1039/1039
f 1039/1039 1105/1105 1040/1040
f 1040/1040 1105/1105 1106/1106
f 1106/1106 1107/1107 1108/1108
f 1108/1108 1107/1107 1043/1043
f 1109/1109 1110/1110 1111/1111
f 1049/1049 1005/1005 967/967
f 1112/1112 1113/1113 1114/1114
f 1115/1115 1059/1059 1116/1116
f 1116/1116 1053/1053 1117/1117
f 1117/1117 1053/1053 1113/1113
f 1053/1053 1055/1055 1113/1113
f 1059/1059 1051/1051 1116/1116
f 1116/1116 1051/1051 1053/1053
f 1053/1053 1054/1054 1055/1055
f 1113/1113 1055/1055 1114/1114
f 1059/1059 1058/1058 1051/1051
f 1118/1118 1060/1060 1059/1059
f 1118/1118 1119/1119 1060/1060
f 1119/1119 1120/1120 1060/1060
f 1120/1120 1121/1121 1064/1064
f 1120/1120 1064/1064 1060/1060
f 1062/1062 1067/1067 1066/1066
f 1067/1067 1122/1122 1066/1066
f 1122/1122 1123/1123 1066/1066
f 1067/1067 1068/1068 1122/1122
f 1124/1124 149/149 152/152
f 1123/1123 1122/1122 1125/1125
f 1126/1126 1127/1127 1128/1128
f 1068/1068 1129/1129 1122/1122
f 972/972 1130/1130 1131/1131
f 1121/1121 1070/1070 1064/1064
f 1131/1131 1132/1132 1016/1016
f 1132/1132 1133/1133 1072/1072
f 1134/1134 1070/1070 1121/1121
f 1134/1134 1074/1074 1070/1070
f 1135/1135 1136/1136 1137/1137
f 1081/1081 1138/1138 1139/1139
f 1134/1134 1140/1140 1074/1074
f 1140/1140 1084/1084 1074/1074
f 1136/1136 1141/1141 1137/1137
f 1140/1140 1085/1085 1084/1084
f 1136/1136 1142/1142 1141/1141
f 1085/1085 1087/1087 1025/1025
f 1086/1086 1088/1088 1143/1143
f 1143/1143 1088/1088 1144/1144
f 1088/1088 1145/1145 1144/1144
f 1088/1088 1092/1092 1145/1145
f 1087/1087 1146/1146 1026/1026
f 1026/1026 1146/1146 1090/1090
f 1146/1146 1147/1147 1090/1090
f 1090/1090 1147/1147 1091/1091
f 1147/1147 1094/1094 1091/1091
f 1093/1093 1095/1095 1148/1148
f 1095/1095 1149/1149 1148/1148
f 1147/1147 1150/1150 1094/1094
f 1150/1150 1095/1095 1094/1094
f 1029/1029 1096/1096 1151/1151
f 1151/1151 1152/1152 1097/1097
f 1152/1152 1098/1098 1097/1097
f 1153/1153 1154/1154 1155/1155
f 1156/1156 1101/1101 1031/1031
f 1101/1101 1157/1157 1032/1032
f 1157/1157 1033/1033 1032/1032
f 1157/1157 1034/1034 1033/1033
f 1157/1157 1158/1158 1034/1034
f 1034/1034 1158/1158 1102/1102
f 993/993 1159/1159 1035/1035
f 1160/1160 1161/1161 1162/1162
f 1162/1162 1161/1161 1163/1163
f 1161/1161 1164/1164 1163/1163
f 1165/1165 1104/1104 1103/1103
f 1104/1104 1166/1166 1039/1039
f 1039/1039 1166/1166 1167/1167
f 1039/1039 1167/1167 1105/1105
f 997/997 1168/1168 963/963
f 1043/1043 1169/1169 1044/1044
f 1111/1111 1170/1170 1047/1047
f 1004/1004 1171/1171 1172/1172
f 1004/1004 1172/1172 966/966
f 1173/1173 1174/1174 1175/1175
f 1176/1176 1177/1177 1178/1178
f 1176/1176 1178/1178 1179/1179
f 1180/1180 1117/1117 1178/1178
f 1178/1178 1112/1112 1179/1179
f 1181/1181 1116/1116 1180/1180
f 1180/1180 1116/1116 1117/1117
f 1182/1182 1115/1115 1181/1181
f 1117/1117 1113/1113 1178/1178
f 1178/1178 1113/1113 1112/1112
f 1115/1115 1116/1116 1181/1181
f 1183/1183 1059/1059 1115/1115
f 1183/1183 1184/1184 1059/1059
f 1184/1184 1118/1118 1059/1059
f 1184/1184 1185/1185 1118/1118
f 1185/1185 1119/1119 1118/1118
f 1185/1185 1120/1120 1119/1119
f 1186/1186 1187/1187 1188/1188
f 1186/1186 1188/1188 1127/1127
f 1127/1127 1188/1188 1128/1128
f 1131/1131 1189/1189 1132/1132
f 1132/1132 1189/1189 1133/1133
f 1133/1133 1190/1190 1072/1072
f 1128/1128 1188/1188 1191/1191
f 1072/1072 1190/1190 1192/1192
f 1072/1072 1192/1192 1073/1073
f 1073/1073 1192/1192 1019/1019
f 1128/1128 1191/1191 1193/1193
f 1193/1193 1194/1194 1195/1195
f 1142/1142 1196/1196 1141/1141
f 1197/1197 1087/1087 1085/1085
f 1087/1087 1198/1198 1146/1146
f 1093/1093 1148/1148 1199/1199
f 1145/1145 1093/1093 1199/1199
f 1146/1146 1200/1200 1147/1147
f 1201/1201 1202/1202 1203/1203
f 1204/1204 1101/1101 1156/1156
f 1204/1204 1205/1205 1101/1101
f 1205/1205 1157/1157 1101/1101
f 1158/1158 1206/1206 1102/1102
f 1102/1102 1159/1159 993/993
f 1207/1207 1208/1208 1103/1103
f 1208/1208 1165/1165 1103/1103
f 1167/1167 1209/1209 1105/1105
f 1105/1105 1209/1209 1106/1106
f 1106/1106 1210/1210 1107/1107
f 1106/1106 1209/1209 1210/1210
f 1107/1107 1210/1210 1211/1211
f 1107/1107 1211/1211 1043/1043
f 1168/1168 1212/1212 963/963
f 1000/1000 1213/1213 1214/1214
f 1000/1000 1214/1214 1046/1046
f 1170/1170 1215/1215 1047/1047
f 1216/1216 1217/1217 1218/1218
f 1216/1216 1219/1219 1217/1217
f 1216/1216 1220/1220 1219/1219
f 1218/1218 1217/1217 1221/1221
f 1221/1221 1177/1177 1175/1175
f 1175/1175 1222/1222 1173/1173
f 1221/1221 1217/1217 1177/1177
f 1175/1175 1177/1177 1222/1222
f 1177/1177 1176/1176 1222/1222
f 1220/1220 1182/1182 1219/1219
f 1223/1223 1182/1182 1220/1220
f 1219/1219 1181/1181 1217/1217
f 1181/1181 1180/1180 1217/1217
f 1217/1217 1180/1180 1177/1177
f 1223/1223 1224/1224 1182/1182
f 1180/1180 1178/1178 1177/1177
f 1182/1182 1181/1181 1219/1219
f 1184/1184 1183/1183 1224/1224
f 1224/1224 1183/1183 1182/1182
f 1184/1184 1224/1224 1225/1225
f 1183/1183 1115/1115 1182/1182
f 1226/1226 1227/1227 1228/1228
f 1227/1227 1186/1186 1228/1228
f 1227/1227 1187/1187 1186/1186
f 1229/1229 1189/1189 1131/1131
f 1133/1133 1230/1230 1190/1190
f 1231/1231 1191/1191 1188/1188
f 1192/1192 1232/1232 1019/1019
f 1019/1019 1232/1232 1075/1075
f 1191/1191 1233/1233 1193/1193
f 1233/1233 1234/1234 1193/1193
f 1141/1141 1196/1196 1235/1235
f 1193/1193 1234/1234 1194/1194
f 1195/1195 1194/1194 1236/1236
f 1197/1197 1198/1198 1087/1087
f 1198/1198 1200/1200 1146/1146
f 1148/1148 1149/1149 1237/1237
f 1202/1202 1238/1238 1203/1203
f 1147/1147 1239/1239 1150/1150
f 1240/1240 1202/1202 1201/1201
f 1240/1240 1241/1241 1202/1202
f 1205/1205 1242/1242 1157/1157
f 1243/1243 1158/1158 1157/1157
f 1206/1206 1159/1159 1102/1102
f 1244/1244 1245/1245 1160/1160
f 1160/1160 1245/1245 1161/1161
f 1246/1246 1247/1247 1207/1207
f 1247/1247 1208/1208 1207/1207
f 1043/1043 1211/1211 1169/1169
f 1248/1248 1216/1216 1218/1218
f 1248/1248 1218/1218 1249/1249
f 1249/1249 1250/1250 1251/1251
f 1252/1252 1216/1216 1248/1248
f 1214/1214 1253/1253 1254/1254
f 1252/1252 1255/1255 1216/1216
f 1218/1218 1221/1221 1249/1249
f 1249/1249 1221/1221 1250/1250
f 1256/1256 1257/1257 1258/1258
f 1111/1111 1259/1259 1170/1170
f 1256/1256 1260/1260 1174/1174
f 1256/1256 1174/1174 1257/1257
f 1255/1255 1220/1220 1216/1216
f 1221/1221 1260/1260 1250/1250
f 1260/1260 1175/1175 1174/1174
f 1221/1221 1175/1175 1260/1260
f 1223/1223 1255/1255 1261/1261
f 1255/1255 1223/1223 1220/1220
f 1261/1261 1224/1224 1223/1223
f 1262/1262 1226/1226 1263/1263
f 1226/1226 1262/1262 1264/1264
f 1226/1226 1264/1264 1227/1227
f 1227/1227 1264/1264 1187/1187
f 1264/1264 1265/1265 1187/1187
f 1265/1265 1188/1188 1187/1187
f 1265/1265 1266/1266 1188/1188
f 1188/1188 1266/1266 1231/1231
f 1189/1189 1230/1230 1133/1133
f 1267/1267 1268/1268 1269/1269
f 1190/1190 1270/1270 1192/1192
f 1192/1192 1270/1270 1232/1232
f 1080/1080 1271/1271 1081/1081
f 1191/1191 1231/1231 1233/1233
f 1137/1137 1235/1235 1268/1268
f 1194/1194 1234/1234 1272/1272
f 1272/1272 1236/1236 1194/1194
f 1272/1272 1273/1273 1236/1236
f 1236/1236 1273/1273 1274/1274
f 1275/1275 1198/1198 1197/1197
f 1275/1275 1276/1276 1198/1198
f 1198/1198 1277/1277 1200/1200
f 1278/1278 1238/1238 1279/1279
f 1202/1202 1280/1280 1238/1238
f 1200/1200 1281/1281 1147/1147
f 1281/1281 1239/1239 1147/1147
f 1282/1282 1283/1283 1240/1240
f 1240/1240 1283/1283 1241/1241
f 1204/1204 1284/1284 1205/1205
f 1242/1242 1243/1243 1157/1157
f 1206/1206 1158/1158 1243/1243
f 1285/1285 1159/1159 1206/1206
f 1286/1286 1245/1245 1244/1244
f 1161/1161 1245/1245 1287/1287
f 1288/1288 1104/1104 1165/1165
f 1104/1104 1289/1289 1166/1166
f 1167/1167 1290/1290 1209/1209
f 1209/1209 1290/1290 1210/1210
f 1168/1168 1291/1291 1212/1212
f 1292/1292 1293/1293 1248/1248
f 1292/1292 1249/1249 1294/1294
f 1251/1251 1295/1295 1294/1294
f 1292/1292 1248/1248 1249/1249
f 1249/1249 1251/1251 1294/1294
f 1251/1251 1296/1296 1295/1295
f 1293/1293 1252/1252 1248/1248
f 1213/1213 1297/1297 1214/1214
f 1251/1251 1250/1250 1298/1298
f 1251/1251 1298/1298 1296/1296
f 1293/1293 1299/1299 1255/1255
f 1293/1293 1255/1255 1252/1252
f 1256/1256 1258/1258 1298/1298
f 1300/1300 1301/1301 1302/1302
f 1298/1298 1260/1260 1256/1256
f 1110/1110 1259/1259 1111/1111
f 1303/1303 1259/1259 1110/1110
f 1109/1109 1303/1303 1110/1110
f 1300/1300 1302/1302 1262/1262
f 1262/1262 1304/1304 1264/1264
f 1264/1264 1305/1305 1265/1265
f 1266/1266 1306/1306 1231/1231
f 154/154 1307/1307 1308/1308
f 140/140 154/154 1308/1308
f 1189/1189 1309/1309 1230/1230
f 1271/1271 1310/1310 1081/1081
f 1198/1198 1276/1276 1277/1277
f 1277/1277 1281/1281 1200/1200
f 1241/1241 1280/1280 1202/1202
f 1284/1284 1242/1242 1205/1205
f 1245/1245 1311/1311 1287/1287
f 1247/1247 1312/1312 1208/1208
f 1208/1208 1288/1288 1165/1165
f 1104/1104 1288/1288 1289/1289
f 1166/1166 1289/1289 1167/1167
f 1290/1290 1313/1313 1210/1210
f 1313/1313 1314/1314 1210/1210
f 1210/1210 1314/1314 1211/1211
f 1211/1211 1315/1315 1169/1169
f 1168/1168 1316/1316 1291/1291
f 1317/1317 1292/1292 1318/1318
f 1318/1318 1292/1292 1319/1319
f 1292/1292 1294/1294 1319/1319
f 1319/1319 1294/1294 1320/1320
f 1321/1321 1292/1292 1317/1317
f 1294/1294 1295/1295 1320/1320
f 1321/1321 1293/1293 1292/1292
f 1295/1295 1322/1322 1320/1320
f 1323/1323 1293/1293 1321/1321
f 1295/1295 1296/1296 1322/1322
f 1324/1324 1325/1325 1326/1326
f 1299/1299 1293/1293 1323/1323
f 1325/1325 1327/1327 1326/1326
f 1296/1296 1298/1298 1328/1328
f 1302/1302 1329/1329 1262/1262
f 1262/1262 1330/1330 1304/1304
f 1331/1331 1332/1332 1333/1333
f 1265/1265 1334/1334 1266/1266
f 1266/1266 1334/1334 1306/1306
f 148/148 1269/1269 141/141
f 1075/1075 1335/1335 1076/1076
f 1076/1076 1335/1335 1336/1336
f 1310/1310 1337/1337 1081/1081
f 1231/1231 1306/1306 1233/1233
f 1306/1306 1338/1338 1233/1233
f 1233/1233 1338/1338 1234/1234
f 1272/1272 1234/1234 1339/1339
f 1340/1340 1341/1341 1279/1279
f 1283/1283 1342/1342 1241/1241
f 1342/1342 1343/1343 1241/1241
f 1282/1282 1344/1344 1283/1283
f 1242/1242 1345/1345 1243/1243
f 1243/1243 1346/1346 1206/1206
f 1346/1346 1285/1285 1206/1206
f 1286/1286 1347/1347 1245/1245
f 1348/1348 1349/1349 1350/1350
f 1245/1245 1351/1351 1311/1311
f 1352/1352 1353/1353 1354/1354
f 1353/1353 1355/1355 1356/1356
f 1355/1355 1357/1357 1358/1358
f 1246/1246 1359/1359 1247/1247
f 1312/1312 1360/1360 1208/1208
f 1289/1289 1361/1361 1167/1167
f 1361/1361 1313/1313 1290/1290
f 1167/1167 1361/1361 1290/1290
f 1362/1362 1318/1318 1363/1363
f 1318/1318 1319/1319 1364/1364
f 1363/1363 1318/1318 1364/1364
f 1364/1364 1319/1319 1365/1365
f 1365/1365 1319/1319 1366/1366
f 1317/1317 1318/1318 1362/1362
f 1319/1319 1320/1320 1366/1366
f 1366/1366 1320/1320 1367/1367
f 1320/1320 1322/1322 1367/1367
f 1367/1367 1322/1322 1368/1368
f 1369/1369 1370/1370 1371/1371
f 1296/1296 1328/1328 1322/1322
f 1328/1328 1325/1325 1372/1372
f 1322/1322 1328/1328 1372/1372
f 1372/1372 1325/1325 1324/1324
f 1329/1329 1330/1330 1262/1262
f 1373/1373 1333/1333 1374/1374
f 1330/1330 1375/1375 1304/1304
f 1304/1304 1375/1375 1305/1305
f 154/154 158/158 1307/1307
f 1230/1230 1376/1376 1190/1190
f 1234/1234 1338/1338 1339/1339
f 1339/1339 1377/1377 1273/1273
f 1272/1272 1339/1339 1273/1273
f 1377/1377 1378/1378 1274/1274
f 1273/1273 1377/1377 1274/1274
f 1280/1280 1379/1379 1238/1238
f 1238/1238 1379/1379 1340/1340
f 1276/1276 1380/1380 1277/1277
f 1277/1277 1380/1380 1381/1381
f 1277/1277 1381/1381 1281/1281
f 1241/1241 1343/1343 1280/1280
f 1382/1382 1383/1383 1384/1384
f 1382/1382 1384/1384 1282/1282
f 1344/1344 1342/1342 1283/1283
f 1385/1385 1284/1284 1386/1386
f 1387/1387 1284/1284 1385/1385
f 1388/1388 1242/1242 1284/1284
f 1242/1242 1389/1389 1345/1345
f 1243/1243 1345/1345 1346/1346
f 1390/1390 1347/1347 1286/1286
f 1347/1347 1351/1351 1245/1245
f 1352/1352 1354/1354 1391/1391
f 1392/1392 1359/1359 1246/1246
f 1393/1393 1394/1394 1395/1395
f 1394/1394 1396/1396 1395/1395
f 1395/1395 1396/1396 1397/1397
f 1247/1247 1359/1359 1312/1312
f 1396/1396 1398/1398 1399/1399
f 1396/1396 1399/1399 1397/1397
f 1360/1360 1400/1400 1208/1208
f 1208/1208 1400/1400 1288/1288
f 1289/1289 1401/1401 1361/1361
f 1402/1402 1362/1362 1403/1403
f 1403/1403 1362/1362 1363/1363
f 1402/1402 1404/1404 1362/1362
f 1404/1404 1405/1405 1362/1362
f 1405/1405 1317/1317 1362/1362
f 1405/1405 1321/1321 1317/1317
f 1405/1405 1406/1406 1321/1321
f 1406/1406 1323/1323 1321/1321
f 1407/1407 1408/1408 1301/1301
f 1368/1368 1322/1322 1409/1409
f 1322/1322 1372/1372 1409/1409
f 1409/1409 1372/1372 1324/1324
f 1301/1301 1410/1410 1302/1302
f 1410/1410 1329/1329 1302/1302
f 1303/1303 1411/1411 1259/1259
f 1305/1305 1412/1412 1265/1265
f 1413/1413 1414/1414 1415/1415
f 1190/1190 1376/1376 1416/1416
f 1190/1190 1416/1416 1270/1270
f 1270/1270 1416/1416 1232/1232
f 1268/1268 1417/1417 141/141
f 1340/1340 1418/1418 1341/1341
f 1274/1274 1378/1378 1419/1419
f 1378/1378 1420/1420 1419/1419
f 1419/1419 1420/1420 1421/1421
f 1384/1384 1344/1344 1282/1282
f 1242/1242 1388/1388 1389/1389
f 1350/1350 1391/1391 1422/1422
f 1423/1423 1424/1424 1392/1392
f 1393/1393 1395/1395 1425/1425
f 1395/1395 1426/1426 1425/1425
f 1395/1395 1397/1397 1426/1426
f 1397/1397 1427/1427 1426/1426
f 1397/1397 1399/1399 1428/1428
f 1397/1397 1428/1428 1427/1427
f 1427/1427 1428/1428 1429/1429
f 1429/1429 1430/1430 1427/1427
f 1427/1427 1430/1430 1431/1431
f 1432/1432 1433/1433 1428/1428
f 1399/1399 1432/1432 1428/1428
f 1433/1433 1429/1429 1428/1428
f 1433/1433 1434/1434 1429/1429
f 1430/1430 1429/1429 1435/1435
f 1431/1431 1430/1430 1436/1436
f 1434/1434 1435/1435 1429/1429
f 1430/1430 1435/1435 1437/1437
f 1430/1430 1437/1437 1436/1436
f 1434/1434 1438/1438 1435/1435
f 1437/1437 1439/1439 1436/1436
f 1435/1435 1438/1438 1440/1440
f 1435/1435 1440/1440 1437/1437
f 1436/1436 1439/1439 1441/1441
f 1288/1288 1400/1400 1289/1289
f 1438/1438 1442/1442 1443/1443
f 1438/1438 1443/1443 1440/1440
f 1439/1439 1437/1437 1444/1444
f 1439/1439 1444/1444 1445/1445
f 1439/1439 1445/1445 1441/1441
f 1437/1437 1440/1440 1444/1444
f 1443/1443 1446/1446 1440/1440
f 1447/1447 1448/1448 1449/1449
f 1440/1440 1446/1446 1444/1444
f 1445/1445 1444/1444 1403/1403
f 1313/1313 1361/1361 1450/1450
f 1446/1446 1451/1451 1444/1444
f 1451/1451 1402/1402 1444/1444
f 1444/1444 1402/1402 1403/1403
f 1445/1445 1403/1403 1363/1363
f 1445/1445 1363/1363 1441/1441
f 1441/1441 1363/1363 1364/1364
f 1441/1441 1364/1364 1452/1452
f 1452/1452 1364/1364 1365/1365
f 1452/1452 1365/1365 1453/1453
f 1450/1450 1454/1454 1455/1455
f 1456/1456 1457/1457 1458/1458
f 1402/1402 1459/1459 1404/1404
f 1314/1314 1455/1455 1315/1315
f 1455/1455 1460/1460 1315/1315
f 1316/1316 1461/1461 1291/1291
f 1458/1458 1457/1457 1462/1462
f 1404/1404 1463/1463 1405/1405
f 1464/1464 1465/1465 1466/1466
f 1465/1465 1467/1467 1466/1466
f 1405/1405 1468/1468 1406/1406
f 1469/1469 1470/1470 1471/1471
f 1408/1408 1472/1472 1301/1301
f 1259/1259 1473/1473 1170/1170
f 1412/1412 1474/1474 1265/1265
f 1265/1265 1474/1474 1334/1334
f 158/158 1475/1475 1307/1307
f 1309/1309 1476/1476 1477/1477
f 1309/1309 1477/1477 1230/1230
f 1338/1338 1478/1478 1339/1339
f 1479/1479 1480/1480 1481/1481
f 1280/1280 1482/1482 1379/1379
f 1343/1343 1482/1482 1280/1280
f 1383/1383 1483/1483 1384/1384
f 1484/1484 1485/1485 1486/1486
f 1485/1485 1347/1347 1390/1390
f 1487/1487 1488/1488 1489/1489
f 1392/1392 1424/1424 1359/1359
f 1489/1489 1490/1490 1491/1491
f 1492/1492 1431/1431 1493/1493
f 1359/1359 1494/1494 1312/1312
f 1431/1431 1436/1436 1493/1493
f 1436/1436 1495/1495 1493/1493
f 1360/1360 1496/1496 1400/1400
f 1497/1497 1498/1498 1499/1499
f 1432/1432 1500/1500 1433/1433
f 1500/1500 1434/1434 1433/1433
f 1501/1501 1502/1502 1503/1503
f 1500/1500 1504/1504 1434/1434
f 1495/1495 1436/1436 1505/1505
f 1504/1504 1442/1442 1434/1434
f 1434/1434 1442/1442 1438/1438
f 1436/1436 1441/1441 1505/1505
f 1400/1400 1506/1506 1289/1289
f 1505/1505 1441/1441 1507/1507
f 1289/1289 1506/1506 1401/1401
f 1508/1508 1448/1448 1447/1447
f 1441/1441 1452/1452 1507/1507
f 1452/1452 1509/1509 1507/1507
f 1401/1401 1510/1510 1361/1361
f 1448/1448 1511/1511 1449/1449
f 1361/1361 1512/1512 1450/1450
f 1511/1511 1513/1513 1449/1449
f 1511/1511 1514/1514 1513/1513
f 1452/1452 1453/1453 1509/1509
f 1513/1513 1515/1515 1516/1516
f 1455/1455 1517/1517 1460/1460
f 1472/1472 1410/1410 1301/1301
f 1170/1170 1473/1473 1215/1215
f 1518/1518 1473/1473 1259/1259
f 1329/1329 1519/1519 1330/1330
f 1330/1330 1520/1520 1375/1375
f 1375/1375 1412/1412 1305/1305
f 1521/1521 1475/1475 158/158
f 1230/1230 1477/1477 1376/1376
f 1334/1334 1522/1522 1306/1306
f 1523/1523 1524/1524 1525/1525
f 1522/1522 1478/1478 1338/1338
f 1306/1306 1522/1522 1338/1338
f 1478/1478 1526/1526 1339/1339
f 1526/1526 1527/1527 1339/1339
f 1339/1339 1527/1527 1377/1377
f 1340/1340 1528/1528 1418/1418
f 1529/1529 1528/1528 1340/1340
f 1379/1379 1529/1529 1340/1340
f 1482/1482 1530/1530 1379/1379
f 1530/1530 1529/1529 1379/1379
f 1420/1420 1531/1531 1421/1421
f 1342/1342 1482/1482 1343/1343
f 1344/1344 1532/1532 1342/1342
f 1533/1533 1387/1387 1385/1385
f 1534/1534 1389/1389 1388/1388
f 1535/1535 1484/1484 1486/1486
f 1484/1484 1536/1536 1485/1485
f 1536/1536 1537/1537 1485/1485
f 1537/1537 1347/1347 1485/1485
f 1347/1347 1537/1537 1538/1538
f 1347/1347 1538/1538 1351/1351
f 1423/1423 1539/1539 1424/1424
f 1489/1489 1491/1491 1540/1540
f 1359/1359 1424/1424 1494/1494
f 1312/1312 1541/1541 1360/1360
f 1360/1360 1541/1541 1496/1496
f 1542/1542 1543/1543 1544/1544
f 1498/1498 1545/1545 1499/1499
f 1499/1499 1545/1545 1546/1546
f 1546/1546 1545/1545 1508/1508
f 1545/1545 1547/1547 1548/1548
f 1545/1545 1548/1548 1508/1508
f 1508/1508 1548/1548 1448/1448
f 1510/1510 1512/1512 1361/1361
f 1548/1548 1511/1511 1448/1448
f 1450/1450 1512/1512 1454/1454
f 1455/1455 1454/1454 1517/1517
f 1514/1514 1515/1515 1513/1513
f 1457/1457 1549/1549 1462/1462
f 1468/1468 1405/1405 1463/1463
f 1550/1550 1472/1472 1408/1408
f 1472/1472 1551/1551 1410/1410
f 1410/1410 1552/1552 1329/1329
f 1519/1519 1553/1553 1330/1330
f 1553/1553 1520/1520 1330/1330
f 142/142 1554/1554 1555/1555
f 1521/1521 1556/1556 1475/1475
f 1376/1376 1557/1557 1416/1416
f 1416/1416 1558/1558 1232/1232
f 1232/1232 1558/1558 1075/1075
f 1418/1418 1559/1559 1560/1560
f 1527/1527 1561/1561 1377/1377
f 1528/1528 1559/1559 1418/1418
f 1377/1377 1561/1561 1378/1378
f 1562/1562 1563/1563 1564/1564
f 1564/1564 1563/1563 1383/1383
f 1383/1383 1563/1563 1483/1483
f 1342/1342 1532/1532 1482/1482
f 1384/1384 1483/1483 1565/1565
f 1384/1384 1565/1565 1344/1344
f 1566/1566 1539/1539 1423/1423
f 1494/1494 1567/1567 1312/1312
f 1400/1400 1496/1496 1506/1506
f 1498/1498 1568/1568 1545/1545
f 1568/1568 1547/1547 1545/1545
f 1547/1547 1569/1569 1570/1570
f 1547/1547 1570/1570 1548/1548
f 1570/1570 1571/1571 1548/1548
f 1548/1548 1571/1571 1572/1572
f 1548/1548 1572/1572 1511/1511
f 1511/1511 1572/1572 1573/1573
f 1511/1511 1573/1573 1514/1514
f 1574/1574 1575/1575 1576/1576
f 1514/1514 1577/1577 1515/1515
f 1456/1456 1578/1578 1457/1457
f 1579/1579 1549/1549 1550/1550
f 1549/1549 1579/1579 1462/1462
f 1550/1550 1408/1408 1579/1579
f 1410/1410 1551/1551 1580/1580
f 1410/1410 1580/1580 1552/1552
f 1552/1552 1519/1519 1329/1329
f 1473/1473 1581/1581 1215/1215
f 1474/1474 1582/1582 1334/1334
f 1582/1582 1522/1522 1334/1334
f 142/142 1583/1583 1554/1554
f 1475/1475 1556/1556 1584/1584
f 1561/1561 1531/1531 1378/1378
f 1378/1378 1531/1531 1420/1420
f 1565/1565 1532/1532 1344/1344
f 1533/1533 1585/1585 1586/1586
f 1586/1586 1534/1534 1533/1533
f 1535/1535 1587/1587 1484/1484
f 1312/1312 1567/1567 1541/1541
f 1496/1496 1541/1541 1588/1588
f 1496/1496 1588/1588 1506/1506
f 1498/1498 1589/1589 1568/1568
f 1568/1568 1589/1589 1590/1590
f 1568/1568 1590/1590 1547/1547
f 1591/1591 1592/1592 1593/1593
f 1512/1512 1517/1517 1454/1454
f 1572/1572 1571/1571 1594/1594
f 1591/1591 1595/1595 1592/1592
f 1572/1572 1594/1594 1573/1573
f 1517/1517 1596/1596 1597/1597
f 1573/1573 1577/1577 1514/1514
f 1598/1598 1597/1597 1599/1599
f 1600/1600 1595/1595 1601/1601
f 1578/1578 1549/1549 1457/1457
f 1375/1375 1520/1520 1412/1412
f 1583/1583 1602/1602 1554/1554
f 1529/1529 1603/1603 1528/1528
f 1563/1563 1604/1604 1483/1483
f 1484/1484 1587/1587 1605/1605
f 1484/1484 1605/1605 1536/1536
f 1537/1537 1606/1606 1538/1538
f 1539/1539 1607/1607 1424/1424
f 1424/1424 1607/1607 1567/1567
f 1424/1424 1567/1567 1494/1494
f 1588/1588 1608/1608 1506/1506
f 1589/1589 1609/1609 1590/1590
f 1590/1590 1610/1610 1547/1547
f 1547/1547 1610/1610 1569/1569
f 1569/1569 1611/1611 1570/1570
f 1512/1512 1510/1510 1517/1517
f 1570/1570 1611/1611 1571/1571
f 1571/1571 1611/1611 1612/1612
f 1571/1571 1612/1612 1594/1594
f 1594/1594 1613/1613 1573/1573
f 1573/1573 1613/1613 1614/1614
f 1573/1573 1614/1614 1577/1577
f 1615/1615 1549/1549 1578/1578
f 1551/1551 1616/1616 1580/1580
f 1519/1519 1617/1617 1553/1553
f 1556/1556 1618/1618 1584/1584
f 1477/1477 1619/1619 1376/1376
f 1376/1376 1619/1619 1557/1557
f 1557/1557 1558/1558 1416/1416
f 1558/1558 1620/1620 1075/1075
f 1075/1075 1620/1620 1335/1335
f 1522/1522 1621/1621 1478/1478
f 1526/1526 1622/1622 1527/1527
f 1528/1528 1623/1623 1559/1559
f 1603/1603 1623/1623 1528/1528
f 1561/1561 1624/1624 1531/1531
f 1530/1530 1603/1603 1529/1529
f 1562/1562 1625/1625 1563/1563
f 1483/1483 1604/1604 1626/1626
f 1483/1483 1626/1626 1565/1565
f 1626/1626 1627/1627 1565/1565
f 1565/1565 1627/1627 1532/1532
f 1627/1627 1628/1628 1532/1532
f 1587/1587 1629/1629 1605/1605
f 1605/1605 1630/1630 1536/1536
f 1536/1536 1630/1630 1631/1631
f 1536/1536 1631/1631 1537/1537
f 1537/1537 1631/1631 1606/1606
f 1632/1632 1633/1633 1566/1566
f 1633/1633 1539/1539 1566/1566
f 1588/1588 1634/1634 1608/1608
f 1610/1610 1635/1635 1569/1569
f 1569/1569 1635/1635 1611/1611
f 1510/1510 1636/1636 1517/1517
f 1637/1637 1592/1592 1638/1638
f 1517/1517 1636/1636 1639/1639
f 1517/1517 1639/1639 1596/1596
f 1612/1612 1640/1640 1594/1594
f 1640/1640 1613/1613 1594/1594
f 1596/1596 1641/1641 1597/1597
f 1642/1642 1643/1643 1644/1644
f 1597/1597 1641/1641 1599/1599
f 1599/1599 1641/1641 1643/1643
f 1645/1645 1646/1646 1647/1647
f 1615/1615 1648/1648 1549/1549
f 1549/1549 1649/1649 1550/1550
f 1550/1550 1650/1650 1472/1472
f 1472/1472 1650/1650 1551/1551
f 1519/1519 1552/1552 1617/1617
f 1651/1651 1518/1518 1411/1411
f 1618/1618 1652/1652 1653/1653
f 1618/1618 1653/1653 1584/1584
f 1477/1477 1654/1654 1619/1619
f 1620/1620 1655/1655 1335/1335
f 1478/1478 1621/1621 1526/1526
f 1622/1622 1656/1656 1561/1561
f 1527/1527 1622/1622 1561/1561
f 1530/1530 1657/1657 1603/1603
f 1624/1624 1658/1658 1531/1531
f 1531/1531 1658/1658 1659/1659
f 1482/1482 1657/1657 1530/1530
f 1660/1660 1657/1657 1482/1482
f 1563/1563 1625/1625 1604/1604
f 1628/1628 1660/1660 1532/1532
f 1535/1535 1661/1661 1587/1587
f 1608/1608 1662/1662 1510/1510
f 1663/1663 1664/1664 1665/1665
f 1635/1635 1666/1666 1611/1611
f 1637/1637 1638/1638 1667/1667
f 1666/1666 1640/1640 1612/1612
f 1639/1639 1641/1641 1596/1596
f 1668/1668 1669/1669 1645/1645
f 1645/1645 1669/1669 1646/1646
f 1641/1641 1670/1670 1643/1643
f 1615/1615 1671/1671 1648/1648
f 1648/1648 1649/1649 1549/1549
f 1648/1648 1672/1672 1649/1649
f 1649/1649 1650/1650 1550/1550
f 1650/1650 1673/1673 1551/1551
f 1673/1673 1616/1616 1551/1551
f 1616/1616 1674/1674 1580/1580
f 1580/1580 1674/1674 1552/1552
f 1518/1518 1675/1675 1473/1473
f 1676/1676 1520/1520 1553/1553
f 1520/1520 1677/1677 1412/1412
f 1412/1412 1678/1678 1474/1474
f 1679/1679 1582/1582 1474/1474
f 1619/1619 1680/1680 1557/1557
f 1557/1557 1681/1681 1558/1558
f 1559/1559 1682/1682 1683/1683
f 1623/1623 1682/1682 1559/1559
f 1561/1561 1656/1656 1624/1624
f 1684/1684 1685/1685 1686/1686
f 1629/1629 1687/1687 1605/1605
f 1605/1605 1688/1688 1630/1630
f 1631/1631 1689/1689 1606/1606
f 1632/1632 1690/1690 1633/1633
f 1567/1567 1691/1691 1541/1541
f 1691/1691 1692/1692 1541/1541
f 1692/1692 1588/1588 1541/1541
f 1644/1644 1693/1693 1694/1694
f 1695/1695 1644/1644 1694/1694
f 1696/1696 1697/1697 1698/1698
f 1639/1639 1670/1670 1641/1641
f 1643/1643 1699/1699 1644/1644
f 1643/1643 1670/1670 1699/1699
f 1644/1644 1699/1699 1693/1693
f 1700/1700 1701/1701 1671/1671
f 1648/1648 1702/1702 1672/1672
f 1676/1676 1703/1703 1520/1520
f 1335/1335 1704/1704 1336/1336
f 1271/1271 1705/1705 1310/1310
f 1310/1310 1706/1706 1337/1337
f 1657/1657 1707/1707 1603/1603
f 1625/1625 1708/1708 1604/1604
f 1627/1627 1709/1709 1628/1628
f 1661/1661 1629/1629 1587/1587
f 1630/1630 1688/1688 1631/1631
f 1633/1633 1710/1710 1539/1539
f 1539/1539 1691/1691 1607/1607
f 1607/1607 1691/1691 1567/1567
f 1671/1671 1701/1701 1702/1702
f 1649/1649 1672/1672 1650/1650
f 1674/1674 1617/1617 1552/1552
f 1617/1617 1676/1676 1553/1553
f 1520/1520 1703/1703 1677/1677
f 1474/1474 1678/1678 1679/1679
f 1582/1582 1711/1711 1522/1522
f 1712/1712 1681/1681 1557/1557
f 1680/1680 1712/1712 1557/1557
f 1337/1337 1706/1706 1713/1713
f 1705/1705 1714/1714 1310/1310
f 1310/1310 1714/1714 1706/1706
f 1603/1603 1715/1715 1623/1623
f 1707/1707 1715/1715 1603/1603
f 1628/1628 1716/1716 1660/1660
f 1604/1604 1708/1708 1626/1626
f 1709/1709 1716/1716 1628/1628
f 1717/1717 1709/1709 1627/1627
f 1626/1626 1717/1717 1627/1627
f 1687/1687 1688/1688 1605/1605
f 1539/1539 1710/1710 1691/1691
f 1634/1634 1718/1718 1662/1662
f 1718/1718 1719/1719 1662/1662
f 1662/1662 1719/1719 1636/1636
f 1720/1720 1721/1721 1722/1722
f 1694/1694 1693/1693 1723/1723
f 1693/1693 1699/1699 1723/1723
f 1699/1699 1670/1670 1724/1724
f 1725/1725 1726/1726 1727/1727
f 1701/1701 135/135 136/136
f 134/134 1672/1672 1702/1702
f 1701/1701 134/134 1702/1702
f 1672/1672 1728/1728 1650/1650
f 1518/1518 1729/1729 1675/1675
f 1651/1651 1729/1729 1518/1518
f 1558/1558 1730/1730 1620/1620
f 1716/1716 1707/1707 1657/1657
f 1660/1660 1716/1716 1657/1657
f 1708/1708 1717/1717 1626/1626
f 1661/1661 1731/1731 1629/1629
f 1629/1629 1732/1732 1687/1687
f 1687/1687 1733/1733 1688/1688
f 1631/1631 1688/1688 1734/1734
f 1631/1631 1734/1734 1689/1689
f 1690/1690 1710/1710 1633/1633
f 1691/1691 1735/1735 1692/1692
f 1692/1692 1736/1736 1588/1588
f 1588/1588 1736/1736 1634/1634
f 1736/1736 1718/1718 1634/1634
f 1722/1722 1721/1721 1737/1737
f 1636/1636 1719/1719 1639/1639
f 1719/1719 1738/1738 1670/1670
f 1639/1639 1719/1719 1670/1670
f 1670/1670 1738/1738 1724/1724
f 134/134 133/133 1672/1672
f 1650/1650 1739/1739 1673/1673
f 1740/1740 1741/1741 1742/1742
f 1412/1412 1677/1677 1678/1678
f 1712/1712 1743/1743 1681/1681
f 1522/1522 1711/1711 1621/1621
f 1624/1624 1744/1744 1658/1658
f 1661/1661 1745/1745 1731/1731
f 1731/1731 1732/1732 1629/1629
f 1732/1732 1733/1733 1687/1687
f 1710/1710 1746/1746 1691/1691
f 1747/1747 1737/1737 1748/1748
f 1723/1723 1724/1724 1749/1749
f 1728/1728 1739/1739 1650/1650
f 1473/1473 1750/1750 1581/1581
f 1729/1729 1751/1751 1675/1675
f 1675/1675 1750/1750 1473/1473
f 1617/1617 1752/1752 1676/1676
f 1681/1681 1730/1730 1558/1558
f 1684/1684 1753/1753 1685/1685
f 1754/1754 1755/1755 1690/1690
f 1690/1690 1755/1755 1746/1746
f 1690/1690 1746/1746 1710/1710
f 1746/1746 1756/1756 1691/1691
f 1756/1756 1757/1757 1691/1691
f 1691/1691 1757/1757 1735/1735
f 1692/1692 1735/1735 1758/1758
f 1692/1692 1758/1758 1736/1736
f 1737/1737 1759/1759 1748/1748
f 1737/1737 1760/1760 1759/1759
f 1761/1761 133/133 135/135
f 133/133 1761/1761 1672/1672
f 1616/1616 1762/1762 1763/1763
f 1616/1616 1763/1763 1674/1674
f 1674/1674 1763/1763 1617/1617
f 1703/1703 1764/1764 1677/1677
f 1682/1682 1765/1765 1766/1766
f 1707/1707 1767/1767 1715/1715
f 1658/1658 1768/1768 1659/1659
f 1659/1659 1768/1768 1769/1769
f 1709/1709 1770/1770 1716/1716
f 1716/1716 1770/1770 1771/1771
f 1772/1772 1753/1753 1684/1684
f 1731/1731 1773/1773 1732/1732
f 1733/1733 1774/1774 1688/1688
f 1688/1688 1774/1774 1734/1734
f 1775/1775 1776/1776 1777/1777
f 1738/1738 1778/1778 1724/1724
f 1779/1779 1780/1780 1726/1726
f 1672/1672 1781/1781 1728/1728
f 1673/1673 1782/1782 1616/1616
f 1675/1675 1751/1751 1750/1750
f 1582/1582 1783/1783 1711/1711
f 1745/1745 1784/1784 1731/1731
f 1754/1754 1785/1785 1755/1755
f 1786/1786 1787/1787 1719/1719
f 1718/1718 1786/1786 1719/1719
f 1787/1787 1778/1778 1738/1738
f 1788/1788 1780/1780 1779/1779
f 1724/1724 1778/1778 1749/1749
f 1672/1672 1761/1761 1781/1781
f 1739/1739 1782/1782 1673/1673
f 1616/1616 1782/1782 1762/1762
f 130/130 1789/1789 125/125
f 120/120 1790/1790 118/118
f 1621/1621 1791/1791 1526/1526
f 1526/1526 1792/1792 1622/1622
f 1622/1622 1793/1793 1656/1656
f 1623/1623 1765/1765 1682/1682
f 1767/1767 1794/1794 1715/1715
f 1716/1716 1771/1771 1707/1707
f 1753/1753 1795/1795 1796/1796
f 1732/1732 1797/1797 1733/1733
f 1798/1798 1799/1799 1800/1800
f 1758/1758 1801/1801 1736/1736
f 1736/1736 1786/1786 1718/1718
f 1802/1802 1759/1759 1803/1803
f 1728/1728 1781/1781 1739/1739
f 1763/1763 1752/1752 1617/1617
f 1678/1678 1804/1804 1679/1679
f 125/125 1789/1789 126/126
f 1743/1743 1805/1805 1681/1681
f 1656/1656 1793/1793 1624/1624
f 1744/1744 1806/1806 1658/1658
f 1807/1807 1808/1808 1753/1753
f 1784/1784 1773/1773 1731/1731
f 1733/1733 1809/1809 1774/1774
f 1736/1736 1801/1801 1810/1810
f 1786/1786 1811/1811 1787/1787
f 1749/1749 1812/1812 1813/1813
f 1762/1762 1814/1814 1763/1763
f 1750/1750 1815/1815 1581/1581
f 1729/1729 1816/1816 1751/1751
f 1752/1752 1817/1817 1676/1676
f 1655/1655 1818/1818 1335/1335
f 1335/1335 1818/1818 1704/1704
f 1711/1711 1783/1783 1621/1621
f 1794/1794 1819/1819 1715/1715
f 1820/1820 1821/1821 1717/1717
f 1773/1773 1797/1797 1732/1732
f 1774/1774 1822/1822 1734/1734
f 1734/1734 1822/1822 1823/1823
f 1754/1754 1824/1824 1785/1785
f 1746/1746 1825/1825 1756/1756
f 1736/1736 1810/1810 1786/1786
f 135/135 1826/1826 1761/1761
f 1763/1763 1814/1814 1752/1752
f 1827/1827 1828/1828 1829/1829
f 1815/1815 1827/1827 1581/1581
f 1751/1751 1830/1830 1750/1750
f 1817/1817 1831/1831 1676/1676
f 1703/1703 1832/1832 1764/1764
f 1764/1764 1833/1833 1677/1677
f 1789/1789 1834/1834 126/126
f 1834/1834 1835/1835 127/127
f 126/126 1834/1834 127/127
f 1743/1743 1836/1836 1805/1805
f 1681/1681 1805/1805 1730/1730
f 1793/1793 1837/1837 1624/1624
f 1708/1708 1820/1820 1717/1717
f 1809/1809 1838/1838 1774/1774
f 1755/1755 1839/1839 1746/1746
f 1757/1757 1840/1840 1735/1735
f 1735/1735 1841/1841 1758/1758
f 1778/1778 1842/1842 1812/1812
f 1726/1726 1843/1843 1844/1844
f 1726/1726 1844/1844 1845/1845
f 1739/1739 1846/1846 1782/1782
f 1762/1762 1847/1847 1814/1814
f 1752/1752 1814/1814 1848/1848
f 1676/1676 1831/1831 1849/1849
f 1677/1677 1833/1833 1850/1850
f 1677/1677 1850/1850 1851/1851
f 1851/1851 1678/1678 1677/1677
f 1706/1706 1852/1852 1713/1713
f 1622/1622 1853/1853 1793/1793
f 1624/1624 1837/1837 1744/1744
f 1806/1806 1768/1768 1658/1658
f 1808/1808 1795/1795 1753/1753
f 1840/1840 1841/1841 1735/1735
f 1854/1854 1786/1786 1810/1810
f 1855/1855 1842/1842 1778/1778
f 1761/1761 1826/1826 1856/1856
f 1856/1856 1781/1781 1761/1761
f 1676/1676 1849/1849 1703/1703
f 1703/1703 1849/1849 1832/1832
f 1805/1805 1857/1857 1730/1730
f 1730/1730 1857/1857 1620/1620
f 1852/1852 1858/1858 1713/1713
f 1791/1791 1792/1792 1526/1526
f 1859/1859 1860/1860 1807/1807
f 1784/1784 1861/1861 1773/1773
f 1773/1773 1861/1861 1797/1797
f 1756/1756 1840/1840 1757/1757
f 1758/1758 1841/1841 1801/1801
f 1786/1786 1862/1862 1811/1811
f 1846/1846 1863/1863 1782/1782
f 1782/1782 1847/1847 1762/1762
f 1848/1848 1817/1817 1752/1752
f 1816/1816 1864/1864 1751/1751
f 1751/1751 1864/1864 1830/1830
f 1832/1832 1833/1833 1764/1764
f 1865/1865 1866/1866 1834/1834
f 1867/1867 1868/1868 1705/1705
f 1705/1705 1868/1868 1714/1714
f 1623/1623 1819/1819 1765/1765
f 1708/1708 1869/1869 1820/1820
f 1821/1821 1870/1870 1717/1717
f 1717/1717 1870/1870 1709/1709
f 1709/1709 1871/1871 1770/1770
f 1808/1808 1872/1872 1795/1795
f 1784/1784 1873/1873 1861/1861
f 1797/1797 1809/1809 1733/1733
f 1838/1838 1822/1822 1774/1774
f 1785/1785 1874/1874 1755/1755
f 1746/1746 1839/1839 1825/1825
f 1854/1854 1862/1862 1786/1786
f 1842/1842 1875/1875 1812/1812
f 1739/1739 1876/1876 1846/1846
f 1863/1863 1847/1847 1782/1782
f 1582/1582 1679/1679 1783/1783
f 1783/1783 1791/1791 1621/1621
f 1877/1877 1873/1873 1784/1784
f 1878/1878 1854/1854 1810/1810
f 1768/1768 1879/1879 1769/1769
f 1709/1709 1870/1870 1871/1871
f 1825/1825 1840/1840 1756/1756
f 1841/1841 1880/1880 1801/1801
f 1810/1810 1801/1801 1878/1878
f 1875/1875 1881/1881 1882/1882
f 1842/1842 1883/1883 1875/1875
f 1830/1830 1884/1884 1750/1750
f 1750/1750 1884/1884 1815/1815
f 1831/1831 1817/1817 1849/1849
f 1678/1678 1851/1851 1804/1804
f 1679/1679 1885/1885 1783/1783
f 1866/1866 1886/1886 1834/1834
f 1834/1834 1886/1886 1835/1835
f 1805/1805 1887/1887 1857/1857
f 1861/1861 1888/1888 1797/1797
f 1755/1755 1874/1874 1839/1839
f 1840/1840 1889/1889 1841/1841
f 1880/1880 1878/1878 1801/1801
f 1811/1811 1862/1862 1890/1890
f 1882/1882 1881/1881 1891/1891
f 1855/1855 1892/1892 1842/1842
f 1842/1842 1892/1892 1883/1883
f 1875/1875 1883/1883 1881/1881
f 1826/1826 1893/1893 1894/1894
f 1826/1826 1894/1894 1856/1856
f 1856/1856 1895/1895 1781/1781
f 1896/1896 1897/1897 1898/1898
f 1781/1781 1895/1895 1876/1876
f 1899/1899 1900/1900 1804/1804
f 1804/1804 1900/1900 1679/1679
f 1836/1836 1887/1887 1805/1805
f 1792/1792 1853/1853 1622/1622
f 1877/1877 1901/1901 1873/1873
f 1873/1873 1902/1902 1861/1861
f 1888/1888 1809/1809 1797/1797
f 1824/1824 1874/1874 1785/1785
f 1890/1890 1892/1892 1855/1855
f 1883/1883 1903/1903 1881/1881
f 1894/1894 1895/1895 1856/1856
f 1817/1817 1904/1904 1849/1849
f 1833/1833 1832/1832 1905/1905
f 1833/1833 1906/1906 1850/1850
f 1886/1886 1907/1907 1835/1835
f 1836/1836 1908/1908 1887/1887
f 1806/1806 1909/1909 1768/1768
f 1872/1872 1910/1910 1911/1911
f 1861/1861 1902/1902 1888/1888
f 1840/1840 1825/1825 1912/1912
f 1913/1913 1890/1890 1862/1862
f 1848/1848 1914/1914 1817/1817
f 1915/1915 1916/1916 1917/1917
f 1850/1850 1906/1906 1851/1851
f 1918/1918 1919/1919 1920/1920
f 1714/1714 1852/1852 1706/1706
f 1770/1770 1921/1921 1771/1771
f 1822/1822 1922/1922 1823/1823
f 1878/1878 1913/1913 1854/1854
f 1854/1854 1913/1913 1862/1862
f 1846/1846 1923/1923 1863/1863
f 1791/1791 1924/1924 1792/1792
f 1771/1771 1921/1921 1707/1707
f 1821/1821 1925/1925 1870/1870
f 1809/1809 1926/1926 1838/1838
f 1839/1839 1927/1927 1825/1825
f 1841/1841 1889/1889 1880/1880
f 1892/1892 1928/1928 1883/1883
f 1883/1883 1928/1928 1903/1903
f 1816/1816 1929/1929 1864/1864
f 1849/1849 1930/1930 1832/1832
f 1930/1930 1905/1905 1832/1832
f 1679/1679 1900/1900 1885/1885
f 1908/1908 1931/1931 1887/1887
f 1857/1857 1887/1887 1620/1620
f 1885/1885 1932/1932 1783/1783
f 1783/1783 1932/1932 1791/1791
f 1794/1794 1933/1933 1819/1819
f 1768/1768 1909/1909 1879/1879
f 1921/1921 1934/1934 1707/1707
f 1824/1824 1935/1935 1874/1874
f 1825/1825 1927/1927 1936/1936
f 1912/1912 1937/1937 1840/1840
f 1840/1840 1937/1937 1889/1889
f 1890/1890 1938/1938 1892/1892
f 1939/1939 1940/1940 1941/1941
f 1942/1942 1939/1939 1941/1941
f 1876/1876 1923/1923 1846/1846
f 1863/1863 1943/1943 1847/1847
f 1847/1847 1944/1944 1814/1814
f 1929/1929 1830/1830 1864/1864
f 1914/1914 1904/1904 1817/1817
f 1904/1904 1930/1930 1849/1849
f 1886/1886 1945/1945 1907/1907
f 1907/1907 1945/1945 1946/1946
f 1620/1620 1947/1947 1655/1655
f 1874/1874 1948/1948 1839/1839
f 1825/1825 1949/1949 1912/1912
f 1941/1941 1940/1940 1950/1950
f 1887/1887 1947/1947 1620/1620
f 1819/1819 1933/1933 1765/1765
f 1869/1869 1951/1951 1820/1820
f 1838/1838 1952/1952 1822/1822
f 1839/1839 1948/1948 1927/1927
f 1880/1880 1953/1953 1878/1878
f 1890/1890 1913/1913 1938/1938
f 1943/1943 1944/1944 1847/1847
f 1944/1944 1848/1848 1814/1814
f 1827/1827 1954/1954 1828/1828
f 1900/1900 1955/1955 1885/1885
f 1956/1956 1945/1945 1886/1886
f 1902/1902 1957/1957 1888/1888
f 1822/1822 1952/1952 1922/1922
f 1956/1956 1958/1958 1945/1945
f 1931/1931 1959/1959 1887/1887
f 1887/1887 1959/1959 1947/1947
f 1707/1707 1934/1934 1960/1960
f 1707/1707 1960/1960 1767/1767
f 1820/1820 1951/1951 1821/1821
f 1825/1825 1936/1936 1949/1949
f 1889/1889 1953/1953 1880/1880
f 1953/1953 1961/1961 1878/1878
f 1878/1878 1961/1961 1913/1913
f 1938/1938 1962/1962 1892/1892
f 1892/1892 1963/1963 1964/1964
f 1892/1892 1964/1964 1928/1928
f 1815/1815 1954/1954 1827/1827
f 1965/1965 1966/1966 1967/1967
f 1914/1914 1968/1968 1904/1904
f 1906/1906 1969/1969 1851/1851
f 1851/1851 1969/1969 1804/1804
f 1969/1969 1899/1899 1804/1804
f 1955/1955 1932/1932 1885/1885
f 1932/1932 1924/1924 1791/1791
f 1793/1793 1970/1970 1837/1837
f 1901/1901 1971/1971 1873/1873
f 1888/1888 1972/1972 1809/1809
f 1912/1912 1949/1949 1937/1937
f 1937/1937 1973/1973 1889/1889
f 1889/1889 1973/1973 1953/1953
f 1961/1961 1974/1974 1913/1913
f 1974/1974 1975/1975 1913/1913
f 1913/1913 1975/1975 1962/1962
f 1913/1913 1962/1962 1938/1938
f 1962/1962 1963/1963 1892/1892
f 1939/1939 1976/1976 1940/1940
f 1968/1968 1977/1977 1904/1904
f 1905/1905 1930/1930 1978/1978
f 1979/1979 1980/1980 1981/1981
f 1976/1976 1982/1982 1940/1940
f 1905/1905 1978/1978 1906/1906
f 1900/1900 1899/1899 1955/1955
f 1958/1958 1983/1983 1945/1945
f 1947/1947 1984/1984 1655/1655
f 1852/1852 1985/1985 1858/1858
f 1655/1655 1984/1984 1818/1818
f 1868/1868 1986/1986 1714/1714
f 1714/1714 1986/1986 1987/1987
f 1714/1714 1987/1987 1852/1852
f 1853/1853 1970/1970 1793/1793
f 1806/1806 1988/1988 1909/1909
f 1957/1957 1989/1989 1888/1888
f 1888/1888 1989/1989 1972/1972
f 1972/1972 1926/1926 1809/1809
f 1937/1937 1949/1949 1973/1973
f 1876/1876 1990/1990 1923/1923
f 1929/1929 1991/1991 1830/1830
f 1904/1904 1977/1977 1930/1930
f 1983/1983 1992/1992 1945/1945
f 1992/1992 1993/1993 1946/1946
f 1945/1945 1992/1992 1946/1946
f 1931/1931 1994/1994 1959/1959
f 1744/1744 1837/1837 1806/1806
f 1770/1770 1995/1995 1921/1921
f 1873/1873 1996/1996 1902/1902
f 1953/1953 1997/1997 1961/1961
f 1997/1997 1974/1974 1961/1961
f 1895/1895 1990/1990 1876/1876
f 1991/1991 1998/1998 1830/1830
f 1830/1830 1998/1998 1884/1884
f 1884/1884 1999/1999 1815/1815
f 1815/1815 1999/1999 1954/1954
f 1966/1966 2000/2000 1967/1967
f 1958/1958 2001/2001 1983/1983
f 1984/1984 2002/2002 1818/1818
f 1867/1867 2003/2003 1868/1868
f 1853/1853 2004/2004 1970/1970
f 1933/1933 2005/2005 1765/1765
f 1996/1996 1957/1957 1902/1902
f 2006/2006 2007/2007 2008/2008
f 1874/1874 1935/1935 1948/1948
f 1863/1863 2009/2009 1943/1943
f 1929/1929 2010/2010 1991/1991
f 73/73 75/75 1959/1959
f 1994/1994 73/73 1959/1959
f 1959/1959 75/75 1947/1947
f 1932/1932 1955/1955 2011/2011
f 1932/1932 2011/2011 1924/1924
f 1792/1792 2004/2004 1853/1853
f 2005/2005 2012/2012 1765/1765
f 1935/1935 2013/2013 1948/1948
f 1948/1948 2014/2014 1927/1927
f 1927/1927 2014/2014 1936/1936
f 1895/1895 2015/2015 1990/1990
f 1944/1944 2016/2016 1848/1848
f 1848/1848 2016/2016 1914/1914
f 1954/1954 2017/2017 1828/1828
f 1947/1947 74/74 1984/1984
f 1924/1924 2018/2018 1792/1792
f 2019/2019 2020/2020 2021/2021
f 1794/1794 1960/1960 2022/2022
f 1921/1921 1995/1995 1934/1934
f 1869/1869 2023/2023 1951/1951
f 1971/1971 1996/1996 1873/1873
f 1952/1952 2024/2024 1922/1922
f 1936/1936 2025/2025 1949/1949
f 1953/1953 2026/2026 1997/1997
f 1974/1974 1997/1997 2027/2027
f 1974/1974 2027/2027 1975/1975
f 1962/1962 2028/2028 1963/1963
f 1979/1979 2029/2029 1980/1980
f 1943/1943 2009/2009 1944/1944
f 1968/1968 2030/2030 1977/1977
f 1930/1930 2031/2031 1978/1978
f 1821/1821 1951/1951 1925/1925
f 1901/1901 2032/2032 1971/1971
f 1949/1949 2025/2025 2033/2033
f 1949/1949 2033/2033 1973/1973
f 1973/1973 2034/2034 1953/1953
f 1975/1975 2027/2027 1962/1962
f 1963/1963 2028/2028 1964/1964
f 1893/1893 2035/2035 1894/1894
f 1998/1998 1999/1999 1884/1884
f 1978/1978 2036/2036 1906/1906
f 1969/1969 2037/2037 1899/1899
f 1955/1955 2038/2038 2011/2011
f 2039/2039 2005/2005 1933/1933
f 1837/1837 1988/1988 1806/1806
f 1972/1972 2040/2040 1926/1926
f 1926/1926 2040/2040 2041/2041
f 1935/1935 2042/2042 2013/2013
f 2033/2033 2034/2034 1973/1973
f 2034/2034 2026/2026 1953/1953
f 1914/1914 2016/2016 1968/1968
f 1977/1977 2030/2030 1930/1930
f 2031/2031 2036/2036 1978/1978
f 1936/1936 2014/2014 2025/2025
f 1997/1997 2043/2043 2027/2027
f 2027/2027 2028/2028 1962/1962
f 1964/1964 2044/2044 2045/2045
f 1990/1990 2046/2046 1923/1923
f 1923/1923 2046/2046 2009/2009
f 2030/2030 2031/2031 1930/1930
f 1899/1899 2037/2037 2038/2038
f 74/74 96/96 1984/1984
f 1909/1909 2047/2047 1879/1879
f 1948/1948 2013/2013 2014/2014
f 2026/2026 2048/2048 1997/1997
f 2028/2028 2044/2044 1964/1964
f 1968/1968 2016/2016 2030/2030
f 1837/1837 2049/2049 2050/2050
f 1837/1837 2050/2050 1988/1988
f 2025/2025 2051/2051 2033/2033
f 2034/2034 2048/2048 2026/2026
f 2048/2048 2043/2043 1997/1997
f 1944/1944 2052/2052 2016/2016
f 2053/2053 2054/2054 2021/2021
f 2012/2012 2055/2055 2056/2056
f 2028/2028 2057/2057 2044/2044
f 2058/2058 2059/2059 2060/2060
f 1971/1971 2061/2061 1996/1996
f 2014/2014 2062/2062 2025/2025
f 2034/2034 2063/2063 2048/2048
f 2043/2043 2064/2064 2027/2027
f 2027/2027 2064/2064 2028/2028
f 2010/2010 2065/2065 1991/1991
f 1966/1966 2066/2066 2000/2000
f 2016/2016 2067/2067 2030/2030
f 2031/2031 2068/2068 2036/2036
f 2069/2069 1969/1969 1906/1906
f 1970/1970 2049/2049 1837/1837
f 1926/1926 2041/2041 2070/2070
f 1926/1926 2070/2070 1952/1952
f 1952/1952 2071/2071 2024/2024
f 2034/2034 2033/2033 2063/2063
f 2043/2043 2072/2072 2064/2064
f 2073/2073 1990/1990 2015/2015
f 1999/1999 2074/2074 1954/1954
f 1984/1984 100/100 2002/2002
f 2011/2011 2075/2075 1924/1924
f 1934/1934 2076/2076 1960/1960
f 1995/1995 2076/2076 1934/1934
f 1870/1870 2077/2077 1871/1871
f 2013/2013 2078/2078 2014/2014
f 2014/2014 2078/2078 2062/2062
f 2048/2048 2079/2079 2043/2043
f 2064/2064 2057/2057 2028/2028
f 2046/2046 2080/2080 2009/2009
f 2016/2016 2052/2052 2067/2067
f 2030/2030 2081/2081 2031/2031
f 1984/1984 96/96 100/100
f 100/100 2082/2082 2002/2002
f 2075/2075 2083/2083 1924/1924
f 1924/1924 2083/2083 2018/2018
f 1792/1792 2018/2018 2004/2004
f 1988/1988 2084/2084 1909/1909
f 2085/2085 2086/2086 2087/2087
f 1952/1952 2070/2070 2071/2071
f 2062/2062 2088/2088 2025/2025
f 2051/2051 2089/2089 2033/2033
f 2033/2033 2089/2089 2063/2063
f 2043/2043 2079/2079 2072/2072
f 2035/2035 2090/2090 2015/2015
f 1991/1991 2065/2065 1998/1998
f 2067/2067 2081/2081 2030/2030
f 1969/1969 2091/2091 2037/2037
f 2037/2037 2092/2092 2038/2038
f 1868/1868 2093/2093 1986/1986
f 1925/1925 2094/2094 1870/1870
f 1996/1996 2061/2061 1957/1957
f 1989/1989 2040/2040 1972/1972
f 2078/2078 2095/2095 2062/2062
f 2025/2025 2088/2088 2051/2051
f 2057/2057 2096/2096 2044/2044
f 2044/2044 2096/2096 2045/2045
f 2069/2069 2091/2091 1969/1969
f 2037/2037 2091/2091 2097/2097
f 2037/2037 2097/2097 2092/2092
f 2038/2038 2092/2092 2011/2011
f 2011/2011 2092/2092 2075/2075
f 2005/2005 2098/2098 2012/2012
f 1909/1909 2084/2084 2047/2047
f 2062/2062 2099/2099 2088/2088
f 2072/2072 2100/2100 2064/2064
f 2064/2064 2100/2100 2101/2101
f 2064/2064 2101/2101 2057/2057
f 2015/2015 2090/2090 2073/2073
f 2009/2009 2080/2080 2102/2102
f 2009/2009 2102/2102 1944/1944
f 2081/2081 2103/2103 2031/2031
f 2036/2036 2068/2068 2069/2069
f 2020/2020 2104/2104 2053/2053
f 1870/1870 2094/2094 2077/2077
f 2042/2042 2078/2078 2013/2013
f 2062/2062 2095/2095 2099/2099
f 2063/2063 2105/2105 2048/2048
f 2048/2048 2105/2105 2079/2079
f 2065/2065 2106/2106 1998/1998
f 1998/1998 2106/2106 1999/1999
f 1999/1999 2106/2106 2074/2074
f 2031/2031 2103/2103 2068/2068
f 2040/2040 2107/2107 2041/2041
f 2063/2063 2089/2089 2105/2105
f 2105/2105 2108/2108 2079/2079
f 2079/2079 2100/2100 2072/2072
f 1944/1944 2102/2102 2052/2052
f 2069/2069 2068/2068 2091/2091
f 2012/2012 2098/2098 2055/2055
f 1970/1970 2109/2109 2049/2049
f 2110/2110 2076/2076 1995/1995
f 2111/2111 2110/2110 1995/1995
f 1951/1951 2112/2112 1925/1925
f 2112/2112 2094/2094 1925/1925
f 2100/2100 2113/2113 2101/2101
f 1954/1954 2114/2114 2017/2017
f 2088/2088 2115/2115 2051/2051
f 2115/2115 2089/2089 2051/2051
f 2079/2079 2116/2116 2100/2100
f 2097/2097 2117/2117 2092/2092
f 2118/2118 2119/2119 2083/2083
f 2083/2083 2119/2119 2018/2018
f 2032/2032 2120/2120 1971/1971
f 1971/1971 2120/2120 2061/2061
f 2089/2089 2115/2115 2105/2105
f 2079/2079 2108/2108 2116/2116
f 2102/2102 2121/2121 2052/2052
f 2074/2074 2114/2114 1954/1954
f 2065/2065 2122/2122 2106/2106
f 2067/2067 2123/2123 2081/2081
f 2103/2103 2124/2124 2068/2068
f 2075/2075 2092/2092 2118/2118
f 100/100 2125/2125 2082/2082
f 2126/2126 2127/2127 2093/2093
f 2093/2093 2127/2127 1986/1986
f 2075/2075 2118/2118 2083/2083
f 2004/2004 2109/2109 1970/1970
f 2076/2076 2128/2128 1960/1960
f 2061/2061 2129/2129 1957/1957
f 1957/1957 2130/2130 1989/1989
f 2101/2101 2113/2113 2057/2057
f 1990/1990 2131/2131 2046/2046
f 2068/2068 2124/2124 2132/2132
f 2091/2091 2133/2133 2097/2097
f 2097/2097 2133/2133 2117/2117
f 1951/1951 2134/2134 2112/2112
f 2032/2032 2135/2135 2120/2120
f 2136/2136 2137/2137 2042/2042
f 2042/2042 2137/2137 2078/2078
f 2096/2096 2057/2057 2138/2138
f 2139/2139 2140/2140 2141/2141
f 2123/2123 2103/2103 2081/2081
f 2103/2103 2142/2142 2124/2124
f 2068/2068 2132/2132 2091/2091
f 2092/2092 2143/2143 2118/2118
f 2127/2127 2144/2144 1986/1986
f 1986/1986 2144/2144 1987/1987
f 2145/2145 2088/2088 2099/2099
f 2105/2105 2146/2146 2108/2108
f 2108/2108 2147/2147 2116/2116
f 2029/2029 2148/2148 2149/2149
f 2052/2052 2121/2121 2067/2067
f 2106/2106 2150/2150 2074/2074
f 2151/2151 2152/2152 2066/2066
f 2132/2132 2133/2133 2091/2091
f 2092/2092 2117/2117 2143/2143
f 2118/2118 2153/2153 2119/2119
f 2022/2022 2128/2128 2005/2005
f 2105/2105 2115/2115 2146/2146
f 2080/2080 2154/2154 2102/2102
f 2074/2074 2150/2150 2114/2114
f 2122/2122 2155/2155 2156/2156
f 2122/2122 2156/2156 2106/2106
f 2123/2123 2157/2157 2103/2103
f 100/100 69/69 2125/2125
f 2129/2129 2130/2130 1957/1957
f 2041/2041 2107/2107 2070/2070
f 2116/2116 2158/2158 2100/2100
f 2100/2100 2158/2158 2113/2113
f 2106/2106 2156/2156 2150/2150
f 2121/2121 2123/2123 2067/2067
f 2157/2157 2142/2142 2103/2103
f 2144/2144 2159/2159 1987/1987
f 2018/2018 2119/2119 2004/2004
f 2023/2023 2160/2160 2134/2134
f 2023/2023 2134/2134 1951/1951
f 2120/2120 2129/2129 2061/2061
f 1989/1989 2130/2130 2040/2040
f 2115/2115 2161/2161 2146/2146
f 2108/2108 2146/2146 2147/2147
f 2057/2057 2162/2162 2138/2138
f 2073/2073 2163/2163 2131/2131
f 2164/2164 2154/2154 2080/2080
f 2046/2046 2164/2164 2080/2080
f 2102/2102 2165/2165 2121/2121
f 2117/2117 2166/2166 2143/2143
f 2167/2167 2168/2168 2169/2169
f 2143/2143 2170/2170 2118/2118
f 2119/2119 2171/2171 2004/2004
f 2088/2088 2161/2161 2115/2115
f 2165/2165 2123/2123 2121/2121
f 2133/2133 2172/2172 2117/2117
f 2117/2117 2172/2172 2166/2166
f 2159/2159 2168/2168 1985/1985
f 2118/2118 2170/2170 2153/2153
f 2098/2098 2173/2173 2055/2055
f 2128/2128 2174/2174 2005/2005
f 2078/2078 2175/2175 2095/2095
f 2099/2099 2095/2095 2145/2145
f 2146/2146 2176/2176 2147/2147
f 2147/2147 2176/2176 2116/2116
f 2177/2177 2178/2178 2179/2179
f 2113/2113 2162/2162 2057/2057
f 2090/2090 2180/2180 2163/2163
f 2090/2090 2163/2163 2073/2073
f 2131/2131 2164/2164 2046/2046
f 2124/2124 2181/2181 2132/2132
f 2132/2132 2182/2182 2133/2133
f 2182/2182 2172/2172 2133/2133
f 2107/2107 2183/2183 2070/2070
f 2078/2078 2137/2137 2175/2175
f 2088/2088 2145/2145 2184/2184
f 2088/2088 2184/2184 2161/2161
f 2146/2146 2161/2161 2185/2185
f 2146/2146 2186/2186 2176/2176
f 2158/2158 2187/2187 2113/2113
f 2113/2113 2187/2187 2162/2162
f 2188/2188 2189/2189 2190/2190
f 2124/2124 2142/2142 2181/2181
f 2084/2084 2191/2191 2047/2047
f 2153/2153 2192/2192 2119/2119
f 2004/2004 2171/2171 2109/2109
f 1988/1988 2050/2050 2193/2193
f 1988/1988 2193/2193 2084/2084
f 2070/2070 2183/2183 2071/2071
f 2116/2116 2176/2176 2158/2158
f 2176/2176 2187/2187 2158/2158
f 2102/2102 2194/2194 2165/2165
f 2119/2119 2195/2195 2171/2171
f 2196/2196 2197/2197 2198/2198
f 2146/2146 2185/2185 2186/2186
f 2150/2150 2199/2199 2114/2114
f 2200/2200 2201/2201 2155/2155
f 2155/2155 2201/2201 2156/2156
f 2165/2165 2202/2202 2123/2123
f 2123/2123 2202/2202 2157/2157
f 69/69 2203/2203 2125/2125
f 2126/2126 2204/2204 2127/2127
f 2170/2170 2205/2205 2153/2153
f 2175/2175 2206/2206 2095/2095
f 2181/2181 2207/2207 2132/2132
f 72/72 2203/2203 69/69
f 2204/2204 2208/2208 2127/2127
f 2127/2127 2208/2208 2144/2144
f 2109/2109 2209/2209 2049/2049
f 2049/2049 2193/2193 2050/2050
f 2120/2120 2210/2210 2129/2129
f 2095/2095 2206/2206 2145/2145
f 2187/2187 2211/2211 2162/2162
f 2150/2150 2212/2212 2199/2199
f 2156/2156 2201/2201 2213/2213
f 2156/2156 2213/2213 2150/2150
f 2157/2157 2214/2214 2142/2142
f 99/99 66/66 2215/2215
f 99/99 2215/2215 72/72
f 72/72 2215/2215 2203/2203
f 2192/2192 2195/2195 2119/2119
f 2174/2174 2216/2216 2098/2098
f 2210/2210 2217/2217 2129/2129
f 2218/2218 2183/2183 2107/2107
f 2145/2145 2219/2219 2184/2184
f 2184/2184 2220/2220 2161/2161
f 2186/2186 2221/2221 2176/2176
f 2211/2211 2222/2222 2162/2162
f 2162/2162 2223/2223 2138/2138
f 2138/2138 2223/2223 2224/2224
f 2150/2150 2213/2213 2212/2212
f 2142/2142 2214/2214 2181/2181
f 2132/2132 2207/2207 2182/2182
f 101/101 2225/2225 102/102
f 102/102 2225/2225 2226/2226
f 66/66 2227/2227 2215/2215
f 2215/2215 2228/2228 2203/2203
f 2144/2144 2208/2208 2159/2159
f 2174/2174 2229/2229 2216/2216
f 2049/2049 2209/2209 2193/2193
f 2129/2129 2217/2217 2130/2130
f 2183/2183 2230/2230 2071/2071
f 2145/2145 2206/2206 2219/2219
f 2161/2161 2220/2220 2185/2185
f 2176/2176 2221/2221 2211/2211
f 2176/2176 2211/2211 2187/2187
f 2231/2231 2232/2232 2233/2233
f 2222/2222 2223/2223 2162/2162
f 2180/2180 2234/2234 2163/2163
f 2154/2154 2194/2194 2102/2102
f 2077/2077 2235/2235 2111/2111
f 2217/2217 2236/2236 2130/2130
f 2136/2136 2237/2237 2137/2137
f 2165/2165 2238/2238 2202/2202
f 2157/2157 2202/2202 2239/2239
f 2157/2157 2239/2239 2214/2214
f 2172/2172 2240/2240 2166/2166
f 2166/2166 2170/2170 2143/2143
f 2215/2215 2227/2227 2228/2228
f 2098/2098 2216/2216 2173/2173
f 2110/2110 2241/2241 2076/2076
f 2094/2094 2235/2235 2077/2077
f 2130/2130 2236/2236 2040/2040
f 2107/2107 2242/2242 2218/2218
f 2219/2219 2220/2220 2184/2184
f 2223/2223 2243/2243 2224/2224
f 2163/2163 2234/2234 2131/2131
f 2194/2194 2238/2238 2165/2165
f 2240/2240 2170/2170 2166/2166
f 2225/2225 2244/2244 2226/2226
f 2245/2245 2228/2228 2227/2227
f 2135/2135 2246/2246 2120/2120
f 2183/2183 2247/2247 2230/2230
f 2220/2220 2248/2248 2185/2185
f 2186/2186 2249/2249 2221/2221
f 2211/2211 2250/2250 2222/2222
f 2182/2182 2251/2251 2252/2252
f 2182/2182 2252/2252 2172/2172
f 2253/2253 2254/2254 2255/2255
f 2205/2205 2192/2192 2153/2153
f 2120/2120 2246/2246 2210/2210
f 2040/2040 2242/2242 2107/2107
f 2218/2218 2247/2247 2183/2183
f 2220/2220 2256/2256 2248/2248
f 2185/2185 2249/2249 2186/2186
f 2221/2221 2257/2257 2211/2211
f 2238/2238 2258/2258 2202/2202
f 2189/2189 2259/2259 2260/2260
f 2213/2213 2261/2261 2212/2212
f 2214/2214 2262/2262 2181/2181
f 2182/2182 2207/2207 2251/2251
f 2263/2263 2264/2264 2265/2265
f 2263/2263 2265/2265 2225/2225
f 2229/2229 2266/2266 2216/2216
f 2076/2076 2241/2241 2128/2128
f 2110/2110 2267/2267 2241/2241
f 2111/2111 2267/2267 2110/2110
f 2236/2236 2242/2242 2040/2040
f 2221/2221 2249/2249 2268/2268
f 2257/2257 2250/2250 2211/2211
f 2154/2154 2269/2269 2194/2194
f 2181/2181 2262/2262 2207/2207
f 2172/2172 2252/2252 2240/2240
f 2265/2265 2270/2270 2225/2225
f 2225/2225 2270/2270 2244/2244
f 2204/2204 2271/2271 2208/2208
f 2134/2134 2272/2272 2112/2112
f 2272/2272 2273/2273 2094/2094
f 2112/2112 2272/2272 2094/2094
f 2219/2219 2256/2256 2220/2220
f 2248/2248 2249/2249 2185/2185
f 2228/2228 2274/2274 2203/2203
f 2203/2203 2274/2274 2275/2275
f 2216/2216 2276/2276 2173/2173
f 2137/2137 2277/2277 2175/2175
f 2250/2250 2278/2278 2222/2222
f 2222/2222 2279/2279 2223/2223
f 2223/2223 2279/2279 2243/2243
f 2280/2280 2281/2281 2282/2282
f 2269/2269 2283/2283 2194/2194
f 2214/2214 2239/2239 2284/2284
f 2214/2214 2284/2284 2262/2262
f 2104/2104 2285/2285 2286/2286
f 2084/2084 2287/2287 2191/2191
f 2288/2288 2289/2289 2290/2290
f 2291/2291 2292/2292 2293/2293
f 2294/2294 2295/2295 2280/2280
f 2295/2295 2281/2281 2280/2280
f 2199/2199 2296/2296 2297/2297
f 2201/2201 2298/2298 2213/2213
f 2258/2258 2239/2239 2202/2202
f 2262/2262 2284/2284 2299/2299
f 2170/2170 2300/2300 2205/2205
f 2270/2270 2301/2301 2244/2244
f 2245/2245 2302/2302 2228/2228
f 2160/2160 2272/2272 2134/2134
f 2221/2221 2268/2268 2303/2303
f 2221/2221 2303/2303 2257/2257
f 2257/2257 2304/2304 2250/2250
f 2222/2222 2278/2278 2279/2279
f 2194/2194 2283/2283 2238/2238
f 2200/2200 2305/2305 2201/2201
f 2240/2240 2300/2300 2170/2170
f 2208/2208 2306/2306 2159/2159
f 2286/2286 2307/2307 2308/2308
f 2216/2216 2309/2309 2276/2276
f 2266/2266 2309/2309 2216/2216
f 2109/2109 2310/2310 2209/2209
f 2311/2311 2229/2229 2128/2128
f 2235/2235 2267/2267 2111/2111
f 2218/2218 2312/2312 2247/2247
f 2237/2237 2313/2313 2137/2137
f 2277/2277 2314/2314 2175/2175
f 2219/2219 2206/2206 2315/2315
f 2248/2248 2256/2256 2316/2316
f 2248/2248 2316/2316 2249/2249
f 2278/2278 2317/2317 2279/2279
f 2213/2213 2298/2298 2261/2261
f 2305/2305 2298/2298 2201/2201
f 2258/2258 2318/2318 2239/2239
f 2271/2271 2319/2319 2208/2208
f 2208/2208 2319/2319 2306/2306
f 2195/2195 2320/2320 2171/2171
f 2171/2171 2310/2310 2109/2109
f 2241/2241 2311/2311 2128/2128
f 2193/2193 2287/2287 2084/2084
f 2137/2137 2313/2313 2277/2277
f 2250/2250 2321/2321 2278/2278
f 2234/2234 2322/2322 2131/2131
f 2131/2131 2323/2323 2164/2164
f 2229/2229 2311/2311 2266/2266
f 2094/2094 2273/2273 2235/2235
f 2246/2246 2324/2324 2210/2210
f 2242/2242 2312/2312 2218/2218
f 2175/2175 2314/2314 2206/2206
f 2314/2314 2325/2325 2206/2206
f 2206/2206 2325/2325 2315/2315
f 2219/2219 2315/2315 2256/2256
f 2249/2249 2316/2316 2326/2326
f 2249/2249 2326/2326 2268/2268
f 2131/2131 2327/2327 2323/2323
f 2318/2318 2284/2284 2239/2239
f 2252/2252 2300/2300 2240/2240
f 2288/2288 2328/2328 2329/2329
f 2210/2210 2330/2330 2217/2217
f 2217/2217 2331/2331 2236/2236
f 2303/2303 2304/2304 2257/2257
f 2322/2322 2327/2327 2131/2131
f 2323/2323 2269/2269 2164/2164
f 2283/2283 2332/2332 2238/2238
f 2332/2332 2258/2258 2238/2238
f 2212/2212 2333/2333 2199/2199
f 2262/2262 2299/2299 2207/2207
f 2251/2251 2207/2207 2334/2334
f 2251/2251 2335/2335 2252/2252
f 2205/2205 2300/2300 2336/2336
f 2205/2205 2337/2337 2192/2192
f 2337/2337 2195/2195 2192/2192
f 2268/2268 2326/2326 2303/2303
f 2278/2278 2321/2321 2317/2317
f 2199/2199 2333/2333 2296/2296
f 2261/2261 2333/2333 2212/2212
f 2299/2299 2334/2334 2207/2207
f 2302/2302 2338/2338 2228/2228
f 2289/2289 2339/2339 2340/2340
f 2312/2312 2341/2341 2247/2247
f 2247/2247 2342/2342 2230/2230
f 2230/2230 2342/2342 2343/2343
f 2258/2258 2332/2332 2318/2318
f 2318/2318 2344/2344 2284/2284
f 2345/2345 2346/2346 2347/2347
f 2264/2264 2348/2348 2265/2265
f 2205/2205 2336/2336 2337/2337
f 2235/2235 2349/2349 2267/2267
f 2330/2330 2350/2350 2217/2217
f 2217/2217 2350/2350 2331/2331
f 2321/2321 2351/2351 2317/2317
f 2351/2351 2352/2352 2317/2317
f 2295/2295 2353/2353 2281/2281
f 2200/2200 2354/2354 2305/2305
f 2228/2228 2338/2338 2274/2274
f 2273/2273 2355/2355 2235/2235
f 2315/2315 2356/2356 2256/2256
f 2316/2316 2357/2357 2326/2326
f 2250/2250 2304/2304 2321/2321
f 2159/2159 2306/2306 2168/2168
f 2311/2311 2358/2358 2266/2266
f 2267/2267 2359/2359 2241/2241
f 2341/2341 2342/2342 2247/2247
f 2277/2277 2360/2360 2314/2314
f 2314/2314 2361/2361 2325/2325
f 2325/2325 2362/2362 2315/2315
f 2322/2322 2363/2363 2327/2327
f 2283/2283 2364/2364 2332/2332
f 2344/2344 2365/2365 2284/2284
f 2284/2284 2365/2365 2299/2299
f 2334/2334 2335/2335 2251/2251
f 2270/2270 2366/2366 2301/2301
f 2209/2209 2367/2367 2193/2193
f 2241/2241 2359/2359 2311/2311
f 2267/2267 2349/2349 2359/2359
f 2368/2368 2339/2339 2329/2329
f 2331/2331 2369/2369 2242/2242
f 2277/2277 2370/2370 2360/2360
f 2325/2325 2361/2361 2362/2362
f 2326/2326 2371/2371 2303/2303
f 2303/2303 2372/2372 2304/2304
f 2304/2304 2373/2373 2321/2321
f 2351/2351 2374/2374 2352/2352
f 2375/2375 2376/2376 2295/2295
f 2377/2377 2363/2363 2322/2322
f 2334/2334 2378/2378 2335/2335
f 2345/2345 2379/2379 2346/2346
f 2171/2171 2320/2320 2310/2310
f 2355/2355 2349/2349 2235/2235
f 2272/2272 2380/2380 2273/2273
f 2381/2381 2350/2350 2330/2330
f 2242/2242 2369/2369 2312/2312
f 2314/2314 2360/2360 2361/2361
f 2326/2326 2357/2357 2371/2371
f 2371/2371 2372/2372 2303/2303
f 2304/2304 2372/2372 2373/2373
f 2374/2374 2382/2382 2352/2352
f 2383/2383 2376/2376 2375/2375
f 2327/2327 2384/2384 2323/2323
f 2323/2323 2384/2384 2269/2269
f 2269/2269 2364/2364 2283/2283
f 2332/2332 2385/2385 2318/2318
f 2299/2299 2365/2365 2334/2334
f 2335/2335 2386/2386 2252/2252
f 2252/2252 2386/2386 2300/2300
f 2193/2193 2387/2387 2287/2287
f 2273/2273 2380/2380 2355/2355
f 2350/2350 2388/2388 2331/2331
f 2277/2277 2313/2313 2370/2370
f 2315/2315 2362/2362 2356/2356
f 2256/2256 2356/2356 2316/2316
f 2373/2373 2389/2389 2321/2321
f 2389/2389 2351/2351 2321/2321
f 2351/2351 2389/2389 2374/2374
f 2261/2261 2390/2390 2333/2333
f 2344/2344 2391/2391 2365/2365
f 2392/2392 2366/2366 2270/2270
f 2338/2338 2393/2393 2274/2274
f 2394/2394 2395/2395 2271/2271
f 2271/2271 2395/2395 2319/2319
f 2396/2396 2397/2397 2398/2398
f 2312/2312 2369/2369 2341/2341
f 2269/2269 2384/2384 2364/2364
f 2318/2318 2385/2385 2344/2344
f 2348/2348 2399/2399 2392/2392
f 2392/2392 2399/2399 2366/2366
f 2310/2310 2367/2367 2209/2209
f 2160/2160 2400/2400 2272/2272
f 2331/2331 2388/2388 2369/2369
f 2341/2341 2401/2401 2342/2342
f 2356/2356 2402/2402 2316/2316
f 2316/2316 2402/2402 2357/2357
f 2357/2357 2403/2403 2371/2371
f 2404/2404 2405/2405 2406/2406
f 2327/2327 2407/2407 2384/2384
f 2259/2259 2408/2408 2409/2409
f 2385/2385 2391/2391 2344/2344
f 2365/2365 2378/2378 2334/2334
f 2266/2266 2410/2410 2309/2309
f 2358/2358 2410/2410 2266/2266
f 2411/2411 2412/2412 2160/2160
f 2381/2381 2413/2413 2350/2350
f 2369/2369 2414/2414 2341/2341
f 2401/2401 2415/2415 2342/2342
f 2342/2342 2415/2415 2343/2343
f 2360/2360 2370/2370 2361/2361
f 2361/2361 2416/2416 2362/2362
f 2362/2362 2417/2417 2356/2356
f 2418/2418 2363/2363 2377/2377
f 2363/2363 2407/2407 2327/2327
f 2354/2354 2419/2419 2305/2305
f 2419/2419 2420/2420 2298/2298
f 2305/2305 2419/2419 2298/2298
f 2298/2298 2420/2420 2261/2261
f 2335/2335 2378/2378 2386/2386
f 2302/2302 2421/2421 2422/2422
f 2302/2302 2422/2422 2338/2338
f 2306/2306 2423/2423 2168/2168
f 2394/2394 2424/2424 2395/2395
f 2319/2319 2425/2425 2306/2306
f 2320/2320 2426/2426 2310/2310
f 2193/2193 2367/2367 2387/2387
f 2412/2412 2400/2400 2160/2160
f 2400/2400 2380/2380 2272/2272
f 2355/2355 2427/2427 2349/2349
f 2428/2428 2413/2413 2381/2381
f 2402/2402 2429/2429 2357/2357
f 2357/2357 2429/2429 2403/2403
f 2373/2373 2430/2430 2389/2389
f 2389/2389 2431/2431 2374/2374
f 2364/2364 2432/2432 2332/2332
f 2378/2378 2365/2365 2433/2433
f 2434/2434 2435/2435 2348/2348
f 2348/2348 2435/2435 2399/2399
f 2313/2313 2436/2436 2370/2370
f 2371/2371 2403/2403 2372/2372
f 2430/2430 2437/2437 2389/2389
f 2389/2389 2437/2437 2431/2431
f 2261/2261 2420/2420 2390/2390
f 2332/2332 2432/2432 2385/2385
f 2365/2365 2391/2391 2433/2433
f 2386/2386 2438/2438 2300/2300
f 2336/2336 2439/2439 2337/2337
f 2440/2440 2441/2441 2442/2442
f 2361/2361 2443/2443 2416/2416
f 2362/2362 2416/2416 2417/2417
f 2356/2356 2417/2417 2402/2402
f 2403/2403 2444/2444 2372/2372
f 2384/2384 2445/2445 2364/2364
f 2364/2364 2446/2446 2432/2432
f 2447/2447 2438/2438 2386/2386
f 2300/2300 2438/2438 2336/2336
f 2337/2337 2448/2448 2195/2195
f 2387/2387 2449/2449 2287/2287
f 2359/2359 2450/2450 2311/2311
f 2349/2349 2450/2450 2359/2359
f 2451/2451 2427/2427 2355/2355
f 2380/2380 2451/2451 2355/2355
f 2452/2452 2453/2453 2428/2428
f 2413/2413 2454/2454 2388/2388
f 2388/2388 2455/2455 2369/2369
f 2369/2369 2455/2455 2414/2414
f 2436/2436 2456/2456 2370/2370
f 2370/2370 2443/2443 2361/2361
f 2403/2403 2429/2429 2444/2444
f 2444/2444 2430/2430 2372/2372
f 2372/2372 2430/2430 2373/2373
f 2376/2376 2457/2457 2458/2458
f 2363/2363 2459/2459 2407/2407
f 2384/2384 2407/2407 2445/2445
f 2445/2445 2446/2446 2364/2364
f 2391/2391 2460/2460 2433/2433
f 2378/2378 2461/2461 2386/2386
f 2399/2399 2462/2462 2366/2366
f 2463/2463 2422/2422 2421/2421
f 2422/2422 2464/2464 2338/2338
f 2439/2439 2448/2448 2337/2337
f 2195/2195 2426/2426 2320/2320
f 2410/2410 2465/2465 2309/2309
f 2311/2311 2466/2466 2358/2358
f 2450/2450 2466/2466 2311/2311
f 2349/2349 2467/2467 2450/2450
f 2453/2453 2454/2454 2413/2413
f 2454/2454 2455/2455 2388/2388
f 2443/2443 2468/2468 2416/2416
f 2469/2469 2470/2470 2471/2471
f 2457/2457 2472/2472 2473/2473
f 2474/2474 2475/2475 2418/2418
f 2418/2418 2475/2475 2476/2476
f 2390/2390 2477/2477 2296/2296
f 2420/2420 2478/2478 2390/2390
f 2478/2478 2477/2477 2390/2390
f 2425/2425 2423/2423 2306/2306
f 2448/2448 2479/2479 2195/2195
f 2195/2195 2479/2479 2426/2426
f 2358/2358 2480/2480 2410/2410
f 2466/2466 2480/2480 2358/2358
f 2400/2400 2451/2451 2380/2380
f 2427/2427 2467/2467 2349/2349
f 2401/2401 2414/2414 2481/2481
f 2436/2436 2482/2482 2456/2456
f 2483/2483 2484/2484 2485/2485
f 2486/2486 2487/2487 2488/2488
f 2488/2488 2487/2487 2489/2489
f 2490/2490 2484/2484 2483/2483
f 2491/2491 2492/2492 2493/2493
f 2493/2493 2492/2492 2494/2494
f 2495/2495 2492/2492 2491/2491
f 2495/2495 2496/2496 2497/2497
f 2495/2495 2497/2497 2492/2492
f 2496/2496 2498/2498 2497/2497
f 2498/2498 2499/2499 2497/2497
f 2500/2500 2475/2475 2474/2474
f 2500/2500 2501/2501 2475/2475
f 2475/2475 2459/2459 2476/2476
f 2407/2407 2502/2502 2445/2445
f 2385/2385 2460/2460 2391/2391
f 2386/2386 2461/2461 2447/2447
f 37/37 39/39 2435/2435
f 39/39 2462/2462 2399/2399
f 2435/2435 39/39 2399/2399
f 2503/2503 2504/2504 2505/2505
f 2338/2338 2464/2464 2393/2393
f 2506/2506 2507/2507 2508/2508
f 2450/2450 2509/2509 2466/2466
f 2467/2467 2509/2509 2450/2450
f 2451/2451 2510/2510 2427/2427
f 2454/2454 2511/2511 2455/2455
f 2512/2512 2513/2513 2514/2514
f 2513/2513 2515/2515 2516/2516
f 2481/2481 2517/2517 2401/2401
f 2401/2401 2517/2517 2415/2415
f 2456/2456 2518/2518 2370/2370
f 2370/2370 2518/2518 2443/2443
f 2519/2519 2520/2520 2521/2521
f 2416/2416 2522/2522 2417/2417
f 2417/2417 2523/2523 2402/2402
f 2402/2402 2523/2523 2429/2429
f 2524/2524 2525/2525 2526/2526
f 2429/2429 2527/2527 2528/2528
f 2526/2526 2489/2489 2529/2529
f 2529/2529 2489/2489 2530/2530
f 2429/2429 2528/2528 2444/2444
f 2489/2489 2487/2487 2531/2531
f 2487/2487 2532/2532 2531/2531
f 2531/2531 2532/2532 2533/2533
f 2528/2528 2534/2534 2444/2444
f 2444/2444 2534/2534 2430/2430
f 2535/2535 2536/2536 2537/2537
f 2538/2538 2539/2539 2486/2486
f 2486/2486 2539/2539 2487/2487
f 2539/2539 2540/2540 2487/2487
f 2487/2487 2540/2540 2532/2532
f 2533/2533 2495/2495 2541/2541
f 2495/2495 2491/2491 2541/2541
f 2493/2493 2494/2494 2542/2542
f 2430/2430 2534/2534 2543/2543
f 2537/2537 2544/2544 2545/2545
f 2539/2539 2546/2546 2540/2540
f 2540/2540 2546/2546 2547/2547
f 2540/2540 2547/2547 2532/2532
f 2547/2547 2548/2548 2532/2532
f 2532/2532 2548/2548 2533/2533
f 2533/2533 2548/2548 2495/2495
f 2430/2430 2543/2543 2437/2437
f 2549/2549 2550/2550 2551/2551
f 2548/2548 2496/2496 2495/2495
f 2548/2548 2552/2552 2496/2496
f 2552/2552 2498/2498 2496/2496
f 2552/2552 2553/2553 2498/2498
f 2552/2552 2554/2554 2553/2553
f 2555/2555 2556/2556 2557/2557
f 2501/2501 2558/2558 2475/2475
f 2475/2475 2559/2559 2459/2459
f 2459/2459 2560/2560 2407/2407
f 2561/2561 2562/2562 2563/2563
f 2564/2564 2565/2565 2409/2409
f 2296/2296 2477/2477 2566/2566
f 2419/2419 2478/2478 2420/2420
f 2432/2432 2460/2460 2385/2385
f 2433/2433 2461/2461 2378/2378
f 2438/2438 2439/2439 2336/2336
f 2393/2393 2464/2464 2567/2567
f 2412/2412 2568/2568 2400/2400
f 2400/2400 2568/2568 2451/2451
f 2427/2427 2510/2510 2467/2467
f 2569/2569 2570/2570 2571/2571
f 2453/2453 2511/2511 2454/2454
f 2514/2514 2516/2516 2572/2572
f 2516/2516 2573/2573 2572/2572
f 2455/2455 2481/2481 2414/2414
f 2516/2516 2515/2515 2573/2573
f 2515/2515 2574/2574 2573/2573
f 2574/2574 2575/2575 2576/2576
f 2415/2415 2517/2517 2577/2577
f 2575/2575 2578/2578 2576/2576
f 2578/2578 2579/2579 2576/2576
f 2578/2578 2580/2580 2579/2579
f 2579/2579 2580/2580 2581/2581
f 2580/2580 2582/2582 2581/2581
f 2582/2582 2583/2583 2584/2584
f 2581/2581 2582/2582 2584/2584
f 2583/2583 2585/2585 2584/2584
f 2584/2584 2585/2585 2586/2586
f 2585/2585 2524/2524 2586/2586
f 2586/2586 2524/2524 2526/2526
f 2586/2586 2526/2526 2529/2529
f 2587/2587 2529/2529 2530/2530
f 2489/2489 2531/2531 2530/2530
f 2531/2531 2541/2541 2588/2588
f 2531/2531 2533/2533 2541/2541
f 2541/2541 2491/2491 2588/2588
f 2588/2588 2491/2491 2493/2493
f 2589/2589 2536/2536 2535/2535
f 2536/2536 2544/2544 2537/2537
f 2536/2536 2590/2590 2544/2544
f 2545/2545 2544/2544 2591/2591
f 2544/2544 2592/2592 2591/2591
f 2591/2591 2592/2592 2593/2593
f 2546/2546 2594/2594 2547/2547
f 2594/2594 2595/2595 2548/2548
f 2547/2547 2594/2594 2548/2548
f 2595/2595 2552/2552 2548/2548
f 2595/2595 2554/2554 2552/2552
f 2596/2596 2597/2597 2598/2598
f 2501/2501 2599/2599 2558/2558
f 2475/2475 2558/2558 2559/2559
f 2407/2407 2560/2560 2502/2502
f 2445/2445 2600/2600 2446/2446
f 39/39 48/48 2462/2462
f 2463/2463 2464/2464 2422/2422
f 2464/2464 2601/2601 2567/2567
f 2395/2395 2602/2602 2319/2319
f 2319/2319 2603/2603 2425/2425
f 2425/2425 2603/2603 2423/2423
f 2410/2410 2604/2604 2465/2465
f 2480/2480 2604/2604 2410/2410
f 2605/2605 2511/2511 2453/2453
f 2606/2606 2514/2514 2607/2607
f 2511/2511 2608/2608 2455/2455
f 2455/2455 2608/2608 2481/2481
f 2608/2608 2609/2609 2481/2481
f 2572/2572 2573/2573 2610/2610
f 2610/2610 2573/2573 2576/2576
f 2579/2579 2581/2581 2611/2611
f 2443/2443 2518/2518 2468/2468
f 2611/2611 2581/2581 2612/2612
f 2581/2581 2584/2584 2612/2612
f 2612/2612 2584/2584 2613/2613
f 2468/2468 2522/2522 2416/2416
f 2584/2584 2614/2614 2613/2613
f 2584/2584 2586/2586 2614/2614
f 2417/2417 2522/2522 2523/2523
f 2614/2614 2586/2586 2615/2615
f 2586/2586 2529/2529 2615/2615
f 2615/2615 2529/2529 2587/2587
f 2587/2587 2530/2530 2616/2616
f 2429/2429 2523/2523 2527/2527
f 2530/2530 2588/2588 2616/2616
f 2616/2616 2588/2588 2617/2617
f 2588/2588 2493/2493 2617/2617
f 2617/2617 2493/2493 2618/2618
f 2618/2618 2542/2542 2619/2619
f 2620/2620 2621/2621 2589/2589
f 2589/2589 2621/2621 2536/2536
f 2534/2534 2622/2622 2543/2543
f 2536/2536 2621/2621 2590/2590
f 2622/2622 2623/2623 2543/2543
f 2590/2590 2592/2592 2544/2544
f 2592/2592 2624/2624 2593/2593
f 2593/2593 2624/2624 2625/2625
f 2625/2625 2626/2626 2593/2593
f 2626/2626 2625/2625 2627/2627
f 2626/2626 2627/2627 2596/2596
f 2596/2596 2627/2627 2597/2597
f 2419/2419 2628/2628 2478/2478
f 48/48 2629/2629 2462/2462
f 2602/2602 2603/2603 2319/2319
f 2439/2439 2630/2630 2448/2448
f 2465/2465 2631/2631 2632/2632
f 2480/2480 2466/2466 2604/2604
f 2633/2633 2634/2634 2635/2635
f 2605/2605 2636/2636 2511/2511
f 2637/2637 2572/2572 2638/2638
f 2572/2572 2610/2610 2639/2639
f 2481/2481 2609/2609 2640/2640
f 2481/2481 2640/2640 2517/2517
f 2640/2640 2641/2641 2517/2517
f 2517/2517 2641/2641 2577/2577
f 2642/2642 2579/2579 2643/2643
f 2579/2579 2611/2611 2643/2643
f 2612/2612 2613/2613 2644/2644
f 2644/2644 2613/2613 2645/2645
f 2613/2613 2614/2614 2645/2645
f 2614/2614 2615/2615 2645/2645
f 2587/2587 2646/2646 2615/2615
f 2587/2587 2616/2616 2646/2646
f 2646/2646 2616/2616 2647/2647
f 2620/2620 2648/2648 2621/2621
f 2621/2621 2649/2649 2590/2590
f 2622/2622 2650/2650 2623/2623
f 2590/2590 2649/2649 2592/2592
f 2649/2649 2651/2651 2592/2592
f 2650/2650 2652/2652 2623/2623
f 2592/2592 2651/2651 2624/2624
f 2651/2651 2653/2653 2624/2624
f 2624/2624 2653/2653 2625/2625
f 2625/2625 2653/2653 2627/2627
f 2558/2558 2654/2654 2559/2559
f 2559/2559 2654/2654 2655/2655
f 2559/2559 2655/2655 2560/2560
f 2502/2502 2656/2656 2445/2445
f 2445/2445 2656/2656 2600/2600
f 2657/2657 2658/2658 2659/2659
f 2461/2461 2660/2660 2447/2447
f 2426/2426 2479/2479 2661/2661
f 2426/2426 2661/2661 2310/2310
f 2604/2604 2631/2631 2465/2465
f 2310/2310 2662/2662 2367/2367
f 2367/2367 2663/2663 2387/2387
f 2467/2467 2664/2664 2509/2509
f 2451/2451 2665/2665 2510/2510
f 2636/2636 2608/2608 2511/2511
f 2666/2666 2642/2642 2667/2667
f 2667/2667 2642/2642 2668/2668
f 2642/2642 2643/2643 2668/2668
f 2482/2482 2669/2669 2456/2456
f 2670/2670 2611/2611 2671/2671
f 2669/2669 2672/2672 2518/2518
f 2456/2456 2669/2669 2518/2518
f 2671/2671 2612/2612 2673/2673
f 2612/2612 2644/2644 2673/2673
f 2673/2673 2644/2644 2674/2674
f 2518/2518 2672/2672 2675/2675
f 2518/2518 2675/2675 2468/2468
f 2644/2644 2645/2645 2676/2676
f 2645/2645 2677/2677 2676/2676
f 2645/2645 2615/2615 2677/2677
f 2677/2677 2615/2615 2678/2678
f 2468/2468 2679/2679 2522/2522
f 2678/2678 2615/2615 2680/2680
f 2680/2680 2646/2646 2681/2681
f 2528/2528 2527/2527 2682/2682
f 2683/2683 2684/2684 2620/2620
f 2684/2684 2648/2648 2620/2620
f 2528/2528 2685/2685 2686/2686
f 2528/2528 2686/2686 2534/2534
f 2686/2686 2687/2687 2534/2534
f 2534/2534 2687/2687 2622/2622
f 2622/2622 2688/2688 2650/2650
f 2651/2651 2689/2689 2653/2653
f 2622/2622 2690/2690 2688/2688
f 2653/2653 2691/2691 2627/2627
f 2627/2627 2691/2691 2692/2692
f 2627/2627 2692/2692 2597/2597
f 2692/2692 2693/2693 2597/2597
f 2599/2599 2694/2694 2558/2558
f 2558/2558 2694/2694 2654/2654
f 2655/2655 2695/2695 2560/2560
f 2695/2695 2696/2696 2560/2560
f 2560/2560 2696/2696 2502/2502
f 2696/2696 2656/2656 2502/2502
f 2600/2600 2697/2697 2446/2446
f 2446/2446 2697/2697 2432/2432
f 2477/2477 2698/2698 2566/2566
f 2432/2432 2699/2699 2460/2460
f 2460/2460 2699/2699 2433/2433
f 2463/2463 2700/2700 2464/2464
f 2603/2603 2701/2701 2423/2423
f 2448/2448 2702/2702 2479/2479
f 2661/2661 2662/2662 2310/2310
f 2367/2367 2662/2662 2663/2663
f 2466/2466 2703/2703 2604/2604
f 2704/2704 2636/2636 2605/2605
f 2468/2468 2675/2675 2679/2679
f 2522/2522 2705/2705 2523/2523
f 2685/2685 2706/2706 2686/2686
f 2706/2706 2707/2707 2686/2686
f 2651/2651 2708/2708 2689/2689
f 2686/2686 2707/2707 2687/2687
f 2687/2687 2690/2690 2622/2622
f 2690/2690 2709/2709 2688/2688
f 2692/2692 2710/2710 2693/2693
f 2711/2711 2712/2712 2655/2655
f 2654/2654 2711/2711 2655/2655
f 2600/2600 2656/2656 2697/2697
f 2477/2477 2713/2713 2698/2698
f 2432/2432 2697/2697 2714/2714
f 2714/2714 2715/2715 2432/2432
f 2432/2432 2715/2715 2699/2699
f 2433/2433 2716/2716 2461/2461
f 2461/2461 2716/2716 2660/2660
f 2660/2660 2438/2438 2447/2447
f 48/48 54/54 2629/2629
f 2717/2717 2700/2700 2463/2463
f 2439/2439 2438/2438 2630/2630
f 2700/2700 2601/2601 2464/2464
f 2448/2448 2630/2630 2702/2702
f 2604/2604 2718/2718 2631/2631
f 2509/2509 2664/2664 2703/2703
f 2509/2509 2703/2703 2466/2466
f 2387/2387 2663/2663 2449/2449
f 2719/2719 2720/2720 2568/2568
f 2412/2412 2719/2719 2568/2568
f 2568/2568 2720/2720 2665/2665
f 2510/2510 2721/2721 2722/2722
f 2510/2510 2722/2722 2467/2467
f 2467/2467 2722/2722 2664/2664
f 2704/2704 2723/2723 2636/2636
f 2636/2636 2724/2724 2608/2608
f 2608/2608 2724/2724 2609/2609
f 2522/2522 2679/2679 2705/2705
f 2725/2725 2726/2726 2727/2727
f 2725/2725 63/63 62/62
f 2728/2728 2729/2729 2708/2708
f 2682/2682 2685/2685 2528/2528
f 2691/2691 2730/2730 2731/2731
f 2706/2706 2732/2732 2707/2707
f 2706/2706 2733/2733 2732/2732
f 2707/2707 2732/2732 2687/2687
f 2692/2692 2731/2731 2710/2710
f 2732/2732 2690/2690 2687/2687
f 2732/2732 2734/2734 2690/2690
f 2735/2735 2711/2711 2694/2694
f 2628/2628 2736/2736 2478/2478
f 2699/2699 2716/2716 2433/2433
f 2703/2703 2718/2718 2604/2604
f 2737/2737 2738/2738 2739/2739
f 2740/2740 2741/2741 2742/2742
f 2739/2739 2738/2738 2743/2743
f 2744/2744 2743/2743 2745/2745
f 2744/2744 2745/2745 2746/2746
f 2640/2640 2747/2747 2641/2641
f 2672/2672 2748/2748 2675/2675
f 2748/2748 2749/2749 2675/2675
f 2675/2675 2749/2749 2679/2679
f 2679/2679 2750/2750 2705/2705
f 2705/2705 2751/2751 2523/2523
f 62/62 61/61 2752/2752
f 2753/2753 2754/2754 2755/2755
f 2523/2523 2756/2756 2757/2757
f 2523/2523 2757/2757 2527/2527
f 2752/2752 2758/2758 2759/2759
f 62/62 2752/2752 2759/2759
f 2760/2760 2761/2761 2762/2762
f 2763/2763 2764/2764 2765/2765
f 2682/2682 2766/2766 2685/2685
f 2685/2685 2766/2766 2706/2706
f 2766/2766 2767/2767 2706/2706
f 2706/2706 2767/2767 2733/2733
f 2732/2732 2733/2733 2734/2734
f 2690/2690 2734/2734 2768/2768
f 2769/2769 2770/2770 2771/2771
f 2655/2655 2772/2772 2695/2695
f 2695/2695 2773/2773 2696/2696
f 2478/2478 2713/2713 2477/2477
f 2660/2660 2774/2774 2438/2438
f 2775/2775 2776/2776 2777/2777
f 2778/2778 2779/2779 2780/2780
f 2700/2700 2781/2781 2601/2601
f 2479/2479 2782/2782 2661/2661
f 2661/2661 2783/2783 2662/2662
f 2719/2719 2784/2784 2720/2720
f 2720/2720 2785/2785 2665/2665
f 2738/2738 2745/2745 2743/2743
f 2746/2746 2745/2745 2786/2786
f 2641/2641 2747/2747 2787/2787
f 2669/2669 2788/2788 2672/2672
f 2788/2788 2748/2748 2672/2672
f 2749/2749 2750/2750 2679/2679
f 2705/2705 2750/2750 2751/2751
f 2523/2523 2751/2751 2756/2756
f 2696/2696 2789/2789 2656/2656
f 2656/2656 2790/2790 2697/2697
f 2715/2715 2791/2791 2699/2699
f 2699/2699 2791/2791 2792/2792
f 2699/2699 2792/2792 2793/2793
f 2699/2699 2793/2793 2716/2716
f 2793/2793 2660/2660 2716/2716
f 2794/2794 2795/2795 2796/2796
f 2797/2797 2798/2798 42/42
f 2799/2799 2800/2800 60/60
f 2717/2717 2801/2801 2700/2700
f 2602/2602 2802/2802 2603/2603
f 2603/2603 2802/2802 2803/2803
f 2702/2702 2782/2782 2479/2479
f 2631/2631 2804/2804 2805/2805
f 2718/2718 2804/2804 2631/2631
f 2662/2662 2783/2783 2806/2806
f 2720/2720 2784/2784 2785/2785
f 2722/2722 2807/2807 2664/2664
f 2785/2785 2721/2721 2665/2665
f 2722/2722 2721/2721 2807/2807
f 2808/2808 2809/2809 2810/2810
f 2811/2811 2812/2812 2813/2813
f 2527/2527 2757/2757 2682/2682
f 2757/2757 2814/2814 2682/2682
f 2682/2682 2814/2814 2766/2766
f 2766/2766 2815/2815 2767/2767
f 2767/2767 2816/2816 2733/2733
f 2733/2733 2816/2816 2817/2817
f 2733/2733 2817/2817 2818/2818
f 2733/2733 2818/2818 2734/2734
f 2734/2734 2818/2818 2819/2819
f 2819/2819 2820/2820 2768/2768
f 2734/2734 2819/2819 2768/2768
f 2821/2821 2822/2822 2823/2823
f 2824/2824 2825/2825 2826/2826
f 2826/2826 2825/2825 2827/2827
f 2696/2696 2773/2773 2789/2789
f 2656/2656 2789/2789 2790/2790
f 2697/2697 2790/2790 2714/2714
f 2790/2790 2828/2828 2714/2714
f 2628/2628 2829/2829 2736/2736
f 2828/2828 2830/2830 2714/2714
f 2714/2714 2830/2830 2715/2715
f 2715/2715 2830/2830 2791/2791
f 2793/2793 2774/2774 2660/2660
f 2794/2794 2831/2831 2795/2795
f 56/56 44/44 2801/2801
f 56/56 2801/2801 2717/2717
f 2438/2438 2832/2832 2630/2630
f 2781/2781 2833/2833 2601/2601
f 2782/2782 2834/2834 2661/2661
f 2661/2661 2834/2834 2783/2783
f 2703/2703 2835/2835 2718/2718
f 2836/2836 2835/2835 2664/2664
f 2664/2664 2835/2835 2703/2703
f 2807/2807 2836/2836 2664/2664
f 2837/2837 2838/2838 2839/2839
f 23/23 17/17 2840/2840
f 2841/2841 2842/2842 2843/2843
f 2840/2840 17/17 29/29
f 2844/2844 2845/2845 2846/2846
f 2847/2847 36/36 2848/2848
f 2848/2848 36/36 2849/2849
f 2749/2749 2850/2850 2750/2750
f 2750/2750 2851/2851 2751/2751
f 2852/2852 2853/2853 2854/2854
f 2815/2815 2816/2816 2767/2767
f 2791/2791 2793/2793 2792/2792
f 2800/2800 2855/2855 60/60
f 2438/2438 2774/2774 2832/2832
f 44/44 2855/2855 2801/2801
f 2781/2781 2856/2856 2833/2833
f 2803/2803 2857/2857 2858/2858
f 2859/2859 2860/2860 2784/2784
f 2784/2784 2860/2860 2785/2785
f 2785/2785 2861/2861 2721/2721
f 2721/2721 2861/2861 2807/2807
f 2837/2837 2839/2839 2862/2862
f 2745/2745 2863/2863 2786/2786
f 2788/2788 2864/2864 2748/2748
f 2865/2865 2866/2866 2867/2867
f 36/36 35/35 2849/2849
f 2748/2748 2864/2864 2749/2749
f 2751/2751 2868/2868 2756/2756
f 2869/2869 2870/2870 2871/2871
f 2868/2868 2757/2757 2756/2756
f 2853/2853 2872/2872 2854/2854
f 2814/2814 2873/2873 2766/2766
f 2854/2854 2872/2872 2874/2874
f 2766/2766 2873/2873 2815/2815
f 2815/2815 2875/2875 2816/2816
f 2817/2817 2876/2876 2818/2818
f 2773/2773 2877/2877 2789/2789
f 2789/2789 2877/2877 2790/2790
f 2877/2877 2878/2878 2828/2828
f 2790/2790 2877/2877 2828/2828
f 2478/2478 2879/2879 2713/2713
f 2828/2828 2880/2880 2830/2830
f 2830/2830 2880/2880 2791/2791
f 2793/2793 2791/2791 2881/2881
f 2793/2793 2881/2881 2882/2882
f 2793/2793 2882/2882 2774/2774
f 2883/2883 2884/2884 2885/2885
f 2883/2883 2885/2885 2831/2831
f 2886/2886 2887/2887 2800/2800
f 2887/2887 2855/2855 2800/2800
f 2856/2856 2888/2888 2833/2833
f 2802/2802 2889/2889 2803/2803
f 2782/2782 2890/2890 2834/2834
f 2834/2834 2891/2891 2783/2783
f 2718/2718 2892/2892 2804/2804
f 2835/2835 2892/2892 2718/2718
f 2783/2783 2893/2893 2806/2806
f 2806/2806 2893/2893 2894/2894
f 2860/2860 2895/2895 2785/2785
f 2861/2861 2896/2896 2807/2807
f 2807/2807 2896/2896 2836/2836
f 2839/2839 2897/2897 2862/2862
f 2839/2839 2898/2898 2897/2897
f 2866/2866 2899/2899 2867/2867
f 35/35 2900/2900 2849/2849
f 2749/2749 2901/2901 2850/2850
f 2851/2851 2868/2868 2751/2751
f 2870/2870 2902/2902 2871/2871
f 2871/2871 2902/2902 2903/2903
f 2868/2868 2904/2904 2757/2757
f 2871/2871 2903/2903 2853/2853
f 2904/2904 2905/2905 2814/2814
f 2757/2757 2904/2904 2814/2814
f 2853/2853 2903/2903 2872/2872
f 2814/2814 2905/2905 2873/2873
f 2872/2872 2906/2906 2874/2874
f 2907/2907 2908/2908 2909/2909
f 2873/2873 2875/2875 2815/2815
f 2875/2875 2876/2876 2817/2817
f 2816/2816 2875/2875 2817/2817
f 2876/2876 2910/2910 2818/2818
f 2910/2910 2819/2819 2818/2818
f 2825/2825 2911/2911 2827/2827
f 2736/2736 2829/2829 2879/2879
f 2878/2878 2912/2912 2828/2828
f 2912/2912 2880/2880 2828/2828
f 2791/2791 2880/2880 2913/2913
f 2791/2791 2913/2913 2881/2881
f 2886/2886 2914/2914 2887/2887
f 2774/2774 2915/2915 2832/2832
f 2916/2916 2917/2917 2918/2918
f 2630/2630 2919/2919 2702/2702
f 2702/2702 2919/2919 2782/2782
f 2890/2890 2891/2891 2834/2834
f 2783/2783 2891/2891 2893/2893
f 2836/2836 2920/2920 2835/2835
f 2921/2921 2922/2922 2923/2923
f 2924/2924 2925/2925 2863/2863
f 2926/2926 2927/2927 2928/2928
f 2929/2929 2930/2930 35/35
f 2926/2926 2928/2928 2931/2931
f 35/35 2930/2930 2900/2900
f 2932/2932 2933/2933 2934/2934
f 2851/2851 2935/2935 2868/2868
f 2870/2870 2936/2936 2902/2902
f 2903/2903 2937/2937 2872/2872
f 2872/2872 2937/2937 2938/2938
f 2872/2872 2938/2938 2906/2906
f 2939/2939 2940/2940 2908/2908
f 2819/2819 2941/2941 2820/2820
f 2942/2942 2943/2943 2944/2944
f 2880/2880 2945/2945 2913/2913
f 2881/2881 2913/2913 2946/2946
f 2881/2881 2946/2946 2882/2882
f 2882/2882 2915/2915 2774/2774
f 2947/2947 2948/2948 2949/2949
f 2887/2887 2950/2950 2855/2855
f 2855/2855 2951/2951 2801/2801
f 2801/2801 2951/2951 2700/2700
f 2700/2700 2951/2951 2781/2781
f 2832/2832 2919/2919 2630/2630
f 2835/2835 2920/2920 2892/2892
f 2896/2896 2952/2952 2836/2836
f 2836/2836 2952/2952 2920/2920
f 2895/2895 2953/2953 2861/2861
f 2861/2861 2953/2953 2896/2896
f 2954/2954 2955/2955 2956/2956
f 2957/2957 2958/2958 2959/2959
f 2922/2922 2960/2960 2923/2923
f 2961/2961 2962/2962 2958/2958
f 2962/2962 2963/2963 2958/2958
f 2962/2962 2964/2964 2963/2963
f 2930/2930 2965/2965 2900/2900
f 2900/2900 2965/2965 2966/2966
f 2967/2967 2968/2968 2969/2969
f 2967/2967 2970/2970 2968/2968
f 2850/2850 2971/2971 2851/2851
f 2934/2934 2933/2933 2972/2972
f 2973/2973 2902/2902 2936/2936
f 2973/2973 2903/2903 2902/2902
f 2974/2974 2975/2975 2976/2976
f 2973/2973 2937/2937 2903/2903
f 2977/2977 2978/2978 2979/2979
f 2978/2978 2980/2980 2979/2979
f 2979/2979 2980/2980 2981/2981
f 2905/2905 2982/2982 2873/2873
f 2980/2980 2983/2983 2981/2981
f 2981/2981 2983/2983 2984/2984
f 2873/2873 2982/2982 2985/2985
f 2873/2873 2985/2985 2875/2875
f 2875/2875 2986/2986 2876/2876
f 2876/2876 2986/2986 2910/2910
f 2987/2987 2988/2988 2989/2989
f 2910/2910 2941/2941 2819/2819
f 2944/2944 2990/2990 2991/2991
f 2946/2946 2992/2992 2882/2882
f 2993/2993 2994/2994 2885/2885
f 2995/2995 2996/2996 2887/2887
f 2914/2914 2995/2995 2887/2887
f 2887/2887 2996/2996 2950/2950
f 2782/2782 2919/2919 2890/2890
f 2892/2892 2997/2997 2998/2998
f 2892/2892 2999/2999 2997/2997
f 2920/2920 2999/2999 2892/2892
f 2893/2893 3000/3000 2894/2894
f 2860/2860 3001/3001 2895/2895
f 2958/2958 3002/3002 2959/2959
f 3003/3003 3004/3004 2925/2925
f 2960/2960 3005/3005 2923/2923
f 3006/3006 2962/2962 2961/2961
f 2958/2958 2963/2963 3002/3002
f 3007/3007 3008/3008 3009/3009
f 3006/3006 3010/3010 2962/2962
f 3011/3011 3012/3012 3002/3002
f 3006/3006 3013/3013 3010/3010
f 2962/2962 3010/3010 2964/2964
f 3011/3011 3014/3014 3012/3012
f 3010/3010 3015/3015 3016/3016
f 2964/2964 3010/3010 3016/3016
f 3015/3015 3017/3017 3011/3011
f 3011/3011 3017/3017 3014/3014
f 3013/3013 3018/3018 3019/3019
f 3013/3013 3019/3019 3010/3010
f 3010/3010 3017/3017 3015/3015
f 3010/3010 3019/3019 3020/3020
f 3010/3010 3020/3020 3017/3017
f 3019/3019 3021/3021 3020/3020
f 3021/3021 3022/3022 3023/3023
f 2968/2968 3024/3024 2969/2969
f 3024/3024 3025/3025 2969/2969
f 2971/2971 3026/3026 2851/2851
f 2851/2851 3026/3026 2935/2935
f 3022/3022 3027/3027 3023/3023
f 3023/3023 3027/3027 3028/3028
f 3027/3027 2974/2974 3028/3028
f 2935/2935 3026/3026 3029/3029
f 2935/2935 3029/3029 2904/2904
f 2974/2974 2976/2976 3028/3028
f 3028/3028 2976/2976 3030/3030
f 2976/2976 2979/2979 3031/3031
f 3030/3030 2976/2976 3031/3031
f 3032/3032 3033/3033 3034/3034
f 3029/3029 3035/3035 2904/2904
f 3031/3031 3033/3033 3032/3032
f 2904/2904 3035/3035 2905/2905
f 2979/2979 2981/2981 3031/3031
f 3031/3031 2981/2981 2984/2984
f 3031/3031 2984/2984 3033/3033
f 3035/3035 2982/2982 2905/2905
f 3036/3036 3037/3037 3038/3038
f 3037/3037 3039/3039 3040/3040
f 3040/3040 3039/3039 3041/3041
f 2713/2713 2879/2879 2698/2698
f 3042/3042 2990/2990 2944/2944
f 2945/2945 3043/3043 3044/3044
f 2946/2946 3045/3045 2992/2992
f 2882/2882 2992/2992 3046/3046
f 2882/2882 3046/3046 2915/2915
f 3046/3046 3047/3047 2915/2915
f 2993/2993 3048/3048 2994/2994
f 2994/2994 3049/3049 2885/2885
f 2855/2855 2950/2950 2951/2951
f 2781/2781 3050/3050 2856/2856
f 2832/2832 3051/3051 2919/2919
f 2890/2890 3052/3052 2891/2891
f 2891/2891 3053/3053 2893/2893
f 2920/2920 2952/2952 2999/2999
f 3001/3001 3054/3054 2895/2895
f 2895/2895 3054/3054 2953/2953
f 2896/2896 2953/2953 2952/2952
f 2956/2956 3055/3055 3056/3056
f 3057/3057 3004/3004 3058/3058
f 3014/3014 3059/3059 3012/3012
f 3060/3060 3061/3061 3062/3062
f 3057/3057 3058/3058 3063/3063
f 3014/3014 3064/3064 3059/3059
f 3017/3017 3020/3020 3064/3064
f 3017/3017 3064/3064 3014/3014
f 2970/2970 3065/3065 2968/2968
f 2970/2970 3066/3066 3065/3065
f 3020/3020 3067/3067 3064/3064
f 3064/3064 3067/3067 3059/3059
f 3020/3020 3023/3023 3067/3067
f 3063/3063 3068/3068 3069/3069
f 3063/3063 3069/3069 3070/3070
f 3067/3067 3023/3023 3071/3071
f 3065/3065 3024/3024 2968/2968
f 3065/3065 3072/3072 3024/3024
f 3023/3023 3028/3028 3071/3071
f 3028/3028 3030/3030 3073/3073
f 3071/3071 3028/3028 3073/3073
f 3074/3074 3034/3034 3075/3075
f 3075/3075 3034/3034 3076/3076
f 3073/3073 3030/3030 3074/3074
f 3074/3074 3032/3032 3034/3034
f 3077/3077 3078/3078 3079/3079
f 3074/3074 3031/3031 3032/3032
f 3030/3030 3031/3031 3074/3074
f 3080/3080 3081/3081 3036/3036
f 2988/2988 3082/3082 2989/2989
f 3083/3083 3084/3084 3085/3085
f 3086/3086 3087/3087 3088/3088
f 2829/2829 3089/3089 2879/2879
f 3090/3090 3091/3091 2829/2829
f 3092/3092 3093/3093 3090/3090
f 3094/3094 3095/3095 3096/3096
f 3044/3044 3097/3097 2946/2946
f 2992/2992 3045/3045 3046/3046
f 3047/3047 3098/3098 2915/2915
f 3099/3099 3100/3100 2994/2994
f 2994/2994 3100/3100 3049/3049
f 2995/2995 3101/3101 2996/2996
f 2915/2915 3098/3098 2832/2832
f 2950/2950 3102/3102 2951/2951
f 2951/2951 3050/3050 2781/2781
f 3098/3098 3051/3051 2832/2832
f 3050/3050 3103/3103 2888/2888
f 2856/2856 3050/3050 2888/2888
f 2889/2889 3104/3104 3105/3105
f 2889/2889 3105/3105 2857/2857
f 2919/2919 3051/3051 3106/3106
f 2919/2919 3106/3106 2890/2890
f 3107/3107 2998/2998 2997/2997
f 2953/2953 3108/3108 2952/2952
f 3109/3109 3110/3110 3111/3111
f 3109/3109 3112/3112 3110/3110
f 3056/3056 3113/3113 3114/3114
f 3004/3004 3115/3115 3058/3058
f 3012/3012 3059/3059 3116/3116
f 3116/3116 3059/3059 3117/3117
f 3059/3059 3118/3118 3117/3117
f 3117/3117 3118/3118 3119/3119
f 3066/3066 2970/2970 3120/3120
f 3063/3063 3058/3058 3121/3121
f 3059/3059 3067/3067 3118/3118
f 3118/3118 3122/3122 3119/3119
f 3066/3066 3072/3072 3065/3065
f 3066/3066 3123/3123 3072/3072
f 3063/3063 3121/3121 3068/3068
f 3067/3067 3071/3071 3118/3118
f 3118/3118 3071/3071 3122/3122
f 3122/3122 3071/3071 3073/3073
f 3073/3073 3074/3074 3124/3124
f 3074/3074 3075/3075 3124/3124
f 3125/3125 3024/3024 3072/3072
f 3078/3078 3126/3126 3079/3079
f 3081/3081 3127/3127 3036/3036
f 3036/3036 3127/3127 3037/3037
f 3039/3039 3128/3128 3041/3041
f 2988/2988 3129/3129 3082/3082
f 3084/3084 3130/3130 3085/3085
f 3085/3085 3130/3130 3087/3087
f 3089/3089 3131/3131 2698/2698
f 2879/2879 3089/3089 2698/2698
f 2829/2829 3091/3091 3089/3089
f 3087/3087 3132/3132 3088/3088
f 3088/3088 3132/3132 3133/3133
f 3134/3134 3135/3135 3136/3136
f 3137/3137 3138/3138 3094/3094
f 3138/3138 3139/3139 3095/3095
f 3095/3095 3140/3140 3141/3141
f 2946/2946 3097/3097 3045/3045
f 3045/3045 3142/3142 3046/3046
f 3046/3046 3143/3143 3047/3047
f 3099/3099 3144/3144 3100/3100
f 3100/3100 3145/3145 3049/3049
f 3101/3101 3146/3146 2996/2996
f 2996/2996 3146/3146 3147/3147
f 2996/2996 3147/3147 2950/2950
f 2950/2950 3147/3147 3102/3102
f 2951/2951 3102/3102 3050/3050
f 2890/2890 3106/3106 3052/3052
f 3053/3053 3052/3052 3148/3148
f 3149/3149 3150/3150 3107/3107
f 3149/3149 3107/3107 2999/2999
f 3054/3054 3108/3108 2953/2953
f 3151/3151 3152/3152 3153/3153
f 3153/3153 3111/3111 3151/3151
f 3153/3153 3154/3154 3155/3155
f 3153/3153 3155/3155 3109/3109
f 3153/3153 3109/3109 3111/3111
f 3156/3156 3112/3112 3109/3109
f 3112/3112 3156/3156 3157/3157
f 3114/3114 3158/3158 3159/3159
f 3158/3158 3160/3160 3159/3159
f 3117/3117 3119/3119 3161/3161
f 3119/3119 3162/3162 3161/3161
f 3062/3062 3163/3163 3164/3164
f 3066/3066 3165/3165 3123/3123
f 3119/3119 3122/3122 3162/3162
f 3122/3122 3166/3166 3162/3162
f 3121/3121 3167/3167 3068/3068
f 3122/3122 3073/3073 3166/3166
f 3123/3123 3168/3168 3169/3169
f 3123/3123 3169/3169 3072/3072
f 3073/3073 3124/3124 3166/3166
f 3166/3166 3124/3124 3170/3170
f 3124/3124 3075/3075 3170/3170
f 3171/3171 3172/3172 3168/3168
f 3168/3168 3172/3172 3125/3125
f 3168/3168 3125/3125 3169/3169
f 3169/3169 3125/3125 3072/3072
f 3069/3069 3068/3068 3173/3173
f 3068/3068 3174/3174 3173/3173
f 3172/3172 3175/3175 3125/3125
f 3126/3126 3176/3176 3079/3079
f 3177/3177 3175/3175 3172/3172
f 3176/3176 3178/3178 3079/3079
f 3179/3179 3180/3180 3177/3177
f 3180/3180 3181/3181 3177/3177
f 3182/3182 3173/3173 3081/3081
f 3081/3081 3183/3183 3127/3127
f 3039/3039 3184/3184 3128/3128
f 3185/3185 3186/3186 3187/3187
f 3084/3084 3188/3188 3130/3130
f 3189/3189 3190/3190 3191/3191
f 3090/3090 3192/3192 3091/3091
f 3135/3135 3193/3193 3194/3194
f 3095/3095 3139/3139 3140/3140
f 3141/3141 3140/3140 3195/3195
f 3047/3047 3143/3143 3098/3098
f 3098/3098 3143/3143 3196/3196
f 3146/3146 3197/3197 3147/3147
f 3197/3197 3198/3198 3147/3147
f 3147/3147 3198/3198 3102/3102
f 3102/3102 3103/3103 3050/3050
f 3104/3104 3199/3199 3105/3105
f 3098/3098 3200/3200 3051/3051
f 3051/3051 3200/3200 3201/3201
f 3051/3051 3201/3201 3106/3106
f 3202/3202 3203/3203 3204/3204
f 3204/3204 3203/3203 3205/3205
f 3204/3204 3205/3205 3206/3206
f 3205/3205 3207/3207 3206/3206
f 3205/3205 3208/3208 3207/3207
f 3203/3203 3209/3209 3210/3210
f 3203/3203 3210/3210 3205/3205
f 3205/3205 3210/3210 3208/3208
f 3207/3207 3208/3208 3211/3211
f 3154/3154 3153/3153 3152/3152
f 3209/3209 3212/3212 3210/3210
f 3210/3210 3212/3212 3208/3208
f 3212/3212 3213/3213 3208/3208
f 3208/3208 3213/3213 3211/3211
f 3213/3213 3214/3214 3211/3211
f 3155/3155 3215/3215 3156/3156
f 3109/3109 3155/3155 3156/3156
f 3156/3156 3216/3216 3157/3157
f 3216/3216 3217/3217 3157/3157
f 3162/3162 3166/3166 3218/3218
f 3166/3166 3170/3170 3219/3219
f 3218/3218 3166/3166 3219/3219
f 3220/3220 3171/3171 3221/3221
f 3221/3221 3171/3171 3123/3123
f 3222/3222 3223/3223 3220/3220
f 3220/3220 3223/3223 3171/3171
f 3068/3068 3224/3224 3174/3174
f 3222/3222 3225/3225 3223/3223
f 3223/3223 3177/3177 3171/3171
f 3171/3171 3177/3177 3172/3172
f 3226/3226 3227/3227 3225/3225
f 3225/3225 3227/3227 3179/3179
f 3225/3225 3179/3179 3223/3223
f 3175/3175 3228/3228 3229/3229
f 3175/3175 3229/3229 3125/3125
f 3230/3230 3231/3231 3176/3176
f 3176/3176 3231/3231 3178/3178
f 3227/3227 3232/3232 3179/3179
f 3175/3175 3233/3233 3228/3228
f 3079/3079 3178/3178 3234/3234
f 3226/3226 3235/3235 3236/3236
f 3236/3236 3232/3232 3227/3227
f 3226/3226 3236/3236 3227/3227
f 3232/3232 3180/3180 3179/3179
f 3177/3177 3181/3181 3175/3175
f 3175/3175 3181/3181 3233/3233
f 3174/3174 3237/3237 3173/3173
f 3238/3238 3239/3239 3235/3235
f 3235/3235 3239/3239 3236/3236
f 3236/3236 3240/3240 3232/3232
f 3232/3232 3240/3240 3180/3180
f 3180/3180 3240/3240 3181/3181
f 3237/3237 3183/3183 3081/3081
f 3241/3241 3242/3242 3239/3239
f 3242/3242 3236/3236 3239/3239
f 3236/3236 3243/3243 3240/3240
f 3238/3238 3241/3241 3239/3239
f 3236/3236 3244/3244 3243/3243
f 3242/3242 3244/3244 3236/3236
f 3127/3127 3183/3183 3245/3245
f 3241/3241 3246/3246 3247/3247
f 3247/3247 3242/3242 3241/3241
f 3242/3242 3248/3248 3244/3244
f 3249/3249 3250/3250 3246/3246
f 3242/3242 3247/3247 3248/3248
f 3245/3245 3184/3184 3127/3127
f 3250/3250 3251/3251 3246/3246
f 3246/3246 3251/3251 3252/3252
f 3246/3246 3252/3252 3247/3247
f 3252/3252 3248/3248 3247/3247
f 3253/3253 3254/3254 3250/3250
f 3250/3250 3254/3254 3251/3251
f 3251/3251 3254/3254 3252/3252
f 3255/3255 3256/3256 3254/3254
f 3255/3255 3257/3257 3256/3256
f 3256/3256 3258/3258 3254/3254
f 3256/3256 3259/3259 3258/3258
f 3257/3257 3259/3259 3256/3256
f 3257/3257 3260/3260 3261/3261
f 3260/3260 3262/3262 3263/3263
f 3264/3264 3263/3263 3262/3262
f 3264/3264 3265/3265 3263/3263
f 3266/3266 3267/3267 3264/3264
f 3268/3268 3269/3269 3270/3270
f 3268/3268 3270/3270 3271/3271
f 3272/3272 3273/3273 3274/3274
f 3275/3275 3276/3276 3277/3277
f 3278/3278 3279/3279 3269/3269
f 3271/3271 3280/3280 3272/3272
f 3269/3269 3279/3279 3191/3191
f 3269/3269 3191/3191 3270/3270
f 3270/3270 3280/3280 3271/3271
f 3191/3191 3280/3280 3270/3270
f 3191/3191 3281/3281 3280/3280
f 3281/3281 3282/3282 3280/3280
f 3191/3191 3190/3190 3283/3283
f 3191/3191 3283/3283 3281/3281
f 3284/3284 3285/3285 3286/3286
f 3287/3287 3288/3288 3289/3289
f 3130/3130 3290/3290 3087/3087
f 3091/3091 3284/3284 3089/3089
f 3090/3090 3291/3291 3192/3192
f 3292/3292 3293/3293 3134/3134
f 3193/3193 3294/3294 3295/3295
f 3295/3295 3294/3294 3296/3296
f 3/3 3297/3297 4/4
f 3298/3298 3299/3299 3300/3300
f 3301/3301 3302/3302 3303/3303
f 3304/3304 3297/3297 3305/3305
f 3306/3306 3146/3146 3101/3101
f 3303/3303 3307/3307 3308/3308
f 3309/3309 3310/3310 3311/3311
f 3102/3102 3198/3198 3103/3103
f 3310/3310 3312/3312 3313/3313
f 3310/3310 3313/3313 3311/3311
f 3313/3313 3314/3314 3311/3311
f 3098/3098 3196/3196 3200/3200
f 3313/3313 3315/3315 3314/3314
f 3316/3316 3317/3317 3312/3312
f 3312/3312 3317/3317 3318/3318
f 3312/3312 3318/3318 3313/3313
f 3313/3313 3318/3318 3315/3315
f 3315/3315 3319/3319 3314/3314
f 3315/3315 3318/3318 3320/3320
f 3315/3315 3320/3320 3319/3319
f 3317/3317 3321/3321 3320/3320
f 3318/3318 3317/3317 3320/3320
f 3319/3319 3320/3320 3322/3322
f 3321/3321 3323/3323 3320/3320
f 3320/3320 3323/3323 3322/3322
f 3322/3322 3323/3323 3324/3324
f 3325/3325 3326/3326 3323/3323
f 3323/3323 3326/3326 3324/3324
f 3201/3201 3327/3327 3106/3106
f 3106/3106 3327/3327 3052/3052
f 3328/3328 3329/3329 3330/3330
f 3331/3331 3332/3332 3333/3333
f 3331/3331 3334/3334 3332/3332
f 3332/3332 3334/3334 3335/3335
f 3334/3334 3336/3336 3335/3335
f 3335/3335 3337/3337 3332/3332
f 3332/3332 3337/3337 3338/3338
f 3339/3339 3340/3340 3341/3341
f 3335/3335 3342/3342 3337/3337
f 3335/3335 3336/3336 3342/3342
f 3337/3337 3343/3343 3338/3338
f 3338/3338 3343/3343 3344/3344
f 3342/3342 3345/3345 3343/3343
f 3337/3337 3342/3342 3343/3343
f 3345/3345 3346/3346 3343/3343
f 3346/3346 3347/3347 3343/3343
f 3343/3343 3347/3347 3344/3344
f 3344/3344 3347/3347 3348/3348
f 3345/3345 3349/3349 3346/3346
f 3344/3344 3348/3348 3350/3350
f 3344/3344 3350/3350 3351/3351
f 3349/3349 3352/3352 3346/3346
f 3346/3346 3352/3352 3353/3353
f 3346/3346 3353/3353 3347/3347
f 3353/3353 3354/3354 3348/3348
f 3347/3347 3353/3353 3348/3348
f 3348/3348 3354/3354 3350/3350
f 3354/3354 3355/3355 3350/3350
f 3350/3350 3355/3355 3351/3351
f 3351/3351 3355/3355 3202/3202
f 3353/3353 3352/3352 3354/3354
f 3354/3354 3352/3352 3356/3356
f 3354/3354 3356/3356 3355/3355
f 3356/3356 3203/3203 3355/3355
f 3355/3355 3203/3203 3202/3202
f 3352/3352 3357/3357 3356/3356
f 3358/3358 3359/3359 3360/3360
f 3357/3357 3361/3361 3356/3356
f 3356/3356 3361/3361 3362/3362
f 3356/3356 3362/3362 3203/3203
f 3362/3362 3209/3209 3203/3203
f 3152/3152 3363/3363 3154/3154
f 3361/3361 3209/3209 3362/3362
f 3361/3361 3364/3364 3209/3209
f 3363/3363 3211/3211 3154/3154
f 3364/3364 3212/3212 3209/3209
f 3211/3211 3214/3214 3154/3154
f 3214/3214 3155/3155 3154/3154
f 3212/3212 3364/3364 3365/3365
f 3212/3212 3365/3365 3213/3213
f 3213/3213 3365/3365 3214/3214
f 3214/3214 3365/3365 3155/3155
f 3155/3155 3366/3366 3215/3215
f 3215/3215 3216/3216 3156/3156
f 3367/3367 3163/3163 3062/3062
f 3367/3367 3368/3368 3163/3163
f 3369/3369 3370/3370 3371/3371
f 3372/3372 3370/3370 3369/3369
f 3373/3373 3374/3374 3372/3372
f 3224/3224 3375/3375 3174/3174
f 3376/3376 3226/3226 3377/3377
f 3377/3377 3226/3226 3225/3225
f 3376/3376 3378/3378 3226/3226
f 3378/3378 3235/3235 3226/3226
f 3230/3230 3379/3379 3231/3231
f 3379/3379 3380/3380 3231/3231
f 3381/3381 3235/3235 3378/3378
f 3382/3382 3383/3383 3384/3384
f 3381/3381 3385/3385 3238/3238
f 3381/3381 3238/3238 3235/3235
f 3386/3386 3387/3387 3379/3379
f 3385/3385 3388/3388 3238/3238
f 3389/3389 3388/3388 3385/3385
f 3390/3390 3391/3391 3386/3386
f 3389/3389 3392/3392 3393/3393
f 3389/3389 3393/3393 3388/3388
f 3388/3388 3393/3393 3241/3241
f 3388/3388 3241/3241 3238/3238
f 3243/3243 3394/3394 3240/3240
f 3390/3390 3395/3395 3391/3391
f 3395/3395 3396/3396 3391/3391
f 3244/3244 3394/3394 3243/3243
f 3397/3397 3249/3249 3392/3392
f 3392/3392 3249/3249 3393/3393
f 3244/3244 3398/3398 3394/3394
f 3399/3399 3400/3400 3395/3395
f 3401/3401 3402/3402 3397/3397
f 3397/3397 3402/3402 3249/3249
f 3249/3249 3402/3402 3250/3250
f 3248/3248 3398/3398 3244/3244
f 3403/3403 3253/3253 3401/3401
f 3401/3401 3253/3253 3402/3402
f 3248/3248 3404/3404 3398/3398
f 3405/3405 3406/3406 3407/3407
f 3402/3402 3253/3253 3250/3250
f 3252/3252 3404/3404 3248/3248
f 3408/3408 3409/3409 3403/3403
f 3403/3403 3409/3409 3255/3255
f 3403/3403 3255/3255 3253/3253
f 3252/3252 3410/3410 3404/3404
f 3254/3254 3258/3258 3252/3252
f 3252/3252 3258/3258 3411/3411
f 3252/3252 3411/3411 3410/3410
f 3412/3412 3413/3413 3408/3408
f 3408/3408 3413/3413 3409/3409
f 3409/3409 3257/3257 3255/3255
f 3409/3409 3413/3413 3257/3257
f 3259/3259 3414/3414 3258/3258
f 3258/3258 3414/3414 3411/3411
f 3415/3415 3416/3416 3262/3262
f 3415/3415 3262/3262 3412/3412
f 3412/3412 3262/3262 3413/3413
f 3413/3413 3262/3262 3260/3260
f 3261/3261 3417/3417 3257/3257
f 3257/3257 3417/3417 3259/3259
f 3259/3259 3417/3417 3418/3418
f 3259/3259 3418/3418 3414/3414
f 3419/3419 3420/3420 3415/3415
f 3415/3415 3420/3420 3416/3416
f 3416/3416 3264/3264 3262/3262
f 3421/3421 3422/3422 3419/3419
f 3419/3419 3422/3422 3420/3420
f 3416/3416 3420/3420 3264/3264
f 3263/3263 3261/3261 3260/3260
f 3261/3261 3423/3423 3417/3417
f 3424/3424 3425/3425 3426/3426
f 3422/3422 3266/3266 3420/3420
f 3263/3263 3427/3427 3261/3261
f 3261/3261 3427/3427 3423/3423
f 3428/3428 3429/3429 3430/3430
f 3421/3421 3431/3431 3432/3432
f 3432/3432 3422/3422 3421/3421
f 3263/3263 3265/3265 3427/3427
f 3431/3431 3433/3433 3268/3268
f 3268/3268 3432/3432 3431/3431
f 3432/3432 3272/3272 3422/3422
f 3422/3422 3272/3272 3266/3266
f 3266/3266 3274/3274 3267/3267
f 3264/3264 3267/3267 3265/3265
f 3433/3433 3269/3269 3268/3268
f 3432/3432 3268/3268 3272/3272
f 3272/3272 3274/3274 3266/3266
f 3267/3267 3434/3434 3265/3265
f 3435/3435 3436/3436 3437/3437
f 3438/3438 3275/3275 3439/3439
f 3433/3433 3278/3278 3269/3269
f 3274/3274 3434/3434 3267/3267
f 3274/3274 3273/3273 3434/3434
f 3272/3272 3280/3280 3273/3273
f 3280/3280 3440/3440 3273/3273
f 3280/3280 3282/3282 3440/3440
f 3441/3441 3442/3442 3443/3443
f 3283/3283 3282/3282 3281/3281
f 3285/3285 3284/3284 3444/3444
f 3087/3087 3290/3290 3132/3132
f 3134/3134 3293/3293 3135/3135
f 3135/3135 3293/3293 3193/3193
f 3294/3294 3445/3445 3296/3296
f 3296/3296 3445/3445 3446/3446
f 3446/3446 3447/3447 3448/3448
f 3142/3142 3449/3449 3143/3143
f 3304/3304 3450/3450 3297/3297
f 3302/3302 3307/3307 3303/3303
f 3302/3302 3451/3451 3307/3307
f 3452/3452 3453/3453 3454/3454
f 3454/3454 3453/3453 3455/3455
f 3456/3456 3457/3457 3458/3458
f 3457/3457 3459/3459 3458/3458
f 3460/3460 3461/3461 3462/3462
f 3453/3453 3463/3463 3464/3464
f 3455/3455 3453/3453 3464/3464
f 3458/3458 3459/3459 3465/3465
f 3311/3311 3314/3314 3466/3466
f 3314/3314 3467/3467 3466/3466
f 3463/3463 3468/3468 3469/3469
f 3464/3464 3463/3463 3469/3469
f 3469/3469 3468/3468 3316/3316
f 3314/3314 3319/3319 3467/3467
f 3319/3319 3470/3470 3467/3467
f 3468/3468 3471/3471 3317/3317
f 3316/3316 3468/3468 3317/3317
f 3319/3319 3322/3322 3470/3470
f 3322/3322 3472/3472 3470/3470
f 3470/3470 3472/3472 3473/3473
f 3471/3471 3474/3474 3317/3317
f 3475/3475 3476/3476 3477/3477
f 3317/3317 3474/3474 3321/3321
f 3472/3472 3478/3478 3473/3473
f 3474/3474 3479/3479 3321/3321
f 3321/3321 3479/3479 3323/3323
f 3472/3472 3324/3324 3478/3478
f 3479/3479 3474/3474 3480/3480
f 3324/3324 3481/3481 3478/3478
f 3481/3481 3482/3482 3478/3478
f 3480/3480 3325/3325 3323/3323
f 3479/3479 3480/3480 3323/3323
f 3324/3324 3326/3326 3481/3481
f 3201/3201 3483/3483 3327/3327
f 3480/3480 3484/3484 3325/3325
f 3326/3326 3325/3325 3485/3485
f 3326/3326 3485/3485 3486/3486
f 3326/3326 3486/3486 3481/3481
f 3486/3486 3330/3330 3482/3482
f 3481/3481 3486/3486 3482/3482
f 3482/3482 3330/3330 3487/3487
f 3325/3325 3484/3484 3485/3485
f 3485/3485 3484/3484 3488/3488
f 3485/3485 3488/3488 3486/3486
f 3486/3486 3488/3488 3328/3328
f 3330/3330 3329/3329 3487/3487
f 3329/3329 3489/3489 3490/3490
f 3487/3487 3329/3329 3490/3490
f 3491/3491 3492/3492 3493/3493
f 3484/3484 3494/3494 3488/3488
f 3489/3489 3333/3333 3490/3490
f 3490/3490 3333/3333 3495/3495
f 3494/3494 3496/3496 3488/3488
f 3488/3488 3496/3496 3497/3497
f 3488/3488 3497/3497 3328/3328
f 3328/3328 3497/3497 3329/3329
f 3497/3497 3331/3331 3489/3489
f 3329/3329 3497/3497 3489/3489
f 3333/3333 3498/3498 3495/3495
f 3498/3498 3499/3499 3495/3495
f 3496/3496 3500/3500 3501/3501
f 3496/3496 3501/3501 3497/3497
f 3497/3497 3501/3501 3334/3334
f 3497/3497 3334/3334 3331/3331
f 3498/3498 3338/3338 3499/3499
f 3499/3499 3338/3338 3502/3502
f 3501/3501 3336/3336 3334/3334
f 3338/3338 3344/3344 3502/3502
f 3503/3503 3504/3504 3505/3505
f 3501/3501 3506/3506 3336/3336
f 3507/3507 3508/3508 3509/3509
f 3506/3506 3510/3510 3336/3336
f 3336/3336 3510/3510 3342/3342
f 3508/3508 3507/3507 3511/3511
f 3506/3506 3512/3512 3510/3510
f 3507/3507 3513/3513 3511/3511
f 3512/3512 3514/3514 3510/3510
f 3510/3510 3514/3514 3342/3342
f 3514/3514 3349/3349 3342/3342
f 3342/3342 3349/3349 3345/3345
f 3515/3515 3516/3516 3517/3517
f 3349/3349 3514/3514 3352/3352
f 3514/3514 3518/3518 3352/3352
f 3352/3352 3518/3518 3357/3357
f 3518/3518 3519/3519 3357/3357
f 3519/3519 3361/3361 3357/3357
f 3520/3520 3521/3521 3522/3522
f 3519/3519 3523/3523 3361/3361
f 3361/3361 3523/3523 3364/3364
f 3523/3523 3524/3524 3364/3364
f 3524/3524 3525/3525 3364/3364
f 3364/3364 3525/3525 3365/3365
f 3525/3525 3366/3366 3365/3365
f 3365/3365 3366/3366 3155/3155
f 3526/3526 3527/3527 3528/3528
f 3529/3529 3530/3530 3531/3531
f 3532/3532 3533/3533 3534/3534
f 3535/3535 3372/3372 3536/3536
f 3537/3537 3538/3538 3382/3382
f 3380/3380 3539/3539 3231/3231
f 3231/3231 3539/3539 3178/3178
f 3178/3178 3539/3539 3234/3234
f 3540/3540 3380/3380 3387/3387
f 3541/3541 3540/3540 3387/3387
f 3391/3391 3541/3541 3387/3387
f 3542/3542 3543/3543 3544/3544
f 3391/3391 3545/3545 3541/3541
f 3542/3542 3546/3546 3543/3543
f 3391/3391 3396/3396 3545/3545
f 3547/3547 3548/3548 3549/3549
f 3550/3550 3396/3396 3395/3395
f 3395/3395 3400/3400 3550/3550
f 3406/3406 3551/3551 3552/3552
f 3553/3553 3400/3400 3399/3399
f 3554/3554 3555/3555 3399/3399
f 3555/3555 3553/3553 3399/3399
f 3556/3556 3407/3407 3406/3406
f 3557/3557 3555/3555 3554/3554
f 3558/3558 3559/3559 3554/3554
f 3559/3559 3557/3557 3554/3554
f 3560/3560 3559/3559 3558/3558
f 3561/3561 3559/3559 3560/3560
f 3562/3562 3563/3563 3564/3564
f 3562/3562 3564/3564 3565/3565
f 3566/3566 3567/3567 3560/3560
f 3567/3567 3561/3561 3560/3560
f 3568/3568 3569/3569 3566/3566
f 3569/3569 3567/3567 3566/3566
f 3570/3570 3568/3568 3571/3571
f 3571/3571 3568/3568 3566/3566
f 3426/3426 3570/3570 3571/3571
f 3425/3425 3570/3570 3426/3426
f 3572/3572 3425/3425 3424/3424
f 3436/3436 3573/3573 3437/3437
f 3437/3437 3573/3573 3572/3572
f 3435/3435 3574/3574 3436/3436
f 3575/3575 3576/3576 3577/3577
f 3578/3578 3579/3579 3435/3435
f 3443/3443 3580/3580 3578/3578
f 3442/3442 3580/3580 3443/3443
f 3444/3444 3581/3581 3441/3441
f 3285/3285 3444/3444 3441/3441
f 3441/3441 3581/3581 3442/3442
f 3188/3188 3582/3582 3130/3130
f 3284/3284 3583/3583 3444/3444
f 3130/3130 3582/3582 3290/3290
f 3584/3584 3583/3583 3284/3284
f 3091/3091 3585/3585 3584/3584
f 3091/3091 3584/3584 3284/3284
f 3192/3192 3291/3291 3585/3585
f 3192/3192 3585/3585 3091/3091
f 3132/3132 3290/3290 3586/3586
f 3132/3132 3586/3586 3133/3133
f 3133/3133 3586/3586 3587/3587
f 3292/3292 3587/3587 3293/3293
f 3293/3293 3588/3588 3193/3193
f 3193/3193 3588/3588 3294/3294
f 3588/3588 3445/3445 3294/3294
f 3445/3445 3447/3447 3446/3446
f 3447/3447 3589/3589 3448/3448
f 3589/3589 3590/3590 3591/3591
f 3307/3307 3461/3461 3460/3460
f 3592/3592 3593/3593 3594/3594
f 3595/3595 3465/3465 3596/3596
f 3465/3465 3597/3597 3596/3596
f 3461/3461 3598/3598 3599/3599
f 3461/3461 3599/3599 3462/3462
f 3462/3462 3599/3599 3600/3600
f 3462/3462 3600/3600 3601/3601
f 3600/3600 3602/3602 3601/3601
f 3603/3603 3604/3604 3605/3605
f 3606/3606 3603/3603 3605/3605
f 3601/3601 3602/3602 3475/3475
f 3602/3602 3607/3607 3476/3476
f 3602/3602 3476/3476 3475/3475
f 3477/3477 3476/3476 3608/3608
f 3608/3608 3609/3609 3477/3477
f 3477/3477 3609/3609 3610/3610
f 3610/3610 3609/3609 3611/3611
f 3611/3611 3609/3609 3612/3612
f 3613/3613 3614/3614 3615/3615
f 3610/3610 3611/3611 3616/3616
f 3611/3611 3617/3617 3616/3616
f 3616/3616 3617/3617 3618/3618
f 3618/3618 3619/3619 3616/3616
f 3616/3616 3619/3619 3620/3620
f 3493/3493 3621/3621 3340/3340
f 3619/3619 3622/3622 3620/3620
f 3622/3622 3623/3623 3620/3620
f 3494/3494 3500/3500 3496/3496
f 3624/3624 3509/3509 3625/3625
f 3623/3623 3504/3504 3503/3503
f 3623/3623 3626/3626 3627/3627
f 3623/3623 3627/3627 3504/3504
f 3504/3504 3628/3628 3505/3505
f 3505/3505 3628/3628 3629/3629
f 3629/3629 3628/3628 3630/3630
f 3629/3629 3630/3630 3631/3631
f 3629/3629 3631/3631 3632/3632
f 3631/3631 3633/3633 3632/3632
f 3633/3633 3634/3634 3632/3632
f 3632/3632 3634/3634 3635/3635
f 3635/3635 3634/3634 3636/3636
f 3635/3635 3636/3636 3637/3637
f 3637/3637 3636/3636 3638/3638
f 3637/3637 3638/3638 3639/3639
f 3639/3639 3638/3638 3640/3640
f 3639/3639 3640/3640 3641/3641
f 3641/3641 3640/3640 3642/3642
f 3642/3642 3643/3643 3641/3641
f 3641/3641 3643/3643 3644/3644
f 3643/3643 3645/3645 3644/3644
f 3644/3644 3645/3645 3646/3646
f 3644/3644 3646/3646 3526/3526
f 3646/3646 3527/3527 3526/3526
f 3527/3527 3647/3647 3528/3528
f 3528/3528 3647/3647 3529/3529
f 3529/3529 3647/3647 3530/3530
f 3648/3648 3537/3537 3649/3649
f 3650/3650 3383/3383 3538/3538
f 3541/3541 3651/3651 3540/3540
f 3545/3545 3651/3651 3541/3541
f 3396/3396 3652/3652 3545/3545
f 3653/3653 3552/3552 3654/3654
f 3550/3550 3652/3652 3396/3396
f 3655/3655 3406/3406 3653/3653
f 3573/3573 3425/3425 3572/3572
f 3435/3435 3579/3579 3574/3574
f 3578/3578 3580/3580 3579/3579
f 3656/3656 3657/3657 3188/3188
f 3188/3188 3657/3657 3582/3582
f 3444/3444 3583/3583 3581/3581
f 3588/3588 3447/3447 3445/3445
f 3447/3447 3590/3590 3589/3589
f 3658/3658 3659/3659 3660/3660
f 3660/3660 3661/3661 3451/3451
f 3451/3451 3661/3661 3307/3307
f 3307/3307 3661/3661 3662/3662
f 3307/3307 3662/3662 3461/3461
f 3461/3461 3662/3662 3598/3598
f 3600/3600 3599/3599 3663/3663
f 3600/3600 3663/3663 3602/3602
f 3602/3602 3663/3663 3607/3607
f 3605/3605 3664/3664 3665/3665
f 3607/3607 3666/3666 3476/3476
f 3476/3476 3666/3666 3608/3608
f 3608/3608 3666/3666 3667/3667
f 3608/3608 3667/3667 3609/3609
f 3609/3609 3667/3667 3612/3612
f 3612/3612 3617/3617 3611/3611
f 3618/3618 3617/3617 3619/3619
f 3619/3619 3668/3668 3622/3622
f 3668/3668 3626/3626 3622/3622
f 3622/3622 3626/3626 3623/3623
f 3627/3627 3669/3669 3504/3504
f 3669/3669 3628/3628 3504/3504
f 3669/3669 3670/3670 3628/3628
f 3628/3628 3670/3670 3630/3630
f 3630/3630 3671/3671 3631/3631
f 3631/3631 3671/3671 3633/3633
f 3638/3638 3636/3636 3672/3672
f 3638/3638 3672/3672 3640/3640
f 3640/3640 3673/3673 3642/3642
f 3642/3642 3673/3673 3643/3643
f 3645/3645 3674/3674 3646/3646
f 3674/3674 3675/3675 3527/3527
f 3646/3646 3674/3674 3527/3527
f 3527/3527 3675/3675 3647/3647
f 3647/3647 3676/3676 3530/3530
f 3676/3676 3677/3677 3530/3530
f 3380/3380 3678/3678 3679/3679
f 3380/3380 3679/3679 3539/3539
f 3539/3539 3679/3679 3234/3234
f 3234/3234 3679/3679 3680/3680
f 3540/3540 3678/3678 3380/3380
f 3651/3651 3681/3681 3678/3678
f 3651/3651 3678/3678 3540/3540
f 3545/3545 3652/3652 3682/3682
f 3545/3545 3682/3682 3651/3651
f 3550/3550 3683/3683 3652/3652
f 3400/3400 3683/3683 3550/3550
f 3553/3553 3684/3684 3683/3683
f 3553/3553 3683/3683 3400/3400
f 3555/3555 3685/3685 3684/3684
f 3555/3555 3684/3684 3553/3553
f 3557/3557 3685/3685 3555/3555
f 3557/3557 3686/3686 3685/3685
f 3561/3561 3686/3686 3559/3559
f 3567/3567 3687/3687 3561/3561
f 3569/3569 3687/3687 3567/3567
f 3570/3570 3688/3688 3568/3568
f 3570/3570 3689/3689 3688/3688
f 3425/3425 3689/3689 3570/3570
f 3573/3573 3690/3690 3425/3425
f 3691/3691 3690/3690 3573/3573
f 3692/3692 3693/3693 3694/3694
f 3695/3695 3691/3691 3573/3573
f 3436/3436 3695/3695 3573/3573
f 3574/3574 3696/3696 3695/3695
f 3574/3574 3695/3695 3436/3436
f 3579/3579 3696/3696 3574/3574
f 3697/3697 3696/3696 3579/3579
f 3698/3698 3697/3697 3580/3580
f 3580/3580 3697/3697 3579/3579
f 3442/3442 3699/3699 3698/3698
f 3442/3442 3698/3698 3580/3580
f 3581/3581 3699/3699 3442/3442
f 3584/3584 3700/3700 3583/3583
f 3583/3583 3700/3700 3581/3581
f 3584/3584 3585/3585 3700/3700
f 3585/3585 3701/3701 3702/3702
f 3291/3291 3701/3701 3585/3585
f 3586/3586 3703/3703 3587/3587
f 3704/3704 3705/3705 3706/3706
f 3587/3587 3703/3703 3293/3293
f 3707/3707 3708/3708 3709/3709
f 3709/3709 3708/3708 3710/3710
f 3710/3710 3708/3708 3711/3711
f 3710/3710 3711/3711 3712/3712
f 3590/3590 3713/3713 3591/3591
f 3714/3714 3715/3715 3716/3716
f 3714/3714 3716/3716 3717/3717
f 3716/3716 3718/3718 3717/3717
f 3659/3659 3719/3719 3660/3660
f 3660/3660 3719/3719 3720/3720
f 3660/3660 3720/3720 3661/3661
f 3662/3662 3721/3721 3598/3598
f 3722/3722 3723/3723 3724/3724
f 3598/3598 3721/3721 3599/3599
f 3721/3721 3725/3725 3599/3599
f 3599/3599 3725/3725 3663/3663
f 3605/3605 3726/3726 3727/3727
f 3728/3728 3605/3605 3727/3727
f 3725/3725 3729/3729 3663/3663
f 3724/3724 3723/3723 3730/3730
f 3663/3663 3729/3729 3607/3607
f 3607/3607 3729/3729 3666/3666
f 3729/3729 3731/3731 3666/3666
f 3666/3666 3731/3731 3667/3667
f 3731/3731 3732/3732 3667/3667
f 3667/3667 3732/3732 3612/3612
f 3732/3732 3733/3733 3612/3612
f 3612/3612 3733/3733 3617/3617
f 3617/3617 3733/3733 3734/3734
f 3734/3734 3735/3735 3617/3617
f 3617/3617 3735/3735 3619/3619
f 3619/3619 3735/3735 3668/3668
f 3736/3736 3737/3737 3738/3738
f 3735/3735 3739/3739 3668/3668
f 3668/3668 3739/3739 3626/3626
f 3626/3626 3739/3739 3740/3740
f 3740/3740 3741/3741 3627/3627
f 3626/3626 3740/3740 3627/3627
f 3741/3741 3669/3669 3627/3627
f 3741/3741 3670/3670 3669/3669
f 3670/3670 3742/3742 3630/3630
f 3630/3630 3742/3742 3671/3671
f 3742/3742 3743/3743 3671/3671
f 3671/3671 3743/3743 3633/3633
f 3743/3743 3744/3744 3633/3633
f 3633/3633 3744/3744 3634/3634
f 3634/3634 3744/3744 3636/3636
f 3636/3636 3744/3744 3672/3672
f 3672/3672 3745/3745 3640/3640
f 3640/3640 3745/3745 3673/3673
f 3673/3673 3746/3746 3643/3643
f 3643/3643 3746/3746 3645/3645
f 3645/3645 3746/3746 3674/3674
f 3675/3675 3747/3747 3647/3647
f 3748/3748 3749/3749 3750/3750
f 3751/3751 3752/3752 3753/3753
f 3683/3683 3682/3682 3652/3652
f 3754/3754 3755/3755 3756/3756
f 3561/3561 3757/3757 3686/3686
f 3687/3687 3758/3758 3757/3757
f 3687/3687 3757/3757 3561/3561
f 3569/3569 3758/3758 3687/3687
f 3568/3568 3688/3688 3569/3569
f 3700/3700 3759/3759 3581/3581
f 3581/3581 3759/3759 3699/3699
f 3700/3700 3760/3760 3759/3759
f 3585/3585 3702/3702 3760/3760
f 3585/3585 3760/3760 3700/3700
f 3761/3761 3762/3762 3763/3763
f 3763/3763 3764/3764 3765/3765
f 3765/3765 3766/3766 3707/3707
f 3707/3707 3766/3766 3708/3708
f 3766/3766 3767/3767 3708/3708
f 3708/3708 3767/3767 3711/3711
f 3711/3711 3768/3768 3712/3712
f 3768/3768 3769/3769 3715/3715
f 3715/3715 3769/3769 3716/3716
f 3716/3716 3770/3770 3718/3718
f 3770/3770 3771/3771 3718/3718
f 3661/3661 3720/3720 3772/3772
f 3661/3661 3772/3772 3662/3662
f 3772/3772 3773/3773 3662/3662
f 3662/3662 3773/3773 3721/3721
f 3725/3725 3774/3774 3729/3729
f 3729/3729 3774/3774 3731/3731
f 3731/3731 3775/3775 3732/3732
f 3732/3732 3775/3775 3776/3776
f 3732/3732 3776/3776 3733/3733
f 3733/3733 3777/3777 3734/3734
f 3735/3735 3778/3778 3739/3739
f 3740/3740 3779/3779 3741/3741
f 3779/3779 3780/3780 3741/3741
f 3741/3741 3780/3780 3670/3670
f 3780/3780 3781/3781 3670/3670
f 3670/3670 3781/3781 3742/3742
f 3781/3781 3782/3782 3742/3742
f 3742/3742 3782/3782 3743/3743
f 3782/3782 3783/3783 3743/3743
f 3783/3783 3784/3784 3743/3743
f 3743/3743 3784/3784 3744/3744
f 3784/3784 3785/3785 3744/3744
f 3744/3744 3785/3785 3786/3786
f 3744/3744 3786/3786 3672/3672
f 3786/3786 3787/3787 3672/3672
f 3672/3672 3787/3787 3745/3745
f 3745/3745 3788/3788 3673/3673
f 3673/3673 3788/3788 3746/3746
f 3788/3788 3789/3789 3746/3746
f 3746/3746 3789/3789 3674/3674
f 3674/3674 3789/3789 3790/3790
f 3674/3674 3790/3790 3675/3675
f 3675/3675 3790/3790 3747/3747
f 3647/3647 3747/3747 3676/3676
f 3791/3791 3792/3792 3793/3793
f 3686/3686 3794/3794 3795/3795
f 3686/3686 3795/3795 3685/3685
f 3757/3757 3794/3794 3686/3686
f 3695/3695 3796/3796 3797/3797
f 3695/3695 3797/3797 3691/3691
f 3798/3798 3799/3799 3796/3796
f 3759/3759 3800/3800 3798/3798
f 3699/3699 3798/3798 3698/3698
f 3801/3801 3802/3802 3803/3803
f 3804/3804 3805/3805 3806/3806
f 3764/3764 3766/3766 3765/3765
f 3807/3807 3769/3769 3768/3768
f 3772/3772 3808/3808 3773/3773
f 3773/3773 3809/3809 3721/3721
f 3721/3721 3809/3809 3725/3725
f 3725/3725 3809/3809 3774/3774
f 3809/3809 3810/3810 3774/3774
f 3774/3774 3775/3775 3731/3731
f 3734/3734 3777/3777 3778/3778
f 3734/3734 3778/3778 3735/3735
f 3778/3778 3811/3811 3739/3739
f 3739/3739 3811/3811 3740/3740
f 3811/3811 3812/3812 3740/3740
f 3740/3740 3812/3812 3779/3779
f 3779/3779 3813/3813 3780/3780
f 3781/3781 3814/3814 3782/3782
f 3782/3782 3814/3814 3783/3783
f 3815/3815 3816/3816 3817/3817
f 3787/3787 3818/3818 3745/3745
f 3745/3745 3818/3818 3788/3788
f 3788/3788 3819/3819 3789/3789
f 3789/3789 3820/3820 3790/3790
f 3790/3790 3821/3821 3747/3747
f 3676/3676 3822/3822 3677/3677
f 3752/3752 3823/3823 3824/3824
f 3825/3825 3826/3826 3827/3827
f 3828/3828 3829/3829 3830/3830
f 3755/3755 3828/3828 3830/3830
f 3831/3831 3832/3832 3833/3833
f 3834/3834 3831/3831 3835/3835
f 3836/3836 3800/3800 3759/3759
f 3837/3837 3838/3838 3839/3839
f 3770/3770 3840/3840 3841/3841
f 3770/3770 3841/3841 3842/3842
f 3773/3773 3808/3808 3843/3843
f 3844/3844 3845/3845 3776/3776
f 3778/3778 3846/3846 3847/3847
f 3811/3811 3847/3847 3812/3812
f 3812/3812 3813/3813 3779/3779
f 3780/3780 3813/3813 3848/3848
f 3781/3781 3848/3848 3814/3814
f 3783/3783 3849/3849 3850/3850
f 3785/3785 3850/3850 3851/3851
f 3818/3818 3819/3819 3788/3788
f 3820/3820 3821/3821 3790/3790
f 3821/3821 3852/3852 3747/3747
f 3747/3747 3852/3852 3676/3676
f 3853/3853 3854/3854 3855/3855
f 3856/3856 3857/3857 3827/3827
f 3827/3827 3857/3857 3858/3858
f 3827/3827 3858/3858 3859/3859
f 3860/3860 3861/3861 3862/3862
f 3863/3863 3864/3864 3865/3865
f 3866/3866 3867/3867 3868/3868
f 3869/3869 3870/3870 3832/3832
f 3871/3871 3872/3872 3873/3873
f 3874/3874 3875/3875 3872/3872
f 3876/3876 3875/3875 3877/3877
f 3878/3878 3879/3879 3880/3880
f 3881/3881 3882/3882 3883/3883
f 3884/3884 3885/3885 3886/3886
f 3676/3676 3852/3852 3822/3822
f 3887/3887 3888/3888 3889/3889
f 3889/3889 3890/3890 3891/3891
f 3891/3891 3890/3890 3892/3892
f 3893/3893 3892/3892 3894/3894
f 3852/3852 3895/3895 3822/3822
f 3889/3889 3888/3888 3890/3890
f 3890/3890 3894/3894 3892/3892
f 3893/3893 3894/3894 3896/3896
f 3897/3897 3898/3898 3894/3894
f 172/172 3899/3899 173/173
f 3900/3900 3899/3899 172/172
f 3901/3901 174/174 173/173
f 3901/3901 173/173 3902/3902
f 178/178 171/171 179/179
f 187/187 189/189 3903/3903
f 3903/3903 189/189 3904/3904
f 3905/3905 188/188 187/187
f 3906/3906 3907/3907 3908/3908
f 3907/3907 3909/3909 3910/3910
f 3910/3910 3909/3909 3911/3911
f 3912/3912 163/163 165/165
f 3912/3912 165/165 166/166
f 3903/3903 3904/3904 206/206
f 3908/3908 3907/3907 3910/3910
f 192/192 168/168 202/202
f 166/166 3913/3913 3914/3914
f 3905/3905 187/187 218/218
f 187/187 3903/3903 218/218
f 218/218 3903/3903 208/208
f 208/208 3903/3903 206/206
f 3915/3915 3908/3908 3910/3910
f 3910/3910 3911/3911 3916/3916
f 219/219 218/218 340/340
f 340/340 218/218 208/208
f 340/340 208/208 207/207
f 3915/3915 3910/3910 3917/3917
f 191/191 190/190 3918/3918
f 3905/3905 218/218 220/220
f 191/191 3918/3918 209/209
f 222/222 224/224 221/221
f 258/258 225/225 222/222
f 271/271 274/274 268/268
f 277/277 242/242 239/239
f 282/282 289/289 242/242
f 632/632 194/194 193/193
f 632/632 193/193 3919/3919
f 340/340 207/207 256/256
f 3916/3916 3920/3920 3921/3921
f 356/356 277/277 278/278
f 281/281 280/280 364/364
f 300/300 251/251 250/250
f 410/410 311/311 313/313
f 315/315 317/317 412/412
f 317/317 415/415 414/414
f 416/416 320/320 321/321
f 428/428 328/328 331/331
f 329/329 194/194 632/632
f 430/430 331/331 332/332
f 256/256 255/255 722/722
f 356/356 273/273 352/352
f 361/361 277/277 3922/3922
f 3922/3922 277/277 3923/3923
f 370/370 363/363 3924/3924
f 3925/3925 372/372 370/370
f 3926/3926 372/372 3925/3925
f 451/451 450/450 3926/3926
f 453/453 452/452 460/460
f 494/494 396/396 398/398
f 410/410 313/313 411/411
f 519/519 416/416 421/421
f 423/423 425/425 3927/3927
f 166/166 3914/3914 3928/3928
f 3914/3914 3929/3929 3928/3928
f 536/536 256/256 722/722
f 339/339 256/256 536/536
f 435/435 339/339 3930/3930
f 3917/3917 3910/3910 3931/3931
f 342/342 341/341 435/435
f 436/436 343/343 342/342
f 3932/3932 345/345 436/436
f 436/436 345/345 344/344
f 437/437 345/345 3932/3932
f 3923/3923 356/356 439/439
f 356/356 352/352 439/439
f 277/277 356/356 3923/3923
f 444/444 361/361 3922/3922
f 3924/3924 363/363 444/444
f 3933/3933 3924/3924 444/444
f 451/451 3926/3926 3934/3934
f 3926/3926 3925/3925 3934/3934
f 457/457 455/455 556/556
f 555/555 3935/3935 457/457
f 558/558 466/466 3936/3936
f 559/559 471/471 466/466
f 477/477 471/471 658/658
f 609/609 491/491 495/495
f 615/615 497/497 499/499
f 500/500 503/503 3937/3937
f 511/511 414/414 513/513
f 521/521 423/423 3927/3927
f 3927/3927 425/425 428/428
f 329/329 429/429 430/430
f 329/329 632/632 634/634
f 633/633 632/632 3919/3919
f 3938/3938 3917/3917 3931/3931
f 3930/3930 339/339 535/535
f 3939/3939 342/342 435/435
f 3940/3940 342/342 3939/3939
f 3941/3941 436/436 3940/3940
f 3940/3940 436/436 342/342
f 539/539 538/538 650/650
f 3916/3916 3921/3921 3942/3942
f 439/439 437/437 3943/3943
f 3942/3942 3921/3921 3944/3944
f 3945/3945 439/439 3943/3943
f 3923/3923 439/439 3945/3945
f 3946/3946 3923/3923 3945/3945
f 3947/3947 3922/3922 3946/3946
f 3922/3922 3923/3923 3946/3946
f 3948/3948 444/444 3922/3922
f 3948/3948 3922/3922 3947/3947
f 3933/3933 444/444 3948/3948
f 3949/3949 3924/3924 3933/3933
f 370/370 3924/3924 3949/3949
f 3950/3950 370/370 3949/3949
f 3951/3951 370/370 3950/3950
f 3934/3934 3925/3925 3951/3951
f 3925/3925 370/370 3951/3951
f 3952/3952 451/451 3934/3934
f 3953/3953 451/451 3952/3952
f 3954/3954 449/449 3953/3953
f 449/449 451/451 3953/3953
f 550/550 449/449 3954/3954
f 384/384 449/449 550/550
f 455/455 384/384 551/551
f 556/556 455/455 551/551
f 3955/3955 558/558 3936/3936
f 658/658 471/471 559/559
f 570/570 477/477 658/658
f 580/580 582/582 675/675
f 591/591 594/594 695/695
f 698/698 485/485 599/599
f 702/702 603/603 604/604
f 777/777 607/607 609/609
f 615/615 499/499 500/500
f 615/615 500/500 3956/3956
f 3957/3957 500/500 3937/3937
f 504/504 3937/3937 503/503
f 713/713 504/504 508/508
f 3958/3958 508/508 509/509
f 3959/3959 509/509 511/511
f 511/511 513/513 3960/3960
f 3960/3960 513/513 3961/3961
f 3961/3961 513/513 514/514
f 3962/3962 514/514 515/515
f 515/515 519/519 3963/3963
f 3964/3964 519/519 3965/3965
f 519/519 520/520 3965/3965
f 3966/3966 520/520 521/521
f 3967/3967 521/521 3927/3927
f 3927/3927 428/428 3968/3968
f 3968/3968 428/428 3969/3969
f 3969/3969 428/428 631/631
f 631/631 429/429 329/329
f 631/631 329/329 634/634
f 3970/3970 3912/3912 3971/3971
f 3912/3912 166/166 3971/3971
f 3972/3972 166/166 3928/3928
f 3973/3973 435/435 3930/3930
f 3939/3939 435/435 3973/3973
f 3974/3974 3975/3975 3976/3976
f 3932/3932 436/436 3941/3941
f 3977/3977 735/735 3978/3978
f 556/556 551/551 3979/3979
f 3980/3980 555/555 3979/3979
f 555/555 556/556 3979/3979
f 656/656 558/558 3955/3955
f 599/599 600/600 770/770
f 703/703 607/607 775/775
f 776/776 607/607 777/777
f 778/778 609/609 3981/3981
f 609/609 614/614 3981/3981
f 3981/3981 614/614 3982/3982
f 3982/3982 614/614 3956/3956
f 614/614 615/615 3956/3956
f 3956/3956 500/500 3983/3983
f 3983/3983 500/500 3957/3957
f 3957/3957 3937/3937 3984/3984
f 3984/3984 3937/3937 3985/3985
f 3937/3937 504/504 3985/3985
f 3985/3985 504/504 712/712
f 713/713 508/508 3958/3958
f 3958/3958 509/509 3959/3959
f 3959/3959 511/511 3960/3960
f 3961/3961 514/514 3962/3962
f 3962/3962 515/515 3963/3963
f 3963/3963 519/519 3964/3964
f 3965/3965 520/520 3966/3966
f 3966/3966 521/521 3967/3967
f 3967/3967 3927/3927 3968/3968
f 631/631 634/634 3986/3986
f 3986/3986 634/634 719/719
f 794/794 793/793 3987/3987
f 3973/3973 3930/3930 3988/3988
f 3987/3987 3976/3976 3989/3989
f 3940/3940 3939/3939 3990/3990
f 3990/3990 3939/3939 3973/3973
f 3989/3989 3976/3976 3991/3991
f 3992/3992 3941/3941 3940/3940
f 3932/3932 3941/3941 3992/3992
f 3910/3910 3916/3916 3942/3942
f 3993/3993 3910/3910 3942/3942
f 3994/3994 437/437 3932/3932
f 3994/3994 3932/3932 3995/3995
f 3994/3994 3943/3943 437/437
f 3945/3945 3943/3943 3994/3994
f 3946/3946 3945/3945 3996/3996
f 3997/3997 3948/3948 3947/3947
f 741/741 743/743 3998/3998
f 3953/3953 3952/3952 3999/3999
f 3954/3954 3953/3953 4000/4000
f 4001/4001 3979/3979 551/551
f 4002/4002 3980/3980 3979/3979
f 569/569 661/661 664/664
f 4003/4003 755/755 754/754
f 754/754 753/753 4004/4004
f 4005/4005 4004/4004 4006/4006
f 758/758 675/675 760/760
f 760/760 684/684 762/762
f 828/828 827/827 4007/4007
f 4007/4007 827/827 4008/4008
f 702/702 703/703 4009/4009
f 4009/4009 703/703 775/775
f 776/776 777/777 778/778
f 4010/4010 3966/3966 3967/3967
f 4010/4010 3967/3967 3968/3968
f 4011/4011 3970/3970 3971/3971
f 4012/4012 4011/4011 3971/3971
f 3938/3938 3931/3931 4013/4013
f 4014/4014 3938/3938 4013/4013
f 535/535 536/536 796/796
f 794/794 3987/3987 3989/3989
f 3988/3988 3930/3930 4015/4015
f 4015/4015 3930/3930 535/535
f 4015/4015 535/535 796/796
f 4016/4016 3973/3973 3988/3988
f 3990/3990 3973/3973 4016/4016
f 4017/4017 3940/3940 3990/3990
f 3992/3992 3940/3940 4017/4017
f 3931/3931 3910/3910 3993/3993
f 3991/3991 3976/3976 4018/4018
f 3976/3976 3975/3975 4018/4018
f 3995/3995 3932/3932 3992/3992
f 3978/3978 735/735 958/958
f 4019/4019 3945/3945 3994/3994
f 735/735 734/734 958/958
f 3996/3996 3945/3945 4019/4019
f 4020/4020 3946/3946 3996/3996
f 3947/3947 3946/3946 4020/4020
f 3997/3997 3947/3947 4020/4020
f 741/741 3998/3998 4021/4021
f 4022/4022 3933/3933 3948/3948
f 4022/4022 3948/3948 3997/3997
f 858/858 4023/4023 4024/4024
f 858/858 4024/4024 742/742
f 4025/4025 4023/4023 858/858
f 4026/4026 4023/4023 4025/4025
f 859/859 4026/4026 4025/4025
f 4000/4000 3953/3953 3999/3999
f 4000/4000 550/550 3954/3954
f 4027/4027 550/550 4000/4000
f 551/551 550/550 4027/4027
f 4028/4028 4001/4001 551/551
f 4029/4029 3979/3979 4001/4001
f 4002/4002 3979/3979 4029/4029
f 4030/4030 750/750 751/751
f 4031/4031 4032/4032 4033/4033
f 808/808 810/810 4032/4032
f 808/808 4032/4032 4031/4031
f 752/752 751/751 655/655
f 563/563 752/752 561/561
f 4005/4005 4006/4006 4034/4034
f 4006/4006 822/822 4034/4034
f 4034/4034 822/822 824/824
f 824/824 823/823 4035/4035
f 4035/4035 823/823 826/826
f 4035/4035 826/826 828/828
f 4035/4035 828/828 4036/4036
f 4037/4037 4038/4038 4039/4039
f 4039/4039 4038/4038 4040/4040
f 4040/4040 4041/4041 4042/4042
f 4042/4042 4041/4041 4043/4043
f 4044/4044 4045/4045 4046/4046
f 4046/4046 4045/4045 4047/4047
f 4048/4048 4049/4049 4050/4050
f 4050/4050 4049/4049 4051/4051
f 4052/4052 4053/4053 4054/4054
f 4053/4053 4055/4055 4054/4054
f 4054/4054 4055/4055 4056/4056
f 4056/4056 4057/4057 4058/4058
f 4058/4058 4057/4057 4059/4059
f 4058/4058 4059/4059 4060/4060
f 4061/4061 4062/4062 4063/4063
f 4064/4064 4065/4065 4066/4066
f 4065/4065 4067/4067 4068/4068
f 4069/4069 4067/4067 4070/4070
f 4071/4071 4072/4072 987/987
f 987/987 4072/4072 4073/4073
f 3971/3971 166/166 3972/3972
f 4074/4074 843/843 792/792
f 4074/4074 792/792 794/794
f 4075/4075 794/794 3989/3989
f 4076/4076 4077/4077 4078/4078
f 4079/4079 3977/3977 3978/3978
f 4080/4080 4081/4081 4082/4082
f 4081/4081 4083/4083 4082/4082
f 4084/4084 3978/3978 958/958
f 4085/4085 4081/4081 4080/4080
f 850/850 728/728 802/802
f 4086/4086 4085/4085 4087/4087
f 4088/4088 4086/4086 4087/4087
f 734/734 738/738 855/855
f 4089/4089 4086/4086 4088/4088
f 805/805 852/852 736/736
f 4090/4090 4091/4091 4089/4089
f 739/739 853/853 740/740
f 4021/4021 4091/4091 4090/4090
f 856/856 853/853 739/739
f 744/744 856/856 739/739
f 4092/4092 857/857 746/746
f 746/746 857/857 745/745
f 4093/4093 4092/4092 747/747
f 747/747 4092/4092 746/746
f 4094/4094 4093/4093 748/748
f 748/748 4093/4093 747/747
f 749/749 4094/4094 748/748
f 4028/4028 551/551 4027/4027
f 4030/4030 4094/4094 750/750
f 750/750 4094/4094 749/749
f 4095/4095 4096/4096 4097/4097
f 998/998 4033/4033 4098/4098
f 4099/4099 4030/4030 751/751
f 4031/4031 4033/4033 998/998
f 863/863 4099/4099 751/751
f 863/863 751/751 752/752
f 812/812 863/863 752/752
f 565/565 812/812 563/563
f 815/815 812/812 565/565
f 664/664 819/819 927/927
f 4003/4003 754/754 4100/4100
f 4101/4101 4003/4003 4100/4100
f 754/754 4004/4004 4102/4102
f 4004/4004 4005/4005 4102/4102
f 4102/4102 4005/4005 4103/4103
f 4103/4103 4005/4005 4034/4034
f 4103/4103 4034/4034 4104/4104
f 4034/4034 824/824 4104/4104
f 4104/4104 824/824 4105/4105
f 4105/4105 824/824 4036/4036
f 4036/4036 824/824 4035/4035
f 4036/4036 828/828 4106/4106
f 4106/4106 828/828 4007/4007
f 4107/4107 4039/4039 4040/4040
f 4043/4043 4044/4044 4046/4046
f 4046/4046 4047/4047 4108/4108
f 4109/4109 4110/4110 4050/4050
f 4111/4111 4109/4109 4050/4050
f 4050/4050 4110/4110 4048/4048
f 4050/4050 4051/4051 4112/4112
f 4112/4112 4051/4051 4054/4054
f 4054/4054 4051/4051 4052/4052
f 621/621 880/880 714/714
f 4054/4054 4056/4056 4113/4113
f 4058/4058 4060/4060 4114/4114
f 4114/4114 4060/4060 4062/4062
f 4114/4114 4062/4062 4061/4061
f 4061/4061 4063/4063 4066/4066
f 4066/4066 4063/4063 4064/4064
f 4066/4066 4065/4065 4068/4068
f 4068/4068 4067/4067 4069/4069
f 718/718 834/834 784/784
f 4070/4070 4115/4115 4069/4069
f 4069/4069 4115/4115 4116/4116
f 4116/4116 4115/4115 4117/4117
f 4117/4117 4115/4115 4072/4072
f 4117/4117 4072/4072 4071/4071
f 987/987 4073/4073 4118/4118
f 636/636 836/836 637/637
f 638/638 885/885 721/721
f 639/639 721/721 886/886
f 639/639 886/886 838/838
f 950/950 892/892 951/951
f 4119/4119 892/892 894/894
f 952/952 895/895 889/889
f 894/894 842/842 4120/4120
f 842/842 843/843 4120/4120
f 4120/4120 843/843 4074/4074
f 4074/4074 794/794 4075/4075
f 898/898 846/846 4121/4121
f 4013/4013 3931/3931 4122/4122
f 4123/4123 4124/4124 848/848
f 4125/4125 4124/4124 4123/4123
f 4122/4122 3931/3931 3993/3993
f 3989/3989 3991/3991 4126/4126
f 3990/3990 4016/4016 3988/3988
f 4127/4127 4128/4128 4125/4125
f 4078/4078 4128/4128 4127/4127
f 4076/4076 4078/4078 4127/4127
f 4083/4083 4077/4077 4076/4076
f 4129/4129 901/901 729/729
f 729/729 901/901 800/800
f 850/850 4129/4129 729/729
f 4130/4130 4080/4080 4082/4082
f 4131/4131 4132/4132 4133/4133
f 4131/4131 4133/4133 4134/4134
f 4135/4135 4084/4084 958/958
f 4085/4085 4080/4080 4130/4130
f 905/905 4131/4131 4134/4134
f 4087/4087 4085/4085 4136/4136
f 4136/4136 4085/4085 4130/4130
f 906/906 905/905 4134/4134
f 904/904 906/906 4137/4137
f 4088/4088 4087/4087 4136/4136
f 4138/4138 4088/4088 4136/4136
f 908/908 904/904 4139/4139
f 4139/4139 904/904 4137/4137
f 4089/4089 4088/4088 4140/4140
f 4140/4140 4088/4088 4138/4138
f 909/909 908/908 4139/4139
f 4090/4090 4089/4089 4140/4140
f 912/912 907/907 909/909
f 4141/4141 4021/4021 4090/4090
f 4141/4141 4090/4090 4142/4142
f 911/911 912/912 914/914
f 858/858 741/741 4143/4143
f 741/741 4021/4021 4144/4144
f 4143/4143 741/741 4144/4144
f 4144/4144 4021/4021 4141/4141
f 4145/4145 913/913 914/914
f 4146/4146 858/858 4143/4143
f 4025/4025 858/858 4146/4146
f 859/859 4025/4025 4147/4147
f 4025/4025 4146/4146 4147/4147
f 917/917 4142/4142 4148/4148
f 4148/4148 4142/4142 4145/4145
f 860/860 859/859 4147/4147
f 860/860 4147/4147 4149/4149
f 918/918 917/917 4148/4148
f 4150/4150 915/915 4151/4151
f 4151/4151 915/915 918/918
f 4152/4152 4150/4150 4151/4151
f 4097/4097 4096/4096 4153/4153
f 4095/4095 4097/4097 4154/4154
f 4155/4155 4152/4152 4151/4151
f 921/921 4152/4152 4155/4155
f 813/813 809/809 965/965
f 812/812 815/815 4156/4156
f 660/660 816/816 924/924
f 816/816 664/664 924/924
f 4100/4100 754/754 4102/4102
f 4106/4106 4007/4007 4157/4157
f 4157/4157 4007/4007 4008/4008
f 4158/4158 4159/4159 4160/4160
f 4160/4160 4159/4159 4161/4161
f 4159/4159 4162/4162 4161/4161
f 4161/4161 4162/4162 4163/4163
f 4164/4164 4039/4039 4107/4107
f 4107/4107 4040/4040 4042/4042
f 4042/4042 4043/4043 4165/4165
f 4165/4165 4043/4043 4166/4166
f 4166/4166 4043/4043 4046/4046
f 4166/4166 4046/4046 4108/4108
f 4167/4167 4108/4108 4047/4047
f 4167/4167 4047/4047 4111/4111
f 4047/4047 4109/4109 4111/4111
f 4111/4111 4050/4050 4168/4168
f 4168/4168 4050/4050 4112/4112
f 4169/4169 4168/4168 4112/4112
f 4112/4112 4054/4054 4170/4170
f 4170/4170 4054/4054 4171/4171
f 4171/4171 4054/4054 4113/4113
f 4056/4056 4058/4058 4113/4113
f 4113/4113 4058/4058 4172/4172
f 987/987 4118/4118 4173/4173
f 4174/4174 3971/3971 3972/3972
f 4175/4175 3972/3972 4176/4176
f 4177/4177 949/949 951/951
f 951/951 892/892 4119/4119
f 4119/4119 894/894 4120/4120
f 4120/4120 4074/4074 4178/4178
f 4178/4178 4074/4074 4179/4179
f 4074/4074 4075/4075 4179/4179
f 4075/4075 3989/3989 4180/4180
f 4180/4180 3989/3989 4126/4126
f 848/848 847/847 4181/4181
f 4122/4122 3993/3993 4182/4182
f 4125/4125 4123/4123 4183/4183
f 4183/4183 4123/4123 4181/4181
f 4181/4181 4123/4123 848/848
f 4126/4126 3991/3991 4184/4184
f 4185/4185 4125/4125 4183/4183
f 4127/4127 4125/4125 4185/4185
f 4186/4186 4127/4127 4185/4185
f 4183/4183 4187/4187 4188/4188
f 4127/4127 4186/4186 4189/4189
f 4185/4185 4183/4183 4132/4132
f 4132/4132 4183/4183 4188/4188
f 4190/4190 4079/4079 3978/3978
f 4190/4190 3978/3978 4191/4191
f 4076/4076 4127/4127 4189/4189
f 4186/4186 4185/4185 4132/4132
f 3978/3978 4084/4084 4191/4191
f 4192/4192 4076/4076 4189/4189
f 4189/4189 4186/4186 4131/4131
f 4131/4131 4186/4186 4132/4132
f 4082/4082 4083/4083 4193/4193
f 4083/4083 4076/4076 4192/4192
f 4193/4193 4083/4083 4192/4192
f 4192/4192 4189/4189 4131/4131
f 4194/4194 4082/4082 4193/4193
f 905/905 4192/4192 4131/4131
f 4130/4130 4082/4082 4194/4194
f 4193/4193 4192/4192 905/905
f 4135/4135 958/958 957/957
f 4195/4195 4130/4130 4194/4194
f 4194/4194 4193/4193 904/904
f 904/904 4193/4193 905/905
f 4196/4196 4136/4136 4195/4195
f 4136/4136 4130/4130 4195/4195
f 4195/4195 4194/4194 904/904
f 907/907 4136/4136 4196/4196
f 4196/4196 4195/4195 908/908
f 908/908 4195/4195 904/904
f 960/960 734/734 855/855
f 907/907 4196/4196 908/908
f 4138/4138 4136/4136 907/907
f 4138/4138 907/907 911/911
f 960/960 855/855 963/963
f 4140/4140 4138/4138 913/913
f 913/913 4138/4138 911/911
f 963/963 855/855 854/854
f 4090/4090 4140/4140 4142/4142
f 4142/4142 4140/4140 4145/4145
f 4140/4140 913/913 4145/4145
f 4146/4146 4143/4143 4197/4197
f 4197/4197 4143/4143 4144/4144
f 4197/4197 4144/4144 917/917
f 917/917 4144/4144 4141/4141
f 917/917 4141/4141 4142/4142
f 915/915 4146/4146 4197/4197
f 916/916 4197/4197 917/917
f 4149/4149 4147/4147 4150/4150
f 4147/4147 4146/4146 4150/4150
f 4150/4150 4146/4146 915/915
f 915/915 4197/4197 916/916
f 861/861 860/860 4198/4198
f 860/860 4149/4149 4198/4198
f 4199/4199 861/861 4200/4200
f 4200/4200 861/861 4198/4198
f 4149/4149 4150/4150 4152/4152
f 4201/4201 4199/4199 4200/4200
f 4200/4200 4149/4149 4152/4152
f 4153/4153 4199/4199 4202/4202
f 4202/4202 4199/4199 4201/4201
f 4097/4097 4153/4153 4203/4203
f 4204/4204 4097/4097 4203/4203
f 4203/4203 4153/4153 4202/4202
f 4205/4205 4200/4200 4152/4152
f 998/998 4098/4098 999/999
f 4095/4095 4154/4154 4206/4206
f 999/999 4098/4098 4207/4207
f 4206/4206 4154/4154 4208/4208
f 4154/4154 4097/4097 4204/4204
f 4208/4208 4154/4154 4204/4204
f 920/920 4205/4205 921/921
f 921/921 4205/4205 4152/4152
f 4031/4031 998/998 1000/1000
f 964/964 808/808 4031/4031
f 4209/4209 920/920 919/919
f 923/923 4209/4209 919/919
f 809/809 808/808 965/965
f 4210/4210 923/923 922/922
f 1004/1004 813/813 965/965
f 4156/4156 815/815 925/925
f 4100/4100 4102/4102 4211/4211
f 4102/4102 4103/4103 4212/4212
f 4103/4103 4104/4104 4212/4212
f 4213/4213 4036/4036 4106/4106
f 4157/4157 4008/4008 4214/4214
f 4214/4214 4008/4008 4215/4215
f 4037/4037 4161/4161 4163/4163
f 4216/4216 4037/4037 4039/4039
f 4161/4161 4037/4037 4216/4216
f 4217/4217 4042/4042 4165/4165
f 4166/4166 4108/4108 4218/4218
f 4219/4219 4166/4166 4218/4218
f 4218/4218 4108/4108 4167/4167
f 936/936 977/977 978/978
f 938/938 937/937 4220/4220
f 938/938 4220/4220 939/939
f 939/939 4220/4220 940/940
f 4169/4169 4112/4112 4170/4170
f 941/941 940/940 4221/4221
f 4222/4222 941/941 4221/4221
f 4172/4172 4171/4171 4113/4113
f 4222/4222 4221/4221 979/979
f 4222/4222 979/979 4223/4223
f 4172/4172 4058/4058 4224/4224
f 4225/4225 4223/4223 979/979
f 4225/4225 979/979 981/981
f 4224/4224 4058/4058 4114/4114
f 4226/4226 4225/4225 981/981
f 4224/4224 4114/4114 4061/4061
f 4226/4226 981/981 4227/4227
f 4224/4224 4061/4061 4228/4228
f 4226/4226 4227/4227 4229/4229
f 4228/4228 4061/4061 4066/4066
f 4228/4228 4066/4066 4230/4230
f 4229/4229 4227/4227 982/982
f 4229/4229 982/982 4231/4231
f 4231/4231 982/982 984/984
f 4230/4230 4066/4066 4232/4232
f 4232/4232 4066/4066 4068/4068
f 4068/4068 4069/4069 4232/4232
f 4233/4233 4231/4231 984/984
f 4233/4233 984/984 4234/4234
f 4235/4235 4233/4233 4234/4234
f 4235/4235 4234/4234 4236/4236
f 4116/4116 4117/4117 4071/4071
f 985/985 987/987 4173/4173
f 4235/4235 4236/4236 4237/4237
f 4071/4071 987/987 4238/4238
f 4238/4238 987/987 986/986
f 4237/4237 4236/4236 943/943
f 4237/4237 943/943 942/942
f 4239/4239 4071/4071 4238/4238
f 944/944 943/943 4240/4240
f 944/944 4240/4240 4241/4241
f 4241/4241 4240/4240 4242/4242
f 4241/4241 4242/4242 4243/4243
f 4242/4242 1030/1030 4243/4243
f 4177/4177 951/951 4244/4244
f 951/951 4119/4119 4244/4244
f 4119/4119 4120/4120 4245/4245
f 4120/4120 4178/4178 4245/4245
f 847/847 898/898 4246/4246
f 4246/4246 898/898 4247/4247
f 4181/4181 847/847 4246/4246
f 4122/4122 4182/4182 4248/4248
f 4181/4181 4246/4246 4249/4249
f 4183/4183 4181/4181 4187/4187
f 4187/4187 4181/4181 4249/4249
f 3991/3991 4018/4018 4184/4184
f 4187/4187 4249/4249 4188/4188
f 4188/4188 4249/4249 4250/4250
f 4184/4184 4018/4018 4251/4251
f 4188/4188 4250/4250 4252/4252
f 4200/4200 4198/4198 4149/4149
f 4201/4201 4200/4200 4205/4205
f 920/920 4201/4201 4205/4205
f 4202/4202 4201/4201 920/920
f 4206/4206 4208/4208 4253/4253
f 4254/4254 4204/4204 4203/4203
f 4254/4254 4203/4203 4255/4255
f 4203/4203 4202/4202 4255/4255
f 4255/4255 4202/4202 920/920
f 4256/4256 4208/4208 4204/4204
f 4257/4257 4258/4258 4259/4259
f 4256/4256 4204/4204 4254/4254
f 4209/4209 4255/4255 920/920
f 964/964 4031/4031 1000/1000
f 4256/4256 4254/4254 923/923
f 923/923 4254/4254 4255/4255
f 923/923 4255/4255 4209/4209
f 4210/4210 4256/4256 923/923
f 1003/1003 4259/4259 1001/1001
f 1047/1047 925/925 1111/1111
f 925/925 924/924 1111/1111
f 4260/4260 4101/4101 4261/4261
f 4101/4101 4100/4100 4262/4262
f 4261/4261 4101/4101 4262/4262
f 4211/4211 4102/4102 4212/4212
f 4212/4212 4104/4104 4263/4263
f 4104/4104 4105/4105 4263/4263
f 4263/4263 4105/4105 4036/4036
f 4263/4263 4036/4036 4213/4213
f 4213/4213 4106/4106 4264/4264
f 4264/4264 4106/4106 4265/4265
f 4106/4106 4157/4157 4265/4265
f 4266/4266 4160/4160 4161/4161
f 4266/4266 4161/4161 4267/4267
f 873/873 1016/1016 932/932
f 4267/4267 4161/4161 4216/4216
f 874/874 932/932 973/973
f 4216/4216 4039/4039 4164/4164
f 4164/4164 4107/4107 1079/1079
f 1079/1079 4107/4107 4217/4217
f 4217/4217 4107/4107 4042/4042
f 4217/4217 4165/4165 4268/4268
f 4268/4268 4165/4165 4166/4166
f 875/875 933/933 1020/1020
f 4268/4268 4166/4166 4269/4269
f 975/975 4270/4270 976/976
f 4269/4269 4271/4271 4268/4268
f 4269/4269 4166/4166 4219/4219
f 977/977 976/976 4272/4272
f 4271/4271 4269/4269 4273/4273
f 4273/4273 4269/4269 4219/4219
f 977/977 4272/4272 4271/4271
f 977/977 4271/4271 978/978
f 4271/4271 4273/4273 978/978
f 4273/4273 4219/4219 4274/4274
f 4274/4274 4219/4219 4218/4218
f 978/978 4273/4273 4274/4274
f 978/978 4274/4274 937/937
f 4275/4275 4218/4218 4167/4167
f 4275/4275 4167/4167 4111/4111
f 937/937 4274/4274 4220/4220
f 4218/4218 4275/4275 4276/4276
f 4274/4274 4218/4218 4276/4276
f 4275/4275 4111/4111 4277/4277
f 4277/4277 4111/4111 4168/4168
f 4220/4220 4274/4274 4276/4276
f 4276/4276 4275/4275 4277/4277
f 4277/4277 4168/4168 4278/4278
f 4278/4278 4168/4168 4169/4169
f 1022/1022 1024/1024 1027/1027
f 4220/4220 4276/4276 940/940
f 4276/4276 4277/4277 4278/4278
f 4278/4278 4169/4169 4279/4279
f 940/940 4276/4276 4278/4278
f 940/940 4278/4278 4221/4221
f 4279/4279 4169/4169 4170/4170
f 4280/4280 4279/4279 4170/4170
f 4221/4221 4278/4278 979/979
f 4278/4278 4279/4279 979/979
f 979/979 4279/4279 4280/4280
f 4280/4280 4170/4170 980/980
f 980/980 4170/4170 4171/4171
f 980/980 4171/4171 4281/4281
f 4281/4281 4171/4171 4172/4172
f 979/979 4280/4280 980/980
f 980/980 4281/4281 4282/4282
f 981/981 980/980 4282/4282
f 4282/4282 4281/4281 4283/4283
f 4283/4283 4281/4281 4172/4172
f 4283/4283 4172/4172 4284/4284
f 4284/4284 4172/4172 4224/4224
f 981/981 4282/4282 4227/4227
f 4227/4227 4282/4282 4283/4283
f 4227/4227 4283/4283 4284/4284
f 4284/4284 4224/4224 4285/4285
f 982/982 4227/4227 4284/4284
f 982/982 4284/4284 983/983
f 4284/4284 4285/4285 983/983
f 4285/4285 4224/4224 4228/4228
f 983/983 4285/4285 4286/4286
f 4285/4285 4228/4228 4286/4286
f 4286/4286 4228/4228 4230/4230
f 984/984 983/983 4286/4286
f 4286/4286 4230/4230 4287/4287
f 984/984 4286/4286 4234/4234
f 4234/4234 4286/4286 4287/4287
f 4287/4287 4230/4230 4232/4232
f 4234/4234 4287/4287 4288/4288
f 4288/4288 4287/4287 4289/4289
f 4287/4287 4232/4232 4289/4289
f 4289/4289 4232/4232 4290/4290
f 4290/4290 4232/4232 4069/4069
f 4236/4236 4234/4234 4288/4288
f 4236/4236 4288/4288 4289/4289
f 4290/4290 4069/4069 4291/4291
f 4289/4289 4290/4290 4292/4292
f 4236/4236 4289/4289 4292/4292
f 4290/4290 4291/4291 4292/4292
f 4291/4291 4069/4069 4116/4116
f 943/943 4236/4236 4292/4292
f 4291/4291 4116/4116 4071/4071
f 4292/4292 4291/4291 4293/4293
f 4291/4291 4071/4071 4293/4293
f 4293/4293 4071/4071 4239/4239
f 4294/4294 3971/3971 4174/4174
f 943/943 4292/4292 4293/4293
f 4239/4239 4238/4238 1028/1028
f 4238/4238 986/986 1028/1028
f 4240/4240 943/943 4293/4293
f 4240/4240 4293/4293 4239/4239
f 4239/4239 1028/1028 1030/1030
f 4240/4240 4239/4239 4242/4242
f 4242/4242 4239/4239 1030/1030
f 4295/4295 1030/1030 1029/1029
f 4174/4174 3972/3972 4175/4175
f 1154/1154 4296/4296 1155/1155
f 1155/1155 4296/4296 949/949
f 1155/1155 949/949 4297/4297
f 4297/4297 949/949 4177/4177
f 4244/4244 4119/4119 4298/4298
f 4298/4298 4119/4119 4245/4245
f 4299/4299 4245/4245 4178/4178
f 4178/4178 4179/4179 4299/4299
f 4299/4299 4179/4179 4300/4300
f 4300/4300 4179/4179 4075/4075
f 4246/4246 4247/4247 4249/4249
f 4191/4191 4084/4084 4301/4301
f 4301/4301 4084/4084 4135/4135
f 999/999 4207/4207 4302/4302
f 4303/4303 4257/4257 4304/4304
f 4305/4305 4259/4259 1003/1003
f 965/965 964/964 1046/1046
f 1109/1109 924/924 926/926
f 4262/4262 4100/4100 4306/4306
f 4100/4100 4211/4211 4306/4306
f 1055/1055 1054/1054 1056/1056
f 4214/4214 4215/4215 4307/4307
f 1068/1068 1071/1071 1129/1129
f 932/932 1017/1017 1073/1073
f 1129/1129 1071/1071 1083/1083
f 932/932 1073/1073 973/973
f 4308/4308 4309/4309 4310/4310
f 973/973 1019/1019 933/933
f 4310/4310 4309/4309 4311/4311
f 1079/1079 4217/4217 4312/4312
f 1020/1020 1019/1019 1076/1076
f 1077/1077 1079/1079 4312/4312
f 4312/4312 4217/4217 4268/4268
f 4270/4270 1077/1077 976/976
f 1077/1077 4312/4312 976/976
f 976/976 4312/4312 4272/4272
f 4312/4312 4268/4268 4272/4272
f 4272/4272 4268/4268 4271/4271
f 1088/1088 1089/1089 1092/1092
f 986/986 985/985 1096/1096
f 1028/1028 986/986 1029/1029
f 4313/4313 4174/4174 4175/4175
f 1152/1152 1100/1100 1098/1098
f 4314/4314 1099/1099 1100/1100
f 4297/4297 4177/4177 4244/4244
f 4315/4315 4298/4298 4245/4245
f 4300/4300 4075/4075 4180/4180
f 4257/4257 4259/4259 4316/4316
f 4316/4316 4259/4259 4305/4305
f 4305/4305 1003/1003 4317/4317
f 1003/1003 1002/1002 4317/4317
f 1254/1254 965/965 1046/1046
f 4317/4317 1002/1002 4318/4318
f 4319/4319 1004/1004 965/965
f 4319/4319 965/965 1254/1254
f 1109/1109 1111/1111 924/924
f 1109/1109 926/926 4320/4320
f 4261/4261 4321/4321 4260/4260
f 864/864 967/967 1005/1005
f 4306/4306 4211/4211 4322/4322
f 4322/4322 4211/4211 4212/4212
f 4212/4212 4263/4263 4323/4323
f 4323/4323 4263/4263 4324/4324
f 4263/4263 4213/4213 4324/4324
f 4324/4324 4213/4213 4325/4325
f 4325/4325 4213/4213 4264/4264
f 4326/4326 4327/4327 4328/4328
f 971/971 1069/1069 1130/1130
f 972/972 971/971 1130/1130
f 4328/4328 4327/4327 1135/1135
f 972/972 1131/1131 1016/1016
f 1017/1017 1016/1016 1132/1132
f 1017/1017 1132/1132 1072/1072
f 4328/4328 1135/1135 1267/1267
f 4267/4267 4216/4216 4329/4329
f 4308/4308 4310/4310 4330/4330
f 1267/1267 1135/1135 1137/1137
f 973/973 1073/1073 1019/1019
f 4310/4310 4311/4311 4331/4331
f 4332/4332 1086/1086 1143/1143
f 4333/4333 4334/4334 4335/4335
f 1145/1145 1092/1092 1093/1093
f 4295/4295 1029/1029 1151/1151
f 4295/4295 1151/1151 1097/1097
f 4174/4174 4313/4313 4336/4336
f 4337/4337 1153/1153 1155/1155
f 4338/4338 4297/4297 4244/4244
f 4244/4244 4298/4298 4315/4315
f 4245/4245 4299/4299 4339/4339
f 4300/4300 4180/4180 4340/4340
f 4190/4190 4191/4191 4341/4341
f 4135/4135 957/957 4342/4342
f 4342/4342 957/957 4343/4343
f 4343/4343 957/957 960/960
f 4343/4343 960/960 963/963
f 4344/4344 4345/4345 4346/4346
f 1213/1213 1000/1000 999/999
f 4317/4317 4318/4318 4347/4347
f 1171/1171 1004/1004 4319/4319
f 4348/4348 4261/4261 4262/4262
f 4262/4262 4306/4306 4349/4349
f 4322/4322 4212/4212 4323/4323
f 4350/4350 4324/4324 4325/4325
f 4326/4326 4328/4328 157/157
f 1130/1130 4351/4351 1131/1131
f 1137/1137 1141/1141 1235/1235
f 4352/4352 4333/4333 4353/4353
f 4353/4353 4333/4333 4335/4335
f 1386/1386 1204/1204 1156/1156
f 4338/4338 4244/4244 4354/4354
f 4354/4354 4244/4244 4315/4315
f 4315/4315 4245/4245 4339/4339
f 4299/4299 4355/4355 4339/4339
f 4299/4299 4300/4300 4356/4356
f 4355/4355 4299/4299 4356/4356
f 4356/4356 4300/4300 4340/4340
f 4340/4340 4180/4180 4357/4357
f 4357/4357 4180/4180 4126/4126
f 1357/1357 4126/4126 4184/4184
f 4184/4184 4251/4251 4358/4358
f 4341/4341 4191/4191 4301/4301
f 4343/4343 963/963 1212/1212
f 1213/1213 999/999 4302/4302
f 1254/1254 1046/1046 1214/1214
f 4319/4319 1254/1254 1253/1253
f 1258/1258 4359/4359 1327/1327
f 1048/1048 1047/1047 1215/1215
f 1257/1257 4359/4359 1258/1258
f 4321/4321 4261/4261 4348/4348
f 4306/4306 4322/4322 4349/4349
f 4349/4349 4322/4322 4360/4360
f 4322/4322 4323/4323 4360/4360
f 4360/4360 4323/4323 4361/4361
f 4361/4361 4323/4323 4324/4324
f 4361/4361 4324/4324 4350/4350
f 4325/4325 4264/4264 4362/4362
f 4362/4362 4264/4264 4265/4265
f 4265/4265 4157/4157 4363/4363
f 4363/4363 4157/4157 4214/4214
f 4363/4363 4214/4214 4364/4364
f 4351/4351 1229/1229 1131/1131
f 1267/1267 1137/1137 1268/1268
f 4365/4365 1523/1523 1525/1525
f 1235/1235 1196/1196 4366/4366
f 1196/1196 4367/4367 4366/4366
f 4368/4368 4352/4352 4369/4369
f 4352/4352 4353/4353 4370/4370
f 4369/4369 4352/4352 4370/4370
f 4335/4335 4334/4334 4371/4371
f 4334/4334 4372/4372 4371/4371
f 1199/1199 1148/1148 1237/1237
f 1278/1278 1203/1203 1238/1238
f 4373/4373 1153/1153 4337/4337
f 4373/4373 4337/4337 4374/4374
f 4337/4337 1155/1155 4375/4375
f 1155/1155 4297/4297 4375/4375
f 4375/4375 4297/4297 4338/4338
f 4354/4354 4315/4315 4376/4376
f 4357/4357 4126/4126 1357/1357
f 4377/4377 4190/4190 4341/4341
f 4301/4301 4135/4135 4342/4342
f 1369/1369 4344/4344 4378/4378
f 4378/4378 4344/4344 4346/4346
f 1213/1213 4302/4302 4379/4379
f 1298/1298 1250/1250 1260/1260
f 4348/4348 4262/4262 1333/1333
f 1333/1333 4262/4262 4349/4349
f 1331/1331 4349/4349 4380/4380
f 4380/4380 4349/4349 4360/4360
f 4380/4380 4360/4360 4381/4381
f 4381/4381 4360/4360 4361/4361
f 4381/4381 4361/4361 4350/4350
f 4350/4350 4325/4325 4382/4382
f 4382/4382 4325/4325 4362/4362
f 4214/4214 4307/4307 4383/4383
f 4364/4364 4214/4214 4383/4383
f 157/157 4328/4328 1269/1269
f 4328/4328 1267/1267 1269/1269
f 4384/4384 4385/4385 4330/4330
f 4330/4330 4310/4310 4386/4386
f 4387/4387 4330/4330 4386/4386
f 4370/4370 4353/4353 4335/4335
f 4371/4371 4372/4372 4388/4388
f 4372/4372 4389/4389 4388/4388
f 4388/4388 4389/4389 4390/4390
f 4391/4391 1153/1153 4373/4373
f 4392/4392 4374/4374 4337/4337
f 4392/4392 4337/4337 4393/4393
f 4393/4393 4337/4337 4375/4375
f 4394/4394 4338/4338 4354/4354
f 4376/4376 4315/4315 4395/4395
f 4395/4395 4315/4315 4339/4339
f 4339/4339 4355/4355 1348/1348
f 1348/1348 4355/4355 4356/4356
f 1349/1349 4356/4356 1352/1352
f 1352/1352 4356/4356 4340/4340
f 1352/1352 4340/4340 4357/4357
f 1352/1352 4357/4357 1353/1353
f 1353/1353 4357/4357 1355/1355
f 1357/1357 4184/4184 4396/4396
f 4396/4396 4184/4184 4358/4358
f 1371/1371 4397/4397 1369/1369
f 1298/1298 1258/1258 1328/1328
f 1328/1328 1258/1258 1327/1327
f 1303/1303 1109/1109 4320/4320
f 4398/4398 4348/4348 1373/1373
f 1373/1373 4348/4348 1333/1333
f 1333/1333 4349/4349 1331/1331
f 1305/1305 1264/1264 1304/1304
f 4380/4380 4381/4381 4399/4399
f 4381/4381 4350/4350 4400/4400
f 4400/4400 4350/4350 4382/4382
f 4382/4382 4362/4362 1413/1413
f 4363/4363 4364/4364 4401/4401
f 148/148 157/157 1269/1269
f 4402/4402 4385/4385 4384/4384
f 4384/4384 4330/4330 4387/4387
f 4366/4366 4403/4403 4404/4404
f 4370/4370 4335/4335 4405/4405
f 4406/4406 4335/4335 4371/4371
f 4406/4406 4371/4371 4407/4407
f 1340/1340 1279/1279 1238/1238
f 1284/1284 1204/1204 1386/1386
f 4395/4395 4339/4339 1348/1348
f 1348/1348 4356/4356 1349/1349
f 1355/1355 4357/4357 1357/1357
f 4396/4396 4358/4358 4408/4408
f 4409/4409 4301/4301 4342/4342
f 4409/4409 4342/4342 1591/1591
f 4343/4343 1212/1212 4410/4410
f 1328/1328 1327/1327 1325/1325
f 4411/4411 4321/4321 4412/4412
f 4412/4412 4321/4321 4348/4348
f 4412/4412 4348/4348 4398/4398
f 1374/1374 1333/1333 1332/1332
f 1331/1331 4380/4380 4399/4399
f 1332/1332 1331/1331 4399/4399
f 4399/4399 4381/4381 4400/4400
f 4413/4413 4400/4400 1413/1413
f 4400/4400 4382/4382 1413/1413
f 1413/1413 4362/4362 1414/1414
f 4362/4362 4265/4265 1414/1414
f 4265/4265 4363/4363 1414/1414
f 4414/4414 4402/4402 4384/4384
f 1337/1337 1138/1138 1081/1081
f 1268/1268 1235/1235 4415/4415
f 1235/1235 4366/4366 4416/4416
f 4369/4369 4370/4370 4417/4417
f 4404/4404 4403/4403 4418/4418
f 4417/4417 4370/4370 4405/4405
f 4405/4405 4335/4335 4406/4406
f 4407/4407 4371/4371 4419/4419
f 4371/4371 4388/4388 4419/4419
f 4388/4388 4390/4390 1479/1479
f 4393/4393 4375/4375 4420/4420
f 4375/4375 4338/4338 4421/4421
f 4421/4421 4338/4338 4394/4394
f 4394/4394 4354/4354 4422/4422
f 4423/4423 4354/4354 4376/4376
f 4423/4423 4376/4376 4424/4424
f 4424/4424 4376/4376 4395/4395
f 4395/4395 1348/1348 4425/4425
f 1349/1349 1352/1352 1391/1391
f 1354/1354 1353/1353 1356/1356
f 1357/1357 4396/4396 1358/1358
f 1358/1358 4396/4396 4408/4408
f 4426/4426 4377/4377 4341/4341
f 4426/4426 4341/4341 1502/1502
f 4341/4341 4301/4301 1502/1502
f 1502/1502 4301/4301 4409/4409
f 4342/4342 4343/4343 4410/4410
f 1211/1211 1314/1314 1315/1315
f 4427/4427 4378/4378 4346/4346
f 4398/4398 1373/1373 1374/1374
f 1374/1374 1332/1332 4399/4399
f 1374/1374 4399/4399 4428/4428
f 4399/4399 4400/4400 4428/4428
f 4428/4428 4400/4400 4429/4429
f 4429/4429 4400/4400 4413/4413
f 1414/1414 4363/4363 4401/4401
f 141/141 1269/1269 1268/1268
f 4387/4387 4386/4386 4430/4430
f 1417/1417 1268/1268 4415/4415
f 4415/4415 1235/1235 4416/4416
f 4406/4406 4407/4407 4431/4431
f 4431/4431 4407/4407 4419/4419
f 4373/4373 4374/4374 4392/4392
f 4432/4432 4391/4391 4373/4373
f 4433/4433 4392/4392 4393/4393
f 4420/4420 4375/4375 4421/4421
f 4422/4422 4354/4354 4423/4423
f 4424/4424 4395/4395 4434/4434
f 4434/4434 4395/4395 4425/4425
f 4425/4425 1348/1348 1350/1350
f 1350/1350 1349/1349 1391/1391
f 1354/1354 1356/1356 1487/1487
f 1399/1399 1398/1398 1432/1432
f 1501/1501 4426/4426 1502/1502
f 1591/1591 4342/4342 4410/4410
f 1313/1313 1450/1450 1314/1314
f 1365/1365 1366/1366 1453/1453
f 1575/1575 1464/1464 1466/1466
f 1467/1467 1465/1465 1469/1469
f 1370/1370 1369/1369 4435/4435
f 4435/4435 1369/1369 4378/4378
f 4436/4436 1371/1371 1370/1370
f 4305/4305 4317/4317 1740/1740
f 1740/1740 4317/4317 4347/4347
f 4398/4398 1374/1374 4437/4437
f 4437/4437 1374/1374 4438/4438
f 4438/4438 1374/1374 4428/4428
f 4438/4438 4428/4428 4439/4439
f 4439/4439 4428/4428 4429/4429
f 1415/1415 4413/4413 1413/1413
f 4440/4440 4402/4402 4414/4414
f 4416/4416 4366/4366 4441/4441
f 4441/4441 4366/4366 4404/4404
f 4417/4417 4405/4405 4442/4442
f 4419/4419 4388/4388 4443/4443
f 4388/4388 1479/1479 1481/1481
f 1560/1560 1341/1341 1418/1418
f 4432/4432 4373/4373 4444/4444
f 4444/4444 4373/4373 4392/4392
f 4433/4433 4393/4393 4420/4420
f 1388/1388 1284/1284 1387/1387
f 4421/4421 4394/4394 4422/4422
f 4425/4425 1350/1350 4445/4445
f 4445/4445 1350/1350 1422/1422
f 1422/1422 1391/1391 4446/4446
f 4446/4446 1391/1391 4447/4447
f 1391/1391 1354/1354 4447/4447
f 4447/4447 1354/1354 1487/1487
f 1487/1487 1356/1356 1488/1488
f 1488/1488 1490/1490 1489/1489
f 1426/1426 1427/1427 1431/1431
f 1426/1426 1431/1431 4448/4448
f 4448/4448 1431/1431 1492/1492
f 1314/1314 1450/1450 1455/1455
f 1601/1601 4410/4410 1212/1212
f 1601/1601 1212/1212 1600/1600
f 1600/1600 1212/1212 1291/1291
f 1600/1600 1291/1291 1461/1461
f 1467/1467 1469/1469 1471/1471
f 1471/1471 1470/1470 4449/4449
f 4450/4450 4436/4436 1370/1370
f 4450/4450 1370/1370 4435/4435
f 4435/4435 4378/4378 4427/4427
f 4427/4427 4346/4346 4451/4451
f 4412/4412 4398/4398 4437/4437
f 4452/4452 4438/4438 4439/4439
f 4452/4452 4439/4439 4429/4429
f 4452/4452 4429/4429 4453/4453
f 4453/4453 4429/4429 4413/4413
f 4453/4453 4413/4413 1415/1415
f 4401/4401 4364/4364 4454/4454
f 4443/4443 4388/4388 1481/1481
f 4455/4455 4431/4431 4456/4456
f 4456/4456 4431/4431 4419/4419
f 4457/4457 4432/4432 4444/4444
f 4458/4458 4444/4444 4392/4392
f 4458/4458 4392/4392 4433/4433
f 4423/4423 4424/4424 4459/4459
f 1540/1540 1491/1491 4460/4460
f 4460/4460 4461/4461 4462/4462
f 4461/4461 1543/1543 1542/1542
f 1502/1502 4409/4409 1503/1503
f 1503/1503 4409/4409 1591/1591
f 1601/1601 1591/1591 4410/4410
f 1518/1518 1259/1259 1411/1411
f 4463/4463 4411/4411 4412/4412
f 4464/4464 4412/4412 4437/4437
f 4465/4465 4438/4438 4452/4452
f 4453/4453 1415/1415 4466/4466
f 4467/4467 1415/1415 1414/1414
f 1414/1414 4401/4401 4467/4467
f 4454/4454 4364/4364 4383/4383
f 142/142 141/141 1583/1583
f 1583/1583 141/141 4468/4468
f 4469/4469 1525/1525 1524/1524
f 4415/4415 4416/4416 4470/4470
f 4470/4470 4416/4416 4471/4471
f 4471/4471 4416/4416 4472/4472
f 4472/4472 4416/4416 4441/4441
f 4441/4441 4404/4404 4418/4418
f 4442/4442 4405/4405 4473/4473
f 4473/4473 4405/4405 4406/4406
f 4406/4406 4431/4431 4455/4455
f 4456/4456 4419/4419 4474/4474
f 4474/4474 4419/4419 4443/4443
f 1388/1388 1387/1387 1533/1533
f 1534/1534 1388/1388 1533/1533
f 4421/4421 4422/4422 4459/4459
f 4459/4459 4422/4422 4423/4423
f 4434/4434 4425/4425 4475/4475
f 4475/4475 4425/4425 4445/4445
f 4445/4445 1422/1422 4476/4476
f 4476/4476 1422/1422 4477/4477
f 4477/4477 1422/1422 4446/4446
f 4446/4446 4447/4447 4478/4478
f 4478/4478 4447/4447 4479/4479
f 4479/4479 4447/4447 1487/1487
f 4479/4479 1487/1487 1489/1489
f 4462/4462 4461/4461 1542/1542
f 4480/4480 1466/1466 1467/1467
f 4481/4481 1467/1467 1471/1471
f 4482/4482 1471/1471 4449/4449
f 4483/4483 4450/4450 4435/4435
f 4437/4437 4438/4438 4484/4484
f 4466/4466 1415/1415 4467/4467
f 4384/4384 4387/4387 4485/4485
f 141/141 1417/1417 4468/4468
f 1713/1713 1138/1138 1337/1337
f 4441/4441 4418/4418 4486/4486
f 4487/4487 4417/4417 4442/4442
f 4443/4443 1481/1481 4488/4488
f 4473/4473 4406/4406 4455/4455
f 1481/1481 1480/1480 4489/4489
f 4457/4457 4444/4444 4458/4458
f 4433/4433 4420/4420 4490/4490
f 4490/4490 4420/4420 4491/4491
f 4420/4420 4421/4421 4492/4492
f 4424/4424 4434/4434 4493/4493
f 4475/4475 4445/4445 4494/4494
f 4494/4494 4445/4445 4476/4476
f 4479/4479 1489/1489 4495/4495
f 4495/4495 1489/1489 1540/1540
f 4495/4495 1540/1540 4496/4496
f 4496/4496 1540/1540 4460/4460
f 4460/4460 4462/4462 4496/4496
f 4462/4462 1542/1542 1544/1544
f 1544/1544 1543/1543 4497/4497
f 4497/4497 1543/1543 4498/4498
f 4497/4497 4498/4498 4499/4499
f 4499/4499 4498/4498 4500/4500
f 4499/4499 4500/4500 4501/4501
f 4501/4501 4500/4500 4502/4502
f 1593/1593 1503/1503 1591/1591
f 4501/4501 4502/4502 4503/4503
f 1576/1576 1575/1575 4504/4504
f 1591/1591 1601/1601 1595/1595
f 1575/1575 1466/1466 4504/4504
f 1460/1460 1517/1517 1597/1597
f 1460/1460 1597/1597 1598/1598
f 4504/4504 1466/1466 4480/4480
f 4480/4480 1467/1467 4481/4481
f 4481/4481 1471/1471 4482/4482
f 4483/4483 4435/4435 4505/4505
f 4505/4505 4435/4435 4427/4427
f 4304/4304 4257/4257 4506/4506
f 4506/4506 4257/4257 4316/4316
f 1829/1829 1215/1215 1581/1581
f 4463/4463 4412/4412 4464/4464
f 4464/4464 4437/4437 4484/4484
f 4438/4438 4465/4465 4484/4484
f 4465/4465 4452/4452 4507/4507
f 4507/4507 4452/4452 4453/4453
f 4507/4507 4453/4453 4466/4466
f 4467/4467 4401/4401 4454/4454
f 4485/4485 4387/4387 4430/4430
f 4472/4472 4441/4441 4508/4508
f 4508/4508 4441/4441 4486/4486
f 4509/4509 1481/1481 4489/4489
f 1683/1683 1560/1560 1559/1559
f 4510/4510 4457/4457 4511/4511
f 4511/4511 4457/4457 4458/4458
f 4458/4458 4433/4433 4512/4512
f 4512/4512 4433/4433 4490/4490
f 4492/4492 4421/4421 4459/4459
f 4459/4459 4424/4424 4493/4493
f 4493/4493 4434/4434 4475/4475
f 4476/4476 4477/4477 4513/4513
f 4477/4477 4446/4446 4478/4478
f 4477/4477 4478/4478 4514/4514
f 4514/4514 4478/4478 4515/4515
f 4478/4478 4479/4479 4515/4515
f 4515/4515 4479/4479 4495/4495
f 4516/4516 4517/4517 4518/4518
f 4496/4496 4462/4462 4519/4519
f 4519/4519 4462/4462 1544/1544
f 4519/4519 1544/1544 4520/4520
f 4520/4520 1544/1544 4497/4497
f 1401/1401 1506/1506 1608/1608
f 1401/1401 1608/1608 1510/1510
f 1637/1637 1593/1593 1592/1592
f 4521/4521 4304/4304 4506/4506
f 4316/4316 4305/4305 1742/1742
f 4522/4522 4507/4507 4466/4466
f 4522/4522 4466/4466 4467/4467
f 4523/4523 4440/4440 4414/4414
f 4488/4488 1481/1481 4509/4509
f 4474/4474 4443/4443 4488/4488
f 4524/4524 4510/4510 4511/4511
f 4511/4511 4458/4458 4525/4525
f 4491/4491 4420/4420 4492/4492
f 4492/4492 4459/4459 4526/4526
f 4527/4527 4459/4459 4493/4493
f 4493/4493 4475/4475 4528/4528
f 4528/4528 4475/4475 4529/4529
f 4529/4529 4475/4475 4494/4494
f 4530/4530 4531/4531 4532/4532
f 4530/4530 4532/4532 4533/4533
f 4477/4477 4514/4514 4534/4534
f 4534/4534 4514/4514 4515/4515
f 4497/4497 4499/4499 4535/4535
f 4535/4535 4499/4499 4536/4536
f 4499/4499 4501/4501 4536/4536
f 1592/1592 1595/1595 4537/4537
f 4480/4480 4481/4481 4538/4538
f 4481/4481 4482/4482 4539/4539
f 4506/4506 4316/4316 1742/1742
f 4540/4540 4464/4464 4484/4484
f 4484/4484 4465/4465 4541/4541
f 4541/4541 4465/4465 4507/4507
f 4522/4522 4467/4467 4542/4542
f 4542/4542 4467/4467 4454/4454
f 4543/4543 4454/4454 4383/4383
f 1602/1602 1583/1583 4544/4544
f 1583/1583 4468/4468 4544/4544
f 4523/4523 4414/4414 4545/4545
f 4545/4545 4414/4414 4384/4384
f 4546/4546 4384/4384 4485/4485
f 4468/4468 1417/1417 4547/4547
f 1417/1417 4415/4415 4470/4470
f 4487/4487 4442/4442 4548/4548
f 4548/4548 4442/4442 4473/4473
f 4473/4473 4455/4455 4549/4549
f 4549/4549 4455/4455 4456/4456
f 4549/4549 4456/4456 4550/4550
f 4550/4550 4456/4456 4474/4474
f 1482/1482 1532/1532 1660/1660
f 4525/4525 4458/4458 4551/4551
f 4552/4552 1534/1534 1586/1586
f 4553/4553 4492/4492 4526/4526
f 4529/4529 4494/4494 4554/4554
f 4554/4554 4494/4494 4476/4476
f 4555/4555 4531/4531 4530/4530
f 4530/4530 4533/4533 4556/4556
f 4556/4556 4533/4533 4557/4557
f 4557/4557 4558/4558 4559/4559
f 4559/4559 4558/4558 4517/4517
f 4559/4559 4517/4517 4560/4560
f 4560/4560 4517/4517 4516/4516
f 4560/4560 4516/4516 4518/4518
f 4560/4560 4518/4518 4561/4561
f 4561/4561 4518/4518 4562/4562
f 4561/4561 4562/4562 4563/4563
f 4519/4519 4520/4520 4564/4564
f 4564/4564 4520/4520 4535/4535
f 4520/4520 4497/4497 4535/4535
f 1610/1610 1590/1590 1609/1609
f 4565/4565 1576/1576 4566/4566
f 4504/4504 4480/4480 4567/4567
f 4567/4567 4480/4480 4538/4538
f 4538/4538 4481/4481 4539/4539
f 4539/4539 4482/4482 4568/4568
f 4569/4569 4304/4304 4521/4521
f 1740/1740 4347/4347 4570/4570
f 4540/4540 4463/4463 4464/4464
f 4541/4541 4507/4507 4571/4571
f 4507/4507 4522/4522 4571/4571
f 4571/4571 4522/4522 4572/4572
f 4573/4573 4454/4454 4543/4543
f 4574/4574 1602/1602 4544/4544
f 4543/4543 4383/4383 4575/4575
f 4544/4544 4468/4468 114/114
f 4545/4545 4384/4384 4546/4546
f 114/114 4468/4468 4576/4576
f 4576/4576 4468/4468 4547/4547
f 4547/4547 1417/1417 4470/4470
f 4488/4488 4509/4509 4577/4577
f 4578/4578 4488/4488 4577/4577
f 4474/4474 4488/4488 4579/4579
f 4548/4548 4473/4473 4549/4549
f 1686/1686 4510/4510 1684/1684
f 4458/4458 4512/4512 4551/4551
f 4580/4580 1686/1686 1685/1685
f 4490/4490 4491/4491 4581/4581
f 4491/4491 4492/4492 4581/4581
f 4581/4581 4492/4492 4553/4553
f 4582/4582 4583/4583 4584/4584
f 4585/4585 4584/4584 4586/4586
f 4586/4586 4584/4584 4583/4583
f 4586/4586 4583/4583 4587/4587
f 4586/4586 4587/4587 4588/4588
f 4588/4588 4589/4589 4590/4590
f 4590/4590 4589/4589 4591/4591
f 4590/4590 4591/4591 4592/4592
f 4590/4590 4592/4592 4593/4593
f 4593/4593 4592/4592 4555/4555
f 4594/4594 4593/4593 4555/4555
f 4594/4594 4555/4555 4595/4595
f 4596/4596 4597/4597 4598/4598
f 4595/4595 4555/4555 4530/4530
f 4595/4595 4530/4530 4599/4599
f 4599/4599 4530/4530 4600/4600
f 4601/4601 4602/4602 4603/4603
f 4600/4600 4530/4530 4556/4556
f 4600/4600 4556/4556 4604/4604
f 4604/4604 4556/4556 4557/4557
f 4603/4603 4605/4605 4606/4606
f 4607/4607 4604/4604 4557/4557
f 4607/4607 4557/4557 4608/4608
f 4557/4557 4559/4559 4608/4608
f 4608/4608 4559/4559 4609/4609
f 4559/4559 4560/4560 4609/4609
f 4609/4609 4560/4560 4561/4561
f 4607/4607 4608/4608 4610/4610
f 4608/4608 4609/4609 4611/4611
f 4611/4611 4609/4609 4612/4612
f 4609/4609 4561/4561 4612/4612
f 4610/4610 4608/4608 4613/4613
f 4611/4611 4612/4612 4614/4614
f 4612/4612 4561/4561 4615/4615
f 4615/4615 4561/4561 4563/4563
f 4613/4613 4608/4608 4616/4616
f 4608/4608 4611/4611 4616/4616
f 4617/4617 4611/4611 4614/4614
f 4612/4612 4615/4615 4614/4614
f 4614/4614 4615/4615 4618/4618
f 4615/4615 4563/4563 4619/4619
f 4618/4618 4615/4615 4619/4619
f 4618/4618 4619/4619 4620/4620
f 4619/4619 4563/4563 4621/4621
f 4619/4619 4621/4621 4622/4622
f 4619/4619 4622/4622 4620/4620
f 4622/4622 4621/4621 4623/4623
f 4624/4624 4535/4535 4536/4536
f 4625/4625 1695/1695 1694/1694
f 4536/4536 4501/4501 4624/4624
f 1510/1510 1662/1662 1636/1636
f 1611/1611 1666/1666 1612/1612
f 4566/4566 1576/1576 4626/4626
f 1647/1647 1646/1646 4627/4627
f 4626/4626 1576/1576 4504/4504
f 4626/4626 4504/4504 4628/4628
f 4628/4628 4504/4504 4567/4567
f 4540/4540 4484/4484 4629/4629
f 4629/4629 4484/4484 4630/4630
f 4630/4630 4484/4484 4541/4541
f 4630/4630 4541/4541 4571/4571
f 4572/4572 4522/4522 4631/4631
f 4631/4631 4522/4522 4542/4542
f 4542/4542 4454/4454 4573/4573
f 4574/4574 4544/4544 114/114
f 4579/4579 4488/4488 4578/4578
f 4577/4577 4509/4509 4489/4489
f 4550/4550 4474/4474 4579/4579
f 4632/4632 1683/1683 1682/1682
f 4511/4511 4525/4525 4633/4633
f 1684/1684 4510/4510 4524/4524
f 4633/4633 4525/4525 4551/4551
f 4581/4581 4553/4553 4634/4634
f 4635/4635 4582/4582 4584/4584
f 4635/4635 4584/4584 4585/4585
f 4585/4585 4586/4586 4636/4636
f 4636/4636 4586/4586 4637/4637
f 4637/4637 4586/4586 4588/4588
f 4637/4637 4588/4588 4590/4590
f 4637/4637 4590/4590 4638/4638
f 4639/4639 4638/4638 4590/4590
f 4639/4639 4590/4590 4640/4640
f 4640/4640 4590/4590 4593/4593
f 4640/4640 4593/4593 4641/4641
f 4641/4641 4593/4593 4594/4594
f 4642/4642 4597/4597 4596/4596
f 4596/4596 4598/4598 4643/4643
f 4643/4643 4598/4598 4602/4602
f 4643/4643 4602/4602 4644/4644
f 4644/4644 4602/4602 4601/4601
f 4601/4601 4603/4603 4606/4606
f 4606/4606 4605/4605 4645/4645
f 4645/4645 4605/4605 4646/4646
f 4604/4604 4607/4607 4647/4647
f 4647/4647 4607/4607 4648/4648
f 4648/4648 4607/4607 4610/4610
f 4649/4649 4650/4650 4651/4651
f 4651/4651 4650/4650 4652/4652
f 4652/4652 4650/4650 4653/4653
f 4650/4650 4654/4654 4653/4653
f 4616/4616 4611/4611 4617/4617
f 4653/4653 4654/4654 4655/4655
f 4656/4656 4613/4613 4616/4616
f 4617/4617 4614/4614 4618/4618
f 4655/4655 4657/4657 4658/4658
f 4616/4616 4617/4617 4659/4659
f 4659/4659 4617/4617 4660/4660
f 4660/4660 4617/4617 4661/4661
f 4662/4662 4618/4618 4620/4620
f 4658/4658 4657/4657 4663/4663
f 4663/4663 4664/4664 1722/1722
f 1664/1664 4659/4659 4660/4660
f 4661/4661 4617/4617 4665/4665
f 4617/4617 4618/4618 4665/4665
f 4665/4665 4618/4618 4662/4662
f 1722/1722 4664/4664 1720/1720
f 1664/1664 4660/4660 1665/1665
f 1665/1665 4660/4660 4666/4666
f 4666/4666 4660/4660 4661/4661
f 4666/4666 4661/4661 1669/1669
f 1669/1669 4661/4661 4665/4665
f 1669/1669 4665/4665 4667/4667
f 4665/4665 4662/4662 1696/1696
f 4662/4662 4620/4620 1696/1696
f 4620/4620 4622/4622 1696/1696
f 4622/4622 4623/4623 4668/4668
f 4666/4666 1669/1669 1668/1668
f 1698/1698 4665/4665 1696/1696
f 4624/4624 4501/4501 4669/4669
f 1669/1669 4667/4667 1646/1646
f 1646/1646 4667/4667 1698/1698
f 4667/4667 4665/4665 1698/1698
f 1646/1646 1698/1698 4627/4627
f 4670/4670 4427/4427 4451/4451
f 1742/1742 4305/4305 1740/1740
f 4629/4629 4630/4630 4671/4671
f 4671/4671 4630/4630 4571/4571
f 4671/4671 4571/4571 4672/4672
f 4672/4672 4571/4571 4572/4572
f 4672/4672 4572/4572 4631/4631
f 4631/4631 4542/4542 4673/4673
f 4674/4674 4675/4675 4676/4676
f 124/124 4576/4576 4677/4677
f 4487/4487 4548/4548 4678/4678
f 4578/4578 4577/4577 4679/4679
f 4577/4577 4489/4489 4680/4680
f 4549/4549 4550/4550 4681/4681
f 4682/4682 4511/4511 4633/4633
f 4551/4551 4512/4512 4683/4683
f 4683/4683 4512/4512 4490/4490
f 4683/4683 4490/4490 4581/4581
f 4684/4684 4685/4685 4582/4582
f 4684/4684 4582/4582 4635/4635
f 4686/4686 4687/4687 4688/4688
f 4687/4687 4689/4689 4688/4688
f 4688/4688 4689/4689 4690/4690
f 4689/4689 4691/4691 4690/4690
f 4690/4690 4691/4691 4692/4692
f 4692/4692 4691/4691 4693/4693
f 4693/4693 4694/4694 4695/4695
f 4692/4692 4693/4693 4695/4695
f 4695/4695 4694/4694 4696/4696
f 4642/4642 4596/4596 4697/4697
f 4697/4697 4596/4596 4643/4643
f 4697/4697 4643/4643 4698/4698
f 4698/4698 4643/4643 4644/4644
f 4698/4698 4644/4644 4601/4601
f 4698/4698 4601/4601 4606/4606
f 4698/4698 4606/4606 1798/1798
f 4699/4699 4645/4645 4646/4646
f 4649/4649 4651/4651 4700/4700
f 4700/4700 4651/4651 4652/4652
f 4653/4653 4655/4655 4658/4658
f 1608/1608 1634/1634 1662/1662
f 4658/4658 4663/4663 1722/1722
f 4701/4701 1696/1696 4622/4622
f 4701/4701 4622/4622 4668/4668
f 4668/4668 4623/4623 4702/4702
f 1697/1697 1696/1696 4701/4701
f 4669/4669 4703/4703 4624/4624
f 4703/4703 4669/4669 4704/4704
f 1648/1648 1671/1671 1702/1702
f 4705/4705 4626/4626 4628/4628
f 4567/4567 4538/4538 4706/4706
f 4538/4538 4539/4539 4706/4706
f 4706/4706 4539/4539 4568/4568
f 4505/4505 4427/4427 4670/4670
f 4707/4707 4540/4540 4629/4629
f 4707/4707 4629/4629 4708/4708
f 4629/4629 4671/4671 4708/4708
f 4708/4708 4671/4671 4709/4709
f 4709/4709 4671/4671 4710/4710
f 4710/4710 4671/4671 4672/4672
f 4710/4710 4672/4672 4711/4711
f 4711/4711 4672/4672 4631/4631
f 4711/4711 4631/4631 4673/4673
f 4711/4711 4673/4673 4712/4712
f 4573/4573 4673/4673 4542/4542
f 109/109 124/124 4677/4677
f 4713/4713 4546/4546 4485/4485
f 4547/4547 4470/4470 4714/4714
f 4508/4508 4486/4486 4715/4715
f 4578/4578 4679/4679 4716/4716
f 4717/4717 4577/4577 4680/4680
f 4548/4548 4549/4549 4718/4718
f 1684/1684 4524/4524 1772/1772
f 4524/4524 4511/4511 4682/4682
f 4683/4683 4581/4581 4719/4719
f 4581/4581 4634/4634 4719/4719
f 4634/4634 4686/4686 4719/4719
f 4695/4695 4696/4696 1776/1776
f 4697/4697 1776/1776 4642/4642
f 4606/4606 4645/4645 4699/4699
f 4653/4653 4658/4658 4720/4720
f 1747/1747 4658/4658 1722/1722
f 1779/1779 4721/4721 4722/4722
f 4721/4721 4723/4723 4722/4722
f 1723/1723 1699/1699 1724/1724
f 1726/1726 1725/1725 4721/4721
f 1726/1726 4721/4721 1779/1779
f 4722/4722 4723/4723 4724/4724
f 4703/4703 4704/4704 4725/4725
f 1845/1845 1727/1727 1726/1726
f 4726/4726 4626/4626 4705/4705
f 4727/4727 4728/4728 4729/4729
f 4628/4628 4567/4567 4730/4730
f 4706/4706 4568/4568 4731/4731
f 1741/1741 1740/1740 4570/4570
f 4732/4732 4540/4540 4707/4707
f 4707/4707 4708/4708 4733/4733
f 4733/4733 4708/4708 4734/4734
f 4734/4734 4708/4708 4735/4735
f 4735/4735 4708/4708 4709/4709
f 4734/4734 4735/4735 4736/4736
f 4737/4737 4735/4735 4709/4709
f 4710/4710 4737/4737 4709/4709
f 4737/4737 4710/4710 4738/4738
f 4738/4738 4710/4710 4711/4711
f 4738/4738 4711/4711 4739/4739
f 4739/4739 4711/4711 4712/4712
f 4712/4712 4673/4673 4740/4740
f 4740/4740 4673/4673 4573/4573
f 4573/4573 4543/4543 4741/4741
f 4742/4742 4543/4543 4575/4575
f 4470/4470 4471/4471 4743/4743
f 4715/4715 4486/4486 4744/4744
f 4679/4679 4577/4577 4717/4717
f 4579/4579 4578/4578 4745/4745
f 4717/4717 4680/4680 4746/4746
f 4550/4550 4579/4579 4747/4747
f 4718/4718 4549/4549 4681/4681
f 4632/4632 1682/1682 1766/1766
f 4580/4580 1685/1685 1796/1796
f 4748/4748 4551/4551 4683/4683
f 1798/1798 4606/4606 4699/4699
f 4699/4699 4646/4646 4649/4649
f 4699/4699 4649/4649 4700/4700
f 4700/4700 4652/4652 4749/4749
f 4749/4749 4652/4652 4653/4653
f 4749/4749 4653/4653 4720/4720
f 4720/4720 4658/4658 1747/1747
f 1747/1747 1722/1722 1737/1737
f 4705/4705 4628/4628 4750/4750
f 4750/4750 4628/4628 4730/4730
f 4751/4751 4505/4505 4670/4670
f 1827/1827 1829/1829 1581/1581
f 4732/4732 4707/4707 4752/4752
f 4733/4733 4734/4734 4736/4736
f 4736/4736 4735/4735 4753/4753
f 4735/4735 4737/4737 4753/4753
f 4753/4753 4737/4737 4754/4754
f 4754/4754 4737/4737 4738/4738
f 4754/4754 4738/4738 4755/4755
f 4755/4755 4738/4738 4739/4739
f 4755/4755 4739/4739 4756/4756
f 4739/4739 4712/4712 4756/4756
f 4756/4756 4712/4712 4740/4740
f 4741/4741 4543/4543 4742/4742
f 4757/4757 4523/4523 4545/4545
f 4545/4545 4546/4546 4758/4758
f 109/109 4677/4677 110/110
f 4714/4714 4470/4470 4743/4743
f 4471/4471 4472/4472 4759/4759
f 4743/4743 4471/4471 4759/4759
f 4759/4759 4472/4472 4508/4508
f 4678/4678 4548/4548 4718/4718
f 4681/4681 4550/4550 4747/4747
f 1772/1772 4524/4524 4760/4760
f 4760/4760 4524/4524 4682/4682
f 4682/4682 4633/4633 4761/4761
f 4762/4762 4686/4686 4688/4688
f 4763/4763 4690/4690 4692/4692
f 4695/4695 1776/1776 1775/1775
f 1737/1737 1721/1721 1760/1760
f 1779/1779 4722/4722 1788/1788
f 4764/4764 1723/1723 1749/1749
f 4726/4726 4705/4705 4750/4750
f 4765/4765 4750/4750 4730/4730
f 4766/4766 4569/4569 4521/4521
f 4752/4752 4707/4707 4767/4767
f 4767/4767 4707/4707 4733/4733
f 4755/4755 4756/4756 4768/4768
f 4757/4757 4545/4545 4769/4769
f 4545/4545 4758/4758 4769/4769
f 4546/4546 4713/4713 4758/4758
f 110/110 4677/4677 4770/4770
f 4771/4771 4576/4576 4547/4547
f 4771/4771 4547/4547 4714/4714
f 4759/4759 4508/4508 4715/4715
f 4745/4745 4578/4578 4716/4716
f 4772/4772 4719/4719 4686/4686
f 4772/4772 4686/4686 4762/4762
f 4688/4688 4690/4690 4763/4763
f 4763/4763 4692/4692 4695/4695
f 4763/4763 4695/4695 1775/1775
f 1777/1777 1776/1776 4697/4697
f 1777/1777 4697/4697 4698/4698
f 1798/1798 4699/4699 1799/1799
f 1799/1799 4699/4699 4700/4700
f 1799/1799 4700/4700 4749/4749
f 4720/4720 1747/1747 1748/1748
f 4765/4765 4730/4730 4773/4773
f 4730/4730 4567/4567 4706/4706
f 4774/4774 4733/4733 4736/4736
f 4756/4756 4740/4740 4775/4775
f 4775/4775 4740/4740 4741/4741
f 4741/4741 4740/4740 4573/4573
f 4770/4770 4677/4677 4776/4776
f 4713/4713 4485/4485 4777/4777
f 4776/4776 4677/4677 4576/4576
f 4485/4485 4430/4430 4777/4777
f 4778/4778 4469/4469 1524/1524
f 4776/4776 4576/4576 4771/4771
f 4747/4747 4579/4579 4779/4779
f 1807/1807 1772/1772 4760/4760
f 4760/4760 4682/4682 4761/4761
f 4761/4761 4633/4633 4780/4780
f 1796/1796 1685/1685 1753/1753
f 4780/4780 4633/4633 4551/4551
f 4551/4551 4748/4748 4780/4780
f 1777/1777 4698/4698 1800/1800
f 4781/4781 4749/4749 4720/4720
f 4781/4781 4720/4720 1802/1802
f 1802/1802 4720/4720 1748/1748
f 1719/1719 1787/1787 1738/1738
f 1788/1788 4722/4722 4782/4782
f 4782/4782 4722/4722 4724/4724
f 4783/4783 4726/4726 4750/4750
f 4784/4784 4750/4750 4765/4765
f 4785/4785 4706/4706 4731/4731
f 4767/4767 4733/4733 4774/4774
f 4768/4768 4756/4756 4775/4775
f 4786/4786 4769/4769 4758/4758
f 4716/4716 4679/4679 4787/4787
f 4787/4787 4679/4679 4717/4717
f 4678/4678 4718/4718 4788/4788
f 4718/4718 4681/4681 4788/4788
f 1753/1753 1772/1772 1807/1807
f 4789/4789 4683/4683 4719/4719
f 4790/4790 4688/4688 4763/4763
f 4698/4698 1798/1798 1800/1800
f 1802/1802 1748/1748 1759/1759
f 1813/1813 4791/4791 4764/4764
f 1813/1813 4764/4764 1749/1749
f 4783/4783 4750/4750 4784/4784
f 4730/4730 4706/4706 4792/4792
f 4792/4792 4706/4706 4785/4785
f 4793/4793 4670/4670 4451/4451
f 4736/4736 4753/4753 4794/4794
f 4753/4753 4754/4754 4794/4794
f 4794/4794 4754/4754 4795/4795
f 4754/4754 4755/4755 4796/4796
f 4741/4741 4742/4742 4797/4797
f 4798/4798 4757/4757 4769/4769
f 1789/1789 130/130 4799/4799
f 4800/4800 4743/4743 4759/4759
f 4779/4779 4579/4579 4745/4745
f 1807/1807 4760/4760 1859/1859
f 1859/1859 4760/4760 4761/4761
f 4789/4789 4719/4719 4772/4772
f 4762/4762 4688/4688 4801/4801
f 4801/4801 4688/4688 4790/4790
f 4802/4802 4763/4763 1775/1775
f 4803/4803 1777/1777 1800/1800
f 4804/4804 4791/4791 1813/1813
f 4751/4751 4670/4670 4793/4793
f 4521/4521 4506/4506 4805/4805
f 4506/4506 1742/1742 4805/4805
f 4805/4805 1742/1742 4806/4806
f 4806/4806 1742/1742 1741/1741
f 4796/4796 4755/4755 4768/4768
f 4797/4797 4742/4742 4807/4807
f 4808/4808 4776/4776 4771/4771
f 4759/4759 4715/4715 4809/4809
f 4780/4780 4748/4748 4810/4810
f 4810/4810 4748/4748 4683/4683
f 4811/4811 1799/1799 4749/4749
f 4781/4781 1802/1802 4812/4812
f 1802/1802 1803/1803 4813/4813
f 1812/1812 1749/1749 1778/1778
f 4784/4784 4765/4765 1896/1896
f 4793/4793 4451/4451 4814/4814
f 1965/1965 4732/4732 4752/4752
f 4774/4774 4736/4736 4794/4794
f 4795/4795 4754/4754 4796/4796
f 4768/4768 4775/4775 4815/4815
f 4775/4775 4741/4741 4815/4815
f 4815/4815 4741/4741 4797/4797
f 4800/4800 4714/4714 4743/4743
f 4816/4816 4817/4817 4818/4818
f 4819/4819 4761/4761 4780/4780
f 4810/4810 4683/4683 4789/4789
f 4802/4802 1775/1775 1777/1777
f 4811/4811 4749/4749 4781/4781
f 4812/4812 1802/1802 4820/4820
f 4821/4821 4751/4751 4793/4793
f 1741/1741 4570/4570 4822/4822
f 1789/1789 4799/4799 1865/1865
f 4776/4776 4808/4808 1920/1920
f 4808/4808 4771/4771 4823/4823
f 4823/4823 4771/4771 4714/4714
f 4823/4823 4714/4714 4800/4800
f 4681/4681 4747/4747 4824/4824
f 1800/1800 1799/1799 4825/4825
f 4820/4820 1802/1802 4813/4813
f 1726/1726 1780/1780 1843/1843
f 1787/1787 1855/1855 1778/1778
f 4783/4783 4784/4784 4826/4826
f 4826/4826 4784/4784 1898/1898
f 4773/4773 4730/4730 4827/4827
f 4765/4765 4773/4773 4827/4827
f 4827/4827 4730/4730 4792/4792
f 1965/1965 4752/4752 4767/4767
f 4796/4796 4768/4768 4828/4828
f 4829/4829 4713/4713 4830/4830
f 1834/1834 1789/1789 1865/1865
f 4830/4830 4713/4713 4777/4777
f 4778/4778 1524/1524 4831/4831
f 4717/4717 4746/4746 4832/4832
f 4832/4832 4746/4746 4833/4833
f 1859/1859 4761/4761 4819/4819
f 4772/4772 4762/4762 4801/4801
f 4834/4834 4763/4763 4802/4802
f 4804/4804 1813/1813 1882/1882
f 1843/1843 1780/1780 1788/1788
f 1788/1788 4782/4782 4835/4835
f 1787/1787 1811/1811 1855/1855
f 1882/1882 1813/1813 1812/1812
f 4782/4782 4724/4724 4836/4836
f 4836/4836 4724/4724 4837/4837
f 4836/4836 4837/4837 4838/4838
f 1898/1898 4784/4784 1896/1896
f 4827/4827 4792/4792 4839/4839
f 4839/4839 4792/4792 4785/4785
f 4774/4774 4794/4794 1916/1916
f 4794/4794 4795/4795 4840/4840
f 4824/4824 4747/4747 4779/4779
f 4816/4816 4818/4818 4841/4841
f 1623/1623 1715/1715 1819/1819
f 1808/1808 1807/1807 1860/1860
f 4813/4813 1803/1803 4842/4842
f 4843/4843 4813/4813 4842/4842
f 1843/1843 1788/1788 4844/4844
f 4844/4844 1788/1788 4835/4835
f 4835/4835 4782/4782 4836/4836
f 4845/4845 4783/4783 4826/4826
f 1915/1915 4767/4767 4774/4774
f 1916/1916 4794/4794 4840/4840
f 4768/4768 4815/4815 4846/4846
f 4847/4847 4815/4815 4797/4797
f 4798/4798 4769/4769 4848/4848
f 4848/4848 4769/4769 4786/4786
f 4786/4786 4758/4758 4849/4849
f 4850/4850 4716/4716 4787/4787
f 4745/4745 4716/4716 4850/4850
f 4715/4715 4744/4744 4809/4809
f 4851/4851 4678/4678 4788/4788
f 4788/4788 4681/4681 4824/4824
f 1911/1911 1795/1795 1872/1872
f 4803/4803 1800/1800 4825/4825
f 4825/4825 1799/1799 4811/4811
f 4781/4781 4812/4812 4852/4852
f 1882/1882 1812/1812 1875/1875
f 1876/1876 1739/1739 1781/1781
f 1896/1896 4765/4765 4853/4853
f 4854/4854 1741/1741 4822/4822
f 4774/4774 1916/1916 1915/1915
f 4846/4846 4815/4815 4847/4847
f 4848/4848 4786/4786 4849/4849
f 4849/4849 4758/4758 4829/4829
f 4829/4829 4758/4758 4713/4713
f 4855/4855 4808/4808 4823/4823
f 4856/4856 4759/4759 4809/4809
f 4857/4857 4779/4779 4745/4745
f 4809/4809 4744/4744 4858/4858
f 4859/4859 4810/4810 4789/4789
f 4860/4860 4789/4789 4772/4772
f 4790/4790 4763/4763 4834/4834
f 4802/4802 1777/1777 4861/4861
f 1777/1777 4803/4803 4861/4861
f 4811/4811 4781/4781 4852/4852
f 4820/4820 4813/4813 4843/4843
f 4862/4862 1844/1844 1843/1843
f 4863/4863 4826/4826 1898/1898
f 4853/4853 4765/4765 4827/4827
f 4864/4864 4766/4766 4521/4521
f 4865/4865 4795/4795 4796/4796
f 4800/4800 4759/4759 4866/4866
f 4866/4866 4759/4759 4856/4856
f 4867/4867 4788/4788 4824/4824
f 1872/1872 1808/1808 1860/1860
f 4868/4868 4819/4819 4780/4780
f 4868/4868 4780/4780 4859/4859
f 4869/4869 4789/4789 4860/4860
f 4803/4803 4825/4825 4870/4870
f 4871/4871 4820/4820 4843/4843
f 4872/4872 4845/4845 4826/4826
f 4872/4872 4826/4826 4863/4863
f 4873/4873 4821/4821 4874/4874
f 4821/4821 4793/4793 4874/4874
f 4806/4806 1741/1741 4854/4854
f 4875/4875 4767/4767 1915/1915
f 4840/4840 4795/4795 4876/4876
f 4865/4865 4796/4796 4828/4828
f 4797/4797 4807/4807 4877/4877
f 4823/4823 4800/4800 4878/4878
f 4878/4878 4800/4800 4866/4866
f 4787/4787 4717/4717 4879/4879
f 4879/4879 4717/4717 4832/4832
f 4824/4824 4779/4779 4857/4857
f 1860/1860 1859/1859 4819/4819
f 4780/4780 4810/4810 4859/4859
f 4859/4859 4789/4789 4869/4869
f 4802/4802 4861/4861 2007/2007
f 4861/4861 4803/4803 4870/4870
f 4880/4880 4811/4811 4852/4852
f 4871/4871 4812/4812 4820/4820
f 4874/4874 4793/4793 4814/4814
f 4881/4881 4521/4521 4805/4805
f 4795/4795 4865/4865 4876/4876
f 4882/4882 4797/4797 4877/4877
f 1866/1866 1865/1865 1956/1956
f 1886/1886 1866/1866 1956/1956
f 1918/1918 1920/1920 4808/4808
f 4855/4855 4823/4823 4878/4878
f 4850/4850 4787/4787 4883/4883
f 4883/4883 4787/4787 4879/4879
f 4857/4857 4745/4745 4850/4850
f 4884/4884 4809/4809 4858/4858
f 4816/4816 4841/4841 4885/4885
f 2056/2056 1766/1766 1765/1765
f 4834/4834 4802/4802 2007/2007
f 4870/4870 4825/4825 4886/4886
f 4886/4886 4825/4825 4811/4811
f 4886/4886 4811/4811 4880/4880
f 1950/1950 4887/4887 1941/1941
f 1811/1811 1890/1890 1855/1855
f 4888/4888 1844/1844 4862/4862
f 1897/1897 1896/1896 4853/4853
f 4889/4889 4827/4827 4839/4839
f 4864/4864 4521/4521 4881/4881
f 4890/4890 4805/4805 4806/4806
f 1965/1965 4767/4767 4875/4875
f 4828/4828 4768/4768 4846/4846
f 4847/4847 4797/4797 4882/4882
f 4830/4830 4777/4777 4891/4891
f 4892/4892 4856/4856 4809/4809
f 4860/4860 4772/4772 4801/4801
f 4801/4801 4790/4790 4893/4893
f 4852/4852 4812/4812 4871/4871
f 4894/4894 4871/4871 4843/4843
f 4894/4894 4843/4843 4895/4895
f 4862/4862 1843/1843 1981/1981
f 1981/1981 1843/1843 4844/4844
f 4896/4896 1898/1898 1897/1897
f 4853/4853 4827/4827 4889/4889
f 4897/4897 4849/4849 4829/4829
f 4851/4851 4788/4788 4867/4867
f 4860/4860 4801/4801 4893/4893
f 1981/1981 4844/4844 4898/4898
f 4898/4898 4844/4844 4835/4835
f 4835/4835 4836/4836 4899/4899
f 4899/4899 4836/4836 4838/4838
f 4900/4900 4853/4853 4889/4889
f 4839/4839 4785/4785 4901/4901
f 4902/4902 4821/4821 4873/4873
f 4874/4874 4814/4814 4903/4903
f 4903/4903 4814/4814 4904/4904
f 1917/1917 1916/1916 4840/4840
f 4828/4828 4846/4846 4905/4905
f 4846/4846 4847/4847 4882/4882
f 4906/4906 4824/4824 4857/4857
f 4907/4907 1860/1860 4819/4819
f 4893/4893 4790/4790 4908/4908
f 4908/4908 4790/4790 4834/4834
f 4909/4909 4861/4861 4870/4870
f 4898/4898 4835/4835 4899/4899
f 4899/4899 4838/4838 4910/4910
f 4911/4911 4845/4845 4872/4872
f 4912/4912 4863/4863 1898/1898
f 1897/1897 4853/4853 4900/4900
f 4900/4900 4889/4889 4913/4913
f 4881/4881 4805/4805 4890/4890
f 1906/1906 1833/1833 1905/1905
f 4848/4848 4849/4849 4914/4914
f 1918/1918 4808/4808 4855/4855
f 4906/4906 4857/4857 4915/4915
f 4870/4870 4886/4886 4916/4916
f 4917/4917 4886/4886 4880/4880
f 4918/4918 4871/4871 4894/4894
f 4912/4912 1898/1898 4896/4896
f 1917/1917 4840/4840 4919/4919
f 4840/4840 4876/4876 4919/4919
f 4919/4919 4876/4876 4865/4865
f 4919/4919 4865/4865 4920/4920
f 4920/4920 4865/4865 4828/4828
f 4920/4920 4828/4828 4905/4905
f 4897/4897 4829/4829 4921/4921
f 4921/4921 4829/4829 4830/4830
f 4892/4892 4809/4809 4884/4884
f 1872/1872 1860/1860 2085/2085
f 4922/4922 4859/4859 4869/4869
f 4916/4916 4886/4886 4917/4917
f 4882/4882 4877/4877 4923/4923
f 4914/4914 4849/4849 4897/4897
f 4924/4924 4778/4778 4831/4831
f 4857/4857 4850/4850 4915/4915
f 1910/1910 1872/1872 2085/2085
f 4925/4925 1910/1910 2085/2085
f 4922/4922 4869/4869 4860/4860
f 4860/4860 4893/4893 4926/4926
f 4927/4927 2007/2007 4861/4861
f 4927/4927 4861/4861 4909/4909
f 4917/4917 4880/4880 4852/4852
f 4928/4928 4929/4929 1950/1950
f 4888/4888 4862/4862 1980/1980
f 4911/4911 4872/4872 4863/4863
f 4873/4873 4874/4874 4903/4903
f 4930/4930 1915/1915 1917/1917
f 1917/1917 4919/4919 4931/4931
f 4905/4905 4846/4846 4882/4882
f 4878/4878 4866/4866 4932/4932
f 2019/2019 4850/4850 4883/4883
f 4933/4933 4851/4851 4867/4867
f 2058/2058 4868/4868 2059/2059
f 4909/4909 4870/4870 4916/4916
f 4852/4852 4871/4871 4934/4934
f 4934/4934 4871/4871 4918/4918
f 4935/4935 4918/4918 4894/4894
f 1981/1981 4898/4898 4936/4936
f 1979/1979 1981/1981 4936/4936
f 1980/1980 4862/4862 1981/1981
f 4896/4896 1897/1897 4900/4900
f 4913/4913 4889/4889 4937/4937
f 4875/4875 1915/1915 4930/4930
f 4930/4930 1917/1917 4931/4931
f 4931/4931 4919/4919 4938/4938
f 4938/4938 4919/4919 4920/4920
f 4939/4939 1919/1919 1918/1918
f 4915/4915 4850/4850 2019/2019
f 4940/4940 4884/4884 4858/4858
f 4933/4933 4867/4867 4824/4824
f 2058/2058 4819/4819 4868/4868
f 2059/2059 4868/4868 4859/4859
f 4926/4926 4893/4893 4908/4908
f 2006/2006 4908/4908 4834/4834
f 4941/4941 4927/4927 4909/4909
f 4942/4942 4929/4929 4928/4928
f 4898/4898 4899/4899 4943/4943
f 4928/4928 1950/1950 1940/1940
f 4944/4944 4911/4911 4863/4863
f 4945/4945 4912/4912 4896/4896
f 4889/4889 4839/4839 4937/4937
f 4937/4937 4839/4839 4901/4901
f 4902/4902 4873/4873 4946/4946
f 1966/1966 1965/1965 4875/4875
f 4905/4905 4882/4882 4947/4947
f 4933/4933 4824/4824 4906/4906
f 2085/2085 1860/1860 4948/4948
f 4948/4948 1860/1860 4907/4907
f 4907/4907 4819/4819 2058/2058
f 2008/2008 2007/2007 4927/4927
f 4917/4917 4852/4852 4934/4934
f 4934/4934 4918/4918 4935/4935
f 4936/4936 4898/4898 4949/4949
f 4949/4949 4898/4898 4943/4943
f 4943/4943 4899/4899 4910/4910
f 4950/4950 4900/4900 4913/4913
f 4873/4873 4903/4903 4946/4946
f 4951/4951 4848/4848 4914/4914
f 1918/1918 4855/4855 4952/4952
f 4932/4932 4866/4866 4953/4953
f 4866/4866 4856/4856 4953/4953
f 4953/4953 4856/4856 4892/4892
f 4940/4940 4858/4858 4954/4954
f 2059/2059 4859/4859 4955/4955
f 4955/4955 4859/4859 4922/4922
f 4928/4928 1940/1940 1982/1982
f 4944/4944 4863/4863 4912/4912
f 4896/4896 4900/4900 4950/4950
f 4890/4890 4806/4806 4956/4956
f 4957/4957 4854/4854 4822/4822
f 1985/1985 1852/1852 1987/1987
f 4883/4883 4879/4879 4958/4958
f 2021/2021 4915/4915 2019/2019
f 4958/4958 4879/4879 4832/4832
f 1838/1838 1926/1926 1952/1952
f 2006/2006 4834/4834 2007/2007
f 4959/4959 4909/4909 4916/4916
f 4916/4916 4917/4917 4960/4960
f 4942/4942 4928/4928 4961/4961
f 4962/4962 4864/4864 4881/4881
f 4881/4881 4890/4890 4963/4963
f 4963/4963 4890/4890 4956/4956
f 4956/4956 4806/4806 4964/4964
f 4964/4964 4806/4806 4854/4854
f 4882/4882 4923/4923 4965/4965
f 4952/4952 4855/4855 4878/4878
f 4892/4892 4884/4884 4940/4940
f 4906/4906 4915/4915 2021/2021
f 4960/4960 4917/4917 4934/4934
f 1979/1979 4936/4936 4949/4949
f 4943/4943 4910/4910 4966/4966
f 4967/4967 4911/4911 4944/4944
f 4944/4944 4912/4912 4968/4968
f 4969/4969 4912/4912 4945/4945
f 4945/4945 4896/4896 4950/4950
f 2009/2009 1863/1863 1923/1923
f 4962/4962 4881/4881 4963/4963
f 4970/4970 4951/4951 4914/4914
f 4939/4939 1918/1918 4952/4952
f 4952/4952 4878/4878 4932/4932
f 4971/4971 4906/4906 2021/2021
f 2056/2056 1765/1765 2012/2012
f 1995/1995 1770/1770 1871/1871
f 2008/2008 4927/4927 4941/4941
f 4941/4941 4909/4909 4959/4959
f 4972/4972 4934/4934 4935/4935
f 4973/4973 4902/4902 4946/4946
f 4946/4946 4903/4903 4974/4974
f 4903/4903 4904/4904 4975/4975
f 4931/4931 4938/4938 4976/4976
f 4970/4970 4914/4914 4977/4977
f 4978/4978 4921/4921 4830/4830
f 4979/4979 4980/4980 4981/4981
f 4978/4978 4830/4830 4982/4982
f 4983/4983 4984/4984 4985/4985
f 4980/4980 4986/4986 4981/4981
f 4985/4985 4984/4984 4987/4987
f 4985/4985 4987/4987 4988/4988
f 4982/4982 4830/4830 4891/4891
f 4958/4958 4832/4832 4833/4833
f 4933/4933 4906/4906 4989/4989
f 4989/4989 4906/4906 4971/4971
f 1933/1933 1794/1794 2039/2039
f 2039/2039 1794/1794 2022/2022
f 4925/4925 2085/2085 2087/2087
f 4990/4990 4959/4959 4916/4916
f 4942/4942 4961/4961 4991/4991
f 4949/4949 4943/4943 4992/4992
f 4968/4968 4912/4912 4969/4969
f 1895/1895 1894/1894 2015/2015
f 4973/4973 4946/4946 4974/4974
f 4957/4957 4822/4822 4993/4993
f 4947/4947 4882/4882 4965/4965
f 4994/4994 4914/4914 4897/4897
f 4897/4897 4921/4921 4978/4978
f 4995/4995 4979/4979 4981/4981
f 4982/4982 4891/4891 4996/4996
f 74/74 1947/1947 75/75
f 4939/4939 4952/4952 4997/4997
f 4953/4953 4892/4892 4998/4998
f 4998/4998 4892/4892 4940/4940
f 1960/1960 1794/1794 1767/1767
f 4999/4999 4922/4922 4860/4860
f 4916/4916 4960/4960 5000/5000
f 4960/4960 4934/4934 5001/5001
f 4992/4992 4943/4943 4966/4966
f 2035/2035 2015/2015 1894/1894
f 4950/4950 4913/4913 5002/5002
f 4937/4937 4901/4901 5003/5003
f 5004/5004 4903/4903 4975/4975
f 5005/5005 4930/4930 5006/5006
f 4930/4930 4931/4931 5006/5006
f 5007/5007 4976/4976 4938/4938
f 1955/1955 1899/1899 2038/2038
f 4947/4947 4965/4965 5008/5008
f 4981/4981 4939/4939 4997/4997
f 4995/4995 4981/4981 4997/4997
f 4997/4997 4952/4952 5009/5009
f 5010/5010 4953/4953 4998/4998
f 4940/4940 4954/4954 5011/5011
f 5012/5012 4933/4933 4989/4989
f 2085/2085 4948/4948 5013/5013
f 5013/5013 4948/4948 4907/4907
f 5014/5014 4925/4925 2087/2087
f 2032/2032 1901/1901 5015/5015
f 4908/4908 2006/2006 5016/5016
f 5017/5017 2006/2006 2008/2008
f 4990/4990 4916/4916 5000/5000
f 5001/5001 4934/4934 4972/4972
f 5018/5018 1979/1979 4949/4949
f 5002/5002 4913/4913 5019/5019
f 4913/4913 4937/4937 5019/5019
f 1966/1966 4875/4875 4930/4930
f 5006/5006 4931/4931 4976/4976
f 5007/5007 4938/4938 4920/4920
f 4920/4920 4905/4905 5007/5007
f 4977/4977 4914/4914 4994/4994
f 4924/4924 4831/4831 5020/5020
f 4952/4952 4932/4932 5009/5009
f 5010/5010 4932/4932 4953/4953
f 2053/2053 2021/2021 2020/2020
f 4998/4998 4940/4940 5021/5021
f 5021/5021 4940/4940 5011/5011
f 4999/4999 4860/4860 4926/4926
f 5022/5022 4926/4926 4908/4908
f 5000/5000 4960/4960 5023/5023
f 2029/2029 1979/1979 5018/5018
f 5024/5024 4888/4888 1980/1980
f 5025/5025 4973/4973 4974/4974
f 4974/4974 4903/4903 5004/5004
f 5026/5026 4864/4864 4962/4962
f 5007/5007 4905/4905 5027/5027
f 4905/4905 4947/4947 5027/5027
f 5028/5028 4970/4970 4977/4977
f 5029/5029 4995/4995 4997/4997
f 2167/2167 1858/1858 1985/1985
f 5016/5016 2006/2006 5017/5017
f 4941/4941 4959/4959 4990/4990
f 5030/5030 4942/4942 4991/4991
f 5024/5024 1980/1980 2029/2029
f 4937/4937 5003/5003 5031/5031
f 1966/1966 4930/4930 5005/5005
f 5027/5027 4947/4947 5008/5008
f 4994/4994 4897/4897 4978/4978
f 4816/4816 4885/4885 5032/5032
f 5033/5033 4922/4922 4999/4999
f 5022/5022 4908/4908 5034/5034
f 5034/5034 4908/4908 5016/5016
f 5023/5023 4960/4960 5001/5001
f 5018/5018 4949/4949 4992/4992
f 4964/4964 4854/4854 4957/4957
f 5029/5029 4997/4997 5035/5035
f 4997/4997 5009/5009 5036/5036
f 1868/1868 2003/2003 2093/2093
f 5009/5009 4932/4932 5037/5037
f 5037/5037 4932/4932 5010/5010
f 5038/5038 5012/5012 4989/4989
f 5039/5039 4989/4989 4971/4971
f 4941/4941 4990/4990 5040/5040
f 5040/5040 4990/4990 5000/5000
f 5001/5001 4972/4972 5041/5041
f 4928/4928 1982/1982 5042/5042
f 1906/1906 2036/2036 2069/2069
f 4977/4977 4994/4994 5043/5043
f 4996/4996 4891/4891 5044/5044
f 5045/5045 4924/4924 5020/5020
f 2019/2019 4883/4883 5046/5046
f 5046/5046 4883/4883 4958/4958
f 4971/4971 2021/2021 2054/2054
f 5047/5047 5012/5012 5038/5038
f 5038/5038 4989/4989 5039/5039
f 5039/5039 4971/4971 5048/5048
f 5013/5013 4907/4907 5049/5049
f 5049/5049 4907/4907 2058/2058
f 5017/5017 2008/2008 5050/5050
f 5051/5051 4950/4950 5002/5002
f 5052/5052 5007/5007 5027/5027
f 5036/5036 5009/5009 5037/5037
f 5048/5048 4971/4971 2054/2054
f 5053/5053 5013/5013 5049/5049
f 2060/2060 2059/2059 4955/4955
f 5022/5022 4999/4999 4926/4926
f 2008/2008 4941/4941 5054/5054
f 5055/5055 4992/4992 4966/4966
f 5056/5056 2029/2029 5018/5018
f 5057/5057 5025/5025 4974/4974
f 4976/4976 5007/5007 5058/5058
f 5058/5058 5007/5007 5059/5059
f 4982/4982 4996/4996 5060/5060
f 5061/5061 5029/5029 5035/5035
f 5062/5062 4958/4958 4833/4833
f 1995/1995 1871/1871 2077/2077
f 2086/2086 2085/2085 5013/5013
f 5049/5049 2058/2058 2060/2060
f 4955/4955 4922/4922 5033/5033
f 5050/5050 2008/2008 5063/5063
f 5063/5063 2008/2008 5054/5054
f 5000/5000 5023/5023 5064/5064
f 5023/5023 5001/5001 5041/5041
f 5065/5065 5030/5030 4991/4991
f 4967/4967 4944/4944 5066/5066
f 5066/5066 4944/4944 4968/4968
f 4969/4969 4945/4945 5067/5067
f 5067/5067 4945/4945 4950/4950
f 5068/5068 5004/5004 4975/4975
f 5069/5069 4963/4963 4956/4956
f 5006/5006 4976/4976 5058/5058
f 5028/5028 4977/4977 5043/5043
f 5035/5035 4997/4997 5070/5070
f 5070/5070 4997/4997 5036/5036
f 5047/5047 5038/5038 5071/5071
f 5038/5038 5039/5039 5071/5071
f 5071/5071 5039/5039 5048/5048
f 2005/2005 2039/2039 2022/2022
f 5054/5054 4941/4941 5040/5040
f 5072/5072 5018/5018 4992/4992
f 4961/4961 4928/4928 2177/2177
f 2177/2177 4928/4928 5042/5042
f 5042/5042 1982/1982 5073/5073
f 5074/5074 5002/5002 5019/5019
f 4937/4937 5031/5031 5075/5075
f 5076/5076 4956/4956 4964/4964
f 2065/2065 2010/2010 5077/5077
f 2066/2066 1966/1966 5005/5005
f 5005/5005 5006/5006 5078/5078
f 4994/4994 4978/4978 5079/5079
f 5046/5046 4958/4958 5062/5062
f 5065/5065 4991/4991 5080/5080
f 5055/5055 4966/4966 5081/5081
f 5081/5081 4966/4966 5082/5082
f 5083/5083 4967/4967 5066/5066
f 5027/5027 5008/5008 5084/5084
f 5085/5085 5028/5028 5043/5043
f 2086/2086 5013/5013 5053/5053
f 5040/5040 5000/5000 5064/5064
f 5066/5066 4968/4968 4969/4969
f 5067/5067 4950/4950 5051/5051
f 5074/5074 5051/5051 5002/5002
f 5057/5057 4974/4974 5086/5086
f 5087/5087 4994/4994 5079/5079
f 5088/5088 4978/4978 4982/4982
f 5060/5060 4996/4996 5044/5044
f 5089/5089 5010/5010 4998/4998
f 4998/4998 5021/5021 5090/5090
f 5048/5048 2054/2054 5091/5091
f 5092/5092 4955/4955 5033/5033
f 5033/5033 4999/4999 5093/5093
f 5056/5056 5018/5018 5072/5072
f 5094/5094 4969/4969 5067/5067
f 5095/5095 5019/5019 4937/4937
f 4937/4937 5075/5075 5096/5096
f 2140/2140 5057/5057 5086/5086
f 5086/5086 4974/4974 5004/5004
f 5076/5076 4964/4964 2260/2260
f 2260/2260 4964/4964 4957/4957
f 2190/2190 4957/4957 4993/4993
f 5078/5078 5006/5006 5058/5058
f 5059/5059 5007/5007 5052/5052
f 5079/5079 4978/4978 5088/5088
f 5088/5088 4982/4982 5060/5060
f 5097/5097 5047/5047 5071/5071
f 5054/5054 5040/5040 5098/5098
f 5064/5064 5023/5023 5041/5041
f 5041/5041 4972/4972 5099/5099
f 5100/5100 5055/5055 5081/5081
f 5080/5080 4991/4991 4961/4961
f 5026/5026 4962/4962 5101/5101
f 5069/5069 4956/4956 5076/5076
f 5102/5102 2066/2066 5005/5005
f 5102/5102 5005/5005 5078/5078
f 5043/5043 4994/4994 5087/5087
f 5087/5087 5079/5079 5088/5088
f 5062/5062 4833/4833 5103/5103
f 5104/5104 4816/4816 5032/5032
f 2087/2087 2086/2086 2198/2198
f 5014/5014 2087/2087 2198/2198
f 5098/5098 5040/5040 5064/5064
f 5024/5024 2029/2029 2149/2149
f 4962/4962 4963/4963 5069/5069
f 2122/2122 2065/2065 5077/5077
f 5078/5078 5058/5058 5105/5105
f 5106/5106 5061/5061 5035/5035
f 5036/5036 5037/5037 5107/5107
f 5107/5107 5037/5037 5010/5010
f 2020/2020 2019/2019 5108/5108
f 5108/5108 2019/2019 5046/5046
f 2054/2054 2053/2053 2104/2104
f 5080/5080 4961/4961 2177/2177
f 5095/5095 4937/4937 5096/5096
f 5086/5086 5004/5004 5068/5068
f 2260/2260 4957/4957 2190/2190
f 5052/5052 5027/5027 5109/5109
f 5109/5109 5027/5027 5084/5084
f 5106/5106 5035/5035 5070/5070
f 2104/2104 2020/2020 5108/5108
f 4998/4998 5090/5090 5110/5110
f 2098/2098 2005/2005 2174/2174
f 5050/5050 5063/5063 5111/5111
f 5112/5112 5064/5064 5041/5041
f 4992/4992 5055/5055 5113/5113
f 5072/5072 4992/4992 5113/5113
f 5113/5113 5055/5055 5100/5100
f 5081/5081 5082/5082 5114/5114
f 5115/5115 5019/5019 5095/5095
f 2190/2190 4993/4993 2188/2188
f 5116/5116 5087/5087 5088/5088
f 5107/5107 5010/5010 5117/5117
f 5117/5117 5010/5010 5089/5089
f 5089/5089 4998/4998 5110/5110
f 5071/5071 5048/5048 5118/5118
f 2111/2111 1995/1995 2077/2077
f 4999/4999 5022/5022 5119/5119
f 5066/5066 4969/4969 5094/5094
f 5074/5074 5019/5019 5115/5115
f 5101/5101 4962/4962 5069/5069
f 5105/5105 5058/5058 5059/5059
f 5120/5120 5052/5052 5109/5109
f 5121/5121 5085/5085 5043/5043
f 5043/5043 5087/5087 5122/5122
f 5088/5088 5060/5060 5123/5123
f 5070/5070 5036/5036 5124/5124
f 5097/5097 5071/5071 5125/5125
f 5125/5125 5071/5071 5118/5118
f 2128/2128 2022/2022 1960/1960
f 5016/5016 5017/5017 5111/5111
f 5126/5126 5063/5063 5054/5054
f 5054/5054 5098/5098 5127/5127
f 5065/5065 5080/5080 2179/2179
f 5128/5128 5083/5083 5066/5066
f 5121/5121 5043/5043 5129/5129
f 5129/5129 5043/5043 5122/5122
f 5122/5122 5087/5087 5116/5116
f 5124/5124 5036/5036 5107/5107
f 5130/5130 5053/5053 5049/5049
f 2060/2060 4955/4955 5131/5131
f 5111/5111 5017/5017 5050/5050
f 5132/5132 5081/5081 5114/5114
f 2148/2148 2029/2029 5056/5056
f 5042/5042 5073/5073 5133/5133
f 2131/2131 1990/1990 2073/2073
f 2141/2141 2140/2140 5086/5086
f 5059/5059 5052/5052 5120/5120
f 5045/5045 5020/5020 5134/5134
f 5118/5118 5048/5048 5135/5135
f 5135/5135 5048/5048 5091/5091
f 2196/2196 2086/2086 5053/5053
f 5049/5049 2060/2060 5131/5131
f 5092/5092 5033/5033 5136/5136
f 5137/5137 5034/5034 5016/5016
f 5126/5126 5054/5054 5138/5138
f 5098/5098 5064/5064 5139/5139
f 5140/5140 5041/5041 5099/5099
f 5141/5141 5086/5086 5068/5068
f 5068/5068 4975/4975 5142/5142
f 2151/2151 2066/2066 5102/5102
f 5143/5143 5102/5102 5078/5078
f 5144/5144 2054/2054 2104/2104
f 2197/2197 5014/5014 2198/2198
f 5111/5111 5063/5063 5126/5126
f 5139/5139 5064/5064 5112/5112
f 5112/5112 5041/5041 5140/5140
f 5145/5145 5065/5065 2179/2179
f 5100/5100 5081/5081 5132/5132
f 5146/5146 2066/2066 2152/2152
f 5060/5060 5044/5044 5147/5147
f 5148/5148 5045/5045 5134/5134
f 2159/2159 1985/1985 1987/1987
f 5149/5149 5070/5070 5124/5124
f 5091/5091 2054/2054 5144/5144
f 5150/5150 5097/5097 5125/5125
f 5104/5104 5032/5032 5151/5151
f 5131/5131 4955/4955 5092/5092
f 5136/5136 5033/5033 5093/5093
f 5093/5093 4999/4999 5119/5119
f 5022/5022 5034/5034 5137/5137
f 5119/5119 5022/5022 5137/5137
f 5067/5067 5051/5051 5152/5152
f 5152/5152 5051/5051 5153/5153
f 5051/5051 5074/5074 5154/5154
f 2141/2141 5086/5086 5155/5155
f 5156/5156 5076/5076 2260/2260
f 5157/5157 5146/5146 2152/2152
f 5143/5143 5078/5078 5105/5105
f 5105/5105 5059/5059 5158/5158
f 5059/5059 5120/5120 5158/5158
f 5121/5121 5129/5129 5159/5159
f 5129/5129 5122/5122 5159/5159
f 5116/5116 5088/5088 5160/5160
f 5123/5123 5160/5160 5088/5088
f 5089/5089 5110/5110 5117/5117
f 5110/5110 5090/5090 5161/5161
f 2196/2196 5053/5053 5162/5162
f 5162/5162 5053/5053 5130/5130
f 2198/2198 2086/2086 2196/2196
f 5138/5138 5054/5054 5127/5127
f 5127/5127 5098/5098 5139/5139
f 5128/5128 5066/5066 5163/5163
f 5153/5153 5051/5051 5154/5154
f 5155/5155 5086/5086 5141/5141
f 5159/5159 5122/5122 5164/5164
f 5164/5164 5122/5122 5116/5116
f 5165/5165 5106/5106 5166/5166
f 5166/5166 5106/5106 5070/5070
f 5140/5140 5099/5099 5167/5167
f 5080/5080 2177/2177 2179/2179
f 5163/5163 5066/5066 5094/5094
f 5115/5115 5095/5095 5168/5168
f 5169/5169 2139/2139 2141/2141
f 5169/5169 2141/2141 5170/5170
f 5170/5170 2141/2141 5155/5155
f 5120/5120 5109/5109 5171/5171
f 5172/5172 5121/5121 5159/5159
f 5173/5173 5116/5116 5160/5160
f 5166/5166 5070/5070 5149/5149
f 2168/2168 2167/2167 1985/1985
f 5046/5046 5062/5062 5174/5174
f 5174/5174 5062/5062 5175/5175
f 5137/5137 5016/5016 5176/5176
f 2233/2233 5072/5072 5113/5113
f 2178/2178 2177/2177 5042/5042
f 5177/5177 2149/2149 2148/2148
f 5094/5094 5067/5067 5152/5152
f 5124/5124 5107/5107 5178/5178
f 5175/5175 5062/5062 5103/5103
f 5179/5179 5093/5093 5119/5119
f 5176/5176 5016/5016 5111/5111
f 5180/5180 5111/5111 5126/5126
f 5139/5139 5112/5112 5181/5181
f 5056/5056 5072/5072 2233/2233
f 2178/2178 5042/5042 5133/5133
f 5154/5154 5074/5074 5115/5115
f 5182/5182 2151/2151 5102/5102
f 5143/5143 5105/5105 5183/5183
f 5164/5164 5116/5116 5173/5173
f 5149/5149 5124/5124 2253/2253
f 5049/5049 5131/5131 5184/5184
f 5136/5136 5093/5093 5179/5179
f 5181/5181 5112/5112 5140/5140
f 2232/2232 5056/5056 2233/2233
f 5185/5185 5115/5115 5168/5168
f 5186/5186 5101/5101 5069/5069
f 5187/5187 5069/5069 5076/5076
f 5123/5123 5060/5060 5188/5188
f 5188/5188 5060/5060 5147/5147
f 5189/5189 5117/5117 5110/5110
f 5131/5131 5092/5092 5190/5190
f 5092/5092 5136/5136 5191/5191
f 5138/5138 5127/5127 5192/5192
f 5181/5181 5140/5140 5193/5193
f 2233/2233 5113/5113 2231/2231
f 2231/2231 5113/5113 5100/5100
f 5153/5153 5154/5154 5194/5194
f 5154/5154 5115/5115 5195/5195
f 5068/5068 5142/5142 5196/5196
f 5187/5187 5076/5076 5156/5156
f 2260/2260 2190/2190 2189/2189
f 2297/2297 2114/2114 2199/2199
f 5197/5197 5183/5183 5105/5105
f 5172/5172 5159/5159 5198/5198
f 5173/5173 5160/5160 5199/5199
f 5165/5165 5166/5166 5200/5200
f 2253/2253 5124/5124 5178/5178
f 5178/5178 5107/5107 5201/5201
f 5108/5108 5046/5046 5202/5202
f 5202/5202 5046/5046 5174/5174
f 5192/5192 5127/5127 5203/5203
f 5127/5127 5139/5139 5203/5203
f 2231/2231 5100/5100 5132/5132
f 5132/5132 5114/5114 5204/5204
f 2148/2148 5056/5056 2232/2232
f 5205/5205 5128/5128 5206/5206
f 5128/5128 5163/5163 5206/5206
f 5163/5163 5094/5094 5207/5207
f 5207/5207 5094/5094 5152/5152
f 5208/5208 5157/5157 2152/2152
f 2152/2152 2151/2151 5182/5182
f 5182/5182 5102/5102 5143/5143
f 5198/5198 5159/5159 5164/5164
f 5200/5200 5166/5166 5149/5149
f 5201/5201 5107/5107 5117/5117
f 2229/2229 2174/2174 2128/2128
f 5209/5209 5179/5179 5119/5119
f 5176/5176 5111/5111 5180/5180
f 5180/5180 5126/5126 5210/5210
f 5210/5210 5126/5126 5138/5138
f 5145/5145 2179/2179 5211/5211
f 2231/2231 5132/5132 5204/5204
f 5212/5212 5155/5155 5141/5141
f 5213/5213 5101/5101 5186/5186
f 5214/5214 5164/5164 5173/5173
f 2255/2255 5149/5149 2253/2253
f 5215/5215 5117/5117 5189/5189
f 5191/5191 5136/5136 5179/5179
f 5203/5203 5139/5139 5181/5181
f 5193/5193 5140/5140 5216/5216
f 5216/5216 5140/5140 5167/5167
f 5141/5141 5068/5068 5196/5196
f 5182/5182 5143/5143 5183/5183
f 5197/5197 5105/5105 5158/5158
f 5198/5198 5164/5164 5214/5214
f 5200/5200 5149/5149 5217/5217
f 5217/5217 5149/5149 5218/5218
f 5218/5218 5149/5149 2255/2255
f 5219/5219 5150/5150 5125/5125
f 5219/5219 5125/5125 5220/5220
f 5220/5220 5125/5125 5118/5118
f 5184/5184 5131/5131 5190/5190
f 5211/5211 2179/2179 2178/2178
f 5206/5206 5163/5163 5207/5207
f 5195/5195 5115/5115 5185/5185
f 5170/5170 5155/5155 5212/5212
f 5221/5221 5120/5120 5171/5171
f 5199/5199 5160/5160 5222/5222
f 5222/5222 5160/5160 5123/5123
f 5217/5217 5218/5218 5223/5223
f 5201/5201 5117/5117 5215/5215
f 5189/5189 5110/5110 5224/5224
f 5224/5224 5110/5110 5161/5161
f 5220/5220 5118/5118 5135/5135
f 5220/5220 5135/5135 5225/5225
f 5225/5225 5135/5135 5091/5091
f 5226/5226 5190/5190 5092/5092
f 5227/5227 5203/5203 5181/5181
f 5216/5216 5167/5167 5228/5228
f 2280/2280 5177/5177 2148/2148
f 5194/5194 5154/5154 5195/5195
f 5212/5212 5141/5141 5229/5229
f 5229/5229 5141/5141 5196/5196
f 5214/5214 5173/5173 5230/5230
f 5230/5230 5173/5173 5199/5199
f 5222/5222 5123/5123 5188/5188
f 5223/5223 5218/5218 5231/5231
f 2225/2225 101/101 2263/2263
f 5231/5231 5218/5218 2255/2255
f 5225/5225 5091/5091 2308/2308
f 5175/5175 5103/5103 5232/5232
f 5233/5233 5234/5234 2173/2173
f 5119/5119 5137/5137 5235/5235
f 5210/5210 5138/5138 5192/5192
f 5227/5227 5181/5181 5193/5193
f 5211/5211 2178/2178 2293/2293
f 5236/5236 5207/5207 5152/5152
f 5237/5237 5152/5152 5153/5153
f 5237/5237 5153/5153 5194/5194
f 5186/5186 5069/5069 5187/5187
f 5183/5183 5197/5197 5238/5238
f 5158/5158 5120/5120 5221/5221
f 5198/5198 5214/5214 5239/5239
f 2308/2308 5091/5091 5144/5144
f 2308/2308 5144/5144 2286/2286
f 2288/2288 2196/2196 5162/5162
f 2290/2290 2197/2197 2196/2196
f 5226/5226 5092/5092 5191/5191
f 5209/5209 5119/5119 5235/5235
f 5210/5210 5192/5192 5240/5240
f 5206/5206 5207/5207 5236/5236
f 5236/5236 5152/5152 5241/5241
f 5242/5242 5183/5183 5238/5238
f 5235/5235 5137/5137 5176/5176
f 5227/5227 5193/5193 5243/5243
f 5216/5216 5228/5228 5244/5244
f 2294/2294 2148/2148 2232/2232
f 2280/2280 2148/2148 2294/2294
f 2282/2282 5177/5177 2280/2280
f 5241/5241 5152/5152 5237/5237
f 5239/5239 5214/5214 5230/5230
f 5245/5245 2253/2253 5178/5178
f 2286/2286 5144/5144 2104/2104
f 5049/5049 5184/5184 5246/5246
f 5130/5130 5049/5049 5246/5246
f 2290/2290 2196/2196 2288/2288
f 5247/5247 5191/5191 5179/5179
f 5248/5248 5203/5203 5227/5227
f 5243/5243 5193/5193 5216/5216
f 5249/5249 5211/5211 5250/5250
f 2231/2231 5204/5204 5251/5251
f 5251/5251 5204/5204 5252/5252
f 5250/5250 5211/5211 2293/2293
f 5253/5253 5205/5205 5254/5254
f 5254/5254 5205/5205 5206/5206
f 5237/5237 5194/5194 5255/5255
f 5185/5185 5168/5168 5256/5256
f 5257/5257 5169/5169 5170/5170
f 2152/2152 5182/5182 5258/5258
f 5245/5245 5178/5178 5259/5259
f 5259/5259 5178/5178 5201/5201
f 2285/2285 2104/2104 5108/5108
f 5174/5174 5175/5175 5260/5260
f 2288/2288 5162/5162 5130/5130
f 5184/5184 5190/5190 5261/5261
f 5261/5261 5190/5190 5226/5226
f 5262/5262 5179/5179 5209/5209
f 5235/5235 5176/5176 5263/5263
f 5264/5264 5180/5180 5210/5210
f 5248/5248 5227/5227 5265/5265
f 5265/5265 5227/5227 5266/5266
f 5267/5267 2232/2232 2231/2231
f 5267/5267 2231/2231 5268/5268
f 5268/5268 2231/2231 5251/5251
f 2294/2294 2232/2232 5267/5267
f 5254/5254 5206/5206 5236/5236
f 2269/2269 2154/2154 2164/2164
f 5194/5194 5195/5195 5269/5269
f 5270/5270 5185/5185 5256/5256
f 5156/5156 2260/2260 2259/2259
f 5221/5221 5171/5171 5271/5271
f 5271/5271 5171/5171 5272/5272
f 2347/2347 5231/5231 2254/2254
f 2254/2254 5231/5231 2255/2255
f 5233/5233 2173/2173 2276/2276
f 5263/5263 5176/5176 5180/5180
f 5273/5273 5210/5210 5240/5240
f 5266/5266 5227/5227 5243/5243
f 5243/5243 5216/5216 5274/5274
f 5274/5274 5216/5216 5244/5244
f 5195/5195 5185/5185 5269/5269
f 5269/5269 5185/5185 5270/5270
f 5170/5170 5212/5212 5257/5257
f 5257/5257 5212/5212 5275/5275
f 5213/5213 5186/5186 5276/5276
f 5276/5276 5186/5186 5187/5187
f 5208/5208 2152/2152 5258/5258
f 5277/5277 5158/5158 5221/5221
f 5259/5259 5201/5201 5278/5278
f 5278/5278 5201/5201 5215/5215
f 5226/5226 5191/5191 5247/5247
f 5247/5247 5179/5179 5262/5262
f 5240/5240 5192/5192 5279/5279
f 5279/5279 5192/5192 5203/5203
f 5280/5280 5249/5249 5250/5250
f 5268/5268 5251/5251 5252/5252
f 5197/5197 5158/5158 5277/5277
f 2254/2254 2253/2253 5245/5245
f 2285/2285 5108/5108 5202/5202
f 5219/5219 5220/5220 5281/5281
f 5264/5264 5263/5263 5180/5180
f 5264/5264 5210/5210 5273/5273
f 5279/5279 5203/5203 5282/5282
f 5203/5203 5248/5248 5282/5282
f 5266/5266 5243/5243 5283/5283
f 5236/5236 5241/5241 5284/5284
f 5182/5182 5183/5183 5285/5285
f 5286/5286 5221/5221 5271/5271
f 5198/5198 5239/5239 5287/5287
f 5245/5245 5259/5259 5288/5288
f 5261/5261 5226/5226 5289/5289
f 5283/5283 5243/5243 5274/5274
f 5280/5280 5250/5250 2293/2293
f 5290/5290 5268/5268 5252/5252
f 5280/5280 2293/2293 2292/2292
f 5229/5229 5196/5196 5291/5291
f 5292/5292 5213/5213 5276/5276
f 5258/5258 5182/5182 5285/5285
f 5285/5285 5183/5183 5242/5242
f 5287/5287 5239/5239 5230/5230
f 5230/5230 5199/5199 5293/5293
f 5294/5294 5222/5222 5188/5188
f 5295/5295 5188/5188 5147/5147
f 2347/2347 2254/2254 2345/2345
f 5189/5189 5224/5224 5296/5296
f 5296/5296 5224/5224 5297/5297
f 5281/5281 5220/5220 5298/5298
f 5298/5298 5220/5220 5225/5225
f 5298/5298 5225/5225 5299/5299
f 5299/5299 5225/5225 2308/2308
f 5299/5299 2308/2308 2307/2307
f 5289/5289 5226/5226 5300/5300
f 5301/5301 5248/5248 5265/5265
f 5283/5283 5274/5274 5302/5302
f 5303/5303 5267/5267 5268/5268
f 5304/5304 5268/5268 5290/5290
f 5254/5254 5236/5236 5284/5284
f 5237/5237 5255/5255 5305/5305
f 5275/5275 5212/5212 5229/5229
f 5306/5306 5187/5187 5156/5156
f 5294/5294 5188/5188 5295/5295
f 5300/5300 5226/5226 5247/5247
f 5282/5282 5248/5248 5301/5301
f 5303/5303 5268/5268 5304/5304
f 2375/2375 2294/2294 5267/5267
f 2375/2375 5267/5267 5303/5303
f 5290/5290 5252/5252 5307/5307
f 5253/5253 5254/5254 5308/5308
f 5241/5241 5237/5237 5305/5305
f 5309/5309 5197/5197 5277/5277
f 5310/5310 5271/5271 5272/5272
f 5287/5287 5230/5230 5311/5311
f 5288/5288 5259/5259 5278/5278
f 5278/5278 5215/5215 5312/5312
f 5312/5312 5215/5215 5313/5313
f 5215/5215 5189/5189 5313/5313
f 5313/5313 5189/5189 5296/5296
f 5260/5260 5175/5175 5232/5232
f 2288/2288 5130/5130 2328/2328
f 2328/2328 5130/5130 5314/5314
f 5315/5315 5316/5316 5317/5317
f 5318/5318 5280/5280 2292/2292
f 5308/5308 5254/5254 5319/5319
f 2292/2292 2291/2291 5320/5320
f 5319/5319 5254/5254 5284/5284
f 5255/5255 5194/5194 5321/5321
f 5321/5321 5194/5194 5322/5322
f 5323/5323 5238/5238 5197/5197
f 5324/5324 5198/5198 5287/5287
f 5311/5311 5230/5230 5293/5293
f 5199/5199 5222/5222 5293/5293
f 5293/5293 5222/5222 5294/5294
f 5314/5314 5130/5130 5246/5246
f 2289/2289 2288/2288 2329/2329
f 2340/2340 2290/2290 2289/2289
f 5246/5246 5184/5184 5261/5261
f 5300/5300 5247/5247 5325/5325
f 5325/5325 5247/5247 5262/5262
f 5262/5262 5209/5209 5326/5326
f 5279/5279 5273/5273 5240/5240
f 5301/5301 5265/5265 5327/5327
f 5265/5265 5266/5266 5328/5328
f 5328/5328 5266/5266 5283/5283
f 5318/5318 2292/2292 5320/5320
f 5305/5305 5255/5255 5321/5321
f 5322/5322 5194/5194 5269/5269
f 5276/5276 5187/5187 5306/5306
f 5208/5208 5258/5258 5329/5329
f 5323/5323 5197/5197 5309/5309
f 5309/5309 5277/5277 5330/5330
f 5277/5277 5221/5221 5286/5286
f 5148/5148 5134/5134 5331/5331
f 5246/5246 5261/5261 5289/5289
f 5209/5209 5235/5235 5332/5332
f 5332/5332 5235/5235 5263/5263
f 5333/5333 5264/5264 5273/5273
f 5327/5327 5265/5265 5328/5328
f 5334/5334 5283/5283 5302/5302
f 5335/5335 5315/5315 5336/5336
f 5336/5336 5315/5315 5317/5317
f 2295/2295 2294/2294 2375/2375
f 5337/5337 5257/5257 5275/5275
f 2259/2259 2189/2189 2408/2408
f 5242/5242 5238/5238 5323/5323
f 5295/5295 5147/5147 5338/5338
f 2345/2345 2254/2254 5339/5339
f 5340/5340 2169/2169 2168/2168
f 2330/2330 2210/2210 2324/2324
f 5263/5263 5264/5264 5332/5332
f 5332/5332 5264/5264 5333/5333
f 5341/5341 5328/5328 5283/5283
f 5334/5334 5302/5302 5342/5342
f 5290/5290 5307/5307 5343/5343
f 5308/5308 5319/5319 5344/5344
f 5345/5345 5317/5317 5346/5346
f 5306/5306 5156/5156 2259/2259
f 5329/5329 5258/5258 5347/5347
f 5347/5347 5258/5258 5285/5285
f 2392/2392 2270/2270 2265/2265
f 5348/5348 5313/5313 5296/5296
f 5326/5326 5209/5209 5332/5332
f 5333/5333 5273/5273 5279/5279
f 5282/5282 5301/5301 5327/5327
f 5327/5327 5328/5328 5349/5349
f 5336/5336 5317/5317 5345/5345
f 5345/5345 5346/5346 5350/5350
f 5351/5351 5241/5241 5305/5305
f 5351/5351 5305/5305 5321/5321
f 5352/5352 5270/5270 5256/5256
f 5275/5275 5229/5229 5353/5353
f 5354/5354 5271/5271 5310/5310
f 2392/2392 2265/2265 2348/2348
f 2254/2254 5245/5245 5339/5339
f 5288/5288 5278/5278 5355/5355
f 5355/5355 5278/5278 5312/5312
f 2396/2396 2285/2285 5202/5202
f 2286/2286 2285/2285 2396/2396
f 2307/2307 2286/2286 2398/2398
f 5356/5356 2276/2276 2309/2309
f 5357/5357 5246/5246 5289/5289
f 5358/5358 5289/5289 5300/5300
f 5325/5325 5262/5262 5359/5359
f 5359/5359 5262/5262 5326/5326
f 5341/5341 5283/5283 5334/5334
f 5334/5334 5342/5342 5360/5360
f 5335/5335 5336/5336 5361/5361
f 5361/5361 5336/5336 5345/5345
f 2383/2383 5303/5303 5304/5304
f 2383/2383 5304/5304 5362/5362
f 5304/5304 5290/5290 5362/5362
f 5319/5319 5284/5284 5363/5363
f 5284/5284 5241/5241 5363/5363
f 5363/5363 5241/5241 5351/5351
f 5351/5351 5321/5321 5364/5364
f 5322/5322 5269/5269 5365/5365
f 5269/5269 5270/5270 5365/5365
f 5365/5365 5270/5270 5352/5352
f 5366/5366 5276/5276 5306/5306
f 5355/5355 5245/5245 5288/5288
f 5312/5312 5313/5313 5348/5348
f 2398/2398 2286/2286 2396/2396
f 5367/5367 5281/5281 5298/5298
f 5367/5367 5298/5298 5299/5299
f 2339/2339 2289/2289 2329/2329
f 5368/5368 5300/5300 5325/5325
f 2242/2242 2236/2236 2331/2331
f 5369/5369 5332/5332 5333/5333
f 5282/5282 5327/5327 5370/5370
f 5371/5371 5335/5335 5361/5361
f 2383/2383 2375/2375 5303/5303
f 5362/5362 5290/5290 5343/5343
f 5344/5344 5319/5319 5372/5372
f 5364/5364 5321/5321 5322/5322
f 5353/5353 5229/5229 5373/5373
f 5373/5373 5229/5229 5291/5291
f 5374/5374 5292/5292 5276/5276
f 5285/5285 5242/5242 5375/5375
f 2659/2659 5285/5285 5375/5375
f 5286/5286 5271/5271 5354/5354
f 5260/5260 5232/5232 5376/5376
f 5296/5296 5297/5297 5377/5377
f 5378/5378 5281/5281 5367/5367
f 5379/5379 5233/5233 2276/2276
f 2368/2368 2329/2329 2328/2328
f 5380/5380 5246/5246 5357/5357
f 2330/2330 2324/2324 2381/2381
f 5358/5358 5300/5300 5368/5368
f 5370/5370 5279/5279 5282/5282
f 5349/5349 5328/5328 5341/5341
f 5372/5372 5319/5319 5363/5363
f 5381/5381 5257/5257 5337/5337
f 5382/5382 5287/5287 5311/5311
f 5383/5383 5311/5311 5293/5293
f 5384/5384 5339/5339 5245/5245
f 5312/5312 5348/5348 5385/5385
f 5348/5348 5296/5296 5377/5377
f 5367/5367 5299/5299 2507/2507
f 2507/2507 5299/5299 2307/2307
f 5379/5379 2276/2276 5356/5356
f 2368/2368 2328/2328 5314/5314
f 5386/5386 5325/5325 5359/5359
f 5359/5359 5326/5326 5387/5387
f 5388/5388 5279/5279 5370/5370
f 5389/5389 5327/5327 5349/5349
f 5334/5334 5360/5360 5390/5390
f 5390/5390 5360/5360 5391/5391
f 5392/5392 5371/5371 5361/5361
f 5364/5364 5322/5322 5393/5393
f 5393/5393 5322/5322 5365/5365
f 5309/5309 5330/5330 5394/5394
f 5324/5324 5287/5287 5382/5382
f 5395/5395 2345/2345 5339/5339
f 5384/5384 5245/5245 5355/5355
f 5355/5355 5312/5312 5396/5396
f 5314/5314 5246/5246 5380/5380
f 5397/5397 2340/2340 2339/2339
f 5357/5357 5289/5289 5358/5358
f 5325/5325 5386/5386 5368/5368
f 5333/5333 5279/5279 5388/5388
f 5370/5370 5327/5327 5398/5398
f 5390/5390 5341/5341 5334/5334
f 5392/5392 5361/5361 5345/5345
f 5345/5345 5350/5350 2406/2406
f 2390/2390 2296/2296 2333/2333
f 5242/5242 5323/5323 5375/5375
f 5399/5399 2396/2396 5202/5202
f 5400/5400 2368/2368 5314/5314
f 5397/5397 2339/2339 2440/2440
f 5380/5380 5357/5357 5401/5401
f 5386/5386 5359/5359 5402/5402
f 5387/5387 5326/5326 5403/5403
f 5403/5403 5326/5326 5332/5332
f 5389/5389 5349/5349 5341/5341
f 5404/5404 5341/5341 5390/5390
f 5405/5405 5392/5392 5345/5345
f 5406/5406 2383/2383 5362/5362
f 5406/5406 5362/5362 5407/5407
f 5405/5405 5345/5345 2406/2406
f 5408/5408 2376/2376 2383/2383
f 5306/5306 2259/2259 2409/2409
f 5409/5409 5306/5306 2409/2409
f 5410/5410 5286/5286 5354/5354
f 5354/5354 5310/5310 5411/5411
f 2379/2379 2345/2345 5395/5395
f 5396/5396 5312/5312 5385/5385
f 5399/5399 5202/5202 5412/5412
f 5412/5412 5202/5202 5174/5174
f 2397/2397 2396/2396 5399/5399
f 2307/2307 2398/2398 2397/2397
f 5332/5332 5369/5369 5403/5403
f 5389/5389 5341/5341 5404/5404
f 5390/5390 5391/5391 5413/5413
f 5408/5408 2383/2383 5406/5406
f 5407/5407 5362/5362 5414/5414
f 5362/5362 5343/5343 5414/5414
f 2353/2353 2295/2295 2376/2376
f 5374/5374 5276/5276 5366/5366
f 5329/5329 5347/5347 5415/5415
f 2507/2507 2307/2307 2397/2397
f 2440/2440 2339/2339 2368/2368
f 2442/2442 5397/5397 2440/2440
f 5358/5358 5368/5368 5416/5416
f 5388/5388 5370/5370 5417/5417
f 5327/5327 5389/5389 5398/5398
f 5418/5418 5404/5404 5390/5390
f 5419/5419 5392/5392 5405/5405
f 5420/5420 5344/5344 5372/5372
f 5372/5372 5363/5363 5421/5421
f 5421/5421 5363/5363 5351/5351
f 5351/5351 5364/5364 5422/5422
f 5422/5422 5364/5364 5393/5393
f 5365/5365 5352/5352 5423/5423
f 5423/5423 5352/5352 5424/5424
f 5424/5424 5352/5352 2561/2561
f 5425/5425 5381/5381 5337/5337
f 5337/5337 5275/5275 5353/5353
f 5277/5277 5286/5286 5426/5426
f 5426/5426 5286/5286 5410/5410
f 5427/5427 5382/5382 5311/5311
f 5311/5311 5383/5383 5427/5427
f 2379/2379 5395/5395 2503/2503
f 5395/5395 5339/5339 5384/5384
f 2368/2368 5400/5400 5428/5428
f 5400/5400 5314/5314 5380/5380
f 2440/2440 2368/2368 5428/5428
f 5401/5401 5357/5357 5358/5358
f 5416/5416 5368/5368 5429/5429
f 5402/5402 5359/5359 5387/5387
f 5369/5369 5333/5333 5388/5388
f 5430/5430 5370/5370 5398/5398
f 5390/5390 5413/5413 5431/5431
f 5432/5432 5390/5390 5431/5431
f 5433/5433 5419/5419 5405/5405
f 2405/2405 5405/5405 2406/2406
f 5434/5434 2353/2353 2376/2376
f 5347/5347 5285/5285 2659/2659
f 5323/5323 5309/5309 5394/5394
f 5330/5330 5277/5277 5426/5426
f 5435/5435 5324/5324 5436/5436
f 5436/5436 5324/5324 5382/5382
f 5427/5427 5383/5383 5437/5437
f 5437/5437 5383/5383 5293/5293
f 5295/5295 5338/5338 5438/5438
f 5340/5340 2168/2168 2423/2423
f 5412/5412 5174/5174 5260/5260
f 5412/5412 5260/5260 5376/5376
f 5378/5378 5367/5367 5439/5439
f 5400/5400 5380/5380 5401/5401
f 2388/2388 2350/2350 2413/2413
f 5429/5429 5368/5368 5386/5386
f 5429/5429 5386/5386 5402/5402
f 2341/2341 2414/2414 2401/2401
f 5417/5417 5370/5370 5430/5430
f 5440/5440 5404/5404 5418/5418
f 5418/5418 5390/5390 5432/5432
f 5433/5433 5405/5405 2405/2405
f 5420/5420 5372/5372 5421/5421
f 5421/5421 5351/5351 2556/2556
f 2476/2476 2363/2363 2418/2418
f 2556/2556 5351/5351 5422/5422
f 5393/5393 5365/5365 5423/5423
f 5373/5373 5291/5291 5441/5441
f 5442/5442 5292/5292 5374/5374
f 5384/5384 5355/5355 5443/5443
f 5443/5443 5355/5355 5396/5396
f 5444/5444 5401/5401 5358/5358
f 5444/5444 5358/5358 5416/5416
f 5369/5369 5388/5388 5445/5445
f 5446/5446 5389/5389 5404/5404
f 5406/5406 5407/5407 2472/2472
f 2405/2405 2404/2404 5447/5447
f 5408/5408 5406/5406 2472/2472
f 5407/5407 5414/5414 5448/5448
f 2472/2472 5407/5407 5448/5448
f 5449/5449 5393/5393 5423/5423
f 5450/5450 5423/5423 5424/5424
f 5451/5451 5329/5329 5415/5415
f 5323/5323 5452/5452 2657/2657
f 5294/5294 5295/5295 5453/5453
f 5454/5454 5294/5294 5453/5453
f 5455/5455 5456/5456 5457/5457
f 5458/5458 5340/5340 2423/2423
f 5459/5459 5348/5348 5377/5377
f 2508/2508 2507/2507 2397/2397
f 5439/5439 5367/5367 2507/2507
f 5356/5356 2309/2309 2465/2465
f 2571/2571 2440/2440 5428/5428
f 2453/2453 2413/2413 2428/2428
f 5402/5402 5387/5387 5460/5460
f 5387/5387 5403/5403 5461/5461
f 5398/5398 5389/5389 5446/5446
f 5446/5446 5404/5404 5440/5440
f 5462/5462 5463/5463 5433/5433
f 5433/5433 2405/2405 5464/5464
f 5464/5464 2405/2405 5447/5447
f 2376/2376 5408/5408 2472/2472
f 5465/5465 5420/5420 2555/2555
f 5420/5420 5421/5421 2555/2555
f 2555/2555 5421/5421 2556/2556
f 5422/5422 5393/5393 5449/5449
f 5425/5425 5337/5337 5466/5466
f 5375/5375 5323/5323 2657/2657
f 5452/5452 5323/5323 5394/5394
f 5354/5354 5411/5411 5467/5467
f 5468/5468 5435/5435 5436/5436
f 5437/5437 5293/5293 5454/5454
f 5454/5454 5293/5293 5294/5294
f 5453/5453 5295/5295 5469/5469
f 2505/2505 2379/2379 2503/2503
f 5470/5470 2503/2503 5395/5395
f 5396/5396 5385/5385 5471/5471
f 5385/5385 5348/5348 5459/5459
f 2397/2397 5399/5399 5472/5472
f 5473/5473 5378/5378 5439/5439
f 5379/5379 5356/5356 2465/2465
f 2569/2569 5428/5428 5400/5400
f 2571/2571 5428/5428 2569/2569
f 5400/5400 5401/5401 5474/5474
f 2441/2441 2440/2440 2571/2571
f 5416/5416 5429/5429 5475/5475
f 5476/5476 5402/5402 5460/5460
f 5460/5460 5387/5387 5461/5461
f 5403/5403 5369/5369 5461/5461
f 5461/5461 5369/5369 5445/5445
f 5445/5445 5388/5388 5477/5477
f 5477/5477 5388/5388 2519/2519
f 2519/2519 5388/5388 2520/2520
f 5388/5388 5417/5417 2520/2520
f 5430/5430 5398/5398 5478/5478
f 5478/5478 5398/5398 5446/5446
f 5462/5462 5479/5479 5463/5463
f 5480/5480 5481/5481 5482/5482
f 5464/5464 5462/5462 5433/5433
f 5462/5462 5464/5464 2483/2483
f 2473/2473 2472/2472 5483/5483
f 2494/2494 5484/5484 5485/5485
f 2457/2457 2376/2376 2472/2472
f 5434/5434 2376/2376 2458/2458
f 5449/5449 2556/2556 5422/5422
f 2459/2459 2363/2363 2476/2476
f 5449/5449 5423/5423 5450/5450
f 5450/5450 5424/5424 2563/2563
f 5436/5436 5382/5382 2776/2776
f 5486/5486 5382/5382 5427/5427
f 5471/5471 5385/5385 5459/5459
f 5487/5487 5378/5378 5473/5473
f 2569/2569 5400/5400 5474/5474
f 5474/5474 5401/5401 5488/5488
f 5401/5401 5444/5444 5488/5488
f 5444/5444 5416/5416 5489/5489
f 5489/5489 5416/5416 5475/5475
f 5429/5429 5402/5402 5476/5476
f 2520/2520 5417/5417 5490/5490
f 5490/5490 5417/5417 5430/5430
f 5491/5491 5492/5492 5493/5493
f 5492/5492 2471/2471 2470/2470
f 5493/5493 5492/5492 2470/2470
f 2563/2563 5424/5424 2561/2561
f 2659/2659 5375/5375 2657/2657
f 2776/2776 5382/5382 5486/5486
f 5470/5470 5395/5395 5494/5494
f 5494/5494 5395/5395 5384/5384
f 5472/5472 5399/5399 5495/5495
f 5495/5495 5399/5399 5412/5412
f 5496/5496 2397/2397 5472/5472
f 2506/2506 5439/5439 2507/2507
f 2453/2453 2452/2452 2605/2605
f 5475/5475 5429/5429 5497/5497
f 5429/5429 5476/5476 5497/5497
f 5460/5460 5461/5461 5498/5498
f 5498/5498 5461/5461 5499/5499
f 5499/5499 5461/5461 5445/5445
f 5499/5499 5445/5445 5500/5500
f 5500/5500 5445/5445 5477/5477
f 5500/5500 5477/5477 5501/5501
f 5501/5501 5477/5477 2519/2519
f 5502/5502 5490/5490 5430/5430
f 5502/5502 5430/5430 5503/5503
f 5503/5503 5430/5430 5478/5478
f 5503/5503 5478/5478 5504/5504
f 5504/5504 5478/5478 5446/5446
f 5505/5505 5446/5446 5440/5440
f 5440/5440 5418/5418 5506/5506
f 5507/5507 2488/2488 2526/2526
f 2526/2526 2488/2488 2489/2489
f 2490/2490 2483/2483 5464/5464
f 2494/2494 5485/5485 2542/2542
f 2551/2551 2490/2490 5464/5464
f 2551/2551 5464/5464 5447/5447
f 5485/5485 5508/5508 5509/5509
f 5466/5466 5337/5337 5353/5353
f 2409/2409 2408/2408 2564/2564
f 5415/5415 5347/5347 5510/5510
f 5510/5510 5347/5347 2659/2659
f 5511/5511 5426/5426 5410/5410
f 5410/5410 5354/5354 5467/5467
f 5427/5427 5437/5437 5512/5512
f 2504/2504 5513/5513 2505/2505
f 5494/5494 5384/5384 5514/5514
f 2508/2508 2397/2397 5496/5496
f 5515/5515 5412/5412 5376/5376
f 2606/2606 2512/2512 2514/2514
f 2514/2514 2513/2513 2516/2516
f 5501/5501 2519/2519 2521/2521
f 2521/2521 2520/2520 5490/5490
f 2521/2521 5490/5490 5502/5502
f 5504/5504 5446/5446 5505/5505
f 2618/2618 2493/2493 2542/2542
f 2550/2550 2490/2490 2551/2551
f 2542/2542 5485/5485 2619/2619
f 2619/2619 5485/5485 5509/5509
f 2557/2557 2556/2556 5516/5516
f 5516/5516 2556/2556 5449/5449
f 2560/2560 2459/2459 2559/2559
f 5517/5517 5449/5449 5450/5450
f 5518/5518 5450/5450 2563/2563
f 2563/2563 2562/2562 5519/5519
f 5409/5409 2409/2409 2565/2565
f 2504/2504 2503/2503 5470/5470
f 5495/5495 5412/5412 5515/5515
f 5520/5520 2508/2508 5496/5496
f 5473/5473 5439/5439 5521/5521
f 5521/5521 5439/5439 2506/2506
f 5522/5522 5523/5523 5524/5524
f 5379/5379 2465/2465 2632/2632
f 2569/2569 5474/5474 5525/5525
f 5474/5474 5488/5488 5525/5525
f 5488/5488 5444/5444 5489/5489
f 2573/2573 2574/2574 2576/2576
f 2530/2530 2531/2531 2588/2588
f 2550/2550 5526/5526 2490/2490
f 5516/5516 5449/5449 5517/5517
f 5517/5517 5450/5450 5518/5518
f 5518/5518 2563/2563 5519/5519
f 5519/5519 2562/2562 5527/5527
f 5466/5466 5353/5353 5528/5528
f 5528/5528 5353/5353 5373/5373
f 5442/5442 5374/5374 5366/5366
f 5451/5451 5415/5415 5529/5529
f 5436/5436 2776/2776 5530/5530
f 5486/5486 5427/5427 5512/5512
f 5512/5512 5437/5437 5454/5454
f 5531/5531 2504/2504 5532/5532
f 5532/5532 2504/2504 5470/5470
f 2701/2701 5458/5458 2423/2423
f 5396/5396 5471/5471 5533/5533
f 5534/5534 5472/5472 5495/5495
f 2569/2569 5525/5525 2570/2570
f 5535/5535 5489/5489 5475/5475
f 5535/5535 5475/5475 5497/5497
f 5535/5535 5497/5497 5536/5536
f 2607/2607 2514/2514 2637/2637
f 2514/2514 2572/2572 2637/2637
f 2610/2610 2576/2576 2642/2642
f 2576/2576 2579/2579 2642/2642
f 2647/2647 2616/2616 2617/2617
f 2647/2647 2617/2617 2618/2618
f 5537/5537 5538/5538 5539/5539
f 2549/2549 5540/5540 5526/5526
f 2549/2549 5526/5526 2550/2550
f 5541/5541 2557/2557 5516/5516
f 5542/5542 2657/2657 5452/5452
f 5543/5543 5452/5452 5394/5394
f 5394/5394 5330/5330 5544/5544
f 5544/5544 5330/5330 5426/5426
f 5468/5468 5436/5436 5530/5530
f 5532/5532 5470/5470 5494/5494
f 5521/5521 2506/2506 5545/5545
f 2506/2506 2508/2508 5520/5520
f 2633/2633 2441/2441 2571/2571
f 2633/2633 2635/2635 2441/2441
f 2638/2638 2572/2572 2639/2639
f 2639/2639 2610/2610 2666/2666
f 2666/2666 2610/2610 2642/2642
f 2643/2643 2611/2611 2670/2670
f 2671/2671 2611/2611 2612/2612
f 2680/2680 2615/2615 2646/2646
f 5546/5546 5547/5547 5548/5548
f 5549/5549 5548/5548 5538/5538
f 5549/5549 5538/5538 5537/5537
f 5550/5550 5540/5540 2549/2549
f 5551/5551 5541/5541 5516/5516
f 5552/5552 5517/5517 5518/5518
f 5519/5519 5527/5527 5553/5553
f 5366/5366 5306/5306 5409/5409
f 5510/5510 2659/2659 2658/2658
f 5554/5554 5452/5452 5543/5543
f 5543/5543 5394/5394 5544/5544
f 5555/5555 5531/5531 5532/5532
f 5556/5556 5494/5494 5514/5514
f 5514/5514 5384/5384 5557/5557
f 5557/5557 5384/5384 5443/5443
f 5443/5443 5396/5396 5533/5533
f 5558/5558 5471/5471 5459/5459
f 5534/5534 5495/5495 5515/5515
f 5487/5487 5473/5473 5521/5521
f 2571/2571 2570/2570 2810/2810
f 5559/5559 5488/5488 5489/5489
f 5535/5535 5536/5536 2741/2741
f 2741/2741 5536/5536 5560/5560
f 5561/5561 5562/5562 5563/5563
f 5562/5562 5564/5564 5563/5563
f 5563/5563 5564/5564 5565/5565
f 5565/5565 5564/5564 5566/5566
f 2668/2668 2643/2643 2670/2670
f 2674/2674 2644/2644 2676/2676
f 5567/5567 5568/5568 5569/5569
f 5569/5569 5568/5568 5570/5570
f 5570/5570 5571/5571 5572/5572
f 5572/5572 5571/5571 5573/5573
f 5574/5574 5547/5547 5546/5546
f 5546/5546 5548/5548 5575/5575
f 5575/5575 5548/5548 5549/5549
f 5549/5549 5537/5537 5576/5576
f 5577/5577 5537/5537 5578/5578
f 5579/5579 5580/5580 5540/5540
f 5579/5579 5540/5540 5550/5550
f 2621/2621 2648/2648 2649/2649
f 5581/5581 5551/5551 5516/5516
f 5582/5582 5579/5579 5550/5550
f 5581/5581 5516/5516 5583/5583
f 5584/5584 5585/5585 5586/5586
f 5583/5583 5516/5516 5587/5587
f 5587/5587 5516/5516 5517/5517
f 5587/5587 5517/5517 5552/5552
f 5552/5552 5518/5518 5588/5588
f 5589/5589 5518/5518 5519/5519
f 5589/5589 5519/5519 5553/5553
f 5373/5373 5441/5441 5590/5590
f 5529/5529 5415/5415 5510/5510
f 5554/5554 5542/5542 5452/5452
f 5591/5591 5410/5410 5592/5592
f 5592/5592 5410/5410 5467/5467
f 5593/5593 5531/5531 5555/5555
f 5555/5555 5532/5532 5594/5594
f 5594/5594 5532/5532 5494/5494
f 5494/5494 5556/5556 5594/5594
f 5496/5496 5472/5472 5595/5595
f 5596/5596 5520/5520 5496/5496
f 5522/5522 5524/5524 5597/5597
f 2568/2568 2665/2665 2451/2451
f 2810/2810 2570/2570 5525/5525
f 2633/2633 2571/2571 2810/2810
f 5525/5525 5488/5488 5598/5598
f 5559/5559 5489/5489 5535/5535
f 5559/5559 5535/5535 2740/2740
f 2740/2740 5535/5535 2741/2741
f 5599/5599 5560/5560 5561/5561
f 5600/5600 5561/5561 5563/5563
f 5565/5565 5566/5566 5601/5601
f 5601/5601 5566/5566 5602/5602
f 5566/5566 5603/5603 5602/5602
f 5602/5602 5603/5603 5604/5604
f 5603/5603 5605/5605 5604/5604
f 5604/5604 5605/5605 5606/5606
f 5606/5606 5605/5605 5607/5607
f 5607/5607 5605/5605 5608/5608
f 5607/5607 5608/5608 5609/5609
f 5609/5609 5608/5608 5610/5610
f 5609/5609 5610/5610 5567/5567
f 5609/5609 5567/5567 5611/5611
f 5611/5611 5567/5567 5569/5569
f 5569/5569 5570/5570 5612/5612
f 5612/5612 5570/5570 5572/5572
f 5613/5613 5572/5572 5573/5573
f 5613/5613 5573/5573 5614/5614
f 5614/5614 5573/5573 5574/5574
f 5614/5614 5574/5574 5546/5546
f 5614/5614 5546/5546 5615/5615
f 5615/5615 5546/5546 5575/5575
f 5575/5575 5549/5549 5576/5576
f 5576/5576 5537/5537 5577/5577
f 2648/2648 2684/2684 2708/2708
f 2648/2648 2708/2708 2649/2649
f 5616/5616 5584/5584 5617/5617
f 2649/2649 2708/2708 2651/2651
f 5617/5617 5584/5584 5586/5586
f 2653/2653 2689/2689 2691/2691
f 5588/5588 5518/5518 5589/5589
f 5618/5618 5528/5528 5373/5373
f 2565/2565 2564/2564 5619/5619
f 5511/5511 5410/5410 5591/5591
f 5620/5620 5593/5593 5555/5555
f 5556/5556 5514/5514 5557/5557
f 5533/5533 5471/5471 5558/5558
f 5595/5595 5472/5472 5534/5534
f 5621/5621 5521/5521 5545/5545
f 5545/5545 2506/2506 5622/5622
f 5623/5623 5534/5534 5515/5515
f 2631/2631 5624/5624 2632/2632
f 5624/5624 2631/2631 2805/2805
f 2665/2665 2721/2721 2510/2510
f 2810/2810 5525/5525 2808/2808
f 2808/2808 5525/5525 5598/5598
f 5598/5598 5488/5488 5559/5559
f 2741/2741 5560/5560 5599/5599
f 5599/5599 5561/5561 5600/5600
f 5625/5625 5600/5600 5563/5563
f 5625/5625 5563/5563 5565/5565
f 5625/5625 5565/5565 5626/5626
f 5626/5626 5565/5565 5601/5601
f 5607/5607 5609/5609 5627/5627
f 5611/5611 5569/5569 5628/5628
f 5628/5628 5569/5569 5612/5612
f 5612/5612 5572/5572 5629/5629
f 5629/5629 5572/5572 5613/5613
f 2726/2726 2725/2725 5630/5630
f 5630/5630 2725/2725 5631/5631
f 5631/5631 2725/2725 5632/5632
f 2725/2725 62/62 5632/5632
f 5631/5631 5632/5632 5633/5633
f 5632/5632 62/62 2759/2759
f 5633/5633 5632/5632 2759/2759
f 5634/5634 5635/5635 5636/5636
f 2683/2683 2753/2753 2684/2684
f 5637/5637 5580/5580 5579/5579
f 2684/2684 2728/2728 2708/2708
f 5638/5638 5577/5577 5578/5578
f 5639/5639 5616/5616 5617/5617
f 2708/2708 2729/2729 2730/2730
f 2708/2708 2730/2730 2689/2689
f 2689/2689 2730/2730 2691/2691
f 2692/2692 2691/2691 2731/2731
f 2654/2654 2694/2694 2711/2711
f 5640/5640 5587/5587 5552/5552
f 5588/5588 5589/5589 5553/5553
f 5553/5553 5527/5527 5641/5641
f 5642/5642 5528/5528 5618/5618
f 5618/5618 5373/5373 5590/5590
f 5542/5542 2658/2658 2657/2657
f 5554/5554 5543/5543 5643/5643
f 5544/5544 5426/5426 5511/5511
f 5468/5468 5530/5530 5644/5644
f 5530/5530 2776/2776 2775/2775
f 5486/5486 5512/5512 5645/5645
f 5454/5454 5453/5453 5646/5646
f 5620/5620 5555/5555 5647/5647
f 45/45 56/56 2717/2717
f 5646/5646 5453/5453 5469/5469
f 5647/5647 5555/5555 5594/5594
f 5455/5455 5457/5457 5648/5648
f 5648/5648 5457/5457 5649/5649
f 5558/5558 5459/5459 5650/5650
f 5651/5651 5487/5487 5521/5521
f 5651/5651 5521/5521 5621/5621
f 5596/5596 5496/5496 5595/5595
f 5621/5621 5545/5545 5622/5622
f 5622/5622 2506/2506 5596/5596
f 5596/5596 2506/2506 5520/5520
f 2633/2633 2810/2810 5652/5652
f 5653/5653 5559/5559 2740/2740
f 5653/5653 2740/2740 2742/2742
f 2742/2742 2741/2741 5654/5654
f 2741/2741 5599/5599 5654/5654
f 5654/5654 5599/5599 2838/2838
f 5599/5599 5600/5600 2838/2838
f 2838/2838 5600/5600 5625/5625
f 5626/5626 5601/5601 5655/5655
f 5655/5655 5601/5601 5602/5602
f 5655/5655 5602/5602 5656/5656
f 5656/5656 5602/5602 5604/5604
f 5656/5656 5604/5604 5606/5606
f 5656/5656 5606/5606 5657/5657
f 5657/5657 5606/5606 5607/5607
f 5657/5657 5607/5607 5627/5627
f 5627/5627 5609/5609 5611/5611
f 5627/5627 5611/5611 5628/5628
f 5612/5612 5629/5629 5628/5628
f 5628/5628 5629/5629 5658/5658
f 5629/5629 5613/5613 5658/5658
f 5658/5658 5613/5613 5659/5659
f 5659/5659 5613/5613 5614/5614
f 5659/5659 5614/5614 5615/5615
f 5659/5659 5615/5615 5660/5660
f 2727/2727 63/63 2725/2725
f 5660/5660 5615/5615 5575/5575
f 2726/2726 5630/5630 5661/5661
f 5660/5660 5575/5575 5638/5638
f 5662/5662 5663/5663 5634/5634
f 2753/2753 2755/2755 2684/2684
f 5664/5664 5665/5665 5666/5666
f 5638/5638 5575/5575 5576/5576
f 5663/5663 5635/5635 5634/5634
f 2764/2764 5664/5664 5666/5666
f 5638/5638 5576/5576 5577/5577
f 5636/5636 5635/5635 2762/2762
f 2762/2762 5635/5635 2760/2760
f 5667/5667 5616/5616 5639/5639
f 5668/5668 5667/5667 5639/5639
f 5638/5638 5578/5578 5669/5669
f 5670/5670 2763/2763 2765/2765
f 5670/5670 2765/2765 5671/5671
f 5672/5672 5581/5581 5583/5583
f 5617/5617 5586/5586 5673/5673
f 2730/2730 5674/5674 2731/2731
f 5672/5672 5583/5583 5587/5587
f 5672/5672 5587/5587 5675/5675
f 2731/2731 5674/5674 2710/2710
f 2710/2710 5674/5674 5676/5676
f 5677/5677 5678/5678 5679/5679
f 2771/2771 5680/5680 2769/2769
f 5587/5587 5640/5640 5675/5675
f 2771/2771 2770/2770 5681/5681
f 2772/2772 2655/2655 2712/2712
f 5640/5640 5552/5552 5682/5682
f 5682/5682 5552/5552 5588/5588
f 5683/5683 5366/5366 5409/5409
f 5644/5644 5530/5530 2775/2775
f 2777/2777 2776/2776 5486/5486
f 5512/5512 5454/5454 5645/5645
f 2778/2778 5684/5684 2779/2779
f 5647/5647 5684/5684 5620/5620
f 2779/2779 5684/5684 5647/5647
f 2779/2779 5647/5647 5594/5594
f 5557/5557 5443/5443 5685/5685
f 5685/5685 5443/5443 5533/5533
f 5595/5595 5534/5534 5686/5686
f 5686/5686 5534/5534 5687/5687
f 5687/5687 5534/5534 5623/5623
f 5598/5598 5559/5559 5688/5688
f 5688/5688 5559/5559 5653/5653
f 5689/5689 5690/5690 5691/5691
f 5689/5689 5691/5691 2737/2737
f 2838/2838 5625/5625 5692/5692
f 5625/5625 5626/5626 5692/5692
f 5692/5692 5626/5626 2841/2841
f 2841/2841 5626/5626 5693/5693
f 5626/5626 5655/5655 5693/5693
f 5694/5694 5695/5695 5696/5696
f 5694/5694 5696/5696 5697/5697
f 5697/5697 5696/5696 5698/5698
f 5698/5698 5696/5696 5699/5699
f 5698/5698 5699/5699 5700/5700
f 5697/5697 5698/5698 5701/5701
f 5697/5697 5701/5701 5702/5702
f 5701/5701 5698/5698 5703/5703
f 5698/5698 5700/5700 5703/5703
f 5703/5703 5700/5700 5704/5704
f 5704/5704 5700/5700 5705/5705
f 5705/5705 5700/5700 5706/5706
f 5701/5701 5703/5703 5704/5704
f 5705/5705 5706/5706 5707/5707
f 5704/5704 5705/5705 5708/5708
f 5708/5708 5705/5705 5707/5707
f 5707/5707 5706/5706 5709/5709
f 5706/5706 5710/5710 5709/5709
f 5708/5708 5707/5707 5711/5711
f 5711/5711 5707/5707 5709/5709
f 5712/5712 5713/5713 5714/5714
f 5711/5711 5709/5709 5715/5715
f 5715/5715 5709/5709 5716/5716
f 5716/5716 5709/5709 5717/5717
f 5709/5709 5710/5710 5717/5717
f 5710/5710 5718/5718 5717/5717
f 5719/5719 5720/5720 2727/2727
f 2727/2727 5720/5720 63/63
f 5720/5720 5721/5721 63/63
f 5722/5722 5723/5723 5724/5724
f 5725/5725 5708/5708 5711/5711
f 5725/5725 5711/5711 5726/5726
f 5726/5726 5711/5711 5715/5715
f 5717/5717 5718/5718 5727/5727
f 2726/2726 5719/5719 2727/2727
f 5728/5728 5719/5719 2726/2726
f 2811/2811 5725/5725 5726/5726
f 5726/5726 5715/5715 5665/5665
f 5665/5665 5715/5715 5666/5666
f 5715/5715 5716/5716 5666/5666
f 5716/5716 5729/5729 5666/5666
f 5729/5729 5717/5717 5730/5730
f 5730/5730 5717/5717 5727/5727
f 5727/5727 5718/5718 5731/5731
f 5732/5732 5733/5733 5734/5734
f 5735/5735 5736/5736 5737/5737
f 5738/5738 5726/5726 5665/5665
f 5666/5666 5729/5729 5739/5739
f 5740/5740 5662/5662 5741/5741
f 5741/5741 5662/5662 5634/5634
f 2764/2764 5666/5666 5739/5739
f 5739/5739 5729/5729 5742/5742
f 5742/5742 5729/5729 5730/5730
f 5727/5727 5731/5731 5743/5743
f 5743/5743 5731/5731 5744/5744
f 5741/5741 5634/5634 5745/5745
f 5745/5745 5634/5634 5636/5636
f 2764/2764 5739/5739 5742/5742
f 5636/5636 2762/2762 5746/5746
f 5747/5747 5748/5748 5749/5749
f 5746/5746 2762/2762 5750/5750
f 5751/5751 5668/5668 5639/5639
f 2765/2765 2764/2764 5742/5742
f 2765/2765 5742/5742 5752/5752
f 2765/2765 5752/5752 5753/5753
f 5743/5743 5744/5744 5754/5754
f 5754/5754 5744/5744 5755/5755
f 5639/5639 5617/5617 5673/5673
f 2765/2765 5753/5753 5671/5671
f 5671/5671 5753/5753 5756/5756
f 5754/5754 5755/5755 5757/5757
f 5757/5757 5755/5755 5758/5758
f 5673/5673 5586/5586 5677/5677
f 2769/2769 5671/5671 5756/5756
f 2769/2769 5756/5756 5759/5759
f 5677/5677 5679/5679 5760/5760
f 2770/2770 2769/2769 5759/5759
f 5681/5681 2770/2770 5761/5761
f 2824/2824 5681/5681 5761/5761
f 5682/5682 5588/5588 5762/5762
f 5762/5762 5588/5588 5553/5553
f 5762/5762 5553/5553 5641/5641
f 5763/5763 5442/5442 5366/5366
f 5409/5409 2565/2565 5764/5764
f 2658/2658 5542/5542 5765/5765
f 5542/5542 5554/5554 5766/5766
f 5554/5554 5643/5643 5766/5766
f 5592/5592 5467/5467 5767/5767
f 2777/2777 5486/5486 5645/5645
f 57/57 42/42 2798/2798
f 5594/5594 5556/5556 5768/5768
f 2916/2916 5648/5648 5649/5649
f 2803/2803 2858/2858 2701/2701
f 2603/2603 2803/2803 2701/2701
f 5556/5556 5557/5557 5769/5769
f 5770/5770 5557/5557 5685/5685
f 5771/5771 5558/5558 5650/5650
f 5772/5772 5622/5622 5596/5596
f 5687/5687 5623/5623 5773/5773
f 2663/2663 2662/2662 2806/2806
f 5652/5652 2810/2810 2809/2809
f 2808/2808 5598/5598 5688/5688
f 2737/2737 5691/5691 5774/5774
f 5653/5653 2742/2742 5775/5775
f 2738/2738 2737/2737 5774/5774
f 2742/2742 5654/5654 2837/2837
f 2837/2837 5654/5654 2838/2838
f 2839/2839 2838/2838 5692/5692
f 2842/2842 2841/2841 5693/5693
f 5693/5693 5655/5655 5776/5776
f 2844/2844 5695/5695 5694/5694
f 2844/2844 5694/5694 5777/5777
f 5778/5778 5779/5779 5780/5780
f 5777/5777 5694/5694 5781/5781
f 5781/5781 5694/5694 5697/5697
f 5781/5781 5697/5697 5702/5702
f 5782/5782 5781/5781 5702/5702
f 5783/5783 5782/5782 5702/5702
f 5784/5784 5782/5782 5783/5783
f 5784/5784 5783/5783 5785/5785
f 5783/5783 5702/5702 5786/5786
f 5786/5786 5702/5702 5701/5701
f 5785/5785 5783/5783 5786/5786
f 5785/5785 5786/5786 5787/5787
f 5786/5786 5701/5701 5788/5788
f 5788/5788 5701/5701 5789/5789
f 5701/5701 5704/5704 5789/5789
f 5789/5789 5704/5704 5723/5723
f 5723/5723 5704/5704 5708/5708
f 5786/5786 5788/5788 5787/5787
f 5723/5723 5708/5708 5724/5724
f 5724/5724 5708/5708 5725/5725
f 5788/5788 5789/5789 5732/5732
f 5729/5729 5716/5716 5717/5717
f 5790/5790 5787/5787 5791/5791
f 5787/5787 5788/5788 5791/5791
f 5791/5791 5788/5788 5732/5732
f 5724/5724 5725/5725 5792/5792
f 5793/5793 5794/5794 5795/5795
f 5791/5791 5732/5732 5734/5734
f 5796/5796 5740/5740 5741/5741
f 2852/2852 5797/5797 2869/2869
f 5798/5798 5799/5799 5794/5794
f 5793/5793 5798/5798 5794/5794
f 5794/5794 5800/5800 5795/5795
f 5748/5748 5792/5792 5725/5725
f 5748/5748 5725/5725 2813/2813
f 2813/2813 5725/5725 2811/2811
f 5801/5801 5741/5741 5745/5745
f 5730/5730 5727/5727 5752/5752
f 5752/5752 5727/5727 5743/5743
f 5749/5749 5748/5748 5802/5802
f 5802/5802 5748/5748 2813/2813
f 5742/5742 5730/5730 5752/5752
f 5753/5753 5752/5752 5803/5803
f 5803/5803 5752/5752 5743/5743
f 5756/5756 5753/5753 5803/5803
f 5743/5743 5754/5754 5804/5804
f 5756/5756 5803/5803 5759/5759
f 5803/5803 5743/5743 5804/5804
f 5759/5759 5803/5803 2821/2821
f 5803/5803 5804/5804 2821/2821
f 5804/5804 5754/5754 5757/5757
f 5804/5804 5757/5757 5805/5805
f 2987/2987 5760/5760 5679/5679
f 5759/5759 2821/2821 2823/2823
f 2770/2770 5759/5759 2823/2823
f 5757/5757 5758/5758 5806/5806
f 5757/5757 5806/5806 5807/5807
f 5761/5761 2770/2770 2823/2823
f 5808/5808 5675/5675 5640/5640
f 5808/5808 5640/5640 5682/5682
f 2825/2825 2824/2824 5761/5761
f 2825/2825 5761/5761 5809/5809
f 5682/5682 5762/5762 5810/5810
f 5811/5811 5812/5812 5642/5642
f 5811/5811 5642/5642 5813/5813
f 5764/5764 2565/2565 5619/5619
f 2478/2478 2736/2736 2879/2879
f 2829/2829 2628/2628 5814/5814
f 5815/5815 5510/5510 5816/5816
f 5816/5816 5510/5510 2658/2658
f 5765/5765 5542/5542 5817/5817
f 5818/5818 5643/5643 5543/5543
f 5543/5543 5544/5544 5818/5818
f 2779/2779 5594/5594 5768/5768
f 5819/5819 5454/5454 5646/5646
f 5768/5768 5556/5556 5769/5769
f 5769/5769 5557/5557 5770/5770
f 5685/5685 5533/5533 5820/5820
f 5820/5820 5533/5533 5558/5558
f 5820/5820 5558/5558 5771/5771
f 5621/5621 5622/5622 5772/5772
f 2719/2719 2859/2859 2784/2784
f 5821/5821 5652/5652 2809/2809
f 5688/5688 5653/5653 5775/5775
f 5775/5775 2742/2742 2837/2837
f 2839/2839 5692/5692 2898/2898
f 2898/2898 5692/5692 2841/2841
f 2898/2898 2841/2841 2843/2843
f 5822/5822 5823/5823 5824/5824
f 5822/5822 5824/5824 5825/5825
f 5826/5826 5822/5822 5825/5825
f 5825/5825 5824/5824 2844/2844
f 5827/5827 5778/5778 5780/5780
f 5828/5828 5826/5826 5825/5825
f 5825/5825 2844/2844 2846/2846
f 5780/5780 5779/5779 5829/5829
f 5830/5830 5828/5828 5825/5825
f 5830/5830 5825/5825 5831/5831
f 5831/5831 5825/5825 2846/2846
f 5832/5832 5777/5777 5781/5781
f 5833/5833 5834/5834 5835/5835
f 5831/5831 2846/2846 5782/5782
f 5782/5782 2846/2846 5832/5832
f 5832/5832 5781/5781 5782/5782
f 5830/5830 5831/5831 5836/5836
f 5837/5837 5830/5830 5836/5836
f 5831/5831 5782/5782 5784/5784
f 5836/5836 5831/5831 5784/5784
f 5838/5838 5839/5839 5840/5840
f 5836/5836 5784/5784 5841/5841
f 5841/5841 5784/5784 5785/5785
f 5841/5841 5785/5785 5842/5842
f 5840/5840 5843/5843 5844/5844
f 5844/5844 5843/5843 5845/5845
f 5842/5842 5785/5785 5846/5846
f 5846/5846 5785/5785 5787/5787
f 5846/5846 5787/5787 5847/5847
f 5847/5847 5787/5787 5790/5790
f 5848/5848 5796/5796 5849/5849
f 2852/2852 2869/2869 2871/2871
f 5850/5850 5668/5668 5751/5751
f 5796/5796 5741/5741 5801/5801
f 5849/5849 5796/5796 5801/5801
f 5745/5745 5636/5636 5746/5746
f 2813/2813 2812/2812 5851/5851
f 5745/5745 5746/5746 5852/5852
f 5746/5746 5750/5750 5852/5852
f 5802/5802 2813/2813 5851/5851
f 5853/5853 5749/5749 5802/5802
f 5852/5852 5750/5750 5854/5854
f 5852/5852 5854/5854 5855/5855
f 5855/5855 5854/5854 2940/2940
f 5853/5853 5802/5802 5851/5851
f 5853/5853 5851/5851 5856/5856
f 2940/2940 5854/5854 2909/2909
f 5673/5673 5677/5677 5760/5760
f 2821/2821 5804/5804 2822/2822
f 2822/2822 5804/5804 5805/5805
f 5805/5805 5757/5757 5857/5857
f 2823/2823 2822/2822 5858/5858
f 5857/5857 5757/5757 5807/5807
f 5761/5761 2823/2823 5858/5858
f 5859/5859 5808/5808 5682/5682
f 5859/5859 5682/5682 5810/5810
f 5813/5813 5642/5642 5618/5618
f 5860/5860 5812/5812 5811/5811
f 5763/5763 5366/5366 5683/5683
f 2829/2829 5814/5814 5861/5861
f 5816/5816 2658/2658 5765/5765
f 5817/5817 5542/5542 5766/5766
f 5544/5544 5511/5511 5591/5591
f 5591/5591 5592/5592 5862/5862
f 5862/5862 5592/5592 5767/5767
f 2794/2794 2883/2883 2831/2831
f 5863/5863 2798/2798 2797/2797
f 5864/5864 2779/2779 5865/5865
f 44/44 60/60 2855/2855
f 5865/5865 2779/2779 5768/5768
f 5648/5648 2916/2916 2918/2918
f 5820/5820 5771/5771 5866/5866
f 5867/5867 5595/5595 5686/5686
f 5596/5596 5595/5595 5867/5867
f 5868/5868 5687/5687 5773/5773
f 2805/2805 2804/2804 5869/5869
f 2809/2809 2808/2808 5870/5870
f 5691/5691 5871/5871 5872/5872
f 5873/5873 5775/5775 2837/2837
f 5873/5873 2837/2837 2862/2862
f 2745/2745 2738/2738 2924/2924
f 2786/2786 2863/2863 5874/5874
f 5827/5827 5780/5780 5875/5875
f 5875/5875 5780/5780 5876/5876
f 5876/5876 5780/5780 5829/5829
f 2847/2847 34/34 36/36
f 5877/5877 5828/5828 5878/5878
f 5879/5879 5880/5880 5881/5881
f 5878/5878 5828/5828 5830/5830
f 5878/5878 5830/5830 5837/5837
f 5882/5882 5839/5839 5838/5838
f 5882/5882 5838/5838 5883/5883
f 5883/5883 5838/5838 5884/5884
f 5838/5838 5840/5840 5884/5884
f 5884/5884 5840/5840 5844/5844
f 5844/5844 5845/5845 2932/2932
f 2932/2932 5845/5845 5885/5885
f 2932/2932 5885/5885 5848/5848
f 2932/2932 5848/5848 5849/5849
f 5886/5886 5887/5887 5888/5888
f 5887/5887 5889/5889 5888/5888
f 5890/5890 5850/5850 5751/5751
f 5849/5849 5801/5801 5891/5891
f 2852/2852 2871/2871 2853/2853
f 5891/5891 5801/5801 5745/5745
f 5891/5891 5745/5745 5892/5892
f 5892/5892 5745/5745 5852/5852
f 5751/5751 5639/5639 5893/5893
f 2909/2909 5894/5894 5895/5895
f 2822/2822 5805/5805 5896/5896
f 5896/5896 5805/5805 5857/5857
f 5858/5858 2822/2822 5896/5896
f 5761/5761 5858/5858 5897/5897
f 5809/5809 5761/5761 5897/5897
f 5898/5898 5807/5807 5806/5806
f 5860/5860 5811/5811 5899/5899
f 5899/5899 5811/5811 5900/5900
f 5683/5683 5409/5409 5764/5764
f 5901/5901 5818/5818 5544/5544
f 5901/5901 5544/5544 5591/5591
f 2947/2947 5864/5864 5865/5865
f 5902/5902 5648/5648 2918/2918
f 5903/5903 5820/5820 5866/5866
f 5904/5904 5651/5651 5621/5621
f 5772/5772 5596/5596 5867/5867
f 2895/2895 2861/2861 2785/2785
f 5821/5821 2809/2809 5870/5870
f 5821/5821 5870/5870 5905/5905
f 2808/2808 5688/5688 5906/5906
f 5870/5870 2808/2808 5906/5906
f 5906/5906 5688/5688 5907/5907
f 5907/5907 5688/5688 5775/5775
f 5774/5774 5691/5691 5872/5872
f 5907/5907 5775/5775 5908/5908
f 5908/5908 5775/5775 5873/5873
f 2738/2738 5774/5774 5909/5909
f 2897/2897 2898/2898 2954/2954
f 2924/2924 2738/2738 5909/5909
f 2954/2954 2898/2898 2843/2843
f 2954/2954 2843/2843 2955/2955
f 2745/2745 2924/2924 2863/2863
f 5910/5910 5875/5875 5876/5876
f 5874/5874 2863/2863 2925/2925
f 5874/5874 2925/2925 5911/5911
f 5881/5881 5880/5880 5912/5912
f 5912/5912 5880/5880 5882/5882
f 5912/5912 5882/5882 5883/5883
f 5884/5884 5844/5844 2934/2934
f 2750/2750 2850/2850 2851/2851
f 2934/2934 5844/5844 2932/2932
f 2933/2933 2932/2932 5849/5849
f 2933/2933 5849/5849 5913/5913
f 5914/5914 5890/5890 5751/5751
f 5913/5913 5849/5849 5891/5891
f 5892/5892 5852/5852 5915/5915
f 5915/5915 5852/5852 5916/5916
f 5916/5916 5852/5852 5855/5855
f 5916/5916 5855/5855 2939/2939
f 5855/5855 2940/2940 2939/2939
f 2907/2907 2909/2909 5895/5895
f 5893/5893 5639/5639 5673/5673
f 2940/2940 2909/2909 2908/2908
f 5673/5673 5760/5760 2989/2989
f 5760/5760 2987/2987 2989/2989
f 5858/5858 5896/5896 5917/5917
f 5917/5917 5896/5896 5857/5857
f 5897/5897 5858/5858 5917/5917
f 5917/5917 5857/5857 5807/5807
f 5809/5809 5897/5897 5918/5918
f 5807/5807 5898/5898 5919/5919
f 2911/2911 2825/2825 5809/5809
f 5919/5919 5898/5898 5920/5920
f 5813/5813 5618/5618 5921/5921
f 5919/5919 5920/5920 5922/5922
f 5923/5923 5816/5816 5765/5765
f 5924/5924 5765/5765 5817/5817
f 5766/5766 5643/5643 5925/5925
f 5925/5925 5643/5643 5926/5926
f 5926/5926 5643/5643 5927/5927
f 5901/5901 5591/5591 5862/5862
f 2948/2948 2947/2947 5865/5865
f 5645/5645 5454/5454 5819/5819
f 5865/5865 5768/5768 5928/5928
f 5928/5928 5768/5768 5769/5769
f 5770/5770 5685/5685 5929/5929
f 5930/5930 5904/5904 5621/5621
f 5931/5931 5621/5621 5772/5772
f 5931/5931 5772/5772 5932/5932
f 5868/5868 5686/5686 5687/5687
f 5933/5933 5686/5686 5868/5868
f 5774/5774 5872/5872 5909/5909
f 2897/2897 2954/2954 2956/2956
f 2958/2958 2957/2957 2961/2961
f 5934/5934 5910/5910 5876/5876
f 3007/3007 5935/5935 3008/3008
f 5936/5936 5876/5876 5937/5937
f 5937/5937 5876/5876 5829/5829
f 5911/5911 2925/2925 3057/3057
f 2749/2749 2864/2864 2901/2901
f 5938/5938 5881/5881 5912/5912
f 5912/5912 5883/5883 5939/5939
f 5883/5883 5940/5940 5939/5939
f 5940/5940 5883/5883 5884/5884
f 5940/5940 5884/5884 5941/5941
f 5941/5941 5884/5884 2934/2934
f 5886/5886 5888/5888 5942/5942
f 5942/5942 5888/5888 5943/5943
f 5944/5944 5945/5945 3027/3027
f 2974/2974 5945/5945 2975/2975
f 5946/5946 5913/5913 5891/5891
f 5914/5914 5751/5751 5947/5947
f 5946/5946 5891/5891 5892/5892
f 5946/5946 5892/5892 5948/5948
f 5892/5892 5915/5915 5948/5948
f 2908/2908 2907/2907 5949/5949
f 5893/5893 5673/5673 5950/5950
f 5897/5897 5917/5917 5951/5951
f 5951/5951 5917/5917 5952/5952
f 5952/5952 5917/5917 5807/5807
f 5918/5918 5897/5897 5951/5951
f 5953/5953 5809/5809 5918/5918
f 5952/5952 5807/5807 5919/5919
f 5954/5954 5811/5811 5813/5813
f 5921/5921 5618/5618 5590/5590
f 2911/2911 5809/5809 5953/5953
f 5900/5900 5811/5811 5954/5954
f 5919/5919 5922/5922 5955/5955
f 5956/5956 5899/5899 5900/5900
f 2827/2827 2911/2911 2943/2943
f 2942/2942 2827/2827 2943/2943
f 5957/5957 5815/5815 5816/5816
f 5957/5957 5816/5816 5923/5923
f 5923/5923 5765/5765 5924/5924
f 5958/5958 5924/5924 5817/5817
f 5958/5958 5817/5817 5959/5959
f 5925/5925 5817/5817 5766/5766
f 5927/5927 5643/5643 5818/5818
f 2884/2884 2993/2993 2885/2885
f 5928/5928 5769/5769 5960/5960
f 5961/5961 5685/5685 5820/5820
f 5961/5961 5820/5820 5903/5903
f 5962/5962 5904/5904 5930/5930
f 5932/5932 5772/5772 5867/5867
f 5933/5933 5867/5867 5686/5686
f 5933/5933 5868/5868 5963/5963
f 5869/5869 2804/2804 2998/2998
f 2998/2998 2804/2804 2892/2892
f 5905/5905 5870/5870 5906/5906
f 5906/5906 5907/5907 5964/5964
f 5965/5965 5821/5821 5905/5905
f 5964/5964 5907/5907 5908/5908
f 5872/5872 5871/5871 5966/5966
f 5908/5908 5873/5873 2862/2862
f 2956/2956 2955/2955 3055/3055
f 2925/2925 2924/2924 3003/3003
f 5911/5911 3057/3057 5967/5967
f 3018/3018 5968/5968 5969/5969
f 3018/3018 5969/5969 3019/3019
f 2850/2850 2901/2901 2971/2971
f 3019/3019 5970/5970 3021/3021
f 5941/5941 2934/2934 2972/2972
f 3022/3022 5944/5944 3027/3027
f 3076/3076 5886/5886 5942/5942
f 3027/3027 5945/5945 2974/2974
f 2976/2976 2977/2977 2979/2979
f 5950/5950 5673/5673 2989/2989
f 5954/5954 5813/5813 5971/5971
f 5971/5971 5813/5813 5921/5921
f 5953/5953 5918/5918 5951/5951
f 5951/5951 5952/5952 5972/5972
f 5972/5972 5952/5952 5919/5919
f 5972/5972 5919/5919 5955/5955
f 3083/3083 5956/5956 5900/5900
f 3083/3083 5900/5900 5973/5973
f 5974/5974 2911/2911 5953/5953
f 2943/2943 2911/2911 5974/5974
f 3287/3287 5764/5764 5619/5619
f 2829/2829 5861/5861 3092/3092
f 5975/5975 5815/5815 5957/5957
f 2880/2880 2912/2912 2945/2945
f 5976/5976 5923/5923 5924/5924
f 5976/5976 5924/5924 5958/5958
f 2913/2913 2945/2945 3044/3044
f 5959/5959 5817/5817 5925/5925
f 5959/5959 5925/5925 5977/5977
f 5977/5977 5925/5925 5978/5978
f 5978/5978 5925/5925 5926/5926
f 5862/5862 5767/5767 5979/5979
f 5980/5980 5902/5902 2918/2918
f 2857/2857 2803/2803 2889/2889
f 5960/5960 5769/5769 5929/5929
f 5929/5929 5769/5769 5770/5770
f 5929/5929 5685/5685 5961/5961
f 5930/5930 5621/5621 5931/5931
f 5932/5932 5867/5867 5933/5933
f 5964/5964 5908/5908 5981/5981
f 5981/5981 5908/5908 2862/2862
f 5981/5981 2862/2862 2897/2897
f 5909/5909 5872/5872 5982/5982
f 5981/5981 2897/2897 5983/5983
f 5983/5983 2897/2897 2956/2956
f 5909/5909 5982/5982 3003/3003
f 2924/2924 5909/5909 3003/3003
f 3056/3056 3055/3055 3113/3113
f 2925/2925 3004/3004 3057/3057
f 5967/5967 3057/3057 3063/3063
f 5967/5967 3063/3063 3070/3070
f 5984/5984 5985/5985 5986/5986
f 3020/3020 3021/3021 3023/3023
f 2868/2868 2935/2935 2904/2904
f 5751/5751 5893/5893 5947/5947
f 5973/5973 5900/5900 5954/5954
f 3185/3185 5763/5763 3186/3186
f 3186/3186 5763/5763 5683/5683
f 3186/3186 5683/5683 5987/5987
f 5987/5987 5683/5683 5764/5764
f 5953/5953 5951/5951 5988/5988
f 5988/5988 5951/5951 5972/5972
f 5988/5988 5972/5972 5989/5989
f 5989/5989 5972/5972 5990/5990
f 5990/5990 5972/5972 5955/5955
f 5990/5990 5955/5955 5991/5991
f 5974/5974 5953/5953 5988/5988
f 5987/5987 5764/5764 3287/3287
f 5989/5989 5990/5990 5992/5992
f 2944/2944 2943/2943 3042/3042
f 5957/5957 5923/5923 5993/5993
f 5993/5993 5923/5923 5976/5976
f 2945/2945 2912/2912 3043/3043
f 2946/2946 2913/2913 3044/3044
f 5994/5994 5926/5926 5927/5927
f 5994/5994 5927/5927 5995/5995
f 5995/5995 5927/5927 5818/5818
f 5996/5996 5901/5901 5862/5862
f 5997/5997 5644/5644 5998/5998
f 5998/5998 5644/5644 2775/2775
f 5998/5998 2775/2775 2777/2777
f 5999/5999 2949/2949 2948/2948
f 6000/6000 2777/2777 5645/5645
f 5645/5645 5819/5819 6001/6001
f 6002/6002 6003/6003 2857/2857
f 6004/6004 5961/5961 5903/5903
f 6005/6005 5905/5905 5906/5906
f 6005/6005 5906/5906 6006/6006
f 5906/5906 5964/5964 6007/6007
f 6006/6006 5906/5906 6007/6007
f 5965/5965 5905/5905 6005/6005
f 6007/6007 5964/5964 5981/5981
f 6007/6007 5981/5981 6008/6008
f 5982/5982 5872/5872 5966/5966
f 6009/6009 5981/5981 5983/5983
f 6009/6009 5983/5983 6010/6010
f 6010/6010 5983/5983 2956/2956
f 6010/6010 2956/2956 6011/6011
f 6011/6011 2956/2956 3056/3056
f 3004/3004 3003/3003 3115/3115
f 3002/3002 3012/3012 3116/3116
f 2970/2970 2967/2967 3120/3120
f 3075/3075 3076/3076 5942/5942
f 6012/6012 5942/5942 5943/5943
f 6013/6013 5914/5914 6014/6014
f 6014/6014 5914/5914 5947/5947
f 5947/5947 5893/5893 5950/5950
f 5950/5950 2989/2989 3082/3082
f 6015/6015 5954/5954 5971/5971
f 5971/5971 5921/5921 3276/3276
f 5921/5921 5590/5590 3276/3276
f 3084/3084 3083/3083 5973/5973
f 3086/3086 3083/3083 3085/3085
f 3087/3087 3086/3086 3085/3085
f 2943/2943 5974/5974 6016/6016
f 5974/5974 5988/5988 6016/6016
f 5992/5992 5990/5990 6017/6017
f 3042/3042 2943/2943 6016/6016
f 6016/6016 5988/5988 5989/5989
f 6018/6018 5989/5989 5992/5992
f 6016/6016 5989/5989 6018/6018
f 6018/6018 5992/5992 6017/6017
f 6018/6018 6017/6017 6019/6019
f 3090/3090 2829/2829 3092/3092
f 6020/6020 6018/6018 6019/6019
f 5975/5975 5957/5957 6021/6021
f 2991/2991 2990/2990 3094/3094
f 3096/3096 2991/2991 3094/3094
f 5958/5958 5959/5959 6022/6022
f 6022/6022 5959/5959 5977/5977
f 5818/5818 5901/5901 6023/6023
f 6024/6024 6025/6025 6026/6026
f 5998/5998 2777/2777 6000/6000
f 2948/2948 5865/5865 5928/5928
f 6000/6000 5645/5645 6027/6027
f 6027/6027 5645/5645 6001/6001
f 6028/6028 5902/5902 5980/5980
f 6029/6029 5960/5960 5929/5929
f 5929/5929 5961/5961 6030/6030
f 6030/6030 5961/5961 6004/6004
f 6031/6031 5962/5962 6032/6032
f 5962/5962 5930/5930 6032/6032
f 5930/5930 5931/5931 6033/6033
f 6033/6033 5931/5931 5932/5932
f 6034/6034 5932/5932 5933/5933
f 2891/2891 3052/3052 3053/3053
f 6035/6035 5933/5933 5963/5963
f 2893/2893 3053/3053 3000/3000
f 2952/2952 3149/3149 2999/2999
f 6008/6008 5981/5981 6009/6009
f 5982/5982 5966/5966 6036/6036
f 3003/3003 5982/5982 6036/6036
f 3003/3003 6036/6036 3115/3115
f 6011/6011 3056/3056 3114/3114
f 3114/3114 3113/3113 3158/3158
f 3075/3075 5942/5942 3170/3170
f 3170/3170 5942/5942 6012/6012
f 2982/2982 3035/3035 6037/6037
f 6015/6015 5973/5973 5954/5954
f 3084/3084 5973/5973 6015/6015
f 3187/3187 3186/3186 5987/5987
f 3289/3289 5987/5987 3287/3287
f 3042/3042 6016/6016 6038/6038
f 6021/6021 5957/5957 5993/5993
f 3042/3042 6038/6038 6039/6039
f 6020/6020 6019/6019 6040/6040
f 2990/2990 3042/3042 6039/6039
f 6038/6038 6016/6016 6039/6039
f 6039/6039 6016/6016 6018/6018
f 6039/6039 6018/6018 6041/6041
f 6041/6041 6018/6018 6020/6020
f 6042/6042 6020/6020 6040/6040
f 5976/5976 5958/5958 6043/6043
f 2990/2990 6039/6039 3137/3137
f 3094/3094 2990/2990 3137/3137
f 3137/3137 6039/6039 6044/6044
f 6020/6020 6042/6042 6045/6045
f 6041/6041 6020/6020 6045/6045
f 6043/6043 5958/5958 6022/6022
f 3095/3095 3094/3094 3138/3138
f 6046/6046 6022/6022 5977/5977
f 6023/6023 5901/5901 5996/5996
f 5996/5996 5862/5862 6047/6047
f 6047/6047 5862/5862 5979/5979
f 5999/5999 2948/2948 6048/6048
f 6049/6049 5999/5999 6048/6048
f 5928/5928 5960/5960 6050/6050
f 6002/6002 2857/2857 3105/3105
f 6029/6029 5929/5929 6030/6030
f 6051/6051 6004/6004 5903/5903
f 6052/6052 6031/6031 6032/6032
f 6032/6032 5930/5930 6033/6033
f 6033/6033 5932/5932 6034/6034
f 6034/6034 5933/5933 6035/6035
f 6053/6053 6054/6054 6055/6055
f 3053/3053 3148/3148 6056/6056
f 3000/3000 3053/3053 6056/6056
f 2999/2999 3107/3107 2997/2997
f 6057/6057 6058/6058 6059/6059
f 3108/3108 3149/3149 2952/2952
f 3151/3151 3111/3111 3110/3110
f 6060/6060 6061/6061 6062/6062
f 6007/6007 6008/6008 6063/6063
f 6063/6063 6008/6008 6009/6009
f 5966/5966 6064/6064 6036/6036
f 6009/6009 6010/6010 6065/6065
f 3115/3115 6036/6036 6066/6066
f 6010/6010 6011/6011 6067/6067
f 6011/6011 3114/3114 6067/6067
f 6067/6067 3114/3114 3159/3159
f 3115/3115 6066/6066 3058/3058
f 3058/3058 6066/6066 6068/6068
f 3159/3159 3160/3160 6069/6069
f 6070/6070 6069/6069 6071/6071
f 6072/6072 5984/5984 6073/6073
f 3058/3058 6068/6068 3121/3121
f 5984/5984 5986/5986 6073/6073
f 3171/3171 3168/3168 3123/3123
f 3219/3219 3170/3170 6012/6012
f 6074/6074 6013/6013 6014/6014
f 3069/3069 3173/3173 6075/6075
f 3179/3179 3177/3177 3223/3223
f 6075/6075 3173/3173 3182/3182
f 5950/5950 3082/3082 3129/3129
f 3037/3037 3127/3127 3184/3184
f 3037/3037 3184/3184 3039/3039
f 6015/6015 5971/5971 3275/3275
f 5971/5971 3276/3276 3275/3275
f 3279/3279 3189/3189 3191/3191
f 3292/3292 3133/3133 3587/3587
f 5993/5993 5976/5976 6043/6043
f 6044/6044 6039/6039 6041/6041
f 6044/6044 6041/6041 6076/6076
f 6077/6077 6044/6044 6076/6076
f 6076/6076 6041/6041 6045/6045
f 3137/3137 6044/6044 6077/6077
f 6076/6076 6045/6045 12/12
f 3136/3136 3135/3135 3194/3194
f 12/12 6045/6045 11/11
f 6043/6043 6022/6022 6046/6046
f 6077/6077 6076/6076 6078/6078
f 6078/6078 6076/6076 10/10
f 10/10 6076/6076 12/12
f 6078/6078 10/10 13/13
f 3137/3137 6077/6077 3139/3139
f 6078/6078 13/13 8/8
f 3138/3138 3137/3137 3139/3139
f 6079/6079 6078/6078 8/8
f 6079/6079 8/8 9/9
f 6079/6079 9/9 6080/6080
f 6080/6080 9/9 7/7
f 6080/6080 7/7 6081/6081
f 6046/6046 5977/5977 6082/6082
f 6082/6082 5977/5977 5978/5978
f 3046/3046 3142/3142 3143/3143
f 5995/5995 5818/5818 6023/6023
f 5997/5997 5998/5998 6083/6083
f 6083/6083 5998/5998 6000/6000
f 2948/2948 5928/5928 6050/6050
f 6048/6048 2948/2948 6050/6050
f 6000/6000 6027/6027 3456/3456
f 3456/3456 6027/6027 3457/3457
f 6027/6027 6001/6001 6084/6084
f 3457/3457 6027/6027 6084/6084
f 3310/3310 6085/6085 6086/6086
f 3310/3310 6086/6086 3312/3312
f 3312/3312 6086/6086 6087/6087
f 3312/3312 6087/6087 3316/3316
f 6050/6050 5960/5960 6029/6029
f 6088/6088 6030/6030 6004/6004
f 6088/6088 6004/6004 6051/6051
f 6089/6089 3150/3150 3149/3149
f 3108/3108 6089/6089 3149/3149
f 6090/6090 6091/6091 3358/3358
f 6090/6090 3358/3358 6092/6092
f 6059/6059 6093/6093 6094/6094
f 6094/6094 6093/6093 6095/6095
f 3522/3522 6096/6096 6097/6097
f 3207/3207 3211/3211 3363/3363
f 6098/6098 6099/6099 6100/6100
f 6101/6101 6006/6006 6007/6007
f 6101/6101 6007/6007 6063/6063
f 6064/6064 6099/6099 6098/6098
f 6036/6036 6064/6064 6102/6102
f 6064/6064 6098/6098 6102/6102
f 6063/6063 6009/6009 6065/6065
f 6065/6065 6010/6010 6103/6103
f 6066/6066 6036/6036 6102/6102
f 6066/6066 6102/6102 6104/6104
f 6067/6067 3159/3159 6105/6105
f 6105/6105 3159/3159 6106/6106
f 3367/3367 3061/3061 6107/6107
f 6068/6068 6066/6066 6104/6104
f 6106/6106 3159/3159 6069/6069
f 6106/6106 6069/6069 6070/6070
f 3062/3062 3061/3061 3367/3367
f 6070/6070 6071/6071 6108/6108
f 3121/3121 6068/6068 3167/3167
f 3221/3221 3123/3123 3165/3165
f 6109/6109 6110/6110 6111/6111
f 3372/3372 3374/3374 3370/3370
f 3068/3068 3167/3167 3224/3224
f 3377/3377 3225/3225 3222/3222
f 6112/6112 6014/6014 5947/5947
f 3173/3173 3237/3237 3081/3081
f 6113/6113 5947/5947 5950/5950
f 3249/3249 3246/3246 3393/3393
f 3246/3246 3241/3241 3393/3393
f 3549/3549 5950/5950 3129/3129
f 3255/3255 3254/3254 3253/3253
f 3413/3413 3260/3260 3257/3257
f 3420/3420 3266/3266 3264/3264
f 3268/3268 3271/3271 3272/3272
f 3576/3576 6015/6015 3577/3577
f 6015/6015 3275/3275 3577/3577
f 3084/3084 6015/6015 3576/3576
f 3188/3188 3084/3084 3576/3576
f 3284/3284 3131/3131 3089/3089
f 6021/6021 5993/5993 3704/3704
f 3704/3704 5993/5993 6043/6043
f 6114/6114 6043/6043 6115/6115
f 6115/6115 6043/6043 6046/6046
f 6077/6077 6078/6078 6079/6079
f 3139/3139 6077/6077 6116/6116
f 6117/6117 3139/3139 6116/6116
f 6116/6116 6077/6077 6079/6079
f 6116/6116 6079/6079 6118/6118
f 6118/6118 6079/6079 6080/6080
f 6080/6080 6081/6081 6119/6119
f 3140/3140 3139/3139 6117/6117
f 6118/6118 6080/6080 6119/6119
f 3195/3195 3140/3140 6120/6120
f 6121/6121 6082/6082 5978/5978
f 5978/5978 5926/5926 6121/6121
f 3195/3195 6120/6120 6122/6122
f 5926/5926 5994/5994 6123/6123
f 6123/6123 5994/5994 5995/5995
f 6123/6123 5995/5995 6023/6023
f 3297/3297 3/3 3305/3305
f 6083/6083 6000/6000 3456/3456
f 6124/6124 6048/6048 6050/6050
f 3322/3322 3324/3324 3472/3472
f 3328/3328 3330/3330 3486/3486
f 3489/3489 3331/3331 3333/3333
f 3333/3333 3332/3332 3498/3498
f 6052/6052 6032/6032 6125/6125
f 3491/3491 3340/3340 3339/3339
f 6125/6125 6032/6032 6126/6126
f 6032/6032 6033/6033 6126/6126
f 3498/3498 3332/3332 3338/3338
f 6126/6126 6033/6033 6034/6034
f 6126/6126 6034/6034 6127/6127
f 6058/6058 3339/3339 3341/3341
f 6127/6127 6034/6034 6035/6035
f 6128/6128 6053/6053 6055/6055
f 6058/6058 3341/3341 6059/6059
f 6059/6059 3341/3341 6129/6129
f 6130/6130 6128/6128 6131/6131
f 6131/6131 6128/6128 6055/6055
f 3515/3515 3513/3513 3516/3516
f 6059/6059 6129/6129 6093/6093
f 6095/6095 6130/6130 6131/6131
f 3516/3516 6091/6091 3517/3517
f 3517/3517 6091/6091 6090/6090
f 6092/6092 3358/3358 3360/3360
f 3360/3360 3359/3359 3521/3521
f 3360/3360 3521/3521 3520/3520
f 6098/6098 6100/6100 6132/6132
f 6101/6101 6063/6063 6133/6133
f 6102/6102 6098/6098 6132/6132
f 6133/6133 6063/6063 6065/6065
f 6104/6104 6102/6102 6132/6132
f 6104/6104 6132/6132 6134/6134
f 6103/6103 6010/6010 6067/6067
f 6103/6103 6067/6067 6105/6105
f 6104/6104 6134/6134 6135/6135
f 6105/6105 6106/6106 6136/6136
f 6068/6068 6104/6104 6135/6135
f 6106/6106 6070/6070 6137/6137
f 3167/3167 6068/6068 6135/6135
f 6070/6070 6108/6108 6137/6137
f 6138/6138 3163/3163 3368/3368
f 6137/6137 6108/6108 6139/6139
f 3369/3369 3371/3371 6138/6138
f 3371/3371 3163/3163 6138/6138
f 3167/3167 6135/6135 6140/6140
f 6108/6108 6110/6110 6139/6139
f 3536/3536 3372/3372 3369/3369
f 3167/3167 6140/6140 3224/3224
f 6073/6073 5986/5986 6141/6141
f 3535/3535 3373/3373 3372/3372
f 6074/6074 6014/6014 6112/6112
f 3649/3649 6142/6142 3373/3373
f 3537/3537 6143/6143 6142/6142
f 3382/3382 6143/6143 3537/3537
f 6112/6112 5947/5947 6113/6113
f 3383/3383 3382/3382 3538/3538
f 3380/3380 3379/3379 3387/3387
f 3237/3237 3174/3174 3375/3375
f 3544/3544 3384/3384 3383/3383
f 3543/3543 3384/3384 3544/3544
f 3387/3387 3386/3386 3391/3391
f 6113/6113 5950/5950 3549/3549
f 3397/3397 3392/3392 3389/3389
f 3552/3552 3551/3551 3546/3546
f 3405/3405 3551/3551 3406/3406
f 3184/3184 6144/6144 3128/3128
f 3564/3564 3407/3407 3565/3565
f 6145/6145 3428/3428 6146/6146
f 3439/3439 3430/3430 3429/3429
f 3577/3577 3275/3275 3438/3438
f 3291/3291 3090/3090 6147/6147
f 6147/6147 3090/3090 3093/3093
f 6114/6114 3704/3704 6043/6043
f 6115/6115 6046/6046 6148/6148
f 6148/6148 6046/6046 6149/6149
f 6149/6149 6046/6046 6082/6082
f 6117/6117 6116/6116 6150/6150
f 6116/6116 6118/6118 6151/6151
f 6151/6151 6118/6118 6119/6119
f 6150/6150 6116/6116 6151/6151
f 6151/6151 6119/6119 6152/6152
f 6120/6120 3140/3140 6117/6117
f 6120/6120 6117/6117 6153/6153
f 6153/6153 6117/6117 6150/6150
f 6149/6149 6082/6082 6121/6121
f 6122/6122 6120/6120 6154/6154
f 6121/6121 5926/5926 6155/6155
f 6156/6156 6123/6123 6023/6023
f 6156/6156 6023/6023 5996/5996
f 6157/6157 5996/5996 6047/6047
f 6158/6158 6047/6047 5979/5979
f 5997/5997 6083/6083 6159/6159
f 3143/3143 3449/3449 3196/3196
f 6159/6159 6083/6083 6160/6160
f 6160/6160 6083/6083 3456/3456
f 6161/6161 3456/3456 3458/3458
f 6124/6124 6050/6050 6162/6162
f 3458/3458 3465/3465 3595/3595
f 6162/6162 6050/6050 6163/6163
f 3606/3606 3597/3597 3603/3603
f 6163/6163 6050/6050 6029/6029
f 6163/6163 6029/6029 6164/6164
f 3604/3604 6165/6165 3664/3664
f 3201/3201 3200/3200 3483/3483
f 3664/3664 6165/6165 6166/6166
f 6164/6164 6029/6029 6030/6030
f 3615/3615 6166/6166 3613/3613
f 3614/3614 3613/3613 6167/6167
f 3614/3614 6167/6167 6168/6168
f 3737/3737 6168/6168 6169/6169
f 6088/6088 6051/6051 6170/6170
f 3491/3491 3493/3493 3340/3340
f 3624/3624 6169/6169 3509/3509
f 3509/3509 3508/3508 3625/3625
f 6171/6171 6172/6172 6128/6128
f 6173/6173 3508/3508 3511/3511
f 6129/6129 6174/6174 6093/6093
f 6130/6130 6171/6171 6128/6128
f 6175/6175 3511/3511 3515/3515
f 6093/6093 6174/6174 6095/6095
f 6174/6174 6130/6130 6095/6095
f 3511/3511 3513/3513 3515/3515
f 3517/3517 6090/6090 6176/6176
f 6176/6176 6090/6090 6092/6092
f 6177/6177 6092/6092 3360/3360
f 6177/6177 3360/3360 3520/3520
f 6178/6178 6097/6097 6179/6179
f 3520/3520 3522/3522 6178/6178
f 3522/3522 6097/6097 6178/6178
f 6180/6180 6181/6181 6182/6182
f 6182/6182 6060/6060 6183/6183
f 6132/6132 6100/6100 6184/6184
f 6101/6101 6133/6133 6185/6185
f 6184/6184 6100/6100 6186/6186
f 6132/6132 6184/6184 6134/6134
f 6184/6184 6186/6186 3532/3532
f 6185/6185 6133/6133 6065/6065
f 6185/6185 6065/6065 6187/6187
f 6187/6187 6065/6065 6103/6103
f 6134/6134 6184/6184 3532/3532
f 6187/6187 6103/6103 6188/6188
f 6188/6188 6103/6103 6105/6105
f 6135/6135 6134/6134 3534/3534
f 3534/3534 6134/6134 3532/3532
f 6188/6188 6105/6105 6136/6136
f 3367/3367 6107/6107 6189/6189
f 6190/6190 6072/6072 6073/6073
f 3368/3368 3367/3367 6189/6189
f 3534/3534 3533/3533 6191/6191
f 6136/6136 6106/6106 6192/6192
f 6106/6106 6137/6137 6192/6192
f 6140/6140 6135/6135 3534/3534
f 6140/6140 3534/3534 6191/6191
f 6140/6140 6191/6191 6193/6193
f 3536/3536 3369/3369 6138/6138
f 6139/6139 6110/6110 6194/6194
f 6194/6194 6110/6110 6109/6109
f 3224/3224 6140/6140 6193/6193
f 3649/3649 3373/3373 3535/3535
f 3224/3224 6193/6193 6195/6195
f 3375/3375 3224/3224 6195/6195
f 3537/3537 6142/6142 3649/3649
f 3538/3538 3537/3537 3648/3648
f 3375/3375 6195/6195 6196/6196
f 3237/3237 3375/3375 6196/6196
f 3183/3183 3237/3237 6196/6196
f 3552/3552 3546/3546 3542/3542
f 3654/3654 3552/3552 3542/3542
f 3245/3245 3183/3183 6196/6196
f 3245/3245 6196/6196 6197/6197
f 3245/3245 6197/6197 6198/6198
f 3547/3547 3549/3549 3129/3129
f 3653/3653 3406/3406 3552/3552
f 3245/3245 6198/6198 3184/3184
f 3184/3184 6198/6198 6144/6144
f 3565/3565 3407/3407 3556/3556
f 6199/6199 3565/3565 3556/3556
f 6146/6146 3563/3563 3562/3562
f 6145/6145 6146/6146 6200/6200
f 3429/3429 3428/3428 6145/6145
f 6201/6201 3429/3429 6145/6145
f 6202/6202 3429/3429 6203/6203
f 3439/3439 3429/3429 6202/6202
f 3438/3438 3439/3439 6202/6202
f 6204/6204 3577/3577 3438/3438
f 3188/3188 3576/3576 3656/3656
f 3706/3706 6021/6021 3704/3704
f 6150/6150 6151/6151 6205/6205
f 6151/6151 6152/6152 6206/6206
f 6206/6206 6152/6152 6207/6207
f 6153/6153 6150/6150 6205/6205
f 6205/6205 6151/6151 6206/6206
f 6149/6149 6121/6121 6155/6155
f 6120/6120 6153/6153 6208/6208
f 6208/6208 6153/6153 6205/6205
f 6154/6154 6120/6120 6208/6208
f 6208/6208 6205/6205 6209/6209
f 6209/6209 6205/6205 6206/6206
f 6155/6155 5926/5926 6210/6210
f 6211/6211 6209/6209 6206/6206
f 6206/6206 6207/6207 6212/6212
f 5926/5926 6123/6123 6210/6210
f 6211/6211 6206/6206 6213/6213
f 6213/6213 6206/6206 6212/6212
f 6122/6122 6154/6154 6214/6214
f 3592/3592 6122/6122 6214/6214
f 6156/6156 5996/5996 6157/6157
f 6157/6157 6047/6047 6158/6158
f 6215/6215 5997/5997 6159/6159
f 6216/6216 6217/6217 6218/6218
f 6219/6219 3660/3660 3451/3451
f 6160/6160 3456/3456 6220/6220
f 6220/6220 3456/3456 6161/6161
f 6221/6221 6124/6124 6162/6162
f 6221/6221 6162/6162 6222/6222
f 6161/6161 3458/3458 6223/6223
f 6223/6223 3458/3458 3595/3595
f 3596/3596 3597/3597 3606/3606
f 3196/3196 6224/6224 6225/6225
f 3200/3200 3196/3196 6225/6225
f 3605/3605 3604/3604 3664/3664
f 3200/3200 6225/6225 3483/3483
f 3664/3664 6166/6166 6226/6226
f 6226/6226 6166/6166 3615/3615
f 6164/6164 6030/6030 6227/6227
f 3492/3492 6228/6228 6229/6229
f 3492/3492 6229/6229 3493/3493
f 6227/6227 6030/6030 6088/6088
f 3614/3614 6168/6168 6230/6230
f 6230/6230 6168/6168 3737/3737
f 6231/6231 6232/6232 6233/6233
f 6233/6233 6232/6232 6234/6234
f 3737/3737 6169/6169 3624/3624
f 6233/6233 6234/6234 6235/6235
f 3340/3340 3621/3621 3341/3341
f 6235/6235 6234/6234 6172/6172
f 6173/6173 3625/3625 3508/3508
f 3341/3341 3621/3621 6129/6129
f 6235/6235 6172/6172 6171/6171
f 6173/6173 3511/3511 6175/6175
f 6174/6174 6235/6235 6130/6130
f 6235/6235 6171/6171 6130/6130
f 6175/6175 3515/3515 6236/6236
f 6236/6236 3515/3515 3517/3517
f 6236/6236 3517/3517 6176/6176
f 6176/6176 6092/6092 6237/6237
f 6237/6237 6092/6092 6177/6177
f 6177/6177 3520/3520 6238/6238
f 6238/6238 3520/3520 6178/6178
f 3677/3677 3531/3531 3530/3530
f 3532/3532 6186/6186 3533/3533
f 6186/6186 6239/6239 6240/6240
f 3533/3533 6186/6186 6240/6240
f 6241/6241 6242/6242 6243/6243
f 6239/6239 6244/6244 6245/6245
f 6240/6240 6239/6239 6245/6245
f 6191/6191 3533/3533 6240/6240
f 6246/6246 3368/3368 6189/6189
f 6191/6191 6240/6240 6245/6245
f 6188/6188 6136/6136 6247/6247
f 6191/6191 6245/6245 6248/6248
f 6245/6245 6244/6244 6248/6248
f 6244/6244 6249/6249 6250/6250
f 6248/6248 6244/6244 6250/6250
f 6247/6247 6136/6136 6192/6192
f 6138/6138 3368/3368 6251/6251
f 6251/6251 3368/3368 6246/6246
f 6192/6192 6137/6137 6252/6252
f 6137/6137 6139/6139 6252/6252
f 6251/6251 3536/3536 6138/6138
f 6193/6193 6191/6191 6248/6248
f 6252/6252 6139/6139 6194/6194
f 6253/6253 3536/3536 6251/6251
f 6193/6193 6248/6248 6254/6254
f 3535/3535 3536/3536 6253/6253
f 6194/6194 6109/6109 6255/6255
f 6256/6256 3535/3535 6253/6253
f 6193/6193 6254/6254 6195/6195
f 6257/6257 6074/6074 6112/6112
f 3649/3649 3535/3535 6256/6256
f 3648/3648 3649/3649 6256/6256
f 6258/6258 3538/3538 3648/3648
f 5986/5986 6259/6259 6260/6260
f 6196/6196 6195/6195 6261/6261
f 3650/3650 3538/3538 6258/6258
f 6260/6260 6259/6259 6262/6262
f 6112/6112 6113/6113 6263/6263
f 6264/6264 3383/3383 3650/3650
f 3544/3544 3383/3383 6264/6264
f 6263/6263 6113/6113 3549/3549
f 3542/3542 3544/3544 6265/6265
f 6265/6265 3544/3544 6264/6264
f 3654/3654 3542/3542 6265/6265
f 6196/6196 6266/6266 6197/6197
f 6144/6144 6198/6198 6267/6267
f 3655/3655 3653/3653 6268/6268
f 6269/6269 3406/3406 3655/3655
f 6270/6270 3556/3556 6269/6269
f 3556/3556 3406/3406 6269/6269
f 6199/6199 3556/3556 6270/6270
f 6271/6271 3565/3565 6272/6272
f 3565/3565 6199/6199 6272/6272
f 6273/6273 3562/3562 6271/6271
f 3562/3562 3565/3565 6271/6271
f 6200/6200 6146/6146 6274/6274
f 6274/6274 6146/6146 6273/6273
f 6273/6273 6146/6146 3562/3562
f 6201/6201 6145/6145 6200/6200
f 6203/6203 3429/3429 6201/6201
f 6275/6275 6202/6202 6203/6203
f 6204/6204 6202/6202 6275/6275
f 3438/3438 6202/6202 6204/6204
f 3577/3577 6204/6204 3575/3575
f 3576/3576 3575/3575 3656/3656
f 6276/6276 3291/3291 6147/6147
f 6277/6277 6114/6114 6115/6115
f 6277/6277 6115/6115 6278/6278
f 6278/6278 6115/6115 6148/6148
f 6278/6278 6148/6148 6149/6149
f 6154/6154 6208/6208 6209/6209
f 6123/6123 6156/6156 6210/6210
f 6214/6214 6154/6154 6209/6209
f 6213/6213 6212/6212 6279/6279
f 6209/6209 6211/6211 6280/6280
f 6280/6280 6211/6211 6213/6213
f 6213/6213 6279/6279 6281/6281
f 6280/6280 6213/6213 6281/6281
f 6281/6281 6279/6279 6282/6282
f 6283/6283 6280/6280 6281/6281
f 6283/6283 6281/6281 6284/6284
f 6284/6284 6281/6281 6282/6282
f 6284/6284 6282/6282 6216/6216
f 6283/6283 6284/6284 6216/6216
f 6216/6216 6282/6282 6217/6217
f 3592/3592 6214/6214 3722/3722
f 6285/6285 6283/6283 6216/6216
f 3592/3592 3722/3722 3593/3593
f 6223/6223 3595/3595 6286/6286
f 6286/6286 3595/3595 3596/3596
f 6286/6286 3596/3596 3728/3728
f 6163/6163 6222/6222 6162/6162
f 3728/3728 3596/3596 3606/3606
f 3728/3728 3606/3606 3605/3605
f 3726/3726 3605/3605 3665/3665
f 3665/3665 3664/3664 6287/6287
f 6228/6228 6288/6288 6229/6229
f 6287/6287 3664/3664 6226/6226
f 6226/6226 3615/3615 6289/6289
f 6227/6227 6163/6163 6164/6164
f 6289/6289 3615/3615 3614/3614
f 6289/6289 3614/3614 6230/6230
f 3736/3736 6230/6230 3737/3737
f 6231/6231 6233/6233 6290/6290
f 3621/3621 3493/3493 6291/6291
f 3621/3621 6291/6291 6292/6292
f 3738/3738 3737/3737 3624/3624
f 3621/3621 6292/6292 6290/6290
f 3738/3738 3624/3624 6293/6293
f 6293/6293 3624/3624 3625/3625
f 3621/3621 6290/6290 6129/6129
f 6290/6290 6233/6233 6235/6235
f 6293/6293 3625/3625 6294/6294
f 6129/6129 6290/6290 6174/6174
f 6174/6174 6290/6290 6235/6235
f 6294/6294 3625/3625 6173/6173
f 6173/6173 6175/6175 6295/6295
f 6175/6175 6236/6236 6295/6295
f 6295/6295 6236/6236 6176/6176
f 6237/6237 6177/6177 6296/6296
f 6296/6296 6177/6177 6238/6238
f 3817/3817 6178/6178 6179/6179
f 3817/3817 6179/6179 3815/3815
f 6238/6238 6178/6178 3817/3817
f 6180/6180 6182/6182 6297/6297
f 6254/6254 6248/6248 6250/6250
f 6254/6254 6250/6250 6298/6298
f 6250/6250 6249/6249 6298/6298
f 6298/6298 6249/6249 6299/6299
f 6247/6247 6192/6192 6252/6252
f 6299/6299 6249/6249 6300/6300
f 6254/6254 6298/6298 6301/6301
f 6195/6195 6254/6254 6301/6301
f 6195/6195 6301/6301 6302/6302
f 6141/6141 5986/5986 6260/6260
f 6195/6195 6302/6302 6261/6261
f 6303/6303 6304/6304 6305/6305
f 6196/6196 6261/6261 6302/6302
f 6196/6196 6302/6302 6266/6266
f 6257/6257 6112/6112 6263/6263
f 3548/3548 6263/6263 3549/3549
f 6197/6197 6266/6266 6198/6198
f 6268/6268 3653/3653 3654/3654
f 6272/6272 6199/6199 6270/6270
f 3557/3557 3559/3559 3686/3686
f 6274/6274 6273/6273 6271/6271
f 6306/6306 3694/3694 3693/3693
f 6307/6307 6021/6021 3706/3706
f 3705/3705 3704/3704 6114/6114
f 3705/3705 6114/6114 6308/6308
f 6308/6308 6114/6114 6277/6277
f 6308/6308 6277/6277 6278/6278
f 6278/6278 6149/6149 6309/6309
f 6309/6309 6149/6149 6155/6155
f 6155/6155 6210/6210 6310/6310
f 6311/6311 3591/3591 3713/3713
f 6156/6156 6157/6157 6312/6312
f 6214/6214 6209/6209 6313/6313
f 6313/6313 6209/6209 6280/6280
f 6312/6312 6157/6157 6158/6158
f 6312/6312 6158/6158 6314/6314
f 6315/6315 6214/6214 6313/6313
f 6316/6316 6215/6215 6159/6159
f 3722/3722 6214/6214 6315/6315
f 6159/6159 6160/6160 6317/6317
f 6313/6313 6280/6280 6318/6318
f 6318/6318 6280/6280 6283/6283
f 6317/6317 6160/6160 6319/6319
f 6160/6160 6220/6220 6319/6319
f 6319/6319 6220/6220 6320/6320
f 6220/6220 6161/6161 6320/6320
f 6161/6161 6223/6223 6320/6320
f 6318/6318 6283/6283 6285/6285
f 6223/6223 6286/6286 6321/6321
f 6321/6321 6286/6286 6322/6322
f 6286/6286 3728/3728 6322/6322
f 6322/6322 3728/3728 6323/6323
f 6318/6318 6285/6285 6324/6324
f 3593/3593 3722/3722 6288/6288
f 6288/6288 3722/3722 3724/3724
f 6323/6323 3728/3728 3727/3727
f 6229/6229 6288/6288 3724/3724
f 6325/6325 6318/6318 6324/6324
f 3727/3727 3726/3726 3665/3665
f 6229/6229 3724/3724 3730/3730
f 6287/6287 6226/6226 6326/6326
f 6326/6326 6226/6226 6289/6289
f 6326/6326 6289/6289 6327/6327
f 3493/3493 6229/6229 3730/3730
f 6325/6325 6324/6324 6231/6231
f 6291/6291 3730/3730 6328/6328
f 6289/6289 6230/6230 6329/6329
f 6327/6327 6289/6289 6329/6329
f 6291/6291 3493/3493 3730/3730
f 6291/6291 6328/6328 6292/6292
f 6292/6292 6328/6328 6325/6325
f 6292/6292 6325/6325 6290/6290
f 6290/6290 6325/6325 6231/6231
f 6230/6230 3736/3736 6329/6329
f 6294/6294 6173/6173 6330/6330
f 6173/6173 6295/6295 6330/6330
f 6330/6330 6295/6295 6331/6331
f 6295/6295 6176/6176 6332/6332
f 6176/6176 6237/6237 6332/6332
f 6332/6332 6237/6237 6333/6333
f 6237/6237 6296/6296 6333/6333
f 6296/6296 6238/6238 6334/6334
f 6334/6334 6238/6238 3817/3817
f 6335/6335 6180/6180 6297/6297
f 6297/6297 6182/6182 6183/6183
f 6336/6336 6062/6062 6337/6337
f 6336/6336 6337/6337 6338/6338
f 3748/3748 6242/6242 6241/6241
f 3748/3748 3750/3750 6242/6242
f 6339/6339 6340/6340 3750/3750
f 6341/6341 6340/6340 6339/6339
f 3751/3751 6340/6340 6341/6341
f 3752/3752 3751/3751 6341/6341
f 6301/6301 6298/6298 6299/6299
f 6299/6299 6300/6300 6342/6342
f 6252/6252 6194/6194 6343/6343
f 6301/6301 6299/6299 6302/6302
f 6343/6343 6194/6194 6255/6255
f 6344/6344 3753/3753 3752/3752
f 6345/6345 6342/6342 6346/6346
f 6347/6347 6305/6305 3753/3753
f 6347/6347 3753/3753 6344/6344
f 6302/6302 6299/6299 6348/6348
f 6299/6299 6342/6342 6348/6348
f 6347/6347 6303/6303 6305/6305
f 3791/3791 6303/6303 6347/6347
f 6266/6266 6302/6302 6348/6348
f 6349/6349 6257/6257 6263/6263
f 3791/3791 3793/3793 6304/6304
f 3791/3791 6304/6304 6303/6303
f 6266/6266 6348/6348 6350/6350
f 6350/6350 6348/6348 6345/6345
f 6351/6351 6352/6352 3793/3793
f 6350/6350 6345/6345 6267/6267
f 6345/6345 6353/6353 6267/6267
f 6266/6266 6350/6350 6198/6198
f 6198/6198 6350/6350 6267/6267
f 6354/6354 6355/6355 6352/6352
f 6354/6354 6352/6352 6351/6351
f 6354/6354 6356/6356 6355/6355
f 3682/3682 3681/3681 3651/3651
f 6357/6357 6358/6358 6356/6356
f 6357/6357 6359/6359 6358/6358
f 3754/3754 6360/6360 6359/6359
f 3754/3754 6359/6359 6357/6357
f 3754/3754 3756/3756 6360/6360
f 3755/3755 6361/6361 3756/3756
f 6362/6362 6363/6363 6364/6364
f 3758/3758 3569/3569 3688/3688
f 6365/6365 6366/6366 6367/6367
f 3690/3690 3689/3689 3425/3425
f 6306/6306 3693/3693 6368/6368
f 3291/3291 6276/6276 3701/3701
f 3764/3764 3763/3763 3762/3762
f 6369/6369 6307/6307 3706/3706
f 6308/6308 6278/6278 6370/6370
f 6370/6370 6278/6278 6309/6309
f 6371/6371 6309/6309 6155/6155
f 3712/3712 3768/3768 3715/3715
f 6371/6371 6155/6155 6310/6310
f 6310/6310 6210/6210 6156/6156
f 6310/6310 6156/6156 6312/6312
f 6316/6316 6159/6159 6317/6317
f 6372/6372 6317/6317 6319/6319
f 3722/3722 6315/6315 3723/3723
f 3723/3723 6315/6315 6313/6313
f 3723/3723 6313/6313 6373/6373
f 6313/6313 6318/6318 6373/6373
f 6320/6320 6223/6223 6321/6321
f 6374/6374 6321/6321 6322/6322
f 6322/6322 6323/6323 6375/6375
f 6375/6375 6323/6323 6376/6376
f 6373/6373 6318/6318 6325/6325
f 6323/6323 3727/3727 6376/6376
f 6376/6376 3727/3727 6377/6377
f 3723/3723 6373/6373 6328/6328
f 6328/6328 6373/6373 6325/6325
f 6377/6377 3727/3727 6378/6378
f 3727/3727 3665/3665 6378/6378
f 3730/3730 3723/3723 6328/6328
f 3665/3665 6287/6287 6378/6378
f 6378/6378 6287/6287 6379/6379
f 6379/6379 6287/6287 6326/6326
f 6380/6380 6326/6326 6327/6327
f 6380/6380 6327/6327 6381/6381
f 6327/6327 6329/6329 6381/6381
f 6329/6329 3736/3736 6382/6382
f 6382/6382 3736/3736 6383/6383
f 3736/3736 3738/3738 6383/6383
f 3738/3738 6293/6293 6384/6384
f 6383/6383 3738/3738 6384/6384
f 6293/6293 6294/6294 6384/6384
f 6384/6384 6294/6294 6385/6385
f 6385/6385 6294/6294 6330/6330
f 6386/6386 6330/6330 6331/6331
f 6331/6331 6295/6295 6387/6387
f 6387/6387 6295/6295 6332/6332
f 6332/6332 6333/6333 6388/6388
f 6333/6333 6296/6296 6389/6389
f 6389/6389 6296/6296 6334/6334
f 6334/6334 3817/3817 6390/6390
f 6060/6060 6062/6062 6336/6336
f 3748/3748 6241/6241 3853/3853
f 3855/3855 3749/3749 3748/3748
f 6391/6391 6073/6073 6392/6392
f 6339/6339 3750/3750 3749/3749
f 6392/6392 6073/6073 6141/6141
f 6348/6348 6342/6342 6345/6345
f 6393/6393 6394/6394 3679/3679
f 3678/3678 6393/6393 3679/3679
f 6351/6351 3793/3793 3792/3792
f 6395/6395 6393/6393 3678/3678
f 3681/3681 6395/6395 3678/3678
f 3682/3682 6395/6395 3681/3681
f 6396/6396 6395/6395 3682/3682
f 6396/6396 3683/3683 6397/6397
f 3683/3683 6396/6396 3682/3682
f 6357/6357 6356/6356 6354/6354
f 6357/6357 6354/6354 6398/6398
f 6397/6397 3684/3684 3795/3795
f 3684/3684 6397/6397 3683/3683
f 3685/3685 3795/3795 3684/3684
f 3830/3830 6399/6399 6361/6361
f 3830/3830 6361/6361 3755/3755
f 6400/6400 6401/6401 6399/6399
f 6400/6400 6399/6399 6402/6402
f 6364/6364 6363/6363 6401/6401
f 6364/6364 6401/6401 6400/6400
f 6403/6403 3758/3758 3688/3688
f 6366/6366 6362/6362 6367/6367
f 6367/6367 6362/6362 6364/6364
f 3797/3797 6403/6403 3689/3689
f 3689/3689 6403/6403 3688/3688
f 3690/3690 3797/3797 3689/3689
f 6404/6404 6365/6365 6367/6367
f 3692/3692 6365/6365 6404/6404
f 6405/6405 3692/3692 6404/6404
f 3691/3691 3797/3797 3690/3690
f 3693/3693 3692/3692 6405/6405
f 6368/6368 3693/3693 6405/6405
f 3696/3696 3796/3796 3695/3695
f 3876/3876 6306/6306 6368/6368
f 3697/3697 3796/3796 3696/3696
f 3801/3801 6306/6306 3876/3876
f 3798/3798 3796/3796 3698/3698
f 3698/3698 3796/3796 3697/3697
f 3759/3759 3798/3798 3699/3699
f 3836/3836 3759/3759 3760/3760
f 3761/3761 3803/3803 3762/3762
f 6406/6406 6407/6407 3805/3805
f 6407/6407 3806/3806 3805/3805
f 3804/3804 3806/3806 6408/6408
f 6409/6409 3804/3804 6408/6408
f 3767/3767 3766/3766 6410/6410
f 6409/6409 6408/6408 6411/6411
f 3767/3767 6410/6410 3807/3807
f 6412/6412 6409/6409 6411/6411
f 3711/3711 3767/3767 3807/3807
f 6413/6413 6370/6370 6309/6309
f 6414/6414 6413/6413 6309/6309
f 3711/3711 3807/3807 3768/3768
f 6371/6371 6414/6414 6309/6309
f 6371/6371 6310/6310 6415/6415
f 6415/6415 6310/6310 6312/6312
f 3716/3716 3769/3769 3770/3770
f 6316/6316 6317/6317 6416/6416
f 6416/6416 6317/6317 6372/6372
f 6372/6372 6319/6319 6417/6417
f 6417/6417 6319/6319 6320/6320
f 6417/6417 6320/6320 6418/6418
f 6418/6418 6320/6320 6321/6321
f 6418/6418 6321/6321 6374/6374
f 6418/6418 6374/6374 6419/6419
f 6374/6374 6322/6322 6375/6375
f 6420/6420 6376/6376 6377/6377
f 6421/6421 6378/6378 6379/6379
f 6326/6326 6380/6380 6379/6379
f 6379/6379 6380/6380 6422/6422
f 6423/6423 6380/6380 6381/6381
f 3776/3776 3777/3777 3733/3733
f 6381/6381 6329/6329 6382/6382
f 6424/6424 6382/6382 6383/6383
f 6425/6425 6383/6383 6384/6384
f 6426/6426 6384/6384 6385/6385
f 6426/6426 6385/6385 6386/6386
f 6385/6385 6330/6330 6386/6386
f 6331/6331 6387/6387 6386/6386
f 6387/6387 6332/6332 6388/6388
f 6333/6333 6389/6389 6388/6388
f 6389/6389 6334/6334 6390/6390
f 6427/6427 6390/6390 3817/3817
f 6427/6427 3817/3817 3816/3816
f 6428/6428 6390/6390 6427/6427
f 6336/6336 6183/6183 6060/6060
f 3855/3855 3748/3748 3853/3853
f 6429/6429 6339/6339 3749/3749
f 6341/6341 6339/6339 6429/6429
f 6392/6392 6141/6141 6430/6430
f 3823/3823 6341/6341 6429/6429
f 3752/3752 6341/6341 3823/3823
f 6344/6344 3752/3752 3824/3824
f 6347/6347 6344/6344 6431/6431
f 6431/6431 6344/6344 3824/3824
f 3825/3825 3827/3827 6432/6432
f 3827/3827 6433/6433 6432/6432
f 3679/3679 6394/6394 3680/3680
f 3791/3791 6347/6347 3792/3792
f 3792/3792 6347/6347 6431/6431
f 6434/6434 3825/3825 6435/6435
f 6435/6435 3825/3825 6432/6432
f 6436/6436 6434/6434 6435/6435
f 6437/6437 6351/6351 3792/3792
f 6438/6438 6436/6436 6439/6439
f 6436/6436 6435/6435 6439/6439
f 6354/6354 6351/6351 6437/6437
f 6440/6440 6438/6438 6441/6441
f 6438/6438 6439/6439 6441/6441
f 6398/6398 6354/6354 6437/6437
f 3860/3860 6440/6440 6441/6441
f 6442/6442 6357/6357 6398/6398
f 3860/3860 6441/6441 6443/6443
f 3754/3754 6357/6357 6442/6442
f 3828/3828 3754/3754 6442/6442
f 3868/3868 3860/3860 6444/6444
f 6444/6444 3860/3860 6443/6443
f 3755/3755 3754/3754 3828/3828
f 6445/6445 3868/3868 6446/6446
f 6446/6446 3868/3868 6444/6444
f 6402/6402 6399/6399 3830/3830
f 6447/6447 6445/6445 6448/6448
f 6448/6448 6445/6445 6446/6446
f 6449/6449 6447/6447 6448/6448
f 6447/6447 3833/3833 3832/3832
f 3870/3870 6447/6447 3832/3832
f 3833/3833 6447/6447 6449/6449
f 6450/6450 6367/6367 6364/6364
f 3835/3835 3831/3831 3833/3833
f 6451/6451 3799/3799 3798/3798
f 3871/3871 6452/6452 6453/6453
f 3800/3800 6451/6451 3798/3798
f 3801/3801 3876/3876 3802/3802
f 6454/6454 3874/3874 6455/6455
f 6456/6456 6454/6454 6455/6455
f 3762/3762 3803/3803 3802/3802
f 6457/6457 6454/6454 6456/6456
f 6457/6457 6456/6456 6458/6458
f 6406/6406 6457/6457 6458/6458
f 3805/3805 6457/6457 6406/6406
f 6459/6459 6457/6457 3805/3805
f 3764/3764 3762/3762 6460/6460
f 6461/6461 3805/3805 3804/3804
f 3764/3764 6460/6460 6462/6462
f 3766/3766 3764/3764 6462/6462
f 6463/6463 6461/6461 3804/3804
f 6410/6410 3766/3766 6462/6462
f 6463/6463 3804/3804 6409/6409
f 6464/6464 6463/6463 6409/6409
f 6410/6410 6462/6462 6463/6463
f 6410/6410 6463/6463 6465/6465
f 6465/6465 6463/6463 6464/6464
f 3807/3807 6410/6410 6465/6465
f 6464/6464 6409/6409 6412/6412
f 6465/6465 6464/6464 6466/6466
f 6466/6466 6464/6464 6412/6412
f 3807/3807 6465/6465 3839/3839
f 3839/3839 6465/6465 6466/6466
f 3839/3839 6466/6466 3837/3837
f 6466/6466 6412/6412 6467/6467
f 6468/6468 3837/3837 6466/6466
f 6468/6468 6466/6466 6467/6467
f 3769/3769 3807/3807 3838/3838
f 3807/3807 3839/3839 3838/3838
f 6469/6469 6468/6468 6467/6467
f 6469/6469 6467/6467 6470/6470
f 3769/3769 3838/3838 3840/3840
f 6469/6469 6470/6470 6471/6471
f 3770/3770 3769/3769 3840/3840
f 6472/6472 6471/6471 6473/6473
f 6472/6472 6473/6473 6474/6474
f 6475/6475 6472/6472 6474/6474
f 3771/3771 3770/3770 3842/3842
f 6475/6475 6474/6474 6476/6476
f 6477/6477 6475/6475 6476/6476
f 3771/3771 3842/3842 6478/6478
f 6477/6477 6476/6476 6479/6479
f 6480/6480 3771/3771 6478/6478
f 6477/6477 6479/6479 6481/6481
f 6482/6482 6372/6372 6417/6417
f 6483/6483 6480/6480 6478/6478
f 6482/6482 6417/6417 6418/6418
f 6483/6483 6478/6478 6484/6484
f 6485/6485 6481/6481 6486/6486
f 6482/6482 6418/6418 6419/6419
f 6419/6419 6374/6374 6487/6487
f 6374/6374 6375/6375 6487/6487
f 3773/3773 3843/3843 3809/3809
f 6487/6487 6375/6375 6420/6420
f 6420/6420 6375/6375 6376/6376
f 3809/3809 3843/3843 3810/3810
f 6420/6420 6377/6377 6488/6488
f 6488/6488 6377/6377 6421/6421
f 6421/6421 6377/6377 6378/6378
f 3774/3774 3810/3810 3775/3775
f 3775/3775 3810/3810 6489/6489
f 3775/3775 6489/6489 3844/3844
f 6421/6421 6379/6379 6422/6422
f 3776/3776 3775/3775 3844/3844
f 3776/3776 3845/3845 3777/3777
f 6422/6422 6380/6380 6423/6423
f 3777/3777 3845/3845 6490/6490
f 3777/3777 6490/6490 3846/3846
f 6423/6423 6381/6381 6424/6424
f 3778/3778 3777/3777 3846/3846
f 6381/6381 6382/6382 6424/6424
f 3778/3778 3847/3847 3811/3811
f 6424/6424 6383/6383 6425/6425
f 6425/6425 6384/6384 6426/6426
f 3780/3780 3848/3848 3781/3781
f 6426/6426 6386/6386 6491/6491
f 6491/6491 6386/6386 6492/6492
f 6492/6492 6386/6386 6387/6387
f 3783/3783 3814/3814 3849/3849
f 3783/3783 3850/3850 3784/3784
f 6492/6492 6387/6387 6493/6493
f 6493/6493 6387/6387 6388/6388
f 3784/3784 3850/3850 3785/3785
f 6493/6493 6388/6388 6389/6389
f 3785/3785 3851/3851 3786/3786
f 3786/3786 3851/3851 6494/6494
f 6493/6493 6389/6389 6495/6495
f 6389/6389 6390/6390 6495/6495
f 3786/3786 6494/6494 3787/3787
f 6495/6495 6390/6390 6428/6428
f 3787/3787 6494/6494 3818/3818
f 6183/6183 6336/6336 6496/6496
f 3789/3789 3819/3819 6497/6497
f 3789/3789 6497/6497 3820/3820
f 6336/6336 6338/6338 6498/6498
f 3749/3749 3855/3855 3857/3857
f 6499/6499 6429/6429 3857/3857
f 6429/6429 3749/3749 3857/3857
f 3823/3823 6429/6429 6499/6499
f 3824/3824 3823/3823 6500/6500
f 6500/6500 3823/3823 6499/6499
f 3826/3826 3856/3856 3827/3827
f 6433/6433 3827/3827 6501/6501
f 3827/3827 3859/3859 6501/6501
f 6502/6502 3824/3824 6500/6500
f 6503/6503 3826/3826 6434/6434
f 6434/6434 3826/3826 3825/3825
f 6504/6504 6431/6431 6502/6502
f 6502/6502 6431/6431 3824/3824
f 6436/6436 6503/6503 6434/6434
f 3792/3792 6431/6431 6504/6504
f 3792/3792 6504/6504 6505/6505
f 6506/6506 6436/6436 6438/6438
f 6507/6507 3792/3792 6505/6505
f 6437/6437 3792/3792 6507/6507
f 3862/3862 6506/6506 6440/6440
f 6440/6440 6506/6506 6438/6438
f 3863/3863 6437/6437 6507/6507
f 6398/6398 6437/6437 3863/3863
f 3861/3861 3860/3860 3867/3867
f 3862/3862 6440/6440 3860/3860
f 6442/6442 6398/6398 3865/3865
f 6398/6398 3863/3863 3865/3865
f 6508/6508 6442/6442 3865/3865
f 3868/3868 3867/3867 3860/3860
f 3828/3828 6442/6442 6508/6508
f 6509/6509 3866/3866 3868/3868
f 3828/3828 6508/6508 3829/3829
f 6445/6445 6509/6509 3868/3868
f 6510/6510 3830/3830 3829/3829
f 6511/6511 6509/6509 6447/6447
f 6447/6447 6509/6509 6445/6445
f 6402/6402 3830/3830 6512/6512
f 6512/6512 3830/3830 6510/6510
f 3870/3870 6511/6511 6447/6447
f 6400/6400 6402/6402 6513/6513
f 6513/6513 6402/6402 6512/6512
f 6514/6514 6513/6513 6512/6512
f 6364/6364 6400/6400 6513/6513
f 6450/6450 6364/6364 6513/6513
f 3831/3831 3869/3869 3832/3832
f 6404/6404 6367/6367 6450/6450
f 6515/6515 6404/6404 6450/6450
f 6516/6516 3869/3869 3831/3831
f 3873/3873 6404/6404 6515/6515
f 6405/6405 6404/6404 3873/3873
f 6517/6517 6516/6516 3834/3834
f 3834/3834 6516/6516 3831/3831
f 6518/6518 6405/6405 3873/3873
f 6368/6368 6405/6405 6518/6518
f 6452/6452 6519/6519 3834/3834
f 6519/6519 6517/6517 3834/3834
f 3875/3875 6368/6368 6518/6518
f 3871/3871 6519/6519 6452/6452
f 3876/3876 6368/6368 3875/3875
f 3874/3874 3872/3872 6453/6453
f 3872/3872 3871/3871 6453/6453
f 3875/3875 3874/3874 6454/6454
f 3802/3802 3876/3876 3877/3877
f 3877/3877 3875/3875 6454/6454
f 3802/3802 3877/3877 6459/6459
f 3877/3877 6454/6454 6457/6457
f 3762/3762 3802/3802 6520/6520
f 6520/6520 3802/3802 6459/6459
f 6459/6459 3877/3877 6457/6457
f 6520/6520 6459/6459 3805/3805
f 6460/6460 3762/3762 6520/6520
f 6460/6460 6520/6520 6461/6461
f 6461/6461 6520/6520 3805/3805
f 6462/6462 6460/6460 6463/6463
f 6463/6463 6460/6460 6461/6461
f 3838/3838 3837/3837 6468/6468
f 3838/3838 6468/6468 6521/6521
f 6521/6521 6468/6468 6469/6469
f 6521/6521 6469/6469 6522/6522
f 3840/3840 3838/3838 6521/6521
f 6522/6522 6469/6469 6471/6471
f 3840/3840 6521/6521 6523/6523
f 6523/6523 6521/6521 6522/6522
f 6522/6522 6471/6471 6524/6524
f 6524/6524 6471/6471 6472/6472
f 3841/3841 3840/3840 6523/6523
f 3841/3841 6523/6523 6525/6525
f 6523/6523 6522/6522 6525/6525
f 6525/6525 6522/6522 6524/6524
f 6525/6525 6524/6524 6526/6526
f 3842/3842 3841/3841 6525/6525
f 3842/3842 6525/6525 6526/6526
f 6524/6524 6472/6472 6475/6475
f 6526/6526 6524/6524 6475/6475
f 3842/3842 6526/6526 6527/6527
f 6526/6526 6475/6475 6528/6528
f 6478/6478 3842/3842 6527/6527
f 6529/6529 6530/6530 6531/6531
f 6528/6528 6475/6475 6477/6477
f 6529/6529 6531/6531 6532/6532
f 6533/6533 6529/6529 6532/6532
f 6478/6478 6527/6527 6534/6534
f 6528/6528 6477/6477 6481/6481
f 6528/6528 6481/6481 6535/6535
f 6484/6484 6478/6478 6534/6534
f 6484/6484 6534/6534 6536/6536
f 6532/6532 6531/6531 6537/6537
f 6531/6531 6538/6538 6537/6537
f 6535/6535 6481/6481 6485/6485
f 6532/6532 6537/6537 6539/6539
f 6537/6537 6538/6538 6540/6540
f 6541/6541 6532/6532 6542/6542
f 6542/6542 6532/6532 6539/6539
f 6537/6537 6540/6540 3878/3878
f 6539/6539 6537/6537 3878/3878
f 3878/3878 6540/6540 3879/3879
f 6485/6485 6486/6486 6543/6543
f 6543/6543 6486/6486 6544/6544
f 6542/6542 6539/6539 6545/6545
f 6545/6545 6539/6539 3878/3878
f 6543/6543 6544/6544 6546/6546
f 6546/6546 6544/6544 6547/6547
f 6545/6545 3878/3878 3880/3880
f 3880/3880 3879/3879 6548/6548
f 6549/6549 6546/6546 6547/6547
f 6549/6549 6547/6547 6550/6550
f 6545/6545 3880/3880 6551/6551
f 3880/3880 6548/6548 6552/6552
f 6551/6551 3880/3880 6552/6552
f 6551/6551 6552/6552 6553/6553
f 6549/6549 6550/6550 6554/6554
f 6554/6554 6550/6550 6555/6555
f 6553/6553 6552/6552 6556/6556
f 6554/6554 6555/6555 6557/6557
f 6558/6558 6553/6553 6556/6556
f 6554/6554 6557/6557 6559/6559
f 6557/6557 6555/6555 6560/6560
f 6561/6561 6558/6558 6556/6556
f 6561/6561 6556/6556 3881/3881
f 6556/6556 6562/6562 3881/3881
f 6557/6557 6560/6560 6559/6559
f 6563/6563 6561/6561 3881/3881
f 6564/6564 6565/6565 3882/3882
f 6559/6559 6560/6560 6566/6566
f 6566/6566 6560/6560 6567/6567
f 6563/6563 3881/3881 3883/3883
f 6566/6566 6567/6567 6568/6568
f 6563/6563 3883/3883 6569/6569
f 3883/3883 3882/3882 6570/6570
f 6568/6568 6567/6567 6571/6571
f 6569/6569 3883/3883 6570/6570
f 6568/6568 6571/6571 6572/6572
f 6569/6569 6570/6570 6573/6573
f 6573/6573 6570/6570 6574/6574
f 6572/6572 6571/6571 6575/6575
f 6576/6576 6573/6573 6574/6574
f 6572/6572 6575/6575 6577/6577
f 6576/6576 6574/6574 3884/3884
f 3884/3884 6574/6574 3885/3885
f 6577/6577 6575/6575 6578/6578
f 6579/6579 3884/3884 3886/3886
f 6580/6580 6577/6577 6578/6578
f 6579/6579 3886/3886 6581/6581
f 6581/6581 3886/3886 6582/6582
f 6580/6580 6578/6578 6583/6583
f 6580/6580 6583/6583 6584/6584
f 6584/6584 6583/6583 6585/6585
f 6581/6581 6582/6582 6586/6586
f 6584/6584 6585/6585 6587/6587
f 6586/6586 6582/6582 6588/6588
f 6587/6587 6585/6585 6589/6589
f 6586/6586 6588/6588 6590/6590
f 6590/6590 6588/6588 6591/6591
f 6589/6589 6585/6585 6592/6592
f 6590/6590 6591/6591 6593/6593
f 6593/6593 6591/6591 6594/6594
f 6589/6589 6592/6592 6595/6595
f 6596/6596 6428/6428 6427/6427
f 6589/6589 6595/6595 6597/6597
f 6598/6598 6599/6599 6600/6600
f 6601/6601 6593/6593 6594/6594
f 6601/6601 6594/6594 6602/6602
f 6598/6598 6597/6597 6595/6595
f 6598/6598 6595/6595 6599/6599
f 6601/6601 6602/6602 6603/6603
f 6603/6603 6602/6602 6604/6604
f 6605/6605 6603/6603 6604/6604
f 6605/6605 6604/6604 3891/3891
f 6605/6605 3891/3891 6606/6606
f 3855/3855 3854/3854 6607/6607
f 3857/3857 3855/3855 6607/6607
f 3856/3856 6499/6499 3857/3857
f 3858/3858 3857/3857 6607/6607
f 3858/3858 6607/6607 3859/3859
f 6607/6607 6608/6608 3859/3859
f 3826/3826 6499/6499 3856/3856
f 6503/6503 6500/6500 6499/6499
f 6503/6503 6499/6499 3826/3826
f 6502/6502 6500/6500 6436/6436
f 6436/6436 6500/6500 6503/6503
f 6504/6504 6502/6502 6506/6506
f 6506/6506 6502/6502 6436/6436
f 6505/6505 6504/6504 6609/6609
f 6609/6609 6504/6504 6506/6506
f 3862/3862 6609/6609 6506/6506
f 6507/6507 6505/6505 3861/3861
f 3861/3861 6505/6505 6609/6609
f 3861/3861 6609/6609 3862/3862
f 3863/3863 6507/6507 6610/6610
f 6507/6507 3861/3861 6610/6610
f 6611/6611 3863/3863 6610/6610
f 3867/3867 6610/6610 3861/3861
f 3864/3864 3863/3863 6611/6611
f 3866/3866 6611/6611 6610/6610
f 3866/3866 6610/6610 3867/3867
f 3866/3866 3864/3864 6611/6611
f 6508/6508 3865/3865 6612/6612
f 6612/6612 3865/3865 3864/3864
f 6612/6612 3864/3864 6509/6509
f 6509/6509 3864/3864 3866/3866
f 3829/3829 6508/6508 6613/6613
f 6508/6508 6612/6612 6613/6613
f 6613/6613 6612/6612 6511/6511
f 6511/6511 6612/6612 6509/6509
f 6614/6614 3829/3829 6613/6613
f 6510/6510 3829/3829 6614/6614
f 3870/3870 6613/6613 6511/6511
f 6510/6510 6614/6614 6615/6615
f 6615/6615 6614/6614 3870/3870
f 3870/3870 6614/6614 6613/6613
f 6512/6512 6510/6510 6615/6615
f 6512/6512 6615/6615 6616/6616
f 6616/6616 6615/6615 3869/3869
f 3869/3869 6615/6615 3870/3870
f 6514/6514 6512/6512 6616/6616
f 6514/6514 6616/6616 3869/3869
f 6450/6450 6513/6513 6617/6617
f 6617/6617 6513/6513 6514/6514
f 6514/6514 3869/3869 6516/6516
f 6515/6515 6450/6450 6617/6617
f 6517/6517 6617/6617 6514/6514
f 6517/6517 6514/6514 6516/6516
f 3873/3873 6515/6515 6517/6517
f 6515/6515 6617/6617 6517/6517
f 3871/3871 3873/3873 6519/6519
f 3873/3873 6517/6517 6519/6519
f 3872/3872 6518/6518 3873/3873
f 3875/3875 6518/6518 3872/3872
f 6548/6548 3879/3879 6618/6618
f 6548/6548 6618/6618 6552/6552
f 6552/6552 6618/6618 6619/6619
f 6552/6552 6619/6619 6556/6556
f 6619/6619 6562/6562 6556/6556
f 3881/3881 6562/6562 6564/6564
f 3881/3881 6564/6564 3882/3882
f 6570/6570 3882/3882 6565/6565
f 6570/6570 6565/6565 6620/6620
f 6620/6620 6565/6565 6621/6621
f 6570/6570 6620/6620 6574/6574
f 6620/6620 6621/6621 6574/6574
f 6574/6574 6621/6621 6622/6622
f 6622/6622 6621/6621 6623/6623
f 6622/6622 6623/6623 6624/6624
f 6574/6574 6622/6622 3885/3885
f 3885/3885 6622/6622 6624/6624
f 6624/6624 6623/6623 6625/6625
f 6625/6625 6623/6623 6626/6626
f 3885/3885 6624/6624 3886/3886
f 3886/3886 6624/6624 6625/6625
f 6625/6625 6626/6626 6627/6627
f 6626/6626 6628/6628 6627/6627
f 3886/3886 6625/6625 6582/6582
f 6582/6582 6625/6625 6627/6627
f 6582/6582 6627/6627 6588/6588
f 6588/6588 6627/6627 6629/6629
f 6627/6627 6628/6628 6629/6629
f 6629/6629 6628/6628 6630/6630
f 6588/6588 6629/6629 6591/6591
f 6629/6629 6630/6630 6631/6631
f 6591/6591 6629/6629 6594/6594
f 6594/6594 6629/6629 6631/6631
f 6631/6631 6632/6632 6633/6633
f 6594/6594 6631/6631 6633/6633
f 6602/6602 6594/6594 6633/6633
f 6427/6427 3816/3816 6634/6634
f 6596/6596 6427/6427 6634/6634
f 6633/6633 6632/6632 6602/6602
f 6602/6602 6632/6632 6635/6635
f 6604/6604 6602/6602 6635/6635
f 6635/6635 3889/3889 3891/3891
f 6604/6604 6635/6635 3891/3891
f 6606/6606 3891/3891 3892/3892
f 6606/6606 3892/3892 3893/3893
f 6607/6607 3854/3854 6608/6608
f 3888/3888 3887/3887 6636/6636
f 6596/6596 6634/6634 6637/6637
f 6638/6638 6496/6496 6336/6336
f 6639/6639 6638/6638 6336/6336
f 3896/3896 3894/3894 6640/6640
f 3890/3890 3888/3888 6636/6636
f 3890/3890 6636/6636 6641/6641
f 3894/3894 3890/3890 3897/3897
f 6640/6640 3894/3894 3898/3898
f 3897/3897 3890/3890 6641/6641
f 3897/3897 6641/6641 3898/3898
# Vertices: 6641, normals: 0, texture coordinates: 6641, faces: 10118

