# File generated by ImageToStl.com - Free Image and 3D model conversion tools

mtllib object_0 (6).mtl

o obj1
v 0.49830812 0.16011725 -0.19549273
v 0.49903601 0.16087051 -0.19232257
v 0.49948964 0.15729311 -0.19387253
v 0.49842131 0.15678127 -0.19542284
v 0.49830812 0.16011725 -0.19549273
v 0.49493295 0.16099744 -0.19407929
v 0.49903601 0.16087051 -0.19232257
v 0.49766788 0.150846 -0.19441614
v 0.49994847 0.15881337 -0.18690994
v 0.49898523 0.15373828 -0.18976451
v 0.49776471 0.1504004 -0.19058022
v 0.49914062 0.16141562 -0.15906613
v 0.49914062 0.16141562 -0.15906613
v 0.49706164 0.15088981 -0.14456186
v 0.49625748 0.16141149 -0.15630376
v 0.49971294 0.1594564 -0.14406981
v 0.49850041 0.15463181 -0.14545542
v 0.49862498 0.15468241 -0.11706287
v 0.4971838 0.15092178 -0.11459142
v 0.49914122 0.16132581 -0.07649096
v 0.4961786 0.16131504 -0.11085579
v 0.49914122 0.16132581 -0.07649096
v 0.49986899 0.15928677 -0.07072091
v 0.49872574 0.15439558 -0.07438835
v 0.49745786 0.15098374 -0.07446962
v 0.49620846 0.161291 -0.02818138
v 0.49689257 0.15141627 -0.04531135
v 0.49965632 0.15937637 -0.04484765
v 0.49824566 0.15472649 -0.04259971
v 0.4996129 0.15925083 0.01142054
v 0.4981854 0.15454288 0.01065397
v 0.49695799 0.15146993 -0.01324846
v 0.49902982 0.16117632 0.01869999
v 0.49902982 0.16117632 0.01869999
v 0.49676162 0.15105456 0.01464598
v 0.4962247 0.1613117 0.11805065
v 0.49972063 0.15915166 0.07141513
v 0.49825484 0.15448943 0.0637975
v 0.49684978 0.15115932 0.06507787
v 0.49916607 0.16126066 0.1331865
v 0.49916607 0.16126066 0.1331865
v 0.49815285 0.15417193 0.11109963
v 0.49668646 0.15086824 0.10174301
v 0.49989051 0.15913558 0.12223105
v 0.49659899 0.15101345 0.121512
v 0.49814063 0.15453775 0.12810698
v 0.50010175 0.1590497 0.15726258
v 0.49796069 0.15368509 0.15129857
v 0.49504986 0.16125581 0.18605779
v 0.49862102 0.15378481 0.16948162
v 0.49740893 0.15061875 0.17267001
v 0.49950442 0.1611679 0.17397845
v 0.49950442 0.1611679 0.17397845
v 0.50051641 0.15821001 0.18231092
v 0.49921483 0.15318818 0.18290047
v 0.49809468 0.15033886 0.18404385
v 0.49893826 0.16042766 0.18702348
v 0.49893826 0.16042766 0.18702348
v 0.49976915 0.15817009 0.18590881
v 0.49893826 0.16042766 0.18702348
v 0.49799567 0.15765828 0.1874547
v 0.49976915 0.15817009 0.18590881
v 0.49809468 0.15033886 0.18404385
v 0.49324656 0.13889806 -0.19045323
v 0.49276987 0.1438849 -0.19081192
v 0.49423969 0.14646626 -0.1899942
v 0.49524289 0.14868933 -0.19118766
v 0.49583021 0.14895403 -0.18675107
v 0.49328038 0.13929859 -0.18697375
v 0.4917258 0.13155398 -0.18894652
v 0.49321976 0.14604409 -0.17504607
v 0.49209473 0.13604972 -0.17947024
v 0.49050301 0.13117731 -0.18185553
v 0.4925909 0.1429034 -0.17207131
v 0.49139324 0.1609468 -0.18562487
v 0.49189305 0.16119319 -0.16163701
v 0.49184233 0.13785693 -0.16628054
v 0.49453282 0.14883386 -0.1531655
v 0.49228275 0.14577726 -0.1548648
v 0.49154592 0.13987458 -0.14415632
v 0.49216986 0.14663945 -0.14429051
v 0.49457839 0.14906213 -0.13245134
v 0.49201328 0.16115588 -0.12225886
v 0.49246243 0.14733644 -0.09946753
v 0.49206576 0.16119058 -0.07146587
v 0.4923732 0.161111 0.01160506
v 0.49206585 0.14751235 0.00691646
v 0.49228472 0.14757203 -0.02942373
v 0.49233508 0.16116084 0.11116805
v 0.49214864 0.14750975 0.10064185
v 0.49159727 0.13807593 0.10045056
v 0.49161181 0.13956425 0.08860891
v 0.4916459 0.13785958 0.12022626
v 0.49211216 0.14596832 0.12326701
v 0.49208382 0.14770558 0.12168288
v 0.49622446 0.15109849 0.14034927
v 0.49397212 0.14900666 0.12335786
v 0.49420205 0.14916803 0.14535551
v 0.49246132 0.14600183 0.14896403
v 0.49203154 0.13903607 0.14745297
v 0.49171042 0.13727017 0.144044
v 0.49215171 0.16122146 0.17163026
v 0.4920921 0.13688 0.1611076
v 0.49496678 0.14933461 0.15540405
v 0.49277213 0.13909483 0.16299224
v 0.4961428 0.14921241 0.17912434
v 0.49375054 0.14632866 0.17048509
v 0.49260557 0.136373 0.1710064
v 0.4940536 0.13903101 0.17878459
v 0.49481118 0.14628349 0.17947206
v 0.49275398 0.13594793 0.18035705
v 0.49554348 0.14883654 0.18211953
v 0.49436188 0.14593337 0.18139994
v 0.4935542 0.13827741 0.18114065
v 0.49436188 0.14593337 0.18139994
v 0.49171093 0.14167973 0.18165623
v 0.4935542 0.13827741 0.18114065
v 0.49574322 0.15293342 0.18600936
v 0.48981097 0.15148482 0.18581653
v 0.48572254 0.16047002 0.18971042
v 0.48572254 0.16047002 0.18971042
v 0.48329043 0.1605155 -0.19728062
v 0.48993522 0.12477807 -0.18821926
v 0.48985311 0.12627634 -0.18714674
v 0.49035242 0.11849445 -0.18603459
v 0.48994923 0.1187119 -0.1882548
v 0.48940629 0.11486254 -0.18748114
v 0.4904525 0.12911643 -0.18703613
v 0.48920244 0.12633193 -0.18241066
v 0.48868981 0.11444362 -0.18284416
v 0.48779359 0.12812206 -0.17730634
v 0.48818937 0.11605482 -0.17753167
v 0.48742628 0.123036 -0.17690337
v 0.48717782 0.11819153 -0.17578925
v 0.4864082 0.11512086 -0.17582802
v 0.4904097 0.1338038 -0.17398641
v 0.48689365 0.1302072 -0.16357087
v 0.48830575 0.1335052 -0.15703037
v 0.48963508 0.13621806 -0.14177753
v 0.48777387 0.13355349 -0.14063211
v 0.49144906 0.13974428 -0.11007425
v 0.49206442 0.14557381 -0.09183205
v 0.48791543 0.13367714 -0.11857706
v 0.48968884 0.13621683 -0.10874457
v 0.48956317 0.13625838 -0.07122631
v 0.4910067 0.13962391 -0.05458776
v 0.49123114 0.14259967 -0.05632021
v 0.49174252 0.14571233 -0.06018098
v 0.48936212 0.13650371 -0.05033068
v 0.48936439 0.13647594 -0.00021463
v 0.47746032 0.1611274 -0.01646217
v 0.49143565 0.14410402 0.00427616
v 0.49094674 0.13970608 0.03662138
v 0.4920319 0.14754651 0.04151847
v 0.4893603 0.13646331 0.04357556
v 0.49161497 0.14506347 0.05924489
v 0.4919534 0.14771755 0.06811048
v 0.47904336 0.16120252 0.0946926
v 0.4898923 0.13613939 0.09162595
v 0.48760411 0.13337344 0.15123332
v 0.48877561 0.1328197 0.16651137
v 0.4914237 0.13409898 0.17460406
v 0.49112239 0.13411355 0.17873761
v 0.48994771 0.13026896 0.17821011
v 0.48943081 0.12826812 0.17643701
v 0.49112239 0.13411355 0.17873761
v 0.48792875 0.13335918 0.17899354
v 0.48994771 0.13026896 0.17821011
v 0.48938653 0.12622471 0.1784011
v 0.48916203 0.11844957 0.17800719
v 0.49554348 0.14883654 0.18211953
v 0.4871873 0.14847267 0.18249355
v 0.48927724 0.12354188 0.17935944
v 0.48855856 0.11598852 0.17987736
v 0.48716927 0.11773761 0.18092717
v 0.48772585 0.11607063 0.17699273
v 0.48604637 0.15902062 0.18974672
v 0.48127574 0.15667325 0.18942539
v 0.48066115 0.16089459 -0.19539665
v 0.48993522 0.12477807 -0.18821926
v 0.47997144 0.12594689 -0.18723546
v 0.48985311 0.12627634 -0.18714674
v 0.48311585 0.1131966 -0.17320159
v 0.47548667 0.16104265 -0.15644515
v 0.48462257 0.12094872 -0.16878974
v 0.48524514 0.11577931 -0.17221186
v 0.48439699 0.1182033 -0.16899236
v 0.48321486 0.11435646 -0.17045826
v 0.48525846 0.12607633 -0.16292381
v 0.48478299 0.12732771 -0.12629732
v 0.47916919 0.16112848 -0.10051166
v 0.48787248 0.13392472 -0.09019477
v 0.48469096 0.12800939 -0.06968826
v 0.48817304 0.13428822 -0.0741766
v 0.4703899 0.16113366 -0.07236332
v 0.48579752 0.13070899 -0.06264589
v 0.48739445 0.13405637 -0.0606265
v 0.48462719 0.12714778 -0.05385974
v 0.48730901 0.13414754 -0.01974417
v 0.48463783 0.1274046 -0.00079431
v 0.4858022 0.13098304 -0.01064467
v 0.48581499 0.13106069 0.03635255
v 0.48716012 0.13394026 0.03629472
v 0.4847272 0.12763974 0.05484578
v 0.48767927 0.13363437 0.07392067
v 0.48600319 0.13076749 0.06684281
v 0.48458996 0.12771328 0.0749043
v 0.4848372 0.12744573 0.12008737
v 0.48806596 0.13372838 0.10906048
v 0.48644906 0.13103287 0.1012558
v 0.48637539 0.13090239 0.12739393
v 0.47910371 0.16124071 0.16556923
v 0.48765552 0.13344432 0.12638731
v 0.48623434 0.13074803 0.14170545
v 0.48440406 0.12492674 0.13025261
v 0.48521128 0.12621824 0.15199421
v 0.48428729 0.12133699 0.1505927
v 0.4866955 0.13087052 0.15457602
v 0.48768777 0.13030645 0.16801864
v 0.48630467 0.12618858 0.16711184
v 0.48488939 0.11997742 0.16632134
v 0.48705381 0.12515497 0.17198838
v 0.48524889 0.11595154 0.17137846
v 0.48427716 0.11568623 0.16767333
v 0.48737037 0.11853858 0.17459363
v 0.48138151 0.16110487 0.18913649
v 0.47250918 0.14527811 0.1832584
v 0.47646499 0.13861178 0.18264838
v 0.49275398 0.13594793 0.18035705
v 0.48938653 0.12622471 0.1784011
v 0.47830874 0.11946768 0.18184969
v 0.48927724 0.12354188 0.17935944
v 0.48240265 0.11618083 0.18189567
v 0.48716927 0.11773761 0.18092717
v 0.48716927 0.11773761 0.18092717
v 0.48240265 0.11618083 0.18189567
v 0.48673323 0.11544482 0.1799331
v 0.48855856 0.11598852 0.17987736
v 0.45780095 0.16088697 -0.18167588
v 0.48321486 0.11435646 -0.17045826
v 0.47849295 0.11239815 -0.16897336
v 0.48311585 0.1131966 -0.17320159
v 0.48269802 0.11479069 -0.16584811
v 0.48374361 0.11819663 -0.15816106
v 0.48421732 0.12204754 -0.15665621
v 0.48275796 0.1157346 -0.14997238
v 0.48356372 0.12180549 -0.10949165
v 0.48269174 0.11619013 -0.13102849
v 0.48259428 0.11701334 -0.11371579
v 0.48318186 0.11899385 -0.10949165
v 0.48260123 0.1167767 -0.103637
v 0.48340851 0.11915654 -0.06698168
v 0.48276255 0.11671197 -0.08760694
v 0.48379683 0.12269417 -0.06831926
v 0.48290592 0.11724994 -0.05617245
v 0.48381969 0.12285488 -0.01074809
v 0.48340273 0.11944082 -0.01953049
v 0.48274034 0.11751049 0.00694304
v 0.4832662 0.11984092 0.04736811
v 0.4827109 0.11758833 0.05034482
v 0.4839448 0.12419385 0.0403558
v 0.48283562 0.1170561 0.0784452
v 0.4836036 0.11906028 0.1145792
v 0.48293743 0.11693398 0.10956211
v 0.48306122 0.1156471 0.14115033
v 0.48437202 0.11775199 0.16416675
v 0.48296404 0.11529589 0.15743558
v 0.47684908 0.13005041 0.17802666
v 0.47955567 0.12674022 0.17839302
v 0.48938653 0.12622471 0.1784011
v 0.47619057 0.14734389 0.18305044
v 0.47577038 0.13553141 0.18113053
v 0.47955567 0.12674022 0.17839302
v 0.47625995 0.12505578 0.17964384
v 0.47864968 0.15133034 0.18680331
v 0.46383551 0.15856497 0.19303684
v 0.48223659 0.15988098 -0.19777787
v 0.46093729 0.16048093 -0.20027868
v 0.48329043 0.1605155 -0.19728062
v 0.47525528 0.1119155 -0.16842507
v 0.47418803 0.11000121 -0.17029405
v 0.46438614 0.16113919 0.02571767
v 0.46094906 0.16123596 0.06761579
v 0.47249946 0.13254911 0.17920835
v 0.47196525 0.16110553 0.18792827
v 0.47830874 0.11946768 0.18184969
v 0.46548563 0.11812466 0.18314579
v 0.46397537 0.11584521 0.18306442
v 0.46093729 0.16048093 -0.20027868
v 0.46417826 0.16085143 -0.19847524
v 0.47180969 0.10870286 -0.1738119
v 0.47475278 0.10943675 -0.17834586
v 0.43613508 0.16095723 -0.15115967
v 0.47525528 0.1119155 -0.16842507
v 0.47353962 0.10988387 -0.16539587
v 0.47418803 0.11000121 -0.17029405
v 0.47346514 0.10375911 -0.16773841
v 0.47335467 0.1069038 -0.16838685
v 0.47372028 0.09369316 -0.16637208
v 0.47347286 0.07778674 -0.16689484
v 0.47345796 0.02162635 -0.16610338
v 0.47313228 0.02616708 -0.16707335
v 0.47327045 -0.02037759 -0.16677488
v 0.47262362 -0.08902373 -0.16626333
v 0.4727186 -0.05509398 -0.16682999
v 0.47227308 -0.09702996 -0.16671802
v 0.47230226 -0.15300059 -0.16656461
v 0.47222504 -0.12743607 -0.16681972
v 0.47213486 -0.15902282 -0.1673018
v 0.47437191 0.1122881 -0.16279934
v 0.4736203 0.06534941 -0.16364215
v 0.47336993 -0.02260246 -0.16421624
v 0.47307622 -0.05560689 -0.16388394
v 0.47262299 -0.09650738 -0.16369888
v 0.47245383 -0.1354339 -0.16400675
v 0.47278079 0.10977133 -0.15472513
v 0.47317007 0.10553846 -0.15787284
v 0.47174689 -0.15914032 -0.14673801
v 0.47170296 -0.16241437 -0.16043633
v 0.47159675 -0.16224019 -0.16677612
v 0.47378659 0.11255939 -0.15225056
v 0.47295734 0.01469044 -0.15037021
v 0.47225156 -0.10474978 -0.15098363
v 0.47206753 -0.1357298 -0.14880095
v 0.47259036 -0.05969458 -0.15042524
v 0.47245553 0.10274445 -0.1329117
v 0.47257909 0.0887814 -0.13335754
v 0.4726108 0.06697157 -0.13081747
v 0.4726159 0.04085536 -0.13387507
v 0.47241563 -0.01257553 -0.13713026
v 0.47196144 -0.06998915 -0.12694074
v 0.47187471 -0.09327368 -0.1281274
v 0.47196174 -0.11177926 -0.13670722
v 0.47339508 0.11283737 -0.13160382
v 0.47206756 0.10955141 -0.1318918
v 0.45098817 0.16101061 -0.13493985
v 0.47139555 -0.15982673 -0.12455175
v 0.47124884 -0.16216193 -0.1298347
v 0.47191247 -0.0371225 -0.12184187
v 0.47190782 0.00880879 -0.11494482
v 0.47098085 -0.13730301 -0.1004857
v 0.47369105 0.11319147 -0.1145855
v 0.47238928 0.10233606 -0.11592085
v 0.47226554 0.08393585 -0.11770986
v 0.47198302 0.10996131 -0.10939435
v 0.47185612 0.07185628 -0.10301991
v 0.47088924 -0.15252253 -0.10290082
v 0.47091264 -0.16016246 -0.10062311
v 0.47122809 -0.05113619 -0.1005972
v 0.47110912 -0.07795941 -0.10093233
v 0.47087911 -0.16181976 -0.10166357
v 0.47200879 0.09975764 -0.10091635
v 0.4718692 0.08505324 -0.10312238
v 0.4713237 -0.0323103 -0.10228512
v 0.47101161 -0.10758941 -0.10132047
v 0.47319862 0.11267121 -0.10343319
v 0.47137007 0.10981777 -0.10309699
v 0.47088459 0.11163987 -0.10185362
v 0.47169441 0.02892527 -0.10215123
v 0.44236943 0.16104853 -0.10354456
v 0.4709225 0.10402454 -0.09969006
v 0.47068918 0.08069331 -0.10002569
v 0.47152847 0.0799232 -0.10118485
v 0.47093314 0.04360928 -0.0992895
v 0.47143549 0.0197194 -0.10039129
v 0.45547506 0.16127619 0.11114522
v 0.45452523 0.16127083 0.15090139
v 0.45815384 0.12703189 0.17965846
v 0.47035322 0.13759214 0.18309981
v 0.45815384 0.12703189 0.17965846
v 0.47319922 0.14895543 0.18486355
v 0.46691787 0.12058458 0.18257552
v 0.46548563 0.11812466 0.18314579
v 0.46006992 0.16115154 0.19142005
v 0.46206522 0.16032997 0.19347888
v 0.46206522 0.16032997 0.19347888
v 0.46510875 0.1556983 0.19153914
v 0.47907448 0.12777266 -0.18728283
v 0.47997144 0.12594689 -0.18723546
v 0.46958762 0.12724078 -0.18808591
v 0.48169139 0.12392086 -0.18788989
v 0.45845133 0.12415837 -0.18814208
v 0.47213614 0.10735479 -0.16979669
v 0.4702704 0.11211454 -0.09432425
v 0.46979699 0.10987122 -0.09456469
v 0.47021845 0.10458611 -0.0971853
v 0.46982101 0.08884064 -0.09710991
v 0.46976933 0.06935732 -0.09697483
v 0.47004166 0.04743949 -0.09680522
v 0.46987256 -0.01852851 -0.09661667
v 0.46991172 -0.0541288 -0.09660789
v 0.4699212 -0.07858837 -0.09712235
v 0.46964905 -0.13456731 -0.09608918
v 0.46946684 0.1010288 -0.08742662
v 0.46929657 0.06608229 -0.09355646
v 0.46928334 0.02060704 -0.09323406
v 0.46902865 -0.03258132 -0.09314176
v 0.46903348 -0.07455589 -0.09327419
v 0.468842 -0.13468224 -0.09234595
v 0.46871376 -0.15967271 -0.09296861
v 0.46825999 -0.16190843 -0.09146602
v 0.46878687 0.08435429 -0.08689272
v 0.46880788 0.04874934 -0.08876144
v 0.46867716 0.01608641 -0.08760593
v 0.46865457 -0.0393951 -0.09020652
v 0.46865526 -0.0703393 -0.08997518
v 0.46812287 -0.1433537 -0.08257078
v 0.46846661 -0.15404944 -0.0904298
v 0.46990919 0.11238007 -0.0784737
v 0.46756479 -0.16150297 -0.08295071
v 0.4678067 -0.15382206 -0.07947638
v 0.46877939 0.1101028 -0.07403659
v 0.46759194 -0.15976663 -0.08010881
v 0.46706855 -0.16175136 -0.08070806
v 0.46837699 0.11076126 -0.04982297
v 0.46976537 0.11309633 -0.04601587
v 0.46791568 0.11130577 -0.02726973
v 0.46938884 0.1131273 -0.01426107
v 0.46753541 0.11158694 0.00350749
v 0.46938884 0.1131273 -0.01426107
v 0.46909773 0.11285719 0.00547178
v 0.46753541 0.11158694 0.00350749
v 0.45997906 0.12454884 0.18141048
v 0.45990208 0.13750802 0.18404467
v 0.45617354 0.12291797 -0.18882896
v 0.46842021 0.07940536 -0.0807687
v 0.46793413 -0.06243095 -0.07503634
v 0.46809116 -0.10314015 -0.08163904
v 0.46847653 0.09823788 -0.07238568
v 0.46803933 -0.01433921 -0.07534462
v 0.46798104 0.03455502 -0.06933738
v 0.46714693 -0.1053969 -0.05570351
v 0.4681505 0.08421545 -0.06983249
v 0.4672223 -0.13185015 -0.05867007
v 0.46761551 0.04607411 -0.05390574
v 0.46739841 -0.00243421 -0.05305133
v 0.46719652 -0.03783407 -0.0515661
v 0.46616983 -0.15495954 -0.03565646
v 0.46792066 0.10406175 -0.03370538
v 0.4654409 -0.16154858 -0.03528322
v 0.46675986 -0.08723445 -0.0423781
v 0.46602714 -0.15968965 -0.03862551
v 0.45373487 0.16113499 -0.03455312
v 0.46693146 0.01682152 -0.03089122
v 0.46600357 -0.13175447 -0.02276831
v 0.46723515 0.07501581 -0.02673735
v 0.4662922 -0.07710455 -0.02387975
v 0.46669832 0.04247928 -0.00666744
v 0.46733555 0.09415334 0.00896131
v 0.46631181 -0.01965887 -0.00798472
v 0.46658388 0.01297608 -0.01272625
v 0.46615455 -0.0448185 -0.00693519
v 0.46603578 -0.08031027 -0.00941394
v 0.46505764 -0.15959068 0.00440235
v 0.4675822 0.10571314 0.00981988
v 0.4652409 -0.15544105 0.00502648
v 0.46682176 0.07849348 0.01543553
v 0.46663213 0.05724449 0.00954299
v 0.46545821 -0.12096317 0.01389993
v 0.46626413 0.02236265 0.02047637
v 0.46594131 -0.02453337 0.02481603
v 0.46579087 -0.05769688 0.02191943
v 0.46419284 -0.16157235 0.04815501
v 0.4653632 -0.09789637 0.03939715
v 0.46676412 0.08213712 0.04240105
v 0.46638077 0.05613074 0.04683082
v 0.46597266 0.00071919 0.04190125
v 0.46740347 0.1035307 0.04487968
v 0.46512541 -0.1249845 0.04064626
v 0.46476489 -0.15891269 0.03956565
v 0.46734905 0.11182661 0.05199746
v 0.46608573 0.03558663 0.06976345
v 0.4656024 -0.0474015 0.05760612
v 0.46544266 -0.07251726 0.05493788
v 0.46575078 -0.01715672 0.06831682
v 0.46699068 0.10330673 0.08036722
v 0.46649441 0.08536222 0.07482149
v 0.46473861 -0.12846032 0.06800722
v 0.46421924 -0.1488547 0.07714607
v 0.46698299 0.1121279 0.07927571
v 0.46383822 -0.159923 0.07752268
v 0.46635997 0.08124077 0.09353045
v 0.46512771 -0.0817825 0.08280273
v 0.46498159 -0.10611898 0.06873739
v 0.46559411 -0.02608802 0.09646186
v 0.46358669 -0.16204646 0.06999568
v 0.46587527 0.01754723 0.09415786
v 0.46705732 0.10357869 0.10984196
v 0.46614105 0.05000953 0.10217167
v 0.4653843 -0.05798711 0.08885325
v 0.46371672 -0.15495512 0.11819658
v 0.46337402 -0.1618764 0.14024472
v 0.46356109 -0.15999529 0.12546642
v 0.46706417 0.11228403 0.1165777
v 0.4666951 0.0898857 0.1379365
v 0.46584338 0.01092282 0.12448037
v 0.4656615 -0.02238444 0.14371797
v 0.46540004 -0.05093746 0.14295171
v 0.46612853 0.0472007 0.14768216
v 0.46704659 0.11069202 0.14030206
v 0.4665108 0.07284869 0.14297026
v 0.46506315 -0.07524177 0.11189419
v 0.46439087 -0.11693079 0.1436459
v 0.4647516 -0.10425018 0.10236318
v 0.46481815 -0.08086646 0.14345358
v 0.46713093 0.11298879 0.13365538
v 0.46702209 0.11436078 0.15045862
v 0.46678963 0.1121997 0.14786232
v 0.46540466 -0.04101698 0.14780523
v 0.46427602 -0.10765242 0.14763144
v 0.46368042 -0.13795945 0.14901635
v 0.46377054 -0.14989984 0.14361952
v 0.46349677 -0.1551562 0.14877161
v 0.46340385 -0.16158116 0.14814225
v 0.46634477 0.11202753 0.14964047
v 0.46702209 0.11436078 0.15045862
v 0.46412995 0.11294517 0.15011103
v 0.46634477 0.11202753 0.14964047
v 0.46450356 0.10743036 0.14970726
v 0.46630371 0.09646572 0.14993319
v 0.46630371 0.09646572 0.14993319
v 0.46581584 0.05416787 0.14974965
v 0.46437746 0.06873298 0.14999861
v 0.46581584 0.05416787 0.14974965
v 0.46405452 0.03597963 0.15013574
v 0.46528077 -0.01601117 0.14948115
v 0.46528077 -0.01601117 0.14948115
v 0.46389675 -0.02561265 0.14978293
v 0.46449569 -0.07146506 0.14945123
v 0.46449569 -0.07146506 0.14945123
v 0.46345517 -0.07534152 0.14978413
v 0.46308812 -0.14121196 0.14924479
v 0.46368042 -0.13795945 0.14901635
v 0.45757264 0.12975919 0.17977194
v 0.45490578 0.14797135 0.18571419
v 0.43700173 0.16121277 0.04913341
v 0.46432358 -0.12422918 0.12202314
v 0.45843574 0.11459814 0.15065216
v 0.46051106 -0.01946413 0.14985764
v 0.46078876 -0.07906387 0.14980724
v 0.45998314 -0.14763957 0.14920209
v 0.46349677 -0.1551562 0.14877161
v 0.46026072 -0.15979044 0.14884543
v 0.46340385 -0.16158116 0.14814225
v 0.45613733 -0.16225103 0.14840718
v 0.4338887 0.16134414 0.17809169
v 0.45674169 0.13163432 0.1806224
v 0.45404503 0.14538833 0.18493727
v 0.44800097 0.12204837 0.18484828
v 0.45558941 0.16098796 0.19358006
v 0.45077974 0.16048872 0.195123
v 0.4448379 0.16066867 -0.19878986
v 0.46396157 0.11143325 -0.1875741
v 0.45972893 0.10894659 -0.18629992
v 0.45360389 0.11002593 -0.1878598
v 0.43992361 0.16113952 -0.00013099
v 0.45132267 0.09812527 0.14975795
v 0.45092985 0.06072643 0.14984551
v 0.45581105 0.02906541 0.14997309
v 0.45103139 -0.03709261 0.14965384
v 0.45607844 -0.08061036 0.14964205
v 0.44765738 0.11602437 0.18531011
v 0.45200413 0.15233001 0.19109489
v 0.44218215 0.14884691 0.18846078
v 0.46874765 0.15255925 0.1888665
v 0.44847095 0.15667735 0.19477521
v 0.45077974 0.16048872 0.195123
v 0.45133042 0.15863776 0.19510618
v 0.44741267 0.16020939 -0.20154399
v 0.45568481 0.0912018 -0.1338021
v 0.45306966 0.09184366 -0.13264599
v 0.4550474 0.09358713 -0.13247387
v 0.45471585 0.09004123 -0.11381654
v 0.45361841 0.09274609 -0.11542408
v 0.45271444 0.07682686 -0.1166972
v 0.45484143 0.06572704 -0.11458068
v 0.45284948 0.07197972 -0.11669069
v 0.45484143 0.06572704 -0.11458068
v 0.45284948 0.07197972 -0.11669069
v 0.4528968 0.040125 -0.11633897
v 0.45463133 -0.00061623 -0.11459891
v 0.4528434 -0.00235651 -0.11627511
v 0.45273304 -0.03971779 -0.11614856
v 0.45442358 -0.04590917 -0.11433092
v 0.4526912 -0.05116128 -0.11549376
v 0.42367318 0.16113107 -0.05720754
v 0.44645807 0.11450173 0.15056264
v 0.44761816 0.1130403 0.14982639
v 0.4480249 0.10865132 0.14950164
v 0.45042166 0.02957574 0.14995579
v 0.44766411 -0.06506732 0.14957054
v 0.4504934 -0.13525012 0.14911084
v 0.446136 -0.15448976 0.14896832
v 0.44779709 -0.16014162 0.14894913
v 0.44649452 -0.16205776 0.1485267
v 0.44757569 0.11826924 0.1860479
v 0.44757569 0.11826924 0.1860479
v 0.45661515 0.10753107 -0.18347056
v 0.43796992 0.10661397 -0.18346524
v 0.45449337 0.10723292 -0.18560767
v 0.45045754 0.09930843 -0.13276628
v 0.45450786 -0.13785835 -0.13314015
v 0.45476821 -0.14396571 -0.1325278
v 0.45072296 -0.14682065 -0.1328662
v 0.45261523 -0.14705506 -0.13150142
v 0.45153016 0.10347787 -0.11821046
v 0.44896275 0.1012475 -0.11905956
v 0.45186874 0.09965251 -0.11819156
v 0.44934535 0.08814506 -0.11845178
v 0.45141861 0.08794475 -0.11821903
v 0.45089319 0.07772207 -0.11831896
v 0.44865769 0.07320295 -0.11828145
v 0.45271444 0.07682686 -0.1166972
v 0.44916388 0.05806742 -0.11769551
v 0.44929749 0.02759176 -0.1173458
v 0.44911972 0.00774443 -0.11741744
v 0.44913355 -0.00927559 -0.11731005
v 0.44912189 -0.02058468 -0.11736954
v 0.44901931 -0.04997935 -0.11725921
v 0.45180881 -0.06544615 -0.11552439
v 0.44915757 -0.07259239 -0.11650187
v 0.45117295 -0.08924213 -0.11499523
v 0.4490824 -0.08963887 -0.11593533
v 0.45099649 -0.12148329 -0.11511795
v 0.44904011 -0.12256674 -0.1159765
v 0.45128465 -0.14359593 -0.11506319
v 0.44917154 -0.14316934 -0.11598226
v 0.44918898 -0.14677234 -0.11719289
v 0.45231637 -0.14761865 -0.11617091
v 0.4205026 0.16135608 0.08661543
v 0.42424613 0.16134962 0.1296609
v 0.446556 0.1027365 0.14949459
v 0.44735521 0.04752809 0.1497409
v 0.44741383 -0.01679778 0.14957416
v 0.44633758 -0.13031657 0.14886984
v 0.44613937 0.1276729 0.18089542
v 0.44454399 0.13325973 0.18339676
v 0.44465125 0.12952141 0.18171665
v 0.44613937 0.1276729 0.18089542
v 0.44255507 0.12479281 0.18439737
v 0.4450188 0.14709331 0.18635313
v 0.44405198 0.15998162 -0.20250705
v 0.44741267 0.16020939 -0.20154399
v 0.44908166 0.15893961 -0.20189488
v 0.44163647 0.10711472 -0.18187453
v 0.43463069 0.10106616 -0.13259196
v 0.43779096 0.10346534 -0.13232553
v 0.43395847 0.10347566 -0.11794461
v 0.4445906 0.10125498 -0.11889435
v 0.44382367 0.08710244 -0.11811469
v 0.44528374 -0.06850237 -0.11679133
v 0.4453077 -0.08467958 -0.11664675
v 0.44539353 -0.11736427 -0.11675243
v 0.44552559 -0.14002205 -0.11648435
v 0.44400963 -0.14467275 -0.11615487
v 0.44375247 -0.14694691 -0.11678223
v 0.44738281 0.10458959 -0.06303874
v 0.44523576 0.10445385 -0.06453437
v 0.44821012 0.10377885 -0.06491947
v 0.44543472 0.11306994 0.14794293
v 0.44630229 0.10854913 0.14854275
v 0.44630229 0.10854913 0.14854275
v 0.44625649 0.09749907 0.14798903
v 0.446556 0.1027365 0.14949459
v 0.44656911 0.04566804 0.14946677
v 0.44675115 -0.00586556 0.14936672
v 0.44650909 -0.07584535 0.14922562
v 0.44418558 0.12635176 0.1825574
v 0.43749505 0.1386776 0.1867492
v 0.43755874 0.13530612 0.18552941
v 0.44407031 0.12059375 0.18645762
v 0.44550171 0.11646242 0.18633768
v 0.43521544 0.16144112 0.19529715
v 0.4144778 0.1608153 -0.18111077
v 0.43992379 0.07773247 -0.11803078
v 0.44282416 0.05750489 -0.11753419
v 0.4317998 -0.0525469 -0.1171626
v 0.44392836 0.1059583 0.12769939
v 0.44100797 0.1043638 0.12692241
v 0.44478491 0.10341288 0.12701957
v 0.44077048 0.11195549 0.13045529
v 0.44098485 0.10805085 0.12871762
v 0.44517544 0.10773039 0.13033134
v 0.4444586 0.11180455 0.13126846
v 0.44333857 0.11419736 0.14199416
v 0.44106603 0.11377406 0.13876075
v 0.44449866 0.1129106 0.13989434
v 0.43710321 0.12967488 0.1827722
v 0.44418558 0.12635176 0.1825574
v 0.44000188 0.14503896 0.18702893
v 0.43783364 0.15303895 0.19325839
v 0.43557951 0.1606593 0.19762959
v 0.43557951 0.1606593 0.19762959
v 0.43587103 0.15903497 0.19743076
v 0.42574033 0.16060056 -0.20227496
v 0.43943942 0.12959024 -0.19231935
v 0.44245252 0.12570672 -0.19061382
v 0.43434602 0.12403806 -0.19137534
v 0.44077402 0.1210239 -0.19066097
v 0.44186395 0.12253553 -0.1903636
v 0.43987063 0.10677661 -0.17942342
v 0.43169174 0.10155974 -0.11764565
v 0.42910001 0.06469263 -0.11760089
v 0.43022412 0.03400311 -0.11724509
v 0.429829 -0.01018958 -0.11730476
v 0.42489403 -0.0871449 -0.11684431
v 0.42492372 -0.1403846 -0.11659498
v 0.43430096 0.10467132 -0.02239808
v 0.43531212 0.10462029 -0.05877776
v 0.44710216 0.10443244 -0.01882103
v 0.43317923 0.10450161 0.0048922
v 0.44300488 0.10424061 0.0137815
v 0.44343597 0.10467122 0.12242138
v 0.44180235 0.10428932 0.12300752
v 0.4410207 0.10499669 0.11112519
v 0.43727255 0.10737731 0.12860458
v 0.4392066 0.10450229 0.12844729
v 0.40112174 0.16147394 0.16398482
v 0.42547837 0.1271352 0.18437055
v 0.4339039 0.14887816 0.18953533
v 0.43000695 0.12183132 0.18864202
v 0.43138367 0.11829798 0.18947722
v 0.43138367 0.11829798 0.18947722
v 0.43076369 0.11597969 0.18891646
v 0.43090969 0.15598221 0.19664437
v 0.44405198 0.15998162 -0.20250705
v 0.43453082 0.10399339 -0.1328899
v 0.41502866 0.07556853 -0.11745003
v 0.41798806 -0.14675789 -0.11726202
v 0.43475673 0.10462166 0.12824765
v 0.43229809 0.10357094 0.12730056
v 0.43733084 0.10397126 0.12738475
v 0.43205395 0.10720827 0.12838343
v 0.42722315 0.13148905 0.18462883
v 0.42670158 0.13830614 0.18839207
v 0.42547837 0.1271352 0.18437055
v 0.42317623 0.12446775 0.18802641
v 0.4244082 0.1462851 0.19029111
v 0.42937309 0.1614078 0.19775631
v 0.42960471 0.15808977 0.19821411
v 0.4069705 0.16102862 -0.10770015
v 0.43154746 0.10371888 -0.11644039
v 0.41617769 0.09282697 -0.11711983
v 0.41366813 -0.04033356 -0.11709154
v 0.42415625 -0.11760259 -0.11690079
v 0.4181855 -0.1444577 -0.116453
v 0.42689982 0.11206946 0.12957156
v 0.4265551 0.10759344 0.12817252
v 0.42970264 0.10404581 0.12814789
v 0.42400065 0.12962128 0.1847467
v 0.42599645 0.14791991 0.19032463
v 0.41933942 0.14016061 0.19034629
v 0.42239234 0.15286601 0.1954961
v 0.42280683 0.15012002 0.19286105
v 0.42702216 0.12067915 0.19003332
v 0.42944559 0.11643109 0.18987846
v 0.41656235 0.16092993 0.20128927
v 0.41656235 0.16092993 0.20128927
v 0.39965284 0.16090013 -0.16108328
v 0.41614115 0.1013984 -0.11706407
v 0.41461107 0.04902651 -0.11711922
v 0.41665858 0.00462947 -0.11714092
v 0.41462997 -0.01398589 -0.11710309
v 0.41165245 0.161182 -0.00244853
v 0.39839485 0.16130444 0.04434689
v 0.39292508 0.16144471 0.11575624
v 0.42521381 0.11132687 0.12833908
v 0.42221057 0.10588228 0.12790728
v 0.42350492 0.10242033 0.12711304
v 0.42764482 0.10316717 0.12725602
v 0.42379573 0.13373432 0.18623815
v 0.42273709 0.12603453 0.18641566
v 0.41493163 0.11799677 0.19314939
v 0.41493163 0.11799677 0.19314939
v 0.41328228 0.1157735 0.19337292
v 0.41538838 0.15895747 0.20150721
v 0.4166221 0.10363328 -0.11603903
v 0.40725723 0.11191498 0.12764505
v 0.42370221 0.10182745 0.1244359
v 0.42350492 0.10242033 0.12711304
v 0.4222672 0.10063573 0.12642878
v 0.42181545 0.1032091 0.12772313
v 0.4222672 0.10063573 0.12642878
v 0.42400065 0.12962128 0.1847467
v 0.40730739 0.16142832 0.19459978
v 0.41737711 0.14562818 0.19147903
v 0.40868774 0.16012874 -0.20537271
v 0.4126502 0.02512295 -0.11708605
v 0.40220016 -0.12132272 -0.116863
v 0.43082199 0.10470648 0.05990681
v 0.41274682 0.10456522 0.07532377
v 0.41194966 0.10435372 0.05851293
v 0.41513208 0.10176687 0.12748709
v 0.4153617 0.09978202 0.12667055
v 0.40664753 0.13176142 0.1878445
v 0.4118576 0.12677903 0.18735133
v 0.41456228 0.14913435 0.19344012
v 0.41304129 0.12154809 0.19227135
v 0.4107624 0.16149212 0.20153387
v 0.41018966 0.15604049 0.20102543
v 0.40592852 0.16061062 -0.2027773
v 0.39963764 -0.07011505 -0.11701313
v 0.38224375 0.16123626 -0.03217336
v 0.40950811 0.12954591 0.18699436
v 0.40950811 0.12954591 0.18699436
v 0.40606713 0.12375333 0.19200268
v 0.39990366 0.14572845 0.19479084
v 0.41068363 0.13802919 0.19135493
v 0.404035 0.15273675 0.19939516
v 0.40025827 0.1498365 0.1970875
v 0.414047 0.16043964 0.20223479
v 0.414047 0.16043964 0.20223479
v 0.38474342 0.02409992 -0.11721572
v 0.39256135 -0.10035539 -0.11687487
v 0.40286919 0.14784881 0.19469152
v 0.40741181 0.12069669 0.19412073
v 0.39582035 0.11773697 0.19701907
v 0.39582035 0.11773697 0.19701907
v 0.40324056 0.16090503 0.20435746
v 0.40324056 0.16090503 0.20435746
v 0.39819592 0.15904033 0.20506708
v 0.38747576 0.16009691 -0.2074797
v 0.39704344 0.16045795 -0.20563084
v 0.40862972 0.15880007 -0.20569211
v 0.38747576 0.16009691 -0.2074797
v 0.40868774 0.16012874 -0.20537271
v 0.36486536 0.16093782 -0.15013659
v 0.38342571 -0.14069006 -0.11680328
v 0.39631003 0.10166273 0.12711255
v 0.39766046 0.09944909 0.12633394
v 0.40223172 0.12762417 0.18848632
v 0.400417 0.12644559 0.19013494
v 0.395239 0.1615371 0.20311145
v 0.40163419 0.1567125 0.20344853
v 0.36316535 0.1036262 -0.11626036
v 0.38514662 -0.04240143 -0.11717196
v 0.37698257 0.16116372 -0.0700209
v 0.41590592 0.1046601 0.0863183
v 0.38753682 0.1042727 0.08324246
v 0.4028866 0.13337737 0.18966646
v 0.40032175 0.1296116 0.18886593
v 0.39537954 0.12416396 0.19365042
v 0.39385575 0.13885374 0.19480009
v 0.39450753 0.1358256 0.19296664
v 0.3677296 0.00991824 -0.11725292
v 0.37765417 -0.01090044 -0.11721829
v 0.38541436 0.13192667 0.19168162
v 0.40032175 0.1296116 0.18886593
v 0.3927429 0.14910899 0.197458
v 0.39421648 0.14550288 0.19571057
v 0.39162806 0.12178195 0.19623387
v 0.39406574 0.11562376 0.19733992
v 0.39540789 0.16070451 0.20583145
v 0.39540789 0.16070451 0.20583145
v 0.36174911 0.16081102 -0.18251041
v 0.38558602 0.06460579 -0.11741175
v 0.38134271 -0.14452256 -0.11659782
v 0.37006879 0.16145153 0.06869184
v 0.38794616 0.13755412 0.19542243
v 0.3831844 0.15248041 0.20265456
v 0.3805958 0.15106818 0.20143317
v 0.39150158 0.16133437 0.20554365
v 0.38718832 0.15535672 0.2045708
v 0.35720208 0.16107321 -0.10597927
v 0.36387169 0.10144269 -0.1174095
v 0.35876191 0.07796755 -0.11758982
v 0.36772671 0.04912052 -0.11731405
v 0.38929638 -0.14671345 -0.11733698
v 0.37572175 0.11176312 0.1276491
v 0.38519374 0.12691723 0.19171013
v 0.38791275 0.12036431 0.19786794
v 0.38357425 0.15694876 0.20642263
v 0.37633011 0.16084579 0.20880908
v 0.37633011 0.16084579 0.20880908
v 0.36609617 0.08992074 -0.11739498
v 0.35362503 0.16135438 0.0097433
v 0.38303825 0.12952074 0.19158319
v 0.38519374 0.12691723 0.19171013
v 0.37629744 0.12446911 0.19636558
v 0.37743363 0.14745511 0.19866395
v 0.37219182 0.11836804 0.2009747
v 0.37219182 0.11836804 0.2009747
v 0.37701076 0.15923408 0.20853174
v 0.36123779 0.16057812 -0.20674939
v 0.36832115 -0.0582776 -0.11714488
v 0.35215837 -0.08036347 -0.11700272
v 0.36378425 -0.113809 -0.11688617
v 0.34621382 0.10169593 0.12742418
v 0.35746974 0.16164425 0.19257891
v 0.37258038 0.11590948 0.20036207
v 0.37492201 0.16161875 0.20673339
v 0.33921599 0.16158515 0.12138391
v 0.34958267 0.16162384 0.16836312
v 0.37459508 0.12741996 0.1925388
v 0.37622011 0.13340199 0.19430619
v 0.37308729 0.12959933 0.19315366
v 0.37224573 0.14516339 0.19911632
v 0.36552104 0.13831142 0.1988762
v 0.36648718 0.13549072 0.19731368
v 0.36976969 0.12163967 0.20037393
v 0.34940907 -0.14022806 -0.11677027
v 0.37459508 0.12741996 0.1925388
v 0.37290469 0.12638277 0.19412085
v 0.37291011 0.14922777 0.20088953
v 0.36509269 0.12421005 0.19848855
v 0.36669499 0.15113984 0.20328204
v 0.36808443 0.15641718 0.20842579
v 0.36447179 0.15994731 -0.20939493
v 0.37210542 0.14513201 -0.20089115
v 0.38018203 0.14406726 -0.19892219
v 0.37048215 0.14217813 -0.19949062
v 0.37714651 0.10148899 -0.13239329
v 0.34228408 0.09988791 -0.13236596
v 0.37515801 0.10354532 -0.13241574
v 0.37290469 0.12638277 0.19412085
v 0.35624707 0.15217645 0.20606028
v 0.3693347 0.11629741 0.2014122
v 0.36246741 0.16170597 0.20946288
v 0.36418402 0.15859544 0.21033224
v 0.34148836 0.16062249 -0.19650561
v 0.36874491 0.12337659 -0.19865391
v 0.36887982 0.12060472 -0.19723487
v 0.36673748 0.12226033 -0.19887078
v 0.36236399 0.12471665 -0.19916914
v 0.35199049 0.10345339 -0.13214371
v 0.34388056 -0.03316817 -0.11721106
v 0.3572056 0.12965335 0.1954329
v 0.36171681 0.12605929 0.19552208
v 0.36171681 0.12605929 0.19552208
v 0.35604963 0.14784919 0.20227443
v 0.36017635 0.14564413 0.20104796
v 0.3627131 0.12296422 0.20082137
v 0.36415192 0.12111559 0.20217067
v 0.35020065 0.11842206 0.20504567
v 0.35020065 0.11842206 0.20504567
v 0.35972962 0.16102169 0.21115835
v 0.35972962 0.16102169 0.21115835
v 0.34810096 0.03096881 -0.11727619
v 0.37755424 0.11362285 0.13893503
v 0.34731132 0.11297987 0.13323863
v 0.37109408 0.11335119 0.13123424
v 0.35146949 0.16040373 -0.20974475
v 0.33260706 0.16134165 -0.03337081
v 0.34635246 0.11143669 0.12770998
v 0.34585282 0.09948535 0.1265257
v 0.34948286 0.13240051 0.19808201
v 0.35475385 0.12636836 0.19568978
v 0.34807885 0.12535343 0.19784673
v 0.35475385 0.12636836 0.19568978
v 0.34870768 0.1235497 0.20197794
v 0.34638754 0.15932064 0.21307531
v 0.35027027 0.15692016 0.21141826
v 0.33253846 0.16007611 -0.21300127
v 0.34431994 0.12553889 -0.20068745
v 0.36428425 0.126194 -0.19830614
v 0.32233804 0.16101074 -0.13420005
v 0.33592796 0.06056072 -0.1174255
v 0.32980627 -0.00974077 -0.1172546
v 0.3304559 0.16154571 0.07001317
v 0.35236001 0.13673775 0.20013882
v 0.34863096 0.12153447 0.20428441
v 0.34909621 0.11565 0.20427828
v 0.33938128 0.12746423 -0.19989832
v 0.35779631 0.10427413 -0.13418457
v 0.33414951 0.10420604 -0.13390434
v 0.3582398 0.10471725 -0.14402339
v 0.31844908 -0.05504295 -0.11717822
v 0.31735098 0.16116428 -0.09004907
v 0.34872907 0.14542216 0.20271266
v 0.34908018 0.14932273 0.20473562
v 0.34495535 0.16093992 0.21344045
v 0.34495535 0.16093992 0.21344045
v 0.31015664 0.07555016 -0.11760702
v 0.32003748 0.04445858 -0.11731823
v 0.32143998 0.01213605 -0.11727545
v 0.34375128 0.12726846 0.19648536
v 0.34468931 0.16174971 0.21063085
v 0.35663211 0.15500358 0.20880762
v 0.340406 0.15142567 0.20740041
v 0.34708774 0.12041639 0.20526776
v 0.34029284 0.11827656 0.20644124
v 0.34739602 0.11604503 0.20526624
v 0.34029284 0.11827656 0.20644124
v 0.32052764 0.16092789 -0.16343096
v 0.33348063 0.10467049 -0.14372142
v 0.3296791 -0.14663835 -0.11728074
v 0.34378248 0.09966491 0.12747113
v 0.31528354 0.16172405 0.18615587
v 0.33995423 0.13810217 0.20198125
v 0.34221759 0.12929586 0.19756947
v 0.34375128 0.12726846 0.19648536
v 0.34230006 0.12627551 0.19766513
v 0.33735928 0.12255959 0.2045823
v 0.32813701 0.15500547 0.21249129
v 0.33671623 0.12091727 0.20624278
v 0.33485138 0.16169257 0.21345326
v 0.33417591 0.15896323 0.21454707
v 0.32850328 0.16052318 -0.2107503
v 0.3478432 0.15438072 -0.21030644
v 0.34185317 0.1510472 -0.20967618
v 0.33561838 0.15225437 -0.21129985
v 0.34049058 0.14523108 -0.20433827
v 0.34853661 0.14420348 -0.20202887
v 0.3394734 0.14275956 -0.20262636
v 0.33683884 0.126084 -0.20116109
v 0.32220435 0.10341594 -0.1321377
v 0.31240329 0.09268197 -0.11735238
v 0.31549424 -0.0905619 -0.11697556
v 0.32564139 -0.14446983 -0.11652753
v 0.30848721 0.16152021 0.04276916
v 0.34230006 0.12627551 0.19766513
v 0.33151704 0.12492439 0.20054573
v 0.3357465 0.14835012 0.20613483
v 0.32996282 0.16110684 0.21534421
v 0.32996282 0.16110684 0.21534421
v 0.3377485 0.12365533 -0.20223019
v 0.33881864 0.12093098 -0.20071077
v 0.33639294 0.12230913 -0.20239414
v 0.33793709 0.13001345 -0.20000944
v 0.33938128 0.12746423 -0.19989832
v 0.33683884 0.126084 -0.20116109
v 0.30840558 0.16137084 -0.04895465
v 0.3200298 0.11139907 0.12767066
v 0.33171222 0.12982564 0.19909394
v 0.33386645 0.12588702 0.19919777
v 0.33386645 0.12588702 0.19919777
v 0.32549676 0.12449726 0.20262641
v 0.32575288 0.15097107 0.20957208
v 0.3261033 0.1155883 0.20820118
v 0.30312994 0.10370583 -0.11629416
v 0.29007447 -0.10985743 -0.11694703
v 0.32089806 0.14588307 0.20758344
v 0.32533151 0.11802586 0.20880093
v 0.32533151 0.11802586 0.20880093
v 0.33507591 0.12462905 -0.20246617
v 0.30750099 0.12569273 -0.2046411
v 0.31698781 0.10138281 -0.11736314
v 0.29420766 0.16167742 0.14995518
v 0.32088622 0.1272735 0.20000689
v 0.32002401 0.13363682 0.20215657
v 0.31864759 0.13945585 0.20518994
v 0.31625161 0.12351999 0.20618922
v 0.32309332 0.12122034 0.20804337
v 0.31732211 0.15678327 0.21600369
v 0.32760179 0.15956391 -0.21372055
v 0.30879202 0.15999922 -0.2150342
v 0.33253846 0.16007611 -0.21300127
v 0.29691803 0.16077521 -0.18439913
v 0.31237382 0.10027518 -0.13228582
v 0.29673338 -0.14045219 -0.11674326
v 0.31893623 0.12904514 0.2007429
v 0.32088622 0.1272735 0.20000689
v 0.3188608 0.12604612 0.20147309
v 0.32307509 0.11591326 0.20908201
v 0.30706769 0.16049528 -0.21335703
v 0.29975477 0.12754495 -0.20377536
v 0.28759092 -0.03434549 -0.11729906
v 0.29153514 0.16163012 0.10222164
v 0.31334147 0.12244136 0.20847163
v 0.31656542 0.1207459 0.20964125
v 0.31456083 0.11821502 0.21044658
v 0.31456083 0.11821502 0.21044658
v 0.31450954 0.16102172 0.21736139
v 0.31450954 0.16102172 0.21736139
v 0.31438434 0.15920839 0.21754548
v 0.30879202 0.15999922 -0.2150342
v 0.30037001 0.02204852 -0.11730786
v 0.29448813 0.10709205 0.12754133
v 0.30777243 0.16160318 0.21525168
v 0.30775499 0.12952593 0.20227426
v 0.31893623 0.12904514 0.2007429
v 0.30775499 0.12952593 0.20227426
v 0.30779701 0.13733588 0.20530519
v 0.31138131 0.14247641 0.20715761
v 0.2937651 0.05189212 -0.11741443
v 0.29365247 -0.00769061 -0.11731683
v 0.28886801 0.16121697 -0.08178342
v 0.30680588 0.12608221 0.20312524
v 0.30254629 0.12489648 0.2049105
v 0.30600727 0.14700967 0.21026105
v 0.3049905 0.16138856 0.21757019
v 0.30047405 0.15888765 0.21941064
v 0.31257713 0.16041879 0.21811615
v 0.31257713 0.16041879 0.21811615
v 0.29718718 0.10361677 -0.13187213
v 0.29327744 0.09310646 -0.11747343
v 0.23881206 -0.14664081 -0.11716335
v 0.23881206 -0.14664081 -0.11716335
v 0.266574 -0.14691564 -0.11824068
v 0.33623952 -0.14684795 -0.11842459
v 0.3296791 -0.14663835 -0.11728074
v 0.2989552 0.16146401 -0.0073405
v 0.30430105 0.11330918 0.1456167
v 0.29234493 0.11291801 0.13208435
v 0.32196289 0.11299145 0.1334585
v 0.30118763 0.13244107 0.20410824
v 0.29162374 0.12376156 0.2095622
v 0.29592744 0.15267231 0.21623987
v 0.29743454 0.11797857 0.2128325
v 0.29743454 0.11797857 0.2128325
v 0.30567396 0.12373604 -0.20595649
v 0.30648187 0.1210145 -0.20449595
v 0.30458349 0.12252572 -0.20605385
v 0.30210596 0.12461973 -0.20610306
v 0.27891403 0.16092718 -0.15216485
v 0.28059173 0.07228787 -0.11776162
v 0.27806354 0.03253511 -0.1173979
v 0.29595223 0.09950547 0.12759672
v 0.26293606 0.16180936 0.20093998
v 0.29487363 0.1243725 0.20730497
v 0.29665449 0.1396848 0.20738889
v 0.29545107 0.12144599 0.21188514
v 0.2979489 0.1156204 0.212084
v 0.29332909 0.15681696 0.21933012
v 0.29790512 0.12635322 -0.20502423
v 0.28503308 0.10141249 -0.11767925
v 0.27842513 0.08014465 -0.11776687
v 0.28983596 -0.06701273 -0.11715417
v 0.29156908 0.11162922 0.12783664
v 0.29595098 0.12721896 0.2039258
v 0.28670073 0.14355616 0.21052496
v 0.29124102 0.16073352 0.22057851
v 0.29124102 0.16073352 0.22057851
v 0.27662992 0.16040151 -0.21488154
v 0.29825437 0.12972821 -0.20411967
v 0.29975477 0.12754495 -0.20377536
v 0.29790512 0.12635322 -0.20502423
v 0.25630474 0.16063315 -0.1939621
v 0.30546334 0.10815069 -0.19986691
v 0.29990315 0.10543684 -0.19909248
v 0.29193962 0.10578047 -0.20129177
v 0.27428585 0.16135183 -0.05645606
v 0.28171092 0.16146012 -0.02238671
v 0.27510607 0.16155684 0.0503544
v 0.29368374 0.12604065 0.20547575
v 0.28979808 0.14847985 0.21350156
v 0.28826678 0.16157579 0.21851246
v 0.29599291 0.11611743 0.21301532
v 0.27286667 0.16016668 -0.21734951
v 0.26212323 0.1610314 -0.12298404
v 0.27812892 0.13310073 0.207284
v 0.29364318 0.12938264 0.20457844
v 0.29364318 0.12938264 0.20457844
v 0.28582612 0.12235871 0.2122594
v 0.29230815 0.1203136 0.21320215
v 0.29230815 0.1203136 0.21320215
v 0.28793836 0.11819126 0.21382838
v 0.28882214 0.15997896 0.22122295
v 0.27769595 0.12679529 -0.20659535
v 0.2782087 0.09913452 -0.13206823
v 0.26427728 -0.08302104 -0.11705609
v 0.27439868 0.10201515 0.12744334
v 0.2669352 0.16177468 0.1820938
v 0.26515388 0.11551654 0.21556067
v 0.28153688 0.16133673 0.22106154
v 0.28882214 0.15997896 0.22122295
v 0.27820453 0.12387308 -0.20813303
v 0.24387667 0.0947508 -0.11758529
v 0.26631239 -0.00038634 -0.11739078
v 0.24114485 0.09952705 0.12736206
v 0.27758527 0.12595677 0.20703913
v 0.2703515 0.12120626 0.2149816
v 0.28793836 0.11819126 0.21382838
v 0.28017789 0.15886696 0.22205335
v 0.27392641 0.15318079 0.2193684
v 0.25050256 -0.05718525 -0.11723866
v 0.27228636 0.1293636 0.20685177
v 0.27228636 0.1293636 0.20685177
v 0.27835923 0.12431342 0.20962131
v 0.27392116 0.14785656 0.21455424
v 0.26674804 0.11823391 0.21599334
v 0.26674804 0.11823391 0.21599334
v 0.26369596 0.16072696 0.22447126
v 0.26369596 0.16072696 0.22447126
v 0.23587638 0.16080476 -0.17447382
v 0.25479421 0.05599239 -0.11752675
v 0.26287889 -0.12435439 -0.11690876
v 0.23685858 0.16111374 -0.09954993
v 0.25306505 0.16163999 0.14199033
v 0.27366582 0.14109272 0.21121882
v 0.25708124 0.13579917 0.21135008
v 0.2635015 0.12530209 0.20903774
v 0.2621083 0.12338298 0.21354805
v 0.26409566 0.15640751 0.22319709
v 0.23563533 0.10363546 -0.1164786
v 0.21901123 -0.14447191 -0.11651963
v 0.23960654 0.16147904 0.00131363
v 0.23581356 0.16159308 0.10285123
v 0.26617029 0.1466509 0.21452136
v 0.26214722 0.16162692 0.22216307
v 0.2637859 0.15909883 0.22446392
v 0.26960135 0.15991072 -0.21826236
v 0.27286667 0.16016668 -0.21734951
v 0.27116266 0.15896167 -0.21823615
v 0.26960135 0.15991072 -0.21826236
v 0.26141575 0.16023186 -0.21683602
v 0.24512526 0.09932039 -0.1321131
v 0.25784814 0.10366461 -0.13177323
v 0.235838 0.08845813 -0.11763528
v 0.22546726 0.16138884 -0.04405628
v 0.24369176 0.11184918 0.1276219
v 0.25193101 0.10741375 0.12727472
v 0.25705755 0.12700164 0.20812616
v 0.25730193 0.14326829 0.21377112
v 0.23819052 0.01830282 -0.117392
v 0.24896301 -0.02089615 -0.1173384
v 0.23108864 -0.14037588 -0.11673269
v 0.25435656 0.14890227 0.21744959
v 0.25206998 0.12633936 -0.20851114
v 0.25405076 0.12756442 -0.20766641
v 0.23556401 0.03746945 -0.11739931
v 0.24045897 -0.10735925 -0.11693732
v 0.21859655 0.16123983 -0.07415339
v 0.25705755 0.12700164 0.20812616
v 0.25012723 0.12179895 0.21682724
v 0.25723583 0.16133218 0.22460051
v 0.25103462 0.15879698 0.22584419
v 0.25950629 0.12349188 -0.20942603
v 0.26007703 0.1205586 -0.20827714
v 0.25746757 0.1226065 -0.2099648
v 0.26709542 0.13289744 -0.20739441
v 0.266893 0.12956111 -0.2069871
v 0.25165516 0.12959404 -0.20803934
v 0.21951556 -0.14683242 -0.11838174
v 0.25610587 0.10384394 0.0484077
v 0.27329111 0.10382846 0.05442904
v 0.25590417 0.10350282 0.0753963
v 0.24955115 0.16156189 0.05861413
v 0.25505522 0.12936054 0.20912702
v 0.25538713 0.12607327 0.20928141
v 0.25297529 0.12466196 0.21133588
v 0.24648258 0.14530154 0.21587558
v 0.25086832 0.11868729 0.21761343
v 0.25086832 0.11868729 0.21761343
v 0.24723539 0.16102593 0.2262672
v 0.24723539 0.16102593 0.2262672
v 0.23716593 0.1596954 -0.22092749
v 0.23864107 0.16019645 -0.21842963
v 0.22577992 0.07827973 -0.11778489
v 0.24245885 -0.08507452 -0.11699823
v 0.22662641 0.16173723 0.17509121
v 0.22674005 0.16186807 0.20037651
v 0.25538713 0.12607327 0.20928141
v 0.25240296 0.1153069 0.21651988
v 0.25869769 0.11482288 0.21542153
v 0.24922481 0.15338281 0.22266105
v 0.23336758 0.12399273 -0.21152142
v 0.25405076 0.12756442 -0.20766641
v 0.25206998 0.12633936 -0.20851114
v 0.23158604 0.10141078 -0.11778077
v 0.21294421 -0.04173358 -0.1172916
v 0.26234359 0.10410897 -0.08684372
v 0.23680347 0.10405527 -0.08539987
v 0.24278671 0.10405388 -0.09995307
v 0.24313711 0.13404095 0.21207295
v 0.24704331 0.12402456 0.21406557
v 0.24899253 0.12040152 0.21769969
v 0.24936508 0.11582915 0.21752778
v 0.24091648 0.16179584 0.22553115
v 0.19463703 0.16043693 -0.20633702
v 0.20704776 0.16084096 -0.16109395
v 0.26460996 0.11301242 0.13180177
v 0.23684078 0.11288935 0.13118407
v 0.24041824 0.11269287 0.12963755
v 0.22930354 0.13070945 0.21236803
v 0.24050635 0.12971152 0.2105695
v 0.24110053 0.12600765 0.21037123
v 0.24110053 0.12600765 0.21037123
v 0.23586449 0.14146981 0.21448296
v 0.24052566 0.12300605 0.21689887
v 0.23808283 0.12144351 0.2186144
v 0.2363932 0.11840458 0.21927854
v 0.24899253 0.12040152 0.21769969
v 0.23808283 0.12144351 0.2186144
v 0.25086832 0.11868729 0.21761343
v 0.2363932 0.11840458 0.21927854
v 0.2142415 -0.01213764 -0.11735682
v 0.21021147 -0.13988422 -0.11676229
v 0.2072614 0.16152692 0.03276299
v 0.20631811 0.16161466 0.14141718
v 0.23177046 0.14752337 0.21841727
v 0.23153012 0.15309511 0.22397184
v 0.24488594 0.09410957 -0.13204092
v 0.2247927 0.09146319 -0.13207249
v 0.21810809 0.05769197 -0.11752578
v 0.20288196 -0.12017855 -0.11693858
v 0.2326986 0.12865046 0.21075422
v 0.22038248 0.12506123 0.21272315
v 0.22733434 0.13968462 0.21461368
v 0.23127005 0.12420525 0.21454886
v 0.22424641 0.15946878 0.22855256
v 0.23216431 0.15945135 -0.22157429
v 0.23716593 0.1596954 -0.22092749
v 0.23603721 0.15865807 -0.22118665
v 0.23752134 0.1051725 -0.20587996
v 0.23742087 0.10366107 -0.20329699
v 0.23604643 0.10341341 -0.20506638
v 0.20582232 0.16093956 -0.13949439
v 0.21066548 0.10756862 0.12715642
v 0.20549278 0.10150903 0.12722166
v 0.22962277 0.12593202 0.2111568
v 0.22962277 0.12593202 0.2111568
v 0.22520238 0.14457251 0.21690422
v 0.22376972 0.16126826 0.22867282
v 0.22376972 0.16126826 0.22867282
v 0.23216431 0.15945135 -0.22157429
v 0.21972166 0.16002718 -0.22149523
v 0.20799835 0.1259736 -0.21247885
v 0.2322766 0.12649937 -0.20997456
v 0.20079969 0.16066247 -0.19048114
v 0.21077792 -0.06698949 -0.11713997
v 0.20063666 -0.08808538 -0.11700574
v 0.2122159 0.1615833 0.07735486
v 0.21707252 0.11541207 0.21962748
v 0.21629265 0.15604632 0.22786862
v 0.20180307 0.04772262 -0.11744595
v 0.19672197 0.1614472 -0.01637995
v 0.20319578 0.16187826 0.21606299
v 0.21079864 0.13412896 0.21537897
v 0.21135315 0.12361682 0.21785618
v 0.21674435 0.14694394 0.2195638
v 0.21659425 0.12191723 0.2198914
v 0.21702661 0.11822608 0.22070403
v 0.2363932 0.11840458 0.21927854
v 0.21702661 0.11822608 0.22070403
v 0.21707252 0.11541207 0.21962748
v 0.22154768 0.1619774 0.22649622
v 0.20797838 0.16027471 -0.21892026
v 0.19605832 -0.10410763 -0.11696449
v 0.21536124 0.11175872 0.12763676
v 0.20700714 0.09954965 0.12739055
v 0.2177494 0.16171521 0.22883092
v 0.20574445 0.15919732 0.23039323
v 0.19164452 0.12784699 -0.21211657
v 0.20389178 0.10372731 -0.20082128
v 0.2058944 0.10337039 -0.20482612
v 0.23604643 0.10341341 -0.20506638
v 0.23742087 0.10366107 -0.20329699
v 0.20655188 0.09639011 -0.1319671
v 0.19857475 0.02905637 -0.11738183
v 0.19443965 0.16179805 0.18682948
v 0.20609301 0.13739474 0.21635938
v 0.21220484 0.12444263 0.21510804
v 0.19772433 0.16140072 0.23127382
v 0.19772433 0.16140072 0.23127382
v 0.19064553 0.09481011 -0.11751396
v 0.21118423 0.12709901 0.21214262
v 0.20966533 0.12888266 0.21335143
v 0.22038248 0.12506123 0.21272315
v 0.20726925 0.14279392 0.2176532
v 0.20746124 0.14906019 0.22249143
v 0.21468061 0.12087828 0.22081751
v 0.21473669 0.1157368 0.22070689
v 0.19590612 0.15958098 -0.22493787
v 0.17716306 0.00616069 -0.11740099
v 0.18069822 -0.01868244 -0.11736338
v 0.18411238 0.16159445 0.11297762
v 0.20665297 0.13257496 0.21516478
v 0.21118423 0.12709901 0.21214262
v 0.20903867 0.12597266 0.21343234
v 0.19612606 0.1531169 0.22725779
v 0.20104313 0.16195509 0.22958085
v 0.20954557 0.1241701 -0.21348414
v 0.2093669 0.12058669 -0.2124995
v 0.20724028 0.12290429 -0.21426921
v 0.18575765 0.07111096 -0.11767609
v 0.17401686 0.16103356 -0.11765312
v 0.20170729 0.12925434 0.2139969
v 0.20903867 0.12597266 0.21343234
v 0.20291889 0.14265826 0.21830069
v 0.21468061 0.12087828 0.22081751
v 0.19899796 0.11813729 0.22213547
v 0.18889117 0.16027504 -0.22245122
v 0.19108361 0.10142735 -0.11768255
v 0.17560923 0.16155101 0.07109903
v 0.18324922 0.11159777 0.12735431
v 0.19395226 0.12581219 0.21497598
v 0.19395226 0.12581219 0.21497598
v 0.19619259 0.14071251 0.21808644
v 0.19547372 0.14510371 0.22065166
v 0.19523096 0.12276067 0.22032274
v 0.18973875 0.12696245 -0.21335043
v 0.16352245 -0.10711674 -0.11699077
v 0.18888572 0.10174014 0.12696646
v 0.18957052 0.09883417 0.12601928
v 0.2052035 0.09905601 0.12638095
v 0.19215707 0.14776236 0.22262536
v 0.19058162 0.12108166 0.22212179
v 0.19058162 0.12108166 0.22212179
v 0.19081493 0.11549169 0.22193421
v 0.18870695 0.15768966 0.23086126
v 0.18981312 0.15938714 0.23143977
v 0.18748231 0.15997076 -0.22496718
v 0.18300898 0.12559913 -0.21543759
v 0.15741821 0.16077921 -0.16853732
v 0.16243201 0.10349698 -0.116612
v 0.18418956 0.1246129 0.2167487
v 0.18852815 0.1396558 0.2180039
v 0.18604138 0.15206163 0.22688249
v 0.17639913 0.07700533 -0.1177918
v 0.15939181 0.16127384 -0.06667103
v 0.18616913 0.12949525 0.21483436
v 0.18567465 0.12624031 0.21516936
v 0.18567465 0.12624031 0.21516936
v 0.18377838 0.11792349 0.22326879
v 0.15639585 0.15985809 -0.228708
v 0.17860283 0.12412123 -0.21616541
v 0.18871647 0.12964481 -0.21246561
v 0.19164452 0.12784699 -0.21211657
v 0.18973875 0.12696245 -0.21335043
v 0.1652855 -0.06496625 -0.11719739
v 0.15418869 -0.14042753 -0.11687668
v 0.13158533 -0.1466976 -0.11730009
v 0.13158533 -0.1466976 -0.11730009
v 0.14682561 -0.14698356 -0.11841325
v 0.15541506 0.16141446 -0.0332844
v 0.17582348 0.10753449 0.1266776
v 0.17938507 0.09868109 0.1261671
v 0.18957052 0.09883417 0.12601928
v 0.17938507 0.09868109 0.1261671
v 0.18821572 0.09828952 0.12456005
v 0.1604178 0.16176978 0.18240103
v 0.16948208 0.14022923 0.2185508
v 0.17900614 0.12275315 0.22051172
v 0.14958343 0.04273902 -0.11743604
v 0.16688885 0.02611245 -0.11739868
v 0.16099107 -0.04368171 -0.11733598
v 0.17439926 0.10186763 0.12675129
v 0.17253119 0.09769507 0.12504169
v 0.16910614 0.11280066 0.14590907
v 0.17373098 0.11237023 0.13408592
v 0.19993259 0.11265172 0.1321822
v 0.17810665 0.12879227 0.21515818
v 0.16763423 0.14457461 0.22063781
v 0.16103245 0.16180488 0.2265479
v 0.16782172 0.15472147 0.22998062
v 0.16332616 0.16014548 -0.2262485
v 0.13791418 0.16067582 -0.18724024
v 0.15859759 0.09029705 -0.11771284
v 0.14706245 0.05502141 -0.11754537
v 0.13576657 0.16162258 0.14140031
v 0.170624 0.12394086 0.21859829
v 0.16792434 0.14746012 0.22274229
v 0.18273693 0.10801911 -0.21124622
v 0.17793503 0.10487269 -0.21035306
v 0.17258871 0.10571983 -0.2122319
v 0.16213708 0.10145144 -0.11795498
v 0.15959559 0.09651656 -0.11774379
v 0.12471326 -0.14454025 -0.11669174
v 0.15246178 0.16148487 0.02310252
v 0.13498399 0.16190365 0.20989534
v 0.15942593 0.1273195 0.21557876
v 0.16315672 0.13324846 0.21638454
v 0.16102904 0.12091985 0.22352794
v 0.16102904 0.12091985 0.22352794
v 0.16095567 0.1179802 0.22456241
v 0.16095567 0.1179802 0.22456241
v 0.15590201 0.11565134 0.22359337
v 0.19081493 0.11549169 0.22193421
v 0.16083395 0.15201476 0.22790755
v 0.1944554 0.10414901 -0.13288631
v 0.1463238 0.1040089 -0.1328921
v 0.1673664 0.10437278 -0.14479563
v 0.13788173 -0.08740245 -0.11703476
v 0.14058417 0.16159593 0.11541823
v 0.15803254 0.1290511 0.21572819
v 0.15782917 0.12585054 0.21706462
v 0.14828089 0.15927634 0.23337458
v 0.147669 0.1559855 0.23209791
v 0.16978288 0.12386587 -0.21677426
v 0.16904166 0.1200053 -0.21620654
v 0.16724689 0.12266992 -0.21807781
v 0.16651064 0.12469736 -0.21584335
v 0.14439489 -0.00742811 -0.11741462
v 0.15942593 0.1273195 0.21557876
v 0.15464108 0.12320001 0.22092699
v 0.14328074 0.16184789 0.23079255
v 0.14738277 0.16148171 0.23322666
v 0.14738277 0.16148171 0.23322666
v 0.14891537 0.12306651 -0.21882202
v 0.14136155 0.11257049 0.13411021
v 0.13496186 0.0160035 -0.11740643
v 0.12678339 -0.06469592 -0.11719886
v 0.13356964 -0.12320462 -0.11695161
v 0.13465588 0.16155782 0.08404107
v 0.13278292 0.11167388 0.1274137
v 0.14218237 0.1365028 0.21836099
v 0.15921159 0.11961243 0.22472696
v 0.13215876 0.1603379 -0.21587211
v 0.14487772 0.16095886 -0.13173795
v 0.15511736 0.10331425 -0.11777128
v 0.15414353 0.10171936 -0.11798634
v 0.16049667 0.1032052 -0.11814045
v 0.14394246 0.07759432 -0.11788588
v 0.11838418 0.16131714 -0.06100125
v 0.15782917 0.12585054 0.21706462
v 0.13472143 0.14295292 0.22140107
v 0.15403032 0.11629609 0.2247251
v 0.14212453 0.15329368 0.23075584
v 0.14556336 0.12401249 -0.21750936
v 0.14984038 0.12457635 -0.21595567
v 0.15044604 0.10339495 -0.11690579
v 0.14888786 0.10300981 -0.1180368
v 0.13342351 -0.0360835 -0.11735
v 0.11482903 0.16109985 -0.10010364
v 0.1332473 0.1617845 0.22614832
v 0.14917544 0.12915947 0.21617961
v 0.14979169 0.12561375 0.21784078
v 0.14979169 0.12561375 0.21784078
v 0.15361013 0.15927254 -0.22914632
v 0.14120896 0.1596541 -0.23019762
v 0.15639585 0.15985809 -0.228708
v 0.150313 0.10466831 -0.21326622
v 0.15079162 0.10369388 -0.21119109
v 0.1490034 0.10345922 -0.21277583
v 0.14594504 0.10140978 -0.11791971
v 0.11121771 0.16145355 -0.01235186
v 0.12137625 0.10772248 0.12675811
v 0.12612201 0.10187021 0.12676695
v 0.13461384 0.13295077 0.21723744
v 0.12981834 0.12431142 0.22001971
v 0.13035788 0.16009526 -0.22904035
v 0.15202756 0.15082358 -0.22743329
v 0.14667419 0.14873663 -0.22618356
v 0.13791743 0.14922813 -0.22849604
v 0.15454939 0.11896299 -0.2174166
v 0.14919481 0.11585716 -0.21581455
v 0.14340322 0.12028584 -0.21877769
v 0.10078052 0.10367 -0.20872107
v 0.1459986 0.10341649 -0.1166134
v 0.11749917 0.16151649 0.03898473
v 0.10575767 0.09737906 0.12497681
v 0.12565924 0.16182902 0.18465763
v 0.13060407 0.12340495 0.22168253
v 0.11879043 0.12015851 0.22575475
v 0.15403032 0.11629609 0.2247251
v 0.13333662 0.15922214 0.2346991
v 0.14530489 0.1609055 0.23418711
v 0.1028426 0.16172665 0.16347098
v 0.12356874 0.12928335 0.21686469
v 0.13094828 0.1482287 0.22601761
v 0.14994423 0.14852493 0.2248268
v 0.12590465 0.12176018 0.22405705
v 0.12590465 0.12176018 0.22405705
v 0.14120896 0.1596541 -0.23019762
v 0.12715827 0.12374878 -0.21954729
v 0.12779956 0.12735197 -0.21579635
v 0.14888793 0.12580599 -0.21520285
v 0.10373142 0.16062893 -0.19655092
v 0.11587411 0.16092844 -0.1433917
v 0.11058128 -0.11159822 -0.11696297
v 0.11155073 0.0985015 0.12612168
v 0.10575767 0.09737906 0.12497681
v 0.12567748 0.12610349 0.21813367
v 0.12567748 0.12610349 0.21813367
v 0.11231487 0.11801276 0.2262636
v 0.11314533 0.11608993 0.22563203
v 0.12468589 0.16183247 0.23368268
v 0.14530489 0.1609055 0.23418711
v 0.13598511 0.14538895 -0.22024
v 0.1404345 0.14392962 -0.21726796
v 0.1320655 0.14266568 -0.21786903
v 0.1060454 0.10333157 -0.21328066
v 0.10063149 0.10136083 -0.11790943
v 0.0973861 0.09687303 -0.11772625
v 0.09626138 0.08878474 -0.11768331
v 0.09451863 0.07867929 -0.1177987
v 0.11014624 0.06183896 -0.11758279
v 0.11135739 -0.00946135 -0.11735812
v 0.12664907 0.15268454 0.23104836
v 0.1142527 0.16112295 0.23567079
v 0.1142527 0.16112295 0.23567079
v 0.12665366 0.12616912 -0.21719392
v 0.09599052 0.10341223 -0.11656216
v 0.11238459 0.13634479 0.21830712
v 0.12433097 0.14241447 0.22147006
v 0.11952612 0.15776287 0.2345261
v 0.12637784 0.12930687 -0.21608302
v 0.12779956 0.12735197 -0.21579635
v 0.12665366 0.12616912 -0.21719392
v 0.09857147 0.16191903 0.19853234
v 0.11244921 0.16005155 -0.23206498
v 0.10409037 0.03997243 -0.11738007
v 0.09525959 0.01714312 -0.11734831
v 0.10022517 -0.02831507 -0.11734454
v 0.11361661 0.12439834 0.21976392
v 0.11584254 0.14773034 0.22598833
v 0.07898947 0.16051835 -0.2106047
v 0.09737958 -0.07920505 -0.11705256
v 0.08095019 -0.09961452 -0.1169406
v 0.08205678 -0.14030872 -0.11680946
v 0.10445026 0.1525197 0.23098275
v 0.10174862 0.15905945 0.23563659
v 0.0845601 0.16025116 -0.23304258
v 0.11325579 0.12263203 -0.22128376
v 0.11500322 0.1235891 -0.22045808
v 0.11465573 0.12083792 -0.22038537
v 0.10057731 0.12432885 -0.22086513
v 0.07108897 0.16158712 0.07563183
v 0.09614734 0.11170492 0.12740603
v 0.09708977 0.10192405 0.12671849
v 0.07904276 0.16078043 -0.18461789
v 0.08629607 0.13558777 0.21827669
v 0.08858637 0.13306884 0.21755822
v 0.08872004 0.12920302 0.21719386
v 0.08575022 0.12439714 0.21997452
v 0.0762349 0.05493019 -0.11742261
v 0.08874375 -0.0597764 -0.11721356
v 0.08006308 0.16124976 -0.0736281
v 0.09651727 0.10361454 0.01419264
v 0.11975578 0.1035456 0.03939834
v 0.09806525 0.1035306 0.03533945
v 0.06948149 0.16164264 0.11337937
v 0.0860713 0.12616824 0.21834563
v 0.0860713 0.12616824 0.21834563
v 0.09205967 0.15758748 0.23516837
v 0.0773924 0.12376105 -0.22226511
v 0.07613415 0.16095605 -0.14498509
v 0.06522997 0.16139063 -0.04584197
v 0.08783562 0.10774367 0.12679642
v 0.06795286 0.16201577 0.20715232
v 0.06744035 0.16197509 0.21891554
v 0.08827499 0.1482513 0.22715132
v 0.07611717 0.11789048 0.22663563
v 0.0898339 0.12709773 -0.21821506
v 0.06964407 0.16020337 -0.22924283
v 0.08943449 0.09845056 0.12617522
v 0.07771393 0.16168194 0.15015119
v 0.08622807 0.14025749 0.22077353
v 0.07924653 0.12030171 0.22598562
v 0.07931527 -0.0252938 -0.11729992
v 0.05485856 0.161524 0.03619615
v 0.0837828 0.14324857 0.22287166
v 0.08228335 0.12194733 0.2240622
v 0.07924653 0.12030171 0.22598562
v 0.05921199 0.16111115 -0.10427311
v 0.0495504 0.16181976 0.17099991
v 0.06080163 0.11617985 0.22611159
v 0.06956666 0.16196331 0.23428041
v 0.07453819 0.12487494 -0.22181007
v 0.06371574 0.09057601 -0.11748856
v 0.06593761 0.03929426 -0.11727
v 0.04887482 0.16194415 0.2284337
v 0.07277004 0.1611886 0.23648162
v 0.07277004 0.1611886 0.23648162
v 0.07289824 0.15913069 0.23620002
v 0.0845601 0.16025116 -0.23304258
v 0.08415454 0.15901317 -0.23356205
v 0.08190831 0.15998478 -0.23402789
v 0.06338156 0.12785751 -0.21915917
v 0.05573041 0.0776593 -0.11761706
v 0.06894708 -0.06398513 -0.11710749
v 0.05509491 -0.08517775 -0.11691469
v 0.04910172 -0.14690407 -0.11820957
v 0.07306567 0.16147308 -0.00646461
v 0.06732829 0.11174713 0.12727261
v 0.07170308 0.10203415 0.12667333
v 0.06908232 0.13298023 0.21809722
v 0.06438497 0.14021146 0.22132564
v 0.08190831 0.15998478 -0.23402789
v 0.07198621 0.15952137 -0.2340629
v 0.07125936 0.15997168 -0.23292641
v 0.05542059 0.10133463 -0.11769026
v 0.06554568 0.0134793 -0.11725019
v 0.03853736 -0.12007214 -0.11680404
v 0.02896915 -0.14666328 -0.11713191
v 0.02896915 -0.14666328 -0.11713191
v 0.06380797 0.1291648 0.21795526
v 0.05693954 0.12667745 0.21886848
v 0.06835073 0.13509588 0.21854554
v 0.05693954 0.12667745 0.21886848
v 0.05545735 0.12340648 0.22261173
v 0.05257741 0.15728554 0.23567875
v 0.05772365 0.09694855 -0.11754891
v 0.05471303 -0.0279277 -0.11717172
v 0.04563997 -0.05669631 -0.11706774
v 0.0526141 -0.1445121 -0.11651653
v 0.03863876 0.10778236 0.12665293
v 0.04606182 0.09842605 0.12614012
v 0.04606182 0.09842605 0.12614012
v 0.04002439 0.09729385 0.12492155
v 0.08943449 0.09845056 0.12617522
v 0.05150647 0.16169086 0.13929491
v 0.04971942 0.12485297 0.22079551
v 0.0622969 0.16161408 0.23654488
v 0.07063996 0.16047247 0.23688702
v 0.0622969 0.16161408 0.23654488
v 0.04566143 -0.14051406 -0.11668633
v 0.05046196 0.13534522 0.21836868
v 0.06038852 0.12669595 -0.22048791
v 0.06338156 0.12785751 -0.21915917
v 0.05946875 0.12951951 -0.21924189
v 0.07871266 0.12953047 -0.21797645
v 0.07219387 0.10361977 -0.21223763
v 0.04127567 0.10351197 -0.21292588
v 0.04312861 0.1032885 -0.21546288
v 0.07456893 0.10336281 -0.21703778
v 0.03436346 0.16101721 -0.13654137
v 0.03276442 0.05145684 -0.11725473
v 0.03159598 0.16143245 -0.02157407
v 0.03906241 0.12247545 0.22464229
v 0.07293502 0.15278569 0.23165077
v 0.05740594 0.15212758 0.23116513
v 0.06215269 0.14801182 0.22787954
v 0.04421281 0.16111915 0.23742265
v 0.05808705 0.13323449 -0.21969239
v 0.06370351 0.13214283 -0.2189568
v 0.02057298 0.10313992 -0.11638488
v 0.041308 0.01137169 -0.11715251
v 0.00974886 0.16123787 -0.07394348
v 0.04149356 0.16038902 -0.22974791
v 0.03616859 0.12532601 -0.22259031
v 0.03013076 0.16091776 -0.17304203
v 0.01198607 0.09395852 -0.11744699
v 0.03549008 0.16197172 0.18899839
v 0.03263262 0.13301215 0.21779874
v 0.03763138 0.11812204 0.22762941
v 0.03112314 0.16018896 0.23753245
v 0.03600983 0.1598001 -0.23560022
v 0.03355716 0.16076404 -0.20516688
v 0.03323338 0.11185063 0.12723553
v 0.04047896 0.1205272 0.22682028
v 0.04047896 0.1205272 0.22682028
v 0.03075798 0.12697244 -0.22118594
v 0.01873918 0.06578153 -0.11746041
v 0.01462917 0.10177698 0.12666507
v 0.01972547 0.16210377 0.20823941
v 0.07686759 0.09503079 -0.13198072
v 0.01472057 0.09977289 -0.13226798
v 0.05556308 0.0983632 -0.13215902
v 0.00668126 0.03822671 -0.11716928
v 0.00957077 -0.03591332 -0.11711092
v 0.01754178 -0.07423463 -0.11692134
v 0.02240616 -0.09754303 -0.11681923
v 0.0019895 0.16166462 0.10618449
v 0.02149251 0.13989544 0.22129557
v 0.02039468 0.13553926 0.21838364
v -0.00178568 0.16199404 0.22849093
v 0.02164245 0.14642179 0.22736456
v 0.01714854 0.16189097 0.23682447
v 0.01714854 0.16189097 0.23682447
v 0.01746059 -0.0069944 -0.1171449
v 0.01298127 0.16149548 0.0253493
v 0.01711097 0.16159734 0.07501836
v 0.01952894 0.12918396 0.21786082
v 0.0135545 0.07865347 -0.11763015
v 0.00780521 -0.05139755 -0.11707979
v 0.02673239 0.12682004 0.2188278
v 0.02673239 0.12682004 0.2188278
v 0.05306698 0.14200002 0.22292317
v 0.00300166 0.10357942 -0.2128678
v 0.00374418 0.16066574 -0.21735792
v -0.00084077 0.1608457 -0.19506143
v 0.00685419 0.16168955 0.13681166
v 0.01363968 0.12422536 0.22181053
v 0.00433543 0.16093522 0.2374638
v 0.00386247 0.16041569 -0.23388888
v 0.00888692 0.12552209 -0.22308087
v 0.01125065 0.16111831 -0.10578446
v 0.00709978 0.11645894 0.22651526
v 0.00753575 0.01901127 -0.11714768
v -0.01463327 0.16134587 -0.05436774
v 0.00733894 0.0984453 0.12618576
v 0.00733894 0.0984453 0.12618576
v 0.00351174 0.16195139 0.18510623
v -0.00098192 0.15998559 -0.23632693
v 0.01441116 0.10125224 -0.11762258
v -0.01305417 -0.1091319 -0.11676913
v -0.00747579 0.12050923 0.2267995
v -0.00747579 0.12050923 0.2267995
v -0.01364156 0.16204935 0.23415366
v -0.00274962 0.15736505 0.23572502
v 0.00721539 0.12738714 -0.22170073
v -0.02857885 -0.14104685 -0.11669279
v -0.02498482 -0.14450172 -0.11656207
v -0.00140048 0.10768467 0.12662502
v -0.01934464 0.1617438 0.1555299
v -0.00380433 0.13295673 0.2173996
v -0.00430097 0.12665571 0.21847673
v 0.02673239 0.12682004 0.2188278
v -0.00430097 0.12665571 0.21847673
v 0.01363968 0.12422536 0.22181053
v -0.02555266 0.16101545 -0.14719717
v -0.01232304 0.05423138 -0.11725523
v -0.00313689 0.15114789 0.23076789
v 0.00109964 0.14720581 0.22770013
v 0.02241465 0.15223108 0.23145527
v -0.01717056 0.16147774 0.01247416
v -0.01021607 0.11206996 0.12727086
v -0.03202299 0.09726984 0.12486446
v -0.0235112 0.13764615 0.2191918
v -0.01219086 0.12249407 0.22458979
v -0.00822878 0.1180762 0.22737543
v -0.03012723 0.08947511 -0.11752444
v -0.02002291 0.16110541 -0.10839656
v -0.01685056 0.1620549 0.20333473
v -0.01740382 0.12855178 -0.22284591
v -0.07069333 0.10335217 -0.21623495
v -0.0088009 0.12924479 0.21720235
v -0.01357394 0.12469847 0.22074749
v -0.00836912 0.16165821 0.23653619
v -0.00836912 0.16165821 0.23653619
v -0.00521491 0.15981081 -0.23669922
v -0.00098192 0.15998559 -0.23632693
v -0.00038942 0.15880948 -0.23634763
v -0.00521491 0.15981081 -0.23669922
v -0.01742858 0.16028735 -0.23638037
v -0.01360968 0.16056839 -0.23425424
v -0.01964294 0.12656914 -0.2239891
v -0.04397811 0.16074313 -0.21755639
v -0.05993807 0.10313714 -0.11631374
v -0.02003907 0.10126998 -0.11778679
v -0.02201552 0.09606055 -0.11759692
v -0.02159754 0.01943255 -0.11713771
v -0.0302971 -0.01015024 -0.11713038
v -0.03036474 -0.06572221 -0.11696182
v -0.04082766 -0.08161935 -0.1168512
v -0.00544388 0.11336688 0.13150078
v -0.01138652 0.11313438 0.12958567
v -0.00125776 0.1130123 0.1296808
v -0.04621542 0.16200091 0.21240279
v -0.02396863 0.13568254 0.2180344
v -0.04622641 0.04662778 -0.1171625
v -0.03283745 -0.14663374 -0.11724708
v -0.03283745 -0.14663374 -0.11724708
v -0.05462537 0.16190216 0.18279627
v -0.02889845 0.14175688 0.22214152
v -0.03495744 0.11645345 0.22572519
v -0.02433106 0.14851163 0.22843915
v -0.0491151 0.16060452 -0.23442784
v -0.03346753 0.07547121 -0.11757019
v -0.03651298 -0.03711376 -0.11709809
v -0.03575289 0.16146466 -0.00677402
v -0.04519242 0.16161938 0.07674076
v -0.0433712 0.09841325 0.12595864
v -0.03202299 0.09726984 0.12486446
v -0.01219086 0.12249407 0.22458979
v -0.01575537 0.16055477 0.2365651
v -0.01833122 0.16137324 0.23636022
v -0.01833122 0.16137324 0.23636022
v -0.0459998 0.16121283 -0.08656477
v -0.05017515 0.16139886 -0.05336963
v -0.04546196 0.10763032 0.12651415
v -0.04300376 0.10185095 0.12651838
v -0.02688885 0.15265931 0.23154658
v -0.04512687 -0.11649483 -0.11676051
v -0.05528561 -0.14685065 -0.11822707
v -0.05351477 0.16167931 0.12630269
v -0.05228355 0.16185206 0.22655782
v -0.05034009 0.12235621 0.22370549
v -0.06145816 0.16187373 0.23306276
v -0.03343096 0.15878581 0.23525332
v -0.08027443 0.15992458 -0.23776212
v -0.03975113 0.1035692 -0.21221009
v -0.04508215 0.16098437 -0.17662588
v -0.05456888 0.02123463 -0.1170955
v -0.05168482 0.12920101 0.21658228
v -0.05110101 0.12608686 0.21821412
v -0.05110101 0.12608686 0.21821412
v -0.05800367 0.12427235 0.22020687
v -0.01740382 0.12855178 -0.22284591
v -0.03933842 0.130621 -0.22253317
v -0.01481452 0.13005875 -0.22219723
v -0.04672168 0.11196059 0.12716763
v -0.05449095 0.13297062 0.21678035
v -0.05034009 0.12235621 0.22370549
v -0.04683241 0.11802889 0.22613166
v -0.04567194 0.15250084 0.23064993
v -0.05604622 0.16156253 0.03936778
v -0.04320325 0.13641952 0.21806408
v -0.04594029 0.14290987 0.22247431
v -0.05034009 0.12235621 0.22370549
v -0.0642188 0.12023854 0.22530359
v -0.06058729 0.16110983 -0.15062916
v -0.06674983 0.16151366 -0.02519901
v -0.07133628 0.16114792 0.23409556
v -0.07133628 0.16114792 0.23409556
v -0.06701644 0.16095513 -0.20710386
v -0.0658846 -0.09059167 -0.11677457
v -0.069871 0.1619657 0.23080733
v -0.06287606 0.15974301 0.2342923
v -0.06691861 0.09384639 -0.11733338
v -0.07013556 0.07744983 -0.11745805
v -0.06318215 -0.00926553 -0.11707865
v -0.07182932 -0.04759113 -0.11701414
v -0.07595967 -0.11485942 -0.11670156
v -0.07289281 -0.14064677 -0.11658937
v -0.08817729 -0.14663711 -0.11709356
v -0.08817729 -0.14663711 -0.11709356
v -0.05820849 0.13630886 0.21803236
v -0.07191231 0.11639488 0.22466946
v -0.06985269 0.10030027 -0.13247028
v -0.06183629 0.1032717 -0.13215356
v -0.04762176 0.10336105 -0.13188192
v -0.04257085 0.09861001 -0.13212509
v -0.06839681 0.10126693 -0.11745745
v -0.07920356 0.16123402 -0.11941053
v -0.07403677 0.11213818 0.12731013
v -0.0828199 0.10179053 0.12681854
v -0.07943515 0.16175649 0.1647552
v -0.0701341 0.15668716 0.23208718
v -0.08266025 0.16135533 -0.07763983
v -0.0433712 0.09841325 0.12595864
v -0.09069449 0.09781476 0.12464799
v -0.07347202 0.1257101 0.21794538
v -0.07347202 0.1257101 0.21794538
v -0.08273377 0.15148491 0.22692835
v -0.05447276 0.14792772 0.22655338
v -0.06888893 0.12189956 0.22396563
v -0.0697652 0.11798917 0.22512248
v -0.08689357 0.16075432 -0.23442556
v -0.07414649 0.04165978 -0.11708383
v -0.07447705 -0.14451079 -0.11641777
v -0.07288478 0.12906694 0.21597637
v -0.07125238 0.12358661 0.22152789
v -0.05657746 0.14368477 0.22295646
v -0.07007868 0.14663802 0.22443843
v -0.06771723 0.14293244 0.22201772
v -0.06888893 0.12189956 0.22396563
v -0.08545543 0.05348106 -0.11716054
v -0.08208789 0.16163534 0.03499563
v -0.08191548 0.09870146 0.12603845
v -0.08191548 0.09870146 0.12603845
v -0.08145083 0.13298935 0.2166556
v -0.08104999 0.16191024 0.22526929
v -0.08707654 0.16043757 -0.23696657
v -0.09295899 0.16109812 -0.1954366
v -0.09410916 0.10329331 -0.13224608
v -0.0877248 0.02247727 -0.11707541
v -0.09010781 -0.01097071 -0.11706973
v -0.08190203 0.10755531 0.12668376
v -0.11323613 0.16171321 0.14697567
v -0.09537977 0.16196352 0.19929786
v -0.07839303 0.13620937 0.21808995
v -0.08746768 0.12430532 0.21920407
v -0.07338233 0.16154385 0.23316978
v -0.07404039 0.15943711 0.23319487
v -0.10116183 0.07882906 -0.11751352
v -0.09801554 -0.07773016 -0.11682732
v -0.09616729 0.16167462 0.09146802
v -0.08811918 0.12133649 0.22360447
v -0.08811918 0.12133649 0.22360447
v -0.09624888 0.16102761 -0.2112311
v -0.08958804 0.16117832 -0.16090238
v -0.11123639 0.10129825 -0.11757813
v -0.10924257 0.05995992 -0.11728105
v -0.10744251 0.16129489 -0.10377806
v -0.10084696 0.16153683 -0.04484977
v -0.06447126 0.11339331 0.13113151
v -0.10481149 0.11354598 0.12895599
v -0.06435663 0.1131196 0.12944697
v -0.10346583 0.16196743 0.21053675
v -0.08098034 0.12881087 0.21567674
v -0.08262498 0.12707689 0.2156658
v -0.08262498 0.12707689 0.2156658
v -0.08332984 0.14379199 0.22192594
v -0.0954934 0.12339771 0.22097374
v -0.07191231 0.11639488 0.22466946
v -0.0877816 0.11813249 0.22443083
v -0.08528241 0.11598661 0.22328646
v -0.07078333 0.11592521 0.22365247
v -0.11493497 -0.0340849 -0.11708201
v -0.10456217 -0.05620803 -0.11700772
v -0.11908499 -0.11352754 -0.1167112
v -0.10095986 0.1615997 -0.0081208
v -0.09175711 0.1367428 0.21770629
v -0.10289351 0.14723887 0.22267154
v -0.18456775 -0.1468645 -0.11817685
v -0.10828267 0.16166021 0.04698107
v -0.10770832 0.11375927 0.13052739
v -0.09434962 0.12900104 0.21483713
v -0.09757163 0.12652133 0.21506186
v -0.09757163 0.12652133 0.21506186
v -0.10359243 0.12484199 0.21695124
v -0.1285373 0.16180004 0.22446398
v -0.08627442 0.11980844 0.22473408
v -0.09491258 0.15756343 0.23131035
v -0.13245347 0.16088963 -0.22306836
v -0.11371456 0.1612086 -0.14341012
v -0.0952983 0.09984513 -0.1324608
v -0.11238768 0.03608019 -0.11712308
v -0.12334153 0.16144922 -0.06597264
v -0.10047107 0.11225945 0.12712909
v -0.09568986 0.13119352 0.21504761
v -0.10598813 0.16141912 0.23179641
v -0.10598813 0.16141912 0.23179641
v -0.11048665 0.15938613 0.23130952
v -0.07338233 0.16154385 0.23316978
v -0.10083015 0.14392945 0.22052737
v -0.09812531 0.15129584 0.22601587
v -0.13341819 0.10327491 -0.11644702
v -0.11464483 0.09605673 -0.11738867
v -0.13755929 -0.00486885 -0.11713995
v -0.11199848 0.1076076 0.12645967
v -0.11641828 0.11811034 0.22287659
v -0.0877816 0.11813249 0.22443083
v -0.11641828 0.11811034 0.22287659
v -0.11688028 0.16189145 0.2296216
v -0.11639904 0.15982485 -0.23776224
v -0.11646879 0.16112931 -0.1811142
v -0.11269752 0.10042588 -0.13258411
v -0.12188584 0.10153461 0.12651289
v -0.14158341 0.16181239 0.17334238
v -0.12126472 0.12911966 0.21332783
v -0.11111984 0.14147928 0.21812555
v -0.12113325 0.1209295 0.22207086
v -0.12113325 0.1209295 0.22207086
v -0.11401168 0.11607102 0.22202772
v -0.1124583 0.15297 0.22668965
v -0.16422753 0.16078755 -0.23430254
v -0.11555384 0.10330958 -0.13234912
v -0.11091936 0.13352646 0.21496975
v -0.12216028 0.15821452 0.2300168
v -0.15383087 0.16111137 -0.19763759
v -0.13170876 0.07709534 -0.11751975
v -0.13262387 0.16166997 0.07563302
v -0.11859839 0.09872084 0.12605645
v -0.11859839 0.09872084 0.12605645
v -0.13484462 0.16191578 0.1922816
v -0.15370522 0.08938318 -0.11744621
v -0.14064932 -0.06488264 -0.11695788
v -0.15562323 -0.14454189 -0.11653429
v -0.13778941 0.16169427 0.11659636
v -0.1247751 0.09788487 0.12495897
v -0.12420427 0.12571402 0.21444155
v -0.12420427 0.12571402 0.21444155
v -0.12369018 0.12388883 0.21776673
v -0.13753732 0.10034195 -0.13246685
v -0.14823422 0.16123565 -0.13927516
v -0.14023717 0.04535212 -0.11716215
v -0.1492447 -0.04543273 -0.11709039
v -0.14190531 -0.14068614 -0.11666925
v -0.13827404 0.16160206 -0.02200548
v -0.13000636 0.11248215 0.12706776
v -0.12767316 0.14271398 0.21778312
v -0.12696004 0.12240797 0.22032754
v -0.1802901 0.16097762 -0.215675
v -0.13437888 0.10752062 0.12618059
v -0.13265139 0.13642126 0.21505301
v -0.1319465 0.11568867 0.22113851
v -0.13599338 0.15573579 0.22752966
v -0.17185281 0.16040374 -0.2367703
v -0.14042707 0.09683205 -0.11753039
v -0.15313841 -0.0962576 -0.11677359
v -0.15211017 0.16165835 0.03193469
v -0.13910879 0.11378831 0.12837595
v -0.17167053 0.16189113 0.20226957
v -0.13186969 0.15027198 0.22327235
v -0.15099269 0.16080764 0.22910167
v -0.15099269 0.16080764 0.22910167
v -0.15581965 0.05961751 -0.11729129
v -0.16485377 0.02519941 -0.11714636
v -0.15373054 0.0114075 -0.11716238
v -0.16265592 -0.07649767 -0.11687179
v -0.14982411 0.1613206 -0.10345638
v -0.17412774 0.161596 -0.05214027
v -0.17147861 0.09889153 0.12577693
v -0.17147861 0.09889153 0.12577693
v -0.13515818 0.12890239 0.21263947
v -0.14029701 0.12428159 0.21503299
v -0.12113325 0.1209295 0.22207086
v -0.13288541 0.11796053 0.22167835
v -0.15873127 0.16116989 -0.17566639
v -0.15210381 0.10132964 -0.1176845
v -0.13557944 0.12609582 0.21302477
v -0.13557944 0.12609582 0.21302477
v -0.14429718 0.12332058 0.21758465
v -0.14617901 0.12151716 0.21982272
v -0.15339705 0.16126886 0.2283393
v -0.15017433 0.15976365 0.22887613
v -0.13723774 0.12717088 0.21188076
v -0.15148063 0.12590793 0.21129785
v -0.14931463 0.12472697 0.21257609
v -0.14460431 0.1203337 0.22082531
v -0.14460431 0.1203337 0.22082531
v -0.13982888 0.11598418 0.22077739
v -0.15112282 0.16169739 0.22633298
v -0.13723774 0.12717088 0.21188076
v -0.15293775 0.12821804 0.21102862
v -0.15148063 0.12590793 0.21129785
v -0.14733496 0.14020973 0.21504779
v -0.15122899 0.13126341 0.21272069
v -0.14545658 0.14425877 0.21708517
v -0.15754408 0.15675934 0.22657046
v -0.14544602 0.14686126 0.21904242
v -0.14571482 0.11815286 0.22059666
v -0.15856896 0.0771745 -0.11755119
v -0.17087761 0.16145417 -0.07632451
v -0.17782171 0.16168551 -0.01186685
v -0.16236141 0.16172823 0.11999473
v -0.17525986 0.09826528 0.12472817
v -0.16811118 0.16180316 0.16839163
v -0.14596543 0.11588428 0.21926774
v -0.17273982 0.10354067 -0.13224351
v -0.18016985 -0.1154701 -0.11675583
v -0.15687995 0.13742206 0.21344756
v -0.15882936 0.14421393 0.21593666
v -0.16249327 0.12279683 0.21688356
v -0.17945164 -0.01817824 -0.11715241
v -0.17609327 0.1125254 0.12681676
v -0.16214603 0.14222871 0.21423711
v -0.16039442 0.1310993 0.21196309
v -0.16144547 0.12138983 0.21853316
v -0.14571482 0.11815286 0.22059666
v -0.17024723 0.11642373 0.21712628
v -0.11639904 0.15982485 -0.23776224
v -0.16328898 0.15975021 -0.23759747
v -0.17185281 0.16040374 -0.2367703
v -0.15404038 0.12679893 -0.2260392
v -0.15409517 0.12302265 -0.22530587
v -0.15615892 0.12498741 -0.22637777
v -0.18214554 0.16176942 0.08243546
v -0.17813633 0.10156344 0.12617265
v -0.16146903 0.11864673 0.21892995
v -0.16146903 0.11864673 0.21892995
v -0.17449181 0.12519862 -0.22631276
v -0.18009204 0.04704624 -0.11720487
v -0.19712356 -0.05873676 -0.11703227
v -0.17085618 0.10756696 0.12599564
v -0.16309889 0.12949374 0.21050578
v -0.1694718 0.1259042 0.20908678
v -0.1694718 0.1259042 0.20908678
v -0.16871497 0.1243431 0.21113457
v -0.16890085 0.12359317 0.21417081
v -0.17193423 0.16160679 0.22496793
v -0.17027462 0.14697126 0.21656942
v -0.15339705 0.16126886 0.2283393
v -0.17270882 0.15923066 0.22627594
v -0.15017433 0.15976365 0.22887613
v -0.17270882 0.15923066 0.22627594
v -0.18274386 0.16129966 -0.142189
v -0.17295574 0.10003791 -0.13246486
v -0.19584534 0.16139215 -0.11746076
v -0.16214603 0.14222871 0.21423711
v -0.17398307 0.13399659 0.21052584
v -0.15687995 0.13742206 0.21344756
v -0.16039442 0.1310993 0.21196309
v -0.17155321 0.16095647 0.2265002
v -0.17155321 0.16095647 0.2265002
v -0.19163327 0.10360031 -0.11627264
v -0.19316021 -0.08776005 -0.11682537
v -0.22265777 -0.14043038 -0.1166614
v -0.20626025 0.1618529 0.14904416
v -0.17028992 0.12898266 0.20922992
v -0.16309889 0.12949374 0.21050578
v -0.17028992 0.12898266 0.20922992
v -0.17368466 0.12142521 0.2164719
v -0.1722378 0.15472843 0.22298916
v -0.17111589 0.12051094 0.21751447
v -0.16144547 0.12138983 0.21853316
v -0.17111589 0.12051094 0.21751447
v -0.17241757 0.1184074 0.21719655
v -0.17241757 0.1184074 0.21719655
v -0.17241757 0.1184074 0.21719655
v -0.1962567 0.0060332 -0.11716828
v -0.23555186 -0.14666367 -0.11715917
v -0.23555186 -0.14666367 -0.11715917
v -0.19462198 0.1617742 0.03334291
v -0.17184088 0.12709032 0.20804317
v -0.18693624 0.1257685 0.20732014
v -0.17680016 0.12486196 0.20936269
v -0.16720831 0.10378955 -0.21109565
v -0.18159495 0.10363615 -0.21879733
v -0.17975697 0.10338703 -0.22077818
v -0.1952951 0.10144874 -0.11734331
v -0.18702026 0.09005563 -0.11727077
v -0.19561496 0.07753417 -0.11743404
v -0.21034442 0.16191918 0.18129845
v -0.17184088 0.12709032 0.20804317
v -0.18932383 0.12897751 0.20679073
v -0.18693624 0.1257685 0.20732014
v -0.18707936 0.1414848 0.21114616
v -0.1907272 0.15899123 0.22433749
v -0.18290135 0.16128558 0.22455548
v -0.18258336 0.09925824 0.12527327
v -0.18258336 0.09925824 0.12527327
v -0.19195813 0.16162032 0.22137113
v -0.18838277 0.14526574 0.21281822
v -0.18707936 0.1414848 0.21114616
v -0.18727125 0.12418567 0.21043098
v -0.18323211 0.12317414 0.21357708
v -0.17368466 0.12142521 0.2164719
v -0.19200091 0.11817751 0.21512955
v -0.18914339 0.11561154 0.21460912
v -0.1731849 0.1158753 0.21605228
v -0.18826169 0.16051336 0.22478572
v -0.18826169 0.16051336 0.22478572
v -0.19601339 0.10389265 -0.13265307
v -0.21041185 -0.03960609 -0.11711442
v -0.2159007 -0.0997261 -0.11678333
v -0.1923314 0.11284627 0.12706111
v -0.19740836 0.10727089 0.12631628
v -0.19991523 0.13175316 0.20638368
v -0.20222808 0.12456497 0.20675297
v -0.19255069 0.12121014 0.21482171
v -0.19255069 0.12121014 0.21482171
v -0.19306517 0.15713282 0.22283694
v -0.20881966 0.1608382 -0.23428941
v -0.20891416 0.16126019 -0.1759022
v -0.21868116 0.04622217 -0.11722279
v -0.20645045 0.02857897 -0.11717691
v -0.17781085 0.11388631 0.12805787
v -0.21189429 0.11406177 0.13242118
v -0.19958182 0.1142808 0.12770081
v -0.20262198 0.12257964 0.21264641
v -0.2043705 0.15935163 -0.236847
v -0.20753737 0.16018094 -0.23656803
v -0.20753737 0.16018094 -0.23656803
v -0.22021119 0.16107668 -0.20564532
v -0.23183246 -0.14452271 -0.11648645
v -0.2078805 0.16141289 0.2210414
v -0.21106239 0.076863 -0.11746763
v -0.21870282 -0.01220221 -0.11715001
v -0.20657082 0.10163238 0.12617961
v -0.21563919 0.16176775 0.21849015
v -0.21007274 0.12363788 0.20976119
v -0.20427971 0.16059119 0.22251365
v -0.20427971 0.16059119 0.22251365
v -0.1907272 0.15899123 0.22433749
v -0.24941844 0.16082536 -0.23030972
v -0.23797992 -0.11972292 -0.11676961
v -0.20342615 0.1270615 0.20410365
v -0.2020935 0.125909 0.20495214
v -0.2020935 0.125909 0.20495214
v -0.1906711 0.14760312 0.21392363
v -0.20686916 0.14743868 0.21124355
v -0.21043216 0.11586078 0.21296358
v -0.20464629 0.1587185 0.22219065
v -0.23254344 0.09326395 -0.11719352
v -0.22982687 0.16152734 -0.08441514
v -0.24441394 0.16170737 -0.05035322
v -0.22906473 0.16177922 -0.00838276
v -0.22641759 0.16186467 0.0546339
v -0.20851085 0.1618602 0.09795608
v -0.21381283 0.14478397 0.20869978
v -0.21320865 0.14142822 0.20726594
v -0.21141753 0.12074198 0.21322092
v -0.21141753 0.12074198 0.21322092
v -0.21323489 0.1183292 0.21302961
v -0.20464629 0.1587185 0.22219065
v -0.2353138 0.16133495 -0.15662052
v -0.2354892 0.10141069 -0.11728478
v -0.22689655 -0.07064904 -0.11695183
v -0.23213165 0.09958086 0.12500091
v -0.21712992 0.12905663 0.20266432
v -0.21553835 0.12576059 0.2031593
v -0.21553835 0.12576059 0.2031593
v -0.21229509 0.12484093 0.20438303
v -0.23335549 0.10750995 0.12584852
v -0.23763601 0.16193298 0.19671118
v -0.21295603 0.12174301 0.21229038
v -0.21790229 0.15889545 0.22025327
v -0.20389473 0.15645933 0.22047523
v -0.2149789 0.16004305 0.22130084
v -0.25031668 0.16142863 -0.12334147
v -0.23129475 0.12281621 0.20909689
v -0.21609825 0.15248977 0.21467106
v -0.22101988 0.14835927 0.20986715
v -0.20686916 0.14743868 0.21124355
v -0.2263577 0.11559653 0.21071324
v -0.20360449 0.11491988 0.21218309
v -0.21702206 0.16088419 0.22049236
v -0.22653919 0.15845138 0.21905115
v -0.2078805 0.16141289 0.2210414
v -0.21702206 0.16088419 0.22049236
v -0.24123654 0.10367205 -0.11622519
v -0.24397585 0.07674033 -0.11744639
v -0.24361157 0.06174572 -0.1173107
v -0.25024113 0.00860209 -0.11717378
v -0.25653055 0.16189432 0.08479926
v -0.19958182 0.1142808 0.12770081
v -0.23739268 0.11285595 0.1263434
v -0.23288675 0.10168647 0.12568608
v -0.22850028 0.1347511 0.20278959
v -0.22729714 0.14334364 0.2057
v -0.22101988 0.14835927 0.20986715
v -0.23347582 0.12142551 0.21051139
v -0.22774643 0.11853036 0.21151391
v -0.21323489 0.1183292 0.21302961
v -0.22774643 0.11853036 0.21151391
v -0.22627151 0.11490486 0.20952642
v -0.25391355 -0.14694679 -0.11827765
v -0.24807665 0.11446967 0.12720226
v -0.22932844 0.12605204 0.20119913
v -0.22932844 0.12605204 0.20119913
v -0.23341651 0.12445334 0.20296405
v -0.23756519 0.16178323 0.21506193
v -0.23390642 0.16157413 0.2174129
v -0.25209254 0.1611616 -0.19571364
v -0.24596179 0.02661045 -0.11717737
v -0.22938715 0.1285698 0.20090199
v -0.23692431 0.12355605 0.2065109
v -0.23949198 0.16060434 0.21833538
v -0.23949198 0.16060434 0.21833538
v -0.21790229 0.15889545 0.22025327
v -0.26769587 0.16184631 0.03230965
v -0.2494728 0.1618744 0.13365769
v -0.23127905 0.12686934 0.20018561
v -0.24053003 0.12495238 0.20062789
v -0.25819939 -0.05633076 -0.11706358
v -0.26139426 0.16177815 -0.0315742
v -0.24671835 0.09994735 0.12446748
v -0.26458848 0.16190916 0.17715122
v -0.24407716 0.14079294 0.20259964
v -0.22653919 0.15845138 0.21905115
v -0.24645068 0.15710594 0.21602046
v -0.22470976 0.15619642 0.21729034
v -0.26101044 -0.10321072 -0.11678882
v -0.24953586 0.13135892 0.19986618
v -0.24980927 0.14595403 0.20411505
v -0.25157145 0.12190581 0.20831378
v -0.25188333 0.11830477 0.20912023
v -0.25188333 0.11830477 0.20912023
v -0.2410354 0.16114813 0.21744719
v -0.2411655 0.15917239 0.2177241
v -0.26065555 0.09579069 -0.11732823
v -0.26018828 0.0441066 -0.11719231
v -0.26511073 -0.01948538 -0.11716315
v -0.24456806 0.11328048 0.1260265
v -0.24416855 0.10738784 0.125211
v -0.24983573 0.10224014 0.12442694
v -0.25181159 0.12927423 0.19892892
v -0.25101551 0.12592439 0.19930544
v -0.23127905 0.12686934 0.20018561
v -0.2525419 0.14034462 0.20151402
v -0.25101551 0.12592439 0.19930544
v -0.25872818 0.10141946 -0.11749036
v -0.24549676 0.11191941 0.12525307
v -0.25145334 0.10652557 0.12445614
v -0.25649494 0.16182931 0.21401182
v -0.24592538 0.15307589 0.2109164
v -0.25427887 0.1516744 0.20808826
v -0.24345267 0.14829238 0.20631123
v -0.25043514 0.12086573 0.20925839
v -0.23347582 0.12142551 0.21051139
v -0.25043514 0.12086573 0.20925839
v -0.25188333 0.11830477 0.20912023
v -0.24953906 0.11590874 0.20910268
v -0.26708555 0.16001257 -0.23503099
v -0.27571419 0.16059382 -0.23331051
v -0.26839489 -0.08240099 -0.11686985
v -0.28759 -0.14091562 -0.11676623
v -0.28109735 0.16159828 -0.07976653
v -0.25636914 0.11300389 0.12488101
v -0.26073113 0.1145267 0.12522961
v -0.24345267 0.14829238 0.20631123
v -0.25436148 0.14900394 0.20521237
v -0.25194988 0.12347155 0.20564094
v -0.25770354 0.15330067 0.21017733
v -0.25888863 0.16106802 0.21537596
v -0.25888863 0.16106802 0.21537596
v -0.26388693 0.15876053 0.21480753
v -0.2410354 0.16114813 0.21744719
v -0.28241152 0.16080548 -0.23038943
v -0.2893734 0.16104373 -0.2135347
v -0.27609456 0.16131617 -0.16350067
v -0.28383875 0.09309649 -0.11727193
v -0.28229704 0.05806294 -0.11721905
v -0.27357852 -0.1445405 -0.11662569
v -0.27088845 0.12447187 0.19921404
v -0.2652624 0.13785766 0.19957626
v -0.27097631 0.16191059 0.21121299
v -0.28156346 0.16189755 0.11907202
v -0.26181439 0.11286701 0.12418113
v -0.26548073 0.10769232 0.12336035
v -0.26581621 0.10201743 0.12321198
v -0.2658715 0.10045581 0.12266248
v -0.24911207 0.10015522 0.12343656
v -0.26608559 0.13352098 0.19886173
v -0.27307847 0.161902 0.1945266
v -0.26859501 0.14575209 0.20110129
v -0.27414843 0.12365496 0.20225203
v -0.26419404 0.1475558 0.20250431
v -0.27136117 0.12286162 0.20471208
v -0.26719478 0.12180053 0.20650731
v -0.27136993 0.12906733 0.19718447
v -0.27083156 0.14113106 0.19946022
v -0.27096811 0.15246329 0.20712405
v -0.26719478 0.12180053 0.20650731
v -0.2673637 0.11861624 0.20681517
v -0.27160752 0.1157821 0.20552383
v -0.25096852 0.11539371 0.20822518
v -0.28256157 0.1037761 -0.11625064
v -0.28187683 0.07759499 -0.11745679
v -0.28868634 -0.03942578 -0.11711966
v -0.27982304 0.11281308 0.12352037
v -0.27148864 0.12590975 0.19707732
v -0.27148864 0.12590975 0.19707732
v -0.2763305 0.15422083 0.20916837
v -0.27304396 0.1616289 0.21303739
v -0.28670645 0.1014844 -0.11743302
v -0.28980818 -0.10807624 -0.11678959
v -0.28068727 0.11451975 0.12475144
v -0.28337613 0.10191198 0.12249392
v -0.29153922 0.16186781 0.15388672
v -0.28297868 0.15694009 0.21150625
v -0.25804615 0.15584835 0.2132407
v -0.27304396 0.1616289 0.21303739
v -0.27820978 0.16087095 0.21313173
v -0.29464614 0.01633752 -0.11709161
v -0.28633356 0.16181627 -0.02418737
v -0.2942996 0.16186666 0.04903229
v -0.28860128 0.10731444 0.12257509
v -0.2820839 0.10067466 0.12220486
v -0.27867383 0.13391401 0.19755886
v -0.27291954 0.12724827 0.1960943
v -0.27941835 0.12478936 0.19636318
v -0.27941835 0.12478936 0.19636318
v -0.28294024 0.1619705 0.21027528
v -0.27315816 0.14806259 0.20163323
v -0.2816186 0.14406316 0.19870166
v -0.27707788 0.12130819 0.2052969
v -0.27707788 0.12130819 0.2052969
v -0.27783835 0.11773192 0.20503272
v -0.31404936 0.16123632 -0.19144443
v -0.30133045 -0.01461458 -0.11706622
v -0.29615778 -0.0630438 -0.11698839
v -0.30979395 -0.08146745 -0.11680539
v -0.2871848 0.13136162 0.19606894
v -0.2841287 0.12583809 0.19503427
v -0.28425109 0.14833048 0.20077386
v -0.29037568 0.12317084 0.2013443
v -0.27874136 0.12205181 0.20446092
v -0.27852708 0.1158256 0.20389992
v -0.27820978 0.16087095 0.21313173
v -0.28069037 0.15910447 0.21285971
v -0.29355347 0.15969342 -0.2335443
v -0.31041563 0.16145624 -0.12452858
v -0.31073803 0.04582238 -0.11704636
v -0.30662876 -0.14666764 -0.11718453
v -0.30662876 -0.14666764 -0.11718453
v -0.28963119 0.12947798 0.19473368
v -0.33230028 0.16170657 0.19547682
v -0.28506386 0.14649576 0.19928379
v -0.27874136 0.12205181 0.20446092
v -0.28628942 0.11896946 0.20375752
v -0.29468319 0.16035023 -0.23288073
v -0.28505749 0.10421776 -0.1155315
v -0.29038069 0.10380463 -0.11663457
v -0.28256157 0.1037761 -0.11625064
v -0.29038069 0.10380463 -0.11663457
v -0.35726652 -0.14687085 -0.11817006
v -0.30360949 0.16170961 -0.05696525
v -0.29194084 0.10233128 0.1223136
v -0.31265336 0.16183473 0.18139531
v -0.29554555 0.14054571 0.19596735
v -0.29366401 0.13445166 0.19531481
v -0.30664238 0.16185613 0.20660776
v -0.29520372 0.12158199 0.20200931
v -0.29520372 0.12158199 0.20200931
v -0.29420787 0.11619672 0.20172676
v -0.29041952 0.16098213 0.21126099
v -0.29041952 0.16098213 0.21126099
v -0.30309588 0.16191028 0.08229946
v -0.29851449 0.12611838 0.19326136
v -0.29851449 0.12611838 0.19326136
v -0.29868567 0.12459515 0.19539915
v -0.2841287 0.12583809 0.19503427
v -0.2937474 0.12397093 0.19859615
v -0.29880691 0.16168706 0.20908207
v -0.30428112 0.16093475 -0.23056383
v -0.32629985 0.16134524 -0.16402531
v -0.31151208 0.0777925 -0.11721846
v -0.31739247 0.16174428 -0.00893077
v -0.30252185 0.11279897 0.12216861
v -0.32988369 0.16181482 0.15817872
v -0.29702508 0.14546782 0.1972889
v -0.30025521 0.14818525 0.19821252
v -0.29522789 0.15855534 0.21060392
v -0.30374339 0.16064985 -0.232555
v -0.31829977 0.16185743 0.11840901
v -0.30644169 0.11471852 0.12355752
v -0.2989884 0.12913278 0.19288845
v -0.29888144 0.12217557 0.20072892
v -0.29798222 0.11866791 0.20132925
v -0.30116254 0.11508214 0.19951214
v -0.29447198 0.11529122 0.20048583
v -0.30348068 0.15680404 0.20790207
v -0.28903046 0.15539363 0.20890264
v -0.29880691 0.16168706 0.20908207
v -0.3050034 0.16018103 0.20943861
v -0.3223905 0.1609945 -0.21543583
v -0.32064676 0.10441566 -0.11516762
v -0.30750588 0.09021888 -0.1170661
v -0.31624773 -0.04059329 -0.11696233
v -0.31655195 -0.11705087 -0.11667985
v -0.33471662 0.16155261 -0.08548164
v -0.30258879 0.10750033 0.12176758
v -0.30439982 0.14309341 0.19479869
v -0.30671635 0.12914293 0.19147171
v -0.30026451 0.1270379 0.19209354
v -0.30534112 0.12506156 0.19284675
v -0.30995977 0.12339389 0.19730036
v -0.28569052 0.10558785 -0.19567743
v -0.32142603 0.10633697 -0.17909405
v -0.30213907 0.1057412 -0.20096633
v -0.32014602 0.10388321 -0.11621618
v -0.32014602 0.10388321 -0.11621618
v -0.32368281 0.10138866 -0.11697141
v -0.34664819 -0.14446349 -0.11639727
v -0.32762513 0.16178223 0.04739946
v -0.3084186 0.11351024 0.12192652
v -0.30026451 0.1270379 0.19209354
v -0.30778939 0.12591527 0.19174822
v -0.30778939 0.12591527 0.19174822
v -0.30025521 0.14818525 0.19821252
v -0.30871648 0.14880174 0.19730869
v -0.31024936 0.14556009 0.19466667
v -0.31024936 0.14556009 0.19466667
v -0.29888144 0.12217557 0.20072892
v -0.31855083 0.11882283 0.19764492
v -0.30952263 0.11570611 0.19857357
v -0.30703235 0.16089118 0.20858601
v -0.30819789 0.15880309 0.20847926
v -0.30703235 0.16089118 0.20858601
v -0.33132252 -0.04989978 -0.11687382
v -0.30644169 0.11471852 0.12355752
v -0.32548609 0.11494906 0.12306016
v -0.3084186 0.11351024 0.12192652
v -0.31497315 0.10310767 0.1212944
v -0.31631875 0.13978292 0.19168553
v -0.31349391 0.12423887 0.19447188
v -0.32285866 0.07850453 -0.11716964
v -0.3270331 0.02422749 -0.11693959
v -0.32602394 -0.14049105 -0.11658541
v -0.30451503 0.11126862 0.12140589
v -0.32506725 0.11219089 0.12103818
v -0.32404423 0.10954603 0.12085523
v -0.31830132 0.12612124 0.18948302
v -0.31830132 0.12612124 0.18948302
v -0.31830814 0.12472162 0.19157861
v -0.31497315 0.15238845 0.19976515
v -0.31752169 0.14830405 0.19489032
v -0.32499564 0.11480463 0.19544649
v -0.30892417 0.11490108 0.19716381
v -0.31700137 0.12154333 0.19794171
v -0.31700137 0.12154333 0.19794171
v -0.31738356 0.11608252 0.19738112
v -0.34290507 0.16163319 -0.0519294
v -0.32404238 0.11400582 0.12152166
v -0.33945206 0.10356083 0.12042304
v -0.31989926 0.12910962 0.1882719
v -0.32258365 0.14571229 0.19275865
v -0.31845161 0.12236437 0.1970046
v -0.32345906 0.16150209 0.20542184
v -0.32774964 0.16035298 0.20578296
v -0.32345906 0.16150209 0.20542184
v -0.33694956 0.16093555 -0.22918592
v -0.3379811 -0.00958393 -0.11689636
v -0.33224511 -0.08889097 -0.11669569
v -0.34784716 0.16182117 0.10708228
v -0.31988829 0.12689951 0.18806238
v -0.32412314 0.12520261 0.18915322
v -0.32649469 0.14239326 0.19066574
v -0.33642441 0.12323487 0.19343518
v -0.32935891 0.16176072 0.20306268
v -0.33381027 0.12919724 0.18543617
v -0.32991379 0.1261248 0.18703406
v -0.31988829 0.12689951 0.18806238
v -0.3375313 0.13058388 0.18528755
v -0.32991379 0.1261248 0.18703406
v -0.31752169 0.14830405 0.19489032
v -0.33034542 0.14950557 0.19361903
v -0.33159375 0.11908895 0.19584663
v -0.31855083 0.11882283 0.19764492
v -0.33159375 0.11908895 0.19584663
v -0.32638755 0.11564971 0.19578172
v -0.35771871 0.16046642 -0.22924386
v -0.3530339 0.16114298 -0.20329279
v -0.34507251 0.04971857 -0.11697499
v -0.374843 -0.14668037 -0.11721308
v -0.374843 -0.14668037 -0.11721308
v -0.36710179 0.16180557 0.16748762
v -0.33168122 0.14691643 0.19160114
v -0.34313771 0.12389085 0.19047989
v -0.34385851 0.12189672 0.19387519
v -0.3304328 0.16089661 0.20499726
v -0.3304328 0.16089661 0.20499726
v -0.3563194 0.07684733 -0.11717548
v -0.35235283 0.0195082 -0.11692084
v -0.35262644 -0.0299601 -0.11687515
v -0.36042494 -0.06903991 -0.11675931
v -0.35611421 0.16166651 0.01928489
v -0.32999438 0.11495006 0.12118645
v -0.34842479 0.11277057 0.11988182
v -0.33476764 0.1262466 0.1858117
v -0.33476764 0.1262466 0.1858117
v -0.34179741 0.14026372 0.1872395
v -0.34705642 0.10389934 -0.11629916
v -0.34705642 0.10389934 -0.11629916
v -0.36999586 0.09032777 -0.11698062
v -0.37781098 0.16178337 0.07266971
v -0.34227011 0.10693954 0.11996979
v -0.3361958 0.12719646 0.18424673
v -0.34202397 0.12517266 0.18561257
v -0.34043992 0.1480501 0.19037665
v -0.34349117 0.11581255 0.19354391
v -0.33884692 0.15808044 0.20299496
v -0.34785411 0.156839 0.20039244
v -0.32940018 0.15723513 0.20373668
v -0.34963545 0.1602034 0.20189232
v -0.32990476 0.15899417 0.20483623
v -0.3721658 0.16132665 -0.17317994
v -0.3673144 0.16138583 -0.13666937
v -0.35636681 0.10464136 -0.11530682
v -0.36699754 -0.09817812 -0.11661478
v -0.36318675 -0.14076425 -0.1165838
v -0.36047387 0.16163072 -0.0238582
v -0.34988746 0.12581679 0.18307082
v -0.35023391 0.1617547 0.19894645
v -0.34879088 0.15454885 0.19727772
v -0.34681982 0.15303044 0.19495419
v -0.32656649 0.15217784 0.19716288
v -0.34385851 0.12189672 0.19387519
v -0.34642467 0.1187838 0.19350286
v -0.34556547 0.1614709 0.20139632
v -0.33980632 0.12367586 -0.21887505
v -0.34814465 0.12424318 -0.21810006
v -0.34313026 0.12809016 -0.21822073
v -0.37847567 0.06203393 -0.11699747
v -0.37051266 -0.051669 -0.11684357
v -0.3361958 0.12719646 0.18424673
v -0.34984338 0.12947802 0.18284957
v -0.34988746 0.12581679 0.18307082
v -0.34773853 0.13114668 0.1840906
v -0.34561086 0.12236138 0.19292052
v -0.35063216 0.1264783 -0.21767588
v -0.35925886 0.14072824 0.18422419
v -0.35086784 0.14908637 0.18932286
v -0.35230103 0.14428349 0.18642439
v -0.35216495 0.12480756 0.18457846
v -0.36218628 0.12310099 0.18899566
v -0.35140979 0.11488394 0.19099614
v -0.33887893 0.11490055 0.19313177
v -0.34556547 0.1614709 0.20139632
v -0.36076188 0.16071394 -0.22863939
v -0.36106521 0.16111134 -0.22647709
v -0.37366787 0.00135303 -0.11689489
v -0.35588634 0.1152032 0.120377
v -0.35615972 0.13345772 0.18333925
v -0.35351956 0.12931702 0.18217276
v -0.35414895 0.12590507 0.18180886
v -0.35414895 0.12590507 0.18180886
v -0.35482031 0.14669625 0.18687107
v -0.3595475 0.15384722 0.19385985
v -0.35289323 0.15210027 0.19221884
v -0.3662343 0.12211674 0.18964943
v -0.34642467 0.1187838 0.19350286
v -0.35442764 0.11543714 0.19116591
v -0.35332122 0.16098702 0.20061511
v -0.33884692 0.15808044 0.20299496
v -0.35625413 0.15882516 0.1999193
v -0.34785411 0.156839 0.20039244
v -0.35332122 0.16098702 0.20061511
v -0.39117289 0.16118482 -0.21469414
v -0.37010121 0.10129468 -0.11693636
v -0.38197044 -0.02479976 -0.1168543
v -0.38818276 0.16165939 0.03833884
v -0.36672083 0.10684508 0.1192046
v -0.34200421 0.10323405 0.11893419
v -0.35555089 0.12696142 0.1803699
v -0.36537758 0.12852541 0.17948583
v -0.36658457 0.12593533 0.1795653
v -0.38119501 0.16174218 0.1811249
v -0.35555089 0.12696142 0.1803699
v -0.36658457 0.12593533 0.1795653
v -0.36023006 0.14780971 0.1863008
v -0.36430541 0.161732 0.19707255
v -0.3662343 0.12211674 0.18964943
v -0.35905746 0.11883353 0.19114336
v -0.35615718 0.10655794 -0.16536601
v -0.37366366 0.10679458 -0.19002162
v -0.33310801 0.10646311 -0.19156386
v -0.37150311 0.1041647 -0.11652
v -0.37150311 0.1041647 -0.11652
v -0.37137783 0.10329567 0.11827701
v -0.36497375 0.12504311 0.18095048
v -0.36707851 0.12382507 0.1864218
v -0.36590853 0.15253846 0.19035681
v -0.39811778 0.16124251 -0.20471638
v -0.37657595 0.04652318 -0.11691453
v -0.38870454 -0.11329356 -0.11660434
v -0.37933579 0.16157137 -0.05712777
v -0.37017417 0.11252026 0.11960895
v -0.37144661 0.13149507 0.18019138
v -0.36949378 0.14870219 0.18550043
v -0.36875376 0.14414816 0.18352611
v -0.36879805 0.11906725 0.18924487
v -0.36600104 0.11604015 0.18955424
v -0.37150156 0.156867 0.19573875
v -0.35979062 0.15632148 0.19721276
v -0.36733949 0.16057801 0.19800843
v -0.36733949 0.16057801 0.19800843
v -0.37781259 0.16075005 -0.22760355
v -0.41593775 0.07933538 -0.11713087
v -0.39271206 0.02352179 -0.11685847
v -0.408575 0.16178705 0.14538783
v -0.37039813 0.12945557 0.17923634
v -0.37945834 0.12421395 0.18260907
v -0.36863545 0.12248423 0.18872215
v -0.36913964 0.1592301 0.19732991
v -0.37011409 0.16112229 0.19694465
v -0.39757848 0.16150416 -0.08666857
v -0.37711802 0.11513992 0.12031814
v -0.39146993 0.16179027 0.10777935
v -0.37722224 0.12611829 0.17784305
v -0.37722224 0.12611829 0.17784305
v -0.37608212 0.14638284 0.18327379
v -0.37753883 0.12347729 0.18534891
v -0.36940712 0.11544156 0.18798926
v -0.37264597 0.11492704 0.18641998
v -0.36439747 0.11499576 0.18804657
v -0.38087049 0.16166176 0.19374698
v -0.38531739 0.10552328 -0.11577895
v -0.38920203 -0.1411051 -0.11673401
v -0.38436696 -0.14452705 -0.11665569
v -0.38359144 -0.14674333 -0.1174262
v -0.37980145 0.13340278 0.17916931
v -0.3771517 0.12914611 0.1780154
v -0.38194129 0.14065386 0.18064404
v -0.36949378 0.14870219 0.18550043
v -0.38073763 0.14919974 0.18468891
v -0.37608212 0.14638284 0.18327379
v -0.37237391 0.15458062 0.19287463
v -0.38422933 0.15357922 0.18982136
v -0.38175252 0.11585709 0.18598579
v -0.39430964 0.16120394 -0.22531341
v -0.38359144 -0.14674333 -0.1174262
v -0.40065777 0.11292093 0.11929929
v -0.39197531 0.10716562 0.11892475
v -0.37861624 0.12700374 0.17654344
v -0.38503757 0.12521791 0.17763428
v -0.38980675 0.15202363 0.18653594
v -0.38214061 0.12198275 0.18613411
v -0.38214061 0.12198275 0.18613411
v -0.38427672 0.11880495 0.18568951
v -0.36879805 0.11906725 0.18924487
v -0.37011409 0.16112229 0.19694465
v -0.38735878 0.15903321 0.1935347
v -0.40368775 0.1618119 0.1641103
v -0.37861624 0.12700374 0.17654344
v -0.39584789 0.12923673 0.17470048
v -0.39288929 0.1259585 0.17542335
v -0.39288929 0.1259585 0.17542335
v -0.39011833 0.14824994 0.18205619
v -0.39282459 0.14491592 0.18000785
v -0.38403609 0.12256283 0.18487099
v -0.39142248 0.11495305 0.18292433
v -0.38912022 0.1616234 0.19115417
v -0.38737336 0.16041754 0.19396327
v -0.38737336 0.16041754 0.19396327
v -0.41340244 0.16131663 -0.22256249
v -0.40639663 0.16140828 -0.15266238
v -0.38531739 0.10552328 -0.11577895
v -0.40936774 0.10458679 -0.11705559
v -0.41349453 0.10342121 0.1177507
v -0.40068716 0.13508113 0.17559721
v -0.39508054 0.13116629 0.17574519
v -0.39475867 0.1250488 0.1769224
v -0.39045995 0.12393031 0.18137078
v -0.40621135 0.16161148 0.18720469
v -0.38992587 0.16092561 0.19299746
v -0.39017573 0.15659559 0.19166446
v -0.37872383 0.15585485 0.19311596
v -0.42585886 0.16142642 -0.18259117
v -0.4169527 0.10186572 -0.11721697
v -0.41540429 0.09245955 -0.1170205
v -0.4075616 -0.02721158 -0.11680347
v -0.42129782 0.16156375 -0.0349254
v -0.39667004 0.12198386 0.18198887
v -0.39667004 0.12198386 0.18198887
v -0.39420453 0.1189768 0.1828137
v -0.38427672 0.11880495 0.18568951
v -0.38403609 0.12256283 0.18487099
v -0.39420453 0.1189768 0.1828137
v -0.39368567 0.1530759 0.18753424
v -0.40225694 0.16042341 -0.22570761
v -0.41937324 0.16146916 -0.10350733
v -0.41485757 0.04846498 -0.11680031
v -0.40507692 -0.07196486 -0.1166745
v -0.41112265 -0.13938904 -0.11656305
v -0.41717011 0.16179106 0.09532295
v -0.40062654 0.12625149 0.17410435
v -0.40062654 0.12625149 0.17410435
v -0.41703358 0.16158359 0.18551192
v -0.39946213 0.14859726 0.18085928
v -0.39832461 0.12468077 0.17807554
v -0.39933956 0.12285278 0.18056677
v -0.3980979 0.11553673 0.18175736
v -0.38992587 0.16092561 0.19299746
v -0.40542474 0.16014899 0.19004057
v -0.39709044 0.15697879 0.1902197
v -0.39397934 0.10727214 -0.20416345
v -0.40864974 0.10755625 -0.20685427
v -0.40623549 0.10741452 -0.20856296
v -0.43782875 0.16168687 0.06036209
v -0.40588346 0.11516739 0.11999746
v -0.40111744 0.12875278 0.17364322
v -0.40096095 0.14734051 0.1792499
v -0.40303722 0.15344161 0.18621999
v -0.40041608 0.11851242 0.18151145
v -0.40041608 0.11851242 0.18151145
v -0.40741423 0.16107233 0.18910371
v -0.41526905 0.16081943 -0.22453132
v -0.41062522 0.0028362 -0.11680581
v -0.42394561 0.1615645 0.01527788
v -0.41342348 0.10682659 0.11828438
v -0.402679 0.1270352 0.17259589
v -0.40662438 0.12547192 0.17411526
v -0.41074139 0.14519787 0.17644075
v -0.41154167 0.1386376 0.17415634
v -0.40488663 0.15665004 0.18844017
v -0.40741423 0.16107233 0.18910371
v -0.43085548 0.10615794 -0.11618333
v -0.43013054 0.16175693 0.16063218
v -0.4358604 0.16164623 0.17974678
v -0.402679 0.1270352 0.17259589
v -0.41306588 0.12925658 0.17134395
v -0.42001006 0.12602609 0.17074366
v -0.42001006 0.12602609 0.17074366
v -0.41566867 0.14902072 0.17739794
v -0.41032618 0.12415971 0.17684726
v -0.4166311 0.12214649 0.17776823
v -0.39933956 0.12285278 0.18056677
v -0.4166311 0.12214649 0.17776823
v -0.40959045 0.11496636 0.17892703
v -0.39370692 0.11494751 0.18171889
v -0.42442387 0.03356005 -0.1167848
v -0.42798147 -0.09186587 -0.11647045
v -0.43163139 -0.14465861 -0.11649132
v -0.42908984 -0.14678469 -0.11715548
v -0.41453153 0.1312318 0.1719166
v -0.41864085 0.11884098 0.17766552
v -0.41864085 0.11884098 0.17766552
v -0.41413027 0.15917683 0.18769009
v -0.44039026 0.16137204 -0.21864091
v -0.43016297 0.00550633 -0.1168135
v -0.42859703 -0.05264946 -0.11671142
v -0.42739657 0.11526535 0.11942603
v -0.4219147 0.1129864 0.11853614
v -0.4213433 0.12452667 0.17361872
v -0.41751227 0.14650731 0.17517771
v -0.40971145 0.15269826 0.1840414
v -0.42456785 0.1535302 0.18122822
v -0.41416386 0.15148601 0.18089059
v -0.41731057 0.11579417 0.17790757
v -0.4205111 0.1563485 0.1847018
v -0.40971145 0.15269826 0.1840414
v -0.42061815 0.16060519 0.18628052
v -0.42061815 0.16060519 0.18628052
v -0.43004197 0.10469172 -0.11761062
v -0.42947075 0.09029721 -0.11729547
v -0.43860984 0.06562425 -0.11719015
v -0.44895485 0.16175896 0.11591754
v -0.42336616 0.13356422 0.17070217
v -0.42029151 0.12893166 0.16983055
v -0.42448521 0.13900496 0.17159507
v -0.41958615 0.12274363 0.17632537
v -0.43032289 -0.12964718 -0.11645085
v -0.43073994 0.10362062 0.11779414
v -0.42889059 0.16165413 0.18228126
v -0.42349151 0.16107883 0.18488418
v -0.43908706 0.16146764 -0.13134846
v -0.43810663 0.07780179 -0.11757433
v -0.44716731 0.16156125 0.02915942
v -0.4319095 0.12902671 0.16748863
v -0.43247044 0.1259432 0.1678165
v -0.42178875 0.12704386 0.16866615
v -0.42178875 0.12704386 0.16866615
v -0.43247044 0.1259432 0.1678165
v -0.43295223 0.1248759 0.16964704
v -0.42228907 0.14796548 0.17465773
v -0.43152931 0.14893129 0.17344709
v -0.43158135 0.14445108 0.17107838
v -0.41958615 0.12274363 0.17632537
v -0.42833725 0.1189143 0.17523395
v -0.41980794 0.11542768 0.17666762
v -0.42349151 0.16107883 0.18488418
v -0.43418431 0.15904263 0.18207769
v -0.42996731 0.15754394 0.18266913
v -0.43580106 0.16083194 -0.22287349
v -0.43329486 0.10366049 -0.1181652
v -0.43556377 0.09506187 -0.1177096
v -0.44830152 0.16154315 -0.01001133
v -0.44514763 0.10529572 0.05419486
v -0.43601805 0.10505708 0.04575942
v -0.41647428 0.10459179 0.06101329
v -0.4367263 0.11299536 0.11814553
v -0.43517697 0.13748226 0.16904734
v -0.4339363 0.13146219 0.16859078
v -0.43471056 0.12280104 0.17274098
v -0.43260941 0.12205242 0.17401631
v -0.43260941 0.12205242 0.17401631
v -0.43257871 0.11584277 0.17398663
v -0.43543386 0.16102895 0.18180652
v -0.43543386 0.16102895 0.18180652
v -0.44223291 0.16129784 -0.22141552
v -0.45746589 0.16151218 -0.16432691
v -0.44046998 0.10142982 -0.11909699
v -0.43720222 0.10618313 -0.11829289
v -0.43803132 0.08925247 -0.11774422
v -0.44041458 0.03589249 -0.11669665
v -0.44067052 0.01364083 -0.11672474
v -0.44121051 -0.01147532 -0.11665055
v -0.44519228 -0.02457489 -0.11644126
v -0.44123802 -0.06535373 -0.11635283
v -0.44094253 -0.09198377 -0.11614095
v -0.44456989 -0.14463687 -0.11601552
v -0.44466567 -0.14705253 -0.11634221
v -0.45276862 0.16154315 -0.08693025
v -0.43476811 0.1055733 0.11757506
v -0.43630084 0.10403828 0.11609869
v -0.43572921 0.11536118 0.1200568
v -0.43595791 0.12948322 0.16693546
v -0.43666601 0.12583457 0.16638213
v -0.43666601 0.12583457 0.16638213
v -0.43651903 0.14777629 0.17093876
v -0.43403587 0.1466848 0.17099915
v -0.44151819 0.12413372 0.1696991
v -0.43506673 0.11895661 0.17346078
v -0.43925852 0.1563893 0.17995596
v -0.44512305 0.10415935 -0.11975254
v -0.44533944 0.06359722 -0.11721615
v -0.44516125 -0.04001471 -0.11650974
v -0.44074857 0.11498903 0.11835492
v -0.44143593 0.10755873 0.11589648
v -0.44035217 0.10469294 0.11529174
v -0.44646913 0.12483604 0.16705304
v -0.45946807 0.16169026 0.15362503
v -0.44742644 0.10611732 -0.11865035
v -0.44531786 0.08173112 -0.11847109
v -0.44532004 0.03704202 -0.11657464
v -0.44528449 0.0037212 -0.11648644
v -0.44528824 -0.06186553 -0.11615668
v -0.44529292 -0.09334785 -0.11593144
v -0.44530916 -0.12724687 -0.11601776
v -0.46915013 0.16173962 0.07793504
v -0.44074857 0.11498903 0.11835492
v -0.44786823 0.11505267 0.11794194
v -0.44528401 0.11312764 0.11594971
v -0.44528401 0.11312764 0.11594971
v -0.4440569 0.10936882 0.11522013
v -0.4378337 0.12705368 0.16489862
v -0.44826701 0.128739 0.16357861
v -0.4471724 0.12622224 0.16387357
v -0.44571784 0.14547288 0.16802552
v -0.45113063 0.13827884 0.16602397
v -0.4375383 0.13409151 0.16823688
v -0.44832519 0.13117839 0.16542736
v -0.4378337 0.12705368 0.16489862
v -0.4471724 0.12622224 0.16387357
v -0.44611573 0.14857522 0.16959852
v -0.44151819 0.12413372 0.1696991
v -0.4446511 0.1223792 0.17048945
v -0.43471056 0.12280104 0.17274098
v -0.44701675 0.11887048 0.16990495
v -0.44455877 0.11586384 0.17031471
v -0.43463001 0.11563429 0.17274578
v -0.46218213 0.1604003 -0.2211335
v -0.44694203 0.10402333 -0.13178712
v -0.44448975 0.10584585 -0.13147494
v -0.44598839 0.08524914 -0.13209119
v -0.44360241 0.08863373 -0.1317994
v -0.44528437 0.06589844 -0.13221142
v -0.44408691 0.04856315 -0.1320233
v -0.44638592 0.05335004 -0.13216862
v -0.44666722 0.03116044 -0.13212067
v -0.44429883 0.00400667 -0.13209142
v -0.44648078 0.00349505 -0.13218975
v -0.4466331 -0.04030599 -0.13209613
v -0.44445443 -0.04480471 -0.13211051
v -0.44613203 -0.07055924 -0.1323555
v -0.44654262 -0.09158285 -0.1324124
v -0.44543132 -0.14779426 -0.13096786
v -0.44457406 -0.14851649 -0.12778416
v -0.44668385 -0.15011059 -0.12982188
v -0.44653729 -0.15024947 -0.12042015
v -0.44773227 0.10251354 -0.11883587
v -0.44737935 0.0664713 -0.11742745
v -0.44534752 -0.14847206 -0.11779841
v -0.44738832 -0.14832661 -0.11516143
v -0.44717792 -0.1523158 -0.11964327
v -0.44653729 -0.15024947 -0.12042015
v -0.44738832 -0.14832661 -0.11516143
v -0.44801438 0.06388468 -0.11590453
v -0.44790035 0.04014396 -0.11539503
v -0.44793707 -0.00293265 -0.11535927
v -0.44794413 -0.03952355 -0.11540779
v -0.44771951 -0.08216096 -0.11514428
v -0.44770262 -0.12343923 -0.11518697
v -0.44738832 -0.14832661 -0.11516143
v -0.44778204 0.11183688 0.11330814
v -0.44847345 0.10875352 0.11210969
v -0.44533679 0.10876183 0.11216156
v -0.44669142 0.11181504 0.11330981
v -0.44786823 0.11505267 0.11794194
v -0.44862279 0.11317649 0.11662719
v -0.45359713 0.12518437 0.16498888
v -0.45892686 0.13263053 0.16398713
v -0.45007735 0.16149934 0.17728686
v -0.44697839 0.1231005 0.16918807
v -0.44697839 0.1231005 0.16918807
v -0.45390108 0.16076493 0.17778455
v -0.45390108 0.16076493 0.17778455
v -0.45285824 0.15916102 0.17786057
v -0.46290162 0.16105714 -0.22076628
v -0.46134993 0.16152929 -0.21860808
v -0.47275829 0.16162939 -0.19227841
v -0.44767955 0.10722152 -0.17885982
v -0.44807488 0.10479487 -0.17790306
v -0.44910517 0.1047422 -0.18157285
v -0.44858152 0.10779803 -0.181908
v -0.44792116 0.09628848 -0.17928036
v -0.44886178 0.09770528 -0.18176845
v -0.44833583 0.07191657 -0.17942469
v -0.44917223 0.04581364 -0.18138434
v -0.44817656 0.00787433 -0.17927948
v -0.44918039 0.00031149 -0.1811972
v -0.44826287 -0.03474739 -0.17931378
v -0.44899845 -0.0628522 -0.18121696
v -0.44794121 -0.08147628 -0.17933148
v -0.44867092 -0.12451322 -0.18117867
v -0.4478521 -0.12657213 -0.17922103
v -0.4478029 -0.15992676 -0.17937331
v -0.44851691 -0.15414076 -0.18131033
v -0.44945556 -0.16283546 -0.18106392
v -0.44853181 -0.16240387 -0.17907926
v -0.44814399 0.07156228 -0.17529188
v -0.44798344 0.01975452 -0.17542675
v -0.44809815 -0.03389641 -0.17554113
v -0.44786751 -0.06892404 -0.17576648
v -0.44778067 -0.10810669 -0.17570393
v -0.44763136 0.10663319 -0.16252619
v -0.44769284 0.09475421 -0.16884008
v -0.44803673 0.0736187 -0.16292533
v -0.44821277 -0.1624817 -0.16295449
v -0.44853181 -0.16240387 -0.17907926
v -0.44821277 -0.1624817 -0.16295449
v -0.44933084 -0.16305763 -0.15418378
v -0.44945556 -0.16283546 -0.18106392
v -0.44812259 0.10455989 -0.15921323
v -0.44789839 0.0420923 -0.15986368
v -0.44789603 -0.00502442 -0.15784296
v -0.44794309 -0.03956999 -0.15355057
v -0.44774663 -0.14005405 -0.15579833
v -0.44763714 -0.1063954 -0.15671492
v -0.44770724 -0.16012657 -0.13613446
v -0.44783044 0.09344051 -0.15776794
v -0.44815367 0.07157854 -0.15404439
v -0.44794255 -0.07864508 -0.13733675
v -0.44764706 -0.14914319 -0.13826896
v -0.447905 0.10649014 -0.1390046
v -0.44857681 0.10418622 -0.14501296
v -0.44826636 0.04477199 -0.13721749
v -0.4481276 0.01009832 -0.13738175
v -0.44777283 -0.11538321 -0.13721806
v -0.44839674 -0.16230132 -0.13619837
v -0.44839674 -0.16230132 -0.13619837
v -0.44861254 0.10395116 -0.13765718
v -0.44856954 0.08958334 -0.13748649
v -0.44862366 0.07412114 -0.13728747
v -0.44822195 -0.01103992 -0.13718754
v -0.44815284 -0.04506406 -0.13722177
v -0.44790584 -0.13537134 -0.13718788
v -0.44741622 -0.15267465 -0.13108407
v -0.44761744 0.10590568 -0.13382854
v -0.44791594 0.09839547 -0.13365796
v -0.44792342 0.08040924 -0.13370621
v -0.44781113 0.05757075 -0.13364302
v -0.44770935 -0.00353557 -0.13365693
v -0.44765368 -0.0555197 -0.13357797
v -0.4475137 -0.08750627 -0.13371898
v -0.44747615 -0.12588201 -0.13356496
v -0.44736105 -0.14676321 -0.13177015
v -0.44891787 -0.16261263 -0.13012797
v -0.4471963 -0.1326042 -0.1321671
v -0.44722638 -0.14407785 -0.13170807
v -0.44754449 -0.16007502 -0.12719902
v -0.44891787 -0.16261263 -0.13012797
v -0.44863334 -0.16233557 -0.10614984
v -0.44757307 -0.16006678 -0.11788996
v -0.44742644 0.10611732 -0.11865035
v -0.44855073 0.10357545 -0.11623899
v -0.44773227 0.10251354 -0.11883587
v -0.44837588 0.077836 -0.11600267
v -0.44737935 0.0664713 -0.11742745
v -0.44801438 0.06388468 -0.11590453
v -0.44802448 0.10618857 -0.10598506
v -0.44889155 0.103844 -0.11242648
v -0.44884107 0.08334756 -0.11286005
v -0.44876713 0.06527515 -0.11262874
v -0.44849607 0.04054505 -0.11265703
v -0.44790035 0.04014396 -0.11539503
v -0.44859102 0.01546676 -0.11250328
v -0.44793707 -0.00293265 -0.11535927
v -0.44869959 -0.00454687 -0.11273012
v -0.44866329 -0.0338372 -0.11271463
v -0.44794413 -0.03952355 -0.11540779
v -0.44847912 -0.05605566 -0.11263513
v -0.44771951 -0.08216096 -0.11514428
v -0.44824794 -0.08456142 -0.11264452
v -0.44833654 -0.11125263 -0.11264078
v -0.44770262 -0.12343923 -0.11518697
v -0.44781107 -0.15070273 -0.1123372
v -0.447833 -0.16000955 -0.11243562
v -0.44844034 0.04000958 -0.1060778
v -0.44853008 0.00076316 -0.10021301
v -0.4484967 -0.03940004 -0.10321551
v -0.44834793 -0.05664726 -0.10397589
v -0.44814253 -0.08519674 -0.10396468
v -0.44878197 0.09172922 -0.08640169
v -0.4480671 -0.1250909 -0.10518313
v -0.4485867 0.05130536 -0.08806619
v -0.44846734 0.03263959 -0.09297778
v -0.44792554 -0.16005215 -0.081549
v -0.44884616 0.10382499 -0.08491388
v -0.44895416 0.07588609 -0.08529859
v -0.44861251 -0.01779275 -0.08435447
v -0.44851074 -0.05290483 -0.08039682
v -0.44819552 -0.0768104 -0.08404824
v -0.4480736 -0.09965514 -0.08786906
v -0.44810072 -0.11355136 -0.07679874
v -0.44934273 -0.16253638 -0.08589964
v -0.44878978 0.01752694 -0.07065643
v -0.44824138 -0.14963494 -0.0593485
v -0.44798392 0.10602175 -0.07229348
v -0.44893017 0.10381859 -0.05970656
v -0.4493663 0.07860416 -0.05755473
v -0.44876054 -0.01200077 -0.07296316
v -0.44833702 -0.15614642 -0.05267987
v -0.44902304 -0.16233931 -0.0766714
v -0.44927803 0.0923209 -0.05216777
v -0.44901887 -0.04680871 -0.05092826
v -0.44931293 0.10034575 -0.05357882
v -0.44826993 -0.13356268 -0.05851968
v -0.44901729 0.03616514 -0.05592388
v -0.44898963 -0.02245764 -0.05612784
v -0.44902304 -0.16233931 -0.0766714
v -0.45045412 -0.16265197 -0.05156131
v -0.44934273 -0.16253638 -0.08589964
v -0.44790283 0.10519965 -0.0506218
v -0.44843841 -0.10943529 -0.0456839
v -0.44824788 -0.16015962 -0.05026413
v -0.449139 -0.00691233 -0.04209493
v -0.44872764 -0.07201266 -0.04082201
v -0.44951117 0.0773659 -0.0433625
v -0.44917116 0.03841665 -0.03905531
v -0.44917578 -0.04507451 -0.0185518
v -0.44940352 0.10049349 -0.02010638
v -0.45045471 -0.16253102 -0.02158209
v -0.44934863 0.05038263 -0.01226411
v -0.44924042 0.00895911 -0.01673204
v -0.44861224 -0.09973325 -0.02341965
v -0.44787025 0.10533863 -0.01657231
v -0.44919214 -0.02428089 -0.02011262
v -0.4485023 -0.12802443 -0.02372937
v -0.44901651 0.10374927 -0.01662651
v -0.44937837 0.08977602 -0.01867957
v -0.44847172 -0.16010097 0.00618066
v -0.44933441 -0.16230018 0.01099611
v -0.44933441 -0.16230018 0.01099611
v -0.4495438 0.07567196 -0.00420832
v -0.44878101 -0.07816017 -0.01581333
v -0.44897822 -0.06180367 -0.00029235
v -0.44860959 -0.13194978 0.00120972
v -0.44859162 -0.1557474 0.0132684
v -0.44926587 0.01889557 0.01023062
v -0.44921461 -0.02330253 0.00030792
v -0.44917044 -0.04414688 0.01615856
v -0.44870245 -0.09848705 -0.00113181
v -0.4491609 0.09307434 0.02371488
v -0.44918296 0.10039902 0.01874396
v -0.44947699 0.07745976 0.02129745
v -0.44924411 -0.00739625 0.01092466
v -0.44875917 -0.08482314 0.01092406
v -0.44784155 0.10505247 0.03837157
v -0.4488216 0.10372707 0.02293859
v -0.44871598 -0.10905874 0.01294011
v -0.44925672 0.03488413 0.01730536
v -0.44935358 0.05172674 0.03503243
v -0.44944349 -0.00233575 0.05403642
v -0.44899467 -0.14200725 0.04661716
v -0.44900528 -0.15587004 0.05746808
v -0.44894516 -0.11920907 0.03952914
v -0.44932365 0.02440381 0.04232474
v -0.44934398 -0.02729429 0.04123528
v -0.44940004 -0.047161 0.05496788
v -0.44915712 -0.06125709 0.03701853
v -0.44912043 -0.09632607 0.05189253
v -0.44912022 0.10383503 0.07748686
v -0.44916403 -0.07762185 0.05380005
v -0.44947919 0.07742941 0.05451277
v -0.44929743 0.04087768 0.06092337
v -0.44949487 -0.1221035 0.08074597
v -0.44900525 -0.16019689 0.06740278
v -0.44950509 -0.16234735 0.06023363
v -0.44950509 -0.16234735 0.06023363
v -0.45045295 -0.16267614 0.06680422
v -0.44943205 0.10032577 0.06680256
v -0.44940484 0.09097183 0.07104899
v -0.44807202 0.1055949 0.08504201
v -0.44952917 0.008163 0.07120997
v -0.44953066 -0.09721936 0.08215766
v -0.4495582 0.04059377 0.08617063
v -0.44975811 -0.05614916 0.08418951
v -0.4497278 0.07619862 0.08787879
v -0.44980529 -0.13952683 0.08713121
v -0.45000777 -0.16228195 0.07943227
v -0.45000777 -0.16228195 0.07943227
v -0.4494144 0.10061971 0.08625242
v -0.44937539 0.09184697 0.08800015
v -0.44978383 -0.01560262 0.0838562
v -0.44972321 -0.16017452 0.08949328
v -0.45143607 -0.16250612 0.0819834
v -0.44955871 0.02212301 0.08608869
v -0.44971234 -0.08026693 0.0868769
v -0.44976753 -0.11265739 0.08833113
v -0.44992816 0.00732483 0.0984555
v -0.45002583 -0.04251685 0.09633365
v -0.44968608 0.10382729 0.09879833
v -0.44995987 0.07485248 0.09749936
v -0.4498927 -0.08230772 0.09878089
v -0.44843966 0.10624608 0.09806257
v -0.44984022 0.09561861 0.10521783
v -0.44987202 0.04386638 0.09921102
v -0.44990683 -0.13116105 0.1006423
v -0.45044211 -0.16270764 0.10326368
v -0.44992238 -0.16002396 0.12789473
v -0.44838819 0.10741358 0.10743902
v -0.45002767 -0.02952228 0.11581341
v -0.44969508 0.10374587 0.11570141
v -0.45011815 0.08353484 0.11933039
v -0.45001903 0.05285501 0.11626624
v -0.44994602 0.01480015 0.11865556
v -0.44991675 -0.06737147 0.11823872
v -0.44980925 -0.09688474 0.11939591
v -0.44990188 -0.13376349 0.11951531
v -0.44847345 0.10875352 0.11210969
v -0.44778204 0.11183688 0.11330814
v -0.44862279 0.11317649 0.11662719
v -0.44960368 0.10847961 0.11677974
v -0.45049337 -0.16266873 0.12694119
v -0.45041746 0.11512153 0.12242011
v -0.45031747 0.11330607 0.12055935
v -0.44786823 0.11505267 0.11794194
v -0.45007452 0.10366184 0.12211394
v -0.45035467 0.10551526 0.12836656
v -0.44999671 0.07724579 0.12818131
v -0.4497622 0.03491401 0.12814622
v -0.44980779 -0.04112665 0.12829554
v -0.4496083 -0.0945062 0.1283416
v -0.45139533 0.11288182 0.12782846
v -0.45077965 0.1051407 0.13031363
v -0.45038486 0.08104571 0.12994297
v -0.45077965 0.1051407 0.13031363
v -0.45235744 0.09900928 0.13066868
v -0.45038486 0.08104571 0.12994297
v -0.45126548 0.03607668 0.13053209
v -0.45020157 0.04013677 0.13008314
v -0.45020157 0.04013677 0.13008314
v -0.45017561 -0.02756778 0.1300523
v -0.45017561 -0.02756778 0.1300523
v -0.45097971 -0.07588538 0.13058236
v -0.45000774 -0.0827318 0.13015758
v -0.45000774 -0.0827318 0.13015758
v -0.45107314 -0.15944621 0.13033098
v -0.45023537 -0.15840638 0.12990126
v -0.45023537 -0.15840638 0.12990126
v -0.45101181 -0.16262464 0.12967134
v -0.45101181 -0.16262464 0.12967134
v -0.45609534 0.12954545 0.16267854
v -0.45502049 0.12623808 0.16293474
v -0.45502049 0.12623808 0.16293474
v -0.44962025 0.14719726 0.16764955
v -0.46933699 0.16158465 -0.04585056
v -0.45235276 0.11519645 0.13119107
v -0.4531014 0.11310352 0.1304881
v -0.4531014 0.11310352 0.1304881
v -0.45455435 0.07892172 0.13060984
v -0.45461759 0.02635977 0.1307708
v -0.45391235 -0.07663798 0.13075408
v -0.45390242 -0.11717508 0.13062862
v -0.45442307 -0.16219243 0.13053375
v -0.45359713 0.12518437 0.16498888
v -0.45823616 0.12534058 0.16381875
v -0.45634836 0.12218387 0.16675465
v -0.45923322 0.11916346 0.16628398
v -0.44801793 0.11557461 0.16872047
v -0.45742249 0.15625447 0.17572296
v -0.44665301 0.15330209 0.17623261
v -0.46752009 0.11557031 -0.2094478
v -0.46775794 0.12122162 -0.20935933
v -0.44834468 0.11865313 -0.20996892
v -0.47622833 0.16162664 -0.08716503
v -0.46865952 0.09669857 0.13090856
v -0.46842805 -0.09395843 0.13093126
v -0.46862996 -0.13960589 0.13074094
v -0.46791616 -0.16225381 0.13059811
v -0.45442307 -0.16219243 0.13053375
v -0.45980412 -0.16304134 0.13009165
v -0.45101181 -0.16262464 0.12967134
v -0.45728248 0.12719482 0.16072328
v -0.45823616 0.12534058 0.16381875
v -0.4671993 0.16147999 0.17329147
v -0.46246952 0.14875419 0.1670596
v -0.46352905 0.14551601 0.1656345
v -0.4821859 0.1423872 0.16278675
v -0.45995516 0.12301175 0.16488546
v -0.45998177 0.11568812 0.16611327
v -0.46383604 0.05714064 -0.18208778
v -0.4524498 0.04199048 -0.18187222
v -0.46410435 0.02822534 -0.18200916
v -0.47515911 0.16162816 0.03393265
v -0.46998858 0.11492083 0.13167465
v -0.46815705 0.11246014 0.13091664
v -0.45235276 0.11519645 0.13119107
v -0.46847072 0.04770223 0.13093448
v -0.46834505 -0.04205027 0.13089368
v -0.47014719 -0.16292477 0.13001262
v -0.45980412 -0.16304134 0.13009165
v -0.47254002 0.13459283 0.16246849
v -0.47347504 0.12708807 0.15894713
v -0.46180603 0.11794601 0.16566508
v -0.46842572 0.15910025 0.17426904
v -0.46463418 -0.12217341 -0.14380357
v -0.46486419 -0.11285622 -0.15571086
v -0.46440005 -0.15914847 -0.15221323
v -0.46569154 -0.0109345 -0.1206758
v -0.46544319 -0.0516165 -0.1507618
v -0.46528336 -0.06399325 -0.12289161
v -0.46618974 0.06024344 -0.10961932
v -0.46648929 0.0844731 -0.11309282
v -0.46619701 0.04210982 -0.1124217
v -0.46429098 -0.13438445 -0.08643228
v -0.46376339 -0.16188984 -0.09092879
v -0.46429357 -0.15968572 -0.02792918
v -0.47607523 0.16174687 0.12509486
v -0.45728248 0.12719482 0.16072328
v -0.47001106 0.12828329 0.15930639
v -0.47347504 0.12708807 0.15894713
v -0.4709616 0.12556499 0.16121492
v -0.47860458 0.13849099 0.16274336
v -0.4709616 0.12556499 0.16121492
v -0.47292131 0.15593438 0.17211774
v -0.46172225 0.15281369 0.17252403
v -0.47108454 0.15281191 0.17078282
v -0.4689734 0.16046301 0.17453016
v -0.4689734 0.16046301 0.17453016
v -0.47887886 0.16112207 -0.22004338
v -0.48357016 0.16174017 -0.21804239
v -0.47383511 0.16159022 -0.15125912
v -0.49112159 0.16170061 0.01370272
v -0.47011465 0.11212818 0.13048874
v -0.47052661 0.07957838 0.13070673
v -0.47050762 -0.05002922 0.1306732
v -0.47051799 -0.14711645 0.13053334
v -0.47081545 -0.16213889 0.12999812
v -0.4768914 0.13076904 0.16014682
v -0.47553489 0.14569056 0.16411687
v -0.47268432 0.12175822 0.16255252
v -0.47748357 0.1180207 0.16210291
v -0.46322736 0.11534882 0.16463897
v -0.4716619 0.16095094 0.17344242
v -0.48049688 0.16166916 -0.01968217
v -0.49605876 0.16190103 0.0848873
v -0.49208182 0.16175015 0.15227483
v -0.48160681 0.12864551 0.15844248
v -0.47764868 0.14959182 0.16580164
v -0.47652024 0.11578069 0.16230303
v -0.48605856 0.1616601 0.1687277
v -0.48458385 0.11582142 -0.20943353
v -0.49622354 0.161982 -0.20341296
v -0.4836202 0.12601085 0.15810058
v -0.48694301 0.13508095 0.16127008
v -0.47347504 0.12708807 0.15894713
v -0.4836202 0.12601085 0.15810058
v -0.48234749 0.12517282 0.1591071
v -0.48234749 0.12517282 0.1591071
v -0.48199457 0.14856505 0.16378173
v -0.47888747 0.15350297 0.16951168
v -0.48002425 0.15196504 0.1682609
v -0.4716619 0.16095094 0.17344242
v -0.48607653 0.15892233 0.17041039
v -0.4955557 0.16193369 -0.21660806
v -0.49262023 0.16178186 -0.1775526
v -0.48055628 0.11470055 -0.13383065
v -0.48236296 0.11480212 -0.13589667
v -0.48242924 0.11452581 -0.14991829
v -0.48303288 0.1157136 -0.13443863
v -0.4917461 0.16167289 -0.11213616
v -0.49051404 0.1468818 0.16249034
v -0.48383826 0.13094465 0.15991832
v -0.48268813 0.118109 0.15980199
v -0.4814781 0.11564606 0.16011962
v -0.48540568 0.16070834 0.17094642
v -0.48540568 0.16070834 0.17094642
v -0.48794028 0.12698819 0.15852524
v -0.48442364 0.12193885 0.15795568
v -0.48387867 0.11580304 0.15731744
v -0.48268813 0.118109 0.15980199
v -0.49512869 0.14967079 0.16277647
v -0.4908866 0.1388804 0.16160668
v -0.48984075 0.127662 0.15920775
v -0.49212125 0.15228926 0.16682893
v -0.48780096 0.16112682 0.1696199
v -0.49861133 0.16118181 -0.21761364
v -0.49605304 0.16186343 -0.05433593
v -0.49070188 0.12092824 -0.20863345
v -0.49027717 0.11522803 -0.2039745
v -0.4900997 0.11778114 -0.20190647
v -0.49614665 0.16183686 -0.15426977
v -0.49200809 0.14765334 -0.16554804
v -0.49439913 0.14907803 -0.16696048
v -0.4921315 0.14607683 -0.16682629
v -0.49175942 0.14392976 -0.13955894
v -0.49172148 0.14783613 -0.14272508
v -0.49155316 0.1409173 -0.11429308
v -0.49180862 0.14199454 -0.08285481
v -0.4915925 0.1422385 -0.00324525
v -0.4917872 0.14583041 -0.06571569
v -0.49611709 0.1618446 0.01616946
v -0.49166304 0.14481409 0.00127534
v -0.49179327 0.143455 0.0373732
v -0.4919447 0.14836483 0.06673538
v -0.49444652 0.14973219 0.06007732
v -0.49202222 0.14717071 0.05411807
v -0.49608257 0.16179037 0.16615112
v -0.49403951 0.14699496 0.16150579
v -0.4927603 0.13893948 0.16092871
v -0.497807 0.15358387 0.16637744
v -0.49841714 0.15166044 0.16538621
v -0.49878487 0.16099419 0.16676424
v -0.48780096 0.16112682 0.1696199
v -0.49878487 0.16099419 0.16676424
v -0.49902165 0.15841849 0.16690119
v -0.49924302 0.16175269 -0.21312533
v -0.49916929 0.1616749 -0.15761822
v -0.49914342 0.16171637 -0.05940461
v -0.49914634 0.1616919 0.02770736
v -0.49916613 0.16171697 0.09015822
v -0.49944335 0.16163 0.1619458
v 0.49830812 0.16011725 -0.19549273
v 0.49842131 0.15678127 -0.19542284
v 0.49522826 0.15779482 -0.19625811
v 0.49476653 0.15368336 -0.19562963
v 0.49766788 0.150846 -0.19441614
v 0.49492505 0.14928982 -0.19280952
v 0.49524289 0.14868933 -0.19118766
v 0.49245393 0.14746276 -0.08244733
v 0.49220821 0.14751139 -0.06311447
v 0.49189505 0.1464126 -0.19127357
v 0.49276987 0.1438849 -0.19081192
v 0.49324656 0.13889806 -0.19045323
v 0.48921147 0.1390226 -0.19106716
v 0.48981529 0.13274279 -0.18992016
v 0.4917258 0.13155398 -0.18894652
v 0.4902066 0.13027062 -0.18893507
v 0.4904525 0.12911643 -0.18703613
v 0.48807964 0.12789133 -0.18738976
v 0.48985311 0.12627634 -0.18714674
v 0.48772585 0.11607063 0.17699273
v 0.47717845 0.1552127 -0.19747964
v 0.4744688 0.15135793 -0.19595195
v 0.47816208 0.14931417 -0.1934274
v 0.47872931 0.14611006 -0.19176297
v 0.47887218 0.14219844 -0.19140115
v 0.48994923 0.1187119 -0.1882548
v 0.48940629 0.11486254 -0.18748114
v 0.48868981 0.11444362 -0.18284416
v 0.479417 0.11043194 -0.18347697
v 0.47862074 0.11055742 -0.18548159
v 0.48427716 0.11568623 0.16767333
v 0.48524889 0.11595154 0.17137846
v 0.4831199 0.11515266 0.17393915
v 0.47468162 0.1584568 -0.19846112
v 0.47721553 0.1354394 -0.19098321
v 0.47892749 0.1319934 -0.19003451
v 0.47195774 0.11952762 -0.18906128
v 0.48940629 0.11486254 -0.18748114
v 0.47704595 0.11553174 -0.18855463
v 0.47728008 0.11289394 -0.18749356
v 0.47862074 0.11055742 -0.18548159
v 0.48269802 0.11479069 -0.16584811
v 0.47864583 0.11357302 -0.16112764
v 0.48275796 0.1157346 -0.14997238
v 0.47378659 0.11255939 -0.15225056
v 0.47771212 0.11457615 -0.12957597
v 0.48269174 0.11619013 -0.13102849
v 0.48259428 0.11701334 -0.11371579
v 0.48260123 0.1167767 -0.103637
v 0.47319862 0.11267121 -0.10343319
v 0.4792721 0.11499308 -0.09791876
v 0.48276255 0.11671197 -0.08760694
v 0.48028028 0.11507417 -0.07978569
v 0.48028028 0.11507417 -0.07978569
v 0.4804354 0.11549398 -0.05109412
v 0.4804126 0.11560106 -0.0033871
v 0.48046646 0.11578456 0.0533474
v 0.48043075 0.1152254 0.07752897
v 0.48043075 0.1152254 0.07752897
v 0.48293743 0.11693398 0.10956211
v 0.48041728 0.11513802 0.1181306
v 0.48306122 0.1156471 0.14115033
v 0.48049217 0.11482561 0.1397946
v 0.48296404 0.11529589 0.15743558
v 0.48155296 0.11498147 0.1571586
v 0.47907868 0.11510597 0.17873341
v 0.45687601 0.13878398 -0.19286753
v 0.47437191 0.1122881 -0.16279934
v 0.47339508 0.11283737 -0.13160382
v 0.47369105 0.11319147 -0.1145855
v 0.47396639 0.11346456 -0.09490871
v 0.47326773 0.11330234 -0.08289012
v 0.4748252 0.11411392 -0.06658369
v 0.4804354 0.11549398 -0.05109412
v 0.47478458 0.11461631 -0.0452897
v 0.4804126 0.11560106 -0.0033871
v 0.47477624 0.11470479 -0.01105351
v 0.47519368 0.11458373 0.00496942
v 0.48046646 0.11578456 0.0533474
v 0.4748731 0.11476325 0.05612904
v 0.47410583 0.11445802 0.06752996
v 0.47414368 0.11443429 0.12612695
v 0.46965799 0.11427022 0.14089806
v 0.46899927 0.11456703 0.15615842
v 0.47274438 0.114915 0.16858092
v 0.46852696 0.15369539 -0.19817793
v 0.47083151 0.10870879 -0.1831553
v 0.47213614 0.10735479 -0.16979669
v 0.47213614 0.10735479 -0.16979669
v 0.47346514 0.10375911 -0.16773841
v 0.47194472 0.10356207 -0.16812304
v 0.47210181 0.09625608 -0.16744736
v 0.47347286 0.07778674 -0.16689484
v 0.4702704 0.11211454 -0.09432425
v 0.47088459 0.11163987 -0.10185362
v 0.46990919 0.11238007 -0.0784737
v 0.46976537 0.11309633 -0.04601587
v 0.46926591 0.11308732 0.01305848
v 0.46914682 0.11356115 0.064356
v 0.46909052 0.11371315 0.12865128
v 0.44851413 0.11546991 0.18306257
v 0.45552778 0.14150652 -0.19303893
v 0.45406121 0.13090716 -0.19163601
v 0.45845133 0.12415837 -0.18814208
v 0.45972893 0.10894659 -0.18629992
v 0.46600527 0.10813175 -0.17373936
v 0.46573958 0.10696834 -0.16932392
v 0.46668839 0.10442353 -0.16782795
v 0.46573958 0.10696834 -0.16932392
v 0.4629716 0.1018678 -0.16734169
v 0.46498793 0.09291825 -0.16698016
v 0.4703986 0.0745644 -0.16666178
v 0.46949068 0.02067389 -0.16676825
v 0.47313228 0.02616708 -0.16707335
v 0.47327045 -0.02037759 -0.16677488
v 0.47036666 -0.03069741 -0.16659144
v 0.4727186 -0.05509398 -0.16682999
v 0.47023627 -0.09093292 -0.16653584
v 0.47227308 -0.09702996 -0.16671802
v 0.47222504 -0.12743607 -0.16681972
v 0.47213486 -0.15902282 -0.1673018
v 0.46308273 -0.14220898 -0.16673131
v 0.47159675 -0.16224019 -0.16677612
v 0.45970142 -0.16260435 -0.16678093
v 0.45970142 -0.16260435 -0.16678093
v 0.47159675 -0.16224019 -0.16677612
v 0.47170296 -0.16241437 -0.16043633
v 0.4588725 -0.16232736 -0.15436013
v 0.47124884 -0.16216193 -0.1298347
v 0.47087911 -0.16181976 -0.10166357
v 0.46825999 -0.16190843 -0.09146602
v 0.46734905 0.11182661 0.05199746
v 0.46698299 0.1121279 0.07927571
v 0.46706417 0.11228403 0.1165777
v 0.46713093 0.11298879 0.13365538
v 0.46702209 0.11436078 0.15045862
v 0.45850027 0.15259811 -0.19917403
v 0.44927606 0.14558552 -0.19444285
v 0.45436433 0.11571846 -0.18932861
v 0.46290234 0.07314159 -0.16660783
v 0.46304792 -0.01237126 -0.16662523
v 0.45952842 -0.04719963 -0.16654484
v 0.45910466 -0.08930587 -0.16638589
v 0.45739827 -0.16206416 -0.10382309
v 0.46706855 -0.16175136 -0.08070806
v 0.46463794 -0.16194734 -0.07437843
v 0.4654409 -0.16154858 -0.03528322
v 0.46356565 -0.1618257 0.00486066
v 0.46419284 -0.16157235 0.04815501
v 0.46358669 -0.16204646 0.06999568
v 0.46337402 -0.1618764 0.14024472
v 0.46293688 -0.16214399 0.11111874
v 0.46247417 -0.16215092 0.14600711
v 0.46340385 -0.16158116 0.14814225
v 0.4436799 0.14759368 -0.19586104
v 0.45479041 0.10740954 -0.17911118
v 0.45760465 0.10682024 -0.16875072
v 0.45849523 0.10624364 -0.16690932
v 0.45849523 0.10624364 -0.16690932
v 0.45835224 0.09471015 -0.1667738
v 0.45862803 0.07179223 -0.16644065
v 0.45901757 -0.00770091 -0.16648254
v 0.45810878 -0.1444595 -0.16649547
v 0.45673454 -0.16219583 -0.15585355
v 0.45742565 -0.16238394 -0.16589949
v 0.46009743 -0.16186625 -0.09013175
v 0.46063936 -0.16178574 0.0280674
v 0.45613733 -0.16225103 0.14840718
v 0.45843574 0.11459814 0.15065216
v 0.44044706 0.11472755 0.16187602
v 0.44284204 0.15153083 -0.1999757
v 0.45079753 0.1199027 -0.18990737
v 0.45449337 0.10723292 -0.18560767
v 0.4562324 0.10637078 -0.16655909
v 0.4562324 0.10637078 -0.16655909
v 0.45686823 0.10479163 -0.16596738
v 0.4569582 0.08756363 -0.16613153
v 0.45707592 0.02537524 -0.16612007
v 0.45732123 -0.02442621 -0.16608745
v 0.457003 -0.08942613 -0.16597416
v 0.45668465 -0.15339257 -0.16612986
v 0.45742565 -0.16238394 -0.16589949
v 0.45563963 -0.16196683 -0.12042315
v 0.45434669 -0.16176808 -0.10027833
v 0.45440704 -0.16177288 -0.09597993
v 0.45289436 -0.16192181 -0.07614726
v 0.45213738 -0.16189751 -0.01580961
v 0.45186698 -0.16204435 0.06334882
v 0.45079601 -0.16220863 0.1279387
v 0.43813097 0.15502295 -0.20176765
v 0.43876606 0.13410747 -0.19331683
v 0.45617354 0.12291797 -0.18882896
v 0.45556799 0.10610787 -0.16316238
v 0.4562324 0.10637078 -0.16655909
v 0.45686823 0.10479163 -0.16596738
v 0.45638058 0.10465348 -0.16272667
v 0.4567993 0.09992364 -0.16361067
v 0.4569582 0.08756363 -0.16613153
v 0.45656767 0.07422139 -0.16410342
v 0.45707592 0.02537524 -0.16612007
v 0.45651129 0.02526359 -0.16401592
v 0.45732123 -0.02442621 -0.16608745
v 0.45663881 -0.03584797 -0.16395649
v 0.457003 -0.08942613 -0.16597416
v 0.45643473 -0.06726511 -0.16397882
v 0.45639414 -0.11278519 -0.16392103
v 0.45668465 -0.15339257 -0.16612986
v 0.45630705 -0.15237407 -0.16421674
v 0.45742565 -0.16238394 -0.16589949
v 0.45645374 -0.1599154 -0.16360331
v 0.45653087 -0.03378939 -0.15625553
v 0.45621252 -0.1461184 -0.15845849
v 0.45623502 0.10059887 -0.13812327
v 0.45635274 0.03167203 -0.15166789
v 0.45612067 -0.0870648 -0.15315193
v 0.45673454 -0.16219583 -0.15585355
v 0.45592162 0.10388712 -0.13784078
v 0.45520526 0.10502583 -0.13441974
v 0.45556799 0.10610787 -0.16316238
v 0.45520526 0.10502583 -0.13441974
v 0.45068526 0.10533512 -0.14109242
v 0.45655376 0.08242773 -0.14204715
v 0.45633596 0.0597571 -0.14322533
v 0.45563549 -0.11660892 -0.14270931
v 0.4555074 -0.15178514 -0.13631633
v 0.45601374 -0.16013525 -0.14241053
v 0.4561086 -0.03246877 -0.1436207
v 0.45580554 -0.06952999 -0.1416983
v 0.45644173 0.08945416 -0.13719651
v 0.45606259 0.01023353 -0.14144705
v 0.45563963 -0.16196683 -0.12042315
v 0.45599851 0.05570097 -0.13689642
v 0.45574722 -0.00579733 -0.13701394
v 0.45550841 -0.0724215 -0.13688272
v 0.45531201 -0.11266144 -0.13734406
v 0.45540625 -0.13847764 -0.13750033
v 0.45514432 0.10322664 -0.13238449
v 0.45514432 0.10322664 -0.13238449
v 0.45293278 0.10453033 -0.13307291
v 0.45568481 0.0912018 -0.1338021
v 0.45299914 0.06303928 -0.13297066
v 0.4553299 0.04058573 -0.13375065
v 0.4553299 0.04058573 -0.13375065
v 0.45284131 0.02742995 -0.13274463
v 0.45514533 -0.00680031 -0.13386875
v 0.45514533 -0.00680031 -0.13386875
v 0.4525589 -0.00991838 -0.13292469
v 0.45495453 -0.06940455 -0.13383974
v 0.45495453 -0.06940455 -0.13383974
v 0.45256734 -0.05553735 -0.13286212
v 0.45244351 -0.0950576 -0.13281286
v 0.45457903 -0.11984793 -0.13416775
v 0.45457903 -0.11984793 -0.13416775
v 0.452658 -0.13497868 -0.13332199
v 0.45477566 -0.13589923 -0.13420096
v 0.45477566 -0.13589923 -0.13420096
v 0.45476821 -0.14396571 -0.1325278
v 0.45514432 0.10322664 -0.13238449
v 0.4550474 0.09358713 -0.13247387
v 0.45450786 -0.13785835 -0.13314015
v 0.45490372 -0.14815015 -0.13156159
v 0.45490372 -0.14815015 -0.13156159
v 0.45455363 -0.15660614 -0.11346775
v 0.45471573 -0.14904949 -0.12669846
v 0.45261523 -0.14705506 -0.13150142
v 0.45490372 -0.14815015 -0.13156159
v 0.45471573 -0.14904949 -0.12669846
v 0.4524819 -0.14802772 -0.12740731
v 0.45252791 -0.14785217 -0.11975323
v 0.45476505 -0.15992552 -0.11440531
v 0.45252791 -0.14785217 -0.11975323
v 0.45375767 -0.14992902 -0.11485028
v 0.45231637 -0.14761865 -0.11617091
v 0.45440862 0.10103098 -0.11166669
v 0.45489389 0.08410324 -0.11136153
v 0.45480517 0.05437595 -0.11138972
v 0.45466417 0.00320957 -0.1117826
v 0.45463133 -0.00061623 -0.11459891
v 0.45443904 -0.03507856 -0.1114797
v 0.45442358 -0.04590917 -0.11433092
v 0.45223275 -0.14693341 -0.11066654
v 0.45434669 -0.16176808 -0.10027833
v 0.45436385 0.10249598 -0.10807057
v 0.45457488 0.08580302 -0.10688387
v 0.4545885 0.0679184 -0.10692175
v 0.45416334 0.00713836 -0.10551249
v 0.45369539 -0.05586611 -0.11224149
v 0.45367497 -0.04808452 -0.1040359
v 0.45284548 -0.1547877 -0.10271254
v 0.45328495 -0.15948671 -0.10090081
v 0.45370862 0.10163481 -0.10300247
v 0.45335591 0.09439024 -0.10001002
v 0.45389557 0.05062702 -0.10241526
v 0.45374736 0.08705536 -0.09871507
v 0.45378271 0.06551182 -0.09899753
v 0.45358446 0.01349821 -0.09868021
v 0.4533585 -0.03636332 -0.09808076
v 0.45307517 -0.05582671 -0.09874012
v 0.45294631 0.08493964 -0.09416156
v 0.45294738 0.05865074 -0.09390538
v 0.45278427 0.03959079 -0.09345423
v 0.45310128 0.02170179 -0.09565748
v 0.45261189 -0.00634438 -0.09220266
v 0.45262489 -0.04338852 -0.09276322
v 0.45296741 -0.16145591 -0.09542718
v 0.45296741 -0.16145591 -0.09542718
v 0.45212087 -0.16173244 -0.08448333
v 0.44649452 -0.16205776 0.1485267
v 0.44645807 0.11450173 0.15056264
v 0.44186395 0.12253553 -0.1903636
v 0.43473634 0.11143853 -0.18924393
v 0.43660593 0.10746477 -0.18820585
v 0.44208252 0.10566031 -0.15465173
v 0.44846538 0.02401129 -0.13285288
v 0.44849867 -0.00830014 -0.13302034
v 0.44830889 -0.04572021 -0.13296506
v 0.44657427 -0.08461839 -0.13283753
v 0.44867155 -0.11002277 -0.13298793
v 0.44763944 -0.1444042 -0.1330903
v 0.45293278 0.10453033 -0.13307291
v 0.45072296 -0.14682065 -0.1328662
v 0.44846269 -0.1477391 -0.13147478
v 0.44698504 -0.14772962 -0.12405528
v 0.44803584 -0.14756052 -0.11965769
v 0.45153016 0.10347787 -0.11821046
v 0.45186874 0.09965251 -0.11819156
v 0.45324954 0.10122427 -0.115545
v 0.45141861 0.08794475 -0.11821903
v 0.45231637 -0.14761865 -0.11617091
v 0.44918898 -0.14677234 -0.11719289
v 0.45268303 0.10343856 -0.11156111
v 0.4491396 0.10386096 -0.11560958
v 0.45153016 0.10347787 -0.11821046
v 0.45268303 0.10343856 -0.11156111
v 0.4526912 -0.05116128 -0.11549376
v 0.45180881 -0.06544615 -0.11552439
v 0.45219603 -0.06921702 -0.11267285
v 0.45117295 -0.08924213 -0.11499523
v 0.45099649 -0.12148329 -0.11511795
v 0.45128465 -0.14359593 -0.11506319
v 0.45128417 -0.13826057 -0.11159573
v 0.45172963 -0.14426982 -0.11092605
v 0.45168185 -0.07532001 -0.10313075
v 0.45120201 -0.08936373 -0.09990705
v 0.45098636 -0.13374254 -0.09798399
v 0.4520883 0.10331486 -0.1003329
v 0.45436385 0.10249598 -0.10807057
v 0.4520883 0.10331486 -0.1003329
v 0.45184308 -0.06595907 -0.09428829
v 0.45088872 -0.10887595 -0.09590103
v 0.45118743 -0.14478263 -0.0945602
v 0.44888794 0.10402765 -0.08678836
v 0.45183605 -0.15098983 -0.09844688
v 0.452052 0.10088903 -0.09270977
v 0.4512395 -0.07258459 -0.08824756
v 0.45225856 0.08073222 -0.0879581
v 0.45174569 -0.15973543 -0.0903305
v 0.45162123 0.01047311 -0.08228763
v 0.45164004 -0.04077702 -0.08290406
v 0.45170847 -0.05335856 -0.08624207
v 0.45212087 -0.16173244 -0.08448333
v 0.45091778 0.10292932 -0.08165424
v 0.45091778 0.10292932 -0.08165424
v 0.45174521 0.05647078 -0.08190139
v 0.45091259 -0.05559368 -0.0741028
v 0.45053834 -0.08374047 -0.06797253
v 0.45121866 -0.15978386 -0.08424545
v 0.45096186 -0.16178109 -0.08217787
v 0.44901368 0.10351073 -0.07851423
v 0.45093483 0.07934907 -0.07418477
v 0.45102355 0.0171163 -0.0742815
v 0.45096186 -0.16178109 -0.08217787
v 0.45047641 0.10069004 -0.07655359
v 0.4508751 0.05117601 -0.07117937
v 0.45030564 -0.16179374 -0.00695709
v 0.44915727 -0.16184732 0.04954213
v 0.44797847 -0.16202289 0.07635143
v 0.44666553 -0.16209666 0.13001983
v 0.44077402 0.1210239 -0.19066097
v 0.43660593 0.10746477 -0.18820585
v 0.43638831 0.10682765 -0.186957
v 0.44367483 0.106493 -0.17393531
v 0.4344517 0.05445515 -0.13257061
v 0.43709117 -0.00582465 -0.13269524
v 0.43589559 -0.11688852 -0.13270691
v 0.43876949 -0.14737816 -0.12819389
v 0.43395847 0.10347566 -0.11794461
v 0.44375247 -0.14694691 -0.11678223
v 0.44547907 0.1042347 -0.08140772
v 0.45053193 -0.13187008 -0.078532
v 0.45050055 -0.10797897 -0.07306094
v 0.45079383 -0.15357219 -0.07233191
v 0.44901368 0.10351073 -0.07851423
v 0.45067996 -0.16016856 -0.07181551
v 0.45043215 -0.15638883 -0.04364478
v 0.44821012 0.10377885 -0.06491947
v 0.45009202 0.07678232 -0.06031212
v 0.45058501 0.01986636 -0.06439242
v 0.45044088 -0.01972238 -0.06431603
v 0.45043987 -0.05363782 -0.0631467
v 0.44958866 0.10075743 -0.06324679
v 0.44998023 -0.13113186 -0.03935828
v 0.44824895 0.1036521 -0.0569363
v 0.44824895 0.1036521 -0.0569363
v 0.4500806 0.04629398 -0.05253689
v 0.45004711 -0.00504102 -0.04906182
v 0.44898835 0.10062079 -0.05086499
v 0.44998252 -0.06215155 -0.04478014
v 0.44963306 0.00458492 -0.03184134
v 0.44953001 0.02282496 -0.02861509
v 0.44958532 -0.028235 -0.03416076
v 0.44991755 -0.09961914 -0.04114457
v 0.45030564 -0.16179374 -0.00695709
v 0.44907168 0.07793227 -0.03574535
v 0.44996297 -0.15986627 -0.01484512
v 0.44710216 0.10443244 -0.01882103
v 0.44761693 0.10361699 -0.01803871
v 0.4494018 -0.01517123 -0.02752596
v 0.44946375 -0.0667114 -0.02527901
v 0.44945672 -0.11937871 -0.02019487
v 0.44809347 0.10088103 -0.01413707
v 0.44934767 -0.09769927 -0.02023349
v 0.44872382 0.06055096 -0.01595653
v 0.4484373 0.08128521 -0.00870021
v 0.44876605 -0.02038611 -0.00142445
v 0.44902325 -0.08019659 -0.00762366
v 0.44914776 -0.14084603 0.00062461
v 0.44855893 0.05928816 -0.00505995
v 0.44891876 -0.04750986 -0.00492231
v 0.44882405 -0.09654103 0.00161539
v 0.44864857 -0.12785986 0.01614993
v 0.44761693 0.10361699 -0.01803871
v 0.44647184 0.10410115 0.00851701
v 0.44888204 0.02168356 -0.00294308
v 0.44869313 -0.00190401 0.00895529
v 0.44779292 0.10074463 0.01220093
v 0.44873926 -0.15972869 0.02399452
v 0.44814497 0.07935352 0.03111392
v 0.44836575 -0.04064913 0.02890752
v 0.44835287 -0.06736666 0.02636135
v 0.44742426 0.10339525 0.02218419
v 0.44742426 0.10339525 0.02218419
v 0.44835019 0.02979971 0.02956556
v 0.44805819 0.0580315 0.04371217
v 0.44824249 0.00705257 0.04211458
v 0.44827518 -0.10069819 0.03066097
v 0.44610727 0.10408413 0.03061892
v 0.44770846 0.10089242 0.04452221
v 0.44792771 -0.02373138 0.05861253
v 0.44791678 -0.13429444 0.05154743
v 0.44773811 -0.06024809 0.06269924
v 0.44915727 -0.16184732 0.04954213
v 0.44790861 0.08107013 0.06422234
v 0.44757813 -0.0976822 0.06160651
v 0.44820327 -0.15974249 0.04682099
v 0.44728819 0.10337416 0.06382265
v 0.44728819 0.10337416 0.06382265
v 0.44598019 0.10404798 0.05414946
v 0.44797137 0.03179337 0.05848688
v 0.44795293 -0.04433232 0.05780472
v 0.44787306 0.0084684 0.06708555
v 0.44689739 -0.08169946 0.08928783
v 0.44710147 -0.12195795 0.08169326
v 0.44634187 0.1044374 0.07815222
v 0.4475061 0.03970321 0.08287831
v 0.44708103 0.10341552 0.08362921
v 0.44634187 0.1044374 0.07815222
v 0.44712344 -0.01882545 0.10000056
v 0.4471544 -0.04107251 0.10322342
v 0.44715834 -0.16005442 0.07646252
v 0.44797847 -0.16202289 0.07635143
v 0.44689301 -0.14079683 0.08732583
v 0.44700074 0.09619591 0.1006156
v 0.44741002 0.07669149 0.09693101
v 0.44704822 -0.16189452 0.07788344
v 0.44730315 0.04997355 0.09385552
v 0.44731918 0.01640024 0.09415351
v 0.44714439 -0.04690998 0.09956663
v 0.44672936 -0.16017213 0.09392724
v 0.44687182 0.08408552 0.13288072
v 0.44679445 0.10234126 0.11063029
v 0.44681865 0.04226977 0.11793628
v 0.44696993 -0.00029189 0.11453976
v 0.44659424 -0.11167157 0.11327367
v 0.44659784 -0.12940024 0.11147407
v 0.44600189 0.10364208 0.11246456
v 0.44656193 -0.08473527 0.11476993
v 0.44682872 0.09171031 0.12530459
v 0.44704822 -0.16189452 0.07788344
v 0.44681564 0.06984678 0.13927676
v 0.44680557 -0.03862346 0.13463931
v 0.44638699 0.01517212 0.14709753
v 0.44655633 0.09779196 0.13568747
v 0.44517544 0.10773039 0.13033134
v 0.44655499 0.10368571 0.13170998
v 0.44634864 0.10914689 0.13441904
v 0.44628653 0.10858528 0.13920604
v 0.42829201 0.14144123 -0.1945045
v 0.42067665 0.10501574 -0.14092229
v 0.42686188 0.10456872 -0.13416708
v 0.43794084 0.0933873 -0.13264507
v 0.43356511 -0.13127597 -0.13281076
v 0.43682742 -0.14431885 -0.13284564
v 0.43643448 -0.14684841 -0.1325272
v 0.43885112 -0.1472746 -0.13191602
v 0.43643448 -0.14684841 -0.1325272
v 0.43154746 0.10371888 -0.11644039
v 0.43275478 0.10407855 -0.11312158
v 0.43690059 0.10431061 -0.10188758
v 0.43597519 0.10434899 -0.08607479
v 0.44395965 0.10422941 0.04765082
v 0.44464585 0.10498758 0.07886592
v 0.44079003 0.10506752 0.07450844
v 0.44600189 0.10364208 0.11246456
v 0.44431239 0.10487091 0.11068623
v 0.44654101 -0.15992008 0.12079997
v 0.44666553 -0.16209666 0.13001983
v 0.44651961 0.09982458 0.12244564
v 0.44621003 -0.14611761 0.13338202
v 0.44457981 0.10353526 0.12381937
v 0.44457981 0.10353526 0.12381937
v 0.44478491 0.10341288 0.12701957
v 0.44627854 0.09940754 0.12755896
v 0.44478491 0.10341288 0.12701957
v 0.44100797 0.1043638 0.12692241
v 0.44392836 0.1059583 0.12769939
v 0.44629553 0.04573265 0.14714307
v 0.44611636 -0.0832513 0.14385815
v 0.4444586 0.11180455 0.13126846
v 0.44077048 0.11195549 0.13045529
v 0.4444586 0.11180455 0.13126846
v 0.44112262 0.11316393 0.13418904
v 0.44661629 -0.03151833 0.14731313
v 0.44628114 -0.07010722 0.1475597
v 0.44597766 -0.1226612 0.14677536
v 0.44595712 -0.1597283 0.14747037
v 0.44449866 0.1129106 0.13989434
v 0.446439 0.08514801 0.14440656
v 0.44579858 -0.14318936 0.14711222
v 0.44485435 0.11282067 0.14428531
v 0.44485435 0.11282067 0.14428531
v 0.44587624 0.10891944 0.14414462
v 0.4465569 0.07053646 0.14733239
v 0.44649452 -0.16205776 0.1485267
v 0.4437215 0.11438157 0.1479148
v 0.44543472 0.11306994 0.14794293
v 0.44543472 0.11306994 0.14794293
v 0.44656911 0.04566804 0.14946677
v 0.44675115 -0.00586556 0.14936672
v 0.44650909 -0.07584535 0.14922562
v 0.44633758 -0.13031657 0.14886984
v 0.446136 -0.15448976 0.14896832
v 0.42807531 0.15169024 -0.20113383
v 0.42727965 0.14698485 -0.19694565
v 0.42221957 0.11829749 -0.19111378
v 0.43453082 0.10399339 -0.1328899
v 0.42873657 -0.14714438 -0.11871919
v 0.43305641 0.10447556 0.04482961
v 0.4342545 0.10518253 0.08344149
v 0.43083975 0.10298471 0.12418753
v 0.43733084 0.10397126 0.12738475
v 0.4392066 0.10450229 0.12844729
v 0.42595872 0.1142472 0.14750053
v 0.43031952 0.11548298 0.18700205
v 0.42026448 0.14352068 -0.19543447
v 0.42736366 0.12692587 -0.1928422
v 0.42693406 0.12257836 -0.19234803
v 0.42221957 0.11829749 -0.19111378
v 0.42070812 -0.00395265 -0.13251853
v 0.42073044 -0.04103052 -0.13250139
v 0.42380708 -0.08265641 -0.13261703
v 0.42357174 -0.14750031 -0.13123371
v 0.41798806 -0.14675789 -0.11726202
v 0.43030074 0.1048817 0.10728893
v 0.42126477 0.10446766 0.11097601
v 0.43081453 0.10395886 0.11873882
v 0.43229809 0.10357094 0.12730056
v 0.42815161 0.1133298 0.13362448
v 0.42558327 0.15326542 -0.20246981
v 0.41818863 0.14883988 -0.19926389
v 0.42110714 0.12760675 -0.19344972
v 0.41707799 0.10684065 -0.18944335
v 0.41195664 0.10607871 -0.17886285
v 0.42051995 -0.14746171 -0.12735468
v 0.41390148 0.10430449 -0.07810543
v 0.42764482 0.10316717 0.12725602
v 0.42689982 0.11206946 0.12957156
v 0.41610247 0.1148312 0.17020369
v 0.41266799 0.10612295 -0.18747006
v 0.40786916 0.10580926 -0.17017031
v 0.40867808 0.10137537 -0.13256918
v 0.41608185 0.08816828 -0.1324624
v 0.41071939 -0.11558115 -0.13260294
v 0.41018149 -0.14419566 -0.13263226
v 0.40042648 -0.14714645 -0.13204145
v 0.40940246 0.10398353 -0.11305469
v 0.4139488 0.10431365 -0.05718734
v 0.41847798 0.10435051 -0.00546362
v 0.41583571 0.10426925 0.01034001
v 0.42159647 0.10359243 0.11728413
v 0.42521381 0.11132687 0.12833908
v 0.41471788 0.11288569 0.12951405
v 0.42172322 0.11344432 0.13229297
v 0.41000122 0.15551972 -0.20474446
v 0.41131386 0.14973024 -0.20115954
v 0.41414085 0.13398179 -0.19454972
v 0.40521505 0.10950608 -0.19144011
v 0.41707799 0.10684065 -0.18944335
v 0.39951104 0.1053812 -0.15828964
v 0.4166221 0.10363328 -0.11603903
v 0.40794516 0.10423311 -0.10083719
v 0.42013678 0.10230163 0.12086162
v 0.41681328 0.10092521 0.12273017
v 0.40725723 0.11191498 0.12764505
v 0.40985197 0.11529613 0.1927736
v 0.40466726 0.15164804 -0.20396735
v 0.41563863 0.1180743 -0.19173633
v 0.41367611 0.0404396 -0.13246346
v 0.39483336 -0.06768614 -0.13258365
v 0.39871636 -0.14673196 -0.13245676
v 0.39871636 -0.14673196 -0.13245676
v 0.41037169 0.10422981 0.04222668
v 0.41376096 0.1043141 0.11293833
v 0.41464084 0.10414534 0.11466086
v 0.4153617 0.09978202 0.12667055
v 0.40072098 0.11519778 0.1934901
v 0.40688956 0.1479895 -0.19927506
v 0.40859097 0.14086924 -0.19599052
v 0.40254295 0.13040899 -0.19527495
v 0.40305495 0.1230225 -0.195116
v 0.41563863 0.1180743 -0.19173633
v 0.3926017 0.1037831 -0.13301682
v 0.3926017 0.1037831 -0.13301682
v 0.39829153 0.00089295 -0.13251983
v 0.38929638 -0.14671345 -0.11733698
v 0.4040204 0.10407983 0.11233006
v 0.41167423 0.10191008 0.11879192
v 0.40435126 0.11334608 0.13181476
v 0.40208867 0.13561851 -0.19568543
v 0.40283257 0.12490174 -0.19533929
v 0.40305495 0.1230225 -0.195116
v 0.40041444 0.12032285 -0.19397281
v 0.39609402 0.11602048 -0.19306622
v 0.40103704 0.10649958 -0.19035356
v 0.40103704 0.10649958 -0.19035356
v 0.39290804 0.10588154 -0.18336058
v 0.3932814 0.10136221 -0.13261293
v 0.38809264 0.0688411 -0.13242126
v 0.40726793 0.1030565 0.11593339
v 0.39925855 0.10095692 0.117227
v 0.39787459 0.11424515 0.1518759
v 0.3953498 0.14506413 -0.1983296
v 0.38378748 0.10494144 -0.14300804
v 0.38141564 0.10445862 -0.13427709
v 0.38302165 0.10371958 0.10533434
v 0.39757571 0.09944008 0.1239071
v 0.39766046 0.09944909 0.12633394
v 0.39154232 0.1538858 -0.20593199
v 0.39439762 0.14815751 -0.20115578
v 0.38964745 0.14135908 -0.19744584
v 0.38831827 0.11190657 -0.19330837
v 0.39600757 0.1076298 -0.19191465
v 0.37988582 -0.10263087 -0.1325781
v 0.38000792 -0.14722997 -0.12764435
v 0.36316535 0.1036262 -0.11626036
v 0.394189 0.10431342 -0.03607635
v 0.3999449 0.10248768 0.11559249
v 0.36970496 0.11287279 0.12955692
v 0.38498551 0.11478509 0.17521571
v 0.39468527 0.14961085 -0.20337449
v 0.37759548 0.13486576 -0.19744284
v 0.38437894 0.12346196 -0.1970015
v 0.38258755 0.10556779 -0.17561299
v 0.38860074 0.08866088 -0.13245118
v 0.37695804 0.10432197 -0.08339616
v 0.37499481 0.10428995 -0.05834615
v 0.38411662 0.13010103 -0.19664249
v 0.37997019 0.12550601 -0.19730991
v 0.38437894 0.12346196 -0.1970015
v 0.38611263 0.12157546 -0.19591211
v 0.37468842 0.03951721 -0.13244417
v 0.37690151 -0.03656727 -0.13252145
v 0.34805363 -0.14710911 -0.13131131
v 0.37591851 0.10424028 0.01177293
v 0.38500997 0.14944744 -0.20384784
v 0.38217893 0.14709996 -0.20115027
v 0.38651702 0.10606088 -0.19081061
v 0.38651702 0.10606088 -0.19081061
v 0.36698267 0.1033774 0.11205581
v 0.37572175 0.11176312 0.1276491
v 0.37207469 0.11524033 0.19834539
v 0.36336833 0.15871689 -0.2094862
v 0.36632386 0.1179591 -0.19535336
v 0.3741625 0.1085407 -0.19377843
v 0.37693524 0.10662028 -0.19305107
v 0.38466844 0.10554852 -0.187383
v 0.35730347 0.10506305 -0.16260207
v 0.36523438 0.09236516 -0.1323128
v 0.38109869 -0.00384379 -0.13249281
v 0.35721382 -0.06347516 -0.13253392
v 0.35891473 0.10400414 -0.11306537
v 0.36805093 0.10415414 0.04917415
v 0.37789029 0.15045358 -0.20558962
v 0.37515801 0.10354532 -0.13241574
v 0.35169095 -0.12526481 -0.13255462
v 0.35641563 0.1042033 -0.10226036
v 0.36575577 0.10424479 -0.02287816
v 0.36534026 0.10200901 0.11539649
v 0.35595435 0.11414233 0.1589155
v 0.36249134 0.10503218 -0.18751238
v 0.35768595 0.10516677 -0.18119171
v 0.34929106 -0.07874434 -0.13256198
v 0.36634272 -0.14425567 -0.13260865
v 0.36298299 0.14833832 -0.20468459
v 0.3642118 0.1403529 -0.19984996
v 0.36874491 0.12337659 -0.19865391
v 0.36179101 0.11660971 -0.19546522
v 0.34794411 0.02343724 -0.13242804
v 0.34361997 0.0023366 -0.13245268
v 0.36530033 0.10076351 0.11708374
v 0.35796022 0.09948714 0.12406578
v 0.36447179 0.15994731 -0.20939493
v 0.3619647 0.15196073 -0.20808436
v 0.36252695 0.13023531 -0.19776991
v 0.36428425 0.126194 -0.19830614
v 0.35482222 -0.02108207 -0.13250011
v 0.34533191 0.10408349 0.05668587
v 0.35271114 0.10405987 0.08020289
v 0.35500884 0.11468787 0.17882466
v 0.3637152 0.14518753 -0.20155595
v 0.37693524 0.10662028 -0.19305107
v 0.35255566 0.10464224 -0.19147621
v 0.35110116 -0.1004186 -0.13253868
v 0.35199049 0.10345339 -0.13214371
v 0.35019112 0.10424589 -0.05844889
v 0.35572892 0.10415711 0.02075168
v 0.34635246 0.11143669 0.12770998
v 0.35942757 0.11522167 0.2012918
v 0.35654226 0.14969349 -0.20771834
v 0.35320193 0.13424963 -0.19922705
v 0.35790643 0.11965832 -0.19753696
v 0.35136119 0.10575379 -0.19431487
v 0.35136119 0.10575379 -0.19431487
v 0.35183695 0.12335837 -0.20031758
v 0.35064524 0.13761489 -0.20046887
v 0.35710144 0.11554018 -0.19583158
v 0.35050264 0.10870538 -0.19565265
v 0.33182567 -0.1471559 -0.12674059
v 0.32830438 0.10382164 0.08959576
v 0.34585282 0.09948535 0.1265257
v 0.34163105 0.04880792 -0.132433
v 0.32296455 -0.05145381 -0.13248153
v 0.32894298 0.10423449 -0.0866442
v 0.3439531 0.10341495 0.10655779
v 0.33406973 0.10014652 0.11901285
v 0.34758672 0.14698562 -0.20501259
v 0.31473884 -0.14448904 -0.13258454
v 0.33877754 0.10414702 -0.00742541
v 0.34103096 0.10331645 0.11197984
v 0.34278032 0.10197042 0.11525416
v 0.3354705 0.10062061 0.11660495
v 0.33925098 0.11221257 0.12940989
v 0.3465935 0.11511891 0.20237496
v 0.3370735 0.15877302 -0.21264814
v 0.34459975 0.1488663 -0.20778589
v 0.33429545 0.11609293 -0.19811453
v 0.33975744 0.10579689 -0.19516321
v 0.33975744 0.10579689 -0.19516321
v 0.33527845 0.10504897 -0.16734262
v 0.32247353 0.07041787 -0.13233407
v 0.32507735 0.10410088 0.02632627
v 0.3278037 0.11440146 0.16980954
v 0.34005904 0.13323526 -0.20031646
v 0.32291603 0.10823052 -0.19812387
v 0.34059948 0.10714798 -0.19628465
v 0.30785799 -0.14678977 -0.13241975
v 0.30785799 -0.14678977 -0.13241975
v 0.3030996 0.1040756 -0.11316349
v 0.32469773 0.11358433 0.14971231
v 0.33728623 0.14887609 -0.20822838
v 0.33449712 0.14103597 -0.20302713
v 0.33065814 0.13871524 -0.20298032
v 0.32898012 0.11776403 -0.19894698
v 0.31987652 -0.1078334 -0.13252862
v 0.32220435 0.10341594 -0.1321377
v 0.33421642 0.11291879 0.13327219
v 0.33070251 0.11507895 0.2057575
v 0.32524076 0.14983952 -0.21128932
v 0.33431938 0.14545764 -0.20509954
v 0.33018374 0.10479414 -0.19501473
v 0.33422685 0.10452167 -0.19138853
v 0.33018374 0.10479414 -0.19501473
v 0.31491995 0.10474614 -0.18779181
v 0.31522202 0.10490427 -0.17776021
v 0.31698817 0.10419123 -0.05324718
v 0.32276005 0.10399848 0.05853411
v 0.33385974 0.101935 0.11519922
v 0.3200298 0.11139907 0.12767066
v 0.31601468 0.15556307 -0.2139881
v 0.3241432 0.14150095 -0.20434207
v 0.31988186 0.12355515 -0.20429926
v 0.32298583 0.12146645 -0.20330179
v 0.31349686 0.12974939 -0.20240159
v 0.32531461 0.10598817 -0.1973861
v 0.30998027 0.04791311 -0.13237645
v 0.30875 0.02477489 -0.13238157
v 0.30306345 -0.01943447 -0.13240759
v 0.30312994 0.10370583 -0.11629416
v 0.3157576 0.10415639 -0.02783421
v 0.33259156 0.10068779 0.11671487
v 0.31567967 0.15089349 -0.21267764
v 0.3225525 0.14827685 -0.20920727
v 0.31933814 0.13399872 -0.20258814
v 0.30970719 0.11243456 -0.19981274
v 0.30466121 0.10413175 -0.00081598
v 0.32285786 0.11224458 0.1294761
v 0.31405744 0.11504582 0.20876317
v 0.3214834 0.14507845 -0.20585161
v 0.31681466 0.118398 -0.20132037
v 0.31781062 0.11653592 -0.20003559
v 0.32037804 0.10456701 -0.19168741
v 0.29773802 0.10412247 -0.13258785
v 0.30152664 -0.1472611 -0.12794186
v 0.31594163 0.10295839 0.11229374
v 0.29763722 0.09921779 0.12381972
v 0.30554485 0.13764973 -0.20516181
v 0.32531461 0.10598817 -0.1973861
v 0.31678379 0.10434604 -0.19528604
v 0.30996776 0.10461578 -0.14517531
v 0.29760915 0.10432436 -0.13399139
v 0.31648421 0.1016881 0.11531669
v 0.29806557 0.09983407 0.11939326
v 0.30067235 0.11493986 0.20985946
v 0.3052254 0.1446363 -0.20663492
v 0.30780593 0.1054605 -0.19841602
v 0.30780593 0.1054605 -0.19841602
v 0.29714119 -0.0968268 -0.13246439
v 0.29429814 0.10415818 -0.10000479
v 0.29410878 0.09922016 0.12641655
v 0.34378248 0.09966491 0.12747113
v 0.29595223 0.09950547 0.12759672
v 0.29791841 0.14670977 -0.20973852
v 0.30883071 0.114737 -0.20050766
v 0.29430902 0.07939848 -0.13219908
v 0.28641498 -0.04511545 -0.13239172
v 0.29414508 -0.07340191 -0.13244689
v 0.27869812 -0.14436866 -0.13243058
v 0.28298444 -0.14719293 -0.13118349
v 0.29235703 0.10407187 0.02873432
v 0.29083747 0.10376467 0.06801238
v 0.28893039 0.10026314 0.11688963
v 0.2909295 0.11251027 0.12972781
v 0.28678989 0.15890405 -0.21665859
v 0.29836756 0.14905125 -0.21283162
v 0.30150935 0.13186134 -0.20399439
v 0.29390931 0.11749248 -0.20290624
v 0.29838517 0.10426464 -0.19562902
v 0.28067806 -0.12001284 -0.13242966
v 0.29718718 0.10361677 -0.13187213
v 0.29687166 0.10421041 -0.06909118
v 0.29832405 0.10394928 0.05321908
v 0.28577089 0.10345738 0.08646829
v 0.29990315 0.10543684 -0.19909248
v 0.29280856 0.10455633 -0.19167127
v 0.27224725 0.1045597 -0.17885341
v 0.28323734 0.05925408 -0.13228083
v 0.27923614 0.10140219 0.11547585
v 0.29611579 0.11413529 0.17114465
v 0.29070956 0.1526335 -0.21528424
v 0.29387814 0.11359501 -0.20198616
v 0.28413886 -0.01152283 -0.13237146
v 0.27229235 -0.06461135 -0.13239828
v 0.26589596 0.10394105 -0.11304237
v 0.28090489 0.10251225 0.11267109
v 0.29156908 0.11162922 0.12783664
v 0.29595098 0.12721896 0.2039258
v 0.29166284 0.14386359 -0.20739155
v 0.28997037 0.13376312 -0.2057298
v 0.2910741 0.10829082 -0.20186438
v 0.29271173 0.10433469 -0.19899653
v 0.29271173 0.10433469 -0.19899653
v 0.27115256 0.031461 -0.13232966
v 0.28188145 0.10415389 -0.08033518
v 0.27916664 0.10414612 -0.03880952
v 0.27992061 0.11419756 0.17407951
v 0.29028159 0.11485574 0.21026662
v 0.28932652 0.14892657 -0.21309166
v 0.28864947 0.14559153 -0.20948039
v 0.28729588 0.12973325 -0.20533708
v 0.28525525 0.11892277 -0.20500447
v 0.28453881 0.10448329 -0.14476091
v 0.27662539 0.11483905 0.21308117
v 0.27263719 0.15162463 -0.21657857
v 0.28368211 0.15064341 -0.2149902
v 0.28427473 0.14148799 -0.20783925
v 0.28420627 0.13893293 -0.20747085
v 0.27769595 0.12679529 -0.20659535
v 0.28300115 0.11545746 -0.20378812
v 0.27726936 0.11154193 -0.20359938
v 0.27702209 0.10442056 -0.19517028
v 0.23900717 -0.13224722 -0.13239568
v 0.26400644 -0.14722726 -0.12767059
v 0.26239341 0.10400657 0.01889588
v 0.27378628 0.1136528 0.15570787
v 0.27514347 0.14883876 -0.21384977
v 0.28318352 0.14586437 -0.21007594
v 0.2774114 0.10858509 -0.2032616
v 0.27295542 0.10545006 -0.2024419
v 0.27031732 0.10455963 -0.15969172
v 0.26782882 0.1041967 -0.13312541
v 0.25784814 0.10366461 -0.13177323
v 0.24114485 0.09952705 0.12736206
v 0.26133692 0.11334907 0.14292687
v 0.26991862 0.15588705 -0.21784694
v 0.27101192 0.14568377 -0.21047415
v 0.27295542 0.10545006 -0.2024419
v 0.27062762 0.10409851 -0.19919726
v 0.2618207 -0.00638645 -0.13233662
v 0.25956112 0.11442861 0.18687436
v 0.27156383 0.14981121 -0.21587259
v 0.27010623 0.14169642 -0.20893522
v 0.26972008 0.11526176 -0.20493349
v 0.24292888 -0.0858063 -0.1323697
v 0.25673407 -0.09804049 -0.13238066
v 0.25862166 0.10404274 -0.00234175
v 0.26331756 0.10014517 0.1167666
v 0.27087489 0.10695653 -0.20359588
v 0.23342979 0.10425926 -0.18451256
v 0.24201819 0.01347196 -0.13228372
v 0.23207252 -0.14676788 -0.13223684
v 0.23563533 0.10363546 -0.1164786
v 0.24563842 0.10410142 -0.05840406
v 0.26630351 0.13944975 -0.20873831
v 0.25856152 0.10589993 -0.20460069
v 0.26575649 0.10485351 -0.20251632
v 0.26575649 0.10485351 -0.20251632
v 0.21741545 0.10436726 -0.16465607
v 0.23207252 -0.14676788 -0.13223684
v 0.24795783 0.10262922 0.1042103
v 0.24369176 0.11184918 0.1276219
v 0.25068733 0.11409231 0.17129171
v 0.25583321 0.14904922 -0.21657152
v 0.25439066 0.14712009 -0.21291915
v 0.25249934 0.11681978 -0.20662095
v 0.24426006 0.11436175 -0.2068305
v 0.25835177 0.10408336 -0.19930531
v 0.24259098 0.06921685 -0.13219041
v 0.22311512 0.04508669 -0.13225682
v 0.24381691 -0.05417874 -0.13235046
v 0.25069344 0.1040903 -0.0287899
v 0.23586945 0.09913567 0.12610753
v 0.24186458 0.11366304 0.15699027
v 0.2511766 0.15874153 -0.2200184
v 0.25440425 0.15256394 -0.21841477
v 0.25568566 0.14508955 -0.21025459
v 0.23169579 0.10433765 -0.1442944
v 0.24220021 0.09900746 0.12370749
v 0.24250738 0.14306135 -0.21068537
v 0.24659814 0.11884096 -0.20838943
v 0.25417742 0.10412034 -0.20291024
v 0.25417742 0.10412034 -0.20291024
v 0.23873857 0.10418923 -0.13312052
v 0.25017214 0.15071359 -0.21829161
v 0.2484805 0.14898272 -0.21701506
v 0.23883888 0.13395686 -0.20961644
v 0.22615182 -0.01980521 -0.13229552
v 0.22853382 -0.14714077 -0.12871361
v 0.23596615 0.10379652 0.0505074
v 0.23465109 0.10232474 0.11261454
v 0.22491276 0.1013054 0.11524783
v 0.23161902 0.10009599 0.11663727
v 0.23243329 0.1377307 -0.21081316
v 0.23808046 0.10883524 -0.20677888
v 0.22358036 -0.0495098 -0.13232468
v 0.22347583 -0.14708182 -0.13127987
v 0.20753689 0.10310532 0.08577851
v 0.2522513 0.11490633 0.21421139
v 0.24188082 0.14998229 -0.21928893
v 0.24213728 0.14509495 -0.21278003
v 0.2323214 0.12139937 -0.21121328
v 0.2322766 0.12649937 -0.20997456
v 0.20709673 0.02134392 -0.13222341
v 0.21090093 0.10398556 -0.11314239
v 0.22692439 0.10405868 -0.03408788
v 0.22214071 0.10393347 0.01526865
v 0.22020938 0.11489242 0.21737577
v 0.2345105 0.14509003 -0.2133376
v 0.23314853 0.14101449 -0.21135588
v 0.22645405 0.11458031 -0.20835944
v 0.21556193 -0.10634442 -0.13231494
v 0.22253971 0.10363979 -0.13188249
v 0.20220716 -0.14708993 -0.123701
v 0.20548522 0.10244816 0.10335663
v 0.20699191 0.1132156 0.1468745
v 0.23059238 0.14922233 -0.22017619
v 0.22754616 0.14755951 -0.21737839
v 0.22958834 0.12982704 -0.20950158
v 0.22676907 0.11815338 -0.20953169
v 0.22373304 0.106301 -0.20773888
v 0.21109661 0.10438441 -0.15636179
v 0.21912841 0.10405271 -0.06383552
v 0.2206749 0.11438383 0.18690535
v 0.20997548 0.15191683 -0.22228341
v 0.22407833 0.14482759 -0.21350546
v 0.223536 0.10345367 -0.20570384
v 0.22253971 0.10363979 -0.13188249
v 0.21767898 0.14100716 -0.21227182
v 0.22311607 0.10442049 -0.20691735
v 0.21728313 0.10420843 -0.13395645
v 0.19991562 0.06675774 -0.13210166
v 0.20734304 -0.08285661 -0.13233212
v 0.21787062 0.10238934 0.11255978
v 0.20594436 0.09878141 0.12369717
v 0.20022902 0.11412998 0.17688227
v 0.20889725 0.10415077 -0.18759114
v 0.21184656 0.10403045 -0.09269588
v 0.2029949 0.10397078 -0.0245154
v 0.20962295 0.10374583 0.04648763
v 0.20169835 0.10013755 0.11651972
v 0.2052035 0.09905601 0.12638095
v 0.21536124 0.11175872 0.12763676
v 0.19586967 0.11234251 0.12955086
v 0.20700714 0.09954965 0.12739055
v 0.20979965 0.14863387 -0.22091538
v 0.20534141 0.14639384 -0.21703909
v 0.21112876 0.14443909 -0.21357954
v 0.21060516 0.10381897 -0.20781328
v 0.223536 0.10345367 -0.20570384
v 0.19573256 -0.00370312 -0.13220647
v 0.19935067 -0.14445283 -0.13242352
v 0.2008471 0.10400187 -0.06414772
v 0.20541434 0.10391891 0.00067402
v 0.1946999 0.1033389 0.06911507
v 0.20016721 0.15862975 -0.22468984
v 0.19846097 0.13000986 -0.21169564
v 0.20107374 0.11669863 -0.210546
v 0.20870692 0.11485059 -0.20959948
v 0.19029258 -0.02743016 -0.13223609
v 0.19388482 -0.05567662 -0.13227588
v 0.19590612 0.15958098 -0.22493787
v 0.20085034 0.10823222 -0.20968421
v 0.19583879 0.10372659 -0.13177332
v 0.19897759 0.11485727 0.21969511
v 0.21473669 0.1157368 0.22070689
v 0.20388372 0.15046304 -0.22272384
v 0.20366259 0.14863485 -0.22113609
v 0.1671809 0.13782984 -0.21530515
v 0.18819183 0.13352475 -0.21303692
v 0.21060516 0.10381897 -0.20781328
v 0.18873498 0.0465346 -0.13216358
v 0.17856456 -0.1466525 -0.13217266
v 0.19583879 0.10372659 -0.13177332
v 0.18970767 0.10380584 0.02511579
v 0.17969102 0.10355811 0.04941854
v 0.19169892 0.15844971 -0.22528462
v 0.196933 0.14352718 -0.21398358
v 0.18732283 0.11337687 -0.211077
v 0.20081791 0.10349349 -0.2088802
v 0.20081791 0.10349349 -0.2088802
v 0.18324922 0.11159777 0.12735431
v 0.19106171 0.11361107 0.16369079
v 0.19566831 0.14976522 -0.22352247
v 0.18942942 0.14469466 -0.21620993
v 0.17202994 0.10428201 -0.19397703
v 0.17975879 -0.10065313 -0.1322768
v 0.18239647 0.1039542 -0.09278007
v 0.16917294 0.10381993 -0.11304406
v 0.1888798 0.10214991 0.1125816
v 0.18249455 0.09997698 0.11684032
v 0.18612191 0.11860473 -0.21335496
v 0.18679544 0.10502446 -0.21010406
v 0.17966571 0.10349628 -0.20938006
v 0.17454782 0.10406884 -0.20197999
v 0.18186355 0.09902055 -0.13199903
v 0.17295128 -0.12831905 -0.13228744
v 0.16243201 0.10349698 -0.116612
v 0.17588386 0.10390347 -0.03890803
v 0.18097425 0.10384607 0.00619137
v 0.17192627 0.10096806 0.11557637
v 0.18652879 0.14274549 -0.21452314
v 0.18426904 0.11478689 -0.21160753
v 0.17966571 0.10349628 -0.20938006
v 0.17349431 0.10444782 -0.16430581
v 0.16000147 0.09771773 -0.13188623
v 0.17009617 -0.01863827 -0.13218583
v 0.17660239 0.10391111 -0.06401612
v 0.17484862 0.11462335 0.2038729
v 0.17966329 0.14881521 -0.22455519
v 0.19566831 0.14976522 -0.22352247
v 0.18375871 0.14756753 -0.22121206
v 0.18375871 0.14756753 -0.22121206
v 0.174842 0.12054467 -0.21602672
v 0.17922489 0.1264928 -0.21448974
v 0.17922489 0.1264928 -0.21448974
v 0.17796005 0.10367413 -0.20730433
v 0.16645481 0.01642147 -0.13214681
v 0.16412273 -0.08436242 -0.1322832
v 0.16509965 -0.14451556 -0.13225506
v 0.17321046 0.10198579 0.10259886
v 0.1656543 0.11312375 0.15538664
v 0.17042294 0.11395694 0.17561918
v 0.18942942 0.14469466 -0.21620993
v 0.17747454 0.14488797 -0.21658286
v 0.17747454 0.14488797 -0.21658286
v 0.17928892 0.14197372 -0.21501221
v 0.16348934 -0.06258807 -0.13223411
v 0.16014214 0.10363399 -0.13159297
v 0.16770497 0.10387399 -0.08235346
v 0.16425271 0.15220849 -0.22658768
v 0.17966329 0.14881521 -0.22455519
v 0.17236659 0.12955649 -0.21348239
v 0.1710363 0.11126121 -0.21253763
v 0.16014214 0.10363399 -0.13159297
v 0.13616684 -0.14728571 -0.12784354
v 0.15836649 0.10379627 -0.00517006
v 0.16747607 0.09857477 0.12085097
v 0.16766843 0.11202982 0.1295459
v 0.15420642 0.11409601 0.17838576
v 0.14965203 0.11501078 0.22113402
v 0.17075592 0.14095704 -0.2155019
v 0.16742828 0.11744314 -0.21479131
v 0.16922842 0.1150803 -0.21350485
v 0.17266241 0.10416982 -0.21048111
v 0.17793503 0.10487269 -0.21035306
v 0.17266241 0.10416982 -0.21048111
v 0.17054205 0.10380823 -0.20684947
v 0.16523933 0.06527574 -0.13203588
v 0.15005754 0.04121484 -0.13214649
v 0.15510757 0.10364275 0.03781316
v 0.16415955 0.10287009 0.07483806
v 0.15982623 0.10178161 0.11268386
v 0.16719049 0.12634087 -0.21444696
v 0.16719049 0.12634087 -0.21444696
v 0.14428478 -0.11201125 -0.13225356
v 0.16223456 0.09982338 0.11682867
v 0.15312429 0.14465301 -0.21694988
v 0.15312429 0.14465301 -0.21694988
v 0.1593743 0.10517272 -0.21305366
v 0.16061039 0.1037235 -0.21075314
v 0.14202654 -0.01416274 -0.13217062
v 0.14635885 -0.05091184 -0.1322128
v 0.17856456 -0.1466525 -0.13217266
v 0.12343663 -0.14709724 -0.13144197
v 0.15134051 0.10381766 -0.05169141
v 0.15827295 0.14845324 -0.22537148
v 0.15827295 0.14845324 -0.22537148
v 0.15186037 0.12954065 -0.21459204
v 0.15418729 0.10793463 -0.21365738
v 0.1593743 0.10517272 -0.21305366
v 0.14152178 0.10439697 -0.16917247
v 0.14994594 0.10379495 -0.02549849
v 0.11962228 0.10292295 0.06854383
v 0.15289122 0.10190249 0.10112357
v 0.15202756 0.15082358 -0.22743329
v 0.14775819 0.14629681 -0.22073083
v 0.14888793 0.12580599 -0.21520285
v 0.12818322 0.02259427 -0.13216594
v 0.12083583 -0.14440489 -0.13226426
v 0.16049667 0.1032052 -0.11814045
v 0.15511736 0.10331425 -0.11777128
v 0.14251718 0.10377477 -0.08178678
v 0.13278292 0.11167388 0.1274137
v 0.12627429 0.11469067 0.20368983
v 0.14463131 0.13527411 -0.21599846
v 0.13821983 0.07161926 -0.13203126
v 0.14036268 0.10366657 -0.11308294
v 0.13744624 0.10362907 0.03054344
v 0.14667419 0.14873663 -0.22618356
v 0.14667419 0.14873663 -0.22618356
v 0.13648143 0.11232568 -0.21479781
v 0.150313 0.10466831 -0.21326622
v 0.13978341 0.09922463 -0.13201612
v 0.11801388 -0.04877926 -0.13223222
v 0.13397425 -0.08923782 -0.13226186
v 0.13532469 0.10356551 -0.13177909
v 0.15044604 0.10339495 -0.11690579
v 0.13535689 0.10101058 0.11547747
v 0.13035394 0.10188457 0.11258938
v 0.14005837 0.0999363 0.11671945
v 0.12287956 0.11355495 0.16083837
v 0.1285124 0.11426967 0.18304735
v 0.09539153 -0.14664608 -0.13215497
v 0.09539153 -0.14664608 -0.13215497
v 0.14888786 0.10300981 -0.1180368
v 0.1459986 0.10341649 -0.1166134
v 0.12360597 0.11231197 0.12970118
v 0.14120896 0.1596541 -0.23019762
v 0.15361013 0.15927254 -0.22914632
v 0.13138281 0.15746869 -0.23038636
v 0.13598511 0.14538895 -0.22024
v 0.1404345 0.14392962 -0.21726796
v 0.13637319 0.12958086 -0.21540169
v 0.11697738 0.10413359 -0.19490495
v 0.10688806 0.10429647 -0.15543233
v 0.13532469 0.10356551 -0.13177909
v 0.1321298 0.10371828 -0.06528722
v 0.11571398 0.10321115 0.05651482
v 0.12422882 0.10197859 0.09874827
v 0.13509107 0.0983144 0.12164696
v 0.11314533 0.11608993 0.22563203
v 0.13791743 0.14922813 -0.22849604
v 0.13047016 0.10811623 -0.21512261
v 0.12675068 0.1050838 -0.21452376
v 0.1490034 0.10345922 -0.21277583
v 0.11044313 0.10425845 -0.18415102
v 0.12460504 0.1036916 0.00983118
v 0.12740375 0.11302878 0.14429699
v 0.11528335 0.11541218 0.22426248
v 0.12784281 0.15152909 -0.22957145
v 0.12955646 0.11086702 -0.2151885
v 0.10017959 0.10420663 -0.14358729
v 0.11752883 -0.07687034 -0.13226473
v 0.10708568 0.10368855 -0.10188705
v 0.12687342 0.10375102 -0.03996455
v 0.11664292 0.1037104 -0.01621343
v 0.129481 0.14536564 -0.22060449
v 0.12432703 0.14754477 -0.22548908
v 0.129481 0.14536564 -0.22060449
v 0.12484013 0.12045912 -0.21958843
v 0.12257174 0.13317589 -0.21675755
v 0.12956037 0.11541399 -0.21656279
v 0.11919213 0.10342833 -0.21338393
v 0.11919213 0.10342833 -0.21338393
v 0.11765897 0.09691858 -0.13191321
v 0.12399472 0.14158545 -0.21851639
v 0.11376476 0.14090671 -0.21895319
v 0.12389272 0.1061152 -0.21548134
v 0.11067393 0.10404521 -0.1329795
v 0.11800669 -0.01912228 -0.13219652
v 0.10504904 -0.12490387 -0.13226697
v 0.08939261 0.10359439 -0.11324716
v 0.09599052 0.10341223 -0.11656216
v 0.11035026 0.10181616 0.11250418
v 0.11035026 0.10181616 0.11250418
v 0.15982623 0.10178161 0.11268386
v 0.13035394 0.10188457 0.11258938
v 0.11933553 0.09989662 0.11686356
v 0.11602691 0.09802918 0.12190167
v 0.11724127 0.11510219 0.22156735
v 0.1147277 0.14869423 -0.22898784
v 0.1147277 0.14869423 -0.22898784
v 0.11922274 0.14526083 -0.2210232
v 0.11922274 0.14526083 -0.2210232
v 0.11184032 -0.14720686 -0.1278283
v 0.09790249 0.10362506 -0.0808027
v 0.11244921 0.16005155 -0.23206498
v 0.14120896 0.1596541 -0.23019762
v 0.11070248 0.15900946 -0.23228101
v 0.11070248 0.15900946 -0.23228101
v 0.11327317 0.11446524 -0.21679218
v 0.11425327 0.1041467 -0.21497692
v 0.07118243 0.10427333 -0.17215323
v 0.10023432 0.07327186 -0.13203666
v 0.10386772 0.04498801 -0.13216364
v 0.0970166 -0.01684795 -0.13220632
v 0.10595184 0.10355158 -0.13182849
v 0.10807537 0.10369354 -0.05512394
v 0.1051714 0.10097105 0.11559287
v 0.1013364 0.11262553 0.13339737
v 0.08396723 0.11313812 0.14551051
v 0.10051474 0.15178397 -0.23079862
v 0.10219715 0.11092733 -0.21635948
v 0.10595184 0.10355158 -0.13182849
v 0.09891701 0.10240449 0.0835322
v 0.09662901 0.11461879 0.19520724
v 0.10109935 0.10484747 -0.21658306
v 0.11425327 0.1041467 -0.21497692
v 0.09815644 -0.09998341 -0.13226914
v 0.08064469 0.10179906 0.10748501
v 0.10469411 0.09998973 0.11710528
v 0.09614734 0.11170492 0.12740603
v 0.09469623 0.1449849 -0.22130513
v 0.0953326 0.12159284 -0.22170436
v 0.0974885 0.09720746 -0.13198446
v 0.08468882 0.10189311 0.09970024
v 0.09469623 0.1449849 -0.22130513
v 0.08862951 0.1165693 -0.21896192
v 0.08286365 0.13312519 -0.21803966
v 0.09764079 0.10352013 -0.21652979
v 0.09764079 0.10352013 -0.21652979
v 0.08450527 0.00263685 -0.13219148
v 0.08647621 -0.05601642 -0.13227338
v 0.07426797 -0.0934691 -0.13234681
v 0.08096998 0.10358392 4.22E-06
v 0.08921252 0.10186878 0.11248562
v 0.09566286 0.14840931 -0.2293146
v 0.09566286 0.14840931 -0.2293146
v 0.09023722 0.11361813 -0.2174686
v 0.07747807 0.1035815 -0.13175385
v 0.08976614 0.10361239 -0.05676378
v 0.08606429 0.09795391 0.12165889
v 0.08186727 0.11434993 0.17848973
v 0.07811891 0.11508598 0.22180957
v 0.08415454 0.15901317 -0.23356205
v 0.0898339 0.12709773 -0.21821506
v 0.08434435 0.10761335 -0.21758255
v 0.06821556 -0.14723058 -0.12767743
v 0.08210378 0.10361014 -0.03683866
v 0.08334336 0.10020464 0.11678161
v 0.07410166 0.11431445 0.17616928
v 0.08698461 0.15073504 -0.2312278
v 0.08228353 0.10476428 -0.21750858
v 0.08070353 0.05792859 -0.13212268
v 0.0789016 0.02445274 -0.13219154
v 0.06856378 -0.11765045 -0.13232911
v 0.07747807 0.1035815 -0.13175385
v 0.07939404 0.10340296 0.03974465
v 0.08548599 0.10096228 0.11566226
v 0.07106608 0.11236757 0.12935042
v 0.07539343 0.1414064 -0.22036919
v 0.07883044 0.11083751 -0.21763647
v 0.04193946 -0.14707112 -0.13123281
v 0.08193928 0.10291122 0.06386519
v 0.07552553 0.11533565 0.22441363
v 0.06080163 0.11617985 0.22611159
v 0.07791252 0.14819393 -0.22963269
v 0.07791252 0.14819393 -0.22963269
v 0.07212935 0.14437719 -0.22164182
v 0.07212935 0.14437719 -0.22164182
v 0.0513945 0.10415873 -0.15833974
v 0.06928214 0.10389238 -0.13361281
v 0.05058827 -0.14471765 -0.1324669
v 0.07436933 0.10356949 -0.02270066
v 0.08190831 0.15998478 -0.23402789
v 0.07198621 0.15952137 -0.2340629
v 0.06618333 0.14992927 -0.23169817
v 0.07602306 0.12124845 -0.22204602
v 0.07133672 0.11897565 -0.22086239
v 0.06241981 0.11599852 -0.21985613
v 0.07456893 0.10336281 -0.21703778
v 0.04721113 0.10414165 -0.18670642
v 0.06048191 -0.03029256 -0.13228625
v 0.06134956 -0.05121055 -0.13231596
v 0.06574111 0.10233478 0.07856151
v 0.06732829 0.11174713 0.12727261
v 0.06785232 0.11278168 0.13335188
v 0.02807619 0.1039248 -0.19903404
v 0.06102584 0.10343726 -0.08725662
v 0.0582678 0.10339887 -0.06183497
v 0.05121919 0.10277352 0.05769645
v 0.05841678 0.11496138 0.20398301
v 0.05666273 0.07328811 -0.13210216
v 0.04629793 0.03027904 -0.13228381
v 0.04909203 0.10339034 -0.0948367
v 0.05345667 0.10333566 0.01867318
v 0.04628122 0.10313374 0.03818028
v 0.05650052 0.10167102 0.11265755
v 0.06061615 0.10100675 0.11561602
v 0.06480069 0.10005733 0.11707897
v 0.06618333 0.14992927 -0.23169817
v 0.06447483 0.14788073 -0.22945184
v 0.05394157 0.11163019 -0.2186496
v 0.05423374 0.10817396 -0.2183525
v 0.03472882 -0.02687474 -0.13234553
v 0.05628688 0.10344975 -0.13191549
v 0.04405503 0.10334913 -0.1130822
v 0.05411893 0.1033829 -0.01092581
v 0.03844482 0.10147053 0.09943916
v 0.04510713 0.11359287 0.14651904
v 0.05079112 0.11453233 0.17658065
v 0.05628688 0.10344975 -0.13191549
v 0.04447301 0.10333018 -0.04576916
v 0.05824653 0.158765 -0.2346819
v 0.05836838 0.14957108 -0.23179476
v 0.05674385 0.14320077 -0.22241469
v 0.05674385 0.14320077 -0.22241469
v 0.05946875 0.12951951 -0.21924189
v 0.05277791 0.11845275 -0.22132832
v 0.03943165 0.10473713 -0.21804059
v 0.03173451 0.10389961 -0.13918239
v 0.03393525 0.05378334 -0.13227621
v 0.04576425 -0.07034355 -0.13240966
v 0.05131634 0.0978875 0.12183315
v 0.04216862 0.11530046 0.21310595
v 0.05836838 0.14957108 -0.23179476
v 0.03104502 0.1235299 -0.22363877
v 0.0471793 0.12044953 -0.22274725
v 0.02057298 0.10313992 -0.11638488
v 0.04235996 0.11572818 0.2243637
v 0.04292388 0.15574744 -0.23423707
v 0.04959277 0.1446926 -0.22507218
v 0.04959277 0.1446926 -0.22507218
v 0.05674385 0.14320077 -0.22241469
v 0.05138534 0.14239886 -0.22264357
v 0.05138534 0.14239886 -0.22264357
v 0.03277155 -0.00843339 -0.13231918
v 0.02233383 -0.10871059 -0.1324382
v 0.03971002 -0.11784264 -0.13243519
v 0.04303978 0.10203308 0.08092035
v 0.04085236 0.10075134 0.1157653
v 0.03600983 0.1598001 -0.23560022
v 0.04113139 0.14940883 -0.23199354
v 0.0325707 0.14756958 -0.22938524
v 0.03802761 0.11522087 -0.22026621
v 0.01795017 0.10334003 -0.21732838
v 0.01795017 0.10334003 -0.21732838
v 0.03531702 0.10137566 0.1127295
v 0.03323338 0.11185063 0.12723553
v 0.03236083 0.15893655 -0.23565
v 0.04113139 0.14940883 -0.23199354
v 0.03703902 0.1419387 -0.22335891
v 0.0319911 0.1399923 -0.22274368
v 0.0319911 0.1399923 -0.22274368
v 0.03094163 0.13289797 -0.22063449
v 0.02549727 0.12954241 -0.2203324
v 0.03075798 0.12697244 -0.22118594
v 0.03914356 0.11078878 -0.21902184
v 0.0050277 0.10326288 -0.10095547
v 0.01757569 0.10318935 -0.0719533
v 0.02921998 0.10323617 -0.01552545
v 0.02799432 0.1131722 0.13253288
v 0.03292021 0.14489463 -0.2254153
v 0.03292021 0.14489463 -0.2254153
v 0.01032109 0.10408387 -0.15936323
v 0.01587017 0.06844527 -0.13221724
v -0.01814883 -0.14670481 -0.13225153
v -0.01814883 -0.14670481 -0.13225153
v 0.00612542 0.10301092 0.02953112
v 0.00668926 0.10218893 0.06888652
v 0.02051969 0.15206893 -0.23344161
v 0.02532005 0.14893234 -0.23195055
v 0.02532005 0.14893234 -0.23195055
v 0.01207686 0.1057271 -0.21890035
v 0.00739786 0.10362434 -0.13360108
v 0.00943029 0.08547772 -0.13214011
v 0.0094028 -0.09372725 -0.1324572
v -0.01839604 -0.14448659 -0.13243884
v 0.02140482 0.10332046 -0.1319797
v -0.03573835 -0.14712764 -0.12859596
v -0.00344887 0.10318253 -0.04972384
v 0.01620434 0.09806357 0.12171191
v -0.00936312 0.11383305 0.14381872
v 0.0204237 0.11427251 0.16587828
v -0.00906896 0.11477157 0.18380158
v -0.02198864 0.11510187 0.20253268
v 0.01548542 0.14069629 -0.22329201
v 0.03094163 0.13289797 -0.22063449
v 0.00949527 0.04012441 -0.13233975
v 0.01085073 -0.07154514 -0.13245177
v 0.02140482 0.10332046 -0.1319797
v -0.0046258 0.10316218 -0.08373113
v 0.0122535 0.10320117 -0.03216018
v -0.00408015 0.10308152 0.01591506
v 0.01403312 0.10183675 0.08234279
v 0.01253132 0.14500932 -0.22505842
v 0.01253132 0.14500932 -0.22505842
v 0.00708399 0.11810787 -0.22162031
v 0.00290562 0.11111645 -0.21972056
v 0.01428541 0.10452807 -0.21831396
v -0.00759422 0.10403347 -0.18789488
v 0.00441088 -0.00624643 -0.13234517
v -0.03787277 -0.14705148 -0.12347147
v -0.00425076 0.103224 -0.11279957
v 0.00449478 0.10276309 0.04532273
v 0.01343752 0.10080259 0.11581887
v 0.00709978 0.11645894 0.22651526
v 0.01433588 0.14735463 -0.22864297
v 0.00584788 0.12021381 -0.22321591
v 0.00869149 0.10144106 0.11272584
v -0.0133115 0.1154161 0.21519573
v -0.01204489 0.11587369 0.22392502
v 0.00721539 0.12738714 -0.22170073
v -0.0257395 0.10408044 -0.17607793
v -0.01416485 0.00759401 -0.13235694
v -0.00987361 -0.04934927 -0.13241524
v -0.01355303 0.11440288 0.16705817
v 0.0024757 0.15306111 -0.23431556
v 0.00318586 0.12340789 -0.22437499
v 0.00355146 0.12972735 -0.22114249
v -0.00435318 -0.06591371 -0.1324347
v -0.00575055 0.10334662 -0.13183421
v -0.00575055 0.10334662 -0.13183421
v -0.0089194 0.10311739 -0.01573404
v -0.00173261 0.10150202 0.09428863
v -0.00190633 0.14886697 -0.23191486
v -0.00190633 0.14886697 -0.23191486
v -0.00156113 0.14707157 -0.22882901
v -0.00634516 0.13332933 -0.22175743
v -0.00634516 0.13332933 -0.22175743
v -0.01342704 0.11511169 -0.22088148
v 0.01428541 0.10452807 -0.21831396
v -0.00454163 0.10337418 -0.21740291
v -0.043023 0.10378795 -0.13840173
v -0.0085269 0.09783492 -0.13205858
v -0.01021607 0.11206996 0.12727086
v -0.00248857 0.15068108 -0.23326056
v -0.01170166 0.14072265 -0.22419302
v -0.01259834 0.1354139 -0.2224091
v -0.02646661 0.06372191 -0.13228096
v -0.00613915 0.10063401 0.11610322
v -0.01188798 0.14407262 -0.22552867
v -0.01188798 0.14407262 -0.22552867
v -0.01807633 0.10381629 -0.21916257
v -0.01807633 0.10381629 -0.21916257
v -0.028883 -0.12402188 -0.13246758
v -0.01556597 0.12321098 -0.22509164
v -0.03584579 0.11738382 -0.22185989
v -0.01589502 0.11081579 -0.22020793
v -0.01784175 0.10520115 -0.2199809
v -0.0416907 0.10386234 -0.19921674
v -0.02629661 0.02920252 -0.13236599
v -0.02942453 -0.02834009 -0.13241443
v -0.05993807 0.10313714 -0.11631374
v -0.01686205 0.10311361 -0.06888448
v -0.03782205 0.10158553 0.08263125
v -0.01048168 0.10131031 0.1125425
v -0.01400533 0.09797481 0.12218107
v -0.0432474 0.15141663 -0.23493427
v -0.02639798 -0.09921329 -0.13247523
v -0.03495744 0.11645345 0.22572519
v -0.03219248 0.10300079 -0.00184028
v -0.0282343 0.10229449 0.0578488
v -0.02379704 0.10076527 0.11603515
v -0.03679644 0.15009078 -0.23404658
v -0.02921564 0.14887936 -0.23246215
v -0.02921564 0.14887936 -0.23246215
v -0.03759242 0.11998056 -0.22382925
v -0.03140742 0.10400717 -0.15943928
v -0.04762176 0.10336105 -0.13188192
v -0.03664555 0.10277037 0.03487045
v -0.04985631 0.10119427 0.10050294
v -0.03632056 0.10130755 0.11236973
v -0.04901257 0.11557323 0.22127172
v -0.03777537 0.13333756 -0.22252122
v -0.03777537 0.13333756 -0.22252122
v -0.04438232 -0.08814947 -0.13255769
v -0.05112641 0.11384309 0.14714976
v -0.05501953 0.11466054 0.17517066
v -0.03764683 0.14606281 -0.22881459
v -0.0382614 0.14347795 -0.22577912
v -0.0382614 0.14347795 -0.22577912
v -0.06298985 0.04995389 -0.13245341
v -0.03579268 0.10317296 -0.09841927
v -0.03728617 0.10307365 -0.06083131
v -0.04365271 0.10307682 -0.0390005
v -0.03240049 0.09795341 0.12175646
v -0.04094784 0.100623 0.11594095
v -0.04313294 0.1133056 0.13202028
v -0.08027443 0.15992458 -0.23776212
v -0.05308643 0.15894043 -0.23723364
v -0.042031 0.13555938 -0.22313224
v -0.04812397 0.12327711 -0.22558917
v -0.04618572 0.11120331 -0.22053793
v -0.04110732 0.12636122 -0.2244858
v -0.0479119 0.11473946 -0.22116068
v -0.05198159 0.10338112 -0.21803249
v -0.06670786 0.10357907 -0.13365737
v -0.05124734 -0.10821106 -0.13254023
v -0.06018626 -0.14707108 -0.13127115
v -0.04107975 0.11295392 0.1295138
v -0.04672168 0.11196059 0.12716763
v -0.03933842 0.130621 -0.22253317
v -0.04964454 0.10501782 -0.22030979
v -0.07050341 0.10325702 -0.11298823
v -0.04685937 0.10306637 -0.08005442
v -0.03679644 0.15009078 -0.23404658
v -0.04751126 0.10364882 -0.21960786
v -0.04751126 0.10364882 -0.21960786
v -0.0587104 -0.07262461 -0.13258785
v -0.07456385 0.1154866 0.22118294
v -0.0444507 0.14334477 -0.22610529
v -0.05491252 0.14837261 -0.2326998
v -0.0444507 0.14334477 -0.22610529
v -0.08030155 0.10367266 -0.20909564
v -0.070094 0.02889502 -0.13248539
v -0.06790365 -0.00379729 -0.1324863
v -0.05399946 -0.04124577 -0.1324926
v -0.05942506 0.10295632 0.0043855
v -0.065487 0.10187947 0.06859993
v -0.05185766 0.09800425 0.12212876
v -0.05822822 0.14947273 -0.23468971
v -0.05822822 0.14947273 -0.23468971
v -0.0595325 0.11940509 -0.22386932
v -0.05158738 0.13141666 -0.22313958
v -0.0656017 0.11702267 -0.22242141
v -0.08584376 0.10406771 -0.18315828
v -0.07017754 0.10404693 -0.16562898
v -0.07386767 -0.1447091 -0.13270108
v -0.07828659 -0.14672665 -0.13252912
v -0.05621074 0.14524654 -0.22903655
v -0.05621074 0.14524654 -0.22903655
v -0.05526719 0.14238802 -0.22684598
v -0.05962257 0.12691158 -0.22498244
v -0.05299208 0.1333257 -0.22346915
v -0.0577957 0.07285663 -0.13231283
v -0.08519432 0.10334026 -0.09210612
v -0.07114701 0.10319676 -0.07830247
v -0.076455 0.10326349 -0.06132741
v -0.06779039 0.10836034 -0.22140011
v -0.09096891 0.10389066 -0.13824236
v -0.06183629 0.1032717 -0.13215356
v -0.06821479 0.1005192 0.11541761
v -0.07403677 0.11213818 0.12731013
v -0.08065701 0.15483445 -0.23713106
v -0.07088271 0.15109169 -0.23575757
v -0.06489325 0.14156052 -0.22730914
v -0.0699671 0.13802958 -0.226401
v -0.06698021 0.13354251 -0.22466607
v -0.06366363 0.1301536 -0.22422153
v -0.06543063 0.1232582 -0.22557215
v -0.0663798 0.10342743 -0.22070932
v -0.0663798 0.10342743 -0.22070932
v -0.07603431 0.08976891 -0.13238294
v -0.09143808 -0.03941841 -0.13257268
v -0.07828659 -0.14672665 -0.13252912
v -0.07663358 0.10265873 0.03854653
v -0.07391208 0.10101318 0.11231838
v -0.0924101 0.1140389 0.14657634
v -0.08149665 0.15873039 -0.23772939
v -0.06960968 0.14818621 -0.23249945
v -0.06674908 0.1452738 -0.2292994
v -0.06674908 0.1452738 -0.2292994
v -0.08464922 -0.07127473 -0.13264443
v -0.07936364 -0.0957244 -0.13264471
v -0.08292834 -0.12159978 -0.13265923
v -0.08599888 0.10333307 -0.03703857
v -0.09343939 0.10322355 -0.00947859
v -0.08001214 0.14926425 -0.23513037
v -0.08001214 0.14926425 -0.23513037
v -0.07258881 0.12620874 -0.22544444
v -0.09186299 0.10304798 0.01738369
v -0.08197297 0.10131593 0.08949374
v -0.07454614 0.0981158 0.12260883
v -0.0941982 0.11490972 0.18327317
v -0.08282281 0.14489129 -0.22966111
v -0.08282281 0.14489129 -0.22966111
v -0.08473761 0.13756551 -0.22696197
v -0.07805203 0.12294696 -0.22535804
v -0.07823866 0.1148284 -0.22229037
v -0.09732131 0.06018514 -0.1324974
v -0.09410916 0.10329331 -0.13224608
v -0.09337945 0.10089999 0.1120657
v -0.08764051 0.11453561 0.1669692
v -0.08062627 0.1479706 -0.2329697
v -0.08562712 0.14119647 -0.22812937
v -0.08581991 0.13411383 -0.22584066
v -0.08586177 0.130389 -0.22544126
v -0.08757286 0.11708399 -0.22271077
v -0.08448038 0.10491843 -0.22121233
v -0.09117062 0.10246381 0.04979004
v -0.08762302 0.11053344 -0.22215317
v -0.11327465 0.10340124 -0.21946853
v -0.10524215 0.03598439 -0.13254207
v -0.09092351 0.10036138 0.1152256
v -0.08952772 0.15099898 -0.23609775
v -0.08889431 0.12671398 -0.22587427
v -0.09556693 -0.00680913 -0.13255545
v -0.10546892 0.10341749 -0.11258228
v -0.12041795 0.10381183 -0.20850141
v -0.10258927 0.10408583 -0.15932752
v -0.10959084 -0.09526504 -0.13265982
v -0.11335075 0.10148221 0.08429033
v -0.10900368 0.11544707 0.21486437
v -0.10819782 0.10397271 -0.13904908
v -0.1529395 -0.14663488 -0.13242142
v -0.10047107 0.11225945 0.12712909
v -0.11264616 0.10378782 -0.13433619
v -0.10698114 0.10228527 0.05798701
v -0.14037514 0.10106911 0.10453741
v -0.10759407 0.09977971 0.11695708
v -0.11354112 0.11566093 0.22037087
v -0.11639904 0.15982485 -0.23776224
v -0.13534813 0.13824464 -0.22720978
v -0.13874705 0.13709734 -0.22674249
v -0.11429562 0.08423755 -0.13242093
v -0.13867047 -0.07919677 -0.13264352
v -0.11847109 -0.12114073 -0.13263929
v -0.13341819 0.10327491 -0.11644702
v -0.11107776 0.10349737 -0.05770855
v -0.11676057 0.10050043 0.11518757
v -0.12769079 0.14784573 -0.23295777
v -0.1267021 0.14478146 -0.2296339
v -0.1267021 0.14478146 -0.2296339
v -0.13105838 0.14109132 -0.22805916
v -0.12554638 0.13413888 -0.22588655
v -0.12334445 0.12675717 -0.22594741
v -0.13259545 0.10847358 -0.22196721
v -0.11523353 0.10349444 -0.0343287
v -0.11166925 0.10312831 0.02134464
v -0.13419995 0.10303745 0.03342639
v -0.13591576 -0.14455917 -0.13260356
v -0.11555384 0.10330958 -0.13234912
v -0.14719747 -0.14718086 -0.12778117
v -0.14060844 0.10358809 -0.07805952
v -0.11938316 0.10095993 0.11221286
v -0.13484101 0.1141845 0.14241946
v -0.13941218 0.15446074 -0.23716372
v -0.14070068 0.14944249 -0.23556337
v -0.14070068 0.14944249 -0.23556337
v -0.13066894 0.1306136 -0.22559877
v -0.13329576 0.11499961 -0.22243094
v -0.13581567 0.11191233 -0.22235769
v -0.12879756 0.1041719 -0.18569589
v -0.12475297 0.01271865 -0.13252077
v -0.12919736 -0.03202387 -0.13255398
v -0.12644276 0.11713096 -0.22270559
v -0.16456015 0.10435753 -0.16468364
v -0.14824155 0.04649931 -0.13252845
v -0.15943816 0.10366666 -0.09875528
v -0.1320824 0.10343407 -0.01130172
v -0.14086965 0.10216652 0.06408656
v -0.1252895 0.09966594 0.11759368
v -0.13167343 0.11442804 0.15852508
v -0.1370174 0.15107995 -0.23640196
v -0.12615469 0.12289315 -0.22534467
v -0.14214154 -0.06613224 -0.13261028
v -0.19751969 -0.14705721 -0.13130938
v -0.13000636 0.11248215 0.12706776
v -0.16568248 0.10407811 -0.20190273
v -0.16633286 0.10440414 -0.18035857
v -0.13808446 0.1038661 -0.13478419
v -0.14337268 -0.10676338 -0.13262424
v -0.14395463 0.11491817 0.18519315
v -0.13711104 0.11537225 0.21817678
v -0.14071733 0.10337791 0.0070719
v -0.13682581 0.10033088 0.11504569
v -0.13605073 0.10077457 0.1120633
v -0.15232833 0.09857835 0.12314759
v -0.13492218 0.09080129 -0.13237587
v -0.15030873 0.00377183 -0.13251445
v -0.16222146 0.10355147 -0.1132686
v -0.14508066 0.10363961 -0.05656263
v -0.14719197 0.10361089 -0.02801303
v -0.14598164 0.11944682 -0.22357638
v -0.16698706 0.10490442 -0.22130105
v -0.16151147 -0.14448705 -0.13260795
v -0.17261672 0.10168299 0.08203349
v -0.16343775 0.10112295 0.10457449
v -0.16328898 0.15975021 -0.23759747
v -0.1660528 0.13408355 -0.22565334
v -0.15565908 0.06918652 -0.13246465
v -0.1654875 0.13074154 -0.22546703
v -0.17975697 0.10338703 -0.22077818
v -0.17273982 0.10354067 -0.13224351
v -0.16825747 0.1031029 0.03837035
v -0.16990088 0.1042828 -0.14405814
v -0.15134454 0.10391291 -0.13454092
v -0.16058818 -0.03500392 -0.13256152
v -0.16742089 0.10375924 -0.04377575
v -0.16431034 0.11546082 0.21452312
v -0.17229086 0.14813705 -0.23306713
v -0.19620746 0.11491959 -0.22228447
v -0.17927703 0.10854028 -0.22189598
v -0.16710441 -0.06611604 -0.13262674
v -0.17259023 0.10356862 -5.147E-05
v -0.16422001 0.10083659 0.11219128
v -0.17381252 0.11482803 0.17753845
v -0.15615672 0.11553396 0.21678907
v -0.18178591 0.14093521 -0.22794294
v -0.19533879 0.11723399 -0.22253831
v -0.17711838 0.10405843 -0.13328791
v -0.17118201 0.10341436 0.02020404
v -0.18435952 0.1024266 0.06378725
v -0.13910879 0.11378831 0.12837595
v -0.16517553 0.11422478 0.14617112
v -0.17568265 0.14499897 -0.22969067
v -0.17568265 0.14499897 -0.22969067
v -0.18357186 0.13747741 -0.22689702
v -0.1713984 0.09184625 -0.13237296
v -0.18536042 0.01729373 -0.13257599
v -0.16349298 -0.11307397 -0.13263376
v -0.17696507 0.09982722 0.11708523
v -0.18607432 0.11445475 0.15619224
v -0.15339705 0.16126886 0.2283393
v -0.1732526 0.15528874 -0.23699619
v -0.1757776 0.15092707 -0.23583646
v -0.17520942 0.10377701 -0.06912012
v -0.17781085 0.11388631 0.12805787
v -0.15293775 0.12821804 0.21102862
v -0.17591727 -0.01134683 -0.13256389
v -0.18947878 0.10153827 0.09387893
v -0.18112542 0.09899802 0.12308829
v -0.18168472 0.11393593 0.13369597
v -0.17442112 0.14947551 -0.2350006
v -0.17442112 0.14947551 -0.2350006
v -0.18174222 0.06595196 -0.13252518
v -0.18421544 -0.11358763 -0.13272397
v -0.20171216 -0.13993759 -0.13284285
v -0.20976287 -0.14713521 -0.12705304
v -0.19163327 0.10360031 -0.11627264
v -0.19070758 0.10060315 0.11472916
v -0.18526702 0.11522833 0.20495124
v -0.18986478 0.11937706 -0.22321188
v -0.19492634 -0.05654407 -0.13268283
v -0.19520718 -0.09287348 -0.13276711
v -0.25521392 -0.14680748 -0.13265823
v -0.25521392 -0.14680748 -0.13265823
v -0.18242982 0.10374664 -0.02121378
v -0.1694718 0.1259042 0.20908678
v -0.18257819 0.14772764 -0.23159106
v -0.18903205 0.13044564 -0.22592741
v -0.18650198 0.1229917 -0.22482425
v -0.20155379 0.1050191 -0.17848605
v -0.20975403 0.10512035 -0.17152187
v -0.2090397 0.03288747 -0.13264447
v -0.19138731 0.13405523 -0.22604431
v -0.18397076 0.12553324 -0.22622964
v -0.20925605 0.11245272 -0.22215562
v -0.18180893 0.10505697 -0.22113936
v -0.19015262 0.10394333 -0.08317816
v -0.20918632 0.10294721 0.05474827
v -0.19497253 0.10106023 0.11186893
v -0.19129921 0.15160316 -0.23570493
v -0.19426847 0.14903161 -0.23271304
v -0.19426847 0.14903161 -0.23271304
v -0.19179159 0.14562453 -0.2294388
v -0.19179159 0.14562453 -0.2294388
v -0.18575105 0.126856 -0.22609742
v -0.18180893 0.10505697 -0.22113936
v -0.20309266 0.10425482 -0.21871902
v -0.20510811 0.10481131 -0.20440178
v -0.20193087 0.10474491 -0.13925953
v -0.19601339 0.10389265 -0.13265307
v -0.1963208 0.10396604 -0.05489214
v -0.20560318 0.11431997 0.14574137
v -0.18646924 0.1525836 0.21908325
v -0.19826989 0.13648503 -0.22652517
v -0.20467629 0.08803164 -0.13257945
v -0.20304322 -0.02644544 -0.13265784
v -0.20744348 -0.07480867 -0.13279113
v -0.20740372 -0.14453721 -0.13292253
v -0.20499368 -0.1466129 -0.13273741
v -0.19918872 0.10398149 -0.11317159
v -0.20728029 0.10413306 -0.10079459
v -0.21033165 0.10376615 -0.00245567
v -0.20302224 0.10361468 0.01492989
v -0.19519606 0.10007813 0.11761723
v -0.21541506 0.11472985 0.16464683
v -0.19563001 0.14749072 -0.23028265
v -0.1982391 0.12792061 -0.22625031
v -0.20381245 0.10453388 -0.13404892
v -0.20651124 0.10090733 -0.1327551
v -0.2133455 0.07175561 -0.13261999
v -0.21430346 0.05011838 -0.13266328
v -0.21324164 0.10397893 -0.04044336
v -0.21481033 0.1034357 0.03833329
v -0.20026056 0.09946977 0.12348999
v -0.22153182 0.11495785 0.17945224
v -0.21207806 0.11510836 0.20347194
v -0.20326471 0.15165851 0.21554814
v -0.2043705 0.15935163 -0.236847
v -0.21863693 0.13387485 -0.22597511
v -0.2136288 0.12709592 -0.22572148
v -0.2212358 0.15535304 -0.23610675
v -0.21125872 0.12947473 -0.22622576
v -0.2157423 0.10876678 -0.22173487
v -0.21381283 0.14478397 0.20869978
v -0.21609825 0.15248977 0.21467106
v -0.22192924 0.14091241 -0.22704247
v -0.23280439 0.12007784 -0.22264853
v -0.22847113 0.10561323 -0.22095625
v -0.22847113 0.10561323 -0.22095625
v -0.21923892 0.1038912 -0.13285196
v -0.21923892 0.1038912 -0.13285196
v -0.21909778 0.10104557 -0.13273121
v -0.22568308 -0.0048792 -0.13267004
v -0.23158176 0.10257757 0.07107137
v -0.2345008 0.10212508 0.08800121
v -0.22568366 0.10138082 0.10712768
v -0.23213165 0.09958086 0.12500091
v -0.25103924 0.11509228 0.18867481
v -0.22252166 0.1478346 -0.23010457
v -0.22823003 0.14544879 -0.22857793
v -0.22823003 0.14544879 -0.22857793
v -0.22615033 0.11490795 -0.2219369
v -0.23524398 0.10500324 -0.20573258
v -0.24354586 0.10409456 -0.11294308
v -0.22768421 0.10391352 -0.02037149
v -0.22787559 0.10106461 0.11308807
v -0.22715926 0.15198247 -0.23515835
v -0.22469673 0.13728766 -0.22617382
v -0.23881538 0.10526203 -0.18237902
v -0.22605447 0.10487837 -0.14207727
v -0.22438741 -0.04737277 -0.13272586
v -0.22116001 -0.11017635 -0.13280882
v -0.23948143 0.11456794 0.15059444
v -0.22101988 0.14835927 0.20986715
v -0.22698994 0.15868171 -0.23640634
v -0.22698994 0.15868171 -0.23640634
v -0.22845122 0.14968278 -0.23257546
v -0.22845122 0.14968278 -0.23257546
v -0.23339742 0.12725691 -0.2253087
v -0.2342322 0.12280075 -0.22372966
v -0.23688725 0.11822388 -0.22214571
v -0.23950954 -0.09963667 -0.13282368
v -0.24123654 0.10367205 -0.11622519
v -0.24324952 0.10417255 -0.07132788
v -0.23279886 0.10369222 0.01867842
v -0.21609825 0.15248977 0.21467106
v -0.26042706 0.01941031 -0.13270795
v -0.24399757 -0.03566097 -0.13271829
v -0.24807665 0.11446967 0.12720226
v -0.22786567 0.15252712 0.21267605
v -0.22470976 0.15619642 0.21729034
v -0.24983577 0.14835526 -0.2295071
v -0.24259618 0.1305071 -0.22532603
v -0.24920915 0.10529197 -0.15944645
v -0.24026015 0.08773697 -0.13271126
v -0.25489545 0.0497896 -0.13271499
v -0.2524654 -0.14722934 -0.12745531
v -0.23476289 0.10421642 -0.10268272
v -0.24855515 0.11430833 0.1323984
v -0.23238997 0.14808257 0.20776102
v -0.23238997 0.14808257 0.20776102
v -0.24442475 0.10392954 -0.13282189
v -0.2364841 0.10015354 -0.13283989
v -0.24442475 0.10392954 -0.13282189
v -0.24982864 -0.06705007 -0.13279736
v -0.26183239 -0.14419593 -0.13281842
v -0.25083616 0.1038413 0.00411344
v -0.25205314 0.10363592 0.03216001
v -0.24809575 0.10330512 0.05059776
v -0.2422425 0.14211674 -0.22644192
v -0.25439459 0.13752726 -0.22507818
v -0.26928988 0.10514177 -0.14000027
v -0.24756047 0.10404264 -0.03629927
v -0.26788139 0.10242061 0.09436074
v -0.24911207 0.10015522 0.12343656
v -0.24671835 0.09994735 0.12446748
v -0.24645068 0.15710594 0.21602046
v -0.26312748 0.15873101 -0.23534556
v -0.26312748 0.15873101 -0.23534556
v -0.25997654 0.152775 -0.23444293
v -0.25313213 0.10930341 -0.22119406
v -0.25794524 0.10499103 -0.21855587
v -0.25733206 0.10496564 -0.21484205
v -0.26833048 -0.09953016 -0.1328387
v -0.26805642 0.1019244 0.11211913
v -0.25767148 0.1011894 0.11852448
v -0.2642625 0.11493314 0.16654666
v -0.24978483 0.1149139 0.20756547
v -0.27417943 0.11511968 0.2024173
v -0.24850751 0.14537278 -0.22736551
v -0.24850751 0.14537278 -0.22736551
v -0.26192665 0.13356262 -0.22449501
v -0.26452172 0.11530598 -0.22111684
v -0.26590827 0.10475352 -0.13395151
v -0.26303098 0.07260482 -0.13270223
v -0.26102448 -0.01616691 -0.13271761
v -0.26916903 0.10617268 -0.22037065
v -0.26916903 0.10617268 -0.22037065
v -0.29510784 -0.14715515 -0.13139404
v -0.259599 0.10427192 -0.10085569
v -0.25804615 0.15584835 0.2132407
v -0.26708555 0.16001257 -0.23503099
v -0.26083443 0.15102737 -0.23252948
v -0.26083443 0.15102737 -0.23252948
v -0.25570631 0.14370081 -0.22589546
v -0.26210997 0.12674871 -0.2240925
v -0.2661733 0.12350871 -0.22286908
v -0.27330059 0.12186854 -0.22183423
v -0.2652173 0.10558521 -0.17584571
v -0.27378196 -0.05012007 -0.13277638
v -0.26073113 0.1145267 0.12522961
v -0.25436148 0.14900394 0.20521237
v -0.26120022 0.14666186 -0.22666778
v -0.26120022 0.14666186 -0.22666778
v -0.26931462 0.11913538 -0.2212874
v -0.26802775 0.10421009 -0.06563407
v -0.27466476 0.10297233 0.07007205
v -0.27755687 0.10176918 0.11643246
v -0.26696977 0.09640145 -0.13274054
v -0.27001452 0.10385025 -0.13265999
v -0.27442738 0.10404584 -0.02647957
v -0.2658715 0.10045581 0.12266248
v -0.28068727 0.11451975 0.12475144
v -0.26419404 0.1475558 0.20250431
v -0.2865068 0.13041329 -0.22326437
v -0.2980552 0.10542157 -0.21039546
v -0.28491631 0.10573088 -0.16596743
v -0.27001452 0.10385025 -0.13265999
v -0.27863997 0.10394202 -0.00060589
v -0.27603152 0.10373446 0.03573912
v -0.26961753 0.11518824 0.20460188
v -0.2750459 0.15152735 -0.23243192
v -0.2750459 0.15152735 -0.23243192
v -0.27406958 0.14840341 -0.22832297
v -0.27762762 0.14552484 -0.22531392
v -0.28411344 0.1348725 -0.2234477
v -0.28183705 0.00456848 -0.13274351
v -0.33672422 -0.14691821 -0.13253276
v -0.29705545 0.11489888 0.15280621
v -0.28161475 0.11527084 0.19443278
v -0.27501529 0.15369295 -0.23379505
v -0.27803594 0.14733706 -0.22592074
v -0.27803594 0.14733706 -0.22592074
v -0.28352469 0.10543148 -0.21796165
v -0.29433376 0.0957506 -0.13277683
v -0.28142622 0.10415405 -0.11303765
v -0.27315816 0.14806259 0.20163323
v -0.28297868 0.15694009 0.21150625
v -0.27660942 0.14111711 -0.22447647
v -0.29536673 0.12610589 -0.22220014
v -0.2883803 0.10505665 -0.21481268
v -0.28943288 -0.08804186 -0.13290498
v -0.28347299 0.10113907 0.12078425
v -0.2884551 0.15464637 -0.23323524
v -0.29683736 0.10547239 -0.14335518
v -0.2986145 0.10510115 -0.13384511
v -0.29687065 0.10418485 -0.13270327
v -0.2894786 0.06554162 -0.13274494
v -0.29448074 0.03548016 -0.13279074
v -0.30602098 -0.11806658 -0.13295309
v -0.30406135 -0.14706588 -0.1217769
v -0.3003746 0.10265575 0.09726806
v -0.2820839 0.10067466 0.12220486
v -0.29348049 0.1145126 0.13124374
v -0.28425109 0.14833048 0.20077386
v -0.28691587 0.15167922 0.20409954
v -0.29355347 0.15969342 -0.2335443
v -0.26708555 0.16001257 -0.23503099
v -0.29687065 0.10418485 -0.13270327
v -0.29951727 -0.01885544 -0.1328285
v -0.2924073 -0.04090888 -0.13279763
v -0.32194978 -0.14455228 -0.13307175
v -0.30097479 0.10443447 -0.10451921
v -0.30029488 0.10438716 -0.08222689
v -0.30437356 0.10424957 -0.05170406
v -0.29362237 0.11514381 0.19847977
v -0.28903046 0.15539363 0.20890264
v -0.28960606 0.15171508 -0.23215514
v -0.28960606 0.15171508 -0.23215514
v -0.30906466 0.1408817 -0.2224326
v -0.29143894 0.10682847 -0.21892869
v -0.28352469 0.10543148 -0.21796165
v -0.32572803 -0.1466306 -0.13293816
v -0.32572803 -0.1466306 -0.13293816
v -0.29689792 0.10394815 0.01144384
v -0.3052344 0.10329409 0.06598043
v -0.30223158 0.10216141 0.11643403
v -0.28337613 0.10191198 0.12249392
v -0.29194084 0.10233128 0.1223136
v -0.31792438 0.11514825 0.16768131
v -0.29775643 0.14985089 -0.22902974
v -0.29783544 0.14793228 -0.22554576
v -0.30594561 0.14529216 -0.22363824
v -0.29783544 0.14793228 -0.22554576
v -0.30197543 0.1188093 -0.21902743
v -0.30361018 0.11632812 -0.21847652
v -0.30116454 0.10850843 -0.21841373
v -0.29483667 0.10591668 -0.21783249
v -0.29483667 0.10591668 -0.21783249
v -0.30277166 0.10594906 -0.16415988
v -0.29887867 -0.06973913 -0.13290608
v -0.33638436 -0.14714992 -0.12821648
v -0.30402285 0.10409845 -0.02199418
v -0.2999762 0.10379743 0.03621965
v -0.29574814 0.15353376 0.20517392
v -0.30024686 0.1552626 -0.23287366
v -0.30086732 0.13540775 -0.22238159
v -0.30396822 0.12309985 -0.22034808
v -0.30374339 0.16064985 -0.232555
v -0.29468319 0.16035023 -0.23288073
v -0.29355347 0.15969342 -0.2335443
v -0.30078644 0.15897085 -0.23323466
v -0.30078644 0.15897085 -0.23323466
v -0.30538249 0.15250012 -0.23188597
v -0.30538249 0.15250012 -0.23188597
v -0.30149668 0.12786974 -0.2220076
v -0.31098747 0.06698138 -0.13285038
v -0.32857096 -0.00243862 -0.13294102
v -0.32463652 -0.08792411 -0.13309363
v -0.31722665 0.11511537 0.18712136
v -0.30348068 0.15680404 0.20790207
v -0.31636235 0.10519624 -0.21481876
v -0.33233076 0.0876055 -0.13304301
v -0.30457386 0.15235525 0.20153527
v -0.30817723 0.15513767 0.20480458
v -0.31616548 0.14911513 -0.22560813
v -0.31616548 0.14911513 -0.22560813
v -0.3194119 0.12583898 -0.22005688
v -0.32443261 0.10590491 -0.14191309
v -0.32455081 0.10427725 -0.1332057
v -0.33292791 0.02881763 -0.13293692
v -0.32460475 0.10265678 0.11491598
v -0.31714806 0.10262469 0.11957747
v -0.32443172 0.11501116 0.14326914
v -0.31810912 0.13159876 -0.22075382
v -0.31445384 0.11826265 -0.21818389
v -0.31887698 0.11499036 -0.21750361
v -0.32200599 0.10787925 -0.21711491
v -0.31767488 0.10539289 -0.13413328
v -0.2986145 0.10510115 -0.13384511
v -0.32297635 0.09737799 -0.1331493
v -0.33273491 0.10465246 -0.10017275
v -0.32389453 0.10399456 0.01479263
v -0.33787584 0.10385198 0.04323762
v -0.33227408 0.10316419 0.09024388
v -0.31497315 0.10310767 0.1212944
v -0.32090226 0.14586768 -0.2229531
v -0.32232687 0.14311182 -0.22180165
v -0.31834266 0.12375198 -0.21986453
v -0.32334137 0.1062014 -0.21676905
v -0.32334137 0.1062014 -0.21676905
v -0.31767488 0.10539289 -0.13413328
v -0.32676402 -0.04084392 -0.13297926
v -0.32874948 -0.13754246 -0.13306215
v -0.33162507 0.10421763 -0.02996655
v -0.31682068 0.15780151 0.20623642
v -0.31682068 0.15780151 0.20623642
v -0.33249637 0.15881467 -0.23078541
v -0.33249637 0.15881467 -0.23078541
v -0.32338914 0.15224056 -0.22937675
v -0.33276537 0.10617085 -0.20657684
v -0.33220524 0.10645518 -0.16421953
v -0.32661253 -0.06981549 -0.13307738
v -0.32404238 0.11400582 0.12152166
v -0.327759 0.11493507 0.19415709
v -0.32541138 0.15396667 -0.23073559
v -0.32338914 0.15224056 -0.22937675
v -0.32787001 0.13020529 -0.21967545
v -0.32926756 0.12137271 -0.21878676
v -0.32866734 0.11885016 -0.21744506
v -0.32861581 0.10567354 -0.21441095
v -0.34717381 0.1045734 -0.06465186
v -0.35951558 0.11521187 0.13235548
v -0.32940018 0.15723513 0.20373668
v -0.33938599 0.10364028 0.06207078
v -0.34400746 0.11524345 0.15338095
v -0.33034542 0.14950557 0.19361903
v -0.35771871 0.16046642 -0.22924386
v -0.30374339 0.16064985 -0.232555
v -0.33836696 0.14977282 -0.22532023
v -0.33836696 0.14977282 -0.22532023
v -0.33361477 0.14594679 -0.22251144
v -0.33722004 0.14385608 -0.22118141
v -0.34402344 0.11490132 -0.21505292
v -0.33436376 0.10592694 -0.21114258
v -0.33884278 0.05372918 -0.13297489
v -0.34109429 -0.10967982 -0.13311487
v -0.34256455 0.10292806 0.11561187
v -0.34200421 0.10323405 0.11893419
v -0.32999438 0.11495006 0.12118645
v -0.33885494 0.15501688 -0.22984698
v -0.34096965 0.15223026 -0.22824262
v -0.34096965 0.15223026 -0.22824262
v -0.34339505 0.13425227 -0.21901016
v -0.33693627 0.10723833 -0.21532147
v -0.33693627 0.10723833 -0.21532147
v -0.36868826 0.07583317 -0.13304263
v -0.34302199 0.10410961 0.01063456
v -0.35588634 0.1152032 0.120377
v -0.34019142 0.14701599 -0.2224139
v -0.34014693 0.10646766 -0.21388905
v -0.36459115 0.10622349 -0.14436536
v -0.35994789 0.10576668 -0.13695608
v -0.35419983 0.09436853 -0.13319141
v -0.36570519 0.04991325 -0.13299671
v -0.35283446 -0.04194693 -0.13303298
v -0.36073002 0.10442927 -0.02953129
v -0.33945206 0.10356083 0.12042304
v -0.36074033 0.11520198 0.1827843
v -0.34043992 0.1480501 0.19037665
v -0.3478092 0.14592813 -0.22074777
v -0.34386206 0.12274037 -0.21826889
v -0.34578249 0.1197528 -0.21637362
v -0.34449479 0.10868075 -0.21444798
v -0.34014693 0.10646766 -0.21388905
v -0.36329538 0.10427677 -0.13330294
v -0.3698197 -0.07125199 -0.13313268
v -0.36929601 -0.09985302 -0.13315052
v -0.40065297 -0.1473 -0.13147081
v -0.35670626 0.10492414 -0.0900882
v -0.36774656 0.11532756 0.15833074
v -0.34768495 0.15602495 -0.22939724
v -0.34548837 0.14786661 -0.22202799
v -0.34548837 0.14786661 -0.22202799
v -0.35577828 0.1412288 -0.21883895
v -0.38119435 -0.14455774 -0.13312311
v -0.36390993 0.10503041 -0.1035914
v -0.36269695 0.10398339 0.05053233
v -0.35086784 0.14908637 0.18932286
v -0.35395938 0.1525322 -0.22795367
v -0.35395938 0.1525322 -0.22795367
v -0.34873667 0.14816181 -0.22153041
v -0.34873667 0.14816181 -0.22153041
v -0.3585484 0.13458072 -0.21768896
v -0.35206565 0.13055447 -0.21759179
v -0.34694225 0.11735371 -0.21494168
v -0.36363569 0.10879473 -0.21291029
v -0.36283284 0.10546713 -0.13413763
v -0.36283284 0.10546713 -0.13413763
v -0.3758046 0.00062401 -0.13297141
v -0.37881118 -0.03041925 -0.13300553
v -0.3684864 0.10498871 -0.07382178
v -0.35963574 0.11910033 -0.2146267
v -0.38538885 0.01678255 -0.13297763
v -0.40820014 -0.1467527 -0.13299078
v -0.40820014 -0.1467527 -0.13299078
v -0.36850238 -0.1472148 -0.12685427
v -0.37621132 0.10368998 0.08738075
v -0.36274132 0.14526947 -0.2189789
v -0.36554238 0.14902553 -0.22104681
v -0.36159849 0.12329308 -0.21620961
v -0.36094081 0.11533503 -0.21376479
v -0.37078133 0.10659048 -0.2091614
v -0.36815023 0.10428244 0.01517686
v -0.38651663 0.10344148 0.10416717
v -0.36023006 0.14780971 0.1863008
v -0.35979062 0.15632148 0.19721276
v -0.36979553 0.1532484 -0.22758222
v -0.3662293 0.14347138 -0.21779257
v -0.36776221 0.13172208 -0.21670017
v -0.36459252 0.12702873 -0.21662129
v -0.37137783 0.10329567 0.11827701
v -0.38134462 0.11533937 0.17689124
v -0.36076188 0.16071394 -0.22863939
v -0.3703424 0.15900466 -0.2283023
v -0.36979553 0.1532484 -0.22758222
v -0.37994328 0.15224016 -0.22509435
v -0.36554238 0.14902553 -0.22104681
v -0.3846052 0.10702612 -0.20977966
v -0.37711802 0.11513992 0.12031814
v -0.37150156 0.156867 0.19573875
v -0.37781259 0.16075005 -0.22760355
v -0.37216136 0.14687088 -0.21826835
v -0.37352142 0.14120831 -0.21710855
v -0.37573633 0.12469125 -0.21550043
v -0.37692723 0.10724641 -0.2115836
v -0.37692723 0.10724641 -0.2115836
v -0.38079634 0.1066388 -0.15820405
v -0.40750459 0.10601906 -0.08669397
v -0.42114508 0.10342196 0.11621037
v -0.37492973 0.14874998 -0.22019072
v -0.37216136 0.14687088 -0.21826835
v -0.37462494 0.1294367 -0.21594755
v -0.38211644 0.11957302 -0.21310011
v -0.39212853 0.11501145 -0.21128385
v -0.39824682 0.10703275 -0.17771378
v -0.39462331 0.10631094 -0.13721678
v -0.3802346 0.15365684 -0.22650602
v -0.38115993 0.14726993 -0.21750617
v -0.38859072 0.1353278 -0.21610542
v -0.41241661 0.09321169 -0.13324243
v -0.39357531 -0.08741039 -0.13317086
v -0.39286104 0.10571286 -0.10156773
v -0.39436126 0.104823 -0.04017629
v -0.39247558 0.10462624 -0.00576526
v -0.38513029 0.10421757 0.04777092
v -0.39304534 0.10415527 0.07213314
v -0.40662041 0.11536792 0.17083479
v -0.37872383 0.15585485 0.19311596
v -0.37994328 0.15224016 -0.22509435
v -0.38115993 0.14726993 -0.21750617
v -0.38417438 0.1309121 -0.21566381
v -0.3898094 0.12355891 -0.21400957
v -0.39593968 0.11113471 -0.21047606
v -0.4128482 -0.05787104 -0.1330317
v -0.40413499 -0.14725864 -0.12747993
v -0.38673609 0.10503081 -0.05866991
v -0.40758279 0.11531708 0.12231199
v -0.40225694 0.16042341 -0.22570761
v -0.39071831 0.15425639 -0.22554348
v -0.39010227 0.10874423 -0.21050847
v -0.3846052 0.10702612 -0.20977966
v -0.40990537 0.06397131 -0.13306196
v -0.41390577 -0.14415708 -0.13320448
v -0.4035857 0.11537232 0.14080612
v -0.39011833 0.14824994 0.18205619
v -0.39691836 0.14768083 -0.21723956
v -0.39691836 0.14768083 -0.21723956
v -0.39421725 0.14526513 -0.21649718
v -0.41182882 0.10469864 -0.13323687
v -0.4132221 0.03418381 -0.13301881
v -0.41387609 -0.11775666 -0.13315775
v -0.41349453 0.10342121 0.1177507
v -0.38214061 0.12198275 0.18613411
v -0.39017573 0.15659559 0.19166446
v -0.39676651 0.15209642 -0.22391176
v -0.39676651 0.15209642 -0.22391176
v -0.40960521 0.1412846 -0.21500528
v -0.39839625 0.11972024 -0.21204399
v -0.4119699 -0.03084944 -0.13300113
v -0.4181031 0.1043932 0.08903217
v -0.40832016 0.13503207 -0.21477519
v -0.42482531 0.10619699 -0.13397236
v -0.42482531 0.10619699 -0.13397236
v -0.39946213 0.14859726 0.18085928
v -0.39368567 0.1530759 0.18753424
v -0.40380743 0.15585427 -0.2248881
v -0.40634498 0.12839434 -0.21338004
v -0.40856108 0.10867805 -0.20885107
v -0.42108667 0.1068335 -0.14578269
v -0.41309056 -0.07961243 -0.13317843
v -0.42593744 -0.14711903 -0.13239868
v -0.40764269 0.10533515 -0.05843905
v -0.42446923 0.10509639 -0.03998234
v -0.40588346 0.11516739 0.11999746
v -0.41858891 0.11517601 0.17503388
v -0.40303722 0.15344161 0.18621999
v -0.4156625 0.15239336 -0.22308046
v -0.4156625 0.15239336 -0.22308046
v -0.41655234 0.145364 -0.21520592
v -0.41799456 0.12335003 -0.21171544
v -0.41136172 0.11783233 -0.21048142
v -0.40623549 0.10741452 -0.20856296
v -0.42010975 0.10775794 -0.19732308
v -0.41384691 0.099469 -0.13333468
v -0.41423139 -0.00650493 -0.13296042
v -0.42141464 -0.14700219 -0.1187451
v -0.42208868 0.10607365 -0.11255183
v -0.42008156 0.1049182 0.0038719
v -0.4170045 0.10452081 0.08010856
v -0.4178116 0.14831002 -0.21669677
v -0.4178116 0.14831002 -0.21669677
v -0.42022616 0.11121129 -0.20879208
v -0.43085548 0.10615794 -0.11618333
v -0.44513676 0.106517 -0.07312841
v -0.40096095 0.14734051 0.1792499
v -0.41566867 0.14902072 0.17739794
v -0.41759703 0.15901434 -0.22443311
v -0.40856108 0.10867805 -0.20885107
v -0.42908984 -0.14678469 -0.11715548
v -0.41783434 0.10404018 0.10073995
v -0.43680331 0.11551414 0.13641219
v -0.41526905 0.16081943 -0.22453132
v -0.42527944 0.12588175 -0.21139012
v -0.4262214 0.10833904 -0.20602871
v -0.42739657 0.11526535 0.11942603
v -0.41980794 0.11542768 0.17666762
v -0.42456785 0.1535302 0.18122822
v -0.4474602 0.14181703 -0.21269111
v -0.42531183 0.12062378 -0.21064229
v -0.42686415 0.10802139 -0.20298536
v -0.44502911 0.10735396 -0.16978844
v -0.4292672 -0.08201383 -0.13289431
v -0.42872071 -0.13045697 -0.13295214
v -0.43082801 -0.14444561 -0.13279827
v -0.43119231 -0.14726359 -0.12841354
v -0.4320488 0.15294169 -0.22202933
v -0.42955965 0.14708167 -0.2144033
v -0.44524515 0.13824087 -0.21274623
v -0.42996967 0.1297192 -0.21200079
v -0.42994323 0.11554118 -0.20968319
v -0.43782958 0.11053876 -0.20765553
v -0.43782958 0.11053876 -0.20765553
v -0.43613318 0.10760935 -0.18222257
v -0.43377867 0.10454158 -0.13251065
v -0.4302099 0.09691501 -0.13289239
v -0.43196484 0.07523157 -0.1327085
v -0.42593744 -0.14711903 -0.13239868
v -0.43521649 -0.1472584 -0.13153985
v -0.43718699 0.10653242 -0.08291869
v -0.43576562 0.10545823 -0.04883254
v -0.43572921 0.11536118 0.1200568
v -0.43170696 0.11525952 0.17269813
v -0.42228907 0.14796548 0.17465773
v -0.43063879 0.15154696 0.17687078
v -0.41731057 0.11579417 0.17790757
v -0.4320488 0.15294169 -0.22202933
v -0.42955965 0.14708167 -0.2144033
v -0.43208846 0.13446915 -0.21318689
v -0.4323962 0.12156066 -0.2104235
v -0.43462908 0.10705781 -0.15168816
v -0.4359858 0.10614307 -0.13352393
v -0.42772171 0.04194862 -0.13270494
v -0.42926452 -0.01688146 -0.1326353
v -0.43771613 0.10502443 0.09552522
v -0.43073994 0.10362062 0.11779414
v -0.43152931 0.14893129 0.17344709
v -0.43580106 0.16083194 -0.22287349
v -0.43446761 0.127214 -0.21068986
v -0.43399233 0.10848117 -0.20243751
v -0.44537666 0.10701812 -0.13800497
v -0.43905902 0.01795379 -0.13238771
v -0.43947923 -0.0447008 -0.13240644
v -0.44007951 -0.14672571 -0.13242756
v -0.44007951 -0.14672571 -0.13242756
v -0.44074365 -0.14759076 -0.11845835
v -0.44514146 0.10670561 -0.11280885
v -0.43573949 0.10530159 -0.03297709
v -0.43702954 0.10534884 -0.01257263
v -0.43630084 0.10403828 0.11609869
v -0.43257871 0.11584277 0.17398663
v -0.43889603 0.15358315 0.17793679
v -0.43889603 0.15358315 0.17793679
v -0.44641316 0.15847604 -0.22175707
v -0.4415246 0.15187454 -0.21980101
v -0.44355115 0.14742146 -0.21403065
v -0.44355115 0.14742146 -0.21403065
v -0.44740388 0.14515401 -0.21309425
v -0.44258285 0.13030526 -0.21172816
v -0.43892381 0.11154752 -0.20851262
v -0.44508651 0.10717925 -0.1624326
v -0.4359858 0.10614307 -0.13352393
v -0.43963581 0.09941874 -0.13223502
v -0.44083008 0.06605435 -0.13243072
v -0.43996724 0.04730423 -0.13233209
v -0.44023654 -0.0196245 -0.1323678
v -0.44110388 -0.08578686 -0.13269365
v -0.43973309 -0.10794334 -0.13264242
v -0.43999746 -0.12866057 -0.1327415
v -0.44065249 -0.14447092 -0.13245501
v -0.44466567 -0.14705253 -0.11634221
v -0.43720222 0.10618313 -0.11829289
v -0.44527638 0.1066438 -0.09590174
v -0.441585 0.10536826 0.08257487
v -0.44829032 0.11538433 0.16142301
v -0.43651903 0.14777629 0.17093876
v -0.43463001 0.11563429 0.17274578
v -0.44138244 0.15420099 -0.22130209
v -0.4415246 0.15187454 -0.21980101
v -0.44834638 0.12844864 -0.21002232
v -0.4467611 0.126615 -0.20940557
v -0.44637513 0.1149312 -0.20960341
v -0.44387215 0.11027218 -0.20231812
v -0.43854803 0.1086484 -0.19829495
v -0.44472954 0.10807823 -0.18202496
v -0.4449282 0.10775287 -0.1779331
v -0.43911311 0.10602667 -0.13186187
v -0.43911311 0.10602667 -0.13186187
v -0.44131905 -0.14788358 -0.12836088
v -0.44538093 0.10523661 -0.04553665
v -0.4453696 0.10520688 0.01750651
v -0.44502717 0.10516023 0.04525882
v -0.4412826 0.1053227 0.0990363
v -0.44237271 0.10516956 0.10840991
v -0.44035217 0.10469294 0.11529174
v -0.44548717 0.11521973 0.16828202
v -0.4411315 0.15078329 0.17341201
v -0.45497963 0.13414998 -0.212135
v -0.44803238 0.11207926 -0.20888136
v -0.44803238 0.11207926 -0.20888136
v -0.44714978 0.11107096 -0.20654531
v -0.45011845 0.11069548 -0.19618848
v -0.44757196 0.10881164 -0.18426731
v -0.44448975 0.10584585 -0.13147494
v -0.44657061 -0.1161548 -0.1322318
v -0.4471963 -0.1326042 -0.1321671
v -0.44722638 -0.14407785 -0.13170807
v -0.44543132 -0.14779426 -0.13096786
v -0.44742644 0.10611732 -0.11865035
v -0.44787025 0.10533863 -0.01657231
v -0.44519088 0.10587481 0.09209579
v -0.44526663 0.10703999 0.10378055
v -0.44526517 0.10764939 0.10817915
v -0.44306755 0.10539967 0.1126461
v -0.44533679 0.10876183 0.11216156
v -0.44306755 0.10539967 0.1126461
v -0.44973719 0.1153475 0.13437304
v -0.44611573 0.14857522 0.16959852
v -0.44455877 0.11586384 0.17031471
v -0.44665301 0.15330209 0.17623261
v -0.46218213 0.1604003 -0.2211335
v -0.45017588 0.15554096 -0.22083697
v -0.44858152 0.10779803 -0.181908
v -0.44767955 0.10722152 -0.17885982
v -0.44763136 0.10663319 -0.16252619
v -0.447905 0.10649014 -0.1390046
v -0.44761744 0.10590568 -0.13382854
v -0.44761744 0.10590568 -0.13382854
v -0.44694203 0.10402333 -0.13178712
v -0.44598839 0.08524914 -0.13209119
v -0.44792342 0.08040924 -0.13370621
v -0.44781113 0.05757075 -0.13364302
v -0.44666722 0.03116044 -0.13212067
v -0.44648078 0.00349505 -0.13218975
v -0.4466331 -0.04030599 -0.13209613
v -0.44613203 -0.07055924 -0.1323555
v -0.44654262 -0.09158285 -0.1324124
v -0.44657061 -0.1161548 -0.1322318
v -0.44736105 -0.14676321 -0.13177015
v -0.44668385 -0.15011059 -0.12982188
v -0.44668385 -0.15011059 -0.12982188
v -0.44802448 0.10618857 -0.10598506
v -0.44798392 0.10602175 -0.07229348
v -0.44790283 0.10519965 -0.0506218
v -0.44784155 0.10505247 0.03837157
v -0.44807202 0.1055949 0.08504201
v -0.44843966 0.10624608 0.09806257
v -0.44838819 0.10741358 0.10743902
v -0.44847345 0.10875352 0.11210969
v -0.45041746 0.11512153 0.12242011
v -0.45467594 0.15341398 0.17453338
v -0.44801793 0.11557461 0.16872047
v -0.45076469 0.11006824 -0.18523213
v -0.45343837 0.11012392 -0.18306519
v -0.45343837 0.11012392 -0.18306519
v -0.44858152 0.10779803 -0.181908
v -0.45143545 0.10706156 -0.1823017
v -0.44910517 0.1047422 -0.18157285
v -0.44886178 0.09770528 -0.18176845
v -0.4515503 0.10005663 -0.18234099
v -0.45188963 0.08700651 -0.18203929
v -0.44917223 0.04581364 -0.18138434
v -0.45199397 -0.0056469 -0.18151328
v -0.44918039 0.00031149 -0.1811972
v -0.45192811 -0.04399493 -0.18145736
v -0.44899845 -0.0628522 -0.18121696
v -0.45155486 -0.11461764 -0.18154655
v -0.44867092 -0.12451322 -0.18117867
v -0.45097709 -0.15134956 -0.18165509
v -0.44851691 -0.15414076 -0.18131033
v -0.44945556 -0.16283546 -0.18106392
v -0.45290235 -0.16317573 -0.18147314
v -0.45290235 -0.16317573 -0.18147314
v -0.45123571 -0.16307528 -0.17242573
v -0.4516623 -0.16268218 -0.12179103
v -0.44863334 -0.16233557 -0.10614984
v -0.45058081 -0.16263552 -0.0998903
v -0.45044211 -0.16270764 0.10326368
v -0.45235276 0.11519645 0.13119107
v -0.47628269 0.15236421 -0.21817949
v -0.47628269 0.15236421 -0.21817949
v -0.47069389 0.13093491 -0.21070714
v -0.45757371 0.11171275 -0.20666789
v -0.45924094 0.11119466 -0.1849148
v -0.46318954 0.11170962 -0.1902003
v -0.45742929 0.10681421 -0.18282238
v -0.4577156 0.09875116 -0.18242911
v -0.46054092 -0.0195576 -0.18169267
v -0.46363229 -0.0735786 -0.18180238
v -0.46083528 -0.13475858 -0.18171245
v -0.46373159 -0.16285467 -0.140393
v -0.45903859 -0.16262904 -0.09196877
v -0.45845774 -0.16271184 -0.0486792
v -0.45776933 -0.16259545 -0.01095369
v -0.4582136 -0.16269284 0.06479534
v -0.46287376 -0.16251981 0.08667316
v -0.45049337 -0.16266873 0.12694119
v -0.45879111 0.11512213 0.16473708
v -0.46246952 0.14875419 0.1670596
v -0.44962025 0.14719726 0.16764955
v -0.45725837 0.15040851 0.16980718
v -0.45467594 0.15341398 0.17453338
v -0.46856186 0.14807616 -0.21372633
v -0.46856186 0.14807616 -0.21372633
v -0.47082734 0.14539732 -0.21252573
v -0.46685621 0.12654339 -0.20856628
v -0.46304551 0.10984687 -0.18332776
v -0.46304551 0.10984687 -0.18332776
v -0.46459994 0.10733029 -0.18297115
v -0.46431494 0.09364901 -0.18210518
v -0.46368366 -0.15442093 -0.18170407
v -0.46373546 -0.16270021 -0.18157041
v -0.46299163 -0.16298454 -0.17843741
v -0.46394646 -0.16242249 -0.11476477
v -0.46307689 -0.16242006 -0.10830301
v -0.46673414 -0.16303563 0.11345667
v -0.47127438 0.11511014 0.13466628
v -0.47171006 0.11509214 0.15285482
v -0.45998177 0.11568812 0.16611327
v -0.46172225 0.15281369 0.17252403
v -0.47735664 0.13898079 -0.21191366
v -0.46780163 0.12869722 -0.209315
v -0.46514297 0.1114687 -0.18458694
v -0.46395755 -0.02769281 -0.18166302
v -0.46373546 -0.16270021 -0.18157041
v -0.46409482 -0.16246195 -0.02434006
v -0.4642342 -0.16246016 0.00387152
v -0.46589535 -0.16258693 0.07109971
v -0.46998858 0.11492083 0.13167465
v -0.47052729 0.11497349 0.16171789
v -0.46322736 0.11534882 0.16463897
v -0.47984853 0.14208063 -0.21195984
v -0.48902893 0.11400824 -0.20859213
v -0.48902893 0.11400824 -0.20859213
v -0.46674255 0.11151341 -0.18300191
v -0.46674255 0.11151341 -0.18300191
v -0.46633285 0.10722573 -0.18288909
v -0.46644723 0.10097212 -0.18174216
v -0.46584931 0.04121111 -0.18161853
v -0.46551517 -0.03248536 -0.18122515
v -0.4649449 -0.10645864 -0.18131198
v -0.46483469 -0.15710856 -0.1814263
v -0.46442401 -0.16264555 -0.17891471
v -0.46504146 -0.08618184 -0.14801194
v -0.46484265 -0.09936617 -0.13218561
v -0.46502838 -0.08302563 -0.11885702
v -0.46463653 -0.11604927 -0.1207196
v -0.46440458 -0.14340729 -0.11420788
v -0.46417364 -0.16010611 -0.12395104
v -0.4657585 0.00701219 -0.11915088
v -0.46583998 0.00333563 -0.14750716
v -0.46554583 -0.04182753 -0.1137968
v -0.46599656 0.02852932 -0.11866859
v -0.46584654 0.00309091 -0.11330475
v -0.46514302 -0.08211823 -0.11298351
v -0.46394646 -0.16242249 -0.11476477
v -0.46571594 0.00850194 -0.10841413
v -0.4655019 -0.02860921 -0.10887396
v -0.46506768 -0.07618569 -0.10838326
v -0.46434736 -0.13262451 -0.10871352
v -0.46375993 -0.16202259 -0.10787295
v -0.46375993 -0.16202259 -0.10787295
v -0.46626213 0.05311177 -0.10128425
v -0.4661628 0.03216984 -0.07987438
v -0.46524996 -0.06909134 -0.0751812
v -0.46475595 -0.10073356 -0.08287644
v -0.46376339 -0.16188984 -0.09092879
v -0.4655717 -0.0382476 -0.07823896
v -0.46442372 -0.13151506 -0.0668727
v -0.4651714 -0.08579421 -0.06016003
v -0.46479622 -0.12086507 -0.04385082
v -0.46536481 -0.09649807 -0.02303326
v -0.4656533 -0.07069074 -0.03159937
v -0.46491545 -0.13530657 -0.01333156
v -0.46668166 -0.16228807 0.08449414
v -0.46908063 -0.16254418 0.09537231
v -0.47014719 -0.16292477 0.13001262
v -0.47108454 0.15281191 0.17078282
v -0.47887886 0.16112207 -0.22004338
v -0.4754324 0.15903227 -0.22013706
v -0.47838059 0.13438535 -0.21138492
v -0.48569834 0.11338843 -0.20668571
v -0.47157302 0.11234061 -0.19072908
v -0.4694761 0.11244147 -0.18111752
v -0.46674255 0.11151341 -0.18300191
v -0.46633285 0.10722573 -0.18288909
v -0.46684819 0.10855734 -0.17890313
v -0.46704444 0.11174247 -0.17648982
v -0.46704444 0.11174247 -0.17648982
v -0.46644723 0.10097212 -0.18174216
v -0.46661517 0.09078721 -0.17979276
v -0.46630749 0.04990113 -0.17949739
v -0.46584931 0.04121111 -0.18161853
v -0.46595705 -0.03245993 -0.17918488
v -0.46551517 -0.03248536 -0.18122515
v -0.46524376 -0.10176364 -0.17926247
v -0.4649449 -0.10645864 -0.18131198
v -0.4651207 -0.1459422 -0.17939444
v -0.46483469 -0.15710856 -0.1814263
v -0.46502656 -0.15924378 -0.17925373
v -0.46373546 -0.16270021 -0.18157041
v -0.46442401 -0.16264555 -0.17891471
v -0.46723166 0.11249226 -0.17207167
v -0.46673346 0.08818629 -0.17108904
v -0.46665698 0.06994839 -0.17463581
v -0.46638793 0.05075913 -0.17376439
v -0.46621507 0.00779027 -0.17521457
v -0.4659785 -0.03103713 -0.17362469
v -0.4651204 -0.10196833 -0.16545801
v -0.4643158 -0.16247541 -0.15866607
v -0.46723166 0.11249226 -0.17207167
v -0.46692532 0.11239287 -0.15999162
v -0.46648505 0.08522649 -0.14590067
v -0.46373159 -0.16285467 -0.140393
v -0.46883431 0.11304091 -0.15685511
v -0.46692532 0.11239287 -0.15999162
v -0.46671951 0.10146022 -0.14024784
v -0.46677327 0.11009169 -0.14011453
v -0.46625444 0.05912488 -0.13818064
v -0.46702892 0.1125057 -0.11268735
v -0.46702892 0.1125057 -0.11268735
v -0.46917272 0.11352665 -0.11385665
v -0.46705303 0.10535453 -0.10878121
v -0.46651715 0.0869794 -0.10753208
v -0.4670794 0.1046641 -0.08272877
v -0.46645096 0.0610836 -0.07979076
v -0.46711311 0.11231589 -0.07794272
v -0.46908316 0.11345664 -0.07477469
v -0.46609324 0.00797186 -0.06173472
v -0.46711311 0.11231589 -0.07794272
v -0.46697587 0.08453874 -0.03815445
v -0.46589234 -0.02312234 -0.05712313
v -0.4673413 0.1067078 -0.05582369
v -0.46746123 0.11283038 -0.05043405
v -0.46746123 0.11283038 -0.05043405
v -0.46409482 -0.16246195 -0.02434006
v -0.46666318 0.05853524 -0.04410972
v -0.4692449 0.11433301 -0.04327456
v -0.46593437 -0.04231394 -0.03126916
v -0.4665494 0.02707056 -0.02089849
v -0.46927908 0.11427145 -0.01923
v -0.46638969 -0.01216026 -0.00842334
v -0.46759236 0.11298828 -0.00549133
v -0.46759236 0.11298828 -0.00549133
v -0.46747443 0.10416692 -0.00612917
v -0.4670788 0.07378138 -0.00483281
v -0.46600458 -0.05535693 -0.00792359
v -0.46574521 -0.09658463 0.00598181
v -0.46487886 -0.16009411 0.01235768
v -0.46715048 0.05685622 0.01714582
v -0.46682698 0.02524278 0.00923087
v -0.46649361 -0.03662683 0.01518758
v -0.46629065 -0.07167894 0.02221901
v -0.46931186 0.1144108 0.00740546
v -0.46803322 0.1128373 0.04637773
v -0.46674031 -0.00393764 0.01597901
v -0.4652231 -0.13375035 0.00169361
v -0.46544111 -0.16221124 0.03792705
v -0.46544111 -0.16221124 0.03792705
v -0.46803322 0.1128373 0.04637773
v -0.46780512 0.10073147 0.05861243
v -0.46753019 0.08365433 0.0328588
v -0.46952924 0.11425805 0.04822009
v -0.46802962 0.10534616 0.07029611
v -0.46689314 -0.03499042 0.0409019
v -0.46623427 -0.12898266 0.03966377
v -0.46591172 -0.16007116 0.04643205
v -0.46714935 0.00667911 0.04199389
v -0.46678892 -0.10725264 0.06237527
v -0.46742803 0.0500864 0.04910092
v -0.466764 -0.13672861 0.06243201
v -0.46696228 -0.05197846 0.05546079
v -0.46644595 -0.15987423 0.06910075
v -0.46749017 0.03596517 0.07004554
v -0.46718365 -0.05018756 0.06720671
v -0.46761215 0.06208687 0.06737521
v -0.46668166 -0.16228807 0.08449414
v -0.4681344 0.11293679 0.07043729
v -0.4681344 0.11293679 0.07043729
v -0.4673903 -0.00528768 0.06935887
v -0.46720085 -0.08065449 0.07075009
v -0.46711686 -0.13895741 0.07286429
v -0.469585 0.11412158 0.0809572
v -0.469585 0.11412158 0.0809572
v -0.46853936 0.11301456 0.08094261
v -0.46849653 0.09898645 0.08415824
v -0.46805909 0.08632668 0.08095233
v -0.4677507 0.03066221 0.08092625
v -0.4675796 -0.03673885 0.08094553
v -0.46751598 -0.11494537 0.08094338
v -0.46720859 -0.1597711 0.08463458
v -0.46885723 0.10688912 0.08339579
v -0.46750131 -0.1453629 0.08383556
v -0.46929166 0.11091207 0.08648519
v -0.46826985 0.08755641 0.0842422
v -0.46822026 0.06686185 0.08414072
v -0.46811819 0.0117121 0.08471244
v -0.46822181 -0.03393735 0.08589519
v -0.46809873 -0.07513594 0.08604611
v -0.46789873 -0.11729198 0.08485019
v -0.46818686 -0.13470346 0.08642825
v -0.46753457 -0.16205068 0.08686392
v -0.46872923 -0.11187658 0.08774985
v -0.46876401 -0.15147305 0.08823285
v -0.46753457 -0.16205068 0.08686392
v -0.48479488 0.1528274 -0.21779887
v -0.49067485 0.12889013 -0.20959619
v -0.48095131 0.12638521 -0.20870261
v -0.47584334 0.112725 -0.18644603
v -0.47153124 0.11303927 -0.17649734
v -0.4772543 0.11399859 -0.15461905
v -0.47443789 0.11394539 -0.14911358
v -0.47478676 0.11441733 -0.11789955
v -0.47501457 0.11457602 -0.07896831
v -0.47481915 0.11503716 -0.06265843
v -0.47468024 0.11562543 -0.04234951
v -0.47471121 0.11561009 -0.00909958
v -0.47471195 0.11586881 0.0152444
v -0.47474629 0.11580093 0.04803788
v -0.4747256 0.11565065 0.07639669
v -0.46985465 0.11439627 0.08558623
v -0.46985465 0.11439627 0.08558623
v -0.47374263 0.11590359 0.09060913
v -0.4697566 0.10403726 0.08855921
v -0.46931785 0.08464697 0.08735963
v -0.46919399 0.01453741 0.08770283
v -0.46893656 -0.0467422 0.08778422
v -0.46974105 0.08119806 0.09094372
v -0.469688 0.01102364 0.09091257
v -0.46953711 -0.04670295 0.09096017
v -0.46947658 -0.10156766 0.09127786
v -0.46952984 -0.13821244 0.09089341
v -0.46939215 -0.15932873 0.09200231
v -0.47029179 0.11058 0.10455719
v -0.47313488 0.11574726 0.09862403
v -0.46987817 0.08893809 0.09656239
v -0.4698559 0.00742139 0.09624608
v -0.46908063 -0.16254418 0.09537231
v -0.47054663 0.11405005 0.10675886
v -0.47054663 0.11405005 0.10675886
v -0.47014827 0.03175995 0.10328311
v -0.4699682 -0.06149243 0.10076627
v -0.47008061 -0.10638306 0.10468449
v -0.47037703 -0.13942477 0.11160673
v -0.4703784 0.09332449 0.1101168
v -0.47029734 -0.16231741 0.11511458
v -0.47038147 -0.02927484 0.11006163
v -0.47047925 -0.10106125 0.11640248
v -0.47297707 0.11555129 0.1208588
v -0.47056523 0.00752773 0.11606104
v -0.47066525 0.10369175 0.1284496
v -0.47029734 -0.16231741 0.11511458
v -0.47060966 0.11479041 0.12774716
v -0.47042993 0.11222681 0.12751301
v -0.47060966 0.11479041 0.12774716
v -0.47079504 0.07361778 0.12867008
v -0.47082186 -0.03129324 0.12856713
v -0.47073931 -0.15474679 0.1287636
v -0.47081545 -0.16213889 0.12999812
v -0.47014719 -0.16292477 0.13001262
v -0.47507134 0.11558717 0.12563258
v -0.47067058 -0.10845469 0.12862557
v -0.47011465 0.11212818 0.13048874
v -0.46998858 0.11492083 0.13167465
v -0.47052661 0.07957838 0.13070673
v -0.47050762 -0.05002922 0.1306732
v -0.47051799 -0.14711645 0.13053334
v -0.48075822 0.11515456 0.14224824
v -0.47652024 0.11578069 0.16230303
v -0.47764868 0.14959182 0.16580164
v -0.49396476 0.14656055 -0.21267557
v -0.48627308 0.13063693 -0.21042007
v -0.48504835 0.11308479 -0.19303203
v -0.48224691 0.11325501 -0.17743282
v -0.48041421 0.11502536 -0.0820588
v -0.48051432 0.11586773 -0.04792473
v -0.48043925 0.11585318 -0.01699918
v -0.48044616 0.11615669 0.01599244
v -0.48041716 0.11608522 0.04553908
v -0.48050717 0.11582124 0.06935559
v -0.4828535 0.11681221 0.09543696
v -0.48299006 0.11638924 0.11762743
v -0.47967711 0.11514853 0.15859321
v -0.4814781 0.11564606 0.16011962
v -0.48002425 0.15196504 0.1682609
v -0.49516428 0.15818723 -0.21800531
v -0.4882513 0.15056346 -0.21584548
v -0.4882513 0.15056346 -0.21584548
v -0.49523652 0.14901482 -0.21384399
v -0.49523652 0.14901482 -0.21384399
v -0.48310137 0.11373451 -0.1701394
v -0.48293212 0.11627676 -0.11072065
v -0.48281944 0.11679104 -0.06481282
v -0.48285785 0.11707513 -0.00038555
v -0.48284414 0.11703968 0.04566013
v -0.48292336 0.11659998 0.08081216
v -0.48301408 0.11563677 0.1363093
v -0.48354098 0.11550017 0.15174156
v -0.48387867 0.11580304 0.15731744
v -0.48199457 0.14856505 0.16378173
v -0.492403 0.15486911 -0.21758685
v -0.4934704 0.13979566 -0.21216723
v -0.49253315 0.13372366 -0.21122818
v -0.49015006 0.12600294 -0.20900737
v -0.49030399 0.12004317 -0.20910352
v -0.48610815 0.11354155 -0.1865501
v -0.48455426 0.11381535 -0.17461528
v -0.48455253 0.11488956 -0.17115852
v -0.48455426 0.11381535 -0.17461528
v -0.48310137 0.11373451 -0.1701394
v -0.48533896 0.12212151 -0.17126936
v -0.48458514 0.11933213 -0.16783352
v -0.48470518 0.12394972 -0.16106513
v -0.48353162 0.1153507 -0.15855506
v -0.48403665 0.11814741 -0.15362491
v -0.48591584 0.12630174 -0.17087421
v -0.48517215 0.12661472 -0.15544242
v -0.48242924 0.11452581 -0.14991829
v -0.48430943 0.12420418 -0.13388632
v -0.48481908 0.12714034 -0.13176724
v -0.48303288 0.1157136 -0.13443863
v -0.48236296 0.11480212 -0.13589667
v -0.4834359 0.11860017 -0.11012288
v -0.48439211 0.12802368 -0.10922454
v -0.48293212 0.11627676 -0.11072065
v -0.48436147 0.12812674 -0.07421417
v -0.48336291 0.11892446 -0.06041782
v -0.48281944 0.11679104 -0.06481282
v -0.48464718 0.12754497 -0.05344139
v -0.48285785 0.11707513 -0.00038555
v -0.48463285 0.12761122 -0.02502084
v -0.48437199 0.12530532 0.00215928
v -0.4834871 0.11950808 0.03332184
v -0.48493692 0.12756567 0.00389309
v -0.48507416 0.12740259 0.05036328
v -0.48445085 0.12514205 0.0547441
v -0.48284414 0.11703968 0.04566013
v -0.48354742 0.11855908 0.07110204
v -0.4846755 0.12708034 0.06985736
v -0.48292336 0.11659998 0.08081216
v -0.48359558 0.11883751 0.09643035
v -0.4850691 0.12568581 0.12317701
v -0.48496562 0.12717952 0.09222021
v -0.4828535 0.11681221 0.09543696
v -0.48299006 0.11638924 0.11762743
v -0.48374596 0.11793485 0.1307929
v -0.48469925 0.12388434 0.1324861
v -0.48301408 0.11563677 0.1363093
v -0.48481888 0.12329445 0.14258344
v -0.48450762 0.11760765 0.15162148
v -0.48354098 0.11550017 0.15174156
v -0.48481479 0.12293516 0.15569296
v -0.48502207 0.12438483 0.15041134
v -0.4843359 0.11592023 0.15392004
v -0.48521355 0.1249371 0.15698168
v -0.4843359 0.11592023 0.15392004
v -0.4836202 0.12601085 0.15810058
v -0.48667783 0.12551567 0.15599212
v -0.48794028 0.12698819 0.15852524
v -0.48442364 0.12193885 0.15795568
v -0.4814781 0.11564606 0.16011962
v -0.49512869 0.14967079 0.16277647
v -0.49861133 0.16118181 -0.21761364
v -0.49070051 0.11568627 -0.20869191
v -0.48935127 0.11390053 -0.20608936
v -0.48760769 0.12809443 -0.18704051
v -0.48777011 0.12615708 -0.19148496
v -0.48677453 0.11785579 -0.1834626
v -0.4872559 0.12915997 -0.17460282
v -0.48673478 0.11503729 -0.18481506
v -0.48610815 0.11354155 -0.1865501
v -0.48978648 0.13264614 -0.16855192
v -0.48695314 0.12991036 -0.15530762
v -0.48879752 0.13304242 -0.14372639
v -0.48646438 0.13032612 -0.12650701
v -0.48856577 0.13355418 -0.11933611
v -0.4890202 0.13378853 -0.09017398
v -0.4882848 0.13320091 -0.05601658
v -0.48669434 0.13101748 -0.01541234
v -0.48835778 0.1334929 -0.01015323
v -0.48658657 0.13013564 0.01661812
v -0.4885262 0.13311066 0.01108935
v -0.48845398 0.13306192 0.04329566
v -0.48720819 0.13118771 0.05437642
v -0.48847708 0.13352554 0.08303676
v -0.48683512 0.13070844 0.08955202
v -0.48899519 0.13294153 0.11772919
v -0.48688972 0.12942567 0.11962011
v -0.48853272 0.13061802 0.13321789
v -0.48730573 0.1283156 0.13299444
v -0.48821968 0.1278774 0.14343217
v -0.48649669 0.12564372 0.14960845
v -0.48867097 0.12745002 0.14929315
v -0.48976299 0.12712978 0.15599632
v -0.48984075 0.127662 0.15920775
v -0.49212125 0.15228926 0.16682893
v -0.4982979 0.15291022 -0.21662994
v -0.49782103 0.15074795 -0.21604888
v -0.49782103 0.15074795 -0.21604888
v -0.49253315 0.13372366 -0.21122818
v -0.49067485 0.12889013 -0.20959619
v -0.49188367 0.12990496 -0.20759287
v -0.49030399 0.12004317 -0.20910352
v -0.49070051 0.11568627 -0.20869191
v -0.4903115 0.1269165 -0.20661388
v -0.49015006 0.12600294 -0.20900737
v -0.48935127 0.11390053 -0.20608936
v -0.48902893 0.11400824 -0.20859213
v -0.49026164 0.12880144 -0.2011551
v -0.48863998 0.12617458 -0.1985435
v -0.49157175 0.13351604 -0.17874415
v -0.48964232 0.12966135 -0.19109634
v -0.49088565 0.13543312 -0.16282402
v -0.49177474 0.13700154 -0.16926162
v -0.49439913 0.14907803 -0.16696048
v -0.49200809 0.14765334 -0.16554804
v -0.49172148 0.14783613 -0.14272508
v -0.49135298 0.13970603 -0.13848503
v -0.49016044 0.1360507 -0.14056079
v -0.49217963 0.14126176 -0.16521062
v -0.48990881 0.13615516 -0.11926281
v -0.49170366 0.1478809 -0.11917785
v -0.49170366 0.1478809 -0.11917785
v -0.49182716 0.14763036 -0.09698211
v -0.49769291 0.1515464 -0.11731904
v -0.49024627 0.13615136 -0.08694799
v -0.4914338 0.13948093 -0.08199635
v -0.49182716 0.14763036 -0.09698211
v -0.49199376 0.14755589 -0.05318059
v -0.49767554 0.15145198 -0.08514807
v -0.49199376 0.14755589 -0.05318059
v -0.48981839 0.13609669 -0.04991337
v -0.4913491 0.13990989 -0.05291018
v -0.49200505 0.14665681 -0.02470261
v -0.48969573 0.13592404 -0.00831335
v -0.49124426 0.14000633 -0.00381924
v -0.49200085 0.14756446 0.00760163
v -0.4913533 0.13879156 0.02911393
v -0.49199134 0.14713679 0.01792152
v -0.49126232 0.13832381 0.03994303
v -0.49197671 0.14680156 0.02726595
v -0.49204418 0.14784862 0.03177498
v -0.49463165 0.14956692 0.02803977
v -0.49469903 0.14963992 0.04646355
v -0.49139479 0.14014922 0.06520159
v -0.48985928 0.13601294 0.06120427
v -0.49151504 0.14023636 0.08796885
v -0.49212748 0.14832658 0.08458901
v -0.48997736 0.13604519 0.09538244
v -0.49215552 0.14643174 0.09464446
v -0.49154839 0.1381914 0.11401819
v -0.49174735 0.13708104 0.14288421
v -0.49157709 0.13421078 0.15360829
v -0.49077818 0.12942365 0.15600601
v -0.49089944 0.12972657 0.15883158
v -0.4927603 0.13893948 0.16092871
v -0.49841714 0.15166044 0.16538621
v -0.49802586 0.15018865 -0.21339503
v -0.4960818 0.14886174 -0.21048118
v -0.49523652 0.14901482 -0.21384399
v -0.49396476 0.14656055 -0.21267557
v -0.49446172 0.14625171 -0.21075045
v -0.4960818 0.14886174 -0.21048118
v -0.4934704 0.13979566 -0.21216723
v -0.49397367 0.13761136 -0.21015303
v -0.49442154 0.14648749 -0.20577659
v -0.49420536 0.13958135 -0.20656255
v -0.49355829 0.1350539 -0.20532985
v -0.49571162 0.14888866 -0.19726285
v -0.49571162 0.14888866 -0.19726285
v -0.49816754 0.15058354 -0.19457605
v -0.49328896 0.1393898 -0.19318521
v -0.49298608 0.14605546 -0.18897383
v -0.49783421 0.15099995 -0.17622574
v -0.49764204 0.15132003 -0.14351884
v -0.49758816 0.15148039 -0.04277069
v -0.49489403 0.14952023 -0.02762357
v -0.49489403 0.14952023 -0.02762357
v -0.49757555 0.15162194 0.006966
v -0.49200085 0.14756446 0.00760163
v -0.49447322 0.14949289 0.01341836
v -0.49447322 0.14949289 0.01341836
v -0.49463165 0.14956692 0.02803977
v -0.49751103 0.15169621 0.05337543
v -0.49469903 0.14963992 0.04646355
v -0.49444652 0.14973219 0.06007732
v -0.4919447 0.14836483 0.06673538
v -0.49766514 0.15213773 0.0726459
v -0.49212748 0.14832658 0.08458901
v -0.49469867 0.15000197 0.08804312
v -0.49469867 0.15000197 0.08804312
v -0.49480397 0.15006112 0.09627119
v -0.49480397 0.15006112 0.09627119
v -0.49775991 0.15202025 0.13013615
v -0.49506119 0.15019135 0.12068255
v -0.49506119 0.15019135 0.12068255
v -0.49253082 0.14665096 0.11793053
v -0.4933084 0.14676492 0.14422636
v -0.49255642 0.13980137 0.14550528
v -0.49589631 0.14989431 0.1595822
v -0.49775991 0.15202025 0.13013615
v -0.49775991 0.15202025 0.13013615
v -0.49589631 0.14989431 0.1595822
v -0.498467 0.15122534 0.16322339
v -0.49403951 0.14699496 0.16150579
v -0.49314031 0.13945942 0.159327
v -0.49512869 0.14967079 0.16277647
v -0.49924302 0.16175269 -0.21312533
v -0.49861133 0.16118181 -0.21761364
v -0.49999428 0.15845378 -0.2143026
v -0.49999428 0.15845378 -0.2143026
v -0.49932098 0.15362638 -0.21430607
v -0.49932098 0.15362638 -0.21430607
v -0.49932098 0.15362638 -0.21430607
v -0.49921912 0.15357214 -0.19670695
v -0.49921912 0.15357214 -0.19670695
v -0.49994963 0.1591678 -0.17783785
v -0.49916929 0.1616749 -0.15761822
v -0.49879244 0.15417552 -0.16597252
v -0.49879244 0.15417552 -0.16597252
v -0.49983883 0.15935829 -0.13319212
v -0.498685 0.15448228 -0.12979589
v -0.498685 0.15448228 -0.12979589
v -0.49872911 0.15454386 -0.07801148
v -0.49872911 0.15454386 -0.07801148
v -0.49914342 0.16171637 -0.05940461
v -0.49970701 0.15943582 -0.04879459
v -0.49865264 0.15457238 -0.04653779
v -0.49865264 0.15457238 -0.04653779
v -0.49914634 0.1616919 0.02770736
v -0.4997347 0.1594646 0.00976183
v -0.49858359 0.15469673 0.01139069
v -0.49858359 0.15469673 0.01139069
v -0.49865788 0.15490299 0.0625287
v -0.49865788 0.15490299 0.0625287
v -0.49858359 0.15469673 0.01139069
v -0.49751103 0.15169621 0.05337543
v -0.49976826 0.15934663 0.07819773
v -0.49916613 0.16171697 0.09015822
v -0.49766514 0.15213773 0.0726459
v -0.49884385 0.15496311 0.10927558
v -0.49884385 0.15496311 0.10927558
v -0.50007558 0.15940648 0.13235801
v -0.49891913 0.15504928 0.13460562
v -0.49891913 0.15504928 0.13460562
v -0.50007558 0.15940648 0.13235801
v -0.49944335 0.16163 0.1619458
v -0.50027621 0.15873559 0.1635842
v -0.49943554 0.15400328 0.16375437
v -0.49943554 0.15400328 0.16375437
v -0.50027621 0.15873559 0.1635842
v -0.50027621 0.15873559 0.1635842
v -0.49943554 0.15400328 0.16375437
vt 0.92294 0.31735
vt 0.9225 0.31937
vt 0.9246 0.31851
vt 0.92494 0.31739
vt 0.24827 0.00286
vt 0.24737 0.00491
vt 0.2464 0.00242
vt 0.92841 0.31813
vt 0.92372 0.32266
vt 0.92663 0.32095
vt 0.92863 0.32045
vt 0.92216 0.33941
vt 0.22749 0.00221
vt 0.92844 0.34815
vt 0.22591 0.00393
vt 0.92332 0.34844
vt 0.92616 0.34761
vt 0.92609 0.36472
vt 0.92838 0.36621
vt 0.92212 0.38916
vt 0.20008 0.00378
vt 0.18057 0.00183
vt 0.92335 0.39264
vt 0.92619 0.39042
vt 0.92825 0.39036
vt 0.1531 0.00338
vt 0.92826 0.40797
vt 0.9234 0.40828
vt 0.9262 0.40962
vt 0.92359 0.4423
vt 0.9264 0.44183
vt 0.92826 0.42737
vt 0.92245 0.44669
vt 0.12647 0.00146
vt 0.92855 0.44423
vt 0.07 0.0027
vt 0.92368 0.47848
vt 0.92645 0.47388
vt 0.9285 0.47465
vt 0.9225 0.51572
vt 0.06141 0.00085
vt 0.92672 0.50236
vt 0.92875 0.49673
vt 0.92376 0.50909
vt 0.92876 0.5086
vt 0.9266 0.51262
vt 0.92394 0.53033
vt 0.92723 0.52668
vt 0.03136 0.0031
vt 0.92716 0.53771
vt 0.92913 0.53963
vt 0.92268 0.54047
vt 0.03824 0.00046
vt 0.92449 0.54548
vt 0.92742 0.54585
vt 0.92915 0.54657
vt 0.92309 0.5484
vt 0.03078 0.00071
vt 0.92452 0.54769
vt 0.4015 0.10703
vt 0.40298 0.10778
vt 0.40294 0.10639
vt 0.40748 0.10759
vt 0.93611 0.32046
vt 0.93332 0.31992
vt 0.93174 0.32074
vt 0.93033 0.32005
vt 0.93002 0.32273
vt 0.9359 0.32255
vt 0.94037 0.3213
vt 0.93216 0.32981
vt 0.9379 0.32705
vt 0.94083 0.32561
vt 0.934 0.33158
vt 0.24255 0.00701
vt 0.22892 0.00659
vt 0.93698 0.33503
vt 0.93035 0.34299
vt 0.93252 0.34198
vt 0.936 0.34838
vt 0.93214 0.34833
vt 0.93019 0.35546
vt 0.20655 0.00634
vt 0.93177 0.37532
vt 0.17768 0.00607
vt 0.13047 0.00551
vt 0.93189 0.43955
vt 0.93173 0.41758
vt 0.07389 0.00507
vt 0.93195 0.49607
vt 0.93731 0.49597
vt 0.93652 0.48884
vt 0.93739 0.50786
vt 0.93276 0.50967
vt 0.93189 0.50865
vt 0.92893 0.52001
vt 0.93068 0.50972
vt 0.93058 0.52302
vt 0.93266 0.52517
vt 0.93665 0.52428
vt 0.93767 0.52222
vt 0.03954 0.00491
vt 0.93787 0.53253
vt 0.93036 0.52911
vt 0.93655 0.53369
vt 0.93036 0.54353
vt 0.93235 0.5382
vt 0.93813 0.53855
vt 0.93645 0.5433
vt 0.93225 0.54369
vt 0.93837 0.54425
vt 0.93077 0.54535
vt 0.93252 0.54488
vt 0.93694 0.54474
vt 0.41065 0.10968
vt 0.413 0.11128
vt 0.41494 0.11023
vt 0.40573 0.10906
vt 0.40657 0.11249
vt 0.02914 0.00868
vt 0.40101 0.11491
vt 0.24916 0.01194
vt 0.94431 0.32161
vt 0.94353 0.32234
vt 0.94791 0.32257
vt 0.94773 0.32125
vt 0.94998 0.3216
vt 0.94191 0.32246
vt 0.9437 0.3252
vt 0.95043 0.3244
vt 0.943 0.32845
vt 0.94966 0.32757
vt 0.94587 0.32847
vt 0.94866 0.32888
vt 0.95045 0.32884
vt 0.93944 0.33039
vt 0.94214 0.33672
vt 0.9401 0.34064
vt 0.93835 0.34982
vt 0.9402 0.35051
vt 0.93612 0.36892
vt 0.93281 0.37991
vt 0.94012 0.36379
vt 0.93837 0.36971
vt 0.93841 0.39233
vt 0.93633 0.40236
vt 0.93462 0.40132
vt 0.93282 0.39899
vt 0.93835 0.40493
vt 0.93845 0.43521
vt 0.14636 0.01462
vt 0.93387 0.43795
vt 0.93647 0.45747
vt 0.93194 0.46044
vt 0.93855 0.46166
vt 0.93341 0.47113
vt 0.93191 0.47647
vt 0.0832 0.01316
vt 0.93872 0.49065
vt 0.94093 0.5265
vt 0.94097 0.53567
vt 0.93968 0.54072
vt 0.93976 0.54325
vt 0.94205 0.54291
vt 0.94326 0.54186
vt 0.41771 0.11156
vt 0.41804 0.11345
vt 0.41985 0.11229
vt 0.94436 0.54315
vt 0.94881 0.54329
vt 0.40895 0.109
vt 0.40914 0.11388
vt 0.94585 0.54389
vt 0.95022 0.54446
vt 0.9492 0.54552
vt 0.95036 0.54259
vt 0.40184 0.11477
vt 0.40316 0.11756
vt 0.24806 0.01352
vt 0.82786 0.76119
vt 0.82708 0.75507
vt 0.82679 0.76112
vt 0.95224 0.33086
vt 0.2259 0.01646
vt 0.94752 0.33349
vt 0.95027 0.33113
vt 0.94911 0.33331
vt 0.95144 0.33246
vt 0.94466 0.33709
vt 0.94414 0.35913
vt 0.19413 0.01398
vt 0.94004 0.38089
vt 0.94389 0.39324
vt 0.93979 0.39055
vt 0.1781 0.01914
vt 0.94225 0.39749
vt 0.94014 0.39872
vt 0.94441 0.40279
vt 0.94019 0.42341
vt 0.94437 0.43484
vt 0.94221 0.42889
vt 0.94225 0.45728
vt 0.94044 0.45725
vt 0.94434 0.46844
vt 0.94055 0.47996
vt 0.94242 0.47568
vt 0.94435 0.48053
vt 0.94455 0.50776
vt 0.9405 0.50114
vt 0.94227 0.49642
vt 0.94242 0.51217
vt 0.04292 0.0128
vt 0.94079 0.51157
vt 0.94257 0.52077
vt 0.94601 0.51388
vt 0.9452 0.52695
vt 0.94801 0.52613
vt 0.94243 0.52849
vt 0.94253 0.53655
vt 0.94499 0.53603
vt 0.94864 0.53562
vt 0.9454 0.53904
vt 0.9508 0.53883
vt 0.95111 0.5365
vt 0.94904 0.54098
vt 0.02954 0.01131
vt 0.41074 0.12246
vt 0.41454 0.12022
vt 0.41632 0.11068
vt 0.95396 0.0374
vt 0.94753 0.03288
vt 0.95386 0.03563
vt 0.94989 0.03087
vt 0.95263 0.03192
vt 0.29568 0.60349
vt 0.29581 0.60038
vt 0.29703 0.60297
vt 0.297 0.60411
vt 0.24016 0.02723
vt 0.49538 0.60074
vt 0.49452 0.59769
vt 0.49701 0.60039
vt 0.95128 0.33526
vt 0.94925 0.3399
vt 0.94705 0.34084
vt 0.95078 0.34484
vt 0.9474 0.36924
vt 0.95058 0.35625
vt 0.95019 0.36668
vt 0.94902 0.36923
vt 0.95034 0.37275
vt 0.949 0.39485
vt 0.95039 0.38241
vt 0.94697 0.39405
vt 0.95015 0.40137
vt 0.94699 0.42881
vt 0.94894 0.4235
vt 0.95015 0.43949
vt 0.94886 0.46391
vt 0.95019 0.4657
vt 0.94633 0.45968
vt 0.95052 0.48264
vt 0.94939 0.50443
vt 0.95065 0.5014
vt 0.95134 0.52045
vt 0.94998 0.53433
vt 0.95158 0.53026
vt 0.42002 0.11988
vt 0.42189 0.11832
vt 0.42212 0.1126
vt 0.40967 0.12027
vt 0.41649 0.12058
vt 0.94836 0.03785
vt 0.94644 0.03662
vt 0.40654 0.11901
vt 0.4015 0.12789
vt 0.69905 0.08851
vt 0.7112 0.08901
vt 0.69842 0.08896
vt 0.49406 0.59579
vt 0.4953 0.59479
vt 0.12233 0.02231
vt 0.09851 0.02419
vt 0.41852 0.12242
vt 0.03018 0.01699
vt 0.29378 0.59808
vt 0.29403 0.59032
vt 0.29524 0.5893
vt 0.25077 0.02542
vt 0.24974 0.02346
vt 0.49718 0.59303
vt 0.49982 0.59486
vt 0.22273 0.04015
vt 0.81345 0.94322
vt 0.81168 0.94168
vt 0.81448 0.94189
vt 0.81302 0.93798
vt 0.81345 0.93989
vt 0.81226 0.93188
vt 0.8126 0.92226
vt 0.81222 0.88829
vt 0.81279 0.89104
vt 0.81266 0.86288
vt 0.81248 0.82135
vt 0.81279 0.84189
vt 0.8128 0.81651
vt 0.81275 0.78265
vt 0.81288 0.79812
vt 0.81318 0.77901
vt 0.81023 0.94325
vt 0.81075 0.91474
vt 0.81121 0.86153
vt 0.81107 0.84157
vt 0.81103 0.81682
vt 0.81127 0.79327
vt 0.80561 0.94159
vt 0.80741 0.93904
vt 0.8015 0.7789
vt 0.80928 0.77694
vt 0.81288 0.77704
vt 0.80423 0.9434
vt 0.80329 0.88407
vt 0.80382 0.81181
vt 0.80263 0.79307
vt 0.80343 0.83907
vt 0.79324 0.93731
vt 0.79351 0.92886
vt 0.7921 0.91566
vt 0.79388 0.89987
vt 0.79581 0.86755
vt 0.79011 0.8328
vt 0.79082 0.81872
vt 0.79572 0.80754
vt 0.79249 0.94357
vt 0.79264 0.94143
vt 0.21357 0.03112
vt 0.7889 0.77845
vt 0.7919 0.77704
vt 0.78716 0.85268
vt 0.78318 0.88045
vt 0.77519 0.79202
vt 0.78282 0.94384
vt 0.78358 0.93704
vt 0.78463 0.9259
vt 0.77984 0.94167
vt 0.77631 0.91857
vt 0.77659 0.78282
vt 0.77532 0.7782
vt 0.77512 0.84416
vt 0.77534 0.82794
vt 0.7759 0.77719
vt 0.77507 0.93543
vt 0.77634 0.92655
vt 0.77605 0.85556
vt 0.77561 0.81001
vt 0.77655 0.94361
vt 0.77618 0.94159
vt 0.77532 0.9426
vt 0.77588 0.8926
vt 0.1957 0.03617
vt 0.77418 0.93801
vt 0.77442 0.9239
vt 0.77523 0.92344
vt 0.77415 0.90147
vt 0.77489 0.88702
vt 0.07375 0.02729
vt 0.05115 0.02768
vt 0.42153 0.1308
vt 0.41503 0.12381
vt 0.93614 0.03807
vt 0.40844 0.12211
vt 0.94101 0.03349
vt 0.9402 0.03193
vt 0.02815 0.02415
vt 0.0269 0.02292
vt 0.40045 0.1289
vt 0.4033 0.1271
vt 0.70024 0.06691
vt 0.69972 0.0658
vt 0.70562 0.06659
vt 0.82832 0.75612
vt 0.8281 0.74186
vt 0.49478 0.59295
vt 0.77107 0.94288
vt 0.77118 0.9415
vt 0.7727 0.93832
vt 0.77267 0.92881
vt 0.77264 0.91704
vt 0.77264 0.90378
vt 0.77266 0.86388
vt 0.77274 0.84234
vt 0.77308 0.82755
vt 0.77258 0.79367
vt 0.76716 0.93615
vt 0.7707 0.91505
vt 0.77062 0.88755
vt 0.77066 0.85537
vt 0.77083 0.82998
vt 0.7704 0.79359
vt 0.7708 0.77847
vt 0.76992 0.77711
vt 0.76686 0.92607
vt 0.76801 0.90455
vt 0.76742 0.8848
vt 0.769 0.85124
vt 0.76893 0.83252
vt 0.76485 0.78832
vt 0.76934 0.78187
vt 0.76207 0.9431
vt 0.76508 0.77735
vt 0.76311 0.78198
vt 0.75954 0.9416
vt 0.76347 0.77838
vt 0.76379 0.77714
vt 0.74579 0.94197
vt 0.74365 0.94364
vt 0.73299 0.94225
vt 0.72562 0.94374
vt 0.71553 0.94238
vt 0.40726 0.59303
vt 0.39608 0.59276
vt 0.3972 0.59155
vt 0.9371 0.03613
vt 0.41499 0.1299
vt 0.8289 0.74046
vt 0.7634 0.92307
vt 0.76042 0.83727
vt 0.76425 0.81266
vt 0.75861 0.93443
vt 0.76051 0.86637
vt 0.757 0.89593
vt 0.74951 0.81124
vt 0.75719 0.92595
vt 0.75125 0.79524
vt 0.74822 0.90286
vt 0.74782 0.87352
vt 0.74704 0.85211
vt 0.73821 0.78121
vt 0.73666 0.93788
vt 0.738 0.77719
vt 0.74191 0.8222
vt 0.7399 0.77836
vt 0.15654 0.029
vt 0.7352 0.88513
vt 0.73085 0.79523
vt 0.73274 0.92031
vt 0.73139 0.8283
vt 0.72141 0.9006
vt 0.71246 0.93182
vt 0.72226 0.86301
vt 0.7249 0.88276
vt 0.72171 0.84779
vt 0.72318 0.82633
vt 0.71546 0.77833
vt 0.71195 0.93881
vt 0.7151 0.78084
vt 0.7088 0.92234
vt 0.71218 0.9095
vt 0.71 0.80169
vt 0.70603 0.88838
vt 0.70365 0.86001
vt 0.70535 0.83995
vt 0.69061 0.77705
vt 0.69549 0.8156
vt 0.69349 0.9245
vt 0.69102 0.90876
vt 0.6939 0.87525
vt 0.69205 0.93744
vt 0.69482 0.79921
vt 0.69549 0.77869
vt 0.688 0.94244
vt 0.67803 0.89629
vt 0.68507 0.84611
vt 0.68662 0.83093
vt 0.67894 0.86439
vt 0.6719 0.93724
vt 0.67508 0.92639
vt 0.67929 0.79706
vt 0.67413 0.7847
vt 0.67251 0.94258
vt 0.67393 0.778
vt 0.66446 0.92386
vt 0.67082 0.82527
vt 0.67884 0.81057
vt 0.66297 0.85894
vt 0.67821 0.77671
vt 0.66421 0.88534
vt 0.65517 0.93736
vt 0.65961 0.90496
vt 0.66734 0.83966
vt 0.65083 0.78094
vt 0.63832 0.77672
vt 0.64671 0.77788
vt 0.65133 0.94261
vt 0.63924 0.92902
vt 0.64701 0.88128
vt 0.63614 0.8611
vt 0.63662 0.84383
vt 0.63377 0.90318
vt 0.63786 0.94161
vt 0.63641 0.91871
vt 0.65429 0.82918
vt 0.63633 0.80391
vt 0.65975 0.81165
vt 0.63638 0.82572
vt 0.64163 0.943
vt 0.6321 0.94384
vt 0.63356 0.9425
vt 0.63385 0.84982
vt 0.63404 0.80951
vt 0.6333 0.79117
vt 0.63639 0.78396
vt 0.63347 0.78077
vt 0.63384 0.77689
vt 0.63252 0.94237
vt 0.0185 0.9611
vt 0.01685 0.96018
vt 0.01815 0.95962
vt 0.0171 0.95685
vt 0.6324 0.93298
vt 0.01822 0.95025
vt 0.63257 0.90739
vt 0.01728 0.93353
vt 0.01822 0.92476
vt 0.01729 0.91378
vt 0.63284 0.86494
vt 0.01837 0.88243
vt 0.0176 0.87662
vt 0.63293 0.8314
vt 0.01828 0.84896
vt 0.01766 0.84661
vt 0.01786 0.80685
vt 0.01822 0.80881
vt 0.42 0.1311
vt 0.40901 0.13277
vt 0.10891 0.0387
vt 0.64861 0.79953
vt 0.01352 0.96119
vt 0.01559 0.88031
vt 0.01614 0.84435
vt 0.01609 0.80295
vt 0.01819 0.79842
vt 0.01633 0.79561
vt 0.01819 0.79452
vt 0.01395 0.79406
vt 0.03561 0.03999
vt 0.41886 0.1316
vt 0.41051 0.13325
vt 0.93012 0.034
vt 0.0269 0.02684
vt 0.02591 0.02971
vt 0.24983 0.03512
vt 0.83576 0.74527
vt 0.83744 0.74273
vt 0.83656 0.73892
vt 0.13692 0.03717
vt 0.00951 0.95115
vt 0.00951 0.92861
vt 0.01254 0.90955
vt 0.01019 0.86961
vt 0.01341 0.84338
vt 0.29398 0.57949
vt 0.40529 0.13472
vt 0.40805 0.14029
vt 0.40553 0.12488
vt 0.40219 0.13695
vt 0.40001 0.13556
vt 0.40107 0.13528
vt 0.25143 0.03358
vt 0.53486 0.59954
vt 0.53444 0.59784
vt 0.5334 0.599
vt 0.82969 0.9635
vt 0.82813 0.96462
vt 0.83715 0.96574
vt 0.84348 0.96403
vt 0.8399 0.96573
vt 0.00387 0.63028
vt 0.00548 0.62648
vt 0.00547 0.64578
vt 0.00419 0.67046
vt 0.00558 0.67151
vt 0.00568 0.69409
vt 0.00432 0.69785
vt 0.00557 0.70102
vt 0.16928 0.04722
vt 0.00669 0.96119
vt 0.00722 0.96013
vt 0.00752 0.95747
vt 0.00941 0.90983
vt 0.00841 0.85271
vt 0.01049 0.81036
vt 0.00808 0.79872
vt 0.00909 0.79532
vt 0.00833 0.79413
vt 0.92987 0.03154
vt 0.29263 0.5796
vt 0.50278 0.58387
vt 0.50283 0.57264
vt 0.50399 0.58258
vt 0.5302 0.59624
vt 0.66533 0.59868
vt 0.66881 0.59885
vt 0.67041 0.59641
vt 0.67077 0.59776
vt 0.00636 0.60739
vt 0.00783 0.60879
vt 0.00611 0.60973
vt 0.00762 0.61669
vt 0.00643 0.61682
vt 0.00676 0.62298
vt 0.008 0.62571
vt 0.0054 0.62356
vt 0.00769 0.63489
vt 0.00763 0.65336
vt 0.00777 0.66538
vt 0.00778 0.67568
vt 0.0078 0.68252
vt 0.00788 0.70028
vt 0.00614 0.70967
vt 0.0078 0.71397
vt 0.00652 0.72405
vt 0.00782 0.72428
vt 0.00665 0.74355
vt 0.00786 0.7442
vt 0.0065 0.75689
vt 0.00782 0.7567
vt 0.00786 0.759
vt 0.00602 0.75936
vt 0.08754 0.04848
vt 0.06309 0.04602
vt 0.00672 0.9539
vt 0.00751 0.92063
vt 0.00796 0.88183
vt 0.00804 0.81331
vt 0.42092 0.13779
vt 0.41751 0.13884
vt 0.41984 0.13874
vt 0.92927 0.03835
vt 0.92703 0.03574
vt 0.40941 0.1385
vt 0.72087 0.0888
vt 0.7189 0.08902
vt 0.718 0.08815
vt 0.50191 0.57486
vt 0.5292 0.58673
vt 0.52787 0.58864
vt 0.01629 0.60746
vt 0.01029 0.60879
vt 0.01075 0.61732
vt 0.01 0.71149
vt 0.00999 0.72128
vt 0.00996 0.74105
vt 0.0099 0.75476
vt 0.01077 0.75757
vt 0.01092 0.75899
vt 0.78141 0.1601
vt 0.78228 0.16135
vt 0.78251 0.15949
vt 0.00559 0.9599
vt 0.00641 0.95738
vt 0.8198 0.80466
vt 0.82606 0.80506
vt 0.82309 0.80411
vt 0.00704 0.91951
vt 0.00748 0.88842
vt 0.00779 0.84619
vt 0.92806 0.03714
vt 0.41397 0.14306
vt 0.41601 0.14301
vt 0.9278 0.03284
vt 0.29337 0.57817
vt 0.02584 0.03911
vt 0.23965 0.05333
vt 0.01296 0.62299
vt 0.0113 0.63523
vt 0.01764 0.70183
vt 0.4648 0.04523
vt 0.46577 0.04688
vt 0.46626 0.04474
vt 0.46095 0.04697
vt 0.46342 0.04691
vt 0.46315 0.04429
vt 0.46082 0.04481
vt 0.31866 0.57691
vt 0.32051 0.57558
vt 0.31995 0.57776
vt 0.41957 0.14322
vt 0.42166 0.13921
vt 0.4104 0.14148
vt 0.40464 0.14308
vt 0.02444 0.03886
vt 0.39963 0.14458
vt 0.40055 0.14443
vt 0.25173 0.04665
vt 0.72286 0.06825
vt 0.72105 0.0657
vt 0.72567 0.06468
vt 0.72201 0.0628
vt 0.72138 0.06373
vt 0.50053 0.57377
vt 0.01762 0.60857
vt 0.01909 0.63088
vt 0.01846 0.64947
vt 0.01873 0.67622
vt 0.02157 0.72276
vt 0.02158 0.75496
vt 0.75833 0.16793
vt 0.77901 0.16733
vt 0.7563 0.16022
vt 0.74281 0.16859
vt 0.73776 0.16266
vt 0.6761 0.1624
vt 0.67569 0.16334
vt 0.68243 0.16385
vt 0.46366 0.04916
vt 0.46536 0.04813
vt 0.04348 0.0598
vt 0.42073 0.15014
vt 0.40794 0.14516
vt 0.91971 0.03316
vt 0.92052 0.03094
vt 0.29067 0.56994
vt 0.29196 0.56932
vt 0.40238 0.14732
vt 0.25199 0.03561
vt 0.52751 0.58667
vt 0.02708 0.6243
vt 0.02552 0.7589
vt 0.46509 0.05074
vt 0.46575 0.05219
vt 0.46572 0.04932
vt 0.46358 0.05222
vt 0.41831 0.14906
vt 0.41391 0.14951
vt 0.91742 0.03753
vt 0.91586 0.03491
vt 0.40922 0.15079
vt 0.02443 0.04263
vt 0.40092 0.14818
vt 0.1979 0.05752
vt 0.0178 0.60709
vt 0.02643 0.61386
vt 0.02791 0.69443
vt 0.02201 0.74118
vt 0.0254 0.75743
vt 0.46054 0.05503
vt 0.46322 0.05543
vt 0.46527 0.05367
vt 0.4193 0.15097
vt 0.40835 0.14981
vt 0.41257 0.15392
vt 0.40447 0.15226
vt 0.40662 0.15186
vt 0.91795 0.03219
vt 0.29138 0.56851
vt 0.02227 0.0503
vt 0.3988 0.15595
vt 0.22821 0.06218
vt 0.02645 0.60868
vt 0.02732 0.64036
vt 0.02619 0.66724
vt 0.02735 0.6785
vt 0.13811 0.05422
vt 0.11146 0.06199
vt 0.07086 0.06496
vt 0.46104 0.05619
vt 0.46417 0.05804
vt 0.46625 0.05732
vt 0.46586 0.05488
vt 0.41683 0.15113
vt 0.91568 0.03635
vt 0.91106 0.02991
vt 0.28844 0.56008
vt 0.28946 0.5588
vt 0.39986 0.15674
vt 0.02619 0.60719
vt 0.46047 0.06682
vt 0.67457 0.17433
vt 0.67302 0.17416
vt 0.67337 0.17536
vt 0.4657 0.05833
vt 0.46737 0.05806
vt 0.91635 0.03881
vt 0.02611 0.05593
vt 0.40937 0.15501
vt 0.25344 0.05693
vt 0.02845 0.65483
vt 0.03446 0.74342
vt 0.71152 0.17001
vt 0.70275 0.1809
vt 0.71231 0.18138
vt 0.46648 0.06228
vt 0.46773 0.06216
vt 0.41774 0.16129
vt 0.90947 0.03659
vt 0.40714 0.15675
vt 0.90994 0.03213
vt 0.02219 0.05382
vt 0.40154 0.15981
vt 0.25193 0.05859
vt 0.03589 0.71244
vt 0.15488 0.07208
vt 0.41908 0.15961
vt 0.9081 0.03825
vt 0.90599 0.03347
vt 0.40878 0.16552
vt 0.41356 0.15912
vt 0.40381 0.16334
vt 0.40607 0.16541
vt 0.39893 0.15754
vt 0.0216 0.05179
vt 0.04428 0.65543
vt 0.03992 0.73073
vt 0.40767 0.1637
vt 0.90668 0.03118
vt 0.90007 0.02876
vt 0.28625 0.5485
vt 0.0205 0.05833
vt 0.39825 0.16401
vt 0.39914 0.16708
vt 0.25455 0.06973
vt 0.25351 0.06395
vt 0.74105 0.0881
vt 0.7531 0.08887
vt 0.74101 0.08894
vt 0.22184 0.08309
vt 0.04512 0.75513
vt 0.46633 0.07345
vt 0.46772 0.07268
vt 0.90403 0.03677
vt 0.90289 0.03568
vt 0.02122 0.06317
vt 0.40068 0.16499
vt 0.05648 0.60714
vt 0.04409 0.69567
vt 0.17636 0.07542
vt 0.6965 0.17899
vt 0.69825 0.19609
vt 0.41654 0.16362
vt 0.41874 0.16513
vt 0.89986 0.0333
vt 0.41259 0.16923
vt 0.41459 0.16876
vt 0.05394 0.66401
vt 0.04832 0.67661
vt 0.41711 0.17404
vt 0.90283 0.0378
vt 0.4065 0.16988
vt 0.40877 0.16895
vt 0.89763 0.03124
vt 0.28726 0.54723
vt 0.0196 0.06304
vt 0.39809 0.16873
vt 0.24022 0.08512
vt 0.04378 0.63092
vt 0.0463 0.75745
vt 0.0975 0.07895
vt 0.4132 0.17277
vt 0.40343 0.17583
vt 0.4046 0.17728
vt 0.01983 0.06541
vt 0.40134 0.17357
vt 0.19671 0.08751
vt 0.05609 0.60863
vt 0.05899 0.62283
vt 0.05392 0.64029
vt 0.04179 0.75885
vt 0.46017 0.08558
vt 0.89416 0.03568
vt 0.89546 0.03003
vt 0.40009 0.17581
vt 0.01783 0.07452
vt 0.39755 0.18017
vt 0.05483 0.6156
vt 0.13093 0.08913
vt 0.41845 0.17548
vt 0.41999 0.17429
vt 0.8889 0.03284
vt 0.40729 0.17898
vt 0.88646 0.02805
vt 0.28402 0.53426
vt 0.39849 0.17979
vt 0.25399 0.08554
vt 0.05364 0.70526
vt 0.06282 0.71861
vt 0.05624 0.73885
vt 0.4657 0.10329
vt 0.02705 0.08598
vt 0.28549 0.5343
vt 0.01908 0.07539
vt 0.06743 0.0973
vt 0.04077 0.09084
vt 0.41943 0.18053
vt 0.41586 0.17964
vt 0.41817 0.18147
vt 0.40846 0.18212
vt 0.41232 0.1862
vt 0.41415 0.18557
vt 0.88502 0.03007
vt 0.06441 0.75483
vt 0.88812 0.03589
vt 0.88709 0.0348
vt 0.4059 0.1818
vt 0.88247 0.03218
vt 0.40439 0.18561
vt 0.40012 0.18509
vt 0.25555 0.0836
vt 0.76139 0.07788
vt 0.75672 0.07697
vt 0.76222 0.07579
vt 0.52896 0.55211
vt 0.52987 0.53113
vt 0.52779 0.55092
vt 0.42007 0.1818
vt 0.40326 0.19196
vt 0.28486 0.53234
vt 0.01747 0.08289
vt 0.39858 0.18749
vt 0.24809 0.09739
vt 0.82811 0.68676
vt 0.82991 0.6869
vt 0.82868 0.68551
vt 0.82727 0.68287
vt 0.52784 0.53697
vt 0.06749 0.69006
vt 0.41777 0.19103
vt 0.41995 0.18846
vt 0.88072 0.03448
vt 0.40655 0.19186
vt 0.40794 0.18937
vt 0.881 0.03071
vt 0.88176 0.02931
vt 0.87385 0.02704
vt 0.28177 0.52103
vt 0.0164 0.08451
vt 0.3971 0.19014
vt 0.06506 0.65126
vt 0.32048 0.53736
vt 0.32378 0.51915
vt 0.32487 0.53348
vt 0.25565 0.09144
vt 0.15534 0.10199
vt 0.45999 0.10307
vt 0.4671 0.10349
vt 0.41581 0.19573
vt 0.4196 0.19256
vt 0.87292 0.03367
vt 0.87679 0.03481
vt 0.87308 0.03088
vt 0.39783 0.1982
vt 0.39941 0.19582
vt 0.25745 0.10286
vt 0.82664 0.6719
vt 0.82637 0.68411
vt 0.2126 0.10864
vt 0.07195 0.63335
vt 0.07546 0.67588
vt 0.09658 0.10282
vt 0.41301 0.19409
vt 0.87293 0.029
vt 0.28333 0.52015
vt 0.82525 0.669
vt 0.47505 0.52428
vt 0.47494 0.51006
vt 0.48064 0.52457
vt 0.08193 0.70328
vt 0.18749 0.11145
vt 0.40781 0.19626
vt 0.40527 0.19614
vt 0.01507 0.09341
vt 0.39688 0.19905
vt 0.08656 0.62427
vt 0.08097 0.64308
vt 0.08019 0.66264
vt 0.41892 0.19907
vt 0.01673 0.09359
vt 0.40099 0.19189
vt 0.40365 0.20145
vt 0.87202 0.02816
vt 0.86817 0.02668
vt 0.28277 0.51911
vt 0.28086 0.51507
vt 0.2292 0.10987
vt 0.48052 0.50968
vt 0.0756 0.75877
vt 0.46684 0.10478
vt 0.03051 0.11143
vt 0.41199 0.20156
vt 0.41766 0.20007
vt 0.87053 0.03524
vt 0.86966 0.03434
vt 0.86654 0.02969
vt 0.40062 0.20905
vt 0.86611 0.02827
vt 0.01509 0.09951
vt 0.39789 0.20556
vt 0.25613 0.10528
vt 0.77565 0.08525
vt 0.779 0.083
vt 0.78262 0.08395
vt 0.77942 0.07801
vt 0.77475 0.07698
vt 0.77988 0.0761
vt 0.82617 0.66736
vt 0.52786 0.51904
vt 0.08529 0.6139
vt 0.08362 0.72476
vt 0.07789 0.75738
vt 0.11197 0.11618
vt 0.4194 0.20016
vt 0.86344 0.03284
vt 0.40565 0.20417
vt 0.01392 0.10244
vt 0.39657 0.20808
vt 0.82772 0.66781
vt 0.82949 0.66854
vt 0.82842 0.66695
vt 0.78062 0.06798
vt 0.77977 0.06641
vt 0.78131 0.06546
vt 0.16409 0.11665
vt 0.45965 0.11882
vt 0.41712 0.20642
vt 0.41944 0.20523
vt 0.86482 0.03378
vt 0.85993 0.03188
vt 0.40356 0.21031
vt 0.2811 0.50631
vt 0.09054 0.60706
vt 0.09805 0.73642
vt 0.40679 0.21315
vt 0.8596 0.02605
vt 0.27961 0.50604
vt 0.82717 0.66619
vt 0.82623 0.64954
vt 0.08268 0.60863
vt 0.051 0.12429
vt 0.4184 0.21296
vt 0.41453 0.21351
vt 0.41077 0.21444
vt 0.85452 0.0301
vt 0.8583 0.02805
vt 0.3989 0.21571
vt 0.78728 0.08858
vt 0.79799 0.08878
vt 0.78445 0.08893
vt 0.24101 0.12419
vt 0.52965 0.51312
vt 0.09429 0.75493
vt 0.41731 0.21413
vt 0.85746 0.03437
vt 0.85622 0.03331
vt 0.28058 0.50449
vt 0.25752 0.11821
vt 0.82477 0.64495
vt 0.09942 0.69074
vt 0.07811 0.12612
vt 0.85276 0.0287
vt 0.85454 0.02737
vt 0.85343 0.02571
vt 0.27862 0.49953
vt 0.01274 0.11175
vt 0.39626 0.21739
vt 0.3973 0.21753
vt 0.25851 0.11718
vt 0.09214 0.65663
vt 0.46184 0.13414
vt 0.01395 0.11582
vt 0.41685 0.22087
vt 0.85618 0.03521
vt 0.84982 0.03516
vt 0.412 0.22094
vt 0.4088 0.21886
vt 0.09587 0.63857
vt 0.09597 0.67462
vt 0.18266 0.12857
vt 0.84932 0.03298
vt 0.84684 0.03183
vt 0.40574 0.2222
vt 0.01261 0.11749
vt 0.39721 0.22595
vt 0.39655 0.21863
vt 0.01216 0.11289
vt 0.52774 0.50398
vt 0.09613 0.61365
vt 0.12714 0.75871
vt 0.39129 0.45846
vt 0.39066 0.47516
vt 0.3906 0.51707
vt 0.39127 0.51312
vt 0.1404 0.12215
vt 0.31678 0.49323
vt 0.32449 0.48604
vt 0.32368 0.50388
vt 0.41497 0.22487
vt 0.84042 0.0295
vt 0.40133 0.22854
vt 0.84363 0.02514
vt 0.27746 0.48918
vt 0.82749 0.64835
vt 0.82925 0.64891
vt 0.82813 0.64767
vt 0.82699 0.64621
vt 0.22262 0.1349
vt 0.10333 0.62623
vt 0.10479 0.65027
vt 0.46632 0.13336
vt 0.02189 0.14291
vt 0.84237 0.03078
vt 0.41043 0.2277
vt 0.84249 0.02734
vt 0.27891 0.48935
vt 0.39841 0.23024
vt 0.8257 0.64375
vt 0.1008 0.60863
vt 0.10456 0.62148
vt 0.09816 0.7105
vt 0.45913 0.13583
vt 0.84316 0.03343
vt 0.40779 0.23381
vt 0.01077 0.12575
vt 0.39595 0.23149
vt 0.25825 0.13656
vt 0.80331 0.06775
vt 0.80241 0.06641
vt 0.80359 0.0656
vt 0.24627 0.14871
vt 0.83726 0.64849
vt 0.839 0.64521
vt 0.83843 0.64029
vt 0.16821 0.13725
vt 0.14888 0.13261
vt 0.10751 0.13626
vt 0.84177 0.03237
vt 0.40439 0.23209
vt 0.01201 0.12756
vt 0.27836 0.48816
vt 0.25964 0.13884
vt 0.20596 0.14488
vt 0.41422 0.23885
vt 0.41664 0.22945
vt 0.8417 0.0345
vt 0.83701 0.02786
vt 0.27576 0.48625
vt 0.84066 0.02637
vt 0.2767 0.48346
vt 0.39636 0.233
vt 0.82557 0.63156
vt 0.5303 0.49255
vt 0.11266 0.72017
vt 0.46459 0.14626
vt 0.03261 0.14058
vt 0.2769 0.46962
vt 0.01052 0.1316
vt 0.01011 0.12716
vt 0.82745 0.6318
vt 0.12413 0.61262
vt 0.11147 0.67018
vt 0.46568 0.16625
vt 0.83255 0.03211
vt 0.82812 0.0266
vt 0.83818 0.02499
vt 0.39684 0.23824
vt 0.40059 0.24189
vt 0.12046 0.70454
vt 0.4164 0.24236
vt 0.82953 0.03421
vt 0.83288 0.03017
vt 0.40475 0.24167
vt 0.82606 0.02466
vt 0.27542 0.4707
vt 0.00842 0.14233
vt 0.39535 0.2482
vt 0.23511 0.16093
vt 0.11797 0.63607
vt 0.11348 0.74518
vt 0.19254 0.16
vt 0.05534 0.14912
vt 0.40913 0.24168
vt 0.41219 0.25169
vt 0.82447 0.03137
vt 0.82348 0.02842
vt 0.39801 0.24796
vt 0.1288 0.60703
vt 0.13837 0.75733
vt 0.13523 0.15788
vt 0.07751 0.1597
vt 0.40552 0.24632
vt 0.00982 0.14328
vt 0.3963 0.24818
vt 0.82037 0.08864
vt 0.81847 0.08888
vt 0.81949 0.08804
vt 0.26016 0.14081
vt 0.2593 0.14574
vt 0.5302 0.47263
vt 0.52772 0.48029
vt 0.1287 0.61642
vt 0.16095 0.16661
vt 0.45842 0.16458
vt 0.46115 0.15968
vt 0.82085 0.0327
vt 0.40762 0.25163
vt 0.12741 0.65886
vt 0.12132 0.68258
vt 0.13152 0.75485
vt 0.40376 0.25356
vt 0.82588 0.61616
vt 0.82508 0.61738
vt 0.12889 0.64726
vt 0.12619 0.73488
vt 0.17802 0.17089
vt 0.41761 0.25156
vt 0.81653 0.02665
vt 0.00841 0.14623
vt 0.39628 0.2559
vt 0.82769 0.62056
vt 0.8295 0.62096
vt 0.82814 0.6193
vt 0.82115 0.06964
vt 0.82122 0.06756
vt 0.82987 0.06746
vt 0.39056 0.44685
vt 0.71802 0.27529
vt 0.7146 0.26493
vt 0.70268 0.27541
vt 0.10271 0.15162
vt 0.41618 0.25284
vt 0.81986 0.03184
vt 0.8184 0.0304
vt 0.40617 0.25823
vt 0.81696 0.02466
vt 0.27434 0.46113
vt 0.00733 0.15224
vt 0.39494 0.25817
vt 0.26155 0.16037
vt 0.2601 0.15947
vt 0.13441 0.62257
vt 0.12504 0.7214
vt 0.03642 0.1649
vt 0.02205 0.16472
vt 0.4181 0.25274
vt 0.27644 0.46191
vt 0.27712 0.46571
vt 0.39994 0.25687
vt 0.82743 0.60488
vt 0.82848 0.06623
vt 0.82964 0.06542
vt 0.1311 0.60858
vt 0.14176 0.69517
vt 0.79493 0.27157
vt 0.7941 0.28696
vt 0.80238 0.28336
vt 0.41316 0.26012
vt 0.81491 0.02897
vt 0.81585 0.02566
vt 0.27585 0.46007
vt 0.00782 0.15606
vt 0.25304 0.18593
vt 0.22738 0.17824
vt 0.32467 0.46933
vt 0.32505 0.4526
vt 0.32594 0.45476
vt 0.41505 0.26847
vt 0.41587 0.26166
vt 0.41802 0.26132
vt 0.81172 0.03187
vt 0.40868 0.26457
vt 0.81108 0.02745
vt 0.80962 0.02612
vt 0.80865 0.0242
vt 0.84166 0.33014
vt 0.84811 0.32922
vt 0.84036 0.32922
vt 0.27374 0.45236
vt 0.14101 0.67726
vt 0.14336 0.75454
vt 0.11722 0.17723
vt 0.05547 0.1773
vt 0.40457 0.26717
vt 0.40002 0.26755
vt 0.53317 0.47249
vt 0.53468 0.46039
vt 0.13878 0.63502
vt 0.1475 0.74262
vt 0.41648 0.26637
vt 0.79988 0.03125
vt 0.4097 0.26971
vt 0.80596 0.0295
vt 0.39558 0.27209
vt 0.84167 0.08848
vt 0.83881 0.08865
vt 0.83947 0.088
vt 0.83868 0.6076
vt 0.84036 0.60775
vt 0.83974 0.60669
vt 0.2151 0.17888
vt 0.46059 0.1845
vt 0.46412 0.18768
vt 0.41805 0.26824
vt 0.80519 0.03195
vt 0.40661 0.27106
vt 0.00589 0.16638
vt 0.39453 0.27236
vt 0.26195 0.16338
vt 0.26177 0.17088
vt 0.82601 0.58974
vt 0.82574 0.60432
vt 0.24406 0.18214
vt 0.143 0.71045
vt 0.14876 0.7232
vt 0.0919 0.17404
vt 0.27469 0.44062
vt 0.39765 0.27686
vt 0.14803 0.64104
vt 0.1451 0.1838
vt 0.01304 0.17884
vt 0.41281 0.27973
vt 0.79452 0.02841
vt 0.40478 0.27626
vt 0.79739 0.02654
vt 0.7976 0.0242
vt 0.44045 0.10731
vt 0.44135 0.1193
vt 0.44322 0.1191
vt 0.00719 0.16773
vt 0.26025 0.17795
vt 0.15137 0.7329
vt 0.45815 0.18162
vt 0.46528 0.18676
vt 0.00585 0.17001
vt 0.39552 0.28329
vt 0.82447 0.58006
vt 0.51321 0.43182
vt 0.51549 0.43304
vt 0.51558 0.45118
vt 0.51456 0.45201
vt 0.53187 0.44941
vt 0.14987 0.65233
vt 0.02961 0.18425
vt 0.41083 0.28259
vt 0.79513 0.03013
vt 0.00431 0.18206
vt 0.39416 0.28813
vt 0.15433 0.61252
vt 0.41727 0.27932
vt 0.41611 0.28035
vt 0.4187 0.27385
vt 0.40759 0.2819
vt 0.40298 0.28198
vt 0.79624 0.02578
vt 0.44293 0.12069
vt 0.26366 0.18525
vt 0.16203 0.66617
vt 0.16004 0.68121
vt 0.07153 0.19081
vt 0.41373 0.28224
vt 0.79468 0.03265
vt 0.79342 0.03166
vt 0.39963 0.289
vt 0.00535 0.18007
vt 0.82722 0.59059
vt 0.82937 0.59052
vt 0.82786 0.58913
vt 0.15712 0.62687
vt 0.20255 0.19795
vt 0.41584 0.28521
vt 0.41778 0.28081
vt 0.40755 0.28457
vt 0.43973 0.12079
vt 0.44165 0.1305
vt 0.26217 0.18947
vt 0.15407 0.6085
vt 0.0953 0.19612
vt 0.45786 0.20099
vt 0.41785 0.28994
vt 0.7848 0.03153
vt 0.40873 0.28865
vt 0.40575 0.28918
vt 0.78526 0.02762
vt 0.82523 0.57887
vt 0.16982 0.7347
vt 0.46379 0.19771
vt 0.46561 0.19734
vt 0.46565 0.18794
vt 0.40385 0.29126
vt 0.78252 0.02631
vt 0.43988 0.13574
vt 0.44348 0.13551
vt 0.39636 0.29359
vt 0.3953 0.29293
vt 0.2636 0.19033
vt 0.82633 0.57477
vt 0.2314 0.20819
vt 0.17029 0.60702
vt 0.77918 0.03063
vt 0.40941 0.29332
vt 0.40042 0.29509
vt 0.16243 0.62329
vt 0.17352 0.20653
vt 0.41569 0.29466
vt 0.4176 0.29496
vt 0.78011 0.03197
vt 0.44198 0.13994
vt 0.2656 0.20908
vt 0.82716 0.5721
vt 0.86557 0.06677
vt 0.86387 0.06573
vt 0.86504 0.06501
vt 0.1688 0.7092
vt 0.17513 0.75485
vt 0.18795 0.75869
vt 0.39115 0.39393
vt 0.39049 0.40311
vt 0.15453 0.20877
vt 0.46021 0.20553
vt 0.46554 0.20348
vt 0.67339 0.31537
vt 0.6732 0.32151
vt 0.67427 0.31621
vt 0.03198 0.20477
vt 0.4092 0.3049
vt 0.77604 0.02831
vt 0.17766 0.64403
vt 0.16785 0.6541
vt 0.17123 0.69632
vt 0.46356 0.20646
vt 0.67397 0.32565
vt 0.31674 0.41176
vt 0.32348 0.41455
vt 0.32453 0.43036
vt 0.41612 0.29955
vt 0.40642 0.30609
vt 0.00689 0.2042
vt 0.39835 0.30622
vt 0.26422 0.20489
vt 0.24194 0.22003
vt 0.17254 0.61524
vt 0.17909 0.63659
vt 0.05517 0.21981
vt 0.77139 0.03013
vt 0.40433 0.30597
vt 0.83686 0.57472
vt 0.83878 0.57192
vt 0.83802 0.56864
vt 0.17054 0.60847
vt 0.17197 0.61147
vt 0.19185 0.75733
vt 0.12247 0.21029
vt 0.01625 0.21997
vt 0.41703 0.31087
vt 0.41353 0.30868
vt 0.76567 0.02704
vt 0.44032 0.15403
vt 0.44226 0.15406
vt 0.2711 0.40683
vt 0.27246 0.40374
vt 0.27339 0.42479
vt 0.40045 0.3104
vt 0.47463 0.42603
vt 0.47469 0.39707
vt 0.48143 0.40975
vt 0.18436 0.72276
vt 0.06996 0.21703
vt 0.41605 0.31176
vt 0.76423 0.03223
vt 0.39521 0.31815
vt 0.39729 0.3185
vt 0.82725 0.56676
vt 0.82953 0.56637
vt 0.82792 0.56513
vt 0.8263 0.56487
vt 0.18063 0.67438
vt 0.76522 0.03345
vt 0.7622 0.02949
vt 0.0044 0.21487
vt 0.00302 0.21239
vt 0.3939 0.31864
vt 0.82777 0.5545
vt 0.32348 0.39503
vt 0.18597 0.6602
vt 0.19064 0.70902
vt 0.18682 0.74442
vt 0.08776 0.22074
vt 0.45723 0.23154
vt 0.41153 0.32146
vt 0.44134 0.15516
vt 0.25819 0.22363
vt 0.21043 0.21557
vt 0.17449 0.60742
vt 0.17507 0.60835
vt 0.17153 0.6075
vt 0.18085 0.62293
vt 0.17012 0.23122
vt 0.41807 0.31196
vt 0.40742 0.32606
vt 0.27174 0.40261
vt 0.39912 0.32182
vt 0.8268 0.55257
vt 0.82599 0.55512
vt 0.17708 0.60702
vt 0.17803 0.60759
vt 0.18686 0.69171
vt 0.19232 0.23354
vt 0.007 0.22094
vt 0.41599 0.31715
vt 0.41828 0.31681
vt 0.75962 0.03217
vt 0.88636 0.08868
vt 0.8934 0.08902
vt 0.88476 0.08904
vt 0.5205 0.39967
vt 0.51919 0.39986
vt 0.52005 0.39874
vt 0.17971 0.60851
vt 0.14244 0.23531
vt 0.45949 0.23849
vt 0.46303 0.23568
vt 0.41378 0.32603
vt 0.74816 0.0316
vt 0.26567 0.22477
vt 0.44262 0.76486
vt 0.44552 0.76305
vt 0.45063 0.76369
vt 0.83014 0.55783
vt 0.83218 0.55478
vt 0.82934 0.55128
vt 0.51783 0.36975
vt 0.17974 0.60706
vt 0.11329 0.23129
vt 0.67392 0.36584
vt 0.03055 0.2257
vt 0.74852 0.03039
vt 0.44111 0.17934
vt 0.44337 0.15824
vt 0.39511 0.32724
vt 0.39419 0.31999
vt 0.04249 0.23955
vt 0.41602 0.33271
vt 0.40338 0.32846
vt 0.40338 0.31692
vt 0.74571 0.02885
vt 0.43977 0.17506
vt 0.2664 0.21823
vt 0.82747 0.54167
vt 0.82457 0.54215
vt 0.82518 0.55458
vt 0.24709 0.24067
vt 0.21693 0.23311
vt 0.19985 0.73739
vt 0.46491 0.24454
vt 0.4658 0.24806
vt 0.41802 0.33142
vt 0.74594 0.03341
vt 0.44241 0.18322
vt 0.44363 0.18272
vt 0.00269 0.22607
vt 0.00236 0.21363
vt 0.89596 0.07669
vt 0.8932 0.07508
vt 0.89794 0.07421
vt 0.52042 0.37292
vt 0.20542 0.60854
vt 0.20726 0.61126
vt 0.2079 0.61615
vt 0.20889 0.62226
vt 0.20003 0.63245
vt 0.19937 0.6756
vt 0.39954 0.33119
vt 0.00143 0.23234
vt 0.39398 0.3388
vt 0.82557 0.54144
vt 0.20805 0.60706
vt 0.41191 0.33956
vt 0.40779 0.33238
vt 0.39604 0.33558
vt 0.90097 0.06572
vt 0.90007 0.06457
vt 0.90085 0.06365
vt 0.02255 0.24196
vt 0.26731 0.23558
vt 0.20347 0.64568
vt 0.20849 0.65949
vt 0.20569 0.687
vt 0.73899 0.03259
vt 0.40382 0.33762
vt 0.25496 0.25564
vt 0.20732 0.71779
vt 0.21665 0.73013
vt 0.21604 0.75474
vt 0.39992 0.34463
vt 0.39524 0.34636
vt 0.26774 0.25239
vt 0.8281 0.53337
vt 0.82755 0.53446
vt 0.82911 0.53426
vt 0.82704 0.52595
vt 0.09227 0.25909
vt 0.45683 0.25374
vt 0.46269 0.25326
vt 0.2402 0.25549
vt 0.41257 0.35539
vt 0.41408 0.35397
vt 0.41634 0.35386
vt 0.72319 0.03396
vt 0.21927 0.63663
vt 0.21221 0.70603
vt 0.17713 0.25437
vt 0.73742 0.37147
vt 0.7231 0.35745
vt 0.7254 0.37052
vt 0.07081 0.25988
vt 0.41824 0.35546
vt 0.72348 0.03542
vt 0.39622 0.35223
vt 0.82745 0.51227
vt 0.21766 0.25706
vt 0.16127 0.26318
vt 0.45913 0.25882
vt 0.01751 0.26037
vt 0.01083 0.26063
vt 0.40347 0.35437
vt 0.44234 0.2049
vt 0.82467 0.5197
vt 0.26552 0.26136
vt 0.46471 0.25794
vt 0.04995 0.25475
vt 0.40948 0.35549
vt 0.44086 0.203
vt 0.21755 0.68516
vt 0.11461 0.26905
vt 0.40738 0.35701
vt 0.72099 0.03121
vt 0.71914 0.02982
vt 0.19445 0.26707
vt 0.03798 0.27163
vt 0.4434 0.21407
vt 0.0021 0.25928
vt 0.82674 0.51058
vt 0.22637 0.61505
vt 0.22512 0.64608
vt 0.00534 0.27177
vt 0.0008 0.25733
vt 0.39408 0.36395
vt 0.39531 0.36387
vt 0.8061 0.1
vt 0.80634 0.10091
vt 0.80766 0.10037
vt 0.82436 0.50403
vt 0.2309 0.62287
vt 0.22344 0.70857
vt 0.23131 0.72138
vt 0.39055 0.34426
vt 0.13893 0.25827
vt 0.45654 0.27123
vt 0.46239 0.26866
vt 0.41423 0.36584
vt 0.40957 0.36877
vt 0.2683 0.25399
vt 0.26832 0.25997
vt 0.26762 0.2604
vt 0.23107 0.60853
vt 0.22535 0.6617
vt 0.24071 0.74248
vt 0.24615 0.75862
vt 0.39118 0.33213
vt 0.41652 0.36902
vt 0.41811 0.37318
vt 0.41295 0.36631
vt 0.70697 0.03692
vt 0.70588 0.03393
vt 0.39664 0.37617
vt 0.22976 0.61119
vt 0.2315 0.68675
vt 0.23666 0.70415
vt 0.23274 0.75727
vt 0.45868 0.28868
vt 0.46435 0.28425
vt 0.67301 0.40182
vt 0.67395 0.40545
vt 0.673 0.37568
vt 0.056 0.2706
vt 0.70275 0.03567
vt 0.00077 0.26365
vt 0.39448 0.36527
vt 0.39372 0.37031
vt 0.23668 0.75485
vt 0.41301 0.3772
vt 0.82529 0.5022
vt 0.93675 0.06398
vt 0.93899 0.06498
vt 0.92805 0.06522
vt 0.51985 0.35255
vt 0.52027 0.33394
vt 0.52172 0.33506
vt 0.52258 0.35398
vt 0.21268 0.2822
vt 0.24393 0.63872
vt 0.14733 0.28333
vt 0.69648 0.03346
vt 0.39993 0.36376
vt 0.40058 0.37318
vt 0.40361 0.37024
vt 0.39422 0.38127
vt 0.93983 0.06729
vt 0.93661 0.06665
vt 0.25084 0.60721
vt 0.23909 0.66297
vt 0.177 0.29674
vt 0.26568 0.27833
vt 0.82636 0.48774
vt 0.2334 0.28491
vt 0.25571 0.613
vt 0.02769 0.28002
vt 0.41456 0.38803
vt 0.44192 0.22795
vt 0.39482 0.38919
vt 0.26901 0.28166
vt 0.25168 0.283
vt 0.45618 0.29192
vt 0.69714 0.03159
vt 0.44041 0.22623
vt 0.82508 0.48455
vt 0.25188 0.63005
vt 0.46206 0.30331
vt 0.01669 0.28943
vt 0.53266 0.37133
vt 0.52997 0.3339
vt 0.53077 0.3585
vt 0.25872 0.64671
vt 0.25711 0.69156
vt 0.2526 0.71475
vt 0.24985 0.72885
vt 0.07461 0.30059
vt 0.41006 0.39486
vt 0.41314 0.39549
vt 0.00509 0.3023
vt 0.40485 0.39482
vt 0.00043 0.29085
vt 0.39375 0.39767
vt 0.25263 0.67407
vt 0.12059 0.29434
vt 0.09238 0.29162
vt 0.41693 0.39596
vt 0.25482 0.62226
vt 0.25812 0.70093
vt 0.41834 0.39155
vt 0.68986 0.03863
vt 0.40826 0.37568
vt 0.52027 0.3109
vt 0.25847 0.30102
vt 0.24578 0.30368
vt 0.05722 0.29751
vt 0.68225 0.03691
vt 0.39459 0.40542
vt 0.26787 0.30103
vt 0.82613 0.47147
vt 0.1951 0.29598
vt 0.44313 0.24623
vt 0.25825 0.65834
vt 0.16577 0.31134
vt 0.46401 0.30776
vt 0.67298 0.42516
vt 0.02976 0.29931
vt 0.26927 0.30396
vt 0.25434 0.60858
vt 0.26997 0.73585
vt 0.66997 0.03424
vt 0.4405 0.25498
vt 0.00182 0.30942
vt 0.39694 0.40969
vt 0.8248 0.47051
vt 0.27879 0.75515
vt 0.27675 0.75724
vt 0.45841 0.31299
vt 0.04647 0.31322
vt 0.41491 0.41019
vt 0.41876 0.41042
vt 0.70783 0.96849
vt 0.69021 0.96651
vt 0.70064 0.96511
vt 0.21847 0.31835
vt 0.2695 0.63703
vt 0.40158 0.40989
vt 0.40447 0.4073
vt 0.40069 0.3944
vt 0.12777 0.31256
vt 0.4557 0.31832
vt 0.67398 0.4489
vt 0.41207 0.42221
vt 0.66745 0.03632
vt 0.44202 0.25541
vt 0.27958 0.61572
vt 0.19645 0.31484
vt 0.01932 0.31149
vt 0.8242 0.45577
vt 0.52225 0.26656
vt 0.41713 0.4132
vt 0.68513 0.96399
vt 0.00047 0.30623
vt 0.39426 0.41315
vt 0.53212 0.76808
vt 0.52972 0.76823
vt 0.52937 0.76751
vt 0.26951 0.30651
vt 0.26919 0.31387
vt 0.268 0.31156
vt 0.82547 0.4544
vt 0.25838 0.32978
vt 0.29646 0.60721
vt 0.27385 0.60861
vt 0.27498 0.61175
vt 0.27477 0.65807
vt 0.27971 0.67596
vt 0.27977 0.70958
vt 0.28571 0.71919
vt 0.32501 0.30649
vt 0.32611 0.3029
vt 0.32607 0.30901
vt 0.01404 0.32915
vt 0.41341 0.42248
vt 0.28872 0.64161
vt 0.2812 0.75859
vt 0.39108 0.2949
vt 0.03082 0.33435
vt 0.40913 0.42551
vt 0.44336 0.27142
vt 0.4037 0.42276
vt 0.26794 0.33295
vt 0.28147 0.62418
vt 0.28325 0.69227
vt 0.13863 0.32385
vt 0.09113 0.32915
vt 0.46367 0.33855
vt 0.46471 0.33168
vt 0.68618 0.96128
vt 0.39509 0.41762
vt 0.00049 0.31224
vt 0.39466 0.4192
vt 0.18393 0.33039
vt 0.16505 0.33276
vt 0.45813 0.33977
vt 0.46159 0.33831
vt 0.40068 0.42433
vt 0.28816 0.74029
vt 0.39048 0.28138
vt 0.06293 0.33394
vt 0.00597 0.33274
vt 0.6645 0.9591
vt 0.00223 0.33824
vt 0.39651 0.42835
vt 0.26979 0.35174
vt 0.51993 0.28517
vt 0.23511 0.33025
vt 0.29346 0.65697
vt 0.41753 0.43929
vt 0.41959 0.43888
vt 0.66366 0.96326
vt 0.6599 0.96109
vt 0.98276 0.06328
vt 0.99527 0.0644
vt 0.9813 0.06431
vt 0.4555 0.34052
vt 0.41534 0.44104
vt 0.64587 0.03881
vt 0.44239 0.27853
vt 0.40114 0.43577
vt 0.11232 0.33587
vt 0.41312 0.43419
vt 0.40853 0.43589
vt 0.43933 0.28072
vt 0.44122 0.28898
vt 0.22027 0.33948
vt 0.14897 0.34261
vt 0.00152 0.34419
vt 0.39587 0.45148
vt 0.25234 0.34361
vt 0.29992 0.72461
vt 0.00347 0.34332
vt 0.39651 0.4463
vt 0.30043 0.61303
vt 0.30226 0.62295
vt 0.29836 0.67541
vt 0.30328 0.69859
vt 0.30565 0.73928
vt 0.30392 0.75489
vt 0.31259 0.75857
vt 0.39113 0.26158
vt 0.41327 0.44333
vt 0.44363 0.29356
vt 0.52969 0.28296
vt 0.52799 0.28779
vt 0.52793 0.29635
vt 0.53065 0.2994
vt 0.30126 0.60854
vt 0.20245 0.35055
vt 0.45529 0.35715
vt 0.46148 0.36252
vt 0.04097 0.34938
vt 0.39874 0.45072
vt 0.1787 0.35244
vt 0.67316 0.45575
vt 0.67425 0.48428
vt 0.42011 0.4525
vt 0.65097 0.96174
vt 0.40305 0.45842
vt 0.40477 0.44111
vt 0.44003 0.29182
vt 0.44263 0.29228
vt 0.26777 0.35571
vt 0.30456 0.6446
vt 0.30482 0.75722
vt 0.41781 0.45223
vt 0.65248 0.95923
vt 0.40805 0.44238
vt 0.40618 0.45065
vt 0.40878 0.44919
vt 0.65401 0.95752
vt 0.31096 0.63745
vt 0.11469 0.35158
vt 0.46338 0.36198
vt 0.67327 0.47899
vt 0.41554 0.4575
vt 0.00657 0.35008
vt 0.26923 0.35583
vt 0.24559 0.35919
vt 0.52798 0.26834
vt 0.31227 0.6562
vt 0.31363 0.67643
vt 0.45804 0.36195
vt 0.05092 0.36984
vt 0.02127 0.35883
vt 0.41344 0.45566
vt 0.64314 0.95963
vt 0.00209 0.34542
vt 0.39701 0.45313
vt 0.31986 0.6221
vt 0.31814 0.71681
vt 0.08254 0.3598
vt 0.6431 0.95618
vt 0.4406 0.30333
vt 0.25455 0.36125
vt 0.22598 0.357
vt 0.32556 0.6085
vt 0.32445 0.63352
vt 0.19345 0.3675
vt 0.15999 0.36325
vt 0.32524 0.27088
vt 0.32648 0.24654
vt 0.32621 0.27095
vt 0.01485 0.36365
vt 0.41807 0.45717
vt 0.4191 0.45815
vt 0.64561 0.96279
vt 0.40846 0.45874
vt 0.63872 0.9578
vt 0.27188 0.26637
vt 0.27137 0.25676
vt 0.27272 0.2583
vt 0.27252 0.26705
vt 0.32772 0.6904
vt 0.32185 0.70379
vt 0.33011 0.73846
vt 0.13911 0.36315
vt 0.41335 0.46385
vt 0.40658 0.47074
vt 0.39044 0.20352
vt 0.10777 0.36731
vt 0.32558 0.24479
vt 0.41826 0.46533
vt 0.41981 0.46722
vt 0.63712 0.9619
vt 0.63385 0.95991
vt 0.00682 0.3787
vt 0.44167 0.30216
vt 0.39866 0.46587
vt 0.26113 0.38312
vt 0.21594 0.37146
vt 0.52996 0.26762
vt 0.32625 0.64796
vt 0.17189 0.3769
vt 0.45519 0.37326
vt 0.417 0.46619
vt 0.00272 0.36508
vt 0.39652 0.4727
vt 0.39782 0.47541
vt 0.39575 0.45282
vt 0.4089 0.46947
vt 0.40349 0.46783
vt 0.33814 0.60709
vt 0.3275 0.61167
vt 0.34054 0.67272
vt 0.458 0.38028
vt 0.44269 0.32081
vt 0.44266 0.3031
vt 0.27217 0.23947
vt 0.00395 0.37165
vt 0.26967 0.3735
vt 0.23735 0.37329
vt 0.52963 0.25714
vt 0.46164 0.38629
vt 0.03582 0.3868
vt 0.41883 0.48176
vt 0.41091 0.47575
vt 0.62432 0.95456
vt 0.44091 0.32374
vt 0.27342 0.24096
vt 0.40249 0.47659
vt 0.26737 0.40231
vt 0.52798 0.25541
vt 0.41593 0.47552
vt 0.39886 0.48254
vt 0.24658 0.39588
vt 0.33718 0.62314
vt 0.09138 0.38185
vt 0.46334 0.38429
vt 0.67331 0.5011
vt 0.02508 0.38265
vt 0.34965 0.6157
vt 0.34232 0.70902
vt 0.35085 0.75721
vt 0.06808 0.38477
vt 0.6741 0.50482
vt 0.42103 0.48342
vt 0.62201 0.96012
vt 0.62254 0.95773
vt 0.52968 0.24216
vt 0.21344 0.39224
vt 0.34204 0.64234
vt 0.34719 0.69725
vt 0.34306 0.75488
vt 0.14684 0.3857
vt 0.45506 0.39125
vt 0.4105 0.48589
vt 0.62088 0.95563
vt 0.25672 0.41191
vt 0.45808 0.39391
vt 0.41461 0.48885
vt 0.27405 0.23016
vt 0.40092 0.49099
vt 0.26876 0.40692
vt 0.34212 0.6112
vt 0.34942 0.728
vt 0.11613 0.39379
vt 0.32681 0.22585
vt 0.01925 0.40479
vt 0.405 0.48847
vt 0.00397 0.39222
vt 0.39791 0.5002
vt 0.35087 0.6337
vt 0.35601 0.65452
vt 0.3497 0.66286
vt 0.35481 0.71604
vt 0.19308 0.39303
vt 0.16381 0.40745
vt 0.46336 0.41647
vt 0.67351 0.53298
vt 0.41931 0.49025
vt 0.61296 0.9582
vt 0.27065 0.23649
vt 0.27279 0.22953
vt 0.23407 0.39873
vt 0.34874 0.60848
vt 0.42099 0.49036
vt 0.61548 0.96021
vt 0.61087 0.95618
vt 0.60998 0.95423
vt 0.00449 0.39366
vt 0.39853 0.49968
vt 0.61446 0.96112
vt 0.60638 0.96006
vt 0.60769 0.95908
vt 0.61098 0.95338
vt 0.27206 0.22236
vt 0.27423 0.22548
vt 0.00566 0.3923
vt 0.4204 0.49154
vt 0.42028 0.50112
vt 0.42159 0.50015
vt 0.41271 0.49792
vt 0.41822 0.50012
vt 0.41003 0.49681
vt 0.40077 0.50418
vt 0.40811 0.49681
vt 0.27341 0.22181
vt 0.35242 0.62308
vt 0.17757 0.4056
vt 0.14091 0.40949
vt 0.06604 0.39956
vt 0.67426 0.53523
vt 0.03852 0.40281
vt 0.27496 0.22176
vt 0.52786 0.22093
vt 0.36476 0.73961
vt 0.41472 0.50371
vt 0.41045 0.50501
vt 0.60058 0.95517
vt 0.36431 0.68075
vt 0.45517 0.41932
vt 0.41198 0.50704
vt 0.41861 0.50571
vt 0.60128 0.95388
vt 0.61031 0.95205
vt 0.27616 0.20711
vt 0.3619 0.04155
vt 0.36185 0.07082
vt 0.36274 0.07617
vt 0.82602 0.37325
vt 0.82824 0.37324
vt 0.82702 0.37195
vt 0.0873 0.41166
vt 0.46177 0.42053
vt 0.60129 0.95212
vt 0.27421 0.21228
vt 0.82701 0.36092
vt 0.36464 0.64129
vt 0.37435 0.70528
vt 0.45815 0.41611
vt 0.41978 0.50733
vt 0.42212 0.51116
vt 0.5961 0.96
vt 0.59667 0.95843
vt 0.59678 0.95645
vt 0.00635 0.40485
vt 0.40893 0.51204
vt 0.36876 0.47053
vt 0.36649 0.45874
vt 0.36798 0.4726
vt 0.39968 0.5135
vt 0.21495 0.41305
vt 0.52987 0.2208
vt 0.20084 0.42083
vt 0.34949 0.25794
vt 0.34419 0.25045
vt 0.34648 0.26116
vt 0.34254 0.25894
vt 0.0054 0.40462
vt 0.36763 0.45937
vt 0.37116 0.60691
vt 0.37211 0.72284
vt 0.38887 0.75469
vt 0.04935 0.42588
vt 0.34098 0.25265
vt 0.34135 0.25716
vt 0.42034 0.51174
vt 0.59426 0.95416
vt 0.40299 0.51321
vt 0.59578 0.95341
vt 0.1889 0.80868
vt 0.19468 0.8105
vt 0.19578 0.80868
vt 0.59491 0.95214
vt 0.27521 0.20568
vt 0.37383 0.6661
vt 0.39618 0.75851
vt 0.39102 0.1728
vt 0.11515 0.4194
vt 0.59468 0.96086
vt 0.58613 0.95971
vt 0.59199 0.95898
vt 0.51942 0.20846
vt 0.52385 0.19978
vt 0.52492 0.20095
vt 0.37323 0.60837
vt 0.36855 0.61527
vt 0.37343 0.62284
vt 0.031 0.4282
vt 0.33968 0.25162
vt 0.34082 0.24077
vt 0.33887 0.2423
vt 0.34886 0.24239
vt 0.40049 0.52454
vt 0.00653 0.41146
vt 0.46326 0.42323
vt 0.67398 0.53967
vt 0.0083 0.41693
vt 0.41109 0.52317
vt 0.4135 0.52231
vt 0.58616 0.95742
vt 0.58866 0.95565
vt 0.27353 0.20473
vt 0.27625 0.19389
vt 0.27765 0.1957
vt 0.27682 0.20533
vt 0.00625 0.4147
vt 0.36659 0.44917
vt 0.52767 0.20688
vt 0.38188 0.6937
vt 0.38502 0.73007
vt 0.45503 0.42922
vt 0.45843 0.43228
vt 0.34255 0.23422
vt 0.57747 0.95856
vt 0.58351 0.95364
vt 0.27455 0.19339
vt 0.40189 0.52597
vt 0.26717 0.42919
vt 0.23399 0.42898
vt 0.38653 0.64177
vt 0.3796 0.65245
vt 0.32698 0.20251
vt 0.32448 0.18195
vt 0.32718 0.18937
vt 0.57768 0.95461
vt 0.36161 0.09646
vt 0.36254 0.09844
vt 0.26853 0.42842
vt 0.25085 0.43592
vt 0.39407 0.75716
vt 0.00841 0.42653
vt 0.38219 0.62324
vt 0.38657 0.67712
vt 0.46185 0.43782
vt 0.00984 0.43122
vt 0.57327 0.95597
vt 0.00743 0.42437
vt 0.36599 0.43939
vt 0.36554 0.44772
vt 0.26474 0.45363
vt 0.39755 0.74215
vt 0.33948 0.23192
vt 0.33871 0.23283
vt 0.57743 0.95998
vt 0.40959 0.5246
vt 0.41064 0.53458
vt 0.27847 0.18286
vt 0.40139 0.53311
vt 0.39437 0.6133
vt 0.18191 0.44116
vt 0.16249 0.44979
vt 0.13871 0.44035
vt 0.10291 0.43846
vt 0.07837 0.42747
vt 0.35076 0.22579
vt 0.34853 0.22607
vt 0.57279 0.95302
vt 0.27576 0.18201
vt 0.27722 0.18104
vt 0.36481 0.4392
vt 0.22292 0.4448
vt 0.39604 0.60837
vt 0.39124 0.71247
vt 0.46337 0.45334
vt 0.34058 0.22341
vt 0.33858 0.22445
vt 0.56973 0.96005
vt 0.57164 0.95926
vt 0.45859 0.45418
vt 0.02212 0.44457
vt 0.57183 0.95378
vt 0.40199 0.54128
vt 0.40306 0.53265
vt 0.36546 0.43305
vt 0.20394 0.45368
vt 0.56126 0.95467
vt 0.96302 0.10328
vt 0.96491 0.10772
vt 0.96859 0.1
vt 0.27975 0.17325
vt 0.27908 0.18699
vt 0.0086 0.43205
vt 0.40263 0.54658
vt 0.3667 0.43714
vt 0.36594 0.43176
vt 0.3993 0.60684
vt 0.40086 0.62329
vt 0.40066 0.63237
vt 0.40444 0.66452
vt 0.08564 0.45647
vt 0.45414 0.43365
vt 0.45542 0.45671
vt 0.46206 0.45381
vt 0.34408 0.21641
vt 0.34956 0.21731
vt 0.35323 0.22146
vt 0.56012 0.9533
vt 0.56345 0.95151
vt 0.57173 0.95155
vt 0.27808 0.17228
vt 0.28055 0.17332
vt 0.39034 0.16174
vt 0.45432 0.46323
vt 0.33864 0.21587
vt 0.56182 0.96026
vt 0.55964 0.95851
vt 0.01169 0.44445
vt 0.01037 0.44223
vt 0.24506 0.45509
vt 0.40201 0.65362
vt 0.34017 0.21576
vt 0.55791 0.95594
vt 0.00967 0.44561
vt 0.3654 0.41803
vt 0.36467 0.43125
vt 0.11542 0.46344
vt 0.0579 0.452
vt 0.56065 0.96099
vt 0.5555 0.95945
vt 0.40899 0.70379
vt 0.15175 0.45994
vt 0.46337 0.46214
vt 0.03312 0.4609
vt 0.34781 0.20684
vt 0.3642 0.42595
vt 0.36291 0.4137
vt 0.36236 0.42699
vt 0.4106 0.73215
vt 0.34195 0.20334
vt 0.35119 0.20343
vt 0.5498 0.95347
vt 0.54964 0.95114
vt 0.27949 0.15772
vt 0.01028 0.44653
vt 0.36446 0.41698
vt 0.41031 0.61177
vt 0.41007 0.64303
vt 0.41289 0.6815
vt 0.45535 0.46112
vt 0.4589 0.46076
vt 0.4621 0.46408
vt 0.34061 0.20189
vt 0.33858 0.20239
vt 0.33911 0.21454
vt 0.3475 0.2016
vt 0.54952 0.95991
vt 0.40922 0.60837
vt 0.45626 0.4617
vt 0.45961 0.46517
vt 0.01221 0.45586
vt 0.95607 0.11997
vt 0.95532 0.12532
vt 0.96012 0.12053
vt 0.55053 0.95267
vt 0.99871 0.91826
vt 0.98863 0.91644
vt 0.98752 0.91826
vt 0.28067 0.15929
vt 0.26741 0.4643
vt 0.26633 0.46949
vt 0.41478 0.71956
vt 0.4257 0.75495
vt 0.17905 0.47203
vt 0.45589 0.46829
vt 0.45501 0.47095
vt 0.35287 0.20747
vt 0.35327 0.20073
vt 0.54941 0.9554
vt 0.95304 0.12637
vt 0.01132 0.4573
vt 0.36527 0.40605
vt 0.36374 0.40304
vt 0.36571 0.41697
vt 0.26464 0.47352
vt 0.25503 0.47763
vt 0.22665 0.4694
vt 0.42346 0.61338
vt 0.4226 0.63458
vt 0.41775 0.75716
vt 0.53837 0.95818
vt 0.34594 0.19371
vt 0.01373 0.4646
vt 0.06605 0.4714
vt 0.45617 0.47159
vt 0.45934 0.47365
vt 0.46269 0.47369
vt 0.46366 0.47369
vt 0.46347 0.46367
vt 0.3433 0.19316
vt 0.02321 0.46594
vt 0.35082 0.19176
vt 0.53673 0.95598
vt 0.35204 0.19454
vt 0.53845 0.95456
vt 0.5409 0.95348
vt 0.34053 0.18984
vt 0.34792 0.1903
vt 0.95086 0.13431
vt 0.27892 0.14806
vt 0.28073 0.14832
vt 0.28277 0.14599
vt 0.28119 0.15843
vt 0.42273 0.60674
vt 0.42236 0.62276
vt 0.42627 0.69355
vt 0.45672 0.48239
vt 0.3386 0.18976
vt 0.5379 0.95977
vt 0.94801 0.13638
vt 0.01268 0.46584
vt 0.42508 0.6083
vt 0.42694 0.73508
vt 0.4555 0.48294
vt 0.46327 0.4842
vt 0.04622 0.47725
vt 0.36214 0.39129
vt 0.36154 0.40652
vt 0.36554 0.39732
vt 0.36481 0.39423
vt 0.42963 0.65981
vt 0.14744 0.47493
vt 0.1058 0.4794
vt 0.46025 0.48749
vt 0.46399 0.4834
vt 0.34353 0.18545
vt 0.33941 0.18877
vt 0.33778 0.18493
vt 0.53339 0.95936
vt 0.01422 0.47181
vt 0.35234 0.18903
vt 0.34966 0.18371
vt 0.53527 0.95336
vt 0.28021 0.14219
vt 0.2823 0.14208
vt 0.24237 0.4924
vt 0.43343 0.67854
vt 0.43052 0.70784
vt 0.43826 0.71897
vt 0.34197 0.18022
vt 0.33854 0.18198
vt 0.35258 0.18227
vt 0.52757 0.95531
vt 0.53429 0.95399
vt 0.28362 0.14179
vt 0.01246 0.46897
vt 0.36367 0.39274
vt 0.26658 0.48025
vt 0.20436 0.48991
vt 0.43874 0.64197
vt 0.4365 0.75848
vt 0.39096 0.12999
vt 0.3407 0.17864
vt 0.02241 0.50163
vt 0.35121 0.18166
vt 0.27997 0.14104
vt 0.28245 0.13688
vt 0.26603 0.48092
vt 0.81106 0.60153
vt 0.81174 0.60474
vt 0.8115 0.60002
vt 0.42717 0.60683
vt 0.39035 0.0995
vt 0.16599 0.48549
vt 0.46329 0.48933
vt 0.0305 0.48985
vt 0.34742 0.17512
vt 0.34375 0.17623
vt 0.0162 0.48611
vt 0.52489 0.9541
vt 0.28185 0.13123
vt 0.28478 0.13232
vt 0.0135 0.47633
vt 0.36471 0.38675
vt 0.08686 0.48455
vt 0.33861 0.17322
vt 0.52246 0.96019
vt 0.5225 0.95853
vt 0.53065 0.96014
vt 0.52549 0.95685
vt 0.01482 0.48138
vt 0.26464 0.4867
vt 0.22674 0.49966
vt 0.43917 0.62263
vt 0.13864 0.49358
vt 0.45749 0.49602
vt 0.04362 0.50034
vt 0.3505 0.17431
vt 0.3523 0.17245
vt 0.36314 0.38385
vt 0.26579 0.48638
vt 0.06627 0.49354
vt 0.45612 0.4984
vt 0.3404 0.17284
vt 0.52275 0.95479
vt 0.28375 0.12982
vt 0.2862 0.12814
vt 0.28565 0.13217
vt 0.36168 0.37868
vt 0.36066 0.38745
vt 0.36533 0.38153
vt 0.36403 0.37789
vt 0.25597 0.49754
vt 0.81085 0.62298
vt 0.43689 0.61511
vt 0.4419 0.69425
vt 0.44211 0.7405
vt 0.18206 0.50437
vt 0.46063 0.49588
vt 0.34885 0.16967
vt 0.34034 0.16808
vt 0.52142 0.96105
vt 0.51859 0.95964
vt 0.51631 0.95633
vt 0.51063 0.13703
vt 0.50118 0.11552
vt 0.51363 0.12712
vt 0.81152 0.62268
vt 0.44406 0.60677
vt 0.44606 0.60835
vt 0.45919 0.75705
vt 0.10658 0.49949
vt 0.4573 0.49959
vt 0.33913 0.17198
vt 0.33839 0.1675
vt 0.51715 0.9604
vt 0.94767 0.15274
vt 0.94548 0.15737
vt 0.94724 0.15934
vt 0.35035 0.16615
vt 0.28187 0.12887
vt 0.28562 0.11737
vt 0.28659 0.12307
vt 0.01495 0.48636
vt 0.36314 0.3759
vt 0.36448 0.37658
vt 0.45046 0.69987
vt 0.32946 0.12489
vt 0.32974 0.1134
vt 0.33063 0.12372
vt 0.46368 0.5031
vt 0.34669 0.16228
vt 0.51412 0.9579
vt 0.4456 0.62219
vt 0.44799 0.65503
vt 0.44749 0.75467
vt 0.45851 0.4972
vt 0.45876 0.50946
vt 0.46027 0.50875
vt 0.33832 0.16105
vt 0.51108 0.96097
vt 0.5112 0.95938
vt 0.9416 0.15954
vt 0.94413 0.16273
vt 0.28854 0.11376
vt 0.28752 0.12345
vt 0.5124 0.9549
vt 0.28394 0.11803
vt 0.28707 0.11829
vt 0.16296 0.50915
vt 0.33075 0.1143
vt 0.46438 0.51769
vt 0.3401 0.15987
vt 0.35039 0.15861
vt 0.51149 0.95558
vt 0.36498 0.36644
vt 0.364 0.36392
vt 0.01678 0.49626
vt 0.26372 0.50638
vt 0.45422 0.67548
vt 0.451 0.72346
vt 0.07258 0.5114
vt 0.5101 0.96191
vt 0.50775 0.9605
vt 0.34823 0.1561
vt 0.50111 0.95665
vt 0.01811 0.49982
vt 0.33997 0.15129
vt 0.33819 0.15385
vt 0.33879 0.15983
vt 0.34086 0.14906
vt 0.50435 0.96161
vt 0.35214 0.16182
vt 0.35294 0.15407
vt 0.50397 0.95361
vt 0.51143 0.9533
vt 0.28657 0.10949
vt 0.28815 0.11287
vt 0.26372 0.5189
vt 0.24893 0.51595
vt 0.45821 0.6396
vt 0.47518 0.75845
vt 0.39091 0.08892
vt 0.03817 0.52273
vt 0.35108 0.15308
vt 0.4971 0.95803
vt 0.49694 0.95551
vt 0.01692 0.50048
vt 0.36433 0.36224
vt 0.46458 0.62318
vt 0.46236 0.65787
vt 0.46253 0.6878
vt 0.46697 0.71143
vt 0.12244 0.51678
vt 0.45732 0.51251
vt 0.45934 0.52346
vt 0.33817 0.15091
vt 0.50152 0.962
vt 0.34679 0.14667
vt 0.8116 0.6389
vt 0.45932 0.60677
vt 0.47233 0.61502
vt 0.092 0.52961
vt 0.46254 0.51956
vt 0.50062 0.96307
vt 0.4974 0.96129
vt 0.35171 0.14775
vt 0.28942 0.10255
vt 0.93189 0.17054
vt 0.93083 0.17615
vt 0.9345 0.16547
vt 0.36419 0.35035
vt 0.36312 0.36253
vt 0.23174 0.52734
vt 0.21101 0.52425
vt 0.81094 0.64452
vt 0.47071 0.72906
vt 0.46856 0.75482
vt 0.14693 0.51961
vt 0.49278 0.9624
vt 0.02036 0.51242
vt 0.93252 0.17778
vt 0.93447 0.17756
vt 0.93947 0.16639
vt 0.28603 0.1018
vt 0.28801 0.10052
vt 0.01898 0.50959
vt 0.82965 0.26076
vt 0.82946 0.25572
vt 0.82719 0.25867
vt 0.47715 0.63213
vt 0.47268 0.70092
vt 0.33875 0.14972
vt 0.3401 0.14152
vt 0.33795 0.14155
vt 0.34122 0.14287
vt 0.49586 0.95603
vt 0.82823 0.25416
vt 0.34697 0.13602
vt 0.35241 0.14147
vt 0.34918 0.14034
vt 0.49158 0.96112
vt 0.4862 0.95742
vt 0.29103 0.09781
vt 0.28983 0.10536
vt 0.36525 0.35275
vt 0.26332 0.52072
vt 0.26207 0.5209
vt 0.47445 0.66884
vt 0.45813 0.52799
vt 0.3426 0.13778
vt 0.33996 0.13924
vt 0.33792 0.13897
vt 0.49028 0.96288
vt 0.35068 0.13888
vt 0.9311 0.18446
vt 0.93415 0.18162
vt 0.48394 0.9565
vt 0.49533 0.95374
vt 0.29083 0.09597
vt 0.01933 0.51428
vt 0.36261 0.35693
vt 0.36338 0.34612
vt 0.36182 0.35119
vt 0.36473 0.34798
vt 0.25525 0.53899
vt 0.47239 0.60839
vt 0.47917 0.68466
vt 0.11147 0.53602
vt 0.46343 0.53418
vt 0.4648 0.51935
vt 0.3384 0.13778
vt 0.33942 0.13194
vt 0.33793 0.1312
vt 0.03036 0.53116
vt 0.48941 0.96394
vt 0.48308 0.96341
vt 0.35135 0.13563
vt 0.02137 0.52091
vt 0.28835 0.08815
vt 0.28937 0.09288
vt 0.49335 0.09462
vt 0.50735 0.08405
vt 0.50826 0.10847
vt 0.81183 0.65363
vt 0.47318 0.60663
vt 0.46573 0.53684
vt 0.48408 0.96245
vt 0.48325 0.95875
vt 0.93114 0.18892
vt 0.24955 0.54313
vt 0.47608 0.64152
vt 0.48303 0.73819
vt 0.16576 0.53113
vt 0.46022 0.53643
vt 0.34141 0.12842
vt 0.35198 0.13008
vt 0.34903 0.13034
vt 0.29036 0.08698
vt 0.29169 0.08901
vt 0.36221 0.33641
vt 0.36144 0.34362
vt 0.0206 0.52277
vt 0.36462 0.33924
vt 0.26267 0.53099
vt 0.4984 0.62165
vt 0.48524 0.65543
vt 0.05055 0.54782
vt 0.34003 0.12895
vt 0.47597 0.96028
vt 0.48251 0.95696
vt 0.36379 0.33806
vt 0.02133 0.52443
vt 0.18247 0.54226
vt 0.45885 0.54066
vt 0.07199 0.53768
vt 0.33807 0.12483
vt 0.47693 0.96377
vt 0.35045 0.12599
vt 0.47724 0.95862
vt 0.2926 0.08695
vt 0.29358 0.085
vt 0.29269 0.08999
vt 0.02319 0.5309
vt 0.81119 0.66198
vt 0.48332 0.75502
vt 0.48058 0.75709
vt 0.39077 0.08365
vt 0.34255 0.12337
vt 0.33985 0.12481
vt 0.34695 0.12227
vt 0.93328 0.19261
vt 0.93034 0.1987
vt 0.93316 0.19704
vt 0.9277 0.19139
vt 0.92594 0.19859
vt 0.29369 0.07947
vt 0.26127 0.54092
vt 0.48014 0.75851
vt 0.46102 0.55462
vt 0.4641 0.54925
vt 0.47606 0.96469
vt 0.47248 0.96309
vt 0.92619 0.20261
vt 0.47465 0.95745
vt 0.29033 0.0785
vt 0.29236 0.0776
vt 0.48228 0.95477
vt 0.365 0.33745
vt 0.36404 0.32671
vt 0.03993 0.54479
vt 0.33847 0.12372
vt 0.33997 0.11346
vt 0.33802 0.11522
vt 0.46788 0.96405
vt 0.35172 0.11762
vt 0.34958 0.11581
vt 0.47351 0.95824
vt 0.29557 0.07367
vt 0.02462 0.53588
vt 0.02282 0.53487
vt 0.36494 0.32679
vt 0.25962 0.55242
vt 0.21993 0.54787
vt 0.48101 0.60562
vt 0.49466 0.60634
vt 0.46709 0.56194
vt 0.34356 0.11071
vt 0.34121 0.11402
vt 0.46691 0.96281
vt 0.46965 0.96022
vt 0.02679 0.5462
vt 0.0235 0.53638
vt 0.36242 0.32473
vt 0.36145 0.33173
vt 0.23685 0.55974
vt 0.49898 0.608
vt 0.49809 0.6137
vt 0.49369 0.68611
vt 0.15296 0.55631
vt 0.46612 0.95887
vt 0.07422 0.78766
vt 0.07576 0.78948
vt 0.0818 0.78952
vt 0.08178 0.78716
vt 0.29368 0.0715
vt 0.92438 0.20425
vt 0.26161 0.54573
vt 0.19194 0.55547
vt 0.4978 0.64033
vt 0.4923 0.71318
vt 0.49575 0.75397
vt 0.07896 0.55323
vt 0.33824 0.11062
vt 0.4634 0.96439
vt 0.02771 0.55273
vt 0.35208 0.11204
vt 0.46495 0.96182
vt 0.46454 0.95982
vt 0.29611 0.0696
vt 0.36529 0.32517
vt 0.36527 0.3156
vt 0.36283 0.32045
vt 0.51537 0.0718
vt 0.5169 0.06295
vt 0.51785 0.06443
vt 0.09874 0.56584
vt 0.4598 0.55781
vt 0.33969 0.11024
vt 0.35105 0.11096
vt 0.92219 0.20947
vt 0.07206 0.78984
vt 0.29472 0.06784
vt 0.02567 0.54693
vt 0.26077 0.55355
vt 0.49541 0.66793
vt 0.12442 0.55768
vt 0.46507 0.56202
vt 0.46214 0.96535
vt 0.45999 0.96378
vt 0.3497 0.10493
vt 0.34567 0.1042
vt 0.36288 0.31559
vt 0.36596 0.31433
vt 0.50681 0.60502
vt 0.04179 0.56074
vt 0.0309 0.56411
vt 0.33866 0.10917
vt 0.33996 0.103
vt 0.33803 0.09894
vt 0.4522 0.96495
vt 0.35221 0.10219
vt 0.45808 0.96162
vt 0.45455 0.96004
vt 0.0725 0.78709
vt 0.06232 0.78783
vt 0.29784 0.06269
vt 0.29624 0.07228
vt 0.50323 0.64934
vt 0.5053 0.72522
vt 0.50738 0.75716
vt 0.50594 0.75849
vt 0.34122 0.1022
vt 0.0612 0.78989
vt 0.29676 0.05682
vt 0.36493 0.31014
vt 0.25728 0.56866
vt 0.50649 0.66631
vt 0.50563 0.70149
vt 0.46051 0.57063
vt 0.46177 0.56729
vt 0.45164 0.96281
vt 0.35043 0.10083
vt 0.92142 0.21366
vt 0.91812 0.22212
vt 0.92179 0.21702
vt 0.2983 0.05799
vt 0.36319 0.30588
vt 0.35991 0.31199
vt 0.0271 0.55493
vt 0.36597 0.30616
vt 0.50643 0.60628
vt 0.50607 0.61502
vt 0.51127 0.62993
vt 0.06712 0.57229
vt 0.34263 0.09688
vt 0.33976 0.09857
vt 0.34588 0.09635
vt 0.45279 0.96085
vt 0.50664 0.74807
vt 0.46756 0.57221
vt 0.0295 0.55989
vt 0.02796 0.55665
vt 0.20768 0.56748
vt 0.51097 0.62256
vt 0.11643 0.57161
vt 0.33984 0.09153
vt 0.33806 0.09126
vt 0.33866 0.09747
vt 0.45106 0.9663
vt 0.44494 0.96575
vt 0.44478 0.96438
vt 0.35132 0.09801
vt 0.35205 0.09253
vt 0.34912 0.09218
vt 0.06043 0.78743
vt 0.05536 0.78994
vt 0.06041 0.79189
vt 0.3664 0.30426
vt 0.36525 0.29757
vt 0.36417 0.30008
vt 0.25975 0.56592
vt 0.50829 0.60695
vt 0.50953 0.61216
vt 0.13868 0.57247
vt 0.7145 0.69801
vt 0.71929 0.69251
vt 0.71062 0.68072
vt 0.46229 0.57612
vt 0.345 0.08982
vt 0.34148 0.09047
vt 0.44398 0.96192
vt 0.44524 0.96109
vt 0.05274 0.78807
vt 0.0528 0.79181
vt 0.02968 0.56386
vt 0.3665 0.29685
vt 0.25885 0.56979
vt 0.22634 0.5787
vt 0.51236 0.60831
vt 0.5105 0.60543
vt 0.51092 0.61565
vt 0.5123 0.64792
vt 0.51245 0.66138
vt 0.51276 0.67658
vt 0.51503 0.6845
vt 0.51281 0.70917
vt 0.51265 0.72528
vt 0.51473 0.75714
vt 0.51475 0.75862
vt 0.18238 0.57552
vt 0.46656 0.57466
vt 0.46773 0.57567
vt 0.4605 0.57557
vt 0.34012 0.08907
vt 0.33796 0.08874
vt 0.44245 0.96626
vt 0.35113 0.08931
vt 0.35043 0.09074
vt 0.43993 0.96358
vt 0.0513 0.78997
vt 0.3637 0.29423
vt 0.515 0.6067
vt 0.51509 0.63116
vt 0.51501 0.69384
vt 0.46125 0.57858
vt 0.46581 0.57884
vt 0.4675 0.57814
vt 0.43694 0.96495
vt 0.04565 0.57845
vt 0.51632 0.60541
vt 0.51507 0.62016
vt 0.51508 0.64723
vt 0.51507 0.66738
vt 0.51511 0.70706
vt 0.51512 0.72611
vt 0.51514 0.74662
vt 0.08862 0.58463
vt 0.33235 0.04382
vt 0.33256 0.03952
vt 0.33411 0.04111
vt 0.4628 0.5814
vt 0.46495 0.58054
vt 0.33851 0.08763
vt 0.33965 0.08151
vt 0.33819 0.08213
vt 0.34976 0.08363
vt 0.34557 0.08019
vt 0.34302 0.08834
vt 0.34139 0.0817
vt 0.44171 0.96742
vt 0.43633 0.9671
vt 0.35179 0.08363
vt 0.04705 0.78669
vt 0.04541 0.78793
vt 0.05136 0.78756
vt 0.04402 0.79008
vt 0.04549 0.79185
vt 0.05146 0.79189
vt 0.25885 0.58182
vt 0.5278 0.05518
vt 0.52675 0.05666
vt 0.5385 0.05582
vt 0.53656 0.05726
vt 0.54957 0.05626
vt 0.55949 0.05705
vt 0.55676 0.05567
vt 0.56943 0.0555
vt 0.58495 0.05694
vt 0.58525 0.05562
vt 0.61031 0.05556
vt 0.61288 0.05689
vt 0.62762 0.05589
vt 0.63965 0.05566
vt 0.38274 0.04656
vt 0.38465 0.04685
vt 0.38358 0.04521
vt 0.38888 0.04524
vt 0.51656 0.60764
vt 0.5162 0.62939
vt 0.39046 0.04638
vt 0.26313 0.99029
vt 0.26056 0.99268
vt 0.2601 0.99139
vt 0.392 0.04526
vt 0.51678 0.63107
vt 0.51669 0.64536
vt 0.5167 0.67141
vt 0.51671 0.69354
vt 0.51657 0.71934
vt 0.51657 0.74431
vt 0.51641 0.75936
vt 0.46398 0.58337
vt 0.46586 0.58402
vt 0.46607 0.58215
vt 0.46413 0.58275
vt 0.46075 0.58222
vt 0.46182 0.58315
vt 0.43277 0.96576
vt 0.34234 0.07535
vt 0.03224 0.57269
vt 0.43677 0.96318
vt 0.0439 0.78745
vt 0.03184 0.57501
vt 0.36697 0.28555
vt 0.36595 0.28612
vt 0.25841 0.58224
vt 0.25717 0.5813
vt 0.24215 0.58805
vt 0.22511 0.837
vt 0.22563 0.83849
vt 0.22346 0.83856
vt 0.22332 0.83672
vt 0.22492 0.84362
vt 0.22341 0.84278
vt 0.22497 0.85827
vt 0.22395 0.87398
vt 0.22553 0.89678
vt 0.22436 0.90134
vt 0.2258 0.92241
vt 0.22482 0.93933
vt 0.22616 0.95051
vt 0.22533 0.97639
vt 0.22655 0.97762
vt 0.22672 0.99766
vt 0.22548 0.99422
vt 0.22553 0.99953
vt 0.22683 0.99922
vt 0.22732 0.85845
vt 0.22762 0.88961
vt 0.22794 0.92187
vt 0.22808 0.94293
vt 0.22841 0.96649
vt 0.23433 0.83725
vt 0.23083 0.84447
vt 0.23432 0.85713
vt 0.23603 0.99911
vt 0.62648 0.79117
vt 0.61734 0.79154
vt 0.61235 0.79084
vt 0.6276 0.7905
vt 0.23622 0.8385
vt 0.23628 0.87606
vt 0.23776 0.90437
vt 0.24044 0.92511
vt 0.23993 0.98554
vt 0.23916 0.96531
vt 0.25121 0.99747
vt 0.23711 0.84518
vt 0.23937 0.85829
vt 0.24993 0.94847
vt 0.24993 0.99087
vt 0.24766 0.83714
vt 0.24427 0.83864
vt 0.2491 0.87428
vt 0.24925 0.89513
vt 0.25027 0.97056
vt 0.25118 0.99884
vt 0.60215 0.79172
vt 0.24842 0.83873
vt 0.24863 0.84735
vt 0.24884 0.85664
vt 0.24951 0.90783
vt 0.24974 0.92828
vt 0.25044 0.98258
vt 0.25404 0.99294
vt 0.25063 0.8375
vt 0.25076 0.84202
vt 0.25087 0.85283
vt 0.25105 0.86656
vt 0.25147 0.90329
vt 0.25189 0.93454
vt 0.25206 0.95377
vt 0.25243 0.97684
vt 0.25359 0.98938
vt 0.59871 0.79137
vt 0.25329 0.98088
vt 0.25363 0.98777
vt 0.25628 0.99739
vt 0.25462 0.99913
vt 0.26824 0.99884
vt 0.26156 0.99736
vt 0.26162 0.83655
vt 0.26306 0.83819
vt 0.26149 0.83878
vt 0.26312 0.85373
vt 0.26216 0.8606
vt 0.26311 0.86216
vt 0.26888 0.83653
vt 0.26522 0.83805
vt 0.26494 0.85041
vt 0.26503 0.86132
vt 0.26496 0.87625
vt 0.26337 0.87649
vt 0.26499 0.8914
vt 0.26328 0.9025
vt 0.26483 0.90348
vt 0.26478 0.92117
vt 0.26319 0.9246
vt 0.26478 0.93458
vt 0.26326 0.95035
vt 0.26471 0.9518
vt 0.26466 0.96791
vt 0.26316 0.97527
vt 0.26475 0.99173
vt 0.26467 0.99735
vt 0.2687 0.87659
vt 0.27196 0.9003
vt 0.27017 0.92455
vt 0.2697 0.93496
vt 0.26965 0.9522
vt 0.28 0.8454
vt 0.26888 0.97629
vt 0.27898 0.86981
vt 0.27614 0.88107
vt 0.28224 0.99745
vt 0.28087 0.8381
vt 0.2806 0.85497
vt 0.28095 0.91154
vt 0.28313 0.93275
vt 0.281 0.94718
vt 0.27878 0.96097
vt 0.28505 0.96938
vt 0.27977 0.99917
vt 0.28882 0.89024
vt 0.29491 0.99121
vt 0.28806 0.83669
vt 0.29522 0.83815
vt 0.2964 0.85339
vt 0.28744 0.90807
vt 0.29869 0.99516
vt 0.28502 0.99898
vt 0.29949 0.84512
vt 0.29991 0.92913
vt 0.2987 0.84027
vt 0.29541 0.98151
vt 0.29724 0.87902
vt 0.29701 0.91442
vt 0.56837 0.79194
vt 0.5541 0.79128
vt 0.5736 0.7916
vt 0.30039 0.83713
vt 0.30277 0.96697
vt 0.30005 0.9976
vt 0.30502 0.90506
vt 0.30561 0.94438
vt 0.30447 0.85417
vt 0.30684 0.8777
vt 0.31834 0.92816
vt 0.31775 0.84025
vt 0.53709 0.79162
vt 0.32212 0.87053
vt 0.31949 0.89553
vt 0.31546 0.96116
vt 0.31977 0.8371
vt 0.3175 0.9156
vt 0.31522 0.97824
vt 0.31973 0.83828
vt 0.31854 0.84672
vt 0.33218 0.99767
vt 0.33492 0.9991
vt 0.5186 0.7927
vt 0.32675 0.85527
vt 0.31983 0.94814
vt 0.3287 0.9383
vt 0.32941 0.98066
vt 0.33622 0.99506
vt 0.33486 0.88959
vt 0.32912 0.91505
vt 0.3381 0.92768
vt 0.32815 0.96045
vt 0.34268 0.84481
vt 0.33987 0.84037
vt 0.34128 0.85424
vt 0.3352 0.90547
vt 0.33503 0.95223
vt 0.35105 0.83737
vt 0.34226 0.83835
vt 0.33613 0.96687
vt 0.33892 0.87995
vt 0.34904 0.86982
vt 0.35975 0.90251
vt 0.35523 0.98683
vt 0.36137 0.99523
vt 0.35124 0.97305
vt 0.35314 0.88634
vt 0.35241 0.91755
vt 0.36018 0.92958
vt 0.34993 0.93805
vt 0.35833 0.95926
vt 0.37333 0.83842
vt 0.35945 0.94797
vt 0.36019 0.85433
vt 0.36376 0.87643
vt 0.37469 0.97489
vt 0.36702 0.99786
vt 0.36294 0.99919
vt 0.49065 0.79315
vt 0.48691 0.79258
vt 0.36724 0.84053
vt 0.36963 0.84619
vt 0.37763 0.83717
vt 0.36954 0.89621
vt 0.37555 0.95987
vt 0.37813 0.87666
vt 0.37679 0.93507
vt 0.37918 0.85516
vt 0.37829 0.98543
vt 0.37387 0.9992
vt 0.47974 0.79301
vt 0.37831 0.8404
vt 0.37929 0.8457
vt 0.37669 0.91059
vt 0.37959 0.9979
vt 0.47827 0.79211
vt 0.37804 0.88781
vt 0.37827 0.94964
vt 0.37903 0.96921
vt 0.38505 0.89678
vt 0.38373 0.92687
vt 0.38546 0.83851
vt 0.38466 0.856
vt 0.38504 0.9509
vt 0.38504 0.83687
vt 0.3891 0.84347
vt 0.38556 0.87471
vt 0.386 0.9804
vt 0.38743 0.9995
vt 0.40145 0.99789
vt 0.39037 0.83623
vt 0.39485 0.91907
vt 0.39508 0.83857
vt 0.3971 0.85081
vt 0.39529 0.86933
vt 0.39656 0.89231
vt 0.39615 0.94193
vt 0.39674 0.95975
vt 0.39673 0.98202
vt 0.39302 0.83547
vt 0.39362 0.83357
vt 0.39556 0.83282
vt 0.39573 0.8357
vt 0.40092 0.99953
vt 0.39899 0.83176
vt 0.39796 0.83284
vt 0.3961 0.83151
vt 0.39875 0.83866
vt 0.40231 0.83758
vt 0.40212 0.85463
vt 0.40201 0.88019
vt 0.40193 0.9261
vt 0.40184 0.95834
vt 0.40214 0.83307
vt 0.40343 0.83781
vt 0.40315 0.85234
vt 0.34601 0.56783
vt 0.34693 0.56413
vt 0.34571 0.55329
vt 0.3463 0.52615
vt 0.40315 0.87704
vt 0.34563 0.5286
vt 0.40298 0.91792
vt 0.34559 0.48774
vt 0.34613 0.45859
vt 0.40292 0.95123
vt 0.34552 0.45446
vt 0.3462 0.40817
vt 0.40262 0.99693
vt 0.34564 0.40878
vt 0.40251 0.99954
vt 0.34609 0.40621
vt 0.34019 0.07684
vt 0.3383 0.07758
vt 0.43183 0.96713
vt 0.35081 0.08135
vt 0.15896 0.58531
vt 0.40404 0.83155
vt 0.40393 0.83289
vt 0.34735 0.57264
vt 0.34819 0.55201
vt 0.34823 0.52029
vt 0.34782 0.45813
vt 0.34782 0.43367
vt 0.34812 0.40651
vt 0.03951 0.786
vt 0.03672 0.78595
vt 0.03825 0.78808
vt 0.03658 0.78996
vt 0.0433 0.79198
vt 0.36424 0.28308
vt 0.36174 0.28929
vt 0.83579 0.18346
vt 0.83259 0.18329
vt 0.83395 0.19495
vt 0.18241 0.58966
vt 0.3563 0.56273
vt 0.35616 0.44768
vt 0.35629 0.42014
vt 0.35587 0.40648
vt 0.45052 0.79072
vt 0.45084 0.78727
vt 0.45116 0.79285
vt 0.4304 0.96849
vt 0.43006 0.96615
vt 0.03444 0.58302
vt 0.35208 0.07379
vt 0.35008 0.073
vt 0.34859 0.06176
vt 0.03593 0.78752
vt 0.03615 0.79207
vt 0.44649 0.41144
vt 0.44008 0.42065
vt 0.44676 0.42893
vt 0.1136 0.58845
vt 0.35706 0.57382
vt 0.35602 0.57226
vt 0.34693 0.57397
vt 0.35619 0.53317
vt 0.35612 0.479
vt 0.35717 0.40599
vt 0.35122 0.40594
vt 0.34375 0.06725
vt 0.42112 0.96839
vt 0.03504 0.79072
vt 0.36647 0.27663
vt 0.9763 0.74026
vt 0.97099 0.74745
vt 0.99735 0.74534
vt 0.91295 0.72632
vt 0.93612 0.74447
vt 0.94316 0.72765
vt 0.87242 0.71966
vt 0.85862 0.72175
vt 0.88274 0.72135
vt 0.98325 0.70565
vt 0.99891 0.70836
vt 0.99765 0.67036
vt 0.06179 0.58859
vt 0.33859 0.07579
vt 0.3395 0.06834
vt 0.3389 0.06626
vt 0.42269 0.96681
vt 0.34622 0.06378
vt 0.02915 0.78599
vt 0.36464 0.27364
vt 0.36196 0.28002
vt 0.36243 0.27439
vt 0.03356 0.58412
vt 0.36735 0.27641
vt 0.25796 0.59187
vt 0.25674 0.59468
vt 0.21884 0.58851
vt 0.12502 0.59817
vt 0.35716 0.57202
vt 0.35738 0.5524
vt 0.35737 0.47419
vt 0.35738 0.41561
vt 0.35757 0.4065
vt 0.34139 0.06444
vt 0.35041 0.06583
vt 0.0284 0.78848
vt 0.02566 0.79086
vt 0.0341 0.79224
vt 0.03426 0.58573
vt 0.14404 0.59192
vt 0.08455 0.60082
vt 0.04628 0.59811
vt 0.34008 0.06153
vt 0.353 0.06483
vt 0.02625 0.7922
vt 0.03695 0.59441
vt 0.83567 0.17322
vt 0.24838 0.60224
vt 0.33865 0.06023
vt 0.3444 0.0587
vt 0.02737 0.78493
vt 0.02153 0.78585
vt 0.02241 0.78641
vt 0.41609 0.96705
vt 0.35221 0.06206
vt 0.36325 0.26977
vt 0.3622 0.2689
vt 0.36772 0.27473
vt 0.36709 0.26599
vt 0.25587 0.60189
vt 0.2337 0.59995
vt 0.47558 0.01924
vt 0.47677 0.01817
vt 0.48472 0.01814
vt 0.47589 0.01762
vt 0.19653 0.59912
vt 0.3514 0.05694
vt 0.34174 0.06034
vt 0.02237 0.79076
vt 0.02312 0.79224
vt 0.03557 0.59403
vt 0.36815 0.26653
vt 0.33948 0.05775
vt 0.89601 0.3294
vt 0.89935 0.32996
vt 0.89827 0.32827
vt 0.35323 0.05434
vt 0.34674 0.0565
vt 0.34007 0.05666
vt 0.36317 0.26182
vt 0.03637 0.59547
vt 0.2565 0.60376
vt 0.16367 0.60145
vt 0.89411 0.55099
vt 0.89759 0.54832
vt 0.89616 0.547
vt 0.22045 0.60197
vt 0.87847 0.52453
vt 0.87709 0.52558
vt 0.8793 0.52541
vt 0.88088 0.50887
vt 0.87857 0.51076
vt 0.88273 0.49357
vt 0.88215 0.47455
vt 0.88235 0.42639
vt 0.87996 0.46417
vt 0.1236 0.60117
vt 0.88085 0.42365
vt 0.88175 0.40185
vt 0.87898 0.38415
vt 0.87747 0.38821
vt 0.87958 0.39177
vt 0.03838 0.60046
vt 0.35147 0.05477
vt 0.34677 0.05533
vt 0.36431 0.2586
vt 0.36312 0.25798
vt 0.03794 0.60213
vt 0.36849 0.26496
vt 0.36876 0.25827
vt 0.36724 0.25821
vt 0.25389 0.60411
vt 0.22234 0.60381
vt 0.16653 0.60334
vt 0.11703 0.60294
vt 0.08154 0.60267
vt 0.04074 0.60252
vt 0.68982 0.08867
vt 0.68976 0.08658
vt 0.69163 0.08723
vt 0.69184 0.08465
vt 0.69012 0.08282
vt 0.69158 0.08132
vt 0.69121 0.08034
vt 0.93173 0.38557
vt 0.93177 0.39722
vt 0.69322 0.07917
vt 0.69275 0.07757
vt 0.69243 0.07447
vt 0.69474 0.07454
vt 0.69432 0.07062
vt 0.69318 0.06977
vt 0.69406 0.06902
vt 0.69367 0.06776
vt 0.69512 0.06716
vt 0.69415 0.06609
vt 0.29869 0.60367
vt 0.7019 0.08557
vt 0.70335 0.08292
vt 0.70113 0.08106
vt 0.70072 0.07885
vt 0.7006 0.07643
vt 0.83137 0.76117
vt 0.50511 0.60411
vt 0.5025 0.60366
vt 0.50277 0.59764
vt 0.50391 0.5972
vt 0.30401 0.60159
vt 0.30191 0.60219
vt 0.30044 0.60083
vt 0.70336 0.08765
vt 0.70148 0.07219
vt 0.70046 0.07001
vt 0.8309 0.75013
vt 0.83365 0.76086
vt 0.83322 0.75326
vt 0.83485 0.75344
vt 0.8366 0.75434
vt 0.49277 0.60059
vt 0.49007 0.59813
vt 0.48385 0.60099
vt 0.48503 0.59532
vt 0.47235 0.59813
vt 0.47321 0.60123
vt 0.46346 0.60146
vt 0.45778 0.60144
vt 0.45764 0.59532
vt 0.45454 0.5992
vt 0.44872 0.60156
vt 0.4443 0.5998
vt 0.95209 0.38713
vt 0.95188 0.40444
vt 0.95186 0.43325
vt 0.95184 0.4675
vt 0.95224 0.48207
vt 0.35517 0.5995
vt 0.33699 0.60122
vt 0.33213 0.59935
vt 0.31905 0.60091
vt 0.31983 0.59929
vt 0.30981 0.60077
vt 0.30997 0.5999
vt 0.29773 0.59838
vt 0.71307 0.07417
vt 0.49093 0.59546
vt 0.47346 0.59535
vt 0.46391 0.59568
vt 0.45283 0.59591
vt 0.44606 0.59548
vt 0.43684 0.59648
vt 0.42807 0.59991
vt 0.4248 0.59648
vt 0.40107 0.59978
vt 0.40543 0.59638
vt 0.39635 0.59656
vt 0.36889 0.59966
vt 0.36733 0.59624
vt 0.36087 0.59571
vt 0.32761 0.59552
vt 0.31923 0.59277
vt 0.31056 0.59235
vt 0.3035 0.59459
vt 0.70683 0.08468
vt 0.50251 0.59244
vt 0.81454 0.93992
vt 0.07345 0.80137
vt 0.07272 0.80355
vt 0.07362 0.80367
vt 0.07354 0.80809
vt 0.07273 0.81928
vt 0.45251 0.59356
vt 0.45676 0.5938
vt 0.44357 0.59339
vt 0.42522 0.59334
vt 0.39177 0.59287
vt 0.36269 0.5927
vt 0.32619 0.59244
vt 0.2953 0.58
vt 0.71386 0.07586
vt 0.71457 0.06918
vt 0.7119 0.0646
vt 0.50448 0.58585
vt 0.49722 0.58949
vt 0.49467 0.58922
vt 0.07676 0.80315
vt 0.07728 0.80161
vt 0.079 0.8047
vt 0.0778 0.81012
vt 0.07457 0.82123
vt 0.07509 0.85386
vt 0.07291 0.85053
vt 0.07282 0.87872
vt 0.07455 0.88497
vt 0.07313 0.89974
vt 0.07461 0.92144
vt 0.07338 0.92513
vt 0.0734 0.94354
vt 0.07342 0.96267
vt 0.07885 0.95249
vt 0.07376 0.96462
vt 0.08086 0.96484
vt 0.74676 0.00792
vt 0.74656 0.01523
vt 0.75016 0.01541
vt 0.75384 0.00764
vt 0.76759 0.01569
vt 0.78362 0.01598
vt 0.78947 0.01456
vt 0.36971 0.59127
vt 0.35423 0.59107
vt 0.33306 0.59101
vt 0.32337 0.59115
vt 0.3138 0.59117
vt 0.71255 0.08408
vt 0.71747 0.07843
vt 0.83315 0.73934
vt 0.07905 0.82209
vt 0.07893 0.87387
vt 0.08102 0.89496
vt 0.08126 0.92046
vt 0.78263 0.00766
vt 0.79562 0.01403
vt 0.79926 0.01265
vt 0.82149 0.01386
vt 0.84437 0.01345
vt 0.869 0.01463
vt 0.88144 0.01466
vt 0.92142 0.01582
vt 0.90485 0.01502
vt 0.92471 0.01537
vt 0.92591 0.01598
vt 0.72071 0.07979
vt 0.50031 0.58275
vt 0.49442 0.58438
vt 0.08168 0.80205
vt 0.49333 0.58489
vt 0.08177 0.80904
vt 0.08161 0.82291
vt 0.08134 0.87105
vt 0.08183 0.95385
vt 0.75303 0.0063
vt 0.7473 0.00654
vt 0.79037 0.00957
vt 0.85763 0.01208
vt 0.92619 0.01153
vt 0.3137 0.586
vt 0.30735 0.57518
vt 0.72141 0.08329
vt 0.83072 0.73713
vt 0.83861 0.73956
vt 0.49317 0.58354
vt 0.08305 0.80198
vt 0.08268 0.80293
vt 0.08262 0.81336
vt 0.08252 0.85102
vt 0.08236 0.88117
vt 0.08253 0.92053
vt 0.08268 0.95926
vt 0.08225 0.96471
vt 0.77321 0.00628
vt 0.78469 0.00586
vt 0.78714 0.00597
vt 0.79845 0.00541
vt 0.8328 0.00605
vt 0.87785 0.00734
vt 0.91463 0.00787
vt 0.72417 0.08561
vt 0.7233 0.0711
vt 0.71325 0.06383
vt 0.82137 0.99474
vt 0.82132 0.9968
vt 0.82229 0.99649
vt 0.82233 0.99452
vt 0.82503 0.99504
vt 0.83204 0.99652
vt 0.83959 0.99524
vt 0.86728 0.99634
vt 0.86733 0.99502
vt 0.89551 0.99618
vt 0.90197 0.99479
vt 0.93235 0.99586
vt 0.91978 0.99469
vt 0.94558 0.9945
vt 0.96861 0.99571
vt 0.96803 0.99454
vt 0.97375 0.99557
vt 0.97229 0.99414
vt 0.90078 0.99016
vt 0.96446 0.99109
vt 0.82456 0.9797
vt 0.86366 0.98761
vt 0.93097 0.9881
vt 0.9736 0.98948
vt 0.8227 0.97954
vt 0.82199 0.97746
vt 0.49124 0.58314
vt 0.47493 0.58284
vt 0.47873 0.58014
vt 0.83487 0.982
vt 0.84772 0.98262
vt 0.94768 0.9817
vt 0.9676 0.97774
vt 0.97236 0.98139
vt 0.89999 0.98255
vt 0.92099 0.98126
vt 0.83087 0.9791
vt 0.87578 0.98139
vt 0.97335 0.96814
vt 0.85 0.97879
vt 0.88486 0.97866
vt 0.92262 0.97835
vt 0.94543 0.97848
vt 0.96006 0.97849
vt 0.82302 0.97621
vt 0.4734 0.58283
vt 0.47415 0.58146
vt 0.82986 0.97702
vt 0.55087 0.5978
vt 0.85856 0.97682
vt 0.56366 0.59928
vt 0.57116 0.59767
vt 0.88542 0.97673
vt 0.59065 0.59918
vt 0.59243 0.59752
vt 0.9209 0.9765
vt 0.62632 0.59908
vt 0.61842 0.59752
vt 0.64092 0.59743
vt 0.94949 0.9765
vt 0.65505 0.59889
vt 0.66367 0.5976
vt 0.95859 0.97648
vt 0.66414 0.599
vt 0.96315 0.97545
vt 0.52795 0.59902
vt 0.8285 0.97615
vt 0.95969 0.97581
vt 0.96552 0.97487
vt 0.67122 0.5992
vt 0.97024 0.96394
vt 0.96601 0.97194
vt 0.38303 0.58708
vt 0.38311 0.58858
vt 0.38593 0.5885
vt 0.38549 0.58703
vt 0.38993 0.58703
vt 0.97214 0.9645
vt 0.96493 0.96766
vt 0.96642 0.96478
vt 0.96487 0.96551
vt 0.82349 0.96221
vt 0.83306 0.96204
vt 0.84993 0.96213
vt 0.87902 0.9625
vt 0.88119 0.96421
vt 0.9008 0.96242
vt 0.90695 0.96417
vt 0.96457 0.96218
vt 0.97322 0.95599
vt 0.82264 0.96006
vt 0.8321 0.95934
vt 0.84225 0.9594
vt 0.87681 0.95869
vt 0.91262 0.96292
vt 0.90822 0.95794
vt 0.96909 0.95738
vt 0.97178 0.9563
vt 0.82312 0.95698
vt 0.82722 0.95515
vt 0.85208 0.95669
vt 0.8314 0.9544
vt 0.84363 0.9546
vt 0.87321 0.95453
vt 0.90157 0.9543
vt 0.91264 0.95476
vt 0.8326 0.95161
vt 0.84754 0.9515
vt 0.85838 0.95127
vt 0.86855 0.95266
vt 0.88451 0.95063
vt 0.90559 0.95108
vt 0.97288 0.953
vt 0.78748 0.0051
vt 0.79372 0.00478
vt 0.92642 0.00561
vt 0.31376 0.5788
vt 0.82921 0.73165
vt 0.83572 0.72733
vt 0.83808 0.72852
vt 0.48645 0.57501
vt 0.57311 0.59504
vt 0.59151 0.59507
vt 0.61283 0.59496
vt 0.63498 0.59391
vt 0.64945 0.59518
vt 0.66904 0.59456
vt 0.52711 0.5977
vt 0.38222 0.58594
vt 0.38316 0.58458
vt 0.38743 0.58371
vt 0.38999 0.58433
vt 0.82193 0.96645
vt 0.82414 0.96647
vt 0.82333 0.96463
vt 0.83081 0.96683
vt 0.392 0.58697
vt 0.39149 0.58501
vt 0.82182 0.96234
vt 0.81133 0.15901
vt 0.81282 0.15757
vt 0.80904 0.15685
vt 0.91003 0.96509
vt 0.91815 0.96495
vt 0.92027 0.96318
vt 0.93167 0.9646
vt 0.95001 0.96475
vt 0.96257 0.96481
vt 0.95957 0.96268
vt 0.96301 0.96232
vt 0.92376 0.95741
vt 0.93177 0.95549
vt 0.95704 0.95443
vt 0.80265 0.15719
vt 0.80704 0.15571
vt 0.82198 0.95524
vt 0.91844 0.95205
vt 0.94288 0.95311
vt 0.96334 0.95239
vt 0.79495 0.15916
vt 0.96689 0.95477
vt 0.8235 0.95068
vt 0.92224 0.9484
vt 0.83499 0.94784
vt 0.97185 0.94987
vt 0.87497 0.94456
vt 0.90413 0.94509
vt 0.91129 0.94714
vt 0.97312 0.94643
vt 0.82237 0.94395
vt 0.79202 0.1578
vt 0.8488 0.94422
vt 0.91259 0.93979
vt 0.92864 0.93616
vt 0.97191 0.94618
vt 0.97303 0.94491
vt 0.79024 0.15902
vt 0.8358 0.93948
vt 0.87121 0.93969
vt 0.79505 0.00411
vt 0.82362 0.94084
vt 0.85184 0.93773
vt 0.83787 0.00509
vt 0.87004 0.00542
vt 0.88532 0.00519
vt 0.91589 0.00537
vt 0.83009 0.73097
vt 0.50562 0.57186
vt 0.50482 0.57171
vt 0.4974 0.57603
vt 0.55576 0.58662
vt 0.5901 0.5882
vt 0.65336 0.58749
vt 0.38504 0.57875
vt 0.81268 0.16816
vt 0.39167 0.58174
vt 0.79189 0.16121
vt 0.95602 0.94266
vt 0.94243 0.93929
vt 0.96839 0.93896
vt 0.82173 0.94188
vt 0.97214 0.93865
vt 0.97005 0.92162
vt 0.82172 0.93372
vt 0.83729 0.93108
vt 0.86967 0.9337
vt 0.8922 0.93377
vt 0.91151 0.93316
vt 0.82363 0.93277
vt 0.95568 0.91897
vt 0.77795 0.15932
vt 0.82191 0.92892
vt 0.85466 0.92646
vt 0.88389 0.9245
vt 0.82374 0.92528
vt 0.9164 0.92207
vt 0.87845 0.91406
vt 0.86808 0.91206
vt 0.89713 0.91555
vt 0.93774 0.91997
vt 0.97325 0.89947
vt 0.8367 0.91621
vt 0.9721 0.90422
vt 0.82154 0.90588
vt 0.8221 0.90541
vt 0.88971 0.9115
vt 0.91905 0.91029
vt 0.94904 0.90735
vt 0.82369 0.90307
vt 0.9367 0.90732
vt 0.84664 0.90429
vt 0.83486 0.89985
vt 0.89274 0.89573
vt 0.92677 0.89965
vt 0.9613 0.89482
vt 0.84739 0.89771
vt 0.90817 0.89792
vt 0.93609 0.8941
vt 0.95395 0.8854
vt 0.75585 0.15965
vt 0.74075 0.16056
vt 0.8688 0.89654
vt 0.88225 0.88941
vt 0.82384 0.88715
vt 0.9721 0.88074
vt 0.83607 0.87579
vt 0.90435 0.87745
vt 0.91955 0.87906
vt 0.82235 0.88111
vt 0.73298 0.15991
vt 0.86426 0.87686
vt 0.84824 0.86823
vt 0.87724 0.86934
vt 0.93853 0.87655
vt 0.72818 0.1608
vt 0.82385 0.86762
vt 0.8948 0.85945
vt 0.9577 0.86402
vt 0.91559 0.85708
vt 0.97351 0.86533
vt 0.83518 0.85577
vt 0.93689 0.85784
vt 0.97217 0.86695
vt 0.82248 0.85594
vt 0.7093 0.15991
vt 0.71479 0.16084
vt 0.86321 0.85937
vt 0.90652 0.85999
vt 0.8765 0.85424
vt 0.92787 0.84106
vt 0.95075 0.84576
vt 0.70114 0.16062
vt 0.85877 0.84461
vt 0.82252 0.84397
vt 0.82176 0.84727
vt 0.89212 0.83442
vt 0.90478 0.83253
vt 0.97243 0.84902
vt 0.97363 0.84915
vt 0.96149 0.8424
vt 0.82667 0.83373
vt 0.83775 0.83601
vt 0.97345 0.84813
vt 0.85295 0.83794
vt 0.87206 0.83786
vt 0.9081 0.83476
vt 0.97252 0.83845
vt 0.83364 0.81425
vt 0.8232 0.82767
vt 0.8574 0.82341
vt 0.88161 0.82558
vt 0.94498 0.82664
vt 0.95506 0.82778
vt 0.82237 0.82654
vt 0.92966 0.82567
vt 0.82926 0.81881
vt 0.88621 0.00465
vt 0.84176 0.81043
vt 0.90347 0.81353
vt 0.87289 0.80586
vt 0.82584 0.81249
vt 0.82006 0.81568
vt 0.82246 0.81482
vt 0.81947 0.81311
vt 0.81976 0.8103
vt 0.72933 0.07558
vt 0.47872 0.5621
vt 0.47485 0.5658
vt 0.53357 0.58871
vt 0.66156 0.58609
vt 0.66899 0.58806
vt 0.67044 0.58782
vt 0.38288 0.5788
vt 0.38245 0.57735
vt 0.81181 0.16961
vt 0.80991 0.16888
vt 0.80353 0.16638
vt 0.79454 0.16694
vt 0.71849 0.16208
vt 0.70074 0.16169
vt 0.70321 0.16401
vt 0.68165 0.16064
vt 0.68267 0.16188
vt 0.97245 0.82222
vt 0.97372 0.81666
vt 0.82463 0.82054
vt 0.96462 0.81458
vt 0.67525 0.16156
vt 0.82228 0.81967
vt 0.8224 0.8178
vt 0.82483 0.81742
vt 0.67342 0.1614
vt 0.67345 0.16376
vt 0.82088 0.8175
vt 0.85551 0.80574
vt 0.92889 0.80808
vt 0.81773 0.81505
vt 0.32537 0.57544
vt 0.32491 0.57768
vt 0.32313 0.57562
vt 0.89946 0.80585
vt 0.92142 0.80581
vt 0.95132 0.80642
vt 0.9724 0.80611
vt 0.81713 0.80989
vt 0.83307 0.80727
vt 0.96299 0.80628
vt 0.31746 0.5782
vt 0.81726 0.80725
vt 0.81955 0.80732
vt 0.8414 0.80555
vt 0.97375 0.80546
vt 0.3153 0.57719
vt 0.31543 0.57848
vt 0.81719 0.80502
vt 0.85555 0.80433
vt 0.88487 0.80454
vt 0.92469 0.80481
vt 0.95567 0.80515
vt 0.96943 0.80517
vt 0.72982 0.08329
vt 0.73004 0.07934
vt 0.83171 0.71962
vt 0.47402 0.5704
vt 0.39053 0.57271
vt 0.72009 0.16866
vt 0.69814 0.16794
vt 0.6749 0.16996
vt 0.67316 0.16598
vt 0.67255 0.16481
vt 0.31555 0.56648
vt 0.29308 0.56905
vt 0.73392 0.07682
vt 0.7297 0.0665
vt 0.7299 0.06378
vt 0.73248 0.06092
vt 0.58903 0.57834
vt 0.61016 0.57835
vt 0.63387 0.58021
vt 0.38328 0.56961
vt 0.39138 0.56624
vt 0.68459 0.17031
vt 0.68247 0.17576
vt 0.67805 0.16998
vt 0.67315 0.169
vt 0.32346 0.56781
vt 0.73131 0.08449
vt 0.73531 0.0808
vt 0.73327 0.0669
vt 0.50633 0.5601
vt 0.50029 0.55698
vt 0.38552 0.56778
vt 0.79 0.18024
vt 0.67308 0.17175
vt 0.32589 0.56708
vt 0.30265 0.56052
vt 0.50517 0.55743
vt 0.49536 0.55449
vt 0.52902 0.5711
vt 0.53655 0.57556
vt 0.65262 0.57233
vt 0.66892 0.57202
vt 0.38276 0.55569
vt 0.80987 0.18296
vt 0.7781 0.1802
vt 0.7487 0.17746
vt 0.73971 0.17905
vt 0.67883 0.17558
vt 0.32674 0.56608
vt 0.32581 0.55973
vt 0.3242 0.56394
vt 0.74023 0.08601
vt 0.7393 0.08173
vt 0.7373 0.07083
vt 0.83678 0.70923
vt 0.83845 0.71655
vt 0.48864 0.54943
vt 0.81158 0.17861
vt 0.80292 0.18383
vt 0.67666 0.1765
vt 0.67545 0.17857
vt 0.32704 0.55525
vt 0.28984 0.55672
vt 0.74321 0.0835
vt 0.73622 0.06073
vt 0.56374 0.57411
vt 0.62534 0.56277
vt 0.67037 0.56511
vt 0.38242 0.55466
vt 0.72157 0.18233
vt 0.68137 0.1803
vt 0.68038 0.17976
vt 0.67315 0.17945
vt 0.28945 0.55123
vt 0.74169 0.07993
vt 0.74054 0.07512
vt 0.74387 0.06855
vt 0.74354 0.06398
vt 0.83182 0.71558
vt 0.4742 0.5452
vt 0.52763 0.56142
vt 0.58627 0.56485
vt 0.39129 0.54898
vt 0.68171 0.18616
vt 0.67777 0.18162
vt 0.32449 0.55349
vt 0.74417 0.07178
vt 0.74368 0.06514
vt 0.82866 0.70776
vt 0.83039 0.70621
vt 0.83297 0.70362
vt 0.83871 0.70674
vt 0.50688 0.55045
vt 0.50289 0.54553
vt 0.52903 0.56183
vt 0.54756 0.55871
vt 0.67957 0.18423
vt 0.67845 0.18909
vt 0.31309 0.54957
vt 0.74815 0.07775
vt 0.48 0.53993
vt 0.47505 0.53848
vt 0.68568 0.19881
vt 0.67459 0.1901
vt 0.67321 0.19004
vt 0.75072 0.08493
vt 0.74884 0.0803
vt 0.75131 0.07529
vt 0.83532 0.69888
vt 0.83783 0.7036
vt 0.64525 0.55377
vt 0.3853 0.54341
vt 0.81169 0.21082
vt 0.76609 0.19211
vt 0.67969 0.18864
vt 0.32585 0.53265
vt 0.29985 0.54178
vt 0.7488 0.08195
vt 0.75809 0.07119
vt 0.75417 0.06414
vt 0.49852 0.5393
vt 0.53627 0.55901
vt 0.793 0.2025
vt 0.77875 0.20368
vt 0.75434 0.06826
vt 0.75669 0.06537
vt 0.82827 0.69635
vt 0.82949 0.69744
vt 0.56427 0.55064
vt 0.60761 0.55197
vt 0.38314 0.52419
vt 0.73888 0.2031
vt 0.75428 0.0817
vt 0.75572 0.07935
vt 0.83926 0.69791
vt 0.50716 0.54171
vt 0.68185 0.20847
vt 0.32711 0.53627
vt 0.28671 0.53399
vt 0.76683 0.08798
vt 0.83185 0.68546
vt 0.83727 0.69027
vt 0.83842 0.69198
vt 0.5052 0.54059
vt 0.49119 0.52406
vt 0.53416 0.54494
vt 0.58897 0.5545
vt 0.62294 0.54012
vt 0.80986 0.21338
vt 0.71761 0.20784
vt 0.75842 0.08256
vt 0.4739 0.53471
vt 0.65815 0.5368
vt 0.80372 0.21489
vt 0.75858 0.20924
vt 0.6798 0.20947
vt 0.30915 0.52433
vt 0.50533 0.52724
vt 0.50175 0.52433
vt 0.63164 0.53535
vt 0.66896 0.54562
vt 0.76677 0.08052
vt 0.76579 0.07464
vt 0.76308 0.06392
vt 0.83261 0.68271
vt 0.57343 0.53454
vt 0.58545 0.53194
vt 0.6786 0.2095
vt 0.67457 0.21393
vt 0.7662 0.08874
vt 0.76754 0.08368
vt 0.7666 0.0682
vt 0.76561 0.06568
vt 0.59879 0.53868
vt 0.71334 0.22152
vt 0.69997 0.21707
vt 0.29783 0.52373
vt 0.76618 0.07781
vt 0.50857 0.53598
vt 0.50761 0.52127
vt 0.64399 0.53645
vt 0.47382 0.52078
vt 0.77881 0.21862
vt 0.73377 0.21527
vt 0.32708 0.51857
vt 0.28507 0.52636
vt 0.77058 0.08219
vt 0.77195 0.07068
vt 0.83061 0.68025
vt 0.83897 0.67645
vt 0.50935 0.52058
vt 0.82801 0.67644
vt 0.77347 0.07284
vt 0.83319 0.67985
vt 0.83713 0.67586
vt 0.38578 0.51442
vt 0.69462 0.23178
vt 0.67319 0.22122
vt 0.55898 0.53074
vt 0.6161 0.5195
vt 0.79483 0.23144
vt 0.68498 0.22234
vt 0.67748 0.22831
vt 0.77546 0.07943
vt 0.6691 0.51456
vt 0.74979 0.22549
vt 0.6819 0.2241
vt 0.6799 0.22305
vt 0.67885 0.22744
vt 0.32601 0.5143
vt 0.28445 0.51864
vt 0.78187 0.0881
vt 0.77732 0.08133
vt 0.83284 0.66597
vt 0.83903 0.66941
vt 0.50985 0.51359
vt 0.49394 0.51082
vt 0.54667 0.5192
vt 0.7306 0.23374
vt 0.30299 0.50736
vt 0.77944 0.07002
vt 0.83732 0.65909
vt 0.838 0.66985
vt 0.67042 0.51042
vt 0.38244 0.50001
vt 0.80991 0.24702
vt 0.31443 0.50551
vt 0.78149 0.08116
vt 0.78274 0.07507
vt 0.78491 0.07359
vt 0.83187 0.66273
vt 0.64822 0.51765
vt 0.47385 0.50287
vt 0.32378 0.51126
vt 0.28255 0.50906
vt 0.78849 0.08234
vt 0.78298 0.07812
vt 0.83989 0.66365
vt 0.50761 0.51024
vt 0.50968 0.50781
vt 0.5056 0.49862
vt 0.4999 0.49877
vt 0.77584 0.23863
vt 0.71228 0.23513
vt 0.67992 0.22843
vt 0.32711 0.50272
vt 0.79384 0.08605
vt 0.7887 0.07535
vt 0.82766 0.65696
vt 0.82891 0.65887
vt 0.79458 0.06778
vt 0.83864 0.66057
vt 0.55949 0.51168
vt 0.57267 0.51094
vt 0.59786 0.50752
vt 0.8117 0.247
vt 0.76139 0.23937
vt 0.67882 0.22922
vt 0.79395 0.08305
vt 0.78988 0.08061
vt 0.79129 0.07048
vt 0.83483 0.65108
vt 0.74602 0.24605
vt 0.32598 0.50442
vt 0.28087 0.49904
vt 0.7903 0.0777
vt 0.8312 0.65528
vt 0.83247 0.65596
vt 0.5078 0.50191
vt 0.47427 0.48816
vt 0.38506 0.49619
vt 0.68171 0.23922
vt 0.67472 0.25026
vt 0.79925 0.07281
vt 0.51124 0.50491
vt 0.50984 0.49975
vt 0.4814 0.49554
vt 0.47508 0.48808
vt 0.67984 0.23891
vt 0.67726 0.25
vt 0.28025 0.49098
vt 0.79953 0.07723
vt 0.83894 0.64998
vt 0.51177 0.49437
vt 0.64195 0.50396
vt 0.80242 0.25232
vt 0.67325 0.25239
vt 0.67264 0.22247
vt 0.67256 0.25128
vt 0.80382 0.07921
vt 0.83346 0.65053
vt 0.54155 0.50225
vt 0.61249 0.4975
vt 0.6286 0.50216
vt 0.66904 0.49287
vt 0.38318 0.48504
vt 0.72922 0.25345
vt 0.70688 0.25436
vt 0.67871 0.25551
vt 0.32585 0.48519
vt 0.81054 0.08804
vt 0.80373 0.08162
vt 0.80146 0.06909
vt 0.83176 0.64146
vt 0.5101 0.48868
vt 0.65516 0.49406
vt 0.47377 0.48782
vt 0.78484 0.25076
vt 0.7153 0.24985
vt 0.69639 0.25741
vt 0.51216 0.48963
vt 0.50785 0.48532
vt 0.50061 0.47292
vt 0.55303 0.49558
vt 0.67976 0.26134
vt 0.30226 0.48827
vt 0.80823 0.08407
vt 0.83402 0.64148
vt 0.59335 0.49613
vt 0.6236 0.489
vt 0.80983 0.26944
vt 0.68148 0.26033
vt 0.32704 0.48558
vt 0.41795 0.22806
vt 0.80722 0.07669
vt 0.8081 0.07032
vt 0.83699 0.63976
vt 0.83992 0.6409
vt 0.51201 0.48527
vt 0.56886 0.48831
vt 0.79123 0.2598
vt 0.76762 0.26142
vt 0.30061 0.47852
vt 0.28002 0.48472
vt 0.80889 0.08131
vt 0.80907 0.07819
vt 0.80959 0.06777
vt 0.83067 0.63618
vt 0.48122 0.48024
vt 0.27845 0.4765
vt 0.81858 0.0834
vt 0.81222 0.08267
vt 0.81146 0.07526
vt 0.81147 0.07363
vt 0.81508 0.0659
vt 0.8328 0.63488
vt 0.83503 0.63146
vt 0.50987 0.47582
vt 0.66213 0.46897
vt 0.3852 0.47362
vt 0.7348 0.27151
vt 0.31106 0.47484
vt 0.81703 0.08097
vt 0.81224 0.07832
vt 0.83672 0.63154
vt 0.83862 0.62893
vt 0.48973 0.47172
vt 0.47464 0.47017
vt 0.47383 0.46416
vt 0.67265 0.2843
vt 0.31835 0.46735
vt 0.82018 0.08612
vt 0.8192 0.07792
vt 0.51415 0.4734
vt 0.51217 0.47198
vt 0.59043 0.48269
vt 0.29335 0.46624
vt 0.81916 0.08218
vt 0.81959 0.07523
vt 0.83288 0.62689
vt 0.63568 0.47133
vt 0.64264 0.47964
vt 0.74688 0.27379
vt 0.67876 0.27094
vt 0.83763 0.62762
vt 0.50389 0.44957
vt 0.57911 0.47077
vt 0.67041 0.4648
vt 0.81178 0.28768
vt 0.77875 0.28163
vt 0.82171 0.07377
vt 0.8382 0.62023
vt 0.83913 0.62464
vt 0.51411 0.46906
vt 0.49264 0.4399
vt 0.3825 0.45441
vt 0.68628 0.28019
vt 0.32718 0.45673
vt 0.30222 0.46091
vt 0.82808 0.08165
vt 0.82869 0.07906
vt 0.83198 0.61652
vt 0.83338 0.61159
vt 0.51226 0.4646
vt 0.54735 0.47111
vt 0.5611 0.45939
vt 0.61766 0.47186
vt 0.76191 0.27858
vt 0.6734 0.28748
vt 0.31036 0.4556
vt 0.83086 0.08799
vt 0.82898 0.08406
vt 0.82782 0.0771
vt 0.48105 0.44846
vt 0.67477 0.28366
vt 0.83522 0.07577
vt 0.83066 0.61291
vt 0.83974 0.61771
vt 0.51431 0.46209
vt 0.47469 0.45267
vt 0.83138 0.08287
vt 0.83225 0.08145
vt 0.8372 0.07008
vt 0.59808 0.46122
vt 0.38458 0.45228
vt 0.71682 0.28743
vt 0.6815 0.28821
vt 0.67989 0.29408
vt 0.67884 0.29004
vt 0.8409 0.0724
vt 0.83652 0.6079
vt 0.615 0.45968
vt 0.38308 0.44924
vt 0.69676 0.30455
vt 0.27779 0.46182
vt 0.83611 0.08255
vt 0.83556 0.07755
vt 0.82891 0.60427
vt 0.84085 0.06532
vt 0.57463 0.44975
vt 0.80987 0.30258
vt 0.76492 0.2929
vt 0.73686 0.29577
vt 0.27602 0.44251
vt 0.83991 0.07738
vt 0.84054 0.0745
vt 0.83322 0.60089
vt 0.64738 0.45486
vt 0.47397 0.44293
vt 0.38747 0.43644
vt 0.68677 0.30578
vt 0.31615 0.4346
vt 0.8425 0.08212
vt 0.84406 0.07997
vt 0.84238 0.06739
vt 0.83108 0.60103
vt 0.83791 0.59927
vt 0.48794 0.43608
vt 0.78183 0.29761
vt 0.29336 0.44281
vt 0.85423 0.08374
vt 0.84583 0.07691
vt 0.83988 0.59927
vt 0.52774 0.45904
vt 0.84935 0.07424
vt 0.83905 0.59892
vt 0.4752 0.43977
vt 0.54876 0.44542
vt 0.634 0.44991
vt 0.68154 0.29832
vt 0.67478 0.30551
vt 0.29908 0.43049
vt 0.50568 0.43481
vt 0.79824 0.30201
vt 0.75947 0.30732
vt 0.7191 0.3033
vt 0.67894 0.30806
vt 0.67324 0.30595
vt 0.32718 0.43966
vt 0.32603 0.42791
vt 0.6726 0.30486
vt 0.85425 0.08151
vt 0.85658 0.07853
vt 0.85314 0.07634
vt 0.83941 0.59146
vt 0.51596 0.44365
vt 0.5889 0.44291
vt 0.66909 0.4451
vt 0.782 0.30862
vt 0.74515 0.30585
vt 0.70623 0.31228
vt 0.85988 0.08803
vt 0.86003 0.06714
vt 0.83202 0.58567
vt 0.83308 0.59026
vt 0.60242 0.43964
vt 0.61852 0.4418
vt 0.8623 0.08863
vt 0.8368 0.58557
vt 0.47395 0.42686
vt 0.27471 0.42971
vt 0.27404 0.43922
vt 0.85772 0.08285
vt 0.85775 0.08133
vt 0.87795 0.07166
vt 0.86594 0.0692
vt 0.5172 0.43588
vt 0.56028 0.43869
vt 0.67035 0.43259
vt 0.52769 0.44296
vt 0.73125 0.31531
vt 0.71743 0.32133
vt 0.8647 0.08795
vt 0.86115 0.07555
vt 0.83386 0.57749
vt 0.8395 0.58558
vt 0.5178 0.42999
vt 0.32735 0.4203
vt 0.30659 0.42498
vt 0.86241 0.0825
vt 0.86551 0.07668
vt 0.50937 0.41263
vt 0.64414 0.4333
vt 0.79828 0.31975
vt 0.8098 0.32773
vt 0.68152 0.31578
vt 0.67878 0.31963
vt 0.83064 0.57668
vt 0.83861 0.57719
vt 0.51812 0.41727
vt 0.51392 0.41415
vt 0.53038 0.43455
vt 0.6599 0.42921
vt 0.81183 0.33179
vt 0.76765 0.32366
vt 0.742 0.32058
vt 0.67972 0.326
vt 0.86704 0.07495
vt 0.83304 0.57566
vt 0.83968 0.57298
vt 0.49251 0.41347
vt 0.53112 0.42139
vt 0.59742 0.42748
vt 0.78192 0.32324
vt 0.28373 0.41518
vt 0.60117 0.91344
vt 0.60972 0.9174
vt 0.60263 0.91641
vt 0.86899 0.07994
vt 0.82918 0.56986
vt 0.87098 0.06453
vt 0.8255 0.57256
vt 0.51699 0.41619
vt 0.57744 0.42528
vt 0.63486 0.42389
vt 0.66913 0.42448
vt 0.68718 0.32522
vt 0.31135 0.40967
vt 0.29982 0.41253
vt 0.60445 0.921
vt 0.59809 0.91805
vt 0.87227 0.07636
vt 0.87114 0.07438
vt 0.62246 0.42351
vt 0.4739 0.40538
vt 0.79235 0.3286
vt 0.88026 0.08415
vt 0.87149 0.08195
vt 0.87486 0.06652
vt 0.83492 0.56774
vt 0.52775 0.42147
vt 0.38502 0.3967
vt 0.74846 0.3342
vt 0.67642 0.32867
vt 0.32608 0.4109
vt 0.29825 0.40275
vt 0.27391 0.39998
vt 0.87598 0.07367
vt 0.83125 0.56549
vt 0.83273 0.56662
vt 0.83931 0.5688
vt 0.51884 0.41612
vt 0.51875 0.41298
vt 0.51669 0.41173
vt 0.54961 0.42454
vt 0.56332 0.41541
vt 0.72401 0.33615
vt 0.70296 0.33068
vt 0.68144 0.33328
vt 0.87778 0.06443
vt 0.82516 0.56535
vt 0.65061 0.41195
vt 0.67878 0.33184
vt 0.585 0.91239
vt 0.88603 0.07572
vt 0.83833 0.56088
vt 0.5189 0.40577
vt 0.59487 0.41058
vt 0.61581 0.41319
vt 0.38246 0.42221
vt 0.38293 0.38904
vt 0.77491 0.33846
vt 0.88359 0.08161
vt 0.58975 0.90826
vt 0.88649 0.06624
vt 0.8368 0.55781
vt 0.52044 0.40506
vt 0.49531 0.39423
vt 0.76001 0.33929
vt 0.70652 0.35752
vt 0.68801 0.33746
vt 0.88721 0.08335
vt 0.58298 0.90882
vt 0.88814 0.06387
vt 0.57393 0.40224
vt 0.66907 0.39784
vt 0.81272 0.33296
vt 0.8125 0.3362
vt 0.79202 0.34378
vt 0.32734 0.38986
vt 0.28386 0.38589
vt 0.89069 0.06974
vt 0.54599 0.40827
vt 0.80981 0.34509
vt 0.72814 0.3468
vt 0.89016 0.08169
vt 0.58367 0.90515
vt 0.83441 0.54736
vt 0.83866 0.55556
vt 0.53026 0.40921
vt 0.6146 0.39613
vt 0.63764 0.40574
vt 0.52779 0.40653
vt 0.812 0.33902
vt 0.67979 0.34802
vt 0.68151 0.35104
vt 0.67886 0.34519
vt 0.30826 0.38387
vt 0.29561 0.38725
vt 0.67035 0.38252
vt 0.38242 0.37218
vt 0.81268 0.33996
vt 0.81183 0.3417
vt 0.326 0.38432
vt 0.44897 0.77032
vt 0.44191 0.77025
vt 0.45451 0.76879
vt 0.57644 0.90662
vt 0.57813 0.90953
vt 0.89526 0.06605
vt 0.50996 0.37948
vt 0.48754 0.37337
vt 0.47403 0.39045
vt 0.78263 0.35004
vt 0.71336 0.35988
vt 0.68935 0.35473
vt 0.67591 0.34818
vt 0.27127 0.37796
vt 0.57942 0.90184
vt 0.83677 0.5438
vt 0.83856 0.54164
vt 0.83939 0.55482
vt 0.50386 0.37554
vt 0.73991 0.35454
vt 0.31768 0.38661
vt 0.27214 0.37925
vt 0.4564 0.76499
vt 0.83522 0.54325
vt 0.48082 0.36932
vt 0.6306 0.39584
vt 0.80344 0.36514
vt 0.76823 0.3532
vt 0.75472 0.35935
vt 0.573 0.90497
vt 0.57135 0.90074
vt 0.89962 0.0764
vt 0.82933 0.54031
vt 0.90319 0.0681
vt 0.83255 0.5432
vt 0.83989 0.53723
vt 0.52045 0.38082
vt 0.53158 0.39589
vt 0.90253 0.07348
vt 0.90834 0.07291
vt 0.83788 0.5399
vt 0.47478 0.37562
vt 0.5977 0.39612
vt 0.65796 0.38834
vt 0.80989 0.37581
vt 0.81178 0.37184
vt 0.68152 0.36309
vt 0.96084 0.14475
vt 0.98924 0.14475
vt 0.97233 0.14384
vt 0.67877 0.35767
vt 0.67572 0.35966
vt 0.27369 0.38044
vt 0.46376 0.76286
vt 0.56695 0.89647
vt 0.56753 0.90246
vt 0.90538 0.07605
vt 0.38501 0.38205
vt 0.79144 0.37067
vt 0.78993 0.10021
vt 0.77324 0.10036
vt 0.79095 0.10091
vt 0.4663 0.76949
vt 0.8332 0.53356
vt 0.83916 0.53423
vt 0.49708 0.3519
vt 0.54506 0.3854
vt 0.56117 0.3876
vt 0.59641 0.38348
vt 0.47408 0.37278
vt 0.77684 0.36453
vt 0.67969 0.3662
vt 0.32391 0.37089
vt 0.31701 0.36041
vt 0.47191 0.76467
vt 0.83526 0.52704
vt 0.5278 0.38884
vt 0.69799 0.36999
vt 0.2887 0.36802
vt 0.83865 0.52639
vt 0.52146 0.37786
vt 0.64377 0.38419
vt 0.68436 0.38098
vt 0.67867 0.36649
vt 0.32738 0.36777
vt 0.55432 0.89683
vt 0.82865 0.52285
vt 0.53142 0.38375
vt 0.68879 0.37855
vt 0.91926 0.07537
vt 0.8319 0.51896
vt 0.92574 0.0675
vt 0.83941 0.52434
vt 0.52227 0.36787
vt 0.58531 0.37595
vt 0.61872 0.37715
vt 0.64006 0.36981
vt 0.74548 0.38084
vt 0.68153 0.37582
vt 0.47456 0.76223
vt 0.55669 0.89206
vt 0.83372 0.51994
vt 0.4741 0.35565
vt 0.77777 0.37557
vt 0.67583 0.37771
vt 0.29823 0.35913
vt 0.27357 0.35686
vt 0.48137 0.76905
vt 0.92172 0.06379
vt 0.83707 0.51644
vt 0.38507 0.35578
vt 0.76643 0.38018
vt 0.67888 0.37935
vt 0.29955 0.35445
vt 0.47957 0.76379
vt 0.83866 0.51522
vt 0.5538 0.37365
vt 0.57288 0.37257
vt 0.65383 0.36638
vt 0.52779 0.3717
vt 0.72288 0.38177
vt 0.67965 0.37806
vt 0.32623 0.35264
vt 0.93013 0.07267
vt 0.83526 0.51317
vt 0.38299 0.33995
vt 0.70917 0.38023
vt 0.27209 0.35529
vt 0.27104 0.34641
vt 0.48462 0.76162
vt 0.54715 0.88794
vt 0.54215 0.8917
vt 0.93206 0.0746
vt 0.48925 0.33998
vt 0.47518 0.35072
vt 0.66925 0.35556
vt 0.75839 0.38483
vt 0.48267 0.76966
vt 0.48828 0.76914
vt 0.49135 0.76287
vt 0.82886 0.51145
vt 0.83034 0.50869
vt 0.83216 0.5034
vt 0.83951 0.51064
vt 0.50537 0.33749
vt 0.60408 0.36149
vt 0.61599 0.36202
vt 0.7008 0.38998
vt 0.32747 0.35039
vt 0.32395 0.3507
vt 0.51239 0.32598
vt 0.7951 0.3929
vt 0.78064 0.39455
vt 0.71266 0.39874
vt 0.28372 0.34498
vt 0.54506 0.35917
vt 0.56957 0.35294
vt 0.79941 0.4001
vt 0.73485 0.39742
vt 0.72375 0.40173
vt 0.6814 0.39552
vt 0.67968 0.39304
vt 0.6787 0.39052
vt 0.54141 0.88372
vt 0.53984 0.88507
vt 0.83474 0.49837
vt 0.83669 0.49854
vt 0.60214 0.34599
vt 0.4742 0.3429
vt 0.80978 0.40314
vt 0.75169 0.39703
vt 0.6889 0.40642
vt 0.31644 0.33697
vt 0.29932 0.34039
vt 0.52786 0.35894
vt 0.7715 0.40286
vt 0.49607 0.76846
vt 0.53718 0.88202
vt 0.53385 0.88812
vt 0.9408 0.07367
vt 0.82356 0.50166
vt 0.83061 0.49764
vt 0.83864 0.48971
vt 0.47838 0.32813
vt 0.55618 0.34549
vt 0.6269 0.35265
vt 0.67574 0.39865
vt 0.27852 0.33518
vt 0.49579 0.76248
vt 0.82748 0.48467
vt 0.82926 0.49429
vt 0.81165 0.4173
vt 0.2721 0.33529
vt 0.5047 0.76623
vt 0.53065 0.88474
vt 0.81282 0.49571
vt 0.81426 0.50013
vt 0.81466 0.49689
vt 0.94383 0.07312
vt 0.59163 0.34481
vt 0.64875 0.33856
vt 0.65395 0.34901
vt 0.69944 0.40366
vt 0.67956 0.40495
vt 0.5087 0.76875
vt 0.52792 0.87801
vt 0.52262 0.87787
vt 0.83258 0.48886
vt 0.8396 0.47692
vt 0.52279 0.3199
vt 0.68133 0.40829
vt 0.32754 0.32982
vt 0.51076 0.76815
vt 0.50557 0.76201
vt 0.81499 0.48826
vt 0.81624 0.48526
vt 0.95482 0.07131
vt 0.95528 0.06669
vt 0.95832 0.06451
vt 0.95531 0.06286
vt 0.83517 0.48954
vt 0.80287 0.42666
vt 0.78638 0.41908
vt 0.75429 0.41204
vt 0.32442 0.32665
vt 0.52178 0.88068
vt 0.81306 0.48569
vt 0.48986 0.31526
vt 0.54783 0.3346
vt 0.6704 0.31421
vt 0.38233 0.30376
vt 0.72865 0.42594
vt 0.70626 0.42558
vt 0.51734 0.76341
vt 0.51454 0.76136
vt 0.51935 0.87454
vt 0.83802 0.47339
vt 0.47523 0.31348
vt 0.53812 0.33072
vt 0.64022 0.33077
vt 0.66913 0.31406
vt 0.47427 0.32191
vt 0.38448 0.29316
vt 0.77373 0.43175
vt 0.67583 0.41982
vt 0.31799 0.30412
vt 0.30542 0.32208
vt 0.29522 0.30428
vt 0.28456 0.29649
vt 0.81613 0.47534
vt 0.82046 0.48481
vt 0.56397 0.33077
vt 0.62759 0.33164
vt 0.52794 0.33793
vt 0.79307 0.43247
vt 0.76374 0.42228
vt 0.73639 0.4321
vt 0.69861 0.42115
vt 0.51076 0.87614
vt 0.81356 0.47345
vt 0.83087 0.47039
vt 0.83497 0.46791
vt 0.83876 0.47472
vt 0.50609 0.30451
vt 0.5904 0.32773
vt 0.38745 0.29187
vt 0.8096 0.43226
vt 0.71967 0.42691
vt 0.67953 0.42149
vt 0.27084 0.31402
vt 0.51266 0.87411
vt 0.82939 0.46964
vt 0.68132 0.42435
vt 0.27734 0.30172
vt 0.27236 0.30248
vt 0.96872 0.06286
vt 0.49939 0.29358
vt 0.58252 0.31654
vt 0.61496 0.31915
vt 0.30476 0.30158
vt 0.52763 0.76377
vt 0.82747 0.46804
vt 0.97082 0.06433
vt 0.62439 0.32248
vt 0.47422 0.30557
vt 0.52793 0.32157
vt 0.75439 0.43503
vt 0.6918 0.43064
vt 0.53001 0.76066
vt 0.5047 0.86833
vt 0.50412 0.87045
vt 0.82085 0.4624
vt 0.9765 0.06645
vt 0.83267 0.45815
vt 0.52366 0.3177
vt 0.52287 0.30637
vt 0.478 0.28314
vt 0.53108 0.3199
vt 0.32756 0.30361
vt 0.5304 0.76205
vt 0.81656 0.459
vt 0.81975 0.4586
vt 0.55053 0.30911
vt 0.67935 0.43329
vt 0.4976 0.87058
vt 0.81452 0.4588
vt 0.83921 0.45539
vt 0.52389 0.29822
vt 0.65748 0.30775
vt 0.82749 0.45682
vt 0.83134 0.44473
vt 0.83513 0.45668
vt 0.8383 0.45552
vt 0.51255 0.284
vt 0.57021 0.30922
vt 0.603 0.30737
vt 0.81158 0.46583
vt 0.78462 0.43984
vt 0.69842 0.45241
vt 0.68141 0.43591
vt 0.67557 0.43803
vt 0.55362 0.76208
vt 0.64336 0.30924
vt 0.27129 0.28866
vt 0.74648 0.44905
vt 0.71252 0.44664
vt 0.6794 0.44393
vt 0.54992 0.76123
vt 0.54556 0.7602
vt 0.49013 0.86177
vt 0.82952 0.44366
vt 0.48994 0.29015
vt 0.47428 0.28037
vt 0.72559 0.45172
vt 0.68824 0.45965
vt 0.6815 0.45148
vt 0.27389 0.28018
vt 0.82141 0.44353
vt 0.9944 0.0661
vt 0.63707 0.29841
vt 0.31611 0.27892
vt 0.30015 0.27657
vt 0.4846 0.86245
vt 0.4834 0.86458
vt 0.81538 0.44299
vt 0.5584 0.28711
vt 0.80141 0.45126
vt 0.78003 0.45215
vt 0.76761 0.45598
vt 0.67579 0.44912
vt 0.67943 0.45427
vt 0.32473 0.28375
vt 0.57484 0.76702
vt 0.55935 0.7668
vt 0.82019 0.44093
vt 0.82745 0.43732
vt 0.83494 0.43854
vt 0.82561 0.44154
vt 0.83291 0.4375
vt 0.52325 0.27782
vt 0.47532 0.26889
vt 0.6485 0.2943
vt 0.38292 0.27844
vt 0.32617 0.28499
vt 0.32763 0.28159
vt 0.82297 0.44262
vt 0.83845 0.43646
vt 0.80969 0.47219
vt 0.79096 0.45793
vt 0.4865 0.85888
vt 0.8393 0.43775
vt 0.52415 0.28051
vt 0.62825 0.28978
vt 0.27395 0.26477
vt 0.48012 0.86304
vt 0.47631 0.8559
vt 0.81553 0.43927
vt 0.51819 0.26077
vt 0.57041 0.28285
vt 0.58904 0.28419
vt 0.61037 0.29259
vt 0.74293 0.46547
vt 0.70639 0.46909
vt 0.67562 0.46085
vt 0.56211 0.76059
vt 0.47502 0.85384
vt 0.8299 0.43048
vt 0.82265 0.43524
vt 0.83152 0.42683
vt 0.50346 0.25741
vt 0.49349 0.26682
vt 0.66925 0.28072
vt 0.67041 0.27804
vt 0.47456 0.85834
vt 0.81415 0.43205
vt 0.81615 0.43276
vt 0.82539 0.4304
vt 0.82158 0.43437
vt 0.54533 0.29023
vt 0.7978 0.48104
vt 0.78996 0.47257
vt 0.7803 0.47576
vt 0.8365 0.42553
vt 0.47794 0.25429
vt 0.47444 0.27182
vt 0.67971 0.47071
vt 0.32758 0.26511
vt 0.57498 0.76382
vt 0.56935 0.76152
vt 0.81673 0.42698
vt 0.8189 0.424
vt 0.82158 0.42591
vt 0.82349 0.42796
vt 0.82752 0.4269
vt 0.83933 0.4264
vt 0.52478 0.26915
vt 0.5357 0.27924
vt 0.60937 0.27005
vt 0.38215 0.26753
vt 0.72348 0.47583
vt 0.6815 0.47415
vt 0.31644 0.25402
vt 0.57551 0.76626
vt 0.46837 0.85267
vt 0.46896 0.85579
vt 0.81439 0.42575
vt 0.62751 0.27418
vt 0.64142 0.27739
vt 0.65614 0.27527
vt 0.76648 0.48151
vt 0.7508 0.48598
vt 0.57452 0.76014
vt 0.4634 0.84869
vt 0.82587 0.42255
vt 0.73552 0.48502
vt 0.69449 0.47902
vt 0.6754 0.47454
vt 0.29554 0.25294
vt 0.46036 0.85204
vt 0.81483 0.41613
vt 0.81931 0.41508
vt 0.82779 0.41926
vt 0.8328 0.4192
vt 0.55258 0.26642
vt 0.47451 0.2524
vt 0.68163 0.48589
vt 0.30482 0.25689
vt 0.46253 0.84998
vt 0.81714 0.41449
vt 0.8214 0.41447
vt 0.82354 0.41448
vt 0.83152 0.41354
vt 0.83853 0.41546
vt 0.71708 0.48459
vt 0.8353 0.41354
vt 0.52412 0.24094
vt 0.56639 0.26166
vt 0.67981 0.48441
vt 0.57996 0.7612
vt 0.82568 0.41267
vt 0.59078 0.26753
vt 0.80944 0.49327
vt 0.51789 0.23662
vt 0.48993 0.24731
vt 0.64121 0.25921
vt 0.69744 0.49795
vt 0.27755 0.244
vt 0.47841 0.24392
vt 0.67058 0.23338
vt 0.32774 0.24917
vt 0.47574 0.24124
vt 0.71241 0.49412
vt 0.68591 0.51423
vt 0.67877 0.49447
vt 0.27441 0.24125
vt 0.59539 0.76638
vt 0.81922 0.38448
vt 0.81995 0.38243
vt 0.53887 0.25618
vt 0.63211 0.24168
vt 0.65595 0.25394
vt 0.81164 0.51012
vt 0.77823 0.49663
vt 0.67985 0.49999
vt 0.43732 0.83909
vt 0.43686 0.84189
vt 0.81519 0.38966
vt 0.8175 0.38705
vt 0.82163 0.39043
vt 0.82586 0.39181
vt 0.83674 0.38635
vt 0.76493 0.49913
vt 0.73326 0.49696
vt 0.72638 0.51054
vt 0.66932 0.24356
vt 0.47458 0.23949
vt 0.38489 0.22603
vt 0.7898 0.51444
vt 0.68156 0.50157
vt 0.31881 0.22843
vt 0.6084 0.76265
vt 0.60906 0.75932
vt 0.43102 0.83433
vt 0.82369 0.38736
vt 0.83301 0.38588
vt 0.83478 0.38438
vt 0.50494 0.23156
vt 0.57967 0.24992
vt 0.6052 0.2473
vt 0.83174 0.39001
vt 0.49302 0.21001
vt 0.56042 0.23573
vt 0.80156 0.5258
vt 0.75182 0.50928
vt 0.70893 0.51455
vt 0.67841 0.50513
vt 0.30964 0.23034
vt 0.60699 0.76052
vt 0.82811 0.39014
vt 0.62467 0.23956
vt 0.38281 0.19572
vt 0.32781 0.23135
vt 0.51419 0.20937
vt 0.50193 0.20895
vt 0.476 0.22593
vt 0.64783 0.23892
vt 0.29445 0.22294
vt 0.27571 0.22708
vt 0.74137 0.51448
vt 0.67991 0.51208
vt 0.68162 0.51162
vt 0.67518 0.52142
vt 0.53513 0.24374
vt 0.5848 0.23453
vt 0.80982 0.52748
vt 0.77757 0.51713
vt 0.76133 0.51839
vt 0.83045 0.37817
vt 0.83903 0.36558
vt 0.66939 0.22817
vt 0.6987 0.53368
vt 0.68587 0.52813
vt 0.62207 0.76558
vt 0.82191 0.36595
vt 0.54747 0.23124
vt 0.8238 0.36632
vt 0.84002 0.35787
vt 0.47453 0.20507
vt 0.72355 0.53107
vt 0.48129 0.20678
vt 0.47587 0.21795
vt 0.60694 0.22838
vt 0.77029 0.53059
vt 0.27774 0.21069
vt 0.41351 0.82859
vt 0.83346 0.34785
vt 0.837 0.35812
vt 0.6247 0.22451
vt 0.74541 0.5337
vt 0.68154 0.5286
vt 0.2988 0.20493
vt 0.27643 0.21561
vt 0.81792 0.3564
vt 0.83213 0.34836
vt 0.47517 0.20243
vt 0.73389 0.53284
vt 0.70908 0.54077
vt 0.45396 0.3968
vt 0.31666 0.21013
vt 0.41069 0.83043
vt 0.81536 0.36006
vt 0.81999 0.35535
vt 0.53454 0.22174
vt 0.57712 0.21337
vt 0.65148 0.22683
vt 0.67868 0.53628
vt 0.31095 0.19753
vt 0.39785 0.50177
vt 0.62768 0.76264
vt 0.62906 0.75979
vt 0.7847 0.5353
vt 0.45408 0.42037
vt 0.34045 0.26347
vt 0.59346 0.2191
vt 0.69195 0.54384
vt 0.67523 0.53878
vt 0.32376 0.20017
vt 0.62827 0.75876
vt 0.41289 0.82676
vt 0.54934 0.21551
vt 0.65184 0.21432
vt 0.66696 0.20386
vt 0.38527 0.18835
vt 0.81152 0.54521
vt 0.68007 0.54457
vt 0.28319 0.19804
vt 0.83082 0.35166
vt 0.61929 0.20771
vt 0.64004 0.20763
vt 0.67109 0.17144
vt 0.38198 0.16097
vt 0.75745 0.53964
vt 0.33915 0.2533
vt 0.4077 0.82698
vt 0.82413 0.35211
vt 0.82853 0.35368
vt 0.50088 0.18772
vt 0.49692 0.18278
vt 0.56824 0.19907
vt 0.82208 0.35065
vt 0.82689 0.35522
vt 0.83496 0.33997
vt 0.83906 0.35662
vt 0.79269 0.54431
vt 0.71422 0.55574
vt 0.68171 0.54714
vt 0.63792 0.76
vt 0.6396 0.75753
vt 0.40184 0.82328
vt 0.40212 0.8266
vt 0.81517 0.35031
vt 0.82618 0.35412
vt 0.52539 0.19953
vt 0.5238 0.18678
vt 0.51563 0.18557
vt 0.47858 0.18749
vt 0.47476 0.19106
vt 0.7766 0.54802
vt 0.31689 0.18575
vt 0.4054 0.52198
vt 0.82072 0.34645
vt 0.53674 0.20166
vt 0.60212 0.20276
vt 0.62975 0.20019
vt 0.66959 0.20044
vt 0.67075 0.20191
vt 0.80975 0.54977
vt 0.80271 0.55464
vt 0.74677 0.55645
vt 0.73688 0.55204
vt 0.67839 0.54727
vt 0.30612 0.17984
vt 0.40049 0.82459
vt 0.82565 0.34654
vt 0.47561 0.18636
vt 0.52938 0.20055
vt 0.54604 0.19644
vt 0.5584 0.19587
vt 0.76838 0.55822
vt 0.72356 0.55914
vt 0.67502 0.55033
vt 0.29769 0.17616
vt 0.28402 0.18187
vt 0.40711 0.53233
vt 0.64544 0.76474
vt 0.82242 0.33413
vt 0.82628 0.33722
vt 0.655 0.762
vt 0.82487 0.33864
vt 0.83713 0.33607
vt 0.41281 0.53882
vt 0.40703 0.54022
vt 0.81836 0.33208
vt 0.83074 0.32564
vt 0.83906 0.32838
vt 0.52515 0.17149
vt 0.47482 0.17707
vt 0.52768 0.19286
vt 0.52931 0.19295
vt 0.58983 0.18906
vt 0.70492 0.56924
vt 0.69529 0.57099
vt 0.6844 0.56567
vt 0.67417 0.56954
vt 0.29241 0.15837
vt 0.38615 0.81844
vt 0.3825 0.81877
vt 0.81565 0.32824
vt 0.83369 0.32971
vt 0.51637 0.16741
vt 0.80961 0.57651
vt 0.75695 0.56692
vt 0.681 0.56699
vt 0.65834 0.75977
vt 0.82052 0.33043
vt 0.50309 0.16527
vt 0.48017 0.17297
vt 0.61411 0.18991
vt 0.65 0.192
vt 0.31411 0.16531
vt 0.41072 0.54329
vt 0.36102 0.11058
vt 0.65831 0.76402
vt 0.65908 0.75762
vt 0.38365 0.81534
vt 0.82637 0.32525
vt 0.82907 0.32477
vt 0.83186 0.32318
vt 0.64401 0.18087
vt 0.81149 0.57511
vt 0.78594 0.57632
vt 0.73474 0.56999
vt 0.35929 0.43212
vt 0.57599 0.16805
vt 0.60744 0.17804
vt 0.32743 0.16011
vt 0.96053 0.11002
vt 0.95841 0.10664
vt 0.37155 0.81228
vt 0.8246 0.31965
vt 0.49005 0.15902
vt 0.53692 0.18018
vt 0.55862 0.17137
vt 0.38502 0.16262
vt 0.80377 0.57121
vt 0.32447 0.15983
vt 0.35284 0.21434
vt 0.96268 0.11433
vt 0.47478 0.16191
vt 0.52983 0.18245
vt 0.52767 0.17766
vt 0.6254 0.17457
vt 0.66959 0.16745
vt 0.74302 0.58087
vt 0.72706 0.58159
vt 0.71657 0.5792
vt 0.8179 0.31975
vt 0.82071 0.31243
vt 0.47898 0.14693
vt 0.76601 0.57891
vt 0.69166 0.59112
vt 0.67507 0.57978
vt 0.67448 0.57833
vt 0.95263 0.11836
vt 0.36132 0.13315
vt 0.67886 0.76363
vt 0.67703 0.7599
vt 0.83712 0.31342
vt 0.52364 0.15374
vt 0.52154 0.1541
vt 0.64401 0.16344
vt 0.68156 0.59122
vt 0.67791 0.58495
vt 0.30501 0.15038
vt 0.28167 0.15914
vt 0.28457 0.14443
vt 0.37149 0.81466
vt 0.81597 0.31596
vt 0.82306 0.3079
vt 0.83379 0.30646
vt 0.47554 0.14897
vt 0.54558 0.16644
vt 0.59632 0.16773
vt 0.83907 0.30373
vt 0.52481 0.14696
vt 0.38271 0.13694
vt 0.80273 0.58618
vt 0.95092 0.12541
vt 0.36274 0.13562
vt 0.67755 0.7583
vt 0.36656 0.80748
vt 0.81716 0.31158
vt 0.82697 0.30786
vt 0.82896 0.30541
vt 0.83006 0.30109
vt 0.49936 0.14937
vt 0.61575 0.16007
vt 0.32854 0.15248
vt 0.95729 0.12649
vt 0.36478 0.81152
vt 0.81542 0.30825
vt 0.83163 0.30352
vt 0.78269 0.59125
vt 0.70548 0.59521
vt 0.67909 0.59694
vt 0.53198 0.16404
vt 0.52773 0.1622
vt 0.76042 0.5951
vt 0.67551 0.58988
vt 0.3288 0.14044
vt 0.95612 0.13261
vt 0.82513 0.29304
vt 0.51899 0.12958
vt 0.49374 0.13751
vt 0.47463 0.14651
vt 0.7457 0.59763
vt 0.72502 0.59605
vt 0.28335 0.14719
vt 0.68566 0.75874
vt 0.35905 0.80409
vt 0.35845 0.80723
vt 0.81632 0.29829
vt 0.82255 0.29444
vt 0.58449 0.15514
vt 0.38201 0.11187
vt 0.31281 0.13058
vt 0.28911 0.13993
vt 0.68562 0.76034
vt 0.35577 0.80778
vt 0.81523 0.29804
vt 0.52332 0.13833
vt 0.53237 0.14751
vt 0.80965 0.59934
vt 0.95382 0.13751
vt 0.94439 0.13891
vt 0.81888 0.29893
vt 0.82771 0.28771
vt 0.52152 0.1354
vt 0.63747 0.15067
vt 0.67658 0.6005
vt 0.69327 0.76084
vt 0.48088 0.13035
vt 0.47547 0.12928
vt 0.47465 0.13034
vt 0.54964 0.15047
vt 0.56683 0.14747
vt 0.65468 0.14067
vt 0.38828 0.13154
vt 0.69 0.61071
vt 0.67579 0.5996
vt 0.32509 0.13272
vt 0.95102 0.14357
vt 0.94789 0.14365
vt 0.69617 0.76398
vt 0.68113 0.7644
vt 0.52755 0.14598
vt 0.5979 0.14448
vt 0.61051 0.1488
vt 0.66986 0.13106
vt 0.8048 0.61112
vt 0.79212 0.61071
vt 0.77476 0.61316
vt 0.2868 0.13269
vt 0.94424 0.14301
vt 0.69396 0.7589
vt 0.35129 0.80081
vt 0.81941 0.27925
vt 0.83896 0.29021
vt 0.84008 0.29496
vt 0.67106 0.12878
vt 0.38173 0.11848
vt 0.73884 0.60864
vt 0.70781 0.61365
vt 0.67909 0.61182
vt 0.67552 0.60056
vt 0.67564 0.60564
vt 0.30432 0.118
vt 0.34618 0.80098
vt 0.34526 0.8032
vt 0.81678 0.28112
vt 0.81497 0.28605
vt 0.83224 0.28368
vt 0.8337 0.28271
vt 0.83814 0.28428
vt 0.83967 0.28811
vt 0.5233 0.13151
vt 0.4927 0.12676
vt 0.62701 0.14493
vt 0.38454 0.11208
vt 0.75786 0.61294
vt 0.72474 0.61049
vt 0.94444 0.14779
vt 0.69998 0.76123
vt 0.82246 0.28427
vt 0.82967 0.28247
vt 0.43002 0.79589
vt 0.43521 0.79612
vt 0.43589 0.79696
vt 0.43174 0.79772
vt 0.70026 0.76354
vt 0.70293 0.75949
vt 0.34296 0.79705
vt 0.82678 0.28398
vt 0.54883 0.13747
vt 0.58854 0.1269
vt 0.63745 0.12938
vt 0.29324 0.11843
vt 0.94018 0.15072
vt 0.5215 0.11855
vt 0.53705 0.12456
vt 0.9438 0.15358
vt 0.94063 0.15425
vt 0.33569 0.79856
vt 0.81426 0.27497
vt 0.8282 0.27308
vt 0.48004 0.11374
vt 0.5275 0.12925
vt 0.57067 0.12424
vt 0.67996 0.62532
vt 0.67731 0.62082
vt 0.31822 0.11405
vt 0.82487 0.27383
vt 0.83269 0.27611
vt 0.83464 0.27345
vt 0.83875 0.27165
vt 0.47562 0.11781
vt 0.52673 0.14491
vt 0.53145 0.1302
vt 0.80232 0.63027
vt 0.73693 0.62491
vt 0.72074 0.63334
vt 0.694 0.62995
vt 0.67628 0.61953
vt 0.8166 0.27206
vt 0.81829 0.27118
vt 0.8294 0.27374
vt 0.83973 0.27085
vt 0.52269 0.11433
vt 0.52664 0.1334
vt 0.61051 0.12804
vt 0.66585 0.12694
vt 0.76239 0.62958
vt 0.93682 0.15808
vt 0.36229 0.37051
vt 0.41351 0.79772
vt 0.71824 0.76364
vt 0.33291 0.79416
vt 0.5168 0.10867
vt 0.49272 0.10904
vt 0.62709 0.12816
vt 0.45762 0.50892
vt 0.28922 0.11208
vt 0.71428 0.76055
vt 0.71323 0.75911
vt 0.82579 0.2679
vt 0.8309 0.26713
vt 0.83254 0.26748
vt 0.52126 0.11117
vt 0.78212 0.63897
vt 0.32441 0.09287
vt 0.36179 0.36272
vt 0.71002 0.63424
vt 0.31245 0.10225
vt 0.94068 0.16968
vt 0.73246 0.76511
vt 0.70197 0.76425
vt 0.32395 0.79339
vt 0.81381 0.26157
vt 0.81659 0.26436
vt 0.818 0.26215
vt 0.8351 0.25816
vt 0.5194 0.1077
vt 0.55643 0.12065
vt 0.64991 0.11945
vt 0.67956 0.63614
vt 0.67767 0.63581
vt 0.33079 0.11068
vt 0.72191 0.76136
vt 0.72322 0.75946
vt 0.32339 0.79065
vt 0.82365 0.25846
vt 0.83936 0.26257
vt 0.52198 0.1061
vt 0.54381 0.10259
vt 0.73929 0.63645
vt 0.33124 0.09505
vt 0.81604 0.26037
vt 0.52097 0.10421
vt 0.48141 0.08956
vt 0.47719 0.09236
vt 0.53319 0.11133
vt 0.55863 0.10441
vt 0.61117 0.11228
vt 0.76213 0.64713
vt 0.67679 0.63428
vt 0.29569 0.09218
vt 0.93963 0.17607
vt 0.81695 0.25571
vt 0.83025 0.25832
vt 0.83222 0.2571
vt 0.83868 0.25793
vt 0.84004 0.26054
vt 0.52753 0.10583
vt 0.62795 0.10204
vt 0.64432 0.10238
vt 0.38262 0.07339
vt 0.79659 0.64472
vt 0.30961 0.08793
vt 0.72689 0.76214
vt 0.31936 0.79387
vt 0.81567 0.25715
vt 0.81982 0.25088
vt 0.66991 0.09523
vt 0.80427 0.64907
vt 0.71659 0.6483
vt 0.93682 0.18172
vt 0.73055 0.76003
vt 0.31651 0.78771
vt 0.31757 0.79326
vt 0.8156 0.25517
vt 0.8237 0.24926
vt 0.82592 0.25322
vt 0.83377 0.25635
vt 0.83883 0.2463
vt 0.47558 0.09063
vt 0.52671 0.10611
vt 0.58684 0.09835
vt 0.6046 0.09657
vt 0.78733 0.65182
vt 0.83283 0.24868
vt 0.5776 0.09255
vt 0.6712 0.0789
vt 0.38167 0.06884
vt 0.38531 0.09274
vt 0.69562 0.65644
vt 0.81755 0.24664
vt 0.81506 0.24503
vt 0.83025 0.24752
vt 0.83505 0.24789
vt 0.51823 0.08577
vt 0.7367 0.65159
vt 0.68606 0.66264
vt 0.93583 0.18764
vt 0.92893 0.18337
vt 0.73948 0.76092
vt 0.81872 0.2445
vt 0.82547 0.2437
vt 0.82812 0.24567
vt 0.67803 0.65351
vt 0.29902 0.07974
vt 0.73419 0.7654
vt 0.73962 0.76451
vt 0.30817 0.784
vt 0.30225 0.78313
vt 0.30871 0.78934
vt 0.51857 0.07744
vt 0.33126 0.08224
vt 0.92609 0.18987
vt 0.74381 0.76578
vt 0.8168 0.24091
vt 0.82011 0.24011
vt 0.8296 0.23893
vt 0.83986 0.23824
vt 0.51963 0.08206
vt 0.48926 0.07979
vt 0.79464 0.67535
vt 0.67919 0.68351
vt 0.30358 0.78765
vt 0.30446 0.78979
vt 0.82687 0.23956
vt 0.8328 0.23504
vt 0.83558 0.22897
vt 0.50033 0.06926
vt 0.47732 0.07149
vt 0.74539 0.76142
vt 0.81671 0.23545
vt 0.82363 0.23106
vt 0.53389 0.07613
vt 0.63722 0.08769
vt 0.80311 0.66653
vt 0.76818 0.66741
vt 0.74861 0.66626
vt 0.71815 0.66183
vt 0.70429 0.66659
vt 0.30245 0.06447
vt 0.92543 0.19451
vt 0.74536 0.76018
vt 0.29963 0.78791
vt 0.82613 0.23376
vt 0.83046 0.23039
vt 0.83786 0.22668
vt 0.62033 0.07601
vt 0.38493 0.07129
vt 0.7787 0.66282
vt 0.3301 0.06385
vt 0.75762 0.76624
vt 0.75132 0.76205
vt 0.83919 0.23023
vt 0.84036 0.23351
vt 0.55063 0.07768
vt 0.66971 0.07545
vt 0.31956 0.06628
vt 0.92906 0.20448
vt 0.29133 0.78426
vt 0.81656 0.22594
vt 0.818 0.22757
vt 0.52731 0.07647
vt 0.56767 0.07571
vt 0.6546 0.07544
vt 0.67832 0.6789
vt 0.08305 0.78758
vt 0.92258 0.20083
vt 0.75487 0.76074
vt 0.29316 0.77983
vt 0.82045 0.21829
vt 0.83287 0.22517
vt 0.60487 0.07652
vt 0.69467 0.68171
vt 0.82401 0.21911
vt 0.47543 0.05332
vt 0.5263 0.06862
vt 0.92682 0.20966
vt 0.35955 0.32197
vt 0.75865 0.76346
vt 0.82788 0.22032
vt 0.83944 0.21903
vt 0.48216 0.05555
vt 0.63277 0.07589
vt 0.38206 0.05818
vt 0.77857 0.67542
vt 0.76806 0.68556
vt 0.33142 0.06487
vt 0.30004 0.05725
vt 0.36029 0.31627
vt 0.76548 0.76168
vt 0.2831 0.77575
vt 0.81815 0.21407
vt 0.83093 0.21328
vt 0.83415 0.2173
vt 0.84019 0.22043
vt 0.51145 0.05607
vt 0.53031 0.07526
vt 0.59095 0.07513
vt 0.38997 0.06089
vt 0.80935 0.68415
vt 0.74312 0.68291
vt 0.69975 0.68104
vt 0.28032 0.77948
vt 0.81625 0.21335
vt 0.83809 0.21196
vt 0.81141 0.68943
vt 0.78692 0.69803
vt 0.92744 0.21105
vt 0.92352 0.21906
vt 0.76628 0.76591
vt 0.51821 0.06291
vt 0.3909 0.05626
vt 0.68801 0.68153
vt 0.32204 0.04622
vt 0.76492 0.76694
vt 0.82956 0.20883
vt 0.51635 0.05237
vt 0.33173 0.05188
vt 0.2991 0.05651
vt 0.36104 0.3029
vt 0.82044 0.1954
vt 0.83261 0.20885
vt 0.51464 0.052
vt 0.49577 0.04111
vt 0.63416 0.06611
vt 0.66188 0.06648
vt 0.66989 0.06521
vt 0.38436 0.05502
vt 0.77467 0.76263
vt 0.81728 0.2062
vt 0.82245 0.19676
vt 0.82734 0.20599
vt 0.83559 0.20607
vt 0.83876 0.20133
vt 0.51747 0.04531
vt 0.50285 0.04644
vt 0.52744 0.06317
vt 0.5318 0.06536
vt 0.54421 0.06432
vt 0.67144 0.06817
vt 0.38255 0.05261
vt 0.79249 0.69324
vt 0.7731 0.69237
vt 0.33136 0.04685
vt 0.30136 0.04933
vt 0.92309 0.22341
vt 0.91875 0.22674
vt 0.06201 0.79171
vt 0.27435 0.77228
vt 0.27358 0.77821
vt 0.82453 0.20472
vt 0.83214 0.20454
vt 0.4855 0.0474
vt 0.52625 0.06194
vt 0.56325 0.06694
vt 0.59689 0.06605
vt 0.69096 0.69355
vt 0.67828 0.68929
vt 0.92067 0.22847
vt 0.77647 0.76765
vt 0.82892 0.20324
vt 0.51435 0.04772
vt 0.47772 0.04095
vt 0.57697 0.0601
vt 0.61282 0.0599
vt 0.6712 0.05962
vt 0.38195 0.04973
vt 0.39013 0.04923
vt 0.80949 0.69804
vt 0.76408 0.69235
vt 0.75247 0.69313
vt 0.67924 0.69264
vt 0.30057 0.04879
vt 0.91539 0.23052
vt 0.36157 0.29406
vt 0.78253 0.76658
vt 0.26884 0.77145
vt 0.2662 0.77506
vt 0.81714 0.19775
vt 0.81853 0.19542
vt 0.827 0.19838
vt 0.83801 0.20067
vt 0.49159 0.04109
vt 0.47514 0.04661
vt 0.5304 0.05965
vt 0.54947 0.05897
vt 0.5602 0.05954
vt 0.59847 0.05942
vt 0.63633 0.05895
vt 0.649 0.0598
vt 0.66086 0.05966
vt 0.66991 0.05927
vt 0.3915 0.04698
vt 0.81262 0.69326
vt 0.79988 0.69813
vt 0.69835 0.69588
vt 0.30777 0.03931
vt 0.92062 0.23191
vt 0.30129 0.04755
vt 0.77988 0.76373
vt 0.78014 0.76205
vt 0.82833 0.19488
vt 0.82942 0.19582
vt 0.83605 0.19615
vt 0.5144 0.04168
vt 0.51202 0.04497
vt 0.50274 0.04124
vt 0.5004 0.04115
vt 0.47419 0.04472
vt 0.52664 0.05991
vt 0.38435 0.0489
vt 0.77122 0.69817
vt 0.73536 0.69815
vt 0.71958 0.69794
vt 0.68896 0.69574
vt 0.68361 0.69635
vt 0.67972 0.69509
vt 0.30387 0.04101
vt 0.91741 0.23328
vt 0.82482 0.19093
vt 0.83773 0.19517
vt 0.51827 0.0391
vt 0.51683 0.03967
vt 0.51093 0.03786
vt 0.50406 0.03948
vt 0.47395 0.04148
vt 0.65371 0.05566
vt 0.66312 0.05529
vt 0.6697 0.05526
vt 0.67189 0.05629
vt 0.81282 0.69943
vt 0.75474 0.69966
vt 0.69294 0.69809
vt 0.68627 0.6984
vt 0.68372 0.69865
vt 0.68122 0.69675
vt 0.68144 0.69913
vt 0.46773 0.58041
vt 0.32319 0.03841
vt 0.91821 0.2372
vt 0.30264 0.04155
vt 0.91398 0.23508
vt 0.79129 0.76843
vt 0.78478 0.76488
vt 0.50259 0.03894
vt 0.50088 0.03947
vt 0.49164 0.03953
vt 0.47826 0.03939
vt 0.47528 0.03957
vt 0.52639 0.05434
vt 0.25188 0.83861
vt 0.25226 0.84991
vt 0.54128 0.05435
vt 0.55434 0.05447
vt 0.2523 0.88242
vt 0.25251 0.89905
vt 0.25281 0.92538
vt 0.25307 0.94357
vt 0.25301 0.95621
vt 0.25327 0.97098
vt 0.67122 0.05507
vt 0.67341 0.05563
vt 0.25479 0.99135
vt 0.80561 0.69981
vt 0.78644 0.69977
vt 0.77411 0.6997
vt 0.7235 0.69963
vt 0.69696 0.69979
vt 0.68961 0.70013
vt 0.68436 0.70044
vt 0.68173 0.70091
vt 0.33 0.03799
vt 0.91238 0.23972
vt 0.30358 0.03947
vt 0.5047 0.03745
vt 0.5035 0.03584
vt 0.44037 0.37944
vt 0.43761 0.38087
vt 0.43924 0.3813
vt 0.43791 0.38271
vt 0.43781 0.38697
vt 0.43933 0.38554
vt 0.43958 0.39343
vt 0.43819 0.41836
vt 0.44001 0.44947
vt 0.43838 0.44588
vt 0.44013 0.47267
vt 0.43854 0.48409
vt 0.44021 0.51538
vt 0.4386 0.52138
vt 0.44003 0.5376
vt 0.43864 0.5393
vt 0.43921 0.54456
vt 0.44117 0.54475
vt 0.6278 0.78829
vt 0.62268 0.78944
vt 0.59395 0.78973
vt 0.5851 0.79184
vt 0.58153 0.79066
vt 0.46618 0.79295
vt 0.325 0.03683
vt 0.7996 0.76395
vt 0.25036 0.76405
vt 0.82679 0.18151
vt 0.51693 0.03337
vt 0.50457 0.03233
vt 0.50757 0.02994
vt 0.44265 0.38142
vt 0.44285 0.3863
vt 0.44493 0.45785
vt 0.44691 0.49051
vt 0.44557 0.52753
vt 0.60438 0.78187
vt 0.57695 0.78539
vt 0.55239 0.78625
vt 0.53098 0.78709
vt 0.48798 0.78764
vt 0.47551 0.7849
vt 0.45272 0.79315
vt 0.30587 0.03297
vt 0.9146 0.24642
vt 0.91844 0.23974
vt 0.91445 0.24274
vt 0.36212 0.2844
vt 0.2531 0.76925
vt 0.81686 0.18271
vt 0.81853 0.18135
vt 0.82956 0.18381
vt 0.50331 0.03013
vt 0.44584 0.37956
vt 0.44673 0.38108
vt 0.44662 0.38936
vt 0.44727 0.53941
vt 0.44733 0.54441
vt 0.62598 0.78193
vt 0.58984 0.78202
vt 0.58618 0.78265
vt 0.46024 0.78271
vt 0.323 0.0254
vt 0.31263 0.02517
vt 0.30503 0.03225
vt 0.91139 0.24403
vt 0.82222 0.17747
vt 0.82828 0.18324
vt 0.50436 0.02877
vt 0.44691 0.46275
vt 0.62775 0.78142
vt 0.53852 0.78295
vt 0.52251 0.78315
vt 0.48433 0.78284
vt 0.32471 0.02618
vt 0.30759 0.02589
vt 0.3059 0.03029
vt 0.82048 0.17595
vt 0.83678 0.17054
vt 0.51812 0.01436
vt 0.50347 0.02781
vt 0.44793 0.37854
vt 0.44772 0.38113
vt 0.4478 0.38492
vt 0.4477 0.42107
vt 0.44781 0.46565
vt 0.44779 0.51039
vt 0.44793 0.54103
vt 0.62624 0.781
vt 0.9558 0.74281
vt 0.96331 0.73326
vt 0.954 0.72522
vt 0.97281 0.72634
vt 0.98839 0.72241
vt 0.9979 0.72828
vt 0.90273 0.7254
vt 0.90483 0.74251
vt 0.93054 0.72217
vt 0.89048 0.72511
vt 0.90496 0.72188
vt 0.95348 0.72167
vt 0.99922 0.72274
vt 0.90188 0.71892
vt 0.92301 0.7192
vt 0.95011 0.7189
vt 0.98225 0.71909
vt 0.99899 0.71858
vt 0.58592 0.78215
vt 0.87648 0.71463
vt 0.8884 0.70171
vt 0.94606 0.69887
vt 0.96408 0.70351
vt 0.57631 0.78225
vt 0.9285 0.70072
vt 0.98161 0.69385
vt 0.95557 0.68981
vt 0.97554 0.67996
vt 0.96166 0.66741
vt 0.94697 0.67258
vt 0.98376 0.66155
vt 0.47672 0.78245
vt 0.47051 0.78104
vt 0.4508 0.7807
vt 0.90947 0.2494
vt 0.80063 0.76959
vt 0.79878 0.76816
vt 0.82484 0.17688
vt 0.51701 0.01638
vt 0.50789 0.02487
vt 0.50241 0.02608
vt 0.84322 0.76393
vt 0.84567 0.76388
vt 0.84491 0.76146
vt 0.84309 0.76
vt 0.4998 0.02762
vt 0.84923 0.76318
vt 0.85503 0.76199
vt 0.87831 0.76181
vt 0.88326 0.76311
vt 0.92521 0.76162
vt 0.92523 0.76287
vt 0.96467 0.76166
vt 0.96735 0.7629
vt 0.98983 0.76174
vt 0.99619 0.76297
vt 0.9974 0.76165
vt 0.99945 0.76311
vt 0.99936 0.76145
vt 0.49728 0.02739
vt 0.85651 0.75674
vt 0.86689 0.75888
vt 0.87782 0.75835
vt 0.90229 0.75922
vt 0.9244 0.75826
vt 0.96479 0.75333
vt 0.99925 0.74923
vt 0.84264 0.75733
vt 0.84272 0.75005
vt 0.85819 0.74154
vt 0.99957 0.7382
vt 0.48865 0.02637
vt 0.49043 0.02758
vt 0.84895 0.73814
vt 0.84404 0.73806
vt 0.87306 0.73689
vt 0.84266 0.72151
vt 0.46359 0.02758
vt 0.46425 0.02615
vt 0.84673 0.71915
vt 0.85719 0.7184
vt 0.84712 0.70344
vt 0.87194 0.70166
vt 0.84276 0.70055
vt 0.44205 0.02627
vt 0.90218 0.69076
vt 0.44386 0.02763
vt 0.85857 0.67655
vt 0.91988 0.68798
vt 0.84595 0.68721
vt 0.42824 0.02746
vt 0.84246 0.68396
vt 0.99924 0.66819
vt 0.87338 0.68014
vt 0.42417 0.0261
vt 0.93081 0.67238
vt 0.8913 0.66613
vt 0.41052 0.02618
vt 0.91363 0.6586
vt 0.40273 0.02751
vt 0.84237 0.65685
vt 0.84739 0.65723
vt 0.8647 0.65645
vt 0.93823 0.65829
vt 0.96171 0.6499
vt 0.99788 0.64605
vt 0.87433 0.64319
vt 0.89233 0.64796
vt 0.92756 0.64435
vt 0.94752 0.64011
vt 0.39539 0.02621
vt 0.37326 0.02753
vt 0.90895 0.64388
vt 0.98288 0.65248
vt 0.99908 0.63063
vt 0.50317 0.78269
vt 0.84245 0.62556
vt 0.84935 0.61818
vt 0.85907 0.63371
vt 0.37221 0.02629
vt 0.84672 0.61113
vt 0.92662 0.62884
vt 0.98015 0.62957
vt 0.99786 0.62549
vt 0.9029 0.62819
vt 0.96777 0.61587
vt 0.87818 0.62391
vt 0.98456 0.61583
vt 0.93629 0.62005
vt 0.99776 0.61181
vt 0.88622 0.61128
vt 0.93527 0.61297
vt 0.87135 0.61289
vt 0.99915 0.60254
vt 0.35958 0.02752
vt 0.84239 0.61104
vt 0.9097 0.61168
vt 0.95262 0.61082
vt 0.98583 0.60952
vt 0.3536 0.02642
vt 0.84149 0.60464
vt 0.84235 0.6047
vt 0.85034 0.60276
vt 0.85755 0.60471
vt 0.88923 0.60471
vt 0.92761 0.60468
vt 0.97215 0.60465
vt 0.9977 0.60242
vt 0.84584 0.6032
vt 0.98948 0.60289
vt 0.84353 0.60131
vt 0.85685 0.60272
vt 0.86862 0.60277
vt 0.90002 0.60241
vt 0.92601 0.60167
vt 0.94947 0.60157
vt 0.97348 0.60227
vt 0.9834 0.60129
vt 0.99898 0.60106
vt 0.9704 0.60044
vt 0.99293 0.60009
vt 0.47538 0.78186
vt 0.80435 0.76463
vt 0.82822 0.16953
vt 0.82968 0.17538
vt 0.50547 0.02227
vt 0.49979 0.0248
vt 0.48739 0.02127
vt 0.48426 0.02296
vt 0.46654 0.02273
vt 0.44443 0.02264
vt 0.43516 0.0227
vt 0.42363 0.02274
vt 0.40475 0.02284
vt 0.39092 0.02288
vt 0.37229 0.02302
vt 0.35617 0.02317
vt 0.8415 0.60182
vt 0.35096 0.02625
vt 0.34808 0.02376
vt 0.84745 0.60003
vt 0.85849 0.60074
vt 0.89841 0.6005
vt 0.9333 0.60044
vt 0.86045 0.59856
vt 0.90041 0.59854
vt 0.93327 0.59849
vt 0.96452 0.59827
vt 0.98538 0.59845
vt 0.99739 0.59778
vt 0.84371 0.59037
vt 0.34353 0.02416
vt 0.85604 0.59518
vt 0.90245 0.59532
vt 0.99926 0.59579
vt 0.84172 0.58904
vt 0.3389 0.02604
vt 0.88859 0.59109
vt 0.94169 0.59256
vt 0.96726 0.59017
vt 0.98606 0.58596
vt 0.85353 0.587
vt 0.99909 0.58384
vt 0.92334 0.58696
vt 0.96422 0.58309
vt 0.33087 0.02433
vt 0.90238 0.58336
vt 0.84762 0.57594
vt 0.45928 0.78037
vt 0.84129 0.57637
vt 0.84276 0.57651
vt 0.32695 0.02582
vt 0.86474 0.57579
vt 0.92448 0.57579
vt 0.99477 0.57561
vt 0.99898 0.57486
vt 0.99957 0.57486
vt 0.32815 0.02308
vt 0.96842 0.57571
vt 0.84281 0.5747
vt 0.84122 0.57397
vt 0.86135 0.57455
vt 0.93515 0.5745
vt 0.99043 0.57454
vt 0.31866 0.01969
vt 0.30719 0.02225
vt 0.9106 0.25459
vt 0.81799 0.16744
vt 0.82709 0.17217
vt 0.50924 0.01675
vt 0.50037 0.01836
vt 0.44619 0.01938
vt 0.42679 0.01922
vt 0.40922 0.01937
vt 0.39048 0.01943
vt 0.37369 0.01959
vt 0.36015 0.01966
vt 0.34532 0.01826
vt 0.33269 0.01826
vt 0.30935 0.02037
vt 0.30846 0.01926
vt 0.90824 0.25486
vt 0.80991 0.76838
vt 0.80648 0.76307
vt 0.24345 0.76297
vt 0.23924 0.76279
vt 0.81645 0.16667
vt 0.49622 0.01781
vt 0.46245 0.0176
vt 0.43638 0.01767
vt 0.39977 0.01781
vt 0.37361 0.01802
vt 0.35363 0.01818
vt 0.32204 0.01831
vt 0.31325 0.01801
vt 0.31006 0.0178
vt 0.9105 0.25753
vt 0.80853 0.7662
vt 0.82184 0.16778
vt 0.82532 0.16838
vt 0.8299 0.16986
vt 0.8333 0.16976
vt 0.50556 0.01605
vt 0.49876 0.01693
vt 0.8987 0.52823
vt 0.8993 0.53032
vt 0.89974 0.52755
vt 0.89443 0.52819
vt 0.89615 0.52613
vt 0.89352 0.52198
vt 0.89867 0.52053
vt 0.89702 0.51751
vt 0.89196 0.5279
vt 0.89196 0.51856
vt 0.89941 0.51527
vt 0.89356 0.50549
vt 0.89181 0.50419
vt 0.89863 0.50588
vt 0.89929 0.50676
vt 0.89705 0.49111
vt 0.89149 0.49052
vt 0.89844 0.49148
vt 0.89154 0.46939
vt 0.89696 0.46106
vt 0.89824 0.46372
vt 0.89184 0.45683
vt 0.89822 0.42476
vt 0.89188 0.43963
vt 0.8933 0.4232
vt 0.89682 0.40437
vt 0.89194 0.42214
vt 0.89213 0.39406
vt 0.89352 0.39142
vt 0.89835 0.39693
vt 0.89744 0.38157
vt 0.89242 0.38231
vt 0.89865 0.37572
vt 0.89727 0.36632
vt 0.8932 0.35023
vt 0.89234 0.36885
vt 0.89853 0.36692
vt 0.89874 0.35359
vt 0.89777 0.34568
vt 0.89427 0.34463
vt 0.89924 0.3424
vt 0.89466 0.33851
vt 0.89815 0.33317
vt 0.89947 0.33317
vt 0.8952 0.33054
vt 0.8942 0.33372
vt 0.89915 0.33188
vt 0.89402 0.32975
vt 0.312 0.01749
vt 0.89413 0.32857
vt 0.89307 0.3303
vt 0.89192 0.32894
vt 0.02108 0.78832
vt 0.89974 0.32792
vt 0.90688 0.2645
vt 0.81177 0.77032
vt 0.83581 0.16952
vt 0.51669 0.01416
vt 0.8906 0.53762
vt 0.89157 0.54034
vt 0.89664 0.5357
vt 0.89011 0.53015
vt 0.89826 0.53658
vt 0.89925 0.5376
vt 0.88752 0.52654
vt 0.88975 0.51848
vt 0.88759 0.51146
vt 0.88969 0.50099
vt 0.88741 0.49663
vt 0.88721 0.479
vt 0.88787 0.45836
vt 0.88958 0.4338
vt 0.88785 0.43061
vt 0.8902 0.41444
vt 0.88809 0.41777
vt 0.88825 0.39831
vt 0.88959 0.39163
vt 0.88807 0.37436
vt 0.89 0.37045
vt 0.88836 0.35347
vt 0.89076 0.35235
vt 0.88974 0.34414
vt 0.89127 0.34428
vt 0.89128 0.33792
vt 0.89304 0.33419
vt 0.89137 0.33435
vt 0.89111 0.33035
vt 0.89081 0.32855
vt 0.90533 0.26151
vt 0.81191 0.76525
vt 0.81184 0.76386
vt 0.23849 0.76065
vt 0.88632 0.55237
vt 0.8894 0.55143
vt 0.88858 0.55014
vt 0.8946 0.5514
vt 0.89721 0.55118
vt 0.89061 0.54958
vt 0.89112 0.55107
vt 0.89857 0.54958
vt 0.89864 0.55114
vt 0.88957 0.54621
vt 0.89134 0.54461
vt 0.8866 0.53273
vt 0.88924 0.54013
vt 0.88575 0.52307
vt 0.88465 0.52697
vt 0.22373 0.78474
vt 0.22447 0.78639
vt 0.21689 0.797
vt 0.88339 0.50825
vt 0.88565 0.50953
vt 0.88216 0.52448
vt 0.88569 0.49659
vt 0.87862 0.4965
vt 0.20902 0.80791
vt 0.20163 0.81822
vt 0.20533 0.80629
vt 0.88567 0.47704
vt 0.88363 0.47404
vt 0.87882 0.48307
vt 0.87899 0.45658
vt 0.19463 0.82125
vt 0.18699 0.83852
vt 0.88596 0.45466
vt 0.88353 0.45645
vt 0.87964 0.43935
vt 0.88623 0.42948
vt 0.88367 0.42675
vt 0.87925 0.41982
vt 0.88446 0.40685
vt 0.87951 0.41359
vt 0.88476 0.40032
vt 0.87972 0.40793
vt 0.87921 0.4052
vt 0.87745 0.40746
vt 0.87743 0.39637
vt 0.88379 0.38509
vt 0.88636 0.38751
vt 0.88376 0.37137
vt 0.87903 0.37341
vt 0.8864 0.36691
vt 0.88011 0.36735
vt 0.88494 0.35568
vt 0.88551 0.33833
vt 0.88703 0.33189
vt 0.88974 0.33039
vt 0.88953 0.3288
vt 0.8842 0.32758
vt 0.90433 0.26526
vt 0.23773 0.76201
vt 0.87701 0.55184
vt 0.87711 0.55388
vt 0.87871 0.55325
vt 0.87881 0.55203
vt 0.23782 0.76419
vt 0.88267 0.55295
vt 0.8839 0.55166
vt 0.87869 0.54898
vt 0.88274 0.5495
vt 0.88542 0.54877
vt 0.87698 0.54385
vt 0.23351 0.7704
vt 0.23131 0.77058
vt 0.88301 0.54141
vt 0.87916 0.5388
vt 0.22513 0.77906
vt 0.21415 0.79419
vt 0.18053 0.84093
vt 0.17693 0.84914
vt 0.87724 0.4411
vt 0.16391 0.86399
vt 0.16671 0.86673
vt 0.1634 0.86832
vt 0.87747 0.41628
vt 0.15845 0.87505
vt 0.14843 0.88554
vt 0.15226 0.88356
vt 0.14778 0.88994
vt 0.1468 0.89403
vt 0.14183 0.89435
vt 0.14078 0.90227
vt 0.13829 0.90278
vt 0.8774 0.37122
vt 0.87751 0.36631
vt 0.13549 0.90656
vt 0.12263 0.921
vt 0.87746 0.35167
vt 0.12721 0.91778
vt 0.87998 0.35334
vt 0.87977 0.33759
vt 0.88384 0.33678
vt 0.87748 0.32841
vt 0.87565 0.34599
vt 0.9192 0.27883
vt 0.90795 0.26611
vt 0.90536 0.26597
vt 0.87948 0.32729
vt 0.88387 0.32854
vt 0.87783 0.32648
vt 0.5185 0.44155
vt 0.5189 0.43881
vt 0.52053 0.44083
vt 0.81368 0.76851
vt 0.81335 0.76551
vt 0.23646 0.76027
vt 0.52361 0.44083
vt 0.52367 0.45157
vt 0.23063 0.76848
vt 0.52012 0.4631
vt 0.5186 0.47545
vt 0.52334 0.47034
vt 0.22028 0.78267
vt 0.52004 0.49036
vt 0.52318 0.49243
vt 0.20813 0.7994
vt 0.52318 0.52406
vt 0.19083 0.82341
vt 0.51865 0.53542
vt 0.52006 0.5419
vt 0.52319 0.54328
vt 0.18035 0.83803
vt 0.51874 0.58862
vt 0.52009 0.57766
vt 0.52316 0.57865
vt 0.16102 0.86491
vt 0.52307 0.60988
vt 0.9468 0.30607
vt 0.96859 0.32557
vt 0.95193 0.30806
vt 0.52022 0.61945
vt 0.51877 0.62675
vt 0.94358 0.30089
vt 0.52305 0.63842
vt 0.92692 0.28822
vt 0.5202 0.65252
vt 0.52302 0.65389
vt 0.91613 0.27857
vt 0.05755 0.60402
vt 0.51886 0.67059
vt 0.52064 0.67159
vt 0.52367 0.67169
vt 0.90404 0.26705
vt 0.03946 0.60411
vt 0.36729 0.25616
vt 0.36444 0.25672
usemtl mat0
f 1/1 2/2 3/3
f 1/1 3/3 4/4
f 5/5 6/6 7/7
f 4/4 3/3 8/8
f 2/2 9/9 3/3
f 3/3 9/9 10/10
f 10/10 11/11 8/8
f 3/3 10/10 8/8
f 2/2 12/12 9/9
f 7/7 6/6 13/13
f 10/10 14/14 11/11
f 6/6 15/15 13/13
f 12/12 16/16 9/9
f 9/9 16/16 10/10
f 16/16 17/17 10/10
f 10/10 17/17 14/14
f 16/16 18/18 17/17
f 17/17 18/18 14/14
f 18/18 19/19 14/14
f 12/12 20/20 16/16
f 13/13 15/15 21/21
f 13/13 21/21 22/22
f 20/20 23/23 16/16
f 16/16 23/23 18/18
f 23/23 24/24 18/18
f 18/18 24/24 19/19
f 24/24 25/25 19/19
f 21/21 26/26 22/22
f 24/24 27/27 25/25
f 20/20 28/28 23/23
f 28/28 29/29 24/24
f 23/23 28/28 24/24
f 24/24 29/29 27/27
f 20/20 30/30 28/28
f 28/28 30/30 31/31
f 28/28 31/31 29/29
f 29/29 31/31 32/32
f 29/29 32/32 27/27
f 20/20 33/33 30/30
f 22/22 26/26 34/34
f 31/31 35/35 32/32
f 34/34 26/26 36/36
f 33/33 37/37 30/30
f 30/30 37/37 31/31
f 37/37 38/38 31/31
f 38/38 39/39 35/35
f 31/31 38/38 35/35
f 33/33 40/40 37/37
f 34/34 36/36 41/41
f 37/37 42/42 38/38
f 38/38 42/42 39/39
f 42/42 43/43 39/39
f 40/40 44/44 37/37
f 37/37 44/44 42/42
f 42/42 45/45 43/43
f 44/44 46/46 42/42
f 42/42 46/46 45/45
f 40/40 47/47 44/44
f 44/44 47/47 46/46
f 47/47 48/48 46/46
f 36/36 49/49 41/41
f 47/47 50/50 48/48
f 48/48 50/50 51/51
f 40/40 52/52 47/47
f 41/41 49/49 53/53
f 52/52 54/54 47/47
f 47/47 54/54 50/50
f 54/54 55/55 50/50
f 55/55 56/56 51/51
f 50/50 55/55 51/51
f 52/52 57/57 54/54
f 53/53 49/49 58/58
f 57/57 59/59 54/54
f 54/54 59/59 56/56
f 54/54 56/56 55/55
f 60/60 61/61 62/62
f 62/62 61/61 63/63
f 64/64 65/65 66/66
f 67/67 68/68 66/66
f 66/66 69/69 64/64
f 64/64 69/69 70/70
f 68/68 71/71 66/66
f 66/66 71/71 69/69
f 69/69 72/72 70/70
f 72/72 73/73 70/70
f 71/71 74/74 69/69
f 75/75 76/76 15/15
f 6/6 75/75 15/15
f 69/69 77/77 72/72
f 68/68 78/78 79/79
f 68/68 79/79 71/71
f 71/71 79/79 74/74
f 74/74 80/80 69/69
f 69/69 80/80 77/77
f 74/74 79/79 80/80
f 78/78 81/81 79/79
f 78/78 82/82 81/81
f 15/15 76/76 83/83
f 15/15 83/83 21/21
f 82/82 84/84 81/81
f 83/83 85/85 21/21
f 21/21 85/85 26/26
f 26/26 85/85 86/86
f 32/32 87/87 88/88
f 26/26 86/86 36/36
f 36/36 86/86 89/89
f 90/90 91/91 92/92
f 90/90 93/93 91/91
f 94/94 90/90 95/95
f 90/90 94/94 93/93
f 45/45 96/96 97/97
f 96/96 98/98 97/97
f 98/98 99/99 94/94
f 97/97 98/98 94/94
f 94/94 99/99 100/100
f 94/94 100/100 93/93
f 93/93 100/100 101/101
f 89/89 102/102 36/36
f 100/100 103/103 101/101
f 36/36 102/102 49/49
f 96/96 104/104 98/98
f 98/98 104/104 99/99
f 99/99 105/105 100/100
f 100/100 105/105 103/103
f 104/104 106/106 107/107
f 104/104 107/107 99/99
f 99/99 107/107 105/105
f 105/105 108/108 103/103
f 107/107 109/109 105/105
f 105/105 109/109 108/108
f 106/106 110/110 107/107
f 107/107 110/110 109/109
f 109/109 111/111 108/108
f 106/106 112/112 113/113
f 106/106 113/113 110/110
f 110/110 113/113 114/114
f 110/110 114/114 109/109
f 115/115 116/116 117/117
f 109/109 114/114 111/111
f 118/118 119/119 63/63
f 49/49 120/120 58/58
f 60/60 121/121 61/61
f 5/5 122/122 6/6
f 123/123 124/124 125/125
f 123/123 125/125 126/126
f 126/126 125/125 127/127
f 128/128 73/73 129/129
f 128/128 129/129 124/124
f 124/124 129/129 125/125
f 125/125 130/130 127/127
f 73/73 131/131 129/129
f 129/129 132/132 125/125
f 129/129 133/133 132/132
f 125/125 132/132 130/130
f 134/134 135/135 132/132
f 136/136 77/77 137/137
f 77/77 138/138 137/137
f 77/77 80/80 138/138
f 79/79 81/81 80/80
f 80/80 139/139 138/138
f 139/139 140/140 138/138
f 81/81 141/141 80/80
f 80/80 141/141 139/139
f 81/81 142/142 141/141
f 139/139 143/143 140/140
f 141/141 144/144 139/139
f 139/139 144/144 143/143
f 141/141 145/145 144/144
f 141/141 146/146 145/145
f 142/142 147/147 141/141
f 141/141 147/147 146/146
f 142/142 148/148 147/147
f 146/146 149/149 145/145
f 146/146 150/150 149/149
f 85/85 151/151 86/86
f 148/148 152/152 147/147
f 152/152 153/153 146/146
f 147/147 152/152 146/146
f 146/146 153/153 150/150
f 87/87 154/154 152/152
f 153/153 155/155 150/150
f 154/154 156/156 152/152
f 152/152 156/156 153/153
f 154/154 157/157 156/156
f 86/86 158/158 89/89
f 156/156 92/92 153/153
f 153/153 159/159 155/155
f 157/157 90/90 156/156
f 153/153 92/92 159/159
f 156/156 90/90 92/92
f 92/92 91/91 159/159
f 101/101 103/103 160/160
f 103/103 161/161 160/160
f 162/162 163/163 164/164
f 162/162 164/164 165/165
f 166/166 167/167 168/168
f 164/164 169/169 165/165
f 165/165 169/169 170/170
f 171/171 172/172 115/115
f 169/169 173/173 170/170
f 170/170 173/173 174/174
f 173/173 175/175 174/174
f 170/170 174/174 176/176
f 121/121 177/177 61/61
f 177/177 178/178 118/118
f 61/61 177/177 118/118
f 122/122 179/179 6/6
f 6/6 179/179 75/75
f 180/180 181/181 182/182
f 129/129 131/131 133/133
f 133/133 134/134 132/132
f 130/130 135/135 183/183
f 75/75 184/184 76/76
f 131/131 185/185 133/133
f 185/185 186/186 134/134
f 133/133 185/185 134/134
f 185/185 187/187 186/186
f 134/134 186/186 135/135
f 187/187 188/188 186/186
f 137/137 189/189 131/131
f 131/131 189/189 185/185
f 140/140 190/190 189/189
f 137/137 140/140 189/189
f 184/184 83/83 76/76
f 140/140 143/143 190/190
f 83/83 191/191 85/85
f 143/143 192/192 190/190
f 192/192 193/193 190/190
f 194/194 193/193 192/192
f 191/191 195/195 85/85
f 194/194 196/196 193/193
f 194/194 197/197 196/196
f 196/196 198/198 193/193
f 197/197 199/199 196/196
f 196/196 200/200 198/198
f 85/85 195/195 151/151
f 199/199 201/201 196/196
f 196/196 201/201 200/200
f 199/199 202/202 201/201
f 201/201 202/202 200/200
f 199/199 203/203 202/202
f 202/202 204/204 200/200
f 205/205 206/206 202/202
f 203/203 205/205 202/202
f 202/202 206/206 204/204
f 206/206 207/207 204/204
f 206/206 208/208 207/207
f 209/209 210/210 206/206
f 205/205 209/209 206/206
f 206/206 210/210 208/208
f 209/209 211/211 210/210
f 210/210 211/211 208/208
f 89/89 158/158 212/212
f 209/209 213/213 211/211
f 213/213 214/214 211/211
f 211/211 214/214 215/215
f 211/211 215/215 208/208
f 89/89 212/212 102/102
f 213/213 160/160 214/214
f 214/214 216/216 215/215
f 216/216 217/217 215/215
f 160/160 218/218 214/214
f 214/214 218/218 216/216
f 218/218 219/219 220/220
f 218/218 220/220 216/216
f 216/216 220/220 221/221
f 216/216 221/221 217/217
f 219/219 222/222 220/220
f 220/220 222/222 221/221
f 221/221 222/222 223/223
f 221/221 223/223 224/224
f 219/219 165/165 222/222
f 165/165 225/225 222/222
f 222/222 225/225 223/223
f 225/225 176/176 223/223
f 102/102 226/226 49/49
f 172/172 227/227 115/115
f 115/115 227/227 116/116
f 116/116 228/228 117/117
f 117/117 228/228 229/229
f 230/230 231/231 232/232
f 232/232 231/231 233/233
f 232/232 233/233 234/234
f 235/235 236/236 237/237
f 235/235 237/237 238/238
f 49/49 226/226 120/120
f 75/75 239/239 184/184
f 240/240 241/241 242/242
f 187/187 243/243 188/188
f 185/185 244/244 187/187
f 187/187 244/244 243/243
f 189/189 245/245 185/185
f 185/185 245/245 244/244
f 189/189 190/190 245/245
f 244/244 246/246 243/243
f 190/190 247/247 245/245
f 245/245 247/247 244/244
f 244/244 248/248 246/246
f 244/244 249/249 248/248
f 247/247 250/250 244/244
f 244/244 250/250 249/249
f 250/250 251/251 249/249
f 247/247 252/252 250/250
f 250/250 252/252 253/253
f 250/250 253/253 251/251
f 193/193 254/254 247/247
f 247/247 254/254 252/252
f 252/252 255/255 253/253
f 193/193 198/198 254/254
f 198/198 256/256 254/254
f 254/254 256/256 252/252
f 256/256 257/257 252/252
f 252/252 257/257 255/255
f 198/198 200/200 256/256
f 257/257 258/258 255/255
f 256/256 259/259 257/257
f 257/257 259/259 258/258
f 259/259 260/260 258/258
f 200/200 261/261 256/256
f 256/256 261/261 259/259
f 204/204 259/259 261/261
f 204/204 207/207 259/259
f 259/259 262/262 260/260
f 259/259 263/263 262/262
f 207/207 215/215 259/259
f 259/259 215/215 263/263
f 263/263 264/264 262/262
f 215/215 217/217 263/263
f 263/263 265/265 264/264
f 217/217 266/266 263/263
f 263/263 266/266 265/265
f 266/266 267/267 265/265
f 217/217 221/221 266/266
f 266/266 224/224 267/267
f 167/167 268/268 168/168
f 268/268 269/269 270/270
f 168/168 268/268 270/270
f 172/172 271/271 227/227
f 116/116 227/227 228/228
f 228/228 272/272 229/229
f 230/230 273/273 274/274
f 230/230 274/274 231/231
f 178/178 275/275 119/119
f 121/121 276/276 177/177
f 277/277 278/278 279/279
f 179/179 239/239 75/75
f 241/241 280/280 281/281
f 184/184 191/191 83/83
f 86/86 151/151 282/282
f 282/282 283/283 86/86
f 86/86 283/283 158/158
f 167/167 284/284 268/268
f 102/102 285/285 226/226
f 286/286 287/287 288/288
f 286/286 288/288 236/236
f 289/289 290/290 122/122
f 122/122 290/290 179/179
f 281/281 291/291 292/292
f 239/239 293/293 184/184
f 294/294 295/295 296/296
f 295/295 297/297 298/298
f 296/296 295/295 298/298
f 297/297 299/299 300/300
f 300/300 299/299 301/301
f 300/300 301/301 302/302
f 302/302 301/301 303/303
f 303/303 304/304 305/305
f 305/305 304/304 306/306
f 306/306 304/304 307/307
f 306/306 307/307 308/308
f 308/308 307/307 309/309
f 294/294 310/310 295/295
f 297/297 295/295 299/299
f 299/299 311/311 301/301
f 301/301 312/312 303/303
f 312/312 313/313 304/304
f 303/303 312/312 304/304
f 304/304 313/313 314/314
f 304/304 314/314 307/307
f 314/314 315/315 307/307
f 310/310 316/316 295/295
f 295/295 316/316 317/317
f 295/295 317/317 299/299
f 315/315 318/318 307/307
f 307/307 318/318 309/309
f 309/309 319/319 320/320
f 310/310 321/321 316/316
f 311/311 322/322 301/301
f 301/301 322/322 312/312
f 314/314 323/323 315/315
f 315/315 324/324 318/318
f 309/309 318/318 319/319
f 312/312 325/325 313/313
f 313/313 325/325 314/314
f 325/325 323/323 314/314
f 323/323 324/324 315/315
f 317/317 326/326 299/299
f 312/312 322/322 325/325
f 316/316 326/326 317/317
f 299/299 326/326 327/327
f 299/299 327/327 311/311
f 311/311 328/328 329/329
f 311/311 329/329 322/322
f 329/329 330/330 322/322
f 322/322 330/330 325/325
f 325/325 331/331 332/332
f 332/332 333/333 325/325
f 325/325 333/333 323/323
f 323/323 333/333 324/324
f 321/321 334/334 335/335
f 321/321 335/335 316/316
f 316/316 335/335 326/326
f 184/184 336/336 191/191
f 311/311 327/327 328/328
f 324/324 337/337 318/318
f 318/318 338/338 319/319
f 330/330 339/339 325/325
f 339/339 331/331 325/325
f 333/333 337/337 324/324
f 318/318 337/337 338/338
f 329/329 340/340 330/330
f 340/340 339/339 330/330
f 332/332 341/341 337/337
f 333/333 332/332 337/337
f 334/334 342/342 335/335
f 343/343 344/344 327/327
f 326/326 343/343 327/327
f 335/335 345/345 326/326
f 326/326 345/345 343/343
f 327/327 344/344 328/328
f 328/328 346/346 329/329
f 347/347 348/348 337/337
f 337/337 348/348 338/338
f 342/342 345/345 335/335
f 344/344 346/346 328/328
f 329/329 346/346 340/340
f 339/339 349/349 331/331
f 331/331 349/349 350/350
f 341/341 347/347 337/337
f 348/348 351/351 338/338
f 345/345 352/352 343/343
f 343/343 352/352 344/344
f 344/344 352/352 353/353
f 340/340 354/354 339/339
f 331/331 350/350 355/355
f 331/331 355/355 332/332
f 332/332 355/355 341/341
f 342/342 356/356 345/345
f 344/344 353/353 346/346
f 356/356 357/357 345/345
f 356/356 358/358 357/357
f 345/345 357/357 352/352
f 346/346 359/359 340/340
f 340/340 359/359 354/354
f 339/339 354/354 349/349
f 191/191 360/360 195/195
f 357/357 361/361 352/352
f 361/361 362/362 352/352
f 352/352 363/363 353/353
f 352/352 362/362 363/363
f 353/353 363/363 346/346
f 363/363 362/362 364/364
f 346/346 363/363 359/359
f 359/359 363/363 365/365
f 363/363 364/364 365/365
f 359/359 365/365 354/354
f 364/364 349/349 365/365
f 354/354 365/365 349/349
f 366/366 367/367 158/158
f 158/158 367/367 212/212
f 268/268 368/368 269/269
f 228/228 369/369 272/272
f 273/273 370/370 274/274
f 371/371 227/227 271/271
f 227/227 369/369 228/228
f 274/274 372/372 231/231
f 231/231 372/372 373/373
f 285/285 374/374 226/226
f 374/374 375/375 120/120
f 226/226 374/374 120/120
f 121/121 376/376 276/276
f 276/276 377/377 178/178
f 378/378 379/379 380/380
f 381/381 382/382 181/181
f 281/281 383/383 291/291
f 358/358 361/361 357/357
f 347/347 341/341 348/348
f 358/358 384/384 385/385
f 385/385 386/386 361/361
f 358/358 385/385 361/361
f 386/386 387/387 362/362
f 361/361 386/386 362/362
f 362/362 387/387 388/388
f 388/388 389/389 364/364
f 362/362 388/388 364/364
f 364/364 389/389 390/390
f 364/364 390/390 349/349
f 390/390 391/391 349/349
f 349/349 391/391 350/350
f 350/350 391/391 392/392
f 350/350 392/392 355/355
f 392/392 393/393 355/355
f 355/355 393/393 341/341
f 341/341 393/393 348/348
f 385/385 394/394 386/386
f 386/386 394/394 387/387
f 387/387 395/395 388/388
f 388/388 395/395 389/389
f 395/395 396/396 389/389
f 389/389 396/396 390/390
f 390/390 396/396 397/397
f 390/390 397/397 391/391
f 391/391 397/397 398/398
f 391/391 398/398 392/392
f 392/392 398/398 393/393
f 398/398 399/399 393/393
f 393/393 399/399 400/400
f 393/393 400/400 348/348
f 400/400 401/401 351/351
f 348/348 400/400 351/351
f 387/387 402/402 395/395
f 402/402 403/403 395/395
f 395/395 403/403 396/396
f 396/396 403/403 404/404
f 404/404 405/405 396/396
f 396/396 405/405 397/397
f 405/405 406/406 397/397
f 397/397 406/406 398/398
f 398/398 406/406 399/399
f 406/406 407/407 399/399
f 399/399 408/408 400/400
f 408/408 401/401 400/400
f 384/384 409/409 385/385
f 394/394 402/402 387/387
f 408/408 410/410 401/401
f 408/408 411/411 410/410
f 409/409 412/412 385/385
f 385/385 412/412 394/394
f 410/410 413/413 414/414
f 409/409 415/415 412/412
f 409/409 416/416 415/415
f 416/416 417/417 415/415
f 416/416 418/418 417/417
f 418/418 419/419 417/417
f 420/420 421/421 422/422
f 212/212 285/285 102/102
f 370/370 423/423 274/274
f 227/227 424/424 369/369
f 274/274 423/423 372/372
f 381/381 425/425 382/382
f 336/336 360/360 191/191
f 402/402 426/426 403/403
f 403/403 426/426 404/404
f 405/405 427/427 406/406
f 406/406 427/427 428/428
f 406/406 428/428 407/407
f 399/399 407/407 408/408
f 394/394 429/429 402/402
f 402/402 429/429 426/426
f 404/404 430/430 405/405
f 430/430 427/427 405/405
f 407/407 411/411 408/408
f 411/411 413/413 410/410
f 412/412 429/429 394/394
f 426/426 431/431 404/404
f 431/431 430/430 404/404
f 427/427 432/432 428/428
f 429/429 433/433 426/426
f 428/428 434/434 407/407
f 407/407 434/434 411/411
f 426/426 433/433 435/435
f 426/426 435/435 431/431
f 431/431 436/436 430/430
f 430/430 436/436 437/437
f 430/430 437/437 427/427
f 438/438 411/411 434/434
f 429/429 439/439 433/433
f 432/432 434/434 428/428
f 411/411 438/438 413/413
f 413/413 440/440 414/414
f 415/415 439/439 429/429
f 412/412 415/415 429/429
f 431/431 435/435 436/436
f 427/427 441/441 432/432
f 438/438 442/442 413/413
f 413/413 442/442 440/440
f 195/195 443/443 151/151
f 437/437 441/441 427/427
f 435/435 444/444 436/436
f 417/417 439/439 415/415
f 433/433 444/444 435/435
f 432/432 445/445 434/434
f 434/434 445/445 438/438
f 439/439 446/446 433/433
f 433/433 446/446 444/444
f 436/436 444/444 447/447
f 436/436 447/447 437/437
f 437/437 447/447 441/441
f 441/441 445/445 432/432
f 441/441 447/447 445/445
f 446/446 448/448 444/444
f 439/439 449/449 446/446
f 444/444 450/450 447/447
f 448/448 451/451 444/444
f 451/451 450/450 444/444
f 447/447 452/452 453/453
f 438/438 454/454 442/442
f 442/442 454/454 440/440
f 417/417 455/455 439/439
f 450/450 452/452 447/447
f 447/447 453/453 445/445
f 445/445 456/456 438/438
f 457/457 458/458 446/446
f 446/446 458/458 448/448
f 438/438 456/456 454/454
f 455/455 449/449 439/439
f 449/449 457/457 446/446
f 445/445 459/459 456/456
f 417/417 419/419 455/455
f 453/453 459/459 445/445
f 451/451 448/448 460/460
f 451/451 460/460 450/450
f 450/450 461/461 452/452
f 151/151 443/443 282/282
f 461/461 462/462 452/452
f 452/452 462/462 453/453
f 454/454 463/463 440/440
f 460/460 461/461 450/450
f 462/462 464/464 453/453
f 464/464 459/459 453/453
f 448/448 458/458 460/460
f 449/449 465/465 457/457
f 457/457 466/466 458/458
f 458/458 466/466 460/460
f 460/460 467/467 461/461
f 449/449 468/468 465/465
f 465/465 466/466 457/457
f 459/459 469/469 470/470
f 459/459 470/470 456/456
f 456/456 470/470 454/454
f 471/471 468/468 455/455
f 419/419 471/471 455/455
f 455/455 468/468 449/449
f 466/466 472/472 460/460
f 459/459 464/464 469/469
f 462/462 473/473 474/474
f 454/454 470/470 463/463
f 461/461 473/473 462/462
f 462/462 474/474 464/464
f 472/472 467/467 460/460
f 475/475 473/473 461/461
f 467/467 475/475 461/461
f 468/468 476/476 465/465
f 465/465 477/477 466/466
f 478/478 479/479 470/470
f 480/480 476/476 468/468
f 471/471 480/480 468/468
f 479/479 481/481 470/470
f 470/470 481/481 463/463
f 465/465 476/476 477/477
f 477/477 482/482 466/466
f 472/472 475/475 467/467
f 474/474 483/483 484/484
f 475/475 485/485 473/473
f 481/481 486/486 463/463
f 482/482 472/472 466/466
f 472/472 487/487 475/475
f 475/475 487/487 485/485
f 476/476 488/488 477/477
f 482/482 489/489 472/472
f 473/473 485/485 490/490
f 283/283 366/366 158/158
f 479/479 491/491 481/481
f 481/481 492/492 486/486
f 472/472 489/489 487/487
f 481/481 493/493 492/492
f 480/480 494/494 476/476
f 488/488 495/495 482/482
f 477/477 488/488 482/482
f 481/481 491/491 493/493
f 494/494 488/488 476/476
f 487/487 489/489 496/496
f 487/487 496/496 485/485
f 485/485 497/497 498/498
f 482/482 499/499 489/489
f 485/485 496/496 497/497
f 485/485 498/498 490/490
f 494/494 500/500 488/488
f 482/482 495/495 501/501
f 482/482 501/501 499/499
f 499/499 496/496 489/489
f 502/502 503/503 504/504
f 488/488 500/500 495/495
f 498/498 505/505 502/502
f 494/494 506/506 500/500
f 491/491 492/492 493/493
f 506/506 507/507 500/500
f 502/502 505/505 503/503
f 496/496 499/499 497/497
f 507/507 508/508 500/500
f 500/500 508/508 495/495
f 495/495 508/508 501/501
f 508/508 499/499 501/501
f 499/499 509/509 497/497
f 497/497 509/509 498/498
f 498/498 509/509 505/505
f 509/509 510/510 505/505
f 505/505 510/510 503/503
f 503/503 510/510 511/511
f 503/503 511/511 512/512
f 512/512 511/511 513/513
f 513/513 514/514 492/492
f 507/507 515/515 508/508
f 516/516 517/517 518/518
f 518/518 517/517 519/519
f 515/515 520/520 508/508
f 518/518 519/519 521/521
f 508/508 520/520 522/522
f 508/508 522/522 499/499
f 521/521 523/523 524/524
f 523/523 525/525 524/524
f 522/522 526/526 499/499
f 524/524 525/525 527/527
f 499/499 526/526 509/509
f 525/525 528/528 527/527
f 509/509 526/526 529/529
f 527/527 528/528 530/530
f 528/528 531/531 530/530
f 509/509 529/529 510/510
f 510/510 529/529 511/511
f 531/531 532/532 533/533
f 530/530 531/531 533/533
f 284/284 534/534 268/268
f 268/268 534/534 368/368
f 371/371 535/535 227/227
f 179/179 290/290 239/239
f 293/293 336/336 184/184
f 282/282 536/536 283/283
f 469/469 478/478 470/470
f 474/474 484/484 464/464
f 464/464 484/484 469/469
f 469/469 484/484 478/478
f 473/473 490/490 474/474
f 490/490 483/483 474/474
f 484/484 504/504 478/478
f 483/483 504/504 484/484
f 490/490 502/502 483/483
f 502/502 504/504 483/483
f 479/479 537/537 491/491
f 490/490 498/498 502/502
f 478/478 537/537 479/479
f 503/503 537/537 504/504
f 504/504 537/537 478/478
f 537/537 512/512 491/491
f 537/537 503/503 512/512
f 512/512 492/492 491/491
f 512/512 513/513 492/492
f 516/516 538/538 517/517
f 525/525 539/539 528/528
f 528/528 539/539 540/540
f 528/528 540/540 531/531
f 531/531 540/540 532/532
f 532/532 540/540 541/541
f 533/533 532/532 542/542
f 532/532 541/541 542/542
f 542/542 541/541 543/543
f 542/542 543/543 544/544
f 543/543 545/545 544/544
f 367/367 546/546 212/212
f 284/284 547/547 534/534
f 535/535 548/548 227/227
f 227/227 548/548 424/424
f 423/423 549/549 372/372
f 372/372 549/549 373/373
f 374/374 550/550 375/375
f 550/550 551/551 375/375
f 289/289 552/552 290/290
f 290/290 552/552 239/239
f 553/553 554/554 555/555
f 443/443 556/556 282/282
f 521/521 557/557 523/523
f 557/557 558/558 523/523
f 523/523 558/558 525/525
f 558/558 559/559 525/525
f 525/525 559/559 539/539
f 559/559 560/560 539/539
f 539/539 560/560 540/540
f 560/560 561/561 540/540
f 540/540 561/561 541/541
f 212/212 546/546 285/285
f 287/287 562/562 288/288
f 563/563 564/564 565/565
f 276/276 566/566 563/563
f 276/276 563/563 377/377
f 567/567 568/568 376/376
f 289/289 569/569 552/552
f 570/570 571/571 572/572
f 573/573 574/574 575/575
f 573/573 575/575 576/576
f 575/575 577/577 576/576
f 578/578 579/579 580/580
f 578/578 580/580 581/581
f 580/580 582/582 581/581
f 582/582 583/583 581/581
f 581/581 583/583 584/584
f 583/583 585/585 584/584
f 195/195 586/586 443/443
f 538/538 587/587 588/588
f 538/538 588/588 517/517
f 588/588 589/589 519/519
f 517/517 588/588 519/519
f 589/589 557/557 519/519
f 519/519 557/557 521/521
f 559/559 558/558 590/590
f 590/590 560/560 559/559
f 560/560 591/591 561/561
f 561/561 591/591 592/592
f 561/561 592/592 541/541
f 541/541 592/592 593/593
f 541/541 593/593 594/594
f 541/541 594/594 543/543
f 594/594 595/595 545/545
f 543/543 594/594 545/545
f 549/549 596/596 373/373
f 287/287 597/597 562/562
f 598/598 599/599 600/600
f 601/601 572/572 571/571
f 602/602 603/603 604/604
f 604/604 603/603 605/605
f 606/606 607/607 608/608
f 608/608 607/607 609/609
f 608/608 609/609 610/610
f 610/610 609/609 611/611
f 611/611 612/612 579/579
f 613/613 611/611 579/579
f 612/612 614/614 579/579
f 579/579 614/614 580/580
f 614/614 615/615 580/580
f 580/580 615/615 582/582
f 582/582 615/615 616/616
f 616/616 617/617 582/582
f 582/582 617/617 618/618
f 582/582 618/618 583/583
f 583/583 618/618 619/619
f 583/583 619/619 585/585
f 585/585 619/619 620/620
f 620/620 619/619 621/621
f 620/620 621/621 622/622
f 622/622 621/621 623/623
f 622/622 623/623 624/624
f 624/624 623/623 625/625
f 624/624 625/625 626/626
f 625/625 627/627 626/626
f 626/626 627/627 628/628
f 626/626 628/628 629/629
f 556/556 536/536 282/282
f 283/283 630/630 366/366
f 366/366 631/631 367/367
f 589/589 632/632 557/557
f 632/632 633/633 557/557
f 557/557 633/633 558/558
f 558/558 633/633 590/590
f 633/633 634/634 590/590
f 590/590 634/634 560/560
f 560/560 634/634 591/591
f 592/592 591/591 635/635
f 592/592 635/635 593/593
f 534/534 636/636 368/368
f 637/637 638/638 547/547
f 370/370 639/639 423/423
f 423/423 639/639 640/640
f 285/285 546/546 374/374
f 535/535 641/641 548/548
f 423/423 640/640 549/549
f 642/642 643/643 644/644
f 598/598 645/645 599/599
f 646/646 647/647 601/601
f 648/648 649/649 607/607
f 606/606 648/648 607/607
f 607/607 649/649 650/650
f 607/607 650/650 609/609
f 609/609 650/650 612/612
f 609/609 612/612 611/611
f 619/619 651/651 621/621
f 651/651 652/652 621/621
f 621/621 652/652 623/623
f 623/623 652/652 625/625
f 652/652 653/653 625/625
f 625/625 653/653 654/654
f 625/625 654/654 627/627
f 627/627 654/654 655/655
f 655/655 656/656 628/628
f 627/627 655/655 628/628
f 360/360 586/586 195/195
f 657/657 658/658 659/659
f 536/536 630/630 283/283
f 588/588 660/660 661/661
f 662/662 663/663 664/664
f 633/633 632/632 665/665
f 633/633 665/665 634/634
f 634/634 665/665 666/666
f 666/666 667/667 634/634
f 634/634 667/667 591/591
f 591/591 667/667 635/635
f 593/593 595/595 594/594
f 639/639 668/668 640/640
f 548/548 641/641 424/424
f 641/641 669/669 424/424
f 424/424 669/669 670/670
f 549/549 671/671 596/596
f 549/549 640/640 671/671
f 597/597 672/672 562/562
f 374/374 673/673 550/550
f 550/550 673/673 551/551
f 239/239 674/674 293/293
f 650/650 675/675 612/612
f 675/675 676/676 612/612
f 612/612 676/676 614/614
f 676/676 615/615 614/614
f 618/618 677/677 619/619
f 619/619 677/677 651/651
f 678/678 679/679 680/680
f 681/681 682/682 683/683
f 684/684 681/681 683/683
f 685/685 686/686 687/687
f 637/637 688/688 638/638
f 638/638 689/689 636/636
f 638/638 688/688 689/689
f 564/564 690/690 641/641
f 691/691 564/564 563/563
f 673/673 692/692 551/551
f 567/567 693/693 694/694
f 567/567 694/694 568/568
f 568/568 694/694 566/566
f 569/569 695/695 552/552
f 696/696 697/697 698/698
f 699/699 698/698 700/700
f 645/645 701/701 599/599
f 648/648 702/702 649/649
f 649/649 702/702 650/650
f 675/675 703/703 676/676
f 676/676 704/704 615/615
f 615/615 704/704 616/616
f 616/616 704/704 705/705
f 705/705 617/617 616/616
f 617/617 705/705 618/618
f 618/618 705/705 677/677
f 651/651 706/706 652/652
f 653/653 707/707 654/654
f 654/654 707/707 655/655
f 658/658 708/708 709/709
f 658/658 710/710 708/708
f 710/710 711/711 708/708
f 710/710 712/712 711/711
f 713/713 714/714 715/715
f 681/681 716/716 682/682
f 682/682 717/717 679/679
f 678/678 682/682 679/679
f 682/682 716/716 717/717
f 367/367 718/718 546/546
f 688/688 719/719 689/689
f 564/564 720/720 690/690
f 641/641 690/690 669/669
f 640/640 721/721 671/671
f 671/671 721/721 722/722
f 671/671 722/722 596/596
f 723/723 724/724 672/672
f 597/597 723/723 672/672
f 691/691 720/720 564/564
f 694/694 725/725 566/566
f 726/726 695/695 569/569
f 727/727 647/647 646/646
f 650/650 728/728 675/675
f 676/676 703/703 704/704
f 677/677 706/706 651/651
f 655/655 729/729 656/656
f 443/443 586/586 556/556
f 730/730 731/731 732/732
f 681/681 733/733 716/716
f 637/637 734/734 688/688
f 669/669 735/735 670/670
f 736/736 737/737 668/668
f 668/668 737/737 640/640
f 374/374 546/546 673/673
f 720/720 738/738 690/690
f 690/690 738/738 669/669
f 640/640 737/737 721/721
f 673/673 739/739 692/692
f 694/694 740/740 725/725
f 336/336 293/293 360/360
f 293/293 741/741 360/360
f 648/648 742/742 702/702
f 650/650 743/743 728/728
f 705/705 744/744 677/677
f 706/706 745/745 652/652
f 652/652 745/745 653/653
f 653/653 745/745 707/707
f 707/707 746/746 655/655
f 655/655 746/746 729/729
f 741/741 586/586 360/360
f 630/630 631/631 366/366
f 747/747 748/748 733/733
f 681/681 747/747 733/733
f 733/733 749/749 731/731
f 730/730 733/733 731/731
f 733/733 748/748 749/749
f 631/631 718/718 367/367
f 734/734 750/750 688/688
f 688/688 750/750 719/719
f 720/720 751/751 738/738
f 738/738 752/752 669/669
f 669/669 752/752 735/735
f 753/753 754/754 720/720
f 691/691 753/753 720/720
f 721/721 755/755 722/722
f 723/723 756/756 724/724
f 739/739 757/757 692/692
f 693/693 758/758 740/740
f 552/552 674/674 239/239
f 674/674 759/759 293/293
f 742/742 760/760 702/702
f 702/702 760/760 743/743
f 702/702 743/743 650/650
f 675/675 728/728 703/703
f 703/703 761/761 704/704
f 761/761 762/762 704/704
f 704/704 762/762 705/705
f 705/705 763/763 744/744
f 586/586 764/764 556/556
f 556/556 764/764 536/536
f 536/536 765/765 630/630
f 630/630 766/766 631/631
f 767/767 768/768 748/748
f 748/748 768/768 769/769
f 748/748 769/769 770/770
f 771/771 750/750 734/734
f 735/735 771/771 734/734
f 736/736 772/772 737/737
f 754/754 738/738 751/751
f 755/755 773/773 722/722
f 774/774 775/775 756/756
f 723/723 774/774 756/756
f 758/758 776/776 740/740
f 742/742 777/777 760/760
f 764/764 765/765 536/536
f 767/767 778/778 768/768
f 779/779 780/780 781/781
f 769/769 782/782 783/783
f 768/768 782/782 769/769
f 784/784 772/772 736/736
f 546/546 785/785 673/673
f 754/754 786/786 738/738
f 738/738 786/786 752/752
f 721/721 737/737 755/755
f 673/673 785/785 739/739
f 726/726 787/787 695/695
f 703/703 728/728 761/761
f 761/761 788/788 762/762
f 705/705 762/762 763/763
f 745/745 789/789 707/707
f 790/790 791/791 792/792
f 768/768 793/793 782/782
f 782/782 793/793 794/794
f 782/782 794/794 783/783
f 546/546 718/718 785/785
f 771/771 795/795 750/750
f 784/784 796/796 772/772
f 772/772 796/796 737/737
f 754/754 797/797 786/786
f 737/737 798/798 755/755
f 755/755 798/798 773/773
f 785/785 799/799 739/739
f 739/739 799/799 757/757
f 776/776 800/800 740/740
f 695/695 801/801 552/552
f 744/744 802/802 677/677
f 677/677 802/802 706/706
f 706/706 789/789 745/745
f 586/586 803/803 764/764
f 795/795 804/804 750/750
f 784/784 805/805 796/796
f 796/796 806/806 737/737
f 786/786 807/807 752/752
f 807/807 808/808 752/752
f 809/809 810/810 753/753
f 758/758 811/811 776/776
f 757/757 799/799 812/812
f 787/787 801/801 695/695
f 552/552 801/801 674/674
f 788/788 813/813 762/762
f 706/706 802/802 814/814
f 706/706 814/814 789/789
f 768/768 778/778 793/793
f 797/797 815/815 786/786
f 737/737 806/806 798/798
f 798/798 816/816 773/773
f 798/798 806/806 816/816
f 816/816 817/817 773/773
f 774/774 818/818 775/775
f 799/799 819/819 812/812
f 820/820 821/821 811/811
f 822/822 823/823 787/787
f 824/824 825/825 826/826
f 787/787 823/823 801/801
f 759/759 827/827 293/293
f 293/293 827/827 741/741
f 789/789 828/828 707/707
f 707/707 828/828 746/746
f 778/778 829/829 793/793
f 793/793 829/829 830/830
f 793/793 830/830 794/794
f 631/631 766/766 718/718
f 805/805 831/831 796/796
f 831/831 832/832 806/806
f 796/796 831/831 806/806
f 815/815 807/807 786/786
f 785/785 833/833 799/799
f 776/776 821/821 834/834
f 776/776 834/834 800/800
f 777/777 835/835 760/760
f 744/744 836/836 802/802
f 741/741 837/837 586/586
f 791/791 838/838 839/839
f 795/795 840/840 841/841
f 795/795 841/841 804/804
f 832/832 842/842 806/806
f 807/807 843/843 808/808
f 843/843 844/844 808/808
f 810/810 807/807 815/815
f 806/806 842/842 816/816
f 813/813 845/845 762/762
f 762/762 846/846 763/763
f 763/763 846/846 744/744
f 846/846 836/836 744/744
f 837/837 803/803 586/586
f 840/840 847/847 841/841
f 848/848 832/832 831/831
f 849/849 850/850 807/807
f 810/810 849/849 807/807
f 850/850 843/843 807/807
f 842/842 851/851 816/816
f 816/816 851/851 817/817
f 818/818 852/852 775/775
f 799/799 833/833 853/853
f 799/799 853/853 819/819
f 820/820 854/854 821/821
f 801/801 855/855 674/674
f 674/674 855/855 759/759
f 728/728 856/856 761/761
f 828/828 857/857 746/746
f 746/746 857/857 729/729
f 765/765 858/858 630/630
f 843/843 859/859 844/844
f 860/860 861/861 809/809
f 833/833 862/862 853/853
f 821/821 863/863 834/834
f 827/827 864/864 741/741
f 760/760 865/865 743/743
f 743/743 866/866 728/728
f 761/761 867/867 788/788
f 788/788 867/867 813/813
f 857/857 868/868 729/729
f 630/630 858/858 766/766
f 778/778 869/869 829/829
f 848/848 870/870 832/832
f 832/832 870/870 842/842
f 851/851 871/871 817/817
f 821/821 872/872 863/863
f 862/862 873/873 853/853
f 874/874 821/821 854/854
f 835/835 865/865 760/760
f 875/875 866/866 743/743
f 856/856 867/867 761/761
f 845/845 846/846 762/762
f 764/764 876/876 765/765
f 847/847 877/877 841/841
f 841/841 877/877 878/878
f 870/870 879/879 842/842
f 849/849 880/880 850/850
f 850/850 880/880 843/843
f 842/842 879/879 851/851
f 871/871 881/881 817/817
f 818/818 882/882 852/852
f 874/874 883/883 821/821
f 821/821 883/883 872/872
f 823/823 884/884 801/801
f 865/865 875/875 743/743
f 728/728 866/866 856/856
f 836/836 885/885 802/802
f 885/885 886/886 802/802
f 802/802 886/886 814/814
f 814/814 887/887 789/789
f 887/887 828/828 789/789
f 864/864 837/837 741/741
f 764/764 803/803 876/876
f 829/829 869/869 888/888
f 829/829 888/888 830/830
f 718/718 889/889 785/785
f 882/882 890/890 852/852
f 833/833 891/891 862/862
f 862/862 891/891 873/873
f 858/858 892/892 766/766
f 893/893 889/889 718/718
f 877/877 894/894 878/878
f 847/847 895/895 896/896
f 847/847 896/896 877/877
f 880/880 897/897 843/843
f 897/897 898/898 859/859
f 843/843 897/897 859/859
f 859/859 898/898 899/899
f 879/879 900/900 871/871
f 851/851 879/879 871/871
f 871/871 900/900 881/881
f 822/822 884/884 823/823
f 828/828 901/901 857/857
f 765/765 876/876 858/858
f 902/902 903/903 870/870
f 870/870 903/903 879/879
f 904/904 897/897 880/880
f 879/879 905/905 900/900
f 860/860 906/906 861/861
f 883/883 907/907 872/872
f 822/822 908/908 884/884
f 909/909 910/910 911/911
f 912/912 913/913 914/914
f 866/866 867/867 856/856
f 814/814 886/886 887/887
f 896/896 915/915 894/894
f 785/785 889/889 833/833
f 833/833 889/889 891/891
f 860/860 916/916 906/906
f 882/882 917/917 890/890
f 891/891 918/918 873/873
f 883/883 919/919 907/907
f 884/884 920/920 801/801
f 921/921 922/922 923/923
f 923/923 924/924 921/921
f 855/855 827/827 759/759
f 913/913 925/925 914/914
f 846/846 926/926 836/836
f 887/887 901/901 828/828
f 895/895 927/927 896/896
f 896/896 927/927 928/928
f 896/896 928/928 915/915
f 903/903 929/929 879/879
f 889/889 918/918 891/891
f 930/930 931/931 897/897
f 904/904 930/930 897/897
f 931/931 898/898 897/897
f 905/905 932/932 900/900
f 900/900 933/933 881/881
f 900/900 932/932 933/933
f 933/933 934/934 881/881
f 882/882 935/935 917/917
f 918/918 936/936 873/873
f 874/874 937/937 919/919
f 801/801 920/920 855/855
f 813/813 938/938 845/845
f 836/836 926/926 885/885
f 939/939 940/940 941/941
f 766/766 893/893 718/718
f 908/908 942/942 884/884
f 867/867 938/938 813/813
f 837/837 943/943 803/803
f 869/869 944/944 888/888
f 888/888 945/945 830/830
f 766/766 892/892 893/893
f 895/895 946/946 927/927
f 927/927 947/947 928/928
f 898/898 946/946 899/899
f 948/948 905/905 879/879
f 929/929 948/948 879/879
f 929/929 949/949 948/948
f 905/905 950/950 932/932
f 932/932 950/950 933/933
f 937/937 951/951 919/919
f 951/951 952/952 919/919
f 908/908 953/953 942/942
f 924/924 954/954 955/955
f 827/827 956/956 864/864
f 866/866 957/957 867/867
f 846/846 958/958 926/926
f 876/876 959/959 858/858
f 931/931 960/960 898/898
f 898/898 960/960 946/946
f 905/905 948/948 950/950
f 950/950 961/961 933/933
f 933/933 961/961 934/934
f 935/935 962/962 917/917
f 954/954 963/963 955/955
f 964/964 965/965 966/966
f 885/885 926/926 967/967
f 885/885 967/967 886/886
f 837/837 968/968 943/943
f 931/931 969/969 960/960
f 970/970 969/969 930/930
f 918/918 971/971 936/936
f 937/937 972/972 951/951
f 973/973 957/957 866/866
f 867/867 974/974 938/938
f 938/938 975/975 845/845
f 845/845 958/958 846/846
f 927/927 976/976 947/947
f 889/889 977/977 918/918
f 978/978 979/979 916/916
f 961/961 980/980 934/934
f 980/980 981/981 934/934
f 935/935 982/982 962/962
f 935/935 983/983 982/982
f 918/918 977/977 971/971
f 827/827 984/984 956/956
f 965/965 985/985 966/966
f 857/857 986/986 868/868
f 864/864 968/968 837/837
f 803/803 943/943 876/876
f 858/858 959/959 892/892
f 888/888 987/987 945/945
f 893/893 988/988 889/889
f 989/989 990/990 946/946
f 991/991 992/992 948/948
f 949/949 991/991 948/948
f 969/969 989/989 960/960
f 950/950 993/993 961/961
f 978/978 994/994 979/979
f 993/993 995/995 980/980
f 961/961 993/993 980/980
f 980/980 995/995 981/981
f 977/977 996/996 971/971
f 951/951 997/997 952/952
f 953/953 998/998 942/942
f 999/999 1000/1000 1001/1001
f 942/942 998/998 884/884
f 1002/1002 1003/1003 1004/1004
f 954/954 1005/1005 963/963
f 913/913 1006/1006 925/925
f 875/875 1007/1007 866/866
f 957/957 974/974 867/867
f 886/886 1008/1008 887/887
f 901/901 1009/1009 857/857
f 857/857 1009/1009 986/986
f 876/876 1010/1010 959/959
f 976/976 990/990 1011/1011
f 992/992 1012/1012 948/948
f 948/948 1012/1012 950/950
f 970/970 1013/1013 969/969
f 1013/1013 989/989 969/969
f 997/997 994/994 952/952
f 996/996 1014/1014 971/971
f 1015/1015 997/997 972/972
f 1016/1016 1017/1017 1018/1018
f 1019/1019 1020/1020 1021/1021
f 865/865 1007/1007 875/875
f 864/864 956/956 968/968
f 968/968 1022/1022 943/943
f 944/944 1023/1023 888/888
f 989/989 1024/1024 990/990
f 990/990 1024/1024 1025/1025
f 990/990 1025/1025 1011/1011
f 992/992 1026/1026 1012/1012
f 1012/1012 1027/1027 950/950
f 950/950 1027/1027 993/993
f 994/994 1028/1028 979/979
f 983/983 1029/1029 982/982
f 884/884 998/998 920/920
f 835/835 1030/1030 865/865
f 974/974 975/975 938/938
f 845/845 975/975 958/958
f 1008/1008 1031/1031 887/887
f 887/887 1031/1031 901/901
f 1023/1023 987/987 888/888
f 1013/1013 1032/1032 989/989
f 1028/1028 1032/1032 1013/1013
f 995/995 1033/1033 981/981
f 983/983 1034/1034 1029/1029
f 1035/1035 1036/1036 1005/1005
f 855/855 984/984 827/827
f 1030/1030 1037/1037 865/865
f 865/865 1037/1037 1007/1007
f 892/892 1038/1038 893/893
f 1024/1024 1039/1039 1025/1025
f 989/989 1040/1040 1024/1024
f 1032/1032 1041/1041 989/989
f 1027/1027 1042/1042 993/993
f 993/993 1042/1042 1043/1043
f 993/993 1043/1043 995/995
f 995/995 1043/1043 1033/1033
f 997/997 1044/1044 994/994
f 1045/1045 1046/1046 1047/1047
f 920/920 1048/1048 855/855
f 855/855 1048/1048 984/984
f 913/913 1049/1049 1006/1006
f 1007/1007 973/973 866/866
f 967/967 1008/1008 886/886
f 901/901 1050/1050 1009/1009
f 988/988 996/996 889/889
f 889/889 996/996 977/977
f 1040/1040 1051/1051 1024/1024
f 1052/1052 1053/1053 1012/1012
f 1026/1026 1052/1052 1012/1012
f 1012/1012 1053/1053 1027/1027
f 1034/1034 1054/1054 1029/1029
f 998/998 1055/1055 920/920
f 1036/1036 1056/1056 1005/1005
f 1055/1055 1048/1048 920/920
f 926/926 1057/1057 967/967
f 943/943 1010/1010 876/876
f 959/959 1058/1058 892/892
f 1042/1042 1059/1059 1043/1043
f 1043/1043 1060/1060 1033/1033
f 1043/1043 1059/1059 1060/1060
f 1060/1060 1061/1061 1033/1033
f 1034/1034 1062/1062 1054/1054
f 996/996 1063/1063 1014/1014
f 1015/1015 1064/1064 1065/1065
f 1015/1015 1065/1065 997/997
f 997/997 1065/1065 1044/1044
f 1066/1066 1055/1055 953/953
f 953/953 1055/1055 998/998
f 974/974 1067/1067 975/975
f 1023/1023 1068/1068 987/987
f 988/988 1069/1069 996/996
f 1040/1040 1070/1070 1051/1051
f 1052/1052 1071/1071 1053/1053
f 1071/1071 1072/1072 1053/1053
f 1041/1041 1073/1073 1040/1040
f 1032/1032 1074/1074 1041/1041
f 996/996 1069/1069 1063/1063
f 973/973 1075/1075 957/957
f 957/957 1075/1075 974/974
f 975/975 1076/1076 958/958
f 958/958 1057/1057 926/926
f 968/968 1077/1077 1022/1022
f 959/959 1010/1010 1058/1058
f 1072/1072 1078/1078 1053/1053
f 1078/1078 1079/1079 1027/1027
f 1053/1053 1078/1078 1027/1027
f 1027/1027 1079/1079 1042/1042
f 1028/1028 1080/1080 1032/1032
f 1032/1032 1080/1080 1074/1074
f 1069/1069 1081/1081 1063/1063
f 1065/1065 1082/1082 1044/1044
f 1064/1064 1083/1083 1065/1065
f 1063/1063 1081/1081 1084/1084
f 1049/1049 1085/1085 1006/1006
f 1007/1007 1086/1086 973/973
f 958/958 1076/1076 1057/1057
f 901/901 1031/1031 1050/1050
f 1009/1009 1087/1087 986/986
f 1088/1088 1089/1089 1090/1090
f 1091/1091 1088/1088 1090/1090
f 943/943 1022/1022 1092/1092
f 943/943 1092/1092 1010/1010
f 1093/1093 1094/1094 1095/1095
f 893/893 1038/1038 988/988
f 1040/1040 1096/1096 1070/1070
f 1042/1042 1097/1097 1059/1059
f 1044/1044 1098/1098 1080/1080
f 1059/1059 1097/1097 1060/1060
f 1060/1060 1099/1099 1061/1061
f 1062/1062 1100/1100 1054/1054
f 1082/1082 1098/1098 1044/1044
f 1101/1101 1102/1102 1103/1103
f 1036/1036 1104/1104 1056/1056
f 1048/1048 1105/1105 984/984
f 984/984 1105/1105 956/956
f 1037/1037 1086/1086 1007/1007
f 973/973 1106/1106 1075/1075
f 1075/1075 1107/1107 974/974
f 974/974 1107/1107 1067/1067
f 975/975 1067/1067 1076/1076
f 1068/1068 1108/1108 987/987
f 988/988 1109/1109 1069/1069
f 1079/1079 1110/1110 1042/1042
f 1080/1080 1111/1111 1074/1074
f 1042/1042 1110/1110 1097/1097
f 1097/1097 1112/1112 1060/1060
f 1060/1060 1112/1112 1099/1099
f 1100/1100 1113/1113 1054/1054
f 1082/1082 1114/1114 1098/1098
f 1104/1104 1115/1115 1056/1056
f 956/956 1105/1105 968/968
f 1030/1030 1116/1116 1037/1037
f 1037/1037 1116/1116 1086/1086
f 1086/1086 1117/1117 973/973
f 967/967 1118/1118 1008/1008
f 1058/1058 1038/1038 892/892
f 1023/1023 1119/1119 1068/1068
f 1072/1072 1120/1120 1078/1078
f 1073/1073 1111/1111 1096/1096
f 1078/1078 1120/1120 1079/1079
f 1080/1080 1121/1121 1111/1111
f 1081/1081 1122/1122 1084/1084
f 1083/1083 1123/1123 1082/1082
f 1066/1066 1124/1124 1055/1055
f 1125/1125 1126/1126 1127/1127
f 1055/1055 1128/1128 1048/1048
f 1129/1129 1130/1130 1131/1131
f 1117/1117 1106/1106 973/973
f 1077/1077 1132/1132 1022/1022
f 1022/1022 1133/1133 1092/1092
f 1010/1010 1134/1134 1058/1058
f 1120/1120 1135/1135 1079/1079
f 1079/1079 1135/1135 1110/1110
f 1098/1098 1136/1136 1080/1080
f 1069/1069 1137/1137 1081/1081
f 1100/1100 1138/1138 1113/1113
f 1081/1081 1137/1137 1122/1122
f 1066/1066 1139/1139 1124/1124
f 1105/1105 1140/1140 968/968
f 1111/1111 1141/1141 1096/1096
f 1096/1096 1141/1141 1142/1142
f 1120/1120 1143/1143 1135/1135
f 1097/1097 1144/1144 1112/1112
f 1145/1145 1138/1138 1100/1100
f 1112/1112 1146/1146 1099/1099
f 1112/1112 1144/1144 1146/1146
f 1145/1145 1147/1147 1138/1138
f 1123/1123 1148/1148 1082/1082
f 1082/1082 1148/1148 1114/1114
f 1104/1104 1149/1149 1115/1115
f 1055/1055 1124/1124 1128/1128
f 1049/1049 1150/1150 1085/1085
f 1067/1067 1107/1107 1076/1076
f 1118/1118 1151/1151 1008/1008
f 1022/1022 1132/1132 1133/1133
f 1092/1092 1134/1134 1010/1010
f 1068/1068 1152/1152 1108/1108
f 1038/1038 1153/1153 988/988
f 1147/1147 1154/1154 1138/1138
f 1137/1137 1155/1155 1122/1122
f 1122/1122 1155/1155 1156/1156
f 1104/1104 1157/1157 1149/1149
f 1086/1086 1158/1158 1117/1117
f 1107/1107 1159/1159 1076/1076
f 1151/1151 1031/1031 1008/1008
f 968/968 1140/1140 1077/1077
f 1092/1092 1133/1133 1134/1134
f 1152/1152 1160/1160 1108/1108
f 1143/1143 1161/1161 1135/1135
f 1135/1135 1161/1161 1110/1110
f 1144/1144 1162/1162 1146/1146
f 1146/1146 1162/1162 1163/1163
f 1164/1164 1165/1165 1114/1114
f 1148/1148 1164/1164 1114/1114
f 967/967 1166/1166 1118/1118
f 1141/1141 1167/1167 1142/1142
f 1143/1143 1168/1168 1161/1161
f 1110/1110 1169/1169 1097/1097
f 1136/1136 1170/1170 1121/1121
f 1097/1097 1169/1169 1144/1144
f 1162/1162 1171/1171 1163/1163
f 1147/1147 1172/1172 1154/1154
f 1155/1155 1173/1173 1156/1156
f 1174/1174 1164/1164 1148/1148
f 1048/1048 1175/1175 1105/1105
f 1106/1106 1176/1176 1075/1075
f 1076/1076 1159/1159 1057/1057
f 967/967 1057/1057 1166/1166
f 1166/1166 1151/1151 1118/1118
f 1031/1031 1177/1177 1050/1050
f 1178/1178 1132/1132 1077/1077
f 1058/1058 1179/1179 1038/1038
f 988/988 1153/1153 1109/1109
f 1180/1180 1181/1181 1111/1111
f 1121/1121 1180/1180 1111/1111
f 1181/1181 1141/1141 1111/1111
f 1182/1182 1169/1169 1110/1110
f 1161/1161 1182/1182 1110/1110
f 1170/1170 1180/1180 1121/1121
f 1169/1169 1183/1183 1144/1144
f 1144/1144 1183/1183 1162/1162
f 1164/1164 1184/1184 1165/1165
f 1128/1128 1175/1175 1048/1048
f 1030/1030 1185/1185 1116/1116
f 1116/1116 1158/1158 1086/1086
f 1050/1050 1186/1186 1009/1009
f 1009/1009 1186/1186 1087/1087
f 1133/1133 1187/1187 1134/1134
f 1058/1058 1134/1134 1188/1188
f 1170/1170 1189/1189 1180/1180
f 1137/1137 1190/1190 1155/1155
f 1174/1174 1191/1191 1164/1164
f 1164/1164 1191/1191 1184/1184
f 1192/1192 1193/1193 1194/1194
f 1195/1195 1196/1196 1139/1139
f 1139/1139 1196/1196 1124/1124
f 1197/1197 1198/1198 1150/1150
f 1158/1158 1199/1199 1117/1117
f 1176/1176 1107/1107 1075/1075
f 1077/1077 1140/1140 1178/1178
f 1132/1132 1200/1200 1133/1133
f 1201/1201 1202/1202 1068/1068
f 1119/1119 1201/1201 1068/1068
f 1068/1068 1202/1202 1152/1152
f 1168/1168 1203/1203 1161/1161
f 1069/1069 1109/1109 1137/1137
f 1161/1161 1203/1203 1182/1182
f 1189/1189 1204/1204 1180/1180
f 1169/1169 1182/1182 1183/1183
f 1107/1107 1205/1205 1159/1159
f 1057/1057 1206/1206 1166/1166
f 1177/1177 1207/1207 1050/1050
f 1050/1050 1207/1207 1186/1186
f 1188/1188 1179/1179 1058/1058
f 1038/1038 1179/1179 1153/1153
f 1181/1181 1167/1167 1141/1141
f 1204/1204 1181/1181 1180/1180
f 1170/1170 1208/1208 1189/1189
f 1155/1155 1190/1190 1173/1173
f 1196/1196 1128/1128 1124/1124
f 1157/1157 1209/1209 1210/1210
f 1157/1157 1210/1210 1149/1149
f 1176/1176 1211/1211 1107/1107
f 1159/1159 1206/1206 1057/1057
f 1151/1151 1212/1212 1031/1031
f 1178/1178 1213/1213 1132/1132
f 1133/1133 1200/1200 1187/1187
f 1181/1181 1214/1214 1167/1167
f 1183/1183 1215/1215 1162/1162
f 1162/1162 1215/1215 1171/1171
f 1190/1190 1216/1216 1173/1173
f 1191/1191 1217/1217 1184/1184
f 1218/1218 1219/1219 1220/1220
f 1221/1221 1222/1222 1223/1223
f 1211/1211 1205/1205 1107/1107
f 1031/1031 1212/1212 1177/1177
f 1088/1088 1224/1224 1089/1089
f 1213/1213 1200/1200 1132/1132
f 1225/1225 1226/1226 1227/1227
f 1228/1228 1188/1188 1134/1134
f 1181/1181 1229/1229 1214/1214
f 1203/1203 1230/1230 1182/1182
f 1182/1182 1230/1230 1231/1231
f 1182/1182 1231/1231 1183/1183
f 1208/1208 1232/1232 1189/1189
f 1215/1215 1233/1233 1171/1171
f 1172/1172 1234/1234 1154/1154
f 1216/1216 1235/1235 1173/1173
f 1174/1174 1236/1236 1217/1217
f 1237/1237 1238/1238 1196/1196
f 1195/1195 1237/1237 1196/1196
f 1175/1175 1140/1140 1105/1105
f 1117/1117 1239/1239 1106/1106
f 1239/1239 1176/1176 1106/1106
f 1166/1166 1240/1240 1151/1151
f 1212/1212 1207/1207 1177/1177
f 1202/1202 1160/1160 1152/1152
f 1153/1153 1241/1241 1242/1242
f 1153/1153 1242/1242 1109/1109
f 1214/1214 1229/1229 1243/1243
f 1234/1234 1244/1244 1154/1154
f 1154/1154 1244/1244 1245/1245
f 1246/1246 1208/1208 1165/1165
f 1220/1220 1247/1247 1218/1218
f 1196/1196 1238/1238 1128/1128
f 1223/1223 1248/1248 1249/1249
f 1185/1185 1250/1250 1116/1116
f 1116/1116 1250/1250 1158/1158
f 1206/1206 1251/1251 1166/1166
f 1252/1252 1253/1253 1254/1254
f 1181/1181 1255/1255 1229/1229
f 1204/1204 1255/1255 1181/1181
f 1231/1231 1256/1256 1183/1183
f 1137/1137 1109/1109 1190/1190
f 1183/1183 1256/1256 1215/1215
f 1215/1215 1257/1257 1233/1233
f 1234/1234 1258/1258 1244/1244
f 1190/1190 1259/1259 1216/1216
f 1216/1216 1259/1259 1235/1235
f 1238/1238 1260/1260 1128/1128
f 1175/1175 1261/1261 1140/1140
f 1262/1262 1263/1263 1264/1264
f 1265/1265 1266/1266 1229/1229
f 1255/1255 1265/1265 1229/1229
f 1229/1229 1266/1266 1267/1267
f 1229/1229 1267/1267 1243/1243
f 1230/1230 1268/1268 1231/1231
f 1204/1204 1269/1269 1255/1255
f 1232/1232 1269/1269 1204/1204
f 1256/1256 1270/1270 1215/1215
f 1215/1215 1270/1270 1271/1271
f 1215/1215 1271/1271 1257/1257
f 1271/1271 1272/1272 1233/1233
f 1273/1273 1274/1274 1275/1275
f 1234/1234 1276/1276 1258/1258
f 1117/1117 1199/1199 1239/1239
f 1205/1205 1277/1277 1159/1159
f 1206/1206 1277/1277 1251/1251
f 1240/1240 1212/1212 1151/1151
f 1207/1207 1278/1278 1186/1186
f 1187/1187 1279/1279 1134/1134
f 1188/1188 1280/1280 1179/1179
f 1153/1153 1179/1179 1241/1241
f 1109/1109 1259/1259 1190/1190
f 1208/1208 1281/1281 1232/1232
f 1184/1184 1282/1282 1246/1246
f 1283/1283 1284/1284 1197/1197
f 1239/1239 1285/1285 1176/1176
f 1285/1285 1211/1211 1176/1176
f 1159/1159 1277/1277 1206/1206
f 1212/1212 1286/1286 1207/1207
f 1266/1266 1287/1287 1267/1267
f 1268/1268 1288/1288 1231/1231
f 1269/1269 1289/1289 1255/1255
f 1231/1231 1288/1288 1290/1290
f 1231/1231 1290/1290 1256/1256
f 1256/1256 1290/1290 1270/1270
f 1236/1236 1291/1291 1217/1217
f 1292/1292 1293/1293 1294/1294
f 1295/1295 1296/1296 1297/1297
f 1298/1298 1178/1178 1140/1140
f 1201/1201 1299/1299 1202/1202
f 1299/1299 1300/1300 1160/1160
f 1202/1202 1299/1299 1160/1160
f 1287/1287 1301/1301 1267/1267
f 1268/1268 1302/1302 1288/1288
f 1232/1232 1303/1303 1269/1269
f 1259/1259 1304/1304 1235/1235
f 1236/1236 1305/1305 1291/1291
f 1306/1306 1307/1307 1237/1237
f 1237/1237 1307/1307 1238/1238
f 1308/1308 1309/1309 1247/1247
f 1128/1128 1310/1310 1175/1175
f 1261/1261 1298/1298 1140/1140
f 1166/1166 1311/1311 1240/1240
f 1240/1240 1312/1312 1212/1212
f 1279/1279 1228/1228 1134/1134
f 1228/1228 1313/1313 1188/1188
f 1109/1109 1242/1242 1259/1259
f 1276/1276 1314/1314 1258/1258
f 1291/1291 1315/1315 1217/1217
f 1285/1285 1316/1316 1211/1211
f 1311/1311 1312/1312 1240/1240
f 1200/1200 1317/1317 1187/1187
f 1242/1242 1318/1318 1259/1259
f 1289/1289 1319/1319 1255/1255
f 1255/1255 1319/1319 1265/1265
f 1303/1303 1289/1289 1269/1269
f 1290/1290 1320/1320 1270/1270
f 1282/1282 1321/1321 1281/1281
f 1270/1270 1320/1320 1322/1322
f 1270/1270 1322/1322 1271/1271
f 1271/1271 1322/1322 1323/1323
f 1271/1271 1323/1323 1272/1272
f 1324/1324 1325/1325 1326/1326
f 1259/1259 1318/1318 1327/1327
f 1259/1259 1327/1327 1304/1304
f 1238/1238 1328/1328 1260/1260
f 1312/1312 1329/1329 1212/1212
f 1286/1286 1278/1278 1207/1207
f 1201/1201 1330/1330 1299/1299
f 1300/1300 1331/1331 1160/1160
f 1327/1327 1332/1332 1304/1304
f 1291/1291 1333/1333 1315/1315
f 1307/1307 1328/1328 1238/1238
f 1308/1308 1334/1334 1309/1309
f 1335/1335 1336/1336 1337/1337
f 1338/1338 1335/1335 1337/1337
f 1284/1284 1339/1339 1197/1197
f 1211/1211 1340/1340 1205/1205
f 1228/1228 1279/1279 1313/1313
f 1179/1179 1280/1280 1241/1241
f 1241/1241 1341/1341 1242/1242
f 1289/1289 1342/1342 1319/1319
f 1288/1288 1343/1343 1290/1290
f 1290/1290 1343/1343 1320/1320
f 1332/1332 1344/1344 1304/1304
f 1305/1305 1345/1345 1333/1333
f 1260/1260 1310/1310 1128/1128
f 1199/1199 1346/1346 1239/1239
f 1251/1251 1311/1311 1166/1166
f 1212/1212 1329/1329 1286/1286
f 1287/1287 1347/1347 1301/1301
f 1319/1319 1348/1348 1265/1265
f 1301/1301 1347/1347 1349/1349
f 1303/1303 1350/1350 1289/1289
f 1350/1350 1342/1342 1289/1289
f 1315/1315 1351/1351 1282/1282
f 1322/1322 1352/1352 1323/1323
f 1325/1325 1353/1353 1326/1326
f 1306/1306 1354/1354 1307/1307
f 1316/1316 1340/1340 1211/1211
f 1340/1340 1355/1355 1205/1205
f 1277/1277 1356/1356 1251/1251
f 1187/1187 1317/1317 1279/1279
f 1313/1313 1357/1357 1188/1188
f 1319/1319 1358/1358 1348/1348
f 1359/1359 1360/1360 1288/1288
f 1288/1288 1360/1360 1343/1343
f 1351/1351 1350/1350 1321/1321
f 1315/1315 1361/1361 1351/1351
f 1327/1327 1362/1362 1332/1332
f 1332/1332 1362/1362 1344/1344
f 1363/1363 1364/1364 1365/1365
f 1250/1250 1346/1346 1158/1158
f 1158/1158 1346/1346 1199/1199
f 1239/1239 1366/1366 1285/1285
f 1355/1355 1277/1277 1205/1205
f 1298/1298 1367/1367 1178/1178
f 1341/1341 1318/1318 1242/1242
f 1358/1358 1368/1368 1348/1348
f 1347/1347 1348/1348 1369/1369
f 1348/1348 1368/1368 1369/1369
f 1350/1350 1351/1351 1370/1370
f 1371/1371 1372/1372 1325/1325
f 1325/1325 1372/1372 1353/1353
f 1354/1354 1373/1373 1307/1307
f 1307/1307 1373/1373 1328/1328
f 1185/1185 1374/1374 1250/1250
f 1250/1250 1374/1374 1346/1346
f 1279/1279 1375/1375 1313/1313
f 1188/1188 1357/1357 1280/1280
f 1330/1330 1376/1376 1299/1299
f 1368/1368 1377/1377 1369/1369
f 1360/1360 1378/1378 1343/1343
f 1350/1350 1379/1379 1342/1342
f 1351/1351 1380/1380 1370/1370
f 1320/1320 1381/1381 1322/1322
f 1318/1318 1362/1362 1327/1327
f 1322/1322 1381/1381 1352/1352
f 1333/1333 1361/1361 1315/1315
f 1308/1308 1382/1382 1334/1334
f 1329/1329 1383/1383 1286/1286
f 1178/1178 1367/1367 1213/1213
f 1299/1299 1384/1384 1300/1300
f 1384/1384 1385/1385 1386/1386
f 1300/1300 1384/1384 1386/1386
f 1380/1380 1379/1379 1370/1370
f 1361/1361 1387/1387 1351/1351
f 1381/1381 1388/1388 1352/1352
f 1371/1371 1389/1389 1372/1372
f 1372/1372 1390/1390 1353/1353
f 1333/1333 1391/1391 1361/1361
f 1345/1345 1392/1392 1333/1333
f 1354/1354 1393/1393 1373/1373
f 1365/1365 1394/1394 1363/1363
f 1310/1310 1395/1395 1175/1175
f 1185/1185 1396/1396 1374/1374
f 1285/1285 1366/1366 1316/1316
f 1378/1378 1397/1397 1343/1343
f 1379/1379 1398/1398 1342/1342
f 1342/1342 1398/1398 1358/1358
f 1343/1343 1397/1397 1320/1320
f 1320/1320 1397/1397 1381/1381
f 1361/1361 1399/1399 1387/1387
f 1395/1395 1261/1261 1175/1175
f 1346/1346 1400/1400 1239/1239
f 1213/1213 1401/1401 1200/1200
f 1358/1358 1402/1402 1368/1368
f 1402/1402 1403/1403 1377/1377
f 1368/1368 1402/1402 1377/1377
f 1378/1378 1404/1404 1397/1397
f 1380/1380 1398/1398 1379/1379
f 1389/1389 1405/1405 1372/1372
f 1372/1372 1405/1405 1390/1390
f 1354/1354 1406/1406 1393/1393
f 1328/1328 1373/1373 1260/1260
f 1365/1365 1407/1407 1394/1394
f 1408/1408 1409/1409 1410/1410
f 1298/1298 1261/1261 1367/1367
f 1400/1400 1366/1366 1239/1239
f 1277/1277 1355/1355 1356/1356
f 1251/1251 1411/1411 1311/1311
f 1278/1278 1412/1412 1186/1186
f 1186/1186 1413/1413 1087/1087
f 1414/1414 1415/1415 1224/1224
f 1088/1088 1414/1414 1224/1224
f 1200/1200 1416/1416 1317/1317
f 1375/1375 1357/1357 1313/1313
f 1376/1376 1417/1417 1299/1299
f 1299/1299 1417/1417 1384/1384
f 1384/1384 1418/1418 1385/1385
f 1419/1419 1420/1420 1421/1421
f 1341/1341 1422/1422 1318/1318
f 1423/1423 1402/1402 1358/1358
f 1398/1398 1423/1423 1358/1358
f 1397/1397 1424/1424 1381/1381
f 1381/1381 1424/1424 1388/1388
f 1425/1425 1426/1426 1340/1340
f 1316/1316 1425/1425 1340/1340
f 1356/1356 1427/1427 1251/1251
f 1251/1251 1427/1427 1411/1411
f 1311/1311 1411/1411 1312/1312
f 1286/1286 1412/1412 1278/1278
f 1417/1417 1428/1428 1384/1384
f 1384/1384 1428/1428 1418/1418
f 1420/1420 1429/1429 1421/1421
f 1430/1430 1431/1431 1432/1432
f 1402/1402 1433/1433 1403/1403
f 1434/1434 1423/1423 1398/1398
f 1380/1380 1434/1434 1398/1398
f 1318/1318 1435/1435 1362/1362
f 1361/1361 1436/1436 1399/1399
f 1406/1406 1437/1437 1393/1393
f 1393/1393 1437/1437 1373/1373
f 1260/1260 1438/1438 1310/1310
f 1346/1346 1439/1439 1400/1400
f 1366/1366 1440/1440 1316/1316
f 1367/1367 1401/1401 1213/1213
f 1357/1357 1441/1441 1280/1280
f 1280/1280 1422/1422 1241/1241
f 1241/1241 1422/1422 1341/1341
f 1397/1397 1442/1442 1424/1424
f 1399/1399 1443/1443 1387/1387
f 1444/1444 1445/1445 1446/1446
f 1438/1438 1395/1395 1310/1310
f 1396/1396 1447/1447 1374/1374
f 1447/1447 1448/1448 1346/1346
f 1374/1374 1447/1447 1346/1346
f 1346/1346 1448/1448 1439/1439
f 1316/1316 1440/1440 1425/1425
f 1340/1340 1426/1426 1355/1355
f 1412/1412 1449/1449 1186/1186
f 1186/1186 1449/1449 1413/1413
f 1401/1401 1416/1416 1200/1200
f 1317/1317 1450/1450 1279/1279
f 1441/1441 1422/1422 1280/1280
f 1318/1318 1451/1451 1435/1435
f 1433/1433 1452/1452 1403/1403
f 1423/1423 1453/1453 1402/1402
f 1402/1402 1453/1453 1433/1433
f 1424/1424 1454/1454 1388/1388
f 1389/1389 1455/1455 1456/1456
f 1389/1389 1456/1456 1405/1405
f 1457/1457 1458/1458 1459/1459
f 1405/1405 1456/1456 1390/1390
f 1436/1436 1460/1460 1399/1399
f 1261/1261 1395/1395 1367/1367
f 1461/1461 1462/1462 1463/1463
f 1411/1411 1464/1464 1312/1312
f 1312/1312 1383/1383 1329/1329
f 1383/1383 1412/1412 1286/1286
f 1279/1279 1450/1450 1375/1375
f 1375/1375 1465/1465 1357/1357
f 1422/1422 1451/1451 1318/1318
f 1453/1453 1466/1466 1433/1433
f 1404/1404 1467/1467 1397/1397
f 1397/1397 1467/1467 1442/1442
f 1345/1345 1468/1468 1392/1392
f 1468/1468 1469/1469 1391/1391
f 1392/1392 1468/1468 1391/1391
f 1470/1470 1471/1471 1472/1472
f 1472/1472 1473/1473 1470/1470
f 1355/1355 1474/1474 1356/1356
f 1464/1464 1383/1383 1312/1312
f 1317/1317 1416/1416 1450/1450
f 1404/1404 1475/1475 1467/1467
f 1442/1442 1476/1476 1424/1424
f 1424/1424 1476/1476 1454/1454
f 1435/1435 1477/1477 1362/1362
f 1362/1362 1477/1477 1478/1478
f 1362/1362 1478/1478 1344/1344
f 1345/1345 1479/1479 1468/1468
f 1472/1472 1480/1480 1473/1473
f 1400/1400 1440/1440 1366/1366
f 1430/1430 1481/1481 1431/1431
f 1426/1426 1482/1482 1355/1355
f 1356/1356 1474/1474 1427/1427
f 1411/1411 1483/1483 1464/1464
f 1383/1383 1484/1484 1412/1412
f 1375/1375 1485/1485 1465/1465
f 1376/1376 1486/1486 1417/1417
f 1357/1357 1465/1465 1441/1441
f 1423/1423 1487/1487 1453/1453
f 1455/1455 1488/1488 1456/1456
f 1373/1373 1489/1489 1260/1260
f 1395/1395 1490/1490 1367/1367
f 1491/1491 1492/1492 1447/1447
f 1493/1493 1491/1491 1447/1447
f 1447/1447 1492/1492 1448/1448
f 1400/1400 1494/1494 1440/1440
f 1425/1425 1482/1482 1426/1426
f 1482/1482 1474/1474 1355/1355
f 1401/1401 1495/1495 1416/1416
f 1466/1466 1496/1496 1452/1452
f 1434/1434 1497/1497 1423/1423
f 1423/1423 1497/1497 1487/1487
f 1457/1457 1498/1498 1458/1458
f 1436/1436 1499/1499 1460/1460
f 1480/1480 1500/1500 1473/1473
f 1473/1473 1500/1500 1501/1501
f 1502/1502 1503/1503 1492/1492
f 1491/1491 1502/1502 1492/1492
f 1492/1492 1503/1503 1448/1448
f 1439/1439 1494/1494 1400/1400
f 1427/1427 1474/1474 1504/1504
f 1490/1490 1505/1505 1367/1367
f 1367/1367 1505/1505 1401/1401
f 1451/1451 1506/1506 1435/1435
f 1453/1453 1507/1507 1466/1466
f 1466/1466 1507/1507 1508/1508
f 1466/1466 1508/1508 1496/1496
f 1467/1467 1509/1509 1442/1442
f 1510/1510 1511/1511 1512/1512
f 1513/1513 1514/1514 1515/1515
f 1260/1260 1489/1489 1438/1438
f 1503/1503 1516/1516 1448/1448
f 1427/1427 1483/1483 1411/1411
f 1517/1517 1450/1450 1416/1416
f 1486/1486 1518/1518 1417/1417
f 1417/1417 1518/1518 1519/1519
f 1417/1417 1519/1519 1428/1428
f 1428/1428 1519/1519 1418/1418
f 1487/1487 1520/1520 1453/1453
f 1453/1453 1520/1520 1507/1507
f 1521/1521 1476/1476 1442/1442
f 1509/1509 1521/1521 1442/1442
f 1406/1406 1522/1522 1437/1437
f 1523/1523 1524/1524 1525/1525
f 1437/1437 1522/1522 1489/1489
f 1437/1437 1489/1489 1373/1373
f 1526/1526 1527/1527 1528/1528
f 1514/1514 1529/1529 1515/1515
f 1503/1503 1530/1530 1516/1516
f 1531/1531 1485/1485 1375/1375
f 1450/1450 1531/1531 1375/1375
f 1420/1420 1532/1532 1429/1429
f 1422/1422 1533/1533 1451/1451
f 1521/1521 1534/1534 1476/1476
f 1476/1476 1534/1534 1454/1454
f 1435/1435 1506/1506 1477/1477
f 1455/1455 1535/1535 1488/1488
f 1488/1488 1535/1535 1536/1536
f 1468/1468 1537/1537 1469/1469
f 1479/1479 1538/1538 1468/1468
f 1441/1441 1539/1539 1422/1422
f 1520/1520 1540/1540 1507/1507
f 1507/1507 1540/1540 1508/1508
f 1541/1541 1497/1497 1542/1542
f 1534/1534 1543/1543 1454/1454
f 1499/1499 1541/1541 1460/1460
f 1455/1455 1544/1544 1535/1535
f 1545/1545 1522/1522 1406/1406
f 1480/1480 1546/1546 1500/1500
f 1501/1501 1547/1547 1548/1548
f 1489/1489 1549/1549 1438/1438
f 1395/1395 1550/1550 1490/1490
f 1427/1427 1504/1504 1483/1483
f 1383/1383 1551/1551 1484/1484
f 1519/1519 1552/1552 1418/1418
f 1418/1418 1552/1552 1553/1553
f 1540/1540 1554/1554 1508/1508
f 1509/1509 1555/1555 1521/1521
f 1535/1535 1556/1556 1536/1536
f 1536/1536 1556/1556 1557/1557
f 1477/1477 1558/1558 1478/1478
f 1478/1478 1558/1558 1559/1559
f 1560/1560 1561/1561 1562/1562
f 1529/1529 1563/1563 1515/1515
f 1438/1438 1550/1550 1395/1395
f 1530/1530 1564/1564 1516/1516
f 1516/1516 1564/1564 1565/1565
f 1516/1516 1565/1565 1448/1448
f 1448/1448 1565/1565 1439/1439
f 1439/1439 1566/1566 1494/1494
f 1494/1494 1567/1567 1568/1568
f 1494/1494 1568/1568 1440/1440
f 1474/1474 1482/1482 1569/1569
f 1383/1383 1464/1464 1551/1551
f 1505/1505 1495/1495 1401/1401
f 1422/1422 1539/1539 1533/1533
f 1499/1499 1570/1570 1541/1541
f 1558/1558 1571/1571 1559/1559
f 1538/1538 1572/1572 1537/1537
f 1501/1501 1573/1573 1547/1547
f 1550/1550 1505/1505 1490/1490
f 1530/1530 1574/1574 1564/1564
f 1517/1517 1531/1531 1450/1450
f 1487/1487 1575/1575 1520/1520
f 1497/1497 1576/1576 1487/1487
f 1541/1541 1576/1576 1497/1497
f 1537/1537 1577/1577 1570/1570
f 1578/1578 1579/1579 1580/1580
f 1495/1495 1517/1517 1416/1416
f 1533/1533 1581/1581 1451/1451
f 1576/1576 1575/1575 1487/1487
f 1545/1545 1582/1582 1522/1522
f 1440/1440 1568/1568 1583/1583
f 1425/1425 1584/1584 1482/1482
f 1584/1584 1569/1569 1482/1482
f 1474/1474 1569/1569 1504/1504
f 1569/1569 1585/1585 1504/1504
f 1555/1555 1586/1586 1521/1521
f 1521/1521 1586/1586 1534/1534
f 1541/1541 1587/1587 1576/1576
f 1534/1534 1586/1586 1543/1543
f 1570/1570 1587/1587 1541/1541
f 1489/1489 1588/1588 1549/1549
f 1440/1440 1583/1583 1425/1425
f 1483/1483 1589/1589 1464/1464
f 1464/1464 1590/1590 1551/1551
f 1484/1484 1591/1591 1412/1412
f 1506/1506 1558/1558 1477/1477
f 1577/1577 1592/1592 1570/1570
f 1572/1572 1593/1593 1537/1537
f 1582/1582 1594/1594 1522/1522
f 1522/1522 1594/1594 1489/1489
f 1595/1595 1596/1596 1597/1597
f 1595/1595 1598/1598 1596/1596
f 1566/1566 1567/1567 1494/1494
f 1425/1425 1583/1583 1584/1584
f 1504/1504 1585/1585 1483/1483
f 1485/1485 1531/1531 1599/1599
f 1486/1486 1600/1600 1518/1518
f 1518/1518 1601/1601 1519/1519
f 1519/1519 1601/1601 1552/1552
f 1549/1549 1602/1602 1438/1438
f 1565/1565 1566/1566 1439/1439
f 1484/1484 1551/1551 1591/1591
f 1575/1575 1603/1603 1604/1604
f 1575/1575 1604/1604 1520/1520
f 1520/1520 1604/1604 1605/1605
f 1520/1520 1605/1605 1540/1540
f 1540/1540 1605/1605 1554/1554
f 1555/1555 1606/1606 1586/1586
f 1438/1438 1602/1602 1550/1550
f 1568/1568 1607/1607 1583/1583
f 1585/1585 1608/1608 1483/1483
f 1589/1589 1590/1590 1464/1464
f 1505/1505 1609/1609 1495/1495
f 1610/1610 1611/1611 1612/1612
f 1485/1485 1613/1613 1465/1465
f 1465/1465 1613/1613 1441/1441
f 1605/1605 1614/1614 1554/1554
f 1576/1576 1603/1603 1575/1575
f 1555/1555 1615/1615 1606/1606
f 1577/1577 1616/1616 1592/1592
f 1595/1595 1617/1617 1598/1598
f 1550/1550 1618/1618 1505/1505
f 1483/1483 1608/1608 1589/1589
f 1495/1495 1619/1619 1517/1517
f 1600/1600 1620/1620 1518/1518
f 1518/1518 1620/1620 1601/1601
f 1581/1581 1621/1621 1451/1451
f 1451/1451 1622/1622 1506/1506
f 1586/1586 1606/1606 1543/1543
f 1592/1592 1623/1623 1587/1587
f 1535/1535 1624/1624 1556/1556
f 1556/1556 1624/1624 1557/1557
f 1598/1598 1625/1625 1573/1573
f 1489/1489 1626/1626 1588/1588
f 1485/1485 1599/1599 1613/1613
f 1601/1601 1627/1627 1552/1552
f 1552/1552 1627/1627 1553/1553
f 1441/1441 1628/1628 1539/1539
f 1621/1621 1622/1622 1451/1451
f 1576/1576 1629/1629 1603/1603
f 1544/1544 1630/1630 1535/1535
f 1535/1535 1630/1630 1624/1624
f 1594/1594 1626/1626 1489/1489
f 1585/1585 1631/1631 1608/1608
f 1531/1531 1632/1632 1599/1599
f 1587/1587 1633/1633 1576/1576
f 1606/1606 1634/1634 1543/1543
f 1543/1543 1634/1634 1635/1635
f 1569/1569 1631/1631 1585/1585
f 1412/1412 1591/1591 1449/1449
f 1618/1618 1636/1636 1505/1505
f 1517/1517 1632/1632 1531/1531
f 1613/1613 1628/1628 1441/1441
f 1539/1539 1637/1637 1533/1533
f 1533/1533 1637/1637 1581/1581
f 1624/1624 1638/1638 1557/1557
f 1558/1558 1639/1639 1571/1571
f 1617/1617 1640/1640 1598/1598
f 1565/1565 1641/1641 1566/1566
f 1567/1567 1607/1607 1568/1568
f 1583/1583 1607/1607 1642/1642
f 1583/1583 1642/1642 1584/1584
f 1505/1505 1636/1636 1609/1609
f 1609/1609 1619/1619 1495/1495
f 1622/1622 1643/1643 1506/1506
f 1506/1506 1643/1643 1558/1558
f 1639/1639 1644/1644 1571/1571
f 1645/1645 1646/1646 1593/1593
f 1572/1572 1645/1645 1593/1593
f 1593/1593 1646/1646 1616/1616
f 1647/1647 1648/1648 1649/1649
f 1640/1640 1650/1650 1625/1625
f 1602/1602 1618/1618 1550/1550
f 1567/1567 1651/1651 1607/1607
f 1584/1584 1631/1631 1569/1569
f 1631/1631 1652/1652 1608/1608
f 1652/1652 1653/1653 1589/1589
f 1608/1608 1652/1652 1589/1589
f 1589/1589 1653/1653 1590/1590
f 1414/1414 1654/1654 1415/1415
f 1619/1619 1655/1655 1517/1517
f 1655/1655 1632/1632 1517/1517
f 1600/1600 1656/1656 1620/1620
f 1620/1620 1657/1657 1601/1601
f 1601/1601 1657/1657 1627/1627
f 1603/1603 1658/1658 1604/1604
f 1604/1604 1658/1658 1605/1605
f 1629/1629 1659/1659 1603/1603
f 1660/1660 1661/1661 1662/1662
f 1660/1660 1662/1662 1594/1594
f 1594/1594 1662/1662 1626/1626
f 1588/1588 1602/1602 1549/1549
f 1574/1574 1663/1663 1564/1564
f 1564/1564 1663/1663 1565/1565
f 1642/1642 1664/1664 1584/1584
f 1584/1584 1664/1664 1631/1631
f 1551/1551 1590/1590 1665/1665
f 1551/1551 1665/1665 1591/1591
f 1449/1449 1666/1666 1413/1413
f 1414/1414 1667/1667 1654/1654
f 1658/1658 1668/1668 1605/1605
f 1668/1668 1669/1669 1614/1614
f 1605/1605 1668/1668 1614/1614
f 1659/1659 1670/1670 1603/1603
f 1615/1615 1671/1671 1606/1606
f 1606/1606 1672/1672 1634/1634
f 1646/1646 1673/1673 1616/1616
f 1663/1663 1674/1674 1565/1565
f 1565/1565 1674/1674 1641/1641
f 1566/1566 1641/1641 1567/1567
f 1675/1675 1676/1676 1631/1631
f 1631/1631 1676/1676 1652/1652
f 1591/1591 1677/1677 1449/1449
f 1449/1449 1677/1677 1666/1666
f 1656/1656 1678/1678 1620/1620
f 1620/1620 1678/1678 1657/1657
f 1657/1657 1679/1679 1627/1627
f 1680/1680 1681/1681 1532/1532
f 1682/1682 1680/1680 1532/1532
f 1613/1613 1683/1683 1628/1628
f 1628/1628 1637/1637 1539/1539
f 1637/1637 1621/1621 1581/1581
f 1671/1671 1684/1684 1606/1606
f 1606/1606 1684/1684 1672/1672
f 1639/1639 1685/1685 1644/1644
f 1646/1646 1686/1686 1673/1673
f 1645/1645 1686/1686 1646/1646
f 1645/1645 1687/1687 1686/1686
f 1591/1591 1688/1688 1677/1677
f 1659/1659 1689/1689 1670/1670
f 1558/1558 1643/1643 1639/1639
f 1640/1640 1690/1690 1650/1650
f 1691/1691 1692/1692 1693/1693
f 1694/1694 1695/1695 1696/1696
f 1694/1694 1696/1696 1697/1697
f 1618/1618 1698/1698 1636/1636
f 1641/1641 1651/1651 1567/1567
f 1651/1651 1699/1699 1607/1607
f 1619/1619 1700/1700 1655/1655
f 1672/1672 1701/1701 1634/1634
f 1702/1702 1703/1703 1704/1704
f 1634/1634 1701/1701 1635/1635
f 1687/1687 1705/1705 1686/1686
f 1706/1706 1707/1707 1692/1692
f 1574/1574 1708/1708 1663/1663
f 1664/1664 1709/1709 1631/1631
f 1665/1665 1688/1688 1591/1591
f 1609/1609 1710/1710 1619/1619
f 1670/1670 1689/1689 1658/1658
f 1662/1662 1711/1711 1626/1626
f 1640/1640 1712/1712 1690/1690
f 1626/1626 1711/1711 1588/1588
f 1602/1602 1713/1713 1618/1618
f 1641/1641 1714/1714 1651/1651
f 1636/1636 1710/1710 1609/1609
f 1637/1637 1715/1715 1621/1621
f 1689/1689 1716/1716 1658/1658
f 1658/1658 1716/1716 1668/1668
f 1630/1630 1717/1717 1624/1624
f 1624/1624 1717/1717 1638/1638
f 1705/1705 1718/1718 1686/1686
f 1661/1661 1719/1719 1662/1662
f 1588/1588 1720/1720 1602/1602
f 1674/1674 1714/1714 1641/1641
f 1607/1607 1699/1699 1642/1642
f 1642/1642 1709/1709 1664/1664
f 1709/1709 1675/1675 1631/1631
f 1656/1656 1721/1721 1678/1678
f 1683/1683 1637/1637 1628/1628
f 1701/1701 1722/1722 1635/1635
f 1630/1630 1723/1723 1717/1717
f 1712/1712 1724/1724 1690/1690
f 1711/1711 1720/1720 1588/1588
f 1651/1651 1725/1725 1699/1699
f 1652/1652 1676/1676 1653/1653
f 1655/1655 1700/1700 1632/1632
f 1678/1678 1726/1726 1657/1657
f 1657/1657 1726/1726 1679/1679
f 1621/1621 1727/1727 1622/1622
f 1720/1720 1713/1713 1602/1602
f 1618/1618 1713/1713 1698/1698
f 1728/1728 1729/1729 1730/1730
f 1699/1699 1731/1731 1642/1642
f 1642/1642 1731/1731 1709/1709
f 1675/1675 1732/1732 1676/1676
f 1676/1676 1733/1733 1653/1653
f 1733/1733 1734/1734 1653/1653
f 1653/1653 1734/1734 1590/1590
f 1590/1590 1734/1734 1665/1665
f 1613/1613 1735/1735 1683/1683
f 1659/1659 1736/1736 1737/1737
f 1659/1659 1737/1737 1689/1689
f 1622/1622 1738/1738 1643/1643
f 1703/1703 1739/1739 1704/1704
f 1639/1639 1740/1740 1685/1685
f 1687/1687 1741/1741 1705/1705
f 1709/1709 1742/1742 1675/1675
f 1700/1700 1743/1743 1632/1632
f 1632/1632 1744/1744 1599/1599
f 1744/1744 1735/1735 1599/1599
f 1599/1599 1735/1735 1613/1613
f 1716/1716 1745/1745 1668/1668
f 1668/1668 1745/1745 1669/1669
f 1746/1746 1725/1725 1651/1651
f 1675/1675 1742/1742 1732/1732
f 1732/1732 1747/1747 1676/1676
f 1715/1715 1727/1727 1621/1621
f 1689/1689 1737/1737 1716/1716
f 1745/1745 1748/1748 1669/1669
f 1671/1671 1749/1749 1684/1684
f 1750/1750 1739/1739 1736/1736
f 1695/1695 1751/1751 1696/1696
f 1711/1711 1752/1752 1720/1720
f 1720/1720 1753/1753 1713/1713
f 1714/1714 1746/1746 1651/1651
f 1683/1683 1735/1735 1754/1754
f 1683/1683 1754/1754 1637/1637
f 1684/1684 1755/1755 1672/1672
f 1672/1672 1755/1755 1701/1701
f 1741/1741 1756/1756 1705/1705
f 1705/1705 1756/1756 1718/1718
f 1719/1719 1757/1757 1662/1662
f 1662/1662 1757/1757 1711/1711
f 1712/1712 1758/1758 1724/1724
f 1636/1636 1759/1759 1710/1710
f 1749/1749 1755/1755 1684/1684
f 1717/1717 1760/1760 1638/1638
f 1698/1698 1759/1759 1636/1636
f 1731/1731 1761/1761 1709/1709
f 1709/1709 1761/1761 1742/1742
f 1676/1676 1747/1747 1733/1733
f 1710/1710 1762/1762 1619/1619
f 1619/1619 1762/1762 1700/1700
f 1726/1726 1763/1763 1679/1679
f 1680/1680 1764/1764 1681/1681
f 1715/1715 1765/1765 1727/1727
f 1727/1727 1738/1738 1622/1622
f 1719/1719 1766/1766 1757/1757
f 1708/1708 1767/1767 1663/1663
f 1663/1663 1767/1767 1714/1714
f 1663/1663 1714/1714 1674/1674
f 1734/1734 1768/1768 1665/1665
f 1743/1743 1744/1744 1632/1632
f 1637/1637 1765/1765 1715/1715
f 1701/1701 1769/1769 1722/1722
f 1723/1723 1770/1770 1717/1717
f 1643/1643 1771/1771 1639/1639
f 1639/1639 1771/1771 1740/1740
f 1718/1718 1772/1772 1673/1673
f 1711/1711 1757/1757 1752/1752
f 1758/1758 1773/1773 1724/1724
f 1665/1665 1774/1774 1688/1688
f 1688/1688 1775/1775 1677/1677
f 1677/1677 1775/1775 1666/1666
f 1721/1721 1776/1776 1678/1678
f 1678/1678 1776/1776 1726/1726
f 1777/1777 1765/1765 1637/1637
f 1737/1737 1778/1778 1716/1716
f 1716/1716 1778/1778 1745/1745
f 1745/1745 1779/1779 1748/1748
f 1780/1780 1781/1781 1782/1782
f 1643/1643 1738/1738 1771/1771
f 1713/1713 1783/1783 1698/1698
f 1725/1725 1784/1784 1699/1699
f 1784/1784 1731/1731 1699/1699
f 1754/1754 1777/1777 1637/1637
f 1785/1785 1786/1786 1739/1739
f 1787/1787 1772/1772 1785/1785
f 1752/1752 1753/1753 1720/1720
f 1688/1688 1774/1774 1775/1775
f 1700/1700 1762/1762 1788/1788
f 1700/1700 1788/1788 1743/1743
f 1721/1721 1789/1789 1776/1776
f 1764/1764 1790/1790 1681/1681
f 1736/1736 1791/1791 1737/1737
f 1739/1739 1786/1786 1736/1736
f 1755/1755 1792/1792 1701/1701
f 1701/1701 1792/1792 1769/1769
f 1770/1770 1793/1793 1717/1717
f 1717/1717 1793/1793 1760/1760
f 1713/1713 1753/1753 1783/1783
f 1714/1714 1794/1794 1746/1746
f 1665/1665 1768/1768 1774/1774
f 1795/1795 1710/1710 1759/1759
f 1727/1727 1796/1796 1738/1738
f 1718/1718 1756/1756 1772/1772
f 1758/1758 1797/1797 1773/1773
f 1751/1751 1798/1798 1696/1696
f 1698/1698 1795/1795 1759/1759
f 1765/1765 1796/1796 1727/1727
f 1778/1778 1799/1799 1745/1745
f 1745/1745 1799/1799 1779/1779
f 1781/1781 1800/1800 1782/1782
f 1771/1771 1801/1801 1740/1740
f 1741/1741 1802/1802 1756/1756
f 1803/1803 1804/1804 1805/1805
f 1806/1806 1807/1807 1766/1766
f 1807/1807 1808/1808 1757/1757
f 1766/1766 1807/1807 1757/1757
f 1758/1758 1809/1809 1797/1797
f 1752/1752 1810/1810 1753/1753
f 1708/1708 1811/1811 1812/1812
f 1708/1708 1812/1812 1767/1767
f 1767/1767 1812/1812 1813/1813
f 1767/1767 1813/1813 1714/1714
f 1813/1813 1794/1794 1714/1714
f 1731/1731 1814/1814 1761/1761
f 1761/1761 1815/1815 1742/1742
f 1742/1742 1815/1815 1732/1732
f 1733/1733 1747/1747 1816/1816
f 1734/1734 1817/1817 1768/1768
f 1818/1818 1819/1819 1820/1820
f 1796/1796 1821/1821 1738/1738
f 1737/1737 1822/1822 1778/1778
f 1784/1784 1823/1823 1731/1731
f 1761/1761 1814/1814 1815/1815
f 1816/1816 1817/1817 1733/1733
f 1733/1733 1817/1817 1734/1734
f 1775/1775 1824/1824 1666/1666
f 1667/1667 1825/1825 1654/1654
f 1826/1826 1796/1796 1765/1765
f 1736/1736 1827/1827 1791/1791
f 1793/1793 1828/1828 1760/1760
f 1772/1772 1829/1829 1785/1785
f 1808/1808 1830/1830 1757/1757
f 1757/1757 1830/1830 1752/1752
f 1698/1698 1783/1783 1795/1795
f 1794/1794 1831/1831 1746/1746
f 1831/1831 1725/1725 1746/1746
f 1823/1823 1814/1814 1731/1731
f 1815/1815 1832/1832 1732/1732
f 1762/1762 1833/1833 1788/1788
f 1744/1744 1834/1834 1735/1735
f 1726/1726 1835/1835 1763/1763
f 1763/1763 1835/1835 1836/1836
f 1786/1786 1827/1827 1736/1736
f 1782/1782 1800/1800 1837/1837
f 1785/1785 1829/1829 1786/1786
f 1802/1802 1838/1838 1756/1756
f 1743/1743 1834/1834 1744/1744
f 1771/1771 1839/1839 1801/1801
f 1802/1802 1840/1840 1838/1838
f 1725/1725 1831/1831 1784/1784
f 1732/1732 1832/1832 1747/1747
f 1795/1795 1841/1841 1710/1710
f 1762/1762 1842/1842 1833/1833
f 1788/1788 1834/1834 1743/1743
f 1789/1789 1843/1843 1776/1776
f 1776/1776 1843/1843 1844/1844
f 1776/1776 1844/1844 1726/1726
f 1726/1726 1844/1844 1835/1835
f 1765/1765 1777/1777 1826/1826
f 1772/1772 1845/1845 1829/1829
f 1832/1832 1816/1816 1747/1747
f 1768/1768 1846/1846 1774/1774
f 1825/1825 1847/1847 1654/1654
f 1754/1754 1735/1735 1848/1848
f 1821/1821 1849/1849 1738/1738
f 1800/1800 1850/1850 1837/1837
f 1738/1738 1851/1851 1771/1771
f 1771/1771 1851/1851 1839/1839
f 1840/1840 1852/1852 1838/1838
f 1838/1838 1852/1852 1772/1772
f 1806/1806 1853/1853 1807/1807
f 1830/1830 1810/1810 1752/1752
f 1751/1751 1854/1854 1798/1798
f 1753/1753 1855/1855 1783/1783
f 1856/1856 1815/1815 1814/1814
f 1841/1841 1762/1762 1710/1710
f 1834/1834 1848/1848 1735/1735
f 1754/1754 1848/1848 1777/1777
f 1778/1778 1857/1857 1799/1799
f 1857/1857 1858/1858 1779/1779
f 1799/1799 1857/1857 1779/1779
f 1781/1781 1859/1859 1860/1860
f 1781/1781 1860/1860 1800/1800
f 1800/1800 1860/1860 1850/1850
f 1861/1861 1862/1862 1863/1863
f 1789/1789 1864/1864 1843/1843
f 1822/1822 1865/1865 1778/1778
f 1778/1778 1865/1865 1857/1857
f 1807/1807 1830/1830 1808/1808
f 1810/1810 1855/1855 1753/1753
f 1792/1792 1866/1866 1769/1769
f 1770/1770 1867/1867 1793/1793
f 1793/1793 1867/1867 1828/1828
f 1852/1852 1868/1868 1845/1845
f 1823/1823 1856/1856 1814/1814
f 1768/1768 1817/1817 1846/1846
f 1795/1795 1783/1783 1841/1841
f 1841/1841 1842/1842 1762/1762
f 1788/1788 1869/1869 1834/1834
f 1822/1822 1870/1870 1865/1865
f 1827/1827 1871/1871 1870/1870
f 1827/1827 1870/1870 1791/1791
f 1738/1738 1849/1849 1851/1851
f 1872/1872 1873/1873 1770/1770
f 1770/1770 1873/1873 1867/1867
f 1855/1855 1874/1874 1783/1783
f 1831/1831 1823/1823 1784/1784
f 1842/1842 1875/1875 1833/1833
f 1833/1833 1869/1869 1788/1788
f 1851/1851 1876/1876 1839/1839
f 1840/1840 1877/1877 1852/1852
f 1810/1810 1878/1878 1855/1855
f 1817/1817 1879/1879 1846/1846
f 1849/1849 1880/1880 1851/1851
f 1852/1852 1881/1881 1868/1868
f 1877/1877 1881/1881 1852/1852
f 1812/1812 1882/1882 1813/1813
f 1813/1813 1882/1882 1794/1794
f 1794/1794 1883/1883 1831/1831
f 1856/1856 1884/1884 1815/1815
f 1832/1832 1885/1885 1816/1816
f 1816/1816 1885/1885 1817/1817
f 1879/1879 1886/1886 1846/1846
f 1774/1774 1887/1887 1775/1775
f 1775/1775 1888/1888 1824/1824
f 1825/1825 1889/1889 1847/1847
f 1826/1826 1821/1821 1796/1796
f 1870/1870 1890/1890 1865/1865
f 1871/1871 1890/1890 1870/1870
f 1867/1867 1891/1891 1828/1828
f 1892/1892 1893/1893 1894/1894
f 1895/1895 1892/1892 1894/1894
f 1811/1811 1896/1896 1812/1812
f 1812/1812 1896/1896 1882/1882
f 1794/1794 1882/1882 1883/1883
f 1815/1815 1884/1884 1832/1832
f 1846/1846 1887/1887 1774/1774
f 1874/1874 1897/1897 1783/1783
f 1783/1783 1897/1897 1841/1841
f 1864/1864 1898/1898 1843/1843
f 1843/1843 1899/1899 1844/1844
f 1844/1844 1899/1899 1835/1835
f 1777/1777 1900/1900 1826/1826
f 1881/1881 1901/1901 1868/1868
f 1831/1831 1883/1883 1823/1823
f 1902/1902 1842/1842 1841/1841
f 1875/1875 1869/1869 1833/1833
f 1903/1903 1904/1904 1790/1790
f 1857/1857 1905/1905 1858/1858
f 1859/1859 1906/1906 1860/1860
f 1901/1901 1907/1907 1868/1868
f 1868/1868 1907/1907 1908/1908
f 1872/1872 1909/1909 1873/1873
f 1873/1873 1910/1910 1867/1867
f 1867/1867 1910/1910 1891/1891
f 1810/1810 1911/1911 1878/1878
f 1823/1823 1912/1912 1856/1856
f 1887/1887 1913/1913 1775/1775
f 1775/1775 1913/1913 1888/1888
f 1865/1865 1914/1914 1857/1857
f 1857/1857 1914/1914 1905/1905
f 1860/1860 1915/1915 1850/1850
f 1916/1916 1917/1917 1918/1918
f 1850/1850 1915/1915 1919/1919
f 1907/1907 1917/1917 1908/1908
f 1807/1807 1911/1911 1830/1830
f 1883/1883 1920/1920 1823/1823
f 1884/1884 1885/1885 1832/1832
f 1846/1846 1886/1886 1887/1887
f 1897/1897 1902/1902 1841/1841
f 1875/1875 1921/1921 1869/1869
f 1869/1869 1921/1921 1834/1834
f 1899/1899 1922/1922 1835/1835
f 1903/1903 1923/1923 1904/1904
f 1890/1890 1924/1924 1865/1865
f 1865/1865 1924/1924 1914/1914
f 1821/1821 1925/1925 1849/1849
f 1853/1853 1926/1926 1807/1807
f 1807/1807 1926/1926 1911/1911
f 1830/1830 1911/1911 1810/1810
f 1878/1878 1927/1927 1855/1855
f 1892/1892 1928/1928 1893/1893
f 1912/1912 1929/1929 1856/1856
f 1856/1856 1930/1930 1884/1884
f 1898/1898 1931/1931 1843/1843
f 1843/1843 1931/1931 1899/1899
f 1848/1848 1932/1932 1900/1900
f 1848/1848 1900/1900 1777/1777
f 1826/1826 1933/1933 1821/1821
f 1890/1890 1934/1934 1924/1924
f 1906/1906 1935/1935 1860/1860
f 1860/1860 1935/1935 1915/1915
f 1849/1849 1925/1925 1880/1880
f 1880/1880 1936/1936 1851/1851
f 1881/1881 1937/1937 1901/1901
f 1851/1851 1936/1936 1876/1876
f 1882/1882 1938/1938 1883/1883
f 1823/1823 1920/1920 1912/1912
f 1929/1929 1930/1930 1856/1856
f 1884/1884 1930/1930 1885/1885
f 1885/1885 1939/1939 1817/1817
f 1834/1834 1921/1921 1940/1940
f 1834/1834 1940/1940 1848/1848
f 1915/1915 1941/1941 1919/1919
f 1909/1909 1942/1942 1873/1873
f 1911/1911 1943/1943 1878/1878
f 1855/1855 1927/1927 1874/1874
f 1927/1927 1944/1944 1874/1874
f 1811/1811 1945/1945 1896/1896
f 1896/1896 1945/1945 1882/1882
f 1883/1883 1946/1946 1920/1920
f 1817/1817 1939/1939 1879/1879
f 1897/1897 1947/1947 1902/1902
f 1842/1842 1948/1948 1875/1875
f 1949/1949 1950/1950 1951/1951
f 1821/1821 1952/1952 1925/1925
f 1924/1924 1953/1953 1914/1914
f 1953/1953 1954/1954 1905/1905
f 1914/1914 1953/1953 1905/1905
f 1906/1906 1955/1955 1935/1935
f 1918/1918 1956/1956 1934/1934
f 1935/1935 1957/1957 1915/1915
f 1917/1917 1956/1956 1918/1918
f 1915/1915 1957/1957 1941/1941
f 1958/1958 1959/1959 1960/1960
f 1958/1958 1960/1960 1961/1961
f 1878/1878 1943/1943 1927/1927
f 1930/1930 1962/1962 1885/1885
f 1885/1885 1963/1963 1939/1939
f 1879/1879 1939/1939 1964/1964
f 1842/1842 1902/1902 1948/1948
f 1948/1948 1965/1965 1875/1875
f 1934/1934 1966/1966 1924/1924
f 1956/1956 1966/1966 1934/1934
f 1907/1907 1967/1967 1917/1917
f 1874/1874 1944/1944 1897/1897
f 1912/1912 1920/1920 1929/1929
f 1879/1879 1964/1964 1886/1886
f 1889/1889 1968/1968 1847/1847
f 1875/1875 1965/1965 1921/1921
f 1921/1921 1969/1969 1940/1940
f 1949/1949 1970/1970 1950/1950
f 1933/1933 1952/1952 1821/1821
f 1971/1971 1972/1972 1954/1954
f 1955/1955 1973/1973 1974/1974
f 1955/1955 1974/1974 1935/1935
f 1925/1925 1975/1975 1880/1880
f 1942/1942 1976/1976 1873/1873
f 1873/1873 1976/1976 1910/1910
f 1937/1937 1977/1977 1901/1901
f 1911/1911 1978/1978 1943/1943
f 1944/1944 1979/1979 1897/1897
f 1892/1892 1980/1980 1928/1928
f 1979/1979 1947/1947 1897/1897
f 1883/1883 1938/1938 1946/1946
f 1920/1920 1981/1981 1929/1929
f 1962/1962 1963/1963 1885/1885
f 1902/1902 1982/1982 1948/1948
f 1898/1898 1983/1983 1931/1931
f 1848/1848 1940/1940 1932/1932
f 1924/1924 1984/1984 1953/1953
f 1880/1880 1985/1985 1936/1936
f 1986/1986 1987/1987 1937/1937
f 1988/1988 1986/1986 1937/1937
f 1937/1937 1987/1987 1977/1977
f 1966/1966 1984/1984 1924/1924
f 1974/1974 1957/1957 1935/1935
f 1956/1956 1989/1989 1966/1966
f 1907/1907 1990/1990 1967/1967
f 1811/1811 1991/1991 1945/1945
f 1945/1945 1992/1992 1882/1882
f 1929/1929 1993/1993 1930/1930
f 1964/1964 1887/1887 1886/1886
f 1965/1965 1969/1969 1921/1921
f 1983/1983 1994/1994 1931/1931
f 1931/1931 1994/1994 1899/1899
f 1942/1942 1995/1995 1996/1996
f 1959/1959 1997/1997 1960/1960
f 1975/1975 1998/1998 1880/1880
f 1880/1880 1998/1998 1985/1985
f 1853/1853 1999/1999 1926/1926
f 1927/1927 2000/2000 1944/1944
f 1980/1980 2001/2001 1928/1928
f 1994/1994 2002/2002 1899/1899
f 1899/1899 2002/2002 1922/1922
f 1900/1900 2003/2003 1826/1826
f 1984/1984 2004/2004 1971/1971
f 1971/1971 2004/2004 1972/1972
f 1966/1966 2005/2005 1984/1984
f 1957/1957 2006/2006 1941/1941
f 1942/1942 2007/2007 1995/1995
f 1997/1997 2008/2008 1960/1960
f 1977/1977 2009/2009 1990/1990
f 1926/1926 2010/2010 1911/1911
f 2001/2001 2011/2011 1928/1928
f 1920/1920 1946/1946 1981/1981
f 1932/1932 2003/2003 1900/1900
f 2005/2005 2012/2012 1984/1984
f 1989/1989 1967/1967 2005/2005
f 1987/1987 2013/2013 1977/1977
f 1911/1911 2010/2010 1978/1978
f 1943/1943 2014/2014 1927/1927
f 1882/1882 2015/2015 1938/1938
f 1938/1938 2015/2015 1946/1946
f 1969/1969 2016/2016 1940/1940
f 2002/2002 2017/2017 1922/1922
f 1923/1923 2018/2018 1904/1904
f 1826/1826 2019/2019 1933/1933
f 1984/1984 2012/2012 2004/2004
f 1990/1990 2009/2009 1967/1967
f 2000/2000 1979/1979 1944/1944
f 1992/1992 2020/2020 1882/1882
f 1882/1882 2020/2020 2015/2015
f 1963/1963 2021/2021 1939/1939
f 1887/1887 2022/2022 1913/1913
f 1913/1913 2022/2022 1888/1888
f 1947/1947 1982/1982 1902/1902
f 2016/2016 2023/2023 1940/1940
f 2018/2018 2024/2024 1904/1904
f 1940/1940 2023/2023 1932/1932
f 1826/1826 2003/2003 2019/2019
f 2004/2004 2025/2025 1972/1972
f 1973/1973 2026/2026 1974/1974
f 1974/1974 2027/2027 1957/1957
f 2014/2014 2000/2000 1927/1927
f 2001/2001 2028/2028 2011/2011
f 1979/1979 2029/2029 1947/1947
f 1946/1946 2030/2030 1981/1981
f 1981/1981 1993/1993 1929/1929
f 1993/1993 1962/1962 1930/1930
f 1962/1962 2031/2031 1963/1963
f 1887/1887 2032/2032 2022/2022
f 1948/1948 2033/2033 1965/1965
f 1983/1983 2034/2034 1994/1994
f 1967/1967 2035/2035 2005/2005
f 2027/2027 2036/2036 1957/1957
f 1957/1957 2036/2036 2006/2006
f 1978/1978 2037/2037 1943/1943
f 1943/1943 2037/2037 2014/2014
f 1964/1964 2032/2032 1887/1887
f 2034/2034 2038/2038 1994/1994
f 1994/1994 2038/2038 2002/2002
f 1933/1933 2019/2019 1952/1952
f 1952/1952 1975/1975 1925/1925
f 2012/2012 2039/2039 2004/2004
f 2005/2005 2035/2035 2012/2012
f 2009/2009 2035/2035 1967/1967
f 1997/1997 2040/2040 2008/2008
f 2013/2013 2041/2041 2009/2009
f 1999/1999 2042/2042 1926/1926
f 1926/1926 2042/2042 2010/2010
f 1945/1945 2043/2043 1992/1992
f 1992/1992 2043/2043 2020/2020
f 1939/1939 2044/2044 1964/1964
f 2033/2033 2045/2045 1965/1965
f 1970/1970 2046/2046 1950/1950
f 2019/2019 2047/2047 1952/1952
f 1952/1952 2047/2047 1975/1975
f 2035/2035 2039/2039 2012/2012
f 2009/2009 2041/2041 2048/2048
f 2009/2009 2048/2048 2035/2035
f 1998/1998 2049/2049 1985/1985
f 1986/1986 2050/2050 1987/1987
f 1946/1946 2015/2015 2051/2051
f 1981/1981 2052/2052 2053/2053
f 1981/1981 2053/2053 1993/1993
f 2031/2031 2021/2021 1963/1963
f 1939/1939 2021/2021 2054/2054
f 2054/2054 2044/2044 1939/1939
f 1947/1947 2029/2029 2055/2055
f 1947/1947 2055/2055 1982/1982
f 1982/1982 2056/2056 2033/2033
f 1982/1982 2033/2033 1948/1948
f 1965/1965 2045/2045 1969/1969
f 2045/2045 2016/2016 1969/1969
f 2002/2002 2057/2057 2017/2017
f 2018/2018 2058/2058 2024/2024
f 2039/2039 2059/2059 2004/2004
f 2004/2004 2059/2059 2025/2025
f 2026/2026 2060/2060 1974/1974
f 1974/1974 2060/2060 2027/2027
f 2061/2061 2062/2062 1997/1997
f 1997/1997 2062/2062 2040/2040
f 2014/2014 2063/2063 2000/2000
f 2000/2000 2063/2063 1979/1979
f 1991/1991 2064/2064 1945/1945
f 1945/1945 2064/2064 2043/2043
f 2059/2059 2065/2065 2025/2025
f 2026/2026 2066/2066 2060/2060
f 2060/2060 2067/2067 2027/2027
f 2067/2067 2068/2068 2036/2036
f 2027/2027 2067/2067 2036/2036
f 2036/2036 2068/2068 2006/2006
f 1975/1975 2069/2069 1998/1998
f 1998/1998 2069/2069 2049/2049
f 2050/2050 2070/2070 1987/1987
f 1979/1979 2063/2063 2029/2029
f 1946/1946 2051/2051 2030/2030
f 1981/1981 2030/2030 2052/2052
f 2071/2071 2072/2072 2073/2073
f 2071/2071 2073/2073 2066/2066
f 2066/2066 2073/2073 2060/2060
f 2068/2068 2074/2074 2006/2006
f 2061/2061 2075/2075 2062/2062
f 2062/2062 2076/2076 2040/2040
f 1975/1975 2077/2077 2069/2069
f 2013/2013 2070/2070 2041/2041
f 2078/2078 2079/2079 2080/2080
f 2039/2039 2081/2081 2082/2082
f 2039/2039 2082/2082 2059/2059
f 2083/2083 2081/2081 2035/2035
f 2035/2035 2081/2081 2039/2039
f 2041/2041 2084/2084 2085/2085
f 2041/2041 2085/2085 2048/2048
f 2075/2075 2086/2086 2062/2062
f 2062/2062 2086/2086 2076/2076
f 2020/2020 2087/2087 2015/2015
f 1993/1993 2031/2031 1962/1962
f 2055/2055 2088/2088 1982/1982
f 2033/2033 2089/2089 2045/2045
f 2016/2016 2090/2090 2023/2023
f 2058/2058 2091/2091 2024/2024
f 1932/1932 2023/2023 2090/2090
f 1932/1932 2092/2092 2003/2003
f 2086/2086 2093/2093 2076/2076
f 2070/2070 2084/2084 2041/2041
f 2028/2028 2094/2094 2011/2011
f 2044/2044 2095/2095 1964/1964
f 2081/2081 2096/2096 2082/2082
f 2083/2083 2097/2097 2081/2081
f 2073/2073 2098/2098 2067/2067
f 2060/2060 2073/2073 2067/2067
f 2067/2067 2098/2098 2068/2068
f 2087/2087 2051/2051 2015/2015
f 1993/1993 2099/2099 2031/2031
f 2095/2095 2032/2032 1964/1964
f 2034/2034 2100/2100 2038/2038
f 2090/2090 2092/2092 1932/1932
f 2081/2081 2101/2101 2096/2096
f 2096/2096 2102/2102 2082/2082
f 2098/2098 2103/2103 2068/2068
f 2068/2068 2103/2103 2104/2104
f 2086/2086 2105/2105 2093/2093
f 2106/2106 2107/2107 2108/2108
f 2109/2109 2110/2110 2111/2111
f 2045/2045 2112/2112 2016/2016
f 2038/2038 2113/2113 2002/2002
f 2002/2002 2113/2113 2057/2057
f 2097/2097 2101/2101 2081/2081
f 2103/2103 2114/2114 2104/2104
f 2086/2086 2115/2115 2105/2105
f 2111/2111 2116/2116 2109/2109
f 2051/2051 2117/2117 2030/2030
f 1993/1993 2053/2053 2099/2099
f 2031/2031 2118/2118 2021/2021
f 1982/1982 2088/2088 2056/2056
f 2016/2016 2112/2112 2090/2090
f 2100/2100 2119/2119 2038/2038
f 2038/2038 2119/2119 2113/2113
f 2079/2079 2120/2120 2121/2121
f 2079/2079 2121/2121 2080/2080
f 2122/2122 2123/2123 2073/2073
f 2072/2072 2122/2122 2073/2073
f 2073/2073 2123/2123 2124/2124
f 2047/2047 2125/2125 1975/1975
f 2073/2073 2124/2124 2098/2098
f 1975/1975 2125/2125 2077/2077
f 2084/2084 2126/2126 2085/2085
f 2077/2077 2125/2125 2069/2069
f 2127/2127 2128/2128 2129/2129
f 2070/2070 2130/2130 2084/2084
f 2063/2063 2131/2131 2029/2029
f 2028/2028 2132/2132 2094/2094
f 2030/2030 2117/2117 2052/2052
f 2055/2055 2133/2133 2088/2088
f 2134/2134 2135/2135 2136/2136
f 2136/2136 2135/2135 2137/2137
f 2125/2125 2138/2138 2069/2069
f 2127/2127 2139/2139 2128/2128
f 1991/1991 2140/2140 2064/2064
f 2021/2021 2118/2118 2054/2054
f 2044/2044 2141/2141 2095/2095
f 2095/2095 2142/2142 2032/2032
f 2056/2056 2089/2089 2033/2033
f 2090/2090 2143/2143 2092/2092
f 2003/2003 2092/2092 2019/2019
f 2137/2137 2135/2135 2144/2144
f 2137/2137 2144/2144 2145/2145
f 2120/2120 2146/2146 2121/2121
f 2124/2124 2147/2147 2098/2098
f 2084/2084 2148/2148 2126/2126
f 2098/2098 2147/2147 2149/2149
f 2098/2098 2149/2149 2103/2103
f 2150/2150 2151/2151 2152/2152
f 2103/2103 2153/2153 2114/2114
f 2115/2115 2154/2154 2105/2105
f 2029/2029 2131/2131 2055/2055
f 2131/2131 2133/2133 2055/2055
f 2053/2053 2155/2155 2099/2099
f 2022/2022 2156/2156 1888/1888
f 1889/1889 2157/2157 1968/1968
f 2158/2158 2112/2112 2045/2045
f 2159/2159 2160/2160 2161/2161
f 2159/2159 2161/2161 2122/2122
f 2122/2122 2161/2161 2123/2123
f 2123/2123 2161/2161 2124/2124
f 2010/2010 2037/2037 1978/1978
f 2162/2162 2163/2163 2164/2164
f 2064/2064 2165/2165 2043/2043
f 2043/2043 2165/2165 2020/2020
f 2020/2020 2166/2166 2087/2087
f 2087/2087 2167/2167 2051/2051
f 2052/2052 2155/2155 2053/2053
f 2054/2054 2141/2141 2044/2044
f 2092/2092 2168/2168 2047/2047
f 2092/2092 2047/2047 2019/2019
f 2169/2169 2170/2170 2171/2171
f 2134/2134 2172/2172 2135/2135
f 2084/2084 2173/2173 2148/2148
f 2125/2125 2174/2174 2138/2138
f 2032/2032 2142/2142 2022/2022
f 2045/2045 2089/2089 2158/2158
f 2113/2113 2175/2175 2057/2057
f 2058/2058 2176/2176 2091/2091
f 2125/2125 2047/2047 2177/2177
f 2178/2178 2179/2179 2101/2101
f 2161/2161 2180/2180 2181/2181
f 2161/2161 2181/2181 2124/2124
f 2124/2124 2181/2181 2147/2147
f 2182/2182 2183/2183 2154/2154
f 2154/2154 2183/2183 2184/2184
f 2154/2154 2184/2184 2185/2185
f 2174/2174 2186/2186 2138/2138
f 2139/2139 2187/2187 2128/2128
f 2132/2132 2188/2188 2094/2094
f 2140/2140 2165/2165 2064/2064
f 2165/2165 2166/2166 2020/2020
f 2051/2051 2167/2167 2117/2117
f 2099/2099 2189/2189 2031/2031
f 2141/2141 2190/2190 2095/2095
f 2112/2112 2143/2143 2090/2090
f 2191/2191 2192/2192 2119/2119
f 2100/2100 2191/2191 2119/2119
f 2119/2119 2192/2192 2113/2113
f 2135/2135 2193/2193 2144/2144
f 2160/2160 2194/2194 2161/2161
f 2161/2161 2194/2194 2180/2180
f 2181/2181 2195/2195 2147/2147
f 2182/2182 2196/2196 2183/2183
f 2125/2125 2177/2177 2174/2174
f 2173/2173 2197/2197 2148/2148
f 2042/2042 2198/2198 2010/2010
f 2010/2010 2198/2198 2037/2037
f 2014/2014 2199/2199 2063/2063
f 2166/2166 2167/2167 2087/2087
f 2167/2167 2200/2200 2117/2117
f 2117/2117 2201/2201 2052/2052
f 2031/2031 2189/2189 2118/2118
f 2202/2202 2203/2203 2204/2204
f 2092/2092 2143/2143 2168/2168
f 2180/2180 2205/2205 2181/2181
f 2181/2181 2205/2205 2195/2195
f 2177/2177 2186/2186 2174/2174
f 2107/2107 2206/2206 2207/2207
f 2107/2107 2207/2207 2108/2108
f 2042/2042 2208/2208 2198/2198
f 2037/2037 2209/2209 2014/2014
f 2118/2118 2141/2141 2054/2054
f 2142/2142 2210/2210 2022/2022
f 2022/2022 2210/2210 2156/2156
f 2172/2172 2193/2193 2135/2135
f 2177/2177 2211/2211 2186/2186
f 2167/2167 2212/2212 2200/2200
f 2201/2201 2155/2155 2052/2052
f 2155/2155 2213/2213 2099/2099
f 2192/2192 2214/2214 2113/2113
f 2113/2113 2214/2214 2175/2175
f 2047/2047 2215/2215 2177/2177
f 2194/2194 2216/2216 2180/2180
f 2180/2180 2216/2216 2205/2205
f 2211/2211 2217/2217 2186/2186
f 2187/2187 2218/2218 2219/2219
f 2198/2198 2220/2220 2037/2037
f 2063/2063 2199/2199 2131/2131
f 2117/2117 2200/2200 2201/2201
f 2095/2095 2190/2190 2221/2221
f 2221/2221 2142/2142 2095/2095
f 2193/2193 2222/2222 2170/2170
f 2170/2170 2222/2222 2223/2223
f 2170/2170 2223/2223 2171/2171
f 2160/2160 2224/2224 2194/2194
f 2225/2225 2226/2226 2178/2178
f 2183/2183 2227/2227 2184/2184
f 2173/2173 2228/2228 2197/2197
f 2131/2131 2199/2199 2133/2133
f 2165/2165 2229/2229 2166/2166
f 2133/2133 2230/2230 2088/2088
f 2088/2088 2230/2230 2056/2056
f 2056/2056 2231/2231 2089/2089
f 2089/2089 2231/2231 2232/2232
f 2232/2232 2158/2158 2089/2089
f 2158/2158 2233/2233 2112/2112
f 2233/2233 2234/2234 2112/2112
f 2172/2172 2235/2235 2236/2236
f 2172/2172 2236/2236 2193/2193
f 2205/2205 2237/2237 2195/2195
f 2238/2238 2239/2239 2183/2183
f 2196/2196 2238/2238 2183/2183
f 2183/2183 2239/2239 2227/2227
f 2218/2218 2240/2240 2219/2219
f 2199/2199 2241/2241 2133/2133
f 2140/2140 2242/2242 2165/2165
f 2165/2165 2242/2242 2229/2229
f 2166/2166 2229/2229 2212/2212
f 2166/2166 2212/2212 2167/2167
f 2099/2099 2213/2213 2189/2189
f 2118/2118 2243/2243 2141/2141
f 2112/2112 2234/2234 2143/2143
f 2214/2214 2244/2244 2175/2175
f 2222/2222 2245/2245 2246/2246
f 2247/2247 2248/2248 2224/2224
f 2222/2222 2246/2246 2223/2223
f 2224/2224 2248/2248 2194/2194
f 2194/2194 2248/2248 2216/2216
f 2177/2177 2215/2215 2211/2211
f 2014/2014 2209/2209 2199/2199
f 2230/2230 2231/2231 2056/2056
f 2191/2191 2249/2249 2192/2192
f 2192/2192 2249/2249 2214/2214
f 2168/2168 2250/2250 2047/2047
f 2047/2047 2250/2250 2215/2215
f 2216/2216 2251/2251 2205/2205
f 2205/2205 2251/2251 2237/2237
f 2228/2228 2252/2252 2253/2253
f 2218/2218 2254/2254 2240/2240
f 2037/2037 2220/2220 2209/2209
f 2255/2255 2230/2230 2133/2133
f 2158/2158 2232/2232 2233/2233
f 2248/2248 2256/2256 2216/2216
f 2257/2257 2258/2258 2259/2259
f 2216/2216 2256/2256 2251/2251
f 2239/2239 2260/2260 2227/2227
f 2227/2227 2260/2260 2261/2261
f 2215/2215 2262/2262 2211/2211
f 2252/2252 2263/2263 2253/2253
f 2264/2264 2265/2265 2254/2254
f 2264/2264 2254/2254 2218/2218
f 2140/2140 2266/2266 2242/2242
f 2267/2267 2268/2268 2212/2212
f 2155/2155 2269/2269 2213/2213
f 2233/2233 2270/2270 2234/2234
f 2271/2271 2272/2272 2191/2191
f 2191/2191 2272/2272 2249/2249
f 2249/2249 2273/2273 2214/2214
f 2214/2214 2273/2273 2244/2244
f 2193/2193 2274/2274 2245/2245
f 2236/2236 2275/2275 2274/2274
f 2236/2236 2274/2274 2193/2193
f 2235/2235 2276/2276 2236/2236
f 2256/2256 2277/2277 2251/2251
f 2277/2277 2278/2278 2279/2279
f 2251/2251 2277/2277 2279/2279
f 2239/2239 2280/2280 2260/2260
f 2260/2260 2281/2281 2261/2261
f 2241/2241 2255/2255 2133/2133
f 2212/2212 2268/2268 2200/2200
f 2155/2155 2201/2201 2269/2269
f 2118/2118 2189/2189 2243/2243
f 2243/2243 2190/2190 2141/2141
f 2157/2157 2282/2282 1968/1968
f 2270/2270 2143/2143 2234/2234
f 2271/2271 2283/2283 2272/2272
f 2245/2245 2284/2284 2246/2246
f 2285/2285 2286/2286 2248/2248
f 2247/2247 2285/2285 2248/2248
f 2287/2287 2288/2288 2215/2215
f 2215/2215 2288/2288 2262/2262
f 2209/2209 2289/2289 2199/2199
f 2289/2289 2241/2241 2199/2199
f 2290/2290 2269/2269 2201/2201
f 2274/2274 2291/2291 2245/2245
f 2245/2245 2291/2291 2284/2284
f 2286/2286 2292/2292 2248/2248
f 2215/2215 2250/2250 2287/2287
f 2248/2248 2292/2292 2256/2256
f 2288/2288 2293/2293 2262/2262
f 2265/2265 2294/2294 2295/2295
f 2200/2200 2290/2290 2201/2201
f 2232/2232 2296/2296 2233/2233
f 2270/2270 2297/2297 2143/2143
f 2298/2298 2299/2299 2285/2285
f 2285/2285 2299/2299 2286/2286
f 2189/2189 2300/2300 2243/2243
f 2231/2231 2301/2301 2232/2232
f 2273/2273 2302/2302 2244/2244
f 2168/2168 2303/2303 2250/2250
f 2275/2275 2304/2304 2274/2274
f 2305/2305 2306/2306 2307/2307
f 2190/2190 2308/2308 2221/2221
f 2297/2297 2168/2168 2143/2143
f 2274/2274 2304/2304 2309/2309
f 2274/2274 2309/2309 2291/2291
f 2275/2275 2310/2310 2304/2304
f 2292/2292 2311/2311 2256/2256
f 2256/2256 2311/2311 2277/2277
f 2277/2277 2312/2312 2278/2278
f 2280/2280 2313/2313 2260/2260
f 2287/2287 2314/2314 2288/2288
f 2305/2305 2315/2315 2306/2306
f 2288/2288 2314/2314 2293/2293
f 2242/2242 2316/2316 2229/2229
f 2212/2212 2229/2229 2267/2267
f 2268/2268 2317/2317 2200/2200
f 2200/2200 2317/2317 2290/2290
f 2213/2213 2318/2318 2189/2189
f 2283/2283 2319/2319 2272/2272
f 2272/2272 2319/2319 2320/2320
f 2272/2272 2320/2320 2249/2249
f 2320/2320 2321/2321 2273/2273
f 2249/2249 2320/2320 2273/2273
f 2273/2273 2321/2321 2302/2302
f 2322/2322 2323/2323 2324/2324
f 2304/2304 2325/2325 2309/2309
f 2298/2298 2326/2326 2299/2299
f 2286/2286 2299/2299 2292/2292
f 2266/2266 2327/2327 2242/2242
f 2242/2242 2327/2327 2316/2316
f 2328/2328 2329/2329 2321/2321
f 2328/2328 2321/2321 2320/2320
f 2250/2250 2330/2330 2287/2287
f 2331/2331 2332/2332 2333/2333
f 2311/2311 2334/2334 2277/2277
f 2335/2335 2336/2336 2337/2337
f 2313/2313 2338/2338 2260/2260
f 2287/2287 2330/2330 2314/2314
f 2208/2208 2339/2339 2340/2340
f 2208/2208 2340/2340 2198/2198
f 2198/2198 2340/2340 2220/2220
f 2269/2269 2318/2318 2213/2213
f 2318/2318 2300/2300 2189/2189
f 2243/2243 2341/2341 2190/2190
f 2190/2190 2341/2341 2308/2308
f 2142/2142 2342/2342 2210/2210
f 2230/2230 2343/2343 2231/2231
f 2328/2328 2344/2344 2329/2329
f 2283/2283 2345/2345 2319/2319
f 2297/2297 2303/2303 2168/2168
f 2346/2346 2347/2347 2310/2310
f 2299/2299 2348/2348 2292/2292
f 2331/2331 2349/2349 2332/2332
f 2292/2292 2348/2348 2311/2311
f 2330/2330 2350/2350 2314/2314
f 2351/2351 2352/2352 2315/2315
f 2353/2353 2351/2351 2315/2315
f 2315/2315 2352/2352 2306/2306
f 2220/2220 2354/2354 2355/2355
f 2220/2220 2355/2355 2209/2209
f 2209/2209 2355/2355 2289/2289
f 2289/2289 2356/2356 2241/2241
f 2316/2316 2357/2357 2229/2229
f 2268/2268 2358/2358 2317/2317
f 2300/2300 2341/2341 2243/2243
f 2142/2142 2221/2221 2342/2342
f 2342/2342 2359/2359 2210/2210
f 2210/2210 2359/2359 2156/2156
f 2326/2326 2360/2360 2299/2299
f 2325/2325 2361/2361 2309/2309
f 2299/2299 2360/2360 2348/2348
f 2250/2250 2362/2362 2330/2330
f 2233/2233 2296/2296 2270/2270
f 2270/2270 2363/2363 2297/2297
f 2345/2345 2364/2364 2344/2344
f 2364/2364 2365/2365 2329/2329
f 2344/2344 2364/2364 2329/2329
f 2365/2365 2366/2366 2321/2321
f 2329/2329 2365/2365 2321/2321
f 2321/2321 2366/2366 2367/2367
f 2321/2321 2367/2367 2368/2368
f 2309/2309 2369/2369 2322/2322
f 2250/2250 2370/2370 2362/2362
f 2304/2304 2371/2371 2325/2325
f 2361/2361 2369/2369 2309/2309
f 2360/2360 2372/2372 2348/2348
f 2347/2347 2373/2373 2310/2310
f 2348/2348 2372/2372 2374/2374
f 2374/2374 2375/2375 2311/2311
f 2348/2348 2374/2374 2311/2311
f 2311/2311 2375/2375 2312/2312
f 2241/2241 2356/2356 2255/2255
f 2229/2229 2357/2357 2267/2267
f 2255/2255 2343/2343 2230/2230
f 2303/2303 2370/2370 2250/2250
f 2369/2369 2376/2376 2322/2322
f 2322/2322 2376/2376 2323/2323
f 2371/2371 2377/2377 2325/2325
f 2325/2325 2377/2377 2361/2361
f 2349/2349 2378/2378 2332/2332
f 2379/2379 2380/2380 2313/2313
f 2313/2313 2380/2380 2381/2381
f 2313/2313 2381/2381 2382/2382
f 2266/2266 2383/2383 2327/2327
f 2357/2357 2384/2384 2267/2267
f 2318/2318 2385/2385 2300/2300
f 2301/2301 2296/2296 2232/2232
f 2345/2345 2386/2386 2364/2364
f 2364/2364 2386/2386 2365/2365
f 2376/2376 2387/2387 2323/2323
f 2326/2326 2388/2388 2360/2360
f 2349/2349 2389/2389 2378/2378
f 2362/2362 2390/2390 2330/2330
f 2330/2330 2390/2390 2350/2350
f 2383/2383 2391/2391 2327/2327
f 2327/2327 2391/2391 2316/2316
f 2267/2267 2384/2384 2268/2268
f 2268/2268 2384/2384 2358/2358
f 2308/2308 2392/2392 2221/2221
f 2345/2345 2393/2393 2386/2386
f 2365/2365 2394/2394 2366/2366
f 2366/2366 2394/2394 2367/2367
f 2395/2395 2303/2303 2297/2297
f 2352/2352 2396/2396 2397/2397
f 2398/2398 2399/2399 2351/2351
f 2351/2351 2399/2399 2352/2352
f 2340/2340 2354/2354 2220/2220
f 2317/2317 2400/2400 2290/2290
f 2290/2290 2400/2400 2269/2269
f 2269/2269 2400/2400 2318/2318
f 2221/2221 2392/2392 2342/2342
f 2301/2301 2401/2401 2296/2296
f 2296/2296 2402/2402 2270/2270
f 2386/2386 2403/2403 2365/2365
f 2365/2365 2403/2403 2394/2394
f 2394/2394 2404/2404 2367/2367
f 2361/2361 2405/2405 2369/2369
f 2369/2369 2405/2405 2376/2376
f 2406/2406 2407/2407 2387/2387
f 2388/2388 2408/2408 2360/2360
f 2370/2370 2409/2409 2362/2362
f 2410/2410 2411/2411 2371/2371
f 2371/2371 2411/2411 2377/2377
f 2360/2360 2408/2408 2372/2372
f 2374/2374 2412/2412 2375/2375
f 2413/2413 2414/2414 2380/2380
f 2379/2379 2413/2413 2380/2380
f 2380/2380 2414/2414 2381/2381
f 2289/2289 2415/2415 2356/2356
f 2400/2400 2416/2416 2318/2318
f 2385/2385 2417/2417 2300/2300
f 2418/2418 2392/2392 2341/2341
f 2341/2341 2392/2392 2308/2308
f 2297/2297 2363/2363 2395/2395
f 2361/2361 2377/2377 2405/2405
f 2405/2405 2419/2419 2376/2376
f 2406/2406 2420/2420 2407/2407
f 2410/2410 2421/2421 2411/2411
f 2408/2408 2422/2422 2372/2372
f 2372/2372 2422/2422 2423/2423
f 2372/2372 2423/2423 2374/2374
f 2414/2414 2424/2424 2381/2381
f 2374/2374 2423/2423 2412/2412
f 2409/2409 2425/2425 2390/2390
f 2362/2362 2409/2409 2390/2390
f 2352/2352 2426/2426 2396/2396
f 2339/2339 2427/2427 2340/2340
f 2355/2355 2415/2415 2289/2289
f 2356/2356 2428/2428 2255/2255
f 2358/2358 2429/2429 2317/2317
f 2317/2317 2429/2429 2400/2400
f 2300/2300 2417/2417 2341/2341
f 2359/2359 2430/2430 2156/2156
f 2157/2157 2431/2431 2282/2282
f 2231/2231 2401/2401 2301/2301
f 2406/2406 2432/2432 2420/2420
f 2370/2370 2433/2433 2409/2409
f 2421/2421 2434/2434 2411/2411
f 2435/2435 2436/2436 2414/2414
f 2414/2414 2436/2436 2424/2424
f 2427/2427 2437/2437 2340/2340
f 2340/2340 2437/2437 2354/2354
f 2438/2438 2439/2439 2440/2440
f 2383/2383 2441/2441 2391/2391
f 2391/2391 2357/2357 2316/2316
f 2318/2318 2416/2416 2385/2385
f 2431/2431 2442/2442 2282/2282
f 2343/2343 2443/2443 2231/2231
f 2231/2231 2443/2443 2401/2401
f 2403/2403 2444/2444 2394/2394
f 2395/2395 2445/2445 2303/2303
f 2411/2411 2446/2446 2377/2377
f 2377/2377 2446/2446 2447/2447
f 2377/2377 2447/2447 2405/2405
f 2405/2405 2447/2447 2419/2419
f 2433/2433 2448/2448 2409/2409
f 2422/2422 2449/2449 2423/2423
f 2435/2435 2450/2450 2436/2436
f 2436/2436 2451/2451 2424/2424
f 2409/2409 2452/2452 2425/2425
f 2399/2399 2453/2453 2426/2426
f 2341/2341 2417/2417 2418/2418
f 2255/2255 2428/2428 2343/2343
f 2401/2401 2402/2402 2296/2296
f 2402/2402 2454/2454 2270/2270
f 2270/2270 2454/2454 2363/2363
f 2303/2303 2445/2445 2370/2370
f 2445/2445 2433/2433 2370/2370
f 2432/2432 2455/2455 2420/2420
f 2456/2456 2457/2457 2408/2408
f 2458/2458 2456/2456 2408/2408
f 2408/2408 2457/2457 2459/2459
f 2408/2408 2459/2459 2422/2422
f 2409/2409 2460/2460 2452/2452
f 2437/2437 2461/2461 2354/2354
f 2354/2354 2461/2461 2355/2355
f 2356/2356 2462/2462 2428/2428
f 2357/2357 2463/2463 2384/2384
f 2464/2464 2402/2402 2401/2401
f 2393/2393 2465/2465 2386/2386
f 2386/2386 2465/2465 2403/2403
f 2395/2395 2466/2466 2445/2445
f 2419/2419 2447/2447 2432/2432
f 2411/2411 2467/2467 2446/2446
f 2421/2421 2468/2468 2434/2434
f 2453/2453 2469/2469 2426/2426
f 2426/2426 2469/2469 2396/2396
f 2437/2437 2470/2470 2461/2461
f 2384/2384 2463/2463 2358/2358
f 2401/2401 2443/2443 2464/2464
f 2454/2454 2471/2471 2363/2363
f 2393/2393 2472/2472 2465/2465
f 2471/2471 2395/2395 2363/2363
f 2447/2447 2473/2473 2432/2432
f 2432/2432 2473/2473 2455/2455
f 2459/2459 2474/2474 2422/2422
f 2451/2451 2475/2475 2476/2476
f 2451/2451 2476/2476 2477/2477
f 2422/2422 2474/2474 2449/2449
f 2469/2469 2478/2478 2479/2479
f 2480/2480 2481/2481 2453/2453
f 2453/2453 2481/2481 2469/2469
f 2355/2355 2482/2482 2415/2415
f 2415/2415 2462/2462 2356/2356
f 2438/2438 2483/2483 2439/2439
f 2484/2484 2463/2463 2357/2357
f 2463/2463 2429/2429 2358/2358
f 2416/2416 2485/2485 2385/2385
f 2418/2418 2486/2486 2392/2392
f 2392/2392 2486/2486 2342/2342
f 2428/2428 2487/2487 2343/2343
f 2465/2465 2488/2488 2403/2403
f 2403/2403 2488/2488 2444/2444
f 2447/2447 2489/2489 2490/2490
f 2447/2447 2490/2490 2473/2473
f 2491/2491 2492/2492 2456/2456
f 2456/2456 2492/2492 2457/2457
f 2468/2468 2489/2489 2467/2467
f 2467/2467 2489/2489 2446/2446
f 2457/2457 2492/2492 2493/2493
f 2457/2457 2493/2493 2459/2459
f 2459/2459 2493/2493 2474/2474
f 2409/2409 2448/2448 2460/2460
f 2494/2494 2495/2495 2496/2496
f 2483/2483 2497/2497 2439/2439
f 2441/2441 2498/2498 2391/2391
f 2391/2391 2499/2499 2357/2357
f 2357/2357 2499/2499 2484/2484
f 2385/2385 2485/2485 2417/2417
f 2342/2342 2500/2500 2359/2359
f 2359/2359 2500/2500 2430/2430
f 2343/2343 2487/2487 2443/2443
f 2501/2501 2454/2454 2402/2402
f 2472/2472 2502/2502 2465/2465
f 2503/2503 2490/2490 2504/2504
f 2491/2491 2505/2505 2492/2492
f 2506/2506 2507/2507 2508/2508
f 2468/2468 2509/2509 2489/2489
f 2510/2510 2511/2511 2475/2475
f 2475/2475 2511/2511 2512/2512
f 2475/2475 2512/2512 2476/2476
f 2448/2448 2513/2513 2460/2460
f 2469/2469 2514/2514 2478/2478
f 2480/2480 2515/2515 2481/2481
f 2498/2498 2499/2499 2391/2391
f 2485/2485 2516/2516 2417/2417
f 2517/2517 2518/2518 2519/2519
f 2488/2488 2520/2520 2444/2444
f 2489/2489 2509/2509 2521/2521
f 2489/2489 2521/2521 2490/2490
f 2492/2492 2522/2522 2493/2493
f 2463/2463 2523/2523 2429/2429
f 2429/2429 2524/2524 2400/2400
f 2516/2516 2418/2418 2417/2417
f 2486/2486 2525/2525 2342/2342
f 2342/2342 2525/2525 2500/2500
f 2464/2464 2501/2501 2402/2402
f 2526/2526 2527/2527 2528/2528
f 2526/2526 2528/2528 2488/2488
f 2471/2471 2466/2466 2395/2395
f 2490/2490 2529/2529 2504/2504
f 2530/2530 2531/2531 2492/2492
f 2505/2505 2530/2530 2492/2492
f 2492/2492 2531/2531 2522/2522
f 2507/2507 2532/2532 2533/2533
f 2507/2507 2533/2533 2508/2508
f 2512/2512 2534/2534 2535/2535
f 2493/2493 2536/2536 2474/2474
f 2510/2510 2537/2537 2511/2511
f 2511/2511 2538/2538 2512/2512
f 2443/2443 2539/2539 2464/2464
f 2518/2518 2540/2540 2519/2519
f 2528/2528 2541/2541 2488/2488
f 2488/2488 2541/2541 2520/2520
f 2521/2521 2542/2542 2490/2490
f 2490/2490 2542/2542 2529/2529
f 2509/2509 2543/2543 2521/2521
f 2522/2522 2544/2544 2493/2493
f 2512/2512 2538/2538 2534/2534
f 2493/2493 2544/2544 2536/2536
f 2545/2545 2546/2546 2515/2515
f 2448/2448 2547/2547 2513/2513
f 2515/2515 2546/2546 2514/2514
f 2470/2470 2548/2548 2461/2461
f 2461/2461 2482/2482 2355/2355
f 2484/2484 2523/2523 2463/2463
f 2524/2524 2549/2549 2400/2400
f 2418/2418 2550/2550 2486/2486
f 2454/2454 2551/2551 2471/2471
f 2552/2552 2553/2553 2530/2530
f 2530/2530 2553/2553 2531/2531
f 2543/2543 2554/2554 2521/2521
f 2531/2531 2555/2555 2522/2522
f 2522/2522 2555/2555 2544/2544
f 2433/2433 2556/2556 2448/2448
f 2448/2448 2556/2556 2547/2547
f 2461/2461 2548/2548 2482/2482
f 2400/2400 2549/2549 2416/2416
f 2416/2416 2549/2549 2485/2485
f 2418/2418 2516/2516 2550/2550
f 2443/2443 2487/2487 2539/2539
f 2542/2542 2557/2557 2558/2558
f 2542/2542 2558/2558 2559/2559
f 2521/2521 2560/2560 2542/2542
f 2552/2552 2561/2561 2553/2553
f 2562/2562 2563/2563 2543/2543
f 2531/2531 2553/2553 2555/2555
f 2544/2544 2564/2564 2565/2565
f 2511/2511 2566/2566 2567/2567
f 2511/2511 2567/2567 2538/2538
f 2538/2538 2567/2567 2534/2534
f 2470/2470 2568/2568 2548/2548
f 2548/2548 2569/2569 2415/2415
f 2482/2482 2548/2548 2415/2415
f 2429/2429 2570/2570 2524/2524
f 2549/2549 2516/2516 2485/2485
f 2500/2500 2571/2571 2430/2430
f 2431/2431 2572/2572 2442/2442
f 2501/2501 2551/2551 2454/2454
f 2466/2466 2573/2573 2445/2445
f 2542/2542 2560/2560 2557/2557
f 2563/2563 2574/2574 2543/2543
f 2553/2553 2575/2575 2555/2555
f 2555/2555 2576/2576 2544/2544
f 2544/2544 2576/2576 2564/2564
f 2556/2556 2577/2577 2547/2547
f 2545/2545 2578/2578 2546/2546
f 2523/2523 2579/2579 2570/2570
f 2523/2523 2570/2570 2429/2429
f 2570/2570 2580/2580 2524/2524
f 2524/2524 2580/2580 2549/2549
f 2549/2549 2581/2581 2516/2516
f 2516/2516 2582/2582 2550/2550
f 2464/2464 2583/2583 2501/2501
f 2584/2584 2585/2585 2527/2527
f 2527/2527 2585/2585 2528/2528
f 2557/2557 2586/2586 2558/2558
f 2561/2561 2587/2587 2553/2553
f 2554/2554 2588/2588 2521/2521
f 2521/2521 2588/2588 2560/2560
f 2483/2483 2589/2589 2497/2497
f 2498/2498 2590/2590 2499/2499
f 2499/2499 2591/2591 2484/2484
f 2484/2484 2591/2591 2523/2523
f 2501/2501 2592/2592 2551/2551
f 2585/2585 2593/2593 2528/2528
f 2528/2528 2593/2593 2541/2541
f 2471/2471 2551/2551 2466/2466
f 2594/2594 2595/2595 2587/2587
f 2587/2587 2595/2595 2553/2553
f 2553/2553 2595/2595 2575/2575
f 2563/2563 2596/2596 2574/2574
f 2566/2566 2597/2597 2567/2567
f 2598/2598 2599/2599 2600/2600
f 2578/2578 2601/2601 2602/2602
f 2415/2415 2603/2603 2462/2462
f 2428/2428 2462/2462 2604/2604
f 2483/2483 2605/2605 2589/2589
f 2550/2550 2606/2606 2486/2486
f 2606/2606 2525/2525 2486/2486
f 2525/2525 2607/2607 2500/2500
f 2539/2539 2608/2608 2464/2464
f 2608/2608 2583/2583 2464/2464
f 2594/2594 2609/2609 2595/2595
f 2596/2596 2588/2588 2554/2554
f 2433/2433 2610/2610 2556/2556
f 2611/2611 2612/2612 2613/2613
f 2614/2614 2615/2615 2566/2566
f 2566/2566 2615/2615 2597/2597
f 2610/2610 2616/2616 2556/2556
f 2556/2556 2616/2616 2577/2577
f 2617/2617 2618/2618 2619/2619
f 2579/2579 2620/2620 2570/2570
f 2621/2621 2582/2582 2516/2516
f 2573/2573 2433/2433 2445/2445
f 2622/2622 2623/2623 2624/2624
f 2588/2588 2625/2625 2560/2560
f 2575/2575 2626/2626 2555/2555
f 2555/2555 2626/2626 2576/2576
f 2618/2618 2627/2627 2619/2619
f 2603/2603 2604/2604 2462/2462
f 2582/2582 2606/2606 2550/2550
f 2588/2588 2628/2628 2625/2625
f 2629/2629 2630/2630 2596/2596
f 2596/2596 2630/2630 2588/2588
f 2631/2631 2632/2632 2575/2575
f 2595/2595 2631/2631 2575/2575
f 2575/2575 2632/2632 2626/2626
f 2597/2597 2633/2633 2634/2634
f 2635/2635 2601/2601 2578/2578
f 2568/2568 2636/2636 2548/2548
f 2548/2548 2636/2636 2637/2637
f 2604/2604 2487/2487 2428/2428
f 2580/2580 2638/2638 2549/2549
f 2581/2581 2621/2621 2516/2516
f 2584/2584 2639/2639 2585/2585
f 2625/2625 2640/2640 2641/2641
f 2625/2625 2641/2641 2623/2623
f 2623/2623 2641/2641 2642/2642
f 2623/2623 2642/2642 2624/2624
f 2609/2609 2643/2643 2631/2631
f 2609/2609 2631/2631 2595/2595
f 2628/2628 2640/2640 2625/2625
f 2629/2629 2644/2644 2630/2630
f 2612/2612 2645/2645 2646/2646
f 2632/2632 2647/2647 2626/2626
f 2626/2626 2647/2647 2648/2648
f 2615/2615 2649/2649 2597/2597
f 2597/2597 2649/2649 2633/2633
f 2610/2610 2650/2650 2616/2616
f 2651/2651 2652/2652 2653/2653
f 2635/2635 2654/2654 2601/2601
f 2548/2548 2655/2655 2569/2569
f 2415/2415 2569/2569 2603/2603
f 2590/2590 2656/2656 2499/2499
f 2499/2499 2656/2656 2591/2591
f 2591/2591 2579/2579 2523/2523
f 2549/2549 2657/2657 2581/2581
f 2606/2606 2607/2607 2525/2525
f 2501/2501 2658/2658 2592/2592
f 2585/2585 2659/2659 2593/2593
f 2593/2593 2659/2659 2660/2660
f 2661/2661 2662/2662 2663/2663
f 2573/2573 2664/2664 2433/2433
f 2665/2665 2666/2666 2643/2643
f 2629/2629 2667/2667 2644/2644
f 2433/2433 2668/2668 2610/2610
f 2669/2669 2670/2670 2615/2615
f 2615/2615 2670/2670 2649/2649
f 2610/2610 2668/2668 2650/2650
f 2637/2637 2655/2655 2548/2548
f 2671/2671 2672/2672 2673/2673
f 2605/2605 2674/2674 2589/2589
f 2590/2590 2675/2675 2656/2656
f 2549/2549 2638/2638 2657/2657
f 2583/2583 2658/2658 2501/2501
f 2659/2659 2676/2676 2660/2660
f 2666/2666 2677/2677 2643/2643
f 2643/2643 2677/2677 2631/2631
f 2664/2664 2668/2668 2433/2433
f 2631/2631 2677/2677 2678/2678
f 2631/2631 2678/2678 2632/2632
f 2645/2645 2679/2679 2646/2646
f 2655/2655 2680/2680 2569/2569
f 2620/2620 2681/2681 2570/2570
f 2570/2570 2681/2681 2580/2580
f 2606/2606 2682/2682 2607/2607
f 2487/2487 2683/2683 2539/2539
f 2639/2639 2684/2684 2585/2585
f 2585/2585 2684/2684 2659/2659
f 2628/2628 2685/2685 2640/2640
f 2640/2640 2685/2685 2641/2641
f 2667/2667 2686/2686 2687/2687
f 2667/2667 2687/2687 2630/2630
f 2630/2630 2687/2687 2628/2628
f 2669/2669 2688/2688 2670/2670
f 2670/2670 2688/2688 2689/2689
f 2670/2670 2689/2689 2649/2649
f 2652/2652 2690/2690 2691/2691
f 2668/2668 2692/2692 2650/2650
f 2654/2654 2693/2693 2652/2652
f 2636/2636 2694/2694 2637/2637
f 2579/2579 2695/2695 2620/2620
f 2580/2580 2696/2696 2638/2638
f 2697/2697 2573/2573 2466/2466
f 2662/2662 2698/2698 2663/2663
f 2677/2677 2699/2699 2678/2678
f 2678/2678 2700/2700 2632/2632
f 2632/2632 2700/2700 2647/2647
f 2652/2652 2701/2701 2690/2690
f 2668/2668 2702/2702 2692/2692
f 2681/2681 2696/2696 2580/2580
f 2487/2487 2604/2604 2703/2703
f 2539/2539 2683/2683 2608/2608
f 2639/2639 2704/2704 2684/2684
f 2551/2551 2705/2705 2466/2466
f 2698/2698 2706/2706 2663/2663
f 2666/2666 2707/2707 2677/2677
f 2686/2686 2708/2708 2687/2687
f 2699/2699 2709/2709 2678/2678
f 2678/2678 2709/2709 2700/2700
f 2710/2710 2711/2711 2712/2712
f 2668/2668 2713/2713 2702/2702
f 2605/2605 2714/2714 2674/2674
f 2657/2657 2621/2621 2581/2581
f 2715/2715 2716/2716 2500/2500
f 2607/2607 2715/2715 2500/2500
f 2500/2500 2716/2716 2571/2571
f 2572/2572 2717/2717 2442/2442
f 2683/2683 2487/2487 2703/2703
f 2592/2592 2705/2705 2551/2551
f 2705/2705 2697/2697 2466/2466
f 2685/2685 2718/2718 2719/2719
f 2685/2685 2719/2719 2698/2698
f 2698/2698 2719/2719 2706/2706
f 2687/2687 2708/2708 2720/2720
f 2720/2720 2718/2718 2628/2628
f 2687/2687 2720/2720 2628/2628
f 2628/2628 2718/2718 2685/2685
f 2721/2721 2722/2722 2723/2723
f 2664/2664 2713/2713 2668/2668
f 2724/2724 2725/2725 2679/2679
f 2688/2688 2726/2726 2710/2710
f 2694/2694 2727/2727 2637/2637
f 2569/2569 2680/2680 2603/2603
f 2607/2607 2682/2682 2715/2715
f 2716/2716 2728/2728 2571/2571
f 2704/2704 2729/2729 2684/2684
f 2729/2729 2730/2730 2659/2659
f 2684/2684 2729/2729 2659/2659
f 2659/2659 2730/2730 2676/2676
f 2731/2731 2732/2732 2707/2707
f 2707/2707 2732/2732 2677/2677
f 2677/2677 2732/2732 2699/2699
f 2725/2725 2733/2733 2679/2679
f 2709/2709 2734/2734 2700/2700
f 2735/2735 2736/2736 2688/2688
f 2700/2700 2734/2734 2737/2737
f 2688/2688 2736/2736 2726/2726
f 2738/2738 2739/2739 2701/2701
f 2701/2701 2739/2739 2690/2690
f 2591/2591 2695/2695 2579/2579
f 2740/2740 2664/2664 2573/2573
f 2741/2741 2742/2742 2743/2743
f 2731/2731 2744/2744 2732/2732
f 2745/2745 2746/2746 2708/2708
f 2708/2708 2746/2746 2720/2720
f 2699/2699 2747/2747 2709/2709
f 2711/2711 2726/2726 2748/2748
f 2664/2664 2749/2749 2713/2713
f 2709/2709 2747/2747 2734/2734
f 2713/2713 2750/2750 2702/2702
f 2738/2738 2751/2751 2739/2739
f 2727/2727 2752/2752 2637/2637
f 2637/2637 2752/2752 2655/2655
f 2603/2603 2753/2753 2604/2604
f 2754/2754 2755/2755 2675/2675
f 2675/2675 2755/2755 2656/2656
f 2730/2730 2756/2756 2676/2676
f 2718/2718 2757/2757 2758/2758
f 2718/2718 2758/2758 2719/2719
f 2732/2732 2759/2759 2760/2760
f 2732/2732 2760/2760 2699/2699
f 2664/2664 2761/2761 2749/2749
f 2699/2699 2760/2760 2747/2747
f 2736/2736 2748/2748 2726/2726
f 2749/2749 2762/2762 2713/2713
f 2739/2739 2763/2763 2764/2764
f 2713/2713 2762/2762 2750/2750
f 2680/2680 2765/2765 2603/2603
f 2755/2755 2766/2766 2656/2656
f 2766/2766 2767/2767 2656/2656
f 2656/2656 2767/2767 2591/2591
f 2638/2638 2768/2768 2657/2657
f 2683/2683 2769/2769 2608/2608
f 2760/2760 2770/2770 2747/2747
f 2771/2771 2772/2772 2773/2773
f 2774/2774 2771/2771 2773/2773
f 2736/2736 2775/2775 2748/2748
f 2725/2725 2776/2776 2733/2733
f 2694/2694 2777/2777 2727/2727
f 2604/2604 2778/2778 2703/2703
f 2591/2591 2767/2767 2695/2695
f 2620/2620 2779/2779 2681/2681
f 2582/2582 2780/2780 2606/2606
f 2682/2682 2781/2781 2715/2715
f 2583/2583 2608/2608 2658/2658
f 2592/2592 2782/2782 2705/2705
f 2742/2742 2783/2783 2743/2743
f 2784/2784 2759/2759 2732/2732
f 2744/2744 2784/2784 2732/2732
f 2664/2664 2785/2785 2761/2761
f 2745/2745 2786/2786 2746/2746
f 2759/2759 2787/2787 2788/2788
f 2759/2759 2788/2788 2760/2760
f 2760/2760 2788/2788 2770/2770
f 2775/2775 2789/2789 2748/2748
f 2790/2790 2791/2791 2739/2739
f 2739/2739 2791/2791 2792/2792
f 2739/2739 2792/2792 2763/2763
f 2793/2793 2794/2794 2795/2795
f 2603/2603 2765/2765 2753/2753
f 2681/2681 2779/2779 2696/2696
f 2696/2696 2768/2768 2638/2638
f 2621/2621 2780/2780 2582/2582
f 2606/2606 2780/2780 2682/2682
f 2658/2658 2796/2796 2592/2592
f 2704/2704 2797/2797 2729/2729
f 2697/2697 2740/2740 2573/2573
f 2758/2758 2757/2757 2798/2798
f 2758/2758 2798/2798 2742/2742
f 2742/2742 2798/2798 2783/2783
f 2786/2786 2799/2799 2746/2746
f 2776/2776 2800/2800 2733/2733
f 2771/2771 2801/2801 2772/2772
f 2775/2775 2802/2802 2789/2789
f 2761/2761 2803/2803 2749/2749
f 2749/2749 2803/2803 2762/2762
f 2777/2777 2804/2804 2727/2727
f 2727/2727 2804/2804 2752/2752
f 2604/2604 2753/2753 2778/2778
f 2696/2696 2805/2805 2768/2768
f 2657/2657 2768/2768 2621/2621
f 2621/2621 2768/2768 2780/2780
f 2703/2703 2769/2769 2683/2683
f 2769/2769 2806/2806 2608/2608
f 2608/2608 2806/2806 2658/2658
f 2729/2729 2807/2807 2730/2730
f 2730/2730 2807/2807 2756/2756
f 2808/2808 2809/2809 2784/2784
f 2784/2784 2809/2809 2759/2759
f 2810/2810 2811/2811 2746/2746
f 2746/2746 2811/2811 2757/2757
f 2759/2759 2809/2809 2787/2787
f 2792/2792 2791/2791 2812/2812
f 2813/2813 2791/2791 2790/2790
f 2754/2754 2814/2814 2755/2755
f 2740/2740 2815/2815 2816/2816
f 2817/2817 2818/2818 2819/2819
f 2740/2740 2816/2816 2664/2664
f 2808/2808 2820/2820 2809/2809
f 2799/2799 2821/2821 2810/2810
f 2809/2809 2822/2822 2787/2787
f 2787/2787 2822/2822 2823/2823
f 2787/2787 2823/2823 2788/2788
f 2824/2824 2825/2825 2801/2801
f 2789/2789 2826/2826 2827/2827
f 2695/2695 2779/2779 2620/2620
f 2779/2779 2828/2828 2696/2696
f 2696/2696 2828/2828 2805/2805
f 2780/2780 2829/2829 2682/2682
f 2682/2682 2829/2829 2781/2781
f 2715/2715 2781/2781 2830/2830
f 2715/2715 2830/2830 2716/2716
f 2830/2830 2831/2831 2728/2728
f 2716/2716 2830/2830 2728/2728
f 2757/2757 2811/2811 2832/2832
f 2757/2757 2832/2832 2798/2798
f 2825/2825 2833/2833 2801/2801
f 2802/2802 2834/2834 2826/2826
f 2802/2802 2826/2826 2789/2789
f 2761/2761 2785/2785 2803/2803
f 2813/2813 2835/2835 2791/2791
f 2791/2791 2835/2835 2812/2812
f 2655/2655 2752/2752 2836/2836
f 2655/2655 2836/2836 2680/2680
f 2805/2805 2837/2837 2768/2768
f 2768/2768 2838/2838 2780/2780
f 2780/2780 2838/2838 2829/2829
f 2797/2797 2839/2839 2840/2840
f 2797/2797 2840/2840 2729/2729
f 2729/2729 2840/2840 2807/2807
f 2705/2705 2782/2782 2697/2697
f 2809/2809 2841/2841 2822/2822
f 2664/2664 2816/2816 2785/2785
f 2821/2821 2842/2842 2810/2810
f 2843/2843 2844/2844 2845/2845
f 2834/2834 2846/2846 2826/2826
f 2835/2835 2847/2847 2848/2848
f 2812/2812 2835/2835 2848/2848
f 2785/2785 2849/2849 2803/2803
f 2813/2813 2850/2850 2835/2835
f 2814/2814 2851/2851 2755/2755
f 2755/2755 2851/2851 2766/2766
f 2766/2766 2852/2852 2767/2767
f 2695/2695 2853/2853 2779/2779
f 2828/2828 2837/2837 2805/2805
f 2592/2592 2796/2796 2782/2782
f 2782/2782 2854/2854 2697/2697
f 2832/2832 2855/2855 2856/2856
f 2832/2832 2856/2856 2818/2818
f 2818/2818 2856/2856 2819/2819
f 2842/2842 2857/2857 2811/2811
f 2811/2811 2857/2857 2832/2832
f 2820/2820 2841/2841 2809/2809
f 2841/2841 2858/2858 2822/2822
f 2822/2822 2858/2858 2823/2823
f 2767/2767 2852/2852 2695/2695
f 2829/2829 2859/2859 2781/2781
f 2859/2859 2830/2830 2781/2781
f 2840/2840 2860/2860 2807/2807
f 2807/2807 2860/2860 2756/2756
f 2816/2816 2861/2861 2785/2785
f 2861/2861 2862/2862 2785/2785
f 2835/2835 2850/2850 2847/2847
f 2785/2785 2862/2862 2849/2849
f 2680/2680 2836/2836 2765/2765
f 2765/2765 2863/2863 2753/2753
f 2753/2753 2863/2863 2778/2778
f 2852/2852 2864/2864 2695/2695
f 2695/2695 2864/2864 2853/2853
f 2837/2837 2838/2838 2768/2768
f 2806/2806 2865/2865 2658/2658
f 2697/2697 2815/2815 2740/2740
f 2866/2866 2867/2867 2868/2868
f 2869/2869 2870/2870 2871/2871
f 2869/2869 2871/2871 2820/2820
f 2820/2820 2871/2871 2841/2841
f 2872/2872 2873/2873 2874/2874
f 2872/2872 2874/2874 2842/2842
f 2842/2842 2874/2874 2857/2857
f 2875/2875 2876/2876 2833/2833
f 2833/2833 2876/2876 2877/2877
f 2878/2878 2879/2879 2850/2850
f 2850/2850 2879/2879 2880/2880
f 2850/2850 2880/2880 2847/2847
f 2804/2804 2881/2881 2752/2752
f 2851/2851 2882/2882 2766/2766
f 2766/2766 2882/2882 2883/2883
f 2766/2766 2883/2883 2852/2852
f 2778/2778 2769/2769 2703/2703
f 2769/2769 2884/2884 2806/2806
f 2658/2658 2865/2865 2796/2796
f 2885/2885 2886/2886 2887/2887
f 2839/2839 2888/2888 2840/2840
f 2840/2840 2888/2888 2860/2860
f 2857/2857 2874/2874 2889/2889
f 2857/2857 2889/2889 2890/2890
f 2857/2857 2890/2890 2855/2855
f 2855/2855 2890/2890 2856/2856
f 2871/2871 2891/2891 2841/2841
f 2841/2841 2891/2891 2892/2892
f 2841/2841 2892/2892 2858/2858
f 2875/2875 2893/2893 2876/2876
f 2876/2876 2894/2894 2877/2877
f 2861/2861 2895/2895 2862/2862
f 2878/2878 2896/2896 2879/2879
f 2881/2881 2897/2897 2752/2752
f 2752/2752 2897/2897 2836/2836
f 2765/2765 2898/2898 2863/2863
f 2882/2882 2899/2899 2883/2883
f 2814/2814 2900/2900 2851/2851
f 2883/2883 2901/2901 2852/2852
f 2852/2852 2901/2901 2864/2864
f 2853/2853 2902/2902 2779/2779
f 2779/2779 2902/2902 2828/2828
f 2902/2902 2903/2903 2837/2837
f 2828/2828 2902/2902 2837/2837
f 2837/2837 2903/2903 2904/2904
f 2837/2837 2904/2904 2905/2905
f 2837/2837 2905/2905 2838/2838
f 2838/2838 2906/2906 2829/2829
f 2829/2829 2906/2906 2907/2907
f 2829/2829 2907/2907 2859/2859
f 2859/2859 2908/2908 2830/2830
f 2830/2830 2908/2908 2909/2909
f 2830/2830 2909/2909 2831/2831
f 2769/2769 2778/2778 2910/2910
f 2884/2884 2865/2865 2806/2806
f 2911/2911 2912/2912 2860/2860
f 2839/2839 2913/2913 2888/2888
f 2866/2866 2914/2914 2915/2915
f 2866/2866 2915/2915 2867/2867
f 2870/2870 2916/2916 2871/2871
f 2873/2873 2917/2917 2918/2918
f 2873/2873 2918/2918 2874/2874
f 2871/2871 2919/2919 2891/2891
f 2893/2893 2920/2920 2876/2876
f 2876/2876 2920/2920 2894/2894
f 2816/2816 2895/2895 2861/2861
f 2879/2879 2921/2921 2880/2880
f 2900/2900 2922/2922 2882/2882
f 2882/2882 2922/2922 2899/2899
f 2899/2899 2901/2901 2883/2883
f 2853/2853 2923/2923 2902/2902
f 2905/2905 2924/2924 2838/2838
f 2924/2924 2906/2906 2838/2838
f 2907/2907 2908/2908 2859/2859
f 2888/2888 2925/2925 2926/2926
f 2888/2888 2926/2926 2911/2911
f 2911/2911 2926/2926 2927/2927
f 2911/2911 2927/2927 2912/2912
f 2913/2913 2925/2925 2888/2888
f 2697/2697 2854/2854 2815/2815
f 2916/2916 2928/2928 2871/2871
f 2815/2815 2929/2929 2816/2816
f 2871/2871 2928/2928 2919/2919
f 2900/2900 2930/2930 2922/2922
f 2899/2899 2922/2922 2901/2901
f 2922/2922 2931/2931 2901/2901
f 2901/2901 2931/2931 2864/2864
f 2864/2864 2931/2931 2853/2853
f 2931/2931 2923/2923 2853/2853
f 2902/2902 2923/2923 2932/2932
f 2902/2902 2932/2932 2903/2903
f 2932/2932 2933/2933 2903/2903
f 2903/2903 2933/2933 2904/2904
f 2933/2933 2905/2905 2904/2904
f 2924/2924 2934/2934 2906/2906
f 2906/2906 2934/2934 2935/2935
f 2906/2906 2935/2935 2907/2907
f 2907/2907 2935/2935 2936/2936
f 2907/2907 2936/2936 2908/2908
f 2863/2863 2910/2910 2778/2778
f 2796/2796 2937/2937 2782/2782
f 2782/2782 2937/2937 2854/2854
f 2938/2938 2939/2939 2940/2940
f 2925/2925 2941/2941 2942/2942
f 2925/2925 2942/2942 2926/2926
f 2943/2943 2944/2944 2945/2945
f 2889/2889 2946/2946 2947/2947
f 2889/2889 2947/2947 2948/2948
f 2948/2948 2949/2949 2914/2914
f 2950/2950 2951/2951 2916/2916
f 2917/2917 2952/2952 2946/2946
f 2917/2917 2946/2946 2918/2918
f 2918/2918 2946/2946 2874/2874
f 2953/2953 2954/2954 2955/2955
f 2954/2954 2956/2956 2920/2920
f 2955/2955 2954/2954 2920/2920
f 2920/2920 2956/2956 2957/2957
f 2920/2920 2957/2957 2958/2958
f 2881/2881 2959/2959 2897/2897
f 2960/2960 2961/2961 2962/2962
f 2962/2962 2961/2961 2963/2963
f 2962/2962 2963/2963 2964/2964
f 2964/2964 2965/2965 2966/2966
f 2966/2966 2965/2965 2967/2967
f 2967/2967 2968/2968 2969/2969
f 2969/2969 2968/2968 2970/2970
f 2968/2968 2971/2971 2970/2970
f 2970/2970 2971/2971 2972/2972
f 2972/2972 2971/2971 2973/2973
f 2974/2974 2975/2975 2976/2976
f 2975/2975 2977/2977 2976/2976
f 2930/2930 2978/2978 2922/2922
f 2922/2922 2978/2978 2931/2931
f 2978/2978 2979/2979 2931/2931
f 2931/2931 2979/2979 2923/2923
f 2975/2975 2980/2980 2977/2977
f 2981/2981 2982/2982 2983/2983
f 2980/2980 2984/2984 2977/2977
f 2979/2979 2985/2985 2923/2923
f 2923/2923 2985/2985 2986/2986
f 2923/2923 2986/2986 2932/2932
f 2986/2986 2987/2987 2932/2932
f 2932/2932 2987/2987 2933/2933
f 2933/2933 2987/2987 2905/2905
f 2905/2905 2987/2987 2988/2988
f 2905/2905 2988/2988 2924/2924
f 2924/2924 2988/2988 2934/2934
f 2934/2934 2988/2988 2989/2989
f 2934/2934 2989/2989 2935/2935
f 2935/2935 2989/2989 2990/2990
f 2935/2935 2990/2990 2936/2936
f 2990/2990 2991/2991 2908/2908
f 2936/2936 2990/2990 2908/2908
f 2908/2908 2991/2991 2909/2909
f 2992/2992 2993/2993 2994/2994
f 2995/2995 2992/2992 2994/2994
f 2996/2996 2997/2997 2941/2941
f 2951/2951 2998/2998 2916/2916
f 2947/2947 2999/2999 2948/2948
f 2948/2948 2999/2999 2949/2949
f 2916/2916 2998/2998 2928/2928
f 2929/2929 3000/3000 2816/2816
f 2928/2928 3001/3001 2919/2919
f 2953/2953 3002/3002 2954/2954
f 3000/3000 3003/3003 2895/2895
f 2816/2816 3000/3000 2895/2895
f 2896/2896 3004/3004 3005/3005
f 2896/2896 3005/3005 2879/2879
f 2879/2879 3005/3005 2921/2921
f 2959/2959 3006/3006 2897/2897
f 2897/2897 3006/3006 3007/3007
f 2897/2897 3007/3007 2836/2836
f 3007/3007 3008/3008 2836/2836
f 3008/3008 2765/2765 2836/2836
f 3009/3009 3010/3010 3011/3011
f 3012/3012 3009/3009 3011/3011
f 3011/3011 3010/3010 3013/3013
f 3011/3011 3013/3013 3014/3014
f 3014/3014 3013/3013 3015/3015
f 3014/3014 3015/3015 3016/3016
f 3015/3015 3017/3017 3016/3016
f 3016/3016 3017/3017 3018/3018
f 3018/3018 3017/3017 3019/3019
f 3018/3018 3019/3019 3020/3020
f 3019/3019 3021/3021 3020/3020
f 3020/3020 3021/3021 3022/3022
f 3021/3021 3023/3023 3022/3022
f 3023/3023 3024/3024 3022/3022
f 3022/3022 3024/3024 3025/3025
f 3025/3025 3024/3024 3026/3026
f 3024/3024 3027/3027 3026/3026
f 3013/3013 3028/3028 3015/3015
f 3015/3015 3028/3028 3029/3029
f 3015/3015 3029/3029 3017/3017
f 3029/3029 3030/3030 3017/3017
f 3017/3017 3030/3030 3019/3019
f 3019/3019 3030/3030 3031/3031
f 3019/3019 3031/3031 3021/3021
f 3031/3031 3032/3032 3021/3021
f 3021/3021 3032/3032 3023/3023
f 3009/3009 3033/3033 3010/3010
f 3010/3010 3034/3034 3013/3013
f 3013/3013 3034/3034 3028/3028
f 3028/3028 3034/3034 3035/3035
f 3024/3024 3036/3036 3027/3027
f 3037/3037 3038/3038 3039/3039
f 3037/3037 3039/3039 3040/3040
f 3033/3033 3041/3041 3010/3010
f 3010/3010 3041/3041 3034/3034
f 3028/3028 3035/3035 3029/3029
f 3035/3035 3042/3042 3029/3029
f 3042/3042 3043/3043 3029/3029
f 3029/3029 3043/3043 3030/3030
f 3044/3044 3031/3031 3030/3030
f 3023/3023 3045/3045 3024/3024
f 3043/3043 3044/3044 3030/3030
f 3031/3031 3044/3044 3046/3046
f 3024/3024 3047/3047 3036/3036
f 3041/3041 3048/3048 3034/3034
f 3034/3034 3048/3048 3035/3035
f 3031/3031 3046/3046 3032/3032
f 3032/3032 3046/3046 3023/3023
f 3023/3023 3046/3046 3045/3045
f 3048/3048 3049/3049 3035/3035
f 3035/3035 3049/3049 3042/3042
f 3044/3044 3050/3050 3046/3046
f 3045/3045 3051/3051 3024/3024
f 3024/3024 3051/3051 3047/3047
f 3033/3033 3052/3052 3053/3053
f 3033/3033 3053/3053 3041/3041
f 3041/3041 3053/3053 3048/3048
f 3049/3049 3054/3054 3042/3042
f 3042/3042 3054/3054 3055/3055
f 3042/3042 3055/3055 3043/3043
f 3046/3046 3056/3056 3045/3045
f 3047/3047 3057/3057 3036/3036
f 3038/3038 3058/3058 3039/3039
f 3052/3052 3059/3059 3053/3053
f 3053/3053 3060/3060 3048/3048
f 3060/3060 3061/3061 3049/3049
f 3048/3048 3060/3060 3049/3049
f 3049/3049 3061/3061 3054/3054
f 3043/3043 3055/3055 3062/3062
f 3043/3043 3062/3062 3044/3044
f 3062/3062 3063/3063 3044/3044
f 3044/3044 3063/3063 3050/3050
f 3050/3050 3056/3056 3046/3046
f 3056/3056 3064/3064 3045/3045
f 3045/3045 3064/3064 3051/3051
f 3053/3053 3059/3059 3060/3060
f 3051/3051 3065/3065 3047/3047
f 3052/3052 3066/3066 3059/3059
f 3059/3059 3066/3066 3067/3067
f 3059/3059 3067/3067 3060/3060
f 3060/3060 3067/3067 3068/3068
f 3060/3060 3068/3068 3061/3061
f 3061/3061 3068/3068 3069/3069
f 3061/3061 3069/3069 3054/3054
f 3054/3054 3069/3069 3070/3070
f 3054/3054 3070/3070 3055/3055
f 3055/3055 3070/3070 3062/3062
f 3062/3062 3070/3070 3063/3063
f 3063/3063 3070/3070 3071/3071
f 3071/3071 3072/3072 3050/3050
f 3063/3063 3071/3071 3050/3050
f 3050/3050 3072/3072 3056/3056
f 3056/3056 3072/3072 3073/3073
f 3056/3056 3073/3073 3064/3064
f 3064/3064 3073/3073 3074/3074
f 3064/3064 3074/3074 3051/3051
f 3051/3051 3074/3074 3065/3065
f 3058/3058 3075/3075 3039/3039
f 3073/3073 3076/3076 3074/3074
f 3074/3074 3076/3076 3077/3077
f 3065/3065 3078/3078 3047/3047
f 3047/3047 3079/3079 3057/3057
f 3047/3047 3078/3078 3079/3079
f 3065/3065 2982/2982 3078/3078
f 3078/3078 3080/3080 3079/3079
f 2982/2982 3081/3081 3078/3078
f 3078/3078 3081/3081 3080/3080
f 3082/3082 3083/3083 3084/3084
f 3084/3084 3083/3083 3085/3085
f 3084/3084 3085/3085 3086/3086
f 3085/3085 3087/3087 3086/3086
f 2982/2982 2981/2981 3081/3081
f 3082/3082 3088/3088 3089/3089
f 3082/3082 3089/3089 3083/3083
f 3083/3083 3089/3089 3085/3085
f 3089/3089 3090/3090 3085/3085
f 3085/3085 3090/3090 3091/3091
f 3085/3085 3091/3091 3087/3087
f 3087/3087 3091/3091 3092/3092
f 3087/3087 3092/3092 3093/3093
f 3093/3093 3092/3092 3094/3094
f 3093/3093 3094/3094 3095/3095
f 3094/3094 3096/3096 3095/3095
f 3096/3096 3097/3097 3095/3095
f 3095/3095 3097/3097 3098/3098
f 3098/3098 3097/3097 3099/3099
f 3098/3098 3099/3099 3100/3100
f 3100/3100 3099/3099 3101/3101
f 3100/3100 3101/3101 3102/3102
f 3100/3100 3102/3102 3103/3103
f 3103/3103 3102/3102 3104/3104
f 3103/3103 3104/3104 2981/2981
f 2981/2981 3104/3104 3105/3105
f 2981/2981 3105/3105 3081/3081
f 3081/3081 3105/3105 3080/3080
f 3090/3090 3106/3106 3091/3091
f 3091/3091 3106/3106 3092/3092
f 3094/3094 3107/3107 3096/3096
f 3096/3096 3108/3108 3097/3097
f 3097/3097 3108/3108 3099/3099
f 3099/3099 3108/3108 3109/3109
f 3099/3099 3110/3110 3101/3101
f 3101/3101 3110/3110 3102/3102
f 3089/3089 3111/3111 3090/3090
f 3092/3092 3106/3106 3094/3094
f 3106/3106 3107/3107 3094/3094
f 3096/3096 3107/3107 3108/3108
f 3109/3109 3110/3110 3099/3099
f 3102/3102 3110/3110 3112/3112
f 3102/3102 3112/3112 3104/3104
f 3090/3090 3113/3113 3106/3106
f 3106/3106 3114/3114 3107/3107
f 3105/3105 3115/3115 3080/3080
f 3088/3088 3116/3116 3089/3089
f 3089/3089 3116/3116 3111/3111
f 3090/3090 3111/3111 3117/3117
f 3113/3113 3114/3114 3106/3106
f 3090/3090 3117/3117 3113/3113
f 3108/3108 3107/3107 3118/3118
f 3108/3108 3118/3118 3119/3119
f 3108/3108 3119/3119 3109/3109
f 3109/3109 3119/3119 3120/3120
f 3109/3109 3120/3120 3110/3110
f 3110/3110 3121/3121 3112/3112
f 3122/3122 3104/3104 3112/3112
f 3115/3115 3123/3123 3080/3080
f 3114/3114 3124/3124 3107/3107
f 3120/3120 3121/3121 3110/3110
f 3121/3121 3122/3122 3112/3112
f 3104/3104 3122/3122 3125/3125
f 3104/3104 3125/3125 3105/3105
f 3126/3126 3127/3127 3116/3116
f 3088/3088 3126/3126 3116/3116
f 3117/3117 3111/3111 3128/3128
f 3114/3114 3113/3113 3124/3124
f 3107/3107 3129/3129 3118/3118
f 3125/3125 3130/3130 3105/3105
f 3105/3105 3130/3130 3115/3115
f 3115/3115 3131/3131 3123/3123
f 3111/3111 3132/3132 3128/3128
f 3118/3118 3133/3133 3119/3119
f 3116/3116 3134/3134 3111/3111
f 3107/3107 3124/3124 3129/3129
f 3122/3122 3135/3135 3125/3125
f 3127/3127 3134/3134 3116/3116
f 3117/3117 3136/3136 3113/3113
f 3113/3113 3136/3136 3124/3124
f 3129/3129 3137/3137 3118/3118
f 3118/3118 3137/3137 3133/3133
f 3120/3120 3122/3122 3121/3121
f 3138/3138 3139/3139 3140/3140
f 3126/3126 3141/3141 3127/3127
f 3134/3134 3132/3132 3111/3111
f 3128/3128 3136/3136 3117/3117
f 3124/3124 3137/3137 3129/3129
f 3122/3122 3142/3142 3135/3135
f 3130/3130 3143/3143 3115/3115
f 3115/3115 3143/3143 3131/3131
f 3124/3124 3144/3144 3137/3137
f 3136/3136 3144/3144 3124/3124
f 3133/3133 3145/3145 3119/3119
f 3119/3119 3145/3145 3120/3120
f 3120/3120 3142/3142 3122/3122
f 3128/3128 3146/3146 3136/3136
f 3132/3132 3146/3146 3128/3128
f 3136/3136 3147/3147 3144/3144
f 3144/3144 3148/3148 3137/3137
f 3137/3137 3148/3148 3133/3133
f 3120/3120 3145/3145 3142/3142
f 3135/3135 3142/3142 3125/3125
f 3127/3127 3149/3149 3134/3134
f 3136/3136 3146/3146 3147/3147
f 3138/3138 3150/3150 3139/3139
f 3146/3146 3151/3151 3147/3147
f 3147/3147 3152/3152 3144/3144
f 3145/3145 3153/3153 3142/3142
f 3141/3141 3154/3154 3127/3127
f 3134/3134 3149/3149 3132/3132
f 3148/3148 3144/3144 3155/3155
f 3142/3142 3156/3156 3125/3125
f 3153/3153 3156/3156 3142/3142
f 3154/3154 3157/3157 3127/3127
f 3127/3127 3157/3157 3149/3149
f 3149/3149 3158/3158 3132/3132
f 3152/3152 3155/3155 3144/3144
f 3133/3133 3148/3148 3145/3145
f 3130/3130 3159/3159 3143/3143
f 3159/3159 3160/3160 3131/3131
f 3143/3143 3159/3159 3131/3131
f 3138/3138 3161/3161 3150/3150
f 3132/3132 3162/3162 3146/3146
f 3145/3145 3163/3163 3153/3153
f 3158/3158 3162/3162 3132/3132
f 3146/3146 3162/3162 3151/3151
f 3145/3145 3148/3148 3163/3163
f 3147/3147 3151/3151 3152/3152
f 3148/3148 3164/3164 3163/3163
f 3156/3156 3165/3165 3125/3125
f 3125/3125 3166/3166 3130/3130
f 3130/3130 3166/3166 3159/3159
f 3152/3152 3151/3151 3167/3167
f 3155/3155 3168/3168 3169/3169
f 3163/3163 3170/3170 3153/3153
f 3153/3153 3165/3165 3156/3156
f 3149/3149 3171/3171 3158/3158
f 3152/3152 3168/3168 3155/3155
f 3155/3155 3169/3169 3148/3148
f 3170/3170 3165/3165 3153/3153
f 3157/3157 3172/3172 3149/3149
f 3172/3172 3171/3171 3149/3149
f 3158/3158 3171/3171 3162/3162
f 3165/3165 3166/3166 3125/3125
f 3171/3171 3173/3173 3162/3162
f 3167/3167 3174/3174 3152/3152
f 3152/3152 3174/3174 3168/3168
f 3169/3169 3164/3164 3148/3148
f 3164/3164 3175/3175 3163/3163
f 3163/3163 3175/3175 3170/3170
f 3176/3176 3177/3177 3157/3157
f 3154/3154 3176/3176 3157/3157
f 3157/3157 3177/3177 3172/3172
f 3170/3170 3178/3178 3165/3165
f 3162/3162 3179/3179 3151/3151
f 3151/3151 3179/3179 3167/3167
f 3168/3168 3174/3174 3169/3169
f 3175/3175 3178/3178 3170/3170
f 3162/3162 3180/3180 3179/3179
f 3164/3164 3169/3169 3175/3175
f 3167/3167 3181/3181 3174/3174
f 3165/3165 3182/3182 3166/3166
f 3166/3166 3183/3183 3159/3159
f 3178/3178 3184/3184 3165/3165
f 3165/3165 3184/3184 3182/3182
f 3179/3179 3185/3185 3167/3167
f 3181/3181 3186/3186 3174/3174
f 3174/3174 3186/3186 3169/3169
f 3169/3169 3187/3187 3188/3188
f 3169/3169 3188/3188 3175/3175
f 3175/3175 3189/3189 3178/3178
f 3173/3173 3180/3180 3162/3162
f 3178/3178 3189/3189 3184/3184
f 3169/3169 3186/3186 3187/3187
f 3180/3180 3185/3185 3179/3179
f 3167/3167 3185/3185 3181/3181
f 3182/3182 3183/3183 3166/3166
f 3176/3176 3190/3190 3177/3177
f 3177/3177 3190/3190 3172/3172
f 3188/3188 3191/3191 3175/3175
f 3175/3175 3191/3191 3189/3189
f 3171/3171 3192/3192 3173/3173
f 3173/3173 3192/3192 3180/3180
f 3180/3180 3193/3193 3185/3185
f 3184/3184 3194/3194 3182/3182
f 3183/3183 3195/3195 3159/3159
f 3159/3159 3195/3195 3196/3196
f 3159/3159 3196/3196 3160/3160
f 3161/3161 3197/3197 3198/3198
f 3161/3161 3198/3198 3150/3150
f 3192/3192 3193/3193 3180/3180
f 3190/3190 3199/3199 3172/3172
f 3172/3172 3199/3199 3171/3171
f 3185/3185 3193/3193 3181/3181
f 3199/3199 3200/3200 3171/3171
f 3171/3171 3200/3200 3192/3192
f 3181/3181 3187/3187 3186/3186
f 3188/3188 3187/3187 3191/3191
f 3189/3189 3194/3194 3184/3184
f 3176/3176 3201/3201 3190/3190
f 3193/3193 3202/3202 3181/3181
f 3191/3191 3203/3203 3189/3189
f 3193/3193 3204/3204 3202/3202
f 3187/3187 3205/3205 3191/3191
f 3191/3191 3205/3205 3203/3203
f 3189/3189 3203/3203 3194/3194
f 3192/3192 3200/3200 3206/3206
f 3206/3206 3193/3193 3192/3192
f 3182/3182 3207/3207 3183/3183
f 3195/3195 3208/3208 3196/3196
f 3197/3197 3209/3209 3198/3198
f 3190/3190 3210/3210 3199/3199
f 3199/3199 3210/3210 3211/3211
f 3199/3199 3211/3211 3200/3200
f 3206/3206 3204/3204 3193/3193
f 3202/3202 3212/3212 3181/3181
f 3181/3181 3212/3212 3187/3187
f 3187/3187 3212/3212 3205/3205
f 3183/3183 3213/3213 3195/3195
f 3195/3195 3213/3213 3208/3208
f 3209/3209 3214/3214 3198/3198
f 3204/3204 3215/3215 3202/3202
f 3202/3202 3215/3215 3212/3212
f 3203/3203 3205/3205 3216/3216
f 3194/3194 3207/3207 3182/3182
f 3207/3207 3213/3213 3183/3183
f 3200/3200 3211/3211 3206/3206
f 3194/3194 3217/3217 3207/3207
f 3215/3215 3218/3218 3212/3212
f 3212/3212 3219/3219 3205/3205
f 3216/3216 3217/3217 3203/3203
f 3203/3203 3217/3217 3194/3194
f 3201/3201 3220/3220 3190/3190
f 3190/3190 3220/3220 3210/3210
f 3206/3206 3221/3221 3204/3204
f 3205/3205 3222/3222 3216/3216
f 3201/3201 3223/3223 3220/3220
f 3210/3210 3220/3220 3224/3224
f 3210/3210 3224/3224 3211/3211
f 3211/3211 3224/3224 3206/3206
f 3221/3221 3225/3225 3204/3204
f 3204/3204 3225/3225 3215/3215
f 3225/3225 3218/3218 3215/3215
f 3218/3218 3219/3219 3212/3212
f 3207/3207 3226/3226 3213/3213
f 3213/3213 3227/3227 3208/3208
f 3224/3224 3221/3221 3206/3206
f 3219/3219 3222/3222 3205/3205
f 3222/3222 3226/3226 3217/3217
f 3216/3216 3222/3222 3217/3217
f 3217/3217 3226/3226 3207/3207
f 3226/3226 3228/3228 3213/3213
f 3213/3213 3228/3228 3227/3227
f 3223/3223 3229/3229 3220/3220
f 3218/3218 3230/3230 3219/3219
f 3229/3229 3231/3231 3220/3220
f 3220/3220 3231/3231 3224/3224
f 3224/3224 3232/3232 3221/3221
f 3232/3232 3233/3233 3221/3221
f 3221/3221 3233/3233 3225/3225
f 3218/3218 3234/3234 3230/3230
f 3219/3219 3235/3235 3222/3222
f 3222/3222 3236/3236 3226/3226
f 3226/3226 3236/3236 3237/3237
f 3226/3226 3237/3237 3228/3228
f 3229/3229 3238/3238 3231/3231
f 3225/3225 3233/3233 3234/3234
f 3225/3225 3234/3234 3218/3218
f 3222/3222 3235/3235 3236/3236
f 3239/3239 3240/3240 3241/3241
f 3239/3239 3241/3241 3238/3238
f 3238/3238 3241/3241 3231/3231
f 3219/3219 3230/3230 3235/3235
f 3228/3228 3242/3242 3227/3227
f 3243/3243 3244/3244 3240/3240
f 3245/3245 3243/3243 3240/3240
f 3240/3240 3244/3244 3241/3241
f 3241/3241 3244/3244 3246/3246
f 3241/3241 3246/3246 3231/3231
f 3231/3231 3246/3246 3224/3224
f 3224/3224 3246/3246 3232/3232
f 3244/3244 3247/3247 3246/3246
f 3246/3246 3248/3248 3232/3232
f 3248/3248 3249/3249 3233/3233
f 3232/3232 3248/3248 3233/3233
f 3233/3233 3249/3249 3234/3234
f 3249/3249 3250/3250 3230/3230
f 3234/3234 3249/3249 3230/3230
f 3230/3230 3250/3250 3235/3235
f 3235/3235 3250/3250 3251/3251
f 3235/3235 3251/3251 3236/3236
f 3236/3236 3251/3251 3237/3237
f 3251/3251 3228/3228 3237/3237
f 3246/3246 3247/3247 3248/3248
f 3247/3247 3252/3252 3253/3253
f 3253/3253 3254/3254 3248/3248
f 3247/3247 3253/3253 3248/3248
f 3255/3255 3256/3256 3257/3257
f 3256/3256 3258/3258 3257/3257
f 3248/3248 3254/3254 3259/3259
f 3257/3257 3258/3258 3260/3260
f 3248/3248 3259/3259 3249/3249
f 3259/3259 3261/3261 3249/3249
f 3260/3260 3258/3258 3262/3262
f 3249/3249 3261/3261 3250/3250
f 3262/3262 3258/3258 3263/3263
f 3261/3261 3264/3264 3251/3251
f 3250/3250 3261/3261 3251/3251
f 3262/3262 3263/3263 3265/3265
f 3263/3263 3266/3266 3265/3265
f 3264/3264 3267/3267 3251/3251
f 3265/3265 3266/3266 3268/3268
f 3251/3251 3267/3267 3228/3228
f 3267/3267 3269/3269 3242/3242
f 3228/3228 3267/3267 3242/3242
f 3268/3268 3266/3266 3270/3270
f 2944/2944 3271/3271 3272/3272
f 2944/2944 3272/3272 2945/2945
f 2951/2951 3273/3273 2998/2998
f 2946/2946 3274/3274 2947/2947
f 2928/2928 2998/2998 3001/3001
f 2910/2910 3275/3275 2769/2769
f 3243/3243 3252/3252 3244/3244
f 3244/3244 3252/3252 3247/3247
f 3243/3243 3276/3276 3252/3252
f 3276/3276 3277/3277 3252/3252
f 3277/3277 3253/3253 3252/3252
f 3278/3278 3256/3256 3255/3255
f 3256/3256 3279/3279 3258/3258
f 3279/3279 3280/3280 3258/3258
f 3258/3258 3280/3280 3281/3281
f 3258/3258 3281/3281 3263/3263
f 3263/3263 3281/3281 3266/3266
f 3266/3266 3281/3281 3282/3282
f 3266/3266 3282/3282 3283/3283
f 3266/3266 3283/3283 3270/3270
f 2854/2854 2929/2929 2815/2815
f 3284/3284 3285/3285 3286/3286
f 3284/3284 3286/3286 3002/3002
f 3286/3286 3287/3287 2956/2956
f 3002/3002 3286/3286 2956/2956
f 2956/2956 3287/3287 3288/3288
f 3005/3005 3289/3289 3290/3290
f 3291/3291 3292/3292 3293/3293
f 2863/2863 3294/3294 2910/2910
f 3275/3275 2884/2884 2769/2769
f 3256/3256 3295/3295 3279/3279
f 3281/3281 3296/3296 3282/3282
f 3282/3282 3297/3297 3283/3283
f 3283/3283 3297/3297 3298/3298
f 3299/3299 3300/3300 3301/3301
f 3302/3302 3303/3303 3273/3273
f 2929/2929 3304/3304 3000/3000
f 3305/3305 3306/3306 3274/3274
f 3274/3274 3306/3306 3307/3307
f 3274/3274 3307/3307 2947/2947
f 3273/3273 3303/3303 2998/2998
f 3285/3285 3308/3308 3286/3286
f 3287/3287 3309/3309 3288/3288
f 3000/3000 3304/3304 3003/3003
f 3310/3310 3311/3311 3312/3312
f 2884/2884 3313/3313 2865/2865
f 2865/2865 3313/3313 2796/2796
f 3314/3314 3315/3315 3278/3278
f 3316/3316 3314/3314 3278/3278
f 3278/3278 3295/3295 3256/3256
f 3295/3295 3317/3317 3279/3279
f 3279/3279 3317/3317 3280/3280
f 3280/3280 3318/3318 3281/3281
f 3281/3281 3318/3318 3296/3296
f 3296/3296 3297/3297 3282/3282
f 3283/3283 3319/3319 3320/3320
f 2999/2999 3321/3321 3271/3271
f 3302/3302 3322/3322 3303/3303
f 3308/3308 3323/3323 3287/3287
f 3287/3287 3323/3323 3309/3309
f 3004/3004 3324/3324 3005/3005
f 3005/3005 3324/3324 3289/3289
f 2765/2765 3008/3008 2898/2898
f 3325/3325 3326/3326 3327/3327
f 3328/3328 3329/3329 3330/3330
f 2863/2863 2898/2898 3294/3294
f 3331/3331 3332/3332 3333/3333
f 2910/2910 3294/3294 3275/3275
f 3334/3334 3335/3335 3336/3336
f 2854/2854 2937/2937 3337/3337
f 3315/3315 3295/3295 3278/3278
f 3280/3280 3317/3317 3318/3318
f 3283/3283 3298/3298 3319/3319
f 3338/3338 3339/3339 3340/3340
f 3322/3322 3341/3341 3303/3303
f 3307/3307 3342/3342 2947/2947
f 2947/2947 3342/3342 2999/2999
f 3285/3285 3343/3343 3308/3308
f 3324/3324 3344/3344 3345/3345
f 3345/3345 3344/3344 3346/3346
f 3304/3304 3347/3347 3003/3003
f 3004/3004 3348/3348 3324/3324
f 3006/3006 3349/3349 3350/3350
f 3006/3006 3350/3350 3007/3007
f 3007/3007 3350/3350 3008/3008
f 2898/2898 3008/3008 3351/3351
f 2898/2898 3351/3351 3294/3294
f 3275/3275 3352/3352 2884/2884
f 2884/2884 3352/3352 3313/3313
f 2796/2796 3313/3313 2937/2937
f 3314/3314 3353/3353 3315/3315
f 3315/3315 3353/3353 3295/3295
f 3353/3353 3354/3354 3295/3295
f 3295/3295 3354/3354 3317/3317
f 3317/3317 3354/3354 3355/3355
f 3317/3317 3355/3355 3318/3318
f 3318/3318 3355/3355 3296/3296
f 3355/3355 3356/3356 3296/3296
f 3296/3296 3356/3356 3297/3297
f 3356/3356 3357/3357 3298/3298
f 3297/3297 3356/3356 3298/3298
f 3298/3298 3357/3357 3319/3319
f 2854/2854 3337/3337 2929/2929
f 3321/3321 3358/3358 3271/3271
f 3305/3305 3359/3359 3306/3306
f 3306/3306 3359/3359 3307/3307
f 3343/3343 3360/3360 3308/3308
f 3360/3360 3361/3361 3323/3323
f 3308/3308 3360/3360 3323/3323
f 3323/3323 3361/3361 3362/3362
f 3304/3304 3363/3363 3347/3347
f 3364/3364 3352/3352 3275/3275
f 3365/3365 3337/3337 2937/2937
f 2929/2929 3366/3366 3304/3304
f 3339/3339 3367/3367 3340/3340
f 3305/3305 3368/3368 3359/3359
f 3361/3361 3369/3369 3362/3362
f 3304/3304 3370/3370 3363/3363
f 3291/3291 3371/3371 3292/3292
f 3350/3350 3372/3372 3008/3008
f 3337/3337 3366/3366 2929/2929
f 3367/3367 3373/3373 3340/3340
f 3342/3342 3374/3374 3321/3321
f 3321/3321 3374/3374 3358/3358
f 3375/3375 3376/3376 3377/3377
f 3322/3322 3378/3378 3341/3341
f 3343/3343 3377/3377 3360/3360
f 3360/3360 3377/3377 3361/3361
f 3368/3368 3379/3379 3359/3359
f 3380/3380 3381/3381 3346/3346
f 3382/3382 3383/3383 3324/3324
f 3324/3324 3383/3383 3344/3344
f 3350/3350 3384/3384 3372/3372
f 3008/3008 3385/3385 3351/3351
f 3386/3386 3387/3387 3388/3388
f 3386/3386 3389/3389 3387/3387
f 3351/3351 3385/3385 3390/3390
f 3351/3351 3390/3390 3294/3294
f 3275/3275 3294/3294 3364/3364
f 3366/3366 3370/3370 3304/3304
f 3379/3379 3391/3391 3307/3307
f 3374/3374 3392/3392 3358/3358
f 3377/3377 3393/3393 3361/3361
f 3361/3361 3393/3393 3394/3394
f 3370/3370 3395/3395 3363/3363
f 3382/3382 3396/3396 3383/3383
f 3313/3313 3365/3365 2937/2937
f 3367/3367 3397/3397 3373/3373
f 3398/3398 3399/3399 3400/3400
f 3379/3379 3401/3401 3391/3391
f 3307/3307 3402/3402 3342/3342
f 3342/3342 3402/3402 3374/3374
f 3374/3374 3403/3403 3392/3392
f 3383/3383 3404/3404 3380/3380
f 3380/3380 3404/3404 3381/3381
f 3370/3370 3405/3405 3395/3395
f 3349/3349 3406/3406 3384/3384
f 3349/3349 3384/3384 3350/3350
f 3372/3372 3385/3385 3008/3008
f 3390/3390 3407/3407 3294/3294
f 3294/3294 3407/3407 3364/3364
f 3407/3407 3352/3352 3364/3364
f 3313/3313 3352/3352 3365/3365
f 3337/3337 3365/3365 3366/3366
f 3391/3391 3402/3402 3307/3307
f 3402/3402 3403/3403 3374/3374
f 3408/3408 3409/3409 3410/3410
f 3385/3385 3372/3372 3411/3411
f 3412/3412 3413/3413 3414/3414
f 3412/3412 3414/3414 3415/3415
f 3385/3385 3411/3411 3390/3390
f 3412/3412 3415/3415 3416/3416
f 3416/3416 3415/3415 3417/3417
f 3390/3390 3411/3411 3407/3407
f 3418/3418 3419/3419 3420/3420
f 3407/3407 3421/3421 3352/3352
f 3422/3422 3419/3419 3423/3423
f 3421/3421 3365/3365 3352/3352
f 3424/3424 3425/3425 3426/3426
f 3366/3366 3365/3365 3427/3427
f 3366/3366 3427/3427 3370/3370
f 3401/3401 3428/3428 3391/3391
f 3428/3428 3429/3429 3402/3402
f 3391/3391 3428/3428 3402/3402
f 3402/3402 3429/3429 3403/3403
f 3404/3404 3430/3430 3431/3431
f 3427/3427 3432/3432 3405/3405
f 3370/3370 3427/3427 3405/3405
f 3433/3433 3434/3434 3435/3435
f 3433/3433 3435/3435 3383/3383
f 3383/3383 3435/3435 3430/3430
f 3383/3383 3430/3430 3404/3404
f 3406/3406 3436/3436 3384/3384
f 3384/3384 3436/3436 3372/3372
f 3372/3372 3436/3436 3411/3411
f 3411/3411 3436/3436 3437/3437
f 3411/3411 3437/3437 3407/3407
f 3407/3407 3437/3437 3438/3438
f 3438/3438 3439/3439 3407/3407
f 3407/3407 3439/3439 3421/3421
f 3421/3421 3439/3439 3365/3365
f 3439/3439 3440/3440 3365/3365
f 3440/3440 3441/3441 3365/3365
f 3365/3365 3441/3441 3427/3427
f 3441/3441 3432/3432 3427/3427
f 3442/3442 3443/3443 3444/3444
f 3444/3444 3443/3443 3445/3445
f 3445/3445 3443/3443 3446/3446
f 8/8 11/11 67/67
f 3447/3447 3446/3446 3448/3448
f 67/67 11/11 68/68
f 11/11 14/14 68/68
f 68/68 14/14 78/78
f 78/78 14/14 82/82
f 82/82 14/14 19/19
f 82/82 19/19 84/84
f 84/84 19/19 3449/3449
f 19/19 25/25 3449/3449
f 3449/3449 25/25 3450/3450
f 3450/3450 25/25 27/27
f 3450/3450 27/27 88/88
f 88/88 27/27 32/32
f 32/32 35/35 87/87
f 87/87 35/35 154/154
f 35/35 39/39 154/154
f 154/154 39/39 157/157
f 157/157 39/39 43/43
f 157/157 43/43 90/90
f 43/43 45/45 95/95
f 90/90 43/43 95/95
f 45/45 46/46 96/96
f 46/46 48/48 96/96
f 96/96 48/48 51/51
f 96/96 51/51 104/104
f 104/104 51/51 106/106
f 51/51 56/56 106/106
f 106/106 56/56 112/112
f 118/118 63/63 61/61
f 3447/3447 3448/3448 3451/3451
f 3452/3452 3453/3453 3454/3454
f 3454/3454 3453/3453 3455/3455
f 67/67 66/66 65/65
f 3451/3451 3448/3448 3452/3452
f 3453/3453 3456/3456 3455/3455
f 3455/3455 3456/3456 3457/3457
f 3457/3457 3456/3456 3458/3458
f 128/128 70/70 73/73
f 73/73 72/72 136/136
f 136/136 72/72 77/77
f 142/142 81/81 84/84
f 142/142 84/84 3449/3449
f 142/142 3449/3449 3450/3450
f 142/142 3450/3450 148/148
f 148/148 3450/3450 88/88
f 148/148 88/88 152/152
f 88/88 87/87 152/152
f 95/95 45/45 97/97
f 95/95 97/97 94/94
f 213/213 93/93 101/101
f 103/103 108/108 161/161
f 161/161 108/108 162/162
f 162/162 108/108 111/111
f 162/162 111/111 163/163
f 171/171 63/63 119/119
f 279/279 3442/3442 3444/3444
f 3457/3457 3458/3458 3459/3459
f 3459/3459 3458/3458 3460/3460
f 131/131 73/73 136/136
f 130/130 132/132 135/135
f 131/131 136/136 137/137
f 137/137 138/138 140/140
f 143/143 144/144 192/192
f 144/144 145/145 192/192
f 192/192 145/145 194/194
f 194/194 145/145 197/197
f 145/145 149/149 197/197
f 197/197 149/149 199/199
f 149/149 150/150 199/199
f 199/199 150/150 203/203
f 203/203 150/150 155/155
f 203/203 155/155 205/205
f 205/205 155/155 159/159
f 205/205 159/159 209/209
f 209/209 159/159 91/91
f 91/91 93/93 209/209
f 93/93 213/213 209/209
f 213/213 101/101 160/160
f 218/218 160/160 161/161
f 218/218 161/161 219/219
f 161/161 162/162 219/219
f 219/219 162/162 165/165
f 165/165 170/170 225/225
f 225/225 170/170 176/176
f 167/167 166/166 229/229
f 237/237 3461/3461 238/238
f 171/171 119/119 172/172
f 119/119 118/118 178/178
f 279/279 3444/3444 277/277
f 277/277 3444/3444 3445/3445
f 277/277 3445/3445 3462/3462
f 3462/3462 3445/3445 3446/3446
f 3462/3462 3446/3446 3463/3463
f 3463/3463 3446/3446 3447/3447
f 3463/3463 3447/3447 3464/3464
f 3464/3464 3447/3447 3451/3451
f 3464/3464 3451/3451 3465/3465
f 3451/3451 3452/3452 3466/3466
f 3465/3465 3451/3451 3466/3466
f 3466/3466 3452/3452 3454/3454
f 181/181 180/180 381/381
f 381/381 180/180 3467/3467
f 3459/3459 3460/3460 379/379
f 3468/3468 3469/3469 3470/3470
f 3471/3471 3468/3468 3470/3470
f 3470/3470 3469/3469 242/242
f 183/183 135/135 186/186
f 183/183 186/186 188/188
f 247/247 190/190 193/193
f 200/200 204/204 261/261
f 207/207 208/208 215/215
f 221/221 224/224 266/266
f 3472/3472 3473/3473 3474/3474
f 3473/3473 3461/3461 3474/3474
f 3474/3474 3461/3461 237/237
f 3475/3475 277/277 3462/3462
f 3454/3454 3455/3455 3476/3476
f 3476/3476 3455/3455 3477/3477
f 3477/3477 3455/3455 3457/3457
f 3477/3477 3457/3457 378/378
f 381/381 3467/3467 3478/3478
f 3467/3467 3479/3479 3480/3480
f 3478/3478 3467/3467 3480/3480
f 3480/3480 3479/3479 3481/3481
f 378/378 3457/3457 3459/3459
f 378/378 3459/3459 379/379
f 3481/3481 3479/3479 3482/3482
f 3470/3470 242/242 241/241
f 241/241 240/240 3483/3483
f 241/241 3483/3483 3484/3484
f 3484/3484 3483/3483 3485/3485
f 3486/3486 3485/3485 3487/3487
f 3485/3485 3488/3488 3487/3487
f 3487/3487 3488/3488 3489/3489
f 3489/3489 3490/3490 3491/3491
f 3491/3491 3490/3490 3492/3492
f 3490/3490 3493/3493 3492/3492
f 3492/3492 3493/3493 3494/3494
f 253/253 255/255 3495/3495
f 3495/3495 255/255 3496/3496
f 3496/3496 255/255 3497/3497
f 3497/3497 255/255 258/258
f 3497/3497 258/258 3498/3498
f 258/258 260/260 3498/3498
f 260/260 262/262 3499/3499
f 3498/3498 260/260 3499/3499
f 262/262 264/264 3499/3499
f 3500/3500 3501/3501 3502/3502
f 3502/3502 3501/3501 3503/3503
f 3502/3502 3503/3503 3504/3504
f 3504/3504 3503/3503 3505/3505
f 3504/3504 3505/3505 3506/3506
f 3506/3506 3505/3505 3472/3472
f 3506/3506 3472/3472 3474/3474
f 3474/3474 237/237 3507/3507
f 167/167 229/229 272/272
f 172/172 119/119 275/275
f 271/271 172/172 275/275
f 178/178 177/177 276/276
f 278/278 277/277 3475/3475
f 3466/3466 3454/3454 3508/3508
f 3508/3508 3454/3454 3476/3476
f 292/292 3470/3470 241/241
f 292/292 241/241 281/281
f 241/241 3484/3484 3509/3509
f 280/280 241/241 3509/3509
f 3484/3484 3485/3485 3486/3486
f 3509/3509 3484/3484 3486/3486
f 3486/3486 3487/3487 3510/3510
f 3510/3510 3487/3487 3511/3511
f 3511/3511 3487/3487 3489/3489
f 3511/3511 3489/3489 3491/3491
f 3491/3491 3492/3492 3512/3512
f 3512/3512 3492/3492 3513/3513
f 3513/3513 3492/3492 3494/3494
f 3513/3513 3494/3494 3514/3514
f 3514/3514 3494/3494 3515/3515
f 3514/3514 3515/3515 3516/3516
f 3516/3516 3515/3515 3517/3517
f 3516/3516 3517/3517 3518/3518
f 3518/3518 3517/3517 3519/3519
f 3517/3517 3520/3520 3519/3519
f 3519/3519 3520/3520 3521/3521
f 3520/3520 3500/3500 3522/3522
f 3521/3521 3520/3520 3522/3522
f 3500/3500 3502/3502 3523/3523
f 3502/3502 3504/3504 3523/3523
f 3523/3523 3504/3504 3524/3524
f 3524/3524 3504/3504 3525/3525
f 3504/3504 3506/3506 3525/3525
f 3525/3525 3506/3506 3526/3526
f 3506/3506 3474/3474 3526/3526
f 3526/3526 3474/3474 3507/3507
f 284/284 167/167 272/272
f 271/271 275/275 371/371
f 237/237 236/236 288/288
f 371/371 275/275 565/565
f 3475/3475 3462/3462 3527/3527
f 3527/3527 3462/3462 3463/3463
f 3480/3480 3481/3481 553/553
f 380/380 3477/3477 378/378
f 3481/3481 3482/3482 553/553
f 3471/3471 3470/3470 3528/3528
f 3528/3528 3470/3470 292/292
f 3528/3528 292/292 291/291
f 296/296 298/298 3529/3529
f 3529/3529 298/298 297/297
f 3530/3530 3531/3531 3532/3532
f 3532/3532 3531/3531 3533/3533
f 3533/3533 3531/3531 3534/3534
f 3491/3491 3512/3512 3535/3535
f 3536/3536 3491/3491 3535/3535
f 3535/3535 3512/3512 3513/3513
f 3535/3535 3513/3513 3537/3537
f 3537/3537 3513/3513 3514/3514
f 3514/3514 3516/3516 3538/3538
f 3537/3537 3514/3514 3538/3538
f 3538/3538 3516/3516 420/420
f 3516/3516 3518/3518 420/420
f 420/420 3518/3518 421/421
f 3518/3518 3519/3519 421/421
f 421/421 3519/3519 3539/3539
f 3539/3539 3519/3519 3521/3521
f 3539/3539 3521/3521 3540/3540
f 3540/3540 3521/3521 3522/3522
f 3540/3540 3522/3522 3500/3500
f 3540/3540 3500/3500 3541/3541
f 3541/3541 3500/3500 3523/3523
f 3541/3541 3523/3523 3524/3524
f 3507/3507 237/237 3542/3542
f 3542/3542 237/237 288/288
f 565/565 275/275 178/178
f 565/565 178/178 377/377
f 3465/3465 3466/3466 3543/3543
f 3543/3543 3466/3466 3508/3508
f 3476/3476 3477/3477 3544/3544
f 3544/3544 3477/3477 380/380
f 380/380 379/379 3545/3545
f 553/553 3482/3482 554/554
f 3546/3546 3471/3471 3528/3528
f 3547/3547 291/291 383/383
f 3547/3547 383/383 3548/3548
f 3530/3530 3532/3532 3549/3549
f 3550/3550 3530/3530 3549/3549
f 3532/3532 3533/3533 3551/3551
f 3549/3549 3532/3532 3551/3551
f 3551/3551 3533/3533 3552/3552
f 3533/3533 3534/3534 3552/3552
f 3552/3552 3534/3534 3553/3553
f 3553/3553 3534/3534 3554/3554
f 3534/3534 3555/3555 3554/3554
f 3555/3555 3556/3556 3554/3554
f 3554/3554 3556/3556 3557/3557
f 3556/3556 3558/3558 3557/3557
f 3557/3557 3558/3558 3559/3559
f 3559/3559 3558/3558 3560/3560
f 3559/3559 3560/3560 3561/3561
f 3561/3561 3562/3562 3563/3563
f 3562/3562 3564/3564 3565/3565
f 3566/3566 3567/3567 3568/3568
f 3569/3569 3568/3568 3570/3570
f 3570/3570 3571/3571 3572/3572
f 401/401 410/410 414/414
f 421/421 3539/3539 422/422
f 422/422 3539/3539 3573/3573
f 3573/3573 3539/3539 3540/3540
f 3573/3573 3540/3540 3574/3574
f 3574/3574 3540/3540 3541/3541
f 3574/3574 3541/3541 3575/3575
f 3575/3575 3541/3541 3576/3576
f 3576/3576 3541/3541 3524/3524
f 3576/3576 3524/3524 3577/3577
f 3524/3524 3525/3525 3577/3577
f 284/284 272/272 369/369
f 3527/3527 3463/3463 3578/3578
f 3578/3578 3463/3463 3464/3464
f 3464/3464 3465/3465 3579/3579
f 3579/3579 3465/3465 3543/3543
f 425/425 381/381 3478/3478
f 3478/3478 3480/3480 3580/3580
f 3580/3580 3480/3480 553/553
f 3565/3565 3563/3563 3562/3562
f 3552/3552 3553/3553 3581/3581
f 3581/3581 3553/3553 3554/3554
f 3581/3581 3554/3554 3582/3582
f 3582/3582 3554/3554 3557/3557
f 3582/3582 3557/3557 3583/3583
f 3583/3583 3557/3557 3559/3559
f 3583/3583 3559/3559 3584/3584
f 3584/3584 3559/3559 3563/3563
f 3563/3563 3559/3559 3561/3561
f 3566/3566 3568/3568 3569/3569
f 3569/3569 3570/3570 3585/3585
f 3585/3585 3570/3570 3572/3572
f 3572/3572 3586/3586 3587/3587
f 3587/3587 3586/3586 3588/3588
f 3587/3587 3588/3588 3589/3589
f 3589/3589 3588/3588 3590/3590
f 3589/3589 3590/3590 3591/3591
f 3591/3591 3592/3592 3593/3593
f 3593/3593 3592/3592 3594/3594
f 3594/3594 3592/3592 3595/3595
f 535/535 371/371 565/565
f 278/278 3475/3475 644/644
f 644/644 3475/3475 3527/3527
f 644/644 3527/3527 3578/3578
f 3578/3578 3464/3464 3596/3596
f 3596/3596 3464/3464 3579/3579
f 3546/3546 3528/3528 598/598
f 598/598 3528/3528 291/291
f 598/598 291/291 3597/3597
f 3597/3597 291/291 3547/3547
f 3547/3547 3548/3548 3598/3598
f 3599/3599 3550/3550 3549/3549
f 3599/3599 3549/3549 3551/3551
f 3598/3598 3548/3548 3600/3600
f 3599/3599 3551/3551 3601/3601
f 3601/3601 3551/3551 3552/3552
f 3601/3601 3552/3552 3581/3581
f 3601/3601 3581/3581 3602/3602
f 3602/3602 3581/3581 3603/3603
f 3603/3603 3581/3581 3582/3582
f 3582/3582 3583/3583 3603/3603
f 3584/3584 3563/3563 3604/3604
f 3604/3604 3563/3563 3565/3565
f 3566/3566 3569/3569 3605/3605
f 3606/3606 3566/3566 3605/3605
f 3585/3585 3572/3572 3607/3607
f 3607/3607 3572/3572 3587/3587
f 3587/3587 3589/3589 3607/3607
f 3607/3607 3589/3589 3608/3608
f 3589/3589 3591/3591 3608/3608
f 3594/3594 3595/3595 3609/3609
f 3610/3610 3577/3577 3525/3525
f 3610/3610 3525/3525 3611/3611
f 3526/3526 3507/3507 3542/3542
f 547/547 284/284 369/369
f 547/547 369/369 424/424
f 3612/3612 3578/3578 3596/3596
f 3544/3544 380/380 3545/3545
f 425/425 3478/3478 3613/3613
f 3613/3613 3478/3478 3580/3580
f 3580/3580 553/553 555/555
f 555/555 554/554 3614/3614
f 600/600 3546/3546 598/598
f 3597/3597 3547/3547 3598/3598
f 3598/3598 3600/3600 3615/3615
f 3616/3616 3599/3599 3617/3617
f 3599/3599 3601/3601 3618/3618
f 3617/3617 3599/3599 3618/3618
f 3618/3618 3601/3601 3602/3602
f 3618/3618 3602/3602 3619/3619
f 3602/3602 3603/3603 3619/3619
f 3619/3619 3603/3603 3620/3620
f 3620/3620 3603/3603 3583/3583
f 3620/3620 3583/3583 3621/3621
f 3621/3621 3583/3583 3584/3584
f 3621/3621 3584/3584 3622/3622
f 3584/3584 3604/3604 3622/3622
f 3622/3622 3604/3604 3565/3565
f 3622/3622 3565/3565 3623/3623
f 3605/3605 3569/3569 3624/3624
f 3624/3624 3569/3569 3585/3585
f 3624/3624 3585/3585 3625/3625
f 3585/3585 3607/3607 3626/3626
f 3625/3625 3585/3585 3626/3626
f 3626/3626 3607/3607 3627/3627
f 3627/3627 3607/3607 3628/3628
f 3607/3607 3608/3608 3628/3628
f 3608/3608 3591/3591 3629/3629
f 3629/3629 3591/3591 3593/3593
f 3629/3629 3593/3593 3630/3630
f 3593/3593 3594/3594 3630/3630
f 3611/3611 3525/3525 3526/3526
f 3611/3611 3526/3526 3542/3542
f 3542/3542 288/288 562/562
f 535/535 565/565 564/564
f 565/565 377/377 563/563
f 566/566 276/276 376/376
f 566/566 376/376 568/568
f 643/643 278/278 644/644
f 644/644 3578/3578 3631/3631
f 3631/3631 3578/3578 3612/3612
f 3508/3508 3476/3476 3632/3632
f 3632/3632 3476/3476 3544/3544
f 3544/3544 3545/3545 697/697
f 697/697 3545/3545 3633/3633
f 3597/3597 3598/3598 3615/3615
f 3634/3634 3635/3635 3636/3636
f 3634/3634 3636/3636 3637/3637
f 3637/3637 3636/3636 3638/3638
f 3638/3638 3636/3636 3639/3639
f 3638/3638 3639/3639 3640/3640
f 3640/3640 3639/3639 3641/3641
f 3640/3640 3641/3641 3642/3642
f 3641/3641 3643/3643 3642/3642
f 3642/3642 3643/3643 3644/3644
f 3644/3644 3643/3643 3645/3645
f 3644/3644 3645/3645 3646/3646
f 3646/3646 3645/3645 3647/3647
f 3647/3647 3645/3645 3648/3648
f 3647/3647 3648/3648 3649/3649
f 3649/3649 3648/3648 3650/3650
f 3649/3649 3650/3650 3651/3651
f 3642/3642 3644/3644 3652/3652
f 3653/3653 3649/3649 3651/3651
f 3637/3637 3638/3638 3654/3654
f 3655/3655 3640/3640 3642/3642
f 3655/3655 3642/3642 3652/3652
f 3652/3652 3644/3644 3646/3646
f 3652/3652 3646/3646 3656/3656
f 3656/3656 3646/3646 3647/3647
f 3656/3656 3647/3647 3653/3653
f 3653/3653 3647/3647 3649/3649
f 3651/3651 3650/3650 3657/3657
f 3634/3634 3637/3637 3658/3658
f 3659/3659 3634/3634 3658/3658
f 3660/3660 3661/3661 3662/3662
f 3658/3658 3637/3637 3654/3654
f 3654/3654 3638/3638 3663/3663
f 3638/3638 3640/3640 3663/3663
f 3663/3663 3640/3640 3664/3664
f 3664/3664 3640/3640 3655/3655
f 3665/3665 3653/3653 3666/3666
f 3653/3653 3651/3651 3667/3667
f 3667/3667 3651/3651 3657/3657
f 3668/3668 3652/3652 3669/3669
f 3669/3669 3652/3652 3656/3656
f 3656/3656 3653/3653 3665/3665
f 3653/3653 3667/3667 3666/3666
f 3654/3654 3663/3663 3670/3670
f 3664/3664 3655/3655 3671/3671
f 3655/3655 3652/3652 3671/3671
f 3671/3671 3652/3652 3668/3668
f 3669/3669 3656/3656 3665/3665
f 3667/3667 3657/3657 3672/3672
f 3670/3670 3663/3663 3673/3673
f 3673/3673 3663/3663 3664/3664
f 3664/3664 3671/3671 3674/3674
f 3673/3673 3664/3664 3674/3674
f 3671/3671 3668/3668 3674/3674
f 3674/3674 3668/3668 3675/3675
f 3675/3675 3668/3668 3669/3669
f 3669/3669 3665/3665 3675/3675
f 3675/3675 3665/3665 3676/3676
f 3676/3676 3665/3665 3677/3677
f 3677/3677 3665/3665 3666/3666
f 3659/3659 3658/3658 3678/3678
f 3661/3661 3679/3679 3680/3680
f 3678/3678 3658/3658 3654/3654
f 3678/3678 3654/3654 3670/3670
f 3678/3678 3670/3670 3681/3681
f 571/571 570/570 3682/3682
f 3670/3670 3673/3673 3681/3681
f 3681/3681 3673/3673 3683/3683
f 570/570 3684/3684 3682/3682
f 3682/3682 3684/3684 3685/3685
f 3683/3683 3673/3673 3674/3674
f 3683/3683 3674/3674 3686/3686
f 3685/3685 3684/3684 3687/3687
f 3685/3685 3687/3687 3688/3688
f 3686/3686 3674/3674 3689/3689
f 3688/3688 3687/3687 3690/3690
f 3688/3688 3690/3690 3691/3691
f 3689/3689 3674/3674 3675/3675
f 3691/3691 3690/3690 3692/3692
f 3689/3689 3675/3675 3693/3693
f 3692/3692 3690/3690 3694/3694
f 3693/3693 3675/3675 3676/3676
f 3692/3692 3694/3694 3695/3695
f 3676/3676 3677/3677 3693/3693
f 3693/3693 3677/3677 3696/3696
f 3694/3694 3697/3697 3695/3695
f 3696/3696 3677/3677 3698/3698
f 3698/3698 3677/3677 3666/3666
f 601/601 3699/3699 572/572
f 3678/3678 3681/3681 3700/3700
f 3696/3696 3698/3698 3701/3701
f 3695/3695 3697/3697 602/602
f 3698/3698 3666/3666 3702/3702
f 603/603 3703/3703 605/605
f 3704/3704 3666/3666 3667/3667
f 3705/3705 3702/3702 3666/3666
f 3706/3706 3707/3707 3708/3708
f 3706/3706 3708/3708 3709/3709
f 3709/3709 3708/3708 3710/3710
f 3705/3705 3666/3666 3704/3704
f 3704/3704 3667/3667 3711/3711
f 3711/3711 3667/3667 3672/3672
f 3712/3712 3705/3705 3713/3713
f 3712/3712 3713/3713 3714/3714
f 3713/3713 3705/3705 3704/3704
f 3715/3715 573/573 3716/3716
f 3716/3716 573/573 576/576
f 3716/3716 576/576 3717/3717
f 3717/3717 576/576 3718/3718
f 576/576 3719/3719 3718/3718
f 3718/3718 3719/3719 3720/3720
f 3719/3719 3721/3721 3720/3720
f 3714/3714 3713/3713 3722/3722
f 3711/3711 3672/3672 3723/3723
f 3724/3724 3715/3715 3725/3725
f 3725/3725 3715/3715 3716/3716
f 3725/3725 3716/3716 3726/3726
f 3726/3726 3716/3716 3717/3717
f 3717/3717 3718/3718 3727/3727
f 3727/3727 3718/3718 3720/3720
f 3721/3721 3728/3728 3729/3729
f 3730/3730 3713/3713 3704/3704
f 3704/3704 3711/3711 3731/3731
f 3731/3731 3711/3711 3723/3723
f 3732/3732 3724/3724 3733/3733
f 3733/3733 3724/3724 3725/3725
f 3726/3726 3717/3717 3734/3734
f 3734/3734 3717/3717 3727/3727
f 3727/3727 3720/3720 3729/3729
f 3720/3720 3721/3721 3729/3729
f 3730/3730 3704/3704 3731/3731
f 3733/3733 3725/3725 3735/3735
f 3735/3735 3725/3725 3726/3726
f 3735/3735 3726/3726 3736/3736
f 3736/3736 3726/3726 3734/3734
f 3737/3737 3734/3734 3727/3727
f 3737/3737 3727/3727 3738/3738
f 3727/3727 3729/3729 3738/3738
f 3738/3738 3729/3729 3739/3739
f 3729/3729 3728/3728 3739/3739
f 3733/3733 3735/3735 3740/3740
f 3740/3740 3735/3735 3741/3741
f 3741/3741 3735/3735 3736/3736
f 3736/3736 3734/3734 3742/3742
f 3736/3736 3742/3742 3741/3741
f 3742/3742 3734/3734 3737/3737
f 3742/3742 3737/3737 3743/3743
f 3743/3743 3737/3737 3744/3744
f 3737/3737 3738/3738 3744/3744
f 3738/3738 3739/3739 3745/3745
f 3746/3746 3731/3731 3723/3723
f 3747/3747 3625/3625 3626/3626
f 3730/3730 3731/3731 3746/3746
f 3747/3747 3626/3626 3748/3748
f 3748/3748 3626/3626 3627/3627
f 3628/3628 3608/3608 3629/3629
f 3630/3630 3594/3594 3749/3749
f 3749/3749 3594/3594 3609/3609
f 3750/3750 3610/3610 3611/3611
f 697/697 3633/3633 700/700
f 3751/3751 425/425 3613/3613
f 3580/3580 555/555 3752/3752
f 555/555 3614/3614 3753/3753
f 3754/3754 3660/3660 3662/3662
f 3662/3662 3661/3661 3680/3680
f 601/601 571/571 3682/3682
f 3682/3682 3685/3685 3755/3755
f 3685/3685 3688/3688 3756/3756
f 3755/3755 3685/3685 3756/3756
f 3756/3756 3688/3688 3757/3757
f 3688/3688 3691/3691 3757/3757
f 3757/3757 3691/3691 3758/3758
f 3691/3691 3692/3692 3758/3758
f 3758/3758 3692/3692 3759/3759
f 3759/3759 3692/3692 3695/3695
f 3695/3695 602/602 3760/3760
f 3760/3760 602/602 604/604
f 3761/3761 3699/3699 647/647
f 647/647 3699/3699 601/601
f 3762/3762 3706/3706 3763/3763
f 3763/3763 3706/3706 3709/3709
f 3709/3709 3710/3710 3764/3764
f 3764/3764 3710/3710 3765/3765
f 3766/3766 3767/3767 3768/3768
f 3768/3768 3767/3767 574/574
f 574/574 3767/3767 3769/3769
f 574/574 3769/3769 575/575
f 610/610 611/611 613/613
f 3710/3710 3770/3770 3771/3771
f 3765/3765 3710/3710 3771/3771
f 3766/3766 3768/3768 3715/3715
f 3772/3772 3766/3766 3715/3715
f 3773/3773 3774/3774 3775/3775
f 3715/3715 3768/3768 574/574
f 3715/3715 574/574 573/573
f 3721/3721 3776/3776 3728/3728
f 3776/3776 3777/3777 3728/3728
f 3728/3728 3777/3777 3778/3778
f 3778/3778 3777/3777 3779/3779
f 3780/3780 3781/3781 3782/3782
f 3782/3782 3781/3781 3783/3783
f 3783/3783 3781/3781 3714/3714
f 3783/3783 3714/3714 3722/3722
f 3772/3772 3715/3715 3724/3724
f 3784/3784 3778/3778 3785/3785
f 3785/3785 3778/3778 3779/3779
f 3786/3786 3780/3780 3782/3782
f 3787/3787 3775/3775 3788/3788
f 3789/3789 3724/3724 3732/3732
f 3773/3773 3775/3775 3787/3787
f 3728/3728 3778/3778 3790/3790
f 3739/3739 3728/3728 3790/3790
f 3790/3790 3778/3778 3784/3784
f 3785/3785 3779/3779 3780/3780
f 3785/3785 3780/3780 3791/3791
f 3791/3791 3780/3780 3786/3786
f 3782/3782 3783/3783 3792/3792
f 3792/3792 3783/3783 3722/3722
f 3722/3722 3713/3713 3730/3730
f 3773/3773 3787/3787 3793/3793
f 3786/3786 3782/3782 3792/3792
f 3792/3792 3722/3722 3794/3794
f 3794/3794 3722/3722 3730/3730
f 3789/3789 3732/3732 3795/3795
f 3795/3795 3732/3732 3733/3733
f 3790/3790 3784/3784 3796/3796
f 3796/3796 3784/3784 3785/3785
f 3794/3794 3730/3730 3746/3746
f 3795/3795 3733/3733 3797/3797
f 3797/3797 3733/3733 3740/3740
f 3744/3744 3738/3738 3745/3745
f 3745/3745 3739/3739 3790/3790
f 3792/3792 3794/3794 3798/3798
f 3794/3794 3746/3746 3798/3798
f 3797/3797 3740/3740 3741/3741
f 3742/3742 3743/3743 3799/3799
f 3799/3799 3743/3743 3744/3744
f 3800/3800 3745/3745 3801/3801
f 3745/3745 3790/3790 3801/3801
f 3801/3801 3790/3790 3796/3796
f 3798/3798 3746/3746 3802/3802
f 3803/3803 3789/3789 3795/3795
f 3793/3793 3787/3787 3804/3804
f 3795/3795 3797/3797 3803/3803
f 3797/3797 3741/3741 3805/3805
f 3741/3741 3742/3742 3805/3805
f 3744/3744 3745/3745 3799/3799
f 3799/3799 3745/3745 3800/3800
f 3806/3806 3801/3801 3796/3796
f 3796/3796 3785/3785 3791/3791
f 3807/3807 3796/3796 3791/3791
f 3792/3792 3798/3798 3808/3808
f 3808/3808 3798/3798 3802/3802
f 3808/3808 3802/3802 3809/3809
f 3793/3793 3804/3804 3810/3810
f 3803/3803 3797/3797 3811/3811
f 3805/3805 3742/3742 3812/3812
f 3742/3742 3799/3799 3812/3812
f 3800/3800 3801/3801 3806/3806
f 3813/3813 3748/3748 3627/3627
f 3814/3814 3803/3803 3811/3811
f 3797/3797 3805/3805 3811/3811
f 3815/3815 3805/3805 3812/3812
f 3812/3812 3799/3799 3806/3806
f 3799/3799 3800/3800 3806/3806
f 3811/3811 3805/3805 3815/3815
f 3813/3813 3627/3627 3816/3816
f 3816/3816 3627/3627 3628/3628
f 3816/3816 3628/3628 3629/3629
f 3816/3816 3629/3629 3817/3817
f 3817/3817 3629/3629 3818/3818
f 3629/3629 3630/3630 3818/3818
f 3818/3818 3630/3630 3819/3819
f 3819/3819 3630/3630 3749/3749
f 636/636 534/534 547/547
f 636/636 547/547 638/638
f 637/637 547/547 424/424
f 637/637 424/424 670/670
f 641/641 535/535 564/564
f 3632/3632 3544/3544 696/696
f 696/696 3544/3544 697/697
f 3751/3751 3613/3613 3820/3820
f 3820/3820 3613/3613 3580/3580
f 3820/3820 3580/3580 3752/3752
f 3752/3752 555/555 3753/3753
f 3821/3821 600/600 3822/3822
f 3822/3822 600/600 599/599
f 598/598 3597/3597 645/645
f 645/645 3597/3597 3615/3615
f 645/645 3615/3615 3823/3823
f 3615/3615 3660/3660 3823/3823
f 3823/3823 3660/3660 3754/3754
f 3824/3824 3682/3682 3755/3755
f 3755/3755 3756/3756 3825/3825
f 3826/3826 3759/3759 3695/3695
f 727/727 3761/3761 647/647
f 3763/3763 3709/3709 3827/3827
f 3827/3827 3709/3709 3764/3764
f 3828/3828 3774/3774 3773/3773
f 3765/3765 3771/3771 3829/3829
f 3773/3773 3793/3793 3830/3830
f 3791/3791 3786/3786 3831/3831
f 3793/3793 3810/3810 3830/3830
f 3832/3832 3791/3791 3831/3831
f 3831/3831 3786/3786 3792/3792
f 3831/3831 3792/3792 3833/3833
f 3834/3834 3803/3803 3814/3814
f 3807/3807 3791/3791 3832/3832
f 3833/3833 3792/3792 3808/3808
f 3833/3833 3808/3808 3809/3809
f 3833/3833 3809/3809 3835/3835
f 3807/3807 3806/3806 3796/3796
f 3831/3831 3833/3833 3836/3836
f 3837/3837 3834/3834 3814/3814
f 3810/3810 659/659 658/658
f 3830/3830 3810/3810 658/658
f 3814/3814 3811/3811 3838/3838
f 3838/3838 3811/3811 3815/3815
f 3815/3815 3812/3812 3839/3839
f 3839/3839 3812/3812 3840/3840
f 3840/3840 3812/3812 3806/3806
f 3840/3840 3806/3806 3841/3841
f 3841/3841 3806/3806 3807/3807
f 3837/3837 3814/3814 3842/3842
f 3842/3842 3814/3814 3838/3838
f 3843/3843 3832/3832 3831/3831
f 657/657 659/659 3844/3844
f 3845/3845 3837/3837 3842/3842
f 3815/3815 3839/3839 3846/3846
f 3839/3839 3840/3840 3847/3847
f 3843/3843 3831/3831 3836/3836
f 3836/3836 3833/3833 3835/3835
f 3845/3845 3842/3842 3848/3848
f 3838/3838 3815/3815 3846/3846
f 3849/3849 3841/3841 3807/3807
f 3842/3842 3838/3838 3848/3848
f 3839/3839 3847/3847 3850/3850
f 3851/3851 3839/3839 3850/3850
f 3852/3852 3847/3847 3840/3840
f 3853/3853 3832/3832 3843/3843
f 3835/3835 3809/3809 3854/3854
f 3848/3848 3838/3838 3855/3855
f 3855/3855 3838/3838 3846/3846
f 3852/3852 3840/3840 3841/3841
f 3852/3852 3841/3841 3849/3849
f 710/710 657/657 3844/3844
f 3846/3846 3839/3839 3851/3851
f 3849/3849 3807/3807 3853/3853
f 3807/3807 3832/3832 3853/3853
f 3836/3836 3835/3835 3856/3856
f 3856/3856 3835/3835 3854/3854
f 3857/3857 3845/3845 3858/3858
f 3858/3858 3845/3845 3848/3848
f 3847/3847 3852/3852 3859/3859
f 3849/3849 3853/3853 3860/3860
f 3853/3853 3843/3843 3861/3861
f 3855/3855 3846/3846 3851/3851
f 3843/3843 3836/3836 3856/3856
f 3862/3862 3848/3848 3855/3855
f 3850/3850 3847/3847 3859/3859
f 3852/3852 3849/3849 3860/3860
f 3860/3860 3853/3853 3863/3863
f 3858/3858 3848/3848 3862/3862
f 3864/3864 3855/3855 3851/3851
f 3863/3863 3853/3853 3861/3861
f 3862/3862 3855/3855 3865/3865
f 3865/3865 3855/3855 3864/3864
f 3866/3866 3859/3859 3852/3852
f 3867/3867 3860/3860 3863/3863
f 3861/3861 3843/3843 3868/3868
f 3869/3869 3865/3865 3864/3864
f 3866/3866 3852/3852 3870/3870
f 3870/3870 3852/3852 3860/3860
f 3866/3866 3850/3850 3859/3859
f 3871/3871 3863/3863 3861/3861
f 3868/3868 3843/3843 3856/3856
f 3864/3864 3851/3851 3869/3869
f 3870/3870 3860/3860 3867/3867
f 3867/3867 3863/3863 3871/3871
f 3872/3872 3861/3861 3868/3868
f 710/710 3873/3873 3874/3874
f 3869/3869 3851/3851 3875/3875
f 3851/3851 3850/3850 3876/3876
f 3876/3876 3850/3850 3866/3866
f 3871/3871 3861/3861 3872/3872
f 3875/3875 3851/3851 3876/3876
f 3858/3858 3862/3862 3877/3877
f 3878/3878 3856/3856 3854/3854
f 3877/3877 3862/3862 3865/3865
f 3879/3879 3865/3865 3869/3869
f 3866/3866 3870/3870 3880/3880
f 3881/3881 3870/3870 3867/3867
f 3881/3881 3867/3867 3871/3871
f 3882/3882 3858/3858 3877/3877
f 3873/3873 3883/3883 3874/3874
f 3868/3868 3856/3856 3878/3878
f 3869/3869 3875/3875 3884/3884
f 3877/3877 3865/3865 3879/3879
f 3885/3885 3869/3869 3884/3884
f 3875/3875 3876/3876 3886/3886
f 3881/3881 3880/3880 3870/3870
f 3881/3881 3871/3871 3887/3887
f 3874/3874 3883/3883 3888/3888
f 3879/3879 3869/3869 3885/3885
f 3887/3887 3871/3871 3872/3872
f 3872/3872 3868/3868 3878/3878
f 3889/3889 3877/3877 3879/3879
f 3882/3882 3877/3877 3889/3889
f 3884/3884 3875/3875 3886/3886
f 3886/3886 3876/3876 3866/3866
f 3866/3866 3880/3880 3890/3890
f 3891/3891 3872/3872 3878/3878
f 3880/3880 3881/3881 3892/3892
f 3878/3878 3854/3854 3893/3893
f 3894/3894 3889/3889 3879/3879
f 3886/3886 3866/3866 3890/3890
f 3881/3881 3887/3887 3895/3895
f 3891/3891 3887/3887 3872/3872
f 3891/3891 3878/3878 3896/3896
f 3896/3896 3878/3878 3893/3893
f 3897/3897 3882/3882 3889/3889
f 3883/3883 3898/3898 3888/3888
f 3888/3888 3898/3898 3899/3899
f 3885/3885 3884/3884 3900/3900
f 3900/3900 3884/3884 3886/3886
f 3901/3901 3880/3880 3892/3892
f 3879/3879 3885/3885 3894/3894
f 3902/3902 3886/3886 3890/3890
f 3890/3890 3880/3880 3901/3901
f 3892/3892 3881/3881 3895/3895
f 3895/3895 3887/3887 3891/3891
f 3903/3903 3892/3892 3895/3895
f 3895/3895 3891/3891 3904/3904
f 3897/3897 3889/3889 3894/3894
f 3900/3900 3886/3886 3902/3902
f 3899/3899 3898/3898 3905/3905
f 3885/3885 3900/3900 3906/3906
f 3897/3897 3907/3907 3908/3908
f 3894/3894 3885/3885 3906/3906
f 3902/3902 3890/3890 3909/3909
f 3910/3910 3890/3890 3901/3901
f 3891/3891 3896/3896 3911/3911
f 3911/3911 3896/3896 3893/3893
f 3911/3911 3893/3893 3912/3912
f 3906/3906 3900/3900 3902/3902
f 3904/3904 3891/3891 3913/3913
f 3913/3913 3891/3891 3911/3911
f 3897/3897 3894/3894 3914/3914
f 3915/3915 3894/3894 3906/3906
f 3911/3911 3912/3912 3916/3916
f 3915/3915 3906/3906 3917/3917
f 3918/3918 3906/3906 3902/3902
f 3918/3918 3902/3902 3909/3909
f 3910/3910 3901/3901 3919/3919
f 3901/3901 3892/3892 3919/3919
f 3892/3892 3903/3903 3919/3919
f 3907/3907 3897/3897 3914/3914
f 3909/3909 3890/3890 3910/3910
f 3903/3903 3895/3895 3904/3904
f 3913/3913 3911/3911 3920/3920
f 3921/3921 3914/3914 3894/3894
f 3922/3922 3907/3907 3914/3914
f 3917/3917 3906/3906 3923/3923
f 3918/3918 3909/3909 3924/3924
f 3903/3903 3904/3904 3925/3925
f 3926/3926 3904/3904 3913/3913
f 3907/3907 3922/3922 3927/3927
f 3908/3908 3907/3907 3927/3927
f 3894/3894 3915/3915 3921/3921
f 3928/3928 3919/3919 3903/3903
f 3925/3925 3904/3904 3926/3926
f 3914/3914 3921/3921 3929/3929
f 3915/3915 3917/3917 3923/3923
f 3923/3923 3906/3906 3918/3918
f 3903/3903 3925/3925 3928/3928
f 3922/3922 3914/3914 3929/3929
f 3918/3918 3924/3924 3923/3923
f 3910/3910 3919/3919 3928/3928
f 3930/3930 3818/3818 3819/3819
f 3921/3921 3915/3915 3931/3931
f 3931/3931 3915/3915 3923/3923
f 3924/3924 3909/3909 3932/3932
f 3932/3932 3909/3909 3910/3910
f 3933/3933 3923/3923 3924/3924
f 3932/3932 3910/3910 3928/3928
f 3934/3934 3929/3929 3921/3921
f 3935/3935 3936/3936 3937/3937
f 3937/3937 3936/3936 3938/3938
f 3938/3938 3936/3936 3934/3934
f 588/588 661/661 589/589
f 660/660 588/588 587/587
f 589/589 661/661 632/632
f 3579/3579 3543/3543 3939/3939
f 3939/3939 3543/3543 3508/3508
f 701/701 645/645 3823/3823
f 3940/3940 3662/3662 3941/3941
f 3941/3941 3662/3662 3680/3680
f 3942/3942 601/601 3682/3682
f 3942/3942 3682/3682 3824/3824
f 3824/3824 3755/3755 3825/3825
f 3756/3756 3757/3757 3825/3825
f 3825/3825 3757/3757 3758/3758
f 3758/3758 3759/3759 3826/3826
f 3826/3826 3695/3695 3943/3943
f 3943/3943 3695/3695 3944/3944
f 3944/3944 3695/3695 3760/3760
f 3944/3944 3760/3760 604/604
f 3944/3944 604/604 3945/3945
f 3762/3762 3763/3763 3946/3946
f 3947/3947 3762/3762 3946/3946
f 3946/3946 3763/3763 3827/3827
f 3827/3827 3764/3764 3765/3765
f 3828/3828 3773/3773 3948/3948
f 3948/3948 3773/3773 3949/3949
f 3950/3950 3773/3773 3830/3830
f 3950/3950 3830/3830 3951/3951
f 658/658 657/657 710/710
f 712/712 710/710 3874/3874
f 3952/3952 712/712 3874/3874
f 3952/3952 3874/3874 3888/3888
f 3952/3952 3888/3888 3899/3899
f 3953/3953 3952/3952 3899/3899
f 3953/3953 3899/3899 3905/3905
f 3952/3952 3953/3953 3954/3954
f 3954/3954 3953/3953 715/715
f 3920/3920 3911/3911 3916/3916
f 3953/3953 3905/3905 3955/3955
f 3956/3956 3953/3953 3955/3955
f 715/715 3953/3953 3956/3956
f 3957/3957 3913/3913 3920/3920
f 3926/3926 3913/3913 3957/3957
f 3920/3920 3916/3916 3958/3958
f 3957/3957 3920/3920 3958/3958
f 713/713 3956/3956 3955/3955
f 715/715 3956/3956 713/713
f 3927/3927 3922/3922 3959/3959
f 3925/3925 3926/3926 3960/3960
f 713/713 3955/3955 3961/3961
f 713/713 3961/3961 714/714
f 3962/3962 3927/3927 3959/3959
f 3959/3959 3922/3922 3929/3929
f 3963/3963 3962/3962 3959/3959
f 3963/3963 3959/3959 3964/3964
f 3961/3961 3965/3965 3966/3966
f 714/714 3961/3961 3966/3966
f 3964/3964 3959/3959 3929/3929
f 3928/3928 3925/3925 3960/3960
f 3967/3967 3963/3963 3936/3936
f 3935/3935 3967/3967 3936/3936
f 678/678 683/683 682/682
f 3936/3936 3963/3963 3964/3964
f 3964/3964 3929/3929 3934/3934
f 3931/3931 3923/3923 3968/3968
f 3960/3960 3969/3969 3928/3928
f 3926/3926 3957/3957 3960/3960
f 3970/3970 3935/3935 3937/3937
f 3971/3971 3972/3972 3973/3973
f 3934/3934 3936/3936 3964/3964
f 3924/3924 3932/3932 3974/3974
f 3933/3933 3924/3924 3974/3974
f 3975/3975 3932/3932 3928/3928
f 3975/3975 3928/3928 3969/3969
f 3969/3969 3960/3960 3976/3976
f 3960/3960 3957/3957 3977/3977
f 3977/3977 3957/3957 3958/3958
f 3978/3978 3970/3970 3937/3937
f 3978/3978 3937/3937 3938/3938
f 3972/3972 687/687 686/686
f 3973/3973 3972/3972 686/686
f 3979/3979 3934/3934 3921/3921
f 3979/3979 3921/3921 3931/3931
f 3968/3968 3923/3923 3933/3933
f 3932/3932 3975/3975 3974/3974
f 3976/3976 3960/3960 3980/3980
f 3980/3980 3960/3960 3977/3977
f 685/685 687/687 3981/3981
f 3982/3982 3978/3978 3938/3938
f 3982/3982 3938/3938 3983/3983
f 3938/3938 3934/3934 3983/3983
f 3983/3983 3934/3934 3979/3979
f 3979/3979 3931/3931 3984/3984
f 3984/3984 3931/3931 3968/3968
f 3977/3977 3958/3958 3985/3985
f 3986/3986 685/685 3981/3981
f 3986/3986 3981/3981 3987/3987
f 3988/3988 3982/3982 3983/3983
f 3988/3988 3983/3983 662/662
f 662/662 3983/3983 663/663
f 663/663 3983/3983 3979/3979
f 663/663 3979/3979 3984/3984
f 3975/3975 3969/3969 3976/3976
f 3986/3986 3987/3987 3750/3750
f 663/663 3984/3984 664/664
f 664/664 3984/3984 3989/3989
f 3989/3989 3984/3984 3968/3968
f 3989/3989 3968/3968 3933/3933
f 3989/3989 3933/3933 3990/3990
f 3990/3990 3933/3933 3974/3974
f 3990/3990 3974/3974 3991/3991
f 3991/3991 3974/3974 3975/3975
f 3975/3975 3976/3976 3991/3991
f 3991/3991 3976/3976 3992/3992
f 3992/3992 3976/3976 3980/3980
f 3992/3992 3980/3980 3993/3993
f 3993/3993 3980/3980 3977/3977
f 3993/3993 3977/3977 3985/3985
f 3986/3986 3750/3750 3611/3611
f 691/691 563/563 566/566
f 3631/3631 3612/3612 3994/3994
f 3612/3612 3596/3596 3995/3995
f 3995/3995 3596/3596 3579/3579
f 3939/3939 3508/3508 3632/3632
f 697/697 700/700 698/698
f 3820/3820 3752/3752 3996/3996
f 3941/3941 3680/3680 3997/3997
f 646/646 601/601 3942/3942
f 3827/3827 3765/3765 3998/3998
f 3998/3998 3765/3765 3829/3829
f 3949/3949 3773/3773 3950/3950
f 3951/3951 3830/3830 709/709
f 709/709 3830/3830 658/658
f 3999/3999 712/712 3952/3952
f 3999/3999 3952/3952 3954/3954
f 3954/3954 715/715 4000/4000
f 4001/4001 714/714 3966/3966
f 4001/4001 3966/3966 4002/4002
f 4002/4002 3966/3966 4003/4003
f 686/686 685/685 4004/4004
f 4004/4004 685/685 3986/3986
f 3542/3542 562/562 4005/4005
f 4005/4005 562/562 672/672
f 4005/4005 672/672 724/724
f 691/691 566/566 725/725
f 3995/3995 3579/3579 4006/4006
f 4006/4006 3579/3579 3939/3939
f 3632/3632 696/696 4007/4007
f 4007/4007 696/696 698/698
f 698/698 699/699 4008/4008
f 4008/4008 699/699 4009/4009
f 3754/3754 3662/3662 3940/3940
f 3824/3824 3825/3825 4010/4010
f 4010/4010 3825/3825 4011/4011
f 3825/3825 3758/3758 4011/4011
f 4012/4012 3758/3758 3826/3826
f 4013/4013 3946/3946 3827/3827
f 3998/3998 3829/3829 4014/4014
f 711/711 712/712 3999/3999
f 790/790 3999/3999 3954/3954
f 790/790 3954/3954 4000/4000
f 4000/4000 715/715 4015/4015
f 4016/4016 715/715 4017/4017
f 4017/4017 715/715 714/714
f 4017/4017 714/714 4001/4001
f 4001/4001 4002/4002 4018/4018
f 716/716 730/730 732/732
f 716/716 732/732 717/717
f 730/730 716/716 733/733
f 3971/3971 3973/3973 4019/4019
f 4019/4019 3973/3973 686/686
f 4019/4019 686/686 4004/4004
f 3611/3611 3542/3542 4005/4005
f 734/734 637/637 670/670
f 734/734 670/670 735/735
f 740/740 694/694 693/693
f 644/644 3631/3631 4020/4020
f 4020/4020 3631/3631 3994/3994
f 3994/3994 3612/3612 4021/4021
f 4021/4021 3612/3612 3995/3995
f 3939/3939 3632/3632 4022/4022
f 4022/4022 3632/3632 4007/4007
f 4007/4007 698/698 4008/4008
f 4023/4023 3821/3821 3822/3822
f 599/599 701/701 4024/4024
f 701/701 3823/3823 4024/4024
f 4011/4011 3758/3758 4012/4012
f 4013/4013 3827/3827 4025/4025
f 4025/4025 3827/3827 3998/3998
f 3951/3951 709/709 4026/4026
f 838/838 4000/4000 4015/4015
f 4015/4015 715/715 4016/4016
f 4001/4001 4018/4018 4027/4027
f 770/770 731/731 749/749
f 4028/4028 3971/3971 4019/4019
f 4004/4004 3986/3986 4029/4029
f 4029/4029 3986/3986 3611/3611
f 4029/4029 3611/3611 4005/4005
f 751/751 720/720 754/754
f 753/753 691/691 725/725
f 642/642 644/644 824/824
f 824/824 644/644 4020/4020
f 4023/4023 3822/3822 4030/4030
f 4030/4030 3822/3822 599/599
f 4024/4024 3823/3823 4031/4031
f 4031/4031 3823/3823 3754/3754
f 646/646 3942/3942 4032/4032
f 4032/4032 3942/3942 4033/4033
f 4034/4034 4012/4012 3826/3826
f 3826/3826 3943/3943 4035/4035
f 3947/3947 3946/3946 4036/4036
f 4036/4036 3946/3946 4013/4013
f 4037/4037 3949/3949 3950/3950
f 4026/4026 3950/3950 3951/3951
f 709/709 708/708 4038/4038
f 4039/4039 708/708 711/711
f 711/711 3999/3999 4039/4039
f 4039/4039 3999/3999 4040/4040
f 792/792 3999/3999 790/790
f 791/791 790/790 4000/4000
f 838/838 4015/4015 4016/4016
f 4016/4016 4017/4017 4041/4041
f 4041/4041 4017/4017 4001/4001
f 4041/4041 4001/4001 779/779
f 779/779 4001/4001 4027/4027
f 779/779 4027/4027 780/780
f 747/747 767/767 748/748
f 4042/4042 4028/4028 4043/4043
f 748/748 770/770 749/749
f 4028/4028 4019/4019 4044/4044
f 4043/4043 4028/4028 4044/4044
f 4044/4044 4019/4019 4004/4004
f 724/724 756/756 775/775
f 753/753 725/725 740/740
f 824/824 4020/4020 4045/4045
f 4020/4020 3994/3994 4046/4046
f 4046/4046 3994/3994 4021/4021
f 4021/4021 3995/3995 4006/4006
f 3939/3939 4022/4022 4047/4047
f 4022/4022 4007/4007 4008/4008
f 3752/3752 3753/3753 4048/4048
f 4048/4048 3753/3753 4049/4049
f 4031/4031 3754/3754 4050/4050
f 4050/4050 3754/3754 3940/3940
f 727/727 646/646 4032/4032
f 4033/4033 3942/3942 3824/3824
f 4034/4034 3826/3826 4035/4035
f 4035/4035 3943/3943 3944/3944
f 4035/4035 3944/3944 3945/3945
f 4051/4051 3948/3948 3949/3949
f 4037/4037 3950/3950 4052/4052
f 4026/4026 709/709 4038/4038
f 4039/4039 4038/4038 708/708
f 791/791 4000/4000 838/838
f 4041/4041 779/779 4053/4053
f 4053/4053 779/779 781/781
f 4053/4053 781/781 4054/4054
f 4055/4055 4042/4042 4043/4043
f 4005/4005 724/724 4056/4056
f 4056/4056 724/724 775/775
f 826/826 642/642 824/824
f 4045/4045 4020/4020 4057/4057
f 4057/4057 4020/4020 4046/4046
f 4008/4008 4009/4009 4058/4058
f 3996/3996 3752/3752 4048/4048
f 4030/4030 599/599 4024/4024
f 4059/4059 4033/4033 3824/3824
f 3824/3824 4010/4010 4059/4059
f 4060/4060 4011/4011 4012/4012
f 4035/4035 3945/3945 4061/4061
f 4062/4062 3947/3947 4036/4036
f 4051/4051 3949/3949 4037/4037
f 4063/4063 4040/4040 3999/3999
f 4063/4063 3999/3999 792/792
f 4064/4064 4016/4016 4041/4041
f 4064/4064 4041/4041 4065/4065
f 4065/4065 4041/4041 4053/4053
f 4054/4054 781/781 4066/4066
f 4029/4029 4005/4005 4067/4067
f 795/795 771/771 735/735
f 795/795 735/735 808/808
f 4067/4067 4005/4005 4056/4056
f 808/808 735/735 752/752
f 797/797 754/754 753/753
f 753/753 740/740 800/800
f 4021/4021 4006/4006 4068/4068
f 4068/4068 4006/4006 4069/4069
f 4069/4069 4006/4006 3939/3939
f 4047/4047 4022/4022 4070/4070
f 4022/4022 4008/4008 4071/4071
f 4071/4071 4008/4008 4058/4058
f 4072/4072 3996/3996 4048/4048
f 3941/3941 3997/3997 4073/4073
f 4074/4074 727/727 4032/4032
f 4059/4059 4010/4010 4075/4075
f 4025/4025 3998/3998 4076/4076
f 4052/4052 3950/3950 4026/4026
f 838/838 4016/4016 4077/4077
f 4016/4016 4064/4064 4077/4077
f 4065/4065 4053/4053 4078/4078
f 4078/4078 4053/4053 4054/4054
f 4044/4044 4004/4004 4079/4079
f 797/797 753/753 810/810
f 809/809 753/753 800/800
f 4046/4046 4021/4021 4068/4068
f 4069/4069 3939/3939 4080/4080
f 4080/4080 3939/3939 4047/4047
f 4070/4070 4022/4022 4081/4081
f 4081/4081 4022/4022 4071/4071
f 4082/4082 4072/4072 4083/4083
f 4083/4083 4072/4072 4084/4084
f 4084/4084 4072/4072 4048/4048
f 4048/4048 4049/4049 4085/4085
f 4086/4086 4023/4023 4030/4030
f 4087/4087 4030/4030 4024/4024
f 4032/4032 4033/4033 4088/4088
f 4089/4089 4033/4033 4059/4059
f 4014/4014 4076/4076 3998/3998
f 4064/4064 4065/4065 4090/4090
f 4090/4090 4065/4065 4078/4078
f 4078/4078 4054/4054 4091/4091
f 4091/4091 4054/4054 4066/4066
f 4043/4043 4044/4044 4079/4079
f 4079/4079 4004/4004 4092/4092
f 4092/4092 4004/4004 4029/4029
f 815/815 797/797 810/810
f 776/776 811/811 821/821
f 4093/4093 4068/4068 4069/4069
f 4080/4080 4047/4047 4070/4070
f 4050/4050 3940/3940 4094/4094
f 4095/4095 3940/3940 3941/3941
f 4089/4089 4059/4059 4075/4075
f 4010/4010 4011/4011 4060/4060
f 4038/4038 4039/4039 4040/4040
f 4096/4096 838/838 4077/4077
f 4077/4077 4064/4064 4090/4090
f 4090/4090 4078/4078 4091/4091
f 4091/4091 4066/4066 4097/4097
f 4097/4097 4066/4066 4098/4098
f 795/795 808/808 840/840
f 809/809 800/800 834/834
f 824/824 4045/4045 4099/4099
f 4099/4099 4045/4045 4057/4057
f 4046/4046 4068/4068 4100/4100
f 4100/4100 4068/4068 4093/4093
f 4093/4093 4069/4069 4101/4101
f 4101/4101 4069/4069 4080/4080
f 4084/4084 4048/4048 4102/4102
f 4102/4102 4048/4048 4103/4103
f 4103/4103 4048/4048 4085/4085
f 4104/4104 4012/4012 4034/4034
f 4105/4105 4025/4025 4076/4076
f 4106/4106 4051/4051 4037/4037
f 4038/4038 4040/4040 4107/4107
f 4077/4077 4090/4090 4108/4108
f 4108/4108 4090/4090 4091/4091
f 4055/4055 4043/4043 4109/4109
f 4109/4109 4043/4043 4079/4079
f 939/939 4079/4079 4092/4092
f 4110/4110 4029/4029 4067/4067
f 831/831 805/805 848/848
f 840/840 808/808 844/844
f 4057/4057 4046/4046 4111/4111
f 4111/4111 4046/4046 4100/4100
f 4101/4101 4080/4080 4112/4112
f 4081/4081 4071/4071 4113/4113
f 4087/4087 4024/4024 4114/4114
f 4095/4095 3941/3941 4073/4073
f 4074/4074 4032/4032 4088/4088
f 4115/4115 4088/4088 4033/4033
f 4115/4115 4033/4033 4089/4089
f 4075/4075 4010/4010 4060/4060
f 4116/4116 4026/4026 4038/4038
f 4117/4117 4038/4038 4107/4107
f 792/792 791/791 839/839
f 839/839 838/838 4096/4096
f 847/847 840/840 844/844
f 4056/4056 775/775 852/852
f 4067/4067 4056/4056 852/852
f 849/849 810/810 809/809
f 4099/4099 4057/4057 4111/4111
f 4080/4080 4070/4070 4118/4118
f 4118/4118 4070/4070 4081/4081
f 4118/4118 4081/4081 4119/4119
f 4119/4119 4081/4081 4113/4113
f 4120/4120 4082/4082 4121/4121
f 4121/4121 4082/4082 4083/4083
f 4122/4122 4089/4089 4075/4075
f 4075/4075 4060/4060 4123/4123
f 4060/4060 4012/4012 4104/4104
f 4036/4036 4013/4013 4124/4124
f 4124/4124 4013/4013 4025/4025
f 4124/4124 4025/4025 4105/4105
f 4107/4107 4040/4040 4125/4125
f 4092/4092 4029/4029 4110/4110
f 849/849 809/809 861/861
f 860/860 809/809 834/834
f 860/860 834/834 863/863
f 4126/4126 4111/4111 4100/4100
f 4126/4126 4100/4100 4127/4127
f 4127/4127 4100/4100 4093/4093
f 4112/4112 4080/4080 4118/4118
f 4103/4103 4085/4085 4128/4128
f 4129/4129 4086/4086 4030/4030
f 4114/4114 4024/4024 4031/4031
f 4094/4094 3940/3940 4095/4095
f 4040/4040 4063/4063 4125/4125
f 4096/4096 4077/4077 4130/4130
f 4130/4130 4077/4077 4108/4108
f 4131/4131 4055/4055 4109/4109
f 4109/4109 4079/4079 941/941
f 941/941 4079/4079 939/939
f 847/847 844/844 859/859
f 4132/4132 4067/4067 852/852
f 825/825 824/824 4133/4133
f 4133/4133 824/824 4099/4099
f 4099/4099 4111/4111 4126/4126
f 4127/4127 4093/4093 910/910
f 910/910 4093/4093 4101/4101
f 4121/4121 4083/4083 4134/4134
f 4134/4134 4083/4083 4084/4084
f 4102/4102 4103/4103 4135/4135
f 4135/4135 4103/4103 4136/4136
f 4136/4136 4103/4103 4128/4128
f 4129/4129 4030/4030 4137/4137
f 4137/4137 4030/4030 4087/4087
f 4114/4114 4031/4031 4138/4138
f 4138/4138 4031/4031 4050/4050
f 4139/4139 4088/4088 4115/4115
f 4140/4140 4075/4075 4123/4123
f 4123/4123 4060/4060 4141/4141
f 4104/4104 4034/4034 4035/4035
f 4106/4106 4037/4037 4142/4142
f 4052/4052 4026/4026 4116/4116
f 4116/4116 4038/4038 4117/4117
f 4143/4143 4063/4063 792/792
f 4144/4144 4126/4126 4127/4127
f 4095/4095 4073/4073 4145/4145
f 4074/4074 4088/4088 912/912
f 914/914 4074/4074 912/912
f 912/912 4088/4088 4139/4139
f 4122/4122 4075/4075 4140/4140
f 4104/4104 4035/4035 4146/4146
f 4142/4142 4037/4037 4052/4052
f 4142/4142 4052/4052 4147/4147
f 4148/4148 4107/4107 4125/4125
f 4125/4125 4063/4063 4143/4143
f 4143/4143 792/792 839/839
f 4130/4130 4108/4108 4149/4149
f 4149/4149 4108/4108 4091/4091
f 939/939 4092/4092 4150/4150
f 4150/4150 4092/4092 4110/4110
f 4110/4110 4067/4067 4132/4132
f 847/847 859/859 895/895
f 895/895 859/859 899/899
f 880/880 849/849 861/861
f 4132/4132 852/852 890/890
f 860/860 863/863 872/872
f 4099/4099 4126/4126 4144/4144
f 910/910 4101/4101 911/911
f 911/911 4101/4101 4112/4112
f 4120/4120 4121/4121 922/922
f 922/922 4121/4121 4134/4134
f 4129/4129 4137/4137 4151/4151
f 4137/4137 4087/4087 4152/4152
f 4151/4151 4137/4137 4152/4152
f 4152/4152 4087/4087 4114/4114
f 4139/4139 4115/4115 4089/4089
f 4141/4141 4060/4060 4153/4153
f 4154/4154 4035/4035 4061/4061
f 4147/4147 4052/4052 4116/4116
f 4117/4117 4107/4107 4148/4148
f 894/894 877/877 896/896
f 4144/4144 4127/4127 909/909
f 4155/4155 4144/4144 909/909
f 909/909 4127/4127 910/910
f 911/911 4112/4112 4156/4156
f 4119/4119 4113/4113 4157/4157
f 921/921 4120/4120 922/922
f 4134/4134 4084/4084 4158/4158
f 4158/4158 4084/4084 4102/4102
f 4159/4159 4122/4122 4140/4140
f 4159/4159 4140/4140 4160/4160
f 4146/4146 4035/4035 4154/4154
f 4105/4105 4076/4076 1090/1090
f 4149/4149 4091/4091 4161/4161
f 4161/4161 4091/4091 4097/4097
f 4161/4161 4097/4097 4162/4162
f 4162/4162 4097/4097 4098/4098
f 904/904 880/880 861/861
f 904/904 861/861 906/906
f 860/860 872/872 907/907
f 4163/4163 825/825 4133/4133
f 4133/4133 4099/4099 4164/4164
f 4164/4164 4099/4099 4144/4144
f 4112/4112 4118/4118 4165/4165
f 4165/4165 4118/4118 4119/4119
f 4165/4165 4119/4119 4166/4166
f 4166/4166 4119/4119 4157/4157
f 4158/4158 4102/4102 4135/4135
f 4138/4138 4050/4050 966/966
f 4050/4050 4094/4094 966/966
f 4094/4094 4095/4095 964/964
f 913/913 912/912 4139/4139
f 4089/4089 4122/4122 4139/4139
f 4160/4160 4140/4140 4167/4167
f 4168/4168 4143/4143 839/839
f 4168/4168 839/839 4169/4169
f 4150/4150 4110/4110 4170/4170
f 916/916 860/860 907/907
f 919/919 883/883 874/874
f 4155/4155 909/909 4171/4171
f 4171/4171 909/909 911/911
f 4171/4171 911/911 4156/4156
f 955/955 921/921 924/924
f 923/923 922/922 4134/4134
f 4172/4172 4129/4129 4173/4173
f 4173/4173 4129/4129 4151/4151
f 966/966 4094/4094 964/964
f 964/964 4095/4095 4145/4145
f 4167/4167 4140/4140 4123/4123
f 4060/4060 4104/4104 4174/4174
f 4153/4153 4060/4060 4174/4174
f 964/964 4145/4145 4175/4175
f 4116/4116 4117/4117 4176/4176
f 4177/4177 4125/4125 4143/4143
f 839/839 4096/4096 4130/4130
f 4178/4178 4131/4131 4109/4109
f 4110/4110 4132/4132 4170/4170
f 4132/4132 890/890 4179/4179
f 930/930 904/904 906/906
f 4179/4179 890/890 917/917
f 4164/4164 4144/4144 4180/4180
f 4180/4180 4144/4144 4155/4155
f 4156/4156 4112/4112 4181/4181
f 4181/4181 4112/4112 4165/4165
f 923/923 4134/4134 4182/4182
f 4182/4182 4134/4134 4158/4158
f 4135/4135 4136/4136 4183/4183
f 4184/4184 4172/4172 4173/4173
f 4176/4176 4117/4117 4148/4148
f 4109/4109 941/941 940/940
f 916/916 907/907 978/978
f 978/978 907/907 919/919
f 924/924 923/923 4185/4185
f 4186/4186 4156/4156 4181/4181
f 4182/4182 4158/4158 4187/4187
f 4158/4158 4135/4135 4188/4188
f 4188/4188 4135/4135 4183/4183
f 4152/4152 4114/4114 4138/4138
f 4104/4104 4146/4146 4174/4174
f 4189/4189 4105/4105 1090/1090
f 4169/4169 839/839 4190/4190
f 4190/4190 839/839 4130/4130
f 4162/4162 4098/4098 4191/4191
f 940/940 939/939 4150/4150
f 946/946 895/895 899/899
f 930/930 906/906 916/916
f 978/978 919/919 952/952
f 1047/1047 4163/4163 4133/4133
f 4133/4133 4164/4164 999/999
f 999/999 4164/4164 4180/4180
f 4155/4155 4171/4171 1003/1003
f 1003/1003 4171/4171 4156/4156
f 954/954 924/924 4185/4185
f 4185/4185 923/923 1017/1017
f 1017/1017 923/923 4182/4182
f 4139/4139 4122/4122 4192/4192
f 4167/4167 4123/4123 4193/4193
f 4193/4193 4123/4123 4141/4141
f 4147/4147 4116/4116 4194/4194
f 4190/4190 4130/4130 4195/4195
f 4196/4196 4161/4161 4162/4162
f 930/930 916/916 970/970
f 4179/4179 917/917 962/962
f 4180/4180 4155/4155 4197/4197
f 4197/4197 4155/4155 1003/1003
f 1003/1003 4156/4156 4186/4186
f 4181/4181 4165/4165 1019/1019
f 4165/4165 4166/4166 1020/1020
f 1019/1019 4165/4165 1020/1020
f 4187/4187 4158/4158 4188/4188
f 4198/4198 4154/4154 4061/4061
f 4194/4194 4116/4116 4176/4176
f 4199/4199 4148/4148 4125/4125
f 4125/4125 4177/4177 4199/4199
f 4195/4195 4130/4130 4200/4200
f 4200/4200 4130/4130 4149/4149
f 4200/4200 4149/4149 4201/4201
f 4201/4201 4149/4149 4161/4161
f 4201/4201 4161/4161 4202/4202
f 4202/4202 4161/4161 4196/4196
f 4178/4178 4109/4109 4203/4203
f 4203/4203 4109/4109 940/940
f 4170/4170 4132/4132 4204/4204
f 4204/4204 4132/4132 4179/4179
f 969/969 931/931 930/930
f 4204/4204 4179/4179 962/962
f 1047/1047 4133/4133 4205/4205
f 4205/4205 4133/4133 999/999
f 999/999 4180/4180 1000/1000
f 1000/1000 4180/4180 4206/4206
f 4206/4206 4180/4180 4197/4197
f 4182/4182 4187/4187 4207/4207
f 4207/4207 4187/4187 4188/4188
f 4188/4188 4183/4183 4208/4208
f 4209/4209 4184/4184 4173/4173
f 4152/4152 4138/4138 4210/4210
f 913/913 4139/4139 4211/4211
f 4211/4211 4139/4139 4192/4192
f 965/965 964/964 4175/4175
f 4176/4176 4148/4148 4199/4199
f 4199/4199 4177/4177 4212/4212
f 4177/4177 4143/4143 4168/4168
f 4150/4150 4170/4170 4213/4213
f 976/976 927/927 946/946
f 970/970 916/916 979/979
f 4206/4206 4197/4197 1002/1002
f 1002/1002 4197/4197 1003/1003
f 1004/1004 1003/1003 4186/4186
f 4186/4186 4181/4181 4214/4214
f 954/954 4185/4185 1016/1016
f 1016/1016 4185/4185 1017/1017
f 4214/4214 4181/4181 1019/1019
f 4207/4207 4188/4188 4215/4215
f 4215/4215 4188/4188 4216/4216
f 4216/4216 4188/4188 4208/4208
f 4146/4146 4154/4154 4198/4198
f 4198/4198 4061/4061 4217/4217
f 4218/4218 4062/4062 4036/4036
f 4124/4124 4105/4105 4189/4189
f 1090/1090 4076/4076 1091/1091
f 4219/4219 4142/4142 4147/4147
f 4212/4212 4177/4177 4168/4168
f 940/940 4150/4150 4220/4220
f 4213/4213 4170/4170 4204/4204
f 976/976 946/946 990/990
f 989/989 946/946 960/960
f 994/994 978/978 952/952
f 997/997 951/951 972/972
f 4205/4205 999/999 1001/1001
f 1000/1000 4206/4206 4221/4221
f 4221/4221 4206/4206 1002/1002
f 4222/4222 1004/1004 4186/4186
f 4222/4222 4186/4186 4223/4223
f 4223/4223 4186/4186 4214/4214
f 1005/1005 954/954 1016/1016
f 1017/1017 4182/4182 4224/4224
f 4224/4224 4182/4182 4207/4207
f 4138/4138 966/966 4210/4210
f 4210/4210 966/966 985/985
f 4153/4153 4174/4174 4225/4225
f 965/965 4175/4175 4226/4226
f 4203/4203 940/940 4227/4227
f 4204/4204 962/962 4228/4228
f 1013/1013 970/970 979/979
f 4228/4228 962/962 982/982
f 1001/1001 1000/1000 4229/4229
f 4229/4229 1000/1000 4221/4221
f 4221/4221 1002/1002 4230/4230
f 4230/4230 1002/1002 1004/1004
f 4230/4230 1004/1004 4222/4222
f 1005/1005 1016/1016 1035/1035
f 4216/4216 4208/4208 4231/4231
f 4209/4209 4173/4173 4232/4232
f 4233/4233 4209/4209 4232/4232
f 4232/4232 4173/4173 4151/4151
f 4232/4232 4151/4151 4234/4234
f 4151/4151 4152/4152 4235/4235
f 4235/4235 4152/4152 4210/4210
f 4192/4192 4122/4122 4159/4159
f 4218/4218 4036/4036 4124/4124
f 4106/4106 4142/4142 4219/4219
f 4236/4236 4176/4176 4199/4199
f 4237/4237 4168/4168 4169/4169
f 4200/4200 4201/4201 4238/4238
f 4238/4238 4201/4201 4202/4202
f 4239/4239 4178/4178 4203/4203
f 4227/4227 940/940 4220/4220
f 1013/1013 979/979 1028/1028
f 4228/4228 982/982 1029/1029
f 1047/1047 4205/4205 1045/1045
f 1045/1045 4205/4205 4240/4240
f 4240/4240 4205/4205 1001/1001
f 4230/4230 4222/4222 4241/4241
f 4241/4241 4222/4222 4223/4223
f 1035/1035 1016/1016 4242/4242
f 4242/4242 1016/1016 1018/1018
f 4242/4242 1018/1018 4243/4243
f 4214/4214 1019/1019 4244/4244
f 4244/4244 1019/1019 1021/1021
f 4243/4243 1018/1018 1017/1017
f 4215/4215 4216/4216 4245/4245
f 4245/4245 4216/4216 4231/4231
f 4211/4211 4192/4192 4246/4246
f 4192/4192 4159/4159 4247/4247
f 4160/4160 4167/4167 4248/4248
f 4248/4248 4167/4167 4193/4193
f 4141/4141 4153/4153 4193/4193
f 4225/4225 4174/4174 4146/4146
f 4249/4249 4106/4106 4219/4219
f 4236/4236 4199/4199 4250/4250
f 4212/4212 4168/4168 4237/4237
f 4237/4237 4169/4169 4190/4190
f 4238/4238 4202/4202 4196/4196
f 4251/4251 4238/4238 4196/4196
f 4220/4220 4150/4150 4213/4213
f 4240/4240 1001/1001 4252/4252
f 4252/4252 1001/1001 4229/4229
f 4229/4229 4221/4221 4253/4253
f 4253/4253 4221/4221 4230/4230
f 1036/1036 1035/1035 4242/4242
f 4223/4223 4214/4214 4254/4254
f 4254/4254 4214/4214 4244/4244
f 4243/4243 1017/1017 4224/4224
f 4207/4207 4215/4215 4255/4255
f 4234/4234 4151/4151 4235/4235
f 1049/1049 913/913 4211/4211
f 4246/4246 4192/4192 4247/4247
f 4193/4193 4153/4153 4225/4225
f 4225/4225 4146/4146 4198/4198
f 4256/4256 4250/4250 4199/4199
f 4239/4239 4203/4203 4257/4257
f 4257/4257 4203/4203 4227/4227
f 4257/4257 4227/4227 1095/1095
f 4204/4204 4228/4228 4258/4258
f 1040/1040 989/989 1041/1041
f 4253/4253 4230/4230 4259/4259
f 4259/4259 4230/4230 4241/4241
f 4243/4243 4224/4224 4260/4260
f 4260/4260 4224/4224 4261/4261
f 4261/4261 4224/4224 4207/4207
f 4233/4233 4232/4232 4262/4262
f 4262/4262 4232/4232 4234/4234
f 4263/4263 965/965 4226/4226
f 4124/4124 4189/4189 4264/4264
f 4194/4194 4176/4176 4236/4236
f 4265/4265 4195/4195 4200/4200
f 4265/4265 4200/4200 4238/4238
f 4196/4196 4162/4162 4266/4266
f 4266/4266 4162/4162 4191/4191
f 1039/1039 1024/1024 1051/1051
f 4241/4241 4223/4223 4267/4267
f 4267/4267 4223/4223 4254/4254
f 4244/4244 1021/1021 1126/1126
f 4261/4261 4207/4207 4255/4255
f 4268/4268 4233/4233 4269/4269
f 4269/4269 4233/4233 4262/4262
f 4210/4210 985/985 4270/4270
f 985/985 965/965 4271/4271
f 4271/4271 965/965 4263/4263
f 4159/4159 4160/4160 4248/4248
f 4190/4190 4195/4195 4265/4265
f 4265/4265 4238/4238 4272/4272
f 4272/4272 4238/4238 4251/4251
f 4251/4251 4196/4196 4273/4273
f 4273/4273 4196/4196 4266/4266
f 4274/4274 4204/4204 4258/4258
f 4258/4258 4228/4228 1029/1029
f 1028/1028 994/994 1044/1044
f 4259/4259 4241/4241 4275/4275
f 4275/4275 4241/4241 4267/4267
f 4215/4215 4245/4245 4276/4276
f 4277/4277 4268/4268 4269/4269
f 4270/4270 4235/4235 4210/4210
f 4270/4270 985/985 4271/4271
f 4247/4247 4159/4159 4248/4248
f 4278/4278 4193/4193 4225/4225
f 4264/4264 4189/4189 1090/1090
f 4219/4219 4147/4147 4279/4279
f 4279/4279 4147/4147 4194/4194
f 4256/4256 4199/4199 4212/4212
f 4266/4266 4191/4191 4280/4280
f 4191/4191 4281/4281 4282/4282
f 4280/4280 4191/4191 4282/4282
f 1095/1095 4227/4227 1093/1093
f 1093/1093 4227/4227 4220/4220
f 4220/4220 4213/4213 1093/1093
f 4258/4258 1029/1029 1054/1054
f 4229/4229 4253/4253 4283/4283
f 4253/4253 4259/4259 4275/4275
f 4283/4283 4253/4253 4275/4275
f 4242/4242 4243/4243 1102/1102
f 1102/1102 4243/4243 4260/4260
f 4260/4260 4261/4261 4284/4284
f 4284/4284 4261/4261 4255/4255
f 4255/4255 4215/4215 1129/1129
f 1129/1129 4215/4215 4276/4276
f 4285/4285 1049/1049 4211/4211
f 4248/4248 4193/4193 4286/4286
f 4287/4287 4193/4193 4278/4278
f 4225/4225 4198/4198 4288/4288
f 4218/4218 4124/4124 4289/4289
f 4289/4289 4124/4124 4264/4264
f 4212/4212 4237/4237 4290/4290
f 4237/4237 4190/4190 4291/4291
f 4272/4272 4251/4251 4292/4292
f 4292/4292 4251/4251 4273/4273
f 4239/4239 4257/4257 4293/4293
f 4293/4293 4257/4257 1095/1095
f 1080/1080 1028/1028 1044/1044
f 1082/1082 1065/1065 1083/1083
f 1046/1046 1045/1045 4294/4294
f 4294/4294 1045/1045 4240/4240
f 4252/4252 4229/4229 4295/4295
f 4295/4295 4229/4229 4283/4283
f 1036/1036 4242/4242 1101/1101
f 1101/1101 4242/4242 1102/1102
f 4267/4267 4254/4254 4296/4296
f 4296/4296 4254/4254 4244/4244
f 1102/1102 4260/4260 4297/4297
f 4297/4297 4260/4260 4284/4284
f 4277/4277 4269/4269 4298/4298
f 4298/4298 4269/4269 4262/4262
f 4278/4278 4225/4225 4299/4299
f 4263/4263 4226/4226 4300/4300
f 4279/4279 4194/4194 4301/4301
f 4301/4301 4194/4194 4236/4236
f 4256/4256 4212/4212 4290/4290
f 4302/4302 4237/4237 4291/4291
f 4291/4291 4190/4190 4303/4303
f 4293/4293 1095/1095 1094/1094
f 4213/4213 4204/4204 4274/4274
f 1096/1096 1040/1040 1073/1073
f 1073/1073 1041/1041 1074/1074
f 4274/4274 4258/4258 1054/1054
f 1036/1036 1101/1101 1104/1104
f 1103/1103 1102/1102 4297/4297
f 1129/1129 4276/4276 1130/1130
f 4304/4304 4277/4277 4298/4298
f 4298/4298 4262/4262 4305/4305
f 4305/4305 4262/4262 4234/4234
f 4306/4306 4234/4234 4235/4235
f 4285/4285 4211/4211 4307/4307
f 4303/4303 4190/4190 4265/4265
f 4265/4265 4272/4272 4308/4308
f 4308/4308 4272/4272 4292/4292
f 1093/1093 4213/4213 4309/4309
f 4309/4309 4213/4213 4274/4274
f 1073/1073 1074/1074 1111/1111
f 4274/4274 1054/1054 1113/1113
f 4294/4294 4240/4240 4310/4310
f 4240/4240 4252/4252 4310/4310
f 4310/4310 4252/4252 4295/4295
f 4296/4296 4244/4244 1126/1126
f 1125/1125 4296/4296 1126/1126
f 4297/4297 4284/4284 4311/4311
f 4311/4311 4284/4284 4255/4255
f 4311/4311 4255/4255 1129/1129
f 4307/4307 4211/4211 4246/4246
f 4247/4247 4248/4248 4312/4312
f 4286/4286 4193/4193 4313/4313
f 4299/4299 4225/4225 4288/4288
f 4288/4288 4198/4198 4217/4217
f 4314/4314 4219/4219 4279/4279
f 4290/4290 4237/4237 4302/4302
f 4315/4315 4265/4265 4308/4308
f 4316/4316 4239/4239 4293/4293
f 4317/4317 1070/1070 1096/1096
f 4317/4317 1096/1096 1142/1142
f 4283/4283 4275/4275 4318/4318
f 4318/4318 4275/4275 4267/4267
f 4267/4267 4296/4296 4319/4319
f 4319/4319 4296/4296 1125/1125
f 4311/4311 1129/1129 4320/4320
f 4320/4320 1129/1129 1131/1131
f 1131/1131 1130/1130 4321/4321
f 4322/4322 4304/4304 4298/4298
f 4305/4305 4234/4234 4306/4306
f 4246/4246 4247/4247 4323/4323
f 4313/4313 4193/4193 4287/4287
f 4264/4264 1090/1090 1089/1089
f 4279/4279 4301/4301 4324/4324
f 4236/4236 4250/4250 4325/4325
f 4301/4301 4236/4236 4325/4325
f 4326/4326 4309/4309 4274/4274
f 1121/1121 1080/1080 1136/1136
f 4327/4327 4274/4274 1113/1113
f 1193/1193 1046/1046 4294/4294
f 4310/4310 4295/4295 4328/4328
f 4295/4295 4283/4283 4329/4329
f 4328/4328 4295/4295 4329/4329
f 1104/1104 1101/1101 1157/1157
f 1157/1157 1101/1101 1103/1103
f 4329/4329 4283/4283 4318/4318
f 4319/4319 1125/1125 4330/4330
f 4330/4330 1125/1125 1127/1127
f 1103/1103 4297/4297 4331/4331
f 4306/4306 4235/4235 4270/4270
f 4332/4332 4270/4270 4271/4271
f 1150/1150 1049/1049 4285/4285
f 4325/4325 4250/4250 4256/4256
f 4303/4303 4265/4265 4315/4315
f 4326/4326 4274/4274 4327/4327
f 4327/4327 1113/1113 4333/4333
f 4333/4333 1113/1113 1138/1138
f 4334/4334 4310/4310 4335/4335
f 4335/4335 4310/4310 4328/4328
f 4329/4329 4318/4318 4336/4336
f 4336/4336 4318/4318 4337/4337
f 4318/4318 4267/4267 4337/4337
f 4337/4337 4267/4267 4319/4319
f 4330/4330 1127/1127 4338/4338
f 4331/4331 4297/4297 4339/4339
f 4297/4297 4311/4311 4340/4340
f 4339/4339 4297/4297 4340/4340
f 4322/4322 4298/4298 4341/4341
f 4341/4341 4298/4298 4305/4305
f 4299/4299 4288/4288 4342/4342
f 4289/4289 4264/4264 4343/4343
f 4324/4324 4301/4301 4325/4325
f 4325/4325 4256/4256 4344/4344
f 4344/4344 4256/4256 4290/4290
f 4290/4290 4302/4302 1226/1226
f 4345/4345 1093/1093 4326/4326
f 4326/4326 1093/1093 4309/4309
f 4333/4333 1138/1138 1154/1154
f 4335/4335 4328/4328 4346/4346
f 4328/4328 4329/4329 4347/4347
f 4346/4346 4328/4328 4347/4347
f 4347/4347 4329/4329 4336/4336
f 1157/1157 1103/1103 1219/1219
f 1219/1219 1103/1103 4331/4331
f 4311/4311 4320/4320 4348/4348
f 4340/4340 4311/4311 4348/4348
f 4348/4348 4320/4320 1131/1131
f 4348/4348 1131/1131 4349/4349
f 4349/4349 1131/1131 4321/4321
f 4350/4350 4306/4306 4270/4270
f 4350/4350 4270/4270 4332/4332
f 4332/4332 4271/4271 4351/4351
f 4351/4351 4271/4271 4263/4263
f 4263/4263 4300/4300 4352/4352
f 1198/1198 1085/1085 1150/1150
f 4343/4343 4264/4264 1089/1089
f 4302/4302 4291/4291 1226/1226
f 4280/4280 4282/4282 4353/4353
f 1094/1094 1093/1093 4354/4354
f 4354/4354 1093/1093 4345/4345
f 1098/1098 1114/1114 1165/1165
f 4294/4294 4310/4310 4355/4355
f 4355/4355 4310/4310 4334/4334
f 4346/4346 4347/4347 4356/4356
f 4356/4356 4347/4347 4336/4336
f 4337/4337 4319/4319 1221/1221
f 1221/1221 4319/4319 4330/4330
f 1221/1221 4330/4330 1222/1222
f 1222/1222 4330/4330 4338/4338
f 4357/4357 4322/4322 4358/4358
f 4358/4358 4322/4322 4341/4341
f 4341/4341 4305/4305 4306/4306
f 4307/4307 4246/4246 4323/4323
f 4323/4323 4247/4247 4359/4359
f 4247/4247 4312/4312 4359/4359
f 4291/4291 4303/4303 1227/1227
f 4360/4360 4326/4326 4327/4327
f 1170/1170 1136/1136 1098/1098
f 1170/1170 1098/1098 1165/1165
f 1193/1193 4294/4294 1194/1194
f 1194/1194 4294/4294 4355/4355
f 4334/4334 4335/4335 4361/4361
f 4361/4361 4335/4335 4346/4346
f 4356/4356 4336/4336 4362/4362
f 4362/4362 4336/4336 4337/4337
f 4331/4331 4339/4339 4363/4363
f 4363/4363 4339/4339 4340/4340
f 1150/1150 4285/4285 4307/4307
f 4312/4312 4248/4248 4286/4286
f 4364/4364 4313/4313 4287/4287
f 4364/4364 4287/4287 4365/4365
f 4287/4287 4278/4278 4365/4365
f 4351/4351 4263/4263 4352/4352
f 4249/4249 4219/4219 4314/4314
f 4325/4325 4344/4344 4366/4366
f 4290/4290 1226/1226 1225/1225
f 4308/4308 4292/4292 4367/4367
f 4292/4292 4273/4273 4367/4367
f 4367/4367 4273/4273 4266/4266
f 1218/1218 1157/1157 1219/1219
f 4340/4340 4348/4348 4368/4368
f 4368/4368 4348/4348 4349/4349
f 4369/4369 4341/4341 4306/4306
f 4370/4370 4323/4323 4359/4359
f 4288/4288 4217/4217 4371/4371
f 4372/4372 4249/4249 4314/4314
f 1254/1254 4279/4279 4324/4324
f 4373/4373 4324/4324 4325/4325
f 4293/4293 1094/1094 1262/1262
f 1262/1262 1094/1094 4354/4354
f 4362/4362 4337/4337 4374/4374
f 4374/4374 4337/4337 1221/1221
f 4340/4340 4368/4368 4375/4375
f 4368/4368 4349/4349 4376/4376
f 4377/4377 4357/4357 4358/4358
f 4306/4306 4350/4350 4378/4378
f 4365/4365 4278/4278 4299/4299
f 4379/4379 4218/4218 4289/4289
f 1254/1254 4324/4324 1252/1252
f 4344/4344 4290/4290 1225/1225
f 1226/1226 4291/4291 1227/1227
f 4380/4380 4303/4303 4315/4315
f 4381/4381 4316/4316 4293/4293
f 4382/4382 4326/4326 4360/4360
f 4360/4360 4327/4327 1245/1245
f 1245/1245 4327/4327 4333/4333
f 4334/4334 4361/4361 4383/4383
f 4361/4361 4346/4346 4384/4384
f 4383/4383 4361/4361 4384/4384
f 4384/4384 4346/4346 4356/4356
f 4356/4356 4362/4362 4374/4374
f 1219/1219 4331/4331 4385/4385
f 4385/4385 4331/4331 4363/4363
f 4363/4363 4340/4340 4386/4386
f 4386/4386 4340/4340 4375/4375
f 4375/4375 4368/4368 4376/4376
f 4377/4377 4358/4358 4387/4387
f 4387/4387 4358/4358 4341/4341
f 4388/4388 1150/1150 4307/4307
f 4389/4389 4307/4307 4323/4323
f 4312/4312 4286/4286 4390/4390
f 1252/1252 4324/4324 4373/4373
f 4391/4391 4325/4325 4366/4366
f 4266/4266 4280/4280 4392/4392
f 4381/4381 4293/4293 1264/1264
f 4392/4392 4280/4280 4353/4353
f 1264/1264 4293/4293 1262/1262
f 4354/4354 4345/4345 4393/4393
f 4345/4345 4326/4326 4382/4382
f 1245/1245 4333/4333 1154/1154
f 1208/1208 1170/1170 1165/1165
f 1192/1192 1194/1194 4394/4394
f 4394/4394 1194/1194 4395/4395
f 4395/4395 1194/1194 4355/4355
f 4355/4355 4334/4334 4395/4395
f 4395/4395 4334/4334 4383/4383
f 4384/4384 4356/4356 4396/4396
f 4396/4396 4356/4356 4374/4374
f 1209/1209 1157/1157 1218/1218
f 1222/1222 4338/4338 1248/1248
f 4385/4385 4363/4363 4386/4386
f 4378/4378 4350/4350 4397/4397
f 4350/4350 4332/4332 4397/4397
f 4388/4388 4307/4307 4389/4389
f 4314/4314 4279/4279 1254/1254
f 4367/4367 4266/4266 4398/4398
f 4398/4398 4266/4266 4392/4392
f 4393/4393 4345/4345 4382/4382
f 1246/1246 1165/1165 1184/1184
f 1217/1217 1191/1191 1174/1174
f 4396/4396 4374/4374 4399/4399
f 1220/1220 1219/1219 4400/4400
f 1223/1223 1222/1222 1248/1248
f 4400/4400 1219/1219 4385/4385
f 4375/4375 4376/4376 4401/4401
f 4402/4402 4377/4377 4387/4387
f 4387/4387 4341/4341 4369/4369
f 4397/4397 4332/4332 4403/4403
f 4332/4332 4351/4351 4403/4403
f 1197/1197 1150/1150 1283/1283
f 4359/4359 4312/4312 4390/4390
f 4286/4286 4313/4313 4390/4390
f 4403/4403 4351/4351 4352/4352
f 1253/1253 1252/1252 4373/4373
f 4373/4373 4325/4325 4391/4391
f 1204/1204 1189/1189 1232/1232
f 1293/1293 1192/1192 4394/4394
f 4404/4404 4395/4395 4383/4383
f 4404/4404 4383/4383 4405/4405
f 4405/4405 4383/4383 4384/4384
f 4374/4374 1221/1221 4406/4406
f 4406/4406 1221/1221 1223/1223
f 1283/1283 1150/1150 4388/4388
f 4370/4370 4359/4359 4407/4407
f 4390/4390 4313/4313 4364/4364
f 4289/4289 4343/4343 4408/4408
f 4409/4409 4344/4344 1225/1225
f 4380/4380 4315/4315 4410/4410
f 4315/4315 4308/4308 4411/4411
f 4410/4410 4315/4315 4411/4411
f 4411/4411 4308/4308 4367/4367
f 4411/4411 4367/4367 4412/4412
f 4384/4384 4396/4396 4399/4399
f 4399/4399 4374/4374 4413/4413
f 4413/4413 4374/4374 4406/4406
f 1209/1209 1218/1218 1247/1247
f 4386/4386 4375/4375 4414/4414
f 4414/4414 4375/4375 1295/1295
f 1295/1295 4375/4375 4401/4401
f 4359/4359 4390/4390 4415/4415
f 4365/4365 4299/4299 4342/4342
f 4379/4379 4289/4289 4416/4416
f 4416/4416 4289/4289 4408/4408
f 4343/4343 1089/1089 1224/1224
f 4409/4409 1225/1225 1227/1227
f 4417/4417 1227/1227 4303/4303
f 1263/1263 1262/1262 4354/4354
f 4418/4418 4360/4360 1245/1245
f 1244/1244 4418/4418 1245/1245
f 4394/4394 4395/4395 1294/1294
f 1294/1294 4395/4395 4419/4419
f 4395/4395 4404/4404 4419/4419
f 4419/4419 4404/4404 4405/4405
f 4405/4405 4384/4384 4420/4420
f 4419/4419 4405/4405 4420/4420
f 4420/4420 4384/4384 4399/4399
f 4400/4400 4385/4385 4386/4386
f 1295/1295 4401/4401 1296/1296
f 1338/1338 4402/4402 4387/4387
f 1293/1293 4394/4394 1294/1294
f 1247/1247 1220/1220 4421/4421
f 1223/1223 1249/1249 4422/4422
f 1309/1309 1209/1209 1247/1247
f 4421/4421 1220/1220 4400/4400
f 4389/4389 4323/4323 4423/4423
f 4423/4423 4323/4323 4370/4370
f 4407/4407 4359/4359 4415/4415
f 4372/4372 4314/4314 4424/4424
f 4424/4424 4314/4314 1254/1254
f 4425/4425 4391/4391 4366/4366
f 4425/4425 4366/4366 4426/4426
f 4427/4427 4418/4418 1244/1244
f 1281/1281 1208/1208 1246/1246
f 1282/1282 1184/1184 1217/1217
f 4419/4419 4420/4420 4428/4428
f 4428/4428 4420/4420 4399/4399
f 4428/4428 4399/4399 4429/4429
f 4429/4429 4399/4399 4413/4413
f 4400/4400 4386/4386 4430/4430
f 4430/4430 4386/4386 4414/4414
f 4369/4369 4306/4306 4378/4378
f 4431/4431 4365/4365 4342/4342
f 4403/4403 4352/4352 4432/4432
f 4408/4408 4343/4343 4433/4433
f 4433/4433 4343/4343 1224/1224
f 4373/4373 4391/4391 4425/4425
f 4366/4366 4344/4344 4426/4426
f 4434/4434 4380/4380 4410/4410
f 4412/4412 4367/4367 4398/4398
f 1263/1263 4354/4354 4435/4435
f 4435/4435 4354/4354 4393/4393
f 1287/1287 1266/1266 1265/1265
f 1281/1281 1246/1246 1282/1282
f 1294/1294 4419/4419 4436/4436
f 4436/4436 4419/4419 4437/4437
f 4437/4437 4419/4419 4428/4428
f 4406/4406 1223/1223 4438/4438
f 4438/4438 1223/1223 4422/4422
f 4421/4421 4400/4400 4439/4439
f 4439/4439 4400/4400 4430/4430
f 4440/4440 4414/4414 1295/1295
f 1338/1338 4387/4387 4369/4369
f 4378/4378 4397/4397 4441/4441
f 4364/4364 4365/4365 4431/4431
f 4442/4442 1253/1253 4373/4373
f 4426/4426 4344/4344 4409/4409
f 4417/4417 4303/4303 4380/4380
f 4443/4443 4360/4360 4418/4418
f 1303/1303 1232/1232 1281/1281
f 4427/4427 1244/1244 1258/1258
f 1292/1292 1294/1294 4444/4444
f 4444/4444 1294/1294 4436/4436
f 4437/4437 4428/4428 4445/4445
f 4445/4445 4428/4428 4429/4429
f 4430/4430 4414/4414 4440/4440
f 4440/4440 1295/1295 1297/1297
f 4440/4440 1297/1297 4446/4446
f 1284/1284 1283/1283 4388/4388
f 4447/4447 1198/1198 1197/1197
f 4442/4442 4373/4373 4425/4425
f 4382/4382 4360/4360 4443/4443
f 4443/4443 4418/4418 4427/4427
f 4427/4427 1258/1258 1314/1314
f 1282/1282 1217/1217 1315/1315
f 4445/4445 4429/4429 4448/4448
f 4448/4448 4429/4429 4413/4413
f 4449/4449 4440/4440 4446/4446
f 4397/4397 4403/4403 4450/4450
f 1284/1284 4388/4388 4451/4451
f 4415/4415 4390/4390 4452/4452
f 4452/4452 4390/4390 4364/4364
f 4450/4450 4403/4403 4432/4432
f 4417/4417 4380/4380 4434/4434
f 4434/4434 4410/4410 4453/4453
f 4453/4453 4410/4410 4411/4411
f 4412/4412 4398/4398 4454/4454
f 4454/4454 4398/4398 4392/4392
f 1264/1264 1263/1263 1432/1432
f 4393/4393 4382/4382 4455/4455
f 4455/4455 4382/4382 4443/4443
f 1303/1303 1281/1281 1321/1321
f 1247/1247 4421/4421 1364/1364
f 1364/1364 4421/4421 4439/4439
f 1338/1338 4369/4369 4456/4456
f 1335/1335 1338/1338 4456/4456
f 4451/4451 4388/4388 4389/4389
f 4457/4457 1254/1254 1253/1253
f 4457/4457 1253/1253 4442/4442
f 4458/4458 4425/4425 4426/4426
f 4426/4426 4409/4409 4459/4459
f 4411/4411 4412/4412 4460/4460
f 4454/4454 4392/4392 4461/4461
f 4462/4462 4381/4381 1264/1264
f 4462/4462 1264/1264 4463/4463
f 4461/4461 4392/4392 4353/4353
f 4461/4461 4353/4353 4464/4464
f 4463/4463 1264/1264 1432/1432
f 1432/1432 1263/1263 4435/4435
f 1333/1333 1291/1291 1305/1305
f 4444/4444 4436/4436 4465/4465
f 4436/4436 4437/4437 4466/4466
f 4465/4465 4436/4436 4466/4466
f 4437/4437 4445/4445 4467/4467
f 4466/4466 4437/4437 4467/4467
f 4467/4467 4445/4445 4448/4448
f 1308/1308 1247/1247 1363/1363
f 1363/1363 1247/1247 1364/1364
f 4438/4438 4422/4422 1409/1409
f 4440/4440 4449/4449 4468/4468
f 4468/4468 4449/4449 4446/4446
f 4469/4469 1337/1337 1336/1336
f 4370/4370 4407/4407 4470/4470
f 4452/4452 4364/4364 4431/4431
f 4431/4431 4342/4342 4471/4471
f 4447/4447 1197/1197 1339/1339
f 4472/4472 4457/4457 4442/4442
f 4473/4473 4458/4458 4426/4426
f 4409/4409 1227/1227 4474/4474
f 4459/4459 4409/4409 4474/4474
f 4474/4474 1227/1227 4417/4417
f 4435/4435 4393/4393 4455/4455
f 4475/4475 1292/1292 4444/4444
f 4413/4413 4406/4406 4476/4476
f 4476/4476 4406/4406 4438/4438
f 1364/1364 4439/4439 4477/4477
f 4477/4477 4439/4439 4430/4430
f 4477/4477 4430/4430 4478/4478
f 4423/4423 4370/4370 4470/4470
f 4470/4470 4407/4407 4479/4479
f 4407/4407 4415/4415 4480/4480
f 4342/4342 4288/4288 4471/4471
f 4471/4471 4288/4288 4371/4371
f 4424/4424 1254/1254 4457/4457
f 1347/1347 1287/1287 1265/1265
f 1347/1347 1265/1265 1348/1348
f 1350/1350 1303/1303 1321/1321
f 1351/1351 1321/1321 1282/1282
f 4481/4481 1292/1292 4475/4475
f 4478/4478 4430/4430 4482/4482
f 4482/4482 4430/4430 4440/4440
f 4397/4397 4450/4450 1461/1461
f 4450/4450 4432/4432 4483/4483
f 4460/4460 4412/4412 4454/4454
f 4443/4443 4427/4427 4484/4484
f 4427/4427 1314/1314 4484/4484
f 4484/4484 1314/1314 4485/4485
f 4486/4486 4444/4444 4465/4465
f 4486/4486 4465/4465 4487/4487
f 4487/4487 4465/4465 4466/4466
f 4448/4448 4413/4413 4488/4488
f 4488/4488 4413/4413 4489/4489
f 1365/1365 1364/1364 4477/4477
f 4489/4489 4413/4413 4476/4476
f 4476/4476 4438/4438 1409/1409
f 4490/4490 4469/4469 1336/1336
f 4451/4451 4389/4389 4491/4491
f 4479/4479 4407/4407 4480/4480
f 4480/4480 4415/4415 4452/4452
f 4471/4471 4371/4371 4492/4492
f 1461/1461 4450/4450 4483/4483
f 4493/4493 4447/4447 1339/1339
f 4442/4442 4425/4425 4458/4458
f 4426/4426 4459/4459 4494/4494
f 4495/4495 4459/4459 4474/4474
f 4475/4475 4444/4444 4496/4496
f 4496/4496 4444/4444 4486/4486
f 4466/4466 4467/4467 4497/4497
f 4497/4497 4467/4467 4448/4448
f 4497/4497 4448/4448 4488/4488
f 4477/4477 4478/4478 4498/4498
f 4498/4498 4478/4478 4482/4482
f 4482/4482 4440/4440 4499/4499
f 4499/4499 4440/4440 4468/4468
f 4500/4500 4490/4490 1336/1336
f 4456/4456 4369/4369 4378/4378
f 4442/4442 4458/4458 4472/4472
f 4501/4501 4462/4462 4463/4463
f 1300/1300 1386/1386 1331/1331
f 4435/4435 4455/4455 4502/4502
f 1358/1358 1319/1319 1342/1342
f 1379/1379 1350/1350 1370/1370
f 4496/4496 4486/4486 4503/4503
f 4503/4503 4486/4486 4487/4487
f 4487/4487 4466/4466 4504/4504
f 4503/4503 4487/4487 4504/4504
f 4504/4504 4466/4466 4497/4497
f 1382/1382 1308/1308 1363/1363
f 1335/1335 4456/4456 4505/4505
f 1339/1339 1284/1284 4451/4451
f 4491/4491 4389/4389 4423/4423
f 4506/4506 4431/4431 4471/4471
f 4424/4424 4457/4457 4507/4507
f 4508/4508 4424/4424 4507/4507
f 4507/4507 4457/4457 4472/4472
f 4494/4494 4473/4473 4426/4426
f 4434/4434 4453/4453 4509/4509
f 4509/4509 4453/4453 4411/4411
f 4411/4411 4460/4460 4510/4510
f 4454/4454 4461/4461 1419/1419
f 1380/1380 1351/1351 1387/1387
f 4484/4484 4485/4485 1459/1459
f 1391/1391 1333/1333 1392/1392
f 1382/1382 1363/1363 1394/1394
f 1365/1365 4477/4477 4511/4511
f 4482/4482 4499/4499 4512/4512
f 4500/4500 1336/1336 4513/4513
f 4513/4513 1336/1336 1335/1335
f 4514/4514 1335/1335 4505/4505
f 1339/1339 4451/4451 4515/4515
f 4452/4452 4431/4431 4506/4506
f 4506/4506 4471/4471 4516/4516
f 4517/4517 4372/4372 4424/4424
f 4517/4517 4424/4424 4508/4508
f 4472/4472 4458/4458 4518/4518
f 4458/4458 4473/4473 4519/4519
f 4519/4519 4473/4473 4494/4494
f 4509/4509 4411/4411 4520/4520
f 4520/4520 4411/4411 4510/4510
f 4460/4460 4454/4454 1421/1421
f 1421/1421 4454/4454 1419/1419
f 4455/4455 4443/4443 4484/4484
f 4481/4481 4475/4475 4496/4496
f 4504/4504 4497/4497 4521/4521
f 4521/4521 4497/4497 4488/4488
f 4489/4489 4476/4476 1408/1408
f 4511/4511 4477/4477 4522/4522
f 1408/1408 4476/4476 1409/1409
f 4522/4522 4477/4477 4498/4498
f 4512/4512 4499/4499 4523/4523
f 4513/4513 1335/1335 4514/4514
f 4524/4524 4441/4441 4397/4397
f 4524/4524 4397/4397 1463/1463
f 4515/4515 4451/4451 4525/4525
f 4526/4526 4470/4470 4479/4479
f 4493/4493 1339/1339 4515/4515
f 4433/4433 1224/1224 1415/1415
f 4507/4507 4472/4472 4527/4527
f 4494/4494 4459/4459 4495/4495
f 1432/1432 4435/4435 1430/1430
f 1430/1430 4435/4435 4502/4502
f 4455/4455 4484/4484 4528/4528
f 1512/1512 4481/4481 4496/4496
f 4529/4529 4530/4530 4531/4531
f 4532/4532 4503/4503 4504/4504
f 1407/1407 1365/1365 4533/4533
f 1408/1408 1410/1410 4534/4534
f 4535/4535 1382/1382 1394/1394
f 4533/4533 1365/1365 4511/4511
f 4498/4498 4482/4482 1444/1444
f 1444/1444 4482/4482 4512/4512
f 4536/4536 4513/4513 4514/4514
f 4524/4524 4378/4378 4441/4441
f 1463/1463 4397/4397 1461/1461
f 4491/4491 4423/4423 4537/4537
f 4538/4538 4480/4480 4452/4452
f 4538/4538 4452/4452 4506/4506
f 4539/4539 4471/4471 4492/4492
f 4540/4540 4434/4434 4509/4509
f 4510/4510 4460/4460 1421/1421
f 4510/4510 1421/1421 1429/1429
f 1430/1430 4502/4502 4541/4541
f 4502/4502 4455/4455 4542/4542
f 4531/4531 4543/4543 4544/4544
f 4545/4545 4504/4504 4521/4521
f 4545/4545 4521/4521 4546/4546
f 4505/4505 4456/4456 4378/4378
f 4479/4479 4480/4480 4547/4547
f 1461/1461 4483/4483 4548/4548
f 4549/4549 4507/4507 4527/4527
f 4472/4472 4518/4518 4527/4527
f 4417/4417 4434/4434 4540/4540
f 4463/4463 1432/1432 1431/1431
f 4541/4541 4502/4502 4542/4542
f 1434/1434 1380/1380 1387/1387
f 1436/1436 1361/1361 1391/1391
f 4550/4550 4496/4496 4503/4503
f 4550/4550 4503/4503 4551/4551
f 4546/4546 4521/4521 4488/4488
f 4489/4489 1408/1408 4552/4552
f 4552/4552 1408/1408 4534/4534
f 4522/4522 4498/4498 4553/4553
f 4553/4553 4498/4498 1444/1444
f 4553/4553 1444/1444 1446/1446
f 1444/1444 4512/4512 1445/1445
f 1445/1445 4512/4512 4523/4523
f 4547/4547 4480/4480 4538/4538
f 4554/4554 4493/4493 4515/4515
f 4416/4416 4408/4408 4555/4555
f 4555/4555 4408/4408 4433/4433
f 4518/4518 4458/4458 4556/4556
f 4458/4458 4519/4519 4556/4556
f 4510/4510 1429/1429 4557/4557
f 4501/4501 4463/4463 4558/4558
f 4558/4558 4463/4463 1431/1431
f 4559/4559 4455/4455 4528/4528
f 1434/1434 1387/1387 1443/1443
f 4560/4560 4484/4484 1459/1459
f 4545/4545 4546/4546 4561/4561
f 1394/1394 1407/1407 1470/1470
f 1470/1470 1407/1407 4533/4533
f 4561/4561 4546/4546 4488/4488
f 4533/4533 4511/4511 4562/4562
f 4562/4562 4511/4511 4522/4522
f 4562/4562 4522/4522 4563/4563
f 4563/4563 4522/4522 4553/4553
f 1446/1446 1445/1445 4564/4564
f 4536/4536 4565/4565 4513/4513
f 4566/4566 4565/4565 4536/4536
f 4566/4566 4536/4536 4567/4567
f 4567/4567 4536/4536 4514/4514
f 4525/4525 4451/4451 4568/4568
f 4451/4451 4491/4491 4568/4568
f 4568/4568 4491/4491 4569/4569
f 4569/4569 4491/4491 4537/4537
f 4537/4537 4423/4423 4470/4470
f 4516/4516 4471/4471 4539/4539
f 1462/1462 1461/1461 4548/4548
f 4519/4519 4494/4494 4570/4570
f 4570/4570 4494/4494 4495/4495
f 4474/4474 4417/4417 4571/4571
f 4540/4540 4509/4509 4572/4572
f 4572/4572 4509/4509 4520/4520
f 4542/4542 4455/4455 4559/4559
f 4528/4528 4484/4484 4560/4560
f 4560/4560 1459/1459 1458/1458
f 1443/1443 1399/1399 1460/1460
f 1512/1512 4496/4496 1510/1510
f 1510/1510 4496/4496 4550/4550
f 1470/1470 4533/4533 1471/1471
f 4488/4488 4489/4489 4552/4552
f 4552/4552 4534/4534 4573/4573
f 4535/4535 1394/1394 1470/1470
f 4574/4574 4535/4535 1470/1470
f 1471/1471 4533/4533 4562/4562
f 4505/4505 4378/4378 4524/4524
f 4575/4575 4506/4506 4516/4516
f 4495/4495 4474/4474 4571/4571
f 4571/4571 4417/4417 4540/4540
f 4520/4520 4510/4510 4576/4576
f 4576/4576 4510/4510 4557/4557
f 1452/1452 1433/1433 1466/1466
f 1436/1436 1391/1391 1469/1469
f 4531/4531 4544/4544 4577/4577
f 4578/4578 4545/4545 4561/4561
f 1472/1472 1471/1471 4562/4562
f 4574/4574 1470/1470 1473/1473
f 4579/4579 1446/1446 4564/4564
f 4566/4566 4567/4567 4580/4580
f 4580/4580 4567/4567 4514/4514
f 4537/4537 4470/4470 4581/4581
f 4470/4470 4526/4526 4581/4581
f 4526/4526 4479/4479 4582/4582
f 4479/4479 4547/4547 4582/4582
f 4538/4538 4506/4506 4575/4575
f 4583/4583 4379/4379 4584/4584
f 4554/4554 4515/4515 4525/4525
f 4584/4584 4379/4379 4416/4416
f 4527/4527 4518/4518 4585/4585
f 4556/4556 4519/4519 4570/4570
f 4550/4550 4551/4551 4586/4586
f 4587/4587 4529/4529 4531/4531
f 1472/1472 4562/4562 1526/1526
f 4488/4488 4552/4552 4588/4588
f 4588/4588 4552/4552 4573/4573
f 4553/4553 1446/1446 4589/4589
f 4589/4589 1446/1446 4579/4579
f 4590/4590 4566/4566 4580/4580
f 4591/4591 4524/4524 1463/1463
f 4584/4584 4416/4416 4555/4555
f 4555/4555 4433/4433 1415/1415
f 4518/4518 4556/4556 4592/4592
f 4495/4495 4571/4571 4593/4593
f 4594/4594 4540/4540 4572/4572
f 1510/1510 4550/4550 4595/4595
f 4595/4595 4550/4550 4586/4586
f 4587/4587 4531/4531 4596/4596
f 4596/4596 4531/4531 4577/4577
f 1526/1526 4562/4562 1527/1527
f 4588/4588 4573/4573 4597/4597
f 1548/1548 4574/4574 1473/1473
f 1548/1548 1473/1473 1501/1501
f 1527/1527 4562/4562 4563/4563
f 4580/4580 4514/4514 1514/1514
f 4505/4505 4524/4524 4591/4591
f 4569/4569 4537/4537 4598/4598
f 4516/4516 4539/4539 4599/4599
f 1396/1396 1493/1493 1447/1447
f 4600/4600 4517/4517 4601/4601
f 4601/4601 4517/4517 4508/4508
f 4549/4549 4527/4527 4585/4585
f 4602/4602 4549/4549 4585/4585
f 4585/4585 4518/4518 4592/4592
f 4594/4594 4571/4571 4540/4540
f 4576/4576 4557/4557 1429/1429
f 4603/4603 4501/4501 4558/4558
f 4558/4558 1431/1431 1481/1481
f 4541/4541 4542/4542 4559/4559
f 4559/4559 4528/4528 4604/4604
f 1542/1542 1443/1443 1460/1460
f 4561/4561 4488/4488 4605/4605
f 4605/4605 4488/4488 4588/4588
f 4590/4590 4580/4580 1514/1514
f 4606/4606 4568/4568 4569/4569
f 4601/4601 4508/4508 4607/4607
f 4507/4507 4549/4549 4602/4602
f 4556/4556 4570/4570 4608/4608
f 4604/4604 4528/4528 4560/4560
f 1536/1536 1456/1456 1488/1488
f 1499/1499 1436/1436 1469/1469
f 4595/4595 4586/4586 4609/4609
f 4610/4610 4587/4587 4596/4596
f 1480/1480 1472/1472 1528/1528
f 1528/1528 1472/1472 1526/1526
f 1527/1527 4563/4563 4611/4611
f 4611/4611 4563/4563 4553/4553
f 4611/4611 4553/4553 4589/4589
f 4589/4589 4579/4579 4612/4612
f 1513/1513 4590/4590 1514/1514
f 4613/4613 4525/4525 4606/4606
f 4606/4606 4525/4525 4568/4568
f 4598/4598 4537/4537 4581/4581
f 4526/4526 4582/4582 4614/4614
f 4615/4615 4547/4547 4538/4538
f 4616/4616 4554/4554 4525/4525
f 4617/4617 4601/4601 4607/4607
f 4572/4572 4520/4520 4618/4618
f 4619/4619 4572/4572 4618/4618
f 4520/4520 4576/4576 4620/4620
f 4618/4618 4520/4520 4620/4620
f 4621/4621 1430/1430 4541/4541
f 4622/4622 4559/4559 4604/4604
f 1434/1434 1443/1443 1542/1542
f 4578/4578 4561/4561 1561/1561
f 1561/1561 4561/4561 4605/4605
f 4581/4581 4526/4526 4614/4614
f 4599/4599 4575/4575 4516/4516
f 4539/4539 4492/4492 4623/4623
f 4624/4624 4583/4583 4584/4584
f 4616/4616 4525/4525 4613/4613
f 4625/4625 4617/4617 4626/4626
f 4626/4626 4617/4617 4607/4607
f 4603/4603 4558/4558 4627/4627
f 4627/4627 4558/4558 1481/1481
f 4628/4628 4629/4629 4630/4630
f 4630/4630 4629/4629 1523/1523
f 4630/4630 1523/1523 1525/1525
f 4610/4610 4596/4596 4631/4631
f 4596/4596 4577/4577 4632/4632
f 4631/4631 4596/4596 4632/4632
f 4633/4633 4588/4588 4597/4597
f 4634/4634 1514/1514 4514/4514
f 4591/4591 1463/1463 4635/4635
f 4599/4599 4539/4539 4623/4623
f 1462/1462 4548/4548 4636/4636
f 4637/4637 4602/4602 4585/4585
f 4608/4608 4570/4570 1611/1611
f 1611/1611 4570/4570 4638/4638
f 4570/4570 4495/4495 4638/4638
f 4638/4638 4495/4495 4593/4593
f 4593/4593 4571/4571 4639/4639
f 4639/4639 4571/4571 4594/4594
f 4576/4576 1429/1429 4640/4640
f 4640/4640 1429/1429 1532/1532
f 1497/1497 1434/1434 1542/1542
f 1458/1458 1498/1498 4641/4641
f 1537/1537 1468/1468 1538/1538
f 4642/4642 4610/4610 4631/4631
f 4605/4605 4588/4588 4633/4633
f 4611/4611 4589/4589 4643/4643
f 4589/4589 4612/4612 4644/4644
f 4643/4643 4589/4589 4644/4644
f 4644/4644 4612/4612 4645/4645
f 4514/4514 4505/4505 4634/4634
f 4634/4634 4505/4505 4646/4646
f 4646/4646 4505/4505 4591/4591
f 4556/4556 4608/4608 4647/4647
f 4620/4620 4576/4576 4640/4640
f 1481/1481 1430/1430 4648/4648
f 1430/1430 4621/4621 4648/4648
f 4560/4560 1458/1458 4649/4649
f 1541/1541 1542/1542 1460/1460
f 4649/4649 1458/1458 4641/4641
f 4630/4630 1525/1525 4650/4650
f 1546/1546 1480/1480 1528/1528
f 1562/1562 1561/1561 4605/4605
f 1528/1528 1527/1527 4611/4611
f 4633/4633 4597/4597 1579/1579
f 4651/4651 4611/4611 4643/4643
f 4635/4635 1463/1463 4652/4652
f 4547/4547 4615/4615 4653/4653
f 4582/4582 4547/4547 4653/4653
f 4607/4607 4508/4508 4654/4654
f 4654/4654 4508/4508 4507/4507
f 4654/4654 4507/4507 4602/4602
f 4637/4637 4585/4585 4655/4655
f 4585/4585 4592/4592 4655/4655
f 4592/4592 4556/4556 4656/4656
f 4656/4656 4556/4556 4647/4647
f 4621/4621 4541/4541 4559/4559
f 1499/1499 1469/1469 1537/1537
f 4642/4642 4631/4631 4657/4657
f 4658/4658 4642/4642 4657/4657
f 4659/4659 1560/1560 1562/1562
f 1546/1546 1528/1528 4660/4660
f 4605/4605 4633/4633 4661/4661
f 1501/1501 1500/1500 1546/1546
f 1528/1528 4611/4611 4662/4662
f 4662/4662 4611/4611 4651/4651
f 4644/4644 4645/4645 4663/4663
f 4664/4664 1515/1515 1563/1563
f 4615/4615 4538/4538 4575/4575
f 4616/4616 4613/4613 4665/4665
f 4655/4655 4592/4592 4656/4656
f 4639/4639 4594/4594 4572/4572
f 4621/4621 4559/4559 4622/4622
f 1570/1570 1499/1499 1537/1537
f 4659/4659 1562/1562 4666/4666
f 4660/4660 1528/1528 4662/4662
f 4666/4666 1562/1562 4605/4605
f 4666/4666 4605/4605 4667/4667
f 4667/4667 4605/4605 4661/4661
f 4661/4661 4633/4633 1578/1578
f 1573/1573 1501/1501 1546/1546
f 1578/1578 4633/4633 1579/1579
f 4668/4668 4643/4643 4644/4644
f 4652/4652 1463/1463 4669/4669
f 1463/1463 1462/1462 4669/4669
f 4598/4598 4581/4581 4670/4670
f 4614/4614 4582/4582 4653/4653
f 4575/4575 4599/4599 4671/4671
f 4669/4669 1462/1462 4636/4636
f 4626/4626 4607/4607 4672/4672
f 4673/4673 4626/4626 4672/4672
f 4639/4639 4572/4572 4674/4674
f 4675/4675 4676/4676 4677/4677
f 4618/4618 4620/4620 4678/4678
f 4678/4678 4620/4620 4640/4640
f 4679/4679 4640/4640 1532/1532
f 4680/4680 4560/4560 4649/4649
f 4650/4650 1525/1525 4681/4681
f 4682/4682 4642/4642 4658/4658
f 4658/4658 4657/4657 4683/4683
f 4684/4684 4659/4659 4666/4666
f 4651/4651 4643/4643 4668/4668
f 1529/1529 1514/1514 4634/4634
f 4613/4613 4606/4606 4665/4665
f 4581/4581 4614/4614 4670/4670
f 4584/4584 4555/4555 4685/4685
f 4686/4686 4602/4602 4637/4637
f 4678/4678 4640/4640 4679/4679
f 4687/4687 4688/4688 4689/4689
f 4690/4690 4628/4628 4630/4630
f 1573/1573 1546/1546 1596/1596
f 1596/1596 1546/1546 4660/4660
f 4660/4660 4662/4662 4691/4691
f 4691/4691 4662/4662 4651/4651
f 4668/4668 4644/4644 4692/4692
f 4692/4692 4644/4644 4663/4663
f 4693/4693 4591/4591 4635/4635
f 4665/4665 4606/4606 4694/4694
f 4694/4694 4606/4606 4695/4695
f 4606/4606 4569/4569 4695/4695
f 4598/4598 4670/4670 4696/4696
f 4669/4669 4636/4636 4697/4697
f 4686/4686 4637/4637 4698/4698
f 4698/4698 4637/4637 4655/4655
f 4619/4619 4618/4618 4699/4699
f 4699/4699 4618/4618 4678/4678
f 4627/4627 1481/1481 4700/4700
f 4700/4700 1481/1481 4648/4648
f 4648/4648 4621/4621 4701/4701
f 4690/4690 4630/4630 4702/4702
f 4702/4702 4630/4630 4650/4650
f 4684/4684 4666/4666 4667/4667
f 1596/1596 4660/4660 1597/1597
f 1597/1597 4660/4660 4691/4691
f 4691/4691 4651/4651 4703/4703
f 4703/4703 4651/4651 4668/4668
f 4695/4695 4569/4569 4598/4598
f 4704/4704 4616/4616 4665/4665
f 4685/4685 4555/4555 1415/1415
f 4698/4698 4655/4655 4656/4656
f 4647/4647 4608/4608 1611/1611
f 4593/4593 4639/4639 4705/4705
f 4674/4674 4619/4619 4699/4699
f 4706/4706 4622/4622 4604/4604
f 4604/4604 4560/4560 4680/4680
f 1587/1587 1570/1570 1592/1592
f 1577/1577 1537/1537 1593/1593
f 1573/1573 1596/1596 1598/1598
f 4703/4703 4668/4668 4707/4707
f 4708/4708 4664/4664 1563/1563
f 4646/4646 4591/4591 4693/4693
f 4653/4653 4615/4615 4709/4709
f 4709/4709 4615/4615 4671/4671
f 4671/4671 4615/4615 4575/4575
f 4656/4656 4647/4647 1610/1610
f 4647/4647 1611/1611 1610/1610
f 4639/4639 4674/4674 4710/4710
f 4699/4699 4678/4678 4711/4711
f 4711/4711 4678/4678 4679/4679
f 4712/4712 4603/4603 4627/4627
f 4702/4702 4650/4650 4681/4681
f 4682/4682 4658/4658 4713/4713
f 4713/4713 4658/4658 4683/4683
f 4714/4714 1595/1595 1597/1597
f 4707/4707 4668/4668 4692/4692
f 4704/4704 4665/4665 4715/4715
f 4672/4672 4607/4607 4654/4654
f 4654/4654 4602/4602 4686/4686
f 1612/1612 1611/1611 4638/4638
f 4716/4716 4639/4639 4710/4710
f 4717/4717 4684/4684 4667/4667
f 4714/4714 1597/1597 4691/4691
f 4714/4714 4691/4691 4718/4718
f 4667/4667 4661/4661 4719/4719
f 4719/4719 4661/4661 1578/1578
f 4707/4707 4692/4692 4720/4720
f 4721/4721 4708/4708 1563/1563
f 4598/4598 4696/4696 4722/4722
f 4696/4696 4670/4670 4723/4723
f 4653/4653 4709/4709 4724/4724
f 4685/4685 1415/1415 1654/1654
f 4656/4656 1610/1610 4725/4725
f 4710/4710 4674/4674 4726/4726
f 4726/4726 4674/4674 4699/4699
f 1616/1616 1577/1577 1593/1593
f 1647/1647 4687/4687 4689/4689
f 4702/4702 4681/4681 4727/4727
f 4728/4728 4682/4682 4713/4713
f 1617/1617 1595/1595 4714/4714
f 4718/4718 4691/4691 4729/4729
f 4729/4729 4691/4691 4703/4703
f 4715/4715 4665/4665 4694/4694
f 4695/4695 4598/4598 4722/4722
f 4723/4723 4670/4670 4614/4614
f 4614/4614 4653/4653 4724/4724
f 4669/4669 4697/4697 4730/4730
f 4686/4686 4698/4698 4731/4731
f 4705/4705 4639/4639 4716/4716
f 4732/4732 4711/4711 4679/4679
f 4732/4732 4679/4679 1532/1532
f 4733/4733 4621/4621 4622/4622
f 4733/4733 4622/4622 4706/4706
f 4604/4604 4680/4680 4734/4734
f 4734/4734 4680/4680 4649/4649
f 1647/1647 4689/4689 1648/1648
f 4735/4735 4690/4690 4702/4702
f 1578/1578 1580/1580 4736/4736
f 4703/4703 4707/4707 4737/4737
f 4584/4584 4685/4685 4738/4738
f 4739/4739 4698/4698 4656/4656
f 4739/4739 4656/4656 4725/4725
f 4699/4699 4711/4711 4740/4740
f 4740/4740 4711/4711 4732/4732
f 4700/4700 4648/4648 4701/4701
f 4621/4621 4733/4733 4741/4741
f 4735/4735 4702/4702 4742/4742
f 4742/4742 4702/4702 4727/4727
f 4719/4719 1578/1578 1693/1693
f 1693/1693 1578/1578 4736/4736
f 4737/4737 4707/4707 4743/4743
f 4743/4743 4707/4707 4720/4720
f 4744/4744 4694/4694 4695/4695
f 4745/4745 4695/4695 4722/4722
f 4614/4614 4724/4724 4723/4723
f 4709/4709 4671/4671 4746/4746
f 4747/4747 4704/4704 4715/4715
f 4738/4738 4685/4685 1654/1654
f 1612/1612 4638/4638 4748/4748
f 4726/4726 4699/4699 4749/4749
f 4749/4749 4699/4699 4740/4740
f 4712/4712 4627/4627 4750/4750
f 4750/4750 4627/4627 4700/4700
f 4701/4701 4621/4621 4741/4741
f 1629/1629 1576/1576 1633/1633
f 4717/4717 4667/4667 4751/4751
f 4751/4751 4667/4667 4719/4719
f 4729/4729 4703/4703 4752/4752
f 4752/4752 4703/4703 4737/4737
f 1728/1728 4715/4715 4694/4694
f 4753/4753 4584/4584 4738/4738
f 4731/4731 4698/4698 4739/4739
f 4748/4748 4638/4638 4754/4754
f 4754/4754 4638/4638 4593/4593
f 4754/4754 4593/4593 4705/4705
f 4734/4734 4649/4649 4755/4755
f 1633/1633 1587/1587 1623/1623
f 4755/4755 4649/4649 4641/4641
f 4755/4755 4641/4641 4756/4756
f 1623/1623 1592/1592 1702/1702
f 4742/4742 4727/4727 4757/4757
f 4728/4728 4713/4713 4758/4758
f 4758/4758 4713/4713 4759/4759
f 4760/4760 4717/4717 4751/4751
f 1625/1625 1598/1598 1640/1640
f 4721/4721 1563/1563 1697/1697
f 4761/4761 4693/4693 4635/4635
f 4652/4652 4669/4669 4762/4762
f 4744/4744 4695/4695 4745/4745
f 4671/4671 4599/4599 4763/4763
f 4762/4762 4669/4669 4730/4730
f 4747/4747 4715/4715 1728/1728
f 4764/4764 4739/4739 4725/4725
f 1610/1610 1612/1612 4748/4748
f 4706/4706 4604/4604 4734/4734
f 1702/1702 1592/1592 1616/1616
f 4765/4765 4735/4735 4766/4766
f 4735/4735 4742/4742 4767/4767
f 1617/1617 4714/4714 4768/4768
f 4714/4714 4718/4718 4769/4769
f 4768/4768 4714/4714 4769/4769
f 4769/4769 4718/4718 4770/4770
f 1693/1693 4736/4736 1691/1691
f 4770/4770 4718/4718 4729/4729
f 4743/4743 4720/4720 4771/4771
f 1563/1563 1529/1529 1694/1694
f 1697/1697 1563/1563 1694/1694
f 4772/4772 4646/4646 4693/4693
f 4722/4722 4696/4696 4773/4773
f 4696/4696 4723/4723 4774/4774
f 4773/4773 4696/4696 4774/4774
f 4724/4724 4709/4709 4746/4746
f 4746/4746 4671/4671 4763/4763
f 4725/4725 1610/1610 4748/4748
f 4754/4754 4705/4705 4775/4775
f 4776/4776 4712/4712 4750/4750
f 4750/4750 4700/4700 4777/4777
f 4777/4777 4700/4700 4701/4701
f 1659/1659 1629/1629 1633/1633
f 4766/4766 4735/4735 4767/4767
f 4767/4767 4742/4742 4757/4757
f 4778/4778 4634/4634 4646/4646
f 4763/4763 4599/4599 4623/4623
f 4654/4654 4686/4686 4779/4779
f 4686/4686 4731/4731 4780/4780
f 4748/4748 4754/4754 4781/4781
f 4775/4775 4705/4705 4716/4716
f 4733/4733 4706/4706 4782/4782
f 1659/1659 1633/1633 1750/1750
f 1633/1633 1623/1623 1704/1704
f 1704/1704 1623/1623 1702/1702
f 1702/1702 1616/1616 1673/1673
f 4751/4751 4719/4719 1707/1707
f 1707/1707 4719/4719 1693/1693
f 1694/1694 1529/1529 4634/4634
f 4778/4778 4646/4646 4772/4772
f 1728/1728 4694/4694 4783/4783
f 4783/4783 4694/4694 4744/4744
f 4784/4784 4744/4744 4745/4745
f 4672/4672 4654/4654 4785/4785
f 4785/4785 4654/4654 4779/4779
f 4731/4731 4739/4739 4764/4764
f 4725/4725 4748/4748 4786/4786
f 4786/4786 4748/4748 4787/4787
f 4710/4710 4726/4726 4788/4788
f 4726/4726 4749/4749 4789/4789
f 4788/4788 4726/4726 4789/4789
f 4749/4749 4740/4740 4790/4790
f 4789/4789 4749/4749 4790/4790
f 4732/4732 1532/1532 1681/1681
f 4782/4782 4706/4706 4734/4734
f 1658/1658 1603/1603 1670/1670
f 1750/1750 1633/1633 1704/1704
f 4791/4791 4758/4758 4792/4792
f 4792/4792 4758/4758 4759/4759
f 4770/4770 4729/4729 4793/4793
f 4793/4793 4729/4729 4752/4752
f 4752/4752 4737/4737 4794/4794
f 4794/4794 4737/4737 4743/4743
f 4795/4795 4722/4722 4773/4773
f 4762/4762 4730/4730 4796/4796
f 4797/4797 4672/4672 4785/4785
f 4779/4779 4686/4686 4780/4780
f 4780/4780 4731/4731 4764/4764
f 4798/4798 4764/4764 4725/4725
f 4787/4787 4748/4748 4781/4781
f 4781/4781 4754/4754 4775/4775
f 4775/4775 4716/4716 4799/4799
f 4790/4790 4740/4740 4732/4732
f 4777/4777 4701/4701 4800/4800
f 4733/4733 4782/4782 4801/4801
f 4793/4793 4752/4752 4794/4794
f 1694/1694 4634/4634 4778/4778
f 4747/4747 1728/1728 1730/1730
f 4802/4802 4747/4747 1730/1730
f 4780/4780 4764/4764 4803/4803
f 4798/4798 4725/4725 4786/4786
f 4800/4800 4701/4701 4801/4801
f 4801/4801 4701/4701 4741/4741
f 4741/4741 4733/4733 4801/4801
f 4804/4804 4766/4766 4767/4767
f 4791/4791 4792/4792 4805/4805
f 4792/4792 4759/4759 4806/4806
f 4807/4807 4760/4760 4751/4751
f 4751/4751 1707/1707 1706/1706
f 4807/4807 4751/4751 1706/1706
f 4808/4808 1650/1650 1690/1690
f 4768/4768 4769/4769 4809/4809
f 4809/4809 4769/4769 4770/4770
f 1707/1707 1693/1693 1692/1692
f 4794/4794 4743/4743 4810/4810
f 4810/4810 4743/4743 4771/4771
f 4811/4811 4652/4652 4762/4762
f 4783/4783 4744/4744 4812/4812
f 4812/4812 4744/4744 4784/4784
f 4745/4745 4722/4722 4795/4795
f 4774/4774 4723/4723 4813/4813
f 4723/4723 4724/4724 4813/4813
f 4673/4673 4672/4672 4797/4797
f 4790/4790 4732/4732 4814/4814
f 4814/4814 4732/4732 1681/1681
f 4782/4782 4734/4734 4815/4815
f 1703/1703 1702/1702 1673/1673
f 4804/4804 4767/4767 4816/4816
f 4805/4805 4792/4792 4806/4806
f 1640/1640 1617/1617 4817/4817
f 1617/1617 4768/4768 4818/4818
f 4817/4817 1617/1617 4818/4818
f 4818/4818 4768/4768 4809/4809
f 4819/4819 4673/4673 4797/4797
f 4789/4789 4790/4790 4814/4814
f 4815/4815 4734/4734 4820/4820
f 4820/4820 4734/4734 4755/4755
f 4804/4804 4816/4816 4821/4821
f 4805/4805 4806/4806 4822/4822
f 4823/4823 4824/4824 4825/4825
f 1712/1712 1640/1640 4817/4817
f 4826/4826 4807/4807 1706/1706
f 1695/1695 1694/1694 4778/4778
f 4761/4761 4635/4635 4652/4652
f 4745/4745 4795/4795 4827/4827
f 4813/4813 4724/4724 4828/4828
f 4828/4828 4724/4724 4829/4829
f 4803/4803 4764/4764 4798/4798
f 4830/4830 4775/4775 4799/4799
f 4799/4799 4716/4716 4710/4710
f 4788/4788 4789/4789 4831/4831
f 4831/4831 4789/4789 4814/4814
f 1673/1673 1686/1686 1718/1718
f 4832/4832 4766/4766 4804/4804
f 4833/4833 4805/4805 4834/4834
f 4834/4834 4805/4805 4822/4822
f 4809/4809 4770/4770 4835/4835
f 4835/4835 4770/4770 4793/4793
f 4810/4810 4771/4771 4836/4836
f 4837/4837 1697/1697 1696/1696
f 4784/4784 4745/4745 4827/4827
f 4829/4829 4724/4724 4746/4746
f 4799/4799 4710/4710 4838/4838
f 4839/4839 4776/4776 4750/4750
f 4832/4832 4804/4804 4840/4840
f 4840/4840 4804/4804 4821/4821
f 4821/4821 4816/4816 4841/4841
f 4823/4823 4825/4825 4842/4842
f 4842/4842 4825/4825 4843/4843
f 4844/4844 4826/4826 1706/1706
f 4844/4844 1706/1706 4845/4845
f 4845/4845 1706/1706 1692/1692
f 4845/4845 1692/1692 4846/4846
f 4808/4808 1690/1690 1724/1724
f 4846/4846 1692/1692 4847/4847
f 4835/4835 4793/4793 4848/4848
f 4761/4761 4652/4652 4811/4811
f 4785/4785 4779/4779 4780/4780
f 4781/4781 4775/4775 4830/4830
f 4710/4710 4788/4788 4838/4838
f 4838/4838 4788/4788 4831/4831
f 4820/4820 4755/4755 4756/4756
f 4848/4848 4793/4793 4794/4794
f 4797/4797 4785/4785 4849/4849
f 4785/4785 4780/4780 4850/4850
f 4850/4850 4780/4780 4803/4803
f 4803/4803 4798/4798 4851/4851
f 4851/4851 4798/4798 4786/4786
f 4852/4852 4777/4777 4800/4800
f 4801/4801 4782/4782 4815/4815
f 1736/1736 1659/1659 1750/1750
f 1750/1750 1704/1704 1739/1739
f 4834/4834 4822/4822 4853/4853
f 4854/4854 4823/4823 4842/4842
f 4855/4855 4761/4761 4811/4811
f 1728/1728 4783/4783 4856/4856
f 4763/4763 4623/4623 4857/4857
f 4858/4858 4624/4624 4584/4584
f 4859/4859 4786/4786 4787/4787
f 4860/4860 4781/4781 4830/4830
f 4750/4750 4777/4777 4852/4852
f 4840/4840 4821/4821 4841/4841
f 4840/4840 4841/4841 4861/4861
f 4861/4861 4841/4841 4862/4862
f 4863/4863 4833/4833 4834/4834
f 4864/4864 4848/4848 4794/4794
f 4855/4855 4693/4693 4761/4761
f 4811/4811 4762/4762 4865/4865
f 1729/1729 1728/1728 4866/4866
f 4813/4813 4828/4828 4867/4867
f 4829/4829 4746/4746 4763/4763
f 4829/4829 4763/4763 4868/4868
f 4865/4865 4762/4762 4796/4796
f 4865/4865 4796/4796 4869/4869
f 4802/4802 1730/1730 1729/1729
f 4858/4858 4584/4584 4753/4753
f 4753/4753 4738/4738 4870/4870
f 4850/4850 4803/4803 4871/4871
f 4831/4831 4814/4814 4872/4872
f 4872/4872 4814/4814 1681/1681
f 4852/4852 4800/4800 4873/4873
f 4800/4800 4801/4801 4874/4874
f 4875/4875 4801/4801 4876/4876
f 4876/4876 4801/4801 4815/4815
f 1739/1739 1703/1703 1787/1787
f 1787/1787 1703/1703 1673/1673
f 4854/4854 4842/4842 4843/4843
f 4877/4877 4843/4843 4878/4878
f 4864/4864 4794/4794 4810/4810
f 4866/4866 1728/1728 4856/4856
f 4856/4856 4783/4783 4812/4812
f 4812/4812 4784/4784 4879/4879
f 4773/4773 4774/4774 4795/4795
f 4795/4795 4774/4774 4880/4880
f 4880/4880 4774/4774 4813/4813
f 4880/4880 4813/4813 4867/4867
f 4881/4881 4802/4802 1729/1729
f 4882/4882 4785/4785 4850/4850
f 4803/4803 4851/4851 4883/4883
f 4884/4884 4851/4851 4786/4786
f 4860/4860 4830/4830 4885/4885
f 4830/4830 4799/4799 4885/4885
f 4839/4839 4750/4750 1820/1820
f 1820/1820 4750/4750 4852/4852
f 4834/4834 4853/4853 4886/4886
f 4887/4887 4854/4854 4843/4843
f 1758/1758 1712/1712 4817/4817
f 4818/4818 4809/4809 4888/4888
f 4888/4888 4809/4809 4835/4835
f 4835/4835 4848/4848 4889/4889
f 4889/4889 4848/4848 4864/4864
f 4864/4864 4810/4810 4890/4890
f 4890/4890 4810/4810 4836/4836
f 4778/4778 4772/4772 4891/4891
f 4784/4784 4827/4827 4892/4892
f 4870/4870 4738/4738 4893/4893
f 4893/4893 4738/4738 1654/1654
f 4819/4819 4797/4797 4894/4894
f 4787/4787 4781/4781 4895/4895
f 4838/4838 4831/4831 4896/4896
f 4896/4896 4831/4831 4872/4872
f 4820/4820 4756/4756 4897/4897
f 4863/4863 4834/4834 4898/4898
f 4898/4898 4834/4834 4886/4886
f 4817/4817 4818/4818 4899/4899
f 4899/4899 4818/4818 4888/4888
f 4891/4891 4772/4772 4693/4693
f 4828/4828 4829/4829 4868/4868
f 4849/4849 4785/4785 4882/4882
f 4871/4871 4803/4803 4883/4883
f 4884/4884 4786/4786 4859/4859
f 4799/4799 4838/4838 4900/4900
f 4900/4900 4838/4838 4896/4896
f 4874/4874 4801/4801 4875/4875
f 1804/1804 4832/4832 4840/4840
f 4887/4887 4843/4843 4877/4877
f 1751/1751 1695/1695 4778/4778
f 4895/4895 4781/4781 4860/4860
f 1820/1820 4852/4852 1818/1818
f 4815/4815 4820/4820 4901/4901
f 4901/4901 4820/4820 4902/4902
f 1787/1787 1673/1673 1772/1772
f 1805/1805 4840/4840 4861/4861
f 4846/4846 4847/4847 4903/4903
f 4904/4904 4693/4693 4855/4855
f 4879/4879 4784/4784 4905/4905
f 4827/4827 4795/4795 4906/4906
f 4868/4868 4763/4763 4857/4857
f 4859/4859 4787/4787 4895/4895
f 4873/4873 4800/4800 4874/4874
f 4907/4907 4874/4874 4875/4875
f 1785/1785 1739/1739 1787/1787
f 1804/1804 4840/4840 1805/1805
f 1805/1805 4861/4861 4908/4908
f 4908/4908 4861/4861 4862/4862
f 1758/1758 4817/4817 4909/4909
f 4909/4909 4817/4817 4899/4899
f 4845/4845 4846/4846 4910/4910
f 4910/4910 4846/4846 4903/4903
f 4856/4856 4812/4812 4879/4879
f 4905/4905 4784/4784 4892/4892
f 4795/4795 4880/4880 4911/4911
f 4865/4865 4869/4869 4912/4912
f 4913/4913 4881/4881 1729/1729
f 4894/4894 4797/4797 4849/4849
f 4883/4883 4851/4851 4914/4914
f 4914/4914 4851/4851 4884/4884
f 4885/4885 4799/4799 4915/4915
f 4908/4908 4862/4862 4916/4916
f 4917/4917 4863/4863 4898/4898
f 4917/4917 4898/4898 4918/4918
f 4918/4918 4898/4898 4886/4886
f 4877/4877 4878/4878 4919/4919
f 4920/4920 4845/4845 4910/4910
f 4888/4888 4835/4835 4921/4921
f 4921/4921 4835/4835 4889/4889
f 4922/4922 4837/4837 4923/4923
f 4923/4923 4837/4837 1696/1696
f 4855/4855 4811/4811 4924/4924
f 4892/4892 4827/4827 4906/4906
f 4913/4913 1729/1729 4925/4925
f 4893/4893 1654/1654 1847/1847
f 4872/4872 1681/1681 1790/1790
f 4926/4926 4839/4839 1820/1820
f 4927/4927 4908/4908 4916/4916
f 4887/4887 4877/4877 4928/4928
f 4929/4929 4877/4877 4919/4919
f 4891/4891 4693/4693 4904/4904
f 4925/4925 1729/1729 4866/4866
f 4856/4856 4879/4879 4930/4930
f 4906/4906 4795/4795 4911/4911
f 4915/4915 4799/4799 4900/4900
f 4900/4900 4896/4896 4931/4931
f 4931/4931 4896/4896 4872/4872
f 1818/1818 4852/4852 4873/4873
f 4873/4873 4874/4874 4907/4907
f 4918/4918 4886/4886 4932/4932
f 4933/4933 4887/4887 4928/4928
f 4928/4928 4877/4877 4929/4929
f 4910/4910 4903/4903 1861/1861
f 4864/4864 4890/4890 4934/4934
f 4935/4935 4922/4922 4923/4923
f 4923/4923 1696/1696 1798/1798
f 4924/4924 4811/4811 4865/4865
f 4936/4936 4828/4828 4868/4868
f 4871/4871 4883/4883 4914/4914
f 4902/4902 4820/4820 4897/4897
f 1758/1758 4909/4909 4937/4937
f 1809/1809 1758/1758 4937/4937
f 4937/4937 4909/4909 4899/4899
f 4920/4920 4910/4910 1863/1863
f 1863/1863 4910/4910 1861/1861
f 4899/4899 4888/4888 4938/4938
f 4938/4938 4888/4888 4921/4921
f 4889/4889 4864/4864 4939/4939
f 4939/4939 4864/4864 4940/4940
f 4940/4940 4864/4864 4934/4934
f 4941/4941 4778/4778 4891/4891
f 4930/4930 4879/4879 4942/4942
f 4879/4879 4905/4905 4942/4942
f 4892/4892 4906/4906 4943/4943
f 4944/4944 4819/4819 4894/4894
f 4882/4882 4850/4850 4945/4945
f 4850/4850 4871/4871 4945/4945
f 4946/4946 4885/4885 4915/4915
f 4915/4915 4900/4900 4947/4947
f 4947/4947 4900/4900 4931/4931
f 4948/4948 4931/4931 4872/4872
f 4926/4926 1820/1820 1819/1819
f 1822/1822 1737/1737 1791/1791
f 1803/1803 1805/1805 4908/4908
f 1803/1803 4908/4908 4949/4949
f 4949/4949 4908/4908 4927/4927
f 4925/4925 4866/4866 4930/4930
f 4866/4866 4856/4856 4930/4930
f 4950/4950 4880/4880 4867/4867
f 4867/4867 4828/4828 4936/4936
f 4860/4860 4885/4885 4946/4946
f 4876/4876 4815/4815 4901/4901
f 4902/4902 4897/4897 4951/4951
f 1772/1772 1756/1756 1838/1838
f 4917/4917 4918/4918 4932/4932
f 4921/4921 4889/4889 4939/4939
f 4950/4950 4867/4867 4936/4936
f 4914/4914 4884/4884 4952/4952
f 4953/4953 4895/4895 4860/4860
f 4954/4954 4931/4931 4948/4948
f 4948/4948 4872/4872 1790/1790
f 1827/1827 1786/1786 1829/1829
f 4949/4949 4927/4927 4955/4955
f 4927/4927 4916/4916 4956/4956
f 4955/4955 4927/4927 4956/4956
f 4957/4957 4917/4917 4932/4932
f 4937/4937 4899/4899 4958/4958
f 4958/4958 4899/4899 4938/4938
f 4904/4904 4855/4855 4959/4959
f 4911/4911 4880/4880 4950/4950
f 4865/4865 4912/4912 4960/4960
f 4961/4961 4884/4884 4859/4859
f 4859/4859 4895/4895 4953/4953
f 4962/4962 4915/4915 4947/4947
f 4963/4963 4947/4947 4931/4931
f 4963/4963 4931/4931 4954/4954
f 4901/4901 4902/4902 4964/4964
f 4929/4929 4919/4919 4965/4965
f 4966/4966 4920/4920 1863/1863
f 4959/4959 4855/4855 4924/4924
f 4905/4905 4892/4892 4943/4943
f 4967/4967 4911/4911 4950/4950
f 4913/4913 4925/4925 1895/1895
f 4961/4961 4859/4859 4953/4953
f 4968/4968 4873/4873 4907/4907
f 4969/4969 4907/4907 4875/4875
f 4957/4957 4932/4932 4970/4970
f 4970/4970 4932/4932 4971/4971
f 4972/4972 4933/4933 4928/4928
f 1751/1751 4778/4778 4941/4941
f 1895/1895 4925/4925 4930/4930
f 4973/4973 4930/4930 4942/4942
f 4906/4906 4911/4911 4967/4967
f 4894/4894 4849/4849 4974/4974
f 4849/4849 4882/4882 4974/4974
f 4975/4975 4945/4945 4871/4871
f 4871/4871 4914/4914 4976/4976
f 4952/4952 4884/4884 4961/4961
f 4953/4953 4860/4860 4946/4946
f 4962/4962 4947/4947 4963/4963
f 4954/4954 4948/4948 4977/4977
f 4978/4978 4954/4954 4977/4977
f 4977/4977 4948/4948 1790/1790
f 1819/1819 1818/1818 4979/4979
f 1845/1845 1772/1772 1852/1852
f 4980/4980 1803/1803 4981/4981
f 4928/4928 4929/4929 4982/4982
f 4972/4972 4928/4928 4982/4982
f 1809/1809 4937/4937 4983/4983
f 4983/4983 4937/4937 4958/4958
f 4982/4982 4929/4929 4965/4965
f 4921/4921 4939/4939 4984/4984
f 1854/1854 1751/1751 4941/4941
f 1894/1894 4913/4913 1895/1895
f 4882/4882 4945/4945 4975/4975
f 4979/4979 1818/1818 4873/4873
f 4964/4964 4902/4902 1961/1961
f 1961/1961 4902/4902 4951/4951
f 1797/1797 1809/1809 4985/4985
f 4985/4985 1809/1809 4983/4983
f 4966/4966 1863/1863 1862/1862
f 4938/4938 4921/4921 4986/4986
f 4986/4986 4921/4921 4984/4984
f 4984/4984 4939/4939 4940/4940
f 4935/4935 4923/4923 4987/4987
f 4987/4987 4923/4923 1798/1798
f 4924/4924 4865/4865 4988/4988
f 4967/4967 4950/4950 4989/4989
f 4988/4988 4865/4865 4960/4960
f 4858/4858 4753/4753 4990/4990
f 4990/4990 4753/4753 4870/4870
f 4946/4946 4915/4915 4962/4962
f 4963/4963 4954/4954 4978/4978
f 4926/4926 1819/1819 4991/4991
f 4992/4992 4926/4926 4991/4991
f 4991/4991 1819/1819 4979/4979
f 4993/4993 1797/1797 4985/4985
f 4984/4984 4940/4940 4994/4994
f 4994/4994 4940/4940 4934/4934
f 4995/4995 4894/4894 4974/4974
f 4974/4974 4882/4882 4996/4996
f 4996/4996 4882/4882 4975/4975
f 4975/4975 4871/4871 4976/4976
f 4976/4976 4914/4914 4952/4952
f 4979/4979 4873/4873 4968/4968
f 1829/1829 1845/1845 1868/1868
f 4997/4997 4957/4957 4970/4970
f 4994/4994 4934/4934 4998/4998
f 4999/4999 4935/4935 4987/4987
f 4943/4943 4906/4906 5000/5000
f 5000/5000 4906/4906 4967/4967
f 4989/4989 4950/4950 4936/4936
f 4944/4944 4894/4894 4995/4995
f 4968/4968 4907/4907 4969/4969
f 4875/4875 4876/4876 5001/5001
f 4876/4876 4901/4901 4964/4964
f 1822/1822 1791/1791 1870/1870
f 1871/1871 1827/1827 1829/1829
f 1803/1803 4949/4949 4981/4981
f 4997/4997 4970/4970 5002/5002
f 5003/5003 4997/4997 5002/5002
f 5002/5002 4970/4970 4971/4971
f 5004/5004 4972/4972 4982/4982
f 5005/5005 1854/1854 4941/4941
f 5006/5006 4942/4942 5007/5007
f 4942/4942 4905/4905 5007/5007
f 5007/5007 4905/4905 4943/4943
f 5008/5008 4943/4943 5000/5000
f 5009/5009 4952/4952 4961/4961
f 5010/5010 4953/4953 4946/4946
f 4978/4978 4977/4977 5011/5011
f 5011/5011 4977/4977 1790/1790
f 4969/4969 4875/4875 5001/5001
f 1871/1871 1829/1829 1908/1908
f 1908/1908 1829/1829 1868/1868
f 4949/4949 4955/4955 5012/5012
f 5013/5013 4997/4997 5003/5003
f 4983/4983 4958/4958 5014/5014
f 4982/4982 4965/4965 5015/5015
f 5015/5015 4965/4965 4993/4993
f 5014/5014 4958/4958 4938/4938
f 5014/5014 4938/4938 5016/5016
f 5016/5016 4938/4938 4986/4986
f 4941/4941 4891/4891 5017/5017
f 5017/5017 4891/4891 4904/4904
f 5018/5018 4959/4959 4924/4924
f 4973/4973 4942/4942 5006/5006
f 5019/5019 4936/4936 4868/4868
f 4868/4868 4857/4857 5020/5020
f 4961/4961 4953/4953 5010/5010
f 5003/5003 5002/5002 5021/5021
f 5022/5022 5004/5004 5023/5023
f 4993/4993 4985/4985 5024/5024
f 5015/5015 4993/4993 5024/5024
f 5024/5024 4985/4985 4983/4983
f 5025/5025 4982/4982 5015/5015
f 4904/4904 4959/4959 5018/5018
f 5026/5026 1895/1895 4930/4930
f 5026/5026 4930/4930 4973/4973
f 5027/5027 4974/4974 4996/4996
f 5028/5028 4996/4996 5029/5029
f 4996/4996 4975/4975 5029/5029
f 5029/5029 4975/4975 4976/4976
f 4976/4976 4952/4952 5009/5009
f 4992/4992 4991/4991 1951/1951
f 1951/1951 4991/4991 4979/4979
f 1949/1949 4979/4979 4968/4968
f 1890/1890 1871/1871 1916/1916
f 1916/1916 1871/1871 1908/1908
f 1961/1961 4951/4951 1958/1958
f 5023/5023 5004/5004 4982/4982
f 4984/4984 4994/4994 5030/5030
f 5018/5018 4924/4924 5031/5031
f 5019/5019 4868/4868 5020/5020
f 4988/4988 4960/4960 5032/5032
f 5027/5027 4996/4996 5028/5028
f 4963/4963 4978/4978 5033/5033
f 5033/5033 4978/4978 5011/5011
f 5034/5034 4992/4992 1951/1951
f 1951/1951 4979/4979 1949/1949
f 5035/5035 4981/4981 4949/4949
f 5035/5035 4949/4949 5036/5036
f 5036/5036 4949/4949 5012/5012
f 5022/5022 5023/5023 5037/5037
f 5023/5023 4982/4982 5038/5038
f 5038/5038 4982/4982 5025/5025
f 5038/5038 5025/5025 5039/5039
f 5025/5025 5015/5015 5040/5040
f 5039/5039 5025/5025 5040/5040
f 5040/5040 5015/5015 5024/5024
f 5024/5024 4983/4983 5041/5041
f 5041/5041 4983/4983 5014/5014
f 4986/4986 4984/4984 5030/5030
f 5030/5030 4994/4994 5042/5042
f 5042/5042 4994/4994 4998/4998
f 5043/5043 4999/4999 4987/4987
f 5017/5017 4904/4904 5018/5018
f 1895/1895 5026/5026 5044/5044
f 5007/5007 4943/4943 5045/5045
f 4943/4943 5008/5008 5045/5045
f 4989/4989 4936/4936 5019/5019
f 5046/5046 4858/4858 4990/4990
f 4995/4995 4974/4974 5027/5027
f 5009/5009 4961/4961 5047/5047
f 4962/4962 4963/4963 5048/5048
f 5048/5048 4963/4963 5033/5033
f 5011/5011 1790/1790 1904/1904
f 1949/1949 4968/4968 5049/5049
f 1890/1890 1916/1916 1918/1918
f 5050/5050 4981/4981 5035/5035
f 5013/5013 5003/5003 5051/5051
f 5003/5003 5021/5021 5052/5052
f 5051/5051 5003/5003 5052/5052
f 5053/5053 5022/5022 5037/5037
f 5037/5037 5023/5023 5038/5038
f 1892/1892 1895/1895 5044/5044
f 5008/5008 5000/5000 5054/5054
f 5000/5000 4967/4967 5055/5055
f 5055/5055 4967/4967 5056/5056
f 5056/5056 4967/4967 4989/4989
f 5057/5057 4976/4976 5058/5058
f 5058/5058 4976/4976 5009/5009
f 5047/5047 4961/4961 5010/5010
f 4876/4876 4964/4964 5001/5001
f 5001/5001 4964/4964 1961/1961
f 1916/1916 1908/1908 1917/1917
f 5036/5036 5012/5012 5059/5059
f 5060/5060 5013/5013 5051/5051
f 5040/5040 5024/5024 5061/5061
f 5061/5061 5024/5024 5041/5041
f 1798/1798 1854/1854 5005/5005
f 4989/4989 5019/5019 5056/5056
f 5062/5062 5009/5009 5047/5047
f 5010/5010 4946/4946 5063/5063
f 5063/5063 4946/4946 4962/4962
f 5033/5033 5011/5011 5064/5064
f 4969/4969 5001/5001 5065/5065
f 5051/5051 5052/5052 5066/5066
f 5067/5067 5053/5053 5037/5037
f 5068/5068 5038/5038 5039/5039
f 5061/5061 5041/5041 5069/5069
f 5069/5069 5041/5041 5014/5014
f 5016/5016 4986/4986 5070/5070
f 4986/4986 5030/5030 5070/5070
f 5031/5031 4924/4924 4988/4988
f 5071/5071 5026/5026 4973/4973
f 4988/4988 5032/5032 5072/5072
f 5063/5063 4962/4962 5073/5073
f 5073/5073 4962/4962 5048/5048
f 5074/5074 4968/4968 4969/4969
f 1934/1934 1890/1890 1918/1918
f 1937/1937 1881/1881 1877/1877
f 4980/4980 4981/4981 5050/5050
f 5060/5060 5051/5051 5075/5075
f 5075/5075 5051/5051 5066/5066
f 5067/5067 5037/5037 5076/5076
f 5076/5076 5037/5037 5038/5038
f 5076/5076 5038/5038 5068/5068
f 5068/5068 5039/5039 5077/5077
f 5039/5039 5040/5040 5078/5078
f 5077/5077 5039/5039 5078/5078
f 5078/5078 5040/5040 5061/5061
f 5069/5069 5014/5014 5079/5079
f 5079/5079 5014/5014 5016/5016
f 5030/5030 5042/5042 5080/5080
f 5054/5054 5000/5000 5055/5055
f 5029/5029 4976/4976 5057/5057
f 5081/5081 5047/5047 5010/5010
f 5073/5073 5048/5048 5033/5033
f 5064/5064 5011/5011 1904/1904
f 1988/1988 1937/1937 1877/1877
f 5079/5079 5016/5016 5070/5070
f 5082/5082 5070/5070 5030/5030
f 5082/5082 5030/5030 5080/5080
f 5043/5043 4987/4987 5083/5083
f 5083/5083 4987/4987 1798/1798
f 5044/5044 5026/5026 5071/5071
f 4973/4973 5006/5006 5084/5084
f 5073/5073 5033/5033 5085/5085
f 5085/5085 5033/5033 5064/5064
f 5034/5034 1951/1951 1950/1950
f 5001/5001 1961/1961 1960/1960
f 1996/1996 1891/1891 1910/1910
f 5035/5035 5036/5036 5086/5086
f 5086/5086 5036/5036 5059/5059
f 5078/5078 5061/5061 5087/5087
f 5087/5087 5061/5061 5069/5069
f 5005/5005 4941/4941 5017/5017
f 5088/5088 5006/5006 5007/5007
f 5045/5045 5008/5008 5054/5054
f 4995/4995 5027/5027 5089/5089
f 5058/5058 5009/5009 5062/5062
f 5049/5049 4968/4968 5074/5074
f 5074/5074 4969/4969 5065/5065
f 1956/1956 1917/1917 1967/1967
f 5090/5090 5005/5005 5017/5017
f 5091/5091 5018/5018 5031/5031
f 1980/1980 1892/1892 5044/5044
f 4973/4973 5084/5084 5071/5071
f 5054/5054 5055/5055 5092/5092
f 5010/5010 5063/5063 5093/5093
f 5085/5085 5064/5064 1904/1904
f 5065/5065 5001/5001 5094/5094
f 1971/1971 1954/1954 1953/1953
f 1996/1996 1910/1910 1976/1976
f 1907/1907 1901/1901 1977/1977
f 5095/5095 5031/5031 4988/4988
f 5019/5019 5020/5020 5096/5096
f 5093/5093 5081/5081 5010/5010
f 5097/5097 5034/5034 1950/1950
f 1970/1970 1949/1949 5049/5049
f 1971/1971 1953/1953 1984/1984
f 1976/1976 1942/1942 1996/1996
f 1990/1990 1907/1907 1977/1977
f 5091/5091 5031/5031 5095/5095
f 5095/5095 4988/4988 5098/5098
f 5006/5006 5088/5088 5084/5084
f 5088/5088 5007/5007 5045/5045
f 5098/5098 4988/4988 5072/5072
f 4944/4944 4995/4995 5089/5089
f 5099/5099 5081/5081 5093/5093
f 5100/5100 5063/5063 5073/5073
f 5101/5101 5085/5085 1904/1904
f 5094/5094 5001/5001 5102/5102
f 1989/1989 1956/1956 1967/1967
f 5102/5102 5001/5001 1960/1960
f 5103/5103 5050/5050 5035/5035
f 5076/5076 5068/5068 5104/5104
f 5104/5104 5068/5068 5105/5105
f 5105/5105 5068/5068 5077/5077
f 5083/5083 1798/1798 5005/5005
f 5106/5106 5044/5044 5071/5071
f 5045/5045 5054/5054 5107/5107
f 5092/5092 5055/5055 5056/5056
f 5092/5092 5056/5056 5108/5108
f 5109/5109 4944/4944 5089/5089
f 5110/5110 5029/5029 5057/5057
f 5093/5093 5063/5063 5100/5100
f 5073/5073 5085/5085 5111/5111
f 5111/5111 5085/5085 5101/5101
f 5103/5103 4980/4980 5050/5050
f 5060/5060 5075/5075 5112/5112
f 5075/5075 5066/5066 5113/5113
f 5112/5112 5075/5075 5113/5113
f 5114/5114 5067/5067 5076/5076
f 5114/5114 5076/5076 5115/5115
f 5115/5115 5076/5076 5104/5104
f 5105/5105 5077/5077 5116/5116
f 5116/5116 5077/5077 5078/5078
f 5078/5078 5087/5087 5117/5117
f 5117/5117 5087/5087 5069/5069
f 5118/5118 5082/5082 5080/5080
f 5017/5017 5018/5018 5091/5091
f 1980/1980 5044/5044 5106/5106
f 5110/5110 5057/5057 5119/5119
f 5062/5062 5047/5047 5120/5120
f 5120/5120 5047/5047 5121/5121
f 5121/5121 5047/5047 5081/5081
f 5049/5049 5074/5074 5065/5065
f 1966/1966 1989/1989 2005/2005
f 5102/5102 1960/1960 2008/2008
f 5090/5090 5083/5083 5005/5005
f 2001/2001 1980/1980 5106/5106
f 5056/5056 5019/5019 5108/5108
f 5108/5108 5019/5019 5122/5122
f 5098/5098 5072/5072 5123/5123
f 4990/4990 4870/4870 5124/5124
f 4870/4870 4893/4893 5124/5124
f 5124/5124 4893/4893 1847/1847
f 5125/5125 5027/5027 5028/5028
f 5028/5028 5029/5029 5110/5110
f 5119/5119 5057/5057 5058/5058
f 5058/5058 5062/5062 5120/5120
f 5121/5121 5081/5081 5099/5099
f 5100/5100 5073/5073 5126/5126
f 5101/5101 1904/1904 2024/2024
f 1970/1970 5049/5049 5127/5127
f 2009/2009 1977/1977 2013/2013
f 5103/5103 5035/5035 5128/5128
f 5128/5128 5035/5035 5086/5086
f 5086/5086 5059/5059 5129/5129
f 5130/5130 5060/5060 5112/5112
f 5116/5116 5078/5078 5131/5131
f 5131/5131 5078/5078 5117/5117
f 5079/5079 5070/5070 5132/5132
f 5132/5132 5070/5070 5082/5082
f 5132/5132 5082/5082 5133/5133
f 5133/5133 5082/5082 5118/5118
f 5090/5090 5017/5017 5134/5134
f 5135/5135 5084/5084 5136/5136
f 5084/5084 5088/5088 5136/5136
f 5088/5088 5045/5045 5136/5136
f 5107/5107 5054/5054 5092/5092
f 5122/5122 5019/5019 5096/5096
f 5069/5069 5079/5079 5137/5137
f 5137/5137 5079/5079 5132/5132
f 5091/5091 5095/5095 5138/5138
f 5106/5106 5071/5071 5139/5139
f 5071/5071 5084/5084 5139/5139
f 5089/5089 5027/5027 5140/5140
f 5125/5125 5028/5028 5110/5110
f 5119/5119 5058/5058 5141/5141
f 5121/5121 5099/5099 5142/5142
f 5126/5126 5073/5073 5111/5111
f 5111/5111 5101/5101 5143/5143
f 5143/5143 5101/5101 2024/2024
f 5144/5144 5049/5049 5065/5065
f 5128/5128 5086/5086 5145/5145
f 5145/5145 5086/5086 5129/5129
f 5117/5117 5069/5069 5146/5146
f 5146/5146 5069/5069 5137/5137
f 5045/5045 5107/5107 5147/5147
f 5136/5136 5045/5045 5147/5147
f 5046/5046 4990/4990 5148/5148
f 5148/5148 4990/4990 5124/5124
f 5140/5140 5027/5027 5125/5125
f 5141/5141 5058/5058 5120/5120
f 5099/5099 5093/5093 5142/5142
f 5149/5149 5097/5097 1950/1950
f 5144/5144 5065/5065 5094/5094
f 5150/5150 5090/5090 5134/5134
f 5134/5134 5017/5017 5151/5151
f 5095/5095 5098/5098 5152/5152
f 5107/5107 5092/5092 5153/5153
f 2046/2046 1970/1970 5127/5127
f 5154/5154 5144/5144 5094/5094
f 5155/5155 5094/5094 5102/5102
f 5155/5155 5102/5102 2040/2040
f 2040/2040 5102/5102 2008/2008
f 5017/5017 5091/5091 5138/5138
f 5124/5124 1847/1847 1968/1968
f 5156/5156 5141/5141 5120/5120
f 5126/5126 5111/5111 5157/5157
f 5158/5158 5126/5126 5157/5157
f 5157/5157 5111/5111 5143/5143
f 5143/5143 2024/2024 5159/5159
f 5149/5149 1950/1950 2046/2046
f 5127/5127 5049/5049 5144/5144
f 5151/5151 5017/5017 5138/5138
f 2001/2001 5106/5106 5160/5160
f 5135/5135 5136/5136 5161/5161
f 5152/5152 5098/5098 5123/5123
f 5162/5162 5089/5089 5140/5140
f 5125/5125 5110/5110 5163/5163
f 5163/5163 5110/5110 5119/5119
f 5163/5163 5119/5119 5164/5164
f 5156/5156 5120/5120 5121/5121
f 5131/5131 5117/5117 2109/2109
f 2109/2109 5117/5117 5146/5146
f 5146/5146 5137/5137 5165/5165
f 5118/5118 5080/5080 5166/5166
f 5166/5166 5080/5080 5042/5042
f 5150/5150 5134/5134 5151/5151
f 2028/2028 2001/2001 5160/5160
f 5139/5139 5084/5084 5161/5161
f 5161/5161 5084/5084 5135/5135
f 5092/5092 5108/5108 5153/5153
f 5153/5153 5108/5108 5167/5167
f 5167/5167 5108/5108 5122/5122
f 5164/5164 5119/5119 5141/5141
f 5168/5168 5142/5142 5093/5093
f 5169/5169 5093/5093 5100/5100
f 5100/5100 5126/5126 5158/5158
f 5154/5154 5094/5094 5155/5155
f 2013/2013 1987/1987 2070/2070
f 5170/5170 5103/5103 5128/5128
f 5105/5105 5116/5116 5171/5171
f 5171/5171 5116/5116 5131/5131
f 5083/5083 5090/5090 2162/2162
f 2162/2162 5090/5090 5150/5150
f 5106/5106 5139/5139 5172/5172
f 5168/5168 5093/5093 5169/5169
f 2059/2059 2078/2078 2065/2065
f 2083/2083 2035/2035 2048/2048
f 2083/2083 2048/2048 2085/2085
f 5171/5171 5131/5131 5173/5173
f 5173/5173 5131/5131 2109/2109
f 2109/2109 5146/5146 2110/2110
f 2110/2110 5146/5146 5165/5165
f 5166/5166 5042/5042 5174/5174
f 2164/2164 5043/5043 5083/5083
f 5160/5160 5106/5106 5172/5172
f 5152/5152 5123/5123 5175/5175
f 5176/5176 5121/5121 5142/5142
f 2078/2078 2059/2059 2082/2082
f 2079/2079 2078/2078 2082/2082
f 5155/5155 2040/2040 2076/2076
f 5177/5177 5095/5095 5152/5152
f 5177/5177 5152/5152 5178/5178
f 5161/5161 5136/5136 5179/5179
f 5109/5109 5089/5089 5162/5162
f 5180/5180 5163/5163 5164/5164
f 5159/5159 2024/2024 2091/2091
f 5154/5154 5155/5155 5181/5181
f 5155/5155 2076/2076 2093/2093
f 5130/5130 5112/5112 5182/5182
f 5182/5182 5112/5112 5113/5113
f 5137/5137 5132/5132 5183/5183
f 5183/5183 5132/5132 5133/5133
f 5133/5133 5118/5118 5184/5184
f 5184/5184 5118/5118 5166/5166
f 5138/5138 5095/5095 5177/5177
f 5136/5136 5147/5147 5185/5185
f 5178/5178 5152/5152 5175/5175
f 5164/5164 5141/5141 5186/5186
f 5186/5186 5141/5141 5156/5156
f 5100/5100 5158/5158 5187/5187
f 5187/5187 5158/5158 5157/5157
f 5144/5144 5154/5154 5188/5188
f 2079/2079 2082/2082 2102/2102
f 5181/5181 5155/5155 5189/5189
f 2097/2097 2083/2083 2085/2085
f 5189/5189 5155/5155 2093/2093
f 2074/2074 2068/2068 2104/2104
f 5114/5114 5115/5115 5190/5190
f 5190/5190 5115/5115 5104/5104
f 5165/5165 5137/5137 5191/5191
f 5191/5191 5137/5137 5183/5183
f 2164/2164 5083/5083 2162/2162
f 5179/5179 5136/5136 5185/5185
f 5192/5192 5178/5178 5175/5175
f 5186/5186 5156/5156 5193/5193
f 5156/5156 5121/5121 5193/5193
f 5176/5176 5142/5142 5194/5194
f 5169/5169 5100/5100 5187/5187
f 2100/2100 2034/2034 5195/5195
f 5196/5196 5127/5127 5144/5144
f 5189/5189 2093/2093 2105/2105
f 5182/5182 5113/5113 5197/5197
f 5198/5198 5114/5114 5190/5190
f 5190/5190 5104/5104 5199/5199
f 5199/5199 5104/5104 5105/5105
f 5177/5177 5178/5178 5192/5192
f 2028/2028 5160/5160 5200/5200
f 5200/5200 5160/5160 5172/5172
f 5201/5201 5139/5139 5161/5161
f 5107/5107 5153/5153 5202/5202
f 5202/5202 5153/5153 5167/5167
f 5167/5167 5122/5122 5096/5096
f 5193/5193 5121/5121 5176/5176
f 5157/5157 5143/5143 5203/5203
f 5203/5203 5143/5143 5159/5159
f 5196/5196 5144/5144 5204/5204
f 5204/5204 5144/5144 5188/5188
f 5205/5205 2070/2070 2050/2050
f 5170/5170 5128/5128 5206/5206
f 5128/5128 5145/5145 5207/5207
f 5206/5206 5128/5128 5207/5207
f 5207/5207 5145/5145 5129/5129
f 5173/5173 2109/2109 2116/2116
f 2111/2111 2110/2110 2116/2116
f 2116/2116 2110/2110 5165/5165
f 2132/2132 2028/2028 5200/5200
f 5125/5125 5163/5163 5208/5208
f 2100/2100 5195/5195 5209/5209
f 5188/5188 5154/5154 5181/5181
f 2145/2145 5210/5210 2137/2137
f 2097/2097 2085/2085 2126/2126
f 5211/5211 5161/5161 5179/5179
f 5185/5185 5147/5147 5107/5107
f 5140/5140 5125/5125 5208/5208
f 5208/5208 5163/5163 5180/5180
f 5168/5168 5169/5169 5212/5212
f 5213/5213 5159/5159 2091/2091
f 2046/2046 5127/5127 5214/5214
f 5214/5214 5127/5127 5196/5196
f 5181/5181 5189/5189 2185/2185
f 2185/2185 5189/5189 2105/2105
f 5207/5207 5129/5129 5215/5215
f 5216/5216 5130/5130 5182/5182
f 5199/5199 5105/5105 5171/5171
f 5217/5217 5172/5172 5139/5139
f 5201/5201 5161/5161 5211/5211
f 5107/5107 5202/5202 5218/5218
f 5202/5202 5167/5167 5219/5219
f 5220/5220 5124/5124 1968/1968
f 5221/5221 5109/5109 5162/5162
f 5194/5194 5142/5142 5168/5168
f 5187/5187 5157/5157 5222/5222
f 5222/5222 5157/5157 5203/5203
f 5188/5188 5181/5181 5223/5223
f 2101/2101 2097/2097 2126/2126
f 2116/2116 5165/5165 5224/5224
f 5224/5224 5165/5165 5191/5191
f 5200/5200 5172/5172 5217/5217
f 5179/5179 5185/5185 5225/5225
f 5185/5185 5107/5107 5226/5226
f 5218/5218 5202/5202 5219/5219
f 5096/5096 5020/5020 5227/5227
f 5228/5228 5046/5046 5148/5148
f 5180/5180 5164/5164 5229/5229
f 5229/5229 5164/5164 5186/5186
f 5203/5203 5159/5159 5213/5213
f 2202/2202 2046/2046 5214/5214
f 2144/2144 2169/2169 5230/5230
f 5216/5216 5182/5182 5231/5231
f 5231/5231 5182/5182 5197/5197
f 5171/5171 5173/5173 5232/5232
f 5232/5232 5173/5173 2116/2116
f 5233/5233 2116/2116 5224/5224
f 5150/5150 5151/5151 5234/5234
f 5138/5138 5177/5177 5235/5235
f 5217/5217 5139/5139 5236/5236
f 5236/5236 5139/5139 5201/5201
f 5107/5107 5218/5218 5226/5226
f 2170/2170 2169/2169 2144/2144
f 2178/2178 2101/2101 2126/2126
f 2149/2149 2147/2147 2153/2153
f 2154/2154 2185/2185 2105/2105
f 2173/2173 2084/2084 2130/2130
f 5199/5199 5171/5171 5237/5237
f 5237/5237 5171/5171 5232/5232
f 5232/5232 2116/2116 5238/5238
f 5238/5238 2116/2116 5233/5233
f 5183/5183 5133/5133 5239/5239
f 5239/5239 5133/5133 5184/5184
f 5184/5184 5166/5166 5240/5240
f 5240/5240 5166/5166 5174/5174
f 5211/5211 5179/5179 5225/5225
f 5140/5140 5208/5208 5241/5241
f 5176/5176 5194/5194 5242/5242
f 5212/5212 5169/5169 5243/5243
f 5243/5243 5169/5169 5187/5187
f 5181/5181 2185/2185 2184/2184
f 2225/2225 2126/2126 2148/2148
f 5206/5206 5207/5207 5244/5244
f 5244/5244 5207/5207 5215/5215
f 5244/5244 5215/5215 5245/5245
f 5246/5246 5216/5216 5231/5231
f 5231/5231 5197/5197 5247/5247
f 5248/5248 5198/5198 5190/5190
f 5232/5232 5238/5238 5249/5249
f 2163/2163 5250/5250 2164/2164
f 2163/2163 2162/2162 5251/5251
f 2162/2162 5150/5150 5252/5252
f 5252/5252 5150/5150 5234/5234
f 5234/5234 5151/5151 5138/5138
f 5234/5234 5138/5138 5235/5235
f 5235/5235 5177/5177 5253/5253
f 5253/5253 5177/5177 5192/5192
f 5192/5192 5175/5175 5254/5254
f 5241/5241 5208/5208 5255/5255
f 5255/5255 5208/5208 5180/5180
f 5255/5255 5180/5180 5229/5229
f 5243/5243 5187/5187 5222/5222
f 2176/2176 5213/5213 2091/2091
f 2191/2191 2100/2100 5209/5209
f 5214/5214 5196/5196 5256/5256
f 5256/5256 5196/5196 5204/5204
f 2170/2170 2144/2144 2193/2193
f 2178/2178 2126/2126 2225/2225
f 2225/2225 2148/2148 5257/5257
f 5257/5257 2148/2148 2197/2197
f 5190/5190 5199/5199 5258/5258
f 5258/5258 5199/5199 5237/5237
f 5249/5249 5238/5238 5233/5233
f 2132/2132 5200/5200 5259/5259
f 5259/5259 5200/5200 5217/5217
f 5211/5211 5225/5225 5260/5260
f 5225/5225 5185/5185 5261/5261
f 5262/5262 5167/5167 5096/5096
f 5262/5262 5096/5096 5263/5263
f 5263/5263 5096/5096 5227/5227
f 5221/5221 5162/5162 5264/5264
f 5264/5264 5162/5162 5265/5265
f 5265/5265 5162/5162 5140/5140
f 5266/5266 5229/5229 5186/5186
f 5266/5266 5186/5186 5267/5267
f 5203/5203 5213/5213 5268/5268
f 2191/2191 5209/5209 2271/2271
f 2203/2203 2202/2202 5214/5214
f 5204/5204 5188/5188 5269/5269
f 2261/2261 5223/5223 5181/5181
f 2261/2261 5181/5181 2184/2184
f 2219/2219 2128/2128 2187/2187
f 5246/5246 5231/5231 5270/5270
f 5270/5270 5231/5231 5247/5247
f 5232/5232 5249/5249 5271/5271
f 5271/5271 5249/5249 5233/5233
f 5250/5250 2163/2163 5251/5251
f 5251/5251 2162/2162 5252/5252
f 5253/5253 5192/5192 5272/5272
f 5272/5272 5192/5192 5254/5254
f 5273/5273 2132/2132 5259/5259
f 5259/5259 5217/5217 5274/5274
f 5274/5274 5217/5217 5275/5275
f 5217/5217 5236/5236 5275/5275
f 5261/5261 5185/5185 5226/5226
f 5219/5219 5167/5167 5262/5262
f 5148/5148 5124/5124 5220/5220
f 5255/5255 5229/5229 5276/5276
f 5186/5186 5193/5193 5267/5267
f 5193/5193 5176/5176 5277/5277
f 5222/5222 5203/5203 5268/5268
f 5268/5268 5213/5213 5278/5278
f 5278/5278 5213/5213 2176/2176
f 5188/5188 5223/5223 5279/5279
f 5237/5237 5232/5232 5271/5271
f 2188/2188 2132/2132 5273/5273
f 5276/5276 5229/5229 5266/5266
f 5280/5280 5223/5223 2261/2261
f 2225/2225 5257/5257 5281/5281
f 2253/2253 5257/5257 2197/2197
f 5282/5282 5170/5170 5206/5206
f 5258/5258 5237/5237 5283/5283
f 5283/5283 5237/5237 5271/5271
f 5271/5271 5233/5233 5284/5284
f 5284/5284 5233/5233 5224/5224
f 5201/5201 5211/5211 5260/5260
f 5265/5265 5140/5140 5241/5241
f 5277/5277 5176/5176 5242/5242
f 5279/5279 5223/5223 5280/5280
f 2179/2179 2178/2178 2226/2226
f 2226/2226 2225/2225 5281/5281
f 2261/2261 2184/2184 2227/2227
f 5281/5281 5257/5257 2253/2253
f 2253/2253 2197/2197 2228/2228
f 5282/5282 5206/5206 5285/5285
f 5285/5285 5206/5206 5244/5244
f 5283/5283 5271/5271 5286/5286
f 5239/5239 5184/5184 5287/5287
f 5287/5287 5184/5184 5240/5240
f 5265/5265 5241/5241 5255/5255
f 5267/5267 5193/5193 5277/5277
f 5269/5269 5188/5188 5279/5279
f 5288/5288 2179/2179 2226/2226
f 5289/5289 5281/5281 2253/2253
f 5248/5248 5190/5190 5290/5290
f 5290/5290 5190/5190 5258/5258
f 5284/5284 5224/5224 5291/5291
f 5291/5291 5224/5224 5191/5191
f 5287/5287 5240/5240 5292/5292
f 5293/5293 5250/5250 5251/5251
f 5272/5272 5254/5254 5294/5294
f 5295/5295 2188/2188 5273/5273
f 5273/5273 5259/5259 5296/5296
f 5201/5201 5260/5260 5297/5297
f 5298/5298 5194/5194 5168/5168
f 5168/5168 5212/5212 5299/5299
f 5299/5299 5212/5212 5243/5243
f 5299/5299 5243/5243 5300/5300
f 5278/5278 2176/2176 5301/5301
f 2203/2203 5214/5214 5256/5256
f 5302/5302 5279/5279 5280/5280
f 2245/2245 2222/2222 2193/2193
f 5246/5246 5270/5270 5303/5303
f 5303/5303 5270/5270 5247/5247
f 5303/5303 5247/5247 5304/5304
f 5305/5305 5248/5248 5290/5290
f 5286/5286 5271/5271 5284/5284
f 5191/5191 5183/5183 5306/5306
f 5306/5306 5183/5183 5239/5239
f 5251/5251 5252/5252 5307/5307
f 5252/5252 5234/5234 5235/5235
f 5295/5295 5273/5273 5296/5296
f 5236/5236 5201/5201 5297/5297
f 5226/5226 5218/5218 5219/5219
f 5308/5308 5264/5264 5265/5265
f 5276/5276 5266/5266 5309/5309
f 5242/5242 5194/5194 5298/5298
f 5298/5298 5168/5168 5299/5299
f 5222/5222 5268/5268 5310/5310
f 5310/5310 5268/5268 5301/5301
f 5301/5301 5268/5268 5278/5278
f 5289/5289 2226/2226 5281/5281
f 2295/2295 2240/2240 2254/2254
f 5285/5285 5244/5244 5311/5311
f 5311/5311 5244/5244 5245/5245
f 5290/5290 5258/5258 5312/5312
f 5312/5312 5258/5258 5283/5283
f 5313/5313 5252/5252 5235/5235
f 5314/5314 5235/5235 5253/5253
f 5314/5314 5253/5253 5272/5272
f 5260/5260 5225/5225 5315/5315
f 5316/5316 5226/5226 5219/5219
f 5265/5265 5255/5255 5276/5276
f 5300/5300 5243/5243 5310/5310
f 5243/5243 5222/5222 5310/5310
f 5256/5256 5204/5204 5269/5269
f 5317/5317 5256/5256 5269/5269
f 5288/5288 2226/2226 5318/5318
f 2237/2237 2251/2251 2279/2279
f 5289/5289 2253/2253 2263/2263
f 2207/2207 2206/2206 5319/5319
f 5320/5320 5282/5282 5285/5285
f 5311/5311 5245/5245 5321/5321
f 5322/5322 5246/5246 5303/5303
f 5286/5286 5284/5284 5323/5323
f 5323/5323 5284/5284 5324/5324
f 5324/5324 5284/5284 5291/5291
f 5291/5291 5191/5191 5325/5325
f 5325/5325 5191/5191 5306/5306
f 5297/5297 5260/5260 5315/5315
f 5315/5315 5225/5225 5261/5261
f 5261/5261 5226/5226 5326/5326
f 5326/5326 5226/5226 5316/5316
f 5327/5327 5221/5221 5264/5264
f 5265/5265 5276/5276 5328/5328
f 5266/5266 5267/5267 5329/5329
f 5329/5329 5267/5267 5277/5277
f 5280/5280 2261/2261 2281/2281
f 2307/2307 5330/5330 2305/2305
f 2265/2265 2295/2295 2254/2254
f 5331/5331 5236/5236 5297/5297
f 5297/5297 5315/5315 5332/5332
f 5220/5220 1968/1968 2282/2282
f 5327/5327 5264/5264 5308/5308
f 5333/5333 2204/2204 2203/2203
f 2258/2258 2257/2257 5334/5334
f 5334/5334 2257/2257 5335/5335
f 5322/5322 5303/5303 5336/5336
f 5336/5336 5303/5303 5304/5304
f 5283/5283 5286/5286 5337/5337
f 5337/5337 5286/5286 5323/5323
f 5338/5338 5235/5235 5314/5314
f 5296/5296 5259/5259 5339/5339
f 5275/5275 5236/5236 5340/5340
f 5341/5341 5220/5220 2282/2282
f 5308/5308 5265/5265 5342/5342
f 5333/5333 2203/2203 5343/5343
f 2203/2203 5256/5256 5317/5317
f 2276/2276 2275/2275 2236/2236
f 2275/2275 2276/2276 5344/5344
f 5345/5345 2258/2258 5334/5334
f 5307/5307 5252/5252 5313/5313
f 5313/5313 5235/5235 5338/5338
f 5272/5272 5294/5294 5346/5346
f 5295/5295 5296/5296 5347/5347
f 5348/5348 5295/5295 5347/5347
f 5347/5347 5296/5296 5339/5339
f 5259/5259 5274/5274 5340/5340
f 5274/5274 5275/5275 5340/5340
f 5315/5315 5261/5261 5349/5349
f 5316/5316 5219/5219 5350/5350
f 5350/5350 5219/5219 5262/5262
f 5262/5262 5263/5263 5227/5227
f 5328/5328 5342/5342 5265/5265
f 5309/5309 5266/5266 5351/5351
f 5351/5351 5266/5266 5329/5329
f 5329/5329 5277/5277 5352/5352
f 5277/5277 5242/5242 5353/5353
f 2291/2291 2324/2324 2284/2284
f 5305/5305 5290/5290 5354/5354
f 5354/5354 5290/5290 5312/5312
f 5355/5355 5312/5312 5283/5283
f 5314/5314 5272/5272 5356/5356
f 5349/5349 5261/5261 5326/5326
f 5148/5148 5220/5220 5341/5341
f 5357/5357 5276/5276 5309/5309
f 5353/5353 5242/5242 5298/5298
f 5358/5358 5299/5299 5300/5300
f 5359/5359 5301/5301 5360/5360
f 5343/5343 2203/2203 5317/5317
f 2322/2322 2324/2324 2291/2291
f 2333/2333 5345/5345 5334/5334
f 5334/5334 5335/5335 5361/5361
f 2305/2305 2295/2295 2294/2294
f 2207/2207 5319/5319 5362/5362
f 5363/5363 5320/5320 5285/5285
f 5285/5285 5311/5311 5364/5364
f 5364/5364 5311/5311 5321/5321
f 5354/5354 5312/5312 5355/5355
f 5306/5306 5239/5239 5365/5365
f 5239/5239 5287/5287 5365/5365
f 5365/5365 5287/5287 5292/5292
f 5293/5293 5251/5251 5366/5366
f 5366/5366 5251/5251 5367/5367
f 5251/5251 5307/5307 5367/5367
f 5339/5339 5259/5259 5340/5340
f 5340/5340 5236/5236 5331/5331
f 5332/5332 5315/5315 5349/5349
f 5349/5349 5326/5326 5368/5368
f 5300/5300 5310/5310 5369/5369
f 5370/5370 5310/5310 5301/5301
f 5370/5370 5301/5301 5359/5359
f 5317/5317 5269/5269 5371/5371
f 5371/5371 5269/5269 5279/5279
f 2322/2322 2291/2291 2309/2309
f 5280/5280 2281/2281 5372/5372
f 5373/5373 5280/5280 5372/5372
f 2275/2275 5344/5344 2346/2346
f 2310/2310 2275/2275 2346/2346
f 2333/2333 5334/5334 2331/2331
f 5372/5372 2281/2281 2260/2260
f 2315/2315 2305/2305 2294/2294
f 5336/5336 5304/5304 5374/5374
f 5375/5375 5305/5305 5354/5354
f 5355/5355 5283/5283 5376/5376
f 5376/5376 5283/5283 5337/5337
f 5325/5325 5306/5306 5377/5377
f 5377/5377 5306/5306 5365/5365
f 5356/5356 5272/5272 5378/5378
f 5378/5378 5272/5272 5346/5346
f 5339/5339 5340/5340 5379/5379
f 5380/5380 5297/5297 5332/5332
f 5316/5316 5350/5350 5326/5326
f 5328/5328 5276/5276 5357/5357
f 5352/5352 5277/5277 5353/5353
f 2331/2331 5334/5334 5361/5361
f 2353/2353 2315/2315 2294/2294
f 5365/5365 5292/5292 5381/5381
f 5382/5382 5293/5293 5366/5366
f 5350/5350 5262/5262 5227/5227
f 5228/5228 5148/5148 5383/5383
f 5383/5383 5148/5148 5341/5341
f 5308/5308 5342/5342 5384/5384
f 5384/5384 5342/5342 5328/5328
f 5351/5351 5329/5329 5352/5352
f 5369/5369 5310/5310 5370/5370
f 2319/2319 2328/2328 2320/2320
f 5371/5371 5279/5279 5302/5302
f 5302/5302 5280/5280 5373/5373
f 5372/5372 2260/2260 2338/2338
f 5385/5385 2331/2331 5361/5361
f 5386/5386 2207/2207 5362/5362
f 5364/5364 5321/5321 5387/5387
f 5388/5388 5322/5322 5336/5336
f 5389/5389 5375/5375 5354/5354
f 5389/5389 5354/5354 5355/5355
f 5337/5337 5323/5323 5390/5390
f 5323/5323 5324/5324 5391/5391
f 5390/5390 5323/5323 5391/5391
f 5391/5391 5324/5324 5291/5291
f 5391/5391 5291/5291 5392/5392
f 5392/5392 5291/5291 5325/5325
f 5393/5393 5313/5313 5338/5338
f 5331/5331 5297/5297 5380/5380
f 5380/5380 5332/5332 5394/5394
f 5358/5358 5300/5300 5369/5369
f 2344/2344 2328/2328 2319/2319
f 2344/2344 2319/2319 2345/2345
f 2321/2321 2368/2368 2302/2302
f 5395/5395 5333/5333 5343/5343
f 5396/5396 2333/2333 2332/2332
f 2349/2349 2331/2331 5385/5385
f 2382/2382 5372/5372 2338/2338
f 5363/5363 5285/5285 5364/5364
f 5336/5336 5374/5374 5397/5397
f 5398/5398 5375/5375 5389/5389
f 5392/5392 5325/5325 5399/5399
f 5399/5399 5325/5325 5377/5377
f 5338/5338 5314/5314 5356/5356
f 5328/5328 5357/5357 5400/5400
f 5357/5357 5309/5309 5351/5351
f 5353/5353 5298/5298 5401/5401
f 5369/5369 5370/5370 5402/5402
f 2334/2334 2311/2311 2312/2312
f 2313/2313 2382/2382 2338/2338
f 5388/5388 5336/5336 5397/5397
f 5348/5348 5347/5347 5403/5403
f 5404/5404 5348/5348 5403/5403
f 5403/5403 5347/5347 5339/5339
f 5368/5368 5326/5326 5350/5350
f 5405/5405 5357/5357 5351/5351
f 5401/5401 5298/5298 5299/5299
f 5401/5401 5299/5299 5358/5358
f 5406/5406 5370/5370 5359/5359
f 5407/5407 5395/5395 5343/5343
f 2304/2304 2310/2310 2373/2373
f 2371/2371 2304/2304 2373/2373
f 5408/5408 5396/5396 2332/2332
f 5376/5376 5337/5337 5409/5409
f 5409/5409 5337/5337 5390/5390
f 5377/5377 5365/5365 5381/5381
f 5410/5410 5367/5367 5307/5307
f 5411/5411 5393/5393 5338/5338
f 5378/5378 5346/5346 5412/5412
f 5403/5403 5339/5339 5379/5379
f 5332/5332 5349/5349 5394/5394
f 5384/5384 5328/5328 5400/5400
f 5400/5400 5357/5357 5405/5405
f 5405/5405 5351/5351 5413/5413
f 5351/5351 5352/5352 5414/5414
f 5413/5413 5351/5351 5414/5414
f 5352/5352 5353/5353 5414/5414
f 5373/5373 5372/5372 5415/5415
f 5408/5408 2332/2332 2378/2378
f 5415/5415 5372/5372 2382/2382
f 5415/5415 2382/2382 2381/2381
f 2397/2397 2306/2306 2352/2352
f 5364/5364 5387/5387 5416/5416
f 5417/5417 5388/5388 5397/5397
f 5417/5417 5397/5397 5418/5418
f 5398/5398 5389/5389 5419/5419
f 5389/5389 5355/5355 5420/5420
f 5420/5420 5355/5355 5376/5376
f 5410/5410 5307/5307 2494/2494
f 2494/2494 5307/5307 5313/5313
f 2494/2494 5313/5313 5393/5393
f 5331/5331 5380/5380 5421/5421
f 5422/5422 5228/5228 5383/5383
f 2440/2440 5327/5327 5308/5308
f 5414/5414 5353/5353 5401/5401
f 5343/5343 5317/5317 5423/5423
f 5423/5423 5317/5317 5371/5371
f 5424/5424 5302/5302 5373/5373
f 2389/2389 2349/2349 5385/5385
f 5363/5363 5364/5364 5425/5425
f 5425/5425 5364/5364 5416/5416
f 5418/5418 5397/5397 5426/5426
f 5427/5427 5398/5398 5419/5419
f 5382/5382 5366/5366 5428/5428
f 5428/5428 5366/5366 5367/5367
f 5411/5411 5338/5338 5356/5356
f 5429/5429 5403/5403 5379/5379
f 2440/2440 5308/5308 5430/5430
f 5430/5430 5308/5308 5384/5384
f 2410/2410 2371/2371 2373/2373
f 5431/5431 5408/5408 2378/2378
f 2389/2389 5385/5385 5432/5432
f 5419/5419 5389/5389 5433/5433
f 5433/5433 5389/5389 5420/5420
f 5409/5409 5390/5390 5434/5434
f 5434/5434 5390/5390 5391/5391
f 5428/5428 5367/5367 5435/5435
f 5435/5435 5367/5367 5410/5410
f 5394/5394 5349/5349 5436/5436
f 5436/5436 5349/5349 5368/5368
f 5402/5402 5370/5370 5437/5437
f 5437/5437 5370/5370 5406/5406
f 5371/5371 5302/5302 5424/5424
f 2376/2376 2406/2406 2387/2387
f 5373/5373 5415/5415 2381/2381
f 5438/5438 5363/5363 5425/5425
f 5420/5420 5376/5376 5409/5409
f 5434/5434 5391/5391 5392/5392
f 5411/5411 5356/5356 5439/5439
f 5356/5356 5378/5378 5440/5440
f 5378/5378 5412/5412 5441/5441
f 5440/5440 5378/5378 5441/5441
f 5429/5429 5379/5379 5442/5442
f 5379/5379 5340/5340 5442/5442
f 5442/5442 5340/5340 5443/5443
f 5368/5368 5350/5350 5444/5444
f 5445/5445 5341/5341 2282/2282
f 5446/5446 5358/5358 5369/5369
f 5437/5437 5406/5406 5447/5447
f 5407/5407 5343/5343 5448/5448
f 2406/2406 2376/2376 2419/2419
f 5449/5449 5431/5431 2378/2378
f 5373/5373 2381/2381 2424/2424
f 5450/5450 2378/2378 2389/2389
f 2426/2426 2352/2352 2399/2399
f 5451/5451 5452/5452 5363/5363
f 5438/5438 5425/5425 5416/5416
f 5453/5453 5404/5404 5403/5403
f 5340/5340 5331/5331 5443/5443
f 5421/5421 5380/5380 5454/5454
f 5380/5380 5394/5394 5455/5455
f 5456/5456 5350/5350 5227/5227
f 5430/5430 5384/5384 5457/5457
f 5458/5458 5384/5384 5400/5400
f 5458/5458 5400/5400 5459/5459
f 5459/5459 5400/5400 5405/5405
f 2432/2432 2406/2406 2419/2419
f 5460/5460 5424/5424 5373/5373
f 5449/5449 2378/2378 5450/5450
f 5450/5450 2389/2389 5461/5461
f 2413/2413 2435/2435 2414/2414
f 5461/5461 2389/2389 5432/5432
f 5438/5438 5416/5416 5462/5462
f 5463/5463 5417/5417 5418/5418
f 5419/5419 5433/5433 5464/5464
f 5464/5464 5433/5433 5420/5420
f 5465/5465 5381/5381 5466/5466
f 2494/2494 5393/5393 5411/5411
f 5454/5454 5380/5380 5455/5455
f 5456/5456 5227/5227 5467/5467
f 5468/5468 5228/5228 5422/5422
f 5445/5445 2282/2282 2442/2442
f 2438/2438 2440/2440 5430/5430
f 2438/2438 5430/5430 5457/5457
f 5469/5469 5413/5413 5414/5414
f 5414/5414 5401/5401 5470/5470
f 5471/5471 5369/5369 5402/5402
f 5472/5472 5437/5437 5447/5447
f 5437/5437 5472/5472 5473/5473
f 5474/5474 5371/5371 5424/5424
f 5460/5460 5373/5373 2477/2477
f 2477/2477 5373/5373 2424/2424
f 2477/2477 2424/2424 2451/2451
f 5451/5451 5363/5363 5438/5438
f 5463/5463 5418/5418 5475/5475
f 5475/5475 5418/5418 5426/5426
f 5475/5475 5426/5426 5476/5476
f 5427/5427 5419/5419 5477/5477
f 5478/5478 5427/5427 5477/5477
f 5477/5477 5419/5419 5464/5464
f 5392/5392 5399/5399 5479/5479
f 5399/5399 5377/5377 5480/5480
f 5479/5479 5399/5399 5480/5480
f 5480/5480 5377/5377 5481/5481
f 5481/5481 5377/5377 5381/5381
f 5465/5465 5466/5466 5482/5482
f 5483/5483 5428/5428 5435/5435
f 5484/5484 5411/5411 5439/5439
f 5439/5439 5356/5356 5440/5440
f 5453/5453 5403/5403 5429/5429
f 5443/5443 5331/5331 5421/5421
f 5455/5455 5394/5394 5485/5485
f 5485/5485 5394/5394 5436/5436
f 5436/5436 5368/5368 5444/5444
f 5444/5444 5350/5350 5456/5456
f 5383/5383 5341/5341 5486/5486
f 5486/5486 5341/5341 5445/5445
f 5457/5457 5384/5384 5458/5458
f 5487/5487 5405/5405 5413/5413
f 5469/5469 5414/5414 5488/5488
f 5470/5470 5401/5401 5358/5358
f 5471/5471 5402/5402 5437/5437
f 5448/5448 5343/5343 5423/5423
f 5423/5423 5371/5371 5474/5474
f 5489/5489 5450/5450 5461/5461
f 5451/5451 5438/5438 5490/5490
f 5490/5490 5438/5438 5462/5462
f 5464/5464 5420/5420 5491/5491
f 5434/5434 5392/5392 5492/5492
f 5492/5492 5392/5392 5479/5479
f 5481/5481 5381/5381 5465/5465
f 5410/5410 2494/2494 2496/2496
f 2494/2494 5411/5411 5484/5484
f 5459/5459 5405/5405 5487/5487
f 5470/5470 5358/5358 5446/5446
f 5446/5446 5369/5369 5471/5471
f 2517/2517 5407/5407 5448/5448
f 2467/2467 2411/2411 2434/2434
f 2506/2506 5449/5449 5450/5450
f 5493/5493 5494/5494 5495/5495
f 5493/5493 5495/5495 5496/5496
f 5497/5497 5451/5451 5490/5490
f 5490/5490 5462/5462 5498/5498
f 5499/5499 5463/5463 5475/5475
f 5491/5491 5420/5420 5409/5409
f 5491/5491 5409/5409 5500/5500
f 5409/5409 5434/5434 5500/5500
f 5481/5481 5465/5465 5482/5482
f 5429/5429 5442/5442 5501/5501
f 5502/5502 5421/5421 5454/5454
f 5503/5503 5485/5485 5436/5436
f 5487/5487 5413/5413 5469/5469
f 5488/5488 5414/5414 5470/5470
f 5504/5504 5424/5424 5460/5460
f 2468/2468 2467/2467 2434/2434
f 2451/2451 2436/2436 2450/2450
f 2475/2475 2451/2451 2450/2450
f 5489/5489 5461/5461 5505/5505
f 2469/2469 2479/2479 2396/2396
f 5500/5500 5434/5434 5492/5492
f 5483/5483 5435/5435 5506/5506
f 5506/5506 5435/5435 5410/5410
f 5507/5507 5429/5429 5501/5501
f 5501/5501 5442/5442 5443/5443
f 2473/2473 2503/2503 2455/2455
f 2503/2503 2473/2473 2490/2490
f 5504/5504 5460/5460 2535/2535
f 2447/2447 2446/2446 2489/2489
f 2535/2535 5460/5460 2476/2476
f 5460/5460 2477/2477 2476/2476
f 5508/5508 2506/2506 5450/5450
f 5489/5489 5508/5508 5450/5450
f 5508/5508 5489/5489 5509/5509
f 2450/2450 2510/2510 2475/2475
f 5509/5509 5489/5489 5505/5505
f 5475/5475 5476/5476 5510/5510
f 5511/5511 5478/5478 5477/5477
f 5512/5512 5500/5500 5492/5492
f 2495/2495 2494/2494 5484/5484
f 5513/5513 5439/5439 5440/5440
f 5514/5514 5453/5453 5429/5429
f 5515/5515 5501/5501 5443/5443
f 5443/5443 5421/5421 5502/5502
f 5446/5446 5471/5471 5516/5516
f 5471/5471 5437/5437 5517/5517
f 2465/2465 2526/2526 2488/2488
f 2526/2526 2465/2465 2502/2502
f 5517/5517 5437/5437 5473/5473
f 5448/5448 5423/5423 5518/5518
f 5474/5474 5424/5424 5504/5504
f 2507/2507 2506/2506 5508/5508
f 2535/2535 2476/2476 2512/2512
f 2514/2514 2469/2469 2481/2481
f 5519/5519 5491/5491 5500/5500
f 5492/5492 5479/5479 5520/5520
f 5520/5520 5479/5479 5480/5480
f 5520/5520 5480/5480 5521/5521
f 5521/5521 5480/5480 5481/5481
f 5521/5521 5481/5481 5522/5522
f 5522/5522 5481/5481 5482/5482
f 5513/5513 5440/5440 5523/5523
f 5524/5524 5453/5453 5514/5514
f 5514/5514 5429/5429 5525/5525
f 5454/5454 5455/5455 5485/5485
f 5436/5436 5444/5444 5503/5503
f 2438/2438 5457/5457 5526/5526
f 5527/5527 5487/5487 5469/5469
f 5488/5488 5470/5470 5528/5528
f 5470/5470 5446/5446 5529/5529
f 5517/5517 5473/5473 5530/5530
f 2515/2515 2514/2514 2481/2481
f 5511/5511 5477/5477 5531/5531
f 5477/5477 5464/5464 5532/5532
f 5531/5531 5477/5477 5532/5532
f 5532/5532 5464/5464 5491/5491
f 5519/5519 5500/5500 5512/5512
f 5512/5512 5492/5492 5533/5533
f 5533/5533 5492/5492 5520/5520
f 5522/5522 5482/5482 5534/5534
f 5535/5535 5483/5483 5506/5506
f 5536/5536 5524/5524 5514/5514
f 5525/5525 5429/5429 5507/5507
f 5454/5454 5485/5485 5537/5537
f 5444/5444 5456/5456 5538/5538
f 2483/2483 2438/2438 5526/5526
f 5539/5539 5487/5487 5527/5527
f 5469/5469 5488/5488 5527/5527
f 2527/2527 2526/2526 2502/2502
f 2518/2518 2517/2517 5448/5448
f 2507/2507 5508/5508 2532/2532
f 2532/2532 5508/5508 5509/5509
f 5540/5540 5509/5509 5505/5505
f 2514/2514 5541/5541 2478/2478
f 5493/5493 5496/5496 5542/5542
f 5543/5543 5497/5497 5490/5490
f 5499/5499 5475/5475 5544/5544
f 5544/5544 5475/5475 5510/5510
f 5532/5532 5491/5491 5519/5519
f 5410/5410 2496/2496 5545/5545
f 2673/2673 2496/2496 2495/2495
f 2495/2495 5484/5484 5546/5546
f 5546/5546 5484/5484 5439/5439
f 5515/5515 5443/5443 5502/5502
f 5502/5502 5454/5454 5537/5537
f 5547/5547 5485/5485 5503/5503
f 5516/5516 5471/5471 5517/5517
f 2527/2527 2502/2502 5548/5548
f 5549/5549 5504/5504 2535/2535
f 2543/2543 2509/2509 2562/2562
f 2532/2532 5509/5509 5540/5540
f 5550/5550 5490/5490 5498/5498
f 5550/5550 5498/5498 5551/5551
f 5532/5532 5519/5519 5552/5552
f 5533/5533 5520/5520 5553/5553
f 5553/5553 5520/5520 5554/5554
f 5554/5554 5520/5520 5521/5521
f 5506/5506 5410/5410 5555/5555
f 5555/5555 5410/5410 5545/5545
f 5546/5546 5439/5439 5513/5513
f 5537/5537 5485/5485 5547/5547
f 5457/5457 5458/5458 5526/5526
f 5458/5458 5459/5459 5556/5556
f 5459/5459 5487/5487 5539/5539
f 5529/5529 5446/5446 5516/5516
f 2518/2518 5448/5448 5557/5557
f 5557/5557 5448/5448 5518/5518
f 2542/2542 2559/2559 2529/2529
f 2613/2613 2533/2533 2532/2532
f 2613/2613 2532/2532 2600/2600
f 2536/2536 2544/2544 2565/2565
f 2600/2600 2532/2532 5540/5540
f 5558/5558 5541/5541 2514/2514
f 5543/5543 5490/5490 5550/5550
f 5552/5552 5519/5519 5512/5512
f 5535/5535 5506/5506 5555/5555
f 5545/5545 2496/2496 2673/2673
f 5486/5486 5445/5445 2442/2442
f 5556/5556 5459/5459 5539/5539
f 5527/5527 5488/5488 5528/5528
f 5528/5528 5470/5470 5559/5559
f 5518/5518 5423/5423 5560/5560
f 5560/5560 5423/5423 5474/5474
f 5549/5549 2535/2535 2534/2534
f 5561/5561 2533/2533 2613/2613
f 5558/5558 2514/2514 2546/2546
f 5562/5562 5563/5563 5543/5543
f 5544/5544 5510/5510 5564/5564
f 5565/5565 5511/5511 5531/5531
f 5565/5565 5531/5531 5566/5566
f 5566/5566 5531/5531 5532/5532
f 5566/5566 5532/5532 5567/5567
f 5567/5567 5532/5532 5552/5552
f 5512/5512 5533/5533 2617/2617
f 2617/2617 5533/5533 5553/5553
f 5554/5554 5521/5521 5568/5568
f 5568/5568 5521/5521 5522/5522
f 5569/5569 5555/5555 5545/5545
f 2673/2673 2495/2495 5546/5546
f 5570/5570 5501/5501 5515/5515
f 5503/5503 5444/5444 5571/5571
f 5526/5526 5458/5458 5556/5556
f 5572/5572 5516/5516 5517/5517
f 5572/5572 5517/5517 5573/5573
f 2584/2584 2527/2527 5548/5548
f 2518/2518 5574/5574 2540/2540
f 5573/5573 5517/5517 5530/5530
f 2554/2554 2543/2543 2574/2574
f 2567/2567 5549/5549 2534/2534
f 2602/2602 5558/5558 2546/2546
f 5543/5543 5550/5550 5575/5575
f 5550/5550 5551/5551 5576/5576
f 5575/5575 5550/5550 5576/5576
f 5577/5577 5544/5544 5564/5564
f 5567/5567 5552/5552 5578/5578
f 5552/5552 5512/5512 2617/2617
f 5522/5522 5534/5534 5579/5579
f 5580/5580 5535/5535 5555/5555
f 5581/5581 5507/5507 5501/5501
f 5581/5581 5501/5501 5570/5570
f 5539/5539 5527/5527 5582/5582
f 5559/5559 5470/5470 5529/5529
f 5583/5583 2518/2518 5557/5557
f 2596/2596 2554/2554 2574/2574
f 2634/2634 5549/5549 2567/2567
f 2602/2602 2651/2651 5558/5558
f 2578/2578 2602/2602 2546/2546
f 5565/5565 5566/5566 5584/5584
f 5584/5584 5566/5566 5567/5567
f 5568/5568 5522/5522 5579/5579
f 5580/5580 5555/5555 5585/5585
f 5585/5585 5555/5555 5569/5569
f 5586/5586 5546/5546 5513/5513
f 5513/5513 5523/5523 5587/5587
f 5514/5514 5525/5525 5588/5588
f 5588/5588 5525/5525 5507/5507
f 5570/5570 5515/5515 5589/5589
f 5502/5502 5537/5537 5590/5590
f 5571/5571 5444/5444 5538/5538
f 2605/2605 2483/2483 5526/5526
f 5591/5591 5539/5539 5582/5582
f 5574/5574 2518/2518 5583/5583
f 5573/5573 5530/5530 5592/5592
f 5557/5557 5518/5518 5560/5560
f 5474/5474 5504/5504 5593/5593
f 2557/2557 2622/2622 2586/2586
f 2622/2622 2557/2557 2560/2560
f 5593/5593 5504/5504 5549/5549
f 5594/5594 5561/5561 2613/2613
f 2634/2634 2567/2567 2597/2597
f 2611/2611 2613/2613 2600/2600
f 2611/2611 2600/2600 2599/2599
f 2651/2651 2602/2602 2601/2601
f 5562/5562 5543/5543 5575/5575
f 5584/5584 5567/5567 5595/5595
f 5578/5578 5552/5552 2619/2619
f 2619/2619 5552/5552 2617/2617
f 2617/2617 5553/5553 5596/5596
f 5596/5596 5553/5553 5554/5554
f 5596/5596 5554/5554 5597/5597
f 5597/5597 5554/5554 5568/5568
f 5568/5568 5579/5579 5598/5598
f 5598/5598 5579/5579 5599/5599
f 2671/2671 5546/5546 5586/5586
f 5600/5600 5514/5514 5588/5588
f 5590/5590 5537/5537 5547/5547
f 5547/5547 5503/5503 5601/5601
f 5602/5602 5503/5503 5571/5571
f 5422/5422 5383/5383 5603/5603
f 5603/5603 5383/5383 5486/5486
f 5604/5604 5526/5526 5556/5556
f 5556/5556 5539/5539 5591/5591
f 5582/5582 5527/5527 5528/5528
f 5560/5560 5474/5474 5605/5605
f 5605/5605 5474/5474 5593/5593
f 5594/5594 2613/2613 2612/2612
f 5562/5562 5575/5575 5606/5606
f 5606/5606 5575/5575 5576/5576
f 5577/5577 5564/5564 5607/5607
f 5565/5565 5584/5584 5608/5608
f 5608/5608 5584/5584 5595/5595
f 5595/5595 5567/5567 5609/5609
f 2618/2618 2617/2617 5596/5596
f 5536/5536 5514/5514 5600/5600
f 5590/5590 5547/5547 5601/5601
f 5601/5601 5503/5503 5602/5602
f 5571/5571 5538/5538 5610/5610
f 2605/2605 5526/5526 5611/5611
f 5611/5611 5526/5526 5604/5604
f 5582/5582 5528/5528 5612/5612
f 2593/2593 2660/2660 2541/2541
f 2622/2622 2560/2560 2625/2625
f 2623/2623 2622/2622 2625/2625
f 5593/5593 5549/5549 2633/2633
f 2633/2633 5549/5549 2634/2634
f 5613/5613 5594/5594 2646/2646
f 2646/2646 5594/5594 2612/2612
f 5606/5606 5576/5576 5614/5614
f 5615/5615 5577/5577 5607/5607
f 5615/5615 5607/5607 5616/5616
f 5617/5617 5608/5608 5595/5595
f 5609/5609 5567/5567 5618/5618
f 5618/5618 5567/5567 5578/5578
f 5619/5619 5578/5578 2619/2619
f 5619/5619 2619/2619 2627/2627
f 2618/2618 5596/5596 5597/5597
f 5620/5620 5597/5597 5568/5568
f 5620/5620 5568/5568 5621/5621
f 5621/5621 5568/5568 5598/5598
f 2671/2671 2673/2673 5546/5546
f 5587/5587 5523/5523 5622/5622
f 5623/5623 5536/5536 5600/5600
f 5624/5624 5515/5515 5502/5502
f 5625/5625 5502/5502 5590/5590
f 5604/5604 5556/5556 5626/5626
f 2576/2576 2626/2626 2648/2648
f 5618/5618 5578/5578 5619/5619
f 5597/5597 5620/5620 5627/5627
f 5581/5581 5570/5570 5589/5589
f 5628/5628 5589/5589 5515/5515
f 5502/5502 5625/5625 5624/5624
f 5538/5538 5456/5456 5610/5610
f 5456/5456 5467/5467 5629/5629
f 5610/5610 5456/5456 5629/5629
f 5630/5630 5468/5468 5422/5422
f 5631/5631 5486/5486 2442/2442
f 5612/5612 5528/5528 5559/5559
f 5559/5559 5529/5529 5632/5632
f 2630/2630 2628/2628 2588/2588
f 2645/2645 2612/2612 2611/2611
f 2652/2652 2651/2651 2601/2601
f 5617/5617 5595/5595 5633/5633
f 5634/5634 5617/5617 5633/5633
f 5633/5633 5595/5595 5609/5609
f 2627/2627 2618/2618 5635/5635
f 5635/5635 2618/2618 5597/5597
f 5627/5627 5620/5620 5636/5636
f 5636/5636 5620/5620 5621/5621
f 5621/5621 5598/5598 5599/5599
f 5585/5585 5569/5569 5637/5637
f 5637/5637 5569/5569 5545/5545
f 5637/5637 5545/5545 2673/2673
f 5602/5602 5571/5571 5610/5610
f 5603/5603 5486/5486 5631/5631
f 5591/5591 5582/5582 5638/5638
f 5638/5638 5582/5582 5612/5612
f 5612/5612 5559/5559 5632/5632
f 5632/5632 5529/5529 5639/5639
f 5639/5639 5529/5529 5516/5516
f 2641/2641 2661/2661 2642/2642
f 2662/2662 2661/2661 2641/2641
f 2712/2712 5593/5593 2633/2633
f 5640/5640 5613/5613 2646/2646
f 2712/2712 2633/2633 2649/2649
f 2645/2645 2611/2611 5641/5641
f 5641/5641 2611/2611 2599/2599
f 2601/2601 2654/2654 2652/2652
f 5562/5562 5606/5606 5642/5642
f 5642/5642 5606/5606 5614/5614
f 5633/5633 5609/5609 5643/5643
f 5643/5643 5609/5609 5618/5618
f 5618/5618 5619/5619 5644/5644
f 5644/5644 5619/5619 2627/2627
f 5644/5644 2627/2627 5645/5645
f 5645/5645 2627/2627 5635/5635
f 5635/5635 5597/5597 5627/5627
f 5637/5637 2673/2673 2672/2672
f 5586/5586 5513/5513 5587/5587
f 5588/5588 5507/5507 5581/5581
f 5628/5628 5515/5515 5624/5624
f 5639/5639 5516/5516 5572/5572
f 5572/5572 5573/5573 5646/5646
f 5557/5557 5560/5560 5605/5605
f 5647/5647 5605/5605 5593/5593
f 2667/2667 2630/2630 2644/2644
f 5640/5640 2646/2646 2679/2679
f 2691/2691 2653/2653 2652/2652
f 5648/5648 5562/5562 5649/5649
f 5649/5649 5562/5562 5642/5642
f 5650/5650 5615/5615 5616/5616
f 5650/5650 5616/5616 5651/5651
f 5651/5651 5616/5616 5652/5652
f 5644/5644 5643/5643 5618/5618
f 5585/5585 5637/5637 5653/5653
f 5654/5654 5583/5583 5557/5557
f 2721/2721 5640/5640 2679/2679
f 2712/2712 2649/2649 2689/2689
f 2645/2645 5641/5641 5655/5655
f 5656/5656 5648/5648 5649/5649
f 5634/5634 5633/5633 5657/5657
f 5657/5657 5633/5633 5643/5643
f 5658/5658 5643/5643 5644/5644
f 5645/5645 5635/5635 5659/5659
f 5659/5659 5635/5635 5627/5627
f 5621/5621 5599/5599 5660/5660
f 5661/5661 5585/5585 5653/5653
f 5662/5662 2671/2671 5586/5586
f 5663/5663 5604/5604 5626/5626
f 5639/5639 5572/5572 5664/5664
f 5664/5664 5572/5572 5646/5646
f 2662/2662 2641/2641 2685/2685
f 2698/2698 2662/2662 2685/2685
f 2679/2679 2645/2645 2724/2724
f 2710/2710 2712/2712 2689/2689
f 2724/2724 2645/2645 5655/5655
f 2701/2701 2652/2652 2693/2693
f 5651/5651 5652/5652 5665/5665
f 5665/5665 5652/5652 5666/5666
f 5644/5644 5645/5645 5659/5659
f 5667/5667 5644/5644 5659/5659
f 5659/5659 5627/5627 5668/5668
f 5627/5627 5636/5636 5669/5669
f 5668/5668 5627/5627 5669/5669
f 5669/5669 5636/5636 5621/5621
f 2672/2672 2671/2671 5670/5670
f 5670/5670 2671/2671 5662/5662
f 5586/5586 5587/5587 5671/5671
f 5671/5671 5587/5587 5622/5622
f 5625/5625 5590/5590 5601/5601
f 5593/5593 2712/2712 2711/2711
f 2647/2647 2700/2700 2737/2737
f 2688/2688 2710/2710 2689/2689
f 2738/2738 2701/2701 2693/2693
f 5649/5649 5642/5642 5672/5672
f 5657/5657 5643/5643 5673/5673
f 5673/5673 5643/5643 5658/5658
f 5658/5658 5644/5644 5674/5674
f 5674/5674 5644/5644 5667/5667
f 5600/5600 5588/5588 5675/5675
f 5675/5675 5588/5588 5581/5581
f 5601/5601 5602/5602 5676/5676
f 2714/2714 2605/2605 5611/5611
f 5611/5611 5604/5604 5677/5677
f 5677/5677 5604/5604 5663/5663
f 5556/5556 5591/5591 5678/5678
f 5591/5591 5638/5638 5679/5679
f 5680/5680 5612/5612 5681/5681
f 5681/5681 5612/5612 5632/5632
f 5682/5682 5605/5605 5647/5647
f 2722/2722 2721/2721 2679/2679
f 2711/2711 2710/2710 2726/2726
f 2725/2725 2724/2724 5683/5683
f 5683/5683 2724/2724 5655/5655
f 5672/5672 5642/5642 5684/5684
f 5665/5665 5666/5666 5685/5685
f 5674/5674 5667/5667 5686/5686
f 5667/5667 5659/5659 5687/5687
f 5669/5669 5621/5621 5688/5688
f 5688/5688 5621/5621 5660/5660
f 5653/5653 5637/5637 2795/2795
f 2795/2795 5637/5637 2793/2793
f 2793/2793 5637/5637 2672/2672
f 5689/5689 5625/5625 5601/5601
f 5631/5631 2442/2442 2717/2717
f 5690/5690 5631/5631 2717/2717
f 5626/5626 5556/5556 5691/5691
f 5591/5591 5679/5679 5678/5678
f 5638/5638 5612/5612 5680/5680
f 5692/5692 5654/5654 5557/5557
f 2719/2719 2741/2741 2706/2706
f 5647/5647 5593/5593 2711/2711
f 2722/2722 2679/2679 2733/2733
f 5656/5656 5649/5649 5693/5693
f 5693/5693 5649/5649 5672/5672
f 5694/5694 5672/5672 5684/5684
f 5688/5688 5660/5660 5695/5695
f 5695/5695 5660/5660 5696/5696
f 5581/5581 5589/5589 5697/5697
f 5602/5602 5610/5610 5698/5698
f 5603/5603 5631/5631 5690/5690
f 5663/5663 5626/5626 5691/5691
f 5692/5692 5557/5557 5699/5699
f 5699/5699 5557/5557 5605/5605
f 2742/2742 2741/2741 2719/2719
f 5647/5647 2711/2711 2827/2827
f 2827/2827 2711/2711 2748/2748
f 2722/2722 5700/5700 2723/2723
f 2739/2739 2764/2764 2690/2690
f 5651/5651 5665/5665 5701/5701
f 5701/5701 5665/5665 5685/5685
f 5702/5702 5673/5673 5703/5703
f 5703/5703 5673/5673 5658/5658
f 5686/5686 5667/5667 5687/5687
f 5687/5687 5659/5659 5668/5668
f 5704/5704 5600/5600 5675/5675
f 5705/5705 5589/5589 5628/5628
f 5706/5706 5602/5602 5698/5698
f 2714/2714 5611/5611 5677/5677
f 5691/5691 5556/5556 5678/5678
f 5664/5664 5646/5646 5707/5707
f 5700/5700 2722/2722 2733/2733
f 5708/5708 2774/2774 2773/2773
f 2725/2725 5683/5683 5709/5709
f 5694/5694 5684/5684 5710/5710
f 5711/5711 5651/5651 5701/5701
f 5703/5703 5658/5658 5712/5712
f 5712/5712 5658/5658 5674/5674
f 5687/5687 5668/5668 5713/5713
f 5713/5713 5668/5668 5669/5669
f 5623/5623 5600/5600 5704/5704
f 5675/5675 5581/5581 5697/5697
f 5697/5697 5589/5589 5705/5705
f 5714/5714 5624/5624 5625/5625
f 5689/5689 5601/5601 5676/5676
f 5676/5676 5602/5602 5706/5706
f 5638/5638 5680/5680 5679/5679
f 5632/5632 5639/5639 5715/5715
f 2742/2742 2719/2719 2758/2758
f 2746/2746 2757/2757 2718/2718
f 2720/2720 2746/2746 2718/2718
f 2776/2776 2725/2725 5709/5709
f 2751/2751 2790/2790 2739/2739
f 5693/5693 5672/5672 5694/5694
f 5674/5674 5686/5686 5716/5716
f 2793/2793 2672/2672 5670/5670
f 5671/5671 5622/5622 5717/5717
f 5718/5718 5623/5623 5704/5704
f 5698/5698 5610/5610 5629/5629
f 5681/5681 5632/5632 5715/5715
f 5719/5719 5700/5700 2733/2733
f 2827/2827 2748/2748 2789/2789
f 5720/5720 2763/2763 2792/2792
f 5693/5693 5694/5694 5721/5721
f 5721/5721 5694/5694 5710/5710
f 5716/5716 5686/5686 5722/5722
f 5686/5686 5687/5687 5722/5722
f 5688/5688 5695/5695 5723/5723
f 5723/5723 5695/5695 5696/5696
f 2794/2794 2793/2793 5670/5670
f 5724/5724 5662/5662 5586/5586
f 5689/5689 5676/5676 5725/5725
f 5630/5630 5422/5422 5726/5726
f 5726/5726 5422/5422 5603/5603
f 5663/5663 5691/5691 5727/5727
f 5678/5678 5679/5679 5728/5728
f 5679/5679 5680/5680 2887/2887
f 2887/2887 5680/5680 5681/5681
f 5729/5729 5654/5654 5692/5692
f 5699/5699 5605/5605 5682/5682
f 5682/5682 5647/5647 5730/5730
f 5730/5730 5647/5647 2827/2827
f 2810/2810 2746/2746 2799/2799
f 5731/5731 5720/5720 2792/2792
f 5721/5721 5710/5710 5732/5732
f 5733/5733 5711/5711 5701/5701
f 5702/5702 5703/5703 5734/5734
f 5734/5734 5703/5703 5712/5712
f 5712/5712 5674/5674 5716/5716
f 5722/5722 5687/5687 5735/5735
f 5735/5735 5687/5687 5713/5713
f 5713/5713 5669/5669 5736/5736
f 5736/5736 5669/5669 5688/5688
f 5723/5723 5696/5696 5737/5737
f 5738/5738 2794/2794 5670/5670
f 5670/5670 5662/5662 5724/5724
f 5724/5724 5586/5586 5671/5671
f 5704/5704 5675/5675 5739/5739
f 5624/5624 5714/5714 5740/5740
f 5714/5714 5625/5625 5689/5689
f 5690/5690 2717/2717 5741/5741
f 2714/2714 5677/5677 5742/5742
f 5728/5728 5679/5679 5743/5743
f 2887/2887 5681/5681 5744/5744
f 5744/5744 5681/5681 5715/5715
f 2798/2798 2817/2817 2783/2783
f 5730/5730 2827/2827 2826/2826
f 5719/5719 2733/2733 2800/2800
f 2771/2771 2824/2824 2801/2801
f 5731/5731 2792/2792 2812/2812
f 5733/5733 5701/5701 5745/5745
f 5746/5746 5702/5702 5734/5734
f 5736/5736 5688/5688 5747/5747
f 5747/5747 5688/5688 5723/5723
f 5705/5705 5628/5628 5740/5740
f 5628/5628 5624/5624 5740/5740
f 5748/5748 2714/2714 5742/5742
f 5742/5742 5677/5677 5663/5663
f 5749/5749 5663/5663 5727/5727
f 2818/2818 2817/2817 2798/2798
f 5750/5750 5719/5719 2845/2845
f 5751/5751 5750/5750 2845/2845
f 5719/5719 2800/2800 2843/2843
f 2845/2845 5719/5719 2843/2843
f 2848/2848 5731/5731 2812/2812
f 5752/5752 5693/5693 5721/5721
f 5735/5735 5713/5713 5736/5736
f 2794/2794 5753/5753 2795/2795
f 5706/5706 5725/5725 5676/5676
f 5741/5741 2717/2717 5754/5754
f 5727/5727 5691/5691 5678/5678
f 5727/5727 5678/5678 5728/5728
f 5743/5743 5679/5679 2887/2887
f 5715/5715 5639/5639 5755/5755
f 5755/5755 5639/5639 5664/5664
f 5756/5756 5699/5699 5682/5682
f 2818/2818 2798/2798 2832/2832
f 5757/5757 5693/5693 5752/5752
f 5716/5716 5722/5722 5758/5758
f 5758/5758 5722/5722 5735/5735
f 5753/5753 2794/2794 5759/5759
f 5724/5724 5671/5671 5717/5717
f 5760/5760 5729/5729 5692/5692
f 2811/2811 2810/2810 2842/2842
f 5730/5730 2826/2826 5761/5761
f 5761/5761 2826/2826 2846/2846
f 5762/5762 2848/2848 2847/2847
f 5763/5763 5712/5712 5716/5716
f 5735/5735 5736/5736 5764/5764
f 5759/5759 2794/2794 5765/5765
f 5765/5765 2794/2794 5738/5738
f 5738/5738 5670/5670 5766/5766
f 5766/5766 5670/5670 5724/5724
f 5725/5725 5706/5706 5767/5767
f 5768/5768 5706/5706 5698/5698
f 5769/5769 5698/5698 5629/5629
f 5603/5603 5690/5690 5770/5770
f 5770/5770 5690/5690 5741/5741
f 2855/2855 2832/2832 2857/2857
f 5752/5752 5721/5721 5771/5771
f 5771/5771 5721/5721 5732/5732
f 5772/5772 5746/5746 5734/5734
f 5734/5734 5712/5712 5772/5772
f 5772/5772 5712/5712 5763/5763
f 5763/5763 5716/5716 5773/5773
f 5716/5716 5758/5758 5774/5774
f 5736/5736 5747/5747 5775/5775
f 5764/5764 5736/5736 5775/5775
f 5747/5747 5723/5723 5776/5776
f 5777/5777 5753/5753 5759/5759
f 5778/5778 5738/5738 5766/5766
f 5718/5718 5704/5704 5779/5779
f 5779/5779 5704/5704 5739/5739
f 5780/5780 5739/5739 5675/5675
f 5780/5780 5675/5675 5781/5781
f 5675/5675 5697/5697 5781/5781
f 5781/5781 5697/5697 5705/5705
f 5768/5768 5698/5698 5769/5769
f 5769/5769 5629/5629 5782/5782
f 5783/5783 5726/5726 5603/5603
f 5783/5783 5603/5603 5770/5770
f 5784/5784 5663/5663 5749/5749
f 5785/5785 5727/5727 5728/5728
f 5760/5760 5692/5692 5786/5786
f 5786/5786 5692/5692 5756/5756
f 5756/5756 5692/5692 5699/5699
f 2856/2856 2868/2868 2819/2819
f 5682/5682 5730/5730 5787/5787
f 2821/2821 2872/2872 2842/2842
f 5788/5788 5751/5751 5789/5789
f 5787/5787 5730/5730 5761/5761
f 5751/5751 2845/2845 2844/2844
f 5789/5789 5751/5751 2844/2844
f 2825/2825 2875/2875 2833/2833
f 2833/2833 2877/2877 5790/5790
f 5733/5733 5745/5745 5791/5791
f 5791/5791 5745/5745 5792/5792
f 5773/5773 5716/5716 5793/5793
f 5793/5793 5716/5716 5774/5774
f 5758/5758 5735/5735 5794/5794
f 5794/5794 5735/5735 5764/5764
f 5766/5766 5724/5724 5795/5795
f 5796/5796 5718/5718 5779/5779
f 5779/5779 5739/5739 5780/5780
f 5781/5781 5705/5705 5797/5797
f 5797/5797 5705/5705 5798/5798
f 5705/5705 5740/5740 5798/5798
f 5798/5798 5740/5740 5714/5714
f 5798/5798 5714/5714 5767/5767
f 5767/5767 5714/5714 5689/5689
f 5767/5767 5689/5689 5725/5725
f 5767/5767 5706/5706 5768/5768
f 5742/5742 5663/5663 5784/5784
f 5749/5749 5727/5727 5785/5785
f 2886/2886 5743/5743 2887/2887
f 5799/5799 5744/5744 5715/5715
f 5755/5755 5664/5664 5800/5800
f 5800/5800 5664/5664 5707/5707
f 2866/2866 2868/2868 2856/2856
f 5801/5801 5788/5788 5789/5789
f 5762/5762 2847/2847 2880/2880
f 5802/5802 5757/5757 5752/5752
f 5774/5774 5758/5758 5803/5803
f 5803/5803 5758/5758 5794/5794
f 5794/5794 5764/5764 5775/5775
f 5759/5759 5765/5765 5804/5804
f 5765/5765 5738/5738 5804/5804
f 5804/5804 5738/5738 5778/5778
f 5795/5795 5724/5724 5805/5805
f 5805/5805 5724/5724 5717/5717
f 5797/5797 5798/5798 5806/5806
f 5807/5807 5798/5798 5767/5767
f 5769/5769 5782/5782 5808/5808
f 5809/5809 5726/5726 5783/5783
f 5770/5770 5741/5741 5810/5810
f 5810/5810 5741/5741 5754/5754
f 5811/5811 5742/5742 5784/5784
f 5812/5812 5728/5728 5813/5813
f 5813/5813 5728/5728 5743/5743
f 5813/5813 5743/5743 2886/2886
f 2885/2885 2887/2887 5744/5744
f 5715/5715 5755/5755 5799/5799
f 5799/5799 5755/5755 5814/5814
f 5814/5814 5755/5755 5800/5800
f 2866/2866 2856/2856 2890/2890
f 5787/5787 5761/5761 5815/5815
f 5816/5816 5789/5789 2844/2844
f 5817/5817 5762/5762 2880/2880
f 5752/5752 5771/5771 5818/5818
f 5819/5819 5791/5791 5792/5792
f 5819/5819 5792/5792 5820/5820
f 5821/5821 5772/5772 5822/5822
f 5822/5822 5772/5772 5763/5763
f 5793/5793 5774/5774 5823/5823
f 5823/5823 5774/5774 5803/5803
f 5775/5775 5747/5747 5824/5824
f 5824/5824 5747/5747 5776/5776
f 5777/5777 5759/5759 5804/5804
f 5825/5825 5766/5766 5795/5795
f 5805/5805 5717/5717 5826/5826
f 5827/5827 5779/5779 5780/5780
f 5828/5828 5781/5781 5797/5797
f 5828/5828 5797/5797 5829/5829
f 5829/5829 5797/5797 5806/5806
f 5806/5806 5798/5798 5830/5830
f 5830/5830 5798/5798 5807/5807
f 5807/5807 5767/5767 5831/5831
f 5831/5831 5767/5767 5832/5832
f 5832/5832 5767/5767 5768/5768
f 5832/5832 5768/5768 5833/5833
f 5833/5833 5768/5768 5834/5834
f 5834/5834 5768/5768 5769/5769
f 2882/2882 2851/2851 2900/2900
f 5810/5810 5754/5754 5835/5835
f 5836/5836 5748/5748 5742/5742
f 5837/5837 5811/5811 5784/5784
f 5785/5785 5728/5728 5812/5812
f 2885/2885 5744/5744 5838/5838
f 5799/5799 5838/5838 5744/5744
f 2888/2888 2911/2911 2860/2860
f 5839/5839 5756/5756 5682/5682
f 5839/5839 5682/5682 5787/5787
f 2914/2914 2866/2866 2890/2890
f 5840/5840 5801/5801 5789/5789
f 5841/5841 5787/5787 5815/5815
f 5817/5817 2880/2880 2921/2921
f 5802/5802 5752/5752 5818/5818
f 5818/5818 5771/5771 5842/5842
f 5842/5842 5771/5771 5843/5843
f 5823/5823 5803/5803 5844/5844
f 5844/5844 5803/5803 5845/5845
f 5845/5845 5803/5803 5794/5794
f 5794/5794 5775/5775 5846/5846
f 5846/5846 5775/5775 5824/5824
f 5777/5777 5804/5804 5847/5847
f 5847/5847 5804/5804 5848/5848
f 5848/5848 5804/5804 5849/5849
f 5804/5804 5778/5778 5849/5849
f 5849/5849 5778/5778 5850/5850
f 5850/5850 5778/5778 5766/5766
f 5805/5805 5826/5826 5851/5851
f 5780/5780 5781/5781 5828/5828
f 5827/5827 5780/5780 5828/5828
f 5834/5834 5769/5769 5808/5808
f 5852/5852 5796/5796 5779/5779
f 5779/5779 5827/5827 5852/5852
f 5783/5783 5770/5770 5853/5853
f 5809/5809 5783/5783 5853/5853
f 5853/5853 5770/5770 5810/5810
f 5836/5836 5742/5742 5811/5811
f 5749/5749 5785/5785 5854/5854
f 5785/5785 5812/5812 5854/5854
f 5854/5854 5812/5812 5813/5813
f 5855/5855 5813/5813 2886/2886
f 5855/5855 2886/2886 5856/5856
f 5856/5856 2886/2886 2885/2885
f 5838/5838 5799/5799 5857/5857
f 5857/5857 5799/5799 5858/5858
f 5799/5799 5814/5814 5858/5858
f 5858/5858 5814/5814 5859/5859
f 2914/2914 2943/2943 2915/2915
f 2889/2889 2948/2948 2890/2890
f 2948/2948 2914/2914 2890/2890
f 5860/5860 5787/5787 5841/5841
f 5840/5840 5789/5789 5816/5816
f 5861/5861 5840/5840 5816/5816
f 2893/2893 2955/2955 2920/2920
f 2920/2920 2958/2958 2894/2894
f 5773/5773 5793/5793 5862/5862
f 5862/5862 5793/5793 5823/5823
f 5845/5845 5794/5794 3293/3293
f 3293/3293 5794/5794 5846/5846
f 5846/5846 5824/5824 5863/5863
f 5863/5863 5824/5824 5776/5776
f 5864/5864 5777/5777 5865/5865
f 5865/5865 5777/5777 5847/5847
f 5847/5847 5848/5848 5866/5866
f 5848/5848 5849/5849 5867/5867
f 5866/5866 5848/5848 5867/5867
f 5825/5825 5795/5795 5805/5805
f 5805/5805 5851/5851 5868/5868
f 5852/5852 5827/5827 2963/2963
f 2961/2961 5852/5852 2963/2963
f 2963/2963 5827/5827 5828/5828
f 2963/2963 5828/5828 2964/2964
f 2964/2964 5828/5828 2965/2965
f 2965/2965 5828/5828 5829/5829
f 2965/2965 5829/5829 5806/5806
f 2967/2967 2965/2965 5806/5806
f 2967/2967 5806/5806 2968/2968
f 5806/5806 5830/5830 2968/2968
f 2968/2968 5830/5830 2971/2971
f 5830/5830 5807/5807 2971/2971
f 5807/5807 5831/5831 2971/2971
f 2971/2971 5831/5831 2973/2973
f 5831/5831 5832/5832 5869/5869
f 2973/2973 5831/5831 5869/5869
f 5869/5869 5832/5832 5833/5833
f 5869/5869 5833/5833 5870/5870
f 5870/5870 5833/5833 5834/5834
f 5870/5870 5834/5834 5871/5871
f 5834/5834 5808/5808 5872/5872
f 5871/5871 5834/5834 5872/5872
f 2974/2974 5809/5809 5853/5853
f 2974/2974 5853/5853 2975/2975
f 5853/5853 5810/5810 2980/2980
f 2975/2975 5853/5853 2980/2980
f 2980/2980 5810/5810 5835/5835
f 5873/5873 5836/5836 5811/5811
f 5837/5837 5784/5784 5749/5749
f 5854/5854 5813/5813 5874/5874
f 5874/5874 5813/5813 5855/5855
f 2885/2885 5838/5838 5875/5875
f 5875/5875 5838/5838 5857/5857
f 5857/5857 5858/5858 5876/5876
f 5875/5875 5857/5857 5876/5876
f 5876/5876 5858/5858 5877/5877
f 5878/5878 5858/5858 5859/5859
f 5877/5877 5858/5858 5878/5878
f 5877/5877 5878/5878 5879/5879
f 2926/2926 5880/5880 2927/2927
f 5880/5880 2926/2926 2942/2942
f 2994/2994 5880/5880 2942/2942
f 2939/2939 2938/2938 5786/5786
f 5756/5756 5839/5839 5881/5881
f 2943/2943 2914/2914 2949/2949
f 2944/2944 2943/2943 2949/2949
f 5839/5839 5787/5787 5860/5860
f 2889/2889 2874/2874 2946/2946
f 5882/5882 5840/5840 5861/5861
f 5860/5860 5841/5841 5883/5883
f 5861/5861 5816/5816 5884/5884
f 3290/3290 5817/5817 2921/2921
f 5885/5885 5802/5802 5818/5818
f 5818/5818 5842/5842 5886/5886
f 5886/5886 5842/5842 5843/5843
f 5865/5865 5847/5847 5866/5866
f 5867/5867 5849/5849 5887/5887
f 5887/5887 5849/5849 5850/5850
f 5887/5887 5850/5850 5888/5888
f 5850/5850 5766/5766 5888/5888
f 5888/5888 5766/5766 5889/5889
f 5766/5766 5825/5825 5889/5889
f 5889/5889 5825/5825 5890/5890
f 5890/5890 5825/5825 5805/5805
f 5805/5805 5868/5868 5891/5891
f 5890/5890 5805/5805 5891/5891
f 5892/5892 2961/2961 2960/2960
f 3066/3066 5893/5893 3067/3067
f 3067/3067 5893/5893 5894/5894
f 3067/3067 5894/5894 3068/3068
f 2962/2962 2964/2964 5895/5895
f 5895/5895 2964/2964 5896/5896
f 5896/5896 2964/2964 2966/2966
f 2966/2966 2967/2967 5896/5896
f 3069/3069 5897/5897 3070/3070
f 5897/5897 5898/5898 3070/3070
f 5898/5898 5899/5899 3070/3070
f 3070/3070 5899/5899 3071/3071
f 5899/5899 5900/5900 3071/3071
f 3071/3071 5900/5900 3072/3072
f 3072/3072 5900/5900 5901/5901
f 3072/3072 5901/5901 5902/5902
f 3072/3072 5902/5902 3073/3073
f 3073/3073 5902/5902 3076/3076
f 5871/5871 5872/5872 5903/5903
f 5903/5903 5872/5872 5904/5904
f 3074/3074 5905/5905 3065/3065
f 5905/5905 2983/2983 2982/2982
f 3065/3065 5905/5905 2982/2982
f 2984/2984 2980/2980 5835/5835
f 5873/5873 5811/5811 5906/5906
f 5906/5906 5811/5811 5837/5837
f 5837/5837 5749/5749 5906/5906
f 5906/5906 5749/5749 5907/5907
f 5907/5907 5749/5749 5908/5908
f 5749/5749 5854/5854 5908/5908
f 5908/5908 5854/5854 5874/5874
f 5874/5874 5855/5855 5909/5909
f 5855/5855 5856/5856 5909/5909
f 5909/5909 5856/5856 2885/2885
f 5909/5909 2885/2885 5910/5910
f 5910/5910 2885/2885 5875/5875
f 5910/5910 5875/5875 5911/5911
f 5911/5911 5875/5875 5876/5876
f 5911/5911 5876/5876 5912/5912
f 5912/5912 5876/5876 5877/5877
f 5877/5877 5879/5879 5913/5913
f 5912/5912 5877/5877 5913/5913
f 2995/2995 2994/2994 2942/2942
f 2941/2941 2995/2995 2942/2942
f 2995/2995 2941/2941 2997/2997
f 2992/2992 2995/2995 2997/2997
f 5914/5914 2939/2939 5786/5786
f 5914/5914 5786/5786 5881/5881
f 5881/5881 5786/5786 5756/5756
f 5882/5882 5861/5861 5915/5915
f 5916/5916 5860/5860 5883/5883
f 5915/5915 5861/5861 5884/5884
f 5917/5917 5866/5866 5867/5867
f 5917/5917 5867/5867 5918/5918
f 5918/5918 5867/5867 5887/5887
f 5919/5919 5920/5920 5921/5921
f 5921/5921 5920/5920 5922/5922
f 5922/5922 5923/5923 5924/5924
f 5921/5921 5922/5922 5924/5924
f 5924/5924 5923/5923 5925/5925
f 5923/5923 5926/5926 5925/5925
f 5925/5925 5926/5926 3311/3311
f 3311/3311 5926/5926 5927/5927
f 5927/5927 5926/5926 5928/5928
f 5927/5927 5928/5928 5929/5929
f 5928/5928 5930/5930 5929/5929
f 5929/5929 5930/5930 5931/5931
f 5931/5931 5930/5930 5932/5932
f 5931/5931 5932/5932 5933/5933
f 5933/5933 5932/5932 5934/5934
f 5934/5934 5935/5935 5936/5936
f 5933/5933 5934/5934 5936/5936
f 5937/5937 3040/3040 5938/5938
f 3040/3040 3039/3039 5938/5938
f 5939/5939 3075/3075 5940/5940
f 5939/5939 5940/5940 5941/5941
f 5940/5940 3140/3140 5941/5941
f 3214/3214 3209/3209 5942/5942
f 5914/5914 5881/5881 5943/5943
f 3271/3271 2944/2944 2949/2949
f 2952/2952 3274/3274 2946/2946
f 2954/2954 3002/3002 2956/2956
f 2956/2956 3288/3288 2957/2957
f 3005/3005 3290/3290 2921/2921
f 5886/5886 5843/5843 5944/5944
f 5945/5945 5819/5819 5820/5820
f 5862/5862 5823/5823 5946/5946
f 5946/5946 5823/5823 5844/5844
f 5864/5864 5865/5865 5947/5947
f 5866/5866 5917/5917 5948/5948
f 5949/5949 5866/5866 5948/5948
f 5948/5948 5917/5917 5918/5918
f 5919/5919 5921/5921 5950/5950
f 5921/5921 5924/5924 5951/5951
f 5950/5950 5921/5921 5951/5951
f 5924/5924 5925/5925 5951/5951
f 3311/3311 5927/5927 5952/5952
f 5927/5927 5929/5929 5952/5952
f 5929/5929 5931/5931 5953/5953
f 5954/5954 5931/5931 5933/5933
f 3039/3039 3075/3075 5955/5955
f 5955/5955 3075/3075 5939/5939
f 5939/5939 5941/5941 5956/5956
f 5956/5956 5941/5941 3140/3140
f 5956/5956 3140/3140 3139/3139
f 5956/5956 3139/3139 5957/5957
f 3139/3139 3150/3150 5957/5957
f 5957/5957 3150/3150 5958/5958
f 5958/5958 3150/3150 5959/5959
f 5959/5959 3150/3150 3198/3198
f 5960/5960 3214/3214 5942/5942
f 5942/5942 5961/5961 3300/3300
f 5839/5839 5860/5860 5962/5962
f 5963/5963 5964/5964 5882/5882
f 5963/5963 5882/5882 5965/5965
f 5962/5962 5860/5860 5916/5916
f 5965/5965 5882/5882 5915/5915
f 5966/5966 3290/3290 3289/3289
f 5885/5885 5818/5818 5886/5886
f 5945/5945 5820/5820 5967/5967
f 5968/5968 5821/5821 5822/5822
f 5968/5968 5822/5822 5969/5969
f 5969/5969 5822/5822 5763/5763
f 5844/5844 5845/5845 5970/5970
f 5970/5970 5845/5845 3292/3292
f 3292/3292 5845/5845 3293/3293
f 3293/3293 5846/5846 3291/3291
f 3291/3291 5846/5846 5863/5863
f 5947/5947 5865/5865 5866/5866
f 5947/5947 5866/5866 5949/5949
f 5948/5948 5918/5918 5971/5971
f 5972/5972 5919/5919 5950/5950
f 5973/5973 5950/5950 5951/5951
f 5951/5951 5925/5925 5974/5974
f 5974/5974 5925/5925 3310/3310
f 3310/3310 5925/5925 3311/3311
f 3311/3311 5952/5952 3312/3312
f 5952/5952 5929/5929 5953/5953
f 5953/5953 5931/5931 5954/5954
f 5954/5954 5933/5933 5975/5975
f 5975/5975 5933/5933 5936/5936
f 5975/5975 5936/5936 5976/5976
f 5977/5977 5937/5937 5938/5938
f 5977/5977 5938/5938 3039/3039
f 5977/5977 3039/3039 5955/5955
f 5978/5978 5939/5939 5979/5979
f 5979/5979 5939/5939 5956/5956
f 5959/5959 3198/3198 3214/3214
f 5959/5959 3214/3214 5960/5960
f 5960/5960 5942/5942 5980/5980
f 5980/5980 5942/5942 3300/3300
f 5961/5961 3301/3301 3300/3300
f 5943/5943 5881/5881 5981/5981
f 5981/5981 5881/5881 5839/5839
f 5981/5981 5839/5839 5982/5982
f 3271/3271 3338/3338 3272/3272
f 2999/2999 3271/3271 2949/2949
f 5962/5962 5916/5916 5983/5983
f 5965/5965 5915/5915 5984/5984
f 3345/3345 5966/5966 3289/3289
f 5763/5763 5773/5773 5985/5985
f 5985/5985 5773/5773 5862/5862
f 5946/5946 5844/5844 5986/5986
f 5986/5986 5844/5844 5970/5970
f 5949/5949 5948/5948 5987/5987
f 5987/5987 5948/5948 5971/5971
f 5972/5972 5950/5950 5973/5973
f 5973/5973 5951/5951 5974/5974
f 3312/3312 5952/5952 5988/5988
f 5988/5988 5952/5952 5953/5953
f 5953/5953 5954/5954 5975/5975
f 5989/5989 5937/5937 5977/5977
f 5955/5955 5939/5939 5978/5978
f 5956/5956 5957/5957 5979/5979
f 5979/5979 5957/5957 5990/5990
f 5990/5990 5957/5957 5958/5958
f 5990/5990 5958/5958 5991/5991
f 5958/5958 5959/5959 5991/5991
f 5991/5991 5959/5959 5992/5992
f 5992/5992 5959/5959 5960/5960
f 5993/5993 5943/5943 5981/5981
f 5982/5982 5839/5839 5994/5994
f 5994/5994 5839/5839 5962/5962
f 3286/3286 3308/3308 3287/3287
f 5995/5995 5962/5962 5983/5983
f 5969/5969 5763/5763 5996/5996
f 5996/5996 5763/5763 5985/5985
f 3291/3291 5863/5863 5997/5997
f 5998/5998 5864/5864 5947/5947
f 5999/5999 5987/5987 5971/5971
f 6000/6000 5972/5972 5973/5973
f 6000/6000 5973/5973 6001/6001
f 6001/6001 5973/5973 6002/6002
f 5973/5973 5974/5974 6002/6002
f 6002/6002 5974/5974 3310/3310
f 6002/6002 3310/3310 6003/6003
f 6003/6003 3310/3310 3312/3312
f 6003/6003 3312/3312 6004/6004
f 3312/3312 5988/5988 6004/6004
f 6004/6004 5988/5988 5953/5953
f 6004/6004 5953/5953 6005/6005
f 5953/5953 5975/5975 6005/6005
f 6005/6005 5975/5975 6006/6006
f 6006/6006 5975/5975 5976/5976
f 5989/5989 5977/5977 6007/6007
f 6007/6007 5977/5977 5955/5955
f 6008/6008 3326/3326 3325/3325
f 6009/6009 6008/6008 3325/3325
f 3329/3329 6008/6008 6010/6010
f 6010/6010 6008/6008 6009/6009
f 3330/3330 3329/3329 6010/6010
f 6009/6009 3325/3325 6011/6011
f 3325/3325 3327/3327 6011/6011
f 6011/6011 3327/3327 6012/6012
f 6012/6012 3327/3327 6013/6013
f 6014/6014 6015/6015 3328/3328
f 6016/6016 3328/3328 3330/3330
f 6010/6010 6009/6009 6011/6011
f 3333/3333 6017/6017 6018/6018
f 6017/6017 6014/6014 6018/6018
f 6014/6014 3328/3328 6018/6018
f 6018/6018 3328/3328 6016/6016
f 6016/6016 3330/3330 6019/6019
f 6019/6019 3330/3330 6010/6010
f 6010/6010 6011/6011 6019/6019
f 6019/6019 6011/6011 6012/6012
f 6012/6012 6013/6013 6020/6020
f 3333/3333 6018/6018 6021/6021
f 3331/3331 3333/3333 6021/6021
f 6021/6021 6018/6018 6022/6022
f 6018/6018 6016/6016 6022/6022
f 6022/6022 6016/6016 6023/6023
f 6016/6016 6019/6019 6023/6023
f 6023/6023 6019/6019 6012/6012
f 6023/6023 6012/6012 6024/6024
f 6024/6024 6012/6012 6025/6025
f 6025/6025 6012/6012 6020/6020
f 5978/5978 5979/5979 6026/6026
f 3331/3331 6021/6021 6027/6027
f 6023/6023 6024/6024 3334/3334
f 6027/6027 6021/6021 6028/6028
f 6022/6022 6023/6023 6029/6029
f 6023/6023 3334/3334 6030/6030
f 6024/6024 6025/6025 3335/3335
f 6026/6026 5979/5979 6031/6031
f 6021/6021 6022/6022 6032/6032
f 6032/6032 6022/6022 6029/6029
f 6029/6029 6023/6023 6030/6030
f 3334/3334 6024/6024 3335/3335
f 6030/6030 3334/3334 6033/6033
f 6034/6034 6029/6029 6030/6030
f 6034/6034 6030/6030 6035/6035
f 6030/6030 6033/6033 6035/6035
f 6033/6033 3334/3334 3336/3336
f 6034/6034 6035/6035 6036/6036
f 6034/6034 6036/6036 6037/6037
f 6035/6035 6033/6033 3336/3336
f 6036/6036 6035/6035 6038/6038
f 5992/5992 5960/5960 6039/6039
f 6039/6039 5960/5960 6040/6040
f 6040/6040 5960/5960 5980/5980
f 5980/5980 3300/3300 6041/6041
f 3339/3339 3338/3338 3271/3271
f 3321/3321 2999/2999 3342/3342
f 5994/5994 5962/5962 5995/5995
f 5963/5963 5965/5965 6042/6042
f 3323/3323 3362/3362 3309/3309
f 5965/5965 5984/5984 6042/6042
f 3324/3324 3345/3345 3289/3289
f 3349/3349 3006/3006 2959/2959
f 6043/6043 5885/5885 6044/6044
f 6044/6044 5885/5885 5886/5886
f 5985/5985 5862/5862 6045/6045
f 6045/6045 5862/5862 5946/5946
f 3371/3371 3291/3291 5997/5997
f 5998/5998 5947/5947 6046/6046
f 6047/6047 5947/5947 5949/5949
f 6047/6047 5949/5949 5987/5987
f 5987/5987 5999/5999 6048/6048
f 6047/6047 5987/5987 6048/6048
f 6049/6049 6050/6050 6051/6051
f 6052/6052 6049/6049 6051/6051
f 5999/5999 6053/6053 6048/6048
f 6050/6050 6054/6054 6051/6051
f 6051/6051 6054/6054 6055/6055
f 6055/6055 6054/6054 6056/6056
f 6056/6056 6054/6054 6057/6057
f 6056/6056 6057/6057 6058/6058
f 6057/6057 6059/6059 6058/6058
f 6058/6058 6059/6059 6060/6060
f 6060/6060 6059/6059 6061/6061
f 6060/6060 6061/6061 6062/6062
f 6061/6061 6063/6063 6062/6062
f 6062/6062 6063/6063 6064/6064
f 6064/6064 6063/6063 6065/6065
f 6064/6064 6065/6065 6066/6066
f 6048/6048 6053/6053 6067/6067
f 6068/6068 6055/6055 6069/6069
f 6069/6069 6055/6055 6056/6056
f 6069/6069 6056/6056 6070/6070
f 6056/6056 6058/6058 6070/6070
f 6070/6070 6058/6058 6071/6071
f 6071/6071 6058/6058 6072/6072
f 6072/6072 6058/6058 6060/6060
f 6051/6051 6055/6055 6068/6068
f 6072/6072 6060/6060 6073/6073
f 6073/6073 6060/6060 6062/6062
f 6064/6064 6066/6066 6074/6074
f 6075/6075 6052/6052 6076/6076
f 6076/6076 6052/6052 6051/6051
f 6076/6076 6051/6051 6068/6068
f 6077/6077 6069/6069 6070/6070
f 3329/3329 6072/6072 6073/6073
f 6074/6074 6066/6066 6078/6078
f 6079/6079 6067/6067 6080/6080
f 6068/6068 6069/6069 6077/6077
f 6070/6070 6071/6071 6015/6015
f 6062/6062 6064/6064 3327/3327
f 3327/3327 6064/6064 6074/6074
f 6081/6081 6076/6076 6068/6068
f 6015/6015 6071/6071 6072/6072
f 6015/6015 6072/6072 3329/3329
f 3329/3329 6073/6073 6008/6008
f 6008/6008 6073/6073 3326/3326
f 3326/3326 6073/6073 6062/6062
f 3326/3326 6062/6062 3327/3327
f 6082/6082 6076/6076 6081/6081
f 6081/6081 6068/6068 6077/6077
f 6077/6077 6070/6070 6083/6083
f 6083/6083 6070/6070 6015/6015
f 6083/6083 6015/6015 6017/6017
f 6013/6013 3327/3327 6074/6074
f 6084/6084 6076/6076 6082/6082
f 6079/6079 6080/6080 6085/6085
f 6079/6079 6085/6085 6086/6086
f 6015/6015 3329/3329 3328/3328
f 6017/6017 6015/6015 6014/6014
f 6013/6013 6074/6074 6020/6020
f 6074/6074 6078/6078 6020/6020
f 6081/6081 6077/6077 3332/3332
f 6084/6084 6082/6082 6087/6087
f 6087/6087 6082/6082 6081/6081
f 6077/6077 6083/6083 3332/3332
f 3332/3332 6083/6083 6017/6017
f 6087/6087 6081/6081 3332/3332
f 3332/3332 6017/6017 3333/3333
f 6087/6087 3332/3332 6088/6088
f 6088/6088 3332/3332 3331/3331
f 6088/6088 3331/3331 6027/6027
f 6089/6089 6087/6087 6088/6088
f 6090/6090 6027/6027 6028/6028
f 6091/6091 6084/6084 6087/6087
f 6091/6091 6087/6087 6089/6089
f 6088/6088 6027/6027 6090/6090
f 6086/6086 6085/6085 6092/6092
f 6093/6093 6028/6028 6021/6021
f 6092/6092 6085/6085 6094/6094
f 6095/6095 6088/6088 6090/6090
f 6096/6096 6021/6021 6032/6032
f 6031/6031 5979/5979 5990/5990
f 6091/6091 6089/6089 6097/6097
f 6093/6093 6021/6021 6096/6096
f 6094/6094 6098/6098 6092/6092
f 6099/6099 6091/6091 6097/6097
f 6097/6097 6089/6089 6088/6088
f 3336/3336 3335/3335 6100/6100
f 6097/6097 6088/6088 6095/6095
f 6101/6101 6090/6090 6028/6028
f 6096/6096 6032/6032 6029/6029
f 6095/6095 6090/6090 6101/6101
f 6028/6028 6093/6093 6101/6101
f 6092/6092 6098/6098 6102/6102
f 6096/6096 6029/6029 6037/6037
f 6037/6037 6029/6029 6034/6034
f 6103/6103 6096/6096 6037/6037
f 6101/6101 6093/6093 6104/6104
f 6102/6102 6098/6098 6105/6105
f 6104/6104 6093/6093 6106/6106
f 6106/6106 6093/6093 6096/6096
f 6106/6106 6096/6096 6103/6103
f 6105/6105 6098/6098 6107/6107
f 6108/6108 6099/6099 6097/6097
f 6108/6108 6097/6097 6109/6109
f 6095/6095 6101/6101 6110/6110
f 6110/6110 6101/6101 6104/6104
f 6109/6109 6097/6097 6095/6095
f 6038/6038 6035/6035 3336/3336
f 6103/6103 6037/6037 6111/6111
f 6037/6037 6036/6036 6111/6111
f 6106/6106 6103/6103 6111/6111
f 6112/6112 6036/6036 6038/6038
f 6038/6038 3336/3336 6113/6113
f 6113/6113 3336/3336 6100/6100
f 6110/6110 6104/6104 6114/6114
f 6115/6115 6104/6104 6106/6106
f 6106/6106 6111/6111 6116/6116
f 6111/6111 6036/6036 6117/6117
f 6117/6117 6036/6036 6112/6112
f 6105/6105 6107/6107 6118/6118
f 6109/6109 6095/6095 6110/6110
f 6114/6114 6104/6104 6115/6115
f 6107/6107 6119/6119 6118/6118
f 6115/6115 6106/6106 6120/6120
f 6117/6117 6116/6116 6111/6111
f 6121/6121 6112/6112 6038/6038
f 6121/6121 6038/6038 6113/6113
f 6113/6113 6100/6100 6122/6122
f 6123/6123 5990/5990 5991/5991
f 6124/6124 6108/6108 6109/6109
f 6125/6125 6109/6109 6110/6110
f 6120/6120 6106/6106 6116/6116
f 6125/6125 6110/6110 6126/6126
f 6110/6110 6114/6114 6126/6126
f 6118/6118 6119/6119 6127/6127
f 6124/6124 6109/6109 6128/6128
f 6128/6128 6109/6109 6125/6125
f 6116/6116 6117/6117 6129/6129
f 6130/6130 6121/6121 6131/6131
f 6131/6131 6121/6121 6113/6113
f 6132/6132 6114/6114 6115/6115
f 6132/6132 6115/6115 6120/6120
f 6121/6121 6117/6117 6112/6112
f 6117/6117 6121/6121 6133/6133
f 6132/6132 6120/6120 6129/6129
f 6120/6120 6116/6116 6129/6129
f 6131/6131 6113/6113 6122/6122
f 6123/6123 5991/5991 5992/5992
f 6126/6126 6114/6114 6134/6134
f 6134/6134 6114/6114 6132/6132
f 6133/6133 6121/6121 6130/6130
f 6135/6135 6130/6130 6131/6131
f 6136/6136 6117/6117 6133/6133
f 6125/6125 6126/6126 6134/6134
f 6136/6136 6129/6129 6117/6117
f 6135/6135 6131/6131 6137/6137
f 6134/6134 6132/6132 6138/6138
f 6132/6132 6129/6129 6136/6136
f 6139/6139 6136/6136 6133/6133
f 6133/6133 6130/6130 6135/6135
f 6125/6125 6134/6134 6140/6140
f 6138/6138 6132/6132 6136/6136
f 6137/6137 6131/6131 6122/6122
f 6137/6137 6122/6122 6141/6141
f 6039/6039 6123/6123 5992/5992
f 6119/6119 6142/6142 6127/6127
f 6143/6143 6124/6124 6128/6128
f 6138/6138 6140/6140 6134/6134
f 6138/6138 6136/6136 6144/6144
f 6145/6145 6139/6139 6133/6133
f 6133/6133 6135/6135 6146/6146
f 6127/6127 6142/6142 6147/6147
f 6128/6128 6125/6125 6140/6140
f 6135/6135 6137/6137 6146/6146
f 6144/6144 6136/6136 6139/6139
f 6148/6148 6143/6143 6149/6149
f 6149/6149 6143/6143 6128/6128
f 6150/6150 6128/6128 6151/6151
f 6128/6128 6140/6140 6151/6151
f 6140/6140 6138/6138 6152/6152
f 6152/6152 6138/6138 6144/6144
f 6152/6152 6144/6144 6153/6153
f 6153/6153 6144/6144 6139/6139
f 6153/6153 6139/6139 6145/6145
f 6154/6154 6145/6145 6133/6133
f 6154/6154 6133/6133 6146/6146
f 6146/6146 6137/6137 6155/6155
f 6155/6155 6137/6137 6141/6141
f 6149/6149 6128/6128 6156/6156
f 6156/6156 6128/6128 6150/6150
f 6151/6151 6140/6140 6152/6152
f 6153/6153 6145/6145 6154/6154
f 6154/6154 6146/6146 6157/6157
f 6157/6157 6146/6146 6155/6155
f 6158/6158 6149/6149 6156/6156
f 6150/6150 6151/6151 6159/6159
f 6159/6159 6151/6151 6160/6160
f 6151/6151 6152/6152 6160/6160
f 6160/6160 6152/6152 6161/6161
f 6152/6152 6153/6153 6161/6161
f 6161/6161 6153/6153 6162/6162
f 6162/6162 6153/6153 6163/6163
f 6163/6163 6153/6153 6154/6154
f 6163/6163 6154/6154 6164/6164
f 6163/6163 6164/6164 6165/6165
f 6164/6164 6154/6154 6157/6157
f 6155/6155 6141/6141 6166/6166
f 6164/6164 6157/6157 6165/6165
f 6167/6167 6165/6165 6168/6168
f 6165/6165 6157/6157 6166/6166
f 6168/6168 6165/6165 6166/6166
f 6166/6166 6157/6157 6155/6155
f 6169/6169 6039/6039 6040/6040
f 6040/6040 5980/5980 6041/6041
f 3339/3339 3271/3271 3358/3358
f 6044/6044 5886/5886 6170/6170
f 6170/6170 5886/5886 5944/5944
f 5946/5946 5986/5986 6171/6171
f 5986/5986 5970/5970 6172/6172
f 6171/6171 5986/5986 6172/6172
f 6172/6172 5970/5970 3292/3292
f 6046/6046 5947/5947 6047/6047
f 6173/6173 6047/6047 6048/6048
f 6173/6173 6048/6048 6174/6174
f 6174/6174 6048/6048 6067/6067
f 6079/6079 6174/6174 6067/6067
f 6174/6174 6079/6079 6175/6175
f 6175/6175 6079/6079 6176/6176
f 6079/6079 6086/6086 6176/6176
f 6176/6176 6086/6086 6177/6177
f 6177/6177 6086/6086 6178/6178
f 6086/6086 6092/6092 6178/6178
f 6178/6178 6092/6092 6179/6179
f 6179/6179 6092/6092 6102/6102
f 6179/6179 6102/6102 6180/6180
f 6180/6180 6102/6102 6105/6105
f 6180/6180 6105/6105 6181/6181
f 6181/6181 6105/6105 6118/6118
f 6181/6181 6118/6118 6182/6182
f 6118/6118 6127/6127 6182/6182
f 6182/6182 6127/6127 6183/6183
f 6183/6183 6127/6127 6184/6184
f 6184/6184 6127/6127 6147/6147
f 6185/6185 6148/6148 6149/6149
f 6185/6185 6149/6149 6158/6158
f 6147/6147 6186/6186 6184/6184
f 6184/6184 6186/6186 6187/6187
f 6158/6158 6156/6156 6188/6188
f 6156/6156 6150/6150 6188/6188
f 6150/6150 6159/6159 6189/6189
f 6188/6188 6150/6150 6189/6189
f 6189/6189 6159/6159 6160/6160
f 6189/6189 6160/6160 6190/6190
f 6190/6190 6160/6160 6161/6161
f 6161/6161 6162/6162 6190/6190
f 6190/6190 6162/6162 6191/6191
f 6162/6162 6163/6163 6191/6191
f 6191/6191 6163/6163 6167/6167
f 6167/6167 6163/6163 6165/6165
f 6188/6188 6189/6189 6192/6192
f 6189/6189 6190/6190 6192/6192
f 6192/6192 6190/6190 6193/6193
f 6193/6193 6190/6190 6194/6194
f 6190/6190 6191/6191 6194/6194
f 6194/6194 6191/6191 6167/6167
f 6194/6194 6167/6167 6195/6195
f 6195/6195 6167/6167 6196/6196
f 6196/6196 6167/6167 6168/6168
f 6196/6196 6168/6168 6197/6197
f 6168/6168 6166/6166 6197/6197
f 6185/6185 6158/6158 6198/6198
f 6187/6187 6186/6186 6199/6199
f 6198/6198 6158/6158 6188/6188
f 6200/6200 6188/6188 6192/6192
f 6200/6200 6192/6192 6193/6193
f 6200/6200 6193/6193 6201/6201
f 6201/6201 6193/6193 6194/6194
f 6197/6197 6166/6166 6202/6202
f 6203/6203 6185/6185 6198/6198
f 6186/6186 6204/6204 6199/6199
f 6198/6198 6188/6188 6200/6200
f 6200/6200 6201/6201 6205/6205
f 6201/6201 6194/6194 6206/6206
f 6206/6206 6194/6194 6207/6207
f 6207/6207 6194/6194 6195/6195
f 6196/6196 6197/6197 6208/6208
f 6198/6198 6200/6200 6209/6209
f 6195/6195 6196/6196 6207/6207
f 6207/6207 6196/6196 6208/6208
f 6210/6210 6197/6197 6202/6202
f 6209/6209 6200/6200 6205/6205
f 6205/6205 6201/6201 6211/6211
f 6201/6201 6206/6206 6211/6211
f 6211/6211 6206/6206 6212/6212
f 6206/6206 6207/6207 6212/6212
f 6208/6208 6197/6197 6210/6210
f 6199/6199 6204/6204 6213/6213
f 6209/6209 6205/6205 6214/6214
f 6214/6214 6205/6205 6211/6211
f 6198/6198 6209/6209 6215/6215
f 6214/6214 6211/6211 6212/6212
f 6212/6212 6207/6207 6208/6208
f 6216/6216 6040/6040 6041/6041
f 6217/6217 6203/6203 6198/6198
f 6217/6217 6198/6198 6218/6218
f 6213/6213 6204/6204 6219/6219
f 6218/6218 6198/6198 6215/6215
f 6209/6209 6214/6214 6220/6220
f 6220/6220 6214/6214 6221/6221
f 6212/6212 6208/6208 6222/6222
f 6208/6208 6210/6210 6222/6222
f 6222/6222 6210/6210 6223/6223
f 6215/6215 6209/6209 6220/6220
f 6221/6221 6214/6214 6212/6212
f 6223/6223 6210/6210 6224/6224
f 6213/6213 6219/6219 6225/6225
f 6221/6221 6212/6212 6226/6226
f 6226/6226 6212/6212 6222/6222
f 6217/6217 6218/6218 6227/6227
f 6228/6228 6217/6217 6227/6227
f 6225/6225 6219/6219 5993/5993
f 6227/6227 6218/6218 6215/6215
f 6227/6227 6215/6215 6229/6229
f 6229/6229 6215/6215 6220/6220
f 6229/6229 6220/6220 6230/6230
f 6230/6230 6220/6220 6221/6221
f 6221/6221 6226/6226 6230/6230
f 6230/6230 6226/6226 6231/6231
f 6226/6226 6222/6222 6231/6231
f 6231/6231 6222/6222 6223/6223
f 6225/6225 5993/5993 5981/5981
f 5981/5981 5982/5982 6232/6232
f 3367/3367 3339/3339 3358/3358
f 5994/5994 5995/5995 6233/6233
f 6234/6234 5963/5963 6042/6042
f 3380/3380 3346/3346 3344/3344
f 3382/3382 3324/3324 3348/3348
f 5968/5968 5969/5969 6235/6235
f 6235/6235 5969/5969 5996/5996
f 6045/6045 5946/5946 6236/6236
f 6236/6236 5946/5946 6171/6171
f 6237/6237 6047/6047 6173/6173
f 6173/6173 6174/6174 6238/6238
f 6174/6174 6175/6175 6238/6238
f 6175/6175 6176/6176 3388/3388
f 3388/3388 6176/6176 3386/3386
f 6176/6176 6177/6177 3386/3386
f 3386/3386 6177/6177 6239/6239
f 6239/6239 6177/6177 6178/6178
f 6239/6239 6178/6178 6179/6179
f 6239/6239 6179/6179 6240/6240
f 6240/6240 6179/6179 6180/6180
f 6240/6240 6180/6180 6181/6181
f 6240/6240 6181/6181 6241/6241
f 6241/6241 6181/6181 6242/6242
f 6242/6242 6181/6181 6182/6182
f 6182/6182 6183/6183 6243/6243
f 6242/6242 6182/6182 6243/6243
f 6243/6243 6183/6183 6244/6244
f 6183/6183 6184/6184 6244/6244
f 6244/6244 6184/6184 6187/6187
f 6244/6244 6187/6187 6245/6245
f 6245/6245 6187/6187 6199/6199
f 6245/6245 6199/6199 6246/6246
f 6199/6199 6213/6213 6246/6246
f 6246/6246 6213/6213 6225/6225
f 6225/6225 5981/5981 6232/6232
f 6232/6232 5982/5982 6247/6247
f 6247/6247 5982/5982 5994/5994
f 6247/6247 5994/5994 6248/6248
f 3359/3359 3379/3379 3307/3307
f 6248/6248 5994/5994 6233/6233
f 6234/6234 6042/6042 6249/6249
f 6043/6043 6044/6044 6250/6250
f 6250/6250 6044/6044 6170/6170
f 6170/6170 5944/5944 6251/6251
f 6252/6252 5945/5945 5967/5967
f 6252/6252 5967/5967 6253/6253
f 6254/6254 5968/5968 6235/6235
f 6172/6172 3292/3292 3371/3371
f 6046/6046 6047/6047 6237/6237
f 6237/6237 6173/6173 6238/6238
f 6255/6255 6238/6238 6175/6175
f 6255/6255 6175/6175 3388/3388
f 3389/3389 3386/3386 6256/6256
f 3386/3386 6239/6239 6256/6256
f 6256/6256 6239/6239 6257/6257
f 6239/6239 6240/6240 6257/6257
f 6257/6257 6240/6240 6258/6258
f 6240/6240 6241/6241 6258/6258
f 6241/6241 6242/6242 6258/6258
f 6242/6242 6243/6243 6259/6259
f 6258/6258 6242/6242 6259/6259
f 6243/6243 6244/6244 6259/6259
f 6259/6259 6244/6244 6260/6260
f 6260/6260 6244/6244 6245/6245
f 6246/6246 6225/6225 6261/6261
f 6261/6261 6225/6225 6232/6232
f 6261/6261 6232/6232 6262/6262
f 6262/6262 6232/6232 6247/6247
f 6262/6262 6247/6247 6263/6263
f 3367/3367 3358/3358 3392/3392
f 6263/6263 6247/6247 6248/6248
f 3361/3361 3394/3394 3369/3369
f 6264/6264 6234/6234 6249/6249
f 3383/3383 3380/3380 3344/3344
f 6250/6250 6170/6170 6265/6265
f 5996/5996 5985/5985 6266/6266
f 6266/6266 5985/5985 6045/6045
f 6266/6266 6045/6045 6267/6267
f 6267/6267 6045/6045 6236/6236
f 6171/6171 6172/6172 6268/6268
f 6268/6268 6172/6172 3371/3371
f 6268/6268 3371/3371 6269/6269
f 6237/6237 6238/6238 6270/6270
f 6270/6270 6238/6238 6271/6271
f 6238/6238 6255/6255 6271/6271
f 6272/6272 6273/6273 6274/6274
f 6275/6275 6276/6276 6277/6277
f 6276/6276 6272/6272 6278/6278
f 6278/6278 6272/6272 6274/6274
f 6277/6277 6276/6276 6279/6279
f 6279/6279 6276/6276 6278/6278
f 6280/6280 6277/6277 6281/6281
f 6278/6278 6274/6274 6282/6282
f 6283/6283 6277/6277 6279/6279
f 6281/6281 6277/6277 6284/6284
f 6279/6279 6278/6278 6285/6285
f 6278/6278 6282/6282 6286/6286
f 6285/6285 6278/6278 6286/6286
f 6284/6284 6277/6277 6283/6283
f 6283/6283 6279/6279 6287/6287
f 6287/6287 6279/6279 6285/6285
f 6288/6288 6283/6283 6287/6287
f 6283/6283 6288/6288 6284/6284
f 6287/6287 6285/6285 6289/6289
f 6290/6290 6288/6288 6287/6287
f 6290/6290 6287/6287 6291/6291
f 6291/6291 6287/6287 6289/6289
f 6291/6291 6289/6289 6292/6292
f 6293/6293 6290/6290 6291/6291
f 6291/6291 6292/6292 6294/6294
f 6295/6295 6293/6293 6291/6291
f 6295/6295 6291/6291 6296/6296
f 6296/6296 6291/6291 6297/6297
f 6297/6297 6291/6291 6294/6294
f 6295/6295 6296/6296 6298/6298
f 6298/6298 6296/6296 6299/6299
f 6296/6296 6300/6300 6299/6299
f 6300/6300 6296/6296 6297/6297
f 6297/6297 6294/6294 6301/6301
f 6300/6300 6297/6297 6302/6302
f 6302/6302 6297/6297 6301/6301
f 6299/6299 6300/6300 6303/6303
f 6302/6302 6301/6301 6304/6304
f 6303/6303 6300/6300 6302/6302
f 6303/6303 6302/6302 6305/6305
f 6305/6305 6302/6302 6304/6304
f 6306/6306 6303/6303 6305/6305
f 6307/6307 6303/6303 6306/6306
f 6305/6305 6304/6304 6308/6308
f 6305/6305 6308/6308 6309/6309
f 6310/6310 6305/6305 6309/6309
f 6306/6306 6305/6305 6311/6311
f 6311/6311 6305/6305 6310/6310
f 6310/6310 6309/6309 6312/6312
f 6313/6313 6311/6311 6310/6310
f 6313/6313 6310/6310 6314/6314
f 6310/6310 6312/6312 6315/6315
f 6314/6314 6310/6310 6315/6315
f 6316/6316 6313/6313 6314/6314
f 6313/6313 6316/6316 6317/6317
f 6314/6314 6315/6315 6318/6318
f 6316/6316 6314/6314 6318/6318
f 6317/6317 6316/6316 6319/6319
f 3398/3398 6316/6316 6318/6318
f 6320/6320 6262/6262 6263/6263
f 6321/6321 6319/6319 6316/6316
f 6321/6321 6316/6316 3398/3398
f 6322/6322 6319/6319 6321/6321
f 6322/6322 6321/6321 6323/6323
f 3397/3397 3367/3367 3392/3392
f 3397/3397 3392/3392 3403/3403
f 3377/3377 3376/3376 6324/6324
f 3377/3377 6324/6324 3393/3393
f 3400/3400 3399/3399 6325/6325
f 6326/6326 6264/6264 6249/6249
f 6327/6327 6043/6043 6250/6250
f 6265/6265 6170/6170 6251/6251
f 6235/6235 5996/5996 6266/6266
f 6267/6267 6236/6236 6171/6171
f 6269/6269 3371/3371 6328/6328
f 6328/6328 3371/3371 5997/5997
f 5998/5998 6046/6046 6237/6237
f 5998/5998 6237/6237 6329/6329
f 6329/6329 6237/6237 6270/6270
f 6330/6330 6331/6331 6275/6275
f 6275/6275 6331/6331 6332/6332
f 6333/6333 6330/6330 6280/6280
f 6280/6280 6330/6330 6275/6275
f 6332/6332 6334/6334 6272/6272
f 6334/6334 6335/6335 6273/6273
f 6272/6272 6334/6334 6273/6273
f 6330/6330 6333/6333 6336/6336
f 6275/6275 6332/6332 6276/6276
f 6276/6276 6332/6332 6272/6272
f 6337/6337 6333/6333 6280/6280
f 6333/6333 6337/6337 6336/6336
f 6280/6280 6275/6275 6277/6277
f 6337/6337 6280/6280 6281/6281
f 6336/6336 6337/6337 6338/6338
f 6337/6337 6281/6281 6284/6284
f 6339/6339 6337/6337 6284/6284
f 6338/6338 6337/6337 6339/6339
f 6338/6338 6339/6339 6340/6340
f 6339/6339 6284/6284 6288/6288
f 6340/6340 6339/6339 6288/6288
f 6340/6340 6288/6288 6341/6341
f 6341/6341 6288/6288 6290/6290
f 6341/6341 6290/6290 6342/6342
f 6342/6342 6290/6290 6293/6293
f 6343/6343 6342/6342 6293/6293
f 6343/6343 6293/6293 6295/6295
f 6342/6342 6343/6343 6344/6344
f 6343/6343 6295/6295 6298/6298
f 6345/6345 6343/6343 6298/6298
f 6344/6344 6343/6343 6345/6345
f 6344/6344 6345/6345 6346/6346
f 6345/6345 6298/6298 6299/6299
f 6346/6346 6345/6345 6347/6347
f 6348/6348 6345/6345 6299/6299
f 6345/6345 6348/6348 6347/6347
f 6348/6348 6299/6299 6303/6303
f 6347/6347 6348/6348 6349/6349
f 6350/6350 6348/6348 6303/6303
f 6349/6349 6348/6348 6350/6350
f 6350/6350 6303/6303 6307/6307
f 6349/6349 6350/6350 6351/6351
f 6352/6352 6350/6350 6307/6307
f 6352/6352 6307/6307 6306/6306
f 6351/6351 6350/6350 6352/6352
f 6351/6351 6352/6352 6353/6353
f 6354/6354 6352/6352 6306/6306
f 6353/6353 6352/6352 6354/6354
f 6354/6354 6306/6306 6311/6311
f 6354/6354 6355/6355 6353/6353
f 6354/6354 6311/6311 6313/6313
f 6355/6355 6354/6354 6313/6313
f 6356/6356 6355/6355 6313/6313
f 6356/6356 6313/6313 6317/6317
f 6355/6355 6356/6356 6357/6357
f 6322/6322 6356/6356 6317/6317
f 6322/6322 6317/6317 6319/6319
f 6356/6356 6322/6322 6358/6358
f 6357/6357 6356/6356 6358/6358
f 6322/6322 6323/6323 6359/6359
f 6358/6358 6322/6322 6359/6359
f 3398/3398 6318/6318 3399/3399
f 6326/6326 6249/6249 6360/6360
f 3433/3433 3383/3383 3396/3396
f 6250/6250 6265/6265 6361/6361
f 6265/6265 6251/6251 6362/6362
f 6361/6361 6265/6265 6362/6362
f 6363/6363 6252/6252 6253/6253
f 6364/6364 6365/6365 6366/6366
f 3408/3408 6367/6367 6368/6368
f 6369/6369 6365/6365 6370/6370
f 6366/6366 6365/6365 6369/6369
f 6370/6370 6367/6367 3408/3408
f 6369/6369 6370/6370 3408/3408
f 6371/6371 6368/6368 6372/6372
f 6369/6369 6373/6373 6366/6366
f 6368/6368 6371/6371 3409/3409
f 6373/6373 6369/6369 6374/6374
f 6374/6374 6369/6369 3408/3408
f 6374/6374 3408/3408 3410/3410
f 6366/6366 6373/6373 6375/6375
f 6373/6373 6374/6374 6331/6331
f 6376/6376 6373/6373 6331/6331
f 6373/6373 6376/6376 6375/6375
f 6331/6331 6374/6374 3410/3410
f 3410/3410 3409/3409 6334/6334
f 3409/3409 6371/6371 6335/6335
f 6334/6334 3409/3409 6335/6335
f 6376/6376 6331/6331 6330/6330
f 6376/6376 6330/6330 6375/6375
f 6331/6331 3410/3410 6332/6332
f 6332/6332 3410/3410 6334/6334
f 6330/6330 6336/6336 6375/6375
f 6377/6377 6375/6375 6336/6336
f 6375/6375 6377/6377 6378/6378
f 6379/6379 6380/6380 6381/6381
f 6377/6377 6336/6336 6338/6338
f 6382/6382 6378/6378 6377/6377
f 6382/6382 6377/6377 6383/6383
f 6378/6378 6382/6382 6384/6384
f 6383/6383 6377/6377 6338/6338
f 6383/6383 6338/6338 6340/6340
f 6382/6382 6383/6383 6385/6385
f 6385/6385 6383/6383 6340/6340
f 6386/6386 3416/3416 3417/3417
f 3417/3417 6382/6382 6385/6385
f 6387/6387 6388/6388 6389/6389
f 6386/6386 3417/3417 3418/3418
f 3417/3417 6385/6385 6390/6390
f 6390/6390 6385/6385 6340/6340
f 6390/6390 6340/6340 6341/6341
f 6391/6391 3417/3417 6390/6390
f 6392/6392 6386/6386 3420/3420
f 3420/3420 6386/6386 3418/3418
f 3417/3417 6391/6391 3418/3418
f 6393/6393 6392/6392 3420/3420
f 6394/6394 6388/6388 6395/6395
f 6390/6390 6341/6341 6342/6342
f 6391/6391 6390/6390 6396/6396
f 6397/6397 6391/6391 6396/6396
f 6391/6391 6397/6397 3418/3418
f 6396/6396 6390/6390 6342/6342
f 6398/6398 3420/3420 3419/3419
f 3420/3420 6398/6398 6393/6393
f 6397/6397 6396/6396 6399/6399
f 3418/3418 6397/6397 3419/3419
f 6399/6399 6396/6396 6342/6342
f 6399/6399 6342/6342 6344/6344
f 6400/6400 6397/6397 6399/6399
f 6397/6397 6400/6400 3419/3419
f 3422/3422 6398/6398 3419/3419
f 6398/6398 3422/3422 6401/6401
f 6399/6399 6344/6344 6346/6346
f 6402/6402 6400/6400 6399/6399
f 3419/3419 6400/6400 6402/6402
f 6401/6401 3422/3422 6403/6403
f 6402/6402 6399/6399 6404/6404
f 6404/6404 6399/6399 6346/6346
f 3422/3422 3423/3423 6405/6405
f 6403/6403 3422/3422 6405/6405
f 6404/6404 6346/6346 6347/6347
f 6405/6405 3423/3423 6406/6406
f 6407/6407 6406/6406 6408/6408
f 6402/6402 6404/6404 6409/6409
f 3426/3426 6406/6406 3423/3423
f 6410/6410 6404/6404 6347/6347
f 3424/3424 3423/3423 6409/6409
f 3423/3423 3424/3424 3426/3426
f 6409/6409 6404/6404 6410/6410
f 6410/6410 6347/6347 6349/6349
f 3424/3424 6409/6409 6411/6411
f 6412/6412 3424/3424 6411/6411
f 6411/6411 6409/6409 6410/6410
f 6411/6411 6410/6410 6413/6413
f 6413/6413 6410/6410 6349/6349
f 6412/6412 6411/6411 6414/6414
f 6413/6413 6349/6349 6351/6351
f 6415/6415 6411/6411 6413/6413
f 6415/6415 6413/6413 6351/6351
f 6415/6415 6351/6351 6416/6416
f 6416/6416 6351/6351 6353/6353
f 6416/6416 6353/6353 6355/6355
f 6417/6417 6416/6416 6355/6355
f 6417/6417 6355/6355 6418/6418
f 6418/6418 6355/6355 6357/6357
f 6418/6418 6357/6357 6358/6358
f 6418/6418 6358/6358 6359/6359
f 6419/6419 6418/6418 6359/6359
f 6417/6417 6418/6418 6419/6419
f 6419/6419 6359/6359 6420/6420
f 6326/6326 6360/6360 6421/6421
f 6327/6327 6250/6250 6361/6361
f 6363/6363 6253/6253 6422/6422
f 6423/6423 6424/6424 6425/6425
f 6423/6423 6425/6425 6426/6426
f 6422/6422 6253/6253 6427/6427
f 6425/6425 6428/6428 6426/6426
f 6426/6426 6428/6428 6429/6429
f 6429/6429 6428/6428 6364/6364
f 6429/6429 6364/6364 6366/6366
f 6423/6423 6426/6426 6430/6430
f 6430/6430 6426/6426 6429/6429
f 6430/6430 6429/6429 6431/6431
f 6431/6431 6429/6429 6432/6432
f 6432/6432 6429/6429 6366/6366
f 3409/3409 3408/3408 6368/6368
f 6433/6433 6423/6423 6430/6430
f 6427/6427 6434/6434 6435/6435
f 6422/6422 6427/6427 6435/6435
f 6436/6436 6431/6431 6432/6432
f 6433/6433 6430/6430 6437/6437
f 6437/6437 6430/6430 6431/6431
f 6437/6437 6431/6431 6436/6436
f 6432/6432 6366/6366 6375/6375
f 3413/3413 6433/6433 6437/6437
f 6434/6434 6379/6379 6435/6435
f 6435/6435 6379/6379 6438/6438
f 6436/6436 6432/6432 6378/6378
f 6378/6378 6432/6432 6375/6375
f 3413/3413 6437/6437 3414/3414
f 6437/6437 6436/6436 6384/6384
f 6384/6384 6436/6436 6378/6378
f 3414/3414 6437/6437 6384/6384
f 3415/3415 3414/3414 6384/6384
f 6379/6379 6381/6381 6439/6439
f 6438/6438 6379/6379 6439/6439
f 3415/3415 6384/6384 6382/6382
f 6439/6439 6381/6381 6387/6387
f 6439/6439 6387/6387 6389/6389
f 3415/3415 6382/6382 3417/3417
f 6389/6389 6388/6388 6394/6394
f 6394/6394 6395/6395 6440/6440
f 6395/6395 6441/6441 6440/6440
f 6442/6442 6393/6393 6398/6398
f 6440/6440 6441/6441 6443/6443
f 6442/6442 6398/6398 6401/6401
f 6443/6443 6441/6441 6444/6444
f 6444/6444 6445/6445 6443/6443
f 6446/6446 6401/6401 6403/6403
f 6407/6407 6446/6446 6403/6403
f 6407/6407 6403/6403 6405/6405
f 6443/6443 6445/6445 6447/6447
f 6443/6443 6447/6447 6448/6448
f 3423/3423 3419/3419 6402/6402
f 6407/6407 6405/6405 6406/6406
f 6448/6448 6447/6447 6449/6449
f 6408/6408 6406/6406 3426/3426
f 3423/3423 6402/6402 6409/6409
f 3425/3425 6408/6408 3426/3426
f 6449/6449 6450/6450 6448/6448
f 6450/6450 6451/6451 6452/6452
f 6448/6448 6450/6450 6452/6452
f 6451/6451 6453/6453 6452/6452
f 6452/6452 6453/6453 6454/6454
f 6455/6455 6412/6412 6414/6414
f 6456/6456 6455/6455 6414/6414
f 6452/6452 6454/6454 6457/6457
f 6452/6452 6457/6457 6458/6458
f 6459/6459 6456/6456 6414/6414
f 6457/6457 6460/6460 6458/6458
f 6459/6459 6414/6414 6461/6461
f 6414/6414 6411/6411 6461/6461
f 6461/6461 6411/6411 6415/6415
f 6462/6462 6461/6461 6415/6415
f 6459/6459 6461/6461 6462/6462
f 6462/6462 6415/6415 6463/6463
f 6463/6463 6415/6415 6416/6416
f 6464/6464 6459/6459 6462/6462
f 6459/6459 6464/6464 6465/6465
f 6466/6466 6467/6467 6468/6468
f 6463/6463 6416/6416 6417/6417
f 6464/6464 6462/6462 6469/6469
f 6462/6462 6463/6463 6470/6470
f 6469/6469 6462/6462 6470/6470
f 6470/6470 6463/6463 6417/6417
f 6470/6470 6417/6417 6419/6419
f 6471/6471 6464/6464 6469/6469
f 6467/6467 6326/6326 6468/6468
f 6469/6469 6470/6470 6420/6420
f 6470/6470 6419/6419 6420/6420
f 6468/6468 6326/6326 6421/6421
f 6472/6472 6473/6473 6474/6474
f 6475/6475 6327/6327 6361/6361
f 6475/6475 6361/6361 6476/6476
f 6476/6476 6361/6361 6362/6362
f 6477/6477 6363/6363 6422/6422
f 6474/6474 6478/6478 6479/6479
f 6480/6480 6477/6477 6422/6422
f 6480/6480 6422/6422 6435/6435
f 6472/6472 6474/6474 6481/6481
f 6481/6481 6474/6474 6479/6479
f 6482/6482 6472/6472 6481/6481
f 6480/6480 6435/6435 6438/6438
f 6481/6481 6479/6479 6483/6483
f 6484/6484 6480/6480 6438/6438
f 6484/6484 6438/6438 6439/6439
f 6482/6482 6481/6481 6485/6485
f 6485/6485 6481/6481 6483/6483
f 6485/6485 6483/6483 6486/6486
f 6487/6487 6484/6484 6439/6439
f 6487/6487 6439/6439 6389/6389
f 6487/6487 6389/6389 6394/6394
f 6485/6485 6486/6486 6488/6488
f 6489/6489 6487/6487 6394/6394
f 6490/6490 6482/6482 6485/6485
f 6490/6490 6485/6485 6491/6491
f 6491/6491 6485/6485 6488/6488
f 6491/6491 6488/6488 6492/6492
f 6493/6493 6489/6489 6394/6394
f 6493/6493 6394/6394 6440/6440
f 6494/6494 6490/6490 6491/6491
f 6493/6493 6440/6440 6443/6443
f 6494/6494 6491/6491 6495/6495
f 6495/6495 6491/6491 6492/6492
f 6495/6495 6492/6492 6496/6496
f 6497/6497 6493/6493 6443/6443
f 6497/6497 6443/6443 6448/6448
f 6495/6495 6496/6496 6498/6498
f 6499/6499 6500/6500 6501/6501
f 6494/6494 6495/6495 6502/6502
f 6502/6502 6495/6495 6498/6498
f 6503/6503 6494/6494 6502/6502
f 6499/6499 6501/6501 6504/6504
f 6502/6502 6498/6498 6505/6505
f 6506/6506 6499/6499 6504/6504
f 6506/6506 6504/6504 6466/6466
f 6503/6503 6502/6502 6507/6507
f 6507/6507 6502/6502 6505/6505
f 6507/6507 6505/6505 6508/6508
f 6509/6509 6506/6506 6466/6466
f 3441/3441 3440/3440 6510/6510
f 6511/6511 6507/6507 6512/6512
f 6512/6512 6507/6507 6508/6508
f 6512/6512 6508/6508 6513/6513
f 6514/6514 6509/6509 6466/6466
f 6514/6514 6466/6466 6468/6468
f 3432/3432 3441/3441 6515/6515
f 3434/3434 6516/6516 3435/3435
f 6516/6516 6517/6517 3431/3431
f 3435/3435 6516/6516 3431/3431
f 6514/6514 6468/6468 6421/6421
f 3435/3435 3431/3431 3430/3430
# Vertices: 6517, normals: 0, texture coordinates: 6517, faces: 10726

